ccaa;periodo;genero;origen;capa;es_prorroga;estimado;pib_regional_eur;pib_origen;imp_dependencia;imp_discapacidad;imp_diversidad;imp_educacion;imp_empleo;imp_idi;imp_igualdad;imp_salud_mental;imp_sanidad;imp_soberania;imp_total;imp_turismo;imp_vivienda;imp_direccion;pib_dependencia;pib_discapacidad;pib_diversidad;pib_educacion;pib_empleo;pib_idi;pib_igualdad;pib_salud_mental;pib_sanidad;pib_soberania;pib_total;pib_turismo;pib_vivienda;pib_direccion;pibreg_dependencia;pibreg_discapacidad;pibreg_diversidad;pibreg_educacion;pibreg_empleo;pibreg_idi;pibreg_igualdad;pibreg_salud_mental;pibreg_sanidad;pibreg_soberania;pibreg_total;pibreg_turismo;pibreg_vivienda;pibreg_direccion;pc_dependencia;pc_discapacidad;pc_diversidad;pc_educacion;pc_empleo;pc_idi;pc_igualdad;pc_salud_mental;pc_sanidad;pc_soberania;pc_total;pc_turismo;pc_vivienda;pc_direccion;var_dependencia;var_discapacidad;var_diversidad;var_educacion;var_empleo;var_idi;var_igualdad;var_salud_mental;var_sanidad;var_soberania;var_total;var_turismo;var_vivienda;var_direccion
Andalucía;2015;total;real;autonomica;FALSE;FALSE;146406094000,00;real;1094401749,00;132779065,00;2588349,00;6587403880,00;1016655555,00;554563795,00;4045206,00;32430242,00;8388296442,00;2320441753,00;NA;100523803,00;253748413,00;NA;NA;NA;NA;NA;NA;NA;NA;NA;NA;NA;NA;NA;NA;NA;0,7475;0,0907;0,0018;4,4994;0,6944;0,3788;0,0028;0,0222;5,7295;1,5849;NA;0,0687;0,1733;NA;NA;NA;NA;NA;NA;NA;NA;NA;NA;NA;NA;NA;NA;NA;NA;NA;NA;NA;NA;NA;NA;NA;NA;NA;NA;NA;NA;NA
Andalucía;2015;total;real;hacienda;FALSE;FALSE;146406094000,00;real;NA;NA;NA;NA;NA;NA;NA;NA;NA;NA;29626197030;NA;NA;NA;NA;NA;NA;NA;NA;NA;NA;NA;NA;NA;NA;NA;NA;NA;NA;NA;NA;NA;NA;NA;NA;NA;NA;NA;20,2356;NA;NA;NA;NA;NA;NA;NA;NA;NA;NA;NA;NA;NA;NA;NA;NA;NA;NA;NA;NA;NA;NA;NA;NA;NA;NA;NA;NA;NA;NA;NA
Andalucía;2016;total;real;autonomica;FALSE;FALSE;149901897000,00;real;1136809504,00;140170311,00;2764143,00;6808224868,00;555967600,00;651517336,00;4190854,00;34632142,00;8657784983,00;2304635011,00;NA;101687931,00;263048857,00;NA;NA;NA;NA;NA;NA;NA;NA;NA;NA;NA;NA;NA;NA;NA;0,7584;0,0935;0,0018;4,5418;0,3709;0,4346;0,0028;0,0231;5,7756;1,5374;NA;0,0678;0,1755;NA;NA;NA;NA;NA;NA;NA;NA;NA;NA;NA;NA;NA;NA;NA;3,87;5,57;6,79;3,35;-45,31;17,48;3,60;6,79;3,21;-0,68;NA;1,16;3,67;NA
Andalucía;2016;total;real;hacienda;FALSE;FALSE;149901897000,00;real;NA;NA;NA;NA;NA;NA;NA;NA;NA;NA;31290485550;NA;NA;NA;NA;NA;NA;NA;NA;NA;NA;NA;NA;NA;NA;NA;NA;NA;NA;NA;NA;NA;NA;NA;NA;NA;NA;NA;20,8740;NA;NA;NA;NA;NA;NA;NA;NA;NA;NA;NA;NA;NA;NA;NA;NA;NA;NA;NA;NA;NA;NA;NA;NA;NA;NA;NA;5,62;NA;NA;NA
Andalucía;2017;total;real;autonomica;FALSE;FALSE;156789484000,00;real;1164914040,00;143159588,00;3257191,00;7019185001,00;550008487,00;683769226,00;116317661,00;36175436,00;9129970917,00;2090298945,00;NA;116196102,00;335604120,00;NA;NA;NA;NA;NA;NA;NA;NA;NA;NA;NA;NA;NA;NA;NA;0,7430;0,0913;0,0021;4,4768;0,3508;0,4361;0,0742;0,0231;5,8231;1,3332;NA;0,0741;0,2140;NA;NA;NA;NA;NA;NA;NA;NA;NA;NA;NA;NA;NA;NA;NA;2,47;2,13;17,84;3,10;-1,07;4,95;2675,51;4,46;5,45;-9,30;NA;14,27;27,58;NA
Andalucía;2017;total;real;hacienda;FALSE;FALSE;156789484000,00;real;NA;NA;NA;NA;NA;NA;NA;NA;NA;NA;33244588900;NA;NA;NA;NA;NA;NA;NA;NA;NA;NA;NA;NA;NA;NA;NA;NA;NA;NA;NA;NA;NA;NA;NA;NA;NA;NA;NA;21,2033;NA;NA;NA;NA;NA;NA;NA;NA;NA;NA;NA;NA;NA;NA;NA;NA;NA;NA;NA;NA;NA;NA;NA;NA;NA;NA;NA;6,25;NA;NA;NA
Andalucía;2018;total;real;autonomica;FALSE;FALSE;161894301000,00;real;1196024692,00;153480255,00;4917755,00;7329745592,00;549950970,00;734495734,00;118244988,00;38267726,00;9627553896,00;2125288201,00;NA;118724974,00;335848665,00;NA;0,0990;0,0127;0,0004;0,6066;0,0455;0,0608;0,0098;0,0032;0,7968;0,1759;NA;0,0098;0,0278;NA;0,7388;0,0948;0,0030;4,5275;0,3397;0,4537;0,0730;0,0236;5,9468;1,3128;NA;0,0733;0,2074;NA;NA;NA;NA;NA;NA;NA;NA;NA;NA;NA;NA;NA;NA;NA;2,67;7,21;50,98;4,42;-0,01;7,42;1,66;5,78;5,45;1,67;NA;2,18;0,07;NA
Andalucía;2018;total;real;hacienda;FALSE;FALSE;161894301000,00;real;NA;NA;NA;NA;NA;NA;NA;NA;NA;NA;34769245000;NA;NA;NA;NA;NA;NA;NA;NA;NA;NA;NA;NA;NA;2,8777;NA;NA;NA;NA;NA;NA;NA;NA;NA;NA;NA;NA;NA;21,4765;NA;NA;NA;NA;NA;NA;NA;NA;NA;NA;NA;NA;NA;NA;NA;NA;NA;NA;NA;NA;NA;NA;NA;NA;NA;NA;NA;4,59;NA;NA;NA
Andalucía;2019;total;real;autonomica;FALSE;FALSE;166478730000,00;real;1195006504,00;155425426,00;4972084,00;7296321233,00;530179843,00;862871752,00;117675286,00;38229327,00;9613264022,00;2228419323,00;NA;120308062,00;338451933,00;NA;0,0959;0,0125;0,0004;0,5858;0,0426;0,0693;0,0094;0,0031;0,7718;0,1789;NA;0,0097;0,0272;NA;0,7178;0,0934;0,0030;4,3827;0,3185;0,5183;0,0707;0,0230;5,7745;1,3386;NA;0,0723;0,2033;NA;NA;NA;NA;NA;NA;NA;NA;NA;NA;NA;NA;NA;NA;NA;-0,09;1,27;1,10;-0,46;-3,60;17,48;-0,48;-0,10;-0,15;4,85;NA;1,33;0,78;NA
Andalucía;2019;total;real;hacienda;FALSE;FALSE;166478730000,00;real;NA;NA;NA;NA;NA;NA;NA;NA;NA;NA;36500755620;NA;NA;NA;NA;NA;NA;NA;NA;NA;NA;NA;NA;NA;2,9306;NA;NA;NA;NA;NA;NA;NA;NA;NA;NA;NA;NA;NA;21,9252;NA;NA;NA;NA;NA;NA;NA;NA;NA;NA;NA;NA;NA;NA;NA;NA;NA;NA;NA;NA;NA;NA;NA;NA;NA;NA;NA;4,98;NA;NA;NA
Andalucía;2020;total;real;autonomica;FALSE;FALSE;150452909000,00;real;1509239704,00;192851292,00;5499362,00;7887891327,00;1145803823,00;705858590,00;135373478,00;7873415,00;10765885257,00;2577053563,00;NA;136124125,00;318299022,00;NA;0,1337;0,0171;0,0005;0,6985;0,1015;0,0625;0,0120;0,0007;0,9534;0,2282;NA;0,0121;0,0282;NA;1,0031;0,1282;0,0037;5,2428;0,7616;0,4692;0,0900;0,0052;7,1557;1,7129;NA;0,0905;0,2116;NA;NA;NA;NA;NA;NA;NA;NA;NA;NA;NA;NA;NA;NA;NA;26,30;24,08;10,60;8,11;116,12;-18,20;15,04;-79,40;11,99;15,64;NA;13,15;-5,95;NA
Andalucía;2020;total;real;hacienda;FALSE;FALSE;150452909000,00;real;NA;NA;NA;NA;NA;NA;NA;NA;NA;NA;38545964430;NA;NA;NA;NA;NA;NA;NA;NA;NA;NA;NA;NA;NA;3,4135;NA;NA;NA;NA;NA;NA;NA;NA;NA;NA;NA;NA;NA;25,6200;NA;NA;NA;NA;NA;NA;NA;NA;NA;NA;NA;NA;NA;NA;NA;NA;NA;NA;NA;NA;NA;NA;NA;NA;NA;NA;NA;5,60;NA;NA;NA
Andalucía;2021;total;real;autonomica;FALSE;FALSE;166296356000,00;real;1610002176,00;194332129,00;4023798,00;8500803036,00;1245388445,00;433671834,00;140301532,00;31641238,00;11453591430,00;2824012606,00;NA;138375113,00;309672280,00;NA;0,1317;0,0159;0,0003;0,6955;0,1019;0,0355;0,0115;0,0026;0,9371;0,2310;NA;0,0113;0,0253;NA;0,9682;0,1169;0,0024;5,1118;0,7489;0,2608;0,0844;0,0190;6,8875;1,6982;NA;0,0832;0,1862;NA;NA;NA;NA;NA;NA;NA;NA;NA;NA;NA;NA;NA;NA;NA;6,68;0,77;-26,83;7,77;8,69;-38,56;3,64;301,87;6,39;9,58;NA;1,65;-2,71;NA
Andalucía;2021;total;real;hacienda;FALSE;FALSE;166296356000,00;real;NA;NA;NA;NA;NA;NA;NA;NA;NA;NA;40188042630;NA;NA;NA;NA;NA;NA;NA;NA;NA;NA;NA;NA;NA;3,2879;NA;NA;NA;NA;NA;NA;NA;NA;NA;NA;NA;NA;NA;24,1665;NA;NA;NA;NA;NA;NA;NA;NA;NA;NA;NA;NA;NA;NA;NA;NA;NA;NA;NA;NA;NA;NA;NA;NA;NA;NA;NA;4,26;NA;NA;NA
Andalucía;2022;total;real;autonomica;FALSE;FALSE;184364390000,00;real;1762584911,00;203115125,00;3741220,00;8744579745,00;929484859,00;278322080,00;161160733,00;32325730,00;12214500940,00;2822716779,00;NA;158420836,00;246777546,00;NA;0,1283;0,0148;0,0003;0,6366;0,0677;0,0203;0,0117;0,0024;0,8892;0,2055;NA;0,0115;0,0180;NA;0,9560;0,1102;0,0020;4,7431;0,5042;0,1510;0,0874;0,0175;6,6252;1,5311;NA;0,0859;0,1339;NA;NA;NA;NA;NA;NA;NA;NA;NA;NA;NA;NA;NA;NA;NA;9,48;4,52;-7,02;2,87;-25,37;-35,82;14,87;2,16;6,64;-0,05;NA;14,49;-20,31;NA
Andalucía;2022;total;real;hacienda;FALSE;FALSE;184364390000,00;real;NA;NA;NA;NA;NA;NA;NA;NA;NA;NA;40401786880;NA;NA;NA;NA;NA;NA;NA;NA;NA;NA;NA;NA;NA;2,9412;NA;NA;NA;NA;NA;NA;NA;NA;NA;NA;NA;NA;NA;21,9141;NA;NA;NA;NA;NA;NA;NA;NA;NA;NA;NA;NA;NA;NA;NA;NA;NA;NA;NA;NA;NA;NA;NA;NA;NA;NA;NA;0,53;NA;NA;NA
Andalucía;2023;total;real;autonomica;FALSE;FALSE;199406067000,00;real;2041969111,00;222481616,00;10579800,00;8808586626,00;696433298,00;359531438,00;2327667,00;33167180,00;13644937026,00;2459663807,00;NA;198628819,00;418602732,00;NA;0,1363;0,0148;0,0007;0,5879;0,0465;0,0240;0,0002;0,0022;0,9107;0,1642;NA;0,0133;0,0279;NA;1,0240;0,1116;0,0053;4,4174;0,3493;0,1803;0,0012;0,0166;6,8428;1,2335;NA;0,0996;0,2099;NA;NA;NA;NA;NA;NA;NA;NA;NA;NA;NA;NA;NA;NA;NA;15,85;9,53;182,79;0,73;-25,07;29,18;-98,56;2,60;11,71;-12,86;NA;25,38;69,63;NA
Andalucía;2023;total;real;hacienda;FALSE;FALSE;199406067000,00;real;NA;NA;NA;NA;NA;NA;NA;NA;NA;NA;45603830860;NA;NA;NA;NA;NA;NA;NA;NA;NA;NA;NA;NA;NA;3,0437;NA;NA;NA;NA;NA;NA;NA;NA;NA;NA;NA;NA;NA;22,8698;NA;NA;NA;NA;NA;NA;NA;NA;NA;NA;NA;NA;NA;NA;NA;NA;NA;NA;NA;NA;NA;NA;NA;NA;NA;NA;NA;12,88;NA;NA;NA
Andalucía;2024;total;real;autonomica;FALSE;FALSE;212359142000,00;real;2229589384,00;252376683,00;10622729,00;9319094156,00;781223880,00;362235848,00;2309609,00;33795836,00;14055560408,00;2596558672,00;NA;177174289,00;448235300,00;NA;0,1401;0,0159;0,0007;0,5855;0,0491;0,0228;0,0001;0,0021;0,8831;0,1631;NA;0,0111;0,0282;NA;1,0499;0,1188;0,0050;4,3884;0,3679;0,1706;0,0011;0,0159;6,6188;1,2227;NA;0,0834;0,2111;NA;258,31;29,24;1,23;1079,65;90,51;41,97;0,27;3,92;1628,39;300,82;NA;20,53;51,93;NA;9,19;13,44;0,41;5,80;12,17;0,75;-0,78;1,90;3,01;5,57;NA;-10,80;7,08;NA
Andalucía;2024;total;real;hacienda;FALSE;FALSE;212359142000,00;real;NA;NA;NA;NA;NA;NA;NA;NA;NA;NA;46753227860;NA;NA;NA;NA;NA;NA;NA;NA;NA;NA;NA;NA;NA;2,9375;NA;NA;NA;NA;NA;NA;NA;NA;NA;NA;NA;NA;NA;22,0161;NA;NA;NA;NA;NA;NA;NA;NA;NA;NA;NA;NA;NA;5416,54;NA;NA;NA;NA;NA;NA;NA;NA;NA;NA;NA;NA;NA;2,52;NA;NA;NA
Andalucía;2025;total;real;autonomica;FALSE;FALSE;222116470593,18;proyeccion;2616898816,00;265377200,00;10872167,00;9693334966,00;781206513,00;443415578,00;2721054,00;33157283,00;15041542563,00;2628577595,00;NA;146517976,00;488873782,00;NA;0,1588;0,0161;0,0007;0,5882;0,0474;0,0269;0,0002;0,0020;0,9127;0,1595;NA;0,0089;0,0297;NA;1,1782;0,1195;0,0049;4,3641;0,3517;0,1996;0,0012;0,0149;6,7719;1,1834;NA;0,0660;0,2201;NA;301,04;30,53;1,25;1115,07;89,87;51,01;0,31;3,81;1730,31;302,38;NA;16,85;56,24;NA;17,37;5,15;2,35;4,02;0,00;22,41;17,81;-1,89;7,01;1,23;NA;-17,30;9,07;NA
Andalucía;2025;total;real;hacienda;FALSE;FALSE;222116470593,18;proyeccion;NA;NA;NA;NA;NA;NA;NA;NA;NA;NA;48871600760;NA;NA;NA;NA;NA;NA;NA;NA;NA;NA;NA;NA;NA;2,9655;NA;NA;NA;NA;NA;NA;NA;NA;NA;NA;NA;NA;NA;22,0027;NA;NA;NA;NA;NA;NA;NA;NA;NA;NA;NA;NA;NA;5621,95;NA;NA;NA;NA;NA;NA;NA;NA;NA;NA;NA;NA;NA;4,53;NA;NA;NA
Andalucía;2026;total;real;autonomica;FALSE;FALSE;235169103530,32;proyeccion;2913064494,00;268836077,00;10709103,00;9998482040,00;782050538,00;471728406,00;1971376,00;36381544,00;15950811279,00;2480509786,00;NA;160831101,00;719346413,00;NA;0,1713;0,0158;0,0006;0,5878;0,0460;0,0277;0,0001;0,0021;0,9377;0,1458;NA;0,0095;0,0423;NA;1,2387;0,1143;0,0046;4,2516;0,3325;0,2006;0,0008;0,0155;6,7827;1,0548;NA;0,0684;0,3059;NA;332,73;30,71;1,22;1142,03;89,33;53,88;0,23;4,16;1821,91;283,32;NA;18,37;82,16;NA;11,32;1,30;-1,50;3,15;0,11;6,39;-27,55;9,72;6,05;-5,63;NA;9,77;47,14;NA
Aragón;2015;total;real;autonomica;FALSE;FALSE;33265930000,00;real;NA;NA;NA;879551896,15;94153669,39;57787366,51;3180941,00;NA;1604436847,39;647905750,07;NA;12905535,98;74547890,45;3005653,19;NA;NA;NA;NA;NA;NA;NA;NA;NA;NA;NA;NA;NA;NA;NA;NA;NA;2,6440;0,2830;0,1737;0,0096;NA;4,8231;1,9477;NA;0,0388;0,2241;0,0090;NA;NA;NA;NA;NA;NA;NA;NA;NA;NA;NA;NA;NA;NA;NA;NA;NA;NA;NA;NA;NA;NA;NA;NA;NA;NA;NA;NA
Aragón;2015;total;real;hacienda;FALSE;FALSE;33265930000,00;real;NA;NA;NA;NA;NA;NA;NA;NA;NA;NA;5254454310;NA;NA;NA;NA;NA;NA;NA;NA;NA;NA;NA;NA;NA;NA;NA;NA;NA;NA;NA;NA;NA;NA;NA;NA;NA;NA;NA;15,7953;NA;NA;NA;NA;NA;NA;NA;NA;NA;NA;NA;NA;NA;NA;NA;NA;NA;NA;NA;NA;NA;NA;NA;NA;NA;NA;NA;NA;NA;NA;NA
Aragón;2016;total;real;autonomica;FALSE;FALSE;34542128000,00;real;NA;NA;1058000,00;958476678,66;94381995,21;51572792,27;3359366,65;NA;1806281338,66;630995481,22;NA;23325995,03;18502778,26;2384364,71;NA;NA;NA;NA;NA;NA;NA;NA;NA;NA;NA;NA;NA;NA;NA;NA;0,0031;2,7748;0,2732;0,1493;0,0097;NA;5,2292;1,8267;NA;0,0675;0,0536;0,0069;NA;NA;NA;NA;NA;NA;NA;NA;NA;NA;NA;NA;NA;NA;NA;NA;NA;8,97;0,24;-10,75;5,61;NA;12,58;-2,61;NA;80,74;-75,18;-20,67
Aragón;2016;total;real;hacienda;FALSE;FALSE;34542128000,00;real;NA;NA;NA;NA;NA;NA;NA;NA;NA;NA;5129958000;NA;NA;NA;NA;NA;NA;NA;NA;NA;NA;NA;NA;NA;NA;NA;NA;NA;NA;NA;NA;NA;NA;NA;NA;NA;NA;NA;14,8513;NA;NA;NA;NA;NA;NA;NA;NA;NA;NA;NA;NA;NA;NA;NA;NA;NA;NA;NA;NA;NA;NA;NA;NA;NA;NA;NA;-2,37;NA;NA;NA
Aragón;2017;total;real;autonomica;FALSE;FALSE;35983544000,00;real;NA;NA;1337482,01;1040672901,92;106674129,99;78976928,70;3863624,08;NA;1903124002,60;635474223,88;NA;15327007,66;35198225,63;2170971,69;NA;NA;NA;NA;NA;NA;NA;NA;NA;NA;NA;NA;NA;NA;NA;NA;0,0037;2,8921;0,2965;0,2195;0,0107;NA;5,2889;1,7660;NA;0,0426;0,0978;0,0060;NA;NA;NA;NA;NA;NA;NA;NA;NA;NA;NA;NA;NA;NA;NA;NA;26,42;8,58;13,02;53,14;15,01;NA;5,36;0,71;NA;-34,29;90,23;-8,95
Aragón;2017;total;real;hacienda;FALSE;FALSE;35983544000,00;real;NA;NA;NA;NA;NA;NA;NA;NA;NA;NA;5577164930;NA;NA;NA;NA;NA;NA;NA;NA;NA;NA;NA;NA;NA;NA;NA;NA;NA;NA;NA;NA;NA;NA;NA;NA;NA;NA;NA;15,4992;NA;NA;NA;NA;NA;NA;NA;NA;NA;NA;NA;NA;NA;NA;NA;NA;NA;NA;NA;NA;NA;NA;NA;NA;NA;NA;NA;8,72;NA;NA;NA
Aragón;2018;total;real;autonomica;FALSE;FALSE;37213896000,00;real;NA;NA;1618733,44;1090322967,47;117165149,06;83677198,63;4194067,17;NA;2006052857,97;642673404,76;NA;13489707,07;39953112,30;2204455,39;NA;NA;0,0001;0,0902;0,0097;0,0069;0,0003;NA;0,1660;0,0532;NA;0,0011;0,0033;0,0002;NA;NA;0,0043;2,9299;0,3148;0,2249;0,0113;NA;5,3906;1,7270;NA;0,0362;0,1074;0,0059;NA;NA;NA;NA;NA;NA;NA;NA;NA;NA;NA;NA;NA;NA;NA;NA;21,03;4,77;9,83;5,95;8,55;NA;5,41;1,13;NA;-11,99;13,51;1,54
Aragón;2018;total;real;hacienda;FALSE;FALSE;37213896000,00;real;NA;NA;NA;NA;NA;NA;NA;NA;NA;NA;6162313660;NA;NA;NA;NA;NA;NA;NA;NA;NA;NA;NA;NA;NA;0,5100;NA;NA;NA;NA;NA;NA;NA;NA;NA;NA;NA;NA;NA;16,5592;NA;NA;NA;NA;NA;NA;NA;NA;NA;NA;NA;NA;NA;NA;NA;NA;NA;NA;NA;NA;NA;NA;NA;NA;NA;NA;NA;10,49;NA;NA;NA
Aragón;2019;total;real;autonomica;FALSE;FALSE;38465053000,00;real;NA;NA;1618733,44;1090322967,47;117165149,06;83677198,63;4194067,17;NA;2006052857,97;642673404,76;NA;13489707,07;39953112,30;2204455,39;NA;NA;0,0001;0,0875;0,0094;0,0067;0,0003;NA;0,1611;0,0516;NA;0,0011;0,0032;0,0002;NA;NA;0,0042;2,8346;0,3046;0,2175;0,0109;NA;5,2153;1,6708;NA;0,0351;0,1039;0,0057;NA;NA;NA;NA;NA;NA;NA;NA;NA;NA;NA;NA;NA;NA;NA;NA;0,00;0,00;0,00;0,00;0,00;NA;0,00;0,00;NA;0,00;0,00;0,00
Aragón;2019;total;real;hacienda;FALSE;FALSE;38465053000,00;real;NA;NA;NA;NA;NA;NA;NA;NA;NA;NA;6162313660;NA;NA;NA;NA;NA;NA;NA;NA;NA;NA;NA;NA;NA;0,4948;NA;NA;NA;NA;NA;NA;NA;NA;NA;NA;NA;NA;NA;16,0206;NA;NA;NA;NA;NA;NA;NA;NA;NA;NA;NA;NA;NA;NA;NA;NA;NA;NA;NA;NA;NA;NA;NA;NA;NA;NA;NA;0,00;NA;NA;NA
Aragón;2020;total;real;autonomica;FALSE;FALSE;35955571000,00;real;NA;NA;1511098,44;1182200938,26;120644675,71;71350539,72;6276132,64;NA;2078641796,21;651857327,27;NA;10810854,19;42982028,47;2472932,30;NA;NA;0,0001;0,1047;0,0107;0,0063;0,0006;NA;0,1841;0,0577;NA;0,0010;0,0038;0,0002;NA;NA;0,0042;3,2879;0,3355;0,1984;0,0175;NA;5,7811;1,8130;NA;0,0301;0,1195;0,0069;NA;NA;NA;NA;NA;NA;NA;NA;NA;NA;NA;NA;NA;NA;NA;NA;-6,65;8,43;2,97;-14,73;49,64;NA;3,62;1,43;NA;-19,86;7,58;12,18
Aragón;2020;total;real;hacienda;FALSE;FALSE;35955571000,00;real;NA;NA;NA;NA;NA;NA;NA;NA;NA;NA;6466530740;NA;NA;NA;NA;NA;NA;NA;NA;NA;NA;NA;NA;NA;0,5727;NA;NA;NA;NA;NA;NA;NA;NA;NA;NA;NA;NA;NA;17,9848;NA;NA;NA;NA;NA;NA;NA;NA;NA;NA;NA;NA;NA;NA;NA;NA;NA;NA;NA;NA;NA;NA;NA;NA;NA;NA;NA;4,94;NA;NA;NA
Aragón;2021;total;real;autonomica;FALSE;FALSE;38782157000,00;real;NA;NA;1564164,85;1294794240,56;128587723,21;87919449,35;6176132,64;NA;2366554012,07;673945493,13;NA;14163993,16;48846602,79;2510993,47;NA;NA;0,0001;0,1059;0,0105;0,0072;0,0005;NA;0,1936;0,0551;NA;0,0012;0,0040;0,0002;NA;NA;0,0040;3,3386;0,3316;0,2267;0,0159;NA;6,1022;1,7378;NA;0,0365;0,1260;0,0065;NA;NA;NA;NA;NA;NA;NA;NA;NA;NA;NA;NA;NA;NA;NA;NA;3,51;9,52;6,58;23,22;-1,59;NA;13,85;3,39;NA;31,02;13,64;1,54
Aragón;2021;total;real;hacienda;FALSE;FALSE;38782157000,00;real;NA;NA;NA;NA;NA;NA;NA;NA;NA;NA;7454031860;NA;NA;NA;NA;NA;NA;NA;NA;NA;NA;NA;NA;NA;0,6098;NA;NA;NA;NA;NA;NA;NA;NA;NA;NA;NA;NA;NA;19,2203;NA;NA;NA;NA;NA;NA;NA;NA;NA;NA;NA;NA;NA;NA;NA;NA;NA;NA;NA;NA;NA;NA;NA;NA;NA;NA;NA;15,27;NA;NA;NA
Aragón;2022;total;real;autonomica;FALSE;FALSE;43668835000,00;real;NA;NA;1558190,69;1311647998,15;126175339,25;78952584,61;9184305,35;NA;2250319676,63;689552472,38;NA;30748157,19;51683921,83;2521554,55;NA;NA;0,0001;0,0955;0,0092;0,0057;0,0007;NA;0,1638;0,0502;NA;0,0022;0,0038;0,0002;NA;NA;0,0036;3,0036;0,2889;0,1808;0,0210;NA;5,1531;1,5790;NA;0,0704;0,1184;0,0058;NA;NA;NA;NA;NA;NA;NA;NA;NA;NA;NA;NA;NA;NA;NA;NA;-0,38;1,30;-1,88;-10,20;48,71;NA;-4,91;2,32;NA;117,09;5,81;0,42
Aragón;2022;total;real;hacienda;FALSE;FALSE;43668835000,00;real;NA;NA;NA;NA;NA;NA;NA;NA;NA;NA;7443845670;NA;NA;NA;NA;NA;NA;NA;NA;NA;NA;NA;NA;NA;0,5419;NA;NA;NA;NA;NA;NA;NA;NA;NA;NA;NA;NA;NA;17,0461;NA;NA;NA;NA;NA;NA;NA;NA;NA;NA;NA;NA;NA;NA;NA;NA;NA;NA;NA;NA;NA;NA;NA;NA;NA;NA;NA;-0,14;NA;NA;NA
Aragón;2023;total;real;autonomica;FALSE;FALSE;46778120000,00;real;NA;NA;1588071,16;1373141920,04;160280811,92;79775764,20;8254418,05;NA;2557966487,72;715069103,18;NA;52714982,67;101296832,15;2768333,96;NA;NA;0,0001;0,0916;0,0107;0,0053;0,0006;NA;0,1707;0,0477;NA;0,0035;0,0068;0,0002;NA;NA;0,0034;2,9354;0,3426;0,1705;0,0176;NA;5,4683;1,5286;NA;0,1127;0,2165;0,0059;NA;NA;NA;NA;NA;NA;NA;NA;NA;NA;NA;NA;NA;NA;NA;NA;1,92;4,69;27,03;1,04;-10,12;NA;13,67;3,70;NA;71,44;95,99;9,79
Aragón;2023;total;real;hacienda;FALSE;FALSE;46778120000,00;real;NA;NA;NA;NA;NA;NA;NA;NA;NA;NA;8249589670;NA;NA;NA;NA;NA;NA;NA;NA;NA;NA;NA;NA;NA;0,5506;NA;NA;NA;NA;NA;NA;NA;NA;NA;NA;NA;NA;NA;17,6356;NA;NA;NA;NA;NA;NA;NA;NA;NA;NA;NA;NA;NA;NA;NA;NA;NA;NA;NA;NA;NA;NA;NA;NA;NA;NA;NA;10,82;NA;NA;NA
Aragón;2024;total;real;autonomica;FALSE;TRUE;49634925000,00;real;NA;NA;1758175,87;1519817440,43;168897467,37;77187951,69;16225351,40;16110911,37;2771994758,83;735047604,45;NA;88996832,54;53876320,97;2861117,89;NA;NA;0,0001;0,0955;0,0106;0,0048;0,0010;0,0010;0,1742;0,0462;NA;0,0056;0,0034;0,0002;NA;NA;0,0035;3,0620;0,3403;0,1555;0,0327;0,0325;5,5848;1,4809;NA;0,1793;0,1085;0,0058;NA;NA;1,31;1128,89;125,45;57,33;12,05;11,97;2058,98;545,98;NA;66,11;40,02;2,13;NA;NA;10,71;10,68;5,38;-3,24;96,57;NA;8,37;2,79;NA;68,83;-46,81;3,35
Aragón;2024;total;real;hacienda;FALSE;FALSE;49634925000,00;real;NA;NA;NA;NA;NA;NA;NA;NA;NA;NA;8546300920;NA;NA;NA;NA;NA;NA;NA;NA;NA;NA;NA;NA;NA;0,5370;NA;NA;NA;NA;NA;NA;NA;NA;NA;NA;NA;NA;NA;17,2183;NA;NA;NA;NA;NA;NA;NA;NA;NA;NA;NA;NA;NA;6348,02;NA;NA;NA;NA;NA;NA;NA;NA;NA;NA;NA;NA;NA;3,60;NA;NA;NA
Aragón;2025;total;real;autonomica;FALSE;TRUE;51706151620,83;proyeccion;NA;NA;1758175,87;1519817440,43;168897467,37;77187951,69;16225351,40;16110911,37;2771994758,83;735047604,45;NA;88996832,54;53876320,97;2861117,89;NA;NA;0,0001;0,0922;0,0102;0,0047;0,0010;0,0010;0,1682;0,0446;NA;0,0054;0,0033;0,0002;NA;NA;0,0034;2,9393;0,3266;0,1493;0,0314;0,0312;5,3611;1,4216;NA;0,1721;0,1042;0,0055;NA;NA;1,30;1124,13;124,92;57,09;12,00;11,92;2050,29;543,67;NA;65,83;39,85;2,12;NA;NA;0,00;0,00;0,00;0,00;0,00;0,00;0,00;0,00;NA;0,00;0,00;0,00
Aragón;2025;total;real;hacienda;FALSE;FALSE;51706151620,83;proyeccion;NA;NA;NA;NA;NA;NA;NA;NA;NA;NA;8546300920;NA;NA;NA;NA;NA;NA;NA;NA;NA;NA;NA;NA;NA;0,5186;NA;NA;NA;NA;NA;NA;NA;NA;NA;NA;NA;NA;NA;16,5286;NA;NA;NA;NA;NA;NA;NA;NA;NA;NA;NA;NA;NA;6321,23;NA;NA;NA;NA;NA;NA;NA;NA;NA;NA;NA;NA;NA;0,00;NA;NA;NA
Aragón;2026;total;real;autonomica;FALSE;TRUE;54956583155,78;proyeccion;NA;NA;1758175,87;1519817440,43;168897467,37;77187951,69;16225351,40;16110911,37;2771994758,83;735047604,45;NA;88996832,54;53876320,97;2861117,89;NA;NA;0,0001;0,0893;0,0099;0,0045;0,0010;0,0009;0,1630;0,0432;NA;0,0052;0,0032;0,0002;NA;NA;0,0032;2,7655;0,3073;0,1405;0,0295;0,0293;5,0440;1,3375;NA;0,1619;0,0980;0,0052;NA;NA;1,29;1119,16;124,37;56,84;11,95;11,86;2041,23;541,27;NA;65,54;39,67;2,11;NA;NA;0,00;0,00;0,00;0,00;0,00;0,00;0,00;0,00;NA;0,00;0,00;0,00
Canarias;2015;total;real;autonomica;FALSE;FALSE;39636569000,00;real;132896162,00;48724495,00;1261000,00;1513863136,00;90600439,00;82052180,00;6818684,00;NA;2459743096,00;55114206,00;NA;47655904,00;58073671,00;12350493,00;NA;NA;NA;NA;NA;NA;NA;NA;NA;NA;NA;NA;NA;NA;0,3353;0,1229;0,0032;3,8194;0,2286;0,2070;0,0172;NA;6,2057;0,1390;NA;0,1202;0,1465;0,0312;NA;NA;NA;NA;NA;NA;NA;NA;NA;NA;NA;NA;NA;NA;NA;NA;NA;NA;NA;NA;NA;NA;NA;NA;NA;NA;NA;NA
Canarias;2015;total;real;hacienda;FALSE;FALSE;39636569000,00;real;NA;NA;NA;NA;NA;NA;NA;NA;NA;NA;6901411560;NA;NA;NA;NA;NA;NA;NA;NA;NA;NA;NA;NA;NA;NA;NA;NA;NA;NA;NA;NA;NA;NA;NA;NA;NA;NA;NA;17,4117;NA;NA;NA;NA;NA;NA;NA;NA;NA;NA;NA;NA;NA;NA;NA;NA;NA;NA;NA;NA;NA;NA;NA;NA;NA;NA;NA;NA;NA;NA;NA
Canarias;2016;total;real;autonomica;FALSE;FALSE;40979670000,00;real;143405273,00;48636101,00;1511250,00;1521043552,00;67197270,00;69970661,00;7088723,00;NA;2495715117,00;60478490,00;NA;52724724,00;56909628,00;15487547,00;NA;NA;NA;NA;NA;NA;NA;NA;NA;NA;NA;NA;NA;NA;0,3499;0,1187;0,0037;3,7117;0,1640;0,1707;0,0173;NA;6,0901;0,1476;NA;0,1287;0,1389;0,0378;NA;NA;NA;NA;NA;NA;NA;NA;NA;NA;NA;NA;NA;NA;7,91;-0,18;19,85;0,47;-25,83;-14,72;3,96;NA;1,46;9,73;NA;10,64;-2,00;25,40
Canarias;2016;total;real;hacienda;FALSE;FALSE;40979670000,00;real;NA;NA;NA;NA;NA;NA;NA;NA;NA;NA;7264829300;NA;NA;NA;NA;NA;NA;NA;NA;NA;NA;NA;NA;NA;NA;NA;NA;NA;NA;NA;NA;NA;NA;NA;NA;NA;NA;NA;17,7279;NA;NA;NA;NA;NA;NA;NA;NA;NA;NA;NA;NA;NA;NA;NA;NA;NA;NA;NA;NA;NA;NA;NA;NA;NA;NA;NA;5,27;NA;NA;NA
Canarias;2017;total;real;autonomica;FALSE;FALSE;43035839000,00;real;157033480,00;50215994,00;1576250,00;1563618246,00;64567875,00;50868847,00;7813732,00;NA;2556566464,00;66258575,00;NA;52861263,00;74279189,00;16763340,00;NA;NA;NA;NA;NA;NA;NA;NA;NA;NA;NA;NA;NA;NA;0,3649;0,1167;0,0037;3,6333;0,1500;0,1182;0,0182;NA;5,9406;0,1540;NA;0,1228;0,1726;0,0390;NA;NA;NA;NA;NA;NA;NA;NA;NA;NA;NA;NA;NA;NA;9,50;3,25;4,30;2,80;-3,91;-27,30;10,23;NA;2,44;9,56;NA;0,26;30,52;8,24
Canarias;2017;total;real;hacienda;FALSE;FALSE;43035839000,00;real;NA;NA;NA;NA;NA;NA;NA;NA;NA;NA;7339187980;NA;NA;NA;NA;NA;NA;NA;NA;NA;NA;NA;NA;NA;NA;NA;NA;NA;NA;NA;NA;NA;NA;NA;NA;NA;NA;NA;17,0537;NA;NA;NA;NA;NA;NA;NA;NA;NA;NA;NA;NA;NA;NA;NA;NA;NA;NA;NA;NA;NA;NA;NA;NA;NA;NA;NA;1,02;NA;NA;NA
Canarias;2018;total;real;autonomica;FALSE;FALSE;44609266000,00;real;202912218,00;52459748,00;1836250,00;1664736166,00;64810392,00;42445674,00;8889380,00;NA;2739535209,00;72187990,00;NA;58797690,00;89630513,00;17799301,00;0,0168;0,0043;0,0002;0,1378;0,0054;0,0035;0,0007;NA;0,2267;0,0060;NA;0,0049;0,0074;0,0015;0,4549;0,1176;0,0041;3,7318;0,1453;0,0951;0,0199;NA;6,1412;0,1618;NA;0,1318;0,2009;0,0399;NA;NA;NA;NA;NA;NA;NA;NA;NA;NA;NA;NA;NA;NA;29,22;4,47;16,49;6,47;0,38;-16,56;13,77;NA;7,16;8,95;NA;11,23;20,67;6,18
Canarias;2018;total;real;hacienda;FALSE;FALSE;44609266000,00;real;NA;NA;NA;NA;NA;NA;NA;NA;NA;NA;8272992460;NA;NA;NA;NA;NA;NA;NA;NA;NA;NA;NA;NA;NA;0,6847;NA;NA;NA;NA;NA;NA;NA;NA;NA;NA;NA;NA;NA;18,5455;NA;NA;NA;NA;NA;NA;NA;NA;NA;NA;NA;NA;NA;NA;NA;NA;NA;NA;NA;NA;NA;NA;NA;NA;NA;NA;NA;12,72;NA;NA;NA
Canarias;2019;total;real;autonomica;FALSE;FALSE;45766832000,00;real;257526731,00;64537608,00;1941250,00;1734250398,00;84268994,00;48074715,00;9768621,00;NA;2832787821,00;81466630,00;NA;74724169,00;125977817,00;22801339,00;0,0207;0,0052;0,0002;0,1392;0,0068;0,0039;0,0008;NA;0,2274;0,0065;NA;0,0060;0,0101;0,0018;0,5627;0,1410;0,0042;3,7893;0,1841;0,1050;0,0213;NA;6,1896;0,1780;NA;0,1633;0,2753;0,0498;NA;NA;NA;NA;NA;NA;NA;NA;NA;NA;NA;NA;NA;NA;26,92;23,02;5,72;4,18;30,02;13,26;9,89;NA;3,40;12,85;NA;27,09;40,55;28,10
Canarias;2019;total;real;hacienda;FALSE;FALSE;45766832000,00;real;NA;NA;NA;NA;NA;NA;NA;NA;NA;NA;8833481410;NA;NA;NA;NA;NA;NA;NA;NA;NA;NA;NA;NA;NA;0,7092;NA;NA;NA;NA;NA;NA;NA;NA;NA;NA;NA;NA;NA;19,3011;NA;NA;NA;NA;NA;NA;NA;NA;NA;NA;NA;NA;NA;NA;NA;NA;NA;NA;NA;NA;NA;NA;NA;NA;NA;NA;NA;6,77;NA;NA;NA
Canarias;2020;total;real;autonomica;FALSE;FALSE;37587399000,00;real;266517815,00;68168451,00;3154250,00;1854289572,00;85890300,00;54723072,00;10777717,00;NA;2970650193,00;91123442,00;NA;80111061,00;124680843,00;19647333,00;0,0236;0,0060;0,0003;0,1642;0,0076;0,0048;0,0010;NA;0,2631;0,0081;NA;0,0071;0,0110;0,0017;0,7091;0,1814;0,0084;4,9333;0,2285;0,1456;0,0287;NA;7,9033;0,2424;NA;0,2131;0,3317;0,0523;NA;NA;NA;NA;NA;NA;NA;NA;NA;NA;NA;NA;NA;NA;3,49;5,63;62,49;6,92;1,92;13,83;10,33;NA;4,87;11,85;NA;7,21;-1,03;-13,83
Canarias;2020;total;real;hacienda;FALSE;FALSE;37587399000,00;real;NA;NA;NA;NA;NA;NA;NA;NA;NA;NA;9603397680;NA;NA;NA;NA;NA;NA;NA;NA;NA;NA;NA;NA;NA;0,8504;NA;NA;NA;NA;NA;NA;NA;NA;NA;NA;NA;NA;NA;25,5495;NA;NA;NA;NA;NA;NA;NA;NA;NA;NA;NA;NA;NA;NA;NA;NA;NA;NA;NA;NA;NA;NA;NA;NA;NA;NA;NA;8,72;NA;NA;NA
Canarias;2021;total;real;autonomica;FALSE;FALSE;41407275000,00;real;278835673,00;74284157,00;4251626,00;1951014528,00;85836504,00;47283119,00;11873307,00;NA;3088468435,00;97222642,00;NA;95382995,00;151405173,00;21541690,00;0,0228;0,0061;0,0003;0,1596;0,0070;0,0039;0,0010;NA;0,2527;0,0080;NA;0,0078;0,0124;0,0018;0,6734;0,1794;0,0103;4,7118;0,2073;0,1142;0,0287;NA;7,4588;0,2348;NA;0,2304;0,3656;0,0520;NA;NA;NA;NA;NA;NA;NA;NA;NA;NA;NA;NA;NA;NA;4,62;8,97;34,79;5,22;-0,06;-13,60;10,17;NA;3,97;6,69;NA;19,06;21,43;9,64
Canarias;2021;total;real;hacienda;FALSE;FALSE;41407275000,00;real;NA;NA;NA;NA;NA;NA;NA;NA;NA;NA;9531472040;NA;NA;NA;NA;NA;NA;NA;NA;NA;NA;NA;NA;NA;0,7798;NA;NA;NA;NA;NA;NA;NA;NA;NA;NA;NA;NA;NA;23,0188;NA;NA;NA;NA;NA;NA;NA;NA;NA;NA;NA;NA;NA;NA;NA;NA;NA;NA;NA;NA;NA;NA;NA;NA;NA;NA;NA;-0,75;NA;NA;NA
Canarias;2022;total;real;autonomica;FALSE;FALSE;48908196000,00;real;300562419,00;82192719,00;4687276,00;2099974847,00;91338493,00;58640520,00;12663329,00;NA;3225421670,00;122367315,00;NA;104769217,00;163995638,00;25173153,00;0,0219;0,0060;0,0003;0,1529;0,0066;0,0043;0,0009;NA;0,2348;0,0089;NA;0,0076;0,0119;0,0018;0,6145;0,1681;0,0096;4,2937;0,1868;0,1199;0,0259;NA;6,5948;0,2502;NA;0,2142;0,3353;0,0515;NA;NA;NA;NA;NA;NA;NA;NA;NA;NA;NA;NA;NA;NA;7,79;10,65;10,25;7,64;6,41;24,02;6,65;NA;4,43;25,86;NA;9,84;8,32;16,86
Canarias;2022;total;real;hacienda;FALSE;FALSE;48908196000,00;real;NA;NA;NA;NA;NA;NA;NA;NA;NA;NA;9973597450;NA;NA;NA;NA;NA;NA;NA;NA;NA;NA;NA;NA;NA;0,7261;NA;NA;NA;NA;NA;NA;NA;NA;NA;NA;NA;NA;NA;20,3925;NA;NA;NA;NA;NA;NA;NA;NA;NA;NA;NA;NA;NA;NA;NA;NA;NA;NA;NA;NA;NA;NA;NA;NA;NA;NA;NA;4,64;NA;NA;NA
Canarias;2023;total;real;autonomica;FALSE;FALSE;53990089000,00;real;348663128,00;82125662,00;5887276,00;2275406200,00;113622080,00;75998230,00;12837703,00;NA;3575652999,00;142858532,00;NA;127704086,00;200807166,00;24576670,00;0,0233;0,0055;0,0004;0,1519;0,0076;0,0051;0,0009;NA;0,2386;0,0095;NA;0,0085;0,0134;0,0016;0,6458;0,1521;0,0109;4,2145;0,2104;0,1408;0,0238;NA;6,6228;0,2646;NA;0,2365;0,3719;0,0455;NA;NA;NA;NA;NA;NA;NA;NA;NA;NA;NA;NA;NA;NA;16,00;-0,08;25,60;8,35;24,40;29,60;1,38;NA;10,86;16,75;NA;21,89;22,45;-2,37
Canarias;2023;total;real;hacienda;FALSE;FALSE;53990089000,00;real;NA;NA;NA;NA;NA;NA;NA;NA;NA;NA;11059201620;NA;NA;NA;NA;NA;NA;NA;NA;NA;NA;NA;NA;NA;0,7381;NA;NA;NA;NA;NA;NA;NA;NA;NA;NA;NA;NA;NA;20,4838;NA;NA;NA;NA;NA;NA;NA;NA;NA;NA;NA;NA;NA;NA;NA;NA;NA;NA;NA;NA;NA;NA;NA;NA;NA;NA;NA;10,88;NA;NA;NA
Canarias;2024;total;real;autonomica;FALSE;FALSE;58144618000,00;real;379252645,00;81486916,00;4554614,00;2368752325,00;93117329,00;95074319,00;13414120,00;NA;4108181841,00;118713832,00;NA;131144302,00;166171055,00;30926843,00;0,0238;0,0051;0,0003;0,1488;0,0059;0,0060;0,0008;NA;0,2581;0,0075;NA;0,0082;0,0104;0,0019;0,6523;0,1401;0,0078;4,0739;0,1601;0,1635;0,0231;NA;7,0655;0,2042;NA;0,2255;0,2858;0,0532;171,37;36,82;2,06;1070,37;42,08;42,96;6,06;NA;1856,37;53,64;NA;59,26;75,09;13,97;8,77;-0,78;-22,64;4,10;-18,05;25,10;4,49;NA;14,89;-16,90;NA;2,69;-17,25;25,84
Canarias;2024;total;real;hacienda;FALSE;FALSE;58144618000,00;real;NA;NA;NA;NA;NA;NA;NA;NA;NA;NA;11970645250;NA;NA;NA;NA;NA;NA;NA;NA;NA;NA;NA;NA;NA;0,7521;NA;NA;NA;NA;NA;NA;NA;NA;NA;NA;NA;NA;NA;20,5877;NA;NA;NA;NA;NA;NA;NA;NA;NA;NA;NA;NA;NA;5409,20;NA;NA;NA;NA;NA;NA;NA;NA;NA;NA;NA;NA;NA;8,24;NA;NA;NA
Canarias;2025;total;real;autonomica;FALSE;FALSE;61062044154,20;proyeccion;415940040,00;83043244,00;4828638,00;2438484346,00;97655020,00;88664354,00;13631088,00;NA;4308657056,00;119247851,00;NA;134487265,00;187328703,00;32402518,00;0,0252;0,0050;0,0003;0,1480;0,0059;0,0054;0,0008;NA;0,2614;0,0072;NA;0,0082;0,0114;0,0020;0,6812;0,1360;0,0079;3,9935;0,1599;0,1452;0,0223;NA;7,0562;0,1953;NA;0,2202;0,3068;0,0531;186,52;37,24;2,17;1093,49;43,79;39,76;6,11;NA;1932,13;53,47;NA;60,31;84,00;14,53;9,67;1,91;6,02;2,94;4,87;-6,74;1,62;NA;4,88;0,45;NA;2,55;12,73;4,77
Canarias;2025;total;real;hacienda;FALSE;FALSE;61062044154,20;proyeccion;NA;NA;NA;NA;NA;NA;NA;NA;NA;NA;12342736470;NA;NA;NA;NA;NA;NA;NA;NA;NA;NA;NA;NA;NA;0,7490;NA;NA;NA;NA;NA;NA;NA;NA;NA;NA;NA;NA;NA;20,2134;NA;NA;NA;NA;NA;NA;NA;NA;NA;NA;NA;NA;NA;5534,86;NA;NA;NA;NA;NA;NA;NA;NA;NA;NA;NA;NA;NA;3,11;NA;NA;NA
Canarias;2026;total;real;autonomica;FALSE;FALSE;65715780772,60;proyeccion;478357792,00;86685508,00;6911270,00;2606326700,00;96610923,00;79698924,00;14672962,00;NA;4542045217,00;130679861,00;NA;154797203,00;211833521,00;33601026,00;0,0281;0,0051;0,0004;0,1532;0,0057;0,0047;0,0009;NA;0,2670;0,0077;NA;0,0091;0,0125;0,0020;0,7279;0,1319;0,0105;3,9661;0,1470;0,1213;0,0223;NA;6,9117;0,1989;NA;0,2356;0,3223;0,0511;213,08;38,61;3,08;1160,95;43,03;35,50;6,54;NA;2023,18;58,21;NA;68,95;94,36;14,97;15,01;4,39;43,13;6,88;-1,07;-10,11;7,64;NA;5,42;9,59;NA;15,10;13,08;3,70
Cantabria;2015;total;real;autonomica;FALSE;TRUE;12443843000,00;real;138925482,00;10838358,00;NA;513386490,00;107341952,00;24662333,00;1517729,00;7154009,00;813671798,00;21049003,00;NA;12882424,00;25322423,00;1855297,00;NA;NA;NA;NA;NA;NA;NA;NA;NA;NA;NA;NA;NA;NA;1,1164;0,0871;NA;4,1256;0,8626;0,1982;0,0122;0,0575;6,5388;0,1692;NA;0,1035;0,2035;0,0149;NA;NA;NA;NA;NA;NA;NA;NA;NA;NA;NA;NA;NA;NA;NA;NA;NA;NA;NA;NA;NA;NA;NA;NA;NA;NA;NA;NA
Cantabria;2015;total;real;hacienda;FALSE;FALSE;12443843000,00;real;NA;NA;NA;NA;NA;NA;NA;NA;NA;NA;2500549880;NA;NA;NA;NA;NA;NA;NA;NA;NA;NA;NA;NA;NA;NA;NA;NA;NA;NA;NA;NA;NA;NA;NA;NA;NA;NA;NA;20,0947;NA;NA;NA;NA;NA;NA;NA;NA;NA;NA;NA;NA;NA;NA;NA;NA;NA;NA;NA;NA;NA;NA;NA;NA;NA;NA;NA;NA;NA;NA;NA
Cantabria;2016;total;real;autonomica;FALSE;TRUE;12833899000,00;real;139664656,00;11437096,00;NA;536376717,00;108622841,00;14337798,00;1706773,00;6168598,00;831449140,00;19203374,00;NA;14829474,00;27862476,00;1857507,00;NA;NA;NA;NA;NA;NA;NA;NA;NA;NA;NA;NA;NA;NA;1,0882;0,0891;NA;4,1794;0,8464;0,1117;0,0133;0,0481;6,4785;0,1496;NA;0,1155;0,2171;0,0145;NA;NA;NA;NA;NA;NA;NA;NA;NA;NA;NA;NA;NA;NA;0,53;5,52;NA;4,48;1,19;-41,86;12,46;-13,77;2,18;-8,77;NA;15,11;10,03;0,12
Cantabria;2016;total;real;hacienda;FALSE;FALSE;12833899000,00;real;NA;NA;NA;NA;NA;NA;NA;NA;NA;NA;2465472870;NA;NA;NA;NA;NA;NA;NA;NA;NA;NA;NA;NA;NA;NA;NA;NA;NA;NA;NA;NA;NA;NA;NA;NA;NA;NA;NA;19,2106;NA;NA;NA;NA;NA;NA;NA;NA;NA;NA;NA;NA;NA;NA;NA;NA;NA;NA;NA;NA;NA;NA;NA;NA;NA;NA;NA;-1,40;NA;NA;NA
Cantabria;2017;total;real;autonomica;FALSE;TRUE;13318023000,00;real;134204538,00;11881158,00;NA;552223348,00;105980816,00;19000371,00;1765645,00;8129154,00;852348270,00;20301447,00;NA;21292996,00;28287681,00;1953093,00;NA;NA;NA;NA;NA;NA;NA;NA;NA;NA;NA;NA;NA;NA;1,0077;0,0892;NA;4,1464;0,7958;0,1427;0,0133;0,0610;6,4000;0,1524;NA;0,1599;0,2124;0,0147;NA;NA;NA;NA;NA;NA;NA;NA;NA;NA;NA;NA;NA;NA;-3,91;3,88;NA;2,95;-2,43;32,52;3,45;31,78;2,51;5,72;NA;43,59;1,53;5,15
Cantabria;2017;total;real;hacienda;FALSE;FALSE;13318023000,00;real;NA;NA;NA;NA;NA;NA;NA;NA;NA;NA;2602893960;NA;NA;NA;NA;NA;NA;NA;NA;NA;NA;NA;NA;NA;NA;NA;NA;NA;NA;NA;NA;NA;NA;NA;NA;NA;NA;NA;19,5441;NA;NA;NA;NA;NA;NA;NA;NA;NA;NA;NA;NA;NA;NA;NA;NA;NA;NA;NA;NA;NA;NA;NA;NA;NA;NA;NA;5,57;NA;NA;NA
Cantabria;2018;total;real;autonomica;FALSE;FALSE;13843935000,00;real;134832316,00;12600670,00;NA;587781378,00;110416013,00;19497531,00;1855723,00;NA;870665092,00;21045344,00;NA;23477508,00;29846073,00;1974781,00;0,0112;0,0010;NA;0,0486;0,0091;0,0016;0,0002;NA;0,0721;0,0017;NA;0,0019;0,0025;0,0002;0,9739;0,0910;NA;4,2458;0,7976;0,1408;0,0134;NA;6,2891;0,1520;NA;0,1696;0,2156;0,0143;NA;NA;NA;NA;NA;NA;NA;NA;NA;NA;NA;NA;NA;NA;0,47;6,06;NA;6,44;4,18;2,62;5,10;NA;2,15;3,66;NA;10,26;5,51;1,11
Cantabria;2018;total;real;hacienda;FALSE;FALSE;13843935000,00;real;NA;NA;NA;NA;NA;NA;NA;NA;NA;NA;2730974340;NA;NA;NA;NA;NA;NA;NA;NA;NA;NA;NA;NA;NA;0,2260;NA;NA;NA;NA;NA;NA;NA;NA;NA;NA;NA;NA;NA;19,7269;NA;NA;NA;NA;NA;NA;NA;NA;NA;NA;NA;NA;NA;NA;NA;NA;NA;NA;NA;NA;NA;NA;NA;NA;NA;NA;NA;4,92;NA;NA;NA
Cantabria;2019;total;real;autonomica;FALSE;FALSE;14274351000,00;real;136947079,00;14629432,00;NA;612600404,00;112345707,00;20481355,00;3413851,00;NA;894106775,00;21241225,00;NA;23631802,00;30841472,00;1912806,00;0,0110;0,0012;NA;0,0492;0,0090;0,0016;0,0003;NA;0,0718;0,0017;NA;0,0019;0,0025;0,0002;0,9594;0,1025;NA;4,2916;0,7870;0,1435;0,0239;NA;6,2637;0,1488;NA;0,1656;0,2161;0,0134;NA;NA;NA;NA;NA;NA;NA;NA;NA;NA;NA;NA;NA;NA;1,57;16,10;NA;4,22;1,75;5,05;83,96;NA;2,69;0,93;NA;0,66;3,34;-3,14
Cantabria;2019;total;real;hacienda;FALSE;FALSE;14274351000,00;real;NA;NA;NA;NA;NA;NA;NA;NA;NA;NA;2853763310;NA;NA;NA;NA;NA;NA;NA;NA;NA;NA;NA;NA;NA;0,2291;NA;NA;NA;NA;NA;NA;NA;NA;NA;NA;NA;NA;NA;19,9922;NA;NA;NA;NA;NA;NA;NA;NA;NA;NA;NA;NA;NA;NA;NA;NA;NA;NA;NA;NA;NA;NA;NA;NA;NA;NA;NA;4,50;NA;NA;NA
Cantabria;2020;total;real;autonomica;FALSE;FALSE;12991241000,00;real;144411558,00;14529632,00;NA;581071798,00;101865279,00;42743819,00;10164005,00;NA;952686411,00;15567926,00;NA;23569169,00;41805547,00;8702338,00;0,0128;0,0013;NA;0,0515;0,0090;0,0038;0,0009;NA;0,0844;0,0014;NA;0,0021;0,0037;0,0008;1,1116;0,1118;NA;4,4728;0,7841;0,3290;0,0782;NA;7,3333;0,1198;NA;0,1814;0,3218;0,0670;NA;NA;NA;NA;NA;NA;NA;NA;NA;NA;NA;NA;NA;NA;5,45;-0,68;NA;-5,15;-9,33;108,70;197,73;NA;6,55;-26,71;NA;-0,27;35,55;354,95
Cantabria;2020;total;real;hacienda;FALSE;FALSE;12991241000,00;real;NA;NA;NA;NA;NA;NA;NA;NA;NA;NA;2888232610;NA;NA;NA;NA;NA;NA;NA;NA;NA;NA;NA;NA;NA;0,2558;NA;NA;NA;NA;NA;NA;NA;NA;NA;NA;NA;NA;NA;22,2322;NA;NA;NA;NA;NA;NA;NA;NA;NA;NA;NA;NA;NA;NA;NA;NA;NA;NA;NA;NA;NA;NA;NA;NA;NA;NA;NA;1,21;NA;NA;NA
Cantabria;2021;total;real;autonomica;FALSE;FALSE;14206538000,00;real;150775265,00;14412201,00;NA;612286337,00;103698258,00;42967168,00;9017657,00;NA;1031448121,00;16947571,00;NA;26230083,00;44586274,00;8705210,00;0,0123;0,0012;NA;0,0501;0,0085;0,0035;0,0007;NA;0,0844;0,0014;NA;0,0021;0,0036;0,0007;1,0613;0,1014;NA;4,3099;0,7299;0,3024;0,0635;NA;7,2604;0,1193;NA;0,1846;0,3138;0,0613;NA;NA;NA;NA;NA;NA;NA;NA;NA;NA;NA;NA;NA;NA;4,41;-0,81;NA;5,37;1,80;0,52;-11,28;NA;8,27;8,86;NA;11,29;6,65;0,03
Cantabria;2021;total;real;hacienda;FALSE;FALSE;14206538000,00;real;NA;NA;NA;NA;NA;NA;NA;NA;NA;NA;3078036790;NA;NA;NA;NA;NA;NA;NA;NA;NA;NA;NA;NA;NA;0,2518;NA;NA;NA;NA;NA;NA;NA;NA;NA;NA;NA;NA;NA;21,6663;NA;NA;NA;NA;NA;NA;NA;NA;NA;NA;NA;NA;NA;NA;NA;NA;NA;NA;NA;NA;NA;NA;NA;NA;NA;NA;NA;6,57;NA;NA;NA
Cantabria;2022;total;real;autonomica;FALSE;FALSE;15557155000,00;real;154836701,00;14222435,00;NA;633984499,00;103942441,00;49656475,00;8832976,00;NA;1041181743,00;16873139,00;NA;26907677,00;26705133,00;9166814,00;0,0113;0,0010;NA;0,0462;0,0076;0,0036;0,0006;NA;0,0758;0,0012;NA;0,0020;0,0019;0,0007;0,9953;0,0914;NA;4,0752;0,6681;0,3192;0,0568;NA;6,6926;0,1085;NA;0,1730;0,1717;0,0589;NA;NA;NA;NA;NA;NA;NA;NA;NA;NA;NA;NA;NA;NA;2,69;-1,32;NA;3,54;0,24;15,57;-2,05;NA;0,94;-0,44;NA;2,58;-40,10;5,30
Cantabria;2022;total;real;hacienda;FALSE;FALSE;15557155000,00;real;NA;NA;NA;NA;NA;NA;NA;NA;NA;NA;3342636840;NA;NA;NA;NA;NA;NA;NA;NA;NA;NA;NA;NA;NA;0,2433;NA;NA;NA;NA;NA;NA;NA;NA;NA;NA;NA;NA;NA;21,4862;NA;NA;NA;NA;NA;NA;NA;NA;NA;NA;NA;NA;NA;NA;NA;NA;NA;NA;NA;NA;NA;NA;NA;NA;NA;NA;NA;8,60;NA;NA;NA
Cantabria;2023;total;real;autonomica;FALSE;FALSE;16740663000,00;real;170767283,00;15296220,00;NA;686857723,00;106262018,00;51590872,00;11844900,00;NA;1099328181,00;17829646,00;NA;32559773,00;30474540,00;8799351,00;0,0114;0,0010;NA;0,0458;0,0071;0,0034;0,0008;NA;0,0734;0,0012;NA;0,0022;0,0020;0,0006;1,0201;0,0914;NA;4,1029;0,6348;0,3082;0,0708;NA;6,5668;0,1065;NA;0,1945;0,1820;0,0526;NA;NA;NA;NA;NA;NA;NA;NA;NA;NA;NA;NA;NA;NA;10,29;7,55;NA;8,34;2,23;3,90;34,10;NA;5,58;5,67;NA;21,01;14,11;-4,01
Cantabria;2023;total;real;hacienda;FALSE;FALSE;16740663000,00;real;NA;NA;NA;NA;NA;NA;NA;NA;NA;NA;3507353710;NA;NA;NA;NA;NA;NA;NA;NA;NA;NA;NA;NA;NA;0,2341;NA;NA;NA;NA;NA;NA;NA;NA;NA;NA;NA;NA;NA;20,9511;NA;NA;NA;NA;NA;NA;NA;NA;NA;NA;NA;NA;NA;NA;NA;NA;NA;NA;NA;NA;NA;NA;NA;NA;NA;NA;NA;4,93;NA;NA;NA
Cantabria;2024;total;real;autonomica;FALSE;FALSE;17700122000,00;real;182382497,00;14475355,00;NA;723842463,00;108749736,00;49604154,00;7522267,00;NA;1168051162,00;17980803,00;NA;30145610,00;30836033,00;7068889,00;0,0115;0,0009;NA;0,0455;0,0068;0,0031;0,0005;NA;0,0734;0,0011;NA;0,0019;0,0019;0,0004;1,0304;0,0818;NA;4,0895;0,6144;0,2802;0,0425;NA;6,5991;0,1016;NA;0,1703;0,1742;0,0399;310,35;24,63;NA;1231,71;185,05;84,41;12,80;NA;1987,59;30,60;NA;51,30;52,47;12,03;6,80;-5,37;NA;5,38;2,34;-3,85;-36,49;NA;6,25;0,85;NA;-7,41;1,19;-19,67
Cantabria;2024;total;real;hacienda;FALSE;FALSE;17700122000,00;real;NA;NA;NA;NA;NA;NA;NA;NA;NA;NA;3547667860;NA;NA;NA;NA;NA;NA;NA;NA;NA;NA;NA;NA;NA;0,2229;NA;NA;NA;NA;NA;NA;NA;NA;NA;NA;NA;NA;NA;20,0432;NA;NA;NA;NA;NA;NA;NA;NA;NA;NA;NA;NA;NA;6036,82;NA;NA;NA;NA;NA;NA;NA;NA;NA;NA;NA;NA;NA;1,15;NA;NA;NA
Cantabria;2025;total;real;autonomica;FALSE;FALSE;18399077585,32;proyeccion;191340914,00;17077855,00;NA;746611006,00;112749736,00;77307482,00;7690961,00;NA;1240702721,00;17790064,00;NA;29686481,00;31611589,00;7324587,00;0,0116;0,0010;NA;0,0453;0,0068;0,0047;0,0005;NA;0,0753;0,0011;NA;0,0018;0,0019;0,0004;1,0399;0,0928;NA;4,0579;0,6128;0,4202;0,0418;NA;6,7433;0,0967;NA;0,1613;0,1718;0,0398;324,86;28,99;NA;1267,59;191,43;131,25;13,06;NA;2106,46;30,20;NA;50,40;53,67;12,44;4,91;17,98;NA;3,15;3,68;55,85;2,24;NA;6,22;-1,06;NA;-1,52;2,52;3,62
Cantabria;2025;total;real;hacienda;FALSE;FALSE;18399077585,32;proyeccion;NA;NA;NA;NA;NA;NA;NA;NA;NA;NA;3755661620;NA;NA;NA;NA;NA;NA;NA;NA;NA;NA;NA;NA;NA;0,2279;NA;NA;NA;NA;NA;NA;NA;NA;NA;NA;NA;NA;NA;20,4122;NA;NA;NA;NA;NA;NA;NA;NA;NA;NA;NA;NA;NA;6376,34;NA;NA;NA;NA;NA;NA;NA;NA;NA;NA;NA;NA;NA;5,86;NA;NA;NA
Cantabria;2026;total;real;autonomica;FALSE;FALSE;19638827481,91;proyeccion;211628366,00;19250355,00;NA;793193442,00;112749736,00;83491279,00;8259262,00;NA;1341857644,00;19247162,00;NA;29209446,00;46014536,00;7555911,00;0,0124;0,0011;NA;0,0466;0,0066;0,0049;0,0005;NA;0,0789;0,0011;NA;0,0017;0,0027;0,0004;1,0776;0,0980;NA;4,0389;0,5741;0,4251;0,0421;NA;6,8327;0,0980;NA;0,1487;0,2343;0,0385;358,69;32,63;NA;1344,40;191,10;141,51;14,00;NA;2274,33;32,62;NA;49,51;77,99;12,81;10,60;12,72;NA;6,24;0,00;8,00;7,39;NA;8,15;8,19;NA;-1,61;45,56;3,16
Castilla y León;2015;total;real;autonomica;FALSE;FALSE;53183396000,00;real;611784431,00;128871699,00;5598719,00;2094966245,00;248945164,00;178457014,00;13276250,00;8314980,00;3252486438,00;1443880658,00;NA;38973762,00;135785844,00;1098791,00;NA;NA;NA;NA;NA;NA;NA;NA;NA;NA;NA;NA;NA;NA;1,1503;0,2423;0,0105;3,9391;0,4681;0,3356;0,0250;0,0156;6,1156;2,7149;NA;0,0733;0,2553;0,0021;NA;NA;NA;NA;NA;NA;NA;NA;NA;NA;NA;NA;NA;NA;NA;NA;NA;NA;NA;NA;NA;NA;NA;NA;NA;NA;NA;NA
Castilla y León;2015;total;real;hacienda;FALSE;FALSE;53183396000,00;real;NA;NA;NA;NA;NA;NA;NA;NA;NA;NA;9920811750;NA;NA;NA;NA;NA;NA;NA;NA;NA;NA;NA;NA;NA;NA;NA;NA;NA;NA;NA;NA;NA;NA;NA;NA;NA;NA;NA;18,6540;NA;NA;NA;NA;NA;NA;NA;NA;NA;NA;NA;NA;NA;NA;NA;NA;NA;NA;NA;NA;NA;NA;NA;NA;NA;NA;NA;NA;NA;NA;NA
Castilla y León;2016;total;real;autonomica;FALSE;FALSE;54630532000,00;real;618898555,00;130292035,00;5728341,00;2015501372,00;264604359,00;166951996,00;7458583,00;8325168,00;3285027920,00;1318536495,00;NA;22460969,00;145271044,00;1100523,00;NA;NA;NA;NA;NA;NA;NA;NA;NA;NA;NA;NA;NA;NA;1,1329;0,2385;0,0105;3,6893;0,4844;0,3056;0,0137;0,0152;6,0132;2,4136;NA;0,0411;0,2659;0,0020;NA;NA;NA;NA;NA;NA;NA;NA;NA;NA;NA;NA;NA;NA;1,16;1,10;2,32;-3,79;6,29;-6,45;-43,82;0,12;1,00;-8,68;NA;-42,37;6,99;0,16
Castilla y León;2016;total;real;hacienda;FALSE;FALSE;54630532000,00;real;NA;NA;NA;NA;NA;NA;NA;NA;NA;NA;9843699240;NA;NA;NA;NA;NA;NA;NA;NA;NA;NA;NA;NA;NA;NA;NA;NA;NA;NA;NA;NA;NA;NA;NA;NA;NA;NA;NA;18,0187;NA;NA;NA;NA;NA;NA;NA;NA;NA;NA;NA;NA;NA;NA;NA;NA;NA;NA;NA;NA;NA;NA;NA;NA;NA;NA;NA;-0,78;NA;NA;NA
Castilla y León;2017;total;real;autonomica;FALSE;FALSE;55879293000,00;real;661201402,00;135944676,00;5818726,00;2172387431,00;292720497,00;224628906,00;8015947,00;8722181,00;3446716392,00;1346493414,00;NA;23983830,00;152388567,00;1031150,00;NA;NA;NA;NA;NA;NA;NA;NA;NA;NA;NA;NA;NA;NA;1,1833;0,2433;0,0104;3,8876;0,5238;0,4020;0,0143;0,0156;6,1681;2,4096;NA;0,0429;0,2727;0,0018;NA;NA;NA;NA;NA;NA;NA;NA;NA;NA;NA;NA;NA;NA;6,84;4,34;1,58;7,78;10,63;34,55;7,47;4,77;4,92;2,12;NA;6,78;4,90;-6,30
Castilla y León;2017;total;real;hacienda;FALSE;FALSE;55879293000,00;real;NA;NA;NA;NA;NA;NA;NA;NA;NA;NA;10293186360;NA;NA;NA;NA;NA;NA;NA;NA;NA;NA;NA;NA;NA;NA;NA;NA;NA;NA;NA;NA;NA;NA;NA;NA;NA;NA;NA;18,4204;NA;NA;NA;NA;NA;NA;NA;NA;NA;NA;NA;NA;NA;NA;NA;NA;NA;NA;NA;NA;NA;NA;NA;NA;NA;NA;NA;4,57;NA;NA;NA
Castilla y León;2018;total;real;autonomica;FALSE;FALSE;58326859000,00;real;696811366,00;140093908,00;5949666,00;2145638780,00;304469214,00;242182633,00;8537700,00;8978860,00;3544930466,00;1382181385,00;NA;25339532,00;166810280,00;986574,00;0,0577;0,0116;0,0005;0,1776;0,0252;0,0200;0,0007;0,0007;0,2934;0,1144;NA;0,0021;0,0138;0,0001;1,1947;0,2402;0,0102;3,6786;0,5220;0,4152;0,0146;0,0154;6,0777;2,3697;NA;0,0434;0,2860;0,0017;NA;NA;NA;NA;NA;NA;NA;NA;NA;NA;NA;NA;NA;NA;5,39;3,05;2,25;-1,23;4,01;7,81;6,51;2,94;2,85;2,65;NA;5,65;9,46;-4,32
Castilla y León;2018;total;real;hacienda;FALSE;FALSE;58326859000,00;real;NA;NA;NA;NA;NA;NA;NA;NA;NA;NA;10859218620;NA;NA;NA;NA;NA;NA;NA;NA;NA;NA;NA;NA;NA;0,8988;NA;NA;NA;NA;NA;NA;NA;NA;NA;NA;NA;NA;NA;18,6179;NA;NA;NA;NA;NA;NA;NA;NA;NA;NA;NA;NA;NA;NA;NA;NA;NA;NA;NA;NA;NA;NA;NA;NA;NA;NA;NA;5,50;NA;NA;NA
Castilla y León;2019;total;real;autonomica;TRUE;FALSE;59649198000,00;real;696811366,00;140093908,00;5949666,00;2145638780,00;304469214,00;242182633,00;8537700,00;8978860,00;3544930466,00;1382181385,00;NA;25339532,00;166810280,00;986574,00;0,0559;0,0112;0,0005;0,1723;0,0244;0,0194;0,0007;0,0007;0,2846;0,1110;NA;0,0020;0,0134;0,0001;1,1682;0,2349;0,0100;3,5971;0,5104;0,4060;0,0143;0,0151;5,9430;2,3172;NA;0,0425;0,2797;0,0017;NA;NA;NA;NA;NA;NA;NA;NA;NA;NA;NA;NA;NA;NA;0,00;0,00;0,00;0,00;0,00;0,00;0,00;0,00;0,00;0,00;NA;0,00;0,00;0,00
Castilla y León;2019;total;real;hacienda;FALSE;FALSE;59649198000,00;real;NA;NA;NA;NA;NA;NA;NA;NA;NA;NA;10784981500;NA;NA;NA;NA;NA;NA;NA;NA;NA;NA;NA;NA;NA;0,8659;NA;NA;NA;NA;NA;NA;NA;NA;NA;NA;NA;NA;NA;18,0807;NA;NA;NA;NA;NA;NA;NA;NA;NA;NA;NA;NA;NA;NA;NA;NA;NA;NA;NA;NA;NA;NA;NA;NA;NA;NA;NA;-0,68;NA;NA;NA
Castilla y León;2020;total;real;autonomica;TRUE;FALSE;54794589000,00;real;696811366,00;140093908,00;5949666,00;2145638780,00;304469214,00;242182633,00;8537700,00;8978860,00;3544930466,00;1382181385,00;NA;25339532,00;166810280,00;986574,00;0,0617;0,0124;0,0005;0,1900;0,0270;0,0214;0,0008;0,0008;0,3139;0,1224;NA;0,0022;0,0148;0,0001;1,2717;0,2557;0,0109;3,9158;0,5557;0,4420;0,0156;0,0164;6,4695;2,5225;NA;0,0462;0,3044;0,0018;NA;NA;NA;NA;NA;NA;NA;NA;NA;NA;NA;NA;NA;NA;0,00;0,00;0,00;0,00;0,00;0,00;0,00;0,00;0,00;0,00;NA;0,00;0,00;0,00
Castilla y León;2020;total;real;hacienda;FALSE;FALSE;54794589000,00;real;NA;NA;NA;NA;NA;NA;NA;NA;NA;NA;10752614220;NA;NA;NA;NA;NA;NA;NA;NA;NA;NA;NA;NA;NA;0,9522;NA;NA;NA;NA;NA;NA;NA;NA;NA;NA;NA;NA;NA;19,6235;NA;NA;NA;NA;NA;NA;NA;NA;NA;NA;NA;NA;NA;NA;NA;NA;NA;NA;NA;NA;NA;NA;NA;NA;NA;NA;NA;-0,30;NA;NA;NA
Castilla y León;2021;total;real;autonomica;FALSE;FALSE;59465900000,00;real;744737627,00;172600101,00;7047038,00;2452586140,00;344456453,00;303237083,00;10835846,00;10261322,00;4316967631,00;1419449800,00;NA;29882122,00;173261426,00;1649097,00;0,0609;0,0141;0,0006;0,2007;0,0282;0,0248;0,0009;0,0008;0,3532;0,1161;NA;0,0024;0,0142;0,0001;1,2524;0,2903;0,0119;4,1244;0,5793;0,5099;0,0182;0,0173;7,2596;2,3870;NA;0,0503;0,2914;0,0028;NA;NA;NA;NA;NA;NA;NA;NA;NA;NA;NA;NA;NA;NA;6,88;23,20;18,44;14,31;13,13;25,21;26,92;14,28;21,78;2,70;NA;17,93;3,87;67,15
Castilla y León;2021;total;real;hacienda;FALSE;FALSE;59465900000,00;real;NA;NA;NA;NA;NA;NA;NA;NA;NA;NA;12291444520;NA;NA;NA;NA;NA;NA;NA;NA;NA;NA;NA;NA;NA;1,0056;NA;NA;NA;NA;NA;NA;NA;NA;NA;NA;NA;NA;NA;20,6697;NA;NA;NA;NA;NA;NA;NA;NA;NA;NA;NA;NA;NA;NA;NA;NA;NA;NA;NA;NA;NA;NA;NA;NA;NA;NA;NA;14,31;NA;NA;NA
Castilla y León;2022;total;real;autonomica;TRUE;FALSE;65467208000,00;real;744737627,00;172600101,00;7047038,00;2452586140,00;344456453,00;303237083,00;10835846,00;10261322,00;4316967631,00;1419449800,00;NA;29882122,00;173261426,00;1649097,00;0,0542;0,0126;0,0005;0,1785;0,0251;0,0221;0,0008;0,0007;0,3143;0,1033;NA;0,0022;0,0126;0,0001;1,1376;0,2636;0,0108;3,7463;0,5262;0,4632;0,0166;0,0157;6,5941;2,1682;NA;0,0456;0,2647;0,0025;NA;NA;NA;NA;NA;NA;NA;NA;NA;NA;NA;NA;NA;NA;0,00;0,00;0,00;0,00;0,00;0,00;0,00;0,00;0,00;0,00;NA;0,00;0,00;0,00
Castilla y León;2022;total;real;hacienda;FALSE;FALSE;65467208000,00;real;NA;NA;NA;NA;NA;NA;NA;NA;NA;NA;12291444520;NA;NA;NA;NA;NA;NA;NA;NA;NA;NA;NA;NA;NA;0,8948;NA;NA;NA;NA;NA;NA;NA;NA;NA;NA;NA;NA;NA;18,7750;NA;NA;NA;NA;NA;NA;NA;NA;NA;NA;NA;NA;NA;NA;NA;NA;NA;NA;NA;NA;NA;NA;NA;NA;NA;NA;NA;0,00;NA;NA;NA
Castilla y León;2023;total;real;autonomica;FALSE;FALSE;69893920000,00;real;865314063,00;191657715,00;8476266,00;2735035519,00;426628015,00;438440387,00;11886698,00;10306603,00;4690046743,00;1460955044,00;NA;85235574,00;249148898,00;3087311,00;0,0578;0,0128;0,0006;0,1825;0,0285;0,0293;0,0008;0,0007;0,3130;0,0975;NA;0,0057;0,0166;0,0002;1,2380;0,2742;0,0121;3,9131;0,6104;0,6273;0,0170;0,0147;6,7102;2,0902;NA;0,1219;0,3565;0,0044;NA;NA;NA;NA;NA;NA;NA;NA;NA;NA;NA;NA;NA;NA;16,19;11,04;20,28;11,52;23,86;44,59;9,70;0,44;8,64;2,92;NA;185,24;43,80;87,21
Castilla y León;2023;total;real;hacienda;FALSE;FALSE;69893920000,00;real;NA;NA;NA;NA;NA;NA;NA;NA;NA;NA;13809836900;NA;NA;NA;NA;NA;NA;NA;NA;NA;NA;NA;NA;NA;0,9217;NA;NA;NA;NA;NA;NA;NA;NA;NA;NA;NA;NA;NA;19,7583;NA;NA;NA;NA;NA;NA;NA;NA;NA;NA;NA;NA;NA;NA;NA;NA;NA;NA;NA;NA;NA;NA;NA;NA;NA;NA;NA;12,35;NA;NA;NA
Castilla y León;2024;total;real;autonomica;FALSE;FALSE;73992645000,00;real;950482061,00;204458058,00;9008511,00;2865004829,00;436913059,00;379187952,00;14842204,00;12633520,00;4812765002,00;1497089801,00;NA;61329866,00;244456073,00;3368729,00;0,0597;0,0128;0,0006;0,1800;0,0275;0,0238;0,0009;0,0008;0,3024;0,0941;NA;0,0039;0,0154;0,0002;1,2846;0,2763;0,0122;3,8720;0,5905;0,5125;0,0201;0,0171;6,5044;2,0233;NA;0,0829;0,3304;0,0046;398,84;85,79;3,78;1202,20;183,34;159,11;6,23;5,30;2019,51;628,20;NA;25,73;102,58;1,41;9,84;6,68;6,28;4,75;2,41;-13,51;24,86;22,58;2,62;2,47;NA;-28,05;-1,88;9,12
Castilla y León;2024;total;real;hacienda;FALSE;FALSE;73992645000,00;real;NA;NA;NA;NA;NA;NA;NA;NA;NA;NA;14562494140;NA;NA;NA;NA;NA;NA;NA;NA;NA;NA;NA;NA;NA;0,9149;NA;NA;NA;NA;NA;NA;NA;NA;NA;NA;NA;NA;NA;19,6810;NA;NA;NA;NA;NA;NA;NA;NA;NA;NA;NA;NA;NA;6110,64;NA;NA;NA;NA;NA;NA;NA;NA;NA;NA;NA;NA;NA;5,45;NA;NA;NA
Castilla y León;2025;total;real;autonomica;FALSE;FALSE;77233592986,80;proyeccion;950482061,00;204458058,00;9008511,00;2865004829,00;436913059,00;379187952,00;14842204,00;12633520,00;4812765002,00;1497089801,00;NA;61329866,00;244456073,00;1836823,00;0,0577;0,0124;0,0005;0,1738;0,0265;0,0230;0,0009;0,0008;0,2920;0,0908;NA;0,0037;0,0148;0,0001;1,2307;0,2647;0,0117;3,7095;0,5657;0,4910;0,0192;0,0164;6,2314;1,9384;NA;0,0794;0,3165;0,0024;399,36;85,91;3,79;1203,78;183,58;159,32;6,24;5,31;2022,17;629,03;NA;25,77;102,71;0,77;0,00;0,00;0,00;0,00;0,00;0,00;0,00;0,00;0,00;0,00;NA;0,00;0,00;-45,47
Castilla y León;2025;total;real;hacienda;FALSE;FALSE;77233592986,80;proyeccion;NA;NA;NA;NA;NA;NA;NA;NA;NA;NA;14562494140;NA;NA;NA;NA;NA;NA;NA;NA;NA;NA;NA;NA;NA;0,8836;NA;NA;NA;NA;NA;NA;NA;NA;NA;NA;NA;NA;NA;18,8551;NA;NA;NA;NA;NA;NA;NA;NA;NA;NA;NA;NA;NA;6118,70;NA;NA;NA;NA;NA;NA;NA;NA;NA;NA;NA;NA;NA;0,00;NA;NA;NA
Castilla y León;2026;total;real;autonomica;FALSE;FALSE;80786752445,53;proyeccion;950482061,00;204458058,00;9008511,00;2865004829,00;436913059,00;379187952,00;14842204,00;12633520,00;4812765002,00;1497089801,00;NA;61329866,00;244456073,00;1836823,00;0,0559;0,0120;0,0005;0,1684;0,0257;0,0223;0,0009;0,0007;0,2829;0,0880;NA;0,0036;0,0144;0,0001;1,1765;0,2531;0,0112;3,5464;0,5408;0,4694;0,0184;0,0156;5,9574;1,8531;NA;0,0759;0,3026;0,0023;399,87;86,02;3,79;1205,30;183,81;159,52;6,24;5,31;2024,72;629,82;NA;25,80;102,84;0,77;0,00;0,00;0,00;0,00;0,00;0,00;0,00;0,00;0,00;0,00;NA;0,00;0,00;0,00
Castilla-La Mancha;2015;total;real;autonomica;FALSE;TRUE;37998035000,00;real;394645380,00;99388360,00;NA;1515797070,00;53549430,00;21456800,00;14706850,00;61025190,00;2443105240,00;1236879940,00;NA;10119350,00;48559460,00;21757310,00;NA;NA;NA;NA;NA;NA;NA;NA;NA;NA;NA;NA;NA;NA;1,0386;0,2616;NA;3,9891;0,1409;0,0565;0,0387;0,1606;6,4296;3,2551;NA;0,0266;0,1278;0,0573;NA;NA;NA;NA;NA;NA;NA;NA;NA;NA;NA;NA;NA;NA;NA;NA;NA;NA;NA;NA;NA;NA;NA;NA;NA;NA;NA;NA
Castilla-La Mancha;2015;total;real;hacienda;FALSE;FALSE;37998035000,00;real;NA;NA;NA;NA;NA;NA;NA;NA;NA;NA;8206375740;NA;NA;NA;NA;NA;NA;NA;NA;NA;NA;NA;NA;NA;NA;NA;NA;NA;NA;NA;NA;NA;NA;NA;NA;NA;NA;NA;21,5968;NA;NA;NA;NA;NA;NA;NA;NA;NA;NA;NA;NA;NA;NA;NA;NA;NA;NA;NA;NA;NA;NA;NA;NA;NA;NA;NA;NA;NA;NA;NA
Castilla-La Mancha;2016;total;real;autonomica;FALSE;TRUE;39136242000,00;real;388696810,00;101107350,00;NA;1649848580,00;66476340,00;22786400,00;16658040,00;100998450,00;2651780070,00;1264101430,00;NA;10289070,00;42983640,00;12761500,00;NA;NA;NA;NA;NA;NA;NA;NA;NA;NA;NA;NA;NA;NA;0,9932;0,2583;NA;4,2157;0,1699;0,0582;0,0426;0,2581;6,7758;3,2300;NA;0,0263;0,1098;0,0326;NA;NA;NA;NA;NA;NA;NA;NA;NA;NA;NA;NA;NA;NA;-1,51;1,73;NA;8,84;24,14;6,20;13,27;65,50;8,54;2,20;NA;1,68;-11,48;-41,35
Castilla-La Mancha;2016;total;real;hacienda;FALSE;FALSE;39136242000,00;real;NA;NA;NA;NA;NA;NA;NA;NA;NA;NA;8420148970;NA;NA;NA;NA;NA;NA;NA;NA;NA;NA;NA;NA;NA;NA;NA;NA;NA;NA;NA;NA;NA;NA;NA;NA;NA;NA;NA;21,5150;NA;NA;NA;NA;NA;NA;NA;NA;NA;NA;NA;NA;NA;NA;NA;NA;NA;NA;NA;NA;NA;NA;NA;NA;NA;NA;NA;2,60;NA;NA;NA
Castilla-La Mancha;2017;total;real;autonomica;FALSE;TRUE;40768959000,00;real;405947960,00;104891360,00;NA;1718009180,00;76282560,00;23570030,00;17467220,00;114799440,00;2745004850,00;1268571620,00;NA;10842640,00;45406150,00;13400260,00;NA;NA;NA;NA;NA;NA;NA;NA;NA;NA;NA;NA;NA;NA;0,9957;0,2573;NA;4,2140;0,1871;0,0578;0,0428;0,2816;6,7331;3,1116;NA;0,0266;0,1114;0,0329;NA;NA;NA;NA;NA;NA;NA;NA;NA;NA;NA;NA;NA;NA;4,44;3,74;NA;4,13;14,75;3,44;4,86;13,66;3,52;0,35;NA;5,38;5,64;5,01
Castilla-La Mancha;2017;total;real;hacienda;FALSE;FALSE;40768959000,00;real;NA;NA;NA;NA;NA;NA;NA;NA;NA;NA;8941001030;NA;NA;NA;NA;NA;NA;NA;NA;NA;NA;NA;NA;NA;NA;NA;NA;NA;NA;NA;NA;NA;NA;NA;NA;NA;NA;NA;21,9309;NA;NA;NA;NA;NA;NA;NA;NA;NA;NA;NA;NA;NA;NA;NA;NA;NA;NA;NA;NA;NA;NA;NA;NA;NA;NA;NA;6,19;NA;NA;NA
Castilla-La Mancha;2018;total;real;autonomica;FALSE;TRUE;42290925000,00;real;413563140,00;108328000,00;NA;1801375270,00;78559290,00;24105210,00;18059020,00;121440700,00;2828443620,00;1276302970,00;NA;15306490,00;49731840,00;14209970,00;0,0342;0,0090;NA;0,1491;0,0065;0,0020;0,0015;0,0101;0,2341;0,1056;NA;0,0013;0,0041;0,0012;0,9779;0,2561;NA;4,2595;0,1858;0,0570;0,0427;0,2872;6,6881;3,0179;NA;0,0362;0,1176;0,0336;NA;NA;NA;NA;NA;NA;NA;NA;NA;NA;NA;NA;NA;NA;1,88;3,28;NA;4,85;2,98;2,27;3,39;5,79;3,04;0,61;NA;41,17;9,53;6,04
Castilla-La Mancha;2018;total;real;hacienda;FALSE;FALSE;42290925000,00;real;NA;NA;NA;NA;NA;NA;NA;NA;NA;NA;9219096050;NA;NA;NA;NA;NA;NA;NA;NA;NA;NA;NA;NA;NA;0,7630;NA;NA;NA;NA;NA;NA;NA;NA;NA;NA;NA;NA;NA;21,7992;NA;NA;NA;NA;NA;NA;NA;NA;NA;NA;NA;NA;NA;NA;NA;NA;NA;NA;NA;NA;NA;NA;NA;NA;NA;NA;NA;3,11;NA;NA;NA
Castilla-La Mancha;2019;total;real;autonomica;FALSE;TRUE;43393303000,00;real;413563140,00;108328000,00;NA;1801375270,00;78559290,00;24105210,00;18059020,00;121440700,00;2828443620,00;1276302970,00;NA;15306490,00;49731840,00;14209970,00;0,0332;0,0087;NA;0,1446;0,0063;0,0019;0,0014;0,0098;0,2271;0,1025;NA;0,0012;0,0040;0,0011;0,9531;0,2496;NA;4,1513;0,1810;0,0556;0,0416;0,2799;6,5182;2,9412;NA;0,0353;0,1146;0,0327;NA;NA;NA;NA;NA;NA;NA;NA;NA;NA;NA;NA;NA;NA;0,00;0,00;NA;0,00;0,00;0,00;0,00;0,00;0,00;0,00;NA;0,00;0,00;0,00
Castilla-La Mancha;2019;total;real;hacienda;FALSE;FALSE;43393303000,00;real;NA;NA;NA;NA;NA;NA;NA;NA;NA;NA;9219096050;NA;NA;NA;NA;NA;NA;NA;NA;NA;NA;NA;NA;NA;0,7402;NA;NA;NA;NA;NA;NA;NA;NA;NA;NA;NA;NA;NA;21,2454;NA;NA;NA;NA;NA;NA;NA;NA;NA;NA;NA;NA;NA;NA;NA;NA;NA;NA;NA;NA;NA;NA;NA;NA;NA;NA;NA;0,00;NA;NA;NA
Castilla-La Mancha;2020;total;real;autonomica;FALSE;TRUE;40254360000,00;real;451887760,00;116345440,00;NA;1947035400,00;76325520,00;27037220,00;23888690,00;118822830,00;3060234520,00;1286277170,00;NA;16500020,00;59397780,00;15816980,00;0,0400;0,0103;NA;0,1724;0,0068;0,0024;0,0021;0,0105;0,2710;0,1139;NA;0,0015;0,0053;0,0014;1,1226;0,2890;NA;4,8368;0,1896;0,0672;0,0593;0,2952;7,6022;3,1954;NA;0,0410;0,1476;0,0393;NA;NA;NA;NA;NA;NA;NA;NA;NA;NA;NA;NA;NA;NA;9,27;7,40;NA;8,09;-2,84;12,16;32,28;-2,16;8,19;0,78;NA;7,80;19,44;11,31
Castilla-La Mancha;2020;total;real;hacienda;FALSE;FALSE;40254360000,00;real;NA;NA;NA;NA;NA;NA;NA;NA;NA;NA;10505083310;NA;NA;NA;NA;NA;NA;NA;NA;NA;NA;NA;NA;NA;0,9303;NA;NA;NA;NA;NA;NA;NA;NA;NA;NA;NA;NA;NA;26,0968;NA;NA;NA;NA;NA;NA;NA;NA;NA;NA;NA;NA;NA;NA;NA;NA;NA;NA;NA;NA;NA;NA;NA;NA;NA;NA;NA;13,95;NA;NA;NA
Castilla-La Mancha;2021;total;real;autonomica;FALSE;TRUE;44123986000,00;real;520818030,00;125225230,00;NA;2231740420,00;77019810,00;38493510,00;29301150,00;124578950,00;3740071530,00;1322219090,00;NA;37795770,00;110840190,00;18200180,00;0,0426;0,0102;NA;0,1826;0,0063;0,0031;0,0024;0,0102;0,3060;0,1082;NA;0,0031;0,0091;0,0015;1,1804;0,2838;NA;5,0579;0,1746;0,0872;0,0664;0,2823;8,4763;2,9966;NA;0,0857;0,2512;0,0412;NA;NA;NA;NA;NA;NA;NA;NA;NA;NA;NA;NA;NA;NA;15,25;7,63;NA;14,62;0,91;42,37;22,66;4,84;22,22;2,79;NA;129,06;86,61;15,07
Castilla-La Mancha;2021;total;real;hacienda;FALSE;FALSE;44123986000,00;real;NA;NA;NA;NA;NA;NA;NA;NA;NA;NA;12102388410;NA;NA;NA;NA;NA;NA;NA;NA;NA;NA;NA;NA;NA;0,9901;NA;NA;NA;NA;NA;NA;NA;NA;NA;NA;NA;NA;NA;27,4281;NA;NA;NA;NA;NA;NA;NA;NA;NA;NA;NA;NA;NA;NA;NA;NA;NA;NA;NA;NA;NA;NA;NA;NA;NA;NA;NA;15,21;NA;NA;NA
Castilla-La Mancha;2022;total;real;autonomica;FALSE;TRUE;50032018000,00;real;539400320,00;137281350,00;NA;2354316640,00;82841930,00;39521180,00;46371280,00;141662370,00;3697839940,00;1323418140,00;NA;104299320,00;106598350,00;21323780,00;0,0393;0,0100;NA;0,1714;0,0060;0,0029;0,0034;0,0103;0,2692;0,0963;NA;0,0076;0,0078;0,0016;1,0781;0,2744;NA;4,7056;0,1656;0,0790;0,0927;0,2831;7,3909;2,6451;NA;0,2085;0,2131;0,0426;NA;NA;NA;NA;NA;NA;NA;NA;NA;NA;NA;NA;NA;NA;3,57;9,63;NA;5,49;7,56;2,67;58,26;13,71;-1,13;0,09;NA;175,96;-3,83;17,16
Castilla-La Mancha;2022;total;real;hacienda;FALSE;FALSE;50032018000,00;real;NA;NA;NA;NA;NA;NA;NA;NA;NA;NA;12273515110;NA;NA;NA;NA;NA;NA;NA;NA;NA;NA;NA;NA;NA;0,8935;NA;NA;NA;NA;NA;NA;NA;NA;NA;NA;NA;NA;NA;24,5313;NA;NA;NA;NA;NA;NA;NA;NA;NA;NA;NA;NA;NA;NA;NA;NA;NA;NA;NA;NA;NA;NA;NA;NA;NA;NA;NA;1,41;NA;NA;NA
Castilla-La Mancha;2023;total;real;autonomica;FALSE;TRUE;52544941000,00;real;534656150,00;150707730,00;NA;2424973030,00;117383250,00;42620650,00;47094720,00;154450780,00;3700358300,00;1328093030,00;NA;109416570,00;223490620,00;21088800,00;0,0357;0,0101;NA;0,1618;0,0078;0,0028;0,0031;0,0103;0,2470;0,0886;NA;0,0073;0,0149;0,0014;1,0175;0,2868;NA;4,6150;0,2234;0,0811;0,0896;0,2939;7,0423;2,5275;NA;0,2082;0,4253;0,0401;NA;NA;NA;NA;NA;NA;NA;NA;NA;NA;NA;NA;NA;NA;-0,88;9,78;NA;3,00;41,70;7,84;1,56;9,03;0,07;0,35;NA;4,91;109,66;-1,10
Castilla-La Mancha;2023;total;real;hacienda;FALSE;FALSE;52544941000,00;real;NA;NA;NA;NA;NA;NA;NA;NA;NA;NA;12431575550;NA;NA;NA;NA;NA;NA;NA;NA;NA;NA;NA;NA;NA;0,8297;NA;NA;NA;NA;NA;NA;NA;NA;NA;NA;NA;NA;NA;23,6589;NA;NA;NA;NA;NA;NA;NA;NA;NA;NA;NA;NA;NA;NA;NA;NA;NA;NA;NA;NA;NA;NA;NA;NA;NA;NA;NA;1,29;NA;NA;NA
Castilla-La Mancha;2024;total;real;autonomica;FALSE;TRUE;55559897000,00;real;534594760,00;158259930,00;NA;2473722660,00;121452570,00;38668490,00;50062700,00;157475920,00;3934175090,00;1368495640,00;NA;122274720,00;232403540,00;18372490,00;0,0336;0,0099;NA;0,1554;0,0076;0,0024;0,0031;0,0099;0,2472;0,0860;NA;0,0077;0,0146;0,0012;0,9622;0,2848;NA;4,4524;0,2186;0,0696;0,0901;0,2834;7,0810;2,4631;NA;0,2201;0,4183;0,0331;256,99;76,08;NA;1189,16;58,38;18,59;24,07;75,70;1891,22;657,86;NA;58,78;111,72;8,83;-0,01;5,01;NA;2,01;3,47;-9,27;6,30;1,96;6,32;3,04;NA;11,75;3,99;-12,88
Castilla-La Mancha;2024;total;real;hacienda;FALSE;FALSE;55559897000,00;real;NA;NA;NA;NA;NA;NA;NA;NA;NA;NA;12473342760;NA;NA;NA;NA;NA;NA;NA;NA;NA;NA;NA;NA;NA;0,7837;NA;NA;NA;NA;NA;NA;NA;NA;NA;NA;NA;NA;NA;22,4503;NA;NA;NA;NA;NA;NA;NA;NA;NA;NA;NA;NA;NA;5996,15;NA;NA;NA;NA;NA;NA;NA;NA;NA;NA;NA;NA;NA;0,34;NA;NA;NA
Castilla-La Mancha;2025;total;real;autonomica;FALSE;TRUE;57877789156,08;proyeccion;521492210,00;156848960,00;NA;2530782640,00;124336360,00;44929700,00;46924570,00;154203960,00;3860441540,00;1332420740,00;NA;108190760,00;218226660,00;19411360,00;0,0316;0,0095;NA;0,1536;0,0075;0,0027;0,0028;0,0094;0,2343;0,0809;NA;0,0066;0,0132;0,0012;0,9010;0,2710;NA;4,3726;0,2148;0,0776;0,0811;0,2664;6,6700;2,3021;NA;0,1869;0,3770;0,0335;249,52;75,05;NA;1210,90;59,49;21,50;22,45;73,78;1847,10;637,52;NA;51,77;104,41;9,29;-2,45;-0,89;NA;2,31;2,37;16,19;-6,27;-2,08;-1,87;-2,64;NA;-11,52;-6,10;5,65
Castilla-La Mancha;2025;total;real;hacienda;FALSE;FALSE;57877789156,08;proyeccion;NA;NA;NA;NA;NA;NA;NA;NA;NA;NA;12716180030;NA;NA;NA;NA;NA;NA;NA;NA;NA;NA;NA;NA;NA;0,7716;NA;NA;NA;NA;NA;NA;NA;NA;NA;NA;NA;NA;NA;21,9707;NA;NA;NA;NA;NA;NA;NA;NA;NA;NA;NA;NA;NA;6084,30;NA;NA;NA;NA;NA;NA;NA;NA;NA;NA;NA;NA;NA;1,95;NA;NA;NA
Castilla-La Mancha;2026;total;real;autonomica;FALSE;TRUE;60507601440,16;proyeccion;545785820,00;159133450,00;NA;2633020170,00;121712450,00;50872500,00;48128970,00;166223990,00;4152856370,00;1334980130,00;NA;89966570,00;270553240,00;21047560,00;0,0321;0,0094;NA;0,1548;0,0072;0,0030;0,0028;0,0098;0,2441;0,0785;NA;0,0053;0,0159;0,0012;0,9020;0,2630;NA;4,3516;0,2012;0,0841;0,0795;0,2747;6,8634;2,2063;NA;0,1487;0,4471;0,0348;259,90;75,78;NA;1253,82;57,96;24,23;22,92;79,15;1977,55;635,70;NA;42,84;128,83;10,02;4,66;1,46;NA;4,04;-2,11;13,23;2,57;7,79;7,57;0,19;NA;-16,84;23,98;8,43
Cataluña;2015;total;real;autonomica;FALSE;FALSE;206434270000,00;real;1440365937,92;9065264,00;5077720,50;5130679426,99;556525479,33;323171210,78;7454957,57;NA;8313924578,54;3428434583,49;NA;74233946,16;161709895,47;165020,00;NA;NA;NA;NA;NA;NA;NA;NA;NA;NA;NA;NA;NA;NA;0,6977;0,0044;0,0025;2,4854;0,2696;0,1565;0,0036;NA;4,0274;1,6608;NA;0,0360;0,0783;0,0001;NA;NA;NA;NA;NA;NA;NA;NA;NA;NA;NA;NA;NA;NA;NA;NA;NA;NA;NA;NA;NA;NA;NA;NA;NA;NA;NA;NA
Cataluña;2015;total;real;hacienda;FALSE;FALSE;206434270000,00;real;NA;NA;NA;NA;NA;NA;NA;NA;NA;NA;32618399450;NA;NA;NA;NA;NA;NA;NA;NA;NA;NA;NA;NA;NA;NA;NA;NA;NA;NA;NA;NA;NA;NA;NA;NA;NA;NA;NA;15,8009;NA;NA;NA;NA;NA;NA;NA;NA;NA;NA;NA;NA;NA;NA;NA;NA;NA;NA;NA;NA;NA;NA;NA;NA;NA;NA;NA;NA;NA;NA;NA
Cataluña;2016;total;real;autonomica;FALSE;FALSE;214502547000,00;real;1482975719,45;9065264,00;4419609,75;5423136303,83;761131819,20;356673042,34;7349185,46;NA;8606859146,04;3547319083,71;NA;85146541,27;182028059,77;135020,00;NA;NA;NA;NA;NA;NA;NA;NA;NA;NA;NA;NA;NA;NA;0,6914;0,0042;0,0021;2,5282;0,3548;0,1663;0,0034;NA;4,0125;1,6537;NA;0,0397;0,0849;0,0001;NA;NA;NA;NA;NA;NA;NA;NA;NA;NA;NA;NA;NA;NA;2,96;0,00;-12,96;5,70;36,76;10,37;-1,42;NA;3,52;3,47;NA;14,70;12,56;-18,18
Cataluña;2016;total;real;hacienda;FALSE;FALSE;214502547000,00;real;NA;NA;NA;NA;NA;NA;NA;NA;NA;NA;32607801330;NA;NA;NA;NA;NA;NA;NA;NA;NA;NA;NA;NA;NA;NA;NA;NA;NA;NA;NA;NA;NA;NA;NA;NA;NA;NA;NA;15,2016;NA;NA;NA;NA;NA;NA;NA;NA;NA;NA;NA;NA;NA;NA;NA;NA;NA;NA;NA;NA;NA;NA;NA;NA;NA;NA;NA;-0,03;NA;NA;NA
Cataluña;2017;total;real;autonomica;FALSE;FALSE;223139777000,00;real;1491396034,11;9113720,06;5427538,79;5628219105,81;723031947,48;388801186,20;7948185,46;NA;8740399288,27;3837349914,35;NA;96127946,32;178147546,30;578468,00;NA;NA;NA;NA;NA;NA;NA;NA;NA;NA;NA;NA;NA;NA;0,6684;0,0041;0,0024;2,5223;0,3240;0,1742;0,0036;NA;3,9170;1,7197;NA;0,0431;0,0798;0,0003;NA;NA;NA;NA;NA;NA;NA;NA;NA;NA;NA;NA;NA;NA;0,57;0,53;22,81;3,78;-5,01;9,01;8,15;NA;1,55;8,18;NA;12,90;-2,13;328,43
Cataluña;2017;total;real;hacienda;FALSE;FALSE;223139777000,00;real;NA;NA;NA;NA;NA;NA;NA;NA;NA;NA;34163865020;NA;NA;NA;NA;NA;NA;NA;NA;NA;NA;NA;NA;NA;NA;NA;NA;NA;NA;NA;NA;NA;NA;NA;NA;NA;NA;NA;15,3105;NA;NA;NA;NA;NA;NA;NA;NA;NA;NA;NA;NA;NA;NA;NA;NA;NA;NA;NA;NA;NA;NA;NA;NA;NA;NA;NA;4,77;NA;NA;NA
Cataluña;2018;total;real;autonomica;TRUE;FALSE;231101287000,00;real;1491396034,11;9113720,06;5427538,79;5628219105,81;723031947,48;388801186,20;7948185,46;NA;8740399288,27;3837349914,35;NA;96127946,32;178147546,30;578468,00;0,1234;0,0008;0,0004;0,4658;0,0598;0,0322;0,0007;NA;0,7234;0,3176;NA;0,0080;0,0147;0,0000;0,6453;0,0039;0,0023;2,4354;0,3129;0,1682;0,0034;NA;3,7821;1,6605;NA;0,0416;0,0771;0,0003;NA;NA;NA;NA;NA;NA;NA;NA;NA;NA;NA;NA;NA;NA;0,00;0,00;0,00;0,00;0,00;0,00;0,00;NA;0,00;0,00;NA;0,00;0,00;0,00
Cataluña;2018;total;real;hacienda;FALSE;FALSE;231101287000,00;real;NA;NA;NA;NA;NA;NA;NA;NA;NA;NA;34120806840;NA;NA;NA;NA;NA;NA;NA;NA;NA;NA;NA;NA;NA;2,8240;NA;NA;NA;NA;NA;NA;NA;NA;NA;NA;NA;NA;NA;14,7644;NA;NA;NA;NA;NA;NA;NA;NA;NA;NA;NA;NA;NA;NA;NA;NA;NA;NA;NA;NA;NA;NA;NA;NA;NA;NA;NA;-0,13;NA;NA;NA
Cataluña;2019;total;real;autonomica;FALSE;FALSE;240165818000,00;real;1531771266,95;11417511,15;6908848,79;6195003669,09;890947322,50;443006886,47;7922234,70;NA;9265055639,00;4066200004,78;NA;111766211,43;189017634,50;543458,00;0,1230;0,0009;0,0006;0,4974;0,0715;0,0356;0,0006;NA;0,7439;0,3265;NA;0,0090;0,0152;0,0000;0,6378;0,0048;0,0029;2,5795;0,3710;0,1845;0,0033;NA;3,8578;1,6931;NA;0,0465;0,0787;0,0002;NA;NA;NA;NA;NA;NA;NA;NA;NA;NA;NA;NA;NA;NA;2,71;25,28;27,29;10,07;23,22;13,94;-0,33;NA;6,00;5,96;NA;16,27;6,10;-6,05
Cataluña;2019;total;real;hacienda;FALSE;FALSE;240165818000,00;real;NA;NA;NA;NA;NA;NA;NA;NA;NA;NA;34119463850;NA;NA;NA;NA;NA;NA;NA;NA;NA;NA;NA;NA;NA;2,7394;NA;NA;NA;NA;NA;NA;NA;NA;NA;NA;NA;NA;NA;14,2066;NA;NA;NA;NA;NA;NA;NA;NA;NA;NA;NA;NA;NA;NA;NA;NA;NA;NA;NA;NA;NA;NA;NA;NA;NA;NA;NA;0,00;NA;NA;NA
Cataluña;2020;total;real;autonomica;FALSE;FALSE;214857435000,00;real;1594179039,73;13092933,25;18370367,32;6628901871,22;921396630,28;459593954,72;10592234,70;NA;9636622207,41;4210510791,34;NA;122419934,93;242922701,00;684007,43;0,1412;0,0012;0,0016;0,5870;0,0816;0,0407;0,0009;NA;0,8534;0,3729;NA;0,0108;0,0215;0,0001;0,7420;0,0061;0,0086;3,0853;0,4288;0,2139;0,0049;NA;4,4851;1,9597;NA;0,0570;0,1131;0,0003;NA;NA;NA;NA;NA;NA;NA;NA;NA;NA;NA;NA;NA;NA;4,07;14,67;165,90;7,00;3,42;3,74;33,70;NA;4,01;3,55;NA;9,53;28,52;25,86
Cataluña;2020;total;real;hacienda;FALSE;FALSE;214857435000,00;real;NA;NA;NA;NA;NA;NA;NA;NA;NA;NA;42322981600;NA;NA;NA;NA;NA;NA;NA;NA;NA;NA;NA;NA;NA;3,7480;NA;NA;NA;NA;NA;NA;NA;NA;NA;NA;NA;NA;NA;19,6982;NA;NA;NA;NA;NA;NA;NA;NA;NA;NA;NA;NA;NA;NA;NA;NA;NA;NA;NA;NA;NA;NA;NA;NA;NA;NA;NA;24,04;NA;NA;NA
Cataluña;2021;total;real;autonomica;TRUE;FALSE;234820402000,00;real;1594179039,73;13092933,25;18370367,32;6628901871,22;921396630,28;459593954,72;10592234,70;NA;9636622207,41;4210510791,34;NA;122419934,93;242922701,00;684007,43;0,1304;0,0011;0,0015;0,5423;0,0754;0,0376;0,0009;NA;0,7884;0,3445;NA;0,0100;0,0199;0,0001;0,6789;0,0056;0,0078;2,8230;0,3924;0,1957;0,0045;NA;4,1038;1,7931;NA;0,0521;0,1035;0,0003;NA;NA;NA;NA;NA;NA;NA;NA;NA;NA;NA;NA;NA;NA;0,00;0,00;0,00;0,00;0,00;0,00;0,00;NA;0,00;0,00;NA;0,00;0,00;0,00
Cataluña;2021;total;real;hacienda;FALSE;FALSE;234820402000,00;real;NA;NA;NA;NA;NA;NA;NA;NA;NA;NA;42322981600;NA;NA;NA;NA;NA;NA;NA;NA;NA;NA;NA;NA;NA;3,4626;NA;NA;NA;NA;NA;NA;NA;NA;NA;NA;NA;NA;NA;18,0236;NA;NA;NA;NA;NA;NA;NA;NA;NA;NA;NA;NA;NA;NA;NA;NA;NA;NA;NA;NA;NA;NA;NA;NA;NA;NA;NA;0,00;NA;NA;NA
Cataluña;2022;total;real;autonomica;FALSE;FALSE;258787407000,00;real;1749979172,98;11890551,84;54494926,64;7687714793,25;885325361,76;608782713,62;10592284,70;NA;10573225267,98;4954802029,44;NA;95355899,94;657626712,74;1747117,50;0,1274;0,0009;0,0040;0,5597;0,0645;0,0443;0,0008;NA;0,7697;0,3607;NA;0,0069;0,0479;0,0001;0,6762;0,0046;0,0211;2,9707;0,3421;0,2352;0,0041;NA;4,0857;1,9146;NA;0,0368;0,2541;0,0007;NA;NA;NA;NA;NA;NA;NA;NA;NA;NA;NA;NA;NA;NA;9,77;-9,18;196,65;15,97;-3,91;32,46;0,00;NA;9,72;17,68;NA;-22,11;170,71;155,42
Cataluña;2022;total;real;hacienda;FALSE;FALSE;258787407000,00;real;NA;NA;NA;NA;NA;NA;NA;NA;NA;NA;49012465220;NA;NA;NA;NA;NA;NA;NA;NA;NA;NA;NA;NA;NA;3,5681;NA;NA;NA;NA;NA;NA;NA;NA;NA;NA;NA;NA;NA;18,9393;NA;NA;NA;NA;NA;NA;NA;NA;NA;NA;NA;NA;NA;NA;NA;NA;NA;NA;NA;NA;NA;NA;NA;NA;NA;NA;NA;15,81;NA;NA;NA
Cataluña;2023;total;real;autonomica;FALSE;FALSE;283274025000,00;real;1969629181,49;16089099,51;63977512,36;8023063295,99;950063832,15;660263757,82;12391009,26;NA;11540801007,29;5235440412,13;NA;126236675,11;502086405,37;3399405,89;0,1315;0,0011;0,0043;0,5355;0,0634;0,0441;0,0008;NA;0,7702;0,3494;NA;0,0084;0,0335;0,0002;0,6953;0,0057;0,0226;2,8323;0,3354;0,2331;0,0044;NA;4,0741;1,8482;NA;0,0446;0,1772;0,0012;NA;NA;NA;NA;NA;NA;NA;NA;NA;NA;NA;NA;NA;NA;12,55;35,31;17,40;4,36;7,31;8,46;16,98;NA;9,15;5,66;NA;32,38;-23,65;94,57
Cataluña;2023;total;real;hacienda;FALSE;FALSE;283274025000,00;real;NA;NA;NA;NA;NA;NA;NA;NA;NA;NA;51807587280;NA;NA;NA;NA;NA;NA;NA;NA;NA;NA;NA;NA;NA;3,4577;NA;NA;NA;NA;NA;NA;NA;NA;NA;NA;NA;NA;NA;18,2889;NA;NA;NA;NA;NA;NA;NA;NA;NA;NA;NA;NA;NA;NA;NA;NA;NA;NA;NA;NA;NA;NA;NA;NA;NA;NA;NA;5,70;NA;NA;NA
Cataluña;2024;total;real;autonomica;FALSE;FALSE;302303884000,00;real;2163059090,84;16089948,35;78502515,48;8389127300,59;894794342,52;681107521,32;15166403,15;NA;11959082591,49;5435604695,37;NA;119952907,54;436402658,31;2942839,02;0,1359;0,0010;0,0049;0,5271;0,0562;0,0428;0,0010;NA;0,7514;0,3415;NA;0,0075;0,0274;0,0002;0,7155;0,0053;0,0260;2,7751;0,2960;0,2253;0,0050;NA;3,9560;1,7981;NA;0,0397;0,1444;0,0010;269,91;2,01;9,80;1046,81;111,65;84,99;1,89;NA;1492,28;678,27;NA;14,97;54,46;0,37;9,82;0,01;22,70;4,56;-5,82;3,16;22,40;NA;3,62;3,82;NA;-4,98;-13,08;-13,43
Cataluña;2024;total;real;hacienda;FALSE;FALSE;302303884000,00;real;NA;NA;NA;NA;NA;NA;NA;NA;NA;NA;51827587280;NA;NA;NA;NA;NA;NA;NA;NA;NA;NA;NA;NA;NA;3,2563;NA;NA;NA;NA;NA;NA;NA;NA;NA;NA;NA;NA;NA;17,1442;NA;NA;NA;NA;NA;NA;NA;NA;NA;NA;NA;NA;NA;6467,15;NA;NA;NA;NA;NA;NA;NA;NA;NA;NA;NA;NA;NA;0,04;NA;NA;NA
Cataluña;2025;total;real;autonomica;TRUE;FALSE;314476551469,54;proyeccion;2163059090,84;16089948,35;78502515,48;8389127300,59;894794342,52;681107521,32;15166403,15;NA;11959082591,49;5435604695,37;NA;119952907,54;436402658,31;2942839,02;0,1313;0,0010;0,0048;0,5090;0,0543;0,0413;0,0009;NA;0,7257;0,3298;NA;0,0073;0,0265;0,0002;0,6878;0,0051;0,0250;2,6676;0,2845;0,2166;0,0048;NA;3,8029;1,7285;NA;0,0381;0,1388;0,0009;268,70;2,00;9,75;1042,13;111,15;84,61;1,88;NA;1485,60;675,23;NA;14,90;54,21;0,37;0,00;0,00;0,00;0,00;0,00;0,00;0,00;NA;0,00;0,00;NA;0,00;0,00;0,00
Cataluña;2025;total;real;hacienda;FALSE;FALSE;314476551469,54;proyeccion;NA;NA;NA;NA;NA;NA;NA;NA;NA;NA;50605289010;NA;NA;NA;NA;NA;NA;NA;NA;NA;NA;NA;NA;NA;3,0707;NA;NA;NA;NA;NA;NA;NA;NA;NA;NA;NA;NA;NA;16,0919;NA;NA;NA;NA;NA;NA;NA;NA;NA;NA;NA;NA;NA;6286,37;NA;NA;NA;NA;NA;NA;NA;NA;NA;NA;NA;NA;NA;-2,36;NA;NA;NA
Cataluña;2026;total;real;autonomica;FALSE;FALSE;335602542224,51;proyeccion;2484712971,42;14706385,94;79025753,30;9270136188,03;927537915,79;844523682,99;14387057,36;NA;13272158515,24;6860043304,30;NA;140733040,46;527641332,01;3466287,70;0,1461;0,0009;0,0046;0,5450;0,0545;0,0496;0,0008;NA;0,7803;0,4033;NA;0,0083;0,0310;0,0002;0,7404;0,0044;0,0235;2,7622;0,2764;0,2516;0,0043;NA;3,9547;2,0441;NA;0,0419;0,1572;0,0010;307,29;1,82;9,77;1146,44;114,71;104,44;1,78;NA;1641,38;848,39;NA;17,40;65,25;0,43;14,87;-8,60;0,67;10,50;3,66;23,99;-5,14;NA;10,98;26,21;NA;17,32;20,91;17,79
Comunidad Foral de Navarra;2015;total;real;autonomica;FALSE;FALSE;18334417000,00;real;132524989,00;210000,00;393182,00;573147512,00;51433626,00;53329419,00;3800874,00;27149023,00;904884244,00;86756412,00;NA;7558346,00;55570729,00;532700,00;NA;NA;NA;NA;NA;NA;NA;NA;NA;NA;NA;NA;NA;NA;0,7228;0,0011;0,0021;3,1261;0,2805;0,2909;0,0207;0,1481;4,9354;0,4732;NA;0,0412;0,3031;0,0029;NA;NA;NA;NA;NA;NA;NA;NA;NA;NA;NA;NA;NA;NA;NA;NA;NA;NA;NA;NA;NA;NA;NA;NA;NA;NA;NA;NA
Comunidad Foral de Navarra;2015;total;real;hacienda;FALSE;FALSE;18334417000,00;real;NA;NA;NA;NA;NA;NA;NA;NA;NA;NA;3792808410;NA;NA;NA;NA;NA;NA;NA;NA;NA;NA;NA;NA;NA;NA;NA;NA;NA;NA;NA;NA;NA;NA;NA;NA;NA;NA;NA;20,6868;NA;NA;NA;NA;NA;NA;NA;NA;NA;NA;NA;NA;NA;NA;NA;NA;NA;NA;NA;NA;NA;NA;NA;NA;NA;NA;NA;NA;NA;NA;NA
Comunidad Foral de Navarra;2016;total;real;autonomica;FALSE;FALSE;18911331000,00;real;135868207,00;421000,00;570545,00;600949459,00;50728092,00;69929845,00;2921014,00;27585465,00;950290485,00;94866733,00;NA;7618845,00;47147276,00;481967,00;NA;NA;NA;NA;NA;NA;NA;NA;NA;NA;NA;NA;NA;NA;0,7184;0,0022;0,0030;3,1777;0,2682;0,3698;0,0154;0,1459;5,0250;0,5016;NA;0,0403;0,2493;0,0025;NA;NA;NA;NA;NA;NA;NA;NA;NA;NA;NA;NA;NA;NA;2,52;100,48;45,11;4,85;-1,37;31,13;-23,15;1,61;5,02;9,35;NA;0,80;-15,16;-9,52
Comunidad Foral de Navarra;2016;total;real;hacienda;FALSE;FALSE;18911331000,00;real;NA;NA;NA;NA;NA;NA;NA;NA;NA;NA;4005305030;NA;NA;NA;NA;NA;NA;NA;NA;NA;NA;NA;NA;NA;NA;NA;NA;NA;NA;NA;NA;NA;NA;NA;NA;NA;NA;NA;21,1794;NA;NA;NA;NA;NA;NA;NA;NA;NA;NA;NA;NA;NA;NA;NA;NA;NA;NA;NA;NA;NA;NA;NA;NA;NA;NA;NA;5,60;NA;NA;NA
Comunidad Foral de Navarra;2017;total;real;autonomica;FALSE;FALSE;19698794000,00;real;140857234,00;1370000,00;718077,00;643352335,00;58876993,00;86911374,00;3628690,00;28979216,00;1006123754,00;101943559,00;NA;9165335,00;55046540,00;593678,00;NA;NA;NA;NA;NA;NA;NA;NA;NA;NA;NA;NA;NA;NA;0,7151;0,0070;0,0036;3,2659;0,2989;0,4412;0,0184;0,1471;5,1075;0,5175;NA;0,0465;0,2794;0,0030;NA;NA;NA;NA;NA;NA;NA;NA;NA;NA;NA;NA;NA;NA;3,67;225,42;25,86;7,06;16,06;24,28;24,23;5,05;5,88;7,46;NA;20,30;16,75;23,18
Comunidad Foral de Navarra;2017;total;real;hacienda;FALSE;FALSE;19698794000,00;real;NA;NA;NA;NA;NA;NA;NA;NA;NA;NA;4061878790;NA;NA;NA;NA;NA;NA;NA;NA;NA;NA;NA;NA;NA;NA;NA;NA;NA;NA;NA;NA;NA;NA;NA;NA;NA;NA;NA;20,6199;NA;NA;NA;NA;NA;NA;NA;NA;NA;NA;NA;NA;NA;NA;NA;NA;NA;NA;NA;NA;NA;NA;NA;NA;NA;NA;NA;1,41;NA;NA;NA
Comunidad Foral de Navarra;2018;total;real;autonomica;FALSE;FALSE;20235995000,00;real;148959127,00;1511000,00;656900,00;654538007,00;60539965,00;55673776,00;4166938,00;30662441,00;1024602853,00;105050595,00;NA;11075362,00;62868394,00;599212,00;0,0123;0,0001;0,0001;0,0542;0,0050;0,0046;0,0003;0,0025;0,0848;0,0087;NA;0,0009;0,0052;0,0000;0,7361;0,0075;0,0032;3,2345;0,2992;0,2751;0,0206;0,1515;5,0633;0,5191;NA;0,0547;0,3107;0,0030;NA;NA;NA;NA;NA;NA;NA;NA;NA;NA;NA;NA;NA;NA;5,75;10,29;-8,52;1,74;2,82;-35,94;14,83;5,81;1,84;3,05;NA;20,84;14,21;0,93
Comunidad Foral de Navarra;2018;total;real;hacienda;FALSE;FALSE;20235995000,00;real;NA;NA;NA;NA;NA;NA;NA;NA;NA;NA;4164135420;NA;NA;NA;NA;NA;NA;NA;NA;NA;NA;NA;NA;NA;0,3446;NA;NA;NA;NA;NA;NA;NA;NA;NA;NA;NA;NA;NA;20,5779;NA;NA;NA;NA;NA;NA;NA;NA;NA;NA;NA;NA;NA;NA;NA;NA;NA;NA;NA;NA;NA;NA;NA;NA;NA;NA;NA;2,52;NA;NA;NA
Comunidad Foral de Navarra;2019;total;real;autonomica;FALSE;FALSE;21070268000,00;real;164750303,00;NA;603324,00;689939162,00;59789949,00;56830229,00;4584648,00;34254463,00;1047750152,00;117065311,00;NA;11480457,00;62245306,00;363723,00;0,0132;NA;0,0000;0,0554;0,0048;0,0046;0,0004;0,0028;0,0841;0,0094;NA;0,0009;0,0050;0,0000;0,7819;NA;0,0029;3,2745;0,2838;0,2697;0,0218;0,1626;4,9726;0,5556;NA;0,0545;0,2954;0,0017;NA;NA;NA;NA;NA;NA;NA;NA;NA;NA;NA;NA;NA;NA;10,60;NA;-8,16;5,41;-1,24;2,08;10,02;11,71;2,26;11,44;NA;3,66;-0,99;-39,30
Comunidad Foral de Navarra;2019;total;real;hacienda;FALSE;FALSE;21070268000,00;real;NA;NA;NA;NA;NA;NA;NA;NA;NA;NA;4312085790;NA;NA;NA;NA;NA;NA;NA;NA;NA;NA;NA;NA;NA;0,3462;NA;NA;NA;NA;NA;NA;NA;NA;NA;NA;NA;NA;NA;20,4653;NA;NA;NA;NA;NA;NA;NA;NA;NA;NA;NA;NA;NA;NA;NA;NA;NA;NA;NA;NA;NA;NA;NA;NA;NA;NA;NA;3,55;NA;NA;NA
Comunidad Foral de Navarra;2020;total;real;autonomica;FALSE;FALSE;19160726000,00;real;165529340,00;NA;2469702,00;758237455,00;62681582,00;59288428,00;4777592,00;36296315,00;1122231413,00;110139479,00;NA;11114698,00;59249094,00;372128,00;0,0147;NA;0,0002;0,0671;0,0056;0,0053;0,0004;0,0032;0,0994;0,0098;NA;0,0010;0,0052;0,0000;0,8639;NA;0,0129;3,9572;0,3271;0,3094;0,0249;0,1894;5,8569;0,5748;NA;0,0580;0,3092;0,0019;NA;NA;NA;NA;NA;NA;NA;NA;NA;NA;NA;NA;NA;NA;0,47;NA;309,35;9,90;4,84;4,33;4,21;5,96;7,11;-5,92;NA;-3,19;-4,81;2,31
Comunidad Foral de Navarra;2020;total;real;hacienda;FALSE;FALSE;19160726000,00;real;NA;NA;NA;NA;NA;NA;NA;NA;NA;NA;4573798030;NA;NA;NA;NA;NA;NA;NA;NA;NA;NA;NA;NA;NA;0,4050;NA;NA;NA;NA;NA;NA;NA;NA;NA;NA;NA;NA;NA;23,8707;NA;NA;NA;NA;NA;NA;NA;NA;NA;NA;NA;NA;NA;NA;NA;NA;NA;NA;NA;NA;NA;NA;NA;NA;NA;NA;NA;6,07;NA;NA;NA
Comunidad Foral de Navarra;2021;total;real;autonomica;FALSE;FALSE;20821017000,00;real;176033515,00;NA;3388906,00;821486275,00;64669872,00;67356127,00;5362500,00;37892168,00;1211356190,00;101135130,00;NA;12541041,00;65777382,00;379021,00;0,0144;NA;0,0003;0,0672;0,0053;0,0055;0,0004;0,0031;0,0991;0,0083;NA;0,0010;0,0054;0,0000;0,8455;NA;0,0163;3,9455;0,3106;0,3235;0,0258;0,1820;5,8179;0,4857;NA;0,0602;0,3159;0,0018;NA;NA;NA;NA;NA;NA;NA;NA;NA;NA;NA;NA;NA;NA;6,35;NA;37,22;8,34;3,17;13,61;12,24;4,40;7,94;-8,18;NA;12,83;11,02;1,85
Comunidad Foral de Navarra;2021;total;real;hacienda;FALSE;FALSE;20821017000,00;real;NA;NA;NA;NA;NA;NA;NA;NA;NA;NA;4870520380;NA;NA;NA;NA;NA;NA;NA;NA;NA;NA;NA;NA;NA;0,3985;NA;NA;NA;NA;NA;NA;NA;NA;NA;NA;NA;NA;NA;23,3923;NA;NA;NA;NA;NA;NA;NA;NA;NA;NA;NA;NA;NA;NA;NA;NA;NA;NA;NA;NA;NA;NA;NA;NA;NA;NA;NA;6,49;NA;NA;NA
Comunidad Foral de Navarra;2022;total;real;autonomica;FALSE;FALSE;23204474000,00;real;208247972,00;NA;4558830,00;891414962,00;82705639,00;83730303,00;7289244,00;38741281,00;1217768301,00;112088961,00;NA;9579817,00;102566186,00;382185,00;0,0152;NA;0,0003;0,0649;0,0060;0,0061;0,0005;0,0028;0,0887;0,0082;NA;0,0007;0,0075;0,0000;0,8974;NA;0,0196;3,8416;0,3564;0,3608;0,0314;0,1670;5,2480;0,4830;NA;0,0413;0,4420;0,0016;NA;NA;NA;NA;NA;NA;NA;NA;NA;NA;NA;NA;NA;NA;18,30;NA;34,52;8,51;27,89;24,31;35,93;2,24;0,53;10,83;NA;-23,61;55,93;0,83
Comunidad Foral de Navarra;2022;total;real;hacienda;FALSE;FALSE;23204474000,00;real;NA;NA;NA;NA;NA;NA;NA;NA;NA;NA;5273126610;NA;NA;NA;NA;NA;NA;NA;NA;NA;NA;NA;NA;NA;0,3839;NA;NA;NA;NA;NA;NA;NA;NA;NA;NA;NA;NA;NA;22,7246;NA;NA;NA;NA;NA;NA;NA;NA;NA;NA;NA;NA;NA;NA;NA;NA;NA;NA;NA;NA;NA;NA;NA;NA;NA;NA;NA;8,27;NA;NA;NA
Comunidad Foral de Navarra;2023;total;real;autonomica;FALSE;FALSE;24975376000,00;real;244247845,00;NA;4885492,00;940095265,00;81668075,00;87391215,00;6862411,00;41086982,00;1285836840,00;124966970,00;NA;22203102,00;113051804,00;389779,00;0,0163;NA;0,0003;0,0627;0,0055;0,0058;0,0005;0,0027;0,0858;0,0083;NA;0,0015;0,0075;0,0000;0,9780;NA;0,0196;3,7641;0,3270;0,3499;0,0275;0,1645;5,1484;0,5004;NA;0,0889;0,4527;0,0016;NA;NA;NA;NA;NA;NA;NA;NA;NA;NA;NA;NA;NA;NA;17,29;NA;7,17;5,46;-1,25;4,37;-5,86;6,05;5,59;11,49;NA;131,77;10,22;1,99
Comunidad Foral de Navarra;2023;total;real;hacienda;FALSE;FALSE;24975376000,00;real;NA;NA;NA;NA;NA;NA;NA;NA;NA;NA;5748951180;NA;NA;NA;NA;NA;NA;NA;NA;NA;NA;NA;NA;NA;0,3837;NA;NA;NA;NA;NA;NA;NA;NA;NA;NA;NA;NA;NA;23,0185;NA;NA;NA;NA;NA;NA;NA;NA;NA;NA;NA;NA;NA;NA;NA;NA;NA;NA;NA;NA;NA;NA;NA;NA;NA;NA;NA;9,02;NA;NA;NA
Comunidad Foral de Navarra;2024;total;real;autonomica;FALSE;FALSE;26619297000,00;real;251016523,00;NA;6025467,00;1002695363,00;75647559,00;80781074,00;6760311,00;43843236,00;1415375379,00;133593576,00;NA;27494971,00;149448923,00;405611,00;0,0158;NA;0,0004;0,0630;0,0048;0,0051;0,0004;0,0028;0,0889;0,0084;NA;0,0017;0,0094;0,0000;0,9430;NA;0,0226;3,7668;0,2842;0,3035;0,0254;0,1647;5,3171;0,5019;NA;0,1033;0,5614;0,0015;372,78;NA;8,95;1489,10;112,34;119,97;10,04;65,11;2101,97;198,40;NA;40,83;221,95;0,60;2,77;NA;23,33;6,66;-7,37;-7,56;-1,49;6,71;10,07;6,90;NA;23,83;32,20;4,06
Comunidad Foral de Navarra;2024;total;real;hacienda;FALSE;FALSE;26619297000,00;real;NA;NA;NA;NA;NA;NA;NA;NA;NA;NA;6355410180;NA;NA;NA;NA;NA;NA;NA;NA;NA;NA;NA;NA;NA;0,3993;NA;NA;NA;NA;NA;NA;NA;NA;NA;NA;NA;NA;NA;23,8752;NA;NA;NA;NA;NA;NA;NA;NA;NA;NA;NA;NA;NA;9438,38;NA;NA;NA;NA;NA;NA;NA;NA;NA;NA;NA;NA;NA;10,55;NA;NA;NA
Comunidad Foral de Navarra;2025;total;real;autonomica;FALSE;FALSE;27727717738,53;proyeccion;254338477,00;NA;6323846,00;1033257219,00;75522428,00;72065748,00;6824312,00;44170464,00;1460097315,00;144213954,00;NA;18630446,00;151339888,00;415046,00;0,0154;NA;0,0004;0,0627;0,0046;0,0044;0,0004;0,0027;0,0886;0,0088;NA;0,0011;0,0092;0,0000;0,9173;NA;0,0228;3,7264;0,2724;0,2599;0,0246;0,1593;5,2658;0,5201;NA;0,0672;0,5458;0,0015;376,24;NA;9,35;1528,49;111,72;106,61;10,10;65,34;2159,91;213,33;NA;27,56;223,88;0,61;1,32;NA;4,95;3,05;-0,17;-10,79;0,95;0,75;3,16;7,95;NA;-32,24;1,27;2,33
Comunidad Foral de Navarra;2025;total;real;hacienda;FALSE;FALSE;27727717738,53;proyeccion;NA;NA;NA;NA;NA;NA;NA;NA;NA;NA;6431264950;NA;NA;NA;NA;NA;NA;NA;NA;NA;NA;NA;NA;NA;0,3902;NA;NA;NA;NA;NA;NA;NA;NA;NA;NA;NA;NA;NA;23,1944;NA;NA;NA;NA;NA;NA;NA;NA;NA;NA;NA;NA;NA;9513,71;NA;NA;NA;NA;NA;NA;NA;NA;NA;NA;NA;NA;NA;1,19;NA;NA;NA
Comunidad Foral de Navarra;2026;total;real;autonomica;FALSE;FALSE;29541097405,47;proyeccion;266742173,00;NA;6692492,00;1063943100,00;77686463,00;78112661,00;8068171,00;45731453,00;1508379759,00;141025876,00;NA;25129683,00;154995622,00;416946,00;0,0157;NA;0,0004;0,0625;0,0046;0,0046;0,0005;0,0027;0,0887;0,0083;NA;0,0015;0,0091;0,0000;0,9030;NA;0,0227;3,6016;0,2630;0,2644;0,0273;0,1548;5,1060;0,4774;NA;0,0851;0,5247;0,0014;392,85;NA;9,86;1566,93;114,41;115,04;11,88;67,35;2221,47;207,70;NA;37,01;228,27;0,61;4,88;NA;5,83;2,97;2,87;8,39;18,23;3,53;3,31;-2,21;NA;34,89;2,42;0,46
Comunidad Valenciana;2015;total;real;autonomica;FALSE;FALSE;101214206000,00;real;489973780,00;NA;NA;3991316670,00;138352840,00;61622870,00;NA;87267340,00;5440586000,00;135618340,00;NA;96157970,00;41974450,00;8118230,00;NA;NA;NA;NA;NA;NA;NA;NA;NA;NA;NA;NA;NA;NA;0,4841;NA;NA;3,9434;0,1367;0,0609;NA;0,0862;5,3753;0,1340;NA;0,0950;0,0415;0,0080;NA;NA;NA;NA;NA;NA;NA;NA;NA;NA;NA;NA;NA;NA;NA;NA;NA;NA;NA;NA;NA;NA;NA;NA;NA;NA;NA;NA
Comunidad Valenciana;2015;total;real;hacienda;FALSE;FALSE;101214206000,00;real;NA;NA;NA;NA;NA;NA;NA;NA;NA;NA;17564123140;NA;NA;NA;NA;NA;NA;NA;NA;NA;NA;NA;NA;NA;NA;NA;NA;NA;NA;NA;NA;NA;NA;NA;NA;NA;NA;NA;17,3534;NA;NA;NA;NA;NA;NA;NA;NA;NA;NA;NA;NA;NA;NA;NA;NA;NA;NA;NA;NA;NA;NA;NA;NA;NA;NA;NA;NA;NA;NA;NA
Comunidad Valenciana;2016;total;real;autonomica;FALSE;FALSE;104205396000,00;real;601536660,00;200433920,00;NA;4183282590,00;170205520,00;54806950,00;18378450,00;89616610,00;5853342630,00;187348640,00;NA;112837740,00;83395000,00;8153490,00;NA;NA;NA;NA;NA;NA;NA;NA;NA;NA;NA;NA;NA;NA;0,5773;0,1923;NA;4,0145;0,1633;0,0526;0,0176;0,0860;5,6171;0,1798;NA;0,1083;0,0800;0,0078;NA;NA;NA;NA;NA;NA;NA;NA;NA;NA;NA;NA;NA;NA;22,77;NA;NA;4,81;23,02;-11,06;NA;2,69;7,59;38,14;NA;17,35;98,68;0,43
Comunidad Valenciana;2016;total;real;hacienda;FALSE;FALSE;104205396000,00;real;NA;NA;NA;NA;NA;NA;NA;NA;NA;NA;17561478480;NA;NA;NA;NA;NA;NA;NA;NA;NA;NA;NA;NA;NA;NA;NA;NA;NA;NA;NA;NA;NA;NA;NA;NA;NA;NA;NA;16,8528;NA;NA;NA;NA;NA;NA;NA;NA;NA;NA;NA;NA;NA;NA;NA;NA;NA;NA;NA;NA;NA;NA;NA;NA;NA;NA;NA;-0,02;NA;NA;NA
Comunidad Valenciana;2017;total;real;autonomica;FALSE;FALSE;108666712000,00;real;593977190,00;215297560,00;NA;4394327370,00;166171540,00;63987810,00;20736830,00;87821260,00;6034154520,00;198979340,00;NA;118119260,00;98198450,00;8631790,00;NA;NA;NA;NA;NA;NA;NA;NA;NA;NA;NA;NA;NA;NA;0,5466;0,1981;NA;4,0439;0,1529;0,0589;0,0191;0,0808;5,5529;0,1831;NA;0,1087;0,0904;0,0079;NA;NA;NA;NA;NA;NA;NA;NA;NA;NA;NA;NA;NA;NA;-1,26;7,42;NA;5,04;-2,37;16,75;12,83;-2,00;3,09;6,21;NA;4,68;17,75;5,87
Comunidad Valenciana;2017;total;real;hacienda;FALSE;FALSE;108666712000,00;real;NA;NA;NA;NA;NA;NA;NA;NA;NA;NA;18137748810;NA;NA;NA;NA;NA;NA;NA;NA;NA;NA;NA;NA;NA;NA;NA;NA;NA;NA;NA;NA;NA;NA;NA;NA;NA;NA;NA;16,6912;NA;NA;NA;NA;NA;NA;NA;NA;NA;NA;NA;NA;NA;NA;NA;NA;NA;NA;NA;NA;NA;NA;NA;NA;NA;NA;NA;3,28;NA;NA;NA
Comunidad Valenciana;2018;total;real;autonomica;FALSE;FALSE;112749574000,00;real;624710410,00;233458270,00;NA;4568049700,00;174123530,00;77532390,00;25469300,00;89365100,00;6346303200,00;221557690,00;NA;129119790,00;102836690,00;9906490,00;0,0517;0,0193;NA;0,3781;0,0144;0,0064;0,0021;0,0074;0,5252;0,0183;NA;0,0107;0,0085;0,0008;0,5541;0,2071;NA;4,0515;0,1544;0,0688;0,0226;0,0793;5,6287;0,1965;NA;0,1145;0,0912;0,0088;NA;NA;NA;NA;NA;NA;NA;NA;NA;NA;NA;NA;NA;NA;5,17;8,44;NA;3,95;4,79;21,17;22,82;1,76;5,17;11,35;NA;9,31;4,72;14,77
Comunidad Valenciana;2018;total;real;hacienda;FALSE;FALSE;112749574000,00;real;NA;NA;NA;NA;NA;NA;NA;NA;NA;NA;20414354810;NA;NA;NA;NA;NA;NA;NA;NA;NA;NA;NA;NA;NA;1,6896;NA;NA;NA;NA;NA;NA;NA;NA;NA;NA;NA;NA;NA;18,1059;NA;NA;NA;NA;NA;NA;NA;NA;NA;NA;NA;NA;NA;NA;NA;NA;NA;NA;NA;NA;NA;NA;NA;NA;NA;NA;NA;12,55;NA;NA;NA
Comunidad Valenciana;2019;total;real;autonomica;FALSE;FALSE;116588528000,00;real;823333840,00;279766500,00;NA;4945999170,00;167540960,00;95580270,00;39206840,00;91018350,00;6603088340,00;246733510,00;NA;138422460,00;170321490,00;11384530,00;0,0661;0,0225;NA;0,3971;0,0135;0,0077;0,0031;0,0073;0,5302;0,0198;NA;0,0111;0,0137;0,0009;0,7062;0,2400;NA;4,2423;0,1437;0,0820;0,0336;0,0781;5,6636;0,2116;NA;0,1187;0,1461;0,0098;NA;NA;NA;NA;NA;NA;NA;NA;NA;NA;NA;NA;NA;NA;31,79;19,84;NA;8,27;-3,78;23,28;53,94;1,85;4,05;11,36;NA;7,20;65,62;14,92
Comunidad Valenciana;2019;total;real;hacienda;FALSE;FALSE;116588528000,00;real;NA;NA;NA;NA;NA;NA;NA;NA;NA;NA;22597016020;NA;NA;NA;NA;NA;NA;NA;NA;NA;NA;NA;NA;NA;1,8143;NA;NA;NA;NA;NA;NA;NA;NA;NA;NA;NA;NA;NA;19,3819;NA;NA;NA;NA;NA;NA;NA;NA;NA;NA;NA;NA;NA;NA;NA;NA;NA;NA;NA;NA;NA;NA;NA;NA;NA;NA;NA;10,69;NA;NA;NA
Comunidad Valenciana;2020;total;real;autonomica;FALSE;FALSE;106067171000,00;real;1202124410,00;49148710,00;NA;5124742490,00;169460990,00;105405520,00;42816320,00;95767400,00;6744495420,00;254566260,00;NA;135992740,00;194288260,00;14519900,00;0,1065;0,0044;NA;0,4538;0,0150;0,0093;0,0038;0,0085;0,5973;0,0225;NA;0,0120;0,0172;0,0013;1,1334;0,0463;NA;4,8316;0,1598;0,0994;0,0404;0,0903;6,3587;0,2400;NA;0,1282;0,1832;0,0137;NA;NA;NA;NA;NA;NA;NA;NA;NA;NA;NA;NA;NA;NA;46,01;-82,43;NA;3,61;1,15;10,28;9,21;5,22;2,14;3,17;NA;-1,76;14,07;27,54
Comunidad Valenciana;2020;total;real;hacienda;FALSE;FALSE;106067171000,00;real;NA;NA;NA;NA;NA;NA;NA;NA;NA;NA;23531232040;NA;NA;NA;NA;NA;NA;NA;NA;NA;NA;NA;NA;NA;2,0839;NA;NA;NA;NA;NA;NA;NA;NA;NA;NA;NA;NA;NA;22,1852;NA;NA;NA;NA;NA;NA;NA;NA;NA;NA;NA;NA;NA;NA;NA;NA;NA;NA;NA;NA;NA;NA;NA;NA;NA;NA;NA;4,13;NA;NA;NA
Comunidad Valenciana;2021;total;real;autonomica;FALSE;FALSE;116386906000,00;real;1386457890,00;51759770,00;NA;5550771650,00;259028730,00;148627900,00;43690940,00;108573050,00;7496786990,00;268258060,00;NA;136079490,00;216863020,00;11765140,00;0,1134;0,0042;NA;0,4541;0,0212;0,0122;0,0036;0,0089;0,6133;0,0219;NA;0,0111;0,0177;0,0010;1,1912;0,0445;NA;4,7692;0,2226;0,1277;0,0375;0,0933;6,4413;0,2305;NA;0,1169;0,1863;0,0101;NA;NA;NA;NA;NA;NA;NA;NA;NA;NA;NA;NA;NA;NA;15,33;5,31;NA;8,31;52,85;41,01;2,04;13,37;11,15;5,38;NA;0,06;11,62;-18,97
Comunidad Valenciana;2021;total;real;hacienda;FALSE;FALSE;116386906000,00;real;NA;NA;NA;NA;NA;NA;NA;NA;NA;NA;26138651980;NA;NA;NA;NA;NA;NA;NA;NA;NA;NA;NA;NA;NA;2,1385;NA;NA;NA;NA;NA;NA;NA;NA;NA;NA;NA;NA;NA;22,4584;NA;NA;NA;NA;NA;NA;NA;NA;NA;NA;NA;NA;NA;NA;NA;NA;NA;NA;NA;NA;NA;NA;NA;NA;NA;NA;NA;11,08;NA;NA;NA
Comunidad Valenciana;2022;total;real;autonomica;FALSE;FALSE;127583394000,00;real;1480109000,00;59417930,00;NA;6132544500,00;266150430,00;254517110,00;67667820,00;129289500,00;7801429240,00;273302910,00;NA;128285500,00;381260490,00;13344960,00;0,1078;0,0043;NA;0,4464;0,0194;0,0185;0,0049;0,0094;0,5679;0,0199;NA;0,0093;0,0278;0,0010;1,1601;0,0466;NA;4,8067;0,2086;0,1995;0,0530;0,1013;6,1148;0,2142;NA;0,1006;0,2988;0,0105;NA;NA;NA;NA;NA;NA;NA;NA;NA;NA;NA;NA;NA;NA;6,75;14,80;NA;10,48;2,75;71,24;54,88;19,08;4,06;1,88;NA;-5,73;75,81;13,43
Comunidad Valenciana;2022;total;real;hacienda;FALSE;FALSE;127583394000,00;real;NA;NA;NA;NA;NA;NA;NA;NA;NA;NA;28632359900;NA;NA;NA;NA;NA;NA;NA;NA;NA;NA;NA;NA;NA;2,0844;NA;NA;NA;NA;NA;NA;NA;NA;NA;NA;NA;NA;NA;22,4421;NA;NA;NA;NA;NA;NA;NA;NA;NA;NA;NA;NA;NA;NA;NA;NA;NA;NA;NA;NA;NA;NA;NA;NA;NA;NA;NA;9,54;NA;NA;NA
Comunidad Valenciana;2023;total;real;autonomica;FALSE;FALSE;139655905000,00;real;1589466350,00;55098660,00;NA;6432865520,00;285203190,00;274196730,00;69531500,00;136918770,00;8214439990,00;282549210,00;NA;133881280,00;423116830,00;18488650,00;0,1061;0,0037;NA;0,4293;0,0190;0,0183;0,0046;0,0091;0,5482;0,0189;NA;0,0089;0,0282;0,0012;1,1381;0,0395;NA;4,6062;0,2042;0,1963;0,0498;0,0980;5,8819;0,2023;NA;0,0959;0,3030;0,0132;NA;NA;NA;NA;NA;NA;NA;NA;NA;NA;NA;NA;NA;NA;7,39;-7,27;NA;4,90;7,16;7,73;2,75;5,90;5,29;3,38;NA;4,36;10,98;38,54
Comunidad Valenciana;2023;total;real;hacienda;FALSE;FALSE;139655905000,00;real;NA;NA;NA;NA;NA;NA;NA;NA;NA;NA;29120879530;NA;NA;NA;NA;NA;NA;NA;NA;NA;NA;NA;NA;NA;1,9436;NA;NA;NA;NA;NA;NA;NA;NA;NA;NA;NA;NA;NA;20,8519;NA;NA;NA;NA;NA;NA;NA;NA;NA;NA;NA;NA;NA;NA;NA;NA;NA;NA;NA;NA;NA;NA;NA;NA;NA;NA;NA;1,71;NA;NA;NA
Comunidad Valenciana;2024;total;real;autonomica;FALSE;FALSE;148283453000,00;real;1710297880,00;52625140,00;17895490,00;6600309300,00;208245860,00;252834540,00;59199230,00;158553590,00;8432147040,00;295541920,00;NA;111260140,00;418548100,00;19837670,00;0,1075;0,0033;0,0011;0,4147;0,0131;0,0159;0,0037;0,0100;0,5298;0,0186;NA;0,0070;0,0263;0,0012;1,1534;0,0355;0,0121;4,4511;0,1404;0,1705;0,0399;0,1069;5,6865;0,1993;NA;0,0750;0,2823;0,0134;329,04;10,12;3,44;1269,83;40,06;48,64;11,39;30,50;1622,26;56,86;NA;21,41;80,52;3,82;7,60;-4,49;NA;2,60;-26,98;-7,79;-14,86;15,80;2,65;4,60;NA;-16,90;-1,08;7,30
Comunidad Valenciana;2024;total;real;hacienda;FALSE;FALSE;148283453000,00;real;NA;NA;NA;NA;NA;NA;NA;NA;NA;NA;30410305550;NA;NA;NA;NA;NA;NA;NA;NA;NA;NA;NA;NA;NA;1,9107;NA;NA;NA;NA;NA;NA;NA;NA;NA;NA;NA;NA;NA;20,5082;NA;NA;NA;NA;NA;NA;NA;NA;NA;NA;NA;NA;NA;5850,62;NA;NA;NA;NA;NA;NA;NA;NA;NA;NA;NA;NA;NA;4,43;NA;NA;NA
Comunidad Valenciana;2025;total;real;autonomica;FALSE;FALSE;154631870325,76;proyeccion;1920151830,00;58802180,00;21400280,00;7230131350,00;303502580,00;226077070,00;61554780,00;192134990,00;9081445440,00;311269080,00;NA;141756740,00;316426640,00;21145700,00;0,1165;0,0036;0,0013;0,4387;0,0184;0,0137;0,0037;0,0117;0,5511;0,0189;NA;0,0086;0,0192;0,0013;1,2418;0,0380;0,0138;4,6757;0,1963;0,1462;0,0398;0,1243;5,8729;0,2013;NA;0,0917;0,2046;0,0137;367,14;11,24;4,09;1382,43;58,03;43,23;11,77;36,74;1736,41;59,52;NA;27,10;60,50;4,04;12,27;11,74;19,58;9,54;45,74;-10,58;3,98;21,18;7,70;5,32;NA;27,41;-24,40;6,59
Comunidad Valenciana;2025;total;real;hacienda;FALSE;FALSE;154631870325,76;proyeccion;NA;NA;NA;NA;NA;NA;NA;NA;NA;NA;32976869660;NA;NA;NA;NA;NA;NA;NA;NA;NA;NA;NA;NA;NA;2,0010;NA;NA;NA;NA;NA;NA;NA;NA;NA;NA;NA;NA;NA;21,3260;NA;NA;NA;NA;NA;NA;NA;NA;NA;NA;NA;NA;NA;6305,33;NA;NA;NA;NA;NA;NA;NA;NA;NA;NA;NA;NA;NA;8,44;NA;NA;NA
Comunidad Valenciana;2026;total;real;autonomica;FALSE;FALSE;164184591233,37;proyeccion;2028205580,00;61112500,00;18625630,00;7572363510,00;215370650,00;323618140,00;67329440,00;218813260,00;9293305060,00;304091320,00;NA;150597210,00;408610000,00;23049820,00;0,1192;0,0036;0,0011;0,4452;0,0127;0,0190;0,0040;0,0129;0,5463;0,0179;NA;0,0089;0,0240;0,0014;1,2353;0,0372;0,0113;4,6121;0,1312;0,1971;0,0410;0,1333;5,6603;0,1852;NA;0,0917;0,2489;0,0140;385,59;11,62;3,54;1439,61;40,94;61,52;12,80;41,60;1766,79;57,81;NA;28,63;77,68;4,38;5,63;3,93;-12,97;4,73;-29,04;43,15;9,38;13,89;2,33;-2,31;NA;6,24;29,13;9,00
Comunidad de Madrid;2015;total;real;autonomica;FALSE;FALSE;206231525000,00;real;1220062890,00;NA;5950745,00;2074434949,00;206240146,00;444566824,00;21543341,00;NA;7191837009,00;NA;NA;13023263,00;336084222,00;1134027,00;NA;NA;NA;NA;NA;NA;NA;NA;NA;NA;NA;NA;NA;NA;0,5916;NA;0,0029;1,0059;0,1000;0,2156;0,0104;NA;3,4873;NA;NA;0,0063;0,1630;0,0005;NA;NA;NA;NA;NA;NA;NA;NA;NA;NA;NA;NA;NA;NA;NA;NA;NA;NA;NA;NA;NA;NA;NA;NA;NA;NA;NA;NA
Comunidad de Madrid;2015;total;real;hacienda;FALSE;FALSE;206231525000,00;real;NA;NA;NA;NA;NA;NA;NA;NA;NA;NA;20852588670;NA;NA;NA;NA;NA;NA;NA;NA;NA;NA;NA;NA;NA;NA;NA;NA;NA;NA;NA;NA;NA;NA;NA;NA;NA;NA;NA;10,1113;NA;NA;NA;NA;NA;NA;NA;NA;NA;NA;NA;NA;NA;NA;NA;NA;NA;NA;NA;NA;NA;NA;NA;NA;NA;NA;NA;NA;NA;NA;NA
Comunidad de Madrid;2016;total;real;autonomica;FALSE;FALSE;214469101000,00;real;1073078872,00;302971858,00;NA;2314363938,00;457123724,00;15029996,00;22471311,00;NA;7415379241,00;33927477,00;NA;25251048,00;515604020,00;1269790,00;NA;NA;NA;NA;NA;NA;NA;NA;NA;NA;NA;NA;NA;NA;0,5003;0,1413;NA;1,0791;0,2131;0,0070;0,0105;NA;3,4576;0,0158;NA;0,0118;0,2404;0,0006;NA;NA;NA;NA;NA;NA;NA;NA;NA;NA;NA;NA;NA;NA;-12,05;NA;NA;11,57;121,65;-96,62;4,31;NA;3,11;NA;NA;93,89;53,42;11,97
Comunidad de Madrid;2016;total;real;hacienda;FALSE;FALSE;214469101000,00;real;NA;NA;NA;NA;NA;NA;NA;NA;NA;NA;20139609310;NA;NA;NA;NA;NA;NA;NA;NA;NA;NA;NA;NA;NA;NA;NA;NA;NA;NA;NA;NA;NA;NA;NA;NA;NA;NA;NA;9,3904;NA;NA;NA;NA;NA;NA;NA;NA;NA;NA;NA;NA;NA;NA;NA;NA;NA;NA;NA;NA;NA;NA;NA;NA;NA;NA;NA;-3,42;NA;NA;NA
Comunidad de Madrid;2017;total;real;autonomica;FALSE;FALSE;224373156000,00;real;1167421468,00;309725958,00;NA;2370928847,00;467975285,00;16144647,00;22566555,00;NA;7599708222,00;40692773,00;NA;32015390,00;447569338,00;1292258,00;NA;NA;NA;NA;NA;NA;NA;NA;NA;NA;NA;NA;NA;NA;0,5203;0,1380;NA;1,0567;0,2086;0,0072;0,0101;NA;3,3871;0,0181;NA;0,0143;0,1995;0,0006;NA;NA;NA;NA;NA;NA;NA;NA;NA;NA;NA;NA;NA;NA;8,79;2,23;NA;2,44;2,37;7,42;0,42;NA;2,49;19,94;NA;26,79;-13,20;1,77
Comunidad de Madrid;2017;total;real;hacienda;FALSE;FALSE;224373156000,00;real;NA;NA;NA;NA;NA;NA;NA;NA;NA;NA;20504093720;NA;NA;NA;NA;NA;NA;NA;NA;NA;NA;NA;NA;NA;NA;NA;NA;NA;NA;NA;NA;NA;NA;NA;NA;NA;NA;NA;9,1384;NA;NA;NA;NA;NA;NA;NA;NA;NA;NA;NA;NA;NA;NA;NA;NA;NA;NA;NA;NA;NA;NA;NA;NA;NA;NA;NA;1,81;NA;NA;NA
Comunidad de Madrid;2018;total;real;autonomica;FALSE;FALSE;233735808000,00;real;1258136922,00;334830730,00;NA;2361681788,00;485126035,00;124626170,00;23722547,00;NA;7828244717,00;45256684,00;NA;43215293,00;356209532,00;1304974,00;0,1041;0,0277;NA;0,1955;0,0402;0,0103;0,0020;NA;0,6479;0,0037;NA;0,0036;0,0295;0,0001;0,5383;0,1433;NA;1,0104;0,2076;0,0533;0,0101;NA;3,3492;0,0194;NA;0,0185;0,1524;0,0006;NA;NA;NA;NA;NA;NA;NA;NA;NA;NA;NA;NA;NA;NA;7,77;8,11;NA;-0,39;3,66;671,93;5,12;NA;3,01;11,22;NA;34,98;-20,41;0,98
Comunidad de Madrid;2018;total;real;hacienda;FALSE;FALSE;233735808000,00;real;NA;NA;NA;NA;NA;NA;NA;NA;NA;NA;21633750660;NA;NA;NA;NA;NA;NA;NA;NA;NA;NA;NA;NA;NA;1,7905;NA;NA;NA;NA;NA;NA;NA;NA;NA;NA;NA;NA;NA;9,2556;NA;NA;NA;NA;NA;NA;NA;NA;NA;NA;NA;NA;NA;NA;NA;NA;NA;NA;NA;NA;NA;NA;NA;NA;NA;NA;NA;5,51;NA;NA;NA
Comunidad de Madrid;2019;total;real;autonomica;FALSE;FALSE;243889359000,00;real;1324040720,00;341816832,00;NA;2487484407,00;500762141,00;154239111,00;24865106,00;NA;8066704298,00;48402728,00;NA;47918752,00;348895987,00;1338573,00;0,1063;0,0274;NA;0,1997;0,0402;0,0124;0,0020;NA;0,6477;0,0039;NA;0,0038;0,0280;0,0001;0,5429;0,1402;NA;1,0199;0,2053;0,0632;0,0102;NA;3,3075;0,0198;NA;0,0196;0,1431;0,0005;NA;NA;NA;NA;NA;NA;NA;NA;NA;NA;NA;NA;NA;NA;5,24;2,09;NA;5,33;3,22;23,76;4,82;NA;3,05;6,95;NA;10,88;-2,05;2,57
Comunidad de Madrid;2019;total;real;hacienda;FALSE;FALSE;243889359000,00;real;NA;NA;NA;NA;NA;NA;NA;NA;NA;NA;22776618160;NA;NA;NA;NA;NA;NA;NA;NA;NA;NA;NA;NA;NA;1,8287;NA;NA;NA;NA;NA;NA;NA;NA;NA;NA;NA;NA;NA;9,3389;NA;NA;NA;NA;NA;NA;NA;NA;NA;NA;NA;NA;NA;NA;NA;NA;NA;NA;NA;NA;NA;NA;NA;NA;NA;NA;NA;5,28;NA;NA;NA
Comunidad de Madrid;2020;total;real;autonomica;FALSE;FALSE;221061932000,00;real;1324040720,00;341816832,00;NA;2487484407,00;500762141,00;154239111,00;24865106,00;NA;8066704298,00;48402728,00;NA;47918752,00;348895987,00;1338573,00;0,1173;0,0303;NA;0,2203;0,0443;0,0137;0,0022;NA;0,7144;0,0043;NA;0,0042;0,0309;0,0001;0,5989;0,1546;NA;1,1252;0,2265;0,0698;0,0112;NA;3,6491;0,0219;NA;0,0217;0,1578;0,0006;NA;NA;NA;NA;NA;NA;NA;NA;NA;NA;NA;NA;NA;NA;0,00;0,00;NA;0,00;0,00;0,00;0,00;NA;0,00;0,00;NA;0,00;0,00;0,00
Comunidad de Madrid;2020;total;real;hacienda;FALSE;FALSE;221061932000,00;real;NA;NA;NA;NA;NA;NA;NA;NA;NA;NA;23333117430;NA;NA;NA;NA;NA;NA;NA;NA;NA;NA;NA;NA;NA;2,0663;NA;NA;NA;NA;NA;NA;NA;NA;NA;NA;NA;NA;NA;10,5550;NA;NA;NA;NA;NA;NA;NA;NA;NA;NA;NA;NA;NA;NA;NA;NA;NA;NA;NA;NA;NA;NA;NA;NA;NA;NA;NA;2,44;NA;NA;NA
Comunidad de Madrid;2021;total;real;autonomica;FALSE;FALSE;239837609000,00;real;1324040720,00;341816832,00;NA;2487484407,00;500762141,00;154239111,00;24865106,00;NA;8066704298,00;48402728,00;NA;47918752,00;348895987,00;1338573,00;0,1083;0,0280;NA;0,2035;0,0410;0,0126;0,0020;NA;0,6600;0,0040;NA;0,0039;0,0285;0,0001;0,5521;0,1425;NA;1,0372;0,2088;0,0643;0,0104;NA;3,3634;0,0202;NA;0,0200;0,1455;0,0006;NA;NA;NA;NA;NA;NA;NA;NA;NA;NA;NA;NA;NA;NA;0,00;0,00;NA;0,00;0,00;0,00;0,00;NA;0,00;0,00;NA;0,00;0,00;0,00
Comunidad de Madrid;2021;total;real;hacienda;FALSE;FALSE;239837609000,00;real;NA;NA;NA;NA;NA;NA;NA;NA;NA;NA;25878871500;NA;NA;NA;NA;NA;NA;NA;NA;NA;NA;NA;NA;NA;2,1173;NA;NA;NA;NA;NA;NA;NA;NA;NA;NA;NA;NA;NA;10,7902;NA;NA;NA;NA;NA;NA;NA;NA;NA;NA;NA;NA;NA;NA;NA;NA;NA;NA;NA;NA;NA;NA;NA;NA;NA;NA;NA;10,91;NA;NA;NA
Comunidad de Madrid;2022;total;real;autonomica;FALSE;FALSE;267171570000,00;real;1468148434,00;426658876,00;NA;2825098365,00;427309249,00;229000297,00;32807176,00;NA;8759661476,00;59609524,00;NA;94511353,00;292387981,00;1577295,00;0,1069;0,0311;NA;0,2057;0,0311;0,0167;0,0024;NA;0,6377;0,0043;NA;0,0069;0,0213;0,0001;0,5495;0,1597;NA;1,0574;0,1599;0,0857;0,0123;NA;3,2787;0,0223;NA;0,0354;0,1094;0,0006;NA;NA;NA;NA;NA;NA;NA;NA;NA;NA;NA;NA;NA;NA;10,88;24,82;NA;13,57;-14,67;48,47;31,94;NA;8,59;23,15;NA;97,23;-16,20;17,83
Comunidad de Madrid;2022;total;real;hacienda;FALSE;FALSE;267171570000,00;real;NA;NA;NA;NA;NA;NA;NA;NA;NA;NA;25999172470;NA;NA;NA;NA;NA;NA;NA;NA;NA;NA;NA;NA;NA;1,8927;NA;NA;NA;NA;NA;NA;NA;NA;NA;NA;NA;NA;NA;9,7313;NA;NA;NA;NA;NA;NA;NA;NA;NA;NA;NA;NA;NA;NA;NA;NA;NA;NA;NA;NA;NA;NA;NA;NA;NA;NA;NA;0,46;NA;NA;NA
Comunidad de Madrid;2023;total;real;autonomica;FALSE;FALSE;295939562000,00;real;1468148434,00;426658876,00;NA;2825098365,00;427309249,00;229000297,00;32807176,00;NA;8759661476,00;59609524,00;NA;94511353,00;292387981,00;1577295,00;0,0980;0,0285;NA;0,1886;0,0285;0,0153;0,0022;NA;0,5846;0,0040;NA;0,0063;0,0195;0,0001;0,4961;0,1442;NA;0,9546;0,1444;0,0774;0,0111;NA;2,9599;0,0201;NA;0,0319;0,0988;0,0005;NA;NA;NA;NA;NA;NA;NA;NA;NA;NA;NA;NA;NA;NA;0,00;0,00;NA;0,00;0,00;0,00;0,00;NA;0,00;0,00;NA;0,00;0,00;0,00
Comunidad de Madrid;2023;total;real;hacienda;FALSE;FALSE;295939562000,00;real;NA;NA;NA;NA;NA;NA;NA;NA;NA;NA;28142467650;NA;NA;NA;NA;NA;NA;NA;NA;NA;NA;NA;NA;NA;1,8783;NA;NA;NA;NA;NA;NA;NA;NA;NA;NA;NA;NA;NA;9,5095;NA;NA;NA;NA;NA;NA;NA;NA;NA;NA;NA;NA;NA;NA;NA;NA;NA;NA;NA;NA;NA;NA;NA;NA;NA;NA;NA;8,24;NA;NA;NA
Comunidad de Madrid;2024;total;real;autonomica;FALSE;FALSE;316193370000,00;real;1809832916,00;450655867,00;NA;3071356976,00;408113125,00;220655159,00;40535484,00;NA;10211960772,00;98207107,00;NA;103610599,00;551302388,00;1566385,00;0,1137;0,0283;NA;0,1930;0,0256;0,0139;0,0025;NA;0,6416;0,0062;NA;0,0065;0,0346;0,0001;0,5724;0,1425;NA;0,9714;0,1291;0,0698;0,0128;NA;3,2297;0,0311;NA;0,0328;0,1744;0,0005;261,28;65,06;NA;443,40;58,92;31,85;5,85;NA;1474,25;14,18;NA;14,96;79,59;0,23;23,27;5,62;NA;8,72;-4,49;-3,64;23,56;NA;16,58;64,75;NA;9,63;88,55;-0,69
Comunidad de Madrid;2024;total;real;hacienda;FALSE;FALSE;316193370000,00;real;NA;NA;NA;NA;NA;NA;NA;NA;NA;NA;30584355910;NA;NA;NA;NA;NA;NA;NA;NA;NA;NA;NA;NA;NA;1,9216;NA;NA;NA;NA;NA;NA;NA;NA;NA;NA;NA;NA;NA;9,6727;NA;NA;NA;NA;NA;NA;NA;NA;NA;NA;NA;NA;NA;4415,32;NA;NA;NA;NA;NA;NA;NA;NA;NA;NA;NA;NA;NA;8,68;NA;NA;NA
Comunidad de Madrid;2025;total;real;autonomica;FALSE;FALSE;330794990991,15;proyeccion;1882516974,00;450974972,00;NA;3178683222,00;439503747,00;238625438,00;39849524,00;NA;10542858597,00;100152638,00;NA;87289160,00;766507303,00;1690373,00;0,1142;0,0274;NA;0,1929;0,0267;0,0145;0,0024;NA;0,6397;0,0061;NA;0,0053;0,0465;0,0001;0,5691;0,1363;NA;0,9609;0,1329;0,0721;0,0120;NA;3,1871;0,0303;NA;0,0264;0,2317;0,0005;270,09;64,70;NA;456,05;63,06;34,24;5,72;NA;1512,61;14,37;NA;12,52;109,97;0,24;4,02;0,07;NA;3,49;7,69;8,14;-1,69;NA;3,24;1,98;NA;-15,75;39,04;7,92
Comunidad de Madrid;2025;total;real;hacienda;FALSE;FALSE;330794990991,15;proyeccion;NA;NA;NA;NA;NA;NA;NA;NA;NA;NA;31596299960;NA;NA;NA;NA;NA;NA;NA;NA;NA;NA;NA;NA;NA;1,9173;NA;NA;NA;NA;NA;NA;NA;NA;NA;NA;NA;NA;NA;9,5516;NA;NA;NA;NA;NA;NA;NA;NA;NA;NA;NA;NA;NA;4533,19;NA;NA;NA;NA;NA;NA;NA;NA;NA;NA;NA;NA;NA;3,31;NA;NA;NA
Comunidad de Madrid;2026;total;real;autonomica;FALSE;FALSE;353434269733,13;proyeccion;2043283812,00;497641026,00;NA;3291300291,00;437514295,00;246701357,00;38265006,00;NA;11093460615,00;104850437,00;NA;85630459,00;794130303,00;1715456,00;0,1201;0,0293;NA;0,1935;0,0257;0,0145;0,0022;NA;0,6522;0,0062;NA;0,0050;0,0467;0,0001;0,5781;0,1408;NA;0,9312;0,1238;0,0698;0,0108;NA;3,1388;0,0297;NA;0,0242;0,2247;0,0005;291,27;70,94;NA;469,18;62,37;35,17;5,45;NA;1581,39;14,95;NA;12,21;113,20;0,24;8,54;10,35;NA;3,54;-0,45;3,38;-3,98;NA;5,22;4,69;NA;-1,90;3,60;1,48
Extremadura;2015;total;real;autonomica;FALSE;FALSE;18494971000,00;real;295124175,00;NA;846674,00;1026174925,00;244119405,00;107270160,00;6230830,00;NA;1376856967,00;1008359989,00;NA;35571564,00;48234914,00;7668529,00;NA;NA;NA;NA;NA;NA;NA;NA;NA;NA;NA;NA;NA;NA;1,5957;NA;0,0046;5,5484;1,3199;0,5800;0,0337;NA;7,4445;5,4521;NA;0,1923;0,2608;0,0415;NA;NA;NA;NA;NA;NA;NA;NA;NA;NA;NA;NA;NA;NA;NA;NA;NA;NA;NA;NA;NA;NA;NA;NA;NA;NA;NA;NA
Extremadura;2015;total;real;hacienda;FALSE;FALSE;18494971000,00;real;NA;NA;NA;NA;NA;NA;NA;NA;NA;NA;5365699570;NA;NA;NA;NA;NA;NA;NA;NA;NA;NA;NA;NA;NA;NA;NA;NA;NA;NA;NA;NA;NA;NA;NA;NA;NA;NA;NA;29,0117;NA;NA;NA;NA;NA;NA;NA;NA;NA;NA;NA;NA;NA;NA;NA;NA;NA;NA;NA;NA;NA;NA;NA;NA;NA;NA;NA;NA;NA;NA;NA
Extremadura;2016;total;real;autonomica;FALSE;FALSE;19069471000,00;real;301023551,00;NA;778079,00;1021730086,00;256405996,00;107590586,00;8046928,00;NA;1550101891,00;867731588,00;NA;23479376,00;48458475,00;6775405,00;NA;NA;NA;NA;NA;NA;NA;NA;NA;NA;NA;NA;NA;NA;1,5786;NA;0,0041;5,3579;1,3446;0,5642;0,0422;NA;8,1287;4,5504;NA;0,1231;0,2541;0,0355;NA;NA;NA;NA;NA;NA;NA;NA;NA;NA;NA;NA;NA;NA;2,00;NA;-8,10;-0,43;5,03;0,30;29,15;NA;12,58;-13,95;NA;-33,99;0,46;-11,65
Extremadura;2016;total;real;hacienda;FALSE;FALSE;19069471000,00;real;NA;NA;NA;NA;NA;NA;NA;NA;NA;NA;5197428070;NA;NA;NA;NA;NA;NA;NA;NA;NA;NA;NA;NA;NA;NA;NA;NA;NA;NA;NA;NA;NA;NA;NA;NA;NA;NA;NA;27,2552;NA;NA;NA;NA;NA;NA;NA;NA;NA;NA;NA;NA;NA;NA;NA;NA;NA;NA;NA;NA;NA;NA;NA;NA;NA;NA;NA;-3,14;NA;NA;NA
Extremadura;2017;total;real;autonomica;FALSE;FALSE;20169546000,00;real;309634440,00;NA;780114,00;1022164234,00;269570975,00;108445889,00;8440314,00;NA;1539066245,00;909494357,00;NA;22428519,00;44149780,00;6302011,00;NA;NA;NA;NA;NA;NA;NA;NA;NA;NA;NA;NA;NA;NA;1,5352;NA;0,0039;5,0679;1,3365;0,5377;0,0418;NA;7,6306;4,5092;NA;0,1112;0,2189;0,0312;NA;NA;NA;NA;NA;NA;NA;NA;NA;NA;NA;NA;NA;NA;2,86;NA;0,26;0,04;5,13;0,79;4,89;NA;-0,71;4,81;NA;-4,48;-8,89;-6,99
Extremadura;2017;total;real;hacienda;FALSE;FALSE;20169546000,00;real;NA;NA;NA;NA;NA;NA;NA;NA;NA;NA;5171626730;NA;NA;NA;NA;NA;NA;NA;NA;NA;NA;NA;NA;NA;NA;NA;NA;NA;NA;NA;NA;NA;NA;NA;NA;NA;NA;NA;25,6408;NA;NA;NA;NA;NA;NA;NA;NA;NA;NA;NA;NA;NA;NA;NA;NA;NA;NA;NA;NA;NA;NA;NA;NA;NA;NA;NA;-0,50;NA;NA;NA
Extremadura;2018;total;real;autonomica;FALSE;FALSE;20713254000,00;real;317996579,00;NA;843492,00;1047130282,00;307539563,00;109954628,00;8777536,00;NA;1603961004,00;918227109,00;NA;23083317,00;50311665,00;6242477,00;0,0263;NA;0,0001;0,0867;0,0255;0,0091;0,0007;NA;0,1328;0,0760;NA;0,0019;0,0042;0,0005;1,5352;NA;0,0041;5,0554;1,4847;0,5308;0,0424;NA;7,7436;4,4330;NA;0,1114;0,2429;0,0301;NA;NA;NA;NA;NA;NA;NA;NA;NA;NA;NA;NA;NA;NA;2,70;NA;8,12;2,44;14,08;1,39;4,00;NA;4,22;0,96;NA;2,92;13,96;-0,94
Extremadura;2018;total;real;hacienda;FALSE;FALSE;20713254000,00;real;NA;NA;NA;NA;NA;NA;NA;NA;NA;NA;5433975910;NA;NA;NA;NA;NA;NA;NA;NA;NA;NA;NA;NA;NA;0,4497;NA;NA;NA;NA;NA;NA;NA;NA;NA;NA;NA;NA;NA;26,2343;NA;NA;NA;NA;NA;NA;NA;NA;NA;NA;NA;NA;NA;NA;NA;NA;NA;NA;NA;NA;NA;NA;NA;NA;NA;NA;NA;5,07;NA;NA;NA
Extremadura;2019;total;real;autonomica;FALSE;FALSE;21166132000,00;real;330608387,00;NA;795679,00;1078972561,00;313361114,00;120609777,00;10834942,00;NA;1691119508,00;940779570,00;NA;23694251,00;64571981,00;6224536,00;0,0265;NA;0,0001;0,0866;0,0252;0,0097;0,0009;NA;0,1358;0,0755;NA;0,0019;0,0052;0,0005;1,5620;NA;0,0038;5,0976;1,4805;0,5698;0,0512;NA;7,9897;4,4447;NA;0,1119;0,3051;0,0294;NA;NA;NA;NA;NA;NA;NA;NA;NA;NA;NA;NA;NA;NA;3,97;NA;-5,67;3,04;1,89;9,69;23,44;NA;5,43;2,46;NA;2,65;28,34;-0,29
Extremadura;2019;total;real;hacienda;FALSE;FALSE;21166132000,00;real;NA;NA;NA;NA;NA;NA;NA;NA;NA;NA;5797947040;NA;NA;NA;NA;NA;NA;NA;NA;NA;NA;NA;NA;NA;0,4655;NA;NA;NA;NA;NA;NA;NA;NA;NA;NA;NA;NA;NA;27,3926;NA;NA;NA;NA;NA;NA;NA;NA;NA;NA;NA;NA;NA;NA;NA;NA;NA;NA;NA;NA;NA;NA;NA;NA;NA;NA;NA;6,70;NA;NA;NA
Extremadura;2020;total;real;autonomica;FALSE;FALSE;19497343000,00;real;347141661,00;NA;842770,00;1110313493,00;327303628,00;107121478,00;11567653,00;NA;1742520488,00;957921474,00;NA;25053164,00;63786749,00;6026170,00;0,0307;NA;0,0001;0,0983;0,0290;0,0095;0,0010;NA;0,1543;0,0848;NA;0,0022;0,0056;0,0005;1,7805;NA;0,0043;5,6947;1,6787;0,5494;0,0593;NA;8,9372;4,9131;NA;0,1285;0,3272;0,0309;NA;NA;NA;NA;NA;NA;NA;NA;NA;NA;NA;NA;NA;NA;5,00;NA;5,92;2,90;4,45;-11,18;6,76;NA;3,04;1,82;NA;5,74;-1,22;-3,19
Extremadura;2020;total;real;hacienda;FALSE;FALSE;19497343000,00;real;NA;NA;NA;NA;NA;NA;NA;NA;NA;NA;6005877870;NA;NA;NA;NA;NA;NA;NA;NA;NA;NA;NA;NA;NA;0,5319;NA;NA;NA;NA;NA;NA;NA;NA;NA;NA;NA;NA;NA;30,8036;NA;NA;NA;NA;NA;NA;NA;NA;NA;NA;NA;NA;NA;NA;NA;NA;NA;NA;NA;NA;NA;NA;NA;NA;NA;NA;NA;3,59;NA;NA;NA
Extremadura;2021;total;real;autonomica;FALSE;FALSE;21551517000,00;real;360672739,00;NA;842370,00;1200745474,00;343359065,00;117651204,00;14993077,00;NA;1876516389,00;1002336789,00;NA;26431175,00;70705624,00;6080447,00;0,0295;NA;0,0001;0,0982;0,0281;0,0096;0,0012;NA;0,1535;0,0820;NA;0,0022;0,0058;0,0005;1,6735;NA;0,0039;5,5715;1,5932;0,5459;0,0696;NA;8,7071;4,6509;NA;0,1226;0,3281;0,0282;NA;NA;NA;NA;NA;NA;NA;NA;NA;NA;NA;NA;NA;NA;3,90;NA;-0,05;8,14;4,91;9,83;29,61;NA;7,69;4,64;NA;5,50;10,85;0,90
Extremadura;2021;total;real;hacienda;FALSE;FALSE;21551517000,00;real;NA;NA;NA;NA;NA;NA;NA;NA;NA;NA;6423894820;NA;NA;NA;NA;NA;NA;NA;NA;NA;NA;NA;NA;NA;0,5256;NA;NA;NA;NA;NA;NA;NA;NA;NA;NA;NA;NA;NA;29,8072;NA;NA;NA;NA;NA;NA;NA;NA;NA;NA;NA;NA;NA;NA;NA;NA;NA;NA;NA;NA;NA;NA;NA;NA;NA;NA;NA;6,96;NA;NA;NA
Extremadura;2022;total;real;autonomica;FALSE;FALSE;23486645000,00;real;412180332,00;NA;844606,00;1240872586,00;393155595,00;152257697,00;25058177,00;NA;2008513430,00;1000410914,00;NA;27195666,00;84768631,00;5848033,00;0,0300;NA;0,0001;0,0903;0,0286;0,0111;0,0018;NA;0,1462;0,0728;NA;0,0020;0,0062;0,0004;1,7550;NA;0,0036;5,2833;1,6740;0,6483;0,1067;NA;8,5517;4,2595;NA;0,1158;0,3609;0,0249;NA;NA;NA;NA;NA;NA;NA;NA;NA;NA;NA;NA;NA;NA;14,28;NA;0,27;3,34;14,50;29,41;67,13;NA;7,03;-0,19;NA;2,89;19,89;-3,82
Extremadura;2022;total;real;hacienda;FALSE;FALSE;23486645000,00;real;NA;NA;NA;NA;NA;NA;NA;NA;NA;NA;6999970110;NA;NA;NA;NA;NA;NA;NA;NA;NA;NA;NA;NA;NA;0,5096;NA;NA;NA;NA;NA;NA;NA;NA;NA;NA;NA;NA;NA;29,8040;NA;NA;NA;NA;NA;NA;NA;NA;NA;NA;NA;NA;NA;NA;NA;NA;NA;NA;NA;NA;NA;NA;NA;NA;NA;NA;NA;8,97;NA;NA;NA
Extremadura;2023;total;real;autonomica;FALSE;FALSE;25192615000,00;real;459483120,00;NA;857009,00;1316837775,00;400616946,00;171999033,00;27559491,00;NA;2204300044,00;1074515804,00;NA;29692255,00;134258208,00;7921346,00;0,0307;NA;0,0001;0,0879;0,0267;0,0115;0,0018;NA;0,1471;0,0717;NA;0,0020;0,0090;0,0005;1,8239;NA;0,0034;5,2271;1,5902;0,6827;0,1094;NA;8,7498;4,2652;NA;0,1179;0,5329;0,0314;NA;NA;NA;NA;NA;NA;NA;NA;NA;NA;NA;NA;NA;NA;11,48;NA;1,47;6,12;1,90;12,97;9,98;NA;9,75;7,41;NA;9,18;58,38;35,45
Extremadura;2023;total;real;hacienda;FALSE;FALSE;25192615000,00;real;NA;NA;NA;NA;NA;NA;NA;NA;NA;NA;7781092750;NA;NA;NA;NA;NA;NA;NA;NA;NA;NA;NA;NA;NA;0,5193;NA;NA;NA;NA;NA;NA;NA;NA;NA;NA;NA;NA;NA;30,8864;NA;NA;NA;NA;NA;NA;NA;NA;NA;NA;NA;NA;NA;NA;NA;NA;NA;NA;NA;NA;NA;NA;NA;NA;NA;NA;NA;11,16;NA;NA;NA
Extremadura;2024;total;real;autonomica;FALSE;FALSE;26583476000,00;real;485778189,00;NA;909689,00;1384367923,00;407922127,00;162079750,00;30075601,00;NA;2282097280,00;1137029049,00;NA;41550144,00;142682822,00;11665643,00;0,0305;NA;0,0001;0,0870;0,0256;0,0102;0,0019;NA;0,1434;0,0714;NA;0,0026;0,0090;0,0007;1,8274;NA;0,0034;5,2076;1,5345;0,6097;0,1131;NA;8,5846;4,2772;NA;0,1563;0,5367;0,0439;459,90;NA;0,86;1310,62;386,19;153,45;28,47;NA;2160,52;1076,46;NA;39,34;135,08;11,04;5,72;NA;6,15;5,13;1,82;-5,77;9,13;NA;3,53;5,82;NA;39,94;6,27;47,27
Extremadura;2024;total;real;hacienda;FALSE;FALSE;26583476000,00;real;NA;NA;NA;NA;NA;NA;NA;NA;NA;NA;8127109110;NA;NA;NA;NA;NA;NA;NA;NA;NA;NA;NA;NA;NA;0,5106;NA;NA;NA;NA;NA;NA;NA;NA;NA;NA;NA;NA;NA;30,5720;NA;NA;NA;NA;NA;NA;NA;NA;NA;NA;NA;NA;NA;7694,15;NA;NA;NA;NA;NA;NA;NA;NA;NA;NA;NA;NA;NA;4,45;NA;NA;NA
Extremadura;2025;total;real;autonomica;FALSE;FALSE;28051125150,87;proyeccion;485778189,00;NA;909689,00;1384367923,00;407922127,00;162079750,00;30075601,00;NA;2282097280,00;1137029049,00;NA;41550144,00;142682822,00;11665643,00;0,0295;NA;0,0001;0,0840;0,0248;0,0098;0,0018;NA;0,1385;0,0690;NA;0,0025;0,0087;0,0007;1,7318;NA;0,0032;4,9352;1,4542;0,5778;0,1072;NA;8,1355;4,0534;NA;0,1481;0,5087;0,0416;460,89;NA;0,86;1313,44;387,02;153,78;28,53;NA;2165,18;1078,78;NA;39,42;135,37;11,07;0,00;NA;0,00;0,00;0,00;0,00;0,00;NA;0,00;0,00;NA;0,00;0,00;0,00
Extremadura;2025;total;real;hacienda;FALSE;FALSE;28051125150,87;proyeccion;NA;NA;NA;NA;NA;NA;NA;NA;NA;NA;8098337980;NA;NA;NA;NA;NA;NA;NA;NA;NA;NA;NA;NA;NA;0,4914;NA;NA;NA;NA;NA;NA;NA;NA;NA;NA;NA;NA;NA;28,8699;NA;NA;NA;NA;NA;NA;NA;NA;NA;NA;NA;NA;NA;7683,43;NA;NA;NA;NA;NA;NA;NA;NA;NA;NA;NA;NA;NA;-0,35;NA;NA;NA
Extremadura;2026;total;real;autonomica;FALSE;FALSE;29283045487,13;proyeccion;485778189,00;NA;909689,00;1384367923,00;407922127,00;162079750,00;30075601,00;NA;2282097280,00;1137029049,00;NA;41550144,00;142682822,00;11665643,00;0,0286;NA;0,0001;0,0814;0,0240;0,0095;0,0018;NA;0,1342;0,0668;NA;0,0024;0,0084;0,0007;1,6589;NA;0,0031;4,7275;1,3930;0,5535;0,1027;NA;7,7932;3,8829;NA;0,1419;0,4873;0,0398;461,77;NA;0,86;1315,94;387,76;154,07;28,59;NA;2169,29;1080,83;NA;39,50;135,63;11,09;0,00;NA;0,00;0,00;0,00;0,00;0,00;NA;0,00;0,00;NA;0,00;0,00;0,00
Galicia;2015;total;real;autonomica;FALSE;TRUE;57010602000,00;real;327047917,00;16625753,00;8297491,00;2097391793,00;194115762,00;182304336,00;9263920,00;12951703,00;3365526487,00;523023071,00;NA;84572732,00;98603367,00;3376671,00;NA;NA;NA;NA;NA;NA;NA;NA;NA;NA;NA;NA;NA;NA;0,5737;0,0292;0,0146;3,6790;0,3405;0,3198;0,0162;0,0227;5,9033;0,9174;NA;0,1483;0,1730;0,0059;NA;NA;NA;NA;NA;NA;NA;NA;NA;NA;NA;NA;NA;NA;NA;NA;NA;NA;NA;NA;NA;NA;NA;NA;NA;NA;NA;NA
Galicia;2015;total;real;hacienda;FALSE;FALSE;57010602000,00;real;NA;NA;NA;NA;NA;NA;NA;NA;NA;NA;9790361600;NA;NA;NA;NA;NA;NA;NA;NA;NA;NA;NA;NA;NA;NA;NA;NA;NA;NA;NA;NA;NA;NA;NA;NA;NA;NA;NA;17,1729;NA;NA;NA;NA;NA;NA;NA;NA;NA;NA;NA;NA;NA;NA;NA;NA;NA;NA;NA;NA;NA;NA;NA;NA;NA;NA;NA;NA;NA;NA;NA
Galicia;2016;total;real;autonomica;FALSE;TRUE;58564023000,00;real;352447241,00;22230923,00;9427880,00;2198190396,00;210933016,00;213803009,00;10963616,00;14361231,00;3541657595,00;584454250,00;NA;97414896,00;95580618,00;3636325,00;NA;NA;NA;NA;NA;NA;NA;NA;NA;NA;NA;NA;NA;NA;0,6018;0,0380;0,0161;3,7535;0,3602;0,3651;0,0187;0,0245;6,0475;0,9980;NA;0,1663;0,1632;0,0062;NA;NA;NA;NA;NA;NA;NA;NA;NA;NA;NA;NA;NA;NA;7,77;33,71;13,62;4,81;8,66;17,28;18,35;10,88;5,23;11,75;NA;15,18;-3,07;7,69
Galicia;2016;total;real;hacienda;FALSE;FALSE;58564023000,00;real;NA;NA;NA;NA;NA;NA;NA;NA;NA;NA;10310241400;NA;NA;NA;NA;NA;NA;NA;NA;NA;NA;NA;NA;NA;NA;NA;NA;NA;NA;NA;NA;NA;NA;NA;NA;NA;NA;NA;17,6051;NA;NA;NA;NA;NA;NA;NA;NA;NA;NA;NA;NA;NA;NA;NA;NA;NA;NA;NA;NA;NA;NA;NA;NA;NA;NA;NA;5,31;NA;NA;NA
Galicia;2017;total;real;autonomica;FALSE;TRUE;60630852000,00;real;366132154,00;25264423,00;9874953,00;2261255143,00;242973137,00;218078014,00;12188542,00;14245060,00;3652332091,00;604934345,00;NA;105579724,00;92137126,00;3474031,00;NA;NA;NA;NA;NA;NA;NA;NA;NA;NA;NA;NA;NA;NA;0,6039;0,0417;0,0163;3,7295;0,4007;0,3597;0,0201;0,0235;6,0239;0,9977;NA;0,1741;0,1520;0,0057;NA;NA;NA;NA;NA;NA;NA;NA;NA;NA;NA;NA;NA;NA;3,88;13,65;4,74;2,87;15,19;2,00;11,17;-0,81;3,12;3,50;NA;8,38;-3,60;-4,46
Galicia;2017;total;real;hacienda;FALSE;FALSE;60630852000,00;real;NA;NA;NA;NA;NA;NA;NA;NA;NA;NA;11029406160;NA;NA;NA;NA;NA;NA;NA;NA;NA;NA;NA;NA;NA;NA;NA;NA;NA;NA;NA;NA;NA;NA;NA;NA;NA;NA;NA;18,1911;NA;NA;NA;NA;NA;NA;NA;NA;NA;NA;NA;NA;NA;NA;NA;NA;NA;NA;NA;NA;NA;NA;NA;NA;NA;NA;NA;6,98;NA;NA;NA
Galicia;2018;total;real;autonomica;FALSE;TRUE;62649363000,00;real;404565100,00;29128495,00;11602427,00;2337684996,00;246971190,00;238413533,00;12653752,00;15105652,00;3917820182,00;583679346,00;NA;121664794,00;102524662,00;3553525,00;0,0335;0,0024;0,0010;0,1935;0,0204;0,0197;0,0010;0,0013;0,3243;0,0483;NA;0,0101;0,0085;0,0003;0,6458;0,0465;0,0185;3,7314;0,3942;0,3806;0,0202;0,0241;6,2536;0,9317;NA;0,1942;0,1636;0,0057;NA;NA;NA;NA;NA;NA;NA;NA;NA;NA;NA;NA;NA;NA;10,50;15,29;17,49;3,38;1,65;9,32;3,82;6,04;7,27;-3,51;NA;15,23;11,27;2,29
Galicia;2018;total;real;hacienda;FALSE;FALSE;62649363000,00;real;NA;NA;NA;NA;NA;NA;NA;NA;NA;NA;10723973150;NA;NA;NA;NA;NA;NA;NA;NA;NA;NA;NA;NA;NA;0,8876;NA;NA;NA;NA;NA;NA;NA;NA;NA;NA;NA;NA;NA;17,1174;NA;NA;NA;NA;NA;NA;NA;NA;NA;NA;NA;NA;NA;NA;NA;NA;NA;NA;NA;NA;NA;NA;NA;NA;NA;NA;NA;-2,77;NA;NA;NA
Galicia;2019;total;real;autonomica;FALSE;TRUE;64502005000,00;real;419338223,00;30901757,00;13310196,00;2412867739,00;263825058,00;242736721,00;21477595,00;15258685,00;4055163402,00;603130896,00;NA;125930862,00;105656547,00;3611860,00;0,0337;0,0025;0,0011;0,1937;0,0212;0,0195;0,0017;0,0012;0,3256;0,0484;NA;0,0101;0,0085;0,0003;0,6501;0,0479;0,0206;3,7408;0,4090;0,3763;0,0333;0,0237;6,2869;0,9351;NA;0,1952;0,1638;0,0056;NA;NA;NA;NA;NA;NA;NA;NA;NA;NA;NA;NA;NA;NA;3,65;6,09;14,72;3,22;6,82;1,81;69,73;1,01;3,51;3,33;NA;3,51;3,05;1,64
Galicia;2019;total;real;hacienda;FALSE;FALSE;64502005000,00;real;NA;NA;NA;NA;NA;NA;NA;NA;NA;NA;11544351290;NA;NA;NA;NA;NA;NA;NA;NA;NA;NA;NA;NA;NA;0,9269;NA;NA;NA;NA;NA;NA;NA;NA;NA;NA;NA;NA;NA;17,8977;NA;NA;NA;NA;NA;NA;NA;NA;NA;NA;NA;NA;NA;NA;NA;NA;NA;NA;NA;NA;NA;NA;NA;NA;NA;NA;NA;7,65;NA;NA;NA
Galicia;2020;total;real;autonomica;FALSE;TRUE;59007178000,00;real;441575398,00;32250649,00;14236313,00;2520437222,00;275655389,00;264879109,00;23163164,00;16317089,00;4191355776,00;634635466,00;NA;127641907,00;94882923,00;3718663,00;0,0391;0,0029;0,0013;0,2232;0,0244;0,0235;0,0021;0,0014;0,3712;0,0562;NA;0,0113;0,0084;0,0003;0,7483;0,0547;0,0241;4,2714;0,4672;0,4489;0,0393;0,0277;7,1031;1,0755;NA;0,2163;0,1608;0,0063;NA;NA;NA;NA;NA;NA;NA;NA;NA;NA;NA;NA;NA;NA;5,30;4,37;6,96;4,46;4,48;9,12;7,85;6,94;3,36;5,22;NA;1,36;-10,20;2,96
Galicia;2020;total;real;hacienda;FALSE;FALSE;59007178000,00;real;NA;NA;NA;NA;NA;NA;NA;NA;NA;NA;11821575340;NA;NA;NA;NA;NA;NA;NA;NA;NA;NA;NA;NA;NA;1,0469;NA;NA;NA;NA;NA;NA;NA;NA;NA;NA;NA;NA;NA;20,0341;NA;NA;NA;NA;NA;NA;NA;NA;NA;NA;NA;NA;NA;NA;NA;NA;NA;NA;NA;NA;NA;NA;NA;NA;NA;NA;NA;2,40;NA;NA;NA
Galicia;2021;total;real;autonomica;FALSE;TRUE;64387386000,00;real;519013879,00;33868603,00;17163964,00;2689451194,00;372567704,00;395218063,00;24941328,00;16215502,00;4712923613,00;690517653,00;NA;195767880,00;109512182,00;3734804,00;0,0425;0,0028;0,0014;0,2200;0,0305;0,0323;0,0020;0,0013;0,3856;0,0565;NA;0,0160;0,0090;0,0003;0,8061;0,0526;0,0267;4,1770;0,5786;0,6138;0,0387;0,0252;7,3196;1,0724;NA;0,3040;0,1701;0,0058;NA;NA;NA;NA;NA;NA;NA;NA;NA;NA;NA;NA;NA;NA;17,54;5,02;20,56;6,71;35,16;49,21;7,68;-0,62;12,44;8,81;NA;53,37;15,42;0,43
Galicia;2021;total;real;hacienda;FALSE;FALSE;64387386000,00;real;NA;NA;NA;NA;NA;NA;NA;NA;NA;NA;13396505630;NA;NA;NA;NA;NA;NA;NA;NA;NA;NA;NA;NA;NA;1,0960;NA;NA;NA;NA;NA;NA;NA;NA;NA;NA;NA;NA;NA;20,8061;NA;NA;NA;NA;NA;NA;NA;NA;NA;NA;NA;NA;NA;NA;NA;NA;NA;NA;NA;NA;NA;NA;NA;NA;NA;NA;NA;13,32;NA;NA;NA
Galicia;2022;total;real;autonomica;FALSE;TRUE;71636381000,00;real;553166639,00;42149804,00;16847451,00;2763441230,00;396446745,00;411198306,00;29487315,00;16146151,00;4708013386,00;738573543,00;NA;201592114,00;135454306,00;3762034,00;0,0403;0,0031;0,0012;0,2012;0,0289;0,0299;0,0021;0,0012;0,3427;0,0538;NA;0,0147;0,0099;0,0003;0,7722;0,0588;0,0235;3,8576;0,5534;0,5740;0,0412;0,0225;6,5721;1,0310;NA;0,2814;0,1891;0,0053;NA;NA;NA;NA;NA;NA;NA;NA;NA;NA;NA;NA;NA;NA;6,58;24,45;-1,84;2,75;6,41;4,04;18,23;-0,43;-0,10;6,96;NA;2,98;23,69;0,73
Galicia;2022;total;real;hacienda;FALSE;FALSE;71636381000,00;real;NA;NA;NA;NA;NA;NA;NA;NA;NA;NA;13117948260;NA;NA;NA;NA;NA;NA;NA;NA;NA;NA;NA;NA;NA;0,9550;NA;NA;NA;NA;NA;NA;NA;NA;NA;NA;NA;NA;NA;18,3119;NA;NA;NA;NA;NA;NA;NA;NA;NA;NA;NA;NA;NA;NA;NA;NA;NA;NA;NA;NA;NA;NA;NA;NA;NA;NA;NA;-2,08;NA;NA;NA
Galicia;2023;total;real;autonomica;FALSE;TRUE;77461411000,00;real;599469409,00;57817595,00;20447147,00;2873380743,00;444518895,00;438217629,00;31937149,00;16803325,00;5170564504,00;780046044,00;NA;229152090,00;154266820,00;6027722,00;0,0400;0,0039;0,0014;0,1918;0,0297;0,0292;0,0021;0,0011;0,3451;0,0521;NA;0,0153;0,0103;0,0004;0,7739;0,0746;0,0264;3,7094;0,5739;0,5657;0,0412;0,0217;6,6750;1,0070;NA;0,2958;0,1992;0,0078;NA;NA;NA;NA;NA;NA;NA;NA;NA;NA;NA;NA;NA;NA;8,37;37,17;21,37;3,98;12,13;6,57;8,31;4,07;9,82;5,62;NA;13,67;13,89;60,23
Galicia;2023;total;real;hacienda;FALSE;FALSE;77461411000,00;real;NA;NA;NA;NA;NA;NA;NA;NA;NA;NA;14167171160;NA;NA;NA;NA;NA;NA;NA;NA;NA;NA;NA;NA;NA;0,9455;NA;NA;NA;NA;NA;NA;NA;NA;NA;NA;NA;NA;NA;18,2893;NA;NA;NA;NA;NA;NA;NA;NA;NA;NA;NA;NA;NA;NA;NA;NA;NA;NA;NA;NA;NA;NA;NA;NA;NA;NA;NA;8,00;NA;NA;NA
Galicia;2024;total;real;autonomica;FALSE;TRUE;81839712000,00;real;715948712,00;55159820,00;22396775,00;2951527495,00;449785825,00;421986307,00;40003586,00;17254574,00;5379507186,00;794886909,00;NA;235111676,00;189958097,00;6262890,00;0,0450;0,0035;0,0014;0,1854;0,0283;0,0265;0,0025;0,0011;0,3380;0,0499;NA;0,0148;0,0119;0,0004;0,8748;0,0674;0,0274;3,6065;0,5496;0,5156;0,0489;0,0211;6,5732;0,9713;NA;0,2873;0,2321;0,0077;265,43;20,45;8,30;1094,25;166,75;156,45;14,83;6,40;1994,41;294,70;NA;87,17;70,43;2,32;19,43;-4,60;9,53;2,72;1,18;-3,70;25,26;2,69;4,04;1,90;NA;2,60;23,14;3,90
Galicia;2024;total;real;hacienda;FALSE;FALSE;81839712000,00;real;NA;NA;NA;NA;NA;NA;NA;NA;NA;NA;14815200880;NA;NA;NA;NA;NA;NA;NA;NA;NA;NA;NA;NA;NA;0,9308;NA;NA;NA;NA;NA;NA;NA;NA;NA;NA;NA;NA;NA;18,1027;NA;NA;NA;NA;NA;NA;NA;NA;NA;NA;NA;NA;NA;5492,61;NA;NA;NA;NA;NA;NA;NA;NA;NA;NA;NA;NA;NA;4,57;NA;NA;NA
Galicia;2025;total;real;autonomica;FALSE;TRUE;84727981648,30;proyeccion;797667697,00;55914419,00;24023714,00;3065989649,00;447693569,00;411410747,00;44039145,00;22154490,00;5675373515,00;844475573,00;NA;240999890,00;236492482,00;6709836,00;0,0484;0,0034;0,0015;0,1860;0,0272;0,0250;0,0027;0,0013;0,3444;0,0512;NA;0,0146;0,0144;0,0004;0,9414;0,0660;0,0284;3,6186;0,5284;0,4856;0,0520;0,0261;6,6983;0,9967;NA;0,2844;0,2791;0,0079;295,65;20,72;8,90;1136,39;165,94;152,49;16,32;8,21;2103,55;313,00;NA;89,33;87,65;2,49;11,41;1,37;7,26;3,88;-0,47;-2,51;10,09;28,40;5,50;6,24;NA;2,50;24,50;7,14
Galicia;2025;total;real;hacienda;FALSE;FALSE;84727981648,30;proyeccion;NA;NA;NA;NA;NA;NA;NA;NA;NA;NA;15740540500;NA;NA;NA;NA;NA;NA;NA;NA;NA;NA;NA;NA;NA;0,9551;NA;NA;NA;NA;NA;NA;NA;NA;NA;NA;NA;NA;NA;18,5777;NA;NA;NA;NA;NA;NA;NA;NA;NA;NA;NA;NA;NA;5834,15;NA;NA;NA;NA;NA;NA;NA;NA;NA;NA;NA;NA;NA;6,25;NA;NA;NA
Galicia;2026;total;real;autonomica;FALSE;TRUE;89517006299,28;proyeccion;910929100,00;53470252,00;25350060,00;3125909375,00;445727681,00;369020937,00;43963956,00;24889913,00;5840969114,00;859679318,00;NA;221476344,00;287554167,00;6968374,00;0,0536;0,0031;0,0015;0,1838;0,0262;0,0217;0,0026;0,0015;0,3434;0,0505;NA;0,0130;0,0169;0,0004;1,0176;0,0597;0,0283;3,4920;0,4979;0,4122;0,0491;0,0278;6,5250;0,9604;NA;0,2474;0,3212;0,0078;337,51;19,81;9,39;1158,17;165,15;136,73;16,29;9,22;2164,12;318,52;NA;82,06;106,54;2,58;14,20;-4,37;5,52;1,95;-0,44;-10,30;-0,17;12,35;2,92;1,80;NA;-8,10;21,59;3,85
Islas Baleares;2015;total;real;autonomica;FALSE;FALSE;28653742000,00;real;120964828,00;2178260,00;1773683,00;775802264,00;49930749,00;12789633,00;2536544,00;7737937,00;1293305893,00;58564872,00;NA;39767443,00;14903480,00;4366601,00;NA;NA;NA;NA;NA;NA;NA;NA;NA;NA;NA;NA;NA;NA;0,4222;0,0076;0,0062;2,7075;0,1743;0,0446;0,0089;0,0270;4,5136;0,2044;NA;0,1388;0,0520;0,0152;NA;NA;NA;NA;NA;NA;NA;NA;NA;NA;NA;NA;NA;NA;NA;NA;NA;NA;NA;NA;NA;NA;NA;NA;NA;NA;NA;NA
Islas Baleares;2015;total;real;hacienda;FALSE;FALSE;28653742000,00;real;NA;NA;NA;NA;NA;NA;NA;NA;NA;NA;4035591970;NA;NA;NA;NA;NA;NA;NA;NA;NA;NA;NA;NA;NA;NA;NA;NA;NA;NA;NA;NA;NA;NA;NA;NA;NA;NA;NA;14,0840;NA;NA;NA;NA;NA;NA;NA;NA;NA;NA;NA;NA;NA;NA;NA;NA;NA;NA;NA;NA;NA;NA;NA;NA;NA;NA;NA;NA;NA;NA;NA
Islas Baleares;2016;total;real;autonomica;FALSE;FALSE;30233284000,00;real;137523501,00;2716671,00;2178344,00;817453988,00;59775360,00;13392569,00;2634590,00;7566414,00;1370092639,00;52104398,00;NA;38294520,00;45254455,00;3184193,00;NA;NA;NA;NA;NA;NA;NA;NA;NA;NA;NA;NA;NA;NA;0,4549;0,0090;0,0072;2,7038;0,1977;0,0443;0,0087;0,0250;4,5317;0,1723;NA;0,1267;0,1497;0,0105;NA;NA;NA;NA;NA;NA;NA;NA;NA;NA;NA;NA;NA;NA;13,69;24,72;22,81;5,37;19,72;4,71;3,87;-2,22;5,94;-11,03;NA;-3,70;203,65;-27,08
Islas Baleares;2016;total;real;hacienda;FALSE;FALSE;30233284000,00;real;NA;NA;NA;NA;NA;NA;NA;NA;NA;NA;4240896700;NA;NA;NA;NA;NA;NA;NA;NA;NA;NA;NA;NA;NA;NA;NA;NA;NA;NA;NA;NA;NA;NA;NA;NA;NA;NA;NA;14,0272;NA;NA;NA;NA;NA;NA;NA;NA;NA;NA;NA;NA;NA;NA;NA;NA;NA;NA;NA;NA;NA;NA;NA;NA;NA;NA;NA;5,09;NA;NA;NA
Islas Baleares;2017;total;real;autonomica;FALSE;FALSE;31746251000,00;real;145471681,00;14047083,00;2539256,00;883516262,00;85942112,00;20316826,00;3112708,00;2521219,00;1474285487,00;54362916,00;NA;41390816,00;53514942,00;3183022,00;NA;NA;NA;NA;NA;NA;NA;NA;NA;NA;NA;NA;NA;NA;0,4582;0,0442;0,0080;2,7831;0,2707;0,0640;0,0098;0,0079;4,6440;0,1712;NA;0,1304;0,1686;0,0100;NA;NA;NA;NA;NA;NA;NA;NA;NA;NA;NA;NA;NA;NA;5,78;417,07;16,57;8,08;43,78;51,70;18,15;-66,68;7,60;4,33;NA;8,09;18,25;-0,04
Islas Baleares;2017;total;real;hacienda;FALSE;FALSE;31746251000,00;real;NA;NA;NA;NA;NA;NA;NA;NA;NA;NA;4668235900;NA;NA;NA;NA;NA;NA;NA;NA;NA;NA;NA;NA;NA;NA;NA;NA;NA;NA;NA;NA;NA;NA;NA;NA;NA;NA;NA;14,7048;NA;NA;NA;NA;NA;NA;NA;NA;NA;NA;NA;NA;NA;NA;NA;NA;NA;NA;NA;NA;NA;NA;NA;NA;NA;NA;NA;10,08;NA;NA;NA
Islas Baleares;2018;total;real;autonomica;FALSE;FALSE;33185968000,00;real;155633935,00;13858456,00;2584873,00;936446757,00;99221099,00;32422122,00;3474195,00;2323372,00;1555473300,00;57219331,00;NA;91637760,00;29036244,00;3380027,00;0,0129;0,0011;0,0002;0,0775;0,0082;0,0027;0,0003;0,0002;0,1287;0,0047;NA;0,0076;0,0024;0,0003;0,4690;0,0418;0,0078;2,8218;0,2990;0,0977;0,0105;0,0070;4,6871;0,1724;NA;0,2761;0,0875;0,0102;NA;NA;NA;NA;NA;NA;NA;NA;NA;NA;NA;NA;NA;NA;6,99;-1,34;1,80;5,99;15,45;59,58;11,61;-7,85;5,51;5,25;NA;121,40;-45,74;6,19
Islas Baleares;2018;total;real;hacienda;FALSE;FALSE;33185968000,00;real;NA;NA;NA;NA;NA;NA;NA;NA;NA;NA;5008809100;NA;NA;NA;NA;NA;NA;NA;NA;NA;NA;NA;NA;NA;0,4146;NA;NA;NA;NA;NA;NA;NA;NA;NA;NA;NA;NA;NA;15,0932;NA;NA;NA;NA;NA;NA;NA;NA;NA;NA;NA;NA;NA;NA;NA;NA;NA;NA;NA;NA;NA;NA;NA;NA;NA;NA;NA;7,30;NA;NA;NA
Islas Baleares;2019;total;real;autonomica;FALSE;FALSE;34350576000,00;real;146164142,00;18035804,00;2598232,00;1001143014,00;111709104,00;52206548,00;7262741,00;2324612,00;1708001124,00;69108740,00;NA;37965673,00;65127226,00;3344591,00;0,0117;0,0014;0,0002;0,0804;0,0090;0,0042;0,0006;0,0002;0,1371;0,0055;NA;0,0030;0,0052;0,0003;0,4255;0,0525;0,0076;2,9145;0,3252;0,1520;0,0211;0,0068;4,9723;0,2012;NA;0,1105;0,1896;0,0097;NA;NA;NA;NA;NA;NA;NA;NA;NA;NA;NA;NA;NA;NA;-6,08;30,14;0,52;6,91;12,59;61,02;109,05;0,05;9,81;20,78;NA;-58,57;124,30;-1,05
Islas Baleares;2019;total;real;hacienda;FALSE;FALSE;34350576000,00;real;NA;NA;NA;NA;NA;NA;NA;NA;NA;NA;5457748640;NA;NA;NA;NA;NA;NA;NA;NA;NA;NA;NA;NA;NA;0,4382;NA;NA;NA;NA;NA;NA;NA;NA;NA;NA;NA;NA;NA;15,8884;NA;NA;NA;NA;NA;NA;NA;NA;NA;NA;NA;NA;NA;NA;NA;NA;NA;NA;NA;NA;NA;NA;NA;NA;NA;NA;NA;8,96;NA;NA;NA
Islas Baleares;2020;total;real;autonomica;FALSE;FALSE;26669106000,00;real;117802023,00;24463826,00;434379,00;1006286707,00;21732646,00;36796087,00;16531460,00;32562726,00;1706612123,00;53484843,00;NA;33472937,00;63782390,00;3380395,00;0,0104;0,0022;0,0000;0,0891;0,0019;0,0033;0,0015;0,0029;0,1511;0,0047;NA;0,0030;0,0056;0,0003;0,4417;0,0917;0,0016;3,7732;0,0815;0,1380;0,0620;0,1221;6,3992;0,2005;NA;0,1255;0,2392;0,0127;NA;NA;NA;NA;NA;NA;NA;NA;NA;NA;NA;NA;NA;NA;-19,40;35,64;-83,28;0,51;-80,55;-29,52;127,62;1300,78;-0,08;-22,61;NA;-11,83;-2,06;1,07
Islas Baleares;2020;total;real;hacienda;FALSE;FALSE;26669106000,00;real;NA;NA;NA;NA;NA;NA;NA;NA;NA;NA;5893123690;NA;NA;NA;NA;NA;NA;NA;NA;NA;NA;NA;NA;NA;0,5219;NA;NA;NA;NA;NA;NA;NA;NA;NA;NA;NA;NA;NA;22,0972;NA;NA;NA;NA;NA;NA;NA;NA;NA;NA;NA;NA;NA;NA;NA;NA;NA;NA;NA;NA;NA;NA;NA;NA;NA;NA;NA;7,98;NA;NA;NA
Islas Baleares;2021;total;real;autonomica;FALSE;FALSE;30512146000,00;real;127903857,00;25413028,00;402942,00;1021264016,00;105056584,00;29618317,00;16401438,00;29895936,00;1761504096,00;49266969,00;NA;35338649,00;35663347,00;3254225,00;0,0105;0,0021;0,0000;0,0836;0,0086;0,0024;0,0013;0,0024;0,1441;0,0040;NA;0,0029;0,0029;0,0003;0,4192;0,0833;0,0013;3,3471;0,3443;0,0971;0,0538;0,0980;5,7731;0,1615;NA;0,1158;0,1169;0,0107;NA;NA;NA;NA;NA;NA;NA;NA;NA;NA;NA;NA;NA;NA;8,58;3,88;-7,24;1,49;383,40;-19,51;-0,79;-8,19;3,22;-7,89;NA;5,57;-44,09;-3,73
Islas Baleares;2021;total;real;hacienda;FALSE;FALSE;30512146000,00;real;NA;NA;NA;NA;NA;NA;NA;NA;NA;NA;5881551720;NA;NA;NA;NA;NA;NA;NA;NA;NA;NA;NA;NA;NA;0,4812;NA;NA;NA;NA;NA;NA;NA;NA;NA;NA;NA;NA;NA;19,2761;NA;NA;NA;NA;NA;NA;NA;NA;NA;NA;NA;NA;NA;NA;NA;NA;NA;NA;NA;NA;NA;NA;NA;NA;NA;NA;NA;-0,20;NA;NA;NA
Islas Baleares;2022;total;real;autonomica;FALSE;FALSE;37189162000,00;real;174166170,00;26840389,00;5282172,00;1136369323,00;137930119,00;33081410,00;17730872,00;49146561,00;1939280479,00;57464096,00;NA;32018364,00;36452524,00;3244731,00;0,0127;0,0020;0,0004;0,0827;0,0100;0,0024;0,0013;0,0036;0,1412;0,0042;NA;0,0023;0,0027;0,0002;0,4683;0,0722;0,0142;3,0556;0,3709;0,0890;0,0477;0,1322;5,2146;0,1545;NA;0,0861;0,0980;0,0087;NA;NA;NA;NA;NA;NA;NA;NA;NA;NA;NA;NA;NA;NA;36,17;5,62;1210,90;11,27;31,29;11,69;8,11;64,39;10,09;16,64;NA;-9,40;2,21;-0,29
Islas Baleares;2022;total;real;hacienda;FALSE;FALSE;37189162000,00;real;NA;NA;NA;NA;NA;NA;NA;NA;NA;NA;6397821710;NA;NA;NA;NA;NA;NA;NA;NA;NA;NA;NA;NA;NA;0,4658;NA;NA;NA;NA;NA;NA;NA;NA;NA;NA;NA;NA;NA;17,2035;NA;NA;NA;NA;NA;NA;NA;NA;NA;NA;NA;NA;NA;NA;NA;NA;NA;NA;NA;NA;NA;NA;NA;NA;NA;NA;NA;8,78;NA;NA;NA
Islas Baleares;2023;total;real;autonomica;FALSE;FALSE;41502526000,00;real;202413664,00;29258962,00;5345802,00;1245709578,00;145218055,00;54898603,00;20735232,00;115537986,00;2199720288,00;69184838,00;NA;188442426,00;104618883,00;3379312,00;0,0135;0,0020;0,0004;0,0831;0,0097;0,0037;0,0014;0,0077;0,1468;0,0046;NA;0,0126;0,0070;0,0002;0,4877;0,0705;0,0129;3,0015;0,3499;0,1323;0,0500;0,2784;5,3002;0,1667;NA;0,4541;0,2521;0,0081;NA;NA;NA;NA;NA;NA;NA;NA;NA;NA;NA;NA;NA;NA;16,22;9,01;1,20;9,62;5,28;65,95;16,94;135,09;13,43;20,40;NA;488,54;187,00;4,15
Islas Baleares;2023;total;real;hacienda;FALSE;FALSE;41502526000,00;real;NA;NA;NA;NA;NA;NA;NA;NA;NA;NA;7133371710;NA;NA;NA;NA;NA;NA;NA;NA;NA;NA;NA;NA;NA;0,4761;NA;NA;NA;NA;NA;NA;NA;NA;NA;NA;NA;NA;NA;17,1878;NA;NA;NA;NA;NA;NA;NA;NA;NA;NA;NA;NA;NA;NA;NA;NA;NA;NA;NA;NA;NA;NA;NA;NA;NA;NA;NA;11,50;NA;NA;NA
Islas Baleares;2024;total;real;autonomica;FALSE;FALSE;44692852000,00;real;200326339,00;32042963,00;3597243,00;1343385180,00;29600694,00;88256187,00;9444077,00;66909910,00;2273123710,00;93802215,00;NA;253406214,00;71881943,00;3299594,00;0,0126;0,0020;0,0002;0,0844;0,0019;0,0055;0,0006;0,0042;0,1428;0,0059;NA;0,0159;0,0045;0,0002;0,4482;0,0717;0,0080;3,0058;0,0662;0,1975;0,0211;0,1497;5,0861;0,2099;NA;0,5670;0,1608;0,0074;164,28;26,28;2,95;1101,66;24,27;72,38;7,74;54,87;1864,10;76,92;NA;207,81;58,95;2,71;-1,03;9,52;-32,71;7,84;-79,62;60,76;-54,45;-42,09;3,34;35,58;NA;34,47;-31,29;-2,36
Islas Baleares;2024;total;real;hacienda;FALSE;FALSE;44692852000,00;real;NA;NA;NA;NA;NA;NA;NA;NA;NA;NA;7320653460;NA;NA;NA;NA;NA;NA;NA;NA;NA;NA;NA;NA;NA;0,4600;NA;NA;NA;NA;NA;NA;NA;NA;NA;NA;NA;NA;NA;16,3799;NA;NA;NA;NA;NA;NA;NA;NA;NA;NA;NA;NA;NA;6003,37;NA;NA;NA;NA;NA;NA;NA;NA;NA;NA;NA;NA;NA;2,63;NA;NA;NA
Islas Baleares;2025;total;real;autonomica;FALSE;FALSE;47156552442,12;proyeccion;225188836,00;36746386,00;6837711,00;1421043777,00;154891570,00;98924931,00;9483352,00;64992256,00;2393412726,00;76467547,00;NA;208232117,00;98034268,00;4277714,00;0,0137;0,0022;0,0004;0,0862;0,0094;0,0060;0,0006;0,0039;0,1452;0,0046;NA;0,0126;0,0059;0,0003;0,4775;0,0779;0,0145;3,0135;0,3285;0,2098;0,0201;0,1378;5,0755;0,1622;NA;0,4416;0,2079;0,0091;182,34;29,75;5,54;1150,64;125,42;80,10;7,68;52,63;1937,99;61,92;NA;168,61;79,38;3,46;12,41;14,68;90,08;5,78;423,27;12,09;0,42;-2,87;5,29;-18,48;NA;-17,83;36,38;29,64
Islas Baleares;2025;total;real;hacienda;FALSE;FALSE;47156552442,12;proyeccion;NA;NA;NA;NA;NA;NA;NA;NA;NA;NA;7469140340;NA;NA;NA;NA;NA;NA;NA;NA;NA;NA;NA;NA;NA;0,4532;NA;NA;NA;NA;NA;NA;NA;NA;NA;NA;NA;NA;NA;15,8390;NA;NA;NA;NA;NA;NA;NA;NA;NA;NA;NA;NA;NA;6047,89;NA;NA;NA;NA;NA;NA;NA;NA;NA;NA;NA;NA;NA;2,03;NA;NA;NA
Islas Baleares;2026;total;real;autonomica;FALSE;FALSE;50781507109,37;proyeccion;249514601,00;37165911,00;1353429,00;1400836886,00;138730464,00;78961365,00;8588030,00;63313138,00;2425549966,00;70774415,00;NA;185626005,00;28701877,00;3949752,00;0,0147;0,0022;0,0001;0,0824;0,0082;0,0046;0,0005;0,0037;0,1426;0,0042;NA;0,0109;0,0017;0,0002;0,4913;0,0732;0,0027;2,7586;0,2732;0,1555;0,0169;0,1247;4,7764;0,1394;NA;0,3655;0,0565;0,0078;199,45;29,71;1,08;1119,77;110,90;63,12;6,86;50,61;1938,89;56,57;NA;148,38;22,94;3,16;10,80;1,14;-80,21;-1,42;-10,43;-20,18;-9,44;-2,58;1,34;-7,45;NA;-10,86;-70,72;-7,67
La Rioja;2015;total;real;autonomica;FALSE;FALSE;8033065000,00;real;90566970,00;15969280,00;NA;233361150,00;63419484,00;76289102,00;NA;NA;397009501,00;53335125,00;NA;32342632,00;6988257,00;55714757,00;NA;NA;NA;NA;NA;NA;NA;NA;NA;NA;NA;NA;NA;NA;1,1274;0,1988;NA;2,9050;0,7895;0,9497;NA;NA;4,9422;0,6639;NA;0,4026;0,0870;0,6936;NA;NA;NA;NA;NA;NA;NA;NA;NA;NA;NA;NA;NA;NA;NA;NA;NA;NA;NA;NA;NA;NA;NA;NA;NA;NA;NA;NA
La Rioja;2015;total;real;hacienda;FALSE;FALSE;8033065000,00;real;NA;NA;NA;NA;NA;NA;NA;NA;NA;NA;1286765230;NA;NA;NA;NA;NA;NA;NA;NA;NA;NA;NA;NA;NA;NA;NA;NA;NA;NA;NA;NA;NA;NA;NA;NA;NA;NA;NA;16,0184;NA;NA;NA;NA;NA;NA;NA;NA;NA;NA;NA;NA;NA;NA;NA;NA;NA;NA;NA;NA;NA;NA;NA;NA;NA;NA;NA;NA;NA;NA;NA
La Rioja;2016;total;real;autonomica;FALSE;FALSE;8074094000,00;real;91622339,00;15991615,00;NA;256504296,00;27490682,00;73303485,00;5232243,00;NA;406963277,00;57785912,00;NA;28703861,00;6219759,00;57660699,00;NA;NA;NA;NA;NA;NA;NA;NA;NA;NA;NA;NA;NA;NA;1,1348;0,1981;NA;3,1769;0,3405;0,9079;0,0648;NA;5,0404;0,7157;NA;0,3555;0,0770;0,7141;NA;NA;NA;NA;NA;NA;NA;NA;NA;NA;NA;NA;NA;NA;1,17;0,14;NA;9,92;-56,65;-3,91;NA;NA;2,51;8,34;NA;-11,25;-11,00;3,49
La Rioja;2016;total;real;hacienda;FALSE;FALSE;8074094000,00;real;NA;NA;NA;NA;NA;NA;NA;NA;NA;NA;1337122830;NA;NA;NA;NA;NA;NA;NA;NA;NA;NA;NA;NA;NA;NA;NA;NA;NA;NA;NA;NA;NA;NA;NA;NA;NA;NA;NA;16,5607;NA;NA;NA;NA;NA;NA;NA;NA;NA;NA;NA;NA;NA;NA;NA;NA;NA;NA;NA;NA;NA;NA;NA;NA;NA;NA;NA;3,91;NA;NA;NA
La Rioja;2017;total;real;autonomica;FALSE;FALSE;8351707000,00;real;71058860,00;22293635,00;9910687,00;260232242,00;22170495,00;76240158,00;1723164,00;NA;408215639,00;64084883,00;NA;43820964,00;11084961,00;5176171,00;NA;NA;NA;NA;NA;NA;NA;NA;NA;NA;NA;NA;NA;NA;0,8508;0,2669;0,1187;3,1159;0,2655;0,9129;0,0206;NA;4,8878;0,7673;NA;0,5247;0,1327;0,0620;NA;NA;NA;NA;NA;NA;NA;NA;NA;NA;NA;NA;NA;NA;-22,44;39,41;NA;1,45;-19,35;4,01;-67,07;NA;0,31;10,90;NA;52,67;78,22;-91,02
La Rioja;2017;total;real;hacienda;FALSE;FALSE;8351707000,00;real;NA;NA;NA;NA;NA;NA;NA;NA;NA;NA;1455645500;NA;NA;NA;NA;NA;NA;NA;NA;NA;NA;NA;NA;NA;NA;NA;NA;NA;NA;NA;NA;NA;NA;NA;NA;NA;NA;NA;17,4293;NA;NA;NA;NA;NA;NA;NA;NA;NA;NA;NA;NA;NA;NA;NA;NA;NA;NA;NA;NA;NA;NA;NA;NA;NA;NA;NA;8,86;NA;NA;NA
La Rioja;2018;total;real;autonomica;FALSE;FALSE;8649852000,00;real;71460874,00;22100156,00;9445943,00;277146239,00;22913948,00;51933998,00;1970231,00;NA;425013914,00;62501365,00;NA;44821438,00;11194045,00;5176171,00;0,0059;0,0018;0,0008;0,0229;0,0019;0,0043;0,0002;NA;0,0352;0,0052;NA;0,0037;0,0009;0,0004;0,8262;0,2555;0,1092;3,2041;0,2649;0,6004;0,0228;NA;4,9135;0,7226;NA;0,5182;0,1294;0,0598;NA;NA;NA;NA;NA;NA;NA;NA;NA;NA;NA;NA;NA;NA;0,57;-0,87;-4,69;6,50;3,35;-31,88;14,34;NA;4,12;-2,47;NA;2,28;0,98;0,00
La Rioja;2018;total;real;hacienda;FALSE;FALSE;8649852000,00;real;NA;NA;NA;NA;NA;NA;NA;NA;NA;NA;1518988700;NA;NA;NA;NA;NA;NA;NA;NA;NA;NA;NA;NA;NA;0,1257;NA;NA;NA;NA;NA;NA;NA;NA;NA;NA;NA;NA;NA;17,5609;NA;NA;NA;NA;NA;NA;NA;NA;NA;NA;NA;NA;NA;NA;NA;NA;NA;NA;NA;NA;NA;NA;NA;NA;NA;NA;NA;4,35;NA;NA;NA
La Rioja;2019;total;real;autonomica;FALSE;FALSE;8889997000,00;real;58823612,00;22663575,00;9489340,00;290204605,00;22612330,00;53135779,00;2641662,00;NA;435489541,00;63346771,00;NA;45269841,00;11735007,00;7640547,00;0,0047;0,0018;0,0008;0,0233;0,0018;0,0043;0,0002;NA;0,0350;0,0051;NA;0,0036;0,0009;0,0006;0,6617;0,2549;0,1067;3,2644;0,2544;0,5977;0,0297;NA;4,8986;0,7126;NA;0,5092;0,1320;0,0859;NA;NA;NA;NA;NA;NA;NA;NA;NA;NA;NA;NA;NA;NA;-17,68;2,55;0,46;4,71;-1,32;2,31;34,08;NA;2,46;1,35;NA;1,00;4,83;47,61
La Rioja;2019;total;real;hacienda;FALSE;FALSE;8889997000,00;real;NA;NA;NA;NA;NA;NA;NA;NA;NA;NA;1488404790;NA;NA;NA;NA;NA;NA;NA;NA;NA;NA;NA;NA;NA;0,1195;NA;NA;NA;NA;NA;NA;NA;NA;NA;NA;NA;NA;NA;16,7425;NA;NA;NA;NA;NA;NA;NA;NA;NA;NA;NA;NA;NA;NA;NA;NA;NA;NA;NA;NA;NA;NA;NA;NA;NA;NA;NA;-2,01;NA;NA;NA
La Rioja;2020;total;real;autonomica;FALSE;FALSE;8186915000,00;real;59357460,00;21771506,00;12427922,00;299552395,00;20716746,00;80655340,00;2862201,00;NA;454040465,00;59636207,00;NA;NA;11985836,00;8533507,00;0,0053;0,0019;0,0011;0,0265;0,0018;0,0071;0,0003;NA;0,0402;0,0053;NA;NA;0,0011;0,0008;0,7250;0,2659;0,1518;3,6589;0,2530;0,9852;0,0350;NA;5,5459;0,7284;NA;NA;0,1464;0,1042;NA;NA;NA;NA;NA;NA;NA;NA;NA;NA;NA;NA;NA;NA;0,91;-3,94;30,97;3,22;-8,38;51,79;8,35;NA;4,26;-5,86;NA;NA;2,14;11,69
La Rioja;2020;total;real;hacienda;FALSE;FALSE;8186915000,00;real;NA;NA;NA;NA;NA;NA;NA;NA;NA;NA;1574571170;NA;NA;NA;NA;NA;NA;NA;NA;NA;NA;NA;NA;NA;0,1394;NA;NA;NA;NA;NA;NA;NA;NA;NA;NA;NA;NA;NA;19,2328;NA;NA;NA;NA;NA;NA;NA;NA;NA;NA;NA;NA;NA;NA;NA;NA;NA;NA;NA;NA;NA;NA;NA;NA;NA;NA;NA;5,79;NA;NA;NA
La Rioja;2021;total;real;autonomica;FALSE;FALSE;8735750000,00;real;68201540,00;25396989,00;14912857,00;345047771,00;25985635,00;72180296,00;2926576,00;NA;529044979,00;73573095,00;NA;58000986,00;19355606,00;8352260,00;0,0056;0,0021;0,0012;0,0282;0,0021;0,0059;0,0002;NA;0,0433;0,0060;NA;0,0047;0,0016;0,0007;0,7807;0,2907;0,1707;3,9498;0,2975;0,8263;0,0335;NA;6,0561;0,8422;NA;0,6639;0,2216;0,0956;NA;NA;NA;NA;NA;NA;NA;NA;NA;NA;NA;NA;NA;NA;14,90;16,65;19,99;15,19;25,43;-10,51;2,25;NA;16,52;23,37;NA;28,12;61,49;-2,12
La Rioja;2021;total;real;hacienda;FALSE;FALSE;8735750000,00;real;NA;NA;NA;NA;NA;NA;NA;NA;NA;NA;1891434670;NA;NA;NA;NA;NA;NA;NA;NA;NA;NA;NA;NA;NA;0,1547;NA;NA;NA;NA;NA;NA;NA;NA;NA;NA;NA;NA;NA;21,6517;NA;NA;NA;NA;NA;NA;NA;NA;NA;NA;NA;NA;NA;NA;NA;NA;NA;NA;NA;NA;NA;NA;NA;NA;NA;NA;NA;20,12;NA;NA;NA
La Rioja;2022;total;real;autonomica;FALSE;FALSE;9767469000,00;real;72086345,00;24284690,00;10512734,00;347811369,00;24795145,00;106079483,00;19346609,00;NA;524388258,00;74231604,00;NA;35376260,00;19428731,00;8685655,00;0,0052;0,0018;0,0008;0,0253;0,0018;0,0077;0,0014;NA;0,0382;0,0054;NA;0,0026;0,0014;0,0006;0,7380;0,2486;0,1076;3,5609;0,2539;1,0860;0,1981;NA;5,3687;0,7600;NA;0,3622;0,1989;0,0889;NA;NA;NA;NA;NA;NA;NA;NA;NA;NA;NA;NA;NA;NA;5,70;-4,38;-29,51;0,80;-4,58;46,96;561,07;NA;-0,88;0,90;NA;-39,01;0,38;3,99
La Rioja;2022;total;real;hacienda;FALSE;FALSE;9767469000,00;real;NA;NA;NA;NA;NA;NA;NA;NA;NA;NA;1949893600;NA;NA;NA;NA;NA;NA;NA;NA;NA;NA;NA;NA;NA;0,1420;NA;NA;NA;NA;NA;NA;NA;NA;NA;NA;NA;NA;NA;19,9631;NA;NA;NA;NA;NA;NA;NA;NA;NA;NA;NA;NA;NA;NA;NA;NA;NA;NA;NA;NA;NA;NA;NA;NA;NA;NA;NA;3,09;NA;NA;NA
La Rioja;2023;total;real;autonomica;FALSE;FALSE;10476650000,00;real;77425735,00;25884747,00;10493027,00;368053803,00;27497803,00;111742707,00;18553132,00;NA;546720797,00;74838757,00;NA;42790032,00;21532755,00;8685655,00;0,0052;0,0017;0,0007;0,0246;0,0018;0,0075;0,0012;NA;0,0365;0,0050;NA;0,0029;0,0014;0,0006;0,7390;0,2471;0,1002;3,5131;0,2625;1,0666;0,1771;NA;5,2185;0,7143;NA;0,4084;0,2055;0,0829;NA;NA;NA;NA;NA;NA;NA;NA;NA;NA;NA;NA;NA;NA;7,41;6,59;-0,19;5,82;10,90;5,34;-4,10;NA;4,26;0,82;NA;20,96;10,83;0,00
La Rioja;2023;total;real;hacienda;FALSE;FALSE;10476650000,00;real;NA;NA;NA;NA;NA;NA;NA;NA;NA;NA;1908873130;NA;NA;NA;NA;NA;NA;NA;NA;NA;NA;NA;NA;NA;0,1274;NA;NA;NA;NA;NA;NA;NA;NA;NA;NA;NA;NA;NA;18,2203;NA;NA;NA;NA;NA;NA;NA;NA;NA;NA;NA;NA;NA;NA;NA;NA;NA;NA;NA;NA;NA;NA;NA;NA;NA;NA;NA;-2,10;NA;NA;NA
La Rioja;2024;total;real;autonomica;FALSE;FALSE;11111889000,00;real;82746928,00;28378907,00;8663693,00;403158839,00;29003475,00;107029279,00;4462909,00;1566950,00;592298603,00;90602990,00;NA;62871065,00;30992918,00;9216514,00;0,0052;0,0018;0,0005;0,0253;0,0018;0,0067;0,0003;0,0001;0,0372;0,0057;NA;0,0040;0,0019;0,0006;0,7447;0,2554;0,0780;3,6282;0,2610;0,9632;0,0402;0,0141;5,3303;0,8154;NA;0,5658;0,2789;0,0829;255,45;87,61;26,75;1244,62;89,54;330,42;13,78;4,84;1828,52;279,71;NA;194,09;95,68;28,45;6,87;9,64;-17,43;9,54;5,48;-4,22;-75,95;NA;8,34;21,06;NA;46,93;43,93;6,11
La Rioja;2024;total;real;hacienda;FALSE;FALSE;11111889000,00;real;NA;NA;NA;NA;NA;NA;NA;NA;NA;NA;1973863310;NA;NA;NA;NA;NA;NA;NA;NA;NA;NA;NA;NA;NA;0,1240;NA;NA;NA;NA;NA;NA;NA;NA;NA;NA;NA;NA;NA;17,7635;NA;NA;NA;NA;NA;NA;NA;NA;NA;NA;NA;NA;NA;6093,64;NA;NA;NA;NA;NA;NA;NA;NA;NA;NA;NA;NA;NA;3,40;NA;NA;NA
La Rioja;2025;total;real;autonomica;FALSE;FALSE;11508568881,84;proyeccion;89181987,00;29795599,00;3887158,00;434726679,00;27155299,00;113567983,00;3861053,00;1636719,00;640739777,00;97033492,00;NA;47761407,00;28375471,00;9978692,00;0,0054;0,0018;0,0002;0,0264;0,0016;0,0069;0,0002;0,0001;0,0389;0,0059;NA;0,0029;0,0017;0,0006;0,7749;0,2589;0,0338;3,7774;0,2360;0,9868;0,0335;0,0142;5,5675;0,8431;NA;0,4150;0,2466;0,0867;274,41;91,68;11,96;1337,62;83,55;349,44;11,88;5,04;1971,51;298,56;NA;146,96;87,31;30,70;7,78;4,99;-55,13;7,83;-6,37;6,11;-13,49;4,45;8,18;7,10;NA;-24,03;-8,45;8,27
La Rioja;2025;total;real;hacienda;FALSE;FALSE;11508568881,84;proyeccion;NA;NA;NA;NA;NA;NA;NA;NA;NA;NA;2114703990;NA;NA;NA;NA;NA;NA;NA;NA;NA;NA;NA;NA;NA;0,1283;NA;NA;NA;NA;NA;NA;NA;NA;NA;NA;NA;NA;NA;18,3750;NA;NA;NA;NA;NA;NA;NA;NA;NA;NA;NA;NA;NA;6506,78;NA;NA;NA;NA;NA;NA;NA;NA;NA;NA;NA;NA;NA;7,14;NA;NA;NA
La Rioja;2026;total;real;autonomica;FALSE;FALSE;12112848663,08;proyeccion;89181987,00;29795599,00;3887158,00;428443953,00;27155299,00;113047983,00;4361053,00;1636719,00;637055097,00;97033492,00;NA;47821407,00;28375471,00;9978692,00;0,0052;0,0018;0,0002;0,0252;0,0016;0,0066;0,0003;0,0001;0,0375;0,0057;NA;0,0028;0,0017;0,0006;0,7363;0,2460;0,0321;3,5371;0,2242;0,9333;0,0360;0,0135;5,2593;0,8011;NA;0,3948;0,2343;0,0824;273,56;91,40;11,92;1314,25;83,30;346,77;13,38;5,02;1954,16;297,65;NA;146,69;87,04;30,61;0,00;0,00;0,00;-1,45;0,00;-0,46;12,95;0,00;-0,58;0,00;NA;0,13;0,00;0,00
País Vasco;2015;total;real;autonomica;FALSE;FALSE;65073341000,00;real;NA;NA;4216387,00;2544775749,00;696996646,00;230936721,00;10785000,00;NA;3390005398,00;110297987,00;NA;13597537,00;110722750,00;2357504,00;NA;NA;NA;NA;NA;NA;NA;NA;NA;NA;NA;NA;NA;NA;NA;NA;0,0065;3,9106;1,0711;0,3549;0,0166;NA;5,2095;0,1695;NA;0,0209;0,1702;0,0036;NA;NA;NA;NA;NA;NA;NA;NA;NA;NA;NA;NA;NA;NA;NA;NA;NA;NA;NA;NA;NA;NA;NA;NA;NA;NA;NA;NA
País Vasco;2015;total;real;hacienda;FALSE;FALSE;65073341000,00;real;NA;NA;NA;NA;NA;NA;NA;NA;NA;NA;10700729680;NA;NA;NA;NA;NA;NA;NA;NA;NA;NA;NA;NA;NA;NA;NA;NA;NA;NA;NA;NA;NA;NA;NA;NA;NA;NA;NA;16,4441;NA;NA;NA;NA;NA;NA;NA;NA;NA;NA;NA;NA;NA;NA;NA;NA;NA;NA;NA;NA;NA;NA;NA;NA;NA;NA;NA;NA;NA;NA;NA
País Vasco;2016;total;real;autonomica;FALSE;FALSE;67114993000,00;real;NA;NA;4225123,00;2583113822,00;731920592,00;243361518,00;10785000,00;NA;3421743398,00;111621719,00;NA;13607069,00;112679947,00;2249055,00;NA;NA;NA;NA;NA;NA;NA;NA;NA;NA;NA;NA;NA;NA;NA;NA;0,0063;3,8488;1,0905;0,3626;0,0161;NA;5,0983;0,1663;NA;0,0203;0,1679;0,0034;NA;NA;NA;NA;NA;NA;NA;NA;NA;NA;NA;NA;NA;NA;NA;NA;0,21;1,51;5,01;5,38;0,00;NA;0,94;1,20;NA;0,07;1,77;-4,60
País Vasco;2016;total;real;hacienda;FALSE;FALSE;67114993000,00;real;NA;NA;NA;NA;NA;NA;NA;NA;NA;NA;10995489510;NA;NA;NA;NA;NA;NA;NA;NA;NA;NA;NA;NA;NA;NA;NA;NA;NA;NA;NA;NA;NA;NA;NA;NA;NA;NA;NA;16,3831;NA;NA;NA;NA;NA;NA;NA;NA;NA;NA;NA;NA;NA;NA;NA;NA;NA;NA;NA;NA;NA;NA;NA;NA;NA;NA;NA;2,75;NA;NA;NA
País Vasco;2017;total;real;autonomica;FALSE;FALSE;69585295000,00;real;NA;NA;4283087,00;2632327803,00;720644310,00;281788800,00;10942892,00;NA;3542717000,00;114103909,00;NA;17170804,00;125389229,00;2641271,00;NA;NA;NA;NA;NA;NA;NA;NA;NA;NA;NA;NA;NA;NA;NA;NA;0,0062;3,7829;1,0356;0,4050;0,0157;NA;5,0912;0,1640;NA;0,0247;0,1802;0,0038;NA;NA;NA;NA;NA;NA;NA;NA;NA;NA;NA;NA;NA;NA;NA;NA;1,37;1,91;-1,54;15,79;1,46;NA;3,54;2,22;NA;26,19;11,28;17,44
País Vasco;2017;total;real;hacienda;FALSE;FALSE;69585295000,00;real;NA;NA;NA;NA;NA;NA;NA;NA;NA;NA;11125140970;NA;NA;NA;NA;NA;NA;NA;NA;NA;NA;NA;NA;NA;NA;NA;NA;NA;NA;NA;NA;NA;NA;NA;NA;NA;NA;NA;15,9878;NA;NA;NA;NA;NA;NA;NA;NA;NA;NA;NA;NA;NA;NA;NA;NA;NA;NA;NA;NA;NA;NA;NA;NA;NA;NA;NA;1,18;NA;NA;NA
País Vasco;2018;total;real;autonomica;FALSE;FALSE;71915111000,00;real;NA;NA;4518474,00;2683253688,00;766446224,00;303753729,00;11056800,00;NA;3677317000,00;118978614,00;NA;18343057,00;135019410,00;2462653,00;NA;NA;0,0004;0,2221;0,0634;0,0251;0,0009;NA;0,3044;0,0098;NA;0,0015;0,0112;0,0002;NA;NA;0,0063;3,7311;1,0658;0,4224;0,0154;NA;5,1134;0,1654;NA;0,0255;0,1877;0,0034;NA;NA;NA;NA;NA;NA;NA;NA;NA;NA;NA;NA;NA;NA;NA;NA;5,50;1,93;6,36;7,79;1,04;NA;3,80;4,27;NA;6,83;7,68;-6,76
País Vasco;2018;total;real;hacienda;FALSE;FALSE;71915111000,00;real;NA;NA;NA;NA;NA;NA;NA;NA;NA;NA;11578805630;NA;NA;NA;NA;NA;NA;NA;NA;NA;NA;NA;NA;NA;0,9583;NA;NA;NA;NA;NA;NA;NA;NA;NA;NA;NA;NA;NA;16,1007;NA;NA;NA;NA;NA;NA;NA;NA;NA;NA;NA;NA;NA;NA;NA;NA;NA;NA;NA;NA;NA;NA;NA;NA;NA;NA;NA;4,08;NA;NA;NA
País Vasco;2019;total;real;autonomica;FALSE;FALSE;73999981000,00;real;NA;NA;6346607,00;2799852674,00;796195298,00;325626770,00;11853004,00;NA;3800123000,00;129468759,00;NA;18843039,00;150581895,00;2625941,00;NA;NA;0,0005;0,2248;0,0639;0,0261;0,0010;NA;0,3051;0,0104;NA;0,0015;0,0121;0,0002;NA;NA;0,0086;3,7836;1,0759;0,4400;0,0160;NA;5,1353;0,1750;NA;0,0255;0,2035;0,0035;NA;NA;NA;NA;NA;NA;NA;NA;NA;NA;NA;NA;NA;NA;NA;NA;40,46;4,35;3,88;7,20;7,20;NA;3,34;8,82;NA;2,73;11,53;6,63
País Vasco;2019;total;real;hacienda;FALSE;FALSE;73999981000,00;real;NA;NA;NA;NA;NA;NA;NA;NA;NA;NA;11219941880;NA;NA;NA;NA;NA;NA;NA;NA;NA;NA;NA;NA;NA;0,9008;NA;NA;NA;NA;NA;NA;NA;NA;NA;NA;NA;NA;NA;15,1621;NA;NA;NA;NA;NA;NA;NA;NA;NA;NA;NA;NA;NA;NA;NA;NA;NA;NA;NA;NA;NA;NA;NA;NA;NA;NA;NA;-3,10;NA;NA;NA
País Vasco;2020;total;real;autonomica;FALSE;FALSE;66672598000,00;real;NA;NA;6713383,00;2885693937,00;857419119,00;352088741,00;14249666,00;NA;3943691000,00;132657441,00;NA;19876097,00;164070631,00;3004739,00;NA;NA;0,0006;0,2555;0,0759;0,0312;0,0013;NA;0,3492;0,0117;NA;0,0018;0,0145;0,0003;NA;NA;0,0101;4,3282;1,2860;0,5281;0,0214;NA;5,9150;0,1990;NA;0,0298;0,2461;0,0045;NA;NA;NA;NA;NA;NA;NA;NA;NA;NA;NA;NA;NA;NA;NA;NA;5,78;3,07;7,69;8,13;20,22;NA;3,78;2,46;NA;5,48;8,96;14,43
País Vasco;2020;total;real;hacienda;FALSE;FALSE;66672598000,00;real;NA;NA;NA;NA;NA;NA;NA;NA;NA;NA;11856675110;NA;NA;NA;NA;NA;NA;NA;NA;NA;NA;NA;NA;NA;1,0500;NA;NA;NA;NA;NA;NA;NA;NA;NA;NA;NA;NA;NA;17,7834;NA;NA;NA;NA;NA;NA;NA;NA;NA;NA;NA;NA;NA;NA;NA;NA;NA;NA;NA;NA;NA;NA;NA;NA;NA;NA;NA;5,68;NA;NA;NA
País Vasco;2021;total;real;autonomica;FALSE;TRUE;72513029000,00;real;NA;NA;8114553,00;2951381469,00;886738479,00;384570989,00;21578502,00;NA;3994412000,00;144423189,00;NA;18829896,00;173434237,00;3096212,00;NA;NA;0,0007;0,2415;0,0725;0,0315;0,0018;NA;0,3268;0,0118;NA;0,0015;0,0142;0,0003;NA;NA;0,0112;4,0701;1,2229;0,5303;0,0298;NA;5,5085;0,1992;NA;0,0260;0,2392;0,0043;NA;NA;NA;NA;NA;NA;NA;NA;NA;NA;NA;NA;NA;NA;NA;NA;20,87;2,28;3,42;9,23;51,43;NA;1,29;8,87;NA;-5,26;5,71;3,04
País Vasco;2021;total;real;hacienda;FALSE;FALSE;72513029000,00;real;NA;NA;NA;NA;NA;NA;NA;NA;NA;NA;12522062100;NA;NA;NA;NA;NA;NA;NA;NA;NA;NA;NA;NA;NA;1,0245;NA;NA;NA;NA;NA;NA;NA;NA;NA;NA;NA;NA;NA;17,2687;NA;NA;NA;NA;NA;NA;NA;NA;NA;NA;NA;NA;NA;NA;NA;NA;NA;NA;NA;NA;NA;NA;NA;NA;NA;NA;NA;5,61;NA;NA;NA
País Vasco;2022;total;real;autonomica;FALSE;TRUE;80218167000,00;real;NA;NA;8507633,00;3008746454,00;923357972,00;426016092,00;23661933,00;NA;4191412000,00;159302686,00;NA;25960688,00;193449154,00;3119424,00;NA;NA;0,0006;0,2190;0,0672;0,0310;0,0017;NA;0,3051;0,0116;NA;0,0019;0,0141;0,0002;NA;NA;0,0106;3,7507;1,1511;0,5311;0,0295;NA;5,2250;0,1986;NA;0,0324;0,2412;0,0039;NA;NA;NA;NA;NA;NA;NA;NA;NA;NA;NA;NA;NA;NA;NA;NA;4,84;1,94;4,13;10,78;9,66;NA;4,93;10,30;NA;37,87;11,54;0,75
País Vasco;2022;total;real;hacienda;FALSE;FALSE;80218167000,00;real;NA;NA;NA;NA;NA;NA;NA;NA;NA;NA;13187367280;NA;NA;NA;NA;NA;NA;NA;NA;NA;NA;NA;NA;NA;0,9600;NA;NA;NA;NA;NA;NA;NA;NA;NA;NA;NA;NA;NA;16,4394;NA;NA;NA;NA;NA;NA;NA;NA;NA;NA;NA;NA;NA;NA;NA;NA;NA;NA;NA;NA;NA;NA;NA;NA;NA;NA;NA;5,31;NA;NA;NA
País Vasco;2023;total;real;autonomica;FALSE;TRUE;86748107000,00;real;NA;NA;16104285,00;3251996590,00;788747677,00;450482141,00;24254815,00;NA;4633308410,00;181855054,00;NA;26001642,00;225527077,00;3318400,00;NA;NA;0,0011;0,2170;0,0526;0,0301;0,0016;NA;0,3092;0,0121;NA;0,0017;0,0151;0,0002;NA;NA;0,0186;3,7488;0,9092;0,5193;0,0280;NA;5,3411;0,2096;NA;0,0300;0,2600;0,0038;NA;NA;NA;NA;NA;NA;NA;NA;NA;NA;NA;NA;NA;NA;NA;NA;89,29;8,08;-14,58;5,74;2,51;NA;10,54;14,16;NA;0,16;16,58;6,38
País Vasco;2023;total;real;hacienda;FALSE;FALSE;86748107000,00;real;NA;NA;NA;NA;NA;NA;NA;NA;NA;NA;14361725450;NA;NA;NA;NA;NA;NA;NA;NA;NA;NA;NA;NA;NA;0,9585;NA;NA;NA;NA;NA;NA;NA;NA;NA;NA;NA;NA;NA;16,5557;NA;NA;NA;NA;NA;NA;NA;NA;NA;NA;NA;NA;NA;NA;NA;NA;NA;NA;NA;NA;NA;NA;NA;NA;NA;NA;NA;8,91;NA;NA;NA
País Vasco;2024;total;real;autonomica;FALSE;TRUE;91612735000,00;real;NA;NA;17503465,00;3449291856,00;807325895,00;461841800,00;25620770,00;NA;4893900000,00;207904603,00;NA;24847812,00;253469311,00;3528813,00;NA;NA;0,0011;0,2167;0,0507;0,0290;0,0016;NA;0,3075;0,0131;NA;0,0016;0,0159;0,0002;NA;NA;0,0191;3,7651;0,8812;0,5041;0,0280;NA;5,3419;0,2269;NA;0,0271;0,2767;0,0039;NA;NA;7,90;1555,99;364,19;208,34;11,56;NA;2207,65;93,79;NA;11,21;114,34;1,59;NA;NA;8,69;6,07;2,36;2,52;5,63;NA;5,62;14,32;NA;-4,44;12,39;6,34
País Vasco;2024;total;real;hacienda;FALSE;FALSE;91612735000,00;real;NA;NA;NA;NA;NA;NA;NA;NA;NA;NA;15147034380;NA;NA;NA;NA;NA;NA;NA;NA;NA;NA;NA;NA;NA;0,9517;NA;NA;NA;NA;NA;NA;NA;NA;NA;NA;NA;NA;NA;16,5338;NA;NA;NA;NA;NA;NA;NA;NA;NA;NA;NA;NA;NA;6832,88;NA;NA;NA;NA;NA;NA;NA;NA;NA;NA;NA;NA;NA;5,47;NA;NA;NA
País Vasco;2025;total;real;autonomica;FALSE;TRUE;94984725555,02;proyeccion;NA;NA;19022678,00;3593813245,00;838169949,00;498967802,00;23613784,00;NA;5111574813,00;221216137,00;NA;25082941,00;321804915,00;4619249,00;NA;NA;0,0012;0,2181;0,0509;0,0303;0,0014;NA;0,3102;0,0134;NA;0,0015;0,0195;0,0003;NA;NA;0,0200;3,7836;0,8824;0,5253;0,0249;NA;5,3815;0,2329;NA;0,0264;0,3388;0,0049;NA;NA;8,57;1618,83;377,55;224,76;10,64;NA;2302,51;99,65;NA;11,30;144,96;2,08;NA;NA;8,68;4,19;3,82;8,04;-7,83;NA;4,45;6,40;NA;0,95;26,96;30,90
País Vasco;2025;total;real;hacienda;FALSE;FALSE;94984725555,02;proyeccion;NA;NA;NA;NA;NA;NA;NA;NA;NA;NA;15811133330;NA;NA;NA;NA;NA;NA;NA;NA;NA;NA;NA;NA;NA;0,9594;NA;NA;NA;NA;NA;NA;NA;NA;NA;NA;NA;NA;NA;16,6460;NA;NA;NA;NA;NA;NA;NA;NA;NA;NA;NA;NA;NA;7122,13;NA;NA;NA;NA;NA;NA;NA;NA;NA;NA;NA;NA;NA;4,38;NA;NA;NA
País Vasco;2026;total;real;autonomica;FALSE;TRUE;100311243579,29;proyeccion;NA;NA;18044148,00;3789148697,00;418207888,00;532306939,00;25172718,00;NA;5321765500,00;208876985,00;NA;27129421,00;442040124,00;4802023,00;NA;NA;0,0011;0,2228;0,0246;0,0313;0,0015;NA;0,3129;0,0123;NA;0,0016;0,0260;0,0003;NA;NA;0,0180;3,7774;0,4169;0,5307;0,0251;NA;5,3053;0,2082;NA;0,0270;0,4407;0,0048;NA;NA;8,11;1703,75;188,04;239,35;11,32;NA;2392,88;93,92;NA;12,20;198,76;2,16;NA;NA;-5,14;5,44;-50,10;6,68;6,60;NA;4,11;-5,58;NA;8,16;37,36;3,96
Principado de Asturias;2015;total;real;autonomica;FALSE;TRUE;21388142000,00;real;300238092,00;NA;1287623,00;722331717,00;104743563,00;17946722,00;2204598,00;NA;1486192547,00;144724327,00;NA;8464428,00;29149040,00;1341768,00;NA;NA;NA;NA;NA;NA;NA;NA;NA;NA;NA;NA;NA;NA;1,4038;NA;0,0060;3,3773;0,4897;0,0839;0,0103;NA;6,9487;0,6767;NA;0,0396;0,1363;0,0063;NA;NA;NA;NA;NA;NA;NA;NA;NA;NA;NA;NA;NA;NA;NA;NA;NA;NA;NA;NA;NA;NA;NA;NA;NA;NA;NA;NA
Principado de Asturias;2015;total;real;hacienda;FALSE;FALSE;21388142000,00;real;NA;NA;NA;NA;NA;NA;NA;NA;NA;NA;3958604070;NA;NA;NA;NA;NA;NA;NA;NA;NA;NA;NA;NA;NA;NA;NA;NA;NA;NA;NA;NA;NA;NA;NA;NA;NA;NA;NA;18,5084;NA;NA;NA;NA;NA;NA;NA;NA;NA;NA;NA;NA;NA;NA;NA;NA;NA;NA;NA;NA;NA;NA;NA;NA;NA;NA;NA;NA;NA;NA;NA
Principado de Asturias;2016;total;real;autonomica;FALSE;TRUE;21675441000,00;real;312302926,00;NA;1209343,00;740875925,00;96170390,00;18201032,00;2253168,00;NA;1642753590,00;147056925,00;NA;8225653,00;30152620,00;1348928,00;NA;NA;NA;NA;NA;NA;NA;NA;NA;NA;NA;NA;NA;NA;1,4408;NA;0,0056;3,4180;0,4437;0,0840;0,0104;NA;7,5789;0,6784;NA;0,0379;0,1391;0,0062;NA;NA;NA;NA;NA;NA;NA;NA;NA;NA;NA;NA;NA;NA;4,02;NA;-6,08;2,57;-8,18;1,42;2,20;NA;10,53;1,61;NA;-2,82;3,44;0,53
Principado de Asturias;2016;total;real;hacienda;FALSE;FALSE;21675441000,00;real;NA;NA;NA;NA;NA;NA;NA;NA;NA;NA;3953677620;NA;NA;NA;NA;NA;NA;NA;NA;NA;NA;NA;NA;NA;NA;NA;NA;NA;NA;NA;NA;NA;NA;NA;NA;NA;NA;NA;18,2404;NA;NA;NA;NA;NA;NA;NA;NA;NA;NA;NA;NA;NA;NA;NA;NA;NA;NA;NA;NA;NA;NA;NA;NA;NA;NA;NA;-0,12;NA;NA;NA
Principado de Asturias;2017;total;real;autonomica;FALSE;TRUE;22538267000,00;real;328087583,00;NA;1303303,00;749559459,00;100967817,00;18296955,00;2244818,00;NA;1671749925,00;181323431,00;NA;10164720,00;29118540,00;1335138,00;NA;NA;NA;NA;NA;NA;NA;NA;NA;NA;NA;NA;NA;NA;1,4557;NA;0,0058;3,3257;0,4480;0,0812;0,0100;NA;7,4174;0,8045;NA;0,0451;0,1292;0,0059;NA;NA;NA;NA;NA;NA;NA;NA;NA;NA;NA;NA;NA;NA;5,05;NA;7,77;1,17;4,99;0,53;-0,37;NA;1,77;23,30;NA;23,57;-3,43;-1,02
Principado de Asturias;2017;total;real;hacienda;FALSE;FALSE;22538267000,00;real;NA;NA;NA;NA;NA;NA;NA;NA;NA;NA;4225564280;NA;NA;NA;NA;NA;NA;NA;NA;NA;NA;NA;NA;NA;NA;NA;NA;NA;NA;NA;NA;NA;NA;NA;NA;NA;NA;NA;18,7484;NA;NA;NA;NA;NA;NA;NA;NA;NA;NA;NA;NA;NA;NA;NA;NA;NA;NA;NA;NA;NA;NA;NA;NA;NA;NA;NA;6,88;NA;NA;NA
Principado de Asturias;2018;total;real;autonomica;FALSE;TRUE;23185680000,00;real;355957031,00;NA;1566783,00;773957382,00;115091779,00;18964058,00;2520649,00;NA;1702237431,00;204193205,00;NA;11722048,00;33338517,00;1316678,00;0,0295;NA;0,0001;0,0641;0,0095;0,0016;0,0002;NA;0,1409;0,0169;NA;0,0010;0,0028;0,0001;1,5352;NA;0,0068;3,3381;0,4964;0,0818;0,0109;NA;7,3418;0,8807;NA;0,0506;0,1438;0,0057;NA;NA;NA;NA;NA;NA;NA;NA;NA;NA;NA;NA;NA;NA;8,49;NA;20,22;3,25;13,99;3,65;12,29;NA;1,82;12,61;NA;15,32;14,49;-1,38
Principado de Asturias;2018;total;real;hacienda;FALSE;FALSE;23185680000,00;real;NA;NA;NA;NA;NA;NA;NA;NA;NA;NA;4213439720;NA;NA;NA;NA;NA;NA;NA;NA;NA;NA;NA;NA;NA;0,3487;NA;NA;NA;NA;NA;NA;NA;NA;NA;NA;NA;NA;NA;18,1726;NA;NA;NA;NA;NA;NA;NA;NA;NA;NA;NA;NA;NA;NA;NA;NA;NA;NA;NA;NA;NA;NA;NA;NA;NA;NA;NA;-0,29;NA;NA;NA
Principado de Asturias;2019;total;real;autonomica;FALSE;TRUE;23666618000,00;real;367258757,00;NA;1471660,00;803249554,00;118335912,00;19626220,00;4092550,00;NA;1754622875,00;201089264,00;NA;10006430,00;33433490,00;1170788,00;0,0295;NA;0,0001;0,0645;0,0095;0,0016;0,0003;NA;0,1409;0,0161;NA;0,0008;0,0027;0,0001;1,5518;NA;0,0062;3,3940;0,5000;0,0829;0,0173;NA;7,4139;0,8497;NA;0,0423;0,1413;0,0049;NA;NA;NA;NA;NA;NA;NA;NA;NA;NA;NA;NA;NA;NA;3,18;NA;-6,07;3,78;2,82;3,49;62,36;NA;3,08;-1,52;NA;-14,64;0,28;-11,08
Principado de Asturias;2019;total;real;hacienda;FALSE;FALSE;23666618000,00;real;NA;NA;NA;NA;NA;NA;NA;NA;NA;NA;4524241250;NA;NA;NA;NA;NA;NA;NA;NA;NA;NA;NA;NA;NA;0,3632;NA;NA;NA;NA;NA;NA;NA;NA;NA;NA;NA;NA;NA;19,1166;NA;NA;NA;NA;NA;NA;NA;NA;NA;NA;NA;NA;NA;NA;NA;NA;NA;NA;NA;NA;NA;NA;NA;NA;NA;NA;NA;7,38;NA;NA;NA
Principado de Asturias;2020;total;real;autonomica;FALSE;TRUE;21376392000,00;real;369942822,00;NA;1377070,00;845304215,00;118580815,00;27787023,00;5073031,00;NA;1804307655,00;200868212,00;NA;10322743,00;34749348,00;2439133,00;0,0328;NA;0,0001;0,0749;0,0105;0,0025;0,0004;NA;0,1598;0,0178;NA;0,0009;0,0031;0,0002;1,7306;NA;0,0064;3,9544;0,5547;0,1300;0,0237;NA;8,4407;0,9397;NA;0,0483;0,1626;0,0114;NA;NA;NA;NA;NA;NA;NA;NA;NA;NA;NA;NA;NA;NA;0,73;NA;-6,43;5,24;0,21;41,58;23,96;NA;2,83;-0,11;NA;3,16;3,94;108,33
Principado de Asturias;2020;total;real;hacienda;FALSE;FALSE;21376392000,00;real;NA;NA;NA;NA;NA;NA;NA;NA;NA;NA;4757273750;NA;NA;NA;NA;NA;NA;NA;NA;NA;NA;NA;NA;NA;0,4213;NA;NA;NA;NA;NA;NA;NA;NA;NA;NA;NA;NA;NA;22,2548;NA;NA;NA;NA;NA;NA;NA;NA;NA;NA;NA;NA;NA;NA;NA;NA;NA;NA;NA;NA;NA;NA;NA;NA;NA;NA;NA;5,15;NA;NA;NA
Principado de Asturias;2021;total;real;autonomica;FALSE;TRUE;23617641000,00;real;384496606,00;NA;1414020,00;894354551,00;133483253,00;34376141,00;6907500,00;NA;1946219173,00;230805182,00;NA;12233440,00;38394597,00;3023635,00;0,0315;NA;0,0001;0,0732;0,0109;0,0028;0,0006;NA;0,1592;0,0189;NA;0,0010;0,0031;0,0002;1,6280;NA;0,0060;3,7868;0,5652;0,1456;0,0292;NA;8,2405;0,9773;NA;0,0518;0,1626;0,0128;NA;NA;NA;NA;NA;NA;NA;NA;NA;NA;NA;NA;NA;NA;3,93;NA;2,68;5,80;12,57;23,71;36,16;NA;7,87;14,90;NA;18,51;10,49;23,96
Principado de Asturias;2021;total;real;hacienda;FALSE;FALSE;23617641000,00;real;NA;NA;NA;NA;NA;NA;NA;NA;NA;NA;5237551810;NA;NA;NA;NA;NA;NA;NA;NA;NA;NA;NA;NA;NA;0,4285;NA;NA;NA;NA;NA;NA;NA;NA;NA;NA;NA;NA;NA;22,1764;NA;NA;NA;NA;NA;NA;NA;NA;NA;NA;NA;NA;NA;NA;NA;NA;NA;NA;NA;NA;NA;NA;NA;NA;NA;NA;NA;10,10;NA;NA;NA
Principado de Asturias;2022;total;real;autonomica;FALSE;TRUE;26690102000,00;real;387390363,00;NA;1495375,00;942696580,00;142372110,00;40562078,00;11532497,00;NA;1991084581,00;233277063,00;NA;12859884,00;41281152,00;3089828,00;0,0282;NA;0,0001;0,0686;0,0104;0,0030;0,0008;NA;0,1450;0,0170;NA;0,0009;0,0030;0,0002;1,4514;NA;0,0056;3,5320;0,5334;0,1520;0,0432;NA;7,4600;0,8740;NA;0,0482;0,1547;0,0116;NA;NA;NA;NA;NA;NA;NA;NA;NA;NA;NA;NA;NA;NA;0,75;NA;5,75;5,41;6,66;17,99;66,96;NA;2,31;1,07;NA;5,12;7,52;2,19
Principado de Asturias;2022;total;real;hacienda;FALSE;FALSE;26690102000,00;real;NA;NA;NA;NA;NA;NA;NA;NA;NA;NA;5354165590;NA;NA;NA;NA;NA;NA;NA;NA;NA;NA;NA;NA;NA;0,3898;NA;NA;NA;NA;NA;NA;NA;NA;NA;NA;NA;NA;NA;20,0605;NA;NA;NA;NA;NA;NA;NA;NA;NA;NA;NA;NA;NA;NA;NA;NA;NA;NA;NA;NA;NA;NA;NA;NA;NA;NA;NA;2,23;NA;NA;NA
Principado de Asturias;2023;total;real;autonomica;FALSE;TRUE;28350371000,00;real;424813308,00;NA;1880600,00;999121164,00;167228333,00;56866955,00;13215572,00;NA;2119645347,00;245492124,00;NA;30351673,00;81235132,00;3045108,00;0,0284;NA;0,0001;0,0667;0,0112;0,0038;0,0009;NA;0,1415;0,0164;NA;0,0020;0,0054;0,0002;1,4984;NA;0,0066;3,5242;0,5899;0,2006;0,0466;NA;7,4766;0,8659;NA;0,1071;0,2865;0,0107;NA;NA;NA;NA;NA;NA;NA;NA;NA;NA;NA;NA;NA;NA;9,66;NA;25,76;5,99;17,46;40,20;14,59;NA;6,46;5,24;NA;136,02;96,79;-1,45
Principado de Asturias;2023;total;real;hacienda;FALSE;FALSE;28350371000,00;real;NA;NA;NA;NA;NA;NA;NA;NA;NA;NA;5968218490;NA;NA;NA;NA;NA;NA;NA;NA;NA;NA;NA;NA;NA;0,3983;NA;NA;NA;NA;NA;NA;NA;NA;NA;NA;NA;NA;NA;21,0516;NA;NA;NA;NA;NA;NA;NA;NA;NA;NA;NA;NA;NA;NA;NA;NA;NA;NA;NA;NA;NA;NA;NA;NA;NA;NA;NA;11,47;NA;NA;NA
Principado de Asturias;2024;total;real;autonomica;FALSE;TRUE;30012308000,00;real;477484711,00;NA;5763130,00;1042251593,00;178971000,00;59804421,00;14837739,00;NA;2326987285,00;238684549,00;NA;40587909,00;98362253,00;3272450,00;0,0300;NA;0,0004;0,0655;0,0112;0,0038;0,0009;NA;0,1462;0,0150;NA;0,0026;0,0062;0,0002;1,5910;NA;0,0192;3,4727;0,5963;0,1993;0,0494;NA;7,7534;0,7953;NA;0,1352;0,3277;0,0109;471,92;NA;5,70;1030,10;176,89;59,11;14,66;NA;2299,87;235,90;NA;40,11;97,22;3,23;12,40;NA;206,45;4,32;7,02;5,17;12,27;NA;9,78;-2,77;NA;33,73;21,08;7,47
Principado de Asturias;2024;total;real;hacienda;FALSE;FALSE;30012308000,00;real;NA;NA;NA;NA;NA;NA;NA;NA;NA;NA;6348595440;NA;NA;NA;NA;NA;NA;NA;NA;NA;NA;NA;NA;NA;0,3989;NA;NA;NA;NA;NA;NA;NA;NA;NA;NA;NA;NA;NA;21,1533;NA;NA;NA;NA;NA;NA;NA;NA;NA;NA;NA;NA;NA;6274,61;NA;NA;NA;NA;NA;NA;NA;NA;NA;NA;NA;NA;NA;6,37;NA;NA;NA
Principado de Asturias;2025;total;real;autonomica;FALSE;TRUE;31206996480,04;proyeccion;516222251,00;NA;6528430,00;1093294252,00;177681916,00;75406417,00;14025107,00;NA;2450660157,00;244910353,00;NA;46161143,00;158308659,00;2927760,00;0,0313;NA;0,0004;0,0663;0,0108;0,0046;0,0009;NA;0,1487;0,0149;NA;0,0028;0,0096;0,0002;1,6542;NA;0,0209;3,5034;0,5694;0,2416;0,0449;NA;7,8529;0,7848;NA;0,1479;0,5073;0,0094;511,62;NA;6,47;1083,54;176,10;74,73;13,90;NA;2428,80;242,73;NA;45,75;156,90;2,90;8,11;NA;13,28;4,90;-0,72;26,09;-5,48;NA;5,31;2,61;NA;13,73;60,94;-10,53
Principado de Asturias;2025;total;real;hacienda;FALSE;FALSE;31206996480,04;proyeccion;NA;NA;NA;NA;NA;NA;NA;NA;NA;NA;6664478950;NA;NA;NA;NA;NA;NA;NA;NA;NA;NA;NA;NA;NA;0,4044;NA;NA;NA;NA;NA;NA;NA;NA;NA;NA;NA;NA;NA;21,3557;NA;NA;NA;NA;NA;NA;NA;NA;NA;NA;NA;NA;NA;6605,03;NA;NA;NA;NA;NA;NA;NA;NA;NA;NA;NA;NA;NA;4,98;NA;NA;NA
Principado de Asturias;2026;total;real;autonomica;FALSE;TRUE;32540503695,64;proyeccion;524305061,00;NA;6718940,00;1178921574,00;179198319,00;67412864,00;15884896,00;NA;2554175605,00;253892390,00;NA;49644246,00;189066730,00;3178680,00;0,0308;NA;0,0004;0,0693;0,0105;0,0040;0,0009;NA;0,1502;0,0149;NA;0,0029;0,0111;0,0002;1,6112;NA;0,0206;3,6229;0,5507;0,2072;0,0488;NA;7,8492;0,7802;NA;0,1526;0,5810;0,0098;521,18;NA;6,68;1171,89;178,13;67,01;15,79;NA;2538,94;252,38;NA;49,35;187,94;3,16;1,57;NA;2,92;7,83;0,85;-10,60;13,26;NA;4,22;3,67;NA;7,55;19,43;8,57
Región de Murcia;2015;total;real;autonomica;FALSE;FALSE;29168718000,00;real;92652199,00;132081078,00;NA;1301370707,00;22065249,00;24561951,00;3003152,00;29270886,00;1859495700,00;111985399,00;NA;40341138,00;24852219,00;NA;NA;NA;NA;NA;NA;NA;NA;NA;NA;NA;NA;NA;NA;NA;0,3176;0,4528;NA;4,4615;0,0756;0,0842;0,0103;0,1004;6,3750;0,3839;NA;0,1383;0,0852;NA;NA;NA;NA;NA;NA;NA;NA;NA;NA;NA;NA;NA;NA;NA;NA;NA;NA;NA;NA;NA;NA;NA;NA;NA;NA;NA;NA;NA
Región de Murcia;2015;total;real;hacienda;FALSE;FALSE;29168718000,00;real;NA;NA;NA;NA;NA;NA;NA;NA;NA;NA;4642208100;NA;NA;NA;NA;NA;NA;NA;NA;NA;NA;NA;NA;NA;NA;NA;NA;NA;NA;NA;NA;NA;NA;NA;NA;NA;NA;NA;15,9150;NA;NA;NA;NA;NA;NA;NA;NA;NA;NA;NA;NA;NA;NA;NA;NA;NA;NA;NA;NA;NA;NA;NA;NA;NA;NA;NA;NA;NA;NA;NA
Región de Murcia;2016;total;real;autonomica;FALSE;FALSE;30009138000,00;real;92828035,00;144664512,00;6492454,00;1340619726,00;23321012,00;24646907,00;3312552,00;31122884,00;1958971130,00;93468320,00;NA;24890377,00;40025740,00;NA;NA;NA;NA;NA;NA;NA;NA;NA;NA;NA;NA;NA;NA;NA;0,3093;0,4821;0,0216;4,4674;0,0777;0,0821;0,0110;0,1037;6,5279;0,3115;NA;0,0829;0,1334;NA;NA;NA;NA;NA;NA;NA;NA;NA;NA;NA;NA;NA;NA;NA;0,19;9,53;NA;3,02;5,69;0,35;10,30;6,33;5,35;-16,54;NA;-38,30;61,05;NA
Región de Murcia;2016;total;real;hacienda;FALSE;FALSE;30009138000,00;real;NA;NA;NA;NA;NA;NA;NA;NA;NA;NA;4916213040;NA;NA;NA;NA;NA;NA;NA;NA;NA;NA;NA;NA;NA;NA;NA;NA;NA;NA;NA;NA;NA;NA;NA;NA;NA;NA;NA;16,3824;NA;NA;NA;NA;NA;NA;NA;NA;NA;NA;NA;NA;NA;NA;NA;NA;NA;NA;NA;NA;NA;NA;NA;NA;NA;NA;NA;5,90;NA;NA;NA
Región de Murcia;2017;total;real;autonomica;FALSE;FALSE;31192490000,00;real;100101578,00;150059877,00;7173529,00;1360050701,00;23062691,00;24259845,00;3706919,00;34685621,00;2000860733,00;114988164,00;NA;29772868,00;41154042,00;NA;NA;NA;NA;NA;NA;NA;NA;NA;NA;NA;NA;NA;NA;NA;0,3209;0,4811;0,0230;4,3602;0,0739;0,0778;0,0119;0,1112;6,4146;0,3686;NA;0,0954;0,1319;NA;NA;NA;NA;NA;NA;NA;NA;NA;NA;NA;NA;NA;NA;NA;7,84;3,73;10,49;1,45;-1,11;-1,57;11,91;11,45;2,14;23,02;NA;19,62;2,82;NA
Región de Murcia;2017;total;real;hacienda;FALSE;FALSE;31192490000,00;real;NA;NA;NA;NA;NA;NA;NA;NA;NA;NA;5092676850;NA;NA;NA;NA;NA;NA;NA;NA;NA;NA;NA;NA;NA;NA;NA;NA;NA;NA;NA;NA;NA;NA;NA;NA;NA;NA;NA;16,3266;NA;NA;NA;NA;NA;NA;NA;NA;NA;NA;NA;NA;NA;NA;NA;NA;NA;NA;NA;NA;NA;NA;NA;NA;NA;NA;NA;3,59;NA;NA;NA
Región de Murcia;2018;total;real;autonomica;FALSE;FALSE;31715345000,00;real;108157734,00;157662439,00;15836157,00;1418935986,00;29595660,00;28839541,00;4034881,00;36739376,00;2124384788,00;133875189,00;NA;31287502,00;52012726,00;NA;0,0090;0,0130;0,0013;0,1174;0,0024;0,0024;0,0003;0,0030;0,1758;0,0111;NA;0,0026;0,0043;NA;0,3410;0,4971;0,0499;4,4740;0,0933;0,0909;0,0127;0,1158;6,6983;0,4221;NA;0,0987;0,1640;NA;NA;NA;NA;NA;NA;NA;NA;NA;NA;NA;NA;NA;NA;NA;8,05;5,07;120,76;4,33;28,33;18,88;8,85;5,92;6,17;16,43;NA;5,09;26,39;NA
Región de Murcia;2018;total;real;hacienda;FALSE;FALSE;31715345000,00;real;NA;NA;NA;NA;NA;NA;NA;NA;NA;NA;5515448390;NA;NA;NA;NA;NA;NA;NA;NA;NA;NA;NA;NA;NA;0,4565;NA;NA;NA;NA;NA;NA;NA;NA;NA;NA;NA;NA;NA;17,3905;NA;NA;NA;NA;NA;NA;NA;NA;NA;NA;NA;NA;NA;NA;NA;NA;NA;NA;NA;NA;NA;NA;NA;NA;NA;NA;NA;8,30;NA;NA;NA
Región de Murcia;2019;total;real;autonomica;FALSE;FALSE;33000651000,00;real;111952655,00;161471097,00;14983978,00;1477742295,00;33799587,00;29682179,00;4498419,00;38741805,00;2188488008,00;124516464,00;NA;17089291,00;51781136,00;NA;0,0090;0,0130;0,0012;0,1186;0,0027;0,0024;0,0004;0,0031;0,1757;0,0100;NA;0,0014;0,0042;NA;0,3392;0,4893;0,0454;4,4779;0,1024;0,0899;0,0136;0,1174;6,6317;0,3773;NA;0,0518;0,1569;NA;NA;NA;NA;NA;NA;NA;NA;NA;NA;NA;NA;NA;NA;NA;3,51;2,42;-5,38;4,14;14,20;2,92;11,49;5,45;3,02;-6,99;NA;-45,38;-0,45;NA
Región de Murcia;2019;total;real;hacienda;FALSE;FALSE;33000651000,00;real;NA;NA;NA;NA;NA;NA;NA;NA;NA;NA;5800296390;NA;NA;NA;NA;NA;NA;NA;NA;NA;NA;NA;NA;NA;0,4657;NA;NA;NA;NA;NA;NA;NA;NA;NA;NA;NA;NA;NA;17,5763;NA;NA;NA;NA;NA;NA;NA;NA;NA;NA;NA;NA;NA;NA;NA;NA;NA;NA;NA;NA;NA;NA;NA;NA;NA;NA;NA;5,16;NA;NA;NA
Región de Murcia;2020;total;real;autonomica;FALSE;FALSE;30440306000,00;real;117774419,00;187428003,00;5055006,00;1580015261,00;38000877,00;18475584,00;7498328,00;18307335,00;2203429680,00;125334263,00;NA;23152099,00;26782024,00;496314,00;0,0104;0,0166;0,0004;0,1399;0,0034;0,0016;0,0007;0,0016;0,1951;0,0111;NA;0,0021;0,0024;0,0000;0,3869;0,6157;0,0166;5,1905;0,1248;0,0607;0,0246;0,0601;7,2385;0,4117;NA;0,0761;0,0880;0,0016;NA;NA;NA;NA;NA;NA;NA;NA;NA;NA;NA;NA;NA;NA;5,20;16,08;-66,26;6,92;12,43;-37,76;66,69;-52,75;0,68;0,66;NA;35,48;-48,28;NA
Región de Murcia;2020;total;real;hacienda;FALSE;FALSE;30440306000,00;real;NA;NA;NA;NA;NA;NA;NA;NA;NA;NA;6197019180;NA;NA;NA;NA;NA;NA;NA;NA;NA;NA;NA;NA;NA;0,5488;NA;NA;NA;NA;NA;NA;NA;NA;NA;NA;NA;NA;NA;20,3579;NA;NA;NA;NA;NA;NA;NA;NA;NA;NA;NA;NA;NA;NA;NA;NA;NA;NA;NA;NA;NA;NA;NA;NA;NA;NA;NA;6,84;NA;NA;NA
Región de Murcia;2021;total;real;autonomica;FALSE;FALSE;33603543000,00;real;137172304,00;195217849,00;4062951,00;1625728693,00;31062217,00;29200123,00;15924633,00;28298826,00;2487112377,00;136683389,00;NA;59901204,00;32283621,00;500645,00;0,0112;0,0160;0,0003;0,1330;0,0025;0,0024;0,0013;0,0023;0,2035;0,0112;NA;0,0049;0,0026;0,0000;0,4082;0,5809;0,0121;4,8380;0,0924;0,0869;0,0474;0,0842;7,4013;0,4068;NA;0,1783;0,0961;0,0015;NA;NA;NA;NA;NA;NA;NA;NA;NA;NA;NA;NA;NA;NA;16,47;4,16;-19,63;2,89;-18,26;58,05;112,38;54,58;12,87;9,06;NA;158,73;20,54;0,87
Región de Murcia;2021;total;real;hacienda;FALSE;FALSE;33603543000,00;real;NA;NA;NA;NA;NA;NA;NA;NA;NA;NA;6753606730;NA;NA;NA;NA;NA;NA;NA;NA;NA;NA;NA;NA;NA;0,5525;NA;NA;NA;NA;NA;NA;NA;NA;NA;NA;NA;NA;NA;20,0979;NA;NA;NA;NA;NA;NA;NA;NA;NA;NA;NA;NA;NA;NA;NA;NA;NA;NA;NA;NA;NA;NA;NA;NA;NA;NA;NA;8,98;NA;NA;NA
Región de Murcia;2022;total;real;autonomica;FALSE;FALSE;37380806000,00;real;161289755,00;199299067,00;4055849,00;1708893865,00;44173619,00;29184468,00;15521729,00;31208914,00;2530062207,00;159202572,00;NA;47540280,00;45119660,00;620519,00;0,0117;0,0145;0,0003;0,1244;0,0032;0,0021;0,0011;0,0023;0,1842;0,0116;NA;0,0035;0,0033;0,0000;0,4315;0,5332;0,0109;4,5716;0,1182;0,0781;0,0415;0,0835;6,7683;0,4259;NA;0,1272;0,1207;0,0017;NA;NA;NA;NA;NA;NA;NA;NA;NA;NA;NA;NA;NA;NA;17,58;2,09;-0,17;5,12;42,21;-0,05;-2,53;10,28;1,73;16,48;NA;-20,64;39,76;23,94
Región de Murcia;2022;total;real;hacienda;FALSE;FALSE;37380806000,00;real;NA;NA;NA;NA;NA;NA;NA;NA;NA;NA;6962801970;NA;NA;NA;NA;NA;NA;NA;NA;NA;NA;NA;NA;NA;0,5069;NA;NA;NA;NA;NA;NA;NA;NA;NA;NA;NA;NA;NA;18,6267;NA;NA;NA;NA;NA;NA;NA;NA;NA;NA;NA;NA;NA;NA;NA;NA;NA;NA;NA;NA;NA;NA;NA;NA;NA;NA;NA;3,10;NA;NA;NA
Región de Murcia;2023;total;real;autonomica;FALSE;FALSE;39838741000,00;real;189336986,00;227025405,00;6492289,00;1831251252,00;38258107,00;20610121,00;16288187,00;31286223,00;2661157290,00;172046776,00;NA;73705868,00;47107892,00;641026,00;0,0126;0,0152;0,0004;0,1222;0,0026;0,0014;0,0011;0,0021;0,1776;0,0115;NA;0,0049;0,0031;0,0000;0,4753;0,5699;0,0163;4,5967;0,0960;0,0517;0,0409;0,0785;6,6798;0,4319;NA;0,1850;0,1182;0,0016;NA;NA;NA;NA;NA;NA;NA;NA;NA;NA;NA;NA;NA;NA;17,39;13,91;60,07;7,16;-13,39;-29,38;4,94;0,25;5,18;8,07;NA;55,04;4,41;3,30
Región de Murcia;2023;total;real;hacienda;FALSE;FALSE;39838741000,00;real;NA;NA;NA;NA;NA;NA;NA;NA;NA;NA;7770713390;NA;NA;NA;NA;NA;NA;NA;NA;NA;NA;NA;NA;NA;0,5186;NA;NA;NA;NA;NA;NA;NA;NA;NA;NA;NA;NA;NA;19,5054;NA;NA;NA;NA;NA;NA;NA;NA;NA;NA;NA;NA;NA;NA;NA;NA;NA;NA;NA;NA;NA;NA;NA;NA;NA;NA;NA;11,60;NA;NA;NA
Región de Murcia;2024;total;real;autonomica;FALSE;FALSE;42488024000,00;real;194306355,00;253727169,00;7252103,00;2174381671,00;39724648,00;20462159,00;16465371,00;25105724,00;2847362340,00;163492042,00;NA;47243581,00;27609541,00;692764,00;0,0122;0,0159;0,0005;0,1366;0,0025;0,0013;0,0010;0,0016;0,1789;0,0103;NA;0,0030;0,0017;0,0000;0,4573;0,5972;0,0171;5,1176;0,0935;0,0482;0,0388;0,0591;6,7016;0,3848;NA;0,1112;0,0650;0,0016;125,73;164,17;4,69;1406,93;25,70;13,24;10,65;16,24;1842,38;105,79;NA;30,57;17,86;0,45;2,62;11,76;11,70;18,74;3,83;-0,72;1,09;-19,75;7,00;-4,97;NA;-35,90;-41,39;8,07
Región de Murcia;2024;total;real;hacienda;FALSE;FALSE;42488024000,00;real;NA;NA;NA;NA;NA;NA;NA;NA;NA;NA;7819336870;NA;NA;NA;NA;NA;NA;NA;NA;NA;NA;NA;NA;NA;0,4913;NA;NA;NA;NA;NA;NA;NA;NA;NA;NA;NA;NA;NA;18,4036;NA;NA;NA;NA;NA;NA;NA;NA;NA;NA;NA;NA;NA;5059,49;NA;NA;NA;NA;NA;NA;NA;NA;NA;NA;NA;NA;NA;0,63;NA;NA;NA
Región de Murcia;2025;total;real;autonomica;FALSE;FALSE;44209906961,56;proyeccion;220761192,00;261039302,00;6158402,00;2333238090,00;41253142,00;21386224,00;16082000,00;31256422,00;2972286524,00;185070075,00;NA;45848955,00;36991194,00;743869,00;0,0134;0,0158;0,0004;0,1416;0,0025;0,0013;0,0010;0,0019;0,1804;0,0112;NA;0,0028;0,0022;0,0000;0,4993;0,5905;0,0139;5,2776;0,0933;0,0484;0,0364;0,0707;6,7231;0,4186;NA;0,1037;0,0837;0,0017;141,97;167,87;3,96;1500,47;26,53;13,75;10,34;20,10;1911,44;119,02;NA;29,48;23,79;0,48;13,62;2,88;-15,08;7,31;3,85;4,52;-2,33;24,50;4,39;13,20;NA;-2,95;33,98;7,38
Región de Murcia;2025;total;real;hacienda;FALSE;FALSE;44209906961,56;proyeccion;NA;NA;NA;NA;NA;NA;NA;NA;NA;NA;8037477030;NA;NA;NA;NA;NA;NA;NA;NA;NA;NA;NA;NA;NA;0,4877;NA;NA;NA;NA;NA;NA;NA;NA;NA;NA;NA;NA;NA;18,1803;NA;NA;NA;NA;NA;NA;NA;NA;NA;NA;NA;NA;NA;5168,80;NA;NA;NA;NA;NA;NA;NA;NA;NA;NA;NA;NA;NA;2,79;NA;NA;NA
Región de Murcia;2026;total;real;autonomica;FALSE;FALSE;46619073818,13;proyeccion;220761192,00;261039302,00;6158402,00;2333238090,00;41253142,00;21386224,00;16082000,00;31256422,00;2972286524,00;185070075,00;NA;45848955,00;36991194,00;743869,00;0,0130;0,0153;0,0004;0,1372;0,0024;0,0013;0,0009;0,0018;0,1747;0,0109;NA;0,0027;0,0022;0,0000;0,4735;0,5599;0,0132;5,0049;0,0885;0,0459;0,0345;0,0670;6,3757;0,3970;NA;0,0983;0,0793;0,0016;141,06;166,80;3,94;1490,89;26,36;13,67;10,28;19,97;1899,22;118,26;NA;29,30;23,64;0,48;0,00;0,00;0,00;0,00;0,00;0,00;0,00;0,00;0,00;0,00;NA;0,00;0,00;0,00
