df_origen;ccaa;periodo;variable;yhat
benpresaad_all;Castilla-La Mancha;2019-01;atencion_residencial;12748,274778158272966
benpresaad_all;Castilla-La Mancha;2019-02;atencion_residencial;12809,209784674338152
benpresaad_all;Castilla-La Mancha;2019-03;atencion_residencial;12870,144791190405158
benpresaad_all;Castilla-La Mancha;2019-04;atencion_residencial;12931,079797706472164
benpresaad_all;Castilla-La Mancha;2019-05;atencion_residencial;12992,014804222537350
benpresaad_all;Castilla-La Mancha;2019-06;atencion_residencial;13052,949810738604356
benpresaad_all;Castilla-La Mancha;2019-07;atencion_residencial;13113,884817254669542
benpresaad_all;Castilla-La Mancha;2019-08;atencion_residencial;13174,819823770736548
benpresaad_all;Castilla-La Mancha;2019-09;atencion_residencial;13235,754830286801734
benpresaad_all;Castilla-La Mancha;2019-10;atencion_residencial;13296,689836802868740
benpresaad_all;Castilla-La Mancha;2019-11;atencion_residencial;13357,624843318935746
benpresaad_all;Castilla-La Mancha;2019-12;atencion_residencial;13418,559849835000932
benpresaad_all;Castilla-La Mancha;2020-01;atencion_residencial;13479,494856351067938
benpresaad_all;Castilla-La Mancha;2020-02;atencion_residencial;13540,429862867133124
benpresaad_all;Castilla-La Mancha;2020-03;atencion_residencial;13601,364869383200130
benpresaad_all;Castilla-La Mancha;2020-04;atencion_residencial;13662,299875899265317
benpresaad_all;Castilla-La Mancha;2020-05;atencion_residencial;13723,234882415332322
benpresaad_all;Castilla-La Mancha;2020-06;atencion_residencial;13784,169888931397509
benpresaad_all;Castilla-La Mancha;2020-07;atencion_residencial;13845,104895447464514
benpresaad_all;Castilla-La Mancha;2020-08;atencion_residencial;13906,039901963531520
benpresaad_all;Castilla-La Mancha;2020-09;atencion_residencial;13966,974908479596706
benpresaad_all;Castilla-La Mancha;2020-10;atencion_residencial;14027,909914995663712
benpresaad_all;Castilla-La Mancha;2020-11;atencion_residencial;14088,844921511728899
benpresaad_all;Castilla-La Mancha;2020-12;atencion_residencial;14149,779928027795904
benpresaad_all;Castilla-La Mancha;2021-01;atencion_residencial;14210,714934543861091
benpresaad_all;Castilla-La Mancha;2021-02;atencion_residencial;14271,649941059928096
benpresaad_all;Castilla-La Mancha;2021-03;atencion_residencial;14332,584947575993283
benpresaad_all;Castilla-La Mancha;2021-04;atencion_residencial;14393,519954092060289
benpresaad_all;Castilla-La Mancha;2021-05;atencion_residencial;14454,454960608127294
benpresaad_all;Castilla-La Mancha;2021-06;atencion_residencial;14515,389967124192481
benpresaad_all;Castilla-La Mancha;2021-07;atencion_residencial;14576,324973640259486
benpresaad_all;Castilla-La Mancha;2021-08;atencion_residencial;14637,259980156324673
benpresaad_all;Castilla-La Mancha;2021-09;atencion_residencial;14698,194986672391678
benpresaad_all;Castilla-La Mancha;2021-10;atencion_residencial;14759,129993188456865
benpresaad_all;Castilla-La Mancha;2021-11;atencion_residencial;14820,064999704523871
benpresaad_all;Castilla-La Mancha;2021-12;atencion_residencial;14881,000006220589057
benpresaad_all;Castilla-La Mancha;2022-01;atencion_residencial;14941,935012736656063
benpresaad_all;Castilla-La Mancha;2022-02;atencion_residencial;15002,870019252723068
benpresaad_all;Castilla-La Mancha;2022-03;atencion_residencial;15063,805025768788255
benpresaad_all;Castilla-La Mancha;2022-04;atencion_residencial;15124,740032284855261
benpresaad_all;Castilla-La Mancha;2022-05;atencion_residencial;15185,675038800920447
benpresaad_all;Castilla-La Mancha;2022-06;atencion_residencial;15246,610045316987453
benpresaad_all;Castilla-La Mancha;2022-07;atencion_residencial;15307,545051833052639
benpresaad_all;Castilla-La Mancha;2022-08;atencion_residencial;15368,480058349119645
benpresaad_all;Castilla-La Mancha;2022-09;atencion_residencial;15429,415064865184831
benpresaad_all;Castilla-La Mancha;2022-10;atencion_residencial;15490,350071381251837
benpresaad_all;Castilla-La Mancha;2022-11;atencion_residencial;15551,285077897318843
benpresaad_all;Castilla-La Mancha;2022-12;atencion_residencial;15612,220084413384029
benpresaad_all;Castilla-La Mancha;2023-01;atencion_residencial;15673,155090929451035
benpresaad_all;Castilla-La Mancha;2023-02;atencion_residencial;15734,090097445516221
benpresaad_all;Castilla-La Mancha;2023-03;atencion_residencial;15795,025103961583227
benpresaad_all;Castilla-La Mancha;2023-04;atencion_residencial;15855,960110477648414
benpresaad_all;Castilla-La Mancha;2023-05;atencion_residencial;15916,895116993715419
benpresaad_all;Castilla-La Mancha;2023-06;atencion_residencial;15977,830123509782425
benpresaad_all;Castilla-La Mancha;2023-07;atencion_residencial;16038,765130025847611
benpresaad_all;Castilla-La Mancha;2023-08;atencion_residencial;16099,700136541914617
benpresaad_all;Castilla-La Mancha;2023-09;atencion_residencial;16160,635143057979803
benpresaad_all;Castilla-La Mancha;2023-10;atencion_residencial;16221,570149574046809
benpresaad_all;Castilla-La Mancha;2023-11;atencion_residencial;16282,505156090111996
benpresaad_all;Castilla-La Mancha;2023-12;atencion_residencial;16343,440162606179001
benpresaad_all;Castilla-La Mancha;2024-01;atencion_residencial;16404,375169122246007
benpresaad_all;Castilla-La Mancha;2024-02;atencion_residencial;16465,310175638311193
benpresaad_all;Castilla-La Mancha;2024-03;atencion_residencial;16526,245182154376380
benpresaad_all;Castilla-La Mancha;2024-04;atencion_residencial;16587,180188670445204
benpresaad_all;Castilla-La Mancha;2024-05;atencion_residencial;16648,115195186510391
benpresaad_all;Castilla-La Mancha;2024-06;atencion_residencial;16709,050201702575578
benpresaad_all;Castilla-La Mancha;2024-07;atencion_residencial;16769,985208218640764
benpresaad_all;Castilla-La Mancha;2024-08;atencion_residencial;16830,920214734709589
benpresaad_all;Castilla-La Mancha;2024-09;atencion_residencial;16891,855221250774775
benpresaad_all;Castilla-La Mancha;2024-10;atencion_residencial;16952,790227766839962
benpresaad_all;Castilla-La Mancha;2024-11;atencion_residencial;17013,725234282908787
benpresaad_all;Castilla-La Mancha;2024-12;atencion_residencial;17074,660240798973973
benpresaad_all;Castilla-La Mancha;2025-01;atencion_residencial;17135,595247315039160
benpresaad_all;Castilla-La Mancha;2025-02;atencion_residencial;17196,530253831104346
benpresaad_all;Castilla-La Mancha;2025-03;atencion_residencial;17257,465260347173171
benpresaad_all;Castilla-La Mancha;2025-04;atencion_residencial;17318,400266863238357
benpresaad_all;Castilla-La Mancha;2025-05;atencion_residencial;17379,335273379303544
benpresaad_all;Castilla-La Mancha;2025-06;atencion_residencial;17440,270279895368731
benpresaad_all;Castilla-La Mancha;2025-07;atencion_residencial;17501,205286411437555
benpresaad_all;Castilla-La Mancha;2025-08;atencion_residencial;17562,140292927502742
benpresaad_all;Castilla-La Mancha;2025-09;atencion_residencial;17623,075299443567928
benpresaad_all;Castilla-La Mancha;2019-01;ayuda_domicilio;14526,662491874358238
benpresaad_all;Castilla-La Mancha;2019-02;ayuda_domicilio;14652,602350449284131
benpresaad_all;Castilla-La Mancha;2019-03;ayuda_domicilio;14778,542209024210024
benpresaad_all;Castilla-La Mancha;2019-04;ayuda_domicilio;14904,482067599134098
benpresaad_all;Castilla-La Mancha;2019-05;ayuda_domicilio;15030,421926174059990
benpresaad_all;Castilla-La Mancha;2019-06;ayuda_domicilio;15156,361784748985883
benpresaad_all;Castilla-La Mancha;2019-07;ayuda_domicilio;15282,301643323909957
benpresaad_all;Castilla-La Mancha;2019-08;ayuda_domicilio;15408,241501898835850
benpresaad_all;Castilla-La Mancha;2019-09;ayuda_domicilio;15534,181360473761742
benpresaad_all;Castilla-La Mancha;2019-10;ayuda_domicilio;15660,121219048687635
benpresaad_all;Castilla-La Mancha;2019-11;ayuda_domicilio;15786,061077623611709
benpresaad_all;Castilla-La Mancha;2019-12;ayuda_domicilio;15912,000936198537602
benpresaad_all;Castilla-La Mancha;2020-01;ayuda_domicilio;16037,940794773463494
benpresaad_all;Castilla-La Mancha;2020-02;ayuda_domicilio;16163,880653348387568
benpresaad_all;Castilla-La Mancha;2020-03;ayuda_domicilio;16289,820511923313461
benpresaad_all;Castilla-La Mancha;2020-04;ayuda_domicilio;16415,760370498239354
benpresaad_all;Castilla-La Mancha;2020-05;ayuda_domicilio;16541,700229073165247
benpresaad_all;Castilla-La Mancha;2020-06;ayuda_domicilio;16667,640087648091139
benpresaad_all;Castilla-La Mancha;2020-07;ayuda_domicilio;16793,579946223017032
benpresaad_all;Castilla-La Mancha;2020-08;ayuda_domicilio;16919,519804797939287
benpresaad_all;Castilla-La Mancha;2020-09;ayuda_domicilio;17045,459663372865180
benpresaad_all;Castilla-La Mancha;2020-10;ayuda_domicilio;17171,399521947791072
benpresaad_all;Castilla-La Mancha;2020-11;ayuda_domicilio;17297,339380522716965
benpresaad_all;Castilla-La Mancha;2020-12;ayuda_domicilio;17423,279239097642858
benpresaad_all;Castilla-La Mancha;2021-01;ayuda_domicilio;17549,219097672568751
benpresaad_all;Castilla-La Mancha;2021-02;ayuda_domicilio;17675,158956247494643
benpresaad_all;Castilla-La Mancha;2021-03;ayuda_domicilio;17801,098814822416898
benpresaad_all;Castilla-La Mancha;2021-04;ayuda_domicilio;17927,038673397342791
benpresaad_all;Castilla-La Mancha;2021-05;ayuda_domicilio;18052,978531972268684
benpresaad_all;Castilla-La Mancha;2021-06;ayuda_domicilio;18178,918390547194576
benpresaad_all;Castilla-La Mancha;2021-07;ayuda_domicilio;18304,858249122120469
benpresaad_all;Castilla-La Mancha;2021-08;ayuda_domicilio;18430,798107697046362
benpresaad_all;Castilla-La Mancha;2021-09;ayuda_domicilio;18556,737966271972255
benpresaad_all;Castilla-La Mancha;2021-10;ayuda_domicilio;18682,677824846894509
benpresaad_all;Castilla-La Mancha;2021-11;ayuda_domicilio;18808,617683421820402
benpresaad_all;Castilla-La Mancha;2021-12;ayuda_domicilio;18934,557541996746295
benpresaad_all;Castilla-La Mancha;2022-01;ayuda_domicilio;19060,497400571672188
benpresaad_all;Castilla-La Mancha;2022-02;ayuda_domicilio;19186,437259146598080
benpresaad_all;Castilla-La Mancha;2022-03;ayuda_domicilio;19312,377117721523973
benpresaad_all;Castilla-La Mancha;2022-04;ayuda_domicilio;19438,316976296449866
benpresaad_all;Castilla-La Mancha;2022-05;ayuda_domicilio;19564,256834871372121
benpresaad_all;Castilla-La Mancha;2022-06;ayuda_domicilio;19690,196693446298013
benpresaad_all;Castilla-La Mancha;2022-07;ayuda_domicilio;19816,136552021223906
benpresaad_all;Castilla-La Mancha;2022-08;ayuda_domicilio;19942,076410596149799
benpresaad_all;Castilla-La Mancha;2022-09;ayuda_domicilio;20068,016269171075692
benpresaad_all;Castilla-La Mancha;2022-10;ayuda_domicilio;20193,956127746001584
benpresaad_all;Castilla-La Mancha;2022-11;ayuda_domicilio;20319,895986320927477
benpresaad_all;Castilla-La Mancha;2022-12;ayuda_domicilio;20445,835844895849732
benpresaad_all;Castilla-La Mancha;2023-01;ayuda_domicilio;20571,775703470775625
benpresaad_all;Castilla-La Mancha;2023-02;ayuda_domicilio;20697,715562045701517
benpresaad_all;Castilla-La Mancha;2023-03;ayuda_domicilio;20823,655420620627410
benpresaad_all;Castilla-La Mancha;2023-04;ayuda_domicilio;20949,595279195553303
benpresaad_all;Castilla-La Mancha;2023-05;ayuda_domicilio;21075,535137770479196
benpresaad_all;Castilla-La Mancha;2023-06;ayuda_domicilio;21201,474996345405089
benpresaad_all;Castilla-La Mancha;2023-07;ayuda_domicilio;21327,414854920327343
benpresaad_all;Castilla-La Mancha;2023-08;ayuda_domicilio;21453,354713495253236
benpresaad_all;Castilla-La Mancha;2023-09;ayuda_domicilio;21579,294572070179129
benpresaad_all;Castilla-La Mancha;2023-10;ayuda_domicilio;21705,234430645105022
benpresaad_all;Castilla-La Mancha;2023-11;ayuda_domicilio;21831,174289220030914
benpresaad_all;Castilla-La Mancha;2023-12;ayuda_domicilio;21957,114147794956807
benpresaad_all;Castilla-La Mancha;2024-01;ayuda_domicilio;22083,054006369882700
benpresaad_all;Castilla-La Mancha;2024-02;ayuda_domicilio;22208,993864944804955
benpresaad_all;Castilla-La Mancha;2024-03;ayuda_domicilio;22334,933723519730847
benpresaad_all;Castilla-La Mancha;2024-04;ayuda_domicilio;22460,873582094656740
benpresaad_all;Castilla-La Mancha;2024-05;ayuda_domicilio;22586,813440669582633
benpresaad_all;Castilla-La Mancha;2024-06;ayuda_domicilio;22712,753299244508526
benpresaad_all;Castilla-La Mancha;2024-07;ayuda_domicilio;22838,693157819434418
benpresaad_all;Castilla-La Mancha;2024-08;ayuda_domicilio;22964,633016394360311
benpresaad_all;Castilla-La Mancha;2024-09;ayuda_domicilio;23090,572874969286204
benpresaad_all;Castilla-La Mancha;2024-10;ayuda_domicilio;23216,512733544208459
benpresaad_all;Castilla-La Mancha;2024-11;ayuda_domicilio;23342,452592119134351
benpresaad_all;Castilla-La Mancha;2024-12;ayuda_domicilio;23468,392450694060244
benpresaad_all;Castilla-La Mancha;2025-01;ayuda_domicilio;23594,332309268986137
benpresaad_all;Castilla-La Mancha;2025-02;ayuda_domicilio;23720,272167843912030
benpresaad_all;Castilla-La Mancha;2025-03;ayuda_domicilio;23846,212026418837922
benpresaad_all;Castilla-La Mancha;2025-04;ayuda_domicilio;23972,151884993763815
benpresaad_all;Castilla-La Mancha;2025-05;ayuda_domicilio;24098,091743568686070
benpresaad_all;Castilla-La Mancha;2025-06;ayuda_domicilio;24224,031602143611963
benpresaad_all;Castilla-La Mancha;2025-07;ayuda_domicilio;24349,971460718537855
benpresaad_all;Castilla-La Mancha;2025-08;ayuda_domicilio;24475,911319293463748
benpresaad_all;Castilla-La Mancha;2025-09;ayuda_domicilio;24601,851177868389641
benpresaad_all;Castilla-La Mancha;2019-01;centros_dia_noche;3465,431625626335062
benpresaad_all;Castilla-La Mancha;2019-02;centros_dia_noche;3491,208011806676495
benpresaad_all;Castilla-La Mancha;2019-03;centros_dia_noche;3516,984397987017473
benpresaad_all;Castilla-La Mancha;2019-04;centros_dia_noche;3542,760784167358452
benpresaad_all;Castilla-La Mancha;2019-05;centros_dia_noche;3568,537170347699430
benpresaad_all;Castilla-La Mancha;2019-06;centros_dia_noche;3594,313556528040408
benpresaad_all;Castilla-La Mancha;2019-07;centros_dia_noche;3620,089942708381841
benpresaad_all;Castilla-La Mancha;2019-08;centros_dia_noche;3645,866328888722819
benpresaad_all;Castilla-La Mancha;2019-09;centros_dia_noche;3671,642715069063797
benpresaad_all;Castilla-La Mancha;2019-10;centros_dia_noche;3697,419101249404775
benpresaad_all;Castilla-La Mancha;2019-11;centros_dia_noche;3723,195487429746208
benpresaad_all;Castilla-La Mancha;2019-12;centros_dia_noche;3748,971873610087187
benpresaad_all;Castilla-La Mancha;2020-01;centros_dia_noche;3774,748259790428165
benpresaad_all;Castilla-La Mancha;2020-02;centros_dia_noche;3800,524645970769143
benpresaad_all;Castilla-La Mancha;2020-03;centros_dia_noche;3826,301032151110121
benpresaad_all;Castilla-La Mancha;2020-04;centros_dia_noche;3852,077418331451554
benpresaad_all;Castilla-La Mancha;2020-05;centros_dia_noche;3877,853804511792532
benpresaad_all;Castilla-La Mancha;2020-06;centros_dia_noche;3903,630190692133510
benpresaad_all;Castilla-La Mancha;2020-07;centros_dia_noche;3929,406576872474488
benpresaad_all;Castilla-La Mancha;2020-08;centros_dia_noche;3955,182963052815921
benpresaad_all;Castilla-La Mancha;2020-09;centros_dia_noche;3980,959349233156900
benpresaad_all;Castilla-La Mancha;2020-10;centros_dia_noche;4006,735735413497878
benpresaad_all;Castilla-La Mancha;2020-11;centros_dia_noche;4032,512121593838856
benpresaad_all;Castilla-La Mancha;2020-12;centros_dia_noche;4058,288507774179834
benpresaad_all;Castilla-La Mancha;2021-01;centros_dia_noche;4084,064893954521267
benpresaad_all;Castilla-La Mancha;2021-02;centros_dia_noche;4109,841280134862245
benpresaad_all;Castilla-La Mancha;2021-03;centros_dia_noche;4135,617666315203678
benpresaad_all;Castilla-La Mancha;2021-04;centros_dia_noche;4161,394052495544202
benpresaad_all;Castilla-La Mancha;2021-05;centros_dia_noche;4187,170438675885634
benpresaad_all;Castilla-La Mancha;2021-06;centros_dia_noche;4212,946824856226158
benpresaad_all;Castilla-La Mancha;2021-07;centros_dia_noche;4238,723211036567591
benpresaad_all;Castilla-La Mancha;2021-08;centros_dia_noche;4264,499597216909024
benpresaad_all;Castilla-La Mancha;2021-09;centros_dia_noche;4290,275983397249547
benpresaad_all;Castilla-La Mancha;2021-10;centros_dia_noche;4316,052369577590980
benpresaad_all;Castilla-La Mancha;2021-11;centros_dia_noche;4341,828755757931503
benpresaad_all;Castilla-La Mancha;2021-12;centros_dia_noche;4367,605141938272936
benpresaad_all;Castilla-La Mancha;2022-01;centros_dia_noche;4393,381528118614369
benpresaad_all;Castilla-La Mancha;2022-02;centros_dia_noche;4419,157914298954893
benpresaad_all;Castilla-La Mancha;2022-03;centros_dia_noche;4444,934300479296326
benpresaad_all;Castilla-La Mancha;2022-04;centros_dia_noche;4470,710686659636849
benpresaad_all;Castilla-La Mancha;2022-05;centros_dia_noche;4496,487072839978282
benpresaad_all;Castilla-La Mancha;2022-06;centros_dia_noche;4522,263459020319715
benpresaad_all;Castilla-La Mancha;2022-07;centros_dia_noche;4548,039845200660238
benpresaad_all;Castilla-La Mancha;2022-08;centros_dia_noche;4573,816231381001671
benpresaad_all;Castilla-La Mancha;2022-09;centros_dia_noche;4599,592617561342195
benpresaad_all;Castilla-La Mancha;2022-10;centros_dia_noche;4625,369003741683628
benpresaad_all;Castilla-La Mancha;2022-11;centros_dia_noche;4651,145389922025061
benpresaad_all;Castilla-La Mancha;2022-12;centros_dia_noche;4676,921776102365584
benpresaad_all;Castilla-La Mancha;2023-01;centros_dia_noche;4702,698162282707017
benpresaad_all;Castilla-La Mancha;2023-02;centros_dia_noche;4728,474548463048450
benpresaad_all;Castilla-La Mancha;2023-03;centros_dia_noche;4754,250934643388973
benpresaad_all;Castilla-La Mancha;2023-04;centros_dia_noche;4780,027320823730406
benpresaad_all;Castilla-La Mancha;2023-05;centros_dia_noche;4805,803707004070930
benpresaad_all;Castilla-La Mancha;2023-06;centros_dia_noche;4831,580093184412362
benpresaad_all;Castilla-La Mancha;2023-07;centros_dia_noche;4857,356479364753795
benpresaad_all;Castilla-La Mancha;2023-08;centros_dia_noche;4883,132865545094319
benpresaad_all;Castilla-La Mancha;2023-09;centros_dia_noche;4908,909251725435752
benpresaad_all;Castilla-La Mancha;2023-10;centros_dia_noche;4934,685637905776275
benpresaad_all;Castilla-La Mancha;2023-11;centros_dia_noche;4960,462024086117708
benpresaad_all;Castilla-La Mancha;2023-12;centros_dia_noche;4986,238410266459141
benpresaad_all;Castilla-La Mancha;2024-01;centros_dia_noche;5012,014796446799664
benpresaad_all;Castilla-La Mancha;2024-02;centros_dia_noche;5037,791182627141097
benpresaad_all;Castilla-La Mancha;2024-03;centros_dia_noche;5063,567568807481621
benpresaad_all;Castilla-La Mancha;2024-04;centros_dia_noche;5089,343954987823054
benpresaad_all;Castilla-La Mancha;2024-05;centros_dia_noche;5115,120341168164487
benpresaad_all;Castilla-La Mancha;2024-06;centros_dia_noche;5140,896727348505010
benpresaad_all;Castilla-La Mancha;2024-07;centros_dia_noche;5166,673113528846443
benpresaad_all;Castilla-La Mancha;2024-08;centros_dia_noche;5192,449499709187876
benpresaad_all;Castilla-La Mancha;2024-09;centros_dia_noche;5218,225885889528399
benpresaad_all;Castilla-La Mancha;2024-10;centros_dia_noche;5244,002272069869832
benpresaad_all;Castilla-La Mancha;2024-11;centros_dia_noche;5269,778658250210356
benpresaad_all;Castilla-La Mancha;2024-12;centros_dia_noche;5295,555044430551789
benpresaad_all;Castilla-La Mancha;2025-01;centros_dia_noche;5321,331430610893221
benpresaad_all;Castilla-La Mancha;2025-02;centros_dia_noche;5347,107816791233745
benpresaad_all;Castilla-La Mancha;2025-03;centros_dia_noche;5372,884202971575178
benpresaad_all;Castilla-La Mancha;2025-04;centros_dia_noche;5398,660589151915701
benpresaad_all;Castilla-La Mancha;2025-05;centros_dia_noche;5424,436975332257134
benpresaad_all;Castilla-La Mancha;2025-06;centros_dia_noche;5450,213361512598567
benpresaad_all;Castilla-La Mancha;2025-07;centros_dia_noche;5475,989747692939090
benpresaad_all;Castilla-La Mancha;2025-08;centros_dia_noche;5501,766133873280523
benpresaad_all;Castilla-La Mancha;2025-09;centros_dia_noche;5527,542520053621047
benpresaad_all;Castilla-La Mancha;2019-01;pe_asist_pers;18,228063095426936
benpresaad_all;Castilla-La Mancha;2019-02;pe_asist_pers;18,389397940363221
benpresaad_all;Castilla-La Mancha;2019-03;pe_asist_pers;18,550732785299509
benpresaad_all;Castilla-La Mancha;2019-04;pe_asist_pers;18,712067630235794
benpresaad_all;Castilla-La Mancha;2019-05;pe_asist_pers;18,873402475172078
benpresaad_all;Castilla-La Mancha;2019-06;pe_asist_pers;19,034737320108363
benpresaad_all;Castilla-La Mancha;2019-07;pe_asist_pers;19,196072165044651
benpresaad_all;Castilla-La Mancha;2019-08;pe_asist_pers;19,357407009980935
benpresaad_all;Castilla-La Mancha;2019-09;pe_asist_pers;19,518741854917220
benpresaad_all;Castilla-La Mancha;2019-10;pe_asist_pers;19,680076699853505
benpresaad_all;Castilla-La Mancha;2019-11;pe_asist_pers;19,841411544789793
benpresaad_all;Castilla-La Mancha;2019-12;pe_asist_pers;20,002746389726077
benpresaad_all;Castilla-La Mancha;2020-01;pe_asist_pers;20,164081234662362
benpresaad_all;Castilla-La Mancha;2020-02;pe_asist_pers;20,325416079598650
benpresaad_all;Castilla-La Mancha;2020-03;pe_asist_pers;20,486750924534935
benpresaad_all;Castilla-La Mancha;2020-04;pe_asist_pers;20,648085769471219
benpresaad_all;Castilla-La Mancha;2020-05;pe_asist_pers;20,809420614407504
benpresaad_all;Castilla-La Mancha;2020-06;pe_asist_pers;20,970755459343792
benpresaad_all;Castilla-La Mancha;2020-07;pe_asist_pers;21,132090304280077
benpresaad_all;Castilla-La Mancha;2020-08;pe_asist_pers;21,293425149216361
benpresaad_all;Castilla-La Mancha;2020-09;pe_asist_pers;21,454759994152646
benpresaad_all;Castilla-La Mancha;2020-10;pe_asist_pers;21,616094839088934
benpresaad_all;Castilla-La Mancha;2020-11;pe_asist_pers;21,777429684025218
benpresaad_all;Castilla-La Mancha;2020-12;pe_asist_pers;21,938764528961503
benpresaad_all;Castilla-La Mancha;2021-01;pe_asist_pers;22,100099373897791
benpresaad_all;Castilla-La Mancha;2021-02;pe_asist_pers;22,261434218834076
benpresaad_all;Castilla-La Mancha;2021-03;pe_asist_pers;22,422769063770360
benpresaad_all;Castilla-La Mancha;2021-04;pe_asist_pers;22,584103908706645
benpresaad_all;Castilla-La Mancha;2021-05;pe_asist_pers;22,745438753642933
benpresaad_all;Castilla-La Mancha;2021-06;pe_asist_pers;22,906773598579218
benpresaad_all;Castilla-La Mancha;2021-07;pe_asist_pers;23,068108443515502
benpresaad_all;Castilla-La Mancha;2021-08;pe_asist_pers;23,229443288451787
benpresaad_all;Castilla-La Mancha;2021-09;pe_asist_pers;23,390778133388075
benpresaad_all;Castilla-La Mancha;2021-10;pe_asist_pers;23,552112978324359
benpresaad_all;Castilla-La Mancha;2021-11;pe_asist_pers;23,713447823260644
benpresaad_all;Castilla-La Mancha;2021-12;pe_asist_pers;23,874782668196932
benpresaad_all;Castilla-La Mancha;2022-01;pe_asist_pers;24,036117513133217
benpresaad_all;Castilla-La Mancha;2022-02;pe_asist_pers;24,197452358069501
benpresaad_all;Castilla-La Mancha;2022-03;pe_asist_pers;24,358787203005786
benpresaad_all;Castilla-La Mancha;2022-04;pe_asist_pers;24,520122047942074
benpresaad_all;Castilla-La Mancha;2022-05;pe_asist_pers;24,681456892878359
benpresaad_all;Castilla-La Mancha;2022-06;pe_asist_pers;24,842791737814643
benpresaad_all;Castilla-La Mancha;2022-07;pe_asist_pers;25,004126582750928
benpresaad_all;Castilla-La Mancha;2022-08;pe_asist_pers;25,165461427687216
benpresaad_all;Castilla-La Mancha;2022-09;pe_asist_pers;25,326796272623501
benpresaad_all;Castilla-La Mancha;2022-10;pe_asist_pers;25,488131117559785
benpresaad_all;Castilla-La Mancha;2022-11;pe_asist_pers;25,649465962496073
benpresaad_all;Castilla-La Mancha;2022-12;pe_asist_pers;25,810800807432358
benpresaad_all;Castilla-La Mancha;2023-01;pe_asist_pers;25,972135652368642
benpresaad_all;Castilla-La Mancha;2023-02;pe_asist_pers;26,133470497304927
benpresaad_all;Castilla-La Mancha;2023-03;pe_asist_pers;26,294805342241215
benpresaad_all;Castilla-La Mancha;2023-04;pe_asist_pers;26,456140187177500
benpresaad_all;Castilla-La Mancha;2023-05;pe_asist_pers;26,617475032113784
benpresaad_all;Castilla-La Mancha;2023-06;pe_asist_pers;26,778809877050069
benpresaad_all;Castilla-La Mancha;2023-07;pe_asist_pers;26,940144721986357
benpresaad_all;Castilla-La Mancha;2023-08;pe_asist_pers;27,101479566922642
benpresaad_all;Castilla-La Mancha;2023-09;pe_asist_pers;27,262814411858926
benpresaad_all;Castilla-La Mancha;2023-10;pe_asist_pers;27,424149256795214
benpresaad_all;Castilla-La Mancha;2023-11;pe_asist_pers;27,585484101731499
benpresaad_all;Castilla-La Mancha;2023-12;pe_asist_pers;27,746818946667783
benpresaad_all;Castilla-La Mancha;2024-01;pe_asist_pers;27,908153791604068
benpresaad_all;Castilla-La Mancha;2024-02;pe_asist_pers;28,069488636540356
benpresaad_all;Castilla-La Mancha;2024-03;pe_asist_pers;28,230823481476641
benpresaad_all;Castilla-La Mancha;2024-04;pe_asist_pers;28,392158326412925
benpresaad_all;Castilla-La Mancha;2024-05;pe_asist_pers;28,553493171349210
benpresaad_all;Castilla-La Mancha;2024-06;pe_asist_pers;28,714828016285498
benpresaad_all;Castilla-La Mancha;2024-07;pe_asist_pers;28,876162861221783
benpresaad_all;Castilla-La Mancha;2024-08;pe_asist_pers;29,037497706158067
benpresaad_all;Castilla-La Mancha;2024-09;pe_asist_pers;29,198832551094355
benpresaad_all;Castilla-La Mancha;2024-10;pe_asist_pers;29,360167396030640
benpresaad_all;Castilla-La Mancha;2024-11;pe_asist_pers;29,521502240966925
benpresaad_all;Castilla-La Mancha;2024-12;pe_asist_pers;29,682837085903209
benpresaad_all;Castilla-La Mancha;2025-01;pe_asist_pers;29,844171930839497
benpresaad_all;Castilla-La Mancha;2025-02;pe_asist_pers;30,005506775775782
benpresaad_all;Castilla-La Mancha;2025-03;pe_asist_pers;30,166841620712066
benpresaad_all;Castilla-La Mancha;2025-04;pe_asist_pers;30,328176465648351
benpresaad_all;Castilla-La Mancha;2025-05;pe_asist_pers;30,489511310584639
benpresaad_all;Castilla-La Mancha;2025-06;pe_asist_pers;30,650846155520924
benpresaad_all;Castilla-La Mancha;2025-07;pe_asist_pers;30,812181000457208
benpresaad_all;Castilla-La Mancha;2025-08;pe_asist_pers;30,973515845393496
benpresaad_all;Castilla-La Mancha;2025-09;pe_asist_pers;31,134850690329781
benpresaad_all;Castilla-La Mancha;2019-01;pe_cuidados_fam;9875,819068746830453
benpresaad_all;Castilla-La Mancha;2019-02;pe_cuidados_fam;9681,257798284981618
benpresaad_all;Castilla-La Mancha;2019-03;pe_cuidados_fam;9486,696527823134602
benpresaad_all;Castilla-La Mancha;2019-04;pe_cuidados_fam;9292,135257361287586
benpresaad_all;Castilla-La Mancha;2019-05;pe_cuidados_fam;9097,573986899440570
benpresaad_all;Castilla-La Mancha;2019-06;pe_cuidados_fam;8903,012716437591735
benpresaad_all;Castilla-La Mancha;2019-07;pe_cuidados_fam;8708,451445975744718
benpresaad_all;Castilla-La Mancha;2019-08;pe_cuidados_fam;8513,890175513897702
benpresaad_all;Castilla-La Mancha;2019-09;pe_cuidados_fam;8319,328905052050686
benpresaad_all;Castilla-La Mancha;2019-10;pe_cuidados_fam;8124,767634590202761
benpresaad_all;Castilla-La Mancha;2019-11;pe_cuidados_fam;7930,206364128354835
benpresaad_all;Castilla-La Mancha;2019-12;pe_cuidados_fam;7735,645093666507819
benpresaad_all;Castilla-La Mancha;2020-01;pe_cuidados_fam;7541,083823204659893
benpresaad_all;Castilla-La Mancha;2020-02;pe_cuidados_fam;7346,522552742811968
benpresaad_all;Castilla-La Mancha;2020-03;pe_cuidados_fam;7151,961282280964951
benpresaad_all;Castilla-La Mancha;2020-04;pe_cuidados_fam;6957,400011819117026
benpresaad_all;Castilla-La Mancha;2020-05;pe_cuidados_fam;6762,838741357270010
benpresaad_all;Castilla-La Mancha;2020-06;pe_cuidados_fam;6568,277470895422084
benpresaad_all;Castilla-La Mancha;2020-07;pe_cuidados_fam;6373,716200433575068
benpresaad_all;Castilla-La Mancha;2020-08;pe_cuidados_fam;6179,154929971727142
benpresaad_all;Castilla-La Mancha;2020-09;pe_cuidados_fam;5984,593659509880126
benpresaad_all;Castilla-La Mancha;2020-10;pe_cuidados_fam;5790,032389048032201
benpresaad_all;Castilla-La Mancha;2020-11;pe_cuidados_fam;5595,471118586185185
benpresaad_all;Castilla-La Mancha;2020-12;pe_cuidados_fam;5400,909848124337259
benpresaad_all;Castilla-La Mancha;2021-01;pe_cuidados_fam;5206,348577662490243
benpresaad_all;Castilla-La Mancha;2021-02;pe_cuidados_fam;5011,787307200642317
benpresaad_all;Castilla-La Mancha;2021-03;pe_cuidados_fam;4817,226036738795301
benpresaad_all;Castilla-La Mancha;2021-04;pe_cuidados_fam;4622,664766276947375
benpresaad_all;Castilla-La Mancha;2021-05;pe_cuidados_fam;4428,103495815099450
benpresaad_all;Castilla-La Mancha;2021-06;pe_cuidados_fam;4233,542225353252434
benpresaad_all;Castilla-La Mancha;2021-07;pe_cuidados_fam;4038,980954891404963
benpresaad_all;Castilla-La Mancha;2021-08;pe_cuidados_fam;3844,419684429557492
benpresaad_all;Castilla-La Mancha;2021-09;pe_cuidados_fam;3649,858413967710021
benpresaad_all;Castilla-La Mancha;2021-10;pe_cuidados_fam;3455,297143505862550
benpresaad_all;Castilla-La Mancha;2021-11;pe_cuidados_fam;3260,735873044015079
benpresaad_all;Castilla-La Mancha;2021-12;pe_cuidados_fam;3066,174602582167608
benpresaad_all;Castilla-La Mancha;2022-01;pe_cuidados_fam;2871,613332120319683
benpresaad_all;Castilla-La Mancha;2022-02;pe_cuidados_fam;2677,052061658472212
benpresaad_all;Castilla-La Mancha;2022-03;pe_cuidados_fam;2482,490791196624741
benpresaad_all;Castilla-La Mancha;2022-04;pe_cuidados_fam;2287,929520734777270
benpresaad_all;Castilla-La Mancha;2022-05;pe_cuidados_fam;2093,368250272929799
benpresaad_all;Castilla-La Mancha;2022-06;pe_cuidados_fam;1898,806979811082329
benpresaad_all;Castilla-La Mancha;2022-07;pe_cuidados_fam;1704,245709349234858
benpresaad_all;Castilla-La Mancha;2022-08;pe_cuidados_fam;1509,684438887387387
benpresaad_all;Castilla-La Mancha;2022-09;pe_cuidados_fam;1315,123168425539916
benpresaad_all;Castilla-La Mancha;2022-10;pe_cuidados_fam;1120,561897963692445
benpresaad_all;Castilla-La Mancha;2022-11;pe_cuidados_fam;926,000627501844974
benpresaad_all;Castilla-La Mancha;2022-12;pe_cuidados_fam;731,439357039997390
benpresaad_all;Castilla-La Mancha;2023-01;pe_cuidados_fam;536,878086578149919
benpresaad_all;Castilla-La Mancha;2023-02;pe_cuidados_fam;342,316816116302448
benpresaad_all;Castilla-La Mancha;2023-03;pe_cuidados_fam;147,755545654454920
benpresaad_all;Castilla-La Mancha;2023-04;pe_cuidados_fam;-46,805724807392579
benpresaad_all;Castilla-La Mancha;2023-05;pe_cuidados_fam;-241,366995269240078
benpresaad_all;Castilla-La Mancha;2023-06;pe_cuidados_fam;-435,928265731087549
benpresaad_all;Castilla-La Mancha;2023-07;pe_cuidados_fam;-630,489536192935020
benpresaad_all;Castilla-La Mancha;2023-08;pe_cuidados_fam;-825,050806654782605
benpresaad_all;Castilla-La Mancha;2023-09;pe_cuidados_fam;-1019,612077116630076
benpresaad_all;Castilla-La Mancha;2023-10;pe_cuidados_fam;-1214,173347578477660
benpresaad_all;Castilla-La Mancha;2023-11;pe_cuidados_fam;-1408,734618040325131
benpresaad_all;Castilla-La Mancha;2023-12;pe_cuidados_fam;-1603,295888502172602
benpresaad_all;Castilla-La Mancha;2024-01;pe_cuidados_fam;-1797,857158964020073
benpresaad_all;Castilla-La Mancha;2024-02;pe_cuidados_fam;-1992,418429425867544
benpresaad_all;Castilla-La Mancha;2024-03;pe_cuidados_fam;-2186,979699887715014
benpresaad_all;Castilla-La Mancha;2024-04;pe_cuidados_fam;-2381,540970349562485
benpresaad_all;Castilla-La Mancha;2024-05;pe_cuidados_fam;-2576,102240811409956
benpresaad_all;Castilla-La Mancha;2024-06;pe_cuidados_fam;-2770,663511273257427
benpresaad_all;Castilla-La Mancha;2024-07;pe_cuidados_fam;-2965,224781735104898
benpresaad_all;Castilla-La Mancha;2024-08;pe_cuidados_fam;-3159,786052196952369
benpresaad_all;Castilla-La Mancha;2024-09;pe_cuidados_fam;-3354,347322658800294
benpresaad_all;Castilla-La Mancha;2024-10;pe_cuidados_fam;-3548,908593120647765
benpresaad_all;Castilla-La Mancha;2024-11;pe_cuidados_fam;-3743,469863582495236
benpresaad_all;Castilla-La Mancha;2024-12;pe_cuidados_fam;-3938,031134044342707
benpresaad_all;Castilla-La Mancha;2025-01;pe_cuidados_fam;-4132,592404506190178
benpresaad_all;Castilla-La Mancha;2025-02;pe_cuidados_fam;-4327,153674968037194
benpresaad_all;Castilla-La Mancha;2025-03;pe_cuidados_fam;-4521,714945429885120
benpresaad_all;Castilla-La Mancha;2025-04;pe_cuidados_fam;-4716,276215891732136
benpresaad_all;Castilla-La Mancha;2025-05;pe_cuidados_fam;-4910,837486353580061
benpresaad_all;Castilla-La Mancha;2025-06;pe_cuidados_fam;-5105,398756815427987
benpresaad_all;Castilla-La Mancha;2025-07;pe_cuidados_fam;-5299,960027277275003
benpresaad_all;Castilla-La Mancha;2025-08;pe_cuidados_fam;-5494,521297739122929
benpresaad_all;Castilla-La Mancha;2025-09;pe_cuidados_fam;-5689,082568200969945
benpresaad_all;Castilla-La Mancha;2019-01;pe_vinc_serv;5331,847529493364163
benpresaad_all;Castilla-La Mancha;2019-02;pe_vinc_serv;5377,253223042303034
benpresaad_all;Castilla-La Mancha;2019-03;pe_vinc_serv;5422,658916591241905
benpresaad_all;Castilla-La Mancha;2019-04;pe_vinc_serv;5468,064610140180775
benpresaad_all;Castilla-La Mancha;2019-05;pe_vinc_serv;5513,470303689119646
benpresaad_all;Castilla-La Mancha;2019-06;pe_vinc_serv;5558,875997238058517
benpresaad_all;Castilla-La Mancha;2019-07;pe_vinc_serv;5604,281690786997387
benpresaad_all;Castilla-La Mancha;2019-08;pe_vinc_serv;5649,687384335936258
benpresaad_all;Castilla-La Mancha;2019-09;pe_vinc_serv;5695,093077884875129
benpresaad_all;Castilla-La Mancha;2019-10;pe_vinc_serv;5740,498771433813999
benpresaad_all;Castilla-La Mancha;2019-11;pe_vinc_serv;5785,904464982752870
benpresaad_all;Castilla-La Mancha;2019-12;pe_vinc_serv;5831,310158531691741
benpresaad_all;Castilla-La Mancha;2020-01;pe_vinc_serv;5876,715852080630611
benpresaad_all;Castilla-La Mancha;2020-02;pe_vinc_serv;5922,121545629569482
benpresaad_all;Castilla-La Mancha;2020-03;pe_vinc_serv;5967,527239178508353
benpresaad_all;Castilla-La Mancha;2020-04;pe_vinc_serv;6012,932932727447223
benpresaad_all;Castilla-La Mancha;2020-05;pe_vinc_serv;6058,338626276386094
benpresaad_all;Castilla-La Mancha;2020-06;pe_vinc_serv;6103,744319825324965
benpresaad_all;Castilla-La Mancha;2020-07;pe_vinc_serv;6149,150013374263835
benpresaad_all;Castilla-La Mancha;2020-08;pe_vinc_serv;6194,555706923202706
benpresaad_all;Castilla-La Mancha;2020-09;pe_vinc_serv;6239,961400472141577
benpresaad_all;Castilla-La Mancha;2020-10;pe_vinc_serv;6285,367094021080447
benpresaad_all;Castilla-La Mancha;2020-11;pe_vinc_serv;6330,772787570019318
benpresaad_all;Castilla-La Mancha;2020-12;pe_vinc_serv;6376,178481118958189
benpresaad_all;Castilla-La Mancha;2021-01;pe_vinc_serv;6421,584174667897059
benpresaad_all;Castilla-La Mancha;2021-02;pe_vinc_serv;6466,989868216835930
benpresaad_all;Castilla-La Mancha;2021-03;pe_vinc_serv;6512,395561765774801
benpresaad_all;Castilla-La Mancha;2021-04;pe_vinc_serv;6557,801255314713671
benpresaad_all;Castilla-La Mancha;2021-05;pe_vinc_serv;6603,206948863653452
benpresaad_all;Castilla-La Mancha;2021-06;pe_vinc_serv;6648,612642412592322
benpresaad_all;Castilla-La Mancha;2021-07;pe_vinc_serv;6694,018335961531193
benpresaad_all;Castilla-La Mancha;2021-08;pe_vinc_serv;6739,424029510470064
benpresaad_all;Castilla-La Mancha;2021-09;pe_vinc_serv;6784,829723059408934
benpresaad_all;Castilla-La Mancha;2021-10;pe_vinc_serv;6830,235416608347805
benpresaad_all;Castilla-La Mancha;2021-11;pe_vinc_serv;6875,641110157286676
benpresaad_all;Castilla-La Mancha;2021-12;pe_vinc_serv;6921,046803706225546
benpresaad_all;Castilla-La Mancha;2022-01;pe_vinc_serv;6966,452497255164417
benpresaad_all;Castilla-La Mancha;2022-02;pe_vinc_serv;7011,858190804103288
benpresaad_all;Castilla-La Mancha;2022-03;pe_vinc_serv;7057,263884353042158
benpresaad_all;Castilla-La Mancha;2022-04;pe_vinc_serv;7102,669577901981029
benpresaad_all;Castilla-La Mancha;2022-05;pe_vinc_serv;7148,075271450919900
benpresaad_all;Castilla-La Mancha;2022-06;pe_vinc_serv;7193,480964999858770
benpresaad_all;Castilla-La Mancha;2022-07;pe_vinc_serv;7238,886658548797641
benpresaad_all;Castilla-La Mancha;2022-08;pe_vinc_serv;7284,292352097736511
benpresaad_all;Castilla-La Mancha;2022-09;pe_vinc_serv;7329,698045646675382
benpresaad_all;Castilla-La Mancha;2022-10;pe_vinc_serv;7375,103739195614253
benpresaad_all;Castilla-La Mancha;2022-11;pe_vinc_serv;7420,509432744553123
benpresaad_all;Castilla-La Mancha;2022-12;pe_vinc_serv;7465,915126293491994
benpresaad_all;Castilla-La Mancha;2023-01;pe_vinc_serv;7511,320819842430865
benpresaad_all;Castilla-La Mancha;2023-02;pe_vinc_serv;7556,726513391369735
benpresaad_all;Castilla-La Mancha;2023-03;pe_vinc_serv;7602,132206940308606
benpresaad_all;Castilla-La Mancha;2023-04;pe_vinc_serv;7647,537900489247477
benpresaad_all;Castilla-La Mancha;2023-05;pe_vinc_serv;7692,943594038186347
benpresaad_all;Castilla-La Mancha;2023-06;pe_vinc_serv;7738,349287587125218
benpresaad_all;Castilla-La Mancha;2023-07;pe_vinc_serv;7783,754981136064089
benpresaad_all;Castilla-La Mancha;2023-08;pe_vinc_serv;7829,160674685002959
benpresaad_all;Castilla-La Mancha;2023-09;pe_vinc_serv;7874,566368233941830
benpresaad_all;Castilla-La Mancha;2023-10;pe_vinc_serv;7919,972061782880701
benpresaad_all;Castilla-La Mancha;2023-11;pe_vinc_serv;7965,377755331819571
benpresaad_all;Castilla-La Mancha;2023-12;pe_vinc_serv;8010,783448880758442
benpresaad_all;Castilla-La Mancha;2024-01;pe_vinc_serv;8056,189142429697313
benpresaad_all;Castilla-La Mancha;2024-02;pe_vinc_serv;8101,594835978637093
benpresaad_all;Castilla-La Mancha;2024-03;pe_vinc_serv;8147,000529527575964
benpresaad_all;Castilla-La Mancha;2024-04;pe_vinc_serv;8192,406223076513925
benpresaad_all;Castilla-La Mancha;2024-05;pe_vinc_serv;8237,811916625452795
benpresaad_all;Castilla-La Mancha;2024-06;pe_vinc_serv;8283,217610174391666
benpresaad_all;Castilla-La Mancha;2024-07;pe_vinc_serv;8328,623303723330537
benpresaad_all;Castilla-La Mancha;2024-08;pe_vinc_serv;8374,028997272269407
benpresaad_all;Castilla-La Mancha;2024-09;pe_vinc_serv;8419,434690821208278
benpresaad_all;Castilla-La Mancha;2024-10;pe_vinc_serv;8464,840384370147149
benpresaad_all;Castilla-La Mancha;2024-11;pe_vinc_serv;8510,246077919086019
benpresaad_all;Castilla-La Mancha;2024-12;pe_vinc_serv;8555,651771468024890
benpresaad_all;Castilla-La Mancha;2025-01;pe_vinc_serv;8601,057465016963761
benpresaad_all;Castilla-La Mancha;2025-02;pe_vinc_serv;8646,463158565902631
benpresaad_all;Castilla-La Mancha;2025-03;pe_vinc_serv;8691,868852114841502
benpresaad_all;Castilla-La Mancha;2025-04;pe_vinc_serv;8737,274545663780373
benpresaad_all;Castilla-La Mancha;2025-05;pe_vinc_serv;8782,680239212721062
benpresaad_all;Castilla-La Mancha;2025-06;pe_vinc_serv;8828,085932761659933
benpresaad_all;Castilla-La Mancha;2025-07;pe_vinc_serv;8873,491626310598804
benpresaad_all;Castilla-La Mancha;2025-08;pe_vinc_serv;8918,897319859537674
benpresaad_all;Castilla-La Mancha;2025-09;pe_vinc_serv;8964,303013408476545
benpresaad_all;Castilla-La Mancha;2019-01;pers_benef_prest;50524,772132853118819
benpresaad_all;Castilla-La Mancha;2019-02;pers_benef_prest;50743,904798561809002
benpresaad_all;Castilla-La Mancha;2019-03;pers_benef_prest;50963,037464270506462
benpresaad_all;Castilla-La Mancha;2019-04;pers_benef_prest;51182,170129979203921
benpresaad_all;Castilla-La Mancha;2019-05;pers_benef_prest;51401,302795687901380
benpresaad_all;Castilla-La Mancha;2019-06;pers_benef_prest;51620,435461396598839
benpresaad_all;Castilla-La Mancha;2019-07;pers_benef_prest;51839,568127105289022
benpresaad_all;Castilla-La Mancha;2019-08;pers_benef_prest;52058,700792813986482
benpresaad_all;Castilla-La Mancha;2019-09;pers_benef_prest;52277,833458522683941
benpresaad_all;Castilla-La Mancha;2019-10;pers_benef_prest;52496,966124231381400
benpresaad_all;Castilla-La Mancha;2019-11;pers_benef_prest;52716,098789940071583
benpresaad_all;Castilla-La Mancha;2019-12;pers_benef_prest;52935,231455648769042
benpresaad_all;Castilla-La Mancha;2020-01;pers_benef_prest;53154,364121357466502
benpresaad_all;Castilla-La Mancha;2020-02;pers_benef_prest;53373,496787066163961
benpresaad_all;Castilla-La Mancha;2020-03;pers_benef_prest;53592,629452774861420
benpresaad_all;Castilla-La Mancha;2020-04;pers_benef_prest;53811,762118483551603
benpresaad_all;Castilla-La Mancha;2020-05;pers_benef_prest;54030,894784192249062
benpresaad_all;Castilla-La Mancha;2020-06;pers_benef_prest;54250,027449900946522
benpresaad_all;Castilla-La Mancha;2020-07;pers_benef_prest;54469,160115609643981
benpresaad_all;Castilla-La Mancha;2020-08;pers_benef_prest;54688,292781318334164
benpresaad_all;Castilla-La Mancha;2020-09;pers_benef_prest;54907,425447027031623
benpresaad_all;Castilla-La Mancha;2020-10;pers_benef_prest;55126,558112735729082
benpresaad_all;Castilla-La Mancha;2020-11;pers_benef_prest;55345,690778444426542
benpresaad_all;Castilla-La Mancha;2020-12;pers_benef_prest;55564,823444153124001
benpresaad_all;Castilla-La Mancha;2021-01;pers_benef_prest;55783,956109861814184
benpresaad_all;Castilla-La Mancha;2021-02;pers_benef_prest;56003,088775570511643
benpresaad_all;Castilla-La Mancha;2021-03;pers_benef_prest;56222,221441279209103
benpresaad_all;Castilla-La Mancha;2021-04;pers_benef_prest;56441,354106987906562
benpresaad_all;Castilla-La Mancha;2021-05;pers_benef_prest;56660,486772696604021
benpresaad_all;Castilla-La Mancha;2021-06;pers_benef_prest;56879,619438405294204
benpresaad_all;Castilla-La Mancha;2021-07;pers_benef_prest;57098,752104113991663
benpresaad_all;Castilla-La Mancha;2021-08;pers_benef_prest;57317,884769822689123
benpresaad_all;Castilla-La Mancha;2021-09;pers_benef_prest;57537,017435531386582
benpresaad_all;Castilla-La Mancha;2021-10;pers_benef_prest;57756,150101240076765
benpresaad_all;Castilla-La Mancha;2021-11;pers_benef_prest;57975,282766948774224
benpresaad_all;Castilla-La Mancha;2021-12;pers_benef_prest;58194,415432657471683
benpresaad_all;Castilla-La Mancha;2022-01;pers_benef_prest;58413,548098366169143
benpresaad_all;Castilla-La Mancha;2022-02;pers_benef_prest;58632,680764074866602
benpresaad_all;Castilla-La Mancha;2022-03;pers_benef_prest;58851,813429783556785
benpresaad_all;Castilla-La Mancha;2022-04;pers_benef_prest;59070,946095492254244
benpresaad_all;Castilla-La Mancha;2022-05;pers_benef_prest;59290,078761200951703
benpresaad_all;Castilla-La Mancha;2022-06;pers_benef_prest;59509,211426909649163
benpresaad_all;Castilla-La Mancha;2022-07;pers_benef_prest;59728,344092618339346
benpresaad_all;Castilla-La Mancha;2022-08;pers_benef_prest;59947,476758327036805
benpresaad_all;Castilla-La Mancha;2022-09;pers_benef_prest;60166,609424035734264
benpresaad_all;Castilla-La Mancha;2022-10;pers_benef_prest;60385,742089744431723
benpresaad_all;Castilla-La Mancha;2022-11;pers_benef_prest;60604,874755453129183
benpresaad_all;Castilla-La Mancha;2022-12;pers_benef_prest;60824,007421161819366
benpresaad_all;Castilla-La Mancha;2023-01;pers_benef_prest;61043,140086870516825
benpresaad_all;Castilla-La Mancha;2023-02;pers_benef_prest;61262,272752579214284
benpresaad_all;Castilla-La Mancha;2023-03;pers_benef_prest;61481,405418287911743
benpresaad_all;Castilla-La Mancha;2023-04;pers_benef_prest;61700,538083996601927
benpresaad_all;Castilla-La Mancha;2023-05;pers_benef_prest;61919,670749705299386
benpresaad_all;Castilla-La Mancha;2023-06;pers_benef_prest;62138,803415413996845
benpresaad_all;Castilla-La Mancha;2023-07;pers_benef_prest;62357,936081122694304
benpresaad_all;Castilla-La Mancha;2023-08;pers_benef_prest;62577,068746831391763
benpresaad_all;Castilla-La Mancha;2023-09;pers_benef_prest;62796,201412540081947
benpresaad_all;Castilla-La Mancha;2023-10;pers_benef_prest;63015,334078248779406
benpresaad_all;Castilla-La Mancha;2023-11;pers_benef_prest;63234,466743957476865
benpresaad_all;Castilla-La Mancha;2023-12;pers_benef_prest;63453,599409666174324
benpresaad_all;Castilla-La Mancha;2024-01;pers_benef_prest;63672,732075374864507
benpresaad_all;Castilla-La Mancha;2024-02;pers_benef_prest;63891,864741083561967
benpresaad_all;Castilla-La Mancha;2024-03;pers_benef_prest;64110,997406792259426
benpresaad_all;Castilla-La Mancha;2024-04;pers_benef_prest;64330,130072500956885
benpresaad_all;Castilla-La Mancha;2024-05;pers_benef_prest;64549,262738209654344
benpresaad_all;Castilla-La Mancha;2024-06;pers_benef_prest;64768,395403918344527
benpresaad_all;Castilla-La Mancha;2024-07;pers_benef_prest;64987,528069627041987
benpresaad_all;Castilla-La Mancha;2024-08;pers_benef_prest;65206,660735335739446
benpresaad_all;Castilla-La Mancha;2024-09;pers_benef_prest;65425,793401044436905
benpresaad_all;Castilla-La Mancha;2024-10;pers_benef_prest;65644,926066753134364
benpresaad_all;Castilla-La Mancha;2024-11;pers_benef_prest;65864,058732461824547
benpresaad_all;Castilla-La Mancha;2024-12;pers_benef_prest;66083,191398170529283
benpresaad_all;Castilla-La Mancha;2025-01;pers_benef_prest;66302,324063879219466
benpresaad_all;Castilla-La Mancha;2025-02;pers_benef_prest;66521,456729587909649
benpresaad_all;Castilla-La Mancha;2025-03;pers_benef_prest;66740,589395296614384
benpresaad_all;Castilla-La Mancha;2025-04;pers_benef_prest;66959,722061005304568
benpresaad_all;Castilla-La Mancha;2025-05;pers_benef_prest;67178,854726713994751
benpresaad_all;Castilla-La Mancha;2025-06;pers_benef_prest;67397,987392422699486
benpresaad_all;Castilla-La Mancha;2025-07;pers_benef_prest;67617,120058131389669
benpresaad_all;Castilla-La Mancha;2025-08;pers_benef_prest;67836,252723840094404
benpresaad_all;Castilla-La Mancha;2025-09;pers_benef_prest;68055,385389548784588
benpresaad_all;Castilla-La Mancha;2019-01;prev_dep_prom_ap;5655,091336120156484
benpresaad_all;Castilla-La Mancha;2019-02;prev_dep_prom_ap;5711,097369313215495
benpresaad_all;Castilla-La Mancha;2019-03;prev_dep_prom_ap;5767,103402506274506
benpresaad_all;Castilla-La Mancha;2019-04;prev_dep_prom_ap;5823,109435699334426
benpresaad_all;Castilla-La Mancha;2019-05;prev_dep_prom_ap;5879,115468892393437
benpresaad_all;Castilla-La Mancha;2019-06;prev_dep_prom_ap;5935,121502085452448
benpresaad_all;Castilla-La Mancha;2019-07;prev_dep_prom_ap;5991,127535278511459
benpresaad_all;Castilla-La Mancha;2019-08;prev_dep_prom_ap;6047,133568471570470
benpresaad_all;Castilla-La Mancha;2019-09;prev_dep_prom_ap;6103,139601664629481
benpresaad_all;Castilla-La Mancha;2019-10;prev_dep_prom_ap;6159,145634857688492
benpresaad_all;Castilla-La Mancha;2019-11;prev_dep_prom_ap;6215,151668050747503
benpresaad_all;Castilla-La Mancha;2019-12;prev_dep_prom_ap;6271,157701243806514
benpresaad_all;Castilla-La Mancha;2020-01;prev_dep_prom_ap;6327,163734436865525
benpresaad_all;Castilla-La Mancha;2020-02;prev_dep_prom_ap;6383,169767629924536
benpresaad_all;Castilla-La Mancha;2020-03;prev_dep_prom_ap;6439,175800822983547
benpresaad_all;Castilla-La Mancha;2020-04;prev_dep_prom_ap;6495,181834016042558
benpresaad_all;Castilla-La Mancha;2020-05;prev_dep_prom_ap;6551,187867209101569
benpresaad_all;Castilla-La Mancha;2020-06;prev_dep_prom_ap;6607,193900402160580
benpresaad_all;Castilla-La Mancha;2020-07;prev_dep_prom_ap;6663,199933595219591
benpresaad_all;Castilla-La Mancha;2020-08;prev_dep_prom_ap;6719,205966788278602
benpresaad_all;Castilla-La Mancha;2020-09;prev_dep_prom_ap;6775,211999981337613
benpresaad_all;Castilla-La Mancha;2020-10;prev_dep_prom_ap;6831,218033174396624
benpresaad_all;Castilla-La Mancha;2020-11;prev_dep_prom_ap;6887,224066367456544
benpresaad_all;Castilla-La Mancha;2020-12;prev_dep_prom_ap;6943,230099560515555
benpresaad_all;Castilla-La Mancha;2021-01;prev_dep_prom_ap;6999,236132753574566
benpresaad_all;Castilla-La Mancha;2021-02;prev_dep_prom_ap;7055,242165946633577
benpresaad_all;Castilla-La Mancha;2021-03;prev_dep_prom_ap;7111,248199139692588
benpresaad_all;Castilla-La Mancha;2021-04;prev_dep_prom_ap;7167,254232332751599
benpresaad_all;Castilla-La Mancha;2021-05;prev_dep_prom_ap;7223,260265525810610
benpresaad_all;Castilla-La Mancha;2021-06;prev_dep_prom_ap;7279,266298718869621
benpresaad_all;Castilla-La Mancha;2021-07;prev_dep_prom_ap;7335,272331911928632
benpresaad_all;Castilla-La Mancha;2021-08;prev_dep_prom_ap;7391,278365104987643
benpresaad_all;Castilla-La Mancha;2021-09;prev_dep_prom_ap;7447,284398298046654
benpresaad_all;Castilla-La Mancha;2021-10;prev_dep_prom_ap;7503,290431491105664
benpresaad_all;Castilla-La Mancha;2021-11;prev_dep_prom_ap;7559,296464684164675
benpresaad_all;Castilla-La Mancha;2021-12;prev_dep_prom_ap;7615,302497877223686
benpresaad_all;Castilla-La Mancha;2022-01;prev_dep_prom_ap;7671,308531070282697
benpresaad_all;Castilla-La Mancha;2022-02;prev_dep_prom_ap;7727,314564263341708
benpresaad_all;Castilla-La Mancha;2022-03;prev_dep_prom_ap;7783,320597456400719
benpresaad_all;Castilla-La Mancha;2022-04;prev_dep_prom_ap;7839,326630649459730
benpresaad_all;Castilla-La Mancha;2022-05;prev_dep_prom_ap;7895,332663842519651
benpresaad_all;Castilla-La Mancha;2022-06;prev_dep_prom_ap;7951,338697035578662
benpresaad_all;Castilla-La Mancha;2022-07;prev_dep_prom_ap;8007,344730228637673
benpresaad_all;Castilla-La Mancha;2022-08;prev_dep_prom_ap;8063,350763421696684
benpresaad_all;Castilla-La Mancha;2022-09;prev_dep_prom_ap;8119,356796614755694
benpresaad_all;Castilla-La Mancha;2022-10;prev_dep_prom_ap;8175,362829807814705
benpresaad_all;Castilla-La Mancha;2022-11;prev_dep_prom_ap;8231,368863000872807
benpresaad_all;Castilla-La Mancha;2022-12;prev_dep_prom_ap;8287,374896193932727
benpresaad_all;Castilla-La Mancha;2023-01;prev_dep_prom_ap;8343,380929386990829
benpresaad_all;Castilla-La Mancha;2023-02;prev_dep_prom_ap;8399,386962580050749
benpresaad_all;Castilla-La Mancha;2023-03;prev_dep_prom_ap;8455,392995773110670
benpresaad_all;Castilla-La Mancha;2023-04;prev_dep_prom_ap;8511,399028966168771
benpresaad_all;Castilla-La Mancha;2023-05;prev_dep_prom_ap;8567,405062159228692
benpresaad_all;Castilla-La Mancha;2023-06;prev_dep_prom_ap;8623,411095352286793
benpresaad_all;Castilla-La Mancha;2023-07;prev_dep_prom_ap;8679,417128545346714
benpresaad_all;Castilla-La Mancha;2023-08;prev_dep_prom_ap;8735,423161738404815
benpresaad_all;Castilla-La Mancha;2023-09;prev_dep_prom_ap;8791,429194931464735
benpresaad_all;Castilla-La Mancha;2023-10;prev_dep_prom_ap;8847,435228124522837
benpresaad_all;Castilla-La Mancha;2023-11;prev_dep_prom_ap;8903,441261317582757
benpresaad_all;Castilla-La Mancha;2023-12;prev_dep_prom_ap;8959,447294510640859
benpresaad_all;Castilla-La Mancha;2024-01;prev_dep_prom_ap;9015,453327703700779
benpresaad_all;Castilla-La Mancha;2024-02;prev_dep_prom_ap;9071,459360896758881
benpresaad_all;Castilla-La Mancha;2024-03;prev_dep_prom_ap;9127,465394089818801
benpresaad_all;Castilla-La Mancha;2024-04;prev_dep_prom_ap;9183,471427282876903
benpresaad_all;Castilla-La Mancha;2024-05;prev_dep_prom_ap;9239,477460475936823
benpresaad_all;Castilla-La Mancha;2024-06;prev_dep_prom_ap;9295,483493668994925
benpresaad_all;Castilla-La Mancha;2024-07;prev_dep_prom_ap;9351,489526862054845
benpresaad_all;Castilla-La Mancha;2024-08;prev_dep_prom_ap;9407,495560055114765
benpresaad_all;Castilla-La Mancha;2024-09;prev_dep_prom_ap;9463,501593248172867
benpresaad_all;Castilla-La Mancha;2024-10;prev_dep_prom_ap;9519,507626441232787
benpresaad_all;Castilla-La Mancha;2024-11;prev_dep_prom_ap;9575,513659634290889
benpresaad_all;Castilla-La Mancha;2024-12;prev_dep_prom_ap;9631,519692827350809
benpresaad_all;Castilla-La Mancha;2025-01;prev_dep_prom_ap;9687,525726020408911
benpresaad_all;Castilla-La Mancha;2025-02;prev_dep_prom_ap;9743,531759213468831
benpresaad_all;Castilla-La Mancha;2025-03;prev_dep_prom_ap;9799,537792406526933
benpresaad_all;Castilla-La Mancha;2025-04;prev_dep_prom_ap;9855,543825599586853
benpresaad_all;Castilla-La Mancha;2025-05;prev_dep_prom_ap;9911,549858792644955
benpresaad_all;Castilla-La Mancha;2025-06;prev_dep_prom_ap;9967,555891985704875
benpresaad_all;Castilla-La Mancha;2025-07;prev_dep_prom_ap;10023,561925178762976
benpresaad_all;Castilla-La Mancha;2025-08;prev_dep_prom_ap;10079,567958371822897
benpresaad_all;Castilla-La Mancha;2025-09;prev_dep_prom_ap;10135,573991564880998
benpresaad_all;Castilla-La Mancha;2019-01;ratio_prest_x_benef;1,196291208567188
benpresaad_all;Castilla-La Mancha;2019-02;ratio_prest_x_benef;1,193689341741124
benpresaad_all;Castilla-La Mancha;2019-03;ratio_prest_x_benef;1,191087474915060
benpresaad_all;Castilla-La Mancha;2019-04;ratio_prest_x_benef;1,188485608088997
benpresaad_all;Castilla-La Mancha;2019-05;ratio_prest_x_benef;1,185883741262933
benpresaad_all;Castilla-La Mancha;2019-06;ratio_prest_x_benef;1,183281874436869
benpresaad_all;Castilla-La Mancha;2019-07;ratio_prest_x_benef;1,180680007610806
benpresaad_all;Castilla-La Mancha;2019-08;ratio_prest_x_benef;1,178078140784742
benpresaad_all;Castilla-La Mancha;2019-09;ratio_prest_x_benef;1,175476273958678
benpresaad_all;Castilla-La Mancha;2019-10;ratio_prest_x_benef;1,172874407132614
benpresaad_all;Castilla-La Mancha;2019-11;ratio_prest_x_benef;1,170272540306551
benpresaad_all;Castilla-La Mancha;2019-12;ratio_prest_x_benef;1,167670673480487
benpresaad_all;Castilla-La Mancha;2020-01;ratio_prest_x_benef;1,165068806654423
benpresaad_all;Castilla-La Mancha;2020-02;ratio_prest_x_benef;1,162466939828360
benpresaad_all;Castilla-La Mancha;2020-03;ratio_prest_x_benef;1,159865073002296
benpresaad_all;Castilla-La Mancha;2020-04;ratio_prest_x_benef;1,157263206176232
benpresaad_all;Castilla-La Mancha;2020-05;ratio_prest_x_benef;1,154661339350169
benpresaad_all;Castilla-La Mancha;2020-06;ratio_prest_x_benef;1,152059472524105
benpresaad_all;Castilla-La Mancha;2020-07;ratio_prest_x_benef;1,149457605698041
benpresaad_all;Castilla-La Mancha;2020-08;ratio_prest_x_benef;1,146855738871978
benpresaad_all;Castilla-La Mancha;2020-09;ratio_prest_x_benef;1,144253872045914
benpresaad_all;Castilla-La Mancha;2020-10;ratio_prest_x_benef;1,141652005219850
benpresaad_all;Castilla-La Mancha;2020-11;ratio_prest_x_benef;1,139050138393786
benpresaad_all;Castilla-La Mancha;2020-12;ratio_prest_x_benef;1,136448271567723
benpresaad_all;Castilla-La Mancha;2021-01;ratio_prest_x_benef;1,133846404741659
benpresaad_all;Castilla-La Mancha;2021-02;ratio_prest_x_benef;1,131244537915595
benpresaad_all;Castilla-La Mancha;2021-03;ratio_prest_x_benef;1,128642671089532
benpresaad_all;Castilla-La Mancha;2021-04;ratio_prest_x_benef;1,126040804263468
benpresaad_all;Castilla-La Mancha;2021-05;ratio_prest_x_benef;1,123438937437404
benpresaad_all;Castilla-La Mancha;2021-06;ratio_prest_x_benef;1,120837070611340
benpresaad_all;Castilla-La Mancha;2021-07;ratio_prest_x_benef;1,118235203785277
benpresaad_all;Castilla-La Mancha;2021-08;ratio_prest_x_benef;1,115633336959213
benpresaad_all;Castilla-La Mancha;2021-09;ratio_prest_x_benef;1,113031470133149
benpresaad_all;Castilla-La Mancha;2021-10;ratio_prest_x_benef;1,110429603307086
benpresaad_all;Castilla-La Mancha;2021-11;ratio_prest_x_benef;1,107827736481022
benpresaad_all;Castilla-La Mancha;2021-12;ratio_prest_x_benef;1,105225869654958
benpresaad_all;Castilla-La Mancha;2022-01;ratio_prest_x_benef;1,102624002828895
benpresaad_all;Castilla-La Mancha;2022-02;ratio_prest_x_benef;1,100022136002831
benpresaad_all;Castilla-La Mancha;2022-03;ratio_prest_x_benef;1,097420269176767
benpresaad_all;Castilla-La Mancha;2022-04;ratio_prest_x_benef;1,094818402350703
benpresaad_all;Castilla-La Mancha;2022-05;ratio_prest_x_benef;1,092216535524640
benpresaad_all;Castilla-La Mancha;2022-06;ratio_prest_x_benef;1,089614668698576
benpresaad_all;Castilla-La Mancha;2022-07;ratio_prest_x_benef;1,087012801872512
benpresaad_all;Castilla-La Mancha;2022-08;ratio_prest_x_benef;1,084410935046449
benpresaad_all;Castilla-La Mancha;2022-09;ratio_prest_x_benef;1,081809068220385
benpresaad_all;Castilla-La Mancha;2022-10;ratio_prest_x_benef;1,079207201394321
benpresaad_all;Castilla-La Mancha;2022-11;ratio_prest_x_benef;1,076605334568258
benpresaad_all;Castilla-La Mancha;2022-12;ratio_prest_x_benef;1,074003467742194
benpresaad_all;Castilla-La Mancha;2023-01;ratio_prest_x_benef;1,071401600916130
benpresaad_all;Castilla-La Mancha;2023-02;ratio_prest_x_benef;1,068799734090066
benpresaad_all;Castilla-La Mancha;2023-03;ratio_prest_x_benef;1,066197867264003
benpresaad_all;Castilla-La Mancha;2023-04;ratio_prest_x_benef;1,063596000437939
benpresaad_all;Castilla-La Mancha;2023-05;ratio_prest_x_benef;1,060994133611875
benpresaad_all;Castilla-La Mancha;2023-06;ratio_prest_x_benef;1,058392266785812
benpresaad_all;Castilla-La Mancha;2023-07;ratio_prest_x_benef;1,055790399959748
benpresaad_all;Castilla-La Mancha;2023-08;ratio_prest_x_benef;1,053188533133684
benpresaad_all;Castilla-La Mancha;2023-09;ratio_prest_x_benef;1,050586666307620
benpresaad_all;Castilla-La Mancha;2023-10;ratio_prest_x_benef;1,047984799481557
benpresaad_all;Castilla-La Mancha;2023-11;ratio_prest_x_benef;1,045382932655493
benpresaad_all;Castilla-La Mancha;2023-12;ratio_prest_x_benef;1,042781065829429
benpresaad_all;Castilla-La Mancha;2024-01;ratio_prest_x_benef;1,040179199003366
benpresaad_all;Castilla-La Mancha;2024-02;ratio_prest_x_benef;1,037577332177302
benpresaad_all;Castilla-La Mancha;2024-03;ratio_prest_x_benef;1,034975465351238
benpresaad_all;Castilla-La Mancha;2024-04;ratio_prest_x_benef;1,032373598525175
benpresaad_all;Castilla-La Mancha;2024-05;ratio_prest_x_benef;1,029771731699111
benpresaad_all;Castilla-La Mancha;2024-06;ratio_prest_x_benef;1,027169864873047
benpresaad_all;Castilla-La Mancha;2024-07;ratio_prest_x_benef;1,024567998046984
benpresaad_all;Castilla-La Mancha;2024-08;ratio_prest_x_benef;1,021966131220920
benpresaad_all;Castilla-La Mancha;2024-09;ratio_prest_x_benef;1,019364264394856
benpresaad_all;Castilla-La Mancha;2024-10;ratio_prest_x_benef;1,016762397568792
benpresaad_all;Castilla-La Mancha;2024-11;ratio_prest_x_benef;1,014160530742729
benpresaad_all;Castilla-La Mancha;2024-12;ratio_prest_x_benef;1,011558663916665
benpresaad_all;Castilla-La Mancha;2025-01;ratio_prest_x_benef;1,008956797090601
benpresaad_all;Castilla-La Mancha;2025-02;ratio_prest_x_benef;1,006354930264538
benpresaad_all;Castilla-La Mancha;2025-03;ratio_prest_x_benef;1,003753063438474
benpresaad_all;Castilla-La Mancha;2025-04;ratio_prest_x_benef;1,001151196612410
benpresaad_all;Castilla-La Mancha;2025-05;ratio_prest_x_benef;0,998549329786346
benpresaad_all;Castilla-La Mancha;2025-06;ratio_prest_x_benef;0,995947462960283
benpresaad_all;Castilla-La Mancha;2025-07;ratio_prest_x_benef;0,993345596134219
benpresaad_all;Castilla-La Mancha;2025-08;ratio_prest_x_benef;0,990743729308155
benpresaad_all;Castilla-La Mancha;2025-09;ratio_prest_x_benef;0,988141862482092
benpresaad_all;Castilla-La Mancha;2019-01;teleasistencia;8911,642932012082383
benpresaad_all;Castilla-La Mancha;2019-02;teleasistencia;8958,830473417872781
benpresaad_all;Castilla-La Mancha;2019-03;teleasistencia;9006,018014823663179
benpresaad_all;Castilla-La Mancha;2019-04;teleasistencia;9053,205556229453578
benpresaad_all;Castilla-La Mancha;2019-05;teleasistencia;9100,393097635243976
benpresaad_all;Castilla-La Mancha;2019-06;teleasistencia;9147,580639041034374
benpresaad_all;Castilla-La Mancha;2019-07;teleasistencia;9194,768180446826591
benpresaad_all;Castilla-La Mancha;2019-08;teleasistencia;9241,955721852616989
benpresaad_all;Castilla-La Mancha;2019-09;teleasistencia;9289,143263258407387
benpresaad_all;Castilla-La Mancha;2019-10;teleasistencia;9336,330804664197785
benpresaad_all;Castilla-La Mancha;2019-11;teleasistencia;9383,518346069988183
benpresaad_all;Castilla-La Mancha;2019-12;teleasistencia;9430,705887475780401
benpresaad_all;Castilla-La Mancha;2020-01;teleasistencia;9477,893428881570799
benpresaad_all;Castilla-La Mancha;2020-02;teleasistencia;9525,080970287361197
benpresaad_all;Castilla-La Mancha;2020-03;teleasistencia;9572,268511693151595
benpresaad_all;Castilla-La Mancha;2020-04;teleasistencia;9619,456053098941993
benpresaad_all;Castilla-La Mancha;2020-05;teleasistencia;9666,643594504732391
benpresaad_all;Castilla-La Mancha;2020-06;teleasistencia;9713,831135910524608
benpresaad_all;Castilla-La Mancha;2020-07;teleasistencia;9761,018677316315006
benpresaad_all;Castilla-La Mancha;2020-08;teleasistencia;9808,206218722105405
benpresaad_all;Castilla-La Mancha;2020-09;teleasistencia;9855,393760127895803
benpresaad_all;Castilla-La Mancha;2020-10;teleasistencia;9902,581301533686201
benpresaad_all;Castilla-La Mancha;2020-11;teleasistencia;9949,768842939478418
benpresaad_all;Castilla-La Mancha;2020-12;teleasistencia;9996,956384345268816
benpresaad_all;Castilla-La Mancha;2021-01;teleasistencia;10044,143925751059214
benpresaad_all;Castilla-La Mancha;2021-02;teleasistencia;10091,331467156849612
benpresaad_all;Castilla-La Mancha;2021-03;teleasistencia;10138,519008562640010
benpresaad_all;Castilla-La Mancha;2021-04;teleasistencia;10185,706549968430409
benpresaad_all;Castilla-La Mancha;2021-05;teleasistencia;10232,894091374222626
benpresaad_all;Castilla-La Mancha;2021-06;teleasistencia;10280,081632780013024
benpresaad_all;Castilla-La Mancha;2021-07;teleasistencia;10327,269174185803422
benpresaad_all;Castilla-La Mancha;2021-08;teleasistencia;10374,456715591593820
benpresaad_all;Castilla-La Mancha;2021-09;teleasistencia;10421,644256997384218
benpresaad_all;Castilla-La Mancha;2021-10;teleasistencia;10468,831798403176435
benpresaad_all;Castilla-La Mancha;2021-11;teleasistencia;10516,019339808966834
benpresaad_all;Castilla-La Mancha;2021-12;teleasistencia;10563,206881214757232
benpresaad_all;Castilla-La Mancha;2022-01;teleasistencia;10610,394422620547630
benpresaad_all;Castilla-La Mancha;2022-02;teleasistencia;10657,581964026338028
benpresaad_all;Castilla-La Mancha;2022-03;teleasistencia;10704,769505432128426
benpresaad_all;Castilla-La Mancha;2022-04;teleasistencia;10751,957046837920643
benpresaad_all;Castilla-La Mancha;2022-05;teleasistencia;10799,144588243711041
benpresaad_all;Castilla-La Mancha;2022-06;teleasistencia;10846,332129649501439
benpresaad_all;Castilla-La Mancha;2022-07;teleasistencia;10893,519671055291838
benpresaad_all;Castilla-La Mancha;2022-08;teleasistencia;10940,707212461082236
benpresaad_all;Castilla-La Mancha;2022-09;teleasistencia;10987,894753866872634
benpresaad_all;Castilla-La Mancha;2022-10;teleasistencia;11035,082295272664851
benpresaad_all;Castilla-La Mancha;2022-11;teleasistencia;11082,269836678455249
benpresaad_all;Castilla-La Mancha;2022-12;teleasistencia;11129,457378084245647
benpresaad_all;Castilla-La Mancha;2023-01;teleasistencia;11176,644919490036045
benpresaad_all;Castilla-La Mancha;2023-02;teleasistencia;11223,832460895826443
benpresaad_all;Castilla-La Mancha;2023-03;teleasistencia;11271,020002301618661
benpresaad_all;Castilla-La Mancha;2023-04;teleasistencia;11318,207543707409059
benpresaad_all;Castilla-La Mancha;2023-05;teleasistencia;11365,395085113199457
benpresaad_all;Castilla-La Mancha;2023-06;teleasistencia;11412,582626518989855
benpresaad_all;Castilla-La Mancha;2023-07;teleasistencia;11459,770167924780253
benpresaad_all;Castilla-La Mancha;2023-08;teleasistencia;11506,957709330570651
benpresaad_all;Castilla-La Mancha;2023-09;teleasistencia;11554,145250736362868
benpresaad_all;Castilla-La Mancha;2023-10;teleasistencia;11601,332792142153266
benpresaad_all;Castilla-La Mancha;2023-11;teleasistencia;11648,520333547943665
benpresaad_all;Castilla-La Mancha;2023-12;teleasistencia;11695,707874953734063
benpresaad_all;Castilla-La Mancha;2024-01;teleasistencia;11742,895416359524461
benpresaad_all;Castilla-La Mancha;2024-02;teleasistencia;11790,082957765316678
benpresaad_all;Castilla-La Mancha;2024-03;teleasistencia;11837,270499171107076
benpresaad_all;Castilla-La Mancha;2024-04;teleasistencia;11884,458040576897474
benpresaad_all;Castilla-La Mancha;2024-05;teleasistencia;11931,645581982687872
benpresaad_all;Castilla-La Mancha;2024-06;teleasistencia;11978,833123388478270
benpresaad_all;Castilla-La Mancha;2024-07;teleasistencia;12026,020664794268669
benpresaad_all;Castilla-La Mancha;2024-08;teleasistencia;12073,208206200060886
benpresaad_all;Castilla-La Mancha;2024-09;teleasistencia;12120,395747605851284
benpresaad_all;Castilla-La Mancha;2024-10;teleasistencia;12167,583289011641682
benpresaad_all;Castilla-La Mancha;2024-11;teleasistencia;12214,770830417432080
benpresaad_all;Castilla-La Mancha;2024-12;teleasistencia;12261,958371823222478
benpresaad_all;Castilla-La Mancha;2025-01;teleasistencia;12309,145913229014695
benpresaad_all;Castilla-La Mancha;2025-02;teleasistencia;12356,333454634805094
benpresaad_all;Castilla-La Mancha;2025-03;teleasistencia;12403,520996040595492
benpresaad_all;Castilla-La Mancha;2025-04;teleasistencia;12450,708537446385890
benpresaad_all;Castilla-La Mancha;2025-05;teleasistencia;12497,896078852176288
benpresaad_all;Castilla-La Mancha;2025-06;teleasistencia;12545,083620257966686
benpresaad_all;Castilla-La Mancha;2025-07;teleasistencia;12592,271161663758903
benpresaad_all;Castilla-La Mancha;2025-08;teleasistencia;12639,458703069549301
benpresaad_all;Castilla-La Mancha;2025-09;teleasistencia;12686,646244475339699
benpresaad_all;Castilla-La Mancha;2019-01;total;60532,997825126833050
benpresaad_all;Castilla-La Mancha;2019-02;total;60699,848408929043217
benpresaad_all;Castilla-La Mancha;2019-03;total;60866,698992731253384
benpresaad_all;Castilla-La Mancha;2019-04;total;61033,549576533463551
benpresaad_all;Castilla-La Mancha;2019-05;total;61200,400160335673718
benpresaad_all;Castilla-La Mancha;2019-06;total;61367,250744137883885
benpresaad_all;Castilla-La Mancha;2019-07;total;61534,101327940094052
benpresaad_all;Castilla-La Mancha;2019-08;total;61700,951911742304219
benpresaad_all;Castilla-La Mancha;2019-09;total;61867,802495544514386
benpresaad_all;Castilla-La Mancha;2019-10;total;62034,653079346724553
benpresaad_all;Castilla-La Mancha;2019-11;total;62201,503663148934720
benpresaad_all;Castilla-La Mancha;2019-12;total;62368,354246951144887
benpresaad_all;Castilla-La Mancha;2020-01;total;62535,204830753355054
benpresaad_all;Castilla-La Mancha;2020-02;total;62702,055414555565221
benpresaad_all;Castilla-La Mancha;2020-03;total;62868,905998357775388
benpresaad_all;Castilla-La Mancha;2020-04;total;63035,756582159985555
benpresaad_all;Castilla-La Mancha;2020-05;total;63202,607165962195722
benpresaad_all;Castilla-La Mancha;2020-06;total;63369,457749764405889
benpresaad_all;Castilla-La Mancha;2020-07;total;63536,308333566616056
benpresaad_all;Castilla-La Mancha;2020-08;total;63703,158917368826224
benpresaad_all;Castilla-La Mancha;2020-09;total;63870,009501171036391
benpresaad_all;Castilla-La Mancha;2020-10;total;64036,860084973246558
benpresaad_all;Castilla-La Mancha;2020-11;total;64203,710668775456725
benpresaad_all;Castilla-La Mancha;2020-12;total;64370,561252577666892
benpresaad_all;Castilla-La Mancha;2021-01;total;64537,411836379877059
benpresaad_all;Castilla-La Mancha;2021-02;total;64704,262420182087226
benpresaad_all;Castilla-La Mancha;2021-03;total;64871,113003984297393
benpresaad_all;Castilla-La Mancha;2021-04;total;65037,963587786507560
benpresaad_all;Castilla-La Mancha;2021-05;total;65204,814171588717727
benpresaad_all;Castilla-La Mancha;2021-06;total;65371,664755390927894
benpresaad_all;Castilla-La Mancha;2021-07;total;65538,515339193138061
benpresaad_all;Castilla-La Mancha;2021-08;total;65705,365922995348228
benpresaad_all;Castilla-La Mancha;2021-09;total;65872,216506797558395
benpresaad_all;Castilla-La Mancha;2021-10;total;66039,067090599768562
benpresaad_all;Castilla-La Mancha;2021-11;total;66205,917674401978729
benpresaad_all;Castilla-La Mancha;2021-12;total;66372,768258204188896
benpresaad_all;Castilla-La Mancha;2022-01;total;66539,618842006399063
benpresaad_all;Castilla-La Mancha;2022-02;total;66706,469425808609230
benpresaad_all;Castilla-La Mancha;2022-03;total;66873,320009610819397
benpresaad_all;Castilla-La Mancha;2022-04;total;67040,170593413029565
benpresaad_all;Castilla-La Mancha;2022-05;total;67207,021177215239732
benpresaad_all;Castilla-La Mancha;2022-06;total;67373,871761017449899
benpresaad_all;Castilla-La Mancha;2022-07;total;67540,722344819660066
benpresaad_all;Castilla-La Mancha;2022-08;total;67707,572928621870233
benpresaad_all;Castilla-La Mancha;2022-09;total;67874,423512424080400
benpresaad_all;Castilla-La Mancha;2022-10;total;68041,274096226290567
benpresaad_all;Castilla-La Mancha;2022-11;total;68208,124680028500734
benpresaad_all;Castilla-La Mancha;2022-12;total;68374,975263830710901
benpresaad_all;Castilla-La Mancha;2023-01;total;68541,825847632921068
benpresaad_all;Castilla-La Mancha;2023-02;total;68708,676431435131235
benpresaad_all;Castilla-La Mancha;2023-03;total;68875,527015237341402
benpresaad_all;Castilla-La Mancha;2023-04;total;69042,377599039551569
benpresaad_all;Castilla-La Mancha;2023-05;total;69209,228182841761736
benpresaad_all;Castilla-La Mancha;2023-06;total;69376,078766643971903
benpresaad_all;Castilla-La Mancha;2023-07;total;69542,929350446182070
benpresaad_all;Castilla-La Mancha;2023-08;total;69709,779934248392237
benpresaad_all;Castilla-La Mancha;2023-09;total;69876,630518050602404
benpresaad_all;Castilla-La Mancha;2023-10;total;70043,481101852812571
benpresaad_all;Castilla-La Mancha;2023-11;total;70210,331685655022739
benpresaad_all;Castilla-La Mancha;2023-12;total;70377,182269457232906
benpresaad_all;Castilla-La Mancha;2024-01;total;70544,032853259443073
benpresaad_all;Castilla-La Mancha;2024-02;total;70710,883437061653240
benpresaad_all;Castilla-La Mancha;2024-03;total;70877,734020863863407
benpresaad_all;Castilla-La Mancha;2024-04;total;71044,584604666073574
benpresaad_all;Castilla-La Mancha;2024-05;total;71211,435188468283741
benpresaad_all;Castilla-La Mancha;2024-06;total;71378,285772270493908
benpresaad_all;Castilla-La Mancha;2024-07;total;71545,136356072704075
benpresaad_all;Castilla-La Mancha;2024-08;total;71711,986939874914242
benpresaad_all;Castilla-La Mancha;2024-09;total;71878,837523677124409
benpresaad_all;Castilla-La Mancha;2024-10;total;72045,688107479334576
benpresaad_all;Castilla-La Mancha;2024-11;total;72212,538691281544743
benpresaad_all;Castilla-La Mancha;2024-12;total;72379,389275083754910
benpresaad_all;Castilla-La Mancha;2025-01;total;72546,239858885965077
benpresaad_all;Castilla-La Mancha;2025-02;total;72713,090442688175244
benpresaad_all;Castilla-La Mancha;2025-03;total;72879,941026490385411
benpresaad_all;Castilla-La Mancha;2025-04;total;73046,791610292595578
benpresaad_all;Castilla-La Mancha;2025-05;total;73213,642194094805745
benpresaad_all;Castilla-La Mancha;2025-06;total;73380,492777897015912
benpresaad_all;Castilla-La Mancha;2025-07;total;73547,343361699226080
benpresaad_all;Castilla-La Mancha;2025-08;total;73714,193945501436247
benpresaad_all;Castilla-La Mancha;2025-09;total;73881,044529303646414
cuantia_pevs_ccaa_2023_2025;Aragón;2025-08;cuantia_pevs;269,142035741670895
dictsaad_all;Castilla-La Mancha;2019-01;grado1;26599,840393701026187
dictsaad_all;Castilla-La Mancha;2019-02;grado1;26868,484011532964360
dictsaad_all;Castilla-La Mancha;2019-03;grado1;27137,127629364902532
dictsaad_all;Castilla-La Mancha;2019-04;grado1;27405,771247196840704
dictsaad_all;Castilla-La Mancha;2019-05;grado1;27674,414865028778877
dictsaad_all;Castilla-La Mancha;2019-06;grado1;27943,058482860717049
dictsaad_all;Castilla-La Mancha;2019-07;grado1;28211,702100692655222
dictsaad_all;Castilla-La Mancha;2019-08;grado1;28480,345718524593394
dictsaad_all;Castilla-La Mancha;2019-09;grado1;28748,989336356535205
dictsaad_all;Castilla-La Mancha;2019-10;grado1;29017,632954188473377
dictsaad_all;Castilla-La Mancha;2019-11;grado1;29286,276572020411550
dictsaad_all;Castilla-La Mancha;2019-12;grado1;29554,920189852349722
dictsaad_all;Castilla-La Mancha;2020-01;grado1;29823,563807684287895
dictsaad_all;Castilla-La Mancha;2020-02;grado1;30092,207425516226067
dictsaad_all;Castilla-La Mancha;2020-03;grado1;30360,851043348164239
dictsaad_all;Castilla-La Mancha;2020-04;grado1;30629,494661180102412
dictsaad_all;Castilla-La Mancha;2020-05;grado1;30898,138279012040584
dictsaad_all;Castilla-La Mancha;2020-06;grado1;31166,781896843978757
dictsaad_all;Castilla-La Mancha;2020-07;grado1;31435,425514675916929
dictsaad_all;Castilla-La Mancha;2020-08;grado1;31704,069132507855102
dictsaad_all;Castilla-La Mancha;2020-09;grado1;31972,712750339793274
dictsaad_all;Castilla-La Mancha;2020-10;grado1;32241,356368171731447
dictsaad_all;Castilla-La Mancha;2020-11;grado1;32509,999986003669619
dictsaad_all;Castilla-La Mancha;2020-12;grado1;32778,643603835611430
dictsaad_all;Castilla-La Mancha;2021-01;grado1;33047,287221667545964
dictsaad_all;Castilla-La Mancha;2021-02;grado1;33315,930839499487774
dictsaad_all;Castilla-La Mancha;2021-03;grado1;33584,574457331422309
dictsaad_all;Castilla-La Mancha;2021-04;grado1;33853,218075163364119
dictsaad_all;Castilla-La Mancha;2021-05;grado1;34121,861692995298654
dictsaad_all;Castilla-La Mancha;2021-06;grado1;34390,505310827240464
dictsaad_all;Castilla-La Mancha;2021-07;grado1;34659,148928659174999
dictsaad_all;Castilla-La Mancha;2021-08;grado1;34927,792546491116809
dictsaad_all;Castilla-La Mancha;2021-09;grado1;35196,436164323051344
dictsaad_all;Castilla-La Mancha;2021-10;grado1;35465,079782154993154
dictsaad_all;Castilla-La Mancha;2021-11;grado1;35733,723399986934965
dictsaad_all;Castilla-La Mancha;2021-12;grado1;36002,367017818869499
dictsaad_all;Castilla-La Mancha;2022-01;grado1;36271,010635650811309
dictsaad_all;Castilla-La Mancha;2022-02;grado1;36539,654253482745844
dictsaad_all;Castilla-La Mancha;2022-03;grado1;36808,297871314687654
dictsaad_all;Castilla-La Mancha;2022-04;grado1;37076,941489146622189
dictsaad_all;Castilla-La Mancha;2022-05;grado1;37345,585106978563999
dictsaad_all;Castilla-La Mancha;2022-06;grado1;37614,228724810498534
dictsaad_all;Castilla-La Mancha;2022-07;grado1;37882,872342642440344
dictsaad_all;Castilla-La Mancha;2022-08;grado1;38151,515960474374879
dictsaad_all;Castilla-La Mancha;2022-09;grado1;38420,159578306316689
dictsaad_all;Castilla-La Mancha;2022-10;grado1;38688,803196138251224
dictsaad_all;Castilla-La Mancha;2022-11;grado1;38957,446813970193034
dictsaad_all;Castilla-La Mancha;2022-12;grado1;39226,090431802127569
dictsaad_all;Castilla-La Mancha;2023-01;grado1;39494,734049634069379
dictsaad_all;Castilla-La Mancha;2023-02;grado1;39763,377667466011189
dictsaad_all;Castilla-La Mancha;2023-03;grado1;40032,021285297945724
dictsaad_all;Castilla-La Mancha;2023-04;grado1;40300,664903129887534
dictsaad_all;Castilla-La Mancha;2023-05;grado1;40569,308520961822069
dictsaad_all;Castilla-La Mancha;2023-06;grado1;40837,952138793763879
dictsaad_all;Castilla-La Mancha;2023-07;grado1;41106,595756625698414
dictsaad_all;Castilla-La Mancha;2023-08;grado1;41375,239374457640224
dictsaad_all;Castilla-La Mancha;2023-09;grado1;41643,882992289574759
dictsaad_all;Castilla-La Mancha;2023-10;grado1;41912,526610121516569
dictsaad_all;Castilla-La Mancha;2023-11;grado1;42181,170227953451104
dictsaad_all;Castilla-La Mancha;2023-12;grado1;42449,813845785392914
dictsaad_all;Castilla-La Mancha;2024-01;grado1;42718,457463617327448
dictsaad_all;Castilla-La Mancha;2024-02;grado1;42987,101081449269259
dictsaad_all;Castilla-La Mancha;2024-03;grado1;43255,744699281203793
dictsaad_all;Castilla-La Mancha;2024-04;grado1;43524,388317113145604
dictsaad_all;Castilla-La Mancha;2024-05;grado1;43793,031934945087414
dictsaad_all;Castilla-La Mancha;2024-06;grado1;44061,675552777021949
dictsaad_all;Castilla-La Mancha;2024-07;grado1;44330,319170608963759
dictsaad_all;Castilla-La Mancha;2024-08;grado1;44598,962788440898294
dictsaad_all;Castilla-La Mancha;2024-09;grado1;44867,606406272840104
dictsaad_all;Castilla-La Mancha;2024-10;grado1;45136,250024104774639
dictsaad_all;Castilla-La Mancha;2024-11;grado1;45404,893641936716449
dictsaad_all;Castilla-La Mancha;2024-12;grado1;45673,537259768650983
dictsaad_all;Castilla-La Mancha;2025-01;grado1;45942,180877600592794
dictsaad_all;Castilla-La Mancha;2025-02;grado1;46210,824495432527328
dictsaad_all;Castilla-La Mancha;2025-03;grado1;46479,468113264469139
dictsaad_all;Castilla-La Mancha;2025-04;grado1;46748,111731096403673
dictsaad_all;Castilla-La Mancha;2025-05;grado1;47016,755348928345484
dictsaad_all;Castilla-La Mancha;2025-06;grado1;47285,398966760280018
dictsaad_all;Castilla-La Mancha;2025-07;grado1;47554,042584592221829
dictsaad_all;Castilla-La Mancha;2025-08;grado1;47822,686202424156363
dictsaad_all;Castilla-La Mancha;2025-09;grado1;48091,329820256098174
dictsaad_all;Castilla-La Mancha;2019-01;grado2;21703,399698456978513
dictsaad_all;Castilla-La Mancha;2019-02;grado2;21703,706523530923732
dictsaad_all;Castilla-La Mancha;2019-03;grado2;21704,013348604872590
dictsaad_all;Castilla-La Mancha;2019-04;grado2;21704,320173678817810
dictsaad_all;Castilla-La Mancha;2019-05;grado2;21704,626998752766667
dictsaad_all;Castilla-La Mancha;2019-06;grado2;21704,933823826715525
dictsaad_all;Castilla-La Mancha;2019-07;grado2;21705,240648900660744
dictsaad_all;Castilla-La Mancha;2019-08;grado2;21705,547473974609602
dictsaad_all;Castilla-La Mancha;2019-09;grado2;21705,854299048554822
dictsaad_all;Castilla-La Mancha;2019-10;grado2;21706,161124122503679
dictsaad_all;Castilla-La Mancha;2019-11;grado2;21706,467949196448899
dictsaad_all;Castilla-La Mancha;2019-12;grado2;21706,774774270397756
dictsaad_all;Castilla-La Mancha;2020-01;grado2;21707,081599344346614
dictsaad_all;Castilla-La Mancha;2020-02;grado2;21707,388424418291834
dictsaad_all;Castilla-La Mancha;2020-03;grado2;21707,695249492240691
dictsaad_all;Castilla-La Mancha;2020-04;grado2;21708,002074566185911
dictsaad_all;Castilla-La Mancha;2020-05;grado2;21708,308899640134769
dictsaad_all;Castilla-La Mancha;2020-06;grado2;21708,615724714079988
dictsaad_all;Castilla-La Mancha;2020-07;grado2;21708,922549788028846
dictsaad_all;Castilla-La Mancha;2020-08;grado2;21709,229374861977703
dictsaad_all;Castilla-La Mancha;2020-09;grado2;21709,536199935922923
dictsaad_all;Castilla-La Mancha;2020-10;grado2;21709,843025009871781
dictsaad_all;Castilla-La Mancha;2020-11;grado2;21710,149850083817000
dictsaad_all;Castilla-La Mancha;2020-12;grado2;21710,456675157765858
dictsaad_all;Castilla-La Mancha;2021-01;grado2;21710,763500231711078
dictsaad_all;Castilla-La Mancha;2021-02;grado2;21711,070325305659935
dictsaad_all;Castilla-La Mancha;2021-03;grado2;21711,377150379608793
dictsaad_all;Castilla-La Mancha;2021-04;grado2;21711,683975453554012
dictsaad_all;Castilla-La Mancha;2021-05;grado2;21711,990800527502870
dictsaad_all;Castilla-La Mancha;2021-06;grado2;21712,297625601448090
dictsaad_all;Castilla-La Mancha;2021-07;grado2;21712,604450675396947
dictsaad_all;Castilla-La Mancha;2021-08;grado2;21712,911275749342167
dictsaad_all;Castilla-La Mancha;2021-09;grado2;21713,218100823291024
dictsaad_all;Castilla-La Mancha;2021-10;grado2;21713,524925897239882
dictsaad_all;Castilla-La Mancha;2021-11;grado2;21713,831750971185102
dictsaad_all;Castilla-La Mancha;2021-12;grado2;21714,138576045133959
dictsaad_all;Castilla-La Mancha;2022-01;grado2;21714,445401119079179
dictsaad_all;Castilla-La Mancha;2022-02;grado2;21714,752226193028037
dictsaad_all;Castilla-La Mancha;2022-03;grado2;21715,059051266973256
dictsaad_all;Castilla-La Mancha;2022-04;grado2;21715,365876340922114
dictsaad_all;Castilla-La Mancha;2022-05;grado2;21715,672701414870971
dictsaad_all;Castilla-La Mancha;2022-06;grado2;21715,979526488816191
dictsaad_all;Castilla-La Mancha;2022-07;grado2;21716,286351562765049
dictsaad_all;Castilla-La Mancha;2022-08;grado2;21716,593176636710268
dictsaad_all;Castilla-La Mancha;2022-09;grado2;21716,900001710659126
dictsaad_all;Castilla-La Mancha;2022-10;grado2;21717,206826784604345
dictsaad_all;Castilla-La Mancha;2022-11;grado2;21717,513651858553203
dictsaad_all;Castilla-La Mancha;2022-12;grado2;21717,820476932502061
dictsaad_all;Castilla-La Mancha;2023-01;grado2;21718,127302006447280
dictsaad_all;Castilla-La Mancha;2023-02;grado2;21718,434127080396138
dictsaad_all;Castilla-La Mancha;2023-03;grado2;21718,740952154341358
dictsaad_all;Castilla-La Mancha;2023-04;grado2;21719,047777228290215
dictsaad_all;Castilla-La Mancha;2023-05;grado2;21719,354602302235435
dictsaad_all;Castilla-La Mancha;2023-06;grado2;21719,661427376184292
dictsaad_all;Castilla-La Mancha;2023-07;grado2;21719,968252450129512
dictsaad_all;Castilla-La Mancha;2023-08;grado2;21720,275077524078370
dictsaad_all;Castilla-La Mancha;2023-09;grado2;21720,581902598027227
dictsaad_all;Castilla-La Mancha;2023-10;grado2;21720,888727671972447
dictsaad_all;Castilla-La Mancha;2023-11;grado2;21721,195552745921304
dictsaad_all;Castilla-La Mancha;2023-12;grado2;21721,502377819866524
dictsaad_all;Castilla-La Mancha;2024-01;grado2;21721,809202893815382
dictsaad_all;Castilla-La Mancha;2024-02;grado2;21722,116027967760601
dictsaad_all;Castilla-La Mancha;2024-03;grado2;21722,422853041709459
dictsaad_all;Castilla-La Mancha;2024-04;grado2;21722,729678115658317
dictsaad_all;Castilla-La Mancha;2024-05;grado2;21723,036503189603536
dictsaad_all;Castilla-La Mancha;2024-06;grado2;21723,343328263552394
dictsaad_all;Castilla-La Mancha;2024-07;grado2;21723,650153337497613
dictsaad_all;Castilla-La Mancha;2024-08;grado2;21723,956978411446471
dictsaad_all;Castilla-La Mancha;2024-09;grado2;21724,263803485391691
dictsaad_all;Castilla-La Mancha;2024-10;grado2;21724,570628559340548
dictsaad_all;Castilla-La Mancha;2024-11;grado2;21724,877453633289406
dictsaad_all;Castilla-La Mancha;2024-12;grado2;21725,184278707234625
dictsaad_all;Castilla-La Mancha;2025-01;grado2;21725,491103781183483
dictsaad_all;Castilla-La Mancha;2025-02;grado2;21725,797928855128703
dictsaad_all;Castilla-La Mancha;2025-03;grado2;21726,104753929077560
dictsaad_all;Castilla-La Mancha;2025-04;grado2;21726,411579003022780
dictsaad_all;Castilla-La Mancha;2025-05;grado2;21726,718404076971638
dictsaad_all;Castilla-La Mancha;2025-06;grado2;21727,025229150920495
dictsaad_all;Castilla-La Mancha;2025-07;grado2;21727,332054224865715
dictsaad_all;Castilla-La Mancha;2025-08;grado2;21727,638879298814572
dictsaad_all;Castilla-La Mancha;2025-09;grado2;21727,945704372759792
dictsaad_all;Castilla-La Mancha;2019-01;grado3;17690,685014291808329
dictsaad_all;Castilla-La Mancha;2019-02;grado3;17656,552357136421051
dictsaad_all;Castilla-La Mancha;2019-03;grado3;17622,419699981033773
dictsaad_all;Castilla-La Mancha;2019-04;grado3;17588,287042825646495
dictsaad_all;Castilla-La Mancha;2019-05;grado3;17554,154385670259217
dictsaad_all;Castilla-La Mancha;2019-06;grado3;17520,021728514871938
dictsaad_all;Castilla-La Mancha;2019-07;grado3;17485,889071359484660
dictsaad_all;Castilla-La Mancha;2019-08;grado3;17451,756414204097382
dictsaad_all;Castilla-La Mancha;2019-09;grado3;17417,623757048710104
dictsaad_all;Castilla-La Mancha;2019-10;grado3;17383,491099893322826
dictsaad_all;Castilla-La Mancha;2019-11;grado3;17349,358442737935547
dictsaad_all;Castilla-La Mancha;2019-12;grado3;17315,225785582548269
dictsaad_all;Castilla-La Mancha;2020-01;grado3;17281,093128427160991
dictsaad_all;Castilla-La Mancha;2020-02;grado3;17246,960471271773713
dictsaad_all;Castilla-La Mancha;2020-03;grado3;17212,827814116386435
dictsaad_all;Castilla-La Mancha;2020-04;grado3;17178,695156960999157
dictsaad_all;Castilla-La Mancha;2020-05;grado3;17144,562499805615516
dictsaad_all;Castilla-La Mancha;2020-06;grado3;17110,429842650228238
dictsaad_all;Castilla-La Mancha;2020-07;grado3;17076,297185494840960
dictsaad_all;Castilla-La Mancha;2020-08;grado3;17042,164528339453682
dictsaad_all;Castilla-La Mancha;2020-09;grado3;17008,031871184066404
dictsaad_all;Castilla-La Mancha;2020-10;grado3;16973,899214028679125
dictsaad_all;Castilla-La Mancha;2020-11;grado3;16939,766556873291847
dictsaad_all;Castilla-La Mancha;2020-12;grado3;16905,633899717904569
dictsaad_all;Castilla-La Mancha;2021-01;grado3;16871,501242562517291
dictsaad_all;Castilla-La Mancha;2021-02;grado3;16837,368585407130013
dictsaad_all;Castilla-La Mancha;2021-03;grado3;16803,235928251742735
dictsaad_all;Castilla-La Mancha;2021-04;grado3;16769,103271096355456
dictsaad_all;Castilla-La Mancha;2021-05;grado3;16734,970613940968178
dictsaad_all;Castilla-La Mancha;2021-06;grado3;16700,837956785580900
dictsaad_all;Castilla-La Mancha;2021-07;grado3;16666,705299630193622
dictsaad_all;Castilla-La Mancha;2021-08;grado3;16632,572642474806344
dictsaad_all;Castilla-La Mancha;2021-09;grado3;16598,439985319419065
dictsaad_all;Castilla-La Mancha;2021-10;grado3;16564,307328164031787
dictsaad_all;Castilla-La Mancha;2021-11;grado3;16530,174671008644509
dictsaad_all;Castilla-La Mancha;2021-12;grado3;16496,042013853257231
dictsaad_all;Castilla-La Mancha;2022-01;grado3;16461,909356697869953
dictsaad_all;Castilla-La Mancha;2022-02;grado3;16427,776699542482675
dictsaad_all;Castilla-La Mancha;2022-03;grado3;16393,644042387095396
dictsaad_all;Castilla-La Mancha;2022-04;grado3;16359,511385231709937
dictsaad_all;Castilla-La Mancha;2022-05;grado3;16325,378728076322659
dictsaad_all;Castilla-La Mancha;2022-06;grado3;16291,246070920935381
dictsaad_all;Castilla-La Mancha;2022-07;grado3;16257,113413765548103
dictsaad_all;Castilla-La Mancha;2022-08;grado3;16222,980756610160824
dictsaad_all;Castilla-La Mancha;2022-09;grado3;16188,848099454773546
dictsaad_all;Castilla-La Mancha;2022-10;grado3;16154,715442299386268
dictsaad_all;Castilla-La Mancha;2022-11;grado3;16120,582785143998990
dictsaad_all;Castilla-La Mancha;2022-12;grado3;16086,450127988611712
dictsaad_all;Castilla-La Mancha;2023-01;grado3;16052,317470833224434
dictsaad_all;Castilla-La Mancha;2023-02;grado3;16018,184813677837155
dictsaad_all;Castilla-La Mancha;2023-03;grado3;15984,052156522449877
dictsaad_all;Castilla-La Mancha;2023-04;grado3;15949,919499367062599
dictsaad_all;Castilla-La Mancha;2023-05;grado3;15915,786842211677140
dictsaad_all;Castilla-La Mancha;2023-06;grado3;15881,654185056289862
dictsaad_all;Castilla-La Mancha;2023-07;grado3;15847,521527900902583
dictsaad_all;Castilla-La Mancha;2023-08;grado3;15813,388870745515305
dictsaad_all;Castilla-La Mancha;2023-09;grado3;15779,256213590128027
dictsaad_all;Castilla-La Mancha;2023-10;grado3;15745,123556434740749
dictsaad_all;Castilla-La Mancha;2023-11;grado3;15710,990899279353471
dictsaad_all;Castilla-La Mancha;2023-12;grado3;15676,858242123966193
dictsaad_all;Castilla-La Mancha;2024-01;grado3;15642,725584968578914
dictsaad_all;Castilla-La Mancha;2024-02;grado3;15608,592927813191636
dictsaad_all;Castilla-La Mancha;2024-03;grado3;15574,460270657804358
dictsaad_all;Castilla-La Mancha;2024-04;grado3;15540,327613502417080
dictsaad_all;Castilla-La Mancha;2024-05;grado3;15506,194956347029802
dictsaad_all;Castilla-La Mancha;2024-06;grado3;15472,062299191642524
dictsaad_all;Castilla-La Mancha;2024-07;grado3;15437,929642036257064
dictsaad_all;Castilla-La Mancha;2024-08;grado3;15403,796984880869786
dictsaad_all;Castilla-La Mancha;2024-09;grado3;15369,664327725482508
dictsaad_all;Castilla-La Mancha;2024-10;grado3;15335,531670570095230
dictsaad_all;Castilla-La Mancha;2024-11;grado3;15301,399013414707952
dictsaad_all;Castilla-La Mancha;2024-12;grado3;15267,266356259320673
dictsaad_all;Castilla-La Mancha;2025-01;grado3;15233,133699103933395
dictsaad_all;Castilla-La Mancha;2025-02;grado3;15199,001041948546117
dictsaad_all;Castilla-La Mancha;2025-03;grado3;15164,868384793158839
dictsaad_all;Castilla-La Mancha;2025-04;grado3;15130,735727637771561
dictsaad_all;Castilla-La Mancha;2025-05;grado3;15096,603070482384283
dictsaad_all;Castilla-La Mancha;2025-06;grado3;15062,470413326997004
dictsaad_all;Castilla-La Mancha;2025-07;grado3;15028,337756171609726
dictsaad_all;Castilla-La Mancha;2025-08;grado3;14994,205099016222448
dictsaad_all;Castilla-La Mancha;2025-09;grado3;14960,072441860836989
dictsaad_all;Castilla-La Mancha;2019-01;ratio_g1;41,253710281772804
dictsaad_all;Castilla-La Mancha;2019-02;ratio_g1;41,621696748316459
dictsaad_all;Castilla-La Mancha;2019-03;ratio_g1;41,989683214860115
dictsaad_all;Castilla-La Mancha;2019-04;ratio_g1;42,357669681403770
dictsaad_all;Castilla-La Mancha;2019-05;ratio_g1;42,725656147947426
dictsaad_all;Castilla-La Mancha;2019-06;ratio_g1;43,093642614491081
dictsaad_all;Castilla-La Mancha;2019-07;ratio_g1;43,461629081034737
dictsaad_all;Castilla-La Mancha;2019-08;ratio_g1;43,829615547578392
dictsaad_all;Castilla-La Mancha;2019-09;ratio_g1;44,197602014122047
dictsaad_all;Castilla-La Mancha;2019-10;ratio_g1;44,565588480665703
dictsaad_all;Castilla-La Mancha;2019-11;ratio_g1;44,933574947209358
dictsaad_all;Castilla-La Mancha;2019-12;ratio_g1;45,301561413753014
dictsaad_all;Castilla-La Mancha;2020-01;ratio_g1;45,669547880296669
dictsaad_all;Castilla-La Mancha;2020-02;ratio_g1;46,037534346840324
dictsaad_all;Castilla-La Mancha;2020-03;ratio_g1;46,405520813383980
dictsaad_all;Castilla-La Mancha;2020-04;ratio_g1;46,773507279927635
dictsaad_all;Castilla-La Mancha;2020-05;ratio_g1;47,141493746471291
dictsaad_all;Castilla-La Mancha;2020-06;ratio_g1;47,509480213014946
dictsaad_all;Castilla-La Mancha;2020-07;ratio_g1;47,877466679558601
dictsaad_all;Castilla-La Mancha;2020-08;ratio_g1;48,245453146102257
dictsaad_all;Castilla-La Mancha;2020-09;ratio_g1;48,613439612645912
dictsaad_all;Castilla-La Mancha;2020-10;ratio_g1;48,981426079189568
dictsaad_all;Castilla-La Mancha;2020-11;ratio_g1;49,349412545733223
dictsaad_all;Castilla-La Mancha;2020-12;ratio_g1;49,717399012276886
dictsaad_all;Castilla-La Mancha;2021-01;ratio_g1;50,085385478820541
dictsaad_all;Castilla-La Mancha;2021-02;ratio_g1;50,453371945364196
dictsaad_all;Castilla-La Mancha;2021-03;ratio_g1;50,821358411907852
dictsaad_all;Castilla-La Mancha;2021-04;ratio_g1;51,189344878451507
dictsaad_all;Castilla-La Mancha;2021-05;ratio_g1;51,557331344995163
dictsaad_all;Castilla-La Mancha;2021-06;ratio_g1;51,925317811538818
dictsaad_all;Castilla-La Mancha;2021-07;ratio_g1;52,293304278082474
dictsaad_all;Castilla-La Mancha;2021-08;ratio_g1;52,661290744626129
dictsaad_all;Castilla-La Mancha;2021-09;ratio_g1;53,029277211169784
dictsaad_all;Castilla-La Mancha;2021-10;ratio_g1;53,397263677713440
dictsaad_all;Castilla-La Mancha;2021-11;ratio_g1;53,765250144257095
dictsaad_all;Castilla-La Mancha;2021-12;ratio_g1;54,133236610800751
dictsaad_all;Castilla-La Mancha;2022-01;ratio_g1;54,501223077344406
dictsaad_all;Castilla-La Mancha;2022-02;ratio_g1;54,869209543888061
dictsaad_all;Castilla-La Mancha;2022-03;ratio_g1;55,237196010431717
dictsaad_all;Castilla-La Mancha;2022-04;ratio_g1;55,605182476975372
dictsaad_all;Castilla-La Mancha;2022-05;ratio_g1;55,973168943519028
dictsaad_all;Castilla-La Mancha;2022-06;ratio_g1;56,341155410062683
dictsaad_all;Castilla-La Mancha;2022-07;ratio_g1;56,709141876606338
dictsaad_all;Castilla-La Mancha;2022-08;ratio_g1;57,077128343149994
dictsaad_all;Castilla-La Mancha;2022-09;ratio_g1;57,445114809693649
dictsaad_all;Castilla-La Mancha;2022-10;ratio_g1;57,813101276237305
dictsaad_all;Castilla-La Mancha;2022-11;ratio_g1;58,181087742780960
dictsaad_all;Castilla-La Mancha;2022-12;ratio_g1;58,549074209324615
dictsaad_all;Castilla-La Mancha;2023-01;ratio_g1;58,917060675868271
dictsaad_all;Castilla-La Mancha;2023-02;ratio_g1;59,285047142411926
dictsaad_all;Castilla-La Mancha;2023-03;ratio_g1;59,653033608955582
dictsaad_all;Castilla-La Mancha;2023-04;ratio_g1;60,021020075499237
dictsaad_all;Castilla-La Mancha;2023-05;ratio_g1;60,389006542042893
dictsaad_all;Castilla-La Mancha;2023-06;ratio_g1;60,756993008586548
dictsaad_all;Castilla-La Mancha;2023-07;ratio_g1;61,124979475130203
dictsaad_all;Castilla-La Mancha;2023-08;ratio_g1;61,492965941673859
dictsaad_all;Castilla-La Mancha;2023-09;ratio_g1;61,860952408217514
dictsaad_all;Castilla-La Mancha;2023-10;ratio_g1;62,228938874761170
dictsaad_all;Castilla-La Mancha;2023-11;ratio_g1;62,596925341304825
dictsaad_all;Castilla-La Mancha;2023-12;ratio_g1;62,964911807848480
dictsaad_all;Castilla-La Mancha;2024-01;ratio_g1;63,332898274392136
dictsaad_all;Castilla-La Mancha;2024-02;ratio_g1;63,700884740935791
dictsaad_all;Castilla-La Mancha;2024-03;ratio_g1;64,068871207479447
dictsaad_all;Castilla-La Mancha;2024-04;ratio_g1;64,436857674023102
dictsaad_all;Castilla-La Mancha;2024-05;ratio_g1;64,804844140566757
dictsaad_all;Castilla-La Mancha;2024-06;ratio_g1;65,172830607110413
dictsaad_all;Castilla-La Mancha;2024-07;ratio_g1;65,540817073654068
dictsaad_all;Castilla-La Mancha;2024-08;ratio_g1;65,908803540197724
dictsaad_all;Castilla-La Mancha;2024-09;ratio_g1;66,276790006741379
dictsaad_all;Castilla-La Mancha;2024-10;ratio_g1;66,644776473285035
dictsaad_all;Castilla-La Mancha;2024-11;ratio_g1;67,012762939828690
dictsaad_all;Castilla-La Mancha;2024-12;ratio_g1;67,380749406372345
dictsaad_all;Castilla-La Mancha;2025-01;ratio_g1;67,748735872916001
dictsaad_all;Castilla-La Mancha;2025-02;ratio_g1;68,116722339459656
dictsaad_all;Castilla-La Mancha;2025-03;ratio_g1;68,484708806003312
dictsaad_all;Castilla-La Mancha;2025-04;ratio_g1;68,852695272546967
dictsaad_all;Castilla-La Mancha;2025-05;ratio_g1;69,220681739090622
dictsaad_all;Castilla-La Mancha;2025-06;ratio_g1;69,588668205634278
dictsaad_all;Castilla-La Mancha;2025-07;ratio_g1;69,956654672177933
dictsaad_all;Castilla-La Mancha;2025-08;ratio_g1;70,324641138721589
dictsaad_all;Castilla-La Mancha;2025-09;ratio_g1;70,692627605265244
dictsaad_all;Castilla-La Mancha;2019-01;ratio_g2;32,541632767329297
dictsaad_all;Castilla-La Mancha;2019-02;ratio_g2;32,378960090341153
dictsaad_all;Castilla-La Mancha;2019-03;ratio_g2;32,216287413353015
dictsaad_all;Castilla-La Mancha;2019-04;ratio_g2;32,053614736364871
dictsaad_all;Castilla-La Mancha;2019-05;ratio_g2;31,890942059376730
dictsaad_all;Castilla-La Mancha;2019-06;ratio_g2;31,728269382388589
dictsaad_all;Castilla-La Mancha;2019-07;ratio_g2;31,565596705400448
dictsaad_all;Castilla-La Mancha;2019-08;ratio_g2;31,402924028412304
dictsaad_all;Castilla-La Mancha;2019-09;ratio_g2;31,240251351424163
dictsaad_all;Castilla-La Mancha;2019-10;ratio_g2;31,077578674436023
dictsaad_all;Castilla-La Mancha;2019-11;ratio_g2;30,914905997447882
dictsaad_all;Castilla-La Mancha;2019-12;ratio_g2;30,752233320459741
dictsaad_all;Castilla-La Mancha;2020-01;ratio_g2;30,589560643471600
dictsaad_all;Castilla-La Mancha;2020-02;ratio_g2;30,426887966483456
dictsaad_all;Castilla-La Mancha;2020-03;ratio_g2;30,264215289495315
dictsaad_all;Castilla-La Mancha;2020-04;ratio_g2;30,101542612507174
dictsaad_all;Castilla-La Mancha;2020-05;ratio_g2;29,938869935519033
dictsaad_all;Castilla-La Mancha;2020-06;ratio_g2;29,776197258530892
dictsaad_all;Castilla-La Mancha;2020-07;ratio_g2;29,613524581542748
dictsaad_all;Castilla-La Mancha;2020-08;ratio_g2;29,450851904554607
dictsaad_all;Castilla-La Mancha;2020-09;ratio_g2;29,288179227566467
dictsaad_all;Castilla-La Mancha;2020-10;ratio_g2;29,125506550578326
dictsaad_all;Castilla-La Mancha;2020-11;ratio_g2;28,962833873590185
dictsaad_all;Castilla-La Mancha;2020-12;ratio_g2;28,800161196602044
dictsaad_all;Castilla-La Mancha;2021-01;ratio_g2;28,637488519613900
dictsaad_all;Castilla-La Mancha;2021-02;ratio_g2;28,474815842625759
dictsaad_all;Castilla-La Mancha;2021-03;ratio_g2;28,312143165637618
dictsaad_all;Castilla-La Mancha;2021-04;ratio_g2;28,149470488649477
dictsaad_all;Castilla-La Mancha;2021-05;ratio_g2;27,986797811661337
dictsaad_all;Castilla-La Mancha;2021-06;ratio_g2;27,824125134673196
dictsaad_all;Castilla-La Mancha;2021-07;ratio_g2;27,661452457685051
dictsaad_all;Castilla-La Mancha;2021-08;ratio_g2;27,498779780696911
dictsaad_all;Castilla-La Mancha;2021-09;ratio_g2;27,336107103708770
dictsaad_all;Castilla-La Mancha;2021-10;ratio_g2;27,173434426720629
dictsaad_all;Castilla-La Mancha;2021-11;ratio_g2;27,010761749732488
dictsaad_all;Castilla-La Mancha;2021-12;ratio_g2;26,848089072744347
dictsaad_all;Castilla-La Mancha;2022-01;ratio_g2;26,685416395756203
dictsaad_all;Castilla-La Mancha;2022-02;ratio_g2;26,522743718768062
dictsaad_all;Castilla-La Mancha;2022-03;ratio_g2;26,360071041779921
dictsaad_all;Castilla-La Mancha;2022-04;ratio_g2;26,197398364791781
dictsaad_all;Castilla-La Mancha;2022-05;ratio_g2;26,034725687803640
dictsaad_all;Castilla-La Mancha;2022-06;ratio_g2;25,872053010815499
dictsaad_all;Castilla-La Mancha;2022-07;ratio_g2;25,709380333827355
dictsaad_all;Castilla-La Mancha;2022-08;ratio_g2;25,546707656839214
dictsaad_all;Castilla-La Mancha;2022-09;ratio_g2;25,384034979851073
dictsaad_all;Castilla-La Mancha;2022-10;ratio_g2;25,221362302862932
dictsaad_all;Castilla-La Mancha;2022-11;ratio_g2;25,058689625874791
dictsaad_all;Castilla-La Mancha;2022-12;ratio_g2;24,896016948886647
dictsaad_all;Castilla-La Mancha;2023-01;ratio_g2;24,733344271898506
dictsaad_all;Castilla-La Mancha;2023-02;ratio_g2;24,570671594910365
dictsaad_all;Castilla-La Mancha;2023-03;ratio_g2;24,407998917922225
dictsaad_all;Castilla-La Mancha;2023-04;ratio_g2;24,245326240934084
dictsaad_all;Castilla-La Mancha;2023-05;ratio_g2;24,082653563945943
dictsaad_all;Castilla-La Mancha;2023-06;ratio_g2;23,919980886957799
dictsaad_all;Castilla-La Mancha;2023-07;ratio_g2;23,757308209969658
dictsaad_all;Castilla-La Mancha;2023-08;ratio_g2;23,594635532981517
dictsaad_all;Castilla-La Mancha;2023-09;ratio_g2;23,431962855993376
dictsaad_all;Castilla-La Mancha;2023-10;ratio_g2;23,269290179005235
dictsaad_all;Castilla-La Mancha;2023-11;ratio_g2;23,106617502017095
dictsaad_all;Castilla-La Mancha;2023-12;ratio_g2;22,943944825028950
dictsaad_all;Castilla-La Mancha;2024-01;ratio_g2;22,781272148040809
dictsaad_all;Castilla-La Mancha;2024-02;ratio_g2;22,618599471052669
dictsaad_all;Castilla-La Mancha;2024-03;ratio_g2;22,455926794064528
dictsaad_all;Castilla-La Mancha;2024-04;ratio_g2;22,293254117076387
dictsaad_all;Castilla-La Mancha;2024-05;ratio_g2;22,130581440088246
dictsaad_all;Castilla-La Mancha;2024-06;ratio_g2;21,967908763100102
dictsaad_all;Castilla-La Mancha;2024-07;ratio_g2;21,805236086111961
dictsaad_all;Castilla-La Mancha;2024-08;ratio_g2;21,642563409123820
dictsaad_all;Castilla-La Mancha;2024-09;ratio_g2;21,479890732135679
dictsaad_all;Castilla-La Mancha;2024-10;ratio_g2;21,317218055147539
dictsaad_all;Castilla-La Mancha;2024-11;ratio_g2;21,154545378159398
dictsaad_all;Castilla-La Mancha;2024-12;ratio_g2;20,991872701171253
dictsaad_all;Castilla-La Mancha;2025-01;ratio_g2;20,829200024183113
dictsaad_all;Castilla-La Mancha;2025-02;ratio_g2;20,666527347194972
dictsaad_all;Castilla-La Mancha;2025-03;ratio_g2;20,503854670206831
dictsaad_all;Castilla-La Mancha;2025-04;ratio_g2;20,341181993218690
dictsaad_all;Castilla-La Mancha;2025-05;ratio_g2;20,178509316230546
dictsaad_all;Castilla-La Mancha;2025-06;ratio_g2;20,015836639242405
dictsaad_all;Castilla-La Mancha;2025-07;ratio_g2;19,853163962254264
dictsaad_all;Castilla-La Mancha;2025-08;ratio_g2;19,690491285266123
dictsaad_all;Castilla-La Mancha;2025-09;ratio_g2;19,527818608277983
dictsaad_all;Castilla-La Mancha;2019-01;ratio_g3;26,204656950897935
dictsaad_all;Castilla-La Mancha;2019-02;ratio_g3;25,999343161342420
dictsaad_all;Castilla-La Mancha;2019-03;ratio_g3;25,794029371786905
dictsaad_all;Castilla-La Mancha;2019-04;ratio_g3;25,588715582231391
dictsaad_all;Castilla-La Mancha;2019-05;ratio_g3;25,383401792675876
dictsaad_all;Castilla-La Mancha;2019-06;ratio_g3;25,178088003120362
dictsaad_all;Castilla-La Mancha;2019-07;ratio_g3;24,972774213564850
dictsaad_all;Castilla-La Mancha;2019-08;ratio_g3;24,767460424009336
dictsaad_all;Castilla-La Mancha;2019-09;ratio_g3;24,562146634453821
dictsaad_all;Castilla-La Mancha;2019-10;ratio_g3;24,356832844898307
dictsaad_all;Castilla-La Mancha;2019-11;ratio_g3;24,151519055342792
dictsaad_all;Castilla-La Mancha;2019-12;ratio_g3;23,946205265787277
dictsaad_all;Castilla-La Mancha;2020-01;ratio_g3;23,740891476231763
dictsaad_all;Castilla-La Mancha;2020-02;ratio_g3;23,535577686676248
dictsaad_all;Castilla-La Mancha;2020-03;ratio_g3;23,330263897120734
dictsaad_all;Castilla-La Mancha;2020-04;ratio_g3;23,124950107565223
dictsaad_all;Castilla-La Mancha;2020-05;ratio_g3;22,919636318009708
dictsaad_all;Castilla-La Mancha;2020-06;ratio_g3;22,714322528454193
dictsaad_all;Castilla-La Mancha;2020-07;ratio_g3;22,509008738898679
dictsaad_all;Castilla-La Mancha;2020-08;ratio_g3;22,303694949343164
dictsaad_all;Castilla-La Mancha;2020-09;ratio_g3;22,098381159787650
dictsaad_all;Castilla-La Mancha;2020-10;ratio_g3;21,893067370232135
dictsaad_all;Castilla-La Mancha;2020-11;ratio_g3;21,687753580676620
dictsaad_all;Castilla-La Mancha;2020-12;ratio_g3;21,482439791121109
dictsaad_all;Castilla-La Mancha;2021-01;ratio_g3;21,277126001565595
dictsaad_all;Castilla-La Mancha;2021-02;ratio_g3;21,071812212010080
dictsaad_all;Castilla-La Mancha;2021-03;ratio_g3;20,866498422454566
dictsaad_all;Castilla-La Mancha;2021-04;ratio_g3;20,661184632899051
dictsaad_all;Castilla-La Mancha;2021-05;ratio_g3;20,455870843343536
dictsaad_all;Castilla-La Mancha;2021-06;ratio_g3;20,250557053788022
dictsaad_all;Castilla-La Mancha;2021-07;ratio_g3;20,045243264232507
dictsaad_all;Castilla-La Mancha;2021-08;ratio_g3;19,839929474676993
dictsaad_all;Castilla-La Mancha;2021-09;ratio_g3;19,634615685121481
dictsaad_all;Castilla-La Mancha;2021-10;ratio_g3;19,429301895565967
dictsaad_all;Castilla-La Mancha;2021-11;ratio_g3;19,223988106010452
dictsaad_all;Castilla-La Mancha;2021-12;ratio_g3;19,018674316454938
dictsaad_all;Castilla-La Mancha;2022-01;ratio_g3;18,813360526899423
dictsaad_all;Castilla-La Mancha;2022-02;ratio_g3;18,608046737343908
dictsaad_all;Castilla-La Mancha;2022-03;ratio_g3;18,402732947788394
dictsaad_all;Castilla-La Mancha;2022-04;ratio_g3;18,197419158232879
dictsaad_all;Castilla-La Mancha;2022-05;ratio_g3;17,992105368677368
dictsaad_all;Castilla-La Mancha;2022-06;ratio_g3;17,786791579121854
dictsaad_all;Castilla-La Mancha;2022-07;ratio_g3;17,581477789566339
dictsaad_all;Castilla-La Mancha;2022-08;ratio_g3;17,376164000010824
dictsaad_all;Castilla-La Mancha;2022-09;ratio_g3;17,170850210455310
dictsaad_all;Castilla-La Mancha;2022-10;ratio_g3;16,965536420899795
dictsaad_all;Castilla-La Mancha;2022-11;ratio_g3;16,760222631344281
dictsaad_all;Castilla-La Mancha;2022-12;ratio_g3;16,554908841788766
dictsaad_all;Castilla-La Mancha;2023-01;ratio_g3;16,349595052233251
dictsaad_all;Castilla-La Mancha;2023-02;ratio_g3;16,144281262677740
dictsaad_all;Castilla-La Mancha;2023-03;ratio_g3;15,938967473122224
dictsaad_all;Castilla-La Mancha;2023-04;ratio_g3;15,733653683566711
dictsaad_all;Castilla-La Mancha;2023-05;ratio_g3;15,528339894011197
dictsaad_all;Castilla-La Mancha;2023-06;ratio_g3;15,323026104455682
dictsaad_all;Castilla-La Mancha;2023-07;ratio_g3;15,117712314900167
dictsaad_all;Castilla-La Mancha;2023-08;ratio_g3;14,912398525344654
dictsaad_all;Castilla-La Mancha;2023-09;ratio_g3;14,707084735789140
dictsaad_all;Castilla-La Mancha;2023-10;ratio_g3;14,501770946233625
dictsaad_all;Castilla-La Mancha;2023-11;ratio_g3;14,296457156678111
dictsaad_all;Castilla-La Mancha;2023-12;ratio_g3;14,091143367122598
dictsaad_all;Castilla-La Mancha;2024-01;ratio_g3;13,885829577567083
dictsaad_all;Castilla-La Mancha;2024-02;ratio_g3;13,680515788011569
dictsaad_all;Castilla-La Mancha;2024-03;ratio_g3;13,475201998456054
dictsaad_all;Castilla-La Mancha;2024-04;ratio_g3;13,269888208900539
dictsaad_all;Castilla-La Mancha;2024-05;ratio_g3;13,064574419345027
dictsaad_all;Castilla-La Mancha;2024-06;ratio_g3;12,859260629789512
dictsaad_all;Castilla-La Mancha;2024-07;ratio_g3;12,653946840233997
dictsaad_all;Castilla-La Mancha;2024-08;ratio_g3;12,448633050678483
dictsaad_all;Castilla-La Mancha;2024-09;ratio_g3;12,243319261122970
dictsaad_all;Castilla-La Mancha;2024-10;ratio_g3;12,038005471567455
dictsaad_all;Castilla-La Mancha;2024-11;ratio_g3;11,832691682011941
dictsaad_all;Castilla-La Mancha;2024-12;ratio_g3;11,627377892456426
dictsaad_all;Castilla-La Mancha;2025-01;ratio_g3;11,422064102900913
dictsaad_all;Castilla-La Mancha;2025-02;ratio_g3;11,216750313345399
dictsaad_all;Castilla-La Mancha;2025-03;ratio_g3;11,011436523789884
dictsaad_all;Castilla-La Mancha;2025-04;ratio_g3;10,806122734234370
dictsaad_all;Castilla-La Mancha;2025-05;ratio_g3;10,600808944678857
dictsaad_all;Castilla-La Mancha;2025-06;ratio_g3;10,395495155123342
dictsaad_all;Castilla-La Mancha;2025-07;ratio_g3;10,190181365567827
dictsaad_all;Castilla-La Mancha;2025-08;ratio_g3;9,984867576012313
dictsaad_all;Castilla-La Mancha;2025-09;ratio_g3;9,779553786456798
dictsaad_all;Castilla-La Mancha;2019-01;solicitudes;83406,738543231520453
dictsaad_all;Castilla-La Mancha;2019-02;solicitudes;83338,849108745198464
dictsaad_all;Castilla-La Mancha;2019-03;solicitudes;83270,959674258876476
dictsaad_all;Castilla-La Mancha;2019-04;solicitudes;83203,070239772554487
dictsaad_all;Castilla-La Mancha;2019-05;solicitudes;83135,180805286232498
dictsaad_all;Castilla-La Mancha;2019-06;solicitudes;83067,291370799925062
dictsaad_all;Castilla-La Mancha;2019-07;solicitudes;82999,401936313603073
dictsaad_all;Castilla-La Mancha;2019-08;solicitudes;82931,512501827281085
dictsaad_all;Castilla-La Mancha;2019-09;solicitudes;82863,623067340959096
dictsaad_all;Castilla-La Mancha;2019-10;solicitudes;82795,733632854637108
dictsaad_all;Castilla-La Mancha;2019-11;solicitudes;82727,844198368329671
dictsaad_all;Castilla-La Mancha;2019-12;solicitudes;82659,954763882007683
dictsaad_all;Castilla-La Mancha;2020-01;solicitudes;82592,065329395685694
dictsaad_all;Castilla-La Mancha;2020-02;solicitudes;82524,175894909363706
dictsaad_all;Castilla-La Mancha;2020-03;solicitudes;82456,286460423041717
dictsaad_all;Castilla-La Mancha;2020-04;solicitudes;82388,397025936734281
dictsaad_all;Castilla-La Mancha;2020-05;solicitudes;82320,507591450412292
dictsaad_all;Castilla-La Mancha;2020-06;solicitudes;82252,618156964090304
dictsaad_all;Castilla-La Mancha;2020-07;solicitudes;82184,728722477768315
dictsaad_all;Castilla-La Mancha;2020-08;solicitudes;82116,839287991446326
dictsaad_all;Castilla-La Mancha;2020-09;solicitudes;82048,949853505138890
dictsaad_all;Castilla-La Mancha;2020-10;solicitudes;81981,060419018816901
dictsaad_all;Castilla-La Mancha;2020-11;solicitudes;81913,170984532494913
dictsaad_all;Castilla-La Mancha;2020-12;solicitudes;81845,281550046172924
dictsaad_all;Castilla-La Mancha;2021-01;solicitudes;81777,392115559850936
dictsaad_all;Castilla-La Mancha;2021-02;solicitudes;81709,502681073543499
dictsaad_all;Castilla-La Mancha;2021-03;solicitudes;81641,613246587221511
dictsaad_all;Castilla-La Mancha;2021-04;solicitudes;81573,723812100899522
dictsaad_all;Castilla-La Mancha;2021-05;solicitudes;81505,834377614577534
dictsaad_all;Castilla-La Mancha;2021-06;solicitudes;81437,944943128255545
dictsaad_all;Castilla-La Mancha;2021-07;solicitudes;81370,055508641948109
dictsaad_all;Castilla-La Mancha;2021-08;solicitudes;81302,166074155626120
dictsaad_all;Castilla-La Mancha;2021-09;solicitudes;81234,276639669304132
dictsaad_all;Castilla-La Mancha;2021-10;solicitudes;81166,387205182982143
dictsaad_all;Castilla-La Mancha;2021-11;solicitudes;81098,497770696660154
dictsaad_all;Castilla-La Mancha;2021-12;solicitudes;81030,608336210352718
dictsaad_all;Castilla-La Mancha;2022-01;solicitudes;80962,718901724030729
dictsaad_all;Castilla-La Mancha;2022-02;solicitudes;80894,829467237708741
dictsaad_all;Castilla-La Mancha;2022-03;solicitudes;80826,940032751386752
dictsaad_all;Castilla-La Mancha;2022-04;solicitudes;80759,050598265064764
dictsaad_all;Castilla-La Mancha;2022-05;solicitudes;80691,161163778757327
dictsaad_all;Castilla-La Mancha;2022-06;solicitudes;80623,271729292435339
dictsaad_all;Castilla-La Mancha;2022-07;solicitudes;80555,382294806113350
dictsaad_all;Castilla-La Mancha;2022-08;solicitudes;80487,492860319791362
dictsaad_all;Castilla-La Mancha;2022-09;solicitudes;80419,603425833469373
dictsaad_all;Castilla-La Mancha;2022-10;solicitudes;80351,713991347161937
dictsaad_all;Castilla-La Mancha;2022-11;solicitudes;80283,824556860839948
dictsaad_all;Castilla-La Mancha;2022-12;solicitudes;80215,935122374517960
dictsaad_all;Castilla-La Mancha;2023-01;solicitudes;80148,045687888195971
dictsaad_all;Castilla-La Mancha;2023-02;solicitudes;80080,156253401873983
dictsaad_all;Castilla-La Mancha;2023-03;solicitudes;80012,266818915566546
dictsaad_all;Castilla-La Mancha;2023-04;solicitudes;79944,377384429244557
dictsaad_all;Castilla-La Mancha;2023-05;solicitudes;79876,487949942922569
dictsaad_all;Castilla-La Mancha;2023-06;solicitudes;79808,598515456600580
dictsaad_all;Castilla-La Mancha;2023-07;solicitudes;79740,709080970278592
dictsaad_all;Castilla-La Mancha;2023-08;solicitudes;79672,819646483971155
dictsaad_all;Castilla-La Mancha;2023-09;solicitudes;79604,930211997649167
dictsaad_all;Castilla-La Mancha;2023-10;solicitudes;79537,040777511327178
dictsaad_all;Castilla-La Mancha;2023-11;solicitudes;79469,151343025005190
dictsaad_all;Castilla-La Mancha;2023-12;solicitudes;79401,261908538683201
dictsaad_all;Castilla-La Mancha;2024-01;solicitudes;79333,372474052375765
dictsaad_all;Castilla-La Mancha;2024-02;solicitudes;79265,483039566053776
dictsaad_all;Castilla-La Mancha;2024-03;solicitudes;79197,593605079731788
dictsaad_all;Castilla-La Mancha;2024-04;solicitudes;79129,704170593409799
dictsaad_all;Castilla-La Mancha;2024-05;solicitudes;79061,814736107087811
dictsaad_all;Castilla-La Mancha;2024-06;solicitudes;78993,925301620780374
dictsaad_all;Castilla-La Mancha;2024-07;solicitudes;78926,035867134458385
dictsaad_all;Castilla-La Mancha;2024-08;solicitudes;78858,146432648136397
dictsaad_all;Castilla-La Mancha;2024-09;solicitudes;78790,256998161814408
dictsaad_all;Castilla-La Mancha;2024-10;solicitudes;78722,367563675492420
dictsaad_all;Castilla-La Mancha;2024-11;solicitudes;78654,478129189184983
dictsaad_all;Castilla-La Mancha;2024-12;solicitudes;78586,588694702862995
dictsaad_all;Castilla-La Mancha;2025-01;solicitudes;78518,699260216541006
dictsaad_all;Castilla-La Mancha;2025-02;solicitudes;78450,809825730219018
dictsaad_all;Castilla-La Mancha;2025-03;solicitudes;78382,920391243897029
dictsaad_all;Castilla-La Mancha;2025-04;solicitudes;78315,030956757589593
dictsaad_all;Castilla-La Mancha;2025-05;solicitudes;78247,141522271267604
dictsaad_all;Castilla-La Mancha;2025-06;solicitudes;78179,252087784945616
dictsaad_all;Castilla-La Mancha;2025-07;solicitudes;78111,362653298623627
dictsaad_all;Castilla-La Mancha;2025-08;solicitudes;78043,473218812301639
dictsaad_all;Castilla-La Mancha;2025-09;solicitudes;77975,583784325994202
dictsaad_all;Castilla-La Mancha;2019-01;total_der_prest;65993,925106449823943
dictsaad_all;Castilla-La Mancha;2019-02;total_der_prest;66228,742892200330971
dictsaad_all;Castilla-La Mancha;2019-03;total_der_prest;66463,560677950823447
dictsaad_all;Castilla-La Mancha;2019-04;total_der_prest;66698,378463701330475
dictsaad_all;Castilla-La Mancha;2019-05;total_der_prest;66933,196249451822951
dictsaad_all;Castilla-La Mancha;2019-06;total_der_prest;67168,014035202315426
dictsaad_all;Castilla-La Mancha;2019-07;total_der_prest;67402,831820952822454
dictsaad_all;Castilla-La Mancha;2019-08;total_der_prest;67637,649606703314930
dictsaad_all;Castilla-La Mancha;2019-09;total_der_prest;67872,467392453821958
dictsaad_all;Castilla-La Mancha;2019-10;total_der_prest;68107,285178204314434
dictsaad_all;Castilla-La Mancha;2019-11;total_der_prest;68342,102963954821462
dictsaad_all;Castilla-La Mancha;2019-12;total_der_prest;68576,920749705313938
dictsaad_all;Castilla-La Mancha;2020-01;total_der_prest;68811,738535455806414
dictsaad_all;Castilla-La Mancha;2020-02;total_der_prest;69046,556321206313442
dictsaad_all;Castilla-La Mancha;2020-03;total_der_prest;69281,374106956805917
dictsaad_all;Castilla-La Mancha;2020-04;total_der_prest;69516,191892707312945
dictsaad_all;Castilla-La Mancha;2020-05;total_der_prest;69751,009678457805421
dictsaad_all;Castilla-La Mancha;2020-06;total_der_prest;69985,827464208297897
dictsaad_all;Castilla-La Mancha;2020-07;total_der_prest;70220,645249958804925
dictsaad_all;Castilla-La Mancha;2020-08;total_der_prest;70455,463035709297401
dictsaad_all;Castilla-La Mancha;2020-09;total_der_prest;70690,280821459804429
dictsaad_all;Castilla-La Mancha;2020-10;total_der_prest;70925,098607210296905
dictsaad_all;Castilla-La Mancha;2020-11;total_der_prest;71159,916392960789381
dictsaad_all;Castilla-La Mancha;2020-12;total_der_prest;71394,734178711296408
dictsaad_all;Castilla-La Mancha;2021-01;total_der_prest;71629,551964461788884
dictsaad_all;Castilla-La Mancha;2021-02;total_der_prest;71864,369750212295912
dictsaad_all;Castilla-La Mancha;2021-03;total_der_prest;72099,187535962788388
dictsaad_all;Castilla-La Mancha;2021-04;total_der_prest;72334,005321713280864
dictsaad_all;Castilla-La Mancha;2021-05;total_der_prest;72568,823107463787892
dictsaad_all;Castilla-La Mancha;2021-06;total_der_prest;72803,640893214280368
dictsaad_all;Castilla-La Mancha;2021-07;total_der_prest;73038,458678964787396
dictsaad_all;Castilla-La Mancha;2021-08;total_der_prest;73273,276464715279872
dictsaad_all;Castilla-La Mancha;2021-09;total_der_prest;73508,094250465772348
dictsaad_all;Castilla-La Mancha;2021-10;total_der_prest;73742,912036216279375
dictsaad_all;Castilla-La Mancha;2021-11;total_der_prest;73977,729821966771851
dictsaad_all;Castilla-La Mancha;2021-12;total_der_prest;74212,547607717278879
dictsaad_all;Castilla-La Mancha;2022-01;total_der_prest;74447,365393467771355
dictsaad_all;Castilla-La Mancha;2022-02;total_der_prest;74682,183179218263831
dictsaad_all;Castilla-La Mancha;2022-03;total_der_prest;74917,000964968770859
dictsaad_all;Castilla-La Mancha;2022-04;total_der_prest;75151,818750719263335
dictsaad_all;Castilla-La Mancha;2022-05;total_der_prest;75386,636536469770363
dictsaad_all;Castilla-La Mancha;2022-06;total_der_prest;75621,454322220262839
dictsaad_all;Castilla-La Mancha;2022-07;total_der_prest;75856,272107970755314
dictsaad_all;Castilla-La Mancha;2022-08;total_der_prest;76091,089893721262342
dictsaad_all;Castilla-La Mancha;2022-09;total_der_prest;76325,907679471754818
dictsaad_all;Castilla-La Mancha;2022-10;total_der_prest;76560,725465222261846
dictsaad_all;Castilla-La Mancha;2022-11;total_der_prest;76795,543250972754322
dictsaad_all;Castilla-La Mancha;2022-12;total_der_prest;77030,361036723246798
dictsaad_all;Castilla-La Mancha;2023-01;total_der_prest;77265,178822473753826
dictsaad_all;Castilla-La Mancha;2023-02;total_der_prest;77499,996608224246302
dictsaad_all;Castilla-La Mancha;2023-03;total_der_prest;77734,814393974753330
dictsaad_all;Castilla-La Mancha;2023-04;total_der_prest;77969,632179725245805
dictsaad_all;Castilla-La Mancha;2023-05;total_der_prest;78204,449965475738281
dictsaad_all;Castilla-La Mancha;2023-06;total_der_prest;78439,267751226245309
dictsaad_all;Castilla-La Mancha;2023-07;total_der_prest;78674,085536976737785
dictsaad_all;Castilla-La Mancha;2023-08;total_der_prest;78908,903322727244813
dictsaad_all;Castilla-La Mancha;2023-09;total_der_prest;79143,721108477737289
dictsaad_all;Castilla-La Mancha;2023-10;total_der_prest;79378,538894228244317
dictsaad_all;Castilla-La Mancha;2023-11;total_der_prest;79613,356679978736793
dictsaad_all;Castilla-La Mancha;2023-12;total_der_prest;79848,174465729229269
dictsaad_all;Castilla-La Mancha;2024-01;total_der_prest;80082,992251479736296
dictsaad_all;Castilla-La Mancha;2024-02;total_der_prest;80317,810037230228772
dictsaad_all;Castilla-La Mancha;2024-03;total_der_prest;80552,627822980735800
dictsaad_all;Castilla-La Mancha;2024-04;total_der_prest;80787,445608731228276
dictsaad_all;Castilla-La Mancha;2024-05;total_der_prest;81022,263394481720752
dictsaad_all;Castilla-La Mancha;2024-06;total_der_prest;81257,081180232227780
dictsaad_all;Castilla-La Mancha;2024-07;total_der_prest;81491,898965982720256
dictsaad_all;Castilla-La Mancha;2024-08;total_der_prest;81726,716751733227284
dictsaad_all;Castilla-La Mancha;2024-09;total_der_prest;81961,534537483719760
dictsaad_all;Castilla-La Mancha;2024-10;total_der_prest;82196,352323234212236
dictsaad_all;Castilla-La Mancha;2024-11;total_der_prest;82431,170108984719263
dictsaad_all;Castilla-La Mancha;2024-12;total_der_prest;82665,987894735211739
dictsaad_all;Castilla-La Mancha;2025-01;total_der_prest;82900,805680485718767
dictsaad_all;Castilla-La Mancha;2025-02;total_der_prest;83135,623466236211243
dictsaad_all;Castilla-La Mancha;2025-03;total_der_prest;83370,441251986703719
dictsaad_all;Castilla-La Mancha;2025-04;total_der_prest;83605,259037737210747
dictsaad_all;Castilla-La Mancha;2025-05;total_der_prest;83840,076823487703223
dictsaad_all;Castilla-La Mancha;2025-06;total_der_prest;84074,894609238210251
dictsaad_all;Castilla-La Mancha;2025-07;total_der_prest;84309,712394988702727
dictsaad_all;Castilla-La Mancha;2025-08;total_der_prest;84544,530180739195202
dictsaad_all;Castilla-La Mancha;2025-09;total_der_prest;84779,347966489702230
solsaad_all;Castilla-La Mancha;2019-01;solicitudes;87906,775764404635993
solsaad_all;Castilla-La Mancha;2019-02;solicitudes;88045,038363236220903
solsaad_all;Castilla-La Mancha;2019-03;solicitudes;88183,300962067820365
solsaad_all;Castilla-La Mancha;2019-04;solicitudes;88321,563560899419826
solsaad_all;Castilla-La Mancha;2019-05;solicitudes;88459,826159731019288
solsaad_all;Castilla-La Mancha;2019-06;solicitudes;88598,088758562618750
solsaad_all;Castilla-La Mancha;2019-07;solicitudes;88736,351357394203660
solsaad_all;Castilla-La Mancha;2019-08;solicitudes;88874,613956225803122
solsaad_all;Castilla-La Mancha;2019-09;solicitudes;89012,876555057402584
solsaad_all;Castilla-La Mancha;2019-10;solicitudes;89151,139153889002046
solsaad_all;Castilla-La Mancha;2019-11;solicitudes;89289,401752720586956
solsaad_all;Castilla-La Mancha;2019-12;solicitudes;89427,664351552186417
solsaad_all;Castilla-La Mancha;2020-01;solicitudes;89565,926950383785879
solsaad_all;Castilla-La Mancha;2020-02;solicitudes;89704,189549215385341
solsaad_all;Castilla-La Mancha;2020-03;solicitudes;89842,452148046970251
solsaad_all;Castilla-La Mancha;2020-04;solicitudes;89980,714746878569713
solsaad_all;Castilla-La Mancha;2020-05;solicitudes;90118,977345710169175
solsaad_all;Castilla-La Mancha;2020-06;solicitudes;90257,239944541768637
solsaad_all;Castilla-La Mancha;2020-07;solicitudes;90395,502543373368098
solsaad_all;Castilla-La Mancha;2020-08;solicitudes;90533,765142204953008
solsaad_all;Castilla-La Mancha;2020-09;solicitudes;90672,027741036552470
solsaad_all;Castilla-La Mancha;2020-10;solicitudes;90810,290339868151932
solsaad_all;Castilla-La Mancha;2020-11;solicitudes;90948,552938699751394
solsaad_all;Castilla-La Mancha;2020-12;solicitudes;91086,815537531336304
solsaad_all;Castilla-La Mancha;2021-01;solicitudes;91225,078136362935766
solsaad_all;Castilla-La Mancha;2021-02;solicitudes;91363,340735194535227
solsaad_all;Castilla-La Mancha;2021-03;solicitudes;91501,603334026134689
solsaad_all;Castilla-La Mancha;2021-04;solicitudes;91639,865932857734151
solsaad_all;Castilla-La Mancha;2021-05;solicitudes;91778,128531689319061
solsaad_all;Castilla-La Mancha;2021-06;solicitudes;91916,391130520918523
solsaad_all;Castilla-La Mancha;2021-07;solicitudes;92054,653729352517985
solsaad_all;Castilla-La Mancha;2021-08;solicitudes;92192,916328184117447
solsaad_all;Castilla-La Mancha;2021-09;solicitudes;92331,178927015702357
solsaad_all;Castilla-La Mancha;2021-10;solicitudes;92469,441525847301818
solsaad_all;Castilla-La Mancha;2021-11;solicitudes;92607,704124678901280
solsaad_all;Castilla-La Mancha;2021-12;solicitudes;92745,966723510500742
solsaad_all;Castilla-La Mancha;2022-01;solicitudes;92884,229322342085652
solsaad_all;Castilla-La Mancha;2022-02;solicitudes;93022,491921173685114
solsaad_all;Castilla-La Mancha;2022-03;solicitudes;93160,754520005284576
solsaad_all;Castilla-La Mancha;2022-04;solicitudes;93299,017118836884038
solsaad_all;Castilla-La Mancha;2022-05;solicitudes;93437,279717668483499
solsaad_all;Castilla-La Mancha;2022-06;solicitudes;93575,542316500068409
solsaad_all;Castilla-La Mancha;2022-07;solicitudes;93713,804915331667871
solsaad_all;Castilla-La Mancha;2022-08;solicitudes;93852,067514163267333
solsaad_all;Castilla-La Mancha;2022-09;solicitudes;93990,330112994866795
solsaad_all;Castilla-La Mancha;2022-10;solicitudes;94128,592711826451705
solsaad_all;Castilla-La Mancha;2022-11;solicitudes;94266,855310658051167
solsaad_all;Castilla-La Mancha;2022-12;solicitudes;94405,117909489650629
solsaad_all;Castilla-La Mancha;2023-01;solicitudes;94543,380508321250090
solsaad_all;Castilla-La Mancha;2023-02;solicitudes;94681,643107152849552
solsaad_all;Castilla-La Mancha;2023-03;solicitudes;94819,905705984434462
solsaad_all;Castilla-La Mancha;2023-04;solicitudes;94958,168304816033924
solsaad_all;Castilla-La Mancha;2023-05;solicitudes;95096,430903647633386
solsaad_all;Castilla-La Mancha;2023-06;solicitudes;95234,693502479232848
solsaad_all;Castilla-La Mancha;2023-07;solicitudes;95372,956101310817758
solsaad_all;Castilla-La Mancha;2023-08;solicitudes;95511,218700142417219
solsaad_all;Castilla-La Mancha;2023-09;solicitudes;95649,481298974016681
solsaad_all;Castilla-La Mancha;2023-10;solicitudes;95787,743897805616143
solsaad_all;Castilla-La Mancha;2023-11;solicitudes;95926,006496637215605
solsaad_all;Castilla-La Mancha;2023-12;solicitudes;96064,269095468800515
solsaad_all;Castilla-La Mancha;2024-01;solicitudes;96202,531694300399977
solsaad_all;Castilla-La Mancha;2024-02;solicitudes;96340,794293131999439
solsaad_all;Castilla-La Mancha;2024-03;solicitudes;96479,056891963598900
solsaad_all;Castilla-La Mancha;2024-04;solicitudes;96617,319490795183810
solsaad_all;Castilla-La Mancha;2024-05;solicitudes;96755,582089626783272
solsaad_all;Castilla-La Mancha;2024-06;solicitudes;96893,844688458382734
solsaad_all;Castilla-La Mancha;2024-07;solicitudes;97032,107287289982196
solsaad_all;Castilla-La Mancha;2024-08;solicitudes;97170,369886121567106
solsaad_all;Castilla-La Mancha;2024-09;solicitudes;97308,632484953166568
solsaad_all;Castilla-La Mancha;2024-10;solicitudes;97446,895083784766030
solsaad_all;Castilla-La Mancha;2024-11;solicitudes;97585,157682616365491
solsaad_all;Castilla-La Mancha;2024-12;solicitudes;97723,420281447964953
solsaad_all;Castilla-La Mancha;2025-01;solicitudes;97861,682880279549863
solsaad_all;Castilla-La Mancha;2025-02;solicitudes;97999,945479111149325
solsaad_all;Castilla-La Mancha;2025-03;solicitudes;98138,208077942748787
solsaad_all;Castilla-La Mancha;2025-04;solicitudes;98276,470676774348249
solsaad_all;Castilla-La Mancha;2025-05;solicitudes;98414,733275605933159
solsaad_all;Castilla-La Mancha;2025-06;solicitudes;98552,995874437532621
solsaad_all;Castilla-La Mancha;2025-07;solicitudes;98691,258473269132082
solsaad_all;Castilla-La Mancha;2025-08;solicitudes;98829,521072100731544
solsaad_all;Castilla-La Mancha;2025-09;solicitudes;98967,783670932331006
