ccaa;fecha;cobertura_pct_ppd;solicitudes_pct_ppd;pct_mujeres_benef;limbo_grado_pct_ppd;limbo_pia_pct_ppd;limbo_prestaciones_pct_ppd;tiempo_espera_total_dias;pct_pecef;pct_atencion_residencial;ratio_prest_x_benef;pct_grado3;origen
Andalucía;2023-01-01;25,6123676363660;40,0578937710547;82,7270991151569;4,45906427542698047;3,5313586116509672;0,053459394954544083;538,0800000000000;19,83210616680055;6,87025055755022;1,44458038134007;26,9960218035142;real
Andalucía;2023-02-01;25,6611742598236;40,2659391251318;82,6796096741772;4,57728265325718908;3,5979217304131970;0,051085531945905358;533,8700000000000;19,78736470407615;6,89158414574857;1,44612151106210;27,0398328021860;real
Andalucía;2023-03-01;25,6301241316706;40,4061869516822;82,6701910002415;4,62153145973821466;3,7176593805689344;0,057352530288711595;533,3099999999999;19,80377312162383;6,89863316418399;1,44848844101956;27,0454780763058;real
Andalucía;2023-04-01;25,7623957785119;40,5767252702228;82,6884581274547;4,66976835607375396;3,7029414299153740;0,056782803166638300;530,2800000000000;19,71546727797537;6,84345876839575;1,45186187171275;27,0145983049209;real
Andalucía;2023-05-01;25,8345612139745;40,8480103348500;82,6776826094646;4,64327604489734558;3,8921857889640532;0,056213076044564998;529,0500000000000;19,68717925382115;6,85733209964557;1,45388186258835;27,0303421356085;real
Andalucía;2023-06-01;25,9114743754544;41,1614552065107;82,5861743020984;4,67603535441656071;4,0439231124762411;0,058871802614240382;529,1100000000000;19,65396651954873;6,88516995772772;1,45552123071060;26,9454244605685;real
Andalucía;2023-07-01;26,1600653097191;40,9555938064015;82,5089157229556;4,21683529402548540;4,0110688484366808;0,061910347265297941;532,1300000000000;19,59471413940298;6,83359207768810;1,45660814298315;26,8950063416031;real
Andalucía;2023-08-01;26,2187472032926;40,7280827756536;82,5197880881372;3,85990125204656653;4,0631988801063867;0,061815392744952395;538,1300000000000;19,39467750776992;6,82488459830785;1,46008423904186;26,8232416669280;real
Andalucía;2023-09-01;26,4989579928324;40,5071236068095;82,4271020571200;3,55794587734772083;3,8542039808258335;0,061815392744952395;541,5700000000001;19,44065634617315;6,73631326770198;1,46358619701150;26,7130701370206;real
Andalucía;2023-10-01;26,6008441931631;40,3996350897783;82,2967798939721;3,21240637781026805;3,9504878644562202;0,067037891363957589;542,2200000000000;19,55426838484454;6,81079078112735;1,46425932470203;26,6796582407917;real
Andalucía;2023-11-01;26,7641659681575;40,1634831976789;82,1875606442849;2,65825179707364434;4,0425937491914032;0,060201165899078063;549,0700000000001;19,65118671556346;6,91405540830035;1,46565884844765;26,6356796542934;real
Andalucía;2023-12-01;27,2139655310343;39,9735741569878;82,0600827573011;2,69965196794430318;3,3763928344470311;0,058586939053203731;556,9900000000000;19,55557243609069;6,81382800686510;1,46985694347523;26,5009715729549;real
Andalucía;2024-01-01;28,2165113410843;41,1919895181111;82,0606888944838;2,87197051032168327;3,1858750829372555;0,062011927190701963;561,1300000000000;19,51479523152644;6,82339980483543;1,47160786286800;26,3448877781999;real
Andalucía;2024-02-01;28,2313981471349;40,8188334856520;81,9607045908422;2,80483200091489771;2,8869559044917734;0,061124634114841356;563,9800000000000;19,54651386086738;6,80537412369399;1,47298302468597;26,1456089215562;real
Andalucía;2024-03-01;28,2995225377371;41,0839369390952;81,9932291976005;3,26918204394861167;2,6407813700002265;0,056688168735538350;568,0000000000000;19,61219883966868;6,80152662735877;1,47416111591093;26,0137524933564;real
Andalucía;2024-04-01;28,2764529177647;40,7569201465808;81,9440503216042;3,19888871471654479;2,4310844397385050;0,057674049930939025;574,2600000000000;19,70912477426797;6,79299781595394;1,47506049216565;25,8330577610258;real
Andalucía;2024-05-01;28,2738896266567;40,4084111440067;81,9149812337487;3,09063895946155132;2,2262183273342462;0,058166990528639356;579,9100000000000;19,80931852881257;6,85748994360858;1,47535461734801;25,7226806822920;real
Andalucía;2024-06-01;28,2816780881003;40,1433076905634;81,8702982228306;3,00181106375595075;2,0664069855597980;0,059251459843580087;585,0800000000000;19,91439242004408;6,83986610823312;1,47569082536506;25,6156867331326;real
Andalucía;2024-07-01;28,3167754586566;40,5608283768156;81,8510273773033;3,60073388996185617;1,8740615643371279;0,058166990528639356;593,7800000000000;19,95901078737966;6,81274674892810;1,47625364264004;25,4627210742182;real
Andalucía;2024-08-01;28,4291659149323;40,9791377680241;81,8027940409252;2,92185609880895703;2,4724914499453332;0,058364166767719487;603,1400000000000;19,96555559205432;6,77344120283251;1,47797741041673;25,1162894570606;real
Andalucía;2024-09-01;28,3510841242565;40,6959926887051;81,7700218136491;2,89996953627106224;2,3187925715823692;0,057674049930939025;609,2900000000000;20,11770131819829;6,78723874872345;1,47780548108119;25,0122954376694;real
Andalucía;2024-10-01;28,3947586612128;40,7065416174958;81,6983340217541;3,12425750822471393;2,0997297699643407;0,058068402409099294;617,8500000000000;20,18498482711358;6,74553907751667;1,47940377898297;24,9346937719843;real
Andalucía;2024-11-01;28,7583516460765;41,5284707701014;81,6486133693636;3,54601748361711921;1,8645971048612815;0,339537483695989739;611,0200000000000;19,90731542786913;6,58656489537178;1,48393223220958;24,7405952706727;real
Andalucía;2024-12-01;29,2474473071148;41,7399422865148;81,5937187528406;3,16458004911660140;1,6949269511328267;0,153501702123883865;602,1100000000000;19,63522151948824;6,39696455100273;1,49071842460974;24,4663937168438;real
Andalucía;2025-01-01;28,1697106889971;40,2297961737040;81,6194830515238;3,07102957245652730;1,5882088927577878;0,146198922698266509;596,7500000000000;19,50201305730406;6,29550195904570;1,49361510458859;24,2337847469708;real
Andalucía;2025-02-01;28,2445145419321;40,0923085857779;81,6259756194545;2,91697151077901440;1,5631164610770620;0,194490017630984086;592,0200000000000;19,45928868633501;6,20612546241214;1,49620334641908;24,0034053691744;real
Andalucía;2025-03-01;28,3258518959463;40,1556551397191;81,6304409190990;2,76092499225133103;1,5013796103003330;0,308400188619335491;586,5200000000000;19,50235628450433;6,13616221417075;1,49742268041237;23,8374750796815;real
Andalucía;2025-04-01;28,3964894583380;40,1558445165620;81,6281788950599;2,72096647840504291;1,5056405892649845;0,368148582545893943;584,2800000000000;19,51346457971427;6,06245287341493;1,49915303407204;23,6615525894964;real
Andalucía;2025-05-01;28,5418361852434;40,2670087233286;81,6255954306623;2,70884636046114569;1,5120794019226800;0,544269046418157987;579,2600000000000;19,54995610999697;6,05571487638939;1,50040971505728;23,5644206957826;real
Andalucía;2025-06-01;28,6783768889551;40,3389719236205;81,5978783358197;2,75581181749374915;1,4279960836868895;0,579303762349737461;574,2300000000000;19,61382850838734;5,97453799850999;1,50239210753093;23,4126534822866;real
Andalucía;2025-07-01;28,8190838832100;40,4461592166869;81,5600043758889;2,83440320728621087;1,3403146054365043;0,710920668146751922;569,8099999999999;19,74332970458165;6,29256208122417;1,50001149965337;23,3711759682524;real
Andalucía;2025-08-01;28,9433150921350;40,6875200029290;81,4871989998369;3,01383776590875962;1,3035754979190641;0,697190847038430372;565,0800000000000;19,74403740824270;6,19334558215272;1,50281513663473;23,1811693109105;real
Andalucía;2025-09-01;29,5117296860195;40,7640282474499;81,3671159029650;2,81811679879909827;1,2647532451300167;0,798034015868516966;559,3700000000000;19,36469965599365;6,06890711828526;1,51561577555892;23,4825200212904;real
Andalucía;2025-10-01;30,4584245235436;41,4090457742767;81,3271654171319;1,91800866462181796;1,2458155608426766;1,029357829438377614;534,1400000000000;18,88359666610328;5,86791888033852;1,52664842851369;23,1432948955729;real
Andalucía;2025-11-01;31,5149579299344;42,2762023377940;81,2591202835105;1,47874907757696117;1,2857740746889643;1,150274943613045053;512,1300000000000;18,48322716626719;5,74317922993228;1,53811878808273;23,2971620088509;real
Andalucía;2025-12-01;32,0929360543840;43,1905137351868;81,1753326267480;1,38917383089784208;1,2593560051081250;1,147718356234254333;495,7900000000000;18,31304537230049;5,60012686742545;1,54420650750003;22,9871221240546;real
Andalucía;2026-01-01;31,3677649531807;42,4079713818195;81,1299584859087;1,62033201589775944;1,2210128566013851;1,268968044322889677;488,2900000000000;18,37997110485895;5,51117785719717;1,54656239434342;22,7777856384860;real
Andalucía;2026-02-01;31,2442803447978;42,7799929727206;81,0701215494257;2,19634759764490850;1,5991210674824785;1,425467955021722632;476,7500000000000;18,55501791875433;5,43913822139913;1,54757139989846;23,4997304400566;real
Andalucía;2026-03-01;32,0024334183718;43,3165377461123;81,0035950272137;2,29133575793942690;1,1028770960797554;1,207640736948273119;464,4700000000000;18,13800616725446;5,68273722695127;1,56064400303155;23,6943416830094;real
Andalucía;2026-04-01;32,1680511498921;43,3164840643419;80,9419168158688;2,29132625093452535;1,1029267373340512;1,141093527399624552;452,2241901415002;18,13804786790821;5,68271286243587;1,56770551373787;23,7568953294581;proyeccion
Andalucía;2026-05-01;32,3337281750501;43,3164840643419;80,8802379241716;2,29132625093452535;1,1029267373340512;1,207536075103207596;439,9782916819278;18,13804786790821;5,68271286243587;1,57476788622560;23,9110585088296;proyeccion
Andalucía;2026-06-01;32,4994052002081;43,3164840643419;80,8185590324744;2,29132625093452535;1,1029267373340512;1,088910812146294260;427,7323932223553;18,13804786790821;5,68271286243587;1,58183025871332;24,0652216882011;proyeccion
Andalucía;2026-07-01;32,6650822253661;43,3164840643419;80,7568801407773;2,29132625093452535;1,1029267373340512;1,018272284688775287;415,4864947627829;18,13804786790821;5,68271286243587;1,58889263120105;24,2193848675726;proyeccion
Andalucía;2026-08-01;32,8307592505240;43,3164840643419;80,6952012490801;2,29132625093452535;1,1029267373340512;0,824948814883864401;403,2405963032104;18,13804786790821;5,68271286243587;1,59595500368877;24,3735480469441;proyeccion
Andalucía;2026-09-01;32,9964362756820;43,3164840643419;80,6335223573829;2,29132625093452535;1,1029267373340512;0,702455043940861223;390,9946978436380;18,13804786790821;5,68271286243587;1,60301737617650;24,5277112263156;proyeccion
Andalucía;2026-10-01;33,1621133008400;43,3164840643419;80,5718434656858;2,29132625093452535;1,1029267373340512;0,658472926698988603;378,7487993840655;18,13804786790821;5,68271286243587;1,61007974866422;24,6818744056871;proyeccion
Andalucía;2026-11-01;33,3277903259980;43,3164840643419;80,5101645739886;2,29132625093452535;1,1029267373340512;2,449087790187829405;366,5029009244931;18,13804786790821;5,68271286243587;1,61714212115194;24,8360375850586;proyeccion
Aragón;2023-01-01;19,1837677793306;26,3551975042153;69,9288348657213;2,12231028437480429;1,0276558297822629;0,293247827054216481;220,1100000000000;43,81213812830153;9,16703190237826;1,16462939580367;30,7111711757656;real
Aragón;2023-02-01;19,3914635162424;26,4206500069146;69,9626961009760;2,11303355170876550;0,9044814349387521;0,290155582832203662;214,4400000000000;43,80148270181219;9,01748123741534;1,16153723489077;30,8524415327188;real
Aragón;2023-03-01;19,5419527350471;26,5515550123131;69,9455205811138;2,13725613144786619;0,8678898783116001;0,299432315498242119;206,6800000000000;44,08692684036864;8,81556491068381;1,15894825676460;31,0186354224534;real
Aragón;2023-04-01;19,6914112057777;26,6551451937506;69,9884994249713;2,12643327667082094;0,8369674360914721;0,309224422201282767;201,6100000000000;44,04463983767332;9,01814902491264;1,16088253768844;31,0002008435429;real
Aragón;2023-05-01;19,7872707766601;26,9339625477687;70,0138916451677;2,12591790263381863;1,0044639981171668;0,310255170275286984;196,0300000000000;44,23820224719101;8,95280898876405;1,15903526592697;30,7711374959720;real
Aragón;2023-06-01;20,0073354904600;27,1844343297518;69,9191829044573;2,33876737991570183;0,8014066275383245;0,326747139459355462;195,3000000000000;43,79865652386672;8,86160416388629;1,15808454187167;30,5404200515158;real
Aragón;2023-07-01;20,2093621129648;27,1648501163457;69,9201025843362;2,44441905750114019;0,4401294275998258;0,325716391385351134;195,8100000000000;43,57567746199603;8,68473231989425;1,15752429041389;30,2318616317668;real
Aragón;2023-08-01;20,3361441260674;27,2782324044862;69,9541623539849;2,51914829286645015;0,3272625134963576;0,310770544312289176;193,6400000000000;39,29067322569127;7,77561788392113;1,27762994500621;29,9022297600638;real
Aragón;2023-09-01;20,4454034219118;27,3854302041826;69,9453282766094;2,64232268770996148;0,1845039052467654;0,321593399089334098;190,4100000000000;39,38565741785990;7,64462400728814;1,27279372841622;29,6185265682380;real
Aragón;2023-10-01;20,5623933283113;27,5493191479493;69,8080023450095;2,70416757215021741;0,1499738447676222;0,350454345161453795;189,3600000000000;39,43675869826922;7,70263069605889;1,27001353451301;29,5677921819403;real
Aragón;2023-11-01;20,6773217385628;27,7709299838602;69,7832636796579;2,82476509680871768;0,1257512650285216;0,352515841309462341;187,8600000000000;39,33090453245583;7,85246993379559;1,27250068542658;29,5008051529791;real
Aragón;2023-12-01;20,7870964084442;27,8961658748517;69,7933304293113;2,85774903517685486;0,0958595708823977;0,339631490384408929;190,3400000000000;38,85676842429849;7,96523280912735;1,28645807507314;29,4768015794669;real
Aragón;2024-01-01;21,5393522861906;29,1326467702766;69,8422682407587;3,17316506998761660;0,1023947505267165;0,348999908863311059;194,2800000000000;38,98678414096916;7,96236185176598;1,28816765393997;29,2898015804206;real
Aragón;2024-02-01;21,5591879184916;29,1685653476865;69,9884570988842;3,25036320651037602;0,0686205657980089;0,332916963754402717;199,5200000000000;40,76572506976650;8,15515268325002;1,23856769861992;29,3260292987631;real
Aragón;2024-03-01;21,6814183013193;29,3787158304429;69,9976001919846;3,37259358933807984;0,0627234859247425;0,340958436308856916;203,5100000000000;40,65609142126503;8,15918807687697;1,23764310263828;29,4403353057199;real
Aragón;2024-04-01;21,8202677274262;29,7963363051042;69,9713740458015;3,66530319032021135;0,0562903078811792;0,330236472902917966;206,3000000000000;40,66531697828590;8,15569052439363;1,23782615104909;29,4336755948734;real
Aragón;2024-05-01;21,9467868956163;30,1469445084784;70,0307401276898;3,87170098588453548;0,0611151914138517;0,351144301544498827;209,3000000000000;40,51463959550033;8,21345980480539;1,24642141775368;29,2092955276235;real
Aragón;2024-06-01;22,4378528196083;30,4814697667437;69,9842898068570;3,69854127687862189;0,0536098170296945;0,388671173465284958;211,4400000000000;39,25036147258369;7,78741704667631;1,28890906484446;29,2653858988416;real
Aragón;2024-07-01;22,7155516718221;30,5913698916546;70,0232802300634;3,55218647638755591;0,0418156572831617;0,402073627722708549;210,2100000000000;39,13035548178817;7,57291115691174;1,29394411403757;29,4040047114252;real
Aragón;2024-08-01;22,8930001661904;30,5554513142447;69,9078444594291;3,31469498694600961;0,0503932280079128;0,331308669243511877;208,0000000000000;39,28603607662227;7,37750707296416;1,29951057302766;29,2590602145010;real
Aragón;2024-09-01;23,4467895761072;30,6015557568902;69,7802197802198;2,86383642572627917;0,0407434609425678;0,328092080221730198;202,0700000000000;39,35249156070173;7,05927623178773;1,30722974208890;29,2796494111202;real
Aragón;2024-10-01;23,7255606246616;30,8444082280347;69,7262341021772;2,82362906295400817;0,0450322463049434;0,367763344823704152;198,0800000000000;38,96634903255607;6,89613877816365;1,32079266088214;29,3662607126748;real
Aragón;2024-11-01;24,0472195268398;31,0004127955911;69,7588676526677;2,67352157527086343;0,0444961481346464;0,388671173465284958;193,8300000000000;38,97042753148064;6,94339368874094;1,32604333868379;29,4421326687287;real
Aragón;2024-12-01;24,2659475803209;31,0449089437258;69,7349135223418;2,49982576809465362;0,0461044426455373;0,396176547849442173;189,1700000000000;39,16185453453053;6,86438132113889;1,32374513962531;29,4509371554576;real
Aragón;2025-01-01;24,4606186871969;31,1168803692724;69,6667639821496;2,37420113653987341;0,0484091758696395;0,388887046152770421;185,7100000000000;39,33927443221494;6,80510757157583;1,32258773858739;29,3639994732915;real
Aragón;2025-02-01;24,4971945089651;31,1367819193521;69,6298130493995;2,36828445948913968;0,0559394921160278;0,392114324544079740;182,0900000000000;39,55870633550273;6,77048744853234;1,32250131740734;29,3506834910620;real
Aragón;2025-03-01;24,5983158985595;31,4041081460989;69,5490107729488;2,53341353717779905;0,0548637326522581;0,364144578486065795;178,9300000000000;39,67831520481370;6,77753165603200;1,32279366745386;29,2141205218833;real
Aragón;2025-04-01;24,8118541521178;31,5697751035194;69,4982108002603;2,46026189364145509;0,0661592070218406;0,360917300094756532;175,4100000000000;39,66789063012261;6,78971870697004;1,32246526046522;29,1836028712272;real
Aragón;2025-05-01;25,0270060448717;31,8376392099981;69,5091580976864;2,52534534119952569;0,0580910110435674;0,369523375804914622;167,0700000000000;39,82083631397542;6,73083176172205;1,32192825979497;29,2107125243905;real
Aragón;2025-06-01;25,2991731892055;32,0350410715999;69,5038289725590;2,46886796935161312;0,0554016123841429;0,333485433768627493;162,7500000000000;39,65060027964835;6,71316758007747;1,32286595088764;29,2375578089864;real
Aragón;2025-07-01;25,4793628993869;32,3061324564698;69,5141251879402;2,54363325208361157;0,0640076880943011;0,325417237790354252;158,1700000000000;39,70599971270330;6,63974590203183;1,32263035676589;29,1667544062836;real
Aragón;2025-08-01;25,6068403958436;32,3464734363612;69,6519758032838;2,45273157739506642;0,0597046502392220;0,321114199935275124;154,9400000000000;39,78854793389742;6,60073341482387;1,32318776650493;29,1986252567165;real
Aragón;2025-09-01;25,7864922262932;32,4728751733542;69,7254111076637;2,40647392045296638;0,0645455678261860;0,320038440471505370;151,6900000000000;40,02680119817121;6,54422197698250;1,32308462485138;29,1546160088221;real
Aragón;2025-10-01;26,0635002882139;32,7262165270719;69,8286460734594;2,35752686485144247;0,0505606947971790;0,334023313500512342;148,5600000000000;39,94637233810370;6,53197393446201;1,32379891035166;29,0854788877446;real
Aragón;2025-11-01;26,3136143635404;32,8483152262098;69,9025444617193;2,20154174260482627;0,0408788596232511;0,331871794572972834;145,4700000000000;40,09698392352477;6,54795916791500;1,32362380163938;29,0303487968651;real
Aragón;2025-12-01;26,5239253387074;33,0392625310289;69,9879951980792;2,20369326153236544;0,0285076257898988;0,316273282348311202;140,5900000000000;40,28730604539803;6,49815062080820;1,32132138221934;28,9597893244201;real
Aragón;2026-01-01;25,9664979067791;32,5053716325011;69,9663425579656;2,27905036928323668;0,0374826444797567;0,291942287285992585;136,1900000000000;40,41514416433814;6,42521570915344;1,32423860448095;28,9238077836653;real
Aragón;2026-02-01;25,9913103615755;32,5338795592886;70,0996926767109;2,35823905480384965;0,0422339656109935;0,342095121449047357;134,1700000000000;40,13507731801235;6,28017847319846;1,32927101740702;28,9862713686046;real
Aragón;2026-03-01;26,3022579333865;32,7424097644928;69,9536264143944;2,25846131104787773;0,0459294376019554;0,351069839141383511;129,3800000000000;40,15490741861309;6,17209246036548;1,32680342017583;29,0789236410267;real
Aragón;2026-04-01;26,4931551941912;32,9102602639974;69,9536410199065;2,25847128806204855;0,0459290680071398;0,351068901594344229;125,2214623576763;40,15490543731119;6,09919372464551;1,32680366887737;29,1368301979119;proyeccion
Aragón;2026-05-01;26,6840644621458;33,0786507945374;69,9536410199065;2,25847128806204855;0,0459290680071398;0,351068901594344229;120,9586370385803;40,15490543731119;6,02629146557982;1,32680366887737;29,1845578921516;proyeccion
Aragón;2026-06-01;26,8749737301004;33,2470413250773;69,9536410199065;2,25847128806204855;0,0459290680071398;0,351068901594344229;116,6958117194843;40,15490543731119;5,95338920651413;1,32680366887737;29,2227400476448;proyeccion
Aragón;2026-07-01;27,0658829980549;33,4154318556172;69,9536410199065;2,25847128806204855;0,0459290680071398;0,351068901594344229;112,4329864003884;40,15490543731119;5,88048694744845;1,32680366887737;29,2532857721205;proyeccion
Aragón;2026-08-01;27,2567922660095;33,5838223861572;69,9536410199065;2,25847128806204855;0,0459290680071398;0,351068901594344229;108,1701610812924;40,15490543731119;5,80758468838276;1,32680366887737;29,2777223517659;proyeccion
Aragón;2026-09-01;27,4477015339641;33,7522129166971;69,9536410199065;2,25847128806204855;0,0459290680071398;0,351068901594344229;103,9073357621964;40,15490543731119;5,73468242931708;1,32680366887737;29,2972716155342;proyeccion
Aragón;2026-10-01;27,6386108019186;33,9206034472371;69,9536410199065;2,25847128806204855;0,0459290680071398;0,351068901594344229;99,6445104431004;40,15490543731119;5,66178017025139;1,32680366887737;29,3129110265903;proyeccion
Aragón;2026-11-01;27,8295200698732;34,0889939777770;69,9536410199065;2,25847128806204855;0,0459290680071398;0,351068901594344229;95,3816851240044;40,15490543731119;5,58887791118570;1,32680366887737;29,3254225554685;proyeccion
Canarias;2023-01-01;14,2419451318843;23,5009523204769;78,8558808862292;4,21000296217435110;2,7103388666660138;2,870438141727039039;963,1900000000001;35,89730463050657;11,22174725471626;1,11181626728897;33,7190675433353;real
Canarias;2023-02-01;14,4964827135003;23,4450189028606;78,5612583903993;3,95627600979915695;2,6280599987232591;2,845308635261764252;945,6100000000000;36,19730715993457;11,11111111111111;1,11097131353800;33,6165680473373;real
Canarias;2023-03-01;14,8458639162917;23,3076172465424;78,4605175846052;3,59027690757104123;2,4975486909519931;2,677508382412993271;915,2700000000000;35,94747267258455;11,21463331132468;1,11644097411816;33,6924515073615;real
Canarias;2023-04-01;15,1429595330505;23,4093512162647;78,4587299517538;3,47759944309771196;2,4067582159806773;2,455801285050004168;880,6100000000000;35,81671494577578;11,23985540207321;1,11803752576216;33,7513568442689;real
Canarias;2023-05-01;15,3970918000461;23,4288063180443;78,3395354805595;3,29074940308978059;2,3232634041767000;2,402705069776601032;846,5599999999999;35,76299083000235;11,10275099929462;1,11956407286512;33,6825251601098;real
Canarias;2023-06-01;15,6321742798826;23,9309911327294;78,2133838383838;3,54123383850171392;2,3094827070828394;2,429861149343913951;816,7500000000000;35,76400934341682;11,06871111727838;1,12111076540137;33,6533682736186;real
Canarias;2023-07-01;15,7898416672212;24,2013359845413;78,1757939484871;3,69768528197907065;2,2490908286420983;2,497143376331585340;782,3099999999999;35,75616011724833;11,01722084821837;1,12092820289037;33,5100885273896;real
Canarias;2023-08-01;15,9252167504373;24,6030027733653;78,1292474978376;3,78199072302386341;2,4027050697766010;2,542943928437650492;745,3300000000000;35,86426058336171;10,88412212007718;1,12124914102466;33,3930427475176;real
Canarias;2023-09-01;16,0662662383392;24,7464841489896;78,1062155295284;3,78401729612590154;2,3763596194501031;2,566857491041702577;716,8300000000000;35,94399622446457;10,88163246960469;1,12255606851838;33,2424948353919;real
Canarias;2023-10-01;16,2174485917512;24,9998057867444;77,9190404797601;3,88413000736659386;2,3471769667807516;2,567668120282518007;687,1900000000001;36,15617083685170;10,85729523132305;1,12471258622413;33,1179180403030;real
Canarias;2023-11-01;16,3516077311062;25,4030938340500;77,9872717539999;4,14434199366831013;2,3293431234828148;2,591176368266162378;664,2200000000000;36,08276893306359;10,74632773330988;1,12723396871824;33,1525276632675;real
Canarias;2023-12-01;16,4950891067305;25,5834588401314;77,8687565797169;4,13137192581526502;2,3613629784950194;2,569289378764148424;647,2800000000000;36,30567704593425;10,63602933176665;1,12924785610733;33,0202265546074;real
Canarias;2024-01-01;16,1493108275984;25,0988898310098;77,7450300508553;4,09756867075503362;2,3185376530672608;2,493640683848322936;635,7900000000000;36,49849706982678;10,50537378630279;1,12928276636792;33,0229777056462;real
Canarias;2024-02-01;15,9548833632402;25,2688659712500;77,8165938864629;4,48129670893064880;2,3153826435036380;2,454991816693944173;627,7000000000000;36,68754379817800;10,48747372109320;1,12873245006921;32,7627517430440;real
Canarias;2024-03-01;15,8176404472226;25,5271823792716;77,8043935498948;4,32117997357679506;2,7917890876106721;2,434878630725849202;609,9600000000000;36,79640322651739;10,38700577423194;1,13129550214421;32,5661728866001;real
Canarias;2024-04-01;16,1812552994301;26,1980162877369;76,3884232875182;4,84136217537909452;2,5875022183660992;2,772859030228935318;594,9500000000000;37,55424741116315;10,23933313281485;1,13443821593956;32,5145510705806;real
Canarias;2024-05-01;16,4490367361426;26,7323960325755;75,7910872659586;5,13793307435963165;2,5433320844753813;2,810719144992408491;593,4000000000000;37,26648437663069;10,16301738712977;1,14864897264379;32,5594916732422;real
Canarias;2024-06-01;16,8138347169365;27,3949480409362;73,6678626894446;5,62972019008932634;2,3792715871669987;2,919172598741939684;591,4100000000000;37,38842027679961;9,91524035705512;1,14565839470845;32,6668995417840;real
Canarias;2024-07-01;16,9017806085225;28,1450515646876;73,6867063596607;6,10573225800090746;2,5464870940390036;2,966497742196281262;585,0800000000000;37,54880738028283;9,87072366424569;1,15334717782393;32,6641521677414;real
Canarias;2024-08-01;16,9778952142449;28,6171198706446;73,7446720033268;6,44805079565397410;2,5851359611933824;2,915228836787411293;579,8200000000001;36,85024268044466;9,89509942069829;1,18689895470383;32,5410744884588;real
Canarias;2024-09-01;17,1182931398261;29,0430461617337;73,8208390822219;6,74462169463451211;2,5622621418571176;2,916017589178317326;575,5599999999999;35,86308966240773;10,01723556521413;1,22973782426393;32,4649820652065;real
Canarias;2024-10-01;17,2847198943072;29,5060438151953;74,0826147984760;6,71819848953917198;2,8864393745193540;2,765365882515331553;573,8000000000000;34,82925436012781;10,20546600260626;1,27815551702108;32,7506989657262;real
Canarias;2024-11-01;17,4602173012837;29,8097134856940;74,1159135559921;6,74383294224360608;2,9791177804507720;2,983850294796206448;566,8900000000000;33,88575998366542;10,17338483265556;1,32746820861473;33,0812124954174;real
Canarias;2024-12-01;17,7567882002642;29,8783349437028;74,1719638675142;6,50760160116735342;2,9491451895963561;3,033936071618716923;560,6900000000001;32,91884500924957;10,14879755489423;1,38067740144364;32,9962097403958;real
Canarias;2025-01-01;17,4557324436559;28,7657000501942;74,1873446221680;6,09984380471060472;2,9833364053653626;3,022369282911189448;555,8900000000000;32,06459940379237;10,22311687513445;1,42667982023457;33,0680945872573;real
Canarias;2025-02-01;17,5831633085849;29,1548807998423;74,3016759776536;4,70154836792186259;4,1172032305446296;3,018925205480675444;551,2600000000000;40,10405827263268;8,81657364487750;1,15032210324715;33,9076304512670;real
Canarias;2025-03-01;17,6528102077353;29,1560288256525;74,3375813697625;4,20598389319788346;4,5151855114040425;2,909097402974279767;549,3700000000000;40,15276941601445;8,76919024683925;1,15222198135703;33,9156553712303;real
Canarias;2025-04-01;17,7737355930733;29,2076899871102;74,4056835777393;3,63158831284213557;4,9338322568465394;2,993285962386847743;542,7400000000000;40,12590129637240;8,72903201703590;1,15260732894114;33,8900217394968;real
Canarias;2025-05-01;17,8900688751707;29,3083335831352;74,3655623168808;3,18500627268546843;5,3276051097353232;3,042651072224217046;539,6600000000000;40,24365369281833;8,72628826790780;1,15356149732620;34,0849156118143;real
Canarias;2025-06-01;18,5080894363130;29,2505496173566;74,2858373906674;2,67528281296937509;5,1087148552626465;3,262689352507065266;520,8000000000000;40,75475759151974;8,47846752641114;1,15275509149178;33,9172000324070;real
Canarias;2025-07-01;19,4785539211778;29,6290154594431;74,2510994938179;2,80807113167919820;4,3418336140681637;3,646895323644420817;513,2000000000000;40,40663786600837;8,26133168758143;1,14598927329522;33,9261329863287;real
Canarias;2025-08-01;20,7624294522195;29,7706053093643;74,2012875364869;2,57808329437486483;3,4061925787784877;4,473856582237871748;500,3200000000000;39,58090614886731;8,00485436893204;1,13904452963728;33,9819814114033;real
Canarias;2025-09-01;22,1936349622331;29,8651261010684;73,9752469626434;2,15369641988151095;2,4437642745848134;5,258340885854982716;478,4600000000000;39,32967183435013;7,54613640858677;1,13333678184702;33,9535895125967;real
Canarias;2025-10-01;23,3738054950893;30,0625865404178;74,0393421004432;1,76107159280289860;1,7744652272548982;5,933380062235754870;456,0700000000000;38,73608856944122;7,52956178993740;1,12979698755730;34,3624937230854;real
Canarias;2025-11-01;24,3702918983181;30,1134823513354;74,1137147530491;1,22647424053309217;1,2899983353625752;6,450757027352990391;439,2300000000000;38,32070619309098;7,36359213178564;1,12956158532755;34,6223249571248;real
Canarias;2025-12-01;25,1922783784008;30,3243364251369;74,1936606241954;0,94597326758121802;0,9287528804286473;6,552931324458244333;430,4900000000000;37,37566642794621;7,26903795655288;1,14537003281079;34,8408268506717;real
Canarias;2026-01-01;25,2250772040015;30,6325313577075;74,1969297355785;1,36073219640249876;0,8032203497425289;6,437338730456278135;410,8400000000000;36,96731959550677;7,04551822512035;1,16233420180009;34,7273431559617;real
Canarias;2026-02-01;25,8718357561885;30,7553856092488;74,0947624367484;1,14564390191077581;0,4955245951224248;6,312243975847377619;391,4200000000000;36,27292700986878;6,78554521066751;1,18903354309797;34,4181501465777;real
Canarias;2026-03-01;26,5473474310765;31,3487455049907;74,1879629332735;1,19941597553370638;0,3132970122891593;5,997453294846469163;374,4800000000000;34,82912299051820;6,54289547283931;1,23722448060991;34,2587443696825;real
Canarias;2026-04-01;27,2370824499058;31,5583158180610;74,1879536117945;1,20007243057078150;0,1549435403689652;5,713418953705358128;356,9747124583814;34,82927169900741;6,37861903615125;1,23721965411043;34,2587603199069;proyeccion
Canarias;2026-05-01;27,9375448802864;31,7679245097069;74,1879536117945;1,19760370605032018;0,0294064057628931;5,412867635876823513;339,4695954927591;34,82927169900741;6,20945202178213;1,23721965411043;34,2587603199069;proyeccion
Canarias;2026-06-01;28,6380073106671;31,9775332013527;74,1879536117945;1,19562123512808771;0,0000000000000000;5,112316318048289787;321,9644785271368;34,82927169900741;6,04028500741300;1,23721965411043;34,2587603199069;proyeccion
Canarias;2026-07-01;29,3384697410478;32,1871418929985;74,1879536117945;1,19402924261336096;0,0000000000000000;4,811765000219756061;304,4593615615145;34,82927169900741;5,87111799304387;1,23721965411043;34,2587603199069;proyeccion
Canarias;2026-08-01;30,0389321714284;32,3967505846443;74,1879536117945;1,19275081772524594;0,0000000000000000;4,511213682391221447;286,9542445958922;34,82927169900741;5,70195097867475;1,23721965411043;34,2587603199069;proyeccion
Canarias;2026-09-01;30,7393946018091;32,6063592762901;74,1879536117945;1,19172419845446842;0,0000000000000000;4,210662364562687721;269,4491276302700;34,82927169900741;5,53278396430562;1,23721965411043;34,2587603199069;proyeccion
Canarias;2026-10-01;31,4398570321898;32,8159679679359;74,1879536117945;1,19089978777776029;0,0000000000000000;3,910111046734153550;251,9440106646477;34,82927169900741;5,36361694993649;1,23721965411043;34,2587603199069;proyeccion
Canarias;2026-11-01;32,1403194625704;33,0255766595818;74,1879536117945;1,19023775757511685;0,0000000000000000;3,609559728905619380;234,4388936990254;34,82927169900741;5,19444993556737;1,23721965411043;34,2587603199069;proyeccion
Cantabria;2023-01-01;17,7390754753419;23,2347578333287;72,9857819905213;0,75944350949178985;0,7423886354345105;0,000000000000000000;194,8300000000000;32,48787497754626;18,46236752290282;1,57419975115937;32,8411681684942;real
Cantabria;2023-02-01;17,8875532024288;23,5277003759597;72,8078711212023;0,77348869989190217;0,8467243355496309;0,000000000000000000;191,4300000000000;32,31970339738334;18,44497522369969;1,57324733595064;32,6336082253400;real
Cantabria;2023-03-01;17,8755144678001;23,5026196788166;72,6236979166667;0,77047901623473525;0,8246533220637401;0,000000000000000000;191,3700000000000;32,14120329141880;18,34859117301322;1,57554158715905;32,3122317596567;real
Cantabria;2023-04-01;17,9658049775152;23,6470844943606;72,6336333080343;0,78251775086340303;0,8407049682352971;0,000000000000000000;189,4000000000000;31,83506029635393;18,42840471054214;1,57901496537860;32,0014936519791;real
Cantabria;2023-05-01;17,8624725052858;23,6250134808747;72,6077984142500;0,81462104320651696;0,8647824374926326;0,000000000000000000;186,0900000000000;31,98291206835173;18,25204699181203;1,57764672844707;31,6922912090856;real
Cantabria;2023-06-01;17,8333788965998;23,6220037972175;72,5511418984739;0,69924983634845117;0,9671116818363082;0,000000000000000000;181,8400000000000;32,18735496769126;18,13573239084645;1,57577632763276;31,5474919957311;real
Cantabria;2023-07-01;17,7099818666560;23,6751748751608;72,5341426403642;0,72433053349150889;1,0684376982942618;0,000000000000000000;180,5500000000000;32,40247588887289;17,94299697711242;1,57412337846258;31,1785447163158;real
Cantabria;2023-08-01;17,6668430675699;23,8025848166476;72,5551709216789;0,75242091429173363;1,1757830820665491;0,000000000000000000;179,2700000000000;32,58577103647526;17,78981581798483;1,57240204429302;31,0297092961346;real
Cantabria;2023-09-01;17,5223782520259;23,7905460820189;72,4324910530311;0,76445964892040141;1,2650703638958349;0,000000000000000000;177,7300000000000;32,80731805094938;17,59903786581144;1,57099507614794;30,6776312276392;real
Cantabria;2023-10-01;17,3678811576247;23,7714847521902;72,3582544346501;0,76445964892040141;1,3734189755538444;0,000000000000000000;177,4800000000000;33,02650957290133;17,41531664212076;1,56885397412200;30,3516942347840;real
Cantabria;2023-11-01;17,3377843210530;23,8848495032768;72,4164133738602;0,78753389029201459;1,4657159410402971;0,000000000000000000;177,1800000000000;33,22740373956101;17,28992683467593;1,56590672375882;30,2086112148535;real
Cantabria;2023-12-01;17,2214098863092;23,9530689995059;72,3123842718658;0,80157908069212691;1,5881097430984192;0,001003227885722311;173,4200000000000;33,38548068685514;17,12668082094834;1,56396364907375;29,9962664675449;real
Cantabria;2024-01-01;17,0896717373899;23,7540032025620;72,2559652928417;0,79563650920736595;1,5302241793434748;0,001000800640512410;176,4500000000000;33,80387445562397;16,90569154527707;1,55985008198641;29,7769416823435;real
Cantabria;2024-02-01;16,9475580464372;23,7369895916733;72,2035369426060;0,82065652522017618;1,6022818254603683;0,001000800640512410;180,9000000000000;34,17985802680029;16,70652545268193;1,55562773119169;29,3498786080388;real
Cantabria;2024-03-01;16,8684947958367;23,9231385108086;72,1307925508878;0,83066453162530030;1,8144515612489993;0,001000800640512410;182,2000000000000;34,48130876844278;16,51632138215733;1,55218036191041;28,9318620098564;real
Cantabria;2024-04-01;17,4099279423539;23,9981985588471;72,0398656700249;0,91172938350680544;1,2610088070456364;0,001000800640512410;209,4400000000000;33,03077992899755;16,91981114811697;1,57064842492527;29,0255145797599;real
Cantabria;2024-05-01;17,6841473178543;23,6879503602882;71,9584092614428;0,88070456365092076;0,6244995996797438;0,001000800640512410;210,3900000000000;32,90701444680621;16,90744677018410;1,57085455574420;29,2008308735104;real
Cantabria;2024-06-01;17,7291833466773;23,7189751801441;71,9236510983152;0,86769415532425942;0,6495196156925540;0,001000800640512410;209,0100000000000;32,95756444316795;16,88087886838515;1,57233982500706;29,0786321062949;real
Cantabria;2024-07-01;17,8422738190552;24,0572457966373;72,0602474448628;0,89771817453963165;0,7706164931945556;0,001000800640512410;210,0800000000000;32,26594877971024;16,82193333569480;1,58352030513799;29,6214646736208;real
Cantabria;2024-08-01;17,8943154523619;24,2273819055244;72,0324508966695;0,90872698158526821;0,8246597277822257;0,001000800640512410;213,0400000000000;32,45908592838712;16,62366123502174;1,58227069351230;29,2825064157400;real
Cantabria;2024-09-01;17,9093274619696;24,2844275420336;72,0402755696873;0,90972778222578066;0,8266613290632506;0,001000800640512410;214,1200000000000;32,69353128313892;16,42983386355603;1,58088851634535;29,0743015864537;real
Cantabria;2024-10-01;18,0234187349880;24,6126901521217;71,9631065926004;0,94375500400320256;0,9187349879903923;0,001000800640512410;214,3500000000000;32,88807649043869;16,32452193475816;1,57965461713588;28,8423944629365;real
Cantabria;2024-11-01;18,2996397117694;23,6158927141713;71,8691588785047;0,21216973578863091;0,3162530024019215;0,001000800640512410;209,6000000000000;32,76364140608750;16,22408652846148;1,57757724911129;28,9876888339337;real
Cantabria;2024-12-01;18,1895516413131;23,5748598879103;71,9494358545759;0,18214571657325862;0,3763010408326661;0,001000800640512410;209,5400000000000;32,79123333565994;16,09199413694423;1,57656121045392;28,7639480351464;real
Cantabria;2025-01-01;17,7967304933636;23,1205722371004;71,8769617074702;0,18996235024553124;0,3534866414362721;0,000979187372399645;206,8600000000000;33,01564027370479;15,88116184890379;1,57601100412655;28,4905049633146;real
Cantabria;2025-02-01;17,4882864710577;22,7151886649270;72,0436883007771;0,36817445202226673;0,1928999123627302;0,000979187372399645;202,5100000000000;33,23856569174455;15,88542592131917;1,57553191489362;28,5595613889350;real
Cantabria;2025-03-01;17,7370000636472;22,8042947158153;71,9225161424703;0,30550646018868943;0,2007334113419273;0,000979187372399645;207,1700000000000;32,76957805174510;16,05834346240667;1,58965441095285;28,8607456738905;real
Cantabria;2025-04-01;17,7223122530612;22,8934007667037;71,9190871369295;0,40930032166305186;0,2095460976935241;0,000979187372399645;206,6000000000000;32,89012324249263;16,03888213851762;1,59152439361291;28,7173046469721;real
Cantabria;2025-05-01;17,6919574445168;23,0050281271573;71,9642671652644;0,41811300801464868;0,3525074540638724;0,000979187372399645;208,2900000000000;32,84494132351920;15,99888896604403;1,59408899712198;28,4458432819622;real
Cantabria;2025-06-01;17,6576858864828;23,1049052391420;71,8850503164229;0,42888406911104471;0,4680515640070305;0,000979187372399645;209,6100000000000;32,97605790645880;15,86859688195991;1,59352298563744;28,2750796823510;real
Cantabria;2025-07-01;17,7467919373712;22,9766316933577;71,8086203340895;0,47000993875182989;0,1909415376179309;0,000979187372399645;211,9400000000000;33,03339678145008;15,82972832670012;1,59429485764732;28,2384409629347;real
Cantabria;2025-08-01;17,7458127499988;23,1900945405408;71,7621643863800;0,38482063735306071;0,4151754458974497;0,000979187372399645;210,9600000000000;33,17034262727147;15,64363989457622;1,59112729680516;28,0207041570065;real
Cantabria;2025-09-01;17,8065223670876;23,1734483552100;71,8474472011483;0,44259269232463977;0,2673181526651032;0,000979187372399645;210,6300000000000;33,24448752120184;15,61493994253868;1,58861699202640;28,0095351609058;real
Cantabria;2025-10-01;17,8584192978247;23,1225306118452;71,9059785385795;0,27123490215470181;0,3104023970506876;0,000979187372399645;212,9400000000000;33,20809348178278;15,53893350797973;1,59068976861498;28,0032336297494;real
Cantabria;2025-11-01;17,9289207886375;23,4740588785367;71,8385559273907;0,40244601005625430;0,4474886291866380;0,000979187372399645;203,3400000000000;33,19196962960429;15,48958582714867;1,59688694702348;27,9586508232536;real
Cantabria;2025-12-01;17,7546254363504;23,2997635262496;71,9056372549020;0,44944700393143733;0,4161546332698493;0,000979187372399645;202,7600000000000;33,32411695583051;15,41093523190710;1,59574233399515;27,9355499272512;real
Cantabria;2026-01-01;17,3950795947902;22,5943077665219;71,9242579324463;0,33188615533043897;0,2768933912204534;0,000964785335262904;182,3900000000000;33,45154897256702;15,25329439171100;1,59517470881864;27,6737457007152;real
Cantabria;2026-02-01;17,1008200675350;22,0627110467921;71,9034797017399;0,22961890979257116;0,1823444283646889;0,000964785335262904;183,2100000000000;33,65180467091295;15,04953998584572;1,59435825105783;27,3249972088869;real
Cantabria;2026-03-01;18,2411963338157;24,1331403762663;72,0765195927183;0,33671008200675351;0,9860106126386878;0,000964785335262904;174,2400000000000;32,02780376954952;15,19516107472263;1,58269424022849;26,3786441868634;real
Cantabria;2026-04-01;18,2410822620531;23,3298492125257;72,0208852767348;0,31853814180147938;0,9859294927557177;0,000964785335435789;174,2409013412499;32,04043836103821;15,10761338580363;1,58269541137609;26,0962487771189;proyeccion
Cantabria;2026-05-01;18,2410822620531;23,3298492125257;72,0187845125940;0,31853814180147938;0,9859294927557177;0,000964785335435789;174,2409013412499;32,04043836103821;15,02145048549362;1,58269541137609;25,8137729596195;proyeccion
Cantabria;2026-06-01;18,2410822620531;23,3298492125257;72,0168827957174;0,31853814180147938;0,9859294927557177;0,000964785335435789;174,2409013412499;32,04043836103821;14,93528758518361;1,58269541137609;25,5312971421200;proyeccion
Cantabria;2026-07-01;18,2410822620531;23,3298492125257;72,0151612663900;0,31853814180147938;0,9859294927557177;0,000964785335435789;174,2409013412499;32,04043836103821;14,84912468487360;1,58269541137609;25,2488213246205;proyeccion
Cantabria;2026-08-01;18,2410822620531;23,3298492125257;72,0136028518532;0,31853814180147938;0,9859294927557177;0,000964785335435789;174,2409013412499;32,04043836103821;14,76296178456359;1,58269541137609;24,9663455071210;proyeccion
Cantabria;2026-09-01;18,2410822620531;23,3298492125257;72,0121920969913;0,31853814180147938;0,9859294927557177;0,000964785335435789;174,2409013412499;32,04043836103821;14,67679888425358;1,58269541137609;24,6838696896215;proyeccion
Cantabria;2026-10-01;18,2410822620531;23,3298492125257;72,0109150110599;0,31853814180147938;0,9859294927557177;0,000964785335435789;174,2409013412499;32,04043836103821;14,59063598394357;1,58269541137609;24,4013938721220;proyeccion
Cantabria;2026-11-01;18,2410822620531;23,3298492125257;72,0097589289366;0,31853814180147938;0,9859294927557177;0,000964785335435789;174,2409013412499;32,04043836103821;14,50447308363356;1,58269541137609;24,1189180546226;proyeccion
Castilla y León;2023-01-01;27,2893203036903;35,1141613141681;75,8817393571941;1,88944357135354601;0,0492277934890099;1,376475694272413675;124,5100000000000;20,15499355273474;5,50058640955362;1,34491503267974;29,0708699774698;real
Castilla y León;2023-02-01;27,4786213839669;35,2613690637801;75,8691999483004;1,85472251894100792;0,0411420689545832;1,580045700197981295;123,3000000000000;19,67923903631641;5,40034635562573;1,35932009762346;28,8768482271710;real
Castilla y León;2023-03-01;27,6405736900829;35,4164247224991;75,8301508188232;1,87493683027707481;0,0378126529698192;1,664232361527012705;123,7000000000000;19,45637164961129;5,31333345943594;1,36457965877120;28,5919268640558;real
Castilla y León;2023-04-01;27,7697074672062;35,6297451609515;75,8876455222677;1,91274948324689387;0,0401908072446506;1,789561091810627502;123,3900000000000;19,27721342495767;5,25968529030973;1,37583283377580;28,5858439015213;real
Castilla y León;2023-05-01;27,9269034647726;35,8494866159459;75,9509397897420;1,96031256874352189;0,0344832369850553;1,837361992734738658;123,2200000000000;19,37743431221020;5,21978361669243;1,37740460355443;28,6325440566102;real
Castilla y León;2023-06-01;28,0795809692168;36,0925339828337;75,8969176351693;2,04188326037023860;0,0375748375423361;1,957934414468690765;125,1400000000000;19,49983664864665;5,22970898802296;1,37395509557647;28,6143228087388;real
Castilla y León;2023-07-01;28,2386794902030;36,3329653800191;75,8500736469335;2,11917327430225910;0,0387639146797518;2,093964838989046395;125,4400000000000;19,49036486354299;5,19661547490952;1,37750753734988;28,6800386863462;real
Castilla y León;2023-08-01;28,4039612123038;36,5909951188384;75,8290895540927;2,21287255273061678;0,0344832369850553;2,049493354049699345;125,4400000000000;19,54092107341133;4,98681924754303;1,37841707343620;28,7325851716814;real
Castilla y León;2023-09-01;28,5887437994582;36,7767289677027;75,7979135064855;2,21429944529551515;0,0399529918171675;2,256392775960031294;125,9600000000000;19,48657264296754;5,05518257341576;1,37780957292828;28,6537854496519;real
Castilla y León;2023-10-01;28,7766179871699;36,9665056788342;75,7496700530984;2,21477507615048141;0,0361479449774373;2,226428032097155452;126,5100000000000;19,53878104704626;5,06416489597964;1,37683051799940;28,4798111525636;real
Castilla y León;2023-11-01;28,9537904806448;37,1612765139429;75,6975148650709;2,23118434064681814;0,0416176998095495;2,130350599393966871;127,2400000000000;19,64339226850464;5,06323044650884;1,37044246769994;28,4669138151635;real
Castilla y León;2023-12-01;29,1535554397306;37,2300051724855;75,6524119471987;1,52439689016692648;0,0373370221148530;2,229757448081919335;127,3900000000000;19,49036425431963;5,04534643011786;1,37525389716859;28,4954295863002;real
Castilla y León;2024-01-01;29,9990479979886;38,4052257587334;75,5965129257036;1,80245714160175563;0,0461354820913775;2,300183321412966109;127,6700000000000;19,52352050346782;4,98164440227928;1,38087798527198;28,2449384160411;real
Castilla y León;2024-02-01;30,1035241161638;38,5616958329163;75,5848346329659;1,83321412966267405;0,0412534204944064;2,463244178751803126;128,0600000000000;19,63826564756437;4,92350862362486;1,38129951428363;28,0690247141515;real
Castilla y León;2024-03-01;30,2365602946812;38,7618603583921;75,5600935215603;1,90253940433966440;0,0405211112548607;2,548192050539101583;127,5400000000000;19,75247988021711;4,88782051282051;1,38030806988084;27,8802586387603;real
Castilla y León;2024-04-01;30,3222404757081;38,9073457939819;75,5348262366477;1,88471987951071984;0,0393005958556179;2,577972626280625956;126,8000000000000;19,88804702961601;4,92956097103978;1,37487823923876;27,9393793214343;real
Castilla y León;2024-05-01;30,4162201614498;39,0389173540203;75,5530329491210;1,82100897567024589;0,0344185342586467;2,546727432060010177;127,8400000000000;20,09221119640517;4,91715034637708;1,37164135982793;27,9153473085094;real
Castilla y León;2024-06-01;30,4438038094727;39,0469727556553;75,5245361539795;1,69871333266611813;0,0385682866160722;2,384887090120415998;126,7500000000000;20,22349047446408;4,95631936566597;1,37121643400659;27,9727727727728;real
Castilla y León;2024-07-01;30,5094675379519;39,0560045696097;75,4821566330467;1,56323612335016837;0,0361272558175867;2,332160824873127591;127,0400000000000;20,43639550167957;4,95224185774792;1,36955338997968;27,8821103776751;real
Castilla y León;2024-08-01;30,5529178861650;39,1036046701801;75,5092853123241;1,50758062114469693;0,0317334003803126;2,306530001489028869;126,8600000000000;20,70227583996270;4,98703266602559;1,37088140359848;27,8473031430076;real
Castilla y León;2024-09-01;30,5524296800053;39,1336293490015;75,3658265175541;1,46193334521301654;0,0336862250191011;2,305309486089786031;126,3700000000000;20,86183469404346;5,24057277573252;1,37592879628002;27,8802873104549;real
Castilla y León;2024-10-01;30,6229754700815;39,1551104200282;75,3530450132392;1,30082531251296807;0,0400329050951636;2,172761513732019090;126,2000000000000;21,01167766400334;5,20044530516160;1,37476783764179;27,9719778688851;real
Castilla y León;2024-11-01;30,6949858786368;39,1953874282032;75,2477144577654;1,17071837095368636;0,0419857297339521;1,863238808484046771;126,5300000000000;21,09139005527415;5,25710853254937;1,37687878739682;27,8848139265236;real
Castilla y León;2024-12-01;30,8043440584090;39,2334675086596;75,1356189649561;1,02987089388106812;0,0368595650571323;1,801480729282361359;118,6100000000000;20,72840790842872;5,11404224203392;1,40882292343535;27,8309390953342;real
Castilla y León;2025-01-01;30,2289360693744;38,4436127617887;74,9898563661446;0,86723929822430135;0,0431581624772945;1,742390926236106807;118,8900000000000;20,82352081565207;5,10962853882947;1,41120435292998;27,6287859586871;real
Castilla y León;2025-02-01;30,2344507234687;38,4591976537944;74,9148694665153;0,76102226501629322;0,0364446705363820;1,787227461698629671;116,3900000000000;20,81567647571936;5,09868143370870;1,40915471177408;27,5189899485945;real
Castilla y León;2025-03-01;30,3186091402994;38,4920458107910;74,9008786969567;0,71450735656854247;0,0378832759522919;1,757016747964523340;115,3900000000000;20,93974646037812;5,10221833139727;1,40922894424674;27,5969922911664;real
Castilla y León;2025-04-01;30,3816680110301;38,6208009955149;74,8251190254542;0,69436688074580499;0,0383628110909285;1,617951557759907510;114,8600000000000;21,04629479260582;5,09427517037850;1,40927134548152;27,5109755424716;real
Castilla y León;2025-05-01;30,4420894384983;38,6802633527059;74,6842408678790;0,69077036720603058;0,0383628110909285;1,544342913979188658;113,2200000000000;21,29417215068348;5,08827453016070;1,41107391800890;27,6350049164208;real
Castilla y León;2025-06-01;30,4591129359199;38,6814621905525;74,6294795723658;0,72361852420263795;0,0378832759522919;1,474570551307562427;113,1900000000000;21,35002065446751;5,09272181223414;1,41013570956264;27,5838482947309;real
Castilla y León;2025-07-01;30,4629492170290;38,6330291415502;74,6180537573152;0,70923247004353984;0,0366844381057003;1,414149123839350208;112,6900000000000;21,54156041981688;5,06190680779596;1,41061140320499;27,3880743681459;real
Castilla y León;2025-08-01;30,5545404285086;38,6917721960332;74,5988409529942;0,66511523728897215;0,0400411840761566;1,369072820807509361;113,2800000000000;21,60606532920665;5,03050477611276;1,40970227725725;27,2294104278180;real
Castilla y León;2025-09-01;30,5610141528802;38,7519538559321;74,6074036121429;0,66871175082874657;0,0484330490022972;1,336943966518856497;113,1000000000000;21,69407474120773;5,06020881283565;1,41120813425283;27,1464715696795;real
Castilla y León;2025-10-01;30,6799388672621;38,8891009055821;74,5612035559608;0,77372994619016333;0,0501114219875253;1,302896971675657767;113,2000000000000;21,85269871500307;5,04586902000299;1,41159139398392;27,1577485448559;real
Castilla y León;2025-11-01;30,7159040026598;38,9739786251208;74,4996609999247;0,84158416830724303;0,0417195570613847;1,253504852396087221;113,5300000000000;22,02368768981407;5,04455963135272;1,41107823928435;27,1310638364216;real
Castilla y León;2025-12-01;30,9722155342611;39,0058677118401;74,5187924222470;0,63610336140145751;0,0362049029670637;1,215861344013113632;112,7400000000000;21,45901514574930;4,93840583649549;1,42399516938131;26,7971885221184;real
Castilla y León;2026-01-01;30,2805501832846;38,0768524923416;74,4685174366920;0,55832403969676869;0,0367039823820885;0,829368832672191081;112,4000000000000;21,63818885516999;4,99296301183094;1,41334431502964;26,7517752512514;real
Castilla y León;2026-02-01;29,9466851127706;37,7862792984834;74,4242147228359;0,61549755071502177;0,0383509559505155;0,808664022097679625;113,6200000000000;21,86286977237515;4,98842161964049;1,41480986800754;26,6064044317852;real
Castilla y León;2026-03-01;29,9245686105660;37,8055724174278;74,3900587163393;0,70749278860858966;0,0470563876693442;0,776665678482525657;115,9000000000000;21,91827947443182;4,98268821022727;1,41701130627585;26,6504953448574;real
Castilla y León;2026-04-01;29,8448502167934;37,6925523165904;74,3521914167326;0,70748358834397462;0,0394032659618573;0,691973454496634721;115,8997648316260;21,95582733995933;4,98284001346702;1,41701108589823;26,5868091539581;proyeccion
Castilla y León;2026-05-01;29,7651387685988;37,5795478922830;74,3143245755621;0,70748358834397462;0,0394032659618573;0,607287911783684242;115,8997648316260;21,98657360253073;4,98284001346702;1,41701108589823;26,5245952688621;proyeccion
Castilla y León;2026-06-01;29,6854273204042;37,4665434679756;74,2764577343917;0,70748358834397462;0,0394032659618573;0,522602369070733763;115,8997648316260;22,01117061281253;4,98284001346702;1,41701108589823;26,4623813837660;proyeccion
Castilla y León;2026-07-01;29,6057158722097;37,3535390436682;74,2385908932212;0,70748358834397462;0,0394032659618573;0,437916826357783284;115,8997648316260;22,03084822121773;4,98284001346702;1,41701108589823;26,4001674986700;proyeccion
Castilla y León;2026-08-01;29,5260044240151;37,2405346193607;74,2007240520507;0,70748358834397462;0,0394032659618573;0,353231283644832805;115,8997648316260;22,04659030808569;4,98284001346702;1,41701108589823;26,3379536135739;proyeccion
Castilla y León;2026-09-01;29,4462929758205;37,1275301950533;74,1628572108803;0,70748358834397462;0,0394032659618573;0,268545740931882326;115,8997648316260;22,05918397769510;4,98284001346702;1,41701108589823;26,2757397284779;proyeccion
Castilla y León;2026-10-01;29,3665815276259;37,0145257707459;74,1249903697098;0,70748358834397462;0,0394032659618573;0,183860198218931847;115,8997648316260;22,06925891347465;4,98284001346702;1,41701108589823;26,2135258433819;proyeccion
Castilla y León;2026-11-01;29,2868700794314;36,9015213464385;74,0871235285394;0,70748358834397462;0,0394032659618573;0,099174655505981368;115,8997648316260;22,07731886217192;4,98284001346702;1,41701108589823;26,1513119582858;proyeccion
Castilla-La Mancha;2023-01-01;23,1965693819585;31,3771322260070;78,1625227410552;1,30021275842405060;1,0929524887496536;0,850457973230609121;189,8400000000000;17,06192211948791;13,44683499288762;1,34000476530855;30,4710165538427;real
Castilla-La Mancha;2023-02-01;23,2901819370948;31,7674724005604;77,9299306420061;1,48778330247937984;1,2528883301817300;0,844931032705958374;188,5700000000000;17,21492077903385;13,45483131636347;1,33955771769278;30,6516537649543;real
Castilla-La Mancha;2023-03-01;23,3426878720790;31,9982221674646;77,9376216024998;1,51438170375426084;1,3927890122119480;0,833186284091075979;187,0700000000000;17,24972643167424;13,44961368836423;1,33882352941176;30,6855475023392;real
Castilla-La Mancha;2023-04-01;23,5043508824250;32,1730116615567;77,9679702912847;1,53476229693890986;1,3965887838226452;0,753736514049223705;186,8300000000000;17,39154286717430;13,36376204164929;1,33947650750261;30,6411785922371;real
Castilla-La Mancha;2023-05-01;23,6573780482013;32,4807931620231;77,8622029250457;1,58554106300913711;1,5067821605328662;0,717465966856204340;184,9300000000000;17,53178774726833;13,29741990360079;1,33898899045060;30,5677575225126;real
Castilla-La Mancha;2023-06-01;23,8321675422933;32,6334748940166;77,6864621446665;1,55479745634076827;1,5057458591844941;0,735083089778527987;183,9800000000000;17,65431697892652;13,20691409336407;1,33915526437848;30,5244645608104;real
Castilla-La Mancha;2023-07-01;24,0017755296435;32,8676789987487;77,6636929809796;1,47534768629891611;1,6117940305012273;0,727828980339924159;185,1100000000000;17,59197540155245;13,14425785365644;1,33865837686916;30,4683812323834;real
Castilla-La Mancha;2023-08-01;24,1468577184156;33,0072342469961;77,6092774308653;1,65324608443610699;1,4214600161835729;0,740264596520388007;184,7200000000000;17,60804450149765;13,06054771074026;1,33728166173126;30,2777702720960;real
Castilla-La Mancha;2023-09-01;24,1748378548217;33,1585342438584;77,6720106880427;1,56585133739006932;1,5910680035337879;0,708484688503647098;184,1000000000000;17,64385259917921;12,95742134062927;1,33699131229995;30,0871430486660;real
Castilla-La Mancha;2023-10-01;24,4643113648002;33,0669942914189;77,6770008795075;1,29986732464125998;1,4508218877207790;0,730247016819458805;185,5800000000000;17,64886271109372;12,80256326202587;1,33527717375957;30,1111673908987;real
Castilla-La Mancha;2023-11-01;24,8111268827221;32,8839143865398;77,6218851570964;0,98172281069106049;1,2135088789435944;0,730247016819458805;189,5800000000000;17,51987248488863;12,61178272749855;1,34513964302620;30,1331315785981;real
Castilla-La Mancha;2023-12-01;24,9945522213839;32,7042888194887;77,6178844519966;0,94510682971525040;0,8559849137552595;0,698467108802717895;190,8400000000000;17,74569980362522;12,52686016265178;1,34420995895352;30,1449856350638;real
Castilla-La Mancha;2024-01-01;25,5441950168045;33,9379156799070;77,5916174671560;1,16780350837386737;1,2149552590155566;0,692031708665995393;190,0700000000000;17,77830549073864;12,61279864538377;1,34422361627713;29,8679102796804;real
Castilla-La Mancha;2024-02-01;25,5505764567409;34,0864614206503;77,5551208163697;1,39079938170937512;1,1472410908007997;0,703021966334359094;191,2800000000000;17,84544049459042;12,58938691396187;1,34660746496462;29,9431652192388;real
Castilla-La Mancha;2024-03-01;25,5363954791043;34,2732958010125;77,4592526597139;1,36456457308166823;1,3635009997589234;0,690613610902335529;192,3800000000000;17,95233292856114;12,63403791137547;1,34907677356657;29,9936738889768;real
Castilla-La Mancha;2024-04-01;25,6796233532340;34,5753506246721;77,3944973107158;1,50885602053405554;1,4000170171731638;0,622544918246663914;192,4700000000000;18,07464412538248;12,55871547427776;1,34904878924262;29,9071782988361;real
Castilla-La Mancha;2024-05-01;25,7990980898223;34,7033339478424;77,2885165508786;1,45213210998766273;1,4429144745238736;0,627508260419473274;192,0700000000000;18,16804295651466;12,55440751739007;1,35125255939866;29,8512512851212;real
Castilla-La Mancha;2024-06-01;26,0571918828084;34,8284810754853;77,3030303030303;1,24544436093424271;1,4737581008834748;0,628571833742218256;194,9000000000000;18,09207889040327;12,47895454181031;1,35762391325052;29,8534562686721;real
Castilla-La Mancha;2024-07-01;26,2255909922430;34,8947771459364;77,1615742361354;0,96572457705234194;1,6134407306039680;0,653743069047180048;195,1100000000000;18,13446733923574;12,38210952983239;1,35738232351907;29,7548551416746;real
Castilla-La Mancha;2024-08-01;26,4262518258009;34,8582611285222;77,1056166359883;0,95048002609299886;1,3883177106229705;0,661897131188224130;194,6300000000000;18,12402839800778;12,29491152852178;1,35488328414274;29,5758131946569;real
Castilla-La Mancha;2024-09-01;26,5538806245303;34,9330657855553;77,0393794159790;0,92566331522895184;1,3588921820270290;0,686713842052271040;195,1000000000000;18,14077732107125;12,23053493804891;1,35448598130841;29,4781095601590;real
Castilla-La Mancha;2024-10-01;26,8474268616078;35,2372477558603;76,9384181340597;0,99231391012096370;1,2929506360168470;0,682814073202206551;192,7800000000000;18,20175011206174;12,16405838903939;1,35513944643989;29,6163779527559;real
Castilla-La Mancha;2024-11-01;27,2182594268049;35,1298268502631;76,7118043925547;0,79236212544492812;1,0281208786533744;0,688840988697760892;188,7300000000000;18,15012226807275;11,97558459422283;1,36358663089067;29,7788488088963;real
Castilla-La Mancha;2024-12-01;27,6653147467986;35,0553767176709;76,7640802737446;0,58780152303699817;0,7125941262390629;0,640980189174241710;186,6600000000000;18,44696649675669;11,72003341875769;1,36511821618505;29,8444624898495;real
Castilla-La Mancha;2025-01-01;27,1013863682047;34,9994028041984;76,7250922509225;1,10256910720684220;0,8264024633598526;0,637630327059378721;186,3600000000000;18,59444182760245;11,69759773904852;1,36921806877693;29,8735761672299;real
Castilla-La Mancha;2025-02-01;27,0227313114128;35,1787363336839;76,6531097198739;1,12354378901800600;1,0452383102563281;0,622598471761377947;183,6500000000000;18,68693992308199;11,70413833958645;1,37575193076416;29,6496494003064;real
Castilla-La Mancha;2025-03-01;27,0943948076010;35,5195749131153;76,4170178061710;1,23925411700959276;1,1745821814251713;0,620151425550075630;181,4300000000000;18,62449799196787;11,66331994645248;1,38786674580033;29,5711423836965;real
Castilla-La Mancha;2025-04-01;27,1639608356080;35,7464510547060;76,3455328310011;1,19835348747782344;1,3448266821257839;0,618753113429331258;179,5400000000000;18,65789400832357;11,62069633744590;1,39459494241040;29,5283990582696;real
Castilla-La Mancha;2025-05-01;27,3006458454108;35,8286018917998;76,1264260664980;1,13892522234619276;1,3734920806010411;0,609314506614307527;178,7300000000000;18,67936949127748;11,57151739019127;1,40048145871748;29,5909783602560;real
Castilla-La Mancha;2025-06-01;27,5135388657941;36,0400966000623;75,9876031254092;1,26022879882075656;1,2721144518470828;0,596030541467237218;176,2300000000000;18,74960450547364;11,45894540819555;1,40551426211804;29,5832118915768;real
Castilla-La Mancha;2025-07-01;27,6393869566611;36,3907233643390;75,8783520339644;1,30462520865438680;1,4098481957403917;0,549886241482676952;174,2400000000000;18,72344621121130;11,33589086280767;1,41106684373617;29,4772437363113;real
Castilla-La Mancha;2025-08-01;27,7991441164561;36,4480541612895;75,7613397866964;1,42942456543081109;1,2070929382324751;0,547089617241188431;172,3900000000000;18,76394605598869;11,36842479575418;1,41453937275219;29,3449834287436;real
Castilla-La Mancha;2025-09-01;27,8382968558369;36,3312950992073;75,5412447570224;1,20884082838340534;1,2619766889716870;0,554081177844909623;169,0300000000000;18,87903775807552;11,38765134673126;1,41777381520456;29,4207390322426;real
Castilla-La Mancha;2025-10-01;28,0997812224161;36,2907440477058;75,2938234558640;0,94735646180423039;1,2567330185188961;0,543943414969513817;166,7900000000000;18,91443345795046;11,27231752908703;1,42424921002214;29,6426402467342;real
Castilla-La Mancha;2025-11-01;28,4437660041192;36,0764527152017;75,0803923963040;0,63902863918012298;0,9997931663321398;0,558975270267514590;165,8800000000000;19,05805132434685;11,09822418103559;1,43053609615810;29,6060598864959;real
Castilla-La Mancha;2025-12-01;28,8139691380862;36,3777889772221;74,8849285967190;0,90610625424227509;0,6725881300779850;0,533106496033745936;164,5300000000000;19,37820859227236;10,91512429073224;1,43684561722778;30,0667464937344;real
Castilla-La Mancha;2026-01-01;27,6276414892539;35,1503552007926;74,7899159663866;0,96866802517366002;0,8389718879119147;0,513718293685194172;164,5200000000000;19,46275180861698;10,86695017196686;1,44312277656206;29,9241839991457;real
Castilla-La Mancha;2026-02-01;27,4567398083830;35,0507188453441;74,5271614085715;1,06864213097958860;0,9298267340666269;0,504599034033977656;165,7100000000000;19,58706919220623;10,77539040962261;1,45017406172733;29,8193846227066;real
Castilla-La Mancha;2026-03-01;27,5327336388098;35,3783366920730;74,4175334894254;1,19631176609661893;1,0510791123920604;0,505950035463787473;166,4200000000000;19,70012950100069;10,81081081081081;1,45879437670208;29,8404820985466;real
Castilla-La Mancha;2026-04-01;27,6602719493061;35,3783039028755;74,2289573193208;1,19629899799310380;1,1923643993425013;0,505949900314774048;166,8379157531319;19,76951508719067;10,73728827651455;1,46551883366028;29,8404799881366;proyeccion
Castilla-La Mancha;2026-05-01;27,7878051013365;35,3783039028755;74,0546883090031;1,19629899799310380;1,2520778085834647;0,505949900314774048;167,1901209835195;19,83893898831134;10,66377663669875;1,47224354326120;29,8404799881366;proyeccion
Castilla-La Mancha;2026-06-01;27,9153382533670;35,3783039028755;73,8804192986853;1,19629899799310380;1,2417419732099511;0,505949900314774048;167,4869071275131;19,90836288943200;10,59026499688295;1,47896825286212;29,8404799881366;proyeccion
Castilla-La Mancha;2026-07-01;28,0428714053975;35,3783039028755;73,7061502883675;1,19629899799310380;1,3798637894194101;0,505949900314774048;167,7369943143777;19,97778679055267;10,51675335706715;1,48569296246304;29,8404799881366;proyeccion
Castilla-La Mancha;2026-08-01;28,1704045574280;35,3783039028755;73,5318812780497;1,19629899799310380;1,1684729657671447;0,505949900314774048;167,9477305711052;20,04721069167334;10,44324171725135;1,49241767206395;29,8404799881366;proyeccion
Castilla-La Mancha;2026-09-01;28,2979377094584;35,3783039028755;73,3576122677319;1,19629899799310380;1,2460794119664971;0,505949900314774048;168,1253077211235;20,11663459279400;10,36973007743555;1,49914238166487;29,8404799881366;proyeccion
Castilla-La Mancha;2026-10-01;28,4254708614889;35,3783039028755;73,1833432574141;1,19629899799310380;1,1915052971249480;0,505949900314774048;168,2749433115925;20,18605849391466;10,29621843761976;1,50586709126579;29,8404799881366;proyeccion
Castilla-La Mancha;2026-11-01;28,5530040135194;35,3783039028755;73,0090742470963;1,19629899799310380;0,9312522841224912;0,505949900314774048;168,4010339146498;20,25548239503533;10,22270679780396;1,51259180086670;29,8404799881366;proyeccion
Cataluña;2023-01-01;17,6669079330348;33,2798116218826;65,3089594141537;2,30629636569844410;6,4724396991404740;0,000000000000000000;294,3100000000000;42,83991809783538;16,90394033593918;1,20855345778644;19,5320680374470;real
Cataluña;2023-02-01;17,5666463886419;33,6327397473365;65,2292194149653;2,69517260790949020;6,5410594115961063;0,000000000000000000;288,7400000000000;42,91237056596122;16,85937589540363;1,20892841916780;19,4233457595527;real
Cataluña;2023-03-01;17,9168596823616;33,8768873736453;65,1294548205755;2,53546561002503079;6,5511698194340440;0,000000000000000000;283,2500000000000;43,04610569815595;16,81911315910054;1,20873195429204;19,4464530988755;real
Cataluña;2023-04-01;18,0022364596597;34,0291051805387;65,0613984523747;2,64265465608464734;6,5008986249065215;0,000000000000000000;284,2100000000000;43,18418359008765;16,65075392012661;1,20913567792159;19,3322483036860;real
Cataluña;2023-05-01;18,2197038430628;34,1788890003599;65,0311990264868;2,58199220905702154;6,4572740873835670;0,000000000000000000;282,4500000000000;43,24963687174565;16,51320427769331;1,20978913186452;19,3087279638545;real
Cataluña;2023-06-01;18,4702172817139;34,4773332613539;65,0344176231845;2,54894615380894773;6,4779629774963849;0,000000000000000000;280,4500000000000;43,27841686578594;16,31257610819813;1,21119614799797;19,2699382359342;real
Cataluña;2023-07-01;18,5546579101381;34,7202638941266;65,0129177078480;2,53733790777279733;6,5922667549975138;0,000000000000000000;279,9500000000000;43,34556419536615;16,21554083039362;1,21140553576654;19,1723655261502;real
Cataluña;2023-08-01;18,6638128688329;35,0214229868548;64,9698153558589;2,95383054176339543;6,3727398440719227;0,000000000000000000;280,5700000000000;43,32185053616254;16,05179251564238;1,21288772521167;18,9839292257761;real
Cataluña;2023-09-01;18,7112756167388;35,1754194766085;64,9354037789841;2,77717924926165116;6,5932965187587840;0,000000000000000000;282,3300000000000;43,35862517815509;15,96063699200053;1,21458911819887;18,7721277815801;real
Cataluña;2023-10-01;18,8483278118753;35,3639598598086;64,8932461150219;2,62711458477818782;6,7412080408323165;0,000000000000000000;280,4200000000000;43,50253641242638;15,86911948503884;1,21602868793428;18,5996656289213;real
Cataluña;2023-11-01;18,9349215827095;32,9498191438388;64,8988219046576;2,54510794342602686;4,2865320786233996;0,000000000000000000;280,4400000000000;43,68428750182817;15,77506215772625;1,21696396788356;19,3974674767086;real
Cataluña;2023-12-01;18,8839950839702;33,0403447399433;64,8863262777230;2,37482246326668811;4,5375135917114626;0,000000000000000000;281,1100000000000;43,84484704291110;15,65829194861913;1,21684017449931;19,7773691994084;real
Cataluña;2024-01-01;19,4671443824981;34,0850181690272;64,8659731695274;2,64669050760831004;4,5275043800762509;0,000000000000000000;279,9200000000000;44,09947457187337;15,39958484691230;1,21771155773437;19,6526559483470;real
Cataluña;2024-02-01;19,5236552949668;34,3618063117307;64,9027495541824;2,77547387956063751;4,5768072679953136;0,000000000000000000;277,5300000000000;44,43489211246458;15,18134631374163;1,21961160747249;19,4359704426819;real
Cataluña;2024-03-01;19,7673826317363;34,6896272682452;64,9462383029792;2,75577194579181128;4,6160189215449776;0,000000000000000000;275,8900000000000;45,03283008487583;15,06197251601638;1,21954385674904;19,1666896587062;real
Cataluña;2024-04-01;20,0237960917130;34,9374872057564;64,9627127286634;2,85505047058789607;4,4697440766856920;0,000000000000000000;277,5000000000000;45,46441040480609;14,91444657629038;1,22075939889320;19,2841475808002;real
Cataluña;2024-05-01;20,2970282756387;35,1472887736459;64,9896140470985;2,91473291385833999;4,3122247135290772;0,000000000000000000;276,1500000000000;45,95825250612738;14,70803470826703;1,22290143566044;19,1442664052706;real
Cataluña;2024-06-01;20,6269635860210;35,4421450312204;65,0259676257629;2,88320981982821811;4,2536955541865655;0,000000000000000000;273,0700000000000;46,42382770130122;14,51705594227278;1,22424228305183;19,1165961720455;real
Cataluña;2024-07-01;20,9251835883853;35,6995195611370;65,0010411708710;2,92472804123374441;4,1124182730149821;0,000000000000000000;268,4200000000000;46,68786711062891;14,29234165138988;1,22763264256320;19,0213344183511;real
Cataluña;2024-08-01;21,1191275022657;35,9780376297324;64,9787268320189;3,09320360170570696;3,9869986458524549;0,000000000000000000;258,1300000000000;46,94980637804779;14,08553425590677;1,22921008801070;18,8855840233357;real
Cataluña;2024-09-01;21,3029801817768;36,1236397256338;65,0097740076317;3,17566340255279389;3,8361106652814447;0,000000000000000000;262,4200000000000;47,23567430044102;13,90576254037151;1,23062451784047;18,7369539786064;real
Cataluña;2024-10-01;21,6352220600150;36,3606395728236;65,0707667099836;3,08032526451047417;3,7757554730530405;0,000000000000000000;265,0400000000000;47,47898098820916;13,84351251041483;1,23158282840846;18,6654463073414;real
Cataluña;2024-11-01;21,8258022291056;36,5909119304339;65,0707464975256;3,00891776797272881;3,8167931594885953;0,000000000000000000;267,8100000000000;47,68508091760240;13,79978479170912;1,23174914904953;18,5868004932293;real
Cataluña;2024-12-01;22,0405052536888;36,7361295983593;65,0747107143591;2,88493974572011558;3,8207335462423608;0,000000000000000000;270,9900000000000;47,96154335742472;13,66632250399559;1,23319365289775;18,5091865858009;real
Cataluña;2025-01-01;21,3402636557774;35,5640308700106;65,0959599731163;3,01660920228178453;3,5123966465616281;0,000000000000000000;269,8400000000000;48,27796211516653;13,57294860486931;1,23515221733228;18,3699227131328;real
Cataluña;2025-02-01;21,3615749508330;35,6664357943036;65,1672688344708;2,91660295189113494;3,6286400741374751;0,000000000000000000;266,6700000000000;48,66606719872362;13,55380691300834;1,23435617266622;18,2510881322519;real
Cataluña;2025-03-01;21,4516174788600;36,2089051229909;65,2171036964517;3,18248672829874746;3,7504189030264574;0,000000000000000000;264,4000000000000;49,05219387292351;13,55463926156937;1,23284348510457;18,1493046530953;real
Cataluña;2025-04-01;21,6329018718651;36,4663935407402;65,1991218183832;3,32954388985104899;3,6525345564725100;0,000000000000000000;263,6000000000000;49,30468941642280;13,42113536876509;1,23435514273773;18,0817799377547;real
Cataluña;2025-05-01;21,7977645743080;36,7744386238162;65,1924314583601;3,37530320737296963;3,6999544943883715;0,000000000000000000;267,1300000000000;49,45641559794284;13,38557317060635;1,23526175229501;18,0162675755668;real
Cataluña;2025-06-01;21,9801560475759;37,1087768631296;65,2124534455082;3,44956984165753910;3,7229264098378847;0,000000000000000000;269,4500000000000;49,72997009473959;13,24691018577922;1,23650367261280;17,9480553043029;real
Cataluña;2025-07-01;22,2237137053538;37,5821459320912;65,1986802467365;3,78593772811907803;3,5786369489421501;0,000000000000000000;269,6200000000000;49,90098877202623;13,12979350044061;1,23895138860061;17,8203661327231;real
Cataluña;2025-08-01;22,2877398472091;37,7660135123759;65,1836853478969;3,92386147750470604;3,5373059524707382;0,000000000000000000;274,0800000000000;50,22207083558744;12,96159009397103;1,23954400953706;17,6503790287433;real
Cataluña;2025-09-01;22,3657890057243;37,9628892857464;65,1509192803068;4,04933057393577922;3,5059386783629694;0,000000000000000000;275,3900000000000;50,52274428274428;12,84623700623701;1,24004867384400;17,5532749472243;real
Cataluña;2025-10-01;22,4641346357210;38,3090363811945;65,1713463975821;4,13891181852002266;3,6061294421307233;0,000000000000000000;277,0500000000000;50,77372804677168;12,82940199720934;1,23912097118639;17,4376468589871;real
Cataluña;2025-11-01;22,6744798856202;38,6377469625062;65,1939312002404;4,15930054669007188;3,6330683951879834;0,000000000000000000;277,5600000000000;51,01790274613814;12,72821569953323;1,23952704902025;17,3855714065284;real
Cataluña;2025-12-01;22,9140705057904;38,7176412547924;65,2391664693346;4,02848056232296869;3,5366601556508717;0,000000000000000000;275,7300000000000;51,05918861542656;12,68461952958132;1,24033610738687;17,3211071891960;real
Cataluña;2026-01-01;22,2894989475693;37,6346544866941;65,2427458142717;3,75342114521158932;3,5317846005235318;0,000000000000000000;272,2400000000000;51,28000336289882;12,58273862838998;1,24096433888294;17,1558813137786;real
Cataluña;2026-02-01;22,2899461560937;37,6411837311502;65,2259045798635;3,70700090037982877;3,5434120221576917;0,000000000000000000;265,9000000000000;51,64998206014216;12,39078505464384;1,24138083238367;17,0574976889440;real
Cataluña;2026-03-01;22,4448591889426;37,8705122624577;65,2388000391617;3,70995247664080763;3,5680084909991825;0,000000000000000000;266,2700000000000;51,98049049891150;12,33214957712289;1,24106573578169;16,9641997551885;real
Cataluña;2026-04-01;22,5754220799188;37,8704893234300;65,2418571717688;3,70995218120866888;3,5653468801673038;0,000000000000000000;266,2699630602455;52,31272620627278;12,23296391319710;1,24192512884756;16,9642090972276;proyeccion
Cataluña;2026-05-01;22,7065696627511;37,8704893234300;65,2443037931560;3,70995218120866888;3,5653468801673038;0,000000000000000000;266,2699630602455;52,64496090164390;12,13378382637381;1,24278263533745;16,9642090972276;proyeccion
Cataluña;2026-06-01;22,8377172455834;37,8704893234300;65,2462610902965;3,70995218120866888;3,5653468801673038;0,000000000000000000;266,2699630602455;52,97719559701501;12,03460373955053;1,24364014182735;16,9642090972276;proyeccion
Cataluña;2026-07-01;22,9688648284156;37,8704893234300;65,2478269280335;3,70995218120866888;3,5653468801673038;0,000000000000000000;266,2699630602455;53,30943029238613;11,93542365272725;1,24449764831724;16,9642090972276;proyeccion
Cataluña;2026-08-01;23,1000124112479;37,8704893234300;65,2490795982428;3,70995218120866888;3,5653468801673038;0,000000000000000000;266,2699630602455;53,64166498775725;11,83624356590397;1,24535515480714;16,9642090972276;proyeccion
Cataluña;2026-09-01;23,2311599940801;37,8704893234300;65,2500817344260;3,70995218120866888;3,5653468801673038;0,000000000000000000;266,2699630602455;53,97389968312837;11,73706347908069;1,24621266129703;16,9642090972276;proyeccion
Cataluña;2026-10-01;23,3623075769124;37,8704893234300;65,2508834433852;3,70995218120866888;3,5653468801673038;0,000000000000000000;266,2699630602455;54,30613437849948;11,63788339225741;1,24707016778692;16,9642090972276;proyeccion
Cataluña;2026-11-01;23,4934551597446;37,8704893234300;65,2515248105626;3,70995218120866888;3,5653468801673038;0,000000000000000000;266,2699630602455;54,63836907387059;11,53870330543413;1,24792767427682;16,9642090972276;proyeccion
Ceuta y Melilla;2023-01-01;14,4127471337005;22,4744967048840;NA;1,16908910354789208;1,1916583912611718;0,654509343685113265;NA;37,86542923433875;4,17633410672854;1,34982774819919;33,7865201041365;real
Ceuta y Melilla;2023-02-01;14,3676085582739;22,4970659925973;NA;0,94791008395775034;1,4760314164484969;0,586801480545273924;NA;38,09967396367024;4,12203074056823;1,34904178448005;33,5327635327635;real
Ceuta y Melilla;2023-03-01;14,5120519996389;22,6008847160784;NA;0,94791008395775034;1,4444344136499052;0,505552044777466847;NA;37,99167052290606;4,16473854696900;1,34432348367030;33,8613861386139;real
Ceuta y Melilla;2023-04-01;14,5391351448948;22,8491468809244;NA;1,07881195269477281;1,5076284192470886;0,482982757064187085;NA;38,33680796849664;4,23905489923558;1,34026699782676;33,5021097046414;real
Ceuta y Melilla;2023-05-01;14,6700370136319;23,0116457524601;NA;0,75381420962354428;1,8281123047756616;0,473955041978875169;NA;37,74274617317798;4,13525245602011;1,34676923076923;33,4336525307798;real
Ceuta y Melilla;2023-06-01;14,8054527399115;23,1244921910265;NA;0,79895278505010370;1,7739460142637899;0,410761036381691758;NA;37,64705882352941;4,25339366515837;1,34756097560976;33,3787095017697;real
Ceuta y Melilla;2023-07-01;14,8912160332220;23,1786584815383;NA;0,76735578225151213;1,7197797237519181;0,388191748668412051;NA;38,22131704005431;4,36750396017198;1,33949681721734;33,3152173913043;real
Ceuta y Melilla;2023-08-01;14,8144804549968;23,3005326351900;NA;0,96596551412837417;1,7107520086666064;0,370136318497788219;NA;38,40018231540565;4,44393801276208;1,33698964046313;33,1057088227260;real
Ceuta y Melilla;2023-09-01;14,8821883181367;23,3366434955313;NA;0,92082693870181465;1,7152658662092626;0,361108603412476303;NA;38,32050701674966;4,41376188320507;1,34000606612072;33,0976339407125;real
Ceuta y Melilla;2023-10-01;15,1214227678974;23,3998375011285;NA;0,89374379344587895;1,5392254220456802;0,365622460955132289;NA;38,46671149966375;4,39363371441381;1,33164179104478;33,0262801408832;real
Ceuta y Melilla;2023-11-01;15,2523246366345;23,4585176491830;NA;0,87568836327525501;1,4399205561072492;0,365622460955132289;NA;38,37957824639290;4,32852386237514;1,33323468481799;32,9367225527312;real
Ceuta y Melilla;2023-12-01;15,3787126478288;23,6390719508892;NA;0,87117450573259914;1,4489482711925612;0,361108603412476303;NA;38,22562979189485;4,27163198247536;1,33988846492515;32,9667381974249;real
Ceuta y Melilla;2024-01-01;16,9201803497993;26,2844968537878;NA;1,26343952831590944;1,5904474062329685;0,396373185354010837;NA;38,56237710290583;4,34782608695652;1,34026354319180;32,7890792291221;real
Ceuta y Melilla;2024-02-01;17,1084576128425;26,5322300946341;NA;1,06525293563890400;1,7836793340930486;0,376554526086310293;NA;38,42321854017761;4,39679445527399;1,33709817549957;32,6514555468135;real
Ceuta y Melilla;2024-03-01;17,2868255462518;26,6214140613388;NA;1,03057028192042810;1,7341326859237973;0,391418520537085646;NA;38,46318952564928;4,46447735565572;1,33533963886500;32,9512893982808;real
Ceuta y Melilla;2024-04-01;17,3066442055195;26,7799633354804;NA;1,09002625972352973;1,7489966803745725;0,371599861269385101;NA;38,73118279569893;4,45161290322581;1,33123389636416;32,5013000520021;real
Ceuta y Melilla;2024-05-01;17,4701481444780;26,9434672744389;NA;1,03057028192042810;1,7737700044591984;0,381509190903235373;NA;38,55165069222577;4,40894568690096;1,33153715258083;32,4922760041195;real
Ceuta y Melilla;2024-06-01;17,7327453797751;27,1218352078482;NA;1,01075162265272755;1,6895407025714708;0,401327850170935918;NA;38,40351979886864;4,44165095327886;1,33361274098910;32,3979591836735;real
Ceuta y Melilla;2024-07-01;18,0349799336075;27,2407471634544;NA;1,03057028192042810;1,4368527969082892;0,574741118763315684;NA;37,85670293574215;4,59864504208581;1,33818681318681;32,0865139949109;real
Ceuta y Melilla;2024-08-01;18,0349799336075;27,3646137838775;NA;1,11479958380815547;1,4715354506267651;0,549967794678689947;NA;37,92607802874743;4,62012320328542;1,33791208791209;31,8262636525273;real
Ceuta y Melilla;2024-09-01;18,0399345984244;27,5330723876530;NA;1,21389288014665819;1,4764901154436902;0,465738492790962744;NA;37,86387863878639;4,59204592045920;1,33974182916781;31,6323940086316;real
Ceuta y Melilla;2024-10-01;18,1538918892137;27,6866669969777;NA;1,26343952831590944;1,4418074617252143;0,440965168706337007;NA;37,85772690106296;4,55846279640229;1,33515283842795;31,4791403286979;real
Ceuta y Melilla;2024-11-01;18,2827131744538;27,7857602933162;NA;1,14452757270970618;1,4566714561759897;0,411237179804786246;NA;37,70791075050710;4,54361054766734;1,33604336043360;31,3755020080321;real
Ceuta y Melilla;2024-12-01;18,2282118614676;27,7857602933162;NA;1,01075162265272755;1,6102660655006689;0,391418520537085646;NA;37,98370672097759;4,50101832993890;1,33460179396575;31,3686313686314;real
Ceuta y Melilla;2025-01-01;17,3220344283056;26,6326865648306;NA;1,22891227192420138;1,4775090292218451;0,365859378664456891;NA;38,20361715098557;4,49095712253607;1,33252098564852;30,8383233532934;real
Ceuta y Melilla;2025-02-01;17,3642489719977;26,6233055551212;NA;1,04129207773730026;1,5197235729138978;0,314263825263059127;NA;38,25081168831169;4,30194805194805;1,33117233927607;30,8494783904620;real
Ceuta y Melilla;2025-03-01;17,4721305836552;26,7921637298895;NA;0,94748198064385003;1,6088431651526760;0,300192310699041565;NA;38,13268804194394;4,33555152248437;1,33127516778523;30,5801376597837;real
Ceuta y Melilla;2025-04-01;17,4768210885098;26,9000453415469;NA;0,81145733985834667;1,8152253787582668;0,276739786425678924;NA;38,06555399155440;4,22280313693947;1,33467525496511;30,6102601507416;real
Ceuta y Melilla;2025-05-01;17,5096546224925;27,0829750308792;NA;0,92402945637048728;1,8386779030316296;0,253287262152316284;NA;38,31325301204819;4,15662650602410;1,33404768282882;30,3030303030303;real
Ceuta y Melilla;2025-06-01;17,7957754186276;27,2283806813740;NA;0,78800481558498403;1,7964633593395767;0,225144233024281160;NA;37,94186959937156;4,00628436763551;1,34211913547707;30,3806559731865;real
Ceuta y Melilla;2025-07-01;17,8942760205757;27,5004299629450;NA;0,97093450491721256;1,7448678059381790;0,215763223314936137;NA;37,82939683779036;3,94300214717939;1,34285714285714;30,1886792452830;real
Ceuta y Melilla;2025-08-01;18,1663253021467;27,4582154192530;NA;1,00376803889992039;1,4446754952391374;0,417454932065854600;NA;37,52864782276547;3,83880825057296;1,35192357345727;30,0884955752212;real
Ceuta y Melilla;2025-09-01;18,1616347972920;27,6083115746025;NA;1,08350662142935317;1,5291045826232430;0,412764427211182172;NA;37,50239051443870;3,90131956397017;1,35046487603306;29,9190090519295;real
Ceuta y Melilla;2025-10-01;18,2601353992401;27,6739786425679;NA;0,91933895151581480;1,6651292234087463;0,356478368955111868;NA;37,58350830311128;3,95113571292231;1,34574877986129;30,0612052730697;real
Ceuta y Melilla;2025-11-01;18,2788974186588;27,7537172250973;NA;0,78800481558498403;1,8011538641942493;0,318954330117731666;NA;37,58376412023741;3,96323951751867;1,34026173979985;30,2265825741649;real
Ceuta y Melilla;2025-12-01;18,3680170108976;27,7349552056786;NA;0,64728966994480830;1,8339873981769572;0,314263825263059127;NA;37,68834636658402;3,96719435437726;1,33886618998979;30,2298583700952;real
Ceuta y Melilla;2026-01-01;17,8879146016012;27,0697674418605;NA;0,55356462066336265;1,9260388867708731;0,274494853221502133;NA;37,92113323124043;3,94333843797856;1,33606138107417;30,3163241745555;real
Ceuta y Melilla;2026-02-01;17,9977125428898;26,9416698436904;NA;0,61761341974837969;1,6286694624475790;0,320243995425085803;NA;37,41291658821314;3,87874223310111;1,35002541942044;30,5361305361305;real
Ceuta y Melilla;2026-03-01;18,3591307662981;26,9782691574533;NA;0,50781547845977892;1,3724742661075107;0,434616850934045007;NA;37,06833210874358;3,71050698016165;1,35659107899327;30,6283329469047;real
Ceuta y Melilla;2026-04-01;18,3590945980975;26,9782654969197;NA;0,53862778747090589;1,3724998906573629;0,434605412394650781;NA;37,11632148483408;3,71052380435484;1,35659042126319;30,8188693667656;proyeccion
Ceuta y Melilla;2026-05-01;18,3590945980975;26,9782654969197;NA;0,53862778747090589;1,3724998906573629;0,434605412394650781;NA;37,11632148483408;3,71052380435484;1,35659042126319;30,9962136722883;proyeccion
Ceuta y Melilla;2026-06-01;18,3590945980975;26,9782654969197;NA;0,53862778747090589;1,3724998906573629;0,434605412394650781;NA;37,11632148483408;3,71052380435484;1,35659042126319;31,1735579778111;proyeccion
Ceuta y Melilla;2026-07-01;18,3590945980975;26,9782654969197;NA;0,53862778747090589;1,3724998906573629;0,434605412394650781;NA;37,11632148483408;3,71052380435484;1,35659042126319;31,3509022833339;proyeccion
Ceuta y Melilla;2026-08-01;18,3590945980975;26,9782654969197;NA;0,53862778747090589;1,3724998906573629;0,434605412394650781;NA;37,11632148483408;3,71052380435484;1,35659042126319;31,5282465888567;proyeccion
Ceuta y Melilla;2026-09-01;18,3590945980975;26,9782654969197;NA;0,53862778747090589;1,3724998906573629;0,434605412394650781;NA;37,11632148483408;3,71052380435484;1,35659042126319;31,7055908943794;proyeccion
Ceuta y Melilla;2026-10-01;18,3590945980975;26,9782654969197;NA;0,53862778747090589;1,3724998906573629;0,434605412394650781;NA;37,11632148483408;3,71052380435484;1,35659042126319;31,8829351999022;proyeccion
Ceuta y Melilla;2026-11-01;18,3590945980975;26,9782654969197;NA;0,53862778747090589;1,3724998906573629;0,434605412394650781;NA;37,11632148483408;3,71052380435484;1,35659042126319;32,0602795054250;proyeccion
Comunidad Foral de Navarra;2023-01-01;18,5104380690707;25,8187506997546;71,4909090909091;0,07504395215342857;0,9150520617418065;0,000000000000000000;176,9500000000000;46,48273163095588;11,91175031797280;1,33668998888380;22,2817621035579;real
Comunidad Foral de Navarra;2023-02-01;18,5515912041226;25,8804804023324;71,5450468813698;0,07867511112859447;0,9041585848163088;0,000000000000000000;175,5700000000000;46,11570247933884;12,00291686922703;1,34207607490050;22,0231429637925;real
Comunidad Foral de Navarra;2023-03-01;18,5745885442986;25,8647453801067;71,5346282924845;0,07746472480353916;0,8932651078908110;0,000000000000000000;175,9100000000000;45,99031476997579;11,97578692493947;1,34562752508797;21,6799303655807;real
Comunidad Foral de Navarra;2023-04-01;18,6375286332015;25,9966774895377;71,4663951120163;0,07988549745364977;0,8751093130149816;0,000000000000000000;178,0700000000000;45,57960557960558;11,99134199134199;1,35017534744772;21,5371254884933;real
Comunidad Foral de Navarra;2023-05-01;18,7065206537297;26,1237680536685;71,5899837133551;0,08109588377870507;0,8690573813897050;0,000000000000000000;177,2500000000000;45,32466911940370;11,83047446127383;1,35418958265933;21,3009336548569;real
Comunidad Foral de Navarra;2023-06-01;18,8106138776844;26,3271129562778;71,5949367088608;0,08351665642881567;0,8593742907892628;0,000000000000000000;176,3900000000000;45,18329070758738;11,70313536042436;1,35859983270060;21,1925419974155;real
Comunidad Foral de Navarra;2023-07-01;18,8687124212871;26,3827907272304;71,7637540453075;0,08835820172903686;0,8533223591639861;0,000000000000000000;176,4200000000000;45,07547169811320;11,58018867924528;1,35993328629162;21,0322818215294;real
Comunidad Foral de Navarra;2023-08-01;18,8844474435128;26,4566242930587;71,6717325227963;0,08230627010376036;0,8496912001888202;0,000000000000000000;176,6100000000000;44,87703954483472;11,58602529740913;1,36309447506730;21,0071148184495;real
Comunidad Foral de Navarra;2023-09-01;19,0539015290205;26,6030810383904;71,8561064087062;0,08472704275387097;0,8448496548885990;0,000000000000000000;176,7500000000000;44,61795872838817;11,41476110801264;1,36678948037098;20,9428223844282;real
Comunidad Foral de Navarra;2023-10-01;19,2269867735034;26,6672315136184;72,0083974807558;0,08956858805409217;0,8218523147125484;0,000000000000000000;177,0700000000000;44,43065894678798;11,35465490304200;1,36997167138810;21,3233518473799;real
Comunidad Foral de Navarra;2023-11-01;19,4436459256883;26,7822182144986;71,9313900456078;0,09198936070420276;0,8085380651369400;0,000000000000000000;177,5500000000000;44,26512706278129;11,33790971496113;1,36933515936255;21,6232369113077;real
Comunidad Foral de Navarra;2023-12-01;19,5380560590426;26,7592208743226;72,0438605156574;0,09441013335431336;0,7976445882114424;0,000000000000000000;178,2100000000000;44,10038819174867;11,28012999909723;1,37244455457812;21,3380155943099;real
Comunidad Foral de Navarra;2024-01-01;19,9333751275338;27,1760642155597;71,9756480754124;0,09956853634251576;0,8051529790660225;0,000000000000000000;180,6500000000000;43,96740833594485;11,35335989613646;1,37746669955599;21,1368620710094;real
Comunidad Foral de Navarra;2024-02-01;19,9948371870045;27,0605155437548;72,1696733300829;0,10202701872134332;0,7670465021941956;0,000000000000000000;181,3700000000000;43,90590324012427;11,22947181535730;1,38509774990778;20,5802249851983;real
Comunidad Foral de Navarra;2024-03-01;20,0218804931716;26,9769271428747;72,0807726075505;0,10202701872134332;0,7522956079212303;0,000000000000000000;184,3500000000000;43,71294575701265;11,18485089815061;1,38764734774067;20,3727810650888;real
Comunidad Foral de Navarra;2024-04-01;20,0415483522022;26,8945679831840;72,0206245743749;0,10325625991075710;0,7301692665117823;0,000000000000000000;186,0200000000000;43,73179129513552;11,13710602984020;1,38947497546614;20,2745887087229;real
Comunidad Foral de Navarra;2024-05-01;19,7797199788571;26,5466927265799;71,8604880940619;0,10325625991075710;0,7227938193752996;0,000000000000000000;189,2600000000000;43,50312779267203;11,19749776586238;1,39083959977627;20,2350260807003;real
Comunidad Foral de Navarra;2024-06-01;19,7366965372276;26,5675898267999;71,8431217193226;0,10325625991075710;0,7080429251023344;0,000000000000000000;192,8600000000000;43,37440842932405;11,18849897312260;1,39499252615845;20,0937950937951;real
Comunidad Foral de Navarra;2024-07-01;19,9800862927315;26,7851655173262;71,7552775605942;0,09465157158486066;0,7129598898599894;0,000000000000000000;197,6600000000000;43,33171998063977;10,96493157917895;1,39824043312415;19,7516930022573;real
Comunidad Foral de Navarra;2024-08-01;19,9358336099126;26,6474905041118;71,7581230980662;0,09096384801661934;0,7092721662917481;0,000000000000000000;198,6800000000000;43,18592654644857;11,10621224813721;1,39850783080528;19,7142006549568;real
Comunidad Foral de Navarra;2024-09-01;19,8141387321606;26,4065592309867;71,6518298714144;0,09342233039544690;0,6822288601246450;0,000000000000000000;200,1900000000000;43,10758033019705;11,18409373335700;1,39785346485514;19,7133261364999;real
Comunidad Foral de Navarra;2024-10-01;19,8756007916313;26,2135683642488;71,6986735299941;0,09219308920603311;0,4953841993337513;0,000000000000000000;202,9900000000000;42,91908153784896;11,29053665442640;1,39792194940936;19,8467294231233;real
Comunidad Foral de Navarra;2024-11-01;19,8362650735701;26,0549962508144;71,6070357785329;0,08973460682720556;0,4683408931666483;0,000000000000000000;203,1000000000000;42,42424242424242;11,21123774184999;1,40286298568507;19,8995035718610;real
Comunidad Foral de Navarra;2024-12-01;20,2517485955919;26,4458949490480;71,7491879121961;0,08727612444837801;0,5629924647515089;0,000000000000000000;204,3000000000000;42,15368666580277;11,10535182065570;1,40522003034901;20,8527726923758;real
Comunidad Foral de Navarra;2025-01-01;19,4029643748006;25,3182413463120;71,7782863966564;0,08083577854959216;0,5385089365141948;0,000000000000000000;204,7600000000000;42,12363128735331;11,39903154037430;1,40442347751501;20,7332339791356;real
Comunidad Foral de Navarra;2025-02-01;19,0534685087186;24,9033636005207;71,7179902755267;0,08083577854959216;0,5361314136156773;0,000000000000000000;204,8800000000000;42,05105438401775;11,64483906770255;1,40535313201897;20,4320650524911;real
Comunidad Foral de Navarra;2025-03-01;18,9357811252420;24,6988966312482;71,6834913837055;0,08202453999885086;0,5111674231812445;0,000000000000000000;204,0300000000000;41,96842668569390;11,74188369603996;1,40774687676565;20,6614096216150;real
Comunidad Foral de Navarra;2025-04-01;18,9607451156764;24,6513461732778;71,6174974567650;0,08321330144810957;0,5099786617319858;0,000000000000000000;198,1500000000000;41,99991103598595;11,64538943997153;1,40946708463950;20,5384944135784;real
Comunidad Foral de Navarra;2025-05-01;20,5156450913068;28,0333724964189;71,4193250115580;0,12006490637512952;0,4445967820227569;0,000000000000000000;201,7400000000000;42,31410334593650;10,98914501768508;1,42525205701704;19,0108892921960;real
Comunidad Foral de Navarra;2025-06-01;20,5822157324653;28,1879114848225;71,3889402626225;0,11649862202735341;0,4410304976749807;0,000000000000000000;202,1200000000000;42,10292094829679;10,87466623513229;1,42763081899041;19,0443878993497;real
Comunidad Foral de Navarra;2025-07-01;20,5394203202920;28,1712688245329;71,3832664863352;0,11412109912883597;0,4303316446316524;0,000000000000000000;202,9000000000000;41,80234912920211;10,93560145808019;1,42898483620789;18,9512471655329;real
Comunidad Foral de Navarra;2025-08-01;20,5727056408712;28,2104979523584;71,3728766360345;0,12006490637512952;0,4386529747764633;0,000000000000000000;201,8900000000000;41,87747514749859;10,92297745090116;1,42990870218421;18,6138613861386;real
Comunidad Foral de Navarra;2025-09-01;20,5869707782623;28,1463048340984;71,3993681471845;0,12006490637512952;0,4493518278197916;0,000000000000000000;200,3400000000000;41,76014849487532;10,82237107578081;1,43099665088347;18,4222423146474;real
Comunidad Foral de Navarra;2025-10-01;20,7498310968108;28,2366507042421;71,3666143766725;0,11768738347661209;0,4588619194138613;0,000000000000000000;201,3300000000000;41,65335463258786;10,76277955271565;1,43454597536522;18,2669132896138;real
Comunidad Foral de Navarra;2025-11-01;20,9531093046340;28,7347417514815;71,3946262109304;0,09866720028847277;0,4136889843420304;0,000000000000000000;201,2000000000000;41,32699186352738;10,88400613183444;1,44337909905821;19,3056637365083;real
Comunidad Foral de Navarra;2025-12-01;20,8770285718814;28,7680270720607;71,2408624039974;0,09985596173773148;0,7239557225985532;0,000000000000000000;200,8000000000000;41,31014446611215;11,08767461296613;1,43075959457921;18,9752902977271;real
Comunidad Foral de Navarra;2026-01-01;20,2145166372941;28,0073761977568;71,3720689330445;0,09803807145108018;0,6944363394451512;0,000000000000000000;199,6600000000000;41,14963871957373;11,32684777782263;1,43031177829099;18,7440692157410;real
Comunidad Foral de Navarra;2026-02-01;20,1246484051307;27,9046696467128;71,4045259023752;0,09453671175639873;0,6349132246355668;0,000000000000000000;201,6600000000000;41,54940967168042;11,08685104318292;1,43432117380966;18,1930623489065;real
Comunidad Foral de Navarra;2026-03-01;20,1141443260466;28,0178802768408;71,3843556555993;0,10037231124753446;0,5975653878922982;0,000000000000000000;204,4800000000000;41,49177538287010;11,15792885503606;1,43216896831844;18,0716781246478;real
Comunidad Foral de Navarra;2026-04-01;20,1141453806574;28,0178689194567;71,3861322290254;0,10031441470789053;0,6024802863039451;0,000000000000000000;205,2414433082589;41,44304845073273;11,15792174956267;1,43541868420293;18,0716902822792;proyeccion
Comunidad Foral de Navarra;2026-05-01;20,1141453806574;28,0178689194567;71,3861322290254;0,10031441470789053;0,6024802863039451;0,000000000000000000;206,3455252830356;41,39715455712673;11,15792174956267;1,43797148762666;18,0716902822792;proyeccion
Comunidad Foral de Navarra;2026-06-01;20,1141453806574;28,0178689194567;71,3861322290254;0,10031441470789053;0,6024802863039451;0,000000000000000000;207,4496072578123;41,35330339989083;11,15792174956267;1,44052429105039;18,0716902822792;proyeccion
Comunidad Foral de Navarra;2026-07-01;20,1141453806574;28,0178689194567;71,3861322290254;0,10031441470789053;0,6024802863039451;0,000000000000000000;208,5536892325889;41,31140405686634;11,15792174956267;1,44307709447412;18,0716902822792;proyeccion
Comunidad Foral de Navarra;2026-08-01;20,1141453806574;28,0178689194567;71,3861322290254;0,10031441470789053;0,6024802863039451;0,000000000000000000;209,6577712073656;41,27136965283818;11,15792174956267;1,44562989789785;18,0716902822792;proyeccion
Comunidad Foral de Navarra;2026-09-01;20,1141453806574;28,0178689194567;71,3861322290254;0,10031441470789053;0,6024802863039451;0,000000000000000000;210,7618531821423;41,23311717940554;11,15792174956267;1,44818270132157;18,0716902822792;proyeccion
Comunidad Foral de Navarra;2026-10-01;20,1141453806574;28,0178689194567;71,3861322290254;0,10031441470789053;0,6024802863039451;0,000000000000000000;211,8659351569189;41,19656732286999;11,15792174956267;1,45073550474530;18,0716902822792;proyeccion
Comunidad Foral de Navarra;2026-11-01;20,1141453806574;28,0178689194567;71,3861322290254;0,10031441470789053;0,6024802863039451;0,000000000000000000;212,9700171316956;41,16164429978441;11,15792174956267;1,45328830816903;18,0716902822792;proyeccion
Comunidad Valenciana;2023-01-01;20,5958951714336;28,4640996206124;74,8922323595882;2,52452332541973412;1,5575061448901621;0,360972980021052936;300,2900000000000;52,90228028064993;7,67921436484490;1,28328878292226;29,3599328129087;real
Comunidad Valenciana;2023-02-01;20,8915971605594;28,6353597205548;74,5999717508424;2,39962392929077684;1,5233456262907892;0,379425760157321434;294,5800000000000;52,06402130313896;7,54225103914340;1,30484261854707;29,3629788884278;real
Comunidad Valenciana;2023-03-01;21,1920267214557;28,8519130081044;74,5498543137933;2,37385103802607089;1,4449594362904421;0,376375713853805971;287,0800000000000;51,39654240950837;7,46353322528363;1,33201882529037;29,3895726806659;real
Comunidad Valenciana;2023-04-01;21,4668358934024;29,2690068401101;74,4706741299586;2,56081887643156758;1,3322602253755467;0,385373350449176477;282,1600000000000;51,16789598434674;7,31333548972092;1,33973885368418;29,3438127090301;real
Comunidad Valenciana;2023-05-01;21,6635638799792;29,8126775937117;74,3434655742140;2,72475886524552280;1,4818649965629791;0,403216121324741827;279,6800000000000;51,05171363130135;7,30578495030364;1,34002562405846;29,4397480414572;real
Comunidad Valenciana;2023-06-01;21,7370699958939;30,1648054394526;74,2890676107284;2,73375650184089336;1,7118384878480437;0,359295454554119431;277,9600000000000;50,72646084908848;7,22510149658732;1,34963097042151;29,4398449541821;real
Comunidad Valenciana;2023-07-01;21,2521126336349;30,5245584009522;74,3028143364801;2,70386604806644204;2,5390110453614323;0,188492861557254504;276,6500000000000;49,82336963632462;7,29339480942238;1,37114297195672;29,3259831415660;real
Comunidad Valenciana;2023-08-01;21,1397184273504;30,6668430610112;74,3065751359073;2,98218277326222658;2,5388585430462567;0,182697773580575151;277,4700000000000;49,73331859082700;7,39652603368663;1,37013684992678;29,3307657132552;real
Comunidad Valenciana;2023-09-01;21,4366404349976;30,8809563115180;74,2300693453991;2,73101146016772978;2,6509477447004492;0,207555650954226040;277,6200000000000;49,89029130271242;7,35309483010825;1,36175177496692;29,2505808837030;real
Comunidad Valenciana;2023-10-01;21,9298329222761;31,0186659021217;74,0686639552424;2,73741655740511236;2,2713694822279522;0,243698699650884060;280,2900000000000;50,12053227869713;7,12236192301224;1,36448539638387;29,1529610445259;real
Comunidad Valenciana;2023-11-01;21,9861062765759;31,4375897619096;74,0489299564322;2,85987591649125727;2,4738925567813776;0,283806808542112210;282,8400000000000;49,72178302116274;7,07704937971297;1,36872698014136;29,0714566278657;real
Comunidad Valenciana;2023-12-01;22,3095636870637;31,3625586228431;74,0608505177022;2,53504598516686253;2,3639383875396458;0,275724185837796232;279,3100000000000;48,54337446177948;6,99449680435466;1,37007997812564;28,9639102298645;real
Comunidad Valenciana;2024-01-01;22,3301678472627;31,7293974618219;74,0358548316572;2,37892170849408879;2,8073788286667742;0,200039697800493715;278,3000000000000;47,46514513016423;6,65836319955890;1,41060131526864;28,9238456555936;real
Comunidad Valenciana;2024-02-01;22,9350940961927;31,7414928854098;73,9580435679274;2,32650820627969601;2,2440112146286393;0,253693756280316096;290,8300000000000;46,36064452707613;6,57871616968937;1,42373328284945;28,7104383117883;real
Comunidad Valenciana;2024-03-01;23,3640164249650;31,8421330124428;73,9058582174607;2,18694562641888623;2,0407150566313934;0,254158964879852123;301,7600000000000;42,75649206886672;6,04493874751474;1,52891124857302;28,8430549112484;real
Comunidad Valenciana;2024-04-01;23,6567877036063;31,9688248210498;73,8408435387016;2,10491384336736598;1,9317011748067832;0,252298130481708016;306,2400000000000;41,99748380625309;5,93218177799691;1,54222711659981;28,8086393193264;real
Comunidad Valenciana;2024-05-01;23,9788671240184;32,1949162004243;73,7363307833106;2,10553412150008068;1,8295103524420351;0,240512845960128535;313,5000000000000;41,36907858322964;5,81956195145094;1,55395678800773;28,7764899567989;real
Comunidad Valenciana;2024-06-01;24,2034078080611;32,4284509173914;73,6614206012158;2,14678261732560882;1,7753910853626769;0,254158964879852123;314,3200000000000;41,33351925064387;5,71080562345183;1,56224011891262;28,6336775502895;real
Comunidad Valenciana;2024-07-01;24,3597178975052;33,0464030071084;73,5372108600108;2,73651205200411862;1,6446674688930514;0,273852795593544140;317,8800000000000;41,43295961933318;5,67863311931689;1,56257917486266;28,5285786696085;real
Comunidad Valenciana;2024-08-01;24,5792963564862;33,0442320336439;73,4735580197804;2,59850016747509560;1,5379796300661215;0,281916411318835380;315,6700000000000;42,03346455888185;5,67213235384295;1,54327623734267;28,3904217357487;real
Comunidad Valenciana;2024-09-01;24,6042625513280;33,0577230830304;73,4587336916201;2,53709263233633964;1,5654269374387475;0,275093351858973545;315,8200000000000;42,68127778352115;5,73224439160550;1,52411354669557;28,1706081381362;real
Comunidad Valenciana;2024-10-01;24,8984294557680;33,3725142353831;73,4195659169736;2,59989579327370413;1,4971963428401296;0,272302100261757385;315,4600000000000;42,92173927315550;5,69691150584093;1,51785280544086;28,1909081295750;real
Comunidad Valenciana;2024-11-01;25,3177374734831;33,5790668535771;73,3089516150000;2,55616618491731673;1,2842858737858056;0,305176841295636936;313,3900000000000;43,66495361841042;5,57427518665762;1,51599527154906;28,1068382794420;real
Comunidad Valenciana;2024-12-01;25,5190177275490;33,8560210398343;73,2382614618365;2,64067908049969624;1,2388505005644530;0,336035678398193760;317,4700000000000;44,10558359368741;5,52070816310182;1,51709051134810;27,9952942267348;real
Comunidad Valenciana;2025-01-01;25,1279276340357;33,4364710586908;73,1531911305961;2,62009433672993586;1,2772978976215048;0,334821215573028907;314,5900000000000;44,73002542072916;5,48878591884674;1,51059046554301;27,7412863982237;real
Comunidad Valenciana;2025-02-01;25,3577068996250;33,5132677168911;73,0645426178354;2,25458499332736784;1,4148601024693384;0,314820495445319481;313,4700000000000;45,43979834044364;5,42954042136987;1,51434489153275;27,4787002292505;real
Comunidad Valenciana;2025-03-01;25,5396981850619;33,6725100916483;72,9498608365939;2,27092145938587864;1,3406589575680652;0,315278527203969317;311,7800000000000;45,71969533296932;5,36034850514391;1,52184673509526;27,2003862319664;real
Comunidad Valenciana;2025-04-01;25,7200100207170;34,5504042957272;72,8648218196297;3,18316804536346609;1,1180555228642457;0,327034675675981767;309,9000000000000;45,94504008387019;5,28008044055233;1,52313308797341;27,0327619849473;real
Comunidad Valenciana;2025-05-01;25,7357357777640;34,7130055700479;73,0102573843670;3,59417521012524999;0,8699549869289187;0,291613553007061210;310,3600000000000;46,08262329746875;5,25141488898563;1,52621868381555;26,8149499888099;real
Comunidad Valenciana;2025-06-01;25,5969521548931;34,9050735541750;72,9840952063174;4,00686182466875085;0,8000288051083774;0,249016599452626636;311,8800000000000;46,07623799874277;5,30417501239658;1,52766411776635;26,6388654319988;real
Comunidad Valenciana;2025-07-01;26,6018738333708;34,9859924982032;72,8447097420942;2,45199668130544657;1,3183680786471066;0,345050591516208538;303,9400000000000;46,67496604798551;5,11958653991248;1,52138478844785;26,9938918691318;real
Comunidad Valenciana;2025-08-01;26,6957703438941;34,9284331738662;72,8270169992049;2,32771739745845796;1,2693586804715744;0,387189513311993305;303,7100000000000;46,78351556436360;5,10372474699903;1,51794384933458;26,8959681161794;real
Comunidad Valenciana;2025-09-01;26,7142442914929;35,5221950103293;72,7954716981132;2,81536854316764851;1,3547052648333269;0,371616433517898970;304,8300000000000;46,91145001356279;5,08642514843726;1,51699700523512;26,7437243329979;real
Comunidad Valenciana;2025-10-01;27,0800589894013;35,5864721337931;72,7286975602111;2,55826004931220830;1,2638622993677764;0,397724243760939455;303,3600000000000;46,96866396187964;5,02620960981771;1,51331130756393;26,7686887948030;real
Comunidad Valenciana;2025-11-01;27,2612868885737;36,1661876629909;72,6217074317968;2,92254797469170979;1,2719541937705900;0,373753915058264830;301,7900000000000;47,38142054648937;4,92943925406682;1,51242474307636;26,7360851000075;real
Comunidad Valenciana;2025-12-01;27,3915205852832;36,1432860750584;72,6035026013043;2,69246335459660946;1,3247805232682044;0,387036836059110045;299,5300000000000;47,40438668228602;4,89504822108761;1,51307633996254;26,7395060743813;real
Comunidad Valenciana;2026-01-01;26,3461211306785;34,6669242169678;72,5626955228473;2,46914911819254579;1,2888464214153728;0,362400728331333855;297,2100000000000;47,51432834057136;4,85501787349700;1,51170658181209;26,4964634126870;real
Comunidad Valenciana;2026-02-01;26,4142183454583;35,1581654639754;72,4490167118962;2,93774031967940852;1,2236907709889195;0,326366565002934150;296,5400000000000;47,79045363843921;4,82076136309148;1,50963010807771;26,3430417267565;real
Comunidad Valenciana;2026-03-01;26,5318809195918;35,1841983085024;72,3927667269439;2,59622469825677982;1,4497499915430023;0,331367224403610050;296,7000000000000;47,91064244116620;4,80149909062517;1,50873370917940;26,3074901445466;real
Comunidad Valenciana;2026-04-01;26,6992512147042;35,3015149978112;72,3268571973499;2,62792858660555950;1,4469678053590760;0,331366723987130130;296,4298548006506;48,03451185486178;4,73235416108627;1,50873379886182;26,2268348201344;proyeccion
Comunidad Valenciana;2026-05-01;26,8666165313189;35,3946250689253;72,2609486353860;2,62792858660555950;1,4469678053590760;0,331366723987130130;296,2159736643982;48,13111638721248;4,66349763856448;1,50873379886182;26,1465650981810;proyeccion
Comunidad Valenciana;2026-06-01;27,0339818479336;35,4849848991070;72,1950400734222;2,62792858660555950;1,4469678053590760;0,331366723987130130;296,0448687477204;48,20840003098164;4,59464111604268;1,50873379886182;26,0662953762277;proyeccion
Comunidad Valenciana;2026-07-01;27,2013471645484;35,5726757236630;72,1291315114584;2,62792858660555950;1,4469678053590760;0,331366723987130130;295,9079848082378;48,27022696030787;4,52578459352089;1,50873379886182;25,9860256542743;proyeccion
Comunidad Valenciana;2026-08-01;27,3687124811631;35,6577763784103;72,0632229494945;2,62792858660555950;1,4469678053590760;0,331366723987130130;295,7984776517391;48,31968851521756;4,45692807099910;1,50873379886182;25,9057559323210;proyeccion
Comunidad Valenciana;2026-09-01;27,5360777977779;35,7403633705509;71,9973143875307;2,62792858660555950;1,4469678053590760;0,331366723987130130;295,7108719226102;48,35925776830429;4,38807154847730;1,50873379886182;25,8254862103676;proyeccion
Comunidad Valenciana;2026-10-01;27,7034431143926;35,8205109474538;71,9314058255669;2,62792858660555950;1,4469678053590760;0,331366723987130130;295,6407873361631;48,39091317810085;4,31921502595551;1,50873379886182;25,7452164884142;proyeccion
Comunidad Valenciana;2026-11-01;27,8708084310074;35,8982911634042;71,8654972636030;2,62792858660555950;1,4469678053590760;0,331366723987130130;295,5847196644903;48,41623751179984;4,25035850343372;1,50873379886182;25,6649467664609;proyeccion
Comunidad de Madrid;2023-01-01;20,2321417206735;28,0552215691073;75,4229107290613;0,02927752718267859;1,3801550899136741;0,000000000000000000;272,1500000000000;18,89364074165456;10,80498213486124;1,34770560851252;33,4470871715646;real
Comunidad de Madrid;2023-02-01;20,2768678153909;28,0537265464426;75,3946652150245;0,01607149364495973;1,2722642876149521;0,000000000000000000;275,9500000000000;19,08616592152828;10,76231754732615;1,34954993702190;33,3711054709858;real
Comunidad de Madrid;2023-03-01;20,5138289077375;28,5407301794515;75,3038624290988;0,01308144831566490;1,5234280952757182;0,000000000000000000;279,5100000000000;19,01962724427014;10,74461195264995;1,35034647782967;33,3058201656443;real
Comunidad de Madrid;2023-04-01;20,8161972416624;28,6374083117654;75,3320556248886;0,01270769264950305;1,4043246229921404;0,000000000000000000;282,3200000000000;18,92579611633300;10,57254881135716;1,35244547652678;33,1516741797304;real
Comunidad de Madrid;2023-05-01;21,0388310334728;28,8267778492874;75,3698061553407;0,01382895964798861;1,3360519213065751;0,000000000000000000;285,7000000000000;18,89493046837066;10,45927183170677;1,35370193816582;33,2659595200312;real
Comunidad de Madrid;2023-06-01;21,3142889594341;29,0545196352020;75,3494588317778;0,05456832725963072;1,2812344236028366;0,000000000000000000;288,3300000000000;18,76984639215180;10,35755776429586;1,35847137629908;33,0034295292392;real
Comunidad de Madrid;2023-07-01;21,0453094650196;29,1747443744841;75,3143656920419;0,01208476653923329;1,6597243282027410;0,000000000000000000;288,4200000000000;19,03456869733437;10,03947471613932;1,35869005404829;33,2245054734012;real
Comunidad de Madrid;2023-08-01;21,4485918288083;29,2109986741018;75,3134881692291;0,01706817542139135;1,3548642898367218;0,000000000000000000;289,0900000000000;18,63394547035654;10,23539140962027;1,36261617100372;32,9259431256317;real
Comunidad de Madrid;2023-09-01;21,6014578962685;29,5708007953936;75,2288268204326;0,03127089073554181;1,4854296025492628;0,000000000000000000;288,6100000000000;18,87960213336497;10,18008209811954;1,36145731802269;33,0241217419459;real
Comunidad de Madrid;2023-10-01;21,7943158200080;29,7602949181376;75,1769142760287;0,04547360604969227;1,4434443827170813;0,000000000000000000;287,8400000000000;18,94329518317532;10,21072821055194;1,36204304455941;32,9828812841450;real
Comunidad de Madrid;2023-11-01;21,9948980275149;29,6007012486865;75,0797381232164;0,01818944241987691;1,1539083266636982;0,000000000000000000;287,8700000000000;18,90466464210400;10,15789102991685;1,36718117193917;32,8760488033282;real
Comunidad de Madrid;2023-12-01;22,1506295550823;29,5536080347501;75,0427671381483;0,02441870352257448;1,0044060601989564;0,000000000000000000;288,3500000000000;18,84340294296166;10,08259649928641;1,37144464130037;33,0770431030308;real
Comunidad de Madrid;2024-01-01;21,9768147207964;30,2557057036484;75,0299438945975;0,03524999470627288;1,5899865103377149;0,000000000000000000;287,5500000000000;18,82029657625245;10,07732107638860;1,37366100273184;32,7568801763186;real
Comunidad de Madrid;2024-02-01;22,0253924520170;30,5223849922213;75,0123558484349;0,09466429673769396;1,8204193379228910;0,000000000000000000;286,8200000000000;19,20985924200895;10,16548853121200;1,37203949600742;32,4519569793620;real
Comunidad de Madrid;2024-03-01;22,3602051225840;30,7749891945688;75,0183958793230;0,05816871917960931;1,6923734207566419;0,000000000000000000;287,6200000000000;19,03325342576695;9,98453140691309;1,37565453775708;32,5422184015784;real
Comunidad de Madrid;2024-04-01;22,5958693981468;31,0246039980718;74,9192877012731;0,06115811802395753;1,6599882666095360;0,000000000000000000;288,1500000000000;18,93949694085656;9,88763146319031;1,37849488445934;32,5565512106196;real
Comunidad de Madrid;2024-05-01;22,8194515200470;31,1182718285281;74,8376006875737;0,06377384201276225;1,5427789202540489;0,000000000000000000;288,7400000000000;19,01438265376778;9,77070844956179;1,37953526961895;32,3893470491694;real
Comunidad de Madrid;2024-06-01;22,9710389531125;31,3970332707636;74,7480148121745;0,04683391522812227;1,6248628301884442;0,000000000000000000;290,1000000000000;19,06907496739523;9,70050753445106;1,38034920290641;32,3738384017421;real
Comunidad de Madrid;2024-07-01;23,1335875152740;31,5308088690481;74,7497458356143;0,10064309442639041;1,5396649631245196;0,000000000000000000;291,6800000000000;19,16809822642406;9,60761628744941;1,38222102571006;32,2723463546137;real
Comunidad de Madrid;2024-08-01;23,0740486549574;31,5057726537267;74,7527186203370;0,07647878710124222;1,6394361495546419;0,000000000000000000;292,4000000000000;19,09473626712342;9,62813254727840;1,38356356648151;32,1694076377584;real
Comunidad de Madrid;2024-09-01;23,1241210856002;31,5783901339873;74,6327738430193;0,03226059586192465;1,6583690089021805;0,000000000000000000;294,2000000000000;19,31703673154960;9,61805569064729;1,38447823581059;32,1280841161422;real
Comunidad de Madrid;2024-10-01;23,4073666261022;31,9584174620751;74,5857517767178;0,04845317293547757;1,6789211259570749;0,000000000000000000;298,3000000000000;19,35223450264296;9,53310908217203;1,38421055432278;32,1089164953675;real
Comunidad de Madrid;2024-11-01;23,6209840851879;32,0892036615154;74,5491625280888;0,01208215366257410;1,6262329713254371;0,000000000000000000;302,4000000000000;19,40694054218240;9,42288708330169;1,38885666374883;31,9516117891995;real
Comunidad de Madrid;2024-12-01;23,7845291136308;31,9397337192979;74,5311215721438;0,01270494508847998;1,3525784187823928;0,000000000000000000;305,9000000000000;19,44966826640990;9,29606282627992;1,39237814936816;31,9984143501313;real
Comunidad de Madrid;2025-01-01;22,8612097819727;31,3660662040206;74,5445315584635;0,01009293106327827;1,8573396235256612;0,000000000000000000;307,9000000000000;19,44297323063420;9,33712149872131;1,38927606613898;31,6769069238397;real
Comunidad de Madrid;2025-02-01;22,8956939631055;31,5388475715086;74,4472199093348;0,04145310972417861;1,9321955289116417;0,000000000000000000;310,9400000000000;19,80516158856584;9,37513025224413;1,38497425913001;31,6332258969966;real
Comunidad de Madrid;2025-03-01;23,3484340136583;31,8844103064847;74,3835139247933;0,01525955053614691;1,7899332624959099;0,000000000000000000;320,2600000000000;19,53539831195214;9,16289550902303;1,39075550249330;31,5866703629707;real
Comunidad de Madrid;2025-04-01;23,5752846546996;32,0157385642485;74,4634347343151;0,03196094836704786;1,7051045799878806;0,000000000000000000;324,9500000000000;19,73992074053493;9,04610795080649;1,39408487887915;31,3683460076046;real
Comunidad de Madrid;2025-05-01;23,6686442670349;32,1450242050115;74,4809228039042;0,03304233383811339;1,6984961132202578;0,000000000000000000;330,3900000000000;19,82697515494084;9,03073371985242;1,39657132994223;31,3633823097545;real
Comunidad de Madrid;2025-06-01;23,8429876357589;32,3705531526992;74,3874499379143;0,03244156413196587;1,7167595122871422;0,000000000000000000;336,2900000000000;19,89598704336872;8,92315997840561;1,40019250442206;31,3879421788694;real
Comunidad de Madrid;2025-07-01;24,0657530427984;32,5602762259006;74,2411503285918;0,05430958143573547;1,6368571413695225;0,000000000000000000;342,5000000000000;20,07867142210710;8,84055853859282;1,40126615774049;31,2985592340847;real
Comunidad de Madrid;2025-08-01;24,3151926247909;32,6849960168968;74,1578179597652;0,01549985841860592;1,5450595302701824;0,000000000000000000;344,4000000000000;20,08204803155152;8,70835974364392;1,40329203872173;31,1774599723082;real
Comunidad de Madrid;2025-09-01;24,5091210859353;32,9988381113883;74,1084045488191;0,07077067138417741;1,6363765256046048;0,000000000000000000;345,8900000000000;20,05984578202325;8,61590935247282;1,40570445286571;31,3088235294118;real
Comunidad de Madrid;2025-10-01;24,7900410005299;33,3087151258192;74,0305952776854;0,02991833136614631;1,6113845058288681;0,000000000000000000;346,3800000000000;19,99471375316660;8,46383040072497;1,41199792554249;31,3575752059346;real
Comunidad de Madrid;2025-11-01;25,0820150777176;33,3875361112658;73,9053341870659;0,01790293724319598;1,3958283352631391;0,000000000000000000;346,3700000000000;19,94392839047458;8,32460732984293;1,41821038663658;31,5302723650654;real
Comunidad de Madrid;2025-12-01;25,2276416544877;33,3796059511446;73,8578804215052;0,01886416877303201;1,2082680330038846;0,000000000000000000;347,7200000000000;19,91912340203496;8,17830313003806;1,42395016217297;31,6134662321548;real
Comunidad de Madrid;2026-01-01;24,0578597394956;32,4170719038105;73,8640649340002;0,01709639323860751;1,7243098775182046;0,000000000000000000;347,5000000000000;19,85116079134637;8,17641744830759;1,42977662966235;31,3498304143088;real
Comunidad de Madrid;2026-02-01;24,4015203468258;32,2123772496293;73,7552648014990;0,01767397409126317;1,3883888536136730;0,000000000000000000;349,2000000000000;19,92981809930048;8,03342684342596;1,43944536756944;31,2011215723513;real
Comunidad de Madrid;2026-03-01;24,6434112079179;32,6750195126065;73,7169149037093;0,01755845792073204;1,6381348143019800;0,000000000000000000;349,4600000000000;19,89299028038231;7,94540690575436;1,44730069890734;31,1484128449238;real
Comunidad de Madrid;2026-04-01;24,7543369004050;32,8067891610914;73,6719455885038;0,01950016370786676;1,5397804844445429;0,000000000000000000;350,0519866063472;19,90011671076698;7,87032667047832;1,45384770135538;31,1062166413461;proyeccion
Comunidad de Madrid;2026-05-01;24,8829832969236;32,9385918958599;73,6269769395256;0,01950016370786676;1,5397804844445429;0,000000000000000000;350,6438835340305;19,90011671076698;7,79232854845181;1,46039488109868;31,0455648877961;proyeccion
Comunidad de Madrid;2026-06-01;25,0116296934423;33,0703946306284;73,5820082905475;0,01950016370786676;1,5397804844445429;0,000000000000000000;351,2357804617138;19,90011671076698;7,71433042642529;1,46694206084197;30,9849131342461;proyeccion
Comunidad de Madrid;2026-07-01;25,1402760899609;33,2021973653968;73,5370396415694;0,01950016370786676;1,5397804844445429;0,000000000000000000;351,8276773893971;19,90011671076698;7,63633230439877;1,47348924058526;30,9242613806961;proyeccion
Comunidad de Madrid;2026-08-01;25,2689224864796;33,3340001001653;73,4920709925912;0,01950016370786676;1,5397804844445429;0,000000000000000000;352,4195743170805;19,90011671076698;7,55833418237225;1,48003642032855;30,8636096271461;proyeccion
Comunidad de Madrid;2026-09-01;25,3975688829982;33,4658028349338;73,4471023436131;0,01950016370786676;1,5397804844445429;0,000000000000000000;353,0114712447638;19,90011671076698;7,48033606034574;1,48658360007185;30,8029578735962;proyeccion
Comunidad de Madrid;2026-10-01;25,5262152795168;33,5976055697023;73,4021336946350;0,01950016370786676;1,5397804844445429;0,000000000000000000;353,6033681724471;19,90011671076698;7,40233793831922;1,49313077981514;30,7423061200462;proyeccion
Comunidad de Madrid;2026-11-01;25,6548616760355;33,7294083044708;73,3571650456568;0,01950016370786676;1,5397804844445429;0,000000000000000000;354,1952651001305;19,90011671076698;7,32433981629270;1,49967795955843;30,6816543664962;proyeccion
Extremadura;2023-01-01;20,4603623451187;35,7169658260299;82,2118380062305;1,92491913998058961;3,9473105003783600;0,121997488780213770;378,0200000000000;17,30097140812901;12,82643991304109;1,11688591099090;32,1438693221343;real
Extremadura;2023-02-01;20,5238765016486;35,7723048931055;82,1881770349737;1,84882792275169328;4,0020207144189719;0,145265051073347334;373,3600000000000;17,38008291919497;12,94033661898355;1,11594202898551;32,0940488705418;real
Extremadura;2023-03-01;20,6119159265416;35,7578412733016;82,1695760598504;1,84505480454199611;3,9020330818619922;0,156584405702439339;367,8100000000000;17,16868292416505;12,96321581692564;1,11721634072673;32,0840387871325;real
Extremadura;2023-04-01;20,8590551692768;35,8666328483479;82,0867672212720;1,72368616879673175;3,8674461649397669;0,174192290681026901;368,9800000000000;17,03940074096109;13,04253765650775;1,11483268013265;32,1871820956256;real
Extremadura;2023-05-01;21,1338639455497;36,0735254968463;82,0163909076852;1,76141735089370499;3,7448198231246033;0,143378491968498667;361,0700000000000;16,70630516357486;12,80587706780826;1,12601541345553;32,2177847429351;real
Extremadura;2023-06-01;21,6187096354958;36,3986425159152;81,9150579150579;1,83247774384300488;3,4945363152146802;0,155326699632540227;344,4900000000000;16,41698201233736;12,82981701311492;1,12228750945372;32,4402153499437;real
Extremadura;2023-07-01;21,6834814980956;36,4602701133403;81,7874173204122;1,81864297707411460;3,4586916922225557;0,160986376947086229;337,5300000000000;16,25608194622279;12,64532650448143;1,13250775789565;32,5679697856482;real
Extremadura;2023-08-01;21,5715456578746;36,6162256660078;81,9071284360926;1,79789082692077939;3,7165214365518735;0,163501789086884453;336,3700000000000;16,11794871794872;12,70000000000000;1,13692679940530;32,5317683336235;real
Extremadura;2023-09-01;21,7004605300393;36,6703070270134;81,8535220027989;1,76267505696360427;3,6404302193229774;0,170419172471329566;326,2300000000000;16,20767839400810;12,58502534838101;1,13750434681813;32,3076159515597;real
Extremadura;2023-10-01;21,8583026418116;36,8117989598771;81,9119458128079;1,69350122311915308;3,6542649860918672;0,170419172471329566;317,1700000000000;15,96708440283859;12,45910715184458;1,14324347650968;32,2923342371210;real
Extremadura;2023-11-01;22,0601644660304;36,8558186723236;81,7399184413231;1,58974047235247640;3,5668544142338789;0,172934584611127790;310,8300000000000;16,00901637313913;12,32072527309207;1,15082668187001;32,3174322732627;real
Extremadura;2023-12-01;22,1941101624747;37,0243512856900;81,7282823672600;1,51679352029832804;3,6177915100647930;0,200604118148908217;309,1000000000000;15,75730800382888;12,32358932822816;1,15442155668263;32,2686741704429;real
Extremadura;2024-01-01;23,2042620751045;39,0329287816284;81,6994468346650;1,76102885005015386;3,8382590326630659;0,214565189953300511;307,0900000000000;15,71622790755160;12,27783957483624;1,15814033380092;32,0518804195632;real
Extremadura;2024-02-01;22,9020108013312;38,8901067511642;81,7139315047265;1,64610693716494949;4,1072958807469258;0,218550921036024359;302,5200000000000;15,62422498883984;12,30345716978325;1,16956723517809;31,9683218967510;real
Extremadura;2024-03-01;23,0189255797578;39,0986933444934;81,6881918819188;1,50328490670067838;4,2800108943316264;0,184007918319084335;300,0600000000000;15,64156292370270;12,51571551830396;1,17063950132748;32,1255627205256;real
Extremadura;2024-04-01;23,5257777157775;39,1976723330477;81,5071590052751;1,70190717232308319;3,6648797305645791;0,200615131163767030;293,0800000000000;15,47977265128719;12,51373167120409;1,18238034731046;32,0482751881169;real
Extremadura;2024-05-01;23,7157642307207;38,9851000086357;81,4324405657538;1,70987863448853084;3,2078492330789112;0,197293688594830485;290,6300000000000;15,38425293313858;12,42284314187438;1,18893028206493;32,4105600789539;real
Extremadura;2024-06-01;23,8705434544331;38,9771285464703;81,3946498346859;1,51524209994884984;3,1872562891515042;0,176036456153636639;294,3500000000000;15,24684592243651;12,34579417457615;1,19332665442200;32,4265933418443;real
Extremadura;2024-07-01;23,9788224821805;38,8954210592745;81,4682716599792;1,42157741950483918;3,0690129336973633;0,176036456153636639;293,3100000000000;15,32591046160984;12,33588494548829;1,19428207330249;32,3231082840091;real
Extremadura;2024-08-01;24,0791300477623;38,7021131017624;81,4831195636149;1,19439074778957988;3,0045769478599946;0,168729282501976247;289,9000000000000;15,35818072789335;12,18460261082153;1,19614875303465;32,2852027176179;real
Extremadura;2024-09-01;24,2378950025575;38,8489208633094;81,4444926906933;1,26281246470967279;2,8790264187541932;0,160093531822741247;287,6700000000000;15,52524998283871;12,01748163741620;1,19776906843533;32,0276328360403;real
Extremadura;2024-10-01;24,4086171506008;39,3132585344467;81,3535122786979;1,51457781143506254;2,9461195586467115;0,150793492629718945;284,6700000000000;15,61981781422503;12,07151132414075;1,19804593947311;32,3465844240997;real
Extremadura;2024-11-01;24,7082112703189;39,5205165507483;81,3019585740454;1,67799278582674027;2,6657898058284677;0,161422108850315882;281,4800000000000;15,62892517495066;12,08505293378790;1,19865573329749;32,3553678897302;real
Extremadura;2024-12-01;24,6902754804467;39,4919521446555;81,2783446712018;1,80885762304284015;2,5395749882088792;0,160093531822741247;278,8300000000000;15,54951961928706;12,02747598096435;1,19855789926819;32,2021907247932;real
Extremadura;2025-01-01;24,2375515301835;39,3187828138371;81,3287514318442;1,65469297757728029;3,0040871709530013;0,153971031859227753;278,1600000000000;15,59153232224471;12,14443257009027;1,19905665521566;32,1754317873084;real
Extremadura;2025-02-01;23,9078024104506;39,3954379198271;81,3294797687861;1,54235359810917405;3,4811991237528406;0,159257590893020995;277,9000000000000;15,62780630454305;12,14165649681089;1,20039249288261;32,1133013245832;real
Extremadura;2025-03-01;24,0538436037592;39,7417075365406;81,1816503337594;1,77231891607917968;3,4508014093085295;0,164544149926814209;272,6400000000000;15,78369224431883;12,02828569467011;1,20046703296703;32,0503579837586;real
Extremadura;2025-04-01;24,1622180639519;40,0205735255732;81,0441880101323;2,10206803581203205;3,2922046382947325;0,173795628235952349;269,0500000000000;15,88362806617228;12,04107244723332;1,19858330598403;31,8081163048188;real
Extremadura;2025-05-01;24,3426218909801;40,1606673399687;80,9911651021535;2,28379350259867442;3,0979235938028311;0,169830708960607424;264,1200000000000;16,10860139383896;11,87487230709859;1,19583570866249;31,6724864539434;real
Extremadura;2025-06-01;24,4338150343131;40,0437022213460;80,8775287042100;2,07167032136772100;3,0853680160975725;0,165204969806038354;260,4600000000000;16,20269780916169;11,62638059025892;1,19496957403651;31,6492171741427;real
Extremadura;2025-07-01;24,6472598553025;40,0674917369981;80,8513513513514;2,24943086887901833;2,7807300517752376;0,160579230651469285;258,3000000000000;16,23874176636645;11,37473674777076;1,19668614939139;31,5689297932829;real
Extremadura;2025-08-01;24,7860320299395;40,0992110912009;80,8450704225352;2,40538436037591863;2,5752150693365259;0,157275131255348533;259,5700000000000;16,27565002339416;11,33836864737206;1,19662472005972;31,5783117980920;real
Extremadura;2025-09-01;24,7629033341667;40,2525213031809;80,8685130411401;2,57917998861187092;2,5719109699404052;0,148684472825434538;256,8000000000000;16,28577173111722;11,39557223599848;1,19454006884957;31,4976429348483;real
Extremadura;2025-10-01;24,7985876076448;40,7659783493380;80,7890904276447;2,72323872228273656;2,8620108969198084;0,146702013187762076;257,1000000000000;16,55110713486916;11,50078282263476;1,19140885229302;31,5089110803192;real
Extremadura;2025-11-01;24,8098215455916;41,1023356678631;80,8359621451104;2,54613899465066318;3,1395552461939529;0,143397913791641296;258,1600000000000;16,63316358438309;11,64790494058787;1,19252077562327;31,3181227095401;real
Extremadura;2025-12-01;24,8891199310985;41,0567390961967;80,7902973395931;2,22894545262306965;3,1970465756864548;0,138111354757848054;258,6100000000000;16,72235587632541;11,71255457542547;1,19190739167375;31,0573620064938;real
Extremadura;2026-01-01;23,9307669019241;39,8798877463600;80,8267716535433;2,11924909443434117;3,3637443073362090;0,128185583523536123;258,6000000000000;16,81833577960935;11,67438184486847;1,19202713251326;30,8828735279541;real
Extremadura;2026-02-01;23,4263985004219;39,7529904601583;80,9390795424315;2,28286285430860314;3,6858186377973556;0,124964840218924664;259,7300000000000;16,96387323292987;11,77815762727525;1,19038715354158;30,7080066524115;real
Extremadura;2026-03-01;23,9533121050564;39,9127393280671;80,9080325960419;2,39880961327461595;3,2394236157782070;0,119811650931546318;260,9700000000000;17,13806164803012;11,73081721064211;1,18563437852955;30,7094634608551;real
Extremadura;2026-04-01;23,9532594131934;39,9127233478052;80,8736965526962;2,39879801572003348;3,2394682649233961;0,117898769185363003;260,0150796686641;17,26163239615123;11,73082194392053;1,18526697753332;30,7094633169180;proyeccion
Extremadura;2026-05-01;23,9532594131934;39,9127233478052;80,8393639788491;2,39879801572003348;3,2394682649233961;0,115886536007361457;259,1075679049055;17,38859811845792;11,73082194392053;1,18289259992660;30,7094633169180;proyeccion
Extremadura;2026-06-01;23,9532594131934;39,9127233478052;80,8050314050019;2,39879801572003348;3,2394682649233961;0,114276749306286465;258,2449081279697;17,51556384076460;11,73082194392053;1,18051822231989;30,7094633169180;proyeccion
Extremadura;2026-07-01;23,9532594131934;39,9127233478052;80,7706988311547;2,39879801572003348;3,2394682649233961;0,112988919818487452;257,4248836164847;17,64252956307129;11,73082194392053;1,17814384471318;30,7094633169180;proyeccion
Extremadura;2026-08-01;23,9532594131934;39,9127233478052;80,7363662573075;2,39879801572003348;3,2394682649233961;0,111958656126697031;256,6453872061795;17,76949528537798;11,73082194392053;1,17576946710646;30,7094633169180;proyeccion
Extremadura;2026-09-01;23,9532594131934;39,9127233478052;80,7020336834604;2,39879801572003348;3,2394682649233961;0,111134445092023706;255,9044158752392;17,89646100768467;11,73082194392053;1,17339508949975;30,7094633169180;proyeccion
Extremadura;2026-10-01;23,9532594131934;39,9127233478052;80,6677011096132;2,39879801572003348;3,2394682649233961;0,110475076199292255;255,2000655972687;18,02342672999136;11,73082194392053;1,17102071189304;30,7094633169180;proyeccion
Extremadura;2026-11-01;23,9532594131934;39,9127233478052;80,6333685357660;2,39879801572003348;3,2394682649233961;0,109947581033112848;254,5305264486386;18,15039245229805;11,73082194392053;1,16864633428632;30,7094633169180;proyeccion
Galicia;2023-01-01;14,1719208231925;16,5719426753070;85,5298784711290;0,13647263924581343;0,6982369020023718;0,523832290519051336;371,7700000000000;19,43588698560349;8,00738405475708;1,21351371008801;33,5093994343703;real
Galicia;2023-02-01;14,2389202306772;16,5773026279057;85,4532163742690;0,15358325715729759;0,6483481124291287;0,761937877118620044;371,7500000000000;19,44843263938741;8,32136874850443;1,21007673374837;33,9804749705740;real
Galicia;2023-03-01;14,4698104964708;16,5966809180705;85,2516676773802;0,13317420687733456;0,4648728119324914;0,507958584745746622;371,1700000000000;19,18333274546459;8,28542203096893;1,21175381108420;34,6166057008765;real
Galicia;2023-04-01;14,5316561033797;16,5861671648960;85,2521008403361;0,10493137972223421;0,4393099610767801;0,436217680731331159;374,8600000000000;19,27761592193478;8,21252647220565;1,21246985387998;34,6015615317883;real
Galicia;2023-05-01;14,7347158460642;17,0683567467630;85,0894632206759;0,11111594041313208;0,4628112917021920;0,422199343165295948;373,4000000000000;19,51101316503017;8,10670481948563;1,21257782441413;34,6459576776994;real
Galicia;2023-06-01;14,8990190084191;17,1405099548235;85,0676378772112;0,08452232944227116;0,4393099610767801;0,405501029299871585;372,6100000000000;19,50746336787328;8,03624412288310;1,21247509408900;35,4730320013978;real
Galicia;2023-07-01;14,9600400072359;17,1774111669459;85,0146408681174;0,08637769764954052;0,4314761842016427;0,373547465730232509;370,4700000000000;19,55585357260567;8,05100637579697;1,21250413405358;35,2874994977297;real
Galicia;2023-08-01;15,0124026210855;17,2009124975713;85,0045735193231;0,08926382597195955;0,4271469917180142;0,368599817177514222;370,4000000000000;19,55429295787400;8,03585576204812;1,21328719343056;35,4354153870804;real
Galicia;2023-09-01;15,0538391777146;17,1914295045119;84,9371428571429;0,09091304215619898;0,3923072998259561;0,354581479611479011;370,7800000000000;19,56308324212094;8,03872671263019;1,21360393300741;35,4362971465179;real
Galicia;2023-10-01;15,0928019100672;17,2297737807955;84,9071602975413;0,09359301845558807;0,4042641171616921;0,346129246667251922;370,7900000000000;19,54002315621452;7,97877721698272;1,21511500846856;35,3850451624918;real
Galicia;2023-11-01;15,1484629562853;17,2596658241348;84,8127678772840;0,10843596411374301;0,3791135703520407;0,336233949561815237;369,7800000000000;19,58254057078903;7,92949076664801;1,21594404071745;35,3075503511637;real
Galicia;2023-12-01;15,1915487290985;17,3000716206487;84,8371417397620;0,10987902827495251;0,3902457795956568;0,338913925861204335;362,4600000000000;19,68139659323999;7,85695175243021;1,21729926313933;34,9491955969517;real
Galicia;2024-01-01;15,7059711695519;17,8115010871579;84,8714069591528;0,10733155441220001;0,3532996999401584;0,341586931105493707;364,3900000000000;19,57665483910437;7,88738974227779;1,21900719990237;34,8667285505901;real
Galicia;2024-02-01;15,6041765604070;17,6815958328098;84,8481439820022;0,10797043271227263;0,3656513470748957;0,336049985838197673;368,1900000000000;19,56778960998370;7,78246601031411;1,22263316637779;34,6432857714362;real
Galicia;2024-03-01;15,7379150845555;17,7565575533517;84,7891231964484;0,10860931101234526;0,3358370264048401;0,319226190602952042;370,7900000000000;19,51117656109194;7,63566828582104;1,23129592292391;34,5160179125043;real
Galicia;2024-04-01;15,8118120079306;17,8174639512919;84,7167107583774;0,11116482421263574;0,3428646877056389;0,322420582103315145;373,2900000000000;19,34607558768778;7,49599549764059;1,24442409223144;34,3642068074560;real
Galicia;2024-05-01;15,8654777851367;17,8112881277246;84,5940658624063;0,10307236574504922;0,3083652595017176;0,318161393436164341;373,5100000000000;19,28072246864728;7,40338896512110;1,26189261744966;34,1970822141465;real
Galicia;2024-06-01;16,0481969789575;17,9196844793035;84,4954273933499;0,05302689890602739;0,3013375982009187;0,316670677402661582;380,4900000000000;19,33685598314111;7,17956171038836;1,27828498633191;33,9911166686205;real
Galicia;2024-07-01;16,0929184599626;17,9586560556080;84,2805194805195;0,05217506117259724;0,3026153548010639;0,305170868001354456;384,8900000000000;19,41952398508869;7,02654540985621;1,29213423671395;33,7333904843549;real
Galicia;2024-08-01;16,1529730201694;17,9888962951447;84,1566081752713;0,04791587250544644;0,2932451397333322;0,299846882167415951;385,7100000000000;19,54831953925774;6,86079059183632;1,30940013183916;33,4895826589146;real
Galicia;2024-09-01;16,1866206106399;18,0031645771797;84,1633064516129;0,03897157630442977;0,2983561661339131;0,304744949134639342;387,2000000000000;19,50693466734565;6,79687265973699;1,31761130407326;33,4328049709982;real
Galicia;2024-10-01;16,3048130961533;18,0772744599881;84,0104397498400;0,01128684996794961;0,3026153548010639;0,306448624601499631;386,9700000000000;19,61453582462851;6,71276543573145;1,33164844637749;33,3812064013131;real
Galicia;2024-11-01;16,4138483260324;18,1381808579284;83,6460615296695;0,01107389053459206;0,2693936831972877;0,307087502901572273;387,7400000000000;19,77255772136886;6,54972550069820;1,35652286733701;33,1465407199387;real
Galicia;2024-12-01;16,4396164174686;18,1550046531636;83,4582240539528;0,01107389053459206;0,2674770482970699;0,311772610435438136;386,3100000000000;19,95613410430968;6,43746261429345;1,36433234882636;32,8787029011370;real
Galicia;2025-01-01;16,1489373525976;17,8067514374734;83,3379196477711;0,01017956017028950;0,2565664655164802;0,305802297360533548;386,9100000000000;20,14553131071589;6,34527723808100;1,37720945789487;33,0851346730996;real
Galicia;2025-02-01;16,0789269081612;17,7143044114370;83,1170009984569;0,01017956017028950;0,2522037968720705;0,301855120967972346;387,7400000000000;20,17644267009129;6,31229235880399;1,38838714678864;33,0004706720434;real
Galicia;2025-03-01;16,2179090664045;17,8362513873546;82,8871089082622;0,01142603692583515;0,2472178898498879;0,342573361649130326;392,9600000000000;20,35810779869030;6,17117735952741;1,39862424102682;32,5855455738367;real
Galicia;2025-04-01;16,5548732826537;18,1738388419815;82,1119469384454;0,01288025980730508;0,2576051961461016;0,174714491902315694;409,0500000000000;21,28751387784004;5,90343645916200;1,43548589499046;32,3905199683669;real
Galicia;2025-05-01;16,9676648348652;18,6088592296670;81,5664018161180;0,01371124431100218;0,2501263356128277;0,177415191539331274;387,0900000000000;21,84079643716819;5,64450520418348;1,45982246709519;32,1685831151438;real
Galicia;2025-06-01;17,4618928684391;19,0804429355151;81,0239582230690;0,01641194394801777;0,2457636669684179;0,160380009213540675;361,0700000000000;22,40896583260463;5,41191005286761;1,48298712732291;31,8464985862947;real
Galicia;2025-07-01;17,7284311479999;19,3226749183428;80,7171261036598;0,01454222881469928;0,2364150913018255;0,146876511028462775;358,4800000000000;22,86169813680130;5,26760035013130;1,49937307381323;31,5397513732293;real
Galicia;2025-08-01;18,0444130055307;19,6525757663105;80,4001159756451;0,02015137421465472;0,2382848064351440;0,150200449043251194;349,5600000000000;23,25812898470330;5,15437282004909;1,51508208800571;31,3300380660190;real
Galicia;2025-09-01;18,3568631789208;19,9074802628196;79,8719881835246;0,02326756610351886;0,2229115931167476;0,148953972287705544;348,5700000000000;23,69045419269005;5,10218411619055;1,53114460967384;31,1007994632974;real
Galicia;2025-10-01;18,7852356905767;20,3130007006238;79,5058395445742;0,03095417276271705;0,2135630174501552;0,147292003280311334;339,8800000000000;24,00248486233291;4,96758254312807;1,54879235601168;30,9473822333027;real
Galicia;2025-11-01;19,2350060532027;20,6312677655398;79,1286528366505;0,03012318825901995;0,0889153418955899;0,255112242635010311;329,4000000000000;24,21688739440211;5,01012912917051;1,56742161595870;30,7287915112291;real
Galicia;2025-12-01;19,4575021540676;20,8836793085378;78,7916318892868;0,03095417276271705;0,1234011987990196;0,162457470472783444;323,8400000000000;24,72600151171580;4,88945578231293;1,58206278026906;30,4666114965943;real
Galicia;2026-01-01;18,9848079007095;20,3723393379271;78,7792510642913;0,02596765289222402;0,1226818246876725;0,160304250925225433;322,3500000000000;24,70610606667708;4,91758745509246;1,58587599220239;30,2261126389796;real
Galicia;2026-02-01;18,9128345635594;20,2386161490175;78,5603549663210;0,03312409266567158;0,1208415973173574;0,158055084139284763;316,9100000000000;24,99932256665944;4,85990678517234;1,59590040758079;29,7148934341698;real
Galicia;2026-03-01;19,1980698059582;20,4827529801460;78,2624406359694;0,00470280327969411;0,1165477334532889;0,170732206023677585;316,1200000000000;25,26095895391654;4,77625951120190;1,61109572700550;29,3197264508480;real
Galicia;2026-04-01;19,3241813453240;20,6166764029177;78,0109971522957;0,00470564787828607;0,1174018922614373;0,169959650145573959;316,1200791565125;25,51834590059585;4,71481558602711;1,62368419504164;28,9233498639779;proyeccion
Galicia;2026-05-01;19,4518786158484;20,7506109488000;77,7595437918306;0,00470564787828607;0,1174018922614373;0,169959650145573959;316,1200791565125;25,77573356143325;4,65554963162751;1,63627316142334;28,4506034079584;proyeccion
Galicia;2026-06-01;19,5795758863728;20,8845454946823;77,5080904313654;0,00470564787828607;0,1174018922614373;0,169959650145573959;316,1200791565125;26,03312122227066;4,60514278227907;1,64886212780505;27,9778569519390;proyeccion
Galicia;2026-07-01;19,7072731568972;21,0184800405646;77,2566370709003;0,00470564787828607;0,1174018922614373;0,169959650145573959;316,1200791565125;26,29050888310807;4,56227077444628;1,66145109418675;27,5051104959195;proyeccion
Galicia;2026-08-01;19,8349704274217;21,1524145864469;77,0051837104352;0,00470564787828607;0,1174018922614373;0,169959650145573959;316,1200791565125;26,54789654394547;4,52580729618148;1,67404006056846;27,0323640399001;proyeccion
Galicia;2026-09-01;19,9626676979461;21,2863491323292;76,7537303499700;0,00470564787828607;0,1174018922614373;0,169959650145573959;316,1200791565125;26,80528420478288;4,49479439722060;1,68662902695016;26,5596175838806;proyeccion
Galicia;2026-10-01;20,0903649684705;21,4202836782114;76,5022769895049;0,00470564787828607;0,1174018922614373;0,169959650145573959;316,1200791565125;27,06267186562028;4,46841732219302;1,69921799333187;26,0868711278612;proyeccion
Galicia;2026-11-01;20,2180622389949;21,5542182240937;76,2508236290398;0,00470564787828607;0,1174018922614373;0,169959650145573959;316,1200791565125;27,32005952645769;4,44598310577589;1,71180695971357;25,6141246718418;proyeccion
Islas Baleares;2023-01-01;21,7244448081507;32,5764379750202;70,3608755669493;2,98939228101760435;2,4959338782107019;0,000000000000000000;226,8800000000000;46,47805737059178;6,67778859075953;1,62572042038648;25,8641078487685;real
Islas Baleares;2023-02-01;21,9265745353369;32,9831524463221;70,1552589226546;3,03603760267596856;2,5916795384568170;0,000000000000000000;224,6200000000000;46,44428574719528;6,67142758414154;1,62010151526461;25,9170254664397;real
Islas Baleares;2023-03-01;21,9052977219489;33,3677717652595;70,2769700147781;3,01148743338209268;2,9681154676295787;0,000000000000000000;223,2800000000000;45,94293408864021;6,76758061894923;1,60912283323371;25,7871360421122;real
Islas Baleares;2023-04-01;22,0877873137000;33,6157284751276;70,3004694835681;2,72015875776143368;3,2512607534856124;0,000000000000000000;221,1700000000000;46,31082480156448;6,46957321983205;1,61035159868104;25,7105025190544;real
Islas Baleares;2023-05-01;22,4740433105903;33,9528841334302;70,3908280727813;2,48693214946961394;3,3437330578258782;0,000000000000000000;221,6000000000000;46,08910107020839;6,54116795257597;1,60932891526781;25,5253732289455;real
Islas Baleares;2023-06-01;22,9053079511861;34,4005155535552;70,4482366325370;2,86173140068945075;2,9787538743235915;0,000000000000000000;220,1300000000000;45,94313760169791;6,47771489211178;1,61600571632726;25,3746443250079;real
Islas Baleares;2023-07-01;22,7571885964464;34,7131210425639;70,4698601879441;3,10641475465174555;3,1882486522979980;0,000000000000000000;219,4500000000000;45,88298061532989;6,46674373110439;1,61760581106836;25,1190663933134;real
Islas Baleares;2023-08-01;23,2784705244530;34,8555120244683;70,4960141718335;2,77253245225503520;3,0327642467701184;0,000000000000000000;220,0800000000000;46,17740300631888;6,33828635510794;1,63007101174155;25,2177158497139;real
Islas Baleares;2023-09-01;23,4863286244745;35,1386573103244;70,5546638130908;2,73243384240837184;3,0835012633107950;0,000000000000000000;220,5400000000000;45,80383151538347;6,24906976249708;1,63871080139373;25,2340766292965;real
Islas Baleares;2023-10-01;23,6941867244960;35,4283493079921;70,5568668589912;2,55239926758661584;3,2504424145091497;0,000000000000000000;220,4100000000000;45,57047404253525;6,18426322112851;1,63856461974166;25,3447123853490;real
Islas Baleares;2023-11-01;23,8283943166358;35,6296606962019;70,5654126160687;2,47547540379913888;3,3388230239671031;0,000000000000000000;219,4700000000000;45,41091152983589;6,14533336127937;1,63853973487190;25,2183866497982;real
Islas Baleares;2023-12-01;23,9225032989290;35,6664859501427;70,6477120511602;2,33963113370635956;3,3691015660962167;0,000000000000000000;218,8800000000000;45,56993684737073;6,09433293732675;1,64126158793145;25,1724137931034;real
Islas Baleares;2024-01-01;23,8340192043896;35,7191847932589;70,6626922412303;2,42422757854856652;3,3917956757462933;0,000000000000000000;219,4100000000000;45,64264239184901;6,07566393853349;1,64083590270641;24,9010316698656;real
Islas Baleares;2024-02-01;23,7923770331178;35,7608269645307;70,6489357108933;2,34992488078907824;3,4897772552093538;0,000000000000000000;223,3700000000000;45,68720180798527;6,11241315811501;1,64000137273070;24,7927453386406;real
Islas Baleares;2024-03-01;23,8805604546345;36,0335423607029;70,7190894981893;2,25520935397478617;3,6743092298647855;0,000000000000000000;227,2900000000000;44,99804490543517;6,04227120248606;1,66140116935070;24,6747859068954;real
Islas Baleares;2024-04-01;23,9377163759880;36,3201384806323;70,6670662784723;2,08537461623881359;3,9960154157685022;0,000000000000000000;232,2400000000000;45,01607058775360;6,03517104428112;1,66616638810247;24,6528894215311;real
Islas Baleares;2024-05-01;24,2986151936769;36,7079822326736;70,7409753008233;2,15967731399830187;3,8768044940884447;0,000000000000000000;239,0500000000000;44,97712272745677;6,02299874478682;1,65980039651870;24,6587648882835;real
Islas Baleares;2024-06-01;24,6342021033379;36,8590371676791;70,8794897616650;2,08047553726566070;3,7037037037037033;0,000000000000000000;245,5000000000000;44,81474773088611;6,02547847612148;1,64696718594630;24,5692387483432;real
Islas Baleares;2024-07-01;24,9730550656477;37,0958259847149;70,7062112556217;1,92370501012476303;3,6400156770527139;0,000000000000000000;247,5300000000000;45,42093567481466;5,87992369864899;1,66261239169528;24,5441314955911;real
Islas Baleares;2024-08-01;25,1943301326017;37,2403488144229;70,7505607177187;1,95881507609902661;3,4767130446142791;0,000000000000000000;250,3700000000000;45,51005677051835;5,82531848065706;1,66123282343791;24,4603292134192;real
Islas Baleares;2024-09-01;25,7307792801620;37,4330459207002;70,7066364418041;1,95309948396368149;3,0651904108694232;0,000000000000000000;248,9700000000000;45,84155192554434;5,76418544974052;1,65706216482087;24,3315280573908;real
Islas Baleares;2024-10-01;25,8875498073029;37,5971650663009;70,5875513526083;1,85511790450062053;3,0733555424913450;0,000000000000000000;248,5400000000000;45,81545471805582;5,67495728118474;1,66125216842769;24,2126927739716;real
Islas Baleares;2024-11-01;26,0051277026586;37,7425044091711;70,5766177438717;1,85348487817623631;3,0243647527598143;0,000000000000000000;248,0400000000000;45,72546203560226;5,68237650704864;1,66152783446890;24,2089275166653;real
Islas Baleares;2024-12-01;26,0051277026586;37,7498530276308;70,5491430570129;1,79142987784963070;3,0619243582206543;0,000000000000000000;247,7300000000000;45,65538112351049;5,67429544164933;1,66002072278564;24,0933734093654;real
Islas Baleares;2025-01-01;25,8810998242571;37,4504898401396;70,5691182729137;1,78327932019919788;2,8982349243128125;0,000000000000000000;248,4600000000000;45,75206425038088;5,59557620328399;1,66819365567444;23,8346501128668;real
Islas Baleares;2025-02-01;25,9688020859063;37,7671924516504;70,5101139983879;1,84337161058842391;2,9656357365061341;0,000000000000000000;247,0100000000000;45,92298024797884;5,61985331357506;1,66706275993621;23,8696640565799;real
Islas Baleares;2025-03-01;25,8185713599332;38,1115050344211;70,5037379153783;2,29325173052938736;2,9932457077660488;0,000000000000000000;247,1000000000000;45,68201233981965;5,67062173706692;1,65675913694408;23,8049605411499;real
Islas Baleares;2025-04-01;25,5400354733993;38,3997856166937;70,5601147318939;2,92503283759449495;2,9534548668326424;0,000000000000000000;244,7500000000000;45,59492597162246;5,65430289944479;1,64929572986551;23,5322617419061;real
Islas Baleares;2025-05-01;25,3029145437554;38,8391089829177;70,5630676084763;3,67293823554689025;2,9112278519645374;0,000000000000000000;241,2900000000000;45,57853658536585;5,61756097560976;1,64478962739497;23,3133778494128;real
Islas Baleares;2025-06-01;26,7638068465962;39,3271558278356;70,5220823713413;2,62619550160482929;2,7041530675151768;0,000000000000000000;231,5700000000000;46,09470366389127;5,61699491682912;1,66536197584805;23,6166225749559;real
Islas Baleares;2025-07-01;26,9773780948714;39,6828372223016;70,5978100029595;2,59696141438844919;2,7512524302526784;0,000000000000000000;227,1800000000000;46,23303187922504;5,59291008934882;1,66090725745763;23,5625119506132;real
Islas Baleares;2025-08-01;27,1235485309533;40,0344583268763;70,5860395670026;2,51656767454340358;2,9599513306585044;0,000000000000000000;225,2600000000000;45,57379412241662;5,61091190832267;1,66159695817491;23,5976893591751;real
Islas Baleares;2025-09-01;27,3281871414679;40,5241292877507;70,5460521401360;2,79429150309901608;2,9039193301604422;0,000000000000000000;222,7300000000000;45,37171554120707;5,54389740830419;1,65676165572163;23,5031830024981;real
Islas Baleares;2025-10-01;27,4516199541593;40,8522007109568;70,5129652628806;2,75125243025267840;3,0598344619811373;0,000000000000000000;220,7300000000000;45,03393299579877;5,59984200509893;1,64762609081497;23,5089026694701;real
Islas Baleares;2025-11-01;27,7423367103667;41,0202967124509;70,5249841872233;2,56935144312853447;3,0435933024164816;0,000000000000000000;217,0700000000000;45,14426835335087;5,52554900149243;1,64751339168106;23,4786737358550;real
Islas Baleares;2025-12-01;27,7788793193871;41,1274883655777;70,4595507267655;2,48570947137055720;3,1231749842832945;0,000000000000000000;215,4500000000000;45,46335789065530;5,43727307977017;1,65861786716558;23,3851894675987;real
Islas Baleares;2026-01-01;27,0629597662467;40,1553604092266;70,3896576839039;2,55924996238726088;2,9623001575775811;0,000000000000000000;211,3300000000000;45,84522174081511;5,39645637394766;1,66129268221318;23,2343478031542;real
Islas Baleares;2026-02-01;27,0368288105664;40,1458582435247;70,3897888342493;2,45710168109148208;3,0660321331570155;0,000000000000000000;208,2700000000000;46,01628584465270;5,38415640026675;1,66887300843486;23,0850168350168;real
Islas Baleares;2026-03-01;27,1191809133165;40,3509466532581;70,2781058735101;2,42859518398568319;3,1436331530561343;0,000000000000000000;205,7500000000000;46,10886111305076;5,37322812652748;1,67262321887409;23,0545816107593;real
Islas Baleares;2026-04-01;27,2706441420867;40,3509160688013;70,2976806734649;2,42859803576548217;3,1436253908318186;0,000000000000000000;203,6818705974384;46,10885183654369;5,33267665481519;1,67262284359745;22,9772276881537;proyeccion
Islas Baleares;2026-05-01;27,4221004550446;40,3509150689292;70,2976806734649;2,42859803576548217;3,1436253908318186;0,000000000000000000;202,0151008794909;46,10885183654369;5,29940688796983;1,67262284359745;22,9036454428119;proyeccion
Islas Baleares;2026-06-01;27,5735567680024;40,3509140690572;70,2976806734649;2,42859803576548217;3,1436253908318186;0,000000000000000000;200,6661367456765;46,10885183654369;5,26613712112447;1,67262284359745;22,8300631974701;proyeccion
Islas Baleares;2026-07-01;27,7250130809603;40,3509130691851;70,2976806734649;2,42859803576548217;3,1436253908318186;0,000000000000000000;199,5743817091390;46,10885183654369;5,23286735427911;1,67262284359745;22,7564809521283;proyeccion
Islas Baleares;2026-08-01;27,8764693939182;40,3509120693130;70,2976806734649;2,42859803576548217;3,1436253908318186;0,000000000000000000;198,6907933097686;46,10885183654369;5,19959758743374;1,67262284359745;22,6828987067865;proyeccion
Islas Baleares;2026-09-01;28,0279257068760;40,3509110694410;70,2976806734649;2,42859803576548217;3,1436253908318186;0,000000000000000000;197,9756800898855;46,10885183654369;5,16632782058838;1,67262284359745;22,6093164614446;proyeccion
Islas Baleares;2026-10-01;28,1793820198339;40,3509100695689;70,2976806734649;2,42859803576548217;3,1436253908318186;0,000000000000000000;197,3969186240085;46,10885183654369;5,13305805374302;1,67262284359745;22,5357342161028;proyeccion
Islas Baleares;2026-11-01;28,3308383327918;40,3509090696968;70,2976806734649;2,42859803576548217;3,1436253908318186;0,000000000000000000;196,9285105103410;46,10885183654369;5,09978828689766;1,67262284359745;22,4621519707610;proyeccion
La Rioja;2023-01-01;19,0398182448247;31,8130857054966;71,4398734177215;0,18679569406275076;4,0717013789154359;0,000000000000000000;261,5400000000000;9,89327724546234;13,69478850198645;1,49929922915207;25,0649475608583;real
La Rioja;2023-02-01;19,2066001145235;31,7552679906676;71,4853057982526;0,18679569406275076;3,8915769596406404;0,000000000000000000;251,1700000000000;9,67916088230757;13,59710010797470;1,50121569989580;25,1853278136132;real
La Rioja;2023-03-01;19,2710891041405;32,0332377734991;71,7235901509134;0,10674039660728614;4,1984555998865885;0,000000000000000000;252,2200000000000;9,62054426983519;13,62207742430050;1,50530810062312;24,8436611711200;real
La Rioja;2023-04-01;19,4712273477791;31,9109310690533;71,6785998408910;0,08005529745546461;3,8115216621851764;0,000000000000000000;245,2300000000000;9,49818071558520;13,43996361431170;1,50662402923709;25,2244508118434;real
La Rioja;2023-05-01;19,7291833062467;32,3023125232800;71,4171974522293;0,67157499532084197;3,3556512183415586;0,000000000000000000;232,8000000000000;9,33979858261843;13,77844088026855;1,51093327321912;25,3443791542241;real
La Rioja;2023-06-01;19,8915176594203;32,3601302381089;70,7936507936508;0,36469635507489434;3,4846291975753627;0,000000000000000000;228,0200000000000;9,24944812362031;13,89256806475350;1,51928451648966;25,1236681887367;real
La Rioja;2023-07-01;20,0494044960686;32,4535280851403;70,3557312252965;0,19791448537600972;3,5246568463030945;0,000000000000000000;224,3600000000000;9,18954343552028;14,14840166023447;1,52318101153505;24,8655787189888;real
La Rioja;2023-08-01;20,0449569795433;32,4223954694632;70,7021791767555;0,14232052880971485;3,5402231541416569;0,000000000000000000;222,0300000000000;8,98909090909091;14,32000000000000;1,52540492567118;24,8538563077503;real
La Rioja;2023-09-01;20,0182718803915;32,4201717112005;70,5834018077239;0,12230670444584872;3,5580132202428714;0,000000000000000000;215,9400000000000;8,81434691062223;14,24526247005010;1,52999333481449;24,4765138653084;real
La Rioja;2023-10-01;20,1272360352614;32,5802823061114;71,2774613506916;0,13787301228441129;3,5958171107079524;0,000000000000000000;211,7500000000000;8,85518237630914;14,30119176598050;1,52966523036129;24,3719535058118;real
La Rioja;2023-11-01;20,3340455536880;32,4268429859885;71,1290322580645;0,13342549575910770;3,2244494808451027;0,000000000000000000;206,7500000000000;8,92008639308855;14,13966882649388;1,51902887139108;24,6460260524825;real
La Rioja;2023-12-01;20,4141008511435;32,5358071408584;71,0227272727273;0,03558013220242871;3,2600296130475312;0,000000000000000000;202,7900000000000;8,81994698001003;14,16493515798524;1,52037037037037;24,4317114409168;real
La Rioja;2024-01-01;21,7087000877838;34,7647631023275;70,9942481511915;0,02847042634463451;3,6608223208142538;0,000000000000000000;199,0300000000000;8,74757211711388;14,22919214445004;1,51923497267760;24,3523800617226;real
La Rioja;2024-02-01;21,7537782628295;35,0447222947164;70,5592105263158;0,03796056845951268;3,7770765617215116;0,000000000000000000;196,3900000000000;8,72782127720710;14,18719919546010;1,51826807721671;24,0312238639532;real
La Rioja;2024-03-01;21,8059740444613;34,3756672756175;70,5978705978706;0,03084296187335405;3,0463356188758928;0,000000000000000000;196,3700000000000;8,72987477638640;14,17531305903399;1,52050919377652;24,0763723150358;real
La Rioja;2024-04-01;21,8771501103229;34,6888419654084;70,6075533661741;0,02847042634463451;3,2219032480011385;0,000000000000000000;196,0300000000000;8,67859944377095;14,10539827426371;1,52076781260167;23,9247565932508;real
La Rioja;2024-05-01;22,0052670288738;35,0589575078887;70,0574241181296;0,04507817504567131;3,3381574889083963;0,000000000000000000;198,9300000000000;8,62239841427156;14,04502336117797;1,52301886792453;23,6191724396181;real
La Rioja;2024-06-01;22,0100120999312;35,2867209186458;70,3060380479735;0,06643099480414719;3,4544117298156540;0,000000000000000000;198,6400000000000;8,53951647108723;13,95447476318394;1,52484639430850;23,5162582688903;real
La Rioja;2024-07-01;21,9815416735866;35,2819758475883;70,4225352112676;0,12811691855085530;3,3950983415976652;0,000000000000000000;198,0100000000000;8,54228644283893;14,08839779005525;1,52379924446843;23,5695587135378;real
La Rioja;2024-08-01;22,0052670288738;35,2938385252319;69,8915763135947;0,07117606586158627;3,3547652376094335;0,000000000000000000;197,9500000000000;8,47122047800877;14,19176919813322;1,52474393530997;23,4820843858172;real
La Rioja;2024-09-01;22,0550902749769;35,2629955633586;70,4296545914069;0,06405845927542765;3,1768250729554679;0,000000000000000000;200,8100000000000;8,37748110475383;14,14847778484142;1,52291308089501;23,3098260460743;real
La Rioja;2024-10-01;22,1879522645852;35,1491138579800;70,4849498327759;0,06643099480414719;2,8731405252793660;0,000000000000000000;206,3700000000000;8,36249125262421;14,07977606717985;1,52801539777588;23,3740414654928;real
La Rioja;2024-11-01;22,1120311276661;35,0660751144748;70,5236486486486;0,07117606586158627;2,8921208095091222;0,000000000000000000;209,9100000000000;8,31751388595936;14,21641004007593;1,52607296137339;23,6360185975899;real
La Rioja;2024-12-01;22,1452466250682;34,9284680538091;70,5980066445183;0,07117606586158627;2,5433580867873498;0,000000000000000000;220,0500000000000;8,45159477307854;14,09301672052831;1,52496250267838;23,6017682106477;real
La Rioja;2025-01-01;21,3960641836129;33,8435176191994;70,9090909090909;0,07098437389683222;2,5462781862347557;0,000000000000000000;223,7200000000000;8,46994535519126;14,17262154967073;1,52761130136986;23,4123947972456;real
La Rioja;2025-02-01;21,4510198279201;33,9511390893010;71,0804224207961;0,07556401092243430;2,5577272787987613;0,000000000000000000;229,2800000000000;8,60139860139860;14,13286713286713;1,52647309991460;23,1759656652360;real
La Rioja;2025-03-01;21,3365289022801;33,9145019930962;71,1147274206672;0,01373891107680624;2,6630589303876087;0,000000000000000000;224,4200000000000;8,60426008968610;14,13957399103139;1,53165915432496;23,0321534204751;real
La Rioja;2025-04-01;21,2907325320241;33,9305307226858;71,5573770491803;0,01831854810240831;2,6538996563364048;0,000000000000000000;225,6700000000000;8,55738855738856;14,27167427167427;1,53204990320499;22,9893851008894;real
La Rioja;2025-05-01;21,3479779948441;33,8435176191994;71,6828478964401;0,02518800364081143;2,5119309085427406;0,000000000000000000;223,3500000000000;8,65512649800266;14,23365337444810;1,53051592834924;22,8406909788868;real
La Rioja;2025-06-01;21,3342390837673;33,9717474559162;71,4862681744750;0,02289818512801040;2,5554374602859600;0,000000000000000000;222,3900000000000;8,66975049060835;14,27670311185870;1,53139422560910;22,7451356273363;real
La Rioja;2025-07-01;21,2930223505369;33,8480972562250;71,8724448078495;0,02518800364081143;2,4569752642355152;0,000000000000000000;225,2900000000000;8,58447488584475;14,19037583421145;1,53080976449081;22,5028924026224;real
La Rioja;2025-08-01;21,3273696282289;33,7061285084313;71,9901719901720;0,02518800364081143;2,2577610536218247;0,000000000000000000;220,3900000000000;8,55539971949509;14,28471248246844;1,53102855915826;22,3980582524272;real
La Rioja;2025-09-01;21,3433983578185;33,6694914122265;71,8494271685761;0,02747782215361247;2,1432701279817730;0,000000000000000000;212,9200000000000;8,53607382550336;14,40156599552573;1,53459929192147;22,3164668031588;real
La Rioja;2025-10-01;21,3525576318697;34,1709616665299;71,8181818181818;0,02518800364081143;2,5852051009523738;0,000000000000000000;207,4100000000000;8,44214789470009;14,37748760561413;1,53576407506702;21,9820164530323;real
La Rioja;2025-11-01;21,5517718424834;34,4686380731940;71,7089125102208;0,02060836661520936;2,6035236490547820;0,091592740512041582;193,2100000000000;8,31971677559913;14,31781045751634;1,56056098597535;21,9357285050716;real
La Rioja;2025-12-01;22,0280540931460;34,2877424106828;71,6381418092910;0,01373891107680624;1,8524631768560409;0,499180435790626598;174,1900000000000;8,21881075283234;14,21197291680633;1,55062370062370;22,0442995493336;real
La Rioja;2026-01-01;21,4477331664133;33,5375122954484;71,7196414017930;0,01117768040776178;2,0164535455602253;0,292855226683358671;167,2300000000000;8,23980106189932;14,25499025472142;1,55086512403586;21,7797256097561;real
La Rioja;2026-02-01;21,1995886613610;33,6694089242600;71,7514124293785;0,00894214432620942;2,3942591433425737;0,362156845211481726;156,5100000000000;8,40632851225640;14,54471379099613;1,55298956026574;21,4421072579117;real
La Rioja;2026-03-01;21,3717249396405;33,8750782437629;71,9001610305958;0,01117768040776178;2,4456764732182776;0,067066082446570682;153,8800000000000;8,68196446061284;15,11823142577305;1,49518828451883;21,3440961141355;real
La Rioja;2026-04-01;21,3717076899340;33,8750576700339;71,8885952460479;0,00759627260526040;2,0068444364749580;0,171001538871495135;146,8997716376573;8,86493969277902;15,11817404737899;1,50548325506195;21,2478369559730;proyeccion
La Rioja;2026-05-01;21,3717076899340;33,8750576700339;71,8885952460479;0,04157853626234656;1,9538678936332092;0,171001538871495135;140,2865786788219;9,01133414330148;15,11817404737899;1,50548325506195;21,1496085909479;proyeccion
La Rioja;2026-06-01;21,3717076899340;33,8750576700339;71,8885952460479;0,02991118278370763;1,9008913507914604;0,171001538871495135;133,6733857199866;9,12844970437265;15,11817404737899;1,50548325506195;21,0513802259227;proyeccion
La Rioja;2026-07-01;21,3717076899340;33,8750576700339;71,8885952460479;0,04378095088394222;1,8479148079497116;0,171001538871495135;127,0601927611512;9,22214215375213;15,11817404737899;1,50548325506195;20,9531518608976;proyeccion
La Rioja;2026-08-01;21,3717076899340;33,8750576700339;71,8885952460479;0,02993472441483017;1,7949382651079626;0,171001538871495135;120,4469998023159;9,29709611367377;15,11817404737899;1,50548325506195;20,8549234958725;proyeccion
La Rioja;2026-09-01;21,3717076899340;33,8750576700339;71,8885952460479;0,02597104243593357;1,7419617222662138;0,171001538871495135;113,8338068434805;9,35705928194551;15,11817404737899;1,50548325506195;20,7566951308473;proyeccion
La Rioja;2026-10-01;21,3717076899340;33,8750576700339;71,8885952460479;0,02529849695215595;1,6889851794244650;0,171001538871495135;107,2206138846452;9,40502981683046;15,11817404737899;1,50548325506195;20,6584667658222;proyeccion
La Rioja;2026-11-01;21,3717076899340;33,8750576700339;71,8885952460479;0,02202919293572937;1,6360086365827160;0,171001538871495135;100,6074209258098;9,44340624495245;15,11817404737899;1,50548325506195;20,5602384007971;proyeccion
País Vasco;2023-01-01;19,3768972109327;32,4942247486985;66,5295082438926;0,16798028238526055;4,1608567291711882;0,000000000000000000;137,1700000000000;37,55062530597713;14,17397302950732;1,37901617209317;24,1458146496735;real
País Vasco;2023-02-01;19,4292238121713;32,7038284638872;66,5787533321990;0,16530449027646879;4,2461847664182146;0,000000000000000000;137,9500000000000;37,55865419814303;14,11805162678736;1,37944912012242;24,1850010046213;real
País Vasco;2023-03-01;19,4048443729579;32,5495244522802;66,5625887028101;0,15638518324716291;4,1537212835477435;0,000000000000000000;143,3200000000000;37,45841650033267;14,09403415391439;1,38168781025924;23,9743055818473;real
País Vasco;2023-04-01;19,5647972790167;32,8524835810423;66,5836752015844;0,14657394551492647;4,1929662344766898;0,000000000000000000;144,7400000000000;37,17036371012840;14,15585697211592;1,38587666778105;24,0035540427236;real
País Vasco;2023-05-01;19,6364490454855;32,9473255457873;66,5952709748330;0,12903264169062492;4,1763168613553185;0,000000000000000000;144,2600000000000;37,12504912020259;14,09858970440554;1,38707284206701;23,9943066896397;real
País Vasco;2023-06-01;19,7387237660882;33,1126300360637;66,6666666666667;0,12784340075338413;4,2033720926775464;0,000000000000000000;148,4200000000000;36,94601564701038;14,10073033829617;1,39003780632917;24,0571719504775;real
País Vasco;2023-07-01;19,8927304674609;33,3023139655536;66,5164413286597;0,13497884637682883;4,1956420265854808;0,000000000000000000;146,3300000000000;37,10708720649079;14,05190478749127;1,39076955267602;24,1060959504326;real
País Vasco;2023-08-01;19,8734053022307;33,3350180913278;66,5301459935362;0,13170843379941669;4,2280488421252924;0,000000000000000000;146,1800000000000;37,03488747017476;14,02162464263451;1,39192747292203;24,0424350829581;real
País Vasco;2023-09-01;19,9013524642559;33,4946736871523;66,5443118934401;0,12754609051907395;4,3175392226526617;0,000000000000000000;144,0200000000000;37,02334255031830;13,98195185732965;1,39391675879172;23,8951632703167;real
País Vasco;2023-10-01;19,9932213266577;33,7155751912448;66,5205935376508;0,13022188262786569;4,3431079028033377;0,000000000000000000;141,4800000000000;36,88528957323246;13,98795886834674;1,39552693800467;23,9582188015393;real
País Vasco;2023-11-01;19,9700311283815;33,7640367594374;66,4947453068242;0,12487029841028217;4,3966237449791734;0,000000000000000000;141,2900000000000;36,79165822609363;13,98185365645624;1,39637332698120;23,9406029991337;real
País Vasco;2023-12-01;20,1201727967082;33,9682888904085;66,6602348530790;0,12754609051907395;4,3909748505272796;0,000000000000000000;139,7400000000000;36,75970335312388;13,90056836189228;1,39873511245087;23,9571582790534;real
País Vasco;2024-01-01;20,5557501103887;34,6855063416417;66,6574409786610;0,12576701128248854;4,4545274601458660;0,000000000000000000;140,4000000000000;36,70419521908131;13,85343741063580;1,39872892655032;23,8378180932668;real
País Vasco;2024-02-01;20,6309667006715;34,8097507498820;66,6371852629833;0,12820317614994595;4,4371697854652314;0,000000000000000000;138,4700000000000;36,76720363747613;13,74603074131510;1,39914980294912;23,6309523809524;real
País Vasco;2024-03-01;20,7829224842791;34,8843582989479;66,5535362382308;0,06455836898762124;4,4207256726098940;0,000000000000000000;136,1400000000000;36,75788109373693;13,74383309641274;1,40182862501465;23,6851326043617;real
País Vasco;2024-04-01;20,8535712654354;34,9443488588090;66,4995936060688;0,05877247742740990;4,4118945749653609;0,000000000000000000;134,8500000000000;36,88942007898566;13,69777593016005;1,40508177570093;23,7344518368528;real
País Vasco;2024-05-01;20,9951733483563;35,1757845212175;66,5098777046096;0,05207302404190204;4,4134171780075215;0,000000000000000000;133,2500000000000;36,94047950790063;13,61013922861773;1,40533758793241;23,5492221769458;real
País Vasco;2024-06-01;21,2107739391263;35,3977800447645;66,4701060369675;0,04750521491541940;4,3765701843872282;0,000000000000000000;131,1000000000000;37,00308917974148;13,51414519144785;1,41283218238985;23,6429634037489;real
País Vasco;2024-07-01;21,1690546157711;35,3615420923611;66,4662729415504;0,08374316731884830;4,3567763448391368;0,000000000000000000;131,8900000000000;37,00548025988022;13,46679816579057;1,41482536394499;23,5364995287690;real
País Vasco;2024-08-01;21,1787992752410;35,3423572940299;66,4706502821581;0,05694535377681684;4,3625622363993486;0,000000000000000000;131,1800000000000;37,08613304642618;13,49749294573801;1,41660435957900;23,4387295228557;real
País Vasco;2024-09-01;21,2427486030117;35,4824367739087;66,5389460424102;0,06212220412016383;4,4088493688810386;0,000000000000000000;129,8600000000000;37,13979603181823;13,47726330897440;1,41828894177012;23,3771784035329;real
País Vasco;2024-10-01;21,3642523257761;35,6438326963777;66,5495980644658;0,04841877674071593;4,4259025229532405;0,000000000000000000;127,8100000000000;37,18329652680185;13,41798835575186;1,41995809398920;23,3413231630280;real
País Vasco;2024-11-01;21,4958052286188;35,8213682110937;66,5176966147840;0,04780973552385158;4,4271206053869694;0,000000000000000000;125,7700000000000;37,33049456289236;13,37438938246794;1,42391874088031;23,4343980170804;real
País Vasco;2024-12-01;21,5481827732692;35,8040105364131;66,4660273413589;0,04628713248169070;4,3610396333571870;0,000000000000000000;127,9200000000000;37,44515643415306;13,29219859560855;1,42690182445132;23,3574669142709;real
País Vasco;2025-01-01;21,0772851128916;35,0367502334282;66,3770392136995;0,04488956349854196;4,2582656129345366;0,000000000000000000;126,3000000000000;37,54067004515608;13,20963066669296;1,43055007052186;23,2868675490472;real
País Vasco;2025-02-01;21,0002891066258;35,0394257703255;66,3149638176206;0,04399771786612060;4,3138573240221350;0,000000000000000000;125,3300000000000;37,68002844894008;13,23172056818855;1,43307710819496;23,1174840285607;real
País Vasco;2025-03-01;21,0166396098869;35,1226646960181;66,3222619827630;0,04399771786612060;4,3492338674415159;0,000000000000000000;127,7500000000000;37,76751164810867;13,27094685303641;1,43295235939799;23,0328387595809;real
País Vasco;2025-04-01;21,4304559833304;35,3298701646174;66,3032631473905;0,04459228162106817;4,1408392713323900;0,000000000000000000;130,3600000000000;37,43805580069242;13,07446880727717;1,43043224947287;22,9931292651453;real
País Vasco;2025-05-01;21,5315318216715;35,4018123789660;66,2971727487857;0,04399771786612060;4,0879230971420562;0,000000000000000000;129,0100000000000;37,28473821661575;13,03568503117502;1,43271939029105;22,9696329732301;real
País Vasco;2025-06-01;21,6724434315941;35,6910676457480;66,3203977146249;0,04429499974359438;4,1280561506010169;0,000000000000000000;129,3300000000000;37,23033434244077;12,90193194732268;1,43635291212861;22,8234318108494;real
País Vasco;2025-07-01;21,7069281293810;35,7749011351956;66,3224566246057;0,04548412725348953;4,1482713182692352;0,000000000000000000;129,9400000000000;37,23497475950091;12,84312791694447;1,43786463611712;22,7636480706434;real
País Vasco;2025-08-01;21,6659032302897;35,7133637865586;66,2548395847205;0,04399771786612060;4,1292452781109130;0,000000000000000000;130,4900000000000;37,25968873970095;12,82327586206897;1,43885839736553;22,6979370750259;real
País Vasco;2025-09-01;21,9058097054110;35,9131372082209;66,1427109226495;0,04310587223369923;4,0769236676755263;0,000000000000000000;130,4000000000000;37,36469078245770;12,77073640301620;1,43798770475118;22,6599237994989;real
País Vasco;2025-10-01;22,0660446373694;36,0602917375705;66,2046856922484;0,04161946284633029;4,0546275268649925;0,000000000000000000;129,5400000000000;37,52402561482134;12,68833738057512;1,43692237221459;22,6802481078928;real
País Vasco;2025-11-01;22,1849573883589;36,1676104953385;66,1827477271083;0,04221402660127787;4,0005222251647625;0,000000000000000000;128,5100000000000;37,24193187746888;12,65931281210405;1,43831908450138;22,6116276693573;real
País Vasco;2025-12-01;22,2372789987943;36,1839609985996;66,1962673088501;0,04429499974359438;3,9342283664881079;0,000000000000000000;129,1400000000000;37,17178284493568;12,53424975618818;1,43933317290982;22,5407787723204;real
País Vasco;2026-01-01;21,6159556386834;35,2948366718147;66,2796923676013;0,05296815701857183;3,8387362146975961;0,000000000000000000;130,4300000000000;36,80525204809418;12,44850705325510;1,44788819624897;22,3282988235025;real
País Vasco;2026-02-01;21,4911021257111;35,1397156405461;66,3360531587433;0,06490054403923912;3,8186548804433027;0,000000000000000000;130,1800000000000;36,98204419889503;12,27788562042706;1,45105898922052;22,0732478583338;real
País Vasco;2026-03-01;21,5434882150701;35,2145113347976;66,4086158054117;0,10564528020737131;3,8058493919333176;0,000000000000000000;130,5000000000000;36,83545009948491;12,33984789036205;1,45296120177240;22,0525596721048;real
País Vasco;2026-04-01;21,5434829773598;35,2145038562533;66,4086085475587;0,10564120484980148;3,8058506727283512;0,000000000000000000;130,4999680019280;36,83546477722331;12,24086544633251;1,45490020909167;21,9944378474549;proyeccion
País Vasco;2026-05-01;21,5434829773598;35,2145038562533;66,4086085475587;0,10564120484980148;3,8058506727283512;0,000000000000000000;130,4999680019280;36,83546477722331;12,17371334331451;1,45683896450712;21,9377849809318;proyeccion
País Vasco;2026-06-01;21,5434829773598;35,2145038562533;66,4086085475587;0,10564120484980148;3,8058506727283512;0,000000000000000000;130,4999680019280;36,83546477722331;12,10656124029651;1,45877771992256;21,8811321144087;proyeccion
País Vasco;2026-07-01;21,5434829773598;35,2145038562533;66,4086085475587;0,10564120484980148;3,8058506727283512;0,000000000000000000;130,4999680019280;36,83546477722331;12,03940913727850;1,46071647533801;21,8244792478856;proyeccion
País Vasco;2026-08-01;21,5434829773598;35,2145038562533;66,4086085475587;0,10564120484980148;3,8058506727283512;0,000000000000000000;130,4999680019280;36,83546477722331;11,97225703426050;1,46265523075345;21,7678263813625;proyeccion
País Vasco;2026-09-01;21,5434829773598;35,2145038562533;66,4086085475587;0,10564120484980148;3,8058506727283512;0,000000000000000000;130,4999680019280;36,83546477722331;11,90510493124249;1,46459398616890;21,7111735148393;proyeccion
País Vasco;2026-10-01;21,5434829773598;35,2145038562533;66,4086085475587;0,10564120484980148;3,8058506727283512;0,000000000000000000;130,4999680019280;36,83546477722331;11,83795282822449;1,46653274158434;21,6545206483162;proyeccion
País Vasco;2026-11-01;21,5434829773598;35,2145038562533;66,4086085475587;0,10564120484980148;3,8058506727283512;0,000000000000000000;130,4999680019280;36,83546477722331;11,77080072520649;1,46847149699979;21,5978677817931;proyeccion
Principado de Asturias;2023-01-01;14,8646882114563;22,8789461354373;74,5266463470952;2,05792475761140947;1,5821429079900546;0,417797554564127649;243,8200000000000;29,36334895890112;9,65060503652022;1,27793257174700;24,2980357592546;real
Principado de Asturias;2023-02-01;14,8569224576540;23,1357337278336;74,5128676470588;2,25206860266908926;1,6504815414503580;0,404336914640128497;249,2800000000000;29,36239782016349;9,76021798365123;1,27887932536502;24,1618315822487;real
Principado de Asturias;2023-03-01;14,9464874848406;23,1419463308755;74,5723954998628;2,27898988251708801;1,5407255543777496;0,405890065400589972;259,7300000000000;29,33828311294169;9,75233037069152;1,27828195358504;24,2730641210827;real
Principado de Asturias;2023-04-01;15,1219935207727;23,0311549099626;74,5614832318459;2,03773379772541041;1,4946487484840600;0,425045591446281013;270,7100000000000;29,20785448310965;9,78059953387447;1,27799650792564;24,2117397806580;real
Principado de Asturias;2023-05-01;15,3860291500512;23,1579955554002;74,5863309352518;1,97353689962633760;1,4195797950617572;0,441612532891203113;274,5600000000000;29,01686874011597;9,64944649446494;1,27662438170867;24,2968485259234;real
Principado de Asturias;2023-06-01;15,4331413897852;23,5131493626258;74,4841877646635;1,94609790285818551;1,7327985317548145;0,437470797529972588;280,1800000000000;28,80439064100208;9,65573383051916;1,27745722911775;24,4111349036403;real
Principado de Asturias;2023-07-01;15,4838776479603;23,8206732131971;74,2488495894613;2,14386576635694270;1,7576489439221976;0,446789702092741214;285,9600000000000;28,65212615722580;9,66316229928344;1,27852079711114;24,4302315106747;real
Principado de Asturias;2023-08-01;15,5589466013826;24,0174056428556;74,2251223491028;2,43275180780277056;1,5686822680660555;0,477335000381816199;289,6200000000000;28,34021770191983;9,72644376899696;1,28083718763518;24,5533960039900;real
Principado de Asturias;2023-09-01;15,6459230439684;24,1023112177608;74,1678129298487;2,64398031122552668;1,3636663676851453;0,479405868062431517;291,1600000000000;27,88833324740939;9,69222044646079;1,28367691340459;24,6294323542840;real
Principado de Asturias;2023-10-01;15,8027912707750;24,2239746939969;74,0880164918885;2,95564589715812209;1,0380224249083965;0,470086963499662835;297,8000000000000;28,27298762401555;9,52490539020149;1,28122133403224;24,7287036183098;real
Principado de Asturias;2023-11-01;15,9710492698250;24,3911972592066;74,0786348843346;3,09232316407872920;0,8071206785197956;0,471122397339970411;305,1700000000000;28,51758158360739;9,45610928408803;1,28140296281889;24,6451493458405;real
Principado de Asturias;2023-12-01;16,1600159456811;24,2659097645294;74,2109381792888;2,93131320191089317;0,6968469745270333;0,458697191256278947;304,4500000000000;28,36570746387445;9,39637376576218;1,28810790030115;24,6222358722359;real
Principado de Asturias;2024-01-01;16,9744105729747;25,5790933565388;74,2038767739702;3,24803524324912285;0,6352486878960107;0,494384466864275396;306,4100000000000;28,39053401065543;9,26279271465742;1,29301505927587;24,6525418494039;real
Principado de Asturias;2024-02-01;16,9635330269491;25,4866342153210;74,2514970059880;3,33233622494765180;0,4938405895629946;0,472085497511761321;307,7500000000000;28,10905415731999;9,19959573051988;1,30064123116383;24,5435852701103;real
Principado de Asturias;2024-03-01;17,0532727816605;25,6155331357246;74,1644471174500;3,52650042150490872;0,3872406385119517;0,486226307345062947;308,1900000000000;28,02270070148090;9,14117303195635;1,30939244139691;24,4893504225528;real
Principado de Asturias;2024-04-01;17,1353982541539;25,8455932341664;74,1342454040188;3,65431158730590377;0,3910477796209175;0,468278356402795581;308,9300000000000;27,87731185647802;9,09551252682597;1,31628896083286;24,4530643910008;real
Principado de Asturias;2024-05-01;17,1761890517499;26,0745655780056;74,0088480517271;3,86805536670927053;0,3475375955184510;0,467190601800233807;316,0900000000000;27,80288358080482;9,08830069578940;1,32430891992021;24,4009931719429;real
Principado de Asturias;2024-06-01;17,2186114812498;26,3883827808446;74,0182032698466;4,18948685176624114;0,3464498409158894;0,469909988306638049;320,0600000000000;27,83419541593508;9,08983058890523;1,33124861808648;24,4674263066634;real
Principado de Asturias;2024-07-01;17,2338400456857;26,7930274929976;74,1254624957955;4,33035107279797682;0,2860794604737171;0,468278356402795581;319,4200000000000;27,74814744890735;9,02204181809600;1,33726764919368;24,4745910036321;real
Principado de Asturias;2024-08-01;17,1326788676475;26,9997008674843;74,0515420363329;4,63546623881652309;0,2877110923775597;0,441084491338753992;325,9900000000000;27,70625266246983;9,00743124911251;1,34135424272245;24,3584139868873;real
Principado de Asturias;2024-09-01;17,1609604873141;27,2085497511761;74,1590985536495;4,77633045984825788;0,3361161721915535;0,453049791966932291;333,0000000000000;27,70817633760362;8,89223813112283;1,34579913161981;24,2050293742812;real
Principado de Asturias;2024-10-01;17,4639001441275;27,6012291627009;74,1217219198417;4,80080493840589551;0,3692926875696843;0,483506920838658816;339,0500000000000;27,62964325119529;8,73942625965428;1,35484272812208;24,1025953825978;real
Principado de Asturias;2024-11-01;17,8446142550241;27,8530443531939;74,2857142857143;4,73771517145731913;0,2996763930057379;0,465558969896391339;342,8700000000000;27,31532094330782;8,55625711162178;1,36607741542213;23,8092383321843;real
Principado de Asturias;2024-12-01;18,0170233595301;27,8911157642836;74,2002228234920;4,67625703641258550;0,2420253990699698;0,512876295107823621;346,3000000000000;27,36097689537029;8,40507774751823;1,37446795665167;23,5761944477541;real
Principado de Asturias;2025-01-01;17,9065071456859;27,5408821776330;74,1301775147929;4,51929688566058019;0,2410860607008831;0,575512963487284979;345,6800000000000;27,30566037735849;8,24150943396226;1,38135946622185;23,4393369386316;real
Principado de Asturias;2025-02-01;18,0665200178325;27,5622172272525;74,0518038852914;4,45209147935900607;0,2298851596506208;0,571245953563375597;344,4300000000000;27,32548252699601;8,07541875690843;1,38887576759565;23,4206920677492;real
Principado de Asturias;2025-03-01;18,3577434451394;27,6235554949087;73,9035253264890;4,19500413144346318;0,2330854170935528;0,591514250701945410;342,0900000000000;27,30922024168556;7,93277730402047;1,39691440525307;23,4801319753264;real
Principado de Asturias;2025-04-01;18,5678936838919;27,7691672085621;73,9828932688732;4,16193480453316500;0,2330854170935528;0,570179201082398168;339,1400000000000;27,20176549920307;7,80375168580653;1,40577961622429;23,3652018496979;real
Principado de Asturias;2025-05-01;18,6356324664340;27,8934438725960;73,8740740740741;4,22540657715131829;0,2021495951452094;0,541376884096009481;336,9100000000000;27,12128888438545;7,76370452933428;1,41231861243882;23,2714196726881;real
Principado de Asturias;2025-06-01;18,7252396748361;27,9537153877712;73,9034442154842;4,22754008211327204;0,1856149316900604;0,547244022741385061;336,2300000000000;27,06768427395059;7,74854388431412;1,41823567949412;23,4043153292907;real
Principado de Asturias;2025-07-01;18,6628346546989;27,6864938912864;73,9370310431073;4,06379357628324733;0,1744140306397981;0,453369804415377442;334,0400000000000;27,15269111549454;7,67481180306751;1,41989139754215;23,3428660418495;real
Principado de Asturias;2025-08-01;18,4708192081230;27,3568673746644;73,9130434782609;3,94858430833769303;0,1728139019183321;0,451236299453422751;331,7100000000000;27,23281434204642;7,66088052359852;1,42067571469824;23,1046518281170;real
Principado de Asturias;2025-09-01;18,2884045338758;27,0837787395342;73,9123934818358;3,87071137722634617;0,1920154465759246;0,479505240199322724;325,8200000000000;27,16873017497186;7,79903816637675;1,42513415772282;22,8238282151928;real
Principado de Asturias;2025-10-01;18,1683948797659;27,1056471653942;73,8594513340849;3,79177169363402111;0,1936155752973906;0,476838358996879375;321,1800000000000;27,18214756258234;7,91954874835310;1,42606347062795;22,7095799686284;real
Principado de Asturias;2025-11-01;18,0601195029467;26,8453595600357;73,7269650244453;3,55815290029997966;0,2042831001071642;0,483238873882743503;323,4300000000000;27,32984944631081;8,08344738915848;1,42415829887773;22,4659054405280;real
Principado de Asturias;2025-12-01;18,0131823937837;26,7077484899896;73,6695939352999;3,43920999867100408;0,2021495951452094;0,499773537337892537;326,8500000000000;27,47982025463926;8,23624864774902;1,42330925026649;22,2746039647448;real
Principado de Asturias;2026-01-01;17,6578605881057;26,0177474020728;73,7110694183865;3,12433324822228675;0,1941231405276652;0,496850308323510625;337,3300000000000;27,53538596235225;8,35087865585458;1,42533277870216;22,0772350555458;real
Principado de Asturias;2026-02-01;17,6494660739207;26,0219446591652;73,5390578413834;3,20198250443335297;0,1951724548007877;0,481110594226672850;354,6700000000000;27,68379216347254;8,24645733191835;1,42856718192628;21,7129248500529;real
Principado de Asturias;2026-03-01;17,7617427011448;26,3907786261678;73,3412410111943;3,49264255808828938;0,2219299687654118;0,463272251583590144;375,0300000000000;27,57049802110818;8,23713720316623;1,43297690080936;21,5333897365580;real
Principado de Asturias;2026-04-01;17,7207344398363;26,2354831409741;73,3412607946036;3,59228811559663441;0,2272538305123714;0,463274053268116937;395,3900425855498;27,57050934919122;8,20147550465761;1,43731198103443;21,3070919080391;proyeccion
Principado de Asturias;2026-05-01;17,6797446178865;26,1467204400585;73,3412607946036;3,69197057157088571;0,2315151679883966;0,463274053268116937;415,7503872625113;27,57050934919122;8,17557191974068;1,44164718701463;21,0808014041060;proyeccion
Principado de Asturias;2026-06-01;17,6387547959367;26,0579577391429;73,3412607946036;3,79165302754513700;0,2349242380203541;0,463274053268116937;436,1107319394728;27,57050934919122;8,15457148004530;1,44598239299483;20,8545109001729;proyeccion
Principado de Asturias;2026-07-01;17,5977649739869;25,9691950382272;73,3412607946036;3,89133548351938785;0,2376514940868299;0,463274053268116937;456,4710766164343;27,57050934919122;8,13754609653897;1,45031759897503;20,6282203962398;proyeccion
Principado de Asturias;2026-08-01;17,5567751520371;25,8804323373116;73,3412607946036;3,99101793949363914;0,2398332989727385;0,463274053268116937;476,8314212933959;27,57050934919122;8,12374335298970;1,45465280495523;20,4019298923067;proyeccion
Principado de Asturias;2026-09-01;17,5157853300873;25,7916696363960;73,3412607946036;4,09070039546789044;0,2415787429076476;0,463274053268116937;497,1917659703574;27,57050934919122;8,11255325384060;1,45898801093544;20,1756393883736;proyeccion
Principado de Asturias;2026-10-01;17,4747955081376;25,7029069354804;73,3412607946036;4,19038285144214218;0,2429750980765208;0,463274053268116937;517,5521106473188;27,57050934919122;8,10348126619412;1,46332321691564;19,9493488844405;proyeccion
Principado de Asturias;2026-11-01;17,4338056861878;25,6141442345647;73,3412607946036;4,29006530741639303;0,2440921822283760;0,463274053268116937;537,9124553242804;27,57050934919122;8,09612646452871;1,46765842289584;19,7230583805074;proyeccion
Región de Murcia;2023-01-01;18,8825543890283;27,6926868962163;72,1825843868653;2,74218050738057517;3,1629436322646476;0,166313471847668815;486,3600000000000;48,62559241706161;10,11058451816746;1,25194483267846;31,9833758724279;real
Región de Murcia;2023-02-01;18,8581551072303;27,9859762223190;72,2208249496982;2,73122572779779471;3,4497596795229026;0,114527241092706053;486,2900000000000;48,31933657468797;10,12607606659511;1,25451520912548;31,8973214285714;real
Región de Murcia;2023-03-01;18,9736782373760;28,4356201297394;72,0489837141775;2,94982337492691649;3,5264431366023667;0,129465576887406869;486,8000000000000;47,83154459298311;10,28891817820456;1,25443522989712;31,9191785066171;real
Región de Murcia;2023-04-01;19,1200739281640;28,8519017538851;71,9852509846644;3,27249142809245352;3,4597185700527029;0,180255918589389524;488,3000000000000;47,63179742631797;10,17642175176422;1,25475285171103;31,7381907996295;real
Región de Murcia;2023-05-01;19,2420703371541;29,4917604704248;71,9138255595064;3,70520522161228572;3,4866075744831644;0,165815527321178768;491,2000000000000;47,36527193199637;10,15309069901791;1,25425044639391;31,7186986526454;real
Región de Murcia;2023-06-01;19,4915405449256;29,9374208216334;71,8734511812325;4,22007986200297314;3,1121532905626648;0,191210698172170124;496,5800000000000;47,38117048346056;10,06615776081425;1,25498160637646;31,8808653125964;real
Región de Murcia;2023-07-01;19,6294711787633;30,0798329562095;71,7384187264691;4,25194831169833520;3,0688321167580326;0,200173699648990594;498,0500000000000;47,58182112767336;10,00891121192482;1,25253037721012;31,7567567567568;real
Región de Murcia;2023-08-01;19,6040760079123;30,2262286469976;71,6947830726922;4,54922119401288061;2,9652596552481070;0,161334026582768547;497,3700000000000;47,45848624318242;10,16402749335983;1,25275590551181;31,7330391616106;real
Región de Murcia;2023-09-01;19,7425045862766;30,6619301076764;71,6845298281092;4,37095705352945174;3,3954837261354900;0,118510797304626256;498,8700000000000;47,96601961338230;10,09927761410872;1,24994955609362;31,5428153313104;real
Región de Murcia;2023-10-01;19,8097270973527;30,9268365957690;71,5358224016145;4,62988820730426465;3,3138208237911257;0,052782119807942791;503,9900000000000;47,83920811202318;10,33719620151296;1,24937787497172;31,4656100607261;real
Región de Murcia;2023-11-01;20,0422671912236;31,0931500676167;71,4365500458770;4,34605982720494932;3,5100109672281956;0,075189623499993974;508,1000000000000;47,88813694267516;10,33439490445860;1,24819875776398;31,2437895092920;real
Región de Murcia;2023-12-01;20,1587862104222;31,2509984825141;71,3962713209044;4,33410915856918955;3,5334143599732268;0,125482020675486639;509,2500000000000;47,82299064311290;10,21740420565370;1,24866613970951;31,0655737704918;real
Región de Murcia;2024-01-01;20,9885191270622;32,8026412703645;71,3164777680907;4,98689151115895513;3,4942235087484357;0,189030074839427437;509,6300000000000;47,47571863043265;10,09908760914353;1,25070553878623;30,9637514989586;real
Región de Murcia;2024-02-01;21,2027875497685;32,9870357302896;71,2219411950680;5,19497911397946943;3,2346290735466061;0,207057466172887811;510,8800000000000;46,88091833185174;9,95632512657983;1,25703874650796;30,7956581304669;real
Región de Murcia;2024-03-01;21,4958614260182;33,0952000782904;71,2692203416089;5,03427779694976518;3,1120428124790753;0,113315031238893832;510,0800000000000;46,91769789080710;9,77467831491975;1,26441270906216;30,6116041527127;real
Región de Murcia;2024-04-01;21,7770887308201;33,3630356066732;71,2850868818026;4,96062302664448485;3,1228592472791519;0,081895863486291451;510,4600000000000;46,66257965037433;9,61749242973119;1,27315515610218;30,3746147322260;real
Región de Murcia;2024-05-01;22,0356530293743;33,7678793091904;71,2819351673648;4,95495727508253925;3,1841523778129170;0,091167093314928227;511,4500000000000;46,50434782608696;9,54324942791762;1,27682202795568;30,2324156523160;real
Región de Murcia;2024-06-01;22,2226228309185;33,9630902039155;71,3131313131313;4,74686967226202494;3,3263112351853472;0,123101329391343758;515,2700000000000;46,23217187217909;9,39519768911356;1,28381040676788;30,0929379271415;real
Región de Murcia;2024-07-01;22,5012747941014;33,9847230735157;71,2891628145865;4,50787797001272228;3,2140263405940797;0,127736944305662153;513,5300000000000;46,38854849308257;9,22443035501803;1,28890262326603;29,9603413051316;real
Región de Murcia;2024-08-01;22,4631597381393;33,8683176323339;71,2728473904426;4,52229988307949071;3,1146181540981410;0,117435577829399063;513,2600000000000;46,40856467073323;9,22089239031851;1,28934696872420;29,8515878289937;real
Región de Murcia;2024-09-01;22,6897898006171;34,2819174963559;71,3481922462611;4,59646972170858525;3,1826071728414775;0,108679416324575451;512,9299999999999;46,49748876553000;9,23076923076923;1,28813674748025;29,6868467679322;real
Región de Murcia;2024-10-01;22,7912582604082;34,4714626395191;71,3388513758803;4,41877114999304599;3,3118893221185788;0,049961627409875926;514,3800000000000;46,19963931154028;9,32011976257595;1,29071843431490;29,6355492413031;real
Región de Murcia;2024-11-01;22,8793349437803;34,5306954967576;71,3964290898534;4,03504524875224657;3,6008426517777581;0,045326012495557538;516,9600000000000;45,95102922224931;9,32917697049911;1,29270598829356;29,3186283091167;real
Región de Murcia;2024-12-01;22,9874992917811;34,4122297822806;71,3917063904520;3,80326450303632768;3,5987823784825053;0,021117801276339308;520,0800000000000;46,09811633202236;9,16304422824812;1,29894689670625;29,2461785845748;real
Región de Murcia;2025-01-01;22,5381866338091;33,6391670411583;71,3859168947499;3,55977201309555147;3,5778648822853643;0,026134144385284299;524,8000000000000;46,26221079691516;9,01970865467009;1,30114840004460;29,0354861057655;real
Región de Murcia;2025-02-01;22,6653392978375;33,9055342820084;71,3956701980654;3,76532711027980715;3,4582509137527166;0,060812143665757698;532,9800000000000;45,93897868154605;8,88014517578821;1,30744157168832;28,8481886915870;real
Región de Murcia;2025-03-01;22,9307013792881;34,4010778659293;71,3831977941433;4,00807310524312133;3,3341137279226163;0,118608809133213353;542,8300000000000;45,92269659918487;8,75592971203314;1,31214658308859;28,9513968618446;real
Región de Murcia;2025-04-01;23,2096331126310;34,8101777414990;71,3481796657859;4,24378298441039714;3,1592159924210979;0,129162982827270484;548,8600000000000;46,03581824460999;8,74076997714079;1,31671033541933;28,9782148779233;real
Región de Murcia;2025-05-01;23,3945824421269;35,2675252682414;71,4527027027027;4,53628436964569381;3,0159807780017518;0,059806984266323686;555,3300000000000;46,18661983282922;8,66913845253196;1,32105952866871;29,1322549952426;real
Región de Murcia;2025-06-01;23,6368258573905;35,7640740115618;71,4809628592385;4,80415934959485824;2,9551686343359940;0,074381795558116859;564,2300000000000;46,18120644075943;8,55082912761355;1,32710339988518;29,0204305342934;real
Región de Murcia;2025-07-01;23,8569557658665;36,2053389879134;71,4248064569264;4,80616966839372584;3,0295504298941109;0,128660403127553474;564,6600000000000;46,23220831151521;8,42576284095778;1,32762434430892;28,9436790848085;real
Región de Murcia;2025-08-01;24,1047275578270;36,2746949864743;71,4573976436894;4,94236876701703487;2,7571522326474933;0,219627328776331510;562,4800000000000;46,27724635408499;8,28289164183786;1,32959426212418;28,7924711869481;real
Región de Murcia;2025-09-01;24,1338771804106;36,7591818170015;71,4865830680268;4,38651561913002652;3,6813963004270671;0,148261011416516708;562,9000000000000;46,61880244989215;8,31798214538756;1,32263640149938;28,4705032071551;real
Región de Murcia;2025-10-01;24,4163269716516;37,2612589370188;71,5218370103557;4,10205550909020111;4,0301866120306693;0,161328083609158845;563,1600000000000;46,31065706988623;8,22072595000387;1,32981351117698;28,5012632285649;real
Región de Murcia;2025-11-01;24,7022948207906;37,4537469620104;71,4993447757855;3,99299571425161037;3,9904828157530257;0,266367240850013065;564,5300000000000;45,97261193119434;8,13407344150299;1,33417427926187;28,5123749802946;real
Región de Murcia;2025-12-01;25,2732253596691;37,4864146424920;71,5220545112202;3,74421876289169253;3,6582776342400849;0,202037039286236342;558,7800000000000;46,81893065748091;7,95566871349408;1,32777855111659;28,3691762498697;real
Región de Murcia;2026-01-01;24,6496896899528;36,6901794837256;71,5665569290018;3,70351509496571607;3,5605983447940517;0,079343437164268837;556,7800000000000;46,71149622408761;8,00012034780516;1,32900155943860;28,2584770190242;real
Región de Murcia;2026-02-01;24,6063218485214;36,5295213438774;71,6050532327653;3,27870737548994118;3,8301689046006051;0,104969888919187959;553,6100000000000;46,73775718926723;8,03302851642402;1,33162427398358;28,0024955807424;real
Región de Murcia;2026-03-01;24,8315389341367;36,5728891853088;71,6098966796456;3,03722734933781924;3,7212564846421983;0,129117891534400231;553,0599999999999;46,73412380018425;7,93587114795994;1,33570166908131;27,7037522869274;real
Región de Murcia;2026-04-01;24,9875917351618;36,6898793167603;71,6401601384904;2,80442280263609423;3,7212673735836721;0,141072131855204647;552,3915308611810;46,73412419456977;7,87606541125942;1,33765611617512;27,5959455024111;proyeccion
Región de Murcia;2026-05-01;25,1459478678445;36,8029947859752;71,6656944110025;2,57161695514374422;3,7212673735836721;0,153027594720560822;551,8637311748374;46,73412419456977;7,81625593479938;1,33961081903655;27,4824956537982;proyeccion
Región de Murcia;2026-06-01;25,3043040005272;36,9123712425360;71,6912286835147;2,33881110765139377;3,7212673735836721;0,164983057585917026;551,4414914079891;46,73412419456977;7,75644645833934;1,34156552189799;27,3690458051853;proyeccion
Región de Murcia;2026-07-01;25,4626601332100;37,0181322788720;71,7167629560268;2,10600526015904377;3,7212673735836721;0,176938520451273229;551,1036995802917;46,73412419456977;7,69663698187929;1,34352022475942;27,2555959565724;proyeccion
Región de Murcia;2026-08-01;25,6210162658927;37,1203974020857;71,7422972285389;1,87319941266669376;3,7212673735836721;0,188893983316629432;550,8334661067587;46,73412419456977;7,63682750541925;1,34547492762086;27,1421461079594;proyeccion
Región de Murcia;2026-09-01;25,7793723985754;37,2192821689924;71,7678315010510;1,64039356517434376;3,7212673735836721;0,200849446181985636;550,6172793188323;46,73412419456977;7,57701802895920;1,34742963048230;27,0286962593465;proyeccion
Región de Murcia;2026-10-01;25,9377285312581;37,3148983166969;71,7933657735631;1,40758771768199353;3,7212673735836721;0,212804909047341811;550,4443298812110;46,73412419456977;7,51720855249916;1,34938433334373;26,9152464107336;proyeccion
Región de Murcia;2026-11-01;26,0960846639409;37,4073538888525;71,8189000460752;1,17478187018964353;3,7212673735836721;0,224760371912698015;550,3059703252901;46,73412419456977;7,45739907603912;1,35133903620517;26,8017965621206;proyeccion
