df_origen;ccaa;periodo;variable;yhat
benpresaad_all;Andalucía;2023-01;censo_total;8,45736526505419e+06
benpresaad_all;Andalucía;2023-02;censo_total;8,45783262931612e+06
benpresaad_all;Andalucía;2023-03;censo_total;8,45829999357805e+06
benpresaad_all;Andalucía;2023-04;censo_total;8,45876735783998e+06
benpresaad_all;Andalucía;2023-05;censo_total;8,45923472210190e+06
benpresaad_all;Andalucía;2023-06;censo_total;8,45970208636383e+06
benpresaad_all;Andalucía;2023-07;censo_total;8,46016945062576e+06
benpresaad_all;Andalucía;2023-08;censo_total;8,46063681488769e+06
benpresaad_all;Andalucía;2023-09;censo_total;8,46110417914962e+06
benpresaad_all;Andalucía;2023-10;censo_total;8,46157154341155e+06
benpresaad_all;Andalucía;2023-11;censo_total;8,46203890767348e+06
benpresaad_all;Andalucía;2023-12;censo_total;8,46250627193541e+06
benpresaad_all;Andalucía;2024-01;censo_total;8,46297363619734e+06
benpresaad_all;Andalucía;2024-02;censo_total;8,46344100045927e+06
benpresaad_all;Andalucía;2024-03;censo_total;8,46390836472120e+06
benpresaad_all;Andalucía;2024-04;censo_total;8,46437572898312e+06
benpresaad_all;Andalucía;2024-05;censo_total;8,46484309324505e+06
benpresaad_all;Andalucía;2024-06;censo_total;8,46531045750698e+06
benpresaad_all;Andalucía;2024-07;censo_total;8,46577782176891e+06
benpresaad_all;Andalucía;2024-08;censo_total;8,46624518603084e+06
benpresaad_all;Andalucía;2024-09;censo_total;8,46671255029277e+06
benpresaad_all;Andalucía;2024-10;censo_total;8,46717991455470e+06
benpresaad_all;Andalucía;2024-11;censo_total;8,46764727881663e+06
benpresaad_all;Andalucía;2024-12;censo_total;8,46811464307856e+06
benpresaad_all;Andalucía;2025-01;censo_total;8,46858200734049e+06
benpresaad_all;Andalucía;2025-02;censo_total;8,46904937160241e+06
benpresaad_all;Andalucía;2025-03;censo_total;8,46951673586434e+06
benpresaad_all;Andalucía;2025-04;censo_total;8,46998410012627e+06
benpresaad_all;Andalucía;2025-05;censo_total;8,47045146438820e+06
benpresaad_all;Andalucía;2025-06;censo_total;8,47091882865013e+06
benpresaad_all;Andalucía;2025-07;censo_total;8,47138619291206e+06
benpresaad_all;Andalucía;2025-08;censo_total;8,47185355717399e+06
benpresaad_all;Andalucía;2025-09;censo_total;8,47232092143592e+06
benpresaad_all;Andalucía;2023-01;ppd;9,41928662069326e+05
benpresaad_all;Andalucía;2023-02;ppd;9,43040752170799e+05
benpresaad_all;Andalucía;2023-03;ppd;9,44152842272273e+05
benpresaad_all;Andalucía;2023-04;ppd;9,45264932373746e+05
benpresaad_all;Andalucía;2023-05;ppd;9,46377022475220e+05
benpresaad_all;Andalucía;2023-06;ppd;9,47489112576693e+05
benpresaad_all;Andalucía;2023-07;ppd;9,48601202678167e+05
benpresaad_all;Andalucía;2023-08;ppd;9,49713292779640e+05
benpresaad_all;Andalucía;2023-09;ppd;9,50825382881113e+05
benpresaad_all;Andalucía;2023-10;ppd;9,51937472982587e+05
benpresaad_all;Andalucía;2023-11;ppd;9,53049563084060e+05
benpresaad_all;Andalucía;2023-12;ppd;9,54161653185534e+05
benpresaad_all;Andalucía;2024-01;ppd;9,55273743287007e+05
benpresaad_all;Andalucía;2024-02;ppd;9,56385833388481e+05
benpresaad_all;Andalucía;2024-03;ppd;9,57497923489954e+05
benpresaad_all;Andalucía;2024-04;ppd;9,58610013591427e+05
benpresaad_all;Andalucía;2024-05;ppd;9,59722103692901e+05
benpresaad_all;Andalucía;2024-06;ppd;9,60834193794374e+05
benpresaad_all;Andalucía;2024-07;ppd;9,61946283895848e+05
benpresaad_all;Andalucía;2024-08;ppd;9,63058373997321e+05
benpresaad_all;Andalucía;2024-09;ppd;9,64170464098795e+05
benpresaad_all;Andalucía;2024-10;ppd;9,65282554200268e+05
benpresaad_all;Andalucía;2024-11;ppd;9,66394644301741e+05
benpresaad_all;Andalucía;2024-12;ppd;9,67506734403215e+05
benpresaad_all;Andalucía;2025-01;ppd;9,68618824504688e+05
benpresaad_all;Andalucía;2025-02;ppd;9,69730914606162e+05
benpresaad_all;Andalucía;2025-03;ppd;9,70843004707635e+05
benpresaad_all;Andalucía;2025-04;ppd;9,71955094809108e+05
benpresaad_all;Andalucía;2025-05;ppd;9,73067184910582e+05
benpresaad_all;Andalucía;2025-06;ppd;9,74179275012055e+05
benpresaad_all;Andalucía;2025-07;ppd;9,75291365113529e+05
benpresaad_all;Andalucía;2025-08;ppd;9,76403455215002e+05
benpresaad_all;Andalucía;2025-09;ppd;9,77515545316476e+05
benpresaad_all;Andalucía;2023-01;ppd_percent;1,11365060792843e+01
benpresaad_all;Andalucía;2023-02;ppd_percent;1,11490878301265e+01
benpresaad_all;Andalucía;2023-03;ppd_percent;1,11616695809687e+01
benpresaad_all;Andalucía;2023-04;ppd_percent;1,11742513318108e+01
benpresaad_all;Andalucía;2023-05;ppd_percent;1,11868330826530e+01
benpresaad_all;Andalucía;2023-06;ppd_percent;1,11994148334952e+01
benpresaad_all;Andalucía;2023-07;ppd_percent;1,12119965843374e+01
benpresaad_all;Andalucía;2023-08;ppd_percent;1,12245783351796e+01
benpresaad_all;Andalucía;2023-09;ppd_percent;1,12371600860217e+01
benpresaad_all;Andalucía;2023-10;ppd_percent;1,12497418368639e+01
benpresaad_all;Andalucía;2023-11;ppd_percent;1,12623235877061e+01
benpresaad_all;Andalucía;2023-12;ppd_percent;1,12749053385483e+01
benpresaad_all;Andalucía;2024-01;ppd_percent;1,12874870893905e+01
benpresaad_all;Andalucía;2024-02;ppd_percent;1,13000688402326e+01
benpresaad_all;Andalucía;2024-03;ppd_percent;1,13126505910748e+01
benpresaad_all;Andalucía;2024-04;ppd_percent;1,13252323419170e+01
benpresaad_all;Andalucía;2024-05;ppd_percent;1,13378140927592e+01
benpresaad_all;Andalucía;2024-06;ppd_percent;1,13503958436013e+01
benpresaad_all;Andalucía;2024-07;ppd_percent;1,13629775944435e+01
benpresaad_all;Andalucía;2024-08;ppd_percent;1,13755593452857e+01
benpresaad_all;Andalucía;2024-09;ppd_percent;1,13881410961279e+01
benpresaad_all;Andalucía;2024-10;ppd_percent;1,14007228469701e+01
benpresaad_all;Andalucía;2024-11;ppd_percent;1,14133045978122e+01
benpresaad_all;Andalucía;2024-12;ppd_percent;1,14258863486544e+01
benpresaad_all;Andalucía;2025-01;ppd_percent;1,14384680994966e+01
benpresaad_all;Andalucía;2025-02;ppd_percent;1,14510498503388e+01
benpresaad_all;Andalucía;2025-03;ppd_percent;1,14636316011810e+01
benpresaad_all;Andalucía;2025-04;ppd_percent;1,14762133520231e+01
benpresaad_all;Andalucía;2025-05;ppd_percent;1,14887951028653e+01
benpresaad_all;Andalucía;2025-06;ppd_percent;1,15013768537075e+01
benpresaad_all;Andalucía;2025-07;ppd_percent;1,15139586045497e+01
benpresaad_all;Andalucía;2025-08;ppd_percent;1,15265403553918e+01
benpresaad_all;Andalucía;2025-09;ppd_percent;1,15391221062340e+01
benpresaad_all;Aragón;2023-01;censo_total;1,31543675384293e+06
benpresaad_all;Aragón;2023-02;censo_total;1,31530650271750e+06
benpresaad_all;Aragón;2023-03;censo_total;1,31517625159207e+06
benpresaad_all;Aragón;2023-04;censo_total;1,31504600046664e+06
benpresaad_all;Aragón;2023-05;censo_total;1,31491574934121e+06
benpresaad_all;Aragón;2023-06;censo_total;1,31478549821578e+06
benpresaad_all;Aragón;2023-07;censo_total;1,31465524709034e+06
benpresaad_all;Aragón;2023-08;censo_total;1,31452499596491e+06
benpresaad_all;Aragón;2023-09;censo_total;1,31439474483948e+06
benpresaad_all;Aragón;2023-10;censo_total;1,31426449371405e+06
benpresaad_all;Aragón;2023-11;censo_total;1,31413424258862e+06
benpresaad_all;Aragón;2023-12;censo_total;1,31400399146319e+06
benpresaad_all;Aragón;2024-01;censo_total;1,31387374033776e+06
benpresaad_all;Aragón;2024-02;censo_total;1,31374348921233e+06
benpresaad_all;Aragón;2024-03;censo_total;1,31361323808690e+06
benpresaad_all;Aragón;2024-04;censo_total;1,31348298696147e+06
benpresaad_all;Aragón;2024-05;censo_total;1,31335273583604e+06
benpresaad_all;Aragón;2024-06;censo_total;1,31322248471061e+06
benpresaad_all;Aragón;2024-07;censo_total;1,31309223358518e+06
benpresaad_all;Aragón;2024-08;censo_total;1,31296198245975e+06
benpresaad_all;Aragón;2024-09;censo_total;1,31283173133432e+06
benpresaad_all;Aragón;2024-10;censo_total;1,31270148020888e+06
benpresaad_all;Aragón;2024-11;censo_total;1,31257122908345e+06
benpresaad_all;Aragón;2024-12;censo_total;1,31244097795802e+06
benpresaad_all;Aragón;2025-01;censo_total;1,31231072683259e+06
benpresaad_all;Aragón;2025-02;censo_total;1,31218047570716e+06
benpresaad_all;Aragón;2025-03;censo_total;1,31205022458173e+06
benpresaad_all;Aragón;2025-04;censo_total;1,31191997345630e+06
benpresaad_all;Aragón;2025-05;censo_total;1,31178972233087e+06
benpresaad_all;Aragón;2025-06;censo_total;1,31165947120544e+06
benpresaad_all;Aragón;2025-07;censo_total;1,31152922008001e+06
benpresaad_all;Aragón;2025-08;censo_total;1,31139896895458e+06
benpresaad_all;Aragón;2025-09;censo_total;1,31126871782915e+06
benpresaad_all;Aragón;2023-01;ppd;1,91128480537193e+05
benpresaad_all;Aragón;2023-02;ppd;1,91210105787554e+05
benpresaad_all;Aragón;2023-03;ppd;1,91291731037915e+05
benpresaad_all;Aragón;2023-04;ppd;1,91373356288275e+05
benpresaad_all;Aragón;2023-05;ppd;1,91454981538636e+05
benpresaad_all;Aragón;2023-06;ppd;1,91536606788997e+05
benpresaad_all;Aragón;2023-07;ppd;1,91618232039358e+05
benpresaad_all;Aragón;2023-08;ppd;1,91699857289719e+05
benpresaad_all;Aragón;2023-09;ppd;1,91781482540080e+05
benpresaad_all;Aragón;2023-10;ppd;1,91863107790441e+05
benpresaad_all;Aragón;2023-11;ppd;1,91944733040802e+05
benpresaad_all;Aragón;2023-12;ppd;1,92026358291163e+05
benpresaad_all;Aragón;2024-01;ppd;1,92107983541524e+05
benpresaad_all;Aragón;2024-02;ppd;1,92189608791885e+05
benpresaad_all;Aragón;2024-03;ppd;1,92271234042245e+05
benpresaad_all;Aragón;2024-04;ppd;1,92352859292606e+05
benpresaad_all;Aragón;2024-05;ppd;1,92434484542967e+05
benpresaad_all;Aragón;2024-06;ppd;1,92516109793328e+05
benpresaad_all;Aragón;2024-07;ppd;1,92597735043689e+05
benpresaad_all;Aragón;2024-08;ppd;1,92679360294050e+05
benpresaad_all;Aragón;2024-09;ppd;1,92760985544411e+05
benpresaad_all;Aragón;2024-10;ppd;1,92842610794772e+05
benpresaad_all;Aragón;2024-11;ppd;1,92924236045133e+05
benpresaad_all;Aragón;2024-12;ppd;1,93005861295494e+05
benpresaad_all;Aragón;2025-01;ppd;1,93087486545854e+05
benpresaad_all;Aragón;2025-02;ppd;1,93169111796215e+05
benpresaad_all;Aragón;2025-03;ppd;1,93250737046576e+05
benpresaad_all;Aragón;2025-04;ppd;1,93332362296937e+05
benpresaad_all;Aragón;2025-05;ppd;1,93413987547298e+05
benpresaad_all;Aragón;2025-06;ppd;1,93495612797659e+05
benpresaad_all;Aragón;2025-07;ppd;1,93577238048020e+05
benpresaad_all;Aragón;2025-08;ppd;1,93658863298381e+05
benpresaad_all;Aragón;2025-09;ppd;1,93740488548742e+05
benpresaad_all;Aragón;2023-01;ppd_percent;1,45237403352784e+01
benpresaad_all;Aragón;2023-02;ppd_percent;1,45312089655045e+01
benpresaad_all;Aragón;2023-03;ppd_percent;1,45386775957305e+01
benpresaad_all;Aragón;2023-04;ppd_percent;1,45461462259566e+01
benpresaad_all;Aragón;2023-05;ppd_percent;1,45536148561827e+01
benpresaad_all;Aragón;2023-06;ppd_percent;1,45610834864088e+01
benpresaad_all;Aragón;2023-07;ppd_percent;1,45685521166349e+01
benpresaad_all;Aragón;2023-08;ppd_percent;1,45760207468610e+01
benpresaad_all;Aragón;2023-09;ppd_percent;1,45834893770871e+01
benpresaad_all;Aragón;2023-10;ppd_percent;1,45909580073132e+01
benpresaad_all;Aragón;2023-11;ppd_percent;1,45984266375393e+01
benpresaad_all;Aragón;2023-12;ppd_percent;1,46058952677654e+01
benpresaad_all;Aragón;2024-01;ppd_percent;1,46133638979915e+01
benpresaad_all;Aragón;2024-02;ppd_percent;1,46208325282176e+01
benpresaad_all;Aragón;2024-03;ppd_percent;1,46283011584436e+01
benpresaad_all;Aragón;2024-04;ppd_percent;1,46357697886697e+01
benpresaad_all;Aragón;2024-05;ppd_percent;1,46432384188958e+01
benpresaad_all;Aragón;2024-06;ppd_percent;1,46507070491219e+01
benpresaad_all;Aragón;2024-07;ppd_percent;1,46581756793480e+01
benpresaad_all;Aragón;2024-08;ppd_percent;1,46656443095741e+01
benpresaad_all;Aragón;2024-09;ppd_percent;1,46731129398002e+01
benpresaad_all;Aragón;2024-10;ppd_percent;1,46805815700263e+01
benpresaad_all;Aragón;2024-11;ppd_percent;1,46880502002524e+01
benpresaad_all;Aragón;2024-12;ppd_percent;1,46955188304785e+01
benpresaad_all;Aragón;2025-01;ppd_percent;1,47029874607046e+01
benpresaad_all;Aragón;2025-02;ppd_percent;1,47104560909307e+01
benpresaad_all;Aragón;2025-03;ppd_percent;1,47179247211567e+01
benpresaad_all;Aragón;2025-04;ppd_percent;1,47253933513828e+01
benpresaad_all;Aragón;2025-05;ppd_percent;1,47328619816089e+01
benpresaad_all;Aragón;2025-06;ppd_percent;1,47403306118350e+01
benpresaad_all;Aragón;2025-07;ppd_percent;1,47477992420611e+01
benpresaad_all;Aragón;2025-08;ppd_percent;1,47552678722872e+01
benpresaad_all;Aragón;2025-09;ppd_percent;1,47627365025133e+01
benpresaad_all;Canarias;2023-01;censo_total;2,17606666036414e+06
benpresaad_all;Canarias;2023-02;censo_total;2,17672167613524e+06
benpresaad_all;Canarias;2023-03;censo_total;2,17737669190635e+06
benpresaad_all;Canarias;2023-04;censo_total;2,17803170767745e+06
benpresaad_all;Canarias;2023-05;censo_total;2,17868672344855e+06
benpresaad_all;Canarias;2023-06;censo_total;2,17934173921966e+06
benpresaad_all;Canarias;2023-07;censo_total;2,17999675499076e+06
benpresaad_all;Canarias;2023-08;censo_total;2,18065177076187e+06
benpresaad_all;Canarias;2023-09;censo_total;2,18130678653297e+06
benpresaad_all;Canarias;2023-10;censo_total;2,18196180230407e+06
benpresaad_all;Canarias;2023-11;censo_total;2,18261681807518e+06
benpresaad_all;Canarias;2023-12;censo_total;2,18327183384628e+06
benpresaad_all;Canarias;2024-01;censo_total;2,18392684961739e+06
benpresaad_all;Canarias;2024-02;censo_total;2,18458186538849e+06
benpresaad_all;Canarias;2024-03;censo_total;2,18523688115959e+06
benpresaad_all;Canarias;2024-04;censo_total;2,18589189693070e+06
benpresaad_all;Canarias;2024-05;censo_total;2,18654691270180e+06
benpresaad_all;Canarias;2024-06;censo_total;2,18720192847291e+06
benpresaad_all;Canarias;2024-07;censo_total;2,18785694424401e+06
benpresaad_all;Canarias;2024-08;censo_total;2,18851196001511e+06
benpresaad_all;Canarias;2024-09;censo_total;2,18916697578622e+06
benpresaad_all;Canarias;2024-10;censo_total;2,18982199155732e+06
benpresaad_all;Canarias;2024-11;censo_total;2,19047700732843e+06
benpresaad_all;Canarias;2024-12;censo_total;2,19113202309953e+06
benpresaad_all;Canarias;2025-01;censo_total;2,19178703887063e+06
benpresaad_all;Canarias;2025-02;censo_total;2,19244205464174e+06
benpresaad_all;Canarias;2025-03;censo_total;2,19309707041284e+06
benpresaad_all;Canarias;2025-04;censo_total;2,19375208618395e+06
benpresaad_all;Canarias;2025-05;censo_total;2,19440710195505e+06
benpresaad_all;Canarias;2025-06;censo_total;2,19506211772615e+06
benpresaad_all;Canarias;2025-07;censo_total;2,19571713349726e+06
benpresaad_all;Canarias;2025-08;censo_total;2,19637214926836e+06
benpresaad_all;Canarias;2025-09;censo_total;2,19702716503947e+06
benpresaad_all;Canarias;2023-01;ppd;2,22194309379659e+05
benpresaad_all;Canarias;2023-02;ppd;2,22564211796471e+05
benpresaad_all;Canarias;2023-03;ppd;2,22934114213283e+05
benpresaad_all;Canarias;2023-04;ppd;2,23304016630094e+05
benpresaad_all;Canarias;2023-05;ppd;2,23673919046906e+05
benpresaad_all;Canarias;2023-06;ppd;2,24043821463718e+05
benpresaad_all;Canarias;2023-07;ppd;2,24413723880530e+05
benpresaad_all;Canarias;2023-08;ppd;2,24783626297342e+05
benpresaad_all;Canarias;2023-09;ppd;2,25153528714154e+05
benpresaad_all;Canarias;2023-10;ppd;2,25523431130966e+05
benpresaad_all;Canarias;2023-11;ppd;2,25893333547777e+05
benpresaad_all;Canarias;2023-12;ppd;2,26263235964589e+05
benpresaad_all;Canarias;2024-01;ppd;2,26633138381401e+05
benpresaad_all;Canarias;2024-02;ppd;2,27003040798213e+05
benpresaad_all;Canarias;2024-03;ppd;2,27372943215025e+05
benpresaad_all;Canarias;2024-04;ppd;2,27742845631837e+05
benpresaad_all;Canarias;2024-05;ppd;2,28112748048648e+05
benpresaad_all;Canarias;2024-06;ppd;2,28482650465460e+05
benpresaad_all;Canarias;2024-07;ppd;2,28852552882272e+05
benpresaad_all;Canarias;2024-08;ppd;2,29222455299084e+05
benpresaad_all;Canarias;2024-09;ppd;2,29592357715896e+05
benpresaad_all;Canarias;2024-10;ppd;2,29962260132708e+05
benpresaad_all;Canarias;2024-11;ppd;2,30332162549519e+05
benpresaad_all;Canarias;2024-12;ppd;2,30702064966331e+05
benpresaad_all;Canarias;2025-01;ppd;2,31071967383143e+05
benpresaad_all;Canarias;2025-02;ppd;2,31441869799955e+05
benpresaad_all;Canarias;2025-03;ppd;2,31811772216767e+05
benpresaad_all;Canarias;2025-04;ppd;2,32181674633579e+05
benpresaad_all;Canarias;2025-05;ppd;2,32551577050391e+05
benpresaad_all;Canarias;2025-06;ppd;2,32921479467202e+05
benpresaad_all;Canarias;2025-07;ppd;2,33291381884014e+05
benpresaad_all;Canarias;2025-08;ppd;2,33661284300826e+05
benpresaad_all;Canarias;2025-09;ppd;2,34031186717638e+05
benpresaad_all;Canarias;2023-01;ppd_percent;1,02177557715770e+01
benpresaad_all;Canarias;2023-02;ppd_percent;1,02321672249253e+01
benpresaad_all;Canarias;2023-03;ppd_percent;1,02465786782736e+01
benpresaad_all;Canarias;2023-04;ppd_percent;1,02609901316219e+01
benpresaad_all;Canarias;2023-05;ppd_percent;1,02754015849702e+01
benpresaad_all;Canarias;2023-06;ppd_percent;1,02898130383184e+01
benpresaad_all;Canarias;2023-07;ppd_percent;1,03042244916667e+01
benpresaad_all;Canarias;2023-08;ppd_percent;1,03186359450150e+01
benpresaad_all;Canarias;2023-09;ppd_percent;1,03330473983633e+01
benpresaad_all;Canarias;2023-10;ppd_percent;1,03474588517116e+01
benpresaad_all;Canarias;2023-11;ppd_percent;1,03618703050599e+01
benpresaad_all;Canarias;2023-12;ppd_percent;1,03762817584082e+01
benpresaad_all;Canarias;2024-01;ppd_percent;1,03906932117565e+01
benpresaad_all;Canarias;2024-02;ppd_percent;1,04051046651048e+01
benpresaad_all;Canarias;2024-03;ppd_percent;1,04195161184531e+01
benpresaad_all;Canarias;2024-04;ppd_percent;1,04339275718013e+01
benpresaad_all;Canarias;2024-05;ppd_percent;1,04483390251496e+01
benpresaad_all;Canarias;2024-06;ppd_percent;1,04627504784979e+01
benpresaad_all;Canarias;2024-07;ppd_percent;1,04771619318462e+01
benpresaad_all;Canarias;2024-08;ppd_percent;1,04915733851945e+01
benpresaad_all;Canarias;2024-09;ppd_percent;1,05059848385428e+01
benpresaad_all;Canarias;2024-10;ppd_percent;1,05203962918911e+01
benpresaad_all;Canarias;2024-11;ppd_percent;1,05348077452394e+01
benpresaad_all;Canarias;2024-12;ppd_percent;1,05492191985877e+01
benpresaad_all;Canarias;2025-01;ppd_percent;1,05636306519360e+01
benpresaad_all;Canarias;2025-02;ppd_percent;1,05780421052843e+01
benpresaad_all;Canarias;2025-03;ppd_percent;1,05924535586325e+01
benpresaad_all;Canarias;2025-04;ppd_percent;1,06068650119808e+01
benpresaad_all;Canarias;2025-05;ppd_percent;1,06212764653291e+01
benpresaad_all;Canarias;2025-06;ppd_percent;1,06356879186774e+01
benpresaad_all;Canarias;2025-07;ppd_percent;1,06500993720257e+01
benpresaad_all;Canarias;2025-08;ppd_percent;1,06645108253740e+01
benpresaad_all;Canarias;2025-09;ppd_percent;1,06789222787223e+01
benpresaad_all;Cantabria;2023-01;censo_total;5,80233899809074e+05
benpresaad_all;Cantabria;2023-02;censo_total;5,80161268556898e+05
benpresaad_all;Cantabria;2023-03;censo_total;5,80088637304722e+05
benpresaad_all;Cantabria;2023-04;censo_total;5,80016006052545e+05
benpresaad_all;Cantabria;2023-05;censo_total;5,79943374800369e+05
benpresaad_all;Cantabria;2023-06;censo_total;5,79870743548192e+05
benpresaad_all;Cantabria;2023-07;censo_total;5,79798112296016e+05
benpresaad_all;Cantabria;2023-08;censo_total;5,79725481043840e+05
benpresaad_all;Cantabria;2023-09;censo_total;5,79652849791663e+05
benpresaad_all;Cantabria;2023-10;censo_total;5,79580218539487e+05
benpresaad_all;Cantabria;2023-11;censo_total;5,79507587287311e+05
benpresaad_all;Cantabria;2023-12;censo_total;5,79434956035134e+05
benpresaad_all;Cantabria;2024-01;censo_total;5,79362324782958e+05
benpresaad_all;Cantabria;2024-02;censo_total;5,79289693530781e+05
benpresaad_all;Cantabria;2024-03;censo_total;5,79217062278605e+05
benpresaad_all;Cantabria;2024-04;censo_total;5,79144431026429e+05
benpresaad_all;Cantabria;2024-05;censo_total;5,79071799774252e+05
benpresaad_all;Cantabria;2024-06;censo_total;5,78999168522076e+05
benpresaad_all;Cantabria;2024-07;censo_total;5,78926537269900e+05
benpresaad_all;Cantabria;2024-08;censo_total;5,78853906017723e+05
benpresaad_all;Cantabria;2024-09;censo_total;5,78781274765547e+05
benpresaad_all;Cantabria;2024-10;censo_total;5,78708643513371e+05
benpresaad_all;Cantabria;2024-11;censo_total;5,78636012261194e+05
benpresaad_all;Cantabria;2024-12;censo_total;5,78563381009018e+05
benpresaad_all;Cantabria;2025-01;censo_total;5,78490749756841e+05
benpresaad_all;Cantabria;2025-02;censo_total;5,78418118504665e+05
benpresaad_all;Cantabria;2025-03;censo_total;5,78345487252489e+05
benpresaad_all;Cantabria;2025-04;censo_total;5,78272856000312e+05
benpresaad_all;Cantabria;2025-05;censo_total;5,78200224748136e+05
benpresaad_all;Cantabria;2025-06;censo_total;5,78127593495960e+05
benpresaad_all;Cantabria;2025-07;censo_total;5,78054962243783e+05
benpresaad_all;Cantabria;2025-08;censo_total;5,77982330991607e+05
benpresaad_all;Cantabria;2025-09;censo_total;5,77909699739430e+05
benpresaad_all;Cantabria;2023-01;ppd;8,46333201426446e+04
benpresaad_all;Cantabria;2023-02;ppd;8,47171007286009e+04
benpresaad_all;Cantabria;2023-03;ppd;8,48008813145572e+04
benpresaad_all;Cantabria;2023-04;ppd;8,48846619005136e+04
benpresaad_all;Cantabria;2023-05;ppd;8,49684424864699e+04
benpresaad_all;Cantabria;2023-06;ppd;8,50522230724262e+04
benpresaad_all;Cantabria;2023-07;ppd;8,51360036583825e+04
benpresaad_all;Cantabria;2023-08;ppd;8,52197842443389e+04
benpresaad_all;Cantabria;2023-09;ppd;8,53035648302952e+04
benpresaad_all;Cantabria;2023-10;ppd;8,53873454162515e+04
benpresaad_all;Cantabria;2023-11;ppd;8,54711260022078e+04
benpresaad_all;Cantabria;2023-12;ppd;8,55549065881641e+04
benpresaad_all;Cantabria;2024-01;ppd;8,56386871741205e+04
benpresaad_all;Cantabria;2024-02;ppd;8,57224677600768e+04
benpresaad_all;Cantabria;2024-03;ppd;8,58062483460331e+04
benpresaad_all;Cantabria;2024-04;ppd;8,58900289319894e+04
benpresaad_all;Cantabria;2024-05;ppd;8,59738095179458e+04
benpresaad_all;Cantabria;2024-06;ppd;8,60575901039021e+04
benpresaad_all;Cantabria;2024-07;ppd;8,61413706898584e+04
benpresaad_all;Cantabria;2024-08;ppd;8,62251512758147e+04
benpresaad_all;Cantabria;2024-09;ppd;8,63089318617711e+04
benpresaad_all;Cantabria;2024-10;ppd;8,63927124477274e+04
benpresaad_all;Cantabria;2024-11;ppd;8,64764930336837e+04
benpresaad_all;Cantabria;2024-12;ppd;8,65602736196400e+04
benpresaad_all;Cantabria;2025-01;ppd;8,66440542055963e+04
benpresaad_all;Cantabria;2025-02;ppd;8,67278347915527e+04
benpresaad_all;Cantabria;2025-03;ppd;8,68116153775090e+04
benpresaad_all;Cantabria;2025-04;ppd;8,68953959634653e+04
benpresaad_all;Cantabria;2025-05;ppd;8,69791765494216e+04
benpresaad_all;Cantabria;2025-06;ppd;8,70629571353780e+04
benpresaad_all;Cantabria;2025-07;ppd;8,71467377213343e+04
benpresaad_all;Cantabria;2025-08;ppd;8,72305183072906e+04
benpresaad_all;Cantabria;2025-09;ppd;8,73142988932469e+04
benpresaad_all;Cantabria;2023-01;ppd_percent;1,45750426552655e+01
benpresaad_all;Cantabria;2023-02;ppd_percent;1,45909619580106e+01
benpresaad_all;Cantabria;2023-03;ppd_percent;1,46068812607557e+01
benpresaad_all;Cantabria;2023-04;ppd_percent;1,46228005635008e+01
benpresaad_all;Cantabria;2023-05;ppd_percent;1,46387198662459e+01
benpresaad_all;Cantabria;2023-06;ppd_percent;1,46546391689910e+01
benpresaad_all;Cantabria;2023-07;ppd_percent;1,46705584717361e+01
benpresaad_all;Cantabria;2023-08;ppd_percent;1,46864777744812e+01
benpresaad_all;Cantabria;2023-09;ppd_percent;1,47023970772263e+01
benpresaad_all;Cantabria;2023-10;ppd_percent;1,47183163799714e+01
benpresaad_all;Cantabria;2023-11;ppd_percent;1,47342356827165e+01
benpresaad_all;Cantabria;2023-12;ppd_percent;1,47501549854616e+01
benpresaad_all;Cantabria;2024-01;ppd_percent;1,47660742882068e+01
benpresaad_all;Cantabria;2024-02;ppd_percent;1,47819935909519e+01
benpresaad_all;Cantabria;2024-03;ppd_percent;1,47979128936970e+01
benpresaad_all;Cantabria;2024-04;ppd_percent;1,48138321964421e+01
benpresaad_all;Cantabria;2024-05;ppd_percent;1,48297514991872e+01
benpresaad_all;Cantabria;2024-06;ppd_percent;1,48456708019323e+01
benpresaad_all;Cantabria;2024-07;ppd_percent;1,48615901046774e+01
benpresaad_all;Cantabria;2024-08;ppd_percent;1,48775094074225e+01
benpresaad_all;Cantabria;2024-09;ppd_percent;1,48934287101676e+01
benpresaad_all;Cantabria;2024-10;ppd_percent;1,49093480129127e+01
benpresaad_all;Cantabria;2024-11;ppd_percent;1,49252673156578e+01
benpresaad_all;Cantabria;2024-12;ppd_percent;1,49411866184029e+01
benpresaad_all;Cantabria;2025-01;ppd_percent;1,49571059211480e+01
benpresaad_all;Cantabria;2025-02;ppd_percent;1,49730252238931e+01
benpresaad_all;Cantabria;2025-03;ppd_percent;1,49889445266383e+01
benpresaad_all;Cantabria;2025-04;ppd_percent;1,50048638293834e+01
benpresaad_all;Cantabria;2025-05;ppd_percent;1,50207831321285e+01
benpresaad_all;Cantabria;2025-06;ppd_percent;1,50367024348736e+01
benpresaad_all;Cantabria;2025-07;ppd_percent;1,50526217376187e+01
benpresaad_all;Cantabria;2025-08;ppd_percent;1,50685410403638e+01
benpresaad_all;Cantabria;2025-09;ppd_percent;1,50844603431089e+01
benpresaad_all;Castilla y León;2023-01;censo_total;2,34786842538181e+06
benpresaad_all;Castilla y León;2023-02;censo_total;2,34645063306379e+06
benpresaad_all;Castilla y León;2023-03;censo_total;2,34503284074576e+06
benpresaad_all;Castilla y León;2023-04;censo_total;2,34361504842773e+06
benpresaad_all;Castilla y León;2023-05;censo_total;2,34219725610970e+06
benpresaad_all;Castilla y León;2023-06;censo_total;2,34077946379167e+06
benpresaad_all;Castilla y León;2023-07;censo_total;2,33936167147365e+06
benpresaad_all;Castilla y León;2023-08;censo_total;2,33794387915562e+06
benpresaad_all;Castilla y León;2023-09;censo_total;2,33652608683759e+06
benpresaad_all;Castilla y León;2023-10;censo_total;2,33510829451956e+06
benpresaad_all;Castilla y León;2023-11;censo_total;2,33369050220153e+06
benpresaad_all;Castilla y León;2023-12;censo_total;2,33227270988351e+06
benpresaad_all;Castilla y León;2024-01;censo_total;2,33085491756548e+06
benpresaad_all;Castilla y León;2024-02;censo_total;2,32943712524745e+06
benpresaad_all;Castilla y León;2024-03;censo_total;2,32801933292942e+06
benpresaad_all;Castilla y León;2024-04;censo_total;2,32660154061140e+06
benpresaad_all;Castilla y León;2024-05;censo_total;2,32518374829337e+06
benpresaad_all;Castilla y León;2024-06;censo_total;2,32376595597534e+06
benpresaad_all;Castilla y León;2024-07;censo_total;2,32234816365731e+06
benpresaad_all;Castilla y León;2024-08;censo_total;2,32093037133928e+06
benpresaad_all;Castilla y León;2024-09;censo_total;2,31951257902126e+06
benpresaad_all;Castilla y León;2024-10;censo_total;2,31809478670323e+06
benpresaad_all;Castilla y León;2024-11;censo_total;2,31667699438520e+06
benpresaad_all;Castilla y León;2024-12;censo_total;2,31525920206717e+06
benpresaad_all;Castilla y León;2025-01;censo_total;2,31384140974914e+06
benpresaad_all;Castilla y León;2025-02;censo_total;2,31242361743112e+06
benpresaad_all;Castilla y León;2025-03;censo_total;2,31100582511309e+06
benpresaad_all;Castilla y León;2025-04;censo_total;2,30958803279506e+06
benpresaad_all;Castilla y León;2025-05;censo_total;2,30817024047703e+06
benpresaad_all;Castilla y León;2025-06;censo_total;2,30675244815900e+06
benpresaad_all;Castilla y León;2025-07;censo_total;2,30533465584098e+06
benpresaad_all;Castilla y León;2025-08;censo_total;2,30391686352295e+06
benpresaad_all;Castilla y León;2025-09;censo_total;2,30249907120492e+06
benpresaad_all;Castilla y León;2023-01;ppd;4,12629709178694e+05
benpresaad_all;Castilla y León;2023-02;ppd;4,12743133214698e+05
benpresaad_all;Castilla y León;2023-03;ppd;4,12856557250701e+05
benpresaad_all;Castilla y León;2023-04;ppd;4,12969981286705e+05
benpresaad_all;Castilla y León;2023-05;ppd;4,13083405322709e+05
benpresaad_all;Castilla y León;2023-06;ppd;4,13196829358713e+05
benpresaad_all;Castilla y León;2023-07;ppd;4,13310253394716e+05
benpresaad_all;Castilla y León;2023-08;ppd;4,13423677430720e+05
benpresaad_all;Castilla y León;2023-09;ppd;4,13537101466724e+05
benpresaad_all;Castilla y León;2023-10;ppd;4,13650525502728e+05
benpresaad_all;Castilla y León;2023-11;ppd;4,13763949538731e+05
benpresaad_all;Castilla y León;2023-12;ppd;4,13877373574735e+05
benpresaad_all;Castilla y León;2024-01;ppd;4,13990797610739e+05
benpresaad_all;Castilla y León;2024-02;ppd;4,14104221646743e+05
benpresaad_all;Castilla y León;2024-03;ppd;4,14217645682746e+05
benpresaad_all;Castilla y León;2024-04;ppd;4,14331069718750e+05
benpresaad_all;Castilla y León;2024-05;ppd;4,14444493754754e+05
benpresaad_all;Castilla y León;2024-06;ppd;4,14557917790757e+05
benpresaad_all;Castilla y León;2024-07;ppd;4,14671341826761e+05
benpresaad_all;Castilla y León;2024-08;ppd;4,14784765862765e+05
benpresaad_all;Castilla y León;2024-09;ppd;4,14898189898769e+05
benpresaad_all;Castilla y León;2024-10;ppd;4,15011613934772e+05
benpresaad_all;Castilla y León;2024-11;ppd;4,15125037970776e+05
benpresaad_all;Castilla y León;2024-12;ppd;4,15238462006780e+05
benpresaad_all;Castilla y León;2025-01;ppd;4,15351886042784e+05
benpresaad_all;Castilla y León;2025-02;ppd;4,15465310078787e+05
benpresaad_all;Castilla y León;2025-03;ppd;4,15578734114791e+05
benpresaad_all;Castilla y León;2025-04;ppd;4,15692158150795e+05
benpresaad_all;Castilla y León;2025-05;ppd;4,15805582186799e+05
benpresaad_all;Castilla y León;2025-06;ppd;4,15919006222802e+05
benpresaad_all;Castilla y León;2025-07;ppd;4,16032430258806e+05
benpresaad_all;Castilla y León;2025-08;ppd;4,16145854294810e+05
benpresaad_all;Castilla y León;2025-09;ppd;4,16259278330813e+05
benpresaad_all;Castilla y León;2023-01;ppd_percent;1,75425246429328e+01
benpresaad_all;Castilla y León;2023-02;ppd_percent;1,75567005619387e+01
benpresaad_all;Castilla y León;2023-03;ppd_percent;1,75708764809446e+01
benpresaad_all;Castilla y León;2023-04;ppd_percent;1,75850523999505e+01
benpresaad_all;Castilla y León;2023-05;ppd_percent;1,75992283189564e+01
benpresaad_all;Castilla y León;2023-06;ppd_percent;1,76134042379622e+01
benpresaad_all;Castilla y León;2023-07;ppd_percent;1,76275801569681e+01
benpresaad_all;Castilla y León;2023-08;ppd_percent;1,76417560759740e+01
benpresaad_all;Castilla y León;2023-09;ppd_percent;1,76559319949799e+01
benpresaad_all;Castilla y León;2023-10;ppd_percent;1,76701079139857e+01
benpresaad_all;Castilla y León;2023-11;ppd_percent;1,76842838329916e+01
benpresaad_all;Castilla y León;2023-12;ppd_percent;1,76984597519975e+01
benpresaad_all;Castilla y León;2024-01;ppd_percent;1,77126356710034e+01
benpresaad_all;Castilla y León;2024-02;ppd_percent;1,77268115900093e+01
benpresaad_all;Castilla y León;2024-03;ppd_percent;1,77409875090151e+01
benpresaad_all;Castilla y León;2024-04;ppd_percent;1,77551634280210e+01
benpresaad_all;Castilla y León;2024-05;ppd_percent;1,77693393470269e+01
benpresaad_all;Castilla y León;2024-06;ppd_percent;1,77835152660328e+01
benpresaad_all;Castilla y León;2024-07;ppd_percent;1,77976911850386e+01
benpresaad_all;Castilla y León;2024-08;ppd_percent;1,78118671040445e+01
benpresaad_all;Castilla y León;2024-09;ppd_percent;1,78260430230504e+01
benpresaad_all;Castilla y León;2024-10;ppd_percent;1,78402189420563e+01
benpresaad_all;Castilla y León;2024-11;ppd_percent;1,78543948610622e+01
benpresaad_all;Castilla y León;2024-12;ppd_percent;1,78685707800680e+01
benpresaad_all;Castilla y León;2025-01;ppd_percent;1,78827466990739e+01
benpresaad_all;Castilla y León;2025-02;ppd_percent;1,78969226180798e+01
benpresaad_all;Castilla y León;2025-03;ppd_percent;1,79110985370857e+01
benpresaad_all;Castilla y León;2025-04;ppd_percent;1,79252744560916e+01
benpresaad_all;Castilla y León;2025-05;ppd_percent;1,79394503750974e+01
benpresaad_all;Castilla y León;2025-06;ppd_percent;1,79536262941033e+01
benpresaad_all;Castilla y León;2025-07;ppd_percent;1,79678022131092e+01
benpresaad_all;Castilla y León;2025-08;ppd_percent;1,79819781321151e+01
benpresaad_all;Castilla y León;2025-09;ppd_percent;1,79961540511209e+01
benpresaad_all;Castilla-La Mancha;2023-01;censo_total;2,02308267224324e+06
benpresaad_all;Castilla-La Mancha;2023-02;censo_total;2,02255701134559e+06
benpresaad_all;Castilla-La Mancha;2023-03;censo_total;2,02203135044794e+06
benpresaad_all;Castilla-La Mancha;2023-04;censo_total;2,02150568955030e+06
benpresaad_all;Castilla-La Mancha;2023-05;censo_total;2,02098002865265e+06
benpresaad_all;Castilla-La Mancha;2023-06;censo_total;2,02045436775501e+06
benpresaad_all;Castilla-La Mancha;2023-07;censo_total;2,01992870685736e+06
benpresaad_all;Castilla-La Mancha;2023-08;censo_total;2,01940304595971e+06
benpresaad_all;Castilla-La Mancha;2023-09;censo_total;2,01887738506207e+06
benpresaad_all;Castilla-La Mancha;2023-10;censo_total;2,01835172416442e+06
benpresaad_all;Castilla-La Mancha;2023-11;censo_total;2,01782606326677e+06
benpresaad_all;Castilla-La Mancha;2023-12;censo_total;2,01730040236913e+06
benpresaad_all;Castilla-La Mancha;2024-01;censo_total;2,01677474147148e+06
benpresaad_all;Castilla-La Mancha;2024-02;censo_total;2,01624908057384e+06
benpresaad_all;Castilla-La Mancha;2024-03;censo_total;2,01572341967619e+06
benpresaad_all;Castilla-La Mancha;2024-04;censo_total;2,01519775877854e+06
benpresaad_all;Castilla-La Mancha;2024-05;censo_total;2,01467209788090e+06
benpresaad_all;Castilla-La Mancha;2024-06;censo_total;2,01414643698325e+06
benpresaad_all;Castilla-La Mancha;2024-07;censo_total;2,01362077608560e+06
benpresaad_all;Castilla-La Mancha;2024-08;censo_total;2,01309511518796e+06
benpresaad_all;Castilla-La Mancha;2024-09;censo_total;2,01256945429031e+06
benpresaad_all;Castilla-La Mancha;2024-10;censo_total;2,01204379339267e+06
benpresaad_all;Castilla-La Mancha;2024-11;censo_total;2,01151813249502e+06
benpresaad_all;Castilla-La Mancha;2024-12;censo_total;2,01099247159737e+06
benpresaad_all;Castilla-La Mancha;2025-01;censo_total;2,01046681069973e+06
benpresaad_all;Castilla-La Mancha;2025-02;censo_total;2,00994114980208e+06
benpresaad_all;Castilla-La Mancha;2025-03;censo_total;2,00941548890444e+06
benpresaad_all;Castilla-La Mancha;2025-04;censo_total;2,00888982800679e+06
benpresaad_all;Castilla-La Mancha;2025-05;censo_total;2,00836416710914e+06
benpresaad_all;Castilla-La Mancha;2025-06;censo_total;2,00783850621150e+06
benpresaad_all;Castilla-La Mancha;2025-07;censo_total;2,00731284531385e+06
benpresaad_all;Castilla-La Mancha;2025-08;censo_total;2,00678718441620e+06
benpresaad_all;Castilla-La Mancha;2025-09;censo_total;2,00626152351856e+06
benpresaad_all;Castilla-La Mancha;2023-01;ppd;2,57601883185732e+05
benpresaad_all;Castilla-La Mancha;2023-02;ppd;2,57663533295970e+05
benpresaad_all;Castilla-La Mancha;2023-03;ppd;2,57725183406208e+05
benpresaad_all;Castilla-La Mancha;2023-04;ppd;2,57786833516446e+05
benpresaad_all;Castilla-La Mancha;2023-05;ppd;2,57848483626684e+05
benpresaad_all;Castilla-La Mancha;2023-06;ppd;2,57910133736922e+05
benpresaad_all;Castilla-La Mancha;2023-07;ppd;2,57971783847159e+05
benpresaad_all;Castilla-La Mancha;2023-08;ppd;2,58033433957397e+05
benpresaad_all;Castilla-La Mancha;2023-09;ppd;2,58095084067635e+05
benpresaad_all;Castilla-La Mancha;2023-10;ppd;2,58156734177873e+05
benpresaad_all;Castilla-La Mancha;2023-11;ppd;2,58218384288111e+05
benpresaad_all;Castilla-La Mancha;2023-12;ppd;2,58280034398349e+05
benpresaad_all;Castilla-La Mancha;2024-01;ppd;2,58341684508587e+05
benpresaad_all;Castilla-La Mancha;2024-02;ppd;2,58403334618825e+05
benpresaad_all;Castilla-La Mancha;2024-03;ppd;2,58464984729063e+05
benpresaad_all;Castilla-La Mancha;2024-04;ppd;2,58526634839301e+05
benpresaad_all;Castilla-La Mancha;2024-05;ppd;2,58588284949539e+05
benpresaad_all;Castilla-La Mancha;2024-06;ppd;2,58649935059777e+05
benpresaad_all;Castilla-La Mancha;2024-07;ppd;2,58711585170015e+05
benpresaad_all;Castilla-La Mancha;2024-08;ppd;2,58773235280253e+05
benpresaad_all;Castilla-La Mancha;2024-09;ppd;2,58834885390491e+05
benpresaad_all;Castilla-La Mancha;2024-10;ppd;2,58896535500729e+05
benpresaad_all;Castilla-La Mancha;2024-11;ppd;2,58958185610966e+05
benpresaad_all;Castilla-La Mancha;2024-12;ppd;2,59019835721204e+05
benpresaad_all;Castilla-La Mancha;2025-01;ppd;2,59081485831442e+05
benpresaad_all;Castilla-La Mancha;2025-02;ppd;2,59143135941680e+05
benpresaad_all;Castilla-La Mancha;2025-03;ppd;2,59204786051918e+05
benpresaad_all;Castilla-La Mancha;2025-04;ppd;2,59266436162156e+05
benpresaad_all;Castilla-La Mancha;2025-05;ppd;2,59328086272394e+05
benpresaad_all;Castilla-La Mancha;2025-06;ppd;2,59389736382632e+05
benpresaad_all;Castilla-La Mancha;2025-07;ppd;2,59451386492870e+05
benpresaad_all;Castilla-La Mancha;2025-08;ppd;2,59513036603108e+05
benpresaad_all;Castilla-La Mancha;2025-09;ppd;2,59574686713346e+05
benpresaad_all;Castilla-La Mancha;2023-01;ppd_percent;1,27243792681127e+01
benpresaad_all;Castilla-La Mancha;2023-02;ppd_percent;1,27304401065647e+01
benpresaad_all;Castilla-La Mancha;2023-03;ppd_percent;1,27365009450167e+01
benpresaad_all;Castilla-La Mancha;2023-04;ppd_percent;1,27425617834687e+01
benpresaad_all;Castilla-La Mancha;2023-05;ppd_percent;1,27486226219207e+01
benpresaad_all;Castilla-La Mancha;2023-06;ppd_percent;1,27546834603727e+01
benpresaad_all;Castilla-La Mancha;2023-07;ppd_percent;1,27607442988247e+01
benpresaad_all;Castilla-La Mancha;2023-08;ppd_percent;1,27668051372767e+01
benpresaad_all;Castilla-La Mancha;2023-09;ppd_percent;1,27728659757287e+01
benpresaad_all;Castilla-La Mancha;2023-10;ppd_percent;1,27789268141807e+01
benpresaad_all;Castilla-La Mancha;2023-11;ppd_percent;1,27849876526327e+01
benpresaad_all;Castilla-La Mancha;2023-12;ppd_percent;1,27910484910847e+01
benpresaad_all;Castilla-La Mancha;2024-01;ppd_percent;1,27971093295367e+01
benpresaad_all;Castilla-La Mancha;2024-02;ppd_percent;1,28031701679887e+01
benpresaad_all;Castilla-La Mancha;2024-03;ppd_percent;1,28092310064407e+01
benpresaad_all;Castilla-La Mancha;2024-04;ppd_percent;1,28152918448926e+01
benpresaad_all;Castilla-La Mancha;2024-05;ppd_percent;1,28213526833446e+01
benpresaad_all;Castilla-La Mancha;2024-06;ppd_percent;1,28274135217966e+01
benpresaad_all;Castilla-La Mancha;2024-07;ppd_percent;1,28334743602486e+01
benpresaad_all;Castilla-La Mancha;2024-08;ppd_percent;1,28395351987006e+01
benpresaad_all;Castilla-La Mancha;2024-09;ppd_percent;1,28455960371526e+01
benpresaad_all;Castilla-La Mancha;2024-10;ppd_percent;1,28516568756046e+01
benpresaad_all;Castilla-La Mancha;2024-11;ppd_percent;1,28577177140566e+01
benpresaad_all;Castilla-La Mancha;2024-12;ppd_percent;1,28637785525086e+01
benpresaad_all;Castilla-La Mancha;2025-01;ppd_percent;1,28698393909606e+01
benpresaad_all;Castilla-La Mancha;2025-02;ppd_percent;1,28759002294126e+01
benpresaad_all;Castilla-La Mancha;2025-03;ppd_percent;1,28819610678646e+01
benpresaad_all;Castilla-La Mancha;2025-04;ppd_percent;1,28880219063166e+01
benpresaad_all;Castilla-La Mancha;2025-05;ppd_percent;1,28940827447686e+01
benpresaad_all;Castilla-La Mancha;2025-06;ppd_percent;1,29001435832206e+01
benpresaad_all;Castilla-La Mancha;2025-07;ppd_percent;1,29062044216726e+01
benpresaad_all;Castilla-La Mancha;2025-08;ppd_percent;1,29122652601246e+01
benpresaad_all;Castilla-La Mancha;2025-09;ppd_percent;1,29183260985766e+01
benpresaad_all;Cataluña;2023-01;censo_total;7,78045403362867e+06
benpresaad_all;Cataluña;2023-02;censo_total;7,78284722609026e+06
benpresaad_all;Cataluña;2023-03;censo_total;7,78524041855185e+06
benpresaad_all;Cataluña;2023-04;censo_total;7,78763361101343e+06
benpresaad_all;Cataluña;2023-05;censo_total;7,79002680347502e+06
benpresaad_all;Cataluña;2023-06;censo_total;7,79241999593661e+06
benpresaad_all;Cataluña;2023-07;censo_total;7,79481318839819e+06
benpresaad_all;Cataluña;2023-08;censo_total;7,79720638085978e+06
benpresaad_all;Cataluña;2023-09;censo_total;7,79959957332137e+06
benpresaad_all;Cataluña;2023-10;censo_total;7,80199276578295e+06
benpresaad_all;Cataluña;2023-11;censo_total;7,80438595824454e+06
benpresaad_all;Cataluña;2023-12;censo_total;7,80677915070613e+06
benpresaad_all;Cataluña;2024-01;censo_total;7,80917234316771e+06
benpresaad_all;Cataluña;2024-02;censo_total;7,81156553562930e+06
benpresaad_all;Cataluña;2024-03;censo_total;7,81395872809089e+06
benpresaad_all;Cataluña;2024-04;censo_total;7,81635192055247e+06
benpresaad_all;Cataluña;2024-05;censo_total;7,81874511301406e+06
benpresaad_all;Cataluña;2024-06;censo_total;7,82113830547565e+06
benpresaad_all;Cataluña;2024-07;censo_total;7,82353149793723e+06
benpresaad_all;Cataluña;2024-08;censo_total;7,82592469039882e+06
benpresaad_all;Cataluña;2024-09;censo_total;7,82831788286041e+06
benpresaad_all;Cataluña;2024-10;censo_total;7,83071107532199e+06
benpresaad_all;Cataluña;2024-11;censo_total;7,83310426778358e+06
benpresaad_all;Cataluña;2024-12;censo_total;7,83549746024517e+06
benpresaad_all;Cataluña;2025-01;censo_total;7,83789065270675e+06
benpresaad_all;Cataluña;2025-02;censo_total;7,84028384516834e+06
benpresaad_all;Cataluña;2025-03;censo_total;7,84267703762993e+06
benpresaad_all;Cataluña;2025-04;censo_total;7,84507023009151e+06
benpresaad_all;Cataluña;2025-05;censo_total;7,84746342255310e+06
benpresaad_all;Cataluña;2025-06;censo_total;7,84985661501469e+06
benpresaad_all;Cataluña;2025-07;censo_total;7,85224980747627e+06
benpresaad_all;Cataluña;2025-08;censo_total;7,85464299993786e+06
benpresaad_all;Cataluña;2025-09;censo_total;7,85703619239945e+06
benpresaad_all;Cataluña;2023-01;ppd;9,59680466245569e+05
benpresaad_all;Cataluña;2023-02;ppd;9,60733994267556e+05
benpresaad_all;Cataluña;2023-03;ppd;9,61787522289543e+05
benpresaad_all;Cataluña;2023-04;ppd;9,62841050311530e+05
benpresaad_all;Cataluña;2023-05;ppd;9,63894578333516e+05
benpresaad_all;Cataluña;2023-06;ppd;9,64948106355503e+05
benpresaad_all;Cataluña;2023-07;ppd;9,66001634377490e+05
benpresaad_all;Cataluña;2023-08;ppd;9,67055162399477e+05
benpresaad_all;Cataluña;2023-09;ppd;9,68108690421463e+05
benpresaad_all;Cataluña;2023-10;ppd;9,69162218443450e+05
benpresaad_all;Cataluña;2023-11;ppd;9,70215746465437e+05
benpresaad_all;Cataluña;2023-12;ppd;9,71269274487424e+05
benpresaad_all;Cataluña;2024-01;ppd;9,72322802509411e+05
benpresaad_all;Cataluña;2024-02;ppd;9,73376330531397e+05
benpresaad_all;Cataluña;2024-03;ppd;9,74429858553384e+05
benpresaad_all;Cataluña;2024-04;ppd;9,75483386575371e+05
benpresaad_all;Cataluña;2024-05;ppd;9,76536914597358e+05
benpresaad_all;Cataluña;2024-06;ppd;9,77590442619345e+05
benpresaad_all;Cataluña;2024-07;ppd;9,78643970641331e+05
benpresaad_all;Cataluña;2024-08;ppd;9,79697498663318e+05
benpresaad_all;Cataluña;2024-09;ppd;9,80751026685305e+05
benpresaad_all;Cataluña;2024-10;ppd;9,81804554707292e+05
benpresaad_all;Cataluña;2024-11;ppd;9,82858082729279e+05
benpresaad_all;Cataluña;2024-12;ppd;9,83911610751265e+05
benpresaad_all;Cataluña;2025-01;ppd;9,84965138773252e+05
benpresaad_all;Cataluña;2025-02;ppd;9,86018666795239e+05
benpresaad_all;Cataluña;2025-03;ppd;9,87072194817226e+05
benpresaad_all;Cataluña;2025-04;ppd;9,88125722839213e+05
benpresaad_all;Cataluña;2025-05;ppd;9,89179250861199e+05
benpresaad_all;Cataluña;2025-06;ppd;9,90232778883186e+05
benpresaad_all;Cataluña;2025-07;ppd;9,91286306905173e+05
benpresaad_all;Cataluña;2025-08;ppd;9,92339834927160e+05
benpresaad_all;Cataluña;2025-09;ppd;9,93393362949146e+05
benpresaad_all;Cataluña;2023-01;ppd_percent;1,23420625559122e+01
benpresaad_all;Cataluña;2023-02;ppd_percent;1,23521851796312e+01
benpresaad_all;Cataluña;2023-03;ppd_percent;1,23623078033502e+01
benpresaad_all;Cataluña;2023-04;ppd_percent;1,23724304270691e+01
benpresaad_all;Cataluña;2023-05;ppd_percent;1,23825530507881e+01
benpresaad_all;Cataluña;2023-06;ppd_percent;1,23926756745070e+01
benpresaad_all;Cataluña;2023-07;ppd_percent;1,24027982982260e+01
benpresaad_all;Cataluña;2023-08;ppd_percent;1,24129209219450e+01
benpresaad_all;Cataluña;2023-09;ppd_percent;1,24230435456639e+01
benpresaad_all;Cataluña;2023-10;ppd_percent;1,24331661693829e+01
benpresaad_all;Cataluña;2023-11;ppd_percent;1,24432887931019e+01
benpresaad_all;Cataluña;2023-12;ppd_percent;1,24534114168208e+01
benpresaad_all;Cataluña;2024-01;ppd_percent;1,24635340405398e+01
benpresaad_all;Cataluña;2024-02;ppd_percent;1,24736566642588e+01
benpresaad_all;Cataluña;2024-03;ppd_percent;1,24837792879777e+01
benpresaad_all;Cataluña;2024-04;ppd_percent;1,24939019116967e+01
benpresaad_all;Cataluña;2024-05;ppd_percent;1,25040245354157e+01
benpresaad_all;Cataluña;2024-06;ppd_percent;1,25141471591346e+01
benpresaad_all;Cataluña;2024-07;ppd_percent;1,25242697828536e+01
benpresaad_all;Cataluña;2024-08;ppd_percent;1,25343924065726e+01
benpresaad_all;Cataluña;2024-09;ppd_percent;1,25445150302915e+01
benpresaad_all;Cataluña;2024-10;ppd_percent;1,25546376540105e+01
benpresaad_all;Cataluña;2024-11;ppd_percent;1,25647602777294e+01
benpresaad_all;Cataluña;2024-12;ppd_percent;1,25748829014484e+01
benpresaad_all;Cataluña;2025-01;ppd_percent;1,25850055251674e+01
benpresaad_all;Cataluña;2025-02;ppd_percent;1,25951281488863e+01
benpresaad_all;Cataluña;2025-03;ppd_percent;1,26052507726053e+01
benpresaad_all;Cataluña;2025-04;ppd_percent;1,26153733963243e+01
benpresaad_all;Cataluña;2025-05;ppd_percent;1,26254960200432e+01
benpresaad_all;Cataluña;2025-06;ppd_percent;1,26356186437622e+01
benpresaad_all;Cataluña;2025-07;ppd_percent;1,26457412674812e+01
benpresaad_all;Cataluña;2025-08;ppd_percent;1,26558638912001e+01
benpresaad_all;Cataluña;2025-09;ppd_percent;1,26659865149191e+01
benpresaad_all;Comunidad de Madrid;2023-01;censo_total;6,77263805157569e+06
benpresaad_all;Comunidad de Madrid;2023-02;censo_total;6,77554027959857e+06
benpresaad_all;Comunidad de Madrid;2023-03;censo_total;6,77844250762146e+06
benpresaad_all;Comunidad de Madrid;2023-04;censo_total;6,78134473564434e+06
benpresaad_all;Comunidad de Madrid;2023-05;censo_total;6,78424696366723e+06
benpresaad_all;Comunidad de Madrid;2023-06;censo_total;6,78714919169011e+06
benpresaad_all;Comunidad de Madrid;2023-07;censo_total;6,79005141971300e+06
benpresaad_all;Comunidad de Madrid;2023-08;censo_total;6,79295364773588e+06
benpresaad_all;Comunidad de Madrid;2023-09;censo_total;6,79585587575877e+06
benpresaad_all;Comunidad de Madrid;2023-10;censo_total;6,79875810378165e+06
benpresaad_all;Comunidad de Madrid;2023-11;censo_total;6,80166033180454e+06
benpresaad_all;Comunidad de Madrid;2023-12;censo_total;6,80456255982742e+06
benpresaad_all;Comunidad de Madrid;2024-01;censo_total;6,80746478785031e+06
benpresaad_all;Comunidad de Madrid;2024-02;censo_total;6,81036701587319e+06
benpresaad_all;Comunidad de Madrid;2024-03;censo_total;6,81326924389608e+06
benpresaad_all;Comunidad de Madrid;2024-04;censo_total;6,81617147191896e+06
benpresaad_all;Comunidad de Madrid;2024-05;censo_total;6,81907369994185e+06
benpresaad_all;Comunidad de Madrid;2024-06;censo_total;6,82197592796473e+06
benpresaad_all;Comunidad de Madrid;2024-07;censo_total;6,82487815598762e+06
benpresaad_all;Comunidad de Madrid;2024-08;censo_total;6,82778038401050e+06
benpresaad_all;Comunidad de Madrid;2024-09;censo_total;6,83068261203339e+06
benpresaad_all;Comunidad de Madrid;2024-10;censo_total;6,83358484005627e+06
benpresaad_all;Comunidad de Madrid;2024-11;censo_total;6,83648706807916e+06
benpresaad_all;Comunidad de Madrid;2024-12;censo_total;6,83938929610204e+06
benpresaad_all;Comunidad de Madrid;2025-01;censo_total;6,84229152412493e+06
benpresaad_all;Comunidad de Madrid;2025-02;censo_total;6,84519375214781e+06
benpresaad_all;Comunidad de Madrid;2025-03;censo_total;6,84809598017070e+06
benpresaad_all;Comunidad de Madrid;2025-04;censo_total;6,85099820819358e+06
benpresaad_all;Comunidad de Madrid;2025-05;censo_total;6,85390043621647e+06
benpresaad_all;Comunidad de Madrid;2025-06;censo_total;6,85680266423935e+06
benpresaad_all;Comunidad de Madrid;2025-07;censo_total;6,85970489226224e+06
benpresaad_all;Comunidad de Madrid;2025-08;censo_total;6,86260712028512e+06
benpresaad_all;Comunidad de Madrid;2025-09;censo_total;6,86550934830801e+06
benpresaad_all;Comunidad de Madrid;2023-01;ppd;7,96386491339885e+05
benpresaad_all;Comunidad de Madrid;2023-02;ppd;7,97700013173259e+05
benpresaad_all;Comunidad de Madrid;2023-03;ppd;7,99013535006633e+05
benpresaad_all;Comunidad de Madrid;2023-04;ppd;8,00327056840007e+05
benpresaad_all;Comunidad de Madrid;2023-05;ppd;8,01640578673382e+05
benpresaad_all;Comunidad de Madrid;2023-06;ppd;8,02954100506756e+05
benpresaad_all;Comunidad de Madrid;2023-07;ppd;8,04267622340130e+05
benpresaad_all;Comunidad de Madrid;2023-08;ppd;8,05581144173504e+05
benpresaad_all;Comunidad de Madrid;2023-09;ppd;8,06894666006878e+05
benpresaad_all;Comunidad de Madrid;2023-10;ppd;8,08208187840253e+05
benpresaad_all;Comunidad de Madrid;2023-11;ppd;8,09521709673627e+05
benpresaad_all;Comunidad de Madrid;2023-12;ppd;8,10835231507001e+05
benpresaad_all;Comunidad de Madrid;2024-01;ppd;8,12148753340375e+05
benpresaad_all;Comunidad de Madrid;2024-02;ppd;8,13462275173749e+05
benpresaad_all;Comunidad de Madrid;2024-03;ppd;8,14775797007124e+05
benpresaad_all;Comunidad de Madrid;2024-04;ppd;8,16089318840498e+05
benpresaad_all;Comunidad de Madrid;2024-05;ppd;8,17402840673872e+05
benpresaad_all;Comunidad de Madrid;2024-06;ppd;8,18716362507246e+05
benpresaad_all;Comunidad de Madrid;2024-07;ppd;8,20029884340620e+05
benpresaad_all;Comunidad de Madrid;2024-08;ppd;8,21343406173995e+05
benpresaad_all;Comunidad de Madrid;2024-09;ppd;8,22656928007369e+05
benpresaad_all;Comunidad de Madrid;2024-10;ppd;8,23970449840743e+05
benpresaad_all;Comunidad de Madrid;2024-11;ppd;8,25283971674117e+05
benpresaad_all;Comunidad de Madrid;2024-12;ppd;8,26597493507491e+05
benpresaad_all;Comunidad de Madrid;2025-01;ppd;8,27911015340866e+05
benpresaad_all;Comunidad de Madrid;2025-02;ppd;8,29224537174240e+05
benpresaad_all;Comunidad de Madrid;2025-03;ppd;8,30538059007614e+05
benpresaad_all;Comunidad de Madrid;2025-04;ppd;8,31851580840988e+05
benpresaad_all;Comunidad de Madrid;2025-05;ppd;8,33165102674362e+05
benpresaad_all;Comunidad de Madrid;2025-06;ppd;8,34478624507737e+05
benpresaad_all;Comunidad de Madrid;2025-07;ppd;8,35792146341111e+05
benpresaad_all;Comunidad de Madrid;2025-08;ppd;8,37105668174485e+05
benpresaad_all;Comunidad de Madrid;2025-09;ppd;8,38419190007859e+05
benpresaad_all;Comunidad de Madrid;2023-01;ppd_percent;1,17754846284784e+01
benpresaad_all;Comunidad de Madrid;2023-02;ppd_percent;1,17906424078799e+01
benpresaad_all;Comunidad de Madrid;2023-03;ppd_percent;1,18058001872815e+01
benpresaad_all;Comunidad de Madrid;2023-04;ppd_percent;1,18209579666830e+01
benpresaad_all;Comunidad de Madrid;2023-05;ppd_percent;1,18361157460846e+01
benpresaad_all;Comunidad de Madrid;2023-06;ppd_percent;1,18512735254861e+01
benpresaad_all;Comunidad de Madrid;2023-07;ppd_percent;1,18664313048876e+01
benpresaad_all;Comunidad de Madrid;2023-08;ppd_percent;1,18815890842892e+01
benpresaad_all;Comunidad de Madrid;2023-09;ppd_percent;1,18967468636907e+01
benpresaad_all;Comunidad de Madrid;2023-10;ppd_percent;1,19119046430923e+01
benpresaad_all;Comunidad de Madrid;2023-11;ppd_percent;1,19270624224938e+01
benpresaad_all;Comunidad de Madrid;2023-12;ppd_percent;1,19422202018954e+01
benpresaad_all;Comunidad de Madrid;2024-01;ppd_percent;1,19573779812969e+01
benpresaad_all;Comunidad de Madrid;2024-02;ppd_percent;1,19725357606984e+01
benpresaad_all;Comunidad de Madrid;2024-03;ppd_percent;1,19876935401000e+01
benpresaad_all;Comunidad de Madrid;2024-04;ppd_percent;1,20028513195015e+01
benpresaad_all;Comunidad de Madrid;2024-05;ppd_percent;1,20180090989031e+01
benpresaad_all;Comunidad de Madrid;2024-06;ppd_percent;1,20331668783046e+01
benpresaad_all;Comunidad de Madrid;2024-07;ppd_percent;1,20483246577061e+01
benpresaad_all;Comunidad de Madrid;2024-08;ppd_percent;1,20634824371077e+01
benpresaad_all;Comunidad de Madrid;2024-09;ppd_percent;1,20786402165092e+01
benpresaad_all;Comunidad de Madrid;2024-10;ppd_percent;1,20937979959108e+01
benpresaad_all;Comunidad de Madrid;2024-11;ppd_percent;1,21089557753123e+01
benpresaad_all;Comunidad de Madrid;2024-12;ppd_percent;1,21241135547139e+01
benpresaad_all;Comunidad de Madrid;2025-01;ppd_percent;1,21392713341154e+01
benpresaad_all;Comunidad de Madrid;2025-02;ppd_percent;1,21544291135169e+01
benpresaad_all;Comunidad de Madrid;2025-03;ppd_percent;1,21695868929185e+01
benpresaad_all;Comunidad de Madrid;2025-04;ppd_percent;1,21847446723200e+01
benpresaad_all;Comunidad de Madrid;2025-05;ppd_percent;1,21999024517216e+01
benpresaad_all;Comunidad de Madrid;2025-06;ppd_percent;1,22150602311231e+01
benpresaad_all;Comunidad de Madrid;2025-07;ppd_percent;1,22302180105246e+01
benpresaad_all;Comunidad de Madrid;2025-08;ppd_percent;1,22453757899262e+01
benpresaad_all;Comunidad de Madrid;2025-09;ppd_percent;1,22605335693277e+01
benpresaad_all;Comunidad Foral de Navarra;2023-01;censo_total;6,62537008465791e+05
benpresaad_all;Comunidad Foral de Navarra;2023-02;censo_total;6,62736308062249e+05
benpresaad_all;Comunidad Foral de Navarra;2023-03;censo_total;6,62935607658707e+05
benpresaad_all;Comunidad Foral de Navarra;2023-04;censo_total;6,63134907255165e+05
benpresaad_all;Comunidad Foral de Navarra;2023-05;censo_total;6,63334206851623e+05
benpresaad_all;Comunidad Foral de Navarra;2023-06;censo_total;6,63533506448081e+05
benpresaad_all;Comunidad Foral de Navarra;2023-07;censo_total;6,63732806044539e+05
benpresaad_all;Comunidad Foral de Navarra;2023-08;censo_total;6,63932105640997e+05
benpresaad_all;Comunidad Foral de Navarra;2023-09;censo_total;6,64131405237455e+05
benpresaad_all;Comunidad Foral de Navarra;2023-10;censo_total;6,64330704833913e+05
benpresaad_all;Comunidad Foral de Navarra;2023-11;censo_total;6,64530004430371e+05
benpresaad_all;Comunidad Foral de Navarra;2023-12;censo_total;6,64729304026828e+05
benpresaad_all;Comunidad Foral de Navarra;2024-01;censo_total;6,64928603623286e+05
benpresaad_all;Comunidad Foral de Navarra;2024-02;censo_total;6,65127903219744e+05
benpresaad_all;Comunidad Foral de Navarra;2024-03;censo_total;6,65327202816202e+05
benpresaad_all;Comunidad Foral de Navarra;2024-04;censo_total;6,65526502412660e+05
benpresaad_all;Comunidad Foral de Navarra;2024-05;censo_total;6,65725802009118e+05
benpresaad_all;Comunidad Foral de Navarra;2024-06;censo_total;6,65925101605576e+05
benpresaad_all;Comunidad Foral de Navarra;2024-07;censo_total;6,66124401202034e+05
benpresaad_all;Comunidad Foral de Navarra;2024-08;censo_total;6,66323700798492e+05
benpresaad_all;Comunidad Foral de Navarra;2024-09;censo_total;6,66523000394950e+05
benpresaad_all;Comunidad Foral de Navarra;2024-10;censo_total;6,66722299991408e+05
benpresaad_all;Comunidad Foral de Navarra;2024-11;censo_total;6,66921599587866e+05
benpresaad_all;Comunidad Foral de Navarra;2024-12;censo_total;6,67120899184323e+05
benpresaad_all;Comunidad Foral de Navarra;2025-01;censo_total;6,67320198780781e+05
benpresaad_all;Comunidad Foral de Navarra;2025-02;censo_total;6,67519498377239e+05
benpresaad_all;Comunidad Foral de Navarra;2025-03;censo_total;6,67718797973697e+05
benpresaad_all;Comunidad Foral de Navarra;2025-04;censo_total;6,67918097570155e+05
benpresaad_all;Comunidad Foral de Navarra;2025-05;censo_total;6,68117397166613e+05
benpresaad_all;Comunidad Foral de Navarra;2025-06;censo_total;6,68316696763071e+05
benpresaad_all;Comunidad Foral de Navarra;2025-07;censo_total;6,68515996359529e+05
benpresaad_all;Comunidad Foral de Navarra;2025-08;censo_total;6,68715295955987e+05
benpresaad_all;Comunidad Foral de Navarra;2025-09;censo_total;6,68914595552445e+05
benpresaad_all;Comunidad Foral de Navarra;2023-01;ppd;8,61331119421964e+04
benpresaad_all;Comunidad Foral de Navarra;2023-02;ppd;8,62233967782584e+04
benpresaad_all;Comunidad Foral de Navarra;2023-03;ppd;8,63136816143203e+04
benpresaad_all;Comunidad Foral de Navarra;2023-04;ppd;8,64039664503823e+04
benpresaad_all;Comunidad Foral de Navarra;2023-05;ppd;8,64942512864443e+04
benpresaad_all;Comunidad Foral de Navarra;2023-06;ppd;8,65845361225063e+04
benpresaad_all;Comunidad Foral de Navarra;2023-07;ppd;8,66748209585682e+04
benpresaad_all;Comunidad Foral de Navarra;2023-08;ppd;8,67651057946302e+04
benpresaad_all;Comunidad Foral de Navarra;2023-09;ppd;8,68553906306922e+04
benpresaad_all;Comunidad Foral de Navarra;2023-10;ppd;8,69456754667541e+04
benpresaad_all;Comunidad Foral de Navarra;2023-11;ppd;8,70359603028161e+04
benpresaad_all;Comunidad Foral de Navarra;2023-12;ppd;8,71262451388781e+04
benpresaad_all;Comunidad Foral de Navarra;2024-01;ppd;8,72165299749400e+04
benpresaad_all;Comunidad Foral de Navarra;2024-02;ppd;8,73068148110020e+04
benpresaad_all;Comunidad Foral de Navarra;2024-03;ppd;8,73970996470640e+04
benpresaad_all;Comunidad Foral de Navarra;2024-04;ppd;8,74873844831259e+04
benpresaad_all;Comunidad Foral de Navarra;2024-05;ppd;8,75776693191879e+04
benpresaad_all;Comunidad Foral de Navarra;2024-06;ppd;8,76679541552499e+04
benpresaad_all;Comunidad Foral de Navarra;2024-07;ppd;8,77582389913119e+04
benpresaad_all;Comunidad Foral de Navarra;2024-08;ppd;8,78485238273738e+04
benpresaad_all;Comunidad Foral de Navarra;2024-09;ppd;8,79388086634358e+04
benpresaad_all;Comunidad Foral de Navarra;2024-10;ppd;8,80290934994978e+04
benpresaad_all;Comunidad Foral de Navarra;2024-11;ppd;8,81193783355597e+04
benpresaad_all;Comunidad Foral de Navarra;2024-12;ppd;8,82096631716217e+04
benpresaad_all;Comunidad Foral de Navarra;2025-01;ppd;8,82999480076837e+04
benpresaad_all;Comunidad Foral de Navarra;2025-02;ppd;8,83902328437456e+04
benpresaad_all;Comunidad Foral de Navarra;2025-03;ppd;8,84805176798076e+04
benpresaad_all;Comunidad Foral de Navarra;2025-04;ppd;8,85708025158696e+04
benpresaad_all;Comunidad Foral de Navarra;2025-05;ppd;8,86610873519316e+04
benpresaad_all;Comunidad Foral de Navarra;2025-06;ppd;8,87513721879935e+04
benpresaad_all;Comunidad Foral de Navarra;2025-07;ppd;8,88416570240555e+04
benpresaad_all;Comunidad Foral de Navarra;2025-08;ppd;8,89319418601175e+04
benpresaad_all;Comunidad Foral de Navarra;2025-09;ppd;8,90222266961794e+04
benpresaad_all;Comunidad Foral de Navarra;2023-01;ppd_percent;1,30073582686246e+01
benpresaad_all;Comunidad Foral de Navarra;2023-02;ppd_percent;1,30174340772708e+01
benpresaad_all;Comunidad Foral de Navarra;2023-03;ppd_percent;1,30275098859169e+01
benpresaad_all;Comunidad Foral de Navarra;2023-04;ppd_percent;1,30375856945630e+01
benpresaad_all;Comunidad Foral de Navarra;2023-05;ppd_percent;1,30476615032091e+01
benpresaad_all;Comunidad Foral de Navarra;2023-06;ppd_percent;1,30577373118552e+01
benpresaad_all;Comunidad Foral de Navarra;2023-07;ppd_percent;1,30678131205013e+01
benpresaad_all;Comunidad Foral de Navarra;2023-08;ppd_percent;1,30778889291475e+01
benpresaad_all;Comunidad Foral de Navarra;2023-09;ppd_percent;1,30879647377936e+01
benpresaad_all;Comunidad Foral de Navarra;2023-10;ppd_percent;1,30980405464397e+01
benpresaad_all;Comunidad Foral de Navarra;2023-11;ppd_percent;1,31081163550858e+01
benpresaad_all;Comunidad Foral de Navarra;2023-12;ppd_percent;1,31181921637319e+01
benpresaad_all;Comunidad Foral de Navarra;2024-01;ppd_percent;1,31282679723780e+01
benpresaad_all;Comunidad Foral de Navarra;2024-02;ppd_percent;1,31383437810242e+01
benpresaad_all;Comunidad Foral de Navarra;2024-03;ppd_percent;1,31484195896703e+01
benpresaad_all;Comunidad Foral de Navarra;2024-04;ppd_percent;1,31584953983164e+01
benpresaad_all;Comunidad Foral de Navarra;2024-05;ppd_percent;1,31685712069625e+01
benpresaad_all;Comunidad Foral de Navarra;2024-06;ppd_percent;1,31786470156086e+01
benpresaad_all;Comunidad Foral de Navarra;2024-07;ppd_percent;1,31887228242547e+01
benpresaad_all;Comunidad Foral de Navarra;2024-08;ppd_percent;1,31987986329009e+01
benpresaad_all;Comunidad Foral de Navarra;2024-09;ppd_percent;1,32088744415470e+01
benpresaad_all;Comunidad Foral de Navarra;2024-10;ppd_percent;1,32189502501931e+01
benpresaad_all;Comunidad Foral de Navarra;2024-11;ppd_percent;1,32290260588392e+01
benpresaad_all;Comunidad Foral de Navarra;2024-12;ppd_percent;1,32391018674853e+01
benpresaad_all;Comunidad Foral de Navarra;2025-01;ppd_percent;1,32491776761314e+01
benpresaad_all;Comunidad Foral de Navarra;2025-02;ppd_percent;1,32592534847776e+01
benpresaad_all;Comunidad Foral de Navarra;2025-03;ppd_percent;1,32693292934237e+01
benpresaad_all;Comunidad Foral de Navarra;2025-04;ppd_percent;1,32794051020698e+01
benpresaad_all;Comunidad Foral de Navarra;2025-05;ppd_percent;1,32894809107159e+01
benpresaad_all;Comunidad Foral de Navarra;2025-06;ppd_percent;1,32995567193620e+01
benpresaad_all;Comunidad Foral de Navarra;2025-07;ppd_percent;1,33096325280081e+01
benpresaad_all;Comunidad Foral de Navarra;2025-08;ppd_percent;1,33197083366543e+01
benpresaad_all;Comunidad Foral de Navarra;2025-09;ppd_percent;1,33297841453004e+01
benpresaad_all;Comunidad Valenciana;2023-01;censo_total;5,02154792629804e+06
benpresaad_all;Comunidad Valenciana;2023-02;censo_total;5,02146162677080e+06
benpresaad_all;Comunidad Valenciana;2023-03;censo_total;5,02137532724356e+06
benpresaad_all;Comunidad Valenciana;2023-04;censo_total;5,02128902771632e+06
benpresaad_all;Comunidad Valenciana;2023-05;censo_total;5,02120272818908e+06
benpresaad_all;Comunidad Valenciana;2023-06;censo_total;5,02111642866184e+06
benpresaad_all;Comunidad Valenciana;2023-07;censo_total;5,02103012913460e+06
benpresaad_all;Comunidad Valenciana;2023-08;censo_total;5,02094382960736e+06
benpresaad_all;Comunidad Valenciana;2023-09;censo_total;5,02085753008011e+06
benpresaad_all;Comunidad Valenciana;2023-10;censo_total;5,02077123055287e+06
benpresaad_all;Comunidad Valenciana;2023-11;censo_total;5,02068493102563e+06
benpresaad_all;Comunidad Valenciana;2023-12;censo_total;5,02059863149839e+06
benpresaad_all;Comunidad Valenciana;2024-01;censo_total;5,02051233197115e+06
benpresaad_all;Comunidad Valenciana;2024-02;censo_total;5,02042603244391e+06
benpresaad_all;Comunidad Valenciana;2024-03;censo_total;5,02033973291667e+06
benpresaad_all;Comunidad Valenciana;2024-04;censo_total;5,02025343338943e+06
benpresaad_all;Comunidad Valenciana;2024-05;censo_total;5,02016713386219e+06
benpresaad_all;Comunidad Valenciana;2024-06;censo_total;5,02008083433494e+06
benpresaad_all;Comunidad Valenciana;2024-07;censo_total;5,01999453480770e+06
benpresaad_all;Comunidad Valenciana;2024-08;censo_total;5,01990823528046e+06
benpresaad_all;Comunidad Valenciana;2024-09;censo_total;5,01982193575322e+06
benpresaad_all;Comunidad Valenciana;2024-10;censo_total;5,01973563622598e+06
benpresaad_all;Comunidad Valenciana;2024-11;censo_total;5,01964933669874e+06
benpresaad_all;Comunidad Valenciana;2024-12;censo_total;5,01956303717150e+06
benpresaad_all;Comunidad Valenciana;2025-01;censo_total;5,01947673764426e+06
benpresaad_all;Comunidad Valenciana;2025-02;censo_total;5,01939043811701e+06
benpresaad_all;Comunidad Valenciana;2025-03;censo_total;5,01930413858977e+06
benpresaad_all;Comunidad Valenciana;2025-04;censo_total;5,01921783906253e+06
benpresaad_all;Comunidad Valenciana;2025-05;censo_total;5,01913153953529e+06
benpresaad_all;Comunidad Valenciana;2025-06;censo_total;5,01904524000805e+06
benpresaad_all;Comunidad Valenciana;2025-07;censo_total;5,01895894048081e+06
benpresaad_all;Comunidad Valenciana;2025-08;censo_total;5,01887264095357e+06
benpresaad_all;Comunidad Valenciana;2025-09;censo_total;5,01878634142633e+06
benpresaad_all;Comunidad Valenciana;2023-01;ppd;6,29378966426001e+05
benpresaad_all;Comunidad Valenciana;2023-02;ppd;6,30030082935055e+05
benpresaad_all;Comunidad Valenciana;2023-03;ppd;6,30681199444108e+05
benpresaad_all;Comunidad Valenciana;2023-04;ppd;6,31332315953161e+05
benpresaad_all;Comunidad Valenciana;2023-05;ppd;6,31983432462214e+05
benpresaad_all;Comunidad Valenciana;2023-06;ppd;6,32634548971267e+05
benpresaad_all;Comunidad Valenciana;2023-07;ppd;6,33285665480321e+05
benpresaad_all;Comunidad Valenciana;2023-08;ppd;6,33936781989374e+05
benpresaad_all;Comunidad Valenciana;2023-09;ppd;6,34587898498427e+05
benpresaad_all;Comunidad Valenciana;2023-10;ppd;6,35239015007480e+05
benpresaad_all;Comunidad Valenciana;2023-11;ppd;6,35890131516533e+05
benpresaad_all;Comunidad Valenciana;2023-12;ppd;6,36541248025587e+05
benpresaad_all;Comunidad Valenciana;2024-01;ppd;6,37192364534640e+05
benpresaad_all;Comunidad Valenciana;2024-02;ppd;6,37843481043693e+05
benpresaad_all;Comunidad Valenciana;2024-03;ppd;6,38494597552746e+05
benpresaad_all;Comunidad Valenciana;2024-04;ppd;6,39145714061799e+05
benpresaad_all;Comunidad Valenciana;2024-05;ppd;6,39796830570853e+05
benpresaad_all;Comunidad Valenciana;2024-06;ppd;6,40447947079906e+05
benpresaad_all;Comunidad Valenciana;2024-07;ppd;6,41099063588959e+05
benpresaad_all;Comunidad Valenciana;2024-08;ppd;6,41750180098012e+05
benpresaad_all;Comunidad Valenciana;2024-09;ppd;6,42401296607065e+05
benpresaad_all;Comunidad Valenciana;2024-10;ppd;6,43052413116119e+05
benpresaad_all;Comunidad Valenciana;2024-11;ppd;6,43703529625172e+05
benpresaad_all;Comunidad Valenciana;2024-12;ppd;6,44354646134225e+05
benpresaad_all;Comunidad Valenciana;2025-01;ppd;6,45005762643278e+05
benpresaad_all;Comunidad Valenciana;2025-02;ppd;6,45656879152331e+05
benpresaad_all;Comunidad Valenciana;2025-03;ppd;6,46307995661384e+05
benpresaad_all;Comunidad Valenciana;2025-04;ppd;6,46959112170438e+05
benpresaad_all;Comunidad Valenciana;2025-05;ppd;6,47610228679491e+05
benpresaad_all;Comunidad Valenciana;2025-06;ppd;6,48261345188544e+05
benpresaad_all;Comunidad Valenciana;2025-07;ppd;6,48912461697597e+05
benpresaad_all;Comunidad Valenciana;2025-08;ppd;6,49563578206650e+05
benpresaad_all;Comunidad Valenciana;2025-09;ppd;6,50214694715704e+05
benpresaad_all;Comunidad Valenciana;2023-01;ppd_percent;1,25242316644946e+01
benpresaad_all;Comunidad Valenciana;2023-02;ppd_percent;1,25372474744130e+01
benpresaad_all;Comunidad Valenciana;2023-03;ppd_percent;1,25502632843314e+01
benpresaad_all;Comunidad Valenciana;2023-04;ppd_percent;1,25632790942498e+01
benpresaad_all;Comunidad Valenciana;2023-05;ppd_percent;1,25762949041681e+01
benpresaad_all;Comunidad Valenciana;2023-06;ppd_percent;1,25893107140865e+01
benpresaad_all;Comunidad Valenciana;2023-07;ppd_percent;1,26023265240049e+01
benpresaad_all;Comunidad Valenciana;2023-08;ppd_percent;1,26153423339233e+01
benpresaad_all;Comunidad Valenciana;2023-09;ppd_percent;1,26283581438417e+01
benpresaad_all;Comunidad Valenciana;2023-10;ppd_percent;1,26413739537601e+01
benpresaad_all;Comunidad Valenciana;2023-11;ppd_percent;1,26543897636784e+01
benpresaad_all;Comunidad Valenciana;2023-12;ppd_percent;1,26674055735968e+01
benpresaad_all;Comunidad Valenciana;2024-01;ppd_percent;1,26804213835152e+01
benpresaad_all;Comunidad Valenciana;2024-02;ppd_percent;1,26934371934336e+01
benpresaad_all;Comunidad Valenciana;2024-03;ppd_percent;1,27064530033520e+01
benpresaad_all;Comunidad Valenciana;2024-04;ppd_percent;1,27194688132704e+01
benpresaad_all;Comunidad Valenciana;2024-05;ppd_percent;1,27324846231888e+01
benpresaad_all;Comunidad Valenciana;2024-06;ppd_percent;1,27455004331071e+01
benpresaad_all;Comunidad Valenciana;2024-07;ppd_percent;1,27585162430255e+01
benpresaad_all;Comunidad Valenciana;2024-08;ppd_percent;1,27715320529439e+01
benpresaad_all;Comunidad Valenciana;2024-09;ppd_percent;1,27845478628623e+01
benpresaad_all;Comunidad Valenciana;2024-10;ppd_percent;1,27975636727807e+01
benpresaad_all;Comunidad Valenciana;2024-11;ppd_percent;1,28105794826991e+01
benpresaad_all;Comunidad Valenciana;2024-12;ppd_percent;1,28235952926174e+01
benpresaad_all;Comunidad Valenciana;2025-01;ppd_percent;1,28366111025358e+01
benpresaad_all;Comunidad Valenciana;2025-02;ppd_percent;1,28496269124542e+01
benpresaad_all;Comunidad Valenciana;2025-03;ppd_percent;1,28626427223726e+01
benpresaad_all;Comunidad Valenciana;2025-04;ppd_percent;1,28756585322910e+01
benpresaad_all;Comunidad Valenciana;2025-05;ppd_percent;1,28886743422094e+01
benpresaad_all;Comunidad Valenciana;2025-06;ppd_percent;1,29016901521277e+01
benpresaad_all;Comunidad Valenciana;2025-07;ppd_percent;1,29147059620461e+01
benpresaad_all;Comunidad Valenciana;2025-08;ppd_percent;1,29277217719645e+01
benpresaad_all;Comunidad Valenciana;2025-09;ppd_percent;1,29407375818829e+01
benpresaad_all;Extremadura;2023-01;censo_total;1,05019845604305e+06
benpresaad_all;Extremadura;2023-02;censo_total;1,04973488657349e+06
benpresaad_all;Extremadura;2023-03;censo_total;1,04927131710393e+06
benpresaad_all;Extremadura;2023-04;censo_total;1,04880774763436e+06
benpresaad_all;Extremadura;2023-05;censo_total;1,04834417816480e+06
benpresaad_all;Extremadura;2023-06;censo_total;1,04788060869524e+06
benpresaad_all;Extremadura;2023-07;censo_total;1,04741703922568e+06
benpresaad_all;Extremadura;2023-08;censo_total;1,04695346975612e+06
benpresaad_all;Extremadura;2023-09;censo_total;1,04648990028656e+06
benpresaad_all;Extremadura;2023-10;censo_total;1,04602633081699e+06
benpresaad_all;Extremadura;2023-11;censo_total;1,04556276134743e+06
benpresaad_all;Extremadura;2023-12;censo_total;1,04509919187787e+06
benpresaad_all;Extremadura;2024-01;censo_total;1,04463562240831e+06
benpresaad_all;Extremadura;2024-02;censo_total;1,04417205293875e+06
benpresaad_all;Extremadura;2024-03;censo_total;1,04370848346919e+06
benpresaad_all;Extremadura;2024-04;censo_total;1,04324491399963e+06
benpresaad_all;Extremadura;2024-05;censo_total;1,04278134453006e+06
benpresaad_all;Extremadura;2024-06;censo_total;1,04231777506050e+06
benpresaad_all;Extremadura;2024-07;censo_total;1,04185420559094e+06
benpresaad_all;Extremadura;2024-08;censo_total;1,04139063612138e+06
benpresaad_all;Extremadura;2024-09;censo_total;1,04092706665182e+06
benpresaad_all;Extremadura;2024-10;censo_total;1,04046349718226e+06
benpresaad_all;Extremadura;2024-11;censo_total;1,03999992771270e+06
benpresaad_all;Extremadura;2024-12;censo_total;1,03953635824313e+06
benpresaad_all;Extremadura;2025-01;censo_total;1,03907278877357e+06
benpresaad_all;Extremadura;2025-02;censo_total;1,03860921930401e+06
benpresaad_all;Extremadura;2025-03;censo_total;1,03814564983445e+06
benpresaad_all;Extremadura;2025-04;censo_total;1,03768208036489e+06
benpresaad_all;Extremadura;2025-05;censo_total;1,03721851089533e+06
benpresaad_all;Extremadura;2025-06;censo_total;1,03675494142576e+06
benpresaad_all;Extremadura;2025-07;censo_total;1,03629137195620e+06
benpresaad_all;Extremadura;2025-08;censo_total;1,03582780248664e+06
benpresaad_all;Extremadura;2025-09;censo_total;1,03536423301708e+06
benpresaad_all;Extremadura;2023-01;ppd;1,47468810068560e+05
benpresaad_all;Extremadura;2023-02;ppd;1,47522115604243e+05
benpresaad_all;Extremadura;2023-03;ppd;1,47575421139926e+05
benpresaad_all;Extremadura;2023-04;ppd;1,47628726675609e+05
benpresaad_all;Extremadura;2023-05;ppd;1,47682032211292e+05
benpresaad_all;Extremadura;2023-06;ppd;1,47735337746975e+05
benpresaad_all;Extremadura;2023-07;ppd;1,47788643282659e+05
benpresaad_all;Extremadura;2023-08;ppd;1,47841948818342e+05
benpresaad_all;Extremadura;2023-09;ppd;1,47895254354025e+05
benpresaad_all;Extremadura;2023-10;ppd;1,47948559889708e+05
benpresaad_all;Extremadura;2023-11;ppd;1,48001865425391e+05
benpresaad_all;Extremadura;2023-12;ppd;1,48055170961074e+05
benpresaad_all;Extremadura;2024-01;ppd;1,48108476496758e+05
benpresaad_all;Extremadura;2024-02;ppd;1,48161782032441e+05
benpresaad_all;Extremadura;2024-03;ppd;1,48215087568124e+05
benpresaad_all;Extremadura;2024-04;ppd;1,48268393103807e+05
benpresaad_all;Extremadura;2024-05;ppd;1,48321698639490e+05
benpresaad_all;Extremadura;2024-06;ppd;1,48375004175173e+05
benpresaad_all;Extremadura;2024-07;ppd;1,48428309710856e+05
benpresaad_all;Extremadura;2024-08;ppd;1,48481615246540e+05
benpresaad_all;Extremadura;2024-09;ppd;1,48534920782223e+05
benpresaad_all;Extremadura;2024-10;ppd;1,48588226317906e+05
benpresaad_all;Extremadura;2024-11;ppd;1,48641531853589e+05
benpresaad_all;Extremadura;2024-12;ppd;1,48694837389272e+05
benpresaad_all;Extremadura;2025-01;ppd;1,48748142924955e+05
benpresaad_all;Extremadura;2025-02;ppd;1,48801448460638e+05
benpresaad_all;Extremadura;2025-03;ppd;1,48854753996322e+05
benpresaad_all;Extremadura;2025-04;ppd;1,48908059532005e+05
benpresaad_all;Extremadura;2025-05;ppd;1,48961365067688e+05
benpresaad_all;Extremadura;2025-06;ppd;1,49014670603371e+05
benpresaad_all;Extremadura;2025-07;ppd;1,49067976139054e+05
benpresaad_all;Extremadura;2025-08;ppd;1,49121281674737e+05
benpresaad_all;Extremadura;2025-09;ppd;1,49174587210420e+05
benpresaad_all;Extremadura;2023-01;ppd_percent;1,40271702694763e+01
benpresaad_all;Extremadura;2023-02;ppd_percent;1,40378001047240e+01
benpresaad_all;Extremadura;2023-03;ppd_percent;1,40484299399718e+01
benpresaad_all;Extremadura;2023-04;ppd_percent;1,40590597752196e+01
benpresaad_all;Extremadura;2023-05;ppd_percent;1,40696896104673e+01
benpresaad_all;Extremadura;2023-06;ppd_percent;1,40803194457151e+01
benpresaad_all;Extremadura;2023-07;ppd_percent;1,40909492809628e+01
benpresaad_all;Extremadura;2023-08;ppd_percent;1,41015791162106e+01
benpresaad_all;Extremadura;2023-09;ppd_percent;1,41122089514583e+01
benpresaad_all;Extremadura;2023-10;ppd_percent;1,41228387867061e+01
benpresaad_all;Extremadura;2023-11;ppd_percent;1,41334686219539e+01
benpresaad_all;Extremadura;2023-12;ppd_percent;1,41440984572016e+01
benpresaad_all;Extremadura;2024-01;ppd_percent;1,41547282924494e+01
benpresaad_all;Extremadura;2024-02;ppd_percent;1,41653581276971e+01
benpresaad_all;Extremadura;2024-03;ppd_percent;1,41759879629449e+01
benpresaad_all;Extremadura;2024-04;ppd_percent;1,41866177981927e+01
benpresaad_all;Extremadura;2024-05;ppd_percent;1,41972476334404e+01
benpresaad_all;Extremadura;2024-06;ppd_percent;1,42078774686882e+01
benpresaad_all;Extremadura;2024-07;ppd_percent;1,42185073039359e+01
benpresaad_all;Extremadura;2024-08;ppd_percent;1,42291371391837e+01
benpresaad_all;Extremadura;2024-09;ppd_percent;1,42397669744314e+01
benpresaad_all;Extremadura;2024-10;ppd_percent;1,42503968096792e+01
benpresaad_all;Extremadura;2024-11;ppd_percent;1,42610266449270e+01
benpresaad_all;Extremadura;2024-12;ppd_percent;1,42716564801747e+01
benpresaad_all;Extremadura;2025-01;ppd_percent;1,42822863154225e+01
benpresaad_all;Extremadura;2025-02;ppd_percent;1,42929161506702e+01
benpresaad_all;Extremadura;2025-03;ppd_percent;1,43035459859180e+01
benpresaad_all;Extremadura;2025-04;ppd_percent;1,43141758211658e+01
benpresaad_all;Extremadura;2025-05;ppd_percent;1,43248056564135e+01
benpresaad_all;Extremadura;2025-06;ppd_percent;1,43354354916613e+01
benpresaad_all;Extremadura;2025-07;ppd_percent;1,43460653269090e+01
benpresaad_all;Extremadura;2025-08;ppd_percent;1,43566951621568e+01
benpresaad_all;Extremadura;2025-09;ppd_percent;1,43673249974045e+01
benpresaad_all;Galicia;2023-01;censo_total;2,67457858741482e+06
benpresaad_all;Galicia;2023-02;censo_total;2,67386411195910e+06
benpresaad_all;Galicia;2023-03;censo_total;2,67314963650339e+06
benpresaad_all;Galicia;2023-04;censo_total;2,67243516104768e+06
benpresaad_all;Galicia;2023-05;censo_total;2,67172068559197e+06
benpresaad_all;Galicia;2023-06;censo_total;2,67100621013626e+06
benpresaad_all;Galicia;2023-07;censo_total;2,67029173468054e+06
benpresaad_all;Galicia;2023-08;censo_total;2,66957725922483e+06
benpresaad_all;Galicia;2023-09;censo_total;2,66886278376912e+06
benpresaad_all;Galicia;2023-10;censo_total;2,66814830831341e+06
benpresaad_all;Galicia;2023-11;censo_total;2,66743383285769e+06
benpresaad_all;Galicia;2023-12;censo_total;2,66671935740198e+06
benpresaad_all;Galicia;2024-01;censo_total;2,66600488194627e+06
benpresaad_all;Galicia;2024-02;censo_total;2,66529040649056e+06
benpresaad_all;Galicia;2024-03;censo_total;2,66457593103485e+06
benpresaad_all;Galicia;2024-04;censo_total;2,66386145557913e+06
benpresaad_all;Galicia;2024-05;censo_total;2,66314698012342e+06
benpresaad_all;Galicia;2024-06;censo_total;2,66243250466771e+06
benpresaad_all;Galicia;2024-07;censo_total;2,66171802921200e+06
benpresaad_all;Galicia;2024-08;censo_total;2,66100355375629e+06
benpresaad_all;Galicia;2024-09;censo_total;2,66028907830057e+06
benpresaad_all;Galicia;2024-10;censo_total;2,65957460284486e+06
benpresaad_all;Galicia;2024-11;censo_total;2,65886012738915e+06
benpresaad_all;Galicia;2024-12;censo_total;2,65814565193344e+06
benpresaad_all;Galicia;2025-01;censo_total;2,65743117647773e+06
benpresaad_all;Galicia;2025-02;censo_total;2,65671670102201e+06
benpresaad_all;Galicia;2025-03;censo_total;2,65600222556630e+06
benpresaad_all;Galicia;2025-04;censo_total;2,65528775011059e+06
benpresaad_all;Galicia;2025-05;censo_total;2,65457327465488e+06
benpresaad_all;Galicia;2025-06;censo_total;2,65385879919916e+06
benpresaad_all;Galicia;2025-07;censo_total;2,65314432374345e+06
benpresaad_all;Galicia;2025-08;censo_total;2,65242984828774e+06
benpresaad_all;Galicia;2025-09;censo_total;2,65171537283203e+06
benpresaad_all;Galicia;2023-01;ppd;4,64816552193382e+05
benpresaad_all;Galicia;2023-02;ppd;4,65209946714749e+05
benpresaad_all;Galicia;2023-03;ppd;4,65603341236116e+05
benpresaad_all;Galicia;2023-04;ppd;4,65996735757483e+05
benpresaad_all;Galicia;2023-05;ppd;4,66390130278851e+05
benpresaad_all;Galicia;2023-06;ppd;4,66783524800218e+05
benpresaad_all;Galicia;2023-07;ppd;4,67176919321585e+05
benpresaad_all;Galicia;2023-08;ppd;4,67570313842952e+05
benpresaad_all;Galicia;2023-09;ppd;4,67963708364320e+05
benpresaad_all;Galicia;2023-10;ppd;4,68357102885687e+05
benpresaad_all;Galicia;2023-11;ppd;4,68750497407054e+05
benpresaad_all;Galicia;2023-12;ppd;4,69143891928421e+05
benpresaad_all;Galicia;2024-01;ppd;4,69537286449789e+05
benpresaad_all;Galicia;2024-02;ppd;4,69930680971156e+05
benpresaad_all;Galicia;2024-03;ppd;4,70324075492523e+05
benpresaad_all;Galicia;2024-04;ppd;4,70717470013890e+05
benpresaad_all;Galicia;2024-05;ppd;4,71110864535257e+05
benpresaad_all;Galicia;2024-06;ppd;4,71504259056625e+05
benpresaad_all;Galicia;2024-07;ppd;4,71897653577992e+05
benpresaad_all;Galicia;2024-08;ppd;4,72291048099359e+05
benpresaad_all;Galicia;2024-09;ppd;4,72684442620726e+05
benpresaad_all;Galicia;2024-10;ppd;4,73077837142094e+05
benpresaad_all;Galicia;2024-11;ppd;4,73471231663461e+05
benpresaad_all;Galicia;2024-12;ppd;4,73864626184828e+05
benpresaad_all;Galicia;2025-01;ppd;4,74258020706195e+05
benpresaad_all;Galicia;2025-02;ppd;4,74651415227563e+05
benpresaad_all;Galicia;2025-03;ppd;4,75044809748930e+05
benpresaad_all;Galicia;2025-04;ppd;4,75438204270297e+05
benpresaad_all;Galicia;2025-05;ppd;4,75831598791664e+05
benpresaad_all;Galicia;2025-06;ppd;4,76224993313031e+05
benpresaad_all;Galicia;2025-07;ppd;4,76618387834399e+05
benpresaad_all;Galicia;2025-08;ppd;4,77011782355766e+05
benpresaad_all;Galicia;2025-09;ppd;4,77405176877133e+05
benpresaad_all;Galicia;2023-01;ppd_percent;1,73599603563779e+01
benpresaad_all;Galicia;2023-02;ppd_percent;1,73785761528233e+01
benpresaad_all;Galicia;2023-03;ppd_percent;1,73971919492687e+01
benpresaad_all;Galicia;2023-04;ppd_percent;1,74158077457141e+01
benpresaad_all;Galicia;2023-05;ppd_percent;1,74344235421595e+01
benpresaad_all;Galicia;2023-06;ppd_percent;1,74530393386048e+01
benpresaad_all;Galicia;2023-07;ppd_percent;1,74716551350502e+01
benpresaad_all;Galicia;2023-08;ppd_percent;1,74902709314956e+01
benpresaad_all;Galicia;2023-09;ppd_percent;1,75088867279410e+01
benpresaad_all;Galicia;2023-10;ppd_percent;1,75275025243864e+01
benpresaad_all;Galicia;2023-11;ppd_percent;1,75461183208318e+01
benpresaad_all;Galicia;2023-12;ppd_percent;1,75647341172771e+01
benpresaad_all;Galicia;2024-01;ppd_percent;1,75833499137225e+01
benpresaad_all;Galicia;2024-02;ppd_percent;1,76019657101679e+01
benpresaad_all;Galicia;2024-03;ppd_percent;1,76205815066133e+01
benpresaad_all;Galicia;2024-04;ppd_percent;1,76391973030587e+01
benpresaad_all;Galicia;2024-05;ppd_percent;1,76578130995041e+01
benpresaad_all;Galicia;2024-06;ppd_percent;1,76764288959494e+01
benpresaad_all;Galicia;2024-07;ppd_percent;1,76950446923948e+01
benpresaad_all;Galicia;2024-08;ppd_percent;1,77136604888402e+01
benpresaad_all;Galicia;2024-09;ppd_percent;1,77322762852856e+01
benpresaad_all;Galicia;2024-10;ppd_percent;1,77508920817310e+01
benpresaad_all;Galicia;2024-11;ppd_percent;1,77695078781764e+01
benpresaad_all;Galicia;2024-12;ppd_percent;1,77881236746218e+01
benpresaad_all;Galicia;2025-01;ppd_percent;1,78067394710671e+01
benpresaad_all;Galicia;2025-02;ppd_percent;1,78253552675125e+01
benpresaad_all;Galicia;2025-03;ppd_percent;1,78439710639579e+01
benpresaad_all;Galicia;2025-04;ppd_percent;1,78625868604033e+01
benpresaad_all;Galicia;2025-05;ppd_percent;1,78812026568487e+01
benpresaad_all;Galicia;2025-06;ppd_percent;1,78998184532941e+01
benpresaad_all;Galicia;2025-07;ppd_percent;1,79184342497394e+01
benpresaad_all;Galicia;2025-08;ppd_percent;1,79370500461848e+01
benpresaad_all;Galicia;2025-09;ppd_percent;1,79556658426302e+01
benpresaad_all;Islas Baleares;2023-01;censo_total;1,17559059322094e+06
benpresaad_all;Islas Baleares;2023-02;censo_total;1,17623533052413e+06
benpresaad_all;Islas Baleares;2023-03;censo_total;1,17688006782733e+06
benpresaad_all;Islas Baleares;2023-04;censo_total;1,17752480513053e+06
benpresaad_all;Islas Baleares;2023-05;censo_total;1,17816954243372e+06
benpresaad_all;Islas Baleares;2023-06;censo_total;1,17881427973692e+06
benpresaad_all;Islas Baleares;2023-07;censo_total;1,17945901704012e+06
benpresaad_all;Islas Baleares;2023-08;censo_total;1,18010375434332e+06
benpresaad_all;Islas Baleares;2023-09;censo_total;1,18074849164651e+06
benpresaad_all;Islas Baleares;2023-10;censo_total;1,18139322894971e+06
benpresaad_all;Islas Baleares;2023-11;censo_total;1,18203796625291e+06
benpresaad_all;Islas Baleares;2023-12;censo_total;1,18268270355610e+06
benpresaad_all;Islas Baleares;2024-01;censo_total;1,18332744085930e+06
benpresaad_all;Islas Baleares;2024-02;censo_total;1,18397217816250e+06
benpresaad_all;Islas Baleares;2024-03;censo_total;1,18461691546570e+06
benpresaad_all;Islas Baleares;2024-04;censo_total;1,18526165276889e+06
benpresaad_all;Islas Baleares;2024-05;censo_total;1,18590639007209e+06
benpresaad_all;Islas Baleares;2024-06;censo_total;1,18655112737529e+06
benpresaad_all;Islas Baleares;2024-07;censo_total;1,18719586467849e+06
benpresaad_all;Islas Baleares;2024-08;censo_total;1,18784060198168e+06
benpresaad_all;Islas Baleares;2024-09;censo_total;1,18848533928488e+06
benpresaad_all;Islas Baleares;2024-10;censo_total;1,18913007658808e+06
benpresaad_all;Islas Baleares;2024-11;censo_total;1,18977481389127e+06
benpresaad_all;Islas Baleares;2024-12;censo_total;1,19041955119447e+06
benpresaad_all;Islas Baleares;2025-01;censo_total;1,19106428849767e+06
benpresaad_all;Islas Baleares;2025-02;censo_total;1,19170902580087e+06
benpresaad_all;Islas Baleares;2025-03;censo_total;1,19235376310406e+06
benpresaad_all;Islas Baleares;2025-04;censo_total;1,19299850040726e+06
benpresaad_all;Islas Baleares;2025-05;censo_total;1,19364323771046e+06
benpresaad_all;Islas Baleares;2025-06;censo_total;1,19428797501365e+06
benpresaad_all;Islas Baleares;2025-07;censo_total;1,19493271231685e+06
benpresaad_all;Islas Baleares;2025-08;censo_total;1,19557744962005e+06
benpresaad_all;Islas Baleares;2025-09;censo_total;1,19622218692325e+06
benpresaad_all;Islas Baleares;2023-01;ppd;1,16085722302197e+05
benpresaad_all;Islas Baleares;2023-02;ppd;1,16237393519128e+05
benpresaad_all;Islas Baleares;2023-03;ppd;1,16389064736059e+05
benpresaad_all;Islas Baleares;2023-04;ppd;1,16540735952990e+05
benpresaad_all;Islas Baleares;2023-05;ppd;1,16692407169921e+05
benpresaad_all;Islas Baleares;2023-06;ppd;1,16844078386853e+05
benpresaad_all;Islas Baleares;2023-07;ppd;1,16995749603784e+05
benpresaad_all;Islas Baleares;2023-08;ppd;1,17147420820715e+05
benpresaad_all;Islas Baleares;2023-09;ppd;1,17299092037646e+05
benpresaad_all;Islas Baleares;2023-10;ppd;1,17450763254577e+05
benpresaad_all;Islas Baleares;2023-11;ppd;1,17602434471508e+05
benpresaad_all;Islas Baleares;2023-12;ppd;1,17754105688439e+05
benpresaad_all;Islas Baleares;2024-01;ppd;1,17905776905370e+05
benpresaad_all;Islas Baleares;2024-02;ppd;1,18057448122302e+05
benpresaad_all;Islas Baleares;2024-03;ppd;1,18209119339233e+05
benpresaad_all;Islas Baleares;2024-04;ppd;1,18360790556164e+05
benpresaad_all;Islas Baleares;2024-05;ppd;1,18512461773095e+05
benpresaad_all;Islas Baleares;2024-06;ppd;1,18664132990026e+05
benpresaad_all;Islas Baleares;2024-07;ppd;1,18815804206957e+05
benpresaad_all;Islas Baleares;2024-08;ppd;1,18967475423888e+05
benpresaad_all;Islas Baleares;2024-09;ppd;1,19119146640819e+05
benpresaad_all;Islas Baleares;2024-10;ppd;1,19270817857751e+05
benpresaad_all;Islas Baleares;2024-11;ppd;1,19422489074682e+05
benpresaad_all;Islas Baleares;2024-12;ppd;1,19574160291613e+05
benpresaad_all;Islas Baleares;2025-01;ppd;1,19725831508544e+05
benpresaad_all;Islas Baleares;2025-02;ppd;1,19877502725475e+05
benpresaad_all;Islas Baleares;2025-03;ppd;1,20029173942406e+05
benpresaad_all;Islas Baleares;2025-04;ppd;1,20180845159337e+05
benpresaad_all;Islas Baleares;2025-05;ppd;1,20332516376269e+05
benpresaad_all;Islas Baleares;2025-06;ppd;1,20484187593200e+05
benpresaad_all;Islas Baleares;2025-07;ppd;1,20635858810131e+05
benpresaad_all;Islas Baleares;2025-08;ppd;1,20787530027062e+05
benpresaad_all;Islas Baleares;2025-09;ppd;1,20939201243993e+05
benpresaad_all;Islas Baleares;2023-01;ppd_percent;9,88261612888469e+00
benpresaad_all;Islas Baleares;2023-02;ppd_percent;9,89060132321707e+00
benpresaad_all;Islas Baleares;2023-03;ppd_percent;9,89858651754946e+00
benpresaad_all;Islas Baleares;2023-04;ppd_percent;9,90657171188185e+00
benpresaad_all;Islas Baleares;2023-05;ppd_percent;9,91455690621424e+00
benpresaad_all;Islas Baleares;2023-06;ppd_percent;9,92254210054662e+00
benpresaad_all;Islas Baleares;2023-07;ppd_percent;9,93052729487901e+00
benpresaad_all;Islas Baleares;2023-08;ppd_percent;9,93851248921140e+00
benpresaad_all;Islas Baleares;2023-09;ppd_percent;9,94649768354378e+00
benpresaad_all;Islas Baleares;2023-10;ppd_percent;9,95448287787617e+00
benpresaad_all;Islas Baleares;2023-11;ppd_percent;9,96246807220856e+00
benpresaad_all;Islas Baleares;2023-12;ppd_percent;9,97045326654095e+00
benpresaad_all;Islas Baleares;2024-01;ppd_percent;9,97843846087333e+00
benpresaad_all;Islas Baleares;2024-02;ppd_percent;9,98642365520572e+00
benpresaad_all;Islas Baleares;2024-03;ppd_percent;9,99440884953811e+00
benpresaad_all;Islas Baleares;2024-04;ppd_percent;1,00023940438705e+01
benpresaad_all;Islas Baleares;2024-05;ppd_percent;1,00103792382029e+01
benpresaad_all;Islas Baleares;2024-06;ppd_percent;1,00183644325353e+01
benpresaad_all;Islas Baleares;2024-07;ppd_percent;1,00263496268677e+01
benpresaad_all;Islas Baleares;2024-08;ppd_percent;1,00343348212000e+01
benpresaad_all;Islas Baleares;2024-09;ppd_percent;1,00423200155324e+01
benpresaad_all;Islas Baleares;2024-10;ppd_percent;1,00503052098648e+01
benpresaad_all;Islas Baleares;2024-11;ppd_percent;1,00582904041972e+01
benpresaad_all;Islas Baleares;2024-12;ppd_percent;1,00662755985296e+01
benpresaad_all;Islas Baleares;2025-01;ppd_percent;1,00742607928620e+01
benpresaad_all;Islas Baleares;2025-02;ppd_percent;1,00822459871944e+01
benpresaad_all;Islas Baleares;2025-03;ppd_percent;1,00902311815268e+01
benpresaad_all;Islas Baleares;2025-04;ppd_percent;1,00982163758591e+01
benpresaad_all;Islas Baleares;2025-05;ppd_percent;1,01062015701915e+01
benpresaad_all;Islas Baleares;2025-06;ppd_percent;1,01141867645239e+01
benpresaad_all;Islas Baleares;2025-07;ppd_percent;1,01221719588563e+01
benpresaad_all;Islas Baleares;2025-08;ppd_percent;1,01301571531887e+01
benpresaad_all;Islas Baleares;2025-09;ppd_percent;1,01381423475211e+01
benpresaad_all;La Rioja;2023-01;censo_total;3,17430297967081e+05
benpresaad_all;La Rioja;2023-02;censo_total;3,17412761606839e+05
benpresaad_all;La Rioja;2023-03;censo_total;3,17395225246596e+05
benpresaad_all;La Rioja;2023-04;censo_total;3,17377688886354e+05
benpresaad_all;La Rioja;2023-05;censo_total;3,17360152526112e+05
benpresaad_all;La Rioja;2023-06;censo_total;3,17342616165870e+05
benpresaad_all;La Rioja;2023-07;censo_total;3,17325079805627e+05
benpresaad_all;La Rioja;2023-08;censo_total;3,17307543445385e+05
benpresaad_all;La Rioja;2023-09;censo_total;3,17290007085142e+05
benpresaad_all;La Rioja;2023-10;censo_total;3,17272470724900e+05
benpresaad_all;La Rioja;2023-11;censo_total;3,17254934364658e+05
benpresaad_all;La Rioja;2023-12;censo_total;3,17237398004416e+05
benpresaad_all;La Rioja;2024-01;censo_total;3,17219861644173e+05
benpresaad_all;La Rioja;2024-02;censo_total;3,17202325283931e+05
benpresaad_all;La Rioja;2024-03;censo_total;3,17184788923688e+05
benpresaad_all;La Rioja;2024-04;censo_total;3,17167252563446e+05
benpresaad_all;La Rioja;2024-05;censo_total;3,17149716203204e+05
benpresaad_all;La Rioja;2024-06;censo_total;3,17132179842961e+05
benpresaad_all;La Rioja;2024-07;censo_total;3,17114643482719e+05
benpresaad_all;La Rioja;2024-08;censo_total;3,17097107122477e+05
benpresaad_all;La Rioja;2024-09;censo_total;3,17079570762234e+05
benpresaad_all;La Rioja;2024-10;censo_total;3,17062034401992e+05
benpresaad_all;La Rioja;2024-11;censo_total;3,17044498041750e+05
benpresaad_all;La Rioja;2024-12;censo_total;3,17026961681507e+05
benpresaad_all;La Rioja;2025-01;censo_total;3,17009425321265e+05
benpresaad_all;La Rioja;2025-02;censo_total;3,16991888961023e+05
benpresaad_all;La Rioja;2025-03;censo_total;3,16974352600780e+05
benpresaad_all;La Rioja;2025-04;censo_total;3,16956816240538e+05
benpresaad_all;La Rioja;2025-05;censo_total;3,16939279880296e+05
benpresaad_all;La Rioja;2025-06;censo_total;3,16921743520053e+05
benpresaad_all;La Rioja;2025-07;censo_total;3,16904207159811e+05
benpresaad_all;La Rioja;2025-08;censo_total;3,16886670799569e+05
benpresaad_all;La Rioja;2025-09;censo_total;3,16869134439326e+05
benpresaad_all;La Rioja;2023-01;ppd;4,47128784887430e+04
benpresaad_all;La Rioja;2023-02;ppd;4,47508050222004e+04
benpresaad_all;La Rioja;2023-03;ppd;4,47887315556578e+04
benpresaad_all;La Rioja;2023-04;ppd;4,48266580891152e+04
benpresaad_all;La Rioja;2023-05;ppd;4,48645846225727e+04
benpresaad_all;La Rioja;2023-06;ppd;4,49025111560301e+04
benpresaad_all;La Rioja;2023-07;ppd;4,49404376894875e+04
benpresaad_all;La Rioja;2023-08;ppd;4,49783642229449e+04
benpresaad_all;La Rioja;2023-09;ppd;4,50162907564023e+04
benpresaad_all;La Rioja;2023-10;ppd;4,50542172898597e+04
benpresaad_all;La Rioja;2023-11;ppd;4,50921438233171e+04
benpresaad_all;La Rioja;2023-12;ppd;4,51300703567745e+04
benpresaad_all;La Rioja;2024-01;ppd;4,51679968902320e+04
benpresaad_all;La Rioja;2024-02;ppd;4,52059234236894e+04
benpresaad_all;La Rioja;2024-03;ppd;4,52438499571468e+04
benpresaad_all;La Rioja;2024-04;ppd;4,52817764906042e+04
benpresaad_all;La Rioja;2024-05;ppd;4,53197030240616e+04
benpresaad_all;La Rioja;2024-06;ppd;4,53576295575190e+04
benpresaad_all;La Rioja;2024-07;ppd;4,53955560909764e+04
benpresaad_all;La Rioja;2024-08;ppd;4,54334826244338e+04
benpresaad_all;La Rioja;2024-09;ppd;4,54714091578913e+04
benpresaad_all;La Rioja;2024-10;ppd;4,55093356913487e+04
benpresaad_all;La Rioja;2024-11;ppd;4,55472622248061e+04
benpresaad_all;La Rioja;2024-12;ppd;4,55851887582635e+04
benpresaad_all;La Rioja;2025-01;ppd;4,56231152917209e+04
benpresaad_all;La Rioja;2025-02;ppd;4,56610418251783e+04
benpresaad_all;La Rioja;2025-03;ppd;4,56989683586357e+04
benpresaad_all;La Rioja;2025-04;ppd;4,57368948920931e+04
benpresaad_all;La Rioja;2025-05;ppd;4,57748214255506e+04
benpresaad_all;La Rioja;2025-06;ppd;4,58127479590080e+04
benpresaad_all;La Rioja;2025-07;ppd;4,58506744924654e+04
benpresaad_all;La Rioja;2025-08;ppd;4,58886010259228e+04
benpresaad_all;La Rioja;2025-09;ppd;4,59265275593802e+04
benpresaad_all;La Rioja;2023-01;ppd_percent;1,40788742220128e+01
benpresaad_all;La Rioja;2023-02;ppd_percent;1,40914172908363e+01
benpresaad_all;La Rioja;2023-03;ppd_percent;1,41039603596598e+01
benpresaad_all;La Rioja;2023-04;ppd_percent;1,41165034284832e+01
benpresaad_all;La Rioja;2023-05;ppd_percent;1,41290464973067e+01
benpresaad_all;La Rioja;2023-06;ppd_percent;1,41415895661302e+01
benpresaad_all;La Rioja;2023-07;ppd_percent;1,41541326349537e+01
benpresaad_all;La Rioja;2023-08;ppd_percent;1,41666757037772e+01
benpresaad_all;La Rioja;2023-09;ppd_percent;1,41792187726006e+01
benpresaad_all;La Rioja;2023-10;ppd_percent;1,41917618414241e+01
benpresaad_all;La Rioja;2023-11;ppd_percent;1,42043049102476e+01
benpresaad_all;La Rioja;2023-12;ppd_percent;1,42168479790711e+01
benpresaad_all;La Rioja;2024-01;ppd_percent;1,42293910478945e+01
benpresaad_all;La Rioja;2024-02;ppd_percent;1,42419341167180e+01
benpresaad_all;La Rioja;2024-03;ppd_percent;1,42544771855415e+01
benpresaad_all;La Rioja;2024-04;ppd_percent;1,42670202543650e+01
benpresaad_all;La Rioja;2024-05;ppd_percent;1,42795633231884e+01
benpresaad_all;La Rioja;2024-06;ppd_percent;1,42921063920119e+01
benpresaad_all;La Rioja;2024-07;ppd_percent;1,43046494608354e+01
benpresaad_all;La Rioja;2024-08;ppd_percent;1,43171925296589e+01
benpresaad_all;La Rioja;2024-09;ppd_percent;1,43297355984823e+01
benpresaad_all;La Rioja;2024-10;ppd_percent;1,43422786673058e+01
benpresaad_all;La Rioja;2024-11;ppd_percent;1,43548217361293e+01
benpresaad_all;La Rioja;2024-12;ppd_percent;1,43673648049528e+01
benpresaad_all;La Rioja;2025-01;ppd_percent;1,43799078737762e+01
benpresaad_all;La Rioja;2025-02;ppd_percent;1,43924509425997e+01
benpresaad_all;La Rioja;2025-03;ppd_percent;1,44049940114232e+01
benpresaad_all;La Rioja;2025-04;ppd_percent;1,44175370802467e+01
benpresaad_all;La Rioja;2025-05;ppd_percent;1,44300801490702e+01
benpresaad_all;La Rioja;2025-06;ppd_percent;1,44426232178936e+01
benpresaad_all;La Rioja;2025-07;ppd_percent;1,44551662867171e+01
benpresaad_all;La Rioja;2025-08;ppd_percent;1,44677093555406e+01
benpresaad_all;La Rioja;2025-09;ppd_percent;1,44802524243641e+01
benpresaad_all;País Vasco;2023-01;censo_total;2,21504198335860e+06
benpresaad_all;País Vasco;2023-02;censo_total;2,21527401649694e+06
benpresaad_all;País Vasco;2023-03;censo_total;2,21550604963527e+06
benpresaad_all;País Vasco;2023-04;censo_total;2,21573808277361e+06
benpresaad_all;País Vasco;2023-05;censo_total;2,21597011591195e+06
benpresaad_all;País Vasco;2023-06;censo_total;2,21620214905029e+06
benpresaad_all;País Vasco;2023-07;censo_total;2,21643418218862e+06
benpresaad_all;País Vasco;2023-08;censo_total;2,21666621532696e+06
benpresaad_all;País Vasco;2023-09;censo_total;2,21689824846530e+06
benpresaad_all;País Vasco;2023-10;censo_total;2,21713028160364e+06
benpresaad_all;País Vasco;2023-11;censo_total;2,21736231474197e+06
benpresaad_all;País Vasco;2023-12;censo_total;2,21759434788031e+06
benpresaad_all;País Vasco;2024-01;censo_total;2,21782638101865e+06
benpresaad_all;País Vasco;2024-02;censo_total;2,21805841415699e+06
benpresaad_all;País Vasco;2024-03;censo_total;2,21829044729532e+06
benpresaad_all;País Vasco;2024-04;censo_total;2,21852248043366e+06
benpresaad_all;País Vasco;2024-05;censo_total;2,21875451357200e+06
benpresaad_all;País Vasco;2024-06;censo_total;2,21898654671034e+06
benpresaad_all;País Vasco;2024-07;censo_total;2,21921857984867e+06
benpresaad_all;País Vasco;2024-08;censo_total;2,21945061298701e+06
benpresaad_all;País Vasco;2024-09;censo_total;2,21968264612535e+06
benpresaad_all;País Vasco;2024-10;censo_total;2,21991467926369e+06
benpresaad_all;País Vasco;2024-11;censo_total;2,22014671240202e+06
benpresaad_all;País Vasco;2024-12;censo_total;2,22037874554036e+06
benpresaad_all;País Vasco;2025-01;censo_total;2,22061077867870e+06
benpresaad_all;País Vasco;2025-02;censo_total;2,22084281181703e+06
benpresaad_all;País Vasco;2025-03;censo_total;2,22107484495537e+06
benpresaad_all;País Vasco;2025-04;censo_total;2,22130687809371e+06
benpresaad_all;País Vasco;2025-05;censo_total;2,22153891123205e+06
benpresaad_all;País Vasco;2025-06;censo_total;2,22177094437038e+06
benpresaad_all;País Vasco;2025-07;censo_total;2,22200297750872e+06
benpresaad_all;País Vasco;2025-08;censo_total;2,22223501064706e+06
benpresaad_all;País Vasco;2025-09;censo_total;2,22246704378540e+06
benpresaad_all;País Vasco;2023-01;ppd;3,31459009529605e+05
benpresaad_all;País Vasco;2023-02;ppd;3,31864061895422e+05
benpresaad_all;País Vasco;2023-03;ppd;3,32269114261238e+05
benpresaad_all;País Vasco;2023-04;ppd;3,32674166627054e+05
benpresaad_all;País Vasco;2023-05;ppd;3,33079218992871e+05
benpresaad_all;País Vasco;2023-06;ppd;3,33484271358687e+05
benpresaad_all;País Vasco;2023-07;ppd;3,33889323724503e+05
benpresaad_all;País Vasco;2023-08;ppd;3,34294376090320e+05
benpresaad_all;País Vasco;2023-09;ppd;3,34699428456136e+05
benpresaad_all;País Vasco;2023-10;ppd;3,35104480821953e+05
benpresaad_all;País Vasco;2023-11;ppd;3,35509533187769e+05
benpresaad_all;País Vasco;2023-12;ppd;3,35914585553585e+05
benpresaad_all;País Vasco;2024-01;ppd;3,36319637919402e+05
benpresaad_all;País Vasco;2024-02;ppd;3,36724690285218e+05
benpresaad_all;País Vasco;2024-03;ppd;3,37129742651034e+05
benpresaad_all;País Vasco;2024-04;ppd;3,37534795016851e+05
benpresaad_all;País Vasco;2024-05;ppd;3,37939847382667e+05
benpresaad_all;País Vasco;2024-06;ppd;3,38344899748483e+05
benpresaad_all;País Vasco;2024-07;ppd;3,38749952114300e+05
benpresaad_all;País Vasco;2024-08;ppd;3,39155004480116e+05
benpresaad_all;País Vasco;2024-09;ppd;3,39560056845932e+05
benpresaad_all;País Vasco;2024-10;ppd;3,39965109211749e+05
benpresaad_all;País Vasco;2024-11;ppd;3,40370161577565e+05
benpresaad_all;País Vasco;2024-12;ppd;3,40775213943381e+05
benpresaad_all;País Vasco;2025-01;ppd;3,41180266309198e+05
benpresaad_all;País Vasco;2025-02;ppd;3,41585318675014e+05
benpresaad_all;País Vasco;2025-03;ppd;3,41990371040831e+05
benpresaad_all;País Vasco;2025-04;ppd;3,42395423406647e+05
benpresaad_all;País Vasco;2025-05;ppd;3,42800475772463e+05
benpresaad_all;País Vasco;2025-06;ppd;3,43205528138280e+05
benpresaad_all;País Vasco;2025-07;ppd;3,43610580504096e+05
benpresaad_all;País Vasco;2025-08;ppd;3,44015632869912e+05
benpresaad_all;País Vasco;2025-09;ppd;3,44420685235729e+05
benpresaad_all;País Vasco;2023-01;ppd_percent;1,49685394787771e+01
benpresaad_all;País Vasco;2023-02;ppd_percent;1,49854806339841e+01
benpresaad_all;País Vasco;2023-03;ppd_percent;1,50024217891911e+01
benpresaad_all;País Vasco;2023-04;ppd_percent;1,50193629443981e+01
benpresaad_all;País Vasco;2023-05;ppd_percent;1,50363040996051e+01
benpresaad_all;País Vasco;2023-06;ppd_percent;1,50532452548120e+01
benpresaad_all;País Vasco;2023-07;ppd_percent;1,50701864100190e+01
benpresaad_all;País Vasco;2023-08;ppd_percent;1,50871275652260e+01
benpresaad_all;País Vasco;2023-09;ppd_percent;1,51040687204330e+01
benpresaad_all;País Vasco;2023-10;ppd_percent;1,51210098756400e+01
benpresaad_all;País Vasco;2023-11;ppd_percent;1,51379510308470e+01
benpresaad_all;País Vasco;2023-12;ppd_percent;1,51548921860540e+01
benpresaad_all;País Vasco;2024-01;ppd_percent;1,51718333412610e+01
benpresaad_all;País Vasco;2024-02;ppd_percent;1,51887744964679e+01
benpresaad_all;País Vasco;2024-03;ppd_percent;1,52057156516749e+01
benpresaad_all;País Vasco;2024-04;ppd_percent;1,52226568068819e+01
benpresaad_all;País Vasco;2024-05;ppd_percent;1,52395979620889e+01
benpresaad_all;País Vasco;2024-06;ppd_percent;1,52565391172959e+01
benpresaad_all;País Vasco;2024-07;ppd_percent;1,52734802725029e+01
benpresaad_all;País Vasco;2024-08;ppd_percent;1,52904214277099e+01
benpresaad_all;País Vasco;2024-09;ppd_percent;1,53073625829169e+01
benpresaad_all;País Vasco;2024-10;ppd_percent;1,53243037381239e+01
benpresaad_all;País Vasco;2024-11;ppd_percent;1,53412448933308e+01
benpresaad_all;País Vasco;2024-12;ppd_percent;1,53581860485378e+01
benpresaad_all;País Vasco;2025-01;ppd_percent;1,53751272037448e+01
benpresaad_all;País Vasco;2025-02;ppd_percent;1,53920683589518e+01
benpresaad_all;País Vasco;2025-03;ppd_percent;1,54090095141588e+01
benpresaad_all;País Vasco;2025-04;ppd_percent;1,54259506693658e+01
benpresaad_all;País Vasco;2025-05;ppd_percent;1,54428918245728e+01
benpresaad_all;País Vasco;2025-06;ppd_percent;1,54598329797798e+01
benpresaad_all;País Vasco;2025-07;ppd_percent;1,54767741349867e+01
benpresaad_all;País Vasco;2025-08;ppd_percent;1,54937152901937e+01
benpresaad_all;País Vasco;2025-09;ppd_percent;1,55106564454007e+01
benpresaad_all;Principado de Asturias;2023-01;censo_total;9,99040183981935e+05
benpresaad_all;Principado de Asturias;2023-02;censo_total;9,98448630368397e+05
benpresaad_all;Principado de Asturias;2023-03;censo_total;9,97857076754859e+05
benpresaad_all;Principado de Asturias;2023-04;censo_total;9,97265523141321e+05
benpresaad_all;Principado de Asturias;2023-05;censo_total;9,96673969527782e+05
benpresaad_all;Principado de Asturias;2023-06;censo_total;9,96082415914244e+05
benpresaad_all;Principado de Asturias;2023-07;censo_total;9,95490862300706e+05
benpresaad_all;Principado de Asturias;2023-08;censo_total;9,94899308687168e+05
benpresaad_all;Principado de Asturias;2023-09;censo_total;9,94307755073629e+05
benpresaad_all;Principado de Asturias;2023-10;censo_total;9,93716201460091e+05
benpresaad_all;Principado de Asturias;2023-11;censo_total;9,93124647846553e+05
benpresaad_all;Principado de Asturias;2023-12;censo_total;9,92533094233015e+05
benpresaad_all;Principado de Asturias;2024-01;censo_total;9,91941540619476e+05
benpresaad_all;Principado de Asturias;2024-02;censo_total;9,91349987005938e+05
benpresaad_all;Principado de Asturias;2024-03;censo_total;9,90758433392400e+05
benpresaad_all;Principado de Asturias;2024-04;censo_total;9,90166879778862e+05
benpresaad_all;Principado de Asturias;2024-05;censo_total;9,89575326165323e+05
benpresaad_all;Principado de Asturias;2024-06;censo_total;9,88983772551785e+05
benpresaad_all;Principado de Asturias;2024-07;censo_total;9,88392218938247e+05
benpresaad_all;Principado de Asturias;2024-08;censo_total;9,87800665324709e+05
benpresaad_all;Principado de Asturias;2024-09;censo_total;9,87209111711171e+05
benpresaad_all;Principado de Asturias;2024-10;censo_total;9,86617558097632e+05
benpresaad_all;Principado de Asturias;2024-11;censo_total;9,86026004484094e+05
benpresaad_all;Principado de Asturias;2024-12;censo_total;9,85434450870556e+05
benpresaad_all;Principado de Asturias;2025-01;censo_total;9,84842897257018e+05
benpresaad_all;Principado de Asturias;2025-02;censo_total;9,84251343643479e+05
benpresaad_all;Principado de Asturias;2025-03;censo_total;9,83659790029941e+05
benpresaad_all;Principado de Asturias;2025-04;censo_total;9,83068236416403e+05
benpresaad_all;Principado de Asturias;2025-05;censo_total;9,82476682802865e+05
benpresaad_all;Principado de Asturias;2025-06;censo_total;9,81885129189327e+05
benpresaad_all;Principado de Asturias;2025-07;censo_total;9,81293575575788e+05
benpresaad_all;Principado de Asturias;2025-08;censo_total;9,80702021962250e+05
benpresaad_all;Principado de Asturias;2025-09;censo_total;9,80110468348712e+05
benpresaad_all;Principado de Asturias;2023-01;ppd;1,73724478178706e+05
benpresaad_all;Principado de Asturias;2023-02;ppd;1,73815619290021e+05
benpresaad_all;Principado de Asturias;2023-03;ppd;1,73906760401336e+05
benpresaad_all;Principado de Asturias;2023-04;ppd;1,73997901512651e+05
benpresaad_all;Principado de Asturias;2023-05;ppd;1,74089042623965e+05
benpresaad_all;Principado de Asturias;2023-06;ppd;1,74180183735280e+05
benpresaad_all;Principado de Asturias;2023-07;ppd;1,74271324846595e+05
benpresaad_all;Principado de Asturias;2023-08;ppd;1,74362465957910e+05
benpresaad_all;Principado de Asturias;2023-09;ppd;1,74453607069224e+05
benpresaad_all;Principado de Asturias;2023-10;ppd;1,74544748180539e+05
benpresaad_all;Principado de Asturias;2023-11;ppd;1,74635889291854e+05
benpresaad_all;Principado de Asturias;2023-12;ppd;1,74727030403169e+05
benpresaad_all;Principado de Asturias;2024-01;ppd;1,74818171514483e+05
benpresaad_all;Principado de Asturias;2024-02;ppd;1,74909312625798e+05
benpresaad_all;Principado de Asturias;2024-03;ppd;1,75000453737113e+05
benpresaad_all;Principado de Asturias;2024-04;ppd;1,75091594848428e+05
benpresaad_all;Principado de Asturias;2024-05;ppd;1,75182735959742e+05
benpresaad_all;Principado de Asturias;2024-06;ppd;1,75273877071057e+05
benpresaad_all;Principado de Asturias;2024-07;ppd;1,75365018182372e+05
benpresaad_all;Principado de Asturias;2024-08;ppd;1,75456159293687e+05
benpresaad_all;Principado de Asturias;2024-09;ppd;1,75547300405001e+05
benpresaad_all;Principado de Asturias;2024-10;ppd;1,75638441516316e+05
benpresaad_all;Principado de Asturias;2024-11;ppd;1,75729582627631e+05
benpresaad_all;Principado de Asturias;2024-12;ppd;1,75820723738946e+05
benpresaad_all;Principado de Asturias;2025-01;ppd;1,75911864850260e+05
benpresaad_all;Principado de Asturias;2025-02;ppd;1,76003005961575e+05
benpresaad_all;Principado de Asturias;2025-03;ppd;1,76094147072890e+05
benpresaad_all;Principado de Asturias;2025-04;ppd;1,76185288184205e+05
benpresaad_all;Principado de Asturias;2025-05;ppd;1,76276429295519e+05
benpresaad_all;Principado de Asturias;2025-06;ppd;1,76367570406834e+05
benpresaad_all;Principado de Asturias;2025-07;ppd;1,76458711518149e+05
benpresaad_all;Principado de Asturias;2025-08;ppd;1,76549852629464e+05
benpresaad_all;Principado de Asturias;2025-09;ppd;1,76640993740778e+05
benpresaad_all;Principado de Asturias;2023-01;ppd_percent;1,73560199776793e+01
benpresaad_all;Principado de Asturias;2023-02;ppd_percent;1,73739824595202e+01
benpresaad_all;Principado de Asturias;2023-03;ppd_percent;1,73919449413611e+01
benpresaad_all;Principado de Asturias;2023-04;ppd_percent;1,74099074232020e+01
benpresaad_all;Principado de Asturias;2023-05;ppd_percent;1,74278699050429e+01
benpresaad_all;Principado de Asturias;2023-06;ppd_percent;1,74458323868838e+01
benpresaad_all;Principado de Asturias;2023-07;ppd_percent;1,74637948687247e+01
benpresaad_all;Principado de Asturias;2023-08;ppd_percent;1,74817573505655e+01
benpresaad_all;Principado de Asturias;2023-09;ppd_percent;1,74997198324064e+01
benpresaad_all;Principado de Asturias;2023-10;ppd_percent;1,75176823142473e+01
benpresaad_all;Principado de Asturias;2023-11;ppd_percent;1,75356447960882e+01
benpresaad_all;Principado de Asturias;2023-12;ppd_percent;1,75536072779291e+01
benpresaad_all;Principado de Asturias;2024-01;ppd_percent;1,75715697597700e+01
benpresaad_all;Principado de Asturias;2024-02;ppd_percent;1,75895322416109e+01
benpresaad_all;Principado de Asturias;2024-03;ppd_percent;1,76074947234518e+01
benpresaad_all;Principado de Asturias;2024-04;ppd_percent;1,76254572052927e+01
benpresaad_all;Principado de Asturias;2024-05;ppd_percent;1,76434196871336e+01
benpresaad_all;Principado de Asturias;2024-06;ppd_percent;1,76613821689745e+01
benpresaad_all;Principado de Asturias;2024-07;ppd_percent;1,76793446508154e+01
benpresaad_all;Principado de Asturias;2024-08;ppd_percent;1,76973071326563e+01
benpresaad_all;Principado de Asturias;2024-09;ppd_percent;1,77152696144972e+01
benpresaad_all;Principado de Asturias;2024-10;ppd_percent;1,77332320963380e+01
benpresaad_all;Principado de Asturias;2024-11;ppd_percent;1,77511945781789e+01
benpresaad_all;Principado de Asturias;2024-12;ppd_percent;1,77691570600198e+01
benpresaad_all;Principado de Asturias;2025-01;ppd_percent;1,77871195418607e+01
benpresaad_all;Principado de Asturias;2025-02;ppd_percent;1,78050820237016e+01
benpresaad_all;Principado de Asturias;2025-03;ppd_percent;1,78230445055425e+01
benpresaad_all;Principado de Asturias;2025-04;ppd_percent;1,78410069873834e+01
benpresaad_all;Principado de Asturias;2025-05;ppd_percent;1,78589694692243e+01
benpresaad_all;Principado de Asturias;2025-06;ppd_percent;1,78769319510652e+01
benpresaad_all;Principado de Asturias;2025-07;ppd_percent;1,78948944329061e+01
benpresaad_all;Principado de Asturias;2025-08;ppd_percent;1,79128569147470e+01
benpresaad_all;Principado de Asturias;2025-09;ppd_percent;1,79308193965879e+01
benpresaad_all;Región de Murcia;2023-01;censo_total;1,52027463072043e+06
benpresaad_all;Región de Murcia;2023-02;censo_total;1,52078762792148e+06
benpresaad_all;Región de Murcia;2023-03;censo_total;1,52130062512254e+06
benpresaad_all;Región de Murcia;2023-04;censo_total;1,52181362232360e+06
benpresaad_all;Región de Murcia;2023-05;censo_total;1,52232661952466e+06
benpresaad_all;Región de Murcia;2023-06;censo_total;1,52283961672572e+06
benpresaad_all;Región de Murcia;2023-07;censo_total;1,52335261392677e+06
benpresaad_all;Región de Murcia;2023-08;censo_total;1,52386561112783e+06
benpresaad_all;Región de Murcia;2023-09;censo_total;1,52437860832889e+06
benpresaad_all;Región de Murcia;2023-10;censo_total;1,52489160552995e+06
benpresaad_all;Región de Murcia;2023-11;censo_total;1,52540460273101e+06
benpresaad_all;Región de Murcia;2023-12;censo_total;1,52591759993206e+06
benpresaad_all;Región de Murcia;2024-01;censo_total;1,52643059713312e+06
benpresaad_all;Región de Murcia;2024-02;censo_total;1,52694359433418e+06
benpresaad_all;Región de Murcia;2024-03;censo_total;1,52745659153524e+06
benpresaad_all;Región de Murcia;2024-04;censo_total;1,52796958873630e+06
benpresaad_all;Región de Murcia;2024-05;censo_total;1,52848258593735e+06
benpresaad_all;Región de Murcia;2024-06;censo_total;1,52899558313841e+06
benpresaad_all;Región de Murcia;2024-07;censo_total;1,52950858033947e+06
benpresaad_all;Región de Murcia;2024-08;censo_total;1,53002157754053e+06
benpresaad_all;Región de Murcia;2024-09;censo_total;1,53053457474159e+06
benpresaad_all;Región de Murcia;2024-10;censo_total;1,53104757194264e+06
benpresaad_all;Región de Murcia;2024-11;censo_total;1,53156056914370e+06
benpresaad_all;Región de Murcia;2024-12;censo_total;1,53207356634476e+06
benpresaad_all;Región de Murcia;2025-01;censo_total;1,53258656354582e+06
benpresaad_all;Región de Murcia;2025-02;censo_total;1,53309956074688e+06
benpresaad_all;Región de Murcia;2025-03;censo_total;1,53361255794794e+06
benpresaad_all;Región de Murcia;2025-04;censo_total;1,53412555514899e+06
benpresaad_all;Región de Murcia;2025-05;censo_total;1,53463855235005e+06
benpresaad_all;Región de Murcia;2025-06;censo_total;1,53515154955111e+06
benpresaad_all;Región de Murcia;2025-07;censo_total;1,53566454675217e+06
benpresaad_all;Región de Murcia;2025-08;censo_total;1,53617754395323e+06
benpresaad_all;Región de Murcia;2025-09;censo_total;1,53669054115428e+06
benpresaad_all;Región de Murcia;2023-01;ppd;1,54162969540114e+05
benpresaad_all;Región de Murcia;2023-02;ppd;1,54343886599993e+05
benpresaad_all;Región de Murcia;2023-03;ppd;1,54524803659871e+05
benpresaad_all;Región de Murcia;2023-04;ppd;1,54705720719750e+05
benpresaad_all;Región de Murcia;2023-05;ppd;1,54886637779628e+05
benpresaad_all;Región de Murcia;2023-06;ppd;1,55067554839507e+05
benpresaad_all;Región de Murcia;2023-07;ppd;1,55248471899385e+05
benpresaad_all;Región de Murcia;2023-08;ppd;1,55429388959264e+05
benpresaad_all;Región de Murcia;2023-09;ppd;1,55610306019143e+05
benpresaad_all;Región de Murcia;2023-10;ppd;1,55791223079021e+05
benpresaad_all;Región de Murcia;2023-11;ppd;1,55972140138900e+05
benpresaad_all;Región de Murcia;2023-12;ppd;1,56153057198778e+05
benpresaad_all;Región de Murcia;2024-01;ppd;1,56333974258657e+05
benpresaad_all;Región de Murcia;2024-02;ppd;1,56514891318536e+05
benpresaad_all;Región de Murcia;2024-03;ppd;1,56695808378414e+05
benpresaad_all;Región de Murcia;2024-04;ppd;1,56876725438293e+05
benpresaad_all;Región de Murcia;2024-05;ppd;1,57057642498171e+05
benpresaad_all;Región de Murcia;2024-06;ppd;1,57238559558050e+05
benpresaad_all;Región de Murcia;2024-07;ppd;1,57419476617929e+05
benpresaad_all;Región de Murcia;2024-08;ppd;1,57600393677807e+05
benpresaad_all;Región de Murcia;2024-09;ppd;1,57781310737686e+05
benpresaad_all;Región de Murcia;2024-10;ppd;1,57962227797564e+05
benpresaad_all;Región de Murcia;2024-11;ppd;1,58143144857443e+05
benpresaad_all;Región de Murcia;2024-12;ppd;1,58324061917322e+05
benpresaad_all;Región de Murcia;2025-01;ppd;1,58504978977200e+05
benpresaad_all;Región de Murcia;2025-02;ppd;1,58685896037079e+05
benpresaad_all;Región de Murcia;2025-03;ppd;1,58866813096957e+05
benpresaad_all;Región de Murcia;2025-04;ppd;1,59047730156836e+05
benpresaad_all;Región de Murcia;2025-05;ppd;1,59228647216714e+05
benpresaad_all;Región de Murcia;2025-06;ppd;1,59409564276593e+05
benpresaad_all;Región de Murcia;2025-07;ppd;1,59590481336472e+05
benpresaad_all;Región de Murcia;2025-08;ppd;1,59771398396350e+05
benpresaad_all;Región de Murcia;2025-09;ppd;1,59952315456229e+05
benpresaad_all;Región de Murcia;2023-01;ppd_percent;1,01464203121558e+01
benpresaad_all;Región de Murcia;2023-02;ppd_percent;1,01552430289086e+01
benpresaad_all;Región de Murcia;2023-03;ppd_percent;1,01640657456614e+01
benpresaad_all;Región de Murcia;2023-04;ppd_percent;1,01728884624142e+01
benpresaad_all;Región de Murcia;2023-05;ppd_percent;1,01817111791670e+01
benpresaad_all;Región de Murcia;2023-06;ppd_percent;1,01905338959198e+01
benpresaad_all;Región de Murcia;2023-07;ppd_percent;1,01993566126726e+01
benpresaad_all;Región de Murcia;2023-08;ppd_percent;1,02081793294254e+01
benpresaad_all;Región de Murcia;2023-09;ppd_percent;1,02170020461782e+01
benpresaad_all;Región de Murcia;2023-10;ppd_percent;1,02258247629310e+01
benpresaad_all;Región de Murcia;2023-11;ppd_percent;1,02346474796839e+01
benpresaad_all;Región de Murcia;2023-12;ppd_percent;1,02434701964367e+01
benpresaad_all;Región de Murcia;2024-01;ppd_percent;1,02522929131895e+01
benpresaad_all;Región de Murcia;2024-02;ppd_percent;1,02611156299423e+01
benpresaad_all;Región de Murcia;2024-03;ppd_percent;1,02699383466951e+01
benpresaad_all;Región de Murcia;2024-04;ppd_percent;1,02787610634479e+01
benpresaad_all;Región de Murcia;2024-05;ppd_percent;1,02875837802007e+01
benpresaad_all;Región de Murcia;2024-06;ppd_percent;1,02964064969535e+01
benpresaad_all;Región de Murcia;2024-07;ppd_percent;1,03052292137063e+01
benpresaad_all;Región de Murcia;2024-08;ppd_percent;1,03140519304591e+01
benpresaad_all;Región de Murcia;2024-09;ppd_percent;1,03228746472119e+01
benpresaad_all;Región de Murcia;2024-10;ppd_percent;1,03316973639648e+01
benpresaad_all;Región de Murcia;2024-11;ppd_percent;1,03405200807176e+01
benpresaad_all;Región de Murcia;2024-12;ppd_percent;1,03493427974704e+01
benpresaad_all;Región de Murcia;2025-01;ppd_percent;1,03581655142232e+01
benpresaad_all;Región de Murcia;2025-02;ppd_percent;1,03669882309760e+01
benpresaad_all;Región de Murcia;2025-03;ppd_percent;1,03758109477288e+01
benpresaad_all;Región de Murcia;2025-04;ppd_percent;1,03846336644816e+01
benpresaad_all;Región de Murcia;2025-05;ppd_percent;1,03934563812344e+01
benpresaad_all;Región de Murcia;2025-06;ppd_percent;1,04022790979872e+01
benpresaad_all;Región de Murcia;2025-07;ppd_percent;1,04111018147400e+01
benpresaad_all;Región de Murcia;2025-08;ppd_percent;1,04199245314929e+01
benpresaad_all;Región de Murcia;2025-09;ppd_percent;1,04287472482457e+01
dictsaad_all;Andalucía;2023-01;censo_total;8,45736526505419e+06
dictsaad_all;Andalucía;2023-02;censo_total;8,45783262931612e+06
dictsaad_all;Andalucía;2023-03;censo_total;8,45829999357805e+06
dictsaad_all;Andalucía;2023-04;censo_total;8,45876735783998e+06
dictsaad_all;Andalucía;2023-05;censo_total;8,45923472210190e+06
dictsaad_all;Andalucía;2023-06;censo_total;8,45970208636383e+06
dictsaad_all;Andalucía;2023-07;censo_total;8,46016945062576e+06
dictsaad_all;Andalucía;2023-08;censo_total;8,46063681488769e+06
dictsaad_all;Andalucía;2023-09;censo_total;8,46110417914962e+06
dictsaad_all;Andalucía;2023-10;censo_total;8,46157154341155e+06
dictsaad_all;Andalucía;2023-11;censo_total;8,46203890767348e+06
dictsaad_all;Andalucía;2023-12;censo_total;8,46250627193541e+06
dictsaad_all;Andalucía;2024-01;censo_total;8,46297363619734e+06
dictsaad_all;Andalucía;2024-02;censo_total;8,46344100045927e+06
dictsaad_all;Andalucía;2024-03;censo_total;8,46390836472120e+06
dictsaad_all;Andalucía;2024-04;censo_total;8,46437572898312e+06
dictsaad_all;Andalucía;2024-05;censo_total;8,46484309324505e+06
dictsaad_all;Andalucía;2024-06;censo_total;8,46531045750698e+06
dictsaad_all;Andalucía;2024-07;censo_total;8,46577782176891e+06
dictsaad_all;Andalucía;2024-08;censo_total;8,46624518603084e+06
dictsaad_all;Andalucía;2024-09;censo_total;8,46671255029277e+06
dictsaad_all;Andalucía;2024-10;censo_total;8,46717991455470e+06
dictsaad_all;Andalucía;2024-11;censo_total;8,46764727881663e+06
dictsaad_all;Andalucía;2024-12;censo_total;8,46811464307856e+06
dictsaad_all;Andalucía;2025-01;censo_total;8,46858200734049e+06
dictsaad_all;Andalucía;2025-02;censo_total;8,46904937160241e+06
dictsaad_all;Andalucía;2025-03;censo_total;8,46951673586434e+06
dictsaad_all;Andalucía;2025-04;censo_total;8,46998410012627e+06
dictsaad_all;Andalucía;2025-05;censo_total;8,47045146438820e+06
dictsaad_all;Andalucía;2025-06;censo_total;8,47091882865013e+06
dictsaad_all;Andalucía;2025-07;censo_total;8,47138619291206e+06
dictsaad_all;Andalucía;2025-08;censo_total;8,47185355717399e+06
dictsaad_all;Andalucía;2025-09;censo_total;8,47232092143592e+06
dictsaad_all;Andalucía;2023-01;ppd;9,41928662069326e+05
dictsaad_all;Andalucía;2023-02;ppd;9,43040752170799e+05
dictsaad_all;Andalucía;2023-03;ppd;9,44152842272273e+05
dictsaad_all;Andalucía;2023-04;ppd;9,45264932373746e+05
dictsaad_all;Andalucía;2023-05;ppd;9,46377022475220e+05
dictsaad_all;Andalucía;2023-06;ppd;9,47489112576693e+05
dictsaad_all;Andalucía;2023-07;ppd;9,48601202678167e+05
dictsaad_all;Andalucía;2023-08;ppd;9,49713292779640e+05
dictsaad_all;Andalucía;2023-09;ppd;9,50825382881113e+05
dictsaad_all;Andalucía;2023-10;ppd;9,51937472982587e+05
dictsaad_all;Andalucía;2023-11;ppd;9,53049563084060e+05
dictsaad_all;Andalucía;2023-12;ppd;9,54161653185534e+05
dictsaad_all;Andalucía;2024-01;ppd;9,55273743287007e+05
dictsaad_all;Andalucía;2024-02;ppd;9,56385833388481e+05
dictsaad_all;Andalucía;2024-03;ppd;9,57497923489954e+05
dictsaad_all;Andalucía;2024-04;ppd;9,58610013591427e+05
dictsaad_all;Andalucía;2024-05;ppd;9,59722103692901e+05
dictsaad_all;Andalucía;2024-06;ppd;9,60834193794374e+05
dictsaad_all;Andalucía;2024-07;ppd;9,61946283895848e+05
dictsaad_all;Andalucía;2024-08;ppd;9,63058373997321e+05
dictsaad_all;Andalucía;2024-09;ppd;9,64170464098795e+05
dictsaad_all;Andalucía;2024-10;ppd;9,65282554200268e+05
dictsaad_all;Andalucía;2024-11;ppd;9,66394644301741e+05
dictsaad_all;Andalucía;2024-12;ppd;9,67506734403215e+05
dictsaad_all;Andalucía;2025-01;ppd;9,68618824504688e+05
dictsaad_all;Andalucía;2025-02;ppd;9,69730914606162e+05
dictsaad_all;Andalucía;2025-03;ppd;9,70843004707635e+05
dictsaad_all;Andalucía;2025-04;ppd;9,71955094809108e+05
dictsaad_all;Andalucía;2025-05;ppd;9,73067184910582e+05
dictsaad_all;Andalucía;2025-06;ppd;9,74179275012055e+05
dictsaad_all;Andalucía;2025-07;ppd;9,75291365113529e+05
dictsaad_all;Andalucía;2025-08;ppd;9,76403455215002e+05
dictsaad_all;Andalucía;2025-09;ppd;9,77515545316476e+05
dictsaad_all;Andalucía;2023-01;ppd_percent;1,11365060792843e+01
dictsaad_all;Andalucía;2023-02;ppd_percent;1,11490878301265e+01
dictsaad_all;Andalucía;2023-03;ppd_percent;1,11616695809687e+01
dictsaad_all;Andalucía;2023-04;ppd_percent;1,11742513318108e+01
dictsaad_all;Andalucía;2023-05;ppd_percent;1,11868330826530e+01
dictsaad_all;Andalucía;2023-06;ppd_percent;1,11994148334952e+01
dictsaad_all;Andalucía;2023-07;ppd_percent;1,12119965843374e+01
dictsaad_all;Andalucía;2023-08;ppd_percent;1,12245783351796e+01
dictsaad_all;Andalucía;2023-09;ppd_percent;1,12371600860217e+01
dictsaad_all;Andalucía;2023-10;ppd_percent;1,12497418368639e+01
dictsaad_all;Andalucía;2023-11;ppd_percent;1,12623235877061e+01
dictsaad_all;Andalucía;2023-12;ppd_percent;1,12749053385483e+01
dictsaad_all;Andalucía;2024-01;ppd_percent;1,12874870893905e+01
dictsaad_all;Andalucía;2024-02;ppd_percent;1,13000688402326e+01
dictsaad_all;Andalucía;2024-03;ppd_percent;1,13126505910748e+01
dictsaad_all;Andalucía;2024-04;ppd_percent;1,13252323419170e+01
dictsaad_all;Andalucía;2024-05;ppd_percent;1,13378140927592e+01
dictsaad_all;Andalucía;2024-06;ppd_percent;1,13503958436013e+01
dictsaad_all;Andalucía;2024-07;ppd_percent;1,13629775944435e+01
dictsaad_all;Andalucía;2024-08;ppd_percent;1,13755593452857e+01
dictsaad_all;Andalucía;2024-09;ppd_percent;1,13881410961279e+01
dictsaad_all;Andalucía;2024-10;ppd_percent;1,14007228469701e+01
dictsaad_all;Andalucía;2024-11;ppd_percent;1,14133045978122e+01
dictsaad_all;Andalucía;2024-12;ppd_percent;1,14258863486544e+01
dictsaad_all;Andalucía;2025-01;ppd_percent;1,14384680994966e+01
dictsaad_all;Andalucía;2025-02;ppd_percent;1,14510498503388e+01
dictsaad_all;Andalucía;2025-03;ppd_percent;1,14636316011810e+01
dictsaad_all;Andalucía;2025-04;ppd_percent;1,14762133520231e+01
dictsaad_all;Andalucía;2025-05;ppd_percent;1,14887951028653e+01
dictsaad_all;Andalucía;2025-06;ppd_percent;1,15013768537075e+01
dictsaad_all;Andalucía;2025-07;ppd_percent;1,15139586045497e+01
dictsaad_all;Andalucía;2025-08;ppd_percent;1,15265403553918e+01
dictsaad_all;Andalucía;2025-09;ppd_percent;1,15391221062340e+01
dictsaad_all;Aragón;2023-01;censo_total;1,31543675384293e+06
dictsaad_all;Aragón;2023-02;censo_total;1,31530650271750e+06
dictsaad_all;Aragón;2023-03;censo_total;1,31517625159207e+06
dictsaad_all;Aragón;2023-04;censo_total;1,31504600046664e+06
dictsaad_all;Aragón;2023-05;censo_total;1,31491574934121e+06
dictsaad_all;Aragón;2023-06;censo_total;1,31478549821578e+06
dictsaad_all;Aragón;2023-07;censo_total;1,31465524709034e+06
dictsaad_all;Aragón;2023-08;censo_total;1,31452499596491e+06
dictsaad_all;Aragón;2023-09;censo_total;1,31439474483948e+06
dictsaad_all;Aragón;2023-10;censo_total;1,31426449371405e+06
dictsaad_all;Aragón;2023-11;censo_total;1,31413424258862e+06
dictsaad_all;Aragón;2023-12;censo_total;1,31400399146319e+06
dictsaad_all;Aragón;2024-01;censo_total;1,31387374033776e+06
dictsaad_all;Aragón;2024-02;censo_total;1,31374348921233e+06
dictsaad_all;Aragón;2024-03;censo_total;1,31361323808690e+06
dictsaad_all;Aragón;2024-04;censo_total;1,31348298696147e+06
dictsaad_all;Aragón;2024-05;censo_total;1,31335273583604e+06
dictsaad_all;Aragón;2024-06;censo_total;1,31322248471061e+06
dictsaad_all;Aragón;2024-07;censo_total;1,31309223358518e+06
dictsaad_all;Aragón;2024-08;censo_total;1,31296198245975e+06
dictsaad_all;Aragón;2024-09;censo_total;1,31283173133432e+06
dictsaad_all;Aragón;2024-10;censo_total;1,31270148020888e+06
dictsaad_all;Aragón;2024-11;censo_total;1,31257122908345e+06
dictsaad_all;Aragón;2024-12;censo_total;1,31244097795802e+06
dictsaad_all;Aragón;2025-01;censo_total;1,31231072683259e+06
dictsaad_all;Aragón;2025-02;censo_total;1,31218047570716e+06
dictsaad_all;Aragón;2025-03;censo_total;1,31205022458173e+06
dictsaad_all;Aragón;2025-04;censo_total;1,31191997345630e+06
dictsaad_all;Aragón;2025-05;censo_total;1,31178972233087e+06
dictsaad_all;Aragón;2025-06;censo_total;1,31165947120544e+06
dictsaad_all;Aragón;2025-07;censo_total;1,31152922008001e+06
dictsaad_all;Aragón;2025-08;censo_total;1,31139896895458e+06
dictsaad_all;Aragón;2025-09;censo_total;1,31126871782915e+06
dictsaad_all;Aragón;2023-01;ppd;1,91128480537193e+05
dictsaad_all;Aragón;2023-02;ppd;1,91210105787554e+05
dictsaad_all;Aragón;2023-03;ppd;1,91291731037915e+05
dictsaad_all;Aragón;2023-04;ppd;1,91373356288275e+05
dictsaad_all;Aragón;2023-05;ppd;1,91454981538636e+05
dictsaad_all;Aragón;2023-06;ppd;1,91536606788997e+05
dictsaad_all;Aragón;2023-07;ppd;1,91618232039358e+05
dictsaad_all;Aragón;2023-08;ppd;1,91699857289719e+05
dictsaad_all;Aragón;2023-09;ppd;1,91781482540080e+05
dictsaad_all;Aragón;2023-10;ppd;1,91863107790441e+05
dictsaad_all;Aragón;2023-11;ppd;1,91944733040802e+05
dictsaad_all;Aragón;2023-12;ppd;1,92026358291163e+05
dictsaad_all;Aragón;2024-01;ppd;1,92107983541524e+05
dictsaad_all;Aragón;2024-02;ppd;1,92189608791885e+05
dictsaad_all;Aragón;2024-03;ppd;1,92271234042245e+05
dictsaad_all;Aragón;2024-04;ppd;1,92352859292606e+05
dictsaad_all;Aragón;2024-05;ppd;1,92434484542967e+05
dictsaad_all;Aragón;2024-06;ppd;1,92516109793328e+05
dictsaad_all;Aragón;2024-07;ppd;1,92597735043689e+05
dictsaad_all;Aragón;2024-08;ppd;1,92679360294050e+05
dictsaad_all;Aragón;2024-09;ppd;1,92760985544411e+05
dictsaad_all;Aragón;2024-10;ppd;1,92842610794772e+05
dictsaad_all;Aragón;2024-11;ppd;1,92924236045133e+05
dictsaad_all;Aragón;2024-12;ppd;1,93005861295494e+05
dictsaad_all;Aragón;2025-01;ppd;1,93087486545854e+05
dictsaad_all;Aragón;2025-02;ppd;1,93169111796215e+05
dictsaad_all;Aragón;2025-03;ppd;1,93250737046576e+05
dictsaad_all;Aragón;2025-04;ppd;1,93332362296937e+05
dictsaad_all;Aragón;2025-05;ppd;1,93413987547298e+05
dictsaad_all;Aragón;2025-06;ppd;1,93495612797659e+05
dictsaad_all;Aragón;2025-07;ppd;1,93577238048020e+05
dictsaad_all;Aragón;2025-08;ppd;1,93658863298381e+05
dictsaad_all;Aragón;2025-09;ppd;1,93740488548742e+05
dictsaad_all;Aragón;2023-01;ppd_percent;1,45237403352784e+01
dictsaad_all;Aragón;2023-02;ppd_percent;1,45312089655045e+01
dictsaad_all;Aragón;2023-03;ppd_percent;1,45386775957305e+01
dictsaad_all;Aragón;2023-04;ppd_percent;1,45461462259566e+01
dictsaad_all;Aragón;2023-05;ppd_percent;1,45536148561827e+01
dictsaad_all;Aragón;2023-06;ppd_percent;1,45610834864088e+01
dictsaad_all;Aragón;2023-07;ppd_percent;1,45685521166349e+01
dictsaad_all;Aragón;2023-08;ppd_percent;1,45760207468610e+01
dictsaad_all;Aragón;2023-09;ppd_percent;1,45834893770871e+01
dictsaad_all;Aragón;2023-10;ppd_percent;1,45909580073132e+01
dictsaad_all;Aragón;2023-11;ppd_percent;1,45984266375393e+01
dictsaad_all;Aragón;2023-12;ppd_percent;1,46058952677654e+01
dictsaad_all;Aragón;2024-01;ppd_percent;1,46133638979915e+01
dictsaad_all;Aragón;2024-02;ppd_percent;1,46208325282176e+01
dictsaad_all;Aragón;2024-03;ppd_percent;1,46283011584436e+01
dictsaad_all;Aragón;2024-04;ppd_percent;1,46357697886697e+01
dictsaad_all;Aragón;2024-05;ppd_percent;1,46432384188958e+01
dictsaad_all;Aragón;2024-06;ppd_percent;1,46507070491219e+01
dictsaad_all;Aragón;2024-07;ppd_percent;1,46581756793480e+01
dictsaad_all;Aragón;2024-08;ppd_percent;1,46656443095741e+01
dictsaad_all;Aragón;2024-09;ppd_percent;1,46731129398002e+01
dictsaad_all;Aragón;2024-10;ppd_percent;1,46805815700263e+01
dictsaad_all;Aragón;2024-11;ppd_percent;1,46880502002524e+01
dictsaad_all;Aragón;2024-12;ppd_percent;1,46955188304785e+01
dictsaad_all;Aragón;2025-01;ppd_percent;1,47029874607046e+01
dictsaad_all;Aragón;2025-02;ppd_percent;1,47104560909307e+01
dictsaad_all;Aragón;2025-03;ppd_percent;1,47179247211567e+01
dictsaad_all;Aragón;2025-04;ppd_percent;1,47253933513828e+01
dictsaad_all;Aragón;2025-05;ppd_percent;1,47328619816089e+01
dictsaad_all;Aragón;2025-06;ppd_percent;1,47403306118350e+01
dictsaad_all;Aragón;2025-07;ppd_percent;1,47477992420611e+01
dictsaad_all;Aragón;2025-08;ppd_percent;1,47552678722872e+01
dictsaad_all;Aragón;2025-09;ppd_percent;1,47627365025133e+01
dictsaad_all;Canarias;2023-01;censo_total;2,17606666036414e+06
dictsaad_all;Canarias;2023-02;censo_total;2,17672167613524e+06
dictsaad_all;Canarias;2023-03;censo_total;2,17737669190635e+06
dictsaad_all;Canarias;2023-04;censo_total;2,17803170767745e+06
dictsaad_all;Canarias;2023-05;censo_total;2,17868672344855e+06
dictsaad_all;Canarias;2023-06;censo_total;2,17934173921966e+06
dictsaad_all;Canarias;2023-07;censo_total;2,17999675499076e+06
dictsaad_all;Canarias;2023-08;censo_total;2,18065177076187e+06
dictsaad_all;Canarias;2023-09;censo_total;2,18130678653297e+06
dictsaad_all;Canarias;2023-10;censo_total;2,18196180230407e+06
dictsaad_all;Canarias;2023-11;censo_total;2,18261681807518e+06
dictsaad_all;Canarias;2023-12;censo_total;2,18327183384628e+06
dictsaad_all;Canarias;2024-01;censo_total;2,18392684961739e+06
dictsaad_all;Canarias;2024-02;censo_total;2,18458186538849e+06
dictsaad_all;Canarias;2024-03;censo_total;2,18523688115959e+06
dictsaad_all;Canarias;2024-04;censo_total;2,18589189693070e+06
dictsaad_all;Canarias;2024-05;censo_total;2,18654691270180e+06
dictsaad_all;Canarias;2024-06;censo_total;2,18720192847291e+06
dictsaad_all;Canarias;2024-07;censo_total;2,18785694424401e+06
dictsaad_all;Canarias;2024-08;censo_total;2,18851196001511e+06
dictsaad_all;Canarias;2024-09;censo_total;2,18916697578622e+06
dictsaad_all;Canarias;2024-10;censo_total;2,18982199155732e+06
dictsaad_all;Canarias;2024-11;censo_total;2,19047700732843e+06
dictsaad_all;Canarias;2024-12;censo_total;2,19113202309953e+06
dictsaad_all;Canarias;2025-01;censo_total;2,19178703887063e+06
dictsaad_all;Canarias;2025-02;censo_total;2,19244205464174e+06
dictsaad_all;Canarias;2025-03;censo_total;2,19309707041284e+06
dictsaad_all;Canarias;2025-04;censo_total;2,19375208618395e+06
dictsaad_all;Canarias;2025-05;censo_total;2,19440710195505e+06
dictsaad_all;Canarias;2025-06;censo_total;2,19506211772615e+06
dictsaad_all;Canarias;2025-07;censo_total;2,19571713349726e+06
dictsaad_all;Canarias;2025-08;censo_total;2,19637214926836e+06
dictsaad_all;Canarias;2025-09;censo_total;2,19702716503947e+06
dictsaad_all;Canarias;2023-01;ppd;2,22194309379659e+05
dictsaad_all;Canarias;2023-02;ppd;2,22564211796471e+05
dictsaad_all;Canarias;2023-03;ppd;2,22934114213283e+05
dictsaad_all;Canarias;2023-04;ppd;2,23304016630094e+05
dictsaad_all;Canarias;2023-05;ppd;2,23673919046906e+05
dictsaad_all;Canarias;2023-06;ppd;2,24043821463718e+05
dictsaad_all;Canarias;2023-07;ppd;2,24413723880530e+05
dictsaad_all;Canarias;2023-08;ppd;2,24783626297342e+05
dictsaad_all;Canarias;2023-09;ppd;2,25153528714154e+05
dictsaad_all;Canarias;2023-10;ppd;2,25523431130966e+05
dictsaad_all;Canarias;2023-11;ppd;2,25893333547777e+05
dictsaad_all;Canarias;2023-12;ppd;2,26263235964589e+05
dictsaad_all;Canarias;2024-01;ppd;2,26633138381401e+05
dictsaad_all;Canarias;2024-02;ppd;2,27003040798213e+05
dictsaad_all;Canarias;2024-03;ppd;2,27372943215025e+05
dictsaad_all;Canarias;2024-04;ppd;2,27742845631837e+05
dictsaad_all;Canarias;2024-05;ppd;2,28112748048648e+05
dictsaad_all;Canarias;2024-06;ppd;2,28482650465460e+05
dictsaad_all;Canarias;2024-07;ppd;2,28852552882272e+05
dictsaad_all;Canarias;2024-08;ppd;2,29222455299084e+05
dictsaad_all;Canarias;2024-09;ppd;2,29592357715896e+05
dictsaad_all;Canarias;2024-10;ppd;2,29962260132708e+05
dictsaad_all;Canarias;2024-11;ppd;2,30332162549519e+05
dictsaad_all;Canarias;2024-12;ppd;2,30702064966331e+05
dictsaad_all;Canarias;2025-01;ppd;2,31071967383143e+05
dictsaad_all;Canarias;2025-02;ppd;2,31441869799955e+05
dictsaad_all;Canarias;2025-03;ppd;2,31811772216767e+05
dictsaad_all;Canarias;2025-04;ppd;2,32181674633579e+05
dictsaad_all;Canarias;2025-05;ppd;2,32551577050391e+05
dictsaad_all;Canarias;2025-06;ppd;2,32921479467202e+05
dictsaad_all;Canarias;2025-07;ppd;2,33291381884014e+05
dictsaad_all;Canarias;2025-08;ppd;2,33661284300826e+05
dictsaad_all;Canarias;2025-09;ppd;2,34031186717638e+05
dictsaad_all;Canarias;2023-01;ppd_percent;1,02177557715770e+01
dictsaad_all;Canarias;2023-02;ppd_percent;1,02321672249253e+01
dictsaad_all;Canarias;2023-03;ppd_percent;1,02465786782736e+01
dictsaad_all;Canarias;2023-04;ppd_percent;1,02609901316219e+01
dictsaad_all;Canarias;2023-05;ppd_percent;1,02754015849702e+01
dictsaad_all;Canarias;2023-06;ppd_percent;1,02898130383184e+01
dictsaad_all;Canarias;2023-07;ppd_percent;1,03042244916667e+01
dictsaad_all;Canarias;2023-08;ppd_percent;1,03186359450150e+01
dictsaad_all;Canarias;2023-09;ppd_percent;1,03330473983633e+01
dictsaad_all;Canarias;2023-10;ppd_percent;1,03474588517116e+01
dictsaad_all;Canarias;2023-11;ppd_percent;1,03618703050599e+01
dictsaad_all;Canarias;2023-12;ppd_percent;1,03762817584082e+01
dictsaad_all;Canarias;2024-01;ppd_percent;1,03906932117565e+01
dictsaad_all;Canarias;2024-02;ppd_percent;1,04051046651048e+01
dictsaad_all;Canarias;2024-03;ppd_percent;1,04195161184531e+01
dictsaad_all;Canarias;2024-04;ppd_percent;1,04339275718013e+01
dictsaad_all;Canarias;2024-05;ppd_percent;1,04483390251496e+01
dictsaad_all;Canarias;2024-06;ppd_percent;1,04627504784979e+01
dictsaad_all;Canarias;2024-07;ppd_percent;1,04771619318462e+01
dictsaad_all;Canarias;2024-08;ppd_percent;1,04915733851945e+01
dictsaad_all;Canarias;2024-09;ppd_percent;1,05059848385428e+01
dictsaad_all;Canarias;2024-10;ppd_percent;1,05203962918911e+01
dictsaad_all;Canarias;2024-11;ppd_percent;1,05348077452394e+01
dictsaad_all;Canarias;2024-12;ppd_percent;1,05492191985877e+01
dictsaad_all;Canarias;2025-01;ppd_percent;1,05636306519360e+01
dictsaad_all;Canarias;2025-02;ppd_percent;1,05780421052843e+01
dictsaad_all;Canarias;2025-03;ppd_percent;1,05924535586325e+01
dictsaad_all;Canarias;2025-04;ppd_percent;1,06068650119808e+01
dictsaad_all;Canarias;2025-05;ppd_percent;1,06212764653291e+01
dictsaad_all;Canarias;2025-06;ppd_percent;1,06356879186774e+01
dictsaad_all;Canarias;2025-07;ppd_percent;1,06500993720257e+01
dictsaad_all;Canarias;2025-08;ppd_percent;1,06645108253740e+01
dictsaad_all;Canarias;2025-09;ppd_percent;1,06789222787223e+01
dictsaad_all;Cantabria;2023-01;censo_total;5,80233899809074e+05
dictsaad_all;Cantabria;2023-02;censo_total;5,80161268556898e+05
dictsaad_all;Cantabria;2023-03;censo_total;5,80088637304722e+05
dictsaad_all;Cantabria;2023-04;censo_total;5,80016006052545e+05
dictsaad_all;Cantabria;2023-05;censo_total;5,79943374800369e+05
dictsaad_all;Cantabria;2023-06;censo_total;5,79870743548192e+05
dictsaad_all;Cantabria;2023-07;censo_total;5,79798112296016e+05
dictsaad_all;Cantabria;2023-08;censo_total;5,79725481043840e+05
dictsaad_all;Cantabria;2023-09;censo_total;5,79652849791663e+05
dictsaad_all;Cantabria;2023-10;censo_total;5,79580218539487e+05
dictsaad_all;Cantabria;2023-11;censo_total;5,79507587287311e+05
dictsaad_all;Cantabria;2023-12;censo_total;5,79434956035134e+05
dictsaad_all;Cantabria;2024-01;censo_total;5,79362324782958e+05
dictsaad_all;Cantabria;2024-02;censo_total;5,79289693530781e+05
dictsaad_all;Cantabria;2024-03;censo_total;5,79217062278605e+05
dictsaad_all;Cantabria;2024-04;censo_total;5,79144431026429e+05
dictsaad_all;Cantabria;2024-05;censo_total;5,79071799774252e+05
dictsaad_all;Cantabria;2024-06;censo_total;5,78999168522076e+05
dictsaad_all;Cantabria;2024-07;censo_total;5,78926537269900e+05
dictsaad_all;Cantabria;2024-08;censo_total;5,78853906017723e+05
dictsaad_all;Cantabria;2024-09;censo_total;5,78781274765547e+05
dictsaad_all;Cantabria;2024-10;censo_total;5,78708643513371e+05
dictsaad_all;Cantabria;2024-11;censo_total;5,78636012261194e+05
dictsaad_all;Cantabria;2024-12;censo_total;5,78563381009018e+05
dictsaad_all;Cantabria;2025-01;censo_total;5,78490749756841e+05
dictsaad_all;Cantabria;2025-02;censo_total;5,78418118504665e+05
dictsaad_all;Cantabria;2025-03;censo_total;5,78345487252489e+05
dictsaad_all;Cantabria;2025-04;censo_total;5,78272856000312e+05
dictsaad_all;Cantabria;2025-05;censo_total;5,78200224748136e+05
dictsaad_all;Cantabria;2025-06;censo_total;5,78127593495960e+05
dictsaad_all;Cantabria;2025-07;censo_total;5,78054962243783e+05
dictsaad_all;Cantabria;2025-08;censo_total;5,77982330991607e+05
dictsaad_all;Cantabria;2025-09;censo_total;5,77909699739430e+05
dictsaad_all;Cantabria;2023-01;ppd;8,46333201426446e+04
dictsaad_all;Cantabria;2023-02;ppd;8,47171007286009e+04
dictsaad_all;Cantabria;2023-03;ppd;8,48008813145572e+04
dictsaad_all;Cantabria;2023-04;ppd;8,48846619005136e+04
dictsaad_all;Cantabria;2023-05;ppd;8,49684424864699e+04
dictsaad_all;Cantabria;2023-06;ppd;8,50522230724262e+04
dictsaad_all;Cantabria;2023-07;ppd;8,51360036583825e+04
dictsaad_all;Cantabria;2023-08;ppd;8,52197842443389e+04
dictsaad_all;Cantabria;2023-09;ppd;8,53035648302952e+04
dictsaad_all;Cantabria;2023-10;ppd;8,53873454162515e+04
dictsaad_all;Cantabria;2023-11;ppd;8,54711260022078e+04
dictsaad_all;Cantabria;2023-12;ppd;8,55549065881641e+04
dictsaad_all;Cantabria;2024-01;ppd;8,56386871741205e+04
dictsaad_all;Cantabria;2024-02;ppd;8,57224677600768e+04
dictsaad_all;Cantabria;2024-03;ppd;8,58062483460331e+04
dictsaad_all;Cantabria;2024-04;ppd;8,58900289319894e+04
dictsaad_all;Cantabria;2024-05;ppd;8,59738095179458e+04
dictsaad_all;Cantabria;2024-06;ppd;8,60575901039021e+04
dictsaad_all;Cantabria;2024-07;ppd;8,61413706898584e+04
dictsaad_all;Cantabria;2024-08;ppd;8,62251512758147e+04
dictsaad_all;Cantabria;2024-09;ppd;8,63089318617711e+04
dictsaad_all;Cantabria;2024-10;ppd;8,63927124477274e+04
dictsaad_all;Cantabria;2024-11;ppd;8,64764930336837e+04
dictsaad_all;Cantabria;2024-12;ppd;8,65602736196400e+04
dictsaad_all;Cantabria;2025-01;ppd;8,66440542055963e+04
dictsaad_all;Cantabria;2025-02;ppd;8,67278347915527e+04
dictsaad_all;Cantabria;2025-03;ppd;8,68116153775090e+04
dictsaad_all;Cantabria;2025-04;ppd;8,68953959634653e+04
dictsaad_all;Cantabria;2025-05;ppd;8,69791765494216e+04
dictsaad_all;Cantabria;2025-06;ppd;8,70629571353780e+04
dictsaad_all;Cantabria;2025-07;ppd;8,71467377213343e+04
dictsaad_all;Cantabria;2025-08;ppd;8,72305183072906e+04
dictsaad_all;Cantabria;2025-09;ppd;8,73142988932469e+04
dictsaad_all;Cantabria;2023-01;ppd_percent;1,45750426552655e+01
dictsaad_all;Cantabria;2023-02;ppd_percent;1,45909619580106e+01
dictsaad_all;Cantabria;2023-03;ppd_percent;1,46068812607557e+01
dictsaad_all;Cantabria;2023-04;ppd_percent;1,46228005635008e+01
dictsaad_all;Cantabria;2023-05;ppd_percent;1,46387198662459e+01
dictsaad_all;Cantabria;2023-06;ppd_percent;1,46546391689910e+01
dictsaad_all;Cantabria;2023-07;ppd_percent;1,46705584717361e+01
dictsaad_all;Cantabria;2023-08;ppd_percent;1,46864777744812e+01
dictsaad_all;Cantabria;2023-09;ppd_percent;1,47023970772263e+01
dictsaad_all;Cantabria;2023-10;ppd_percent;1,47183163799714e+01
dictsaad_all;Cantabria;2023-11;ppd_percent;1,47342356827165e+01
dictsaad_all;Cantabria;2023-12;ppd_percent;1,47501549854616e+01
dictsaad_all;Cantabria;2024-01;ppd_percent;1,47660742882068e+01
dictsaad_all;Cantabria;2024-02;ppd_percent;1,47819935909519e+01
dictsaad_all;Cantabria;2024-03;ppd_percent;1,47979128936970e+01
dictsaad_all;Cantabria;2024-04;ppd_percent;1,48138321964421e+01
dictsaad_all;Cantabria;2024-05;ppd_percent;1,48297514991872e+01
dictsaad_all;Cantabria;2024-06;ppd_percent;1,48456708019323e+01
dictsaad_all;Cantabria;2024-07;ppd_percent;1,48615901046774e+01
dictsaad_all;Cantabria;2024-08;ppd_percent;1,48775094074225e+01
dictsaad_all;Cantabria;2024-09;ppd_percent;1,48934287101676e+01
dictsaad_all;Cantabria;2024-10;ppd_percent;1,49093480129127e+01
dictsaad_all;Cantabria;2024-11;ppd_percent;1,49252673156578e+01
dictsaad_all;Cantabria;2024-12;ppd_percent;1,49411866184029e+01
dictsaad_all;Cantabria;2025-01;ppd_percent;1,49571059211480e+01
dictsaad_all;Cantabria;2025-02;ppd_percent;1,49730252238931e+01
dictsaad_all;Cantabria;2025-03;ppd_percent;1,49889445266383e+01
dictsaad_all;Cantabria;2025-04;ppd_percent;1,50048638293834e+01
dictsaad_all;Cantabria;2025-05;ppd_percent;1,50207831321285e+01
dictsaad_all;Cantabria;2025-06;ppd_percent;1,50367024348736e+01
dictsaad_all;Cantabria;2025-07;ppd_percent;1,50526217376187e+01
dictsaad_all;Cantabria;2025-08;ppd_percent;1,50685410403638e+01
dictsaad_all;Cantabria;2025-09;ppd_percent;1,50844603431089e+01
dictsaad_all;Castilla y León;2023-01;censo_total;2,34786842538181e+06
dictsaad_all;Castilla y León;2023-02;censo_total;2,34645063306379e+06
dictsaad_all;Castilla y León;2023-03;censo_total;2,34503284074576e+06
dictsaad_all;Castilla y León;2023-04;censo_total;2,34361504842773e+06
dictsaad_all;Castilla y León;2023-05;censo_total;2,34219725610970e+06
dictsaad_all;Castilla y León;2023-06;censo_total;2,34077946379167e+06
dictsaad_all;Castilla y León;2023-07;censo_total;2,33936167147365e+06
dictsaad_all;Castilla y León;2023-08;censo_total;2,33794387915562e+06
dictsaad_all;Castilla y León;2023-09;censo_total;2,33652608683759e+06
dictsaad_all;Castilla y León;2023-10;censo_total;2,33510829451956e+06
dictsaad_all;Castilla y León;2023-11;censo_total;2,33369050220153e+06
dictsaad_all;Castilla y León;2023-12;censo_total;2,33227270988351e+06
dictsaad_all;Castilla y León;2024-01;censo_total;2,33085491756548e+06
dictsaad_all;Castilla y León;2024-02;censo_total;2,32943712524745e+06
dictsaad_all;Castilla y León;2024-03;censo_total;2,32801933292942e+06
dictsaad_all;Castilla y León;2024-04;censo_total;2,32660154061140e+06
dictsaad_all;Castilla y León;2024-05;censo_total;2,32518374829337e+06
dictsaad_all;Castilla y León;2024-06;censo_total;2,32376595597534e+06
dictsaad_all;Castilla y León;2024-07;censo_total;2,32234816365731e+06
dictsaad_all;Castilla y León;2024-08;censo_total;2,32093037133928e+06
dictsaad_all;Castilla y León;2024-09;censo_total;2,31951257902126e+06
dictsaad_all;Castilla y León;2024-10;censo_total;2,31809478670323e+06
dictsaad_all;Castilla y León;2024-11;censo_total;2,31667699438520e+06
dictsaad_all;Castilla y León;2024-12;censo_total;2,31525920206717e+06
dictsaad_all;Castilla y León;2025-01;censo_total;2,31384140974914e+06
dictsaad_all;Castilla y León;2025-02;censo_total;2,31242361743112e+06
dictsaad_all;Castilla y León;2025-03;censo_total;2,31100582511309e+06
dictsaad_all;Castilla y León;2025-04;censo_total;2,30958803279506e+06
dictsaad_all;Castilla y León;2025-05;censo_total;2,30817024047703e+06
dictsaad_all;Castilla y León;2025-06;censo_total;2,30675244815900e+06
dictsaad_all;Castilla y León;2025-07;censo_total;2,30533465584098e+06
dictsaad_all;Castilla y León;2025-08;censo_total;2,30391686352295e+06
dictsaad_all;Castilla y León;2025-09;censo_total;2,30249907120492e+06
dictsaad_all;Castilla y León;2023-01;ppd;4,12629709178694e+05
dictsaad_all;Castilla y León;2023-02;ppd;4,12743133214698e+05
dictsaad_all;Castilla y León;2023-03;ppd;4,12856557250701e+05
dictsaad_all;Castilla y León;2023-04;ppd;4,12969981286705e+05
dictsaad_all;Castilla y León;2023-05;ppd;4,13083405322709e+05
dictsaad_all;Castilla y León;2023-06;ppd;4,13196829358713e+05
dictsaad_all;Castilla y León;2023-07;ppd;4,13310253394716e+05
dictsaad_all;Castilla y León;2023-08;ppd;4,13423677430720e+05
dictsaad_all;Castilla y León;2023-09;ppd;4,13537101466724e+05
dictsaad_all;Castilla y León;2023-10;ppd;4,13650525502728e+05
dictsaad_all;Castilla y León;2023-11;ppd;4,13763949538731e+05
dictsaad_all;Castilla y León;2023-12;ppd;4,13877373574735e+05
dictsaad_all;Castilla y León;2024-01;ppd;4,13990797610739e+05
dictsaad_all;Castilla y León;2024-02;ppd;4,14104221646743e+05
dictsaad_all;Castilla y León;2024-03;ppd;4,14217645682746e+05
dictsaad_all;Castilla y León;2024-04;ppd;4,14331069718750e+05
dictsaad_all;Castilla y León;2024-05;ppd;4,14444493754754e+05
dictsaad_all;Castilla y León;2024-06;ppd;4,14557917790757e+05
dictsaad_all;Castilla y León;2024-07;ppd;4,14671341826761e+05
dictsaad_all;Castilla y León;2024-08;ppd;4,14784765862765e+05
dictsaad_all;Castilla y León;2024-09;ppd;4,14898189898769e+05
dictsaad_all;Castilla y León;2024-10;ppd;4,15011613934772e+05
dictsaad_all;Castilla y León;2024-11;ppd;4,15125037970776e+05
dictsaad_all;Castilla y León;2024-12;ppd;4,15238462006780e+05
dictsaad_all;Castilla y León;2025-01;ppd;4,15351886042784e+05
dictsaad_all;Castilla y León;2025-02;ppd;4,15465310078787e+05
dictsaad_all;Castilla y León;2025-03;ppd;4,15578734114791e+05
dictsaad_all;Castilla y León;2025-04;ppd;4,15692158150795e+05
dictsaad_all;Castilla y León;2025-05;ppd;4,15805582186799e+05
dictsaad_all;Castilla y León;2025-06;ppd;4,15919006222802e+05
dictsaad_all;Castilla y León;2025-07;ppd;4,16032430258806e+05
dictsaad_all;Castilla y León;2025-08;ppd;4,16145854294810e+05
dictsaad_all;Castilla y León;2025-09;ppd;4,16259278330813e+05
dictsaad_all;Castilla y León;2023-01;ppd_percent;1,75425246429328e+01
dictsaad_all;Castilla y León;2023-02;ppd_percent;1,75567005619387e+01
dictsaad_all;Castilla y León;2023-03;ppd_percent;1,75708764809446e+01
dictsaad_all;Castilla y León;2023-04;ppd_percent;1,75850523999505e+01
dictsaad_all;Castilla y León;2023-05;ppd_percent;1,75992283189564e+01
dictsaad_all;Castilla y León;2023-06;ppd_percent;1,76134042379622e+01
dictsaad_all;Castilla y León;2023-07;ppd_percent;1,76275801569681e+01
dictsaad_all;Castilla y León;2023-08;ppd_percent;1,76417560759740e+01
dictsaad_all;Castilla y León;2023-09;ppd_percent;1,76559319949799e+01
dictsaad_all;Castilla y León;2023-10;ppd_percent;1,76701079139857e+01
dictsaad_all;Castilla y León;2023-11;ppd_percent;1,76842838329916e+01
dictsaad_all;Castilla y León;2023-12;ppd_percent;1,76984597519975e+01
dictsaad_all;Castilla y León;2024-01;ppd_percent;1,77126356710034e+01
dictsaad_all;Castilla y León;2024-02;ppd_percent;1,77268115900093e+01
dictsaad_all;Castilla y León;2024-03;ppd_percent;1,77409875090151e+01
dictsaad_all;Castilla y León;2024-04;ppd_percent;1,77551634280210e+01
dictsaad_all;Castilla y León;2024-05;ppd_percent;1,77693393470269e+01
dictsaad_all;Castilla y León;2024-06;ppd_percent;1,77835152660328e+01
dictsaad_all;Castilla y León;2024-07;ppd_percent;1,77976911850386e+01
dictsaad_all;Castilla y León;2024-08;ppd_percent;1,78118671040445e+01
dictsaad_all;Castilla y León;2024-09;ppd_percent;1,78260430230504e+01
dictsaad_all;Castilla y León;2024-10;ppd_percent;1,78402189420563e+01
dictsaad_all;Castilla y León;2024-11;ppd_percent;1,78543948610622e+01
dictsaad_all;Castilla y León;2024-12;ppd_percent;1,78685707800680e+01
dictsaad_all;Castilla y León;2025-01;ppd_percent;1,78827466990739e+01
dictsaad_all;Castilla y León;2025-02;ppd_percent;1,78969226180798e+01
dictsaad_all;Castilla y León;2025-03;ppd_percent;1,79110985370857e+01
dictsaad_all;Castilla y León;2025-04;ppd_percent;1,79252744560916e+01
dictsaad_all;Castilla y León;2025-05;ppd_percent;1,79394503750974e+01
dictsaad_all;Castilla y León;2025-06;ppd_percent;1,79536262941033e+01
dictsaad_all;Castilla y León;2025-07;ppd_percent;1,79678022131092e+01
dictsaad_all;Castilla y León;2025-08;ppd_percent;1,79819781321151e+01
dictsaad_all;Castilla y León;2025-09;ppd_percent;1,79961540511209e+01
dictsaad_all;Castilla-La Mancha;2023-01;censo_total;2,02308267224324e+06
dictsaad_all;Castilla-La Mancha;2023-02;censo_total;2,02255701134559e+06
dictsaad_all;Castilla-La Mancha;2023-03;censo_total;2,02203135044794e+06
dictsaad_all;Castilla-La Mancha;2023-04;censo_total;2,02150568955030e+06
dictsaad_all;Castilla-La Mancha;2023-05;censo_total;2,02098002865265e+06
dictsaad_all;Castilla-La Mancha;2023-06;censo_total;2,02045436775501e+06
dictsaad_all;Castilla-La Mancha;2023-07;censo_total;2,01992870685736e+06
dictsaad_all;Castilla-La Mancha;2023-08;censo_total;2,01940304595971e+06
dictsaad_all;Castilla-La Mancha;2023-09;censo_total;2,01887738506207e+06
dictsaad_all;Castilla-La Mancha;2023-10;censo_total;2,01835172416442e+06
dictsaad_all;Castilla-La Mancha;2023-11;censo_total;2,01782606326677e+06
dictsaad_all;Castilla-La Mancha;2023-12;censo_total;2,01730040236913e+06
dictsaad_all;Castilla-La Mancha;2024-01;censo_total;2,01677474147148e+06
dictsaad_all;Castilla-La Mancha;2024-02;censo_total;2,01624908057384e+06
dictsaad_all;Castilla-La Mancha;2024-03;censo_total;2,01572341967619e+06
dictsaad_all;Castilla-La Mancha;2024-04;censo_total;2,01519775877854e+06
dictsaad_all;Castilla-La Mancha;2024-05;censo_total;2,01467209788090e+06
dictsaad_all;Castilla-La Mancha;2024-06;censo_total;2,01414643698325e+06
dictsaad_all;Castilla-La Mancha;2024-07;censo_total;2,01362077608560e+06
dictsaad_all;Castilla-La Mancha;2024-08;censo_total;2,01309511518796e+06
dictsaad_all;Castilla-La Mancha;2024-09;censo_total;2,01256945429031e+06
dictsaad_all;Castilla-La Mancha;2024-10;censo_total;2,01204379339267e+06
dictsaad_all;Castilla-La Mancha;2024-11;censo_total;2,01151813249502e+06
dictsaad_all;Castilla-La Mancha;2024-12;censo_total;2,01099247159737e+06
dictsaad_all;Castilla-La Mancha;2025-01;censo_total;2,01046681069973e+06
dictsaad_all;Castilla-La Mancha;2025-02;censo_total;2,00994114980208e+06
dictsaad_all;Castilla-La Mancha;2025-03;censo_total;2,00941548890444e+06
dictsaad_all;Castilla-La Mancha;2025-04;censo_total;2,00888982800679e+06
dictsaad_all;Castilla-La Mancha;2025-05;censo_total;2,00836416710914e+06
dictsaad_all;Castilla-La Mancha;2025-06;censo_total;2,00783850621150e+06
dictsaad_all;Castilla-La Mancha;2025-07;censo_total;2,00731284531385e+06
dictsaad_all;Castilla-La Mancha;2025-08;censo_total;2,00678718441620e+06
dictsaad_all;Castilla-La Mancha;2025-09;censo_total;2,00626152351856e+06
dictsaad_all;Castilla-La Mancha;2023-01;ppd;2,57601883185732e+05
dictsaad_all;Castilla-La Mancha;2023-02;ppd;2,57663533295970e+05
dictsaad_all;Castilla-La Mancha;2023-03;ppd;2,57725183406208e+05
dictsaad_all;Castilla-La Mancha;2023-04;ppd;2,57786833516446e+05
dictsaad_all;Castilla-La Mancha;2023-05;ppd;2,57848483626684e+05
dictsaad_all;Castilla-La Mancha;2023-06;ppd;2,57910133736922e+05
dictsaad_all;Castilla-La Mancha;2023-07;ppd;2,57971783847159e+05
dictsaad_all;Castilla-La Mancha;2023-08;ppd;2,58033433957397e+05
dictsaad_all;Castilla-La Mancha;2023-09;ppd;2,58095084067635e+05
dictsaad_all;Castilla-La Mancha;2023-10;ppd;2,58156734177873e+05
dictsaad_all;Castilla-La Mancha;2023-11;ppd;2,58218384288111e+05
dictsaad_all;Castilla-La Mancha;2023-12;ppd;2,58280034398349e+05
dictsaad_all;Castilla-La Mancha;2024-01;ppd;2,58341684508587e+05
dictsaad_all;Castilla-La Mancha;2024-02;ppd;2,58403334618825e+05
dictsaad_all;Castilla-La Mancha;2024-03;ppd;2,58464984729063e+05
dictsaad_all;Castilla-La Mancha;2024-04;ppd;2,58526634839301e+05
dictsaad_all;Castilla-La Mancha;2024-05;ppd;2,58588284949539e+05
dictsaad_all;Castilla-La Mancha;2024-06;ppd;2,58649935059777e+05
dictsaad_all;Castilla-La Mancha;2024-07;ppd;2,58711585170015e+05
dictsaad_all;Castilla-La Mancha;2024-08;ppd;2,58773235280253e+05
dictsaad_all;Castilla-La Mancha;2024-09;ppd;2,58834885390491e+05
dictsaad_all;Castilla-La Mancha;2024-10;ppd;2,58896535500729e+05
dictsaad_all;Castilla-La Mancha;2024-11;ppd;2,58958185610966e+05
dictsaad_all;Castilla-La Mancha;2024-12;ppd;2,59019835721204e+05
dictsaad_all;Castilla-La Mancha;2025-01;ppd;2,59081485831442e+05
dictsaad_all;Castilla-La Mancha;2025-02;ppd;2,59143135941680e+05
dictsaad_all;Castilla-La Mancha;2025-03;ppd;2,59204786051918e+05
dictsaad_all;Castilla-La Mancha;2025-04;ppd;2,59266436162156e+05
dictsaad_all;Castilla-La Mancha;2025-05;ppd;2,59328086272394e+05
dictsaad_all;Castilla-La Mancha;2025-06;ppd;2,59389736382632e+05
dictsaad_all;Castilla-La Mancha;2025-07;ppd;2,59451386492870e+05
dictsaad_all;Castilla-La Mancha;2025-08;ppd;2,59513036603108e+05
dictsaad_all;Castilla-La Mancha;2025-09;ppd;2,59574686713346e+05
dictsaad_all;Castilla-La Mancha;2023-01;ppd_percent;1,27243792681127e+01
dictsaad_all;Castilla-La Mancha;2023-02;ppd_percent;1,27304401065647e+01
dictsaad_all;Castilla-La Mancha;2023-03;ppd_percent;1,27365009450167e+01
dictsaad_all;Castilla-La Mancha;2023-04;ppd_percent;1,27425617834687e+01
dictsaad_all;Castilla-La Mancha;2023-05;ppd_percent;1,27486226219207e+01
dictsaad_all;Castilla-La Mancha;2023-06;ppd_percent;1,27546834603727e+01
dictsaad_all;Castilla-La Mancha;2023-07;ppd_percent;1,27607442988247e+01
dictsaad_all;Castilla-La Mancha;2023-08;ppd_percent;1,27668051372767e+01
dictsaad_all;Castilla-La Mancha;2023-09;ppd_percent;1,27728659757287e+01
dictsaad_all;Castilla-La Mancha;2023-10;ppd_percent;1,27789268141807e+01
dictsaad_all;Castilla-La Mancha;2023-11;ppd_percent;1,27849876526327e+01
dictsaad_all;Castilla-La Mancha;2023-12;ppd_percent;1,27910484910847e+01
dictsaad_all;Castilla-La Mancha;2024-01;ppd_percent;1,27971093295367e+01
dictsaad_all;Castilla-La Mancha;2024-02;ppd_percent;1,28031701679887e+01
dictsaad_all;Castilla-La Mancha;2024-03;ppd_percent;1,28092310064407e+01
dictsaad_all;Castilla-La Mancha;2024-04;ppd_percent;1,28152918448926e+01
dictsaad_all;Castilla-La Mancha;2024-05;ppd_percent;1,28213526833446e+01
dictsaad_all;Castilla-La Mancha;2024-06;ppd_percent;1,28274135217966e+01
dictsaad_all;Castilla-La Mancha;2024-07;ppd_percent;1,28334743602486e+01
dictsaad_all;Castilla-La Mancha;2024-08;ppd_percent;1,28395351987006e+01
dictsaad_all;Castilla-La Mancha;2024-09;ppd_percent;1,28455960371526e+01
dictsaad_all;Castilla-La Mancha;2024-10;ppd_percent;1,28516568756046e+01
dictsaad_all;Castilla-La Mancha;2024-11;ppd_percent;1,28577177140566e+01
dictsaad_all;Castilla-La Mancha;2024-12;ppd_percent;1,28637785525086e+01
dictsaad_all;Castilla-La Mancha;2025-01;ppd_percent;1,28698393909606e+01
dictsaad_all;Castilla-La Mancha;2025-02;ppd_percent;1,28759002294126e+01
dictsaad_all;Castilla-La Mancha;2025-03;ppd_percent;1,28819610678646e+01
dictsaad_all;Castilla-La Mancha;2025-04;ppd_percent;1,28880219063166e+01
dictsaad_all;Castilla-La Mancha;2025-05;ppd_percent;1,28940827447686e+01
dictsaad_all;Castilla-La Mancha;2025-06;ppd_percent;1,29001435832206e+01
dictsaad_all;Castilla-La Mancha;2025-07;ppd_percent;1,29062044216726e+01
dictsaad_all;Castilla-La Mancha;2025-08;ppd_percent;1,29122652601246e+01
dictsaad_all;Castilla-La Mancha;2025-09;ppd_percent;1,29183260985766e+01
dictsaad_all;Cataluña;2023-01;censo_total;7,78045403362867e+06
dictsaad_all;Cataluña;2023-02;censo_total;7,78284722609026e+06
dictsaad_all;Cataluña;2023-03;censo_total;7,78524041855185e+06
dictsaad_all;Cataluña;2023-04;censo_total;7,78763361101343e+06
dictsaad_all;Cataluña;2023-05;censo_total;7,79002680347502e+06
dictsaad_all;Cataluña;2023-06;censo_total;7,79241999593661e+06
dictsaad_all;Cataluña;2023-07;censo_total;7,79481318839819e+06
dictsaad_all;Cataluña;2023-08;censo_total;7,79720638085978e+06
dictsaad_all;Cataluña;2023-09;censo_total;7,79959957332137e+06
dictsaad_all;Cataluña;2023-10;censo_total;7,80199276578295e+06
dictsaad_all;Cataluña;2023-11;censo_total;7,80438595824454e+06
dictsaad_all;Cataluña;2023-12;censo_total;7,80677915070613e+06
dictsaad_all;Cataluña;2024-01;censo_total;7,80917234316771e+06
dictsaad_all;Cataluña;2024-02;censo_total;7,81156553562930e+06
dictsaad_all;Cataluña;2024-03;censo_total;7,81395872809089e+06
dictsaad_all;Cataluña;2024-04;censo_total;7,81635192055247e+06
dictsaad_all;Cataluña;2024-05;censo_total;7,81874511301406e+06
dictsaad_all;Cataluña;2024-06;censo_total;7,82113830547565e+06
dictsaad_all;Cataluña;2024-07;censo_total;7,82353149793723e+06
dictsaad_all;Cataluña;2024-08;censo_total;7,82592469039882e+06
dictsaad_all;Cataluña;2024-09;censo_total;7,82831788286041e+06
dictsaad_all;Cataluña;2024-10;censo_total;7,83071107532199e+06
dictsaad_all;Cataluña;2024-11;censo_total;7,83310426778358e+06
dictsaad_all;Cataluña;2024-12;censo_total;7,83549746024517e+06
dictsaad_all;Cataluña;2025-01;censo_total;7,83789065270675e+06
dictsaad_all;Cataluña;2025-02;censo_total;7,84028384516834e+06
dictsaad_all;Cataluña;2025-03;censo_total;7,84267703762993e+06
dictsaad_all;Cataluña;2025-04;censo_total;7,84507023009151e+06
dictsaad_all;Cataluña;2025-05;censo_total;7,84746342255310e+06
dictsaad_all;Cataluña;2025-06;censo_total;7,84985661501469e+06
dictsaad_all;Cataluña;2025-07;censo_total;7,85224980747627e+06
dictsaad_all;Cataluña;2025-08;censo_total;7,85464299993786e+06
dictsaad_all;Cataluña;2025-09;censo_total;7,85703619239945e+06
dictsaad_all;Cataluña;2023-01;ppd;9,59680466245569e+05
dictsaad_all;Cataluña;2023-02;ppd;9,60733994267556e+05
dictsaad_all;Cataluña;2023-03;ppd;9,61787522289543e+05
dictsaad_all;Cataluña;2023-04;ppd;9,62841050311530e+05
dictsaad_all;Cataluña;2023-05;ppd;9,63894578333516e+05
dictsaad_all;Cataluña;2023-06;ppd;9,64948106355503e+05
dictsaad_all;Cataluña;2023-07;ppd;9,66001634377490e+05
dictsaad_all;Cataluña;2023-08;ppd;9,67055162399477e+05
dictsaad_all;Cataluña;2023-09;ppd;9,68108690421463e+05
dictsaad_all;Cataluña;2023-10;ppd;9,69162218443450e+05
dictsaad_all;Cataluña;2023-11;ppd;9,70215746465437e+05
dictsaad_all;Cataluña;2023-12;ppd;9,71269274487424e+05
dictsaad_all;Cataluña;2024-01;ppd;9,72322802509411e+05
dictsaad_all;Cataluña;2024-02;ppd;9,73376330531397e+05
dictsaad_all;Cataluña;2024-03;ppd;9,74429858553384e+05
dictsaad_all;Cataluña;2024-04;ppd;9,75483386575371e+05
dictsaad_all;Cataluña;2024-05;ppd;9,76536914597358e+05
dictsaad_all;Cataluña;2024-06;ppd;9,77590442619345e+05
dictsaad_all;Cataluña;2024-07;ppd;9,78643970641331e+05
dictsaad_all;Cataluña;2024-08;ppd;9,79697498663318e+05
dictsaad_all;Cataluña;2024-09;ppd;9,80751026685305e+05
dictsaad_all;Cataluña;2024-10;ppd;9,81804554707292e+05
dictsaad_all;Cataluña;2024-11;ppd;9,82858082729279e+05
dictsaad_all;Cataluña;2024-12;ppd;9,83911610751265e+05
dictsaad_all;Cataluña;2025-01;ppd;9,84965138773252e+05
dictsaad_all;Cataluña;2025-02;ppd;9,86018666795239e+05
dictsaad_all;Cataluña;2025-03;ppd;9,87072194817226e+05
dictsaad_all;Cataluña;2025-04;ppd;9,88125722839213e+05
dictsaad_all;Cataluña;2025-05;ppd;9,89179250861199e+05
dictsaad_all;Cataluña;2025-06;ppd;9,90232778883186e+05
dictsaad_all;Cataluña;2025-07;ppd;9,91286306905173e+05
dictsaad_all;Cataluña;2025-08;ppd;9,92339834927160e+05
dictsaad_all;Cataluña;2025-09;ppd;9,93393362949146e+05
dictsaad_all;Cataluña;2023-01;ppd_percent;1,23420625559122e+01
dictsaad_all;Cataluña;2023-02;ppd_percent;1,23521851796312e+01
dictsaad_all;Cataluña;2023-03;ppd_percent;1,23623078033502e+01
dictsaad_all;Cataluña;2023-04;ppd_percent;1,23724304270691e+01
dictsaad_all;Cataluña;2023-05;ppd_percent;1,23825530507881e+01
dictsaad_all;Cataluña;2023-06;ppd_percent;1,23926756745070e+01
dictsaad_all;Cataluña;2023-07;ppd_percent;1,24027982982260e+01
dictsaad_all;Cataluña;2023-08;ppd_percent;1,24129209219450e+01
dictsaad_all;Cataluña;2023-09;ppd_percent;1,24230435456639e+01
dictsaad_all;Cataluña;2023-10;ppd_percent;1,24331661693829e+01
dictsaad_all;Cataluña;2023-11;ppd_percent;1,24432887931019e+01
dictsaad_all;Cataluña;2023-12;ppd_percent;1,24534114168208e+01
dictsaad_all;Cataluña;2024-01;ppd_percent;1,24635340405398e+01
dictsaad_all;Cataluña;2024-02;ppd_percent;1,24736566642588e+01
dictsaad_all;Cataluña;2024-03;ppd_percent;1,24837792879777e+01
dictsaad_all;Cataluña;2024-04;ppd_percent;1,24939019116967e+01
dictsaad_all;Cataluña;2024-05;ppd_percent;1,25040245354157e+01
dictsaad_all;Cataluña;2024-06;ppd_percent;1,25141471591346e+01
dictsaad_all;Cataluña;2024-07;ppd_percent;1,25242697828536e+01
dictsaad_all;Cataluña;2024-08;ppd_percent;1,25343924065726e+01
dictsaad_all;Cataluña;2024-09;ppd_percent;1,25445150302915e+01
dictsaad_all;Cataluña;2024-10;ppd_percent;1,25546376540105e+01
dictsaad_all;Cataluña;2024-11;ppd_percent;1,25647602777294e+01
dictsaad_all;Cataluña;2024-12;ppd_percent;1,25748829014484e+01
dictsaad_all;Cataluña;2025-01;ppd_percent;1,25850055251674e+01
dictsaad_all;Cataluña;2025-02;ppd_percent;1,25951281488863e+01
dictsaad_all;Cataluña;2025-03;ppd_percent;1,26052507726053e+01
dictsaad_all;Cataluña;2025-04;ppd_percent;1,26153733963243e+01
dictsaad_all;Cataluña;2025-05;ppd_percent;1,26254960200432e+01
dictsaad_all;Cataluña;2025-06;ppd_percent;1,26356186437622e+01
dictsaad_all;Cataluña;2025-07;ppd_percent;1,26457412674812e+01
dictsaad_all;Cataluña;2025-08;ppd_percent;1,26558638912001e+01
dictsaad_all;Cataluña;2025-09;ppd_percent;1,26659865149191e+01
dictsaad_all;Comunidad de Madrid;2023-01;censo_total;6,77263805157569e+06
dictsaad_all;Comunidad de Madrid;2023-02;censo_total;6,77554027959857e+06
dictsaad_all;Comunidad de Madrid;2023-03;censo_total;6,77844250762146e+06
dictsaad_all;Comunidad de Madrid;2023-04;censo_total;6,78134473564434e+06
dictsaad_all;Comunidad de Madrid;2023-05;censo_total;6,78424696366723e+06
dictsaad_all;Comunidad de Madrid;2023-06;censo_total;6,78714919169011e+06
dictsaad_all;Comunidad de Madrid;2023-07;censo_total;6,79005141971300e+06
dictsaad_all;Comunidad de Madrid;2023-08;censo_total;6,79295364773588e+06
dictsaad_all;Comunidad de Madrid;2023-09;censo_total;6,79585587575877e+06
dictsaad_all;Comunidad de Madrid;2023-10;censo_total;6,79875810378165e+06
dictsaad_all;Comunidad de Madrid;2023-11;censo_total;6,80166033180454e+06
dictsaad_all;Comunidad de Madrid;2023-12;censo_total;6,80456255982742e+06
dictsaad_all;Comunidad de Madrid;2024-01;censo_total;6,80746478785031e+06
dictsaad_all;Comunidad de Madrid;2024-02;censo_total;6,81036701587319e+06
dictsaad_all;Comunidad de Madrid;2024-03;censo_total;6,81326924389608e+06
dictsaad_all;Comunidad de Madrid;2024-04;censo_total;6,81617147191896e+06
dictsaad_all;Comunidad de Madrid;2024-05;censo_total;6,81907369994185e+06
dictsaad_all;Comunidad de Madrid;2024-06;censo_total;6,82197592796473e+06
dictsaad_all;Comunidad de Madrid;2024-07;censo_total;6,82487815598762e+06
dictsaad_all;Comunidad de Madrid;2024-08;censo_total;6,82778038401050e+06
dictsaad_all;Comunidad de Madrid;2024-09;censo_total;6,83068261203339e+06
dictsaad_all;Comunidad de Madrid;2024-10;censo_total;6,83358484005627e+06
dictsaad_all;Comunidad de Madrid;2024-11;censo_total;6,83648706807916e+06
dictsaad_all;Comunidad de Madrid;2024-12;censo_total;6,83938929610204e+06
dictsaad_all;Comunidad de Madrid;2025-01;censo_total;6,84229152412493e+06
dictsaad_all;Comunidad de Madrid;2025-02;censo_total;6,84519375214781e+06
dictsaad_all;Comunidad de Madrid;2025-03;censo_total;6,84809598017070e+06
dictsaad_all;Comunidad de Madrid;2025-04;censo_total;6,85099820819358e+06
dictsaad_all;Comunidad de Madrid;2025-05;censo_total;6,85390043621647e+06
dictsaad_all;Comunidad de Madrid;2025-06;censo_total;6,85680266423935e+06
dictsaad_all;Comunidad de Madrid;2025-07;censo_total;6,85970489226224e+06
dictsaad_all;Comunidad de Madrid;2025-08;censo_total;6,86260712028512e+06
dictsaad_all;Comunidad de Madrid;2025-09;censo_total;6,86550934830801e+06
dictsaad_all;Comunidad de Madrid;2023-01;ppd;7,96386491339885e+05
dictsaad_all;Comunidad de Madrid;2023-02;ppd;7,97700013173259e+05
dictsaad_all;Comunidad de Madrid;2023-03;ppd;7,99013535006633e+05
dictsaad_all;Comunidad de Madrid;2023-04;ppd;8,00327056840007e+05
dictsaad_all;Comunidad de Madrid;2023-05;ppd;8,01640578673382e+05
dictsaad_all;Comunidad de Madrid;2023-06;ppd;8,02954100506756e+05
dictsaad_all;Comunidad de Madrid;2023-07;ppd;8,04267622340130e+05
dictsaad_all;Comunidad de Madrid;2023-08;ppd;8,05581144173504e+05
dictsaad_all;Comunidad de Madrid;2023-09;ppd;8,06894666006878e+05
dictsaad_all;Comunidad de Madrid;2023-10;ppd;8,08208187840253e+05
dictsaad_all;Comunidad de Madrid;2023-11;ppd;8,09521709673627e+05
dictsaad_all;Comunidad de Madrid;2023-12;ppd;8,10835231507001e+05
dictsaad_all;Comunidad de Madrid;2024-01;ppd;8,12148753340375e+05
dictsaad_all;Comunidad de Madrid;2024-02;ppd;8,13462275173749e+05
dictsaad_all;Comunidad de Madrid;2024-03;ppd;8,14775797007124e+05
dictsaad_all;Comunidad de Madrid;2024-04;ppd;8,16089318840498e+05
dictsaad_all;Comunidad de Madrid;2024-05;ppd;8,17402840673872e+05
dictsaad_all;Comunidad de Madrid;2024-06;ppd;8,18716362507246e+05
dictsaad_all;Comunidad de Madrid;2024-07;ppd;8,20029884340620e+05
dictsaad_all;Comunidad de Madrid;2024-08;ppd;8,21343406173995e+05
dictsaad_all;Comunidad de Madrid;2024-09;ppd;8,22656928007369e+05
dictsaad_all;Comunidad de Madrid;2024-10;ppd;8,23970449840743e+05
dictsaad_all;Comunidad de Madrid;2024-11;ppd;8,25283971674117e+05
dictsaad_all;Comunidad de Madrid;2024-12;ppd;8,26597493507491e+05
dictsaad_all;Comunidad de Madrid;2025-01;ppd;8,27911015340866e+05
dictsaad_all;Comunidad de Madrid;2025-02;ppd;8,29224537174240e+05
dictsaad_all;Comunidad de Madrid;2025-03;ppd;8,30538059007614e+05
dictsaad_all;Comunidad de Madrid;2025-04;ppd;8,31851580840988e+05
dictsaad_all;Comunidad de Madrid;2025-05;ppd;8,33165102674362e+05
dictsaad_all;Comunidad de Madrid;2025-06;ppd;8,34478624507737e+05
dictsaad_all;Comunidad de Madrid;2025-07;ppd;8,35792146341111e+05
dictsaad_all;Comunidad de Madrid;2025-08;ppd;8,37105668174485e+05
dictsaad_all;Comunidad de Madrid;2025-09;ppd;8,38419190007859e+05
dictsaad_all;Comunidad de Madrid;2023-01;ppd_percent;1,17754846284784e+01
dictsaad_all;Comunidad de Madrid;2023-02;ppd_percent;1,17906424078799e+01
dictsaad_all;Comunidad de Madrid;2023-03;ppd_percent;1,18058001872815e+01
dictsaad_all;Comunidad de Madrid;2023-04;ppd_percent;1,18209579666830e+01
dictsaad_all;Comunidad de Madrid;2023-05;ppd_percent;1,18361157460846e+01
dictsaad_all;Comunidad de Madrid;2023-06;ppd_percent;1,18512735254861e+01
dictsaad_all;Comunidad de Madrid;2023-07;ppd_percent;1,18664313048876e+01
dictsaad_all;Comunidad de Madrid;2023-08;ppd_percent;1,18815890842892e+01
dictsaad_all;Comunidad de Madrid;2023-09;ppd_percent;1,18967468636907e+01
dictsaad_all;Comunidad de Madrid;2023-10;ppd_percent;1,19119046430923e+01
dictsaad_all;Comunidad de Madrid;2023-11;ppd_percent;1,19270624224938e+01
dictsaad_all;Comunidad de Madrid;2023-12;ppd_percent;1,19422202018954e+01
dictsaad_all;Comunidad de Madrid;2024-01;ppd_percent;1,19573779812969e+01
dictsaad_all;Comunidad de Madrid;2024-02;ppd_percent;1,19725357606984e+01
dictsaad_all;Comunidad de Madrid;2024-03;ppd_percent;1,19876935401000e+01
dictsaad_all;Comunidad de Madrid;2024-04;ppd_percent;1,20028513195015e+01
dictsaad_all;Comunidad de Madrid;2024-05;ppd_percent;1,20180090989031e+01
dictsaad_all;Comunidad de Madrid;2024-06;ppd_percent;1,20331668783046e+01
dictsaad_all;Comunidad de Madrid;2024-07;ppd_percent;1,20483246577061e+01
dictsaad_all;Comunidad de Madrid;2024-08;ppd_percent;1,20634824371077e+01
dictsaad_all;Comunidad de Madrid;2024-09;ppd_percent;1,20786402165092e+01
dictsaad_all;Comunidad de Madrid;2024-10;ppd_percent;1,20937979959108e+01
dictsaad_all;Comunidad de Madrid;2024-11;ppd_percent;1,21089557753123e+01
dictsaad_all;Comunidad de Madrid;2024-12;ppd_percent;1,21241135547139e+01
dictsaad_all;Comunidad de Madrid;2025-01;ppd_percent;1,21392713341154e+01
dictsaad_all;Comunidad de Madrid;2025-02;ppd_percent;1,21544291135169e+01
dictsaad_all;Comunidad de Madrid;2025-03;ppd_percent;1,21695868929185e+01
dictsaad_all;Comunidad de Madrid;2025-04;ppd_percent;1,21847446723200e+01
dictsaad_all;Comunidad de Madrid;2025-05;ppd_percent;1,21999024517216e+01
dictsaad_all;Comunidad de Madrid;2025-06;ppd_percent;1,22150602311231e+01
dictsaad_all;Comunidad de Madrid;2025-07;ppd_percent;1,22302180105246e+01
dictsaad_all;Comunidad de Madrid;2025-08;ppd_percent;1,22453757899262e+01
dictsaad_all;Comunidad de Madrid;2025-09;ppd_percent;1,22605335693277e+01
dictsaad_all;Comunidad Foral de Navarra;2023-01;censo_total;6,62537008465791e+05
dictsaad_all;Comunidad Foral de Navarra;2023-02;censo_total;6,62736308062249e+05
dictsaad_all;Comunidad Foral de Navarra;2023-03;censo_total;6,62935607658707e+05
dictsaad_all;Comunidad Foral de Navarra;2023-04;censo_total;6,63134907255165e+05
dictsaad_all;Comunidad Foral de Navarra;2023-05;censo_total;6,63334206851623e+05
dictsaad_all;Comunidad Foral de Navarra;2023-06;censo_total;6,63533506448081e+05
dictsaad_all;Comunidad Foral de Navarra;2023-07;censo_total;6,63732806044539e+05
dictsaad_all;Comunidad Foral de Navarra;2023-08;censo_total;6,63932105640997e+05
dictsaad_all;Comunidad Foral de Navarra;2023-09;censo_total;6,64131405237455e+05
dictsaad_all;Comunidad Foral de Navarra;2023-10;censo_total;6,64330704833913e+05
dictsaad_all;Comunidad Foral de Navarra;2023-11;censo_total;6,64530004430371e+05
dictsaad_all;Comunidad Foral de Navarra;2023-12;censo_total;6,64729304026828e+05
dictsaad_all;Comunidad Foral de Navarra;2024-01;censo_total;6,64928603623286e+05
dictsaad_all;Comunidad Foral de Navarra;2024-02;censo_total;6,65127903219744e+05
dictsaad_all;Comunidad Foral de Navarra;2024-03;censo_total;6,65327202816202e+05
dictsaad_all;Comunidad Foral de Navarra;2024-04;censo_total;6,65526502412660e+05
dictsaad_all;Comunidad Foral de Navarra;2024-05;censo_total;6,65725802009118e+05
dictsaad_all;Comunidad Foral de Navarra;2024-06;censo_total;6,65925101605576e+05
dictsaad_all;Comunidad Foral de Navarra;2024-07;censo_total;6,66124401202034e+05
dictsaad_all;Comunidad Foral de Navarra;2024-08;censo_total;6,66323700798492e+05
dictsaad_all;Comunidad Foral de Navarra;2024-09;censo_total;6,66523000394950e+05
dictsaad_all;Comunidad Foral de Navarra;2024-10;censo_total;6,66722299991408e+05
dictsaad_all;Comunidad Foral de Navarra;2024-11;censo_total;6,66921599587866e+05
dictsaad_all;Comunidad Foral de Navarra;2024-12;censo_total;6,67120899184323e+05
dictsaad_all;Comunidad Foral de Navarra;2025-01;censo_total;6,67320198780781e+05
dictsaad_all;Comunidad Foral de Navarra;2025-02;censo_total;6,67519498377239e+05
dictsaad_all;Comunidad Foral de Navarra;2025-03;censo_total;6,67718797973697e+05
dictsaad_all;Comunidad Foral de Navarra;2025-04;censo_total;6,67918097570155e+05
dictsaad_all;Comunidad Foral de Navarra;2025-05;censo_total;6,68117397166613e+05
dictsaad_all;Comunidad Foral de Navarra;2025-06;censo_total;6,68316696763071e+05
dictsaad_all;Comunidad Foral de Navarra;2025-07;censo_total;6,68515996359529e+05
dictsaad_all;Comunidad Foral de Navarra;2025-08;censo_total;6,68715295955987e+05
dictsaad_all;Comunidad Foral de Navarra;2025-09;censo_total;6,68914595552445e+05
dictsaad_all;Comunidad Foral de Navarra;2023-01;ppd;8,61331119421964e+04
dictsaad_all;Comunidad Foral de Navarra;2023-02;ppd;8,62233967782584e+04
dictsaad_all;Comunidad Foral de Navarra;2023-03;ppd;8,63136816143203e+04
dictsaad_all;Comunidad Foral de Navarra;2023-04;ppd;8,64039664503823e+04
dictsaad_all;Comunidad Foral de Navarra;2023-05;ppd;8,64942512864443e+04
dictsaad_all;Comunidad Foral de Navarra;2023-06;ppd;8,65845361225063e+04
dictsaad_all;Comunidad Foral de Navarra;2023-07;ppd;8,66748209585682e+04
dictsaad_all;Comunidad Foral de Navarra;2023-08;ppd;8,67651057946302e+04
dictsaad_all;Comunidad Foral de Navarra;2023-09;ppd;8,68553906306922e+04
dictsaad_all;Comunidad Foral de Navarra;2023-10;ppd;8,69456754667541e+04
dictsaad_all;Comunidad Foral de Navarra;2023-11;ppd;8,70359603028161e+04
dictsaad_all;Comunidad Foral de Navarra;2023-12;ppd;8,71262451388781e+04
dictsaad_all;Comunidad Foral de Navarra;2024-01;ppd;8,72165299749400e+04
dictsaad_all;Comunidad Foral de Navarra;2024-02;ppd;8,73068148110020e+04
dictsaad_all;Comunidad Foral de Navarra;2024-03;ppd;8,73970996470640e+04
dictsaad_all;Comunidad Foral de Navarra;2024-04;ppd;8,74873844831259e+04
dictsaad_all;Comunidad Foral de Navarra;2024-05;ppd;8,75776693191879e+04
dictsaad_all;Comunidad Foral de Navarra;2024-06;ppd;8,76679541552499e+04
dictsaad_all;Comunidad Foral de Navarra;2024-07;ppd;8,77582389913119e+04
dictsaad_all;Comunidad Foral de Navarra;2024-08;ppd;8,78485238273738e+04
dictsaad_all;Comunidad Foral de Navarra;2024-09;ppd;8,79388086634358e+04
dictsaad_all;Comunidad Foral de Navarra;2024-10;ppd;8,80290934994978e+04
dictsaad_all;Comunidad Foral de Navarra;2024-11;ppd;8,81193783355597e+04
dictsaad_all;Comunidad Foral de Navarra;2024-12;ppd;8,82096631716217e+04
dictsaad_all;Comunidad Foral de Navarra;2025-01;ppd;8,82999480076837e+04
dictsaad_all;Comunidad Foral de Navarra;2025-02;ppd;8,83902328437456e+04
dictsaad_all;Comunidad Foral de Navarra;2025-03;ppd;8,84805176798076e+04
dictsaad_all;Comunidad Foral de Navarra;2025-04;ppd;8,85708025158696e+04
dictsaad_all;Comunidad Foral de Navarra;2025-05;ppd;8,86610873519316e+04
dictsaad_all;Comunidad Foral de Navarra;2025-06;ppd;8,87513721879935e+04
dictsaad_all;Comunidad Foral de Navarra;2025-07;ppd;8,88416570240555e+04
dictsaad_all;Comunidad Foral de Navarra;2025-08;ppd;8,89319418601175e+04
dictsaad_all;Comunidad Foral de Navarra;2025-09;ppd;8,90222266961794e+04
dictsaad_all;Comunidad Foral de Navarra;2023-01;ppd_percent;1,30073582686246e+01
dictsaad_all;Comunidad Foral de Navarra;2023-02;ppd_percent;1,30174340772708e+01
dictsaad_all;Comunidad Foral de Navarra;2023-03;ppd_percent;1,30275098859169e+01
dictsaad_all;Comunidad Foral de Navarra;2023-04;ppd_percent;1,30375856945630e+01
dictsaad_all;Comunidad Foral de Navarra;2023-05;ppd_percent;1,30476615032091e+01
dictsaad_all;Comunidad Foral de Navarra;2023-06;ppd_percent;1,30577373118552e+01
dictsaad_all;Comunidad Foral de Navarra;2023-07;ppd_percent;1,30678131205013e+01
dictsaad_all;Comunidad Foral de Navarra;2023-08;ppd_percent;1,30778889291475e+01
dictsaad_all;Comunidad Foral de Navarra;2023-09;ppd_percent;1,30879647377936e+01
dictsaad_all;Comunidad Foral de Navarra;2023-10;ppd_percent;1,30980405464397e+01
dictsaad_all;Comunidad Foral de Navarra;2023-11;ppd_percent;1,31081163550858e+01
dictsaad_all;Comunidad Foral de Navarra;2023-12;ppd_percent;1,31181921637319e+01
dictsaad_all;Comunidad Foral de Navarra;2024-01;ppd_percent;1,31282679723780e+01
dictsaad_all;Comunidad Foral de Navarra;2024-02;ppd_percent;1,31383437810242e+01
dictsaad_all;Comunidad Foral de Navarra;2024-03;ppd_percent;1,31484195896703e+01
dictsaad_all;Comunidad Foral de Navarra;2024-04;ppd_percent;1,31584953983164e+01
dictsaad_all;Comunidad Foral de Navarra;2024-05;ppd_percent;1,31685712069625e+01
dictsaad_all;Comunidad Foral de Navarra;2024-06;ppd_percent;1,31786470156086e+01
dictsaad_all;Comunidad Foral de Navarra;2024-07;ppd_percent;1,31887228242547e+01
dictsaad_all;Comunidad Foral de Navarra;2024-08;ppd_percent;1,31987986329009e+01
dictsaad_all;Comunidad Foral de Navarra;2024-09;ppd_percent;1,32088744415470e+01
dictsaad_all;Comunidad Foral de Navarra;2024-10;ppd_percent;1,32189502501931e+01
dictsaad_all;Comunidad Foral de Navarra;2024-11;ppd_percent;1,32290260588392e+01
dictsaad_all;Comunidad Foral de Navarra;2024-12;ppd_percent;1,32391018674853e+01
dictsaad_all;Comunidad Foral de Navarra;2025-01;ppd_percent;1,32491776761314e+01
dictsaad_all;Comunidad Foral de Navarra;2025-02;ppd_percent;1,32592534847776e+01
dictsaad_all;Comunidad Foral de Navarra;2025-03;ppd_percent;1,32693292934237e+01
dictsaad_all;Comunidad Foral de Navarra;2025-04;ppd_percent;1,32794051020698e+01
dictsaad_all;Comunidad Foral de Navarra;2025-05;ppd_percent;1,32894809107159e+01
dictsaad_all;Comunidad Foral de Navarra;2025-06;ppd_percent;1,32995567193620e+01
dictsaad_all;Comunidad Foral de Navarra;2025-07;ppd_percent;1,33096325280081e+01
dictsaad_all;Comunidad Foral de Navarra;2025-08;ppd_percent;1,33197083366543e+01
dictsaad_all;Comunidad Foral de Navarra;2025-09;ppd_percent;1,33297841453004e+01
dictsaad_all;Comunidad Valenciana;2023-01;censo_total;5,02154792629804e+06
dictsaad_all;Comunidad Valenciana;2023-02;censo_total;5,02146162677080e+06
dictsaad_all;Comunidad Valenciana;2023-03;censo_total;5,02137532724356e+06
dictsaad_all;Comunidad Valenciana;2023-04;censo_total;5,02128902771632e+06
dictsaad_all;Comunidad Valenciana;2023-05;censo_total;5,02120272818908e+06
dictsaad_all;Comunidad Valenciana;2023-06;censo_total;5,02111642866184e+06
dictsaad_all;Comunidad Valenciana;2023-07;censo_total;5,02103012913460e+06
dictsaad_all;Comunidad Valenciana;2023-08;censo_total;5,02094382960736e+06
dictsaad_all;Comunidad Valenciana;2023-09;censo_total;5,02085753008011e+06
dictsaad_all;Comunidad Valenciana;2023-10;censo_total;5,02077123055287e+06
dictsaad_all;Comunidad Valenciana;2023-11;censo_total;5,02068493102563e+06
dictsaad_all;Comunidad Valenciana;2023-12;censo_total;5,02059863149839e+06
dictsaad_all;Comunidad Valenciana;2024-01;censo_total;5,02051233197115e+06
dictsaad_all;Comunidad Valenciana;2024-02;censo_total;5,02042603244391e+06
dictsaad_all;Comunidad Valenciana;2024-03;censo_total;5,02033973291667e+06
dictsaad_all;Comunidad Valenciana;2024-04;censo_total;5,02025343338943e+06
dictsaad_all;Comunidad Valenciana;2024-05;censo_total;5,02016713386219e+06
dictsaad_all;Comunidad Valenciana;2024-06;censo_total;5,02008083433494e+06
dictsaad_all;Comunidad Valenciana;2024-07;censo_total;5,01999453480770e+06
dictsaad_all;Comunidad Valenciana;2024-08;censo_total;5,01990823528046e+06
dictsaad_all;Comunidad Valenciana;2024-09;censo_total;5,01982193575322e+06
dictsaad_all;Comunidad Valenciana;2024-10;censo_total;5,01973563622598e+06
dictsaad_all;Comunidad Valenciana;2024-11;censo_total;5,01964933669874e+06
dictsaad_all;Comunidad Valenciana;2024-12;censo_total;5,01956303717150e+06
dictsaad_all;Comunidad Valenciana;2025-01;censo_total;5,01947673764426e+06
dictsaad_all;Comunidad Valenciana;2025-02;censo_total;5,01939043811701e+06
dictsaad_all;Comunidad Valenciana;2025-03;censo_total;5,01930413858977e+06
dictsaad_all;Comunidad Valenciana;2025-04;censo_total;5,01921783906253e+06
dictsaad_all;Comunidad Valenciana;2025-05;censo_total;5,01913153953529e+06
dictsaad_all;Comunidad Valenciana;2025-06;censo_total;5,01904524000805e+06
dictsaad_all;Comunidad Valenciana;2025-07;censo_total;5,01895894048081e+06
dictsaad_all;Comunidad Valenciana;2025-08;censo_total;5,01887264095357e+06
dictsaad_all;Comunidad Valenciana;2025-09;censo_total;5,01878634142633e+06
dictsaad_all;Comunidad Valenciana;2023-01;ppd;6,29378966426001e+05
dictsaad_all;Comunidad Valenciana;2023-02;ppd;6,30030082935055e+05
dictsaad_all;Comunidad Valenciana;2023-03;ppd;6,30681199444108e+05
dictsaad_all;Comunidad Valenciana;2023-04;ppd;6,31332315953161e+05
dictsaad_all;Comunidad Valenciana;2023-05;ppd;6,31983432462214e+05
dictsaad_all;Comunidad Valenciana;2023-06;ppd;6,32634548971267e+05
dictsaad_all;Comunidad Valenciana;2023-07;ppd;6,33285665480321e+05
dictsaad_all;Comunidad Valenciana;2023-08;ppd;6,33936781989374e+05
dictsaad_all;Comunidad Valenciana;2023-09;ppd;6,34587898498427e+05
dictsaad_all;Comunidad Valenciana;2023-10;ppd;6,35239015007480e+05
dictsaad_all;Comunidad Valenciana;2023-11;ppd;6,35890131516533e+05
dictsaad_all;Comunidad Valenciana;2023-12;ppd;6,36541248025587e+05
dictsaad_all;Comunidad Valenciana;2024-01;ppd;6,37192364534640e+05
dictsaad_all;Comunidad Valenciana;2024-02;ppd;6,37843481043693e+05
dictsaad_all;Comunidad Valenciana;2024-03;ppd;6,38494597552746e+05
dictsaad_all;Comunidad Valenciana;2024-04;ppd;6,39145714061799e+05
dictsaad_all;Comunidad Valenciana;2024-05;ppd;6,39796830570853e+05
dictsaad_all;Comunidad Valenciana;2024-06;ppd;6,40447947079906e+05
dictsaad_all;Comunidad Valenciana;2024-07;ppd;6,41099063588959e+05
dictsaad_all;Comunidad Valenciana;2024-08;ppd;6,41750180098012e+05
dictsaad_all;Comunidad Valenciana;2024-09;ppd;6,42401296607065e+05
dictsaad_all;Comunidad Valenciana;2024-10;ppd;6,43052413116119e+05
dictsaad_all;Comunidad Valenciana;2024-11;ppd;6,43703529625172e+05
dictsaad_all;Comunidad Valenciana;2024-12;ppd;6,44354646134225e+05
dictsaad_all;Comunidad Valenciana;2025-01;ppd;6,45005762643278e+05
dictsaad_all;Comunidad Valenciana;2025-02;ppd;6,45656879152331e+05
dictsaad_all;Comunidad Valenciana;2025-03;ppd;6,46307995661384e+05
dictsaad_all;Comunidad Valenciana;2025-04;ppd;6,46959112170438e+05
dictsaad_all;Comunidad Valenciana;2025-05;ppd;6,47610228679491e+05
dictsaad_all;Comunidad Valenciana;2025-06;ppd;6,48261345188544e+05
dictsaad_all;Comunidad Valenciana;2025-07;ppd;6,48912461697597e+05
dictsaad_all;Comunidad Valenciana;2025-08;ppd;6,49563578206650e+05
dictsaad_all;Comunidad Valenciana;2025-09;ppd;6,50214694715704e+05
dictsaad_all;Comunidad Valenciana;2023-01;ppd_percent;1,25242316644946e+01
dictsaad_all;Comunidad Valenciana;2023-02;ppd_percent;1,25372474744130e+01
dictsaad_all;Comunidad Valenciana;2023-03;ppd_percent;1,25502632843314e+01
dictsaad_all;Comunidad Valenciana;2023-04;ppd_percent;1,25632790942498e+01
dictsaad_all;Comunidad Valenciana;2023-05;ppd_percent;1,25762949041681e+01
dictsaad_all;Comunidad Valenciana;2023-06;ppd_percent;1,25893107140865e+01
dictsaad_all;Comunidad Valenciana;2023-07;ppd_percent;1,26023265240049e+01
dictsaad_all;Comunidad Valenciana;2023-08;ppd_percent;1,26153423339233e+01
dictsaad_all;Comunidad Valenciana;2023-09;ppd_percent;1,26283581438417e+01
dictsaad_all;Comunidad Valenciana;2023-10;ppd_percent;1,26413739537601e+01
dictsaad_all;Comunidad Valenciana;2023-11;ppd_percent;1,26543897636784e+01
dictsaad_all;Comunidad Valenciana;2023-12;ppd_percent;1,26674055735968e+01
dictsaad_all;Comunidad Valenciana;2024-01;ppd_percent;1,26804213835152e+01
dictsaad_all;Comunidad Valenciana;2024-02;ppd_percent;1,26934371934336e+01
dictsaad_all;Comunidad Valenciana;2024-03;ppd_percent;1,27064530033520e+01
dictsaad_all;Comunidad Valenciana;2024-04;ppd_percent;1,27194688132704e+01
dictsaad_all;Comunidad Valenciana;2024-05;ppd_percent;1,27324846231888e+01
dictsaad_all;Comunidad Valenciana;2024-06;ppd_percent;1,27455004331071e+01
dictsaad_all;Comunidad Valenciana;2024-07;ppd_percent;1,27585162430255e+01
dictsaad_all;Comunidad Valenciana;2024-08;ppd_percent;1,27715320529439e+01
dictsaad_all;Comunidad Valenciana;2024-09;ppd_percent;1,27845478628623e+01
dictsaad_all;Comunidad Valenciana;2024-10;ppd_percent;1,27975636727807e+01
dictsaad_all;Comunidad Valenciana;2024-11;ppd_percent;1,28105794826991e+01
dictsaad_all;Comunidad Valenciana;2024-12;ppd_percent;1,28235952926174e+01
dictsaad_all;Comunidad Valenciana;2025-01;ppd_percent;1,28366111025358e+01
dictsaad_all;Comunidad Valenciana;2025-02;ppd_percent;1,28496269124542e+01
dictsaad_all;Comunidad Valenciana;2025-03;ppd_percent;1,28626427223726e+01
dictsaad_all;Comunidad Valenciana;2025-04;ppd_percent;1,28756585322910e+01
dictsaad_all;Comunidad Valenciana;2025-05;ppd_percent;1,28886743422094e+01
dictsaad_all;Comunidad Valenciana;2025-06;ppd_percent;1,29016901521277e+01
dictsaad_all;Comunidad Valenciana;2025-07;ppd_percent;1,29147059620461e+01
dictsaad_all;Comunidad Valenciana;2025-08;ppd_percent;1,29277217719645e+01
dictsaad_all;Comunidad Valenciana;2025-09;ppd_percent;1,29407375818829e+01
dictsaad_all;Extremadura;2023-01;censo_total;1,05019845604305e+06
dictsaad_all;Extremadura;2023-02;censo_total;1,04973488657349e+06
dictsaad_all;Extremadura;2023-03;censo_total;1,04927131710393e+06
dictsaad_all;Extremadura;2023-04;censo_total;1,04880774763436e+06
dictsaad_all;Extremadura;2023-05;censo_total;1,04834417816480e+06
dictsaad_all;Extremadura;2023-06;censo_total;1,04788060869524e+06
dictsaad_all;Extremadura;2023-07;censo_total;1,04741703922568e+06
dictsaad_all;Extremadura;2023-08;censo_total;1,04695346975612e+06
dictsaad_all;Extremadura;2023-09;censo_total;1,04648990028656e+06
dictsaad_all;Extremadura;2023-10;censo_total;1,04602633081699e+06
dictsaad_all;Extremadura;2023-11;censo_total;1,04556276134743e+06
dictsaad_all;Extremadura;2023-12;censo_total;1,04509919187787e+06
dictsaad_all;Extremadura;2024-01;censo_total;1,04463562240831e+06
dictsaad_all;Extremadura;2024-02;censo_total;1,04417205293875e+06
dictsaad_all;Extremadura;2024-03;censo_total;1,04370848346919e+06
dictsaad_all;Extremadura;2024-04;censo_total;1,04324491399963e+06
dictsaad_all;Extremadura;2024-05;censo_total;1,04278134453006e+06
dictsaad_all;Extremadura;2024-06;censo_total;1,04231777506050e+06
dictsaad_all;Extremadura;2024-07;censo_total;1,04185420559094e+06
dictsaad_all;Extremadura;2024-08;censo_total;1,04139063612138e+06
dictsaad_all;Extremadura;2024-09;censo_total;1,04092706665182e+06
dictsaad_all;Extremadura;2024-10;censo_total;1,04046349718226e+06
dictsaad_all;Extremadura;2024-11;censo_total;1,03999992771270e+06
dictsaad_all;Extremadura;2024-12;censo_total;1,03953635824313e+06
dictsaad_all;Extremadura;2025-01;censo_total;1,03907278877357e+06
dictsaad_all;Extremadura;2025-02;censo_total;1,03860921930401e+06
dictsaad_all;Extremadura;2025-03;censo_total;1,03814564983445e+06
dictsaad_all;Extremadura;2025-04;censo_total;1,03768208036489e+06
dictsaad_all;Extremadura;2025-05;censo_total;1,03721851089533e+06
dictsaad_all;Extremadura;2025-06;censo_total;1,03675494142576e+06
dictsaad_all;Extremadura;2025-07;censo_total;1,03629137195620e+06
dictsaad_all;Extremadura;2025-08;censo_total;1,03582780248664e+06
dictsaad_all;Extremadura;2025-09;censo_total;1,03536423301708e+06
dictsaad_all;Extremadura;2023-01;ppd;1,47468810068560e+05
dictsaad_all;Extremadura;2023-02;ppd;1,47522115604243e+05
dictsaad_all;Extremadura;2023-03;ppd;1,47575421139926e+05
dictsaad_all;Extremadura;2023-04;ppd;1,47628726675609e+05
dictsaad_all;Extremadura;2023-05;ppd;1,47682032211292e+05
dictsaad_all;Extremadura;2023-06;ppd;1,47735337746975e+05
dictsaad_all;Extremadura;2023-07;ppd;1,47788643282659e+05
dictsaad_all;Extremadura;2023-08;ppd;1,47841948818342e+05
dictsaad_all;Extremadura;2023-09;ppd;1,47895254354025e+05
dictsaad_all;Extremadura;2023-10;ppd;1,47948559889708e+05
dictsaad_all;Extremadura;2023-11;ppd;1,48001865425391e+05
dictsaad_all;Extremadura;2023-12;ppd;1,48055170961074e+05
dictsaad_all;Extremadura;2024-01;ppd;1,48108476496758e+05
dictsaad_all;Extremadura;2024-02;ppd;1,48161782032441e+05
dictsaad_all;Extremadura;2024-03;ppd;1,48215087568124e+05
dictsaad_all;Extremadura;2024-04;ppd;1,48268393103807e+05
dictsaad_all;Extremadura;2024-05;ppd;1,48321698639490e+05
dictsaad_all;Extremadura;2024-06;ppd;1,48375004175173e+05
dictsaad_all;Extremadura;2024-07;ppd;1,48428309710856e+05
dictsaad_all;Extremadura;2024-08;ppd;1,48481615246540e+05
dictsaad_all;Extremadura;2024-09;ppd;1,48534920782223e+05
dictsaad_all;Extremadura;2024-10;ppd;1,48588226317906e+05
dictsaad_all;Extremadura;2024-11;ppd;1,48641531853589e+05
dictsaad_all;Extremadura;2024-12;ppd;1,48694837389272e+05
dictsaad_all;Extremadura;2025-01;ppd;1,48748142924955e+05
dictsaad_all;Extremadura;2025-02;ppd;1,48801448460638e+05
dictsaad_all;Extremadura;2025-03;ppd;1,48854753996322e+05
dictsaad_all;Extremadura;2025-04;ppd;1,48908059532005e+05
dictsaad_all;Extremadura;2025-05;ppd;1,48961365067688e+05
dictsaad_all;Extremadura;2025-06;ppd;1,49014670603371e+05
dictsaad_all;Extremadura;2025-07;ppd;1,49067976139054e+05
dictsaad_all;Extremadura;2025-08;ppd;1,49121281674737e+05
dictsaad_all;Extremadura;2025-09;ppd;1,49174587210420e+05
dictsaad_all;Extremadura;2023-01;ppd_percent;1,40271702694763e+01
dictsaad_all;Extremadura;2023-02;ppd_percent;1,40378001047240e+01
dictsaad_all;Extremadura;2023-03;ppd_percent;1,40484299399718e+01
dictsaad_all;Extremadura;2023-04;ppd_percent;1,40590597752196e+01
dictsaad_all;Extremadura;2023-05;ppd_percent;1,40696896104673e+01
dictsaad_all;Extremadura;2023-06;ppd_percent;1,40803194457151e+01
dictsaad_all;Extremadura;2023-07;ppd_percent;1,40909492809628e+01
dictsaad_all;Extremadura;2023-08;ppd_percent;1,41015791162106e+01
dictsaad_all;Extremadura;2023-09;ppd_percent;1,41122089514583e+01
dictsaad_all;Extremadura;2023-10;ppd_percent;1,41228387867061e+01
dictsaad_all;Extremadura;2023-11;ppd_percent;1,41334686219539e+01
dictsaad_all;Extremadura;2023-12;ppd_percent;1,41440984572016e+01
dictsaad_all;Extremadura;2024-01;ppd_percent;1,41547282924494e+01
dictsaad_all;Extremadura;2024-02;ppd_percent;1,41653581276971e+01
dictsaad_all;Extremadura;2024-03;ppd_percent;1,41759879629449e+01
dictsaad_all;Extremadura;2024-04;ppd_percent;1,41866177981927e+01
dictsaad_all;Extremadura;2024-05;ppd_percent;1,41972476334404e+01
dictsaad_all;Extremadura;2024-06;ppd_percent;1,42078774686882e+01
dictsaad_all;Extremadura;2024-07;ppd_percent;1,42185073039359e+01
dictsaad_all;Extremadura;2024-08;ppd_percent;1,42291371391837e+01
dictsaad_all;Extremadura;2024-09;ppd_percent;1,42397669744314e+01
dictsaad_all;Extremadura;2024-10;ppd_percent;1,42503968096792e+01
dictsaad_all;Extremadura;2024-11;ppd_percent;1,42610266449270e+01
dictsaad_all;Extremadura;2024-12;ppd_percent;1,42716564801747e+01
dictsaad_all;Extremadura;2025-01;ppd_percent;1,42822863154225e+01
dictsaad_all;Extremadura;2025-02;ppd_percent;1,42929161506702e+01
dictsaad_all;Extremadura;2025-03;ppd_percent;1,43035459859180e+01
dictsaad_all;Extremadura;2025-04;ppd_percent;1,43141758211658e+01
dictsaad_all;Extremadura;2025-05;ppd_percent;1,43248056564135e+01
dictsaad_all;Extremadura;2025-06;ppd_percent;1,43354354916613e+01
dictsaad_all;Extremadura;2025-07;ppd_percent;1,43460653269090e+01
dictsaad_all;Extremadura;2025-08;ppd_percent;1,43566951621568e+01
dictsaad_all;Extremadura;2025-09;ppd_percent;1,43673249974045e+01
dictsaad_all;Galicia;2023-01;censo_total;2,67457858741482e+06
dictsaad_all;Galicia;2023-02;censo_total;2,67386411195910e+06
dictsaad_all;Galicia;2023-03;censo_total;2,67314963650339e+06
dictsaad_all;Galicia;2023-04;censo_total;2,67243516104768e+06
dictsaad_all;Galicia;2023-05;censo_total;2,67172068559197e+06
dictsaad_all;Galicia;2023-06;censo_total;2,67100621013626e+06
dictsaad_all;Galicia;2023-07;censo_total;2,67029173468054e+06
dictsaad_all;Galicia;2023-08;censo_total;2,66957725922483e+06
dictsaad_all;Galicia;2023-09;censo_total;2,66886278376912e+06
dictsaad_all;Galicia;2023-10;censo_total;2,66814830831341e+06
dictsaad_all;Galicia;2023-11;censo_total;2,66743383285769e+06
dictsaad_all;Galicia;2023-12;censo_total;2,66671935740198e+06
dictsaad_all;Galicia;2024-01;censo_total;2,66600488194627e+06
dictsaad_all;Galicia;2024-02;censo_total;2,66529040649056e+06
dictsaad_all;Galicia;2024-03;censo_total;2,66457593103485e+06
dictsaad_all;Galicia;2024-04;censo_total;2,66386145557913e+06
dictsaad_all;Galicia;2024-05;censo_total;2,66314698012342e+06
dictsaad_all;Galicia;2024-06;censo_total;2,66243250466771e+06
dictsaad_all;Galicia;2024-07;censo_total;2,66171802921200e+06
dictsaad_all;Galicia;2024-08;censo_total;2,66100355375629e+06
dictsaad_all;Galicia;2024-09;censo_total;2,66028907830057e+06
dictsaad_all;Galicia;2024-10;censo_total;2,65957460284486e+06
dictsaad_all;Galicia;2024-11;censo_total;2,65886012738915e+06
dictsaad_all;Galicia;2024-12;censo_total;2,65814565193344e+06
dictsaad_all;Galicia;2025-01;censo_total;2,65743117647773e+06
dictsaad_all;Galicia;2025-02;censo_total;2,65671670102201e+06
dictsaad_all;Galicia;2025-03;censo_total;2,65600222556630e+06
dictsaad_all;Galicia;2025-04;censo_total;2,65528775011059e+06
dictsaad_all;Galicia;2025-05;censo_total;2,65457327465488e+06
dictsaad_all;Galicia;2025-06;censo_total;2,65385879919916e+06
dictsaad_all;Galicia;2025-07;censo_total;2,65314432374345e+06
dictsaad_all;Galicia;2025-08;censo_total;2,65242984828774e+06
dictsaad_all;Galicia;2025-09;censo_total;2,65171537283203e+06
dictsaad_all;Galicia;2023-01;ppd;4,64816552193382e+05
dictsaad_all;Galicia;2023-02;ppd;4,65209946714749e+05
dictsaad_all;Galicia;2023-03;ppd;4,65603341236116e+05
dictsaad_all;Galicia;2023-04;ppd;4,65996735757483e+05
dictsaad_all;Galicia;2023-05;ppd;4,66390130278851e+05
dictsaad_all;Galicia;2023-06;ppd;4,66783524800218e+05
dictsaad_all;Galicia;2023-07;ppd;4,67176919321585e+05
dictsaad_all;Galicia;2023-08;ppd;4,67570313842952e+05
dictsaad_all;Galicia;2023-09;ppd;4,67963708364320e+05
dictsaad_all;Galicia;2023-10;ppd;4,68357102885687e+05
dictsaad_all;Galicia;2023-11;ppd;4,68750497407054e+05
dictsaad_all;Galicia;2023-12;ppd;4,69143891928421e+05
dictsaad_all;Galicia;2024-01;ppd;4,69537286449789e+05
dictsaad_all;Galicia;2024-02;ppd;4,69930680971156e+05
dictsaad_all;Galicia;2024-03;ppd;4,70324075492523e+05
dictsaad_all;Galicia;2024-04;ppd;4,70717470013890e+05
dictsaad_all;Galicia;2024-05;ppd;4,71110864535257e+05
dictsaad_all;Galicia;2024-06;ppd;4,71504259056625e+05
dictsaad_all;Galicia;2024-07;ppd;4,71897653577992e+05
dictsaad_all;Galicia;2024-08;ppd;4,72291048099359e+05
dictsaad_all;Galicia;2024-09;ppd;4,72684442620726e+05
dictsaad_all;Galicia;2024-10;ppd;4,73077837142094e+05
dictsaad_all;Galicia;2024-11;ppd;4,73471231663461e+05
dictsaad_all;Galicia;2024-12;ppd;4,73864626184828e+05
dictsaad_all;Galicia;2025-01;ppd;4,74258020706195e+05
dictsaad_all;Galicia;2025-02;ppd;4,74651415227563e+05
dictsaad_all;Galicia;2025-03;ppd;4,75044809748930e+05
dictsaad_all;Galicia;2025-04;ppd;4,75438204270297e+05
dictsaad_all;Galicia;2025-05;ppd;4,75831598791664e+05
dictsaad_all;Galicia;2025-06;ppd;4,76224993313031e+05
dictsaad_all;Galicia;2025-07;ppd;4,76618387834399e+05
dictsaad_all;Galicia;2025-08;ppd;4,77011782355766e+05
dictsaad_all;Galicia;2025-09;ppd;4,77405176877133e+05
dictsaad_all;Galicia;2023-01;ppd_percent;1,73599603563779e+01
dictsaad_all;Galicia;2023-02;ppd_percent;1,73785761528233e+01
dictsaad_all;Galicia;2023-03;ppd_percent;1,73971919492687e+01
dictsaad_all;Galicia;2023-04;ppd_percent;1,74158077457141e+01
dictsaad_all;Galicia;2023-05;ppd_percent;1,74344235421595e+01
dictsaad_all;Galicia;2023-06;ppd_percent;1,74530393386048e+01
dictsaad_all;Galicia;2023-07;ppd_percent;1,74716551350502e+01
dictsaad_all;Galicia;2023-08;ppd_percent;1,74902709314956e+01
dictsaad_all;Galicia;2023-09;ppd_percent;1,75088867279410e+01
dictsaad_all;Galicia;2023-10;ppd_percent;1,75275025243864e+01
dictsaad_all;Galicia;2023-11;ppd_percent;1,75461183208318e+01
dictsaad_all;Galicia;2023-12;ppd_percent;1,75647341172771e+01
dictsaad_all;Galicia;2024-01;ppd_percent;1,75833499137225e+01
dictsaad_all;Galicia;2024-02;ppd_percent;1,76019657101679e+01
dictsaad_all;Galicia;2024-03;ppd_percent;1,76205815066133e+01
dictsaad_all;Galicia;2024-04;ppd_percent;1,76391973030587e+01
dictsaad_all;Galicia;2024-05;ppd_percent;1,76578130995041e+01
dictsaad_all;Galicia;2024-06;ppd_percent;1,76764288959494e+01
dictsaad_all;Galicia;2024-07;ppd_percent;1,76950446923948e+01
dictsaad_all;Galicia;2024-08;ppd_percent;1,77136604888402e+01
dictsaad_all;Galicia;2024-09;ppd_percent;1,77322762852856e+01
dictsaad_all;Galicia;2024-10;ppd_percent;1,77508920817310e+01
dictsaad_all;Galicia;2024-11;ppd_percent;1,77695078781764e+01
dictsaad_all;Galicia;2024-12;ppd_percent;1,77881236746218e+01
dictsaad_all;Galicia;2025-01;ppd_percent;1,78067394710671e+01
dictsaad_all;Galicia;2025-02;ppd_percent;1,78253552675125e+01
dictsaad_all;Galicia;2025-03;ppd_percent;1,78439710639579e+01
dictsaad_all;Galicia;2025-04;ppd_percent;1,78625868604033e+01
dictsaad_all;Galicia;2025-05;ppd_percent;1,78812026568487e+01
dictsaad_all;Galicia;2025-06;ppd_percent;1,78998184532941e+01
dictsaad_all;Galicia;2025-07;ppd_percent;1,79184342497394e+01
dictsaad_all;Galicia;2025-08;ppd_percent;1,79370500461848e+01
dictsaad_all;Galicia;2025-09;ppd_percent;1,79556658426302e+01
dictsaad_all;Islas Baleares;2023-01;censo_total;1,17559059322094e+06
dictsaad_all;Islas Baleares;2023-02;censo_total;1,17623533052413e+06
dictsaad_all;Islas Baleares;2023-03;censo_total;1,17688006782733e+06
dictsaad_all;Islas Baleares;2023-04;censo_total;1,17752480513053e+06
dictsaad_all;Islas Baleares;2023-05;censo_total;1,17816954243372e+06
dictsaad_all;Islas Baleares;2023-06;censo_total;1,17881427973692e+06
dictsaad_all;Islas Baleares;2023-07;censo_total;1,17945901704012e+06
dictsaad_all;Islas Baleares;2023-08;censo_total;1,18010375434332e+06
dictsaad_all;Islas Baleares;2023-09;censo_total;1,18074849164651e+06
dictsaad_all;Islas Baleares;2023-10;censo_total;1,18139322894971e+06
dictsaad_all;Islas Baleares;2023-11;censo_total;1,18203796625291e+06
dictsaad_all;Islas Baleares;2023-12;censo_total;1,18268270355610e+06
dictsaad_all;Islas Baleares;2024-01;censo_total;1,18332744085930e+06
dictsaad_all;Islas Baleares;2024-02;censo_total;1,18397217816250e+06
dictsaad_all;Islas Baleares;2024-03;censo_total;1,18461691546570e+06
dictsaad_all;Islas Baleares;2024-04;censo_total;1,18526165276889e+06
dictsaad_all;Islas Baleares;2024-05;censo_total;1,18590639007209e+06
dictsaad_all;Islas Baleares;2024-06;censo_total;1,18655112737529e+06
dictsaad_all;Islas Baleares;2024-07;censo_total;1,18719586467849e+06
dictsaad_all;Islas Baleares;2024-08;censo_total;1,18784060198168e+06
dictsaad_all;Islas Baleares;2024-09;censo_total;1,18848533928488e+06
dictsaad_all;Islas Baleares;2024-10;censo_total;1,18913007658808e+06
dictsaad_all;Islas Baleares;2024-11;censo_total;1,18977481389127e+06
dictsaad_all;Islas Baleares;2024-12;censo_total;1,19041955119447e+06
dictsaad_all;Islas Baleares;2025-01;censo_total;1,19106428849767e+06
dictsaad_all;Islas Baleares;2025-02;censo_total;1,19170902580087e+06
dictsaad_all;Islas Baleares;2025-03;censo_total;1,19235376310406e+06
dictsaad_all;Islas Baleares;2025-04;censo_total;1,19299850040726e+06
dictsaad_all;Islas Baleares;2025-05;censo_total;1,19364323771046e+06
dictsaad_all;Islas Baleares;2025-06;censo_total;1,19428797501365e+06
dictsaad_all;Islas Baleares;2025-07;censo_total;1,19493271231685e+06
dictsaad_all;Islas Baleares;2025-08;censo_total;1,19557744962005e+06
dictsaad_all;Islas Baleares;2025-09;censo_total;1,19622218692325e+06
dictsaad_all;Islas Baleares;2023-01;ppd;1,16085722302197e+05
dictsaad_all;Islas Baleares;2023-02;ppd;1,16237393519128e+05
dictsaad_all;Islas Baleares;2023-03;ppd;1,16389064736059e+05
dictsaad_all;Islas Baleares;2023-04;ppd;1,16540735952990e+05
dictsaad_all;Islas Baleares;2023-05;ppd;1,16692407169921e+05
dictsaad_all;Islas Baleares;2023-06;ppd;1,16844078386853e+05
dictsaad_all;Islas Baleares;2023-07;ppd;1,16995749603784e+05
dictsaad_all;Islas Baleares;2023-08;ppd;1,17147420820715e+05
dictsaad_all;Islas Baleares;2023-09;ppd;1,17299092037646e+05
dictsaad_all;Islas Baleares;2023-10;ppd;1,17450763254577e+05
dictsaad_all;Islas Baleares;2023-11;ppd;1,17602434471508e+05
dictsaad_all;Islas Baleares;2023-12;ppd;1,17754105688439e+05
dictsaad_all;Islas Baleares;2024-01;ppd;1,17905776905370e+05
dictsaad_all;Islas Baleares;2024-02;ppd;1,18057448122302e+05
dictsaad_all;Islas Baleares;2024-03;ppd;1,18209119339233e+05
dictsaad_all;Islas Baleares;2024-04;ppd;1,18360790556164e+05
dictsaad_all;Islas Baleares;2024-05;ppd;1,18512461773095e+05
dictsaad_all;Islas Baleares;2024-06;ppd;1,18664132990026e+05
dictsaad_all;Islas Baleares;2024-07;ppd;1,18815804206957e+05
dictsaad_all;Islas Baleares;2024-08;ppd;1,18967475423888e+05
dictsaad_all;Islas Baleares;2024-09;ppd;1,19119146640819e+05
dictsaad_all;Islas Baleares;2024-10;ppd;1,19270817857751e+05
dictsaad_all;Islas Baleares;2024-11;ppd;1,19422489074682e+05
dictsaad_all;Islas Baleares;2024-12;ppd;1,19574160291613e+05
dictsaad_all;Islas Baleares;2025-01;ppd;1,19725831508544e+05
dictsaad_all;Islas Baleares;2025-02;ppd;1,19877502725475e+05
dictsaad_all;Islas Baleares;2025-03;ppd;1,20029173942406e+05
dictsaad_all;Islas Baleares;2025-04;ppd;1,20180845159337e+05
dictsaad_all;Islas Baleares;2025-05;ppd;1,20332516376269e+05
dictsaad_all;Islas Baleares;2025-06;ppd;1,20484187593200e+05
dictsaad_all;Islas Baleares;2025-07;ppd;1,20635858810131e+05
dictsaad_all;Islas Baleares;2025-08;ppd;1,20787530027062e+05
dictsaad_all;Islas Baleares;2025-09;ppd;1,20939201243993e+05
dictsaad_all;Islas Baleares;2023-01;ppd_percent;9,88261612888469e+00
dictsaad_all;Islas Baleares;2023-02;ppd_percent;9,89060132321707e+00
dictsaad_all;Islas Baleares;2023-03;ppd_percent;9,89858651754946e+00
dictsaad_all;Islas Baleares;2023-04;ppd_percent;9,90657171188185e+00
dictsaad_all;Islas Baleares;2023-05;ppd_percent;9,91455690621424e+00
dictsaad_all;Islas Baleares;2023-06;ppd_percent;9,92254210054662e+00
dictsaad_all;Islas Baleares;2023-07;ppd_percent;9,93052729487901e+00
dictsaad_all;Islas Baleares;2023-08;ppd_percent;9,93851248921140e+00
dictsaad_all;Islas Baleares;2023-09;ppd_percent;9,94649768354378e+00
dictsaad_all;Islas Baleares;2023-10;ppd_percent;9,95448287787617e+00
dictsaad_all;Islas Baleares;2023-11;ppd_percent;9,96246807220856e+00
dictsaad_all;Islas Baleares;2023-12;ppd_percent;9,97045326654095e+00
dictsaad_all;Islas Baleares;2024-01;ppd_percent;9,97843846087333e+00
dictsaad_all;Islas Baleares;2024-02;ppd_percent;9,98642365520572e+00
dictsaad_all;Islas Baleares;2024-03;ppd_percent;9,99440884953811e+00
dictsaad_all;Islas Baleares;2024-04;ppd_percent;1,00023940438705e+01
dictsaad_all;Islas Baleares;2024-05;ppd_percent;1,00103792382029e+01
dictsaad_all;Islas Baleares;2024-06;ppd_percent;1,00183644325353e+01
dictsaad_all;Islas Baleares;2024-07;ppd_percent;1,00263496268677e+01
dictsaad_all;Islas Baleares;2024-08;ppd_percent;1,00343348212000e+01
dictsaad_all;Islas Baleares;2024-09;ppd_percent;1,00423200155324e+01
dictsaad_all;Islas Baleares;2024-10;ppd_percent;1,00503052098648e+01
dictsaad_all;Islas Baleares;2024-11;ppd_percent;1,00582904041972e+01
dictsaad_all;Islas Baleares;2024-12;ppd_percent;1,00662755985296e+01
dictsaad_all;Islas Baleares;2025-01;ppd_percent;1,00742607928620e+01
dictsaad_all;Islas Baleares;2025-02;ppd_percent;1,00822459871944e+01
dictsaad_all;Islas Baleares;2025-03;ppd_percent;1,00902311815268e+01
dictsaad_all;Islas Baleares;2025-04;ppd_percent;1,00982163758591e+01
dictsaad_all;Islas Baleares;2025-05;ppd_percent;1,01062015701915e+01
dictsaad_all;Islas Baleares;2025-06;ppd_percent;1,01141867645239e+01
dictsaad_all;Islas Baleares;2025-07;ppd_percent;1,01221719588563e+01
dictsaad_all;Islas Baleares;2025-08;ppd_percent;1,01301571531887e+01
dictsaad_all;Islas Baleares;2025-09;ppd_percent;1,01381423475211e+01
dictsaad_all;La Rioja;2023-01;censo_total;3,20854808510638e+05
dictsaad_all;La Rioja;2023-02;censo_total;3,20926433347807e+05
dictsaad_all;La Rioja;2023-03;censo_total;3,20998058184976e+05
dictsaad_all;La Rioja;2023-04;censo_total;3,21069683022145e+05
dictsaad_all;La Rioja;2023-05;censo_total;3,21141307859314e+05
dictsaad_all;La Rioja;2023-06;censo_total;3,21212932696483e+05
dictsaad_all;La Rioja;2023-07;censo_total;3,21284557533652e+05
dictsaad_all;La Rioja;2023-08;censo_total;3,21356182370821e+05
dictsaad_all;La Rioja;2023-09;censo_total;3,21427807207990e+05
dictsaad_all;La Rioja;2023-10;censo_total;3,21499432045159e+05
dictsaad_all;La Rioja;2023-11;censo_total;3,21571056882327e+05
dictsaad_all;La Rioja;2023-12;censo_total;3,21642681719496e+05
dictsaad_all;La Rioja;2024-01;censo_total;3,21714306556665e+05
dictsaad_all;La Rioja;2024-02;censo_total;3,21785931393834e+05
dictsaad_all;La Rioja;2024-03;censo_total;3,21857556231003e+05
dictsaad_all;La Rioja;2024-04;censo_total;3,21929181068172e+05
dictsaad_all;La Rioja;2024-05;censo_total;3,22000805905341e+05
dictsaad_all;La Rioja;2024-06;censo_total;3,22072430742510e+05
dictsaad_all;La Rioja;2024-07;censo_total;3,22144055579679e+05
dictsaad_all;La Rioja;2024-08;censo_total;3,22215680416848e+05
dictsaad_all;La Rioja;2024-09;censo_total;3,22287305254017e+05
dictsaad_all;La Rioja;2024-10;censo_total;3,22358930091185e+05
dictsaad_all;La Rioja;2024-11;censo_total;3,22430554928354e+05
dictsaad_all;La Rioja;2024-12;censo_total;3,22502179765523e+05
dictsaad_all;La Rioja;2025-01;censo_total;3,22573804602692e+05
dictsaad_all;La Rioja;2025-02;censo_total;3,22645429439861e+05
dictsaad_all;La Rioja;2025-03;censo_total;3,22717054277030e+05
dictsaad_all;La Rioja;2025-04;censo_total;3,22788679114199e+05
dictsaad_all;La Rioja;2025-05;censo_total;3,22860303951368e+05
dictsaad_all;La Rioja;2025-06;censo_total;3,22931928788537e+05
dictsaad_all;La Rioja;2025-07;censo_total;3,23003553625706e+05
dictsaad_all;La Rioja;2025-08;censo_total;3,23075178462875e+05
dictsaad_all;La Rioja;2025-09;censo_total;3,23146803300043e+05
dictsaad_all;La Rioja;2023-01;ppd;4,44364481382979e+04
dictsaad_all;La Rioja;2023-02;ppd;4,44636220419019e+04
dictsaad_all;La Rioja;2023-03;ppd;4,44907959455059e+04
dictsaad_all;La Rioja;2023-04;ppd;4,45179698491099e+04
dictsaad_all;La Rioja;2023-05;ppd;4,45451437527139e+04
dictsaad_all;La Rioja;2023-06;ppd;4,45723176563179e+04
dictsaad_all;La Rioja;2023-07;ppd;4,45994915599219e+04
dictsaad_all;La Rioja;2023-08;ppd;4,46266654635258e+04
dictsaad_all;La Rioja;2023-09;ppd;4,46538393671298e+04
dictsaad_all;La Rioja;2023-10;ppd;4,46810132707338e+04
dictsaad_all;La Rioja;2023-11;ppd;4,47081871743378e+04
dictsaad_all;La Rioja;2023-12;ppd;4,47353610779418e+04
dictsaad_all;La Rioja;2024-01;ppd;4,47625349815458e+04
dictsaad_all;La Rioja;2024-02;ppd;4,47897088851498e+04
dictsaad_all;La Rioja;2024-03;ppd;4,48168827887538e+04
dictsaad_all;La Rioja;2024-04;ppd;4,48440566923578e+04
dictsaad_all;La Rioja;2024-05;ppd;4,48712305959618e+04
dictsaad_all;La Rioja;2024-06;ppd;4,48984044995658e+04
dictsaad_all;La Rioja;2024-07;ppd;4,49255784031698e+04
dictsaad_all;La Rioja;2024-08;ppd;4,49527523067738e+04
dictsaad_all;La Rioja;2024-09;ppd;4,49799262103778e+04
dictsaad_all;La Rioja;2024-10;ppd;4,50071001139818e+04
dictsaad_all;La Rioja;2024-11;ppd;4,50342740175858e+04
dictsaad_all;La Rioja;2024-12;ppd;4,50614479211898e+04
dictsaad_all;La Rioja;2025-01;ppd;4,50886218247938e+04
dictsaad_all;La Rioja;2025-02;ppd;4,51157957283977e+04
dictsaad_all;La Rioja;2025-03;ppd;4,51429696320017e+04
dictsaad_all;La Rioja;2025-04;ppd;4,51701435356057e+04
dictsaad_all;La Rioja;2025-05;ppd;4,51973174392097e+04
dictsaad_all;La Rioja;2025-06;ppd;4,52244913428137e+04
dictsaad_all;La Rioja;2025-07;ppd;4,52516652464177e+04
dictsaad_all;La Rioja;2025-08;ppd;4,52788391500217e+04
dictsaad_all;La Rioja;2025-09;ppd;4,53060130536257e+04
dictsaad_all;La Rioja;2023-01;ppd_percent;1,38500335407286e+01
dictsaad_all;La Rioja;2023-02;ppd_percent;1,38554742698187e+01
dictsaad_all;La Rioja;2023-03;ppd_percent;1,38609149989087e+01
dictsaad_all;La Rioja;2023-04;ppd_percent;1,38663557279987e+01
dictsaad_all;La Rioja;2023-05;ppd_percent;1,38717964570888e+01
dictsaad_all;La Rioja;2023-06;ppd_percent;1,38772371861788e+01
dictsaad_all;La Rioja;2023-07;ppd_percent;1,38826779152688e+01
dictsaad_all;La Rioja;2023-08;ppd_percent;1,38881186443589e+01
dictsaad_all;La Rioja;2023-09;ppd_percent;1,38935593734489e+01
dictsaad_all;La Rioja;2023-10;ppd_percent;1,38990001025390e+01
dictsaad_all;La Rioja;2023-11;ppd_percent;1,39044408316290e+01
dictsaad_all;La Rioja;2023-12;ppd_percent;1,39098815607190e+01
dictsaad_all;La Rioja;2024-01;ppd_percent;1,39153222898091e+01
dictsaad_all;La Rioja;2024-02;ppd_percent;1,39207630188991e+01
dictsaad_all;La Rioja;2024-03;ppd_percent;1,39262037479891e+01
dictsaad_all;La Rioja;2024-04;ppd_percent;1,39316444770792e+01
dictsaad_all;La Rioja;2024-05;ppd_percent;1,39370852061692e+01
dictsaad_all;La Rioja;2024-06;ppd_percent;1,39425259352593e+01
dictsaad_all;La Rioja;2024-07;ppd_percent;1,39479666643493e+01
dictsaad_all;La Rioja;2024-08;ppd_percent;1,39534073934393e+01
dictsaad_all;La Rioja;2024-09;ppd_percent;1,39588481225294e+01
dictsaad_all;La Rioja;2024-10;ppd_percent;1,39642888516194e+01
dictsaad_all;La Rioja;2024-11;ppd_percent;1,39697295807094e+01
dictsaad_all;La Rioja;2024-12;ppd_percent;1,39751703097995e+01
dictsaad_all;La Rioja;2025-01;ppd_percent;1,39806110388895e+01
dictsaad_all;La Rioja;2025-02;ppd_percent;1,39860517679796e+01
dictsaad_all;La Rioja;2025-03;ppd_percent;1,39914924970696e+01
dictsaad_all;La Rioja;2025-04;ppd_percent;1,39969332261596e+01
dictsaad_all;La Rioja;2025-05;ppd_percent;1,40023739552497e+01
dictsaad_all;La Rioja;2025-06;ppd_percent;1,40078146843397e+01
dictsaad_all;La Rioja;2025-07;ppd_percent;1,40132554134297e+01
dictsaad_all;La Rioja;2025-08;ppd_percent;1,40186961425198e+01
dictsaad_all;La Rioja;2025-09;ppd_percent;1,40241368716098e+01
dictsaad_all;País Vasco;2023-01;censo_total;2,21504198335860e+06
dictsaad_all;País Vasco;2023-02;censo_total;2,21527401649694e+06
dictsaad_all;País Vasco;2023-03;censo_total;2,21550604963527e+06
dictsaad_all;País Vasco;2023-04;censo_total;2,21573808277361e+06
dictsaad_all;País Vasco;2023-05;censo_total;2,21597011591195e+06
dictsaad_all;País Vasco;2023-06;censo_total;2,21620214905029e+06
dictsaad_all;País Vasco;2023-07;censo_total;2,21643418218862e+06
dictsaad_all;País Vasco;2023-08;censo_total;2,21666621532696e+06
dictsaad_all;País Vasco;2023-09;censo_total;2,21689824846530e+06
dictsaad_all;País Vasco;2023-10;censo_total;2,21713028160364e+06
dictsaad_all;País Vasco;2023-11;censo_total;2,21736231474197e+06
dictsaad_all;País Vasco;2023-12;censo_total;2,21759434788031e+06
dictsaad_all;País Vasco;2024-01;censo_total;2,21782638101865e+06
dictsaad_all;País Vasco;2024-02;censo_total;2,21805841415699e+06
dictsaad_all;País Vasco;2024-03;censo_total;2,21829044729532e+06
dictsaad_all;País Vasco;2024-04;censo_total;2,21852248043366e+06
dictsaad_all;País Vasco;2024-05;censo_total;2,21875451357200e+06
dictsaad_all;País Vasco;2024-06;censo_total;2,21898654671034e+06
dictsaad_all;País Vasco;2024-07;censo_total;2,21921857984867e+06
dictsaad_all;País Vasco;2024-08;censo_total;2,21945061298701e+06
dictsaad_all;País Vasco;2024-09;censo_total;2,21968264612535e+06
dictsaad_all;País Vasco;2024-10;censo_total;2,21991467926369e+06
dictsaad_all;País Vasco;2024-11;censo_total;2,22014671240202e+06
dictsaad_all;País Vasco;2024-12;censo_total;2,22037874554036e+06
dictsaad_all;País Vasco;2025-01;censo_total;2,22061077867870e+06
dictsaad_all;País Vasco;2025-02;censo_total;2,22084281181703e+06
dictsaad_all;País Vasco;2025-03;censo_total;2,22107484495537e+06
dictsaad_all;País Vasco;2025-04;censo_total;2,22130687809371e+06
dictsaad_all;País Vasco;2025-05;censo_total;2,22153891123205e+06
dictsaad_all;País Vasco;2025-06;censo_total;2,22177094437038e+06
dictsaad_all;País Vasco;2025-07;censo_total;2,22200297750872e+06
dictsaad_all;País Vasco;2025-08;censo_total;2,22223501064706e+06
dictsaad_all;País Vasco;2025-09;censo_total;2,22246704378540e+06
dictsaad_all;País Vasco;2023-01;ppd;3,31459009529605e+05
dictsaad_all;País Vasco;2023-02;ppd;3,31864061895422e+05
dictsaad_all;País Vasco;2023-03;ppd;3,32269114261238e+05
dictsaad_all;País Vasco;2023-04;ppd;3,32674166627054e+05
dictsaad_all;País Vasco;2023-05;ppd;3,33079218992871e+05
dictsaad_all;País Vasco;2023-06;ppd;3,33484271358687e+05
dictsaad_all;País Vasco;2023-07;ppd;3,33889323724503e+05
dictsaad_all;País Vasco;2023-08;ppd;3,34294376090320e+05
dictsaad_all;País Vasco;2023-09;ppd;3,34699428456136e+05
dictsaad_all;País Vasco;2023-10;ppd;3,35104480821953e+05
dictsaad_all;País Vasco;2023-11;ppd;3,35509533187769e+05
dictsaad_all;País Vasco;2023-12;ppd;3,35914585553585e+05
dictsaad_all;País Vasco;2024-01;ppd;3,36319637919402e+05
dictsaad_all;País Vasco;2024-02;ppd;3,36724690285218e+05
dictsaad_all;País Vasco;2024-03;ppd;3,37129742651034e+05
dictsaad_all;País Vasco;2024-04;ppd;3,37534795016851e+05
dictsaad_all;País Vasco;2024-05;ppd;3,37939847382667e+05
dictsaad_all;País Vasco;2024-06;ppd;3,38344899748483e+05
dictsaad_all;País Vasco;2024-07;ppd;3,38749952114300e+05
dictsaad_all;País Vasco;2024-08;ppd;3,39155004480116e+05
dictsaad_all;País Vasco;2024-09;ppd;3,39560056845932e+05
dictsaad_all;País Vasco;2024-10;ppd;3,39965109211749e+05
dictsaad_all;País Vasco;2024-11;ppd;3,40370161577565e+05
dictsaad_all;País Vasco;2024-12;ppd;3,40775213943381e+05
dictsaad_all;País Vasco;2025-01;ppd;3,41180266309198e+05
dictsaad_all;País Vasco;2025-02;ppd;3,41585318675014e+05
dictsaad_all;País Vasco;2025-03;ppd;3,41990371040831e+05
dictsaad_all;País Vasco;2025-04;ppd;3,42395423406647e+05
dictsaad_all;País Vasco;2025-05;ppd;3,42800475772463e+05
dictsaad_all;País Vasco;2025-06;ppd;3,43205528138280e+05
dictsaad_all;País Vasco;2025-07;ppd;3,43610580504096e+05
dictsaad_all;País Vasco;2025-08;ppd;3,44015632869912e+05
dictsaad_all;País Vasco;2025-09;ppd;3,44420685235729e+05
dictsaad_all;País Vasco;2023-01;ppd_percent;1,49685394787771e+01
dictsaad_all;País Vasco;2023-02;ppd_percent;1,49854806339841e+01
dictsaad_all;País Vasco;2023-03;ppd_percent;1,50024217891911e+01
dictsaad_all;País Vasco;2023-04;ppd_percent;1,50193629443981e+01
dictsaad_all;País Vasco;2023-05;ppd_percent;1,50363040996051e+01
dictsaad_all;País Vasco;2023-06;ppd_percent;1,50532452548120e+01
dictsaad_all;País Vasco;2023-07;ppd_percent;1,50701864100190e+01
dictsaad_all;País Vasco;2023-08;ppd_percent;1,50871275652260e+01
dictsaad_all;País Vasco;2023-09;ppd_percent;1,51040687204330e+01
dictsaad_all;País Vasco;2023-10;ppd_percent;1,51210098756400e+01
dictsaad_all;País Vasco;2023-11;ppd_percent;1,51379510308470e+01
dictsaad_all;País Vasco;2023-12;ppd_percent;1,51548921860540e+01
dictsaad_all;País Vasco;2024-01;ppd_percent;1,51718333412610e+01
dictsaad_all;País Vasco;2024-02;ppd_percent;1,51887744964679e+01
dictsaad_all;País Vasco;2024-03;ppd_percent;1,52057156516749e+01
dictsaad_all;País Vasco;2024-04;ppd_percent;1,52226568068819e+01
dictsaad_all;País Vasco;2024-05;ppd_percent;1,52395979620889e+01
dictsaad_all;País Vasco;2024-06;ppd_percent;1,52565391172959e+01
dictsaad_all;País Vasco;2024-07;ppd_percent;1,52734802725029e+01
dictsaad_all;País Vasco;2024-08;ppd_percent;1,52904214277099e+01
dictsaad_all;País Vasco;2024-09;ppd_percent;1,53073625829169e+01
dictsaad_all;País Vasco;2024-10;ppd_percent;1,53243037381239e+01
dictsaad_all;País Vasco;2024-11;ppd_percent;1,53412448933308e+01
dictsaad_all;País Vasco;2024-12;ppd_percent;1,53581860485378e+01
dictsaad_all;País Vasco;2025-01;ppd_percent;1,53751272037448e+01
dictsaad_all;País Vasco;2025-02;ppd_percent;1,53920683589518e+01
dictsaad_all;País Vasco;2025-03;ppd_percent;1,54090095141588e+01
dictsaad_all;País Vasco;2025-04;ppd_percent;1,54259506693658e+01
dictsaad_all;País Vasco;2025-05;ppd_percent;1,54428918245728e+01
dictsaad_all;País Vasco;2025-06;ppd_percent;1,54598329797798e+01
dictsaad_all;País Vasco;2025-07;ppd_percent;1,54767741349867e+01
dictsaad_all;País Vasco;2025-08;ppd_percent;1,54937152901937e+01
dictsaad_all;País Vasco;2025-09;ppd_percent;1,55106564454007e+01
dictsaad_all;Principado de Asturias;2023-01;censo_total;9,99040183981935e+05
dictsaad_all;Principado de Asturias;2023-02;censo_total;9,98448630368397e+05
dictsaad_all;Principado de Asturias;2023-03;censo_total;9,97857076754859e+05
dictsaad_all;Principado de Asturias;2023-04;censo_total;9,97265523141321e+05
dictsaad_all;Principado de Asturias;2023-05;censo_total;9,96673969527782e+05
dictsaad_all;Principado de Asturias;2023-06;censo_total;9,96082415914244e+05
dictsaad_all;Principado de Asturias;2023-07;censo_total;9,95490862300706e+05
dictsaad_all;Principado de Asturias;2023-08;censo_total;9,94899308687168e+05
dictsaad_all;Principado de Asturias;2023-09;censo_total;9,94307755073629e+05
dictsaad_all;Principado de Asturias;2023-10;censo_total;9,93716201460091e+05
dictsaad_all;Principado de Asturias;2023-11;censo_total;9,93124647846553e+05
dictsaad_all;Principado de Asturias;2023-12;censo_total;9,92533094233015e+05
dictsaad_all;Principado de Asturias;2024-01;censo_total;9,91941540619476e+05
dictsaad_all;Principado de Asturias;2024-02;censo_total;9,91349987005938e+05
dictsaad_all;Principado de Asturias;2024-03;censo_total;9,90758433392400e+05
dictsaad_all;Principado de Asturias;2024-04;censo_total;9,90166879778862e+05
dictsaad_all;Principado de Asturias;2024-05;censo_total;9,89575326165323e+05
dictsaad_all;Principado de Asturias;2024-06;censo_total;9,88983772551785e+05
dictsaad_all;Principado de Asturias;2024-07;censo_total;9,88392218938247e+05
dictsaad_all;Principado de Asturias;2024-08;censo_total;9,87800665324709e+05
dictsaad_all;Principado de Asturias;2024-09;censo_total;9,87209111711171e+05
dictsaad_all;Principado de Asturias;2024-10;censo_total;9,86617558097632e+05
dictsaad_all;Principado de Asturias;2024-11;censo_total;9,86026004484094e+05
dictsaad_all;Principado de Asturias;2024-12;censo_total;9,85434450870556e+05
dictsaad_all;Principado de Asturias;2025-01;censo_total;9,84842897257018e+05
dictsaad_all;Principado de Asturias;2025-02;censo_total;9,84251343643479e+05
dictsaad_all;Principado de Asturias;2025-03;censo_total;9,83659790029941e+05
dictsaad_all;Principado de Asturias;2025-04;censo_total;9,83068236416403e+05
dictsaad_all;Principado de Asturias;2025-05;censo_total;9,82476682802865e+05
dictsaad_all;Principado de Asturias;2025-06;censo_total;9,81885129189327e+05
dictsaad_all;Principado de Asturias;2025-07;censo_total;9,81293575575788e+05
dictsaad_all;Principado de Asturias;2025-08;censo_total;9,80702021962250e+05
dictsaad_all;Principado de Asturias;2025-09;censo_total;9,80110468348712e+05
dictsaad_all;Principado de Asturias;2023-01;ppd;1,73724478178706e+05
dictsaad_all;Principado de Asturias;2023-02;ppd;1,73815619290021e+05
dictsaad_all;Principado de Asturias;2023-03;ppd;1,73906760401336e+05
dictsaad_all;Principado de Asturias;2023-04;ppd;1,73997901512651e+05
dictsaad_all;Principado de Asturias;2023-05;ppd;1,74089042623965e+05
dictsaad_all;Principado de Asturias;2023-06;ppd;1,74180183735280e+05
dictsaad_all;Principado de Asturias;2023-07;ppd;1,74271324846595e+05
dictsaad_all;Principado de Asturias;2023-08;ppd;1,74362465957910e+05
dictsaad_all;Principado de Asturias;2023-09;ppd;1,74453607069224e+05
dictsaad_all;Principado de Asturias;2023-10;ppd;1,74544748180539e+05
dictsaad_all;Principado de Asturias;2023-11;ppd;1,74635889291854e+05
dictsaad_all;Principado de Asturias;2023-12;ppd;1,74727030403169e+05
dictsaad_all;Principado de Asturias;2024-01;ppd;1,74818171514483e+05
dictsaad_all;Principado de Asturias;2024-02;ppd;1,74909312625798e+05
dictsaad_all;Principado de Asturias;2024-03;ppd;1,75000453737113e+05
dictsaad_all;Principado de Asturias;2024-04;ppd;1,75091594848428e+05
dictsaad_all;Principado de Asturias;2024-05;ppd;1,75182735959742e+05
dictsaad_all;Principado de Asturias;2024-06;ppd;1,75273877071057e+05
dictsaad_all;Principado de Asturias;2024-07;ppd;1,75365018182372e+05
dictsaad_all;Principado de Asturias;2024-08;ppd;1,75456159293687e+05
dictsaad_all;Principado de Asturias;2024-09;ppd;1,75547300405001e+05
dictsaad_all;Principado de Asturias;2024-10;ppd;1,75638441516316e+05
dictsaad_all;Principado de Asturias;2024-11;ppd;1,75729582627631e+05
dictsaad_all;Principado de Asturias;2024-12;ppd;1,75820723738946e+05
dictsaad_all;Principado de Asturias;2025-01;ppd;1,75911864850260e+05
dictsaad_all;Principado de Asturias;2025-02;ppd;1,76003005961575e+05
dictsaad_all;Principado de Asturias;2025-03;ppd;1,76094147072890e+05
dictsaad_all;Principado de Asturias;2025-04;ppd;1,76185288184205e+05
dictsaad_all;Principado de Asturias;2025-05;ppd;1,76276429295519e+05
dictsaad_all;Principado de Asturias;2025-06;ppd;1,76367570406834e+05
dictsaad_all;Principado de Asturias;2025-07;ppd;1,76458711518149e+05
dictsaad_all;Principado de Asturias;2025-08;ppd;1,76549852629464e+05
dictsaad_all;Principado de Asturias;2025-09;ppd;1,76640993740778e+05
dictsaad_all;Principado de Asturias;2023-01;ppd_percent;1,73560199776793e+01
dictsaad_all;Principado de Asturias;2023-02;ppd_percent;1,73739824595202e+01
dictsaad_all;Principado de Asturias;2023-03;ppd_percent;1,73919449413611e+01
dictsaad_all;Principado de Asturias;2023-04;ppd_percent;1,74099074232020e+01
dictsaad_all;Principado de Asturias;2023-05;ppd_percent;1,74278699050429e+01
dictsaad_all;Principado de Asturias;2023-06;ppd_percent;1,74458323868838e+01
dictsaad_all;Principado de Asturias;2023-07;ppd_percent;1,74637948687247e+01
dictsaad_all;Principado de Asturias;2023-08;ppd_percent;1,74817573505655e+01
dictsaad_all;Principado de Asturias;2023-09;ppd_percent;1,74997198324064e+01
dictsaad_all;Principado de Asturias;2023-10;ppd_percent;1,75176823142473e+01
dictsaad_all;Principado de Asturias;2023-11;ppd_percent;1,75356447960882e+01
dictsaad_all;Principado de Asturias;2023-12;ppd_percent;1,75536072779291e+01
dictsaad_all;Principado de Asturias;2024-01;ppd_percent;1,75715697597700e+01
dictsaad_all;Principado de Asturias;2024-02;ppd_percent;1,75895322416109e+01
dictsaad_all;Principado de Asturias;2024-03;ppd_percent;1,76074947234518e+01
dictsaad_all;Principado de Asturias;2024-04;ppd_percent;1,76254572052927e+01
dictsaad_all;Principado de Asturias;2024-05;ppd_percent;1,76434196871336e+01
dictsaad_all;Principado de Asturias;2024-06;ppd_percent;1,76613821689745e+01
dictsaad_all;Principado de Asturias;2024-07;ppd_percent;1,76793446508154e+01
dictsaad_all;Principado de Asturias;2024-08;ppd_percent;1,76973071326563e+01
dictsaad_all;Principado de Asturias;2024-09;ppd_percent;1,77152696144972e+01
dictsaad_all;Principado de Asturias;2024-10;ppd_percent;1,77332320963380e+01
dictsaad_all;Principado de Asturias;2024-11;ppd_percent;1,77511945781789e+01
dictsaad_all;Principado de Asturias;2024-12;ppd_percent;1,77691570600198e+01
dictsaad_all;Principado de Asturias;2025-01;ppd_percent;1,77871195418607e+01
dictsaad_all;Principado de Asturias;2025-02;ppd_percent;1,78050820237016e+01
dictsaad_all;Principado de Asturias;2025-03;ppd_percent;1,78230445055425e+01
dictsaad_all;Principado de Asturias;2025-04;ppd_percent;1,78410069873834e+01
dictsaad_all;Principado de Asturias;2025-05;ppd_percent;1,78589694692243e+01
dictsaad_all;Principado de Asturias;2025-06;ppd_percent;1,78769319510652e+01
dictsaad_all;Principado de Asturias;2025-07;ppd_percent;1,78948944329061e+01
dictsaad_all;Principado de Asturias;2025-08;ppd_percent;1,79128569147470e+01
dictsaad_all;Principado de Asturias;2025-09;ppd_percent;1,79308193965879e+01
dictsaad_all;Región de Murcia;2023-01;censo_total;1,52027463072043e+06
dictsaad_all;Región de Murcia;2023-02;censo_total;1,52078762792148e+06
dictsaad_all;Región de Murcia;2023-03;censo_total;1,52130062512254e+06
dictsaad_all;Región de Murcia;2023-04;censo_total;1,52181362232360e+06
dictsaad_all;Región de Murcia;2023-05;censo_total;1,52232661952466e+06
dictsaad_all;Región de Murcia;2023-06;censo_total;1,52283961672572e+06
dictsaad_all;Región de Murcia;2023-07;censo_total;1,52335261392677e+06
dictsaad_all;Región de Murcia;2023-08;censo_total;1,52386561112783e+06
dictsaad_all;Región de Murcia;2023-09;censo_total;1,52437860832889e+06
dictsaad_all;Región de Murcia;2023-10;censo_total;1,52489160552995e+06
dictsaad_all;Región de Murcia;2023-11;censo_total;1,52540460273101e+06
dictsaad_all;Región de Murcia;2023-12;censo_total;1,52591759993206e+06
dictsaad_all;Región de Murcia;2024-01;censo_total;1,52643059713312e+06
dictsaad_all;Región de Murcia;2024-02;censo_total;1,52694359433418e+06
dictsaad_all;Región de Murcia;2024-03;censo_total;1,52745659153524e+06
dictsaad_all;Región de Murcia;2024-04;censo_total;1,52796958873630e+06
dictsaad_all;Región de Murcia;2024-05;censo_total;1,52848258593735e+06
dictsaad_all;Región de Murcia;2024-06;censo_total;1,52899558313841e+06
dictsaad_all;Región de Murcia;2024-07;censo_total;1,52950858033947e+06
dictsaad_all;Región de Murcia;2024-08;censo_total;1,53002157754053e+06
dictsaad_all;Región de Murcia;2024-09;censo_total;1,53053457474159e+06
dictsaad_all;Región de Murcia;2024-10;censo_total;1,53104757194264e+06
dictsaad_all;Región de Murcia;2024-11;censo_total;1,53156056914370e+06
dictsaad_all;Región de Murcia;2024-12;censo_total;1,53207356634476e+06
dictsaad_all;Región de Murcia;2025-01;censo_total;1,53258656354582e+06
dictsaad_all;Región de Murcia;2025-02;censo_total;1,53309956074688e+06
dictsaad_all;Región de Murcia;2025-03;censo_total;1,53361255794794e+06
dictsaad_all;Región de Murcia;2025-04;censo_total;1,53412555514899e+06
dictsaad_all;Región de Murcia;2025-05;censo_total;1,53463855235005e+06
dictsaad_all;Región de Murcia;2025-06;censo_total;1,53515154955111e+06
dictsaad_all;Región de Murcia;2025-07;censo_total;1,53566454675217e+06
dictsaad_all;Región de Murcia;2025-08;censo_total;1,53617754395323e+06
dictsaad_all;Región de Murcia;2025-09;censo_total;1,53669054115428e+06
dictsaad_all;Región de Murcia;2023-01;ppd;1,54162969540114e+05
dictsaad_all;Región de Murcia;2023-02;ppd;1,54343886599993e+05
dictsaad_all;Región de Murcia;2023-03;ppd;1,54524803659871e+05
dictsaad_all;Región de Murcia;2023-04;ppd;1,54705720719750e+05
dictsaad_all;Región de Murcia;2023-05;ppd;1,54886637779628e+05
dictsaad_all;Región de Murcia;2023-06;ppd;1,55067554839507e+05
dictsaad_all;Región de Murcia;2023-07;ppd;1,55248471899385e+05
dictsaad_all;Región de Murcia;2023-08;ppd;1,55429388959264e+05
dictsaad_all;Región de Murcia;2023-09;ppd;1,55610306019143e+05
dictsaad_all;Región de Murcia;2023-10;ppd;1,55791223079021e+05
dictsaad_all;Región de Murcia;2023-11;ppd;1,55972140138900e+05
dictsaad_all;Región de Murcia;2023-12;ppd;1,56153057198778e+05
dictsaad_all;Región de Murcia;2024-01;ppd;1,56333974258657e+05
dictsaad_all;Región de Murcia;2024-02;ppd;1,56514891318536e+05
dictsaad_all;Región de Murcia;2024-03;ppd;1,56695808378414e+05
dictsaad_all;Región de Murcia;2024-04;ppd;1,56876725438293e+05
dictsaad_all;Región de Murcia;2024-05;ppd;1,57057642498171e+05
dictsaad_all;Región de Murcia;2024-06;ppd;1,57238559558050e+05
dictsaad_all;Región de Murcia;2024-07;ppd;1,57419476617929e+05
dictsaad_all;Región de Murcia;2024-08;ppd;1,57600393677807e+05
dictsaad_all;Región de Murcia;2024-09;ppd;1,57781310737686e+05
dictsaad_all;Región de Murcia;2024-10;ppd;1,57962227797564e+05
dictsaad_all;Región de Murcia;2024-11;ppd;1,58143144857443e+05
dictsaad_all;Región de Murcia;2024-12;ppd;1,58324061917322e+05
dictsaad_all;Región de Murcia;2025-01;ppd;1,58504978977200e+05
dictsaad_all;Región de Murcia;2025-02;ppd;1,58685896037079e+05
dictsaad_all;Región de Murcia;2025-03;ppd;1,58866813096957e+05
dictsaad_all;Región de Murcia;2025-04;ppd;1,59047730156836e+05
dictsaad_all;Región de Murcia;2025-05;ppd;1,59228647216714e+05
dictsaad_all;Región de Murcia;2025-06;ppd;1,59409564276593e+05
dictsaad_all;Región de Murcia;2025-07;ppd;1,59590481336472e+05
dictsaad_all;Región de Murcia;2025-08;ppd;1,59771398396350e+05
dictsaad_all;Región de Murcia;2025-09;ppd;1,59952315456229e+05
dictsaad_all;Región de Murcia;2023-01;ppd_percent;1,01464203121558e+01
dictsaad_all;Región de Murcia;2023-02;ppd_percent;1,01552430289086e+01
dictsaad_all;Región de Murcia;2023-03;ppd_percent;1,01640657456614e+01
dictsaad_all;Región de Murcia;2023-04;ppd_percent;1,01728884624142e+01
dictsaad_all;Región de Murcia;2023-05;ppd_percent;1,01817111791670e+01
dictsaad_all;Región de Murcia;2023-06;ppd_percent;1,01905338959198e+01
dictsaad_all;Región de Murcia;2023-07;ppd_percent;1,01993566126726e+01
dictsaad_all;Región de Murcia;2023-08;ppd_percent;1,02081793294254e+01
dictsaad_all;Región de Murcia;2023-09;ppd_percent;1,02170020461782e+01
dictsaad_all;Región de Murcia;2023-10;ppd_percent;1,02258247629310e+01
dictsaad_all;Región de Murcia;2023-11;ppd_percent;1,02346474796839e+01
dictsaad_all;Región de Murcia;2023-12;ppd_percent;1,02434701964367e+01
dictsaad_all;Región de Murcia;2024-01;ppd_percent;1,02522929131895e+01
dictsaad_all;Región de Murcia;2024-02;ppd_percent;1,02611156299423e+01
dictsaad_all;Región de Murcia;2024-03;ppd_percent;1,02699383466951e+01
dictsaad_all;Región de Murcia;2024-04;ppd_percent;1,02787610634479e+01
dictsaad_all;Región de Murcia;2024-05;ppd_percent;1,02875837802007e+01
dictsaad_all;Región de Murcia;2024-06;ppd_percent;1,02964064969535e+01
dictsaad_all;Región de Murcia;2024-07;ppd_percent;1,03052292137063e+01
dictsaad_all;Región de Murcia;2024-08;ppd_percent;1,03140519304591e+01
dictsaad_all;Región de Murcia;2024-09;ppd_percent;1,03228746472119e+01
dictsaad_all;Región de Murcia;2024-10;ppd_percent;1,03316973639648e+01
dictsaad_all;Región de Murcia;2024-11;ppd_percent;1,03405200807176e+01
dictsaad_all;Región de Murcia;2024-12;ppd_percent;1,03493427974704e+01
dictsaad_all;Región de Murcia;2025-01;ppd_percent;1,03581655142232e+01
dictsaad_all;Región de Murcia;2025-02;ppd_percent;1,03669882309760e+01
dictsaad_all;Región de Murcia;2025-03;ppd_percent;1,03758109477288e+01
dictsaad_all;Región de Murcia;2025-04;ppd_percent;1,03846336644816e+01
dictsaad_all;Región de Murcia;2025-05;ppd_percent;1,03934563812344e+01
dictsaad_all;Región de Murcia;2025-06;ppd_percent;1,04022790979872e+01
dictsaad_all;Región de Murcia;2025-07;ppd_percent;1,04111018147400e+01
dictsaad_all;Región de Murcia;2025-08;ppd_percent;1,04199245314929e+01
dictsaad_all;Región de Murcia;2025-09;ppd_percent;1,04287472482457e+01
