horas;grado I;grado II;grado III;total;servicio;fecha
Menos de 5;2,96069193023588e-03;1,83604882293305e-03;1,10621145307693e-03;0,002148999343275667;7. INTENSIDAD DE LA AYUDA A DOMICILIO;2023-01-31
De 5 a 10;4,35469690479948e-01;1,53190334400370e-02;6,34935066903063e-03;0,185883818374098564;7. INTENSIDAD DE LA AYUDA A DOMICILIO;2023-01-31
De 11 a 15;9,70265335106743e-02;5,38760587216311e-02;1,47444348471761e-02;0,063619013556886816;7. INTENSIDAD DE LA AYUDA A DOMICILIO;2023-01-31
De 16 a 20;4,09191670987473e-01;1,45127685221404e-02;2,62308496613175e-02;0,178835593842207347;7. INTENSIDAD DE LA AYUDA A DOMICILIO;2023-01-31
De 21 a 30;4,98508382365097e-02;1,86263161676073e-01;1,48868785137367e-01;0,122684121762241125;7. INTENSIDAD DE LA AYUDA A DOMICILIO;2023-01-31
De 31 a 45;3,83236772695507e-03;6,92613495757131e-01;2,58217029594945e-02;0,274335028072652809;7. INTENSIDAD DE LA AYUDA A DOMICILIO;2023-01-31
De 46 a 55;6,76300187109718e-04;3,27215831530546e-02;1,24471518843479e-01;0,038241088744114915;7. INTENSIDAD DE LA AYUDA A DOMICILIO;2023-01-31
De 56 a 65;4,05780112265831e-04;8,54161843712331e-04;8,84969162461548e-02;0,018502360199422207;7. INTENSIDAD DE LA AYUDA A DOMICILIO;2023-01-31
De 66 a 70;2,63005628320446e-04;5,74763109787737e-04;5,30329893470322e-01;0,108233103222882376;7. INTENSIDAD DE LA AYUDA A DOMICILIO;2023-01-31
71 o más;3,23121200507977e-04;1,42892495350007e-03;3,35803367125820e-02;0,007516872882218187;7. INTENSIDAD DE LA AYUDA A DOMICILIO;2023-01-31
Menos de 5;5,59336254311550e-04;0,00000000000000e+00;8,73057447180024e-05;0,000310894394083189;7. INTENSIDAD DE LA AYUDA A DOMICILIO NA NA NA NA NA NA NA NA NA NA NA NA NA NA NA NA;2023-01-31
De 5 a 10;2,08508125912806e-02;1,14423021912009e-04;0,00000000000000e+00;0,011012206695683476;7. INTENSIDAD DE LA AYUDA A DOMICILIO NA NA NA NA NA NA NA NA NA NA NA NA NA NA NA NA;2023-01-31
De 11 a 15;9,72934340138591e-02;5,14903598604039e-04;4,36528723590012e-04;0,051461203652190986;7. INTENSIDAD DE LA AYUDA A DOMICILIO NA NA NA NA NA NA NA NA NA NA NA NA NA NA NA NA;2023-01-31
De 16 a 20;7,64084397625928e-01;9,15384175296069e-03;6,11140213026017e-04;0,405079032627548463;7. INTENSIDAD DE LA AYUDA A DOMICILIO NA NA NA NA NA NA NA NA NA NA NA NA NA NA NA NA;2023-01-31
De 21 a 30;1,03539355520338e-01;8,94788031351908e-02;3,23031255456609e-03;0,080718002421703697;7. INTENSIDAD DE LA AYUDA A DOMICILIO NA NA NA NA NA NA NA NA NA NA NA NA NA NA NA NA;2023-01-31
De 31 a 45;1,05652403592182e-03;7,80765490016591e-01;1,37943076654444e-02;0,226445658932486832;7. INTENSIDAD DE LA AYUDA A DOMICILIO NA NA NA NA NA NA NA NA NA NA NA NA NA NA NA NA;2023-01-31
De 46 a 55;3,41816599857058e-04;8,67898621202586e-02;4,67958791688493e-02;0,033772948915142195;7. INTENSIDAD DE LA AYUDA A DOMICILIO NA NA NA NA NA NA NA NA NA NA NA NA NA NA NA NA;2023-01-31
De 56 a 65;2,76560703520711e-03;1,14423021912009e-03;1,77754496245853e-01;0,035098340805707368;7. INTENSIDAD DE LA AYUDA A DOMICILIO NA NA NA NA NA NA NA NA NA NA NA NA NA NA NA NA;2023-01-31
De 66 a 70;0,00000000000000e+00;2,86057554780022e-04;6,31831674524184e-01;0,118499852734234384;7. INTENSIDAD DE LA AYUDA A DOMICILIO NA NA NA NA NA NA NA NA NA NA NA NA NA NA NA NA;2023-01-31
71 o más;9,50871632329636e-03;3,17523885805824e-02;1,25458355159770e-01;0,037601858821219358;7. INTENSIDAD DE LA AYUDA A DOMICILIO NA NA NA NA NA NA NA NA NA NA NA NA NA NA NA NA;2023-01-31
Menos de 5;2,49275467542761e-03;1,61106168965348e-03;9,55331784146656e-04;0,001857318509372195;7. INTENSIDAD DE LA AYUDA A DOMICILIO NA NA NA NA NA NA NA NA NA NA NA NA NA NA NA NA;2023-01-31
De 5 a 10;3,54685108210964e-01;1,34558674166276e-02;5,40924348050607e-03;0,158136663363614205;7. INTENSIDAD DE LA AYUDA A DOMICILIO NA NA NA NA NA NA NA NA NA NA NA NA NA NA NA NA;2023-01-31
De 11 a 15;9,70661729560319e-02;4,73371952116445e-02;1,26258714175058e-02;0,061683207869219873;7. INTENSIDAD DE LA AYUDA A DOMICILIO NA NA NA NA NA NA NA NA NA NA NA NA NA NA NA NA;2023-01-31
De 16 a 20;4,78239824781128e-01;1,38551305310199e-02;2,24373870384715e-02;0,214678523068622201;7. INTENSIDAD DE LA AYUDA A DOMICILIO NA NA NA NA NA NA NA NA NA NA NA NA NA NA NA NA;2023-01-31
De 21 a 30;6,02980414934747e-02;1,74393925596968e-01;1,27304415182029e-01;0,116014962308885555;7. INTENSIDAD DE LA AYUDA A DOMICILIO NA NA NA NA NA NA NA NA NA NA NA NA NA NA NA NA;2023-01-31
De 31 a 45;3,29140423163257e-03;7,03333496774374e-01;2,40382132713659e-02;0,266706787513424082;7. INTENSIDAD DE LA AYUDA A DOMICILIO NA NA NA NA NA NA NA NA NA NA NA NA NA NA NA NA;2023-01-31
De 46 a 55;6,11087918005312e-04;3,93379236917128e-02;1,12961528530855e-01;0,037527691166323394;7. INTENSIDAD DE LA AYUDA A DOMICILIO NA NA NA NA NA NA NA NA NA NA NA NA NA NA NA NA;2023-01-31
De 56 a 65;8,65203685888709e-04;8,89586237330401e-04;1,01678285566744e-01;0,021130889074505450;7. INTENSIDAD DE LA AYUDA A DOMICILIO NA NA NA NA NA NA NA NA NA NA NA NA NA NA NA NA;2023-01-31
De 66 a 70;2,11763139902831e-04;5,39355435231818e-04;5,45236250968242e-01;0,109846382119937122;7. INTENSIDAD DE LA AYUDA A DOMICILIO NA NA NA NA NA NA NA NA NA NA NA NA NA NA NA NA;2023-01-31
71 o más;2,23863890754421e-03;5,24645741543677e-03;4,73534727601343e-02;0,012417575006095949;7. INTENSIDAD DE LA AYUDA A DOMICILIO NA NA NA NA NA NA NA NA NA NA NA NA NA NA NA NA;2023-01-31
Menos de 5;2,94206170052671e-03;1,86207833515812e-03;1,07273441513311e-03;0,002143639251731104;7. INTENSIDAD DE LA AYUDA A DOMICILIO;2023-02-28
De 5 a 10;4,37178329571106e-01;1,54080988419951e-02;6,19466352400810e-03;0,186416421201980154;7. INTENSIDAD DE LA AYUDA A DOMICILIO;2023-02-28
De 11 a 15;9,71407072987208e-02;5,38084696593116e-02;1,48520835221950e-02;0,063618277994540659;7. INTENSIDAD DE LA AYUDA A DOMICILIO;2023-02-28
De 16 a 20;4,06493604213694e-01;1,34421277241886e-02;2,63046565738978e-02;0,177184892740928079;7. INTENSIDAD DE LA AYUDA A DOMICILIO;2023-02-28
De 21 a 30;5,07373965387509e-02;1,87118893302112e-01;1,49548242830810e-01;0,123544561479265319;7. INTENSIDAD DE LA AYUDA A DOMICILIO;2023-02-28
De 31 a 45;3,82242287434161e-03;6,92205643775624e-01;2,51261596107938e-02;0,273849143315392562;7. INTENSIDAD DE LA AYUDA A DOMICILIO;2023-02-28
De 46 a 55;6,47103085026336e-04;3,32856492100153e-02;1,23999033028133e-01;0,038425119133908045;7. INTENSIDAD DE LA AYUDA A DOMICILIO;2023-02-28
De 56 a 65;4,36418359668924e-04;8,55117518720680e-04;8,84930347807694e-02;0,018574094350970807;7. INTENSIDAD DE LA AYUDA A DOMICILIO;2023-02-28
De 66 a 70;2,70880361173815e-04;5,91389685844209e-04;5,30368960203064e-01;0,108610027296701259;7. INTENSIDAD DE LA AYUDA A DOMICILIO;2023-02-28
71 o más;3,31075996990218e-04;1,42253194703066e-03;3,40404315111957e-02;0,007633823234581991;7. INTENSIDAD DE LA AYUDA A DOMICILIO;2023-02-28
Menos de 5;5,47062577880436e-04;0,00000000000000e+00;8,65276455827637e-05;0,000305510443633323;7. INTENSIDAD DE LA AYUDA A DOMICILIO NA NA NA NA NA NA NA NA NA NA NA NA NA NA NA NA;2023-02-28
De 5 a 10;2,01805306507005e-02;1,12796796570977e-04;0,00000000000000e+00;0,010708945024199643;7. INTENSIDAD DE LA AYUDA A DOMICILIO NA NA NA NA NA NA NA NA NA NA NA NA NA NA NA NA;2023-02-28
De 11 a 15;9,42771175880619e-02;5,63983982854887e-04;3,46110582331055e-04;0,050103712755864997;7. INTENSIDAD DE LA AYUDA A DOMICILIO NA NA NA NA NA NA NA NA NA NA NA NA NA NA NA NA;2023-02-28
De 16 a 20;7,54460079627997e-01;9,08014212396368e-03;6,05693519079346e-04;0,401858789857053256;7. INTENSIDAD DE LA AYUDA A DOMICILIO NA NA NA NA NA NA NA NA NA NA NA NA NA NA NA NA;2023-02-28
De 21 a 30;1,16767468012035e-01;8,69663301562236e-02;3,28805053214502e-03;0,087183032914730438;7. INTENSIDAD DE LA AYUDA A DOMICILIO NA NA NA NA NA NA NA NA NA NA NA NA NA NA NA NA;2023-02-28
De 31 a 45;1,00294805944747e-03;7,72150470926626e-01;1,30656744829973e-02;0,223103021337492546;7. INTENSIDAD DE LA AYUDA A DOMICILIO NA NA NA NA NA NA NA NA NA NA NA NA NA NA NA NA;2023-02-28
De 46 a 55;3,34316019815822e-04;9,77948226270374e-02;4,53404862853682e-02;0,036484378768632114;7. INTENSIDAD DE LA AYUDA A DOMICILIO NA NA NA NA NA NA NA NA NA NA NA NA NA NA NA NA;2023-02-28
De 56 a 65;2,91766708202899e-03;1,18436636399526e-03;1,78679588128407e-01;0,035085462526732163;7. INTENSIDAD DE LA AYUDA A DOMICILIO NA NA NA NA NA NA NA NA NA NA NA NA NA NA NA NA;2023-02-28
De 66 a 70;0,00000000000000e+00;2,81991991427443e-04;6,22393354676819e-01;0,115740219645929482;7. INTENSIDAD DE LA AYUDA A DOMICILIO NA NA NA NA NA NA NA NA NA NA NA NA NA NA NA NA;2023-02-28
71 o más;9,51281038203203e-03;3,18650950313011e-02;1,36194514147270e-01;0,039426926725732017;7. INTENSIDAD DE LA AYUDA A DOMICILIO NA NA NA NA NA NA NA NA NA NA NA NA NA NA NA NA;2023-02-28
Menos de 5;2,46648534883581e-03;1,63080756470736e-03;9,25961649755006e-04;0,001847567886475492;7. INTENSIDAD DE LA AYUDA A DOMICILIO NA NA NA NA NA NA NA NA NA NA NA NA NA NA NA NA;2023-02-28
De 5 a 10;3,54383891257546e-01;1,35084060080910e-02;5,27283717221601e-03;0,158117136839054595;7. INTENSIDAD DE LA AYUDA A DOMICILIO NA NA NA NA NA NA NA NA NA NA NA NA NA NA NA NA;2023-02-28
De 11 a 15;9,65607907226380e-02;4,71954309391492e-02;1,26933909487249e-02;0,061435513670449783;7. INTENSIDAD DE LA AYUDA A DOMICILIO NA NA NA NA NA NA NA NA NA NA NA NA NA NA NA NA;2023-02-28
De 16 a 20;4,75488924938036e-01;1,28994778616123e-02;2,24802911634965e-02;0,213319049615219414;7. INTENSIDAD DE LA AYUDA A DOMICILIO NA NA NA NA NA NA NA NA NA NA NA NA NA NA NA NA;2023-02-28
De 21 a 30;6,38331232699927e-02;1,74671388776124e-01;1,27782707666191e-01;0,117677653744042002;7. INTENSIDAD DE LA AYUDA A DOMICILIO NA NA NA NA NA NA NA NA NA NA NA NA NA NA NA NA;2023-02-28
De 31 a 45;3,26251485017157e-03;7,02059157019472e-01;2,33290893424386e-02;0,265648692988039947;7. INTENSIDAD DE LA AYUDA A DOMICILIO NA NA NA NA NA NA NA NA NA NA NA NA NA NA NA NA;2023-02-28
De 46 a 55;5,84961072951279e-04;4,12881280008959e-02;1,12285710611263e-01;0,038108028381126861;7. INTENSIDAD DE LA AYUDA A DOMICILIO NA NA NA NA NA NA NA NA NA NA NA NA NA NA NA NA;2023-02-28
De 56 a 65;9,28701084891722e-04;8,95894284474432e-04;1,01881502629988e-01;0,021228917283816439;7. INTENSIDAD DE LA AYUDA A DOMICILIO NA NA NA NA NA NA NA NA NA NA NA NA NA NA NA NA;2023-02-28
De 66 a 70;2,17098954909753e-04;5,52934753699063e-04;5,43951026917191e-01;0,109743979878588402;7. INTENSIDAD DE LA AYUDA A DOMICILIO NA NA NA NA NA NA NA NA NA NA NA NA NA NA NA NA;2023-02-28
71 o más;2,27350850002714e-03;5,29837479177457e-03;4,93974818987358e-02;0,012873459713187081;7. INTENSIDAD DE LA AYUDA A DOMICILIO NA NA NA NA NA NA NA NA NA NA NA NA NA NA NA NA;2023-02-28
Menos de 5;3,12331475822398e-03;1,77081505352328e-03;1,06573002506717e-03;0,002181266301893401;7. INTENSIDAD DE LA AYUDA A DOMICILIO;2023-03-31
De 5 a 10;4,36222961231949e-01;1,56900595057671e-02;6,09417450953903e-03;0,186218698060516302;7. INTENSIDAD DE LA AYUDA A DOMICILIO;2023-03-31
De 11 a 15;9,84780394271676e-02;5,47835936378284e-02;1,48451689407244e-02;0,064531688269395607;7. INTENSIDAD DE LA AYUDA A DOMICILIO;2023-03-31
De 16 a 20;4,05401761639403e-01;1,24994017516711e-02;2,63130244217289e-02;0,176485949265589137;7. INTENSIDAD DE LA AYUDA A DOMICILIO;2023-03-31
De 21 a 30;5,12837797351549e-02;1,87427213119985e-01;1,51258612149322e-01;0,124181641111032595;7. INTENSIDAD DE LA AYUDA A DOMICILIO;2023-03-31
De 31 a 45;3,77494157828510e-03;6,91439465245760e-01;2,37762867564282e-02;0,272722804063914193;7. INTENSIDAD DE LA AYUDA A DOMICILIO;2023-03-31
De 46 a 55;6,44136856612140e-04;3,35338129955490e-02;1,23249425856712e-01;0,038405647943618872;7. INTENSIDAD DE LA AYUDA A DOMICILIO;2023-03-31
De 56 a 65;4,34417880040745e-04;8,29571016064962e-04;8,94612809774696e-02;0,018808045493227319;7. INTENSIDAD DE LA AYUDA A DOMICILIO;2023-03-31
De 66 a 70;2,39678830367308e-04;5,66341751352041e-04;5,29847945842902e-01;0,108762238900887556;7. INTENSIDAD DE LA AYUDA A DOMICILIO;2023-03-31
71 o más;3,96968062795854e-04;1,45972592249892e-03;3,40883505201063e-02;0,007702020589925008;7. INTENSIDAD DE LA AYUDA A DOMICILIO;2023-03-31
Menos de 5;5,37570182773862e-04;0,00000000000000e+00;8,59401856308010e-05;0,000301343356964997;7. INTENSIDAD DE LA AYUDA A DOMICILIO NA NA NA NA NA NA NA NA NA NA NA NA NA NA NA NA;2023-03-31
De 5 a 10;2,00991518337116e-02;1,11538676035915e-04;0,00000000000000e+00;0,010705619260598565;7. INTENSIDAD DE LA AYUDA A DOMICILIO NA NA NA NA NA NA NA NA NA NA NA NA NA NA NA NA;2023-03-31
De 11 a 15;9,55083024728228e-02;5,57693380179577e-04;2,57820556892403e-04;0,050927027327084422;7. INTENSIDAD DE LA AYUDA A DOMICILIO NA NA NA NA NA NA NA NA NA NA NA NA NA NA NA NA;2023-03-31
De 16 a 20;7,45460518456576e-01;9,20194077296302e-03;6,87521485046408e-04;0,398629680734643332;7. INTENSIDAD DE LA AYUDA A DOMICILIO NA NA NA NA NA NA NA NA NA NA NA NA NA NA NA NA;2023-03-31
De 21 a 30;1,23641142037988e-01;8,82270927444091e-02;5,75799243726366e-03;0,091814562814229755;7. INTENSIDAD DE LA AYUDA A DOMICILIO NA NA NA NA NA NA NA NA NA NA NA NA NA NA NA NA;2023-03-31
De 31 a 45;1,70230557878390e-03;7,65266856282416e-01;1,31488484015125e-02;0,220963981538754350;7. INTENSIDAD DE LA AYUDA A DOMICILIO NA NA NA NA NA NA NA NA NA NA NA NA NA NA NA NA;2023-03-31
De 46 a 55;2,98650101541035e-04;1,02504043277006e-01;4,47748367136473e-02;0,037572758560530363;7. INTENSIDAD DE LA AYUDA A DOMICILIO NA NA NA NA NA NA NA NA NA NA NA NA NA NA NA NA;2023-03-31
De 56 a 65;3,31501612710548e-03;1,67308014053873e-03;1,88037126160192e-01;0,036938351493235634;7. INTENSIDAD DE LA AYUDA A DOMICILIO NA NA NA NA NA NA NA NA NA NA NA NA NA NA NA NA;2023-03-31
De 66 a 70;0,00000000000000e+00;2,78846690089789e-04;6,12495702990718e-01;0,113114780098650280;7. INTENSIDAD DE LA AYUDA A DOMICILIO NA NA NA NA NA NA NA NA NA NA NA NA NA NA NA NA;2023-03-31
71 o más;9,43734320869669e-03;3,21789080363616e-02;1,34754211069096e-01;0,039031894815308242;7. INTENSIDAD DE LA AYUDA A DOMICILIO NA NA NA NA NA NA NA NA NA NA NA NA NA NA NA NA;2023-03-31
Menos de 5;2,60454088231068e-03;1,54907857735973e-03;9,19869174161897e-04;0,001875969830081910;7. INTENSIDAD DE LA AYUDA A DOMICILIO NA NA NA NA NA NA NA NA NA NA NA NA NA NA NA NA;2023-03-31
De 5 a 10;3,52744647219428e-01;1,37393500847807e-02;5,18704006541292e-03;0,157717853108216954;7. INTENSIDAD DE LA AYUDA A DOMICILIO NA NA NA NA NA NA NA NA NA NA NA NA NA NA NA NA;2023-03-31
De 11 a 15;9,78708626718398e-02;4,79935245724334e-02;1,26737530662306e-02;0,062316166536712653;7. INTENSIDAD DE LA AYUDA A DOMICILIO NA NA NA NA NA NA NA NA NA NA NA NA NA NA NA NA;2023-03-31
De 16 a 20;4,73529482205298e-01;1,20856040359777e-02;2,24984668847097e-02;0,212506980203242907;7. INTENSIDAD DE LA AYUDA A DOMICILIO NA NA NA NA NA NA NA NA NA NA NA NA NA NA NA NA;2023-03-31
De 21 a 30;6,57841164918331e-02;1,74997034421642e-01;1,29599345870809e-01;0,118914356444561123;7. INTENSIDAD DE LA AYUDA A DOMICILIO NA NA NA NA NA NA NA NA NA NA NA NA NA NA NA NA;2023-03-31
De 31 a 45;3,35895962063515e-03;7,00609164683800e-01;2,21918438266558e-02;0,264290438215229573;7. INTENSIDAD DE LA AYUDA A DOMICILIO NA NA NA NA NA NA NA NA NA NA NA NA NA NA NA NA;2023-03-31
De 46 a 55;5,74795229199598e-04;4,21600574973310e-02;1,11559689288635e-01;0,038265667178762681;7. INTENSIDAD DE LA AYUDA A DOMICILIO NA NA NA NA NA NA NA NA NA NA NA NA NA NA NA NA;2023-03-31
De 56 a 65;1,01187910140346e-03;9,35029411559476e-04;1,04098528209321e-01;0,021747353956134731;7. INTENSIDAD DE LA AYUDA A DOMICILIO NA NA NA NA NA NA NA NA NA NA NA NA NA NA NA NA;2023-03-31
De 66 a 70;1,91598409733199e-04;5,30315188645673e-04;5,42032910874898e-01;0,109454733542803759;7. INTENSIDAD DE LA AYUDA A DOMICILIO NA NA NA NA NA NA NA NA NA NA NA NA NA NA NA NA;2023-03-31
71 o más;2,32911816831920e-03;5,40084152647040e-03;4,92385527391660e-02;0,012910480984253693;7. INTENSIDAD DE LA AYUDA A DOMICILIO NA NA NA NA NA NA NA NA NA NA NA NA NA NA NA NA;2023-03-31
Menos de 5;3,05914848750353e-03;1,83285330032611e-03;1,11851818710572e-03;0,002190600554057187;7. INTENSIDAD DE LA AYUDA A DOMICILIO;2023-04-30
De 5 a 10;4,39811996020137e-01;1,58609253132116e-02;5,95051675540244e-03;0,188034683491780680;7. INTENSIDAD DE LA AYUDA A DOMICILIO;2023-04-30
De 11 a 15;9,76180222456526e-02;5,49776645799116e-02;1,51223658896694e-02;0,064345077555802349;7. INTENSIDAD DE LA AYUDA A DOMICILIO;2023-04-30
De 16 a 20;4,00763302098338e-01;1,30838748581721e-02;2,66207328531162e-02;0,175150413102110047;7. INTENSIDAD DE LA AYUDA A DOMICILIO;2023-04-30
De 21 a 30;5,33791710598613e-02;1,86705069307245e-01;1,52536053569564e-01;0,124931353046704316;7. INTENSIDAD DE LA AYUDA A DOMICILIO;2023-04-30
De 31 a 45;3,71998396174579e-03;6,90033562638357e-01;2,51741159977928e-02;0,272012789690142920;7. INTENSIDAD DE LA AYUDA A DOMICILIO;2023-04-30
De 46 a 55;5,86584297361113e-04;3,47607372672237e-02;1,22306235366054e-01;0,038628403363395611;7. INTENSIDAD DE LA AYUDA A DOMICILIO;2023-04-30
De 56 a 65;4,00956355158229e-04;8,09311846897241e-04;9,04508373972827e-02;0,018980119842325578;7. INTENSIDAD DE LA AYUDA A DOMICILIO;2023-04-30
De 66 a 70;2,59879119084037e-04;5,39541231264827e-04;5,26136041638704e-01;0,107949622289208083;7. INTENSIDAD DE LA AYUDA A DOMICILIO;2023-04-30
71 o más;4,00956355158229e-04;1,39645965739132e-03;3,45845823453089e-02;0,007776937064473220;7. INTENSIDAD DE LA AYUDA A DOMICILIO;2023-04-30
Menos de 5;5,04286434694907e-04;0,00000000000000e+00;8,49762066621346e-05;0,000283375314861461;7. INTENSIDAD DE LA AYUDA A DOMICILIO NA NA NA NA NA NA NA NA NA NA NA NA NA NA NA NA;2023-04-30
De 5 a 10;1,99934739402569e-02;5,54292999279419e-05;0,00000000000000e+00;0,010626574307304786;7. INTENSIDAD DE LA AYUDA A DOMICILIO NA NA NA NA NA NA NA NA NA NA NA NA NA NA NA NA;2023-04-30
De 11 a 15;9,32336626027113e-02;5,54292999279419e-04;2,54928619986404e-04;0,049685138539042821;7. INTENSIDAD DE LA AYUDA A DOMICILIO NA NA NA NA NA NA NA NA NA NA NA NA NA NA NA NA;2023-04-30
De 16 a 20;7,36525169825873e-01;9,25669308796630e-03;8,49762066621346e-04;0,393671284634760699;7. INTENSIDAD DE LA AYUDA A DOMICILIO NA NA NA NA NA NA NA NA NA NA NA NA NA NA NA NA;2023-04-30
De 21 a 30;1,34525822431847e-01;8,35873842913364e-02;5,35350101971448e-03;0,096127204030226704;7. INTENSIDAD DE LA AYUDA A DOMICILIO NA NA NA NA NA NA NA NA NA NA NA NA NA NA NA NA;2023-04-30
De 31 a 45;1,77983447539379e-03;7,62042015409345e-01;1,30863358259687e-02;0,219804785894206572;7. INTENSIDAD DE LA AYUDA A DOMICILIO NA NA NA NA NA NA NA NA NA NA NA NA NA NA NA NA;2023-04-30
De 46 a 55;2,66975171309068e-04;1,10692311956100e-01;4,22331747110809e-02;0,039404911838790933;7. INTENSIDAD DE LA AYUDA A DOMICILIO NA NA NA NA NA NA NA NA NA NA NA NA NA NA NA NA;2023-04-30
De 56 a 65;3,55966895078758e-03;1,66287899783826e-03;1,88137321549966e-01;0,037216624685138540;7. INTENSIDAD DE LA AYUDA A DOMICILIO NA NA NA NA NA NA NA NA NA NA NA NA NA NA NA NA;2023-04-30
De 66 a 70;0,00000000000000e+00;2,77146499639710e-04;6,13613188307274e-01;0,113759445843828716;7. INTENSIDAD DE LA AYUDA A DOMICILIO NA NA NA NA NA NA NA NA NA NA NA NA NA NA NA NA;2023-04-30
71 o más;9,61110616712646e-03;3,18718474585666e-02;1,36386811692726e-01;0,039420654911838791;7. INTENSIDAD DE LA AYUDA A DOMICILIO NA NA NA NA NA NA NA NA NA NA NA NA NA NA NA NA;2023-04-30
Menos de 5;2,54735467015023e-03;1,60318694131364e-03;9,64026586838500e-04;0,001880746370108398;7. INTENSIDAD DE LA AYUDA A DOMICILIO NA NA NA NA NA NA NA NA NA NA NA NA NA NA NA NA;2023-04-30
De 5 a 10;3,55721156700908e-01;1,38804064182999e-02;5,06113958090213e-03;0,159214379532573197;7. INTENSIDAD DE LA AYUDA A DOMICILIO NA NA NA NA NA NA NA NA NA NA NA NA NA NA NA NA;2023-04-30
De 11 a 15;9,67282227896206e-02;4,81580700682916e-02;1,29001978791415e-02;0,061957305013109011;7. INTENSIDAD DE LA AYUDA A DOMICILIO NA NA NA NA NA NA NA NA NA NA NA NA NA NA NA NA;2023-04-30
De 16 a 20;4,67923519980999e-01;1,26034090278163e-02;2,27687858338830e-02;0,210597596937654286;7. INTENSIDAD DE LA AYUDA A DOMICILIO NA NA NA NA NA NA NA NA NA NA NA NA NA NA NA NA;2023-04-30
De 21 a 30;6,96158185380916e-02;1,73775748153906e-01;1,30536810594145e-01;0,120239999591142080;7. INTENSIDAD DE LA AYUDA A DOMICILIO NA NA NA NA NA NA NA NA NA NA NA NA NA NA NA NA;2023-04-30
De 31 a 45;3,33115610711953e-03;6,98982566209539e-01;2,33649601704805e-02;0,263503810044616593;7. INTENSIDAD DE LA AYUDA A DOMICILIO NA NA NA NA NA NA NA NA NA NA NA NA NA NA NA NA;2023-04-30
De 46 a 55;5,22534291312867e-04;4,42646160679585e-02;1,10330305951596e-01;0,038749508092831189;7. INTENSIDAD DE LA AYUDA A DOMICILIO NA NA NA NA NA NA NA NA NA NA NA NA NA NA NA NA;2023-04-30
De 56 a 65;1,03319280327772e-03;9,16106823607795e-04;1,05015475163631e-01;0,021937782048071470;7. INTENSIDAD DE LA AYUDA A DOMICILIO NA NA NA NA NA NA NA NA NA NA NA NA NA NA NA NA;2023-04-30
De 66 a 70;2,07826138590345e-04;5,06634834267947e-04;5,39093815008372e-01;0,108878860513014458;7. INTENSIDAD DE LA AYUDA A DOMICILIO NA NA NA NA NA NA NA NA NA NA NA NA NA NA NA NA;2023-04-30
71 o más;2,36921797992993e-03;5,30925545499972e-03;4,99644832310112e-02;0,013040011856879290;7. INTENSIDAD DE LA AYUDA A DOMICILIO NA NA NA NA NA NA NA NA NA NA NA NA NA NA NA NA;2023-04-30
Menos de 5;3,07004272968126e-03;1,81536907242533e-03;1,03869895536562e-03;0,002172389415973130;7. INTENSIDAD DE LA AYUDA A DOMICILIO;2023-05-31
De 5 a 10;4,38816852763407e-01;1,60620698364589e-02;6,20251661918329e-03;0,187851003213073159;7. INTENSIDAD DE LA AYUDA A DOMICILIO;2023-05-31
De 11 a 15;9,72450794447355e-02;5,57712950685105e-02;1,50611348528015e-02;0,064498120397705028;7. INTENSIDAD DE LA AYUDA A DOMICILIO;2023-05-31
De 16 a 20;4,01467126189088e-01;1,24076529645766e-02;2,64274691358025e-02;0,175226265280301940;7. INTENSIDAD DE LA AYUDA A DOMICILIO;2023-05-31
De 21 a 30;5,41390227522638e-02;1,85917471743386e-01;1,53682929724596e-01;0,125149048366005128;7. INTENSIDAD DE LA AYUDA A DOMICILIO;2023-05-31
De 31 a 45;3,65305565190439e-03;6,90448001515439e-01;2,47952279202279e-02;0,271982548067149887;7. INTENSIDAD DE LA AYUDA A DOMICILIO;2023-05-31
De 46 a 55;5,75633011815237e-04;3,48945507356191e-02;1,21794871794872e-01;0,038553844006662806;7. INTENSIDAD DE LA AYUDA A DOMICILIO;2023-05-31
De 56 a 65;3,91135251618045e-04;7,81397992043948e-04;9,15390550807217e-02;0,019178314941852175;7. INTENSIDAD DE LA AYUDA A DOMICILIO;2023-05-31
De 66 a 70;2,58296864276068e-04;5,28824903706510e-04;5,25240384615385e-01;0,107706217706187365;7. INTENSIDAD DE LA AYUDA A DOMICILIO;2023-05-31
71 o más;3,83755341210158e-04;1,37336616783482e-03;3,42177113010446e-02;0,007682248605089338;7. INTENSIDAD DE LA AYUDA A DOMICILIO;2023-05-31
Menos de 5;5,54178212046084e-04;0,00000000000000e+00;0,00000000000000e+00;0,000294651303444319;7. INTENSIDAD DE LA AYUDA A DOMICILIO NA NA NA NA NA NA NA NA NA NA NA NA NA NA NA NA;2023-05-31
De 5 a 10;2,02420883768412e-02;5,46448087431694e-05;8,40477391158178e-05;0,010793542484065569;7. INTENSIDAD DE LA AYUDA A DOMICILIO NA NA NA NA NA NA NA NA NA NA NA NA NA NA NA NA;2023-05-31
De 11 a 15;9,28977687035146e-02;6,01092896174863e-04;2,52143217347453e-04;0,049609974722019758;7. INTENSIDAD DE LA AYUDA A DOMICILIO NA NA NA NA NA NA NA NA NA NA NA NA NA NA NA NA;2023-05-31
De 16 a 20;7,28511010646055e-01;9,56284153005464e-03;7,56429652042360e-04;0,390195865576973777;7. INTENSIDAD DE LA AYUDA A DOMICILIO NA NA NA NA NA NA NA NA NA NA NA NA NA NA NA NA;2023-05-31
De 21 a 30;1,41898789558116e-01;8,25136612021858e-02;5,63119852075979e-03;0,099902299830963201;7. INTENSIDAD DE LA AYUDA A DOMICILIO NA NA NA NA NA NA NA NA NA NA NA NA NA NA NA NA;2023-05-31
De 31 a 45;1,89587283068397e-03;7,56939890710382e-01;1,29433518238359e-02;0,218212552145526734;7. INTENSIDAD DE LA AYUDA A DOMICILIO NA NA NA NA NA NA NA NA NA NA NA NA NA NA NA NA;2023-05-31
De 46 a 55;2,62505468863935e-04;1,16393442622951e-01;4,13514876449824e-02;0,040801451545368544;7. INTENSIDAD DE LA AYUDA A DOMICILIO NA NA NA NA NA NA NA NA NA NA NA NA NA NA NA NA;2023-05-31
De 56 a 65;3,73341111273152e-03;1,74863387978142e-03;1,86585980837115e-01;0,036908952747235706;7. INTENSIDAD DE LA AYUDA A DOMICILIO NA NA NA NA NA NA NA NA NA NA NA NA NA NA NA NA;2023-05-31
De 66 a 70;2,91672743182150e-05;2,73224043715847e-04;6,09430156328795e-01;0,112541289952390558;7. INTENSIDAD DE LA AYUDA A DOMICILIO NA NA NA NA NA NA NA NA NA NA NA NA NA NA NA NA;2023-05-31
71 o más;9,97520781682952e-03;3,19125683060109e-02;1,42965204236006e-01;0,040739419692011850;7. INTENSIDAD DE LA AYUDA A DOMICILIO NA NA NA NA NA NA NA NA NA NA NA NA NA NA NA NA;2023-05-31
Menos de 5;2,56170167658958e-03;1,58608657274276e-03;8,82679309996974e-04;0,001864895312135267;7. INTENSIDAD DE LA AYUDA A DOMICILIO NA NA NA NA NA NA NA NA NA NA NA NA NA NA NA NA;2023-05-31
De 5 a 10;3,54250952540796e-01;1,40403141830620e-02;5,28346615555331e-03;0,158858633323522541;7. INTENSIDAD DE LA AYUDA A DOMICILIO NA NA NA NA NA NA NA NA NA NA NA NA NA NA NA NA;2023-05-31
De 11 a 15;9,63553168559970e-02;4,88031942404369e-02;1,28366791082417e-02;0,062054074352234319;7. INTENSIDAD DE LA AYUDA A DOMICILIO NA NA NA NA NA NA NA NA NA NA NA NA NA NA NA NA;2023-05-31
De 16 a 20;4,67448721799198e-01;1,20473619242678e-02;2,25713709270655e-02;0,210375414844059194;7. INTENSIDAD DE LA AYUDA A DOMICILIO NA NA NA NA NA NA NA NA NA NA NA NA NA NA NA NA;2023-05-31
De 21 a 30;7,18513153013091e-02;1,72848956286075e-01;1,31443558962978e-01;0,121002527123443379;7. INTENSIDAD DE LA AYUDA A DOMICILIO NA NA NA NA NA NA NA NA NA NA NA NA NA NA NA NA;2023-05-31
De 31 a 45;3,29782284802337e-03;6,98767679693265e-01;2,30127105820640e-02;0,263150683541220509;7. INTENSIDAD DE LA AYUDA A DOMICILIO NA NA NA NA NA NA NA NA NA NA NA NA NA NA NA NA;2023-05-31
De 46 a 55;5,12340335317916e-04;4,51758832088600e-02;1,09704428528195e-01;0,038916686119089425;7. INTENSIDAD DE LA AYUDA A DOMICILIO NA NA NA NA NA NA NA NA NA NA NA NA NA NA NA NA;2023-05-31
De 56 a 65;1,06590345623612e-03;9,03379743605657e-04;1,05782810450923e-01;0,022076808314134638;7. INTENSIDAD DE LA AYUDA A DOMICILIO NA NA NA NA NA NA NA NA NA NA NA NA NA NA NA NA;2023-05-31
De 66 a 70;2,12002897372931e-04;4,96514057554255e-04;5,37778674467870e-01;0,108483624443068680;7. INTENSIDAD DE LA AYUDA A DOMICILIO NA NA NA NA NA NA NA NA NA NA NA NA NA NA NA NA;2023-05-31
71 o más;2,44392228916017e-03;5,33063009013109e-03;5,07036215071119e-02;0,013216652627091980;7. INTENSIDAD DE LA AYUDA A DOMICILIO NA NA NA NA NA NA NA NA NA NA NA NA NA NA NA NA;2023-05-31
Menos de 5;3,10581701256942e-03;1,84268922850131e-03;1,17898459951367e-03;0,002227399420876150;7. INTENSIDAD DE LA AYUDA A DOMICILIO;2023-06-30
De 5 a 10;4,37204033908214e-01;1,63176012106860e-02;6,27809299241029e-03;0,187625291217424273;7. INTENSIDAD DE LA AYUDA A DOMICILIO;2023-06-30
De 11 a 15;9,88599824612686e-02;5,63235605460633e-02;1,45309851890060e-02;0,065307953019932211;7. INTENSIDAD DE LA AYUDA A DOMICILIO;2023-06-30
De 16 a 20;4,00204618532593e-01;1,13541021398719e-02;2,55250165794709e-02;0,174411394653037399;7. INTENSIDAD DE LA AYUDA A DOMICILIO;2023-06-30
De 21 a 30;5,49693072201111e-02;1,85852851463566e-01;1,54432245228797e-01;0,125525997363240688;7. INTENSIDAD DE LA AYUDA A DOMICILIO;2023-06-30
De 31 a 45;3,93890675241158e-03;6,90287067458108e-01;2,40807604450667e-02;0,271519989404802764;7. INTENSIDAD DE LA AYUDA A DOMICILIO;2023-06-30
De 46 a 55;5,99239988307512e-04;3,52228085720335e-02;1,21140667600029e-01;0,038509929987418201;7. INTENSIDAD DE LA AYUDA A DOMICILIO;2023-06-30
De 56 a 65;4,75007307804736e-04;8,54694152794223e-04;9,22260702969567e-02;0,019360314966318109;7. INTENSIDAD DE LA AYUDA A DOMICILIO;2023-06-30
De 66 a 70;2,70388775211926e-04;5,41044922411022e-04;5,25945029843048e-01;0,107739911987622880;7. INTENSIDAD DE LA AYUDA A DOMICILIO;2023-06-30
71 o más;3,72698041508331e-04;1,40358030596482e-03;3,46621472257019e-02;0,007771817979327324;7. INTENSIDAD DE LA AYUDA A DOMICILIO;2023-06-30
Menos de 5;6,13765892152565e-04;0,00000000000000e+00;0,00000000000000e+00;0,000324710466500704;7. INTENSIDAD DE LA AYUDA A DOMICILIO NA NA NA NA NA NA NA NA NA NA NA NA NA NA NA NA;2023-06-30
De 5 a 10;2,11310828583954e-02;5,44158458943244e-05;8,27746047512623e-05;0,011210242295857622;7. INTENSIDAD DE LA AYUDA A DOMICILIO NA NA NA NA NA NA NA NA NA NA NA NA NA NA NA NA;2023-06-30
De 11 a 15;9,44030396025135e-02;5,98574304837569e-04;2,48323814253787e-04;0,050160035872775344;7. INTENSIDAD DE LA AYUDA A DOMICILIO NA NA NA NA NA NA NA NA NA NA NA NA NA NA NA NA;2023-06-30
De 16 a 20;7,28014028934678e-01;9,46835718561245e-03;8,27746047512623e-04;0,387998082662007304;7. INTENSIDAD DE LA AYUDA A DOMICILIO NA NA NA NA NA NA NA NA NA NA NA NA NA NA NA NA;2023-06-30
De 21 a 30;1,40113985094257e-01;8,39636502149426e-02;5,87699693733962e-03;0,099083079492214690;7. INTENSIDAD DE LA AYUDA A DOMICILIO NA NA NA NA NA NA NA NA NA NA NA NA NA NA NA NA;2023-06-30
De 31 a 45;1,84129767645769e-03;7,57577406540785e-01;1,25817399221919e-02;0,218591993567640280;7. INTENSIDAD DE LA AYUDA A DOMICILIO NA NA NA NA NA NA NA NA NA NA NA NA NA NA NA NA;2023-06-30
De 46 a 55;2,63042525208242e-04;1,14708603145236e-01;3,99801340948597e-02;0,040202248233420439;7. INTENSIDAD DE LA AYUDA A DOMICILIO NA NA NA NA NA NA NA NA NA NA NA NA NA NA NA NA;2023-06-30
De 56 a 65;3,59491451117931e-03;1,68689122272406e-03;1,81441933614767e-01;0,036274797829078595;7. INTENSIDAD DE LA AYUDA A DOMICILIO NA NA NA NA NA NA NA NA NA NA NA NA NA NA NA NA;2023-06-30
De 66 a 70;2,92269472453602e-05;2,72079229471622e-04;6,13277046602102e-01;0,114653719481081759;7. INTENSIDAD DE LA AYUDA A DOMICILIO NA NA NA NA NA NA NA NA NA NA NA NA NA NA NA NA;2023-06-30
71 o más;9,99561595791320e-03;3,16700223104968e-02;1,45683304362222e-01;0,041501090099423245;7. INTENSIDAD DE LA AYUDA A DOMICILIO NA NA NA NA NA NA NA NA NA NA NA NA NA NA NA NA;2023-06-30
Menos de 5;2,60701321627104e-03;1,61043838188634e-03;1,00060036021613e-03;0,001917108365746992;7. INTENSIDAD DE LA AYUDA A DOMICILIO NA NA NA NA NA NA NA NA NA NA NA NA NA NA NA NA;2023-06-30
De 5 a 10;3,53934193374913e-01;1,42677987705845e-02;5,34070442265359e-03;0,158857997944335833;7. INTENSIDAD DE LA AYUDA A DOMICILIO NA NA NA NA NA NA NA NA NA NA NA NA NA NA NA NA;2023-06-30
De 11 a 15;9,79558912068834e-02;4,92999732735758e-02;1,23699219531719e-02;0,062831274310244059;7. INTENSIDAD DE LA AYUDA A DOMICILIO NA NA NA NA NA NA NA NA NA NA NA NA NA NA NA NA;2023-06-30
De 16 a 20;4,65714269013368e-01;1,11154512996580e-02;2,17880728437062e-02;0,209186501138676734;7. INTENSIDAD DE LA AYUDA A DOMICILIO NA NA NA NA NA NA NA NA NA NA NA NA NA NA NA NA;2023-06-30
De 21 a 30;7,19909748242020e-02;1,73002199790300e-01;1,31954172503502e-01;0,121201052016364705;7. INTENSIDAD DE LA AYUDA A DOMICILIO NA NA NA NA NA NA NA NA NA NA NA NA NA NA NA NA;2023-06-30
De 31 a 45;3,51888330985463e-03;6,98690405213709e-01;2,23384030418251e-02;0,262860496987041281;7. INTENSIDAD DE LA AYUDA A DOMICILIO NA NA NA NA NA NA NA NA NA NA NA NA NA NA NA NA;2023-06-30
De 46 a 55;5,31924221257095e-04;4,52293332785099e-02;1,08852811687012e-01;0,038780507466897762;7. INTENSIDAD DE LA AYUDA A DOMICILIO NA NA NA NA NA NA NA NA NA NA NA NA NA NA NA NA;2023-06-30
De 56 a 65;1,09892036919048e-03;9,59410099847180e-04;1,05688413047829e-01;0,022113504907394343;7. INTENSIDAD DE LA AYUDA A DOMICILIO NA NA NA NA NA NA NA NA NA NA NA NA NA NA NA NA;2023-06-30
De 66 a 70;2,22122202283182e-04;5,07116767062081e-04;5,39035921552932e-01;0,108851951873274344;7. INTENSIDAD DE LA AYUDA A DOMICILIO NA NA NA NA NA NA NA NA NA NA NA NA NA NA NA NA;2023-06-30
71 o más;2,42580826177686e-03;5,31787312486722e-03;5,16309785871523e-02;0,013399604990023982;7. INTENSIDAD DE LA AYUDA A DOMICILIO NA NA NA NA NA NA NA NA NA NA NA NA NA NA NA NA;2023-06-30
Menos de 5;3,14304883028995e-03;1,81343505244892e-03;1,21161972871539e-03;0,002238985394001322;7. INTENSIDAD DE LA AYUDA A DOMICILIO;2023-07-31
De 5 a 10;4,37831806779068e-01;1,63365485328372e-02;6,27973639882975e-03;0,187996634008535196;7. INTENSIDAD DE LA AYUDA A DOMICILIO;2023-07-31
De 11 a 15;9,84335803045330e-02;5,55051823596542e-02;1,30766275599161e-02;0,064566929133858267;7. INTENSIDAD DE LA AYUDA A DOMICILIO;2023-07-31
De 16 a 20;4,00122513272271e-01;1,09665921490769e-02;2,50893938946186e-02;0,174217106449480075;7. INTENSIDAD DE LA AYUDA A DOMICILIO;2023-07-31
De 21 a 30;5,48246893413453e-02;1,84665530664249e-01;1,52841396022341e-01;0,124682935625413244;7. INTENSIDAD DE LA AYUDA A DOMICILIO;2023-07-31
De 31 a 45;3,92334169535033e-03;6,92435161880345e-01;2,26513785868377e-02;0,272455971629500526;7. INTENSIDAD DE LA AYUDA A DOMICILIO;2023-07-31
De 46 a 55;6,05273904673006e-04;3,55026810699267e-02;1,20408404503679e-01;0,038390334795936766;7. INTENSIDAD DE LA AYUDA A DOMICILIO;2023-07-31
De 56 a 65;4,81302141065282e-04;8,36368752638079e-04;9,28662194509294e-02;0,019408547214040991;7. INTENSIDAD DE LA AYUDA A DOMICILIO;2023-07-31
De 66 a 70;2,69820897263870e-04;5,54973658292557e-04;5,30142734714383e-01;0,108153513253591405;7. INTENSIDAD DE LA AYUDA A DOMICILIO;2023-07-31
71 o más;3,64622834140365e-04;1,38352588053215e-03;3,54324891397500e-02;0,007889042495642243;7. INTENSIDAD DE LA AYUDA A DOMICILIO;2023-07-31
Menos de 5;6,47382514786805e-04;0,00000000000000e+00;0,00000000000000e+00;0,000342978298827638;7. INTENSIDAD DE LA AYUDA A DOMICILIO NA NA NA NA NA NA NA NA NA NA NA NA NA NA NA NA;2023-07-31
De 5 a 10;2,16873142453580e-02;1,64581961816985e-04;8,38012234978631e-05;0,011552132701421801;7. INTENSIDAD DE LA AYUDA A DOMICILIO NA NA NA NA NA NA NA NA NA NA NA NA NA NA NA NA;2023-07-31
De 11 a 15;9,63128623135097e-02;6,03467193328944e-04;2,51403670493589e-04;0,051244075829383888;7. INTENSIDAD DE LA AYUDA A DOMICILIO NA NA NA NA NA NA NA NA NA NA NA NA NA NA NA NA;2023-07-31
De 16 a 20;7,16358179089545e-01;9,49089313144613e-03;7,54211011480767e-04;0,382358443502120227;7. INTENSIDAD DE LA AYUDA A DOMICILIO NA NA NA NA NA NA NA NA NA NA NA NA NA NA NA NA;2023-07-31
De 21 a 30;1,48691993055351e-01;8,62958086460391e-02;6,53649543283332e-03;0,104514841606385633;7. INTENSIDAD DE LA AYUDA A DOMICILIO NA NA NA NA NA NA NA NA NA NA NA NA NA NA NA NA;2023-07-31
De 31 a 45;1,94214754436042e-03;7,46653500109721e-01;1,35757982066538e-02;0,215733349962584198;7. INTENSIDAD DE LA AYUDA A DOMICILIO NA NA NA NA NA NA NA NA NA NA NA NA NA NA NA NA;2023-07-31
De 46 a 55;2,64838301503693e-04;1,22942725477288e-01;3,93865750439956e-02;0,042404589673235224;7. INTENSIDAD DE LA AYUDA A DOMICILIO NA NA NA NA NA NA NA NA NA NA NA NA NA NA NA NA;2023-07-31
De 56 a 65;3,85486861077598e-03;1,70068027210884e-03;1,72379116735104e-01;0,034594038413569471;7. INTENSIDAD DE LA AYUDA A DOMICILIO NA NA NA NA NA NA NA NA NA NA NA NA NA NA NA NA;2023-07-31
De 66 a 70;2,94264779448548e-05;2,74303269694975e-04;6,14430570686332e-01;0,114398852581691204;7. INTENSIDAD DE LA AYUDA A DOMICILIO NA NA NA NA NA NA NA NA NA NA NA NA NA NA NA NA;2023-07-31
71 o más;1,02109878468646e-02;3,18740399385561e-02;1,52602027989609e-01;0,042856697430780744;7. INTENSIDAD DE LA AYUDA A DOMICILIO NA NA NA NA NA NA NA NA NA NA NA NA NA NA NA NA;2023-07-31
Menos de 5;2,64707944744408e-03;1,58710613088153e-03;1,02980144925716e-03;0,001932296560915208;7. INTENSIDAD DE LA AYUDA A DOMICILIO NA NA NA NA NA NA NA NA NA NA NA NA NA NA NA NA;2023-07-31
De 5 a 10;3,55141060701681e-01;1,43181600514441e-02;5,34994411443355e-03;0,159458553876307835;7. INTENSIDAD DE LA AYUDA A DOMICILIO NA NA NA NA NA NA NA NA NA NA NA NA NA NA NA NA;2023-07-31
De 11 a 15;9,80003739803193e-02;4,86530120811613e-02;1,11519961821995e-02;0,062405369113990382;7. INTENSIDAD DE LA AYUDA A DOMICILIO NA NA NA NA NA NA NA NA NA NA NA NA NA NA NA NA;2023-07-31
De 16 a 20;4,62870766425917e-01;1,07813761304711e-02;2,14374521205119e-02;0,207828950186049688;7. INTENSIDAD DE LA AYUDA A DOMICILIO NA NA NA NA NA NA NA NA NA NA NA NA NA NA NA NA;2023-07-31
De 21 a 30;7,34579155271954e-02;1,72378880542900e-01;1,30885252489733e-01;0,121407175445977566;7. INTENSIDAD DE LA AYUDA A DOMICILIO NA NA NA NA NA NA NA NA NA NA NA NA NA NA NA NA;2023-07-31
De 31 a 45;3,52943926325877e-03;6,99120250653313e-01;2,12867494694011e-02;0,263253362624295550;7. INTENSIDAD DE LA AYUDA A DOMICILIO NA NA NA NA NA NA NA NA NA NA NA NA NA NA NA NA;2023-07-31
De 46 a 55;5,37596708973190e-04;4,64023314041785e-02;1,08242179160335e-01;0,039033902105371887;7. INTENSIDAD DE LA AYUDA A DOMICILIO NA NA NA NA NA NA NA NA NA NA NA NA NA NA NA NA;2023-07-31
De 56 a 65;1,15115817030129e-03;9,44054508886426e-04;1,04763459630527e-01;0,021859892123939063;7. INTENSIDAD DE LA AYUDA A DOMICILIO NA NA NA NA NA NA NA NA NA NA NA NA NA NA NA NA;2023-07-31
De 66 a 70;2,22050814575883e-04;5,19914077357742e-04;5,42667688095746e-01;0,109148303131227378;7. INTENSIDAD DE LA AYUDA A DOMICILIO NA NA NA NA NA NA NA NA NA NA NA NA NA NA NA NA;2023-07-31
71 o más;2,44255896033471e-03;5,29491441940648e-03;5,31854772878546e-02;0,013672194831925470;7. INTENSIDAD DE LA AYUDA A DOMICILIO NA NA NA NA NA NA NA NA NA NA NA NA NA NA NA NA;2023-07-31
Menos de 5;3,14966384098217e-03;1,73938588082501e-03;1,23208047659772e-03;0,002210719453436162;7. INTENSIDAD DE LA AYUDA A DOMICILIO;2023-08-31
De 5 a 10;4,33374744226834e-01;1,63966109032438e-02;6,21838264071084e-03;0,184533914107134878;7. INTENSIDAD DE LA AYUDA A DOMICILIO;2023-08-31
De 11 a 15;9,93422975738088e-02;5,60855314017131e-02;1,34224296626999e-02;0,064964124289571434;7. INTENSIDAD DE LA AYUDA A DOMICILIO;2023-08-31
De 16 a 20;4,03463899444607e-01;1,07610006493707e-02;2,48880256272739e-02;0,173990482867670104;7. INTENSIDAD DE LA AYUDA A DOMICILIO;2023-08-31
De 21 a 30;5,49693072201111e-02;1,82225795479143e-01;1,55676991984229e-01;0,124808687739606475;7. INTENSIDAD DE LA AYUDA A DOMICILIO;2023-08-31
De 31 a 45;3,99006138555978e-03;6,91819474937382e-01;2,28152314137036e-02;0,273314736637976063;7. INTENSIDAD DE LA AYUDA A DOMICILIO;2023-08-31
De 46 a 55;6,06547793042970e-04;3,64961810816661e-02;1,17511487338561e-01;0,038519026806092163;7. INTENSIDAD DE LA AYUDA A DOMICILIO;2023-08-31
De 56 a 65;4,89622917275650e-04;2,57429110362101e-03;9,13478960413979e-02;0,019994928173993468;7. INTENSIDAD DE LA AYUDA A DOMICILIO;2023-08-31
De 66 a 70;2,70388775211926e-04;5,64334085778781e-04;5,27707315659018e-01;0,108942822620343993;7. INTENSIDAD DE LA AYUDA A DOMICILIO;2023-08-31
71 o más;3,43466822566501e-04;1,33739447725656e-03;3,91801591558074e-02;0,008720557304175307;7. INTENSIDAD DE LA AYUDA A DOMICILIO;2023-08-31
Menos de 5;6,45085620455079e-04;0,00000000000000e+00;0,00000000000000e+00;0,000341827221876942;7. INTENSIDAD DE LA AYUDA A DOMICILIO NA NA NA NA NA NA NA NA NA NA NA NA NA NA NA NA;2023-08-31
De 5 a 10;2,19035890218156e-02;1,63889647637258e-04;8,36750062756255e-05;0,011668738346799254;7. INTENSIDAD DE LA AYUDA A DOMICILIO NA NA NA NA NA NA NA NA NA NA NA NA NA NA NA NA;2023-08-31
De 11 a 15;9,72906403940887e-02;6,55558590549030e-04;1,67350012551251e-04;0,051771286513362338;7. INTENSIDAD DE LA AYUDA A DOMICILIO NA NA NA NA NA NA NA NA NA NA NA NA NA NA NA NA;2023-08-31
De 16 a 20;7,09418250058644e-01;9,77874897568970e-03;7,53075056480629e-04;0,378837787445618412;7. INTENSIDAD DE LA AYUDA A DOMICILIO NA NA NA NA NA NA NA NA NA NA NA NA NA NA NA NA;2023-08-31
De 21 a 30;1,54292751583392e-01;8,56596558317400e-02;6,35930047694754e-03;0,107302672467371046;7. INTENSIDAD DE LA AYUDA A DOMICILIO NA NA NA NA NA NA NA NA NA NA NA NA NA NA NA NA;2023-08-31
De 31 a 45;2,11118930330753e-03;7,41873804971319e-01;1,32206509915488e-02;0,214574269732753287;7. INTENSIDAD DE LA AYUDA A DOMICILIO NA NA NA NA NA NA NA NA NA NA NA NA NA NA NA NA;2023-08-31
De 46 a 55;2,63898662913441e-04;1,27888555039607e-01;3,94109279558196e-02;0,043831572405220634;7. INTENSIDAD DE LA AYUDA A DOMICILIO NA NA NA NA NA NA NA NA NA NA NA NA NA NA NA NA;2023-08-31
De 56 a 65;3,89983579638752e-03;2,23982518437585e-03;1,68688812651661e-01;0,034027346177750155;7. INTENSIDAD DE LA AYUDA A DOMICILIO NA NA NA NA NA NA NA NA NA NA NA NA NA NA NA NA;2023-08-31
De 66 a 70;2,93220736570490e-05;2,73149412728763e-04;6,15513346163501e-01;0,114387818520820403;7. INTENSIDAD DE LA AYUDA A DOMICILIO NA NA NA NA NA NA NA NA NA NA NA NA NA NA NA NA;2023-08-31
71 o más;1,01454374853390e-02;3,14668123463535e-02;1,55802861685215e-01;0,043256681168427603;7. INTENSIDAD DE LA AYUDA A DOMICILIO NA NA NA NA NA NA NA NA NA NA NA NA NA NA NA NA;2023-08-31
Menos de 5;2,64966513613898e-03;1,52357478043595e-03;1,04997900041999e-03;0,001909418966060891;7. INTENSIDAD DE LA AYUDA A DOMICILIO NA NA NA NA NA NA NA NA NA NA NA NA NA NA NA NA;2023-08-31
De 5 a 10;3,51241482174714e-01;1,43825459273153e-02;5,31165847271290e-03;0,156667450788041979;7. INTENSIDAD DE LA AYUDA A DOMICILIO NA NA NA NA NA NA NA NA NA NA NA NA NA NA NA NA;2023-08-31
De 11 a 15;9,89208317491884e-02;4,92080796863467e-02;1,14633001457618e-02;0,062830644798022015;7. INTENSIDAD DE LA AYUDA A DOMICILIO NA NA NA NA NA NA NA NA NA NA NA NA NA NA NA NA;2023-08-31
De 16 a 20;4,64445939227327e-01;1,06379376891772e-02;2,13207500555871e-02;0,206960495297774272;7. INTENSIDAD DE LA AYUDA A DOMICILIO NA NA NA NA NA NA NA NA NA NA NA NA NA NA NA NA;2023-08-31
De 21 a 30;7,47755388529816e-02;1,70234088800710e-01;1,33606739629913e-01;0,121972582445357580;7. INTENSIDAD DE LA AYUDA A DOMICILIO NA NA NA NA NA NA NA NA NA NA NA NA NA NA NA NA;2023-08-31
De 31 a 45;3,61477495393794e-03;6,97939449752504e-01;2,13948662203227e-02;0,263817636724908544;7. INTENSIDAD DE LA AYUDA A DOMICILIO NA NA NA NA NA NA NA NA NA NA NA NA NA NA NA NA;2023-08-31
De 46 a 55;5,38121837803059e-04;4,78199337752829e-02;1,05961410183561e-01;0,039369566414246319;7. INTENSIDAD DE LA AYUDA A DOMICILIO NA NA NA NA NA NA NA NA NA NA NA NA NA NA NA NA;2023-08-31
De 56 a 65;1,16983008218056e-03;2,53251985725797e-03;1,02749709711688e-01;0,022252363625443569;7. INTENSIDAD DE LA AYUDA A DOMICILIO NA NA NA NA NA NA NA NA NA NA NA NA NA NA NA NA;2023-08-31
De 66 a 70;2,22267715614307e-04;5,28172590551128e-04;5,40578600192702e-01;0,109805354381153061;7. INTENSIDAD DE LA AYUDA A DOMICILIO NA NA NA NA NA NA NA NA NA NA NA NA NA NA NA NA;2023-08-31
71 o más;2,42154827011377e-03;5,19369714041942e-03;5,65629863873311e-02;0,014414486558991788;7. INTENSIDAD DE LA AYUDA A DOMICILIO NA NA NA NA NA NA NA NA NA NA NA NA NA NA NA NA;2023-08-31
Menos de 5;3,02940259890855e-03;1,82968549397664e-03;1,25530257120596e-03;0,002202368954600965;7. INTENSIDAD DE LA AYUDA A DOMICILIO;2023-09-30
De 5 a 10;4,24130858596473e-01;1,67439285961392e-02;6,34865668196116e-03;0,181228583962722761;7. INTENSIDAD DE LA AYUDA A DOMICILIO;2023-09-30
De 11 a 15;9,82236684760945e-02;5,56593402369366e-02;1,34331803884224e-02;0,064393355544752853;7. INTENSIDAD DE LA AYUDA A DOMICILIO;2023-09-30
De 16 a 20;4,12911922656018e-01;1,16315720688515e-02;2,53080541367270e-02;0,178563806452377849;7. INTENSIDAD DE LA AYUDA A DOMICILIO;2023-09-30
De 21 a 30;5,60584428290852e-02;1,79516747772473e-01;1,55469944882117e-01;0,124082593282033637;7. INTENSIDAD DE LA AYUDA A DOMICILIO;2023-09-30
De 31 a 45;3,96431392727984e-03;6,87369788663638e-01;2,28984503506190e-02;0,271353789971662651;7. INTENSIDAD DE LA AYUDA A DOMICILIO;2023-09-30
De 46 a 55;6,01532094998587e-04;3,96688115500819e-02;1,15790840619860e-01;0,039328440497504183;7. INTENSIDAD DE LA AYUDA A DOMICILIO;2023-09-30
De 56 a 65;4,71079351504917e-04;5,71200135304474e-03;9,06270741349955e-02;0,021012911869671927;7. INTENSIDAD DE LA AYUDA A DOMICILIO;2023-09-30
De 66 a 70;2,75400236264413e-04;5,99644825757052e-04;5,23100453063227e-01;0,107806404951328538;7. INTENSIDAD DE LA AYUDA A DOMICILIO;2023-09-30
71 o más;3,33379233372711e-04;1,26847943910146e-03;4,57680431708654e-02;0,010027744513344636;7. INTENSIDAD DE LA AYUDA A DOMICILIO;2023-09-30
Menos de 5;6,35911666088565e-04;0,00000000000000e+00;0,00000000000000e+00;0,000338232581022077;7. INTENSIDAD DE LA AYUDA A DOMICILIO NA NA NA NA NA NA NA NA NA NA NA NA NA NA NA NA;2023-09-30
De 5 a 10;2,22280032373685e-02;1,62048290390536e-04;8,37871805613741e-05;0,011884262960457536;7. INTENSIDAD DE LA AYUDA A DOMICILIO NA NA NA NA NA NA NA NA NA NA NA NA NA NA NA NA;2023-09-30
De 11 a 15;9,66585732454619e-02;7,56225355155836e-04;1,67574361122748e-04;0,051657339647008180;7. INTENSIDAD DE LA AYUDA A DOMICILIO NA NA NA NA NA NA NA NA NA NA NA NA NA NA NA NA;2023-09-30
De 16 a 20;7,04590126026130e-01;9,88494571382272e-03;7,54084625052367e-04;0,377713547752290824;7. INTENSIDAD DE LA AYUDA A DOMICILIO NA NA NA NA NA NA NA NA NA NA NA NA NA NA NA NA;2023-09-30
De 21 a 30;1,58775580992022e-01;8,44811753902663e-02;6,20025136154168e-03;0,109633478875837881;7. INTENSIDAD DE LA AYUDA A DOMICILIO NA NA NA NA NA NA NA NA NA NA NA NA NA NA NA NA;2023-09-30
De 31 a 45;2,45693143716037e-03;7,36347431534597e-01;1,36573104315040e-02;0,213394010208474233;7. INTENSIDAD DE LA AYUDA A DOMICILIO NA NA NA NA NA NA NA NA NA NA NA NA NA NA NA NA;2023-09-30
De 46 a 55;2,89050757312984e-04;1,33149678604224e-01;3,89610389610390e-02;0,045200172191132162;7. INTENSIDAD DE LA AYUDA A DOMICILIO NA NA NA NA NA NA NA NA NA NA NA NA NA NA NA NA;2023-09-30
De 56 a 65;4,16233090530697e-03;2,97088532382650e-03;1,69501466275660e-01;0,034161490683229816;7. INTENSIDAD DE LA AYUDA A DOMICILIO NA NA NA NA NA NA NA NA NA NA NA NA NA NA NA NA;2023-09-30
De 66 a 70;5,78101514625968e-05;2,70080483984227e-04;6,09467951403435e-01;0,111939610110079316;7. INTENSIDAD DE LA AYUDA A DOMICILIO NA NA NA NA NA NA NA NA NA NA NA NA NA NA NA NA;2023-09-30
71 o más;1,01456815816857e-02;3,19775293037325e-02;1,61206535400084e-01;0,044077854990467992;7. INTENSIDAD DE LA AYUDA A DOMICILIO NA NA NA NA NA NA NA NA NA NA NA NA NA NA NA NA;2023-09-30
Menos de 5;2,54926158320732e-03;1,60152885443583e-03;1,07070334133284e-03;0,001900800572476408;7. INTENSIDAD DE LA AYUDA A DOMICILIO NA NA NA NA NA NA NA NA NA NA NA NA NA NA NA NA;2023-09-30
De 5 a 10;3,43518792113512e-01;1,46761950904393e-02;5,42735831641130e-03;0,153835641625793246;7. INTENSIDAD DE LA AYUDA A DOMICILIO NA NA NA NA NA NA NA NA NA NA NA NA NA NA NA NA;2023-09-30
De 11 a 15;9,78974385714865e-02;4,88129844961240e-02;1,14823703156729e-02;0,062326381124180666;7. INTENSIDAD DE LA AYUDA A DOMICILIO NA NA NA NA NA NA NA NA NA NA NA NA NA NA NA NA;2023-09-30
De 16 a 20;4,71323704077080e-01;1,14125753660637e-02;2,16971263306873e-02;0,210725484642028310;7. INTENSIDAD DE LA AYUDA A DOMICILIO NA NA NA NA NA NA NA NA NA NA NA NA NA NA NA NA;2023-09-30
De 21 a 30;7,66400732333328e-02;1,67655846253230e-01;1,33517937357701e-01;0,121730747250672122;7. INTENSIDAD DE LA AYUDA A DOMICILIO NA NA NA NA NA NA NA NA NA NA NA NA NA NA NA NA;2023-09-30
De 31 a 45;3,66166663769779e-03;6,93387973729544e-01;2,15371361762353e-02;0,261950196540294500;7. INTENSIDAD DE LA AYUDA A DOMICILIO NA NA NA NA NA NA NA NA NA NA NA NA NA NA NA NA;2023-09-30
De 46 a 55;5,38821198268820e-04;5,13094853574505e-02;1,04485877792136e-01;0,040272125070192961;7. INTENSIDAD DE LA AYUDA A DOMICILIO NA NA NA NA NA NA NA NA NA NA NA NA NA NA NA NA;2023-09-30
De 56 a 65;1,21089925202348e-03;5,36983204134367e-03;1,02196787889976e-01;0,023135103438337030;7. INTENSIDAD DE LA AYUDA A DOMICILIO NA NA NA NA NA NA NA NA NA NA NA NA NA NA NA NA;2023-09-30
De 66 a 70;2,31751053018847e-04;5,58516365202412e-04;5,35696264845240e-01;0,108459929136166880;7. INTENSIDAD DE LA AYUDA A DOMICILIO NA NA NA NA NA NA NA NA NA NA NA NA NA NA NA NA;2023-09-30
71 o más;2,42759228037242e-03;5,21506244616710e-03;6,28884376346071e-02;0,015663590599857873;7. INTENSIDAD DE LA AYUDA A DOMICILIO NA NA NA NA NA NA NA NA NA NA NA NA NA NA NA NA;2023-09-30
Menos de 5;3,06806450205749e-03;1,75851734051012e-03;1,28079668431959e-03;0,002193436858027506;7. INTENSIDAD DE LA AYUDA A DOMICILIO;2023-10-31
De 5 a 10;4,20026754685705e-01;1,68282463759251e-02;6,56228413539028e-03;0,178879067922540019;7. INTENSIDAD DE LA AYUDA A DOMICILIO;2023-10-31
De 11 a 15;8,93737367862388e-02;5,60814117071381e-02;1,33116509325351e-02;0,060839011798973434;7. INTENSIDAD DE LA AYUDA A DOMICILIO;2023-10-31
De 16 a 20;4,10066450496561e-01;1,07422472322466e-02;2,50402947271471e-02;0,176268256439705645;7. INTENSIDAD DE LA AYUDA A DOMICILIO;2023-10-31
De 21 a 30;7,16487575065796e-02;1,71898892898648e-01;1,56113285747179e-01;0,127835039339778467;7. INTENSIDAD DE LA AYUDA A DOMICILIO;2023-10-31
De 31 a 45;4,17314934640048e-03;6,81532509633617e-01;2,20757540870366e-02;0,270100584324474757;7. INTENSIDAD DE LA AYUDA A DOMICILIO;2023-10-31
De 46 a 55;5,81623602285781e-04;4,90244051623953e-02;1,06939327653696e-01;0,041213524121885232;7. INTENSIDAD DE LA AYUDA A DOMICILIO;2023-10-31
De 56 a 65;4,50758291771480e-04;1,02758578506331e-02;8,79000690766751e-02;0,022242219367366631;7. INTENSIDAD DE LA AYUDA A DOMICILIO;2023-10-31
De 66 a 70;2,69000916057174e-04;5,96366750259955e-04;5,17715288970758e-01;0,106830143328222216;7. INTENSIDAD DE LA AYUDA A DOMICILIO;2023-10-31
71 o más;3,41703866342896e-04;1,26154504862683e-03;6,30612479852636e-02;0,013598716499026126;7. INTENSIDAD DE LA AYUDA A DOMICILIO;2023-10-31
Menos de 5;5,97796692191637e-04;0,00000000000000e+00;0,00000000000000e+00;0,000318239679941808;7. INTENSIDAD DE LA AYUDA A DOMICILIO NA NA NA NA NA NA NA NA NA NA NA NA NA NA NA NA;2023-10-31
De 5 a 10;2,16630134646588e-02;1,59345620651192e-04;0,00000000000000e+00;0,011577862641692430;7. INTENSIDAD DE LA AYUDA A DOMICILIO NA NA NA NA NA NA NA NA NA NA NA NA NA NA NA NA;2023-10-31
De 11 a 15;9,36548151100231e-02;6,90497689488501e-04;1,66223404255319e-04;0,050084863914651147;7. INTENSIDAD DE LA AYUDA A DOMICILIO NA NA NA NA NA NA NA NA NA NA NA NA NA NA NA NA;2023-10-31
De 16 a 20;7,04859233112243e-01;1,01981197216763e-02;8,31117021276596e-04;0,378296053827968715;7. INTENSIDAD DE LA AYUDA A DOMICILIO NA NA NA NA NA NA NA NA NA NA NA NA NA NA NA NA;2023-10-31
De 21 a 30;1,61718238492414e-01;8,24879162904339e-02;5,90093085106383e-03;0,110701945808328803;7. INTENSIDAD DE LA AYUDA A DOMICILIO NA NA NA NA NA NA NA NA NA NA NA NA NA NA NA NA;2023-10-31
De 31 a 45;3,13131600671810e-03;7,33414776650555e-01;1,41289893617021e-02;0,213493362429532652;7. INTENSIDAD DE LA AYUDA A DOMICILIO NA NA NA NA NA NA NA NA NA NA NA NA NA NA NA NA;2023-10-31
De 46 a 55;2,56198582367844e-04;1,35656238381048e-01;3,69847074468085e-02;0,045584045584045586;7. INTENSIDAD DE LA AYUDA A DOMICILIO NA NA NA NA NA NA NA NA NA NA NA NA NA NA NA NA;2023-10-31
De 56 a 65;4,18457684534146e-03;5,52398151590800e-03;1,67386968085106e-01;0,034324422622294966;7. INTENSIDAD DE LA AYUDA A DOMICILIO NA NA NA NA NA NA NA NA NA NA NA NA NA NA NA NA;2023-10-31
De 66 a 70;1,13866036607931e-04;2,65576034418654e-04;6,06216755319149e-01;0,110671637267381953;7. INTENSIDAD DE LA AYUDA A DOMICILIO NA NA NA NA NA NA NA NA NA NA NA NA NA NA NA NA;2023-10-31
71 o más;9,82094565743403e-03;3,16035480958198e-02;1,68384308510638e-01;0,044947566224161968;7. INTENSIDAD DE LA AYUDA A DOMICILIO NA NA NA NA NA NA NA NA NA NA NA NA NA NA NA NA;2023-10-31
Menos de 5;2,56518642477866e-03;1,53705300159720e-03;1,09156916133147e-03;0,001886755078391950;7. INTENSIDAD DE LA AYUDA A DOMICILIO NA NA NA NA NA NA NA NA NA NA NA NA NA NA NA NA;2023-10-31
De 5 a 10;3,38940456406307e-01;1,47289774587836e-02;5,59275884906910e-03;0,151519803500153510;7. INTENSIDAD DE LA AYUDA A DOMICILIO NA NA NA NA NA NA NA NA NA NA NA NA NA NA NA NA;2023-10-31
De 11 a 15;9,02331829736475e-02;4,91055019814618e-02;1,13694900286997e-02;0,059073756772014617;7. INTENSIDAD DE LA AYUDA A DOMICILIO NA NA NA NA NA NA NA NA NA NA NA NA NA NA NA NA;2023-10-31
De 16 a 20;4,69979212146129e-01;1,06724941023945e-02;2,14634385655064e-02;0,209254013687640517;7. INTENSIDAD DE LA AYUDA A DOMICILIO NA NA NA NA NA NA NA NA NA NA NA NA NA NA NA NA;2023-10-31
De 21 a 30;8,99610300121021e-02;1,60628721506045e-01;1,33919591826723e-01;0,125018570423999914;7. INTENSIDAD DE LA AYUDA A DOMICILIO NA NA NA NA NA NA NA NA NA NA NA NA NA NA NA NA;2023-10-31
De 31 a 45;3,96069416376660e-03;6,87978240675769e-01;2,08992567517845e-02;0,260815414937553836;7. INTENSIDAD DE LA AYUDA A DOMICILIO NA NA NA NA NA NA NA NA NA NA NA NA NA NA NA NA;2023-10-31
De 46 a 55;5,15353480373139e-04;5,99183357057412e-02;9,65977383668163e-02;0,041922113165687801;7. INTENSIDAD DE LA AYUDA A DOMICILIO NA NA NA NA NA NA NA NA NA NA NA NA NA NA NA NA;2023-10-31
De 56 a 65;1,21021210559535e-03;9,67675107092497e-03;9,96148845880246e-02;0,024213356839363355;7. INTENSIDAD DE LA AYUDA A DOMICILIO NA NA NA NA NA NA NA NA NA NA NA NA NA NA NA NA;2023-10-31
De 66 a 70;2,37410030284255e-04;5,54675648402467e-04;5,30686584737656e-01;0,107443521150474924;7. INTENSIDAD DE LA AYUDA A DOMICILIO NA NA NA NA NA NA NA NA NA NA NA NA NA NA NA NA;2023-10-31
71 o más;2,39726225701662e-03;5,19924884888096e-03;7,87646871243898e-02;0,018852694444719563;7. INTENSIDAD DE LA AYUDA A DOMICILIO NA NA NA NA NA NA NA NA NA NA NA NA NA NA NA NA;2023-10-31
Menos de 5;3,03266110557588e-03;1,73746784925759e-03;1,17151225087506e-03;0,002145600193339797;7. INTENSIDAD DE LA AYUDA A DOMICILIO;2023-11-30
De 5 a 10;4,12347366966539e-01;1,70636034627962e-02;6,51475105364669e-03;0,175078617974117223;7. INTENSIDAD DE LA AYUDA A DOMICILIO;2023-11-30
De 11 a 15;8,79398994931020e-02;5,66004810282168e-02;1,33866704764626e-02;0,060386266979861422;7. INTENSIDAD DE LA AYUDA A DOMICILIO;2023-11-30
De 16 a 20;4,13547340785292e-01;1,07358821253253e-02;2,51732266590471e-02;0,176956018143289540;7. INTENSIDAD DE LA AYUDA A DOMICILIO;2023-11-30
De 21 a 30;7,62819720297012e-02;1,69429670488084e-01;1,56011143653118e-01;0,128912846781157608;7. INTENSIDAD DE LA AYUDA A DOMICILIO;2023-11-30
De 31 a 45;5,22897682232388e-03;6,73022207722248e-01;2,23444531752268e-02;0,268164657131320761;7. INTENSIDAD DE LA AYUDA A DOMICILIO;2023-11-30
De 46 a 55;5,74532919281761e-04;5,39904856564062e-02;1,03350239302807e-01;0,042525913722115304;7. INTENSIDAD DE LA AYUDA A DOMICILIO;2023-11-30
De 56 a 65;4,36354115910198e-04;1,56144490557735e-02;8,66347596256875e-02;0,024114424150970089;7. INTENSIDAD DE LA AYUDA A DOMICILIO;2023-11-30
De 66 a 70;2,61812469546119e-04;5,84214080318055e-04;5,10636474033860e-01;0,105673756774997879;7. INTENSIDAD DE LA AYUDA A DOMICILIO;2023-11-30
71 o más;3,49083292728159e-04;1,22153853157412e-03;7,47767697692692e-02;0,016041898148830381;7. INTENSIDAD DE LA AYUDA A DOMICILIO;2023-11-30
Menos de 5;5,64620857094461e-04;0,00000000000000e+00;0,00000000000000e+00;0,000301086923794900;7. INTENSIDAD DE LA AYUDA A DOMICILIO NA NA NA NA NA NA NA NA NA NA NA NA NA NA NA NA;2023-11-30
De 5 a 10;2,17661340409915e-02;1,58688177730759e-04;0,00000000000000e+00;0,011652063950862612;7. INTENSIDAD DE LA AYUDA A DOMICILIO NA NA NA NA NA NA NA NA NA NA NA NA NA NA NA NA;2023-11-30
De 11 a 15;9,24284343063633e-02;6,34752710923036e-04;2,47954376394743e-04;0,049513744618071238;7. INTENSIDAD DE LA AYUDA A DOMICILIO NA NA NA NA NA NA NA NA NA NA NA NA NA NA NA NA;2023-11-30
De 16 a 20;7,03207046468297e-01;1,04205236709865e-02;8,26514587982478e-04;0,378104958901634869;7. INTENSIDAD DE LA AYUDA A DOMICILIO NA NA NA NA NA NA NA NA NA NA NA NA NA NA NA NA;2023-11-30
De 21 a 30;1,63231889786009e-01;8,11954509389051e-02;6,11620795107034e-03;0,111266672688405163;7. INTENSIDAD DE LA AYUDA A DOMICILIO NA NA NA NA NA NA NA NA NA NA NA NA NA NA NA NA;2023-11-30
De 31 a 45;5,22274292812377e-03;7,29859825443004e-01;1,42987023720969e-02;0,213109324662029920;7. INTENSIDAD DE LA AYUDA A DOMICILIO NA NA NA NA NA NA NA NA NA NA NA NA NA NA NA NA;2023-11-30
De 46 a 55;1,97617299983061e-04;1,36524728907696e-01;3,62013389536325e-02;0,045554451570168304;7. INTENSIDAD DE LA AYUDA A DOMICILIO NA NA NA NA NA NA NA NA NA NA NA NA NA NA NA NA;2023-11-30
De 56 a 65;4,03703912822540e-03;8,19888918275588e-03;1,68278370113232e-01;0,035136844006864780;7. INTENSIDAD DE LA AYUDA A DOMICILIO NA NA NA NA NA NA NA NA NA NA NA NA NA NA NA NA;2023-11-30
De 66 a 70;1,12924171418892e-04;2,64480296217932e-04;5,95007851888586e-01;0,108511727335681818;7. INTENSIDAD DE LA AYUDA A DOMICILIO NA NA NA NA NA NA NA NA NA NA NA NA NA NA NA NA;2023-11-30
71 o más;9,23155101349444e-03;3,27426606717800e-02;1,79023059757005e-01;0,046849125342486378;7. INTENSIDAD DE LA AYUDA A DOMICILIO NA NA NA NA NA NA NA NA NA NA NA NA NA NA NA NA;2023-11-30
Menos de 5;2,52681488334442e-03;1,51932327085752e-03;9,98660333698697e-04;0,001843363398886096;7. INTENSIDAD DE LA AYUDA A DOMICILIO NA NA NA NA NA NA NA NA NA NA NA NA NA NA NA NA;2023-11-30
De 5 a 10;3,32302176992686e-01;1,49411179300050e-02;5,55352575812934e-03;0,148302035585785391;7. INTENSIDAD DE LA AYUDA A DOMICILIO NA NA NA NA NA NA NA NA NA NA NA NA NA NA NA NA;2023-11-30
De 11 a 15;8,88490560582844e-02;4,95737269862332e-02;1,14480574838631e-02;0,058598255212183939;7. INTENSIDAD DE LA AYUDA A DOMICILIO NA NA NA NA NA NA NA NA NA NA NA NA NA NA NA NA;2023-11-30
De 16 a 20;4,72826621180144e-01;1,06949742909272e-02;2,15808062355377e-02;0,209860022672384045;7. INTENSIDAD DE LA AYUDA A DOMICILIO NA NA NA NA NA NA NA NA NA NA NA NA NA NA NA NA;2023-11-30
De 21 a 30;9,40819335626933e-02;1,58341350140985e-01;1,33893557422969e-01;0,126006703139632303;7. INTENSIDAD DE LA AYUDA A DOMICILIO NA NA NA NA NA NA NA NA NA NA NA NA NA NA NA NA;2023-11-30
De 31 a 45;5,22709531932117e-03;6,80066345994361e-01;2,11545487760322e-02;0,259115777022031646;7. INTENSIDAD DE LA AYUDA A DOMICILIO NA NA NA NA NA NA NA NA NA NA NA NA NA NA NA NA;2023-11-30
De 46 a 55;4,97267917546041e-04;6,43357107314646e-02;9,34356351236146e-02;0,043015919956626743;7. INTENSIDAD DE LA AYUDA A DOMICILIO NA NA NA NA NA NA NA NA NA NA NA NA NA NA NA NA;2023-11-30
De 56 a 65;1,17378357281217e-03;1,46823685519987e-02;9,86481549141396e-02;0,025915520725516290;7. INTENSIDAD DE LA AYUDA A DOMICILIO NA NA NA NA NA NA NA NA NA NA NA NA NA NA NA NA;2023-11-30
De 66 a 70;2,31287403509786e-04;5,44037153756842e-04;5,22969187675070e-01;0,106124008083197802;7. INTENSIDAD DE LA AYUDA A DOMICILIO NA NA NA NA NA NA NA NA NA NA NA NA NA NA NA NA;2023-11-30
71 o más;2,28396310965914e-03;5,30104494941118e-03;9,03178662769456e-02;0,021218394203755729;7. INTENSIDAD DE LA AYUDA A DOMICILIO NA NA NA NA NA NA NA NA NA NA NA NA NA NA NA NA;2023-11-30
Menos de 5;3,21883086958063e-03;1,92530717745420e-03;1,22702887798197e-03;0,002314463942167551;7. INTENSIDAD DE LA AYUDA A DOMICILIO;2023-12-31
De 5 a 10;3,99000319047113e-01;1,70094067173513e-02;6,57744549708937e-03;0,171929108610738651;7. INTENSIDAD DE LA AYUDA A DOMICILIO;2023-12-31
De 11 a 15;8,43418767060158e-02;5,66828624921358e-02;1,37113343225659e-02;0,059275345420626131;7. INTENSIDAD DE LA AYUDA A DOMICILIO;2023-12-31
De 16 a 20;4,28451912510192e-01;1,11652656393308e-02;2,52254308868851e-02;0,185600186556287516;7. INTENSIDAD DE LA AYUDA A DOMICILIO;2023-12-31
De 21 a 30;7,71739515757382e-02;1,67797342469699e-01;1,56574591941559e-01;0,128245787908820602;7. INTENSIDAD DE LA AYUDA A DOMICILIO;2023-12-31
De 31 a 45;6,18951398489844e-03;6,66050164105907e-01;2,29283186850816e-02;0,263365009036320152;7. INTENSIDAD DE LA AYUDA A DOMICILIO;2023-12-31
De 46 a 55;6,02644546066858e-04;5,80851531528800e-02;1,00616367994521e-01;0,043141141491284327;7. INTENSIDAD DE LA AYUDA A DOMICILIO;2023-12-31
De 56 a 65;3,75766599312276e-04;1,94653103610330e-02;8,59490925693414e-02;0,025199673526496824;7. INTENSIDAD DE LA AYUDA A DOMICILIO;2023-12-31
De 66 a 70;2,55237690098905e-04;5,53336314780144e-04;5,00984476657916e-01;0,102670086865271376;7. INTENSIDAD DE LA AYUDA A DOMICILIO;2023-12-31
71 o más;3,89946470984438e-04;1,26585156942855e-03;8,62059125670585e-02;0,018259196641986823;7. INTENSIDAD DE LA AYUDA A DOMICILIO;2023-12-31
Menos de 5;5,59143392322961e-04;0,00000000000000e+00;0,00000000000000e+00;0,000298035943134742;7. INTENSIDAD DE LA AYUDA A DOMICILIO NA NA NA NA NA NA NA NA NA NA NA NA NA NA NA NA;2023-12-31
De 5 a 10;2,14151919259694e-02;2,09215963177990e-04;0,00000000000000e+00;0,011474383810687569;7. INTENSIDAD DE LA AYUDA A DOMICILIO NA NA NA NA NA NA NA NA NA NA NA NA NA NA NA NA;2023-12-31
De 11 a 15;8,98823003159160e-02;6,27647889533971e-04;3,27385824193812e-04;0,048147706613417579;7. INTENSIDAD DE LA AYUDA A DOMICILIO NA NA NA NA NA NA NA NA NA NA NA NA NA NA NA NA;2023-12-31
De 16 a 20;6,92582962900836e-01;1,05654061404885e-02;9,00311016532984e-04;0,372336303758233178;7. INTENSIDAD DE LA AYUDA A DOMICILIO NA NA NA NA NA NA NA NA NA NA NA NA NA NA NA NA;2023-12-31
De 21 a 30;1,73138751432805e-01;7,79329462838015e-02;6,30217711573089e-03;0,115637945936279921;7. INTENSIDAD DE LA AYUDA A DOMICILIO NA NA NA NA NA NA NA NA NA NA NA NA NA NA NA NA;2023-12-31
De 31 a 45;8,86242276831893e-03;7,21481249019300e-01;1,39138975282370e-02;0,212812565195362569;7. INTENSIDAD DE LA AYUDA A DOMICILIO NA NA NA NA NA NA NA NA NA NA NA NA NA NA NA NA;2023-12-31
De 46 a 55;1,67743017696888e-04;1,42632982896595e-01;3,46210509084957e-02;0,047030071826662294;7. INTENSIDAD DE LA AYUDA A DOMICILIO NA NA NA NA NA NA NA NA NA NA NA NA NA NA NA NA;2023-12-31
De 56 a 65;3,99787525510917e-03;1,26575657722684e-02;1,66148305778360e-01;0,035987840133520105;7. INTENSIDAD DE LA AYUDA A DOMICILIO NA NA NA NA NA NA NA NA NA NA NA NA NA NA NA NA;2023-12-31
De 66 a 70;1,11828678464592e-04;2,61519953972488e-04;5,86266164675070e-01;0,106875689208118504;7. INTENSIDAD DE LA AYUDA A DOMICILIO NA NA NA NA NA NA NA NA NA NA NA NA NA NA NA NA;2023-12-31
71 o más;9,28178031256116e-03;3,36314660808620e-02;1,91520707153380e-01;0,049399457574583493;7. INTENSIDAD DE LA AYUDA A DOMICILIO NA NA NA NA NA NA NA NA NA NA NA NA NA NA NA NA;2023-12-31
Menos de 5;2,68047999819039e-03;1,68140655616163e-03;1,04466552482295e-03;0,001984296269571767;7. INTENSIDAD DE LA AYUDA A DOMICILIO NA NA NA NA NA NA NA NA NA NA NA NA NA NA NA NA;2023-12-31
De 5 a 10;3,22579368221043e-01;1,48811099931155e-02;5,59989310399281e-03;0,145658072112349213;7. INTENSIDAD DE LA AYUDA A DOMICILIO NA NA NA NA NA NA NA NA NA NA NA NA NA NA NA NA;2023-12-31
De 11 a 15;8,54530237397785e-02;4,95816342742149e-02;1,17221189703971e-02;0,057447083401386080;7. INTENSIDAD DE LA AYUDA A DOMICILIO NA NA NA NA NA NA NA NA NA NA NA NA NA NA NA NA;2023-12-31
De 16 a 20;4,81830417227456e-01;1,10880156754753e-02;2,16099996355818e-02;0,216122529075790853;7. INTENSIDAD DE LA AYUDA A DOMICILIO NA NA NA NA NA NA NA NA NA NA NA NA NA NA NA NA;2023-12-31
De 21 a 30;9,65764502301594e-02;1,56403908277286e-01;1,34239519939750e-01;0,126166139714934150;7. INTENSIDAD DE LA AYUDA A DOMICILIO NA NA NA NA NA NA NA NA NA NA NA NA NA NA NA NA;2023-12-31
De 31 a 45;6,72947510094213e-03;6,72986283959117e-01;2,15857050884929e-02;0,255060077372928240;7. INTENSIDAD DE LA AYUDA A DOMICILIO NA NA NA NA NA NA NA NA NA NA NA NA NA NA NA NA;2023-12-31
De 46 a 55;5,14606919483810e-04;6,87787957422020e-02;9,08008697447858e-02;0,043771528030013093;7. INTENSIDAD DE LA AYUDA A DOMICILIO NA NA NA NA NA NA NA NA NA NA NA NA NA NA NA NA;2023-12-31
De 56 a 65;1,10838413427282e-03;1,86013874913944e-02;9,78341411270240e-02;0,026961077077965290;7. INTENSIDAD DE LA AYUDA A DOMICILIO NA NA NA NA NA NA NA NA NA NA NA NA NA NA NA NA;2023-12-31
De 66 a 70;2,26200843729147e-04;5,16337446380342e-04;5,13538136365293e-01;0,103344294904453959;7. INTENSIDAD DE LA AYUDA A DOMICILIO NA NA NA NA NA NA NA NA NA NA NA NA NA NA NA NA;2023-12-31
71 o más;2,30159358494407e-03;5,48112058465286e-03;1,02024950499860e-01;0,023484902040607381;7. INTENSIDAD DE LA AYUDA A DOMICILIO NA NA NA NA NA NA NA NA NA NA NA NA NA NA NA NA;2023-12-31
Menos de 5;3,22369915928198e-03;1,90201947486076e-03;1,23112160904731e-03;0,002308464564631171;7. INTENSIDAD DE LA AYUDA A DOMICILIO;2024-01-31
De 5 a 10;3,93767041581459e-01;1,70878642064184e-02;6,57075370410135e-03;0,169761157092326920;7. INTENSIDAD DE LA AYUDA A DOMICILIO;2024-01-31
De 11 a 15;8,28433878663940e-02;5,64164740650930e-02;1,34707608617851e-02;0,058522932888178093;7. INTENSIDAD DE LA AYUDA A DOMICILIO;2024-01-31
De 16 a 20;4,30548454896614e-01;1,11317394763763e-02;2,51234700450934e-02;0,186366926210849493;7. INTENSIDAD DE LA AYUDA A DOMICILIO;2024-01-31
De 21 a 30;8,03936605316973e-02;1,65377183344069e-01;1,57168420299191e-01;0,128774967021934778;7. INTENSIDAD DE LA AYUDA A DOMICILIO;2024-01-31
De 31 a 45;7,59770506703022e-03;6,60758534459895e-01;2,25753346217164e-02;0,262201884127336193;7. INTENSIDAD DE LA AYUDA A DOMICILIO;2024-01-31
De 46 a 55;6,03556009997728e-04;6,22058879248286e-02;9,80316369622790e-02;0,044190607380082417;7. INTENSIDAD DE LA AYUDA A DOMICILIO;2024-01-31
De 56 a 65;3,90536241763236e-04;2,33470996097450e-02;8,47899219812469e-02;0,026437902011370137;7. INTENSIDAD DE LA AYUDA A DOMICILIO;2024-01-31
De 66 a 70;2,41422403999091e-04;5,45599211912249e-04;4,94796363896643e-01;0,101181373521823881;7. INTENSIDAD DE LA AYUDA A DOMICILIO;2024-01-31
71 o más;3,90536241763236e-04;1,22759822680256e-03;9,62422160188963e-02;0,020253785181466911;7. INTENSIDAD DE LA AYUDA A DOMICILIO;2024-01-31
Menos de 5;5,27851090429226e-04;0,00000000000000e+00;0,00000000000000e+00;0,000283404433041974;7. INTENSIDAD DE LA AYUDA A DOMICILIO NA NA NA NA NA NA NA NA NA NA NA NA NA NA NA NA;2024-01-31
De 5 a 10;2,10584803444923e-02;2,10028878970858e-04;0,00000000000000e+00;0,011366009367262312;7. INTENSIDAD DE LA AYUDA A DOMICILIO NA NA NA NA NA NA NA NA NA NA NA NA NA NA NA NA;2024-01-31
De 11 a 15;8,72065564661759e-02;6,30086636912575e-04;3,33277787035494e-04;0,047060051907759318;7. INTENSIDAD DE LA AYUDA A DOMICILIO NA NA NA NA NA NA NA NA NA NA NA NA NA NA NA NA;2024-01-31
De 16 a 20;6,83594943742186e-01;1,05014439485429e-02;7,49875020829862e-04;0,370141105575609253;7. INTENSIDAD DE LA AYUDA A DOMICILIO NA NA NA NA NA NA NA NA NA NA NA NA NA NA NA NA;2024-01-31
De 21 a 30;1,84303375468815e-01;7,59779469677081e-02;5,99900016663889e-03;0,121610333820590083;7. INTENSIDAD DE LA AYUDA A DOMICILIO NA NA NA NA NA NA NA NA NA NA NA NA NA NA NA NA;2024-01-31
De 31 a 45;9,50131962772607e-03;7,17091100026254e-01;1,39976670554908e-02;0,211315294889770605;7. INTENSIDAD DE LA AYUDA A DOMICILIO NA NA NA NA NA NA NA NA NA NA NA NA NA NA NA NA;2024-01-31
De 46 a 55;1,66689818030282e-04;1,47177736938829e-01;3,42442926178970e-02;0,048029593389218701;7. INTENSIDAD DE LA AYUDA A DOMICILIO NA NA NA NA NA NA NA NA NA NA NA NA NA NA NA NA;2024-01-31
De 56 a 65;4,27837199611057e-03;1,42294565502757e-02;1,64222629561740e-01;0,035738790608872049;7. INTENSIDAD DE LA AYUDA A DOMICILIO NA NA NA NA NA NA NA NA NA NA NA NA NA NA NA NA;2024-01-31
De 66 a 70;1,11126545353521e-04;2,62536098713573e-04;5,84652557907016e-01;0,104799976134363537;7. INTENSIDAD DE LA AYUDA A DOMICILIO NA NA NA NA NA NA NA NA NA NA NA NA NA NA NA NA;2024-01-31
71 o más;9,25128490068065e-03;3,39196639537936e-02;1,95800699883353e-01;0,049655439873512126;7. INTENSIDAD DE LA AYUDA A DOMICILIO NA NA NA NA NA NA NA NA NA NA NA NA NA NA NA NA;2024-01-31
Menos de 5;2,67462835106052e-03;1,66195448495964e-03;1,05039450863522e-03;0,001976824780108750;7. INTENSIDAD DE LA AYUDA A DOMICILIO NA NA NA NA NA NA NA NA NA NA NA NA NA NA NA NA;2024-01-31
De 5 a 10;3,17862332977093e-01;1,49575903646368e-02;5,60617534259960e-03;0,143822544588381174;7. INTENSIDAD DE LA AYUDA A DOMICILIO NA NA NA NA NA NA NA NA NA NA NA NA NA NA NA NA;2024-01-31
De 11 a 15;8,37220874541270e-02;4,93752772683030e-02;1,15421257053521e-02;0,056639690736745511;7. INTENSIDAD DE LA AYUDA A DOMICILIO NA NA NA NA NA NA NA NA NA NA NA NA NA NA NA NA;2024-01-31
De 16 a 20;4,82004218335623e-01;1,10510041250902e-02;2,15453013166573e-02;0,216411062409090471;7. INTENSIDAD DE LA AYUDA A DOMICILIO NA NA NA NA NA NA NA NA NA NA NA NA NA NA NA NA;2024-01-31
De 21 a 30;1,01534094443219e-01;1,54085031153370e-01;1,34975694359626e-01;0,127585735622870650;7. INTENSIDAD DE LA AYUDA A DOMICILIO NA NA NA NA NA NA NA NA NA NA NA NA NA NA NA NA;2024-01-31
De 31 a 45;7,98430281542803e-03;6,67787878988525e-01;2,13132374135867e-02;0,253841385436902656;7. INTENSIDAD DE LA AYUDA A DOMICILIO NA NA NA NA NA NA NA NA NA NA NA NA NA NA NA NA;2024-01-31
De 46 a 55;5,14569090795999e-04;7,29141146947235e-02;8,86606248625937e-02;0,044812909397971439;7. INTENSIDAD DE LA AYUDA A DOMICILIO NA NA NA NA NA NA NA NA NA NA NA NA NA NA NA NA;2024-01-31
De 56 a 65;1,18181252721279e-03;2,21947069067120e-02;9,64164447810050e-02;0,027956207229809543;7. INTENSIDAD DE LA AYUDA A DOMICILIO NA NA NA NA NA NA NA NA NA NA NA NA NA NA NA NA;2024-01-31
De 66 a 70;2,14875004947780e-04;5,09842610923875e-04;5,07865744925129e-01;0,101760106211622764;7. INTENSIDAD DE LA AYUDA A DOMICILIO NA NA NA NA NA NA NA NA NA NA NA NA NA NA NA NA;2024-01-31
71 o más;2,30707900049195e-03;5,46259940275580e-03;1,11024256784816e-01;0,025193533586497067;7. INTENSIDAD DE LA AYUDA A DOMICILIO NA NA NA NA NA NA NA NA NA NA NA NA NA NA NA NA;2024-01-31
Menos de 5;3,00183090395560e-03;1,89044527958091e-03;1,18396165119335e-03;0,002205400599026582;7. INTENSIDAD DE LA AYUDA A DOMICILIO;2024-02-29
De 5 a 10;3,86952325531885e-01;1,70823368636830e-02;6,61285897861650e-03;0,167408625046798959;7. INTENSIDAD DE LA AYUDA A DOMICILIO;2024-02-29
De 11 a 15;8,07017045857757e-02;5,60300649128801e-02;1,34422963080610e-02;0,057571485398727071;7. INTENSIDAD DE LA AYUDA A DOMICILIO;2024-02-29
De 16 a 20;4,35946747661694e-01;1,14185931746574e-02;2,53107899334383e-02;0,189208161737177083;7. INTENSIDAD DE LA AYUDA A DOMICILIO;2024-02-29
De 21 a 30;8,25468015952993e-02;1,62798466385757e-01;1,57322514041496e-01;0,128612294084612500;7. INTENSIDAD DE LA AYUDA A DOMICILIO;2024-02-29
De 31 a 45;9,21838852065799e-03;6,53387996811297e-01;2,23220086920111e-02;0,260044225009359808;7. INTENSIDAD DE LA AYUDA A DOMICILIO;2024-02-29
De 46 a 55;6,03204791575003e-04;6,67274038644042e-02;9,57276310659986e-02;0,045348184200673901;7. INTENSIDAD DE LA AYUDA A DOMICILIO;2024-02-29
De 56 a 65;4,11598563662943e-04;2,88957218236344e-02;8,46532580603243e-02;0,028450837701235493;7. INTENSIDAD DE LA AYUDA A DOMICILIO;2024-02-29
De 66 a 70;2,34185389670295e-04;5,61819079072239e-04;4,84890050390563e-01;0,098541042680643967;7. INTENSIDAD DE LA AYUDA A DOMICILIO;2024-02-29
71 o más;3,83212455824120e-04;1,20715180503360e-03;1,08534630878297e-01;0,022609743541744665;7. INTENSIDAD DE LA AYUDA A DOMICILIO;2024-02-29
Menos de 5;4,68139009748307e-04;0,00000000000000e+00;0,00000000000000e+00;0,000252495247148289;7. INTENSIDAD DE LA AYUDA A DOMICILIO NA NA NA NA NA NA NA NA NA NA NA NA NA NA NA NA;2024-02-29
De 5 a 10;2,03502781296470e-02;3,14119679597927e-04;0,00000000000000e+00;0,011065232889733840;7. INTENSIDAD DE LA AYUDA A DOMICILIO NA NA NA NA NA NA NA NA NA NA NA NA NA NA NA NA;2024-02-29
De 11 a 15;8,35490444456683e-02;6,80592639128841e-04;3,35767648787039e-04;0,045315470532319393;7. INTENSIDAD DE LA AYUDA A DOMICILIO NA NA NA NA NA NA NA NA NA NA NA NA NA NA NA NA;2024-02-29
De 16 a 20;6,75194140001101e-01;1,02612428668656e-02;8,39419121967598e-04;0,367232057984790861;7. INTENSIDAD DE LA AYUDA A DOMICILIO NA NA NA NA NA NA NA NA NA NA NA NA NA NA NA NA;2024-02-29
De 21 a 30;1,95351655009087e-01;7,24045861473221e-02;6,29564341475699e-03;0,127019961977186319;7. INTENSIDAD DE LA AYUDA A DOMICILIO NA NA NA NA NA NA NA NA NA NA NA NA NA NA NA NA;2024-02-29
De 31 a 45;1,15107121220466e-02;7,11166954609706e-01;1,36825316880719e-02;0,210387951520912553;7. INTENSIDAD DE LA AYUDA A DOMICILIO NA NA NA NA NA NA NA NA NA NA NA NA NA NA NA NA;2024-02-29
De 46 a 55;1,65225532852343e-04;1,53918643002984e-01;3,30731134055234e-02;0,049607889733840303;7. INTENSIDAD DE LA AYUDA A DOMICILIO NA NA NA NA NA NA NA NA NA NA NA NA NA NA NA NA;2024-02-29
De 56 a 65;4,21325108773476e-03;1,80095282969478e-02;1,67380172920339e-01;0,036997980038022814;7. INTENSIDAD DE LA AYUDA A DOMICILIO NA NA NA NA NA NA NA NA NA NA NA NA NA NA NA NA;2024-02-29
De 66 a 70;1,10150355234896e-04;2,61766399664939e-04;5,72903550742886e-01;0,101503089353612158;7. INTENSIDAD DE LA AYUDA A DOMICILIO NA NA NA NA NA NA NA NA NA NA NA NA NA NA NA NA;2024-02-29
71 o más;9,08740430687889e-03;3,29825663577823e-02;2,05489801057668e-01;0,050617870722433463;7. INTENSIDAD DE LA AYUDA A DOMICILIO NA NA NA NA NA NA NA NA NA NA NA NA NA NA NA NA;2024-02-29
Menos de 5;2,48241154998392e-03;1,65083237753012e-03;1,00997659810321e-03;0,001883841962518631;7. INTENSIDAD DE LA AYUDA A DOMICILIO NA NA NA NA NA NA NA NA NA NA NA NA NA NA NA NA;2024-02-29
De 5 a 10;3,11802174366844e-01;1,49569391313572e-02;5,64108880403991e-03;0,141666870281232427;7. INTENSIDAD DE LA AYUDA A DOMICILIO NA NA NA NA NA NA NA NA NA NA NA NA NA NA NA NA;2024-02-29
De 11 a 15;8,12764108842463e-02;4,90144729601612e-02;1,15161965759330e-02;0,055547682459012385;7. INTENSIDAD DE LA AYUDA A DOMICILIO NA NA NA NA NA NA NA NA NA NA NA NA NA NA NA NA;2024-02-29
De 16 a 20;4,84916528911632e-01;1,12707431397638e-02;2,17144968592191e-02;0,218469470032008201;7. INTENSIDAD DE LA AYUDA A DOMICILIO NA NA NA NA NA NA NA NA NA NA NA NA NA NA NA NA;2024-02-29
De 21 a 30;1,05649178829543e-01;1,51332931122500e-01;1,35127478753541e-01;0,128333374056246480;7. INTENSIDAD DE LA AYUDA A DOMICILIO NA NA NA NA NA NA NA NA NA NA NA NA NA NA NA NA;2024-02-29
De 31 a 45;9,68704688936907e-03;6,60631294212805e-01;2,10493903190048e-02;0,251841082903706603;7. INTENSIDAD DE LA AYUDA A DOMICILIO NA NA NA NA NA NA NA NA NA NA NA NA NA NA NA NA;2024-02-29
De 46 a 55;5,13407843292129e-04;7,77614978154648e-02;8,65131173789876e-02;0,046042954528795171;7. INTENSIDAD DE LA AYUDA A DOMICILIO NA NA NA NA NA NA NA NA NA NA NA NA NA NA NA NA;2024-02-29
De 56 a 65;1,19042917510593e-03;2,75138729588353e-02;9,67730016011824e-02;0,029853153175165539;7. INTENSIDAD DE LA AYUDA A DOMICILIO NA NA NA NA NA NA NA NA NA NA NA NA NA NA NA NA;2024-02-29
De 66 a 70;2,08748243975921e-04;5,23758063553732e-04;4,97696760684813e-01;0,099015319959928641;7. INTENSIDAD DE LA AYUDA A DOMICILIO NA NA NA NA NA NA NA NA NA NA NA NA NA NA NA NA;2024-02-29
71 o más;2,27366330600800e-03;5,34365821802921e-03;1,22958492425176e-01;0,027346250641385881;7. INTENSIDAD DE LA AYUDA A DOMICILIO NA NA NA NA NA NA NA NA NA NA NA NA NA NA NA NA;2024-02-29
Menos de 5;2,74487447477883e-03;1,82591446004028e-03;1,23488699348095e-03;0,002085212392947980;7. INTENSIDAD DE LA AYUDA A DOMICILIO;2024-09-30
De 5 a 10;3,56981482654505e-01;1,78608998827808e-02;6,54777289566641e-03;0,155314971476962604;7. INTENSIDAD DE LA AYUDA A DOMICILIO;2024-09-30
De 11 a 15;7,05432740018158e-02;5,32671094947552e-02;1,42155595761179e-02;0,052498629676139545;7. INTENSIDAD DE LA AYUDA A DOMICILIO;2024-09-30
De 16 a 20;4,43325380235496e-01;1,84995942412311e-02;2,82013727348439e-02;0,195514038206659330;7. INTENSIDAD DE LA AYUDA A DOMICILIO;2024-09-30
De 21 a 30;1,01919300690441e-01;1,49687415466923e-01;1,60520950001436e-01;0,132192025150155601;7. INTENSIDAD DE LA AYUDA A DOMICILIO;2024-09-30
De 31 a 45;2,26698479058015e-02;6,08585554987827e-01;2,66793027196232e-02;0,249622254639525032;7. INTENSIDAD DE LA AYUDA A DOMICILIO;2024-09-30
De 46 a 55;6,75661409176327e-04;8,75161552102432e-02;8,08994572240889e-02;0,050396016345281014;7. INTENSIDAD DE LA AYUDA A DOMICILIO;2024-09-30
De 56 a 65;4,92669777524405e-04;6,10441525652971e-02;8,55948996295339e-02;0,041051712687313849;7. INTENSIDAD DE LA AYUDA A DOMICILIO;2024-09-30
De 66 a 70;2,53373028441122e-04;4,80899281656698e-04;4,10844030900893e-01;0,083269288214634765;7. INTENSIDAD DE LA AYUDA A DOMICILIO;2024-09-30
71 o más;3,94135822019524e-04;1,23230440924529e-03;1,85261767324316e-01;0,038055851210380243;7. INTENSIDAD DE LA AYUDA A DOMICILIO;2024-09-30
Menos de 5;4,85961123110151e-04;0,00000000000000e+00;0,00000000000000e+00;0,000261453098219214;7. INTENSIDAD DE LA AYUDA A DOMICILIO NA NA NA NA NA NA NA NA NA NA NA NA NA NA NA NA;2024-09-30
De 5 a 10;1,76835853131749e-02;3,54717746022094e-04;0,00000000000000e+00;0,009615663945617756;7. INTENSIDAD DE LA AYUDA A DOMICILIO NA NA NA NA NA NA NA NA NA NA NA NA NA NA NA NA;2024-09-30
De 11 a 15;6,90604751619870e-02;8,10783419479072e-04;1,65672630881378e-04;0,037416843389594168;7. INTENSIDAD DE LA AYUDA A DOMICILIO NA NA NA NA NA NA NA NA NA NA NA NA NA NA NA NA;2024-09-30
De 16 a 20;6,45329373650108e-01;4,05898449376710e-02;2,93240556660040e-02;0,363971763065392306;7. INTENSIDAD DE LA AYUDA A DOMICILIO NA NA NA NA NA NA NA NA NA NA NA NA NA NA NA NA;2024-09-30
De 21 a 30;2,15928725701944e-01;5,73629269281443e-02;6,21272365805169e-03;0,133704209394881340;7. INTENSIDAD DE LA AYUDA A DOMICILIO NA NA NA NA NA NA NA NA NA NA NA NA NA NA NA NA;2024-09-30
De 31 a 45;3,76349892008639e-02;6,58254788689571e-01;1,68986083499006e-02;0,211893210934549603;7. INTENSIDAD DE LA AYUDA A DOMICILIO NA NA NA NA NA NA NA NA NA NA NA NA NA NA NA NA;2024-09-30
De 46 a 55;1,61987041036717e-04;1,55315698793960e-01;2,61762756792578e-02;0,049196757981582080;7. INTENSIDAD DE LA AYUDA A DOMICILIO NA NA NA NA NA NA NA NA NA NA NA NA NA NA NA NA;2024-09-30
De 56 a 65;4,37365010799136e-03;5,52346204520118e-02;1,79506295559973e-01;0,049661563489527341;7. INTENSIDAD DE LA AYUDA A DOMICILIO NA NA NA NA NA NA NA NA NA NA NA NA NA NA NA NA;2024-09-30
De 66 a 70;1,34989200863931e-04;3,54717746022094e-04;4,99005964214712e-01;0,087673938936176393;7. INTENSIDAD DE LA AYUDA A DOMICILIO NA NA NA NA NA NA NA NA NA NA NA NA NA NA NA NA;2024-09-30
71 o más;9,20626349892009e-03;3,17219012871187e-02;2,42710404241219e-01;0,056604595764459809;7. INTENSIDAD DE LA AYUDA A DOMICILIO NA NA NA NA NA NA NA NA NA NA NA NA NA NA NA NA;2024-09-30
Menos de 5;2,27754828625656e-03;1,58993954303960e-03;1,05225807241004e-03;0,001781462636419671;7. INTENSIDAD DE LA AYUDA A DOMICILIO NA NA NA NA NA NA NA NA NA NA NA NA NA NA NA NA;2024-09-30
De 5 a 10;2,86792452830189e-01;1,55984192206025e-02;5,57941489556950e-03;0,131049902708451682;7. INTENSIDAD DE LA AYUDA A DOMICILIO NA NA NA NA NA NA NA NA NA NA NA NA NA NA NA NA;2024-09-30
De 11 a 15;7,02299877191024e-02;4,64877384909315e-02;1,21376745096600e-02;0,049982475435394781;7. INTENSIDAD DE LA AYUDA A DOMICILIO NA NA NA NA NA NA NA NA NA NA NA NA NA NA NA NA;2024-09-30
De 16 a 20;4,85050798258345e-01;2,13496820120914e-02;2,83620257191450e-02;0,223524008653509132;7. INTENSIDAD DE LA AYUDA A DOMICILIO NA NA NA NA NA NA NA NA NA NA NA NA NA NA NA NA;2024-09-30
De 21 a 30;1,25482862565591e-01;1,37748959669188e-01;1,37698980777937e-01;0,132427696063620204;7. INTENSIDAD DE LA AYUDA A DOMICILIO NA NA NA NA NA NA NA NA NA NA NA NA NA NA NA NA;2024-09-30
De 31 a 45;2,57619738751814e-02;6,14927111413541e-01;2,52297226198779e-02;0,243313472160114092;7. INTENSIDAD DE LA AYUDA A DOMICILIO NA NA NA NA NA NA NA NA NA NA NA NA NA NA NA NA;2024-09-30
De 46 a 55;5,69387071564140e-04;9,62600434452616e-02;7,28015759399968e-02;0,050190353029332495;7. INTENSIDAD DE LA AYUDA A DOMICILIO NA NA NA NA NA NA NA NA NA NA NA NA NA NA NA NA;2024-09-30
De 56 a 65;1,29507647649883e-03;6,02868434138554e-02;9,94506234017301e-02;0,042479544603038398;7. INTENSIDAD DE LA AYUDA A DOMICILIO NA NA NA NA NA NA NA NA NA NA NA NA NA NA NA NA;2024-09-30
De 66 a 70;2,28871273864017e-04;4,64550236855191e-04;4,23790820883652e-01;0,083992216676133963;7. INTENSIDAD DE LA AYUDA A DOMICILIO NA NA NA NA NA NA NA NA NA NA NA NA NA NA NA NA;2024-09-30
71 o más;2,31104164340739e-03;5,28671255463373e-03;1,93896903180022e-01;0,041258868033985568;7. INTENSIDAD DE LA AYUDA A DOMICILIO NA NA NA NA NA NA NA NA NA NA NA NA NA NA NA NA;2024-09-30
Menos de 5;2,84491034328118e-03;1,82554111582460e-03;1,33262642039348e-03;0,002146424888128797;7. INTENSIDAD DE LA AYUDA A DOMICILIO;2024-10-31
De 5 a 10;3,48809832458605e-01;1,80234776558256e-02;6,43386304039434e-03;0,152061058999240217;7. INTENSIDAD DE LA AYUDA A DOMICILIO;2024-10-31
De 11 a 15;6,66381708487783e-02;5,24992705317263e-02;1,49311476349463e-02;0,050754426459670030;7. INTENSIDAD DE LA AYUDA A DOMICILIO;2024-10-31
De 16 a 20;4,41836999250233e-01;2,10909852684817e-02;2,97906486881511e-02;0,196306878092888493;7. INTENSIDAD DE LA AYUDA A DOMICILIO;2024-10-31
De 21 a 30;1,10019549999650e-01;1,46552046626116e-01;1,61491395245533e-01;0,134502552310078960;7. INTENSIDAD DE LA AYUDA A DOMICILIO;2024-10-31
De 31 a 45;2,78534941244894e-02;5,97864715432556e-01;3,04497972401737e-02;0,248471069485811352;7. INTENSIDAD DE LA AYUDA A DOMICILIO;2024-10-31
De 46 a 55;7,56774179986126e-04;9,19728562984909e-02;7,68051356269792e-02;0,051309088072753112;7. INTENSIDAD DE LA AYUDA A DOMICILIO;2024-10-31
De 56 a 65;4,97508951657546e-04;6,84577918434224e-02;8,55603479158009e-02;0,043887600135198768;7. INTENSIDAD DE LA AYUDA A DOMICILIO;2024-10-31
De 66 a 70;2,59265228328580e-04;4,56385278956150e-04;3,90072649633886e-01;0,078923725361613378;7. INTENSIDAD DE LA AYUDA A DOMICILIO;2024-10-31
71 o más;4,83494614991136e-04;1,25692994860054e-03;2,03132388553742e-01;0,041637176194616897;7. INTENSIDAD DE LA AYUDA A DOMICILIO;2024-10-31
Menos de 5;4,63253126958607e-04;0,00000000000000e+00;0,00000000000000e+00;0,000248719824433065;7. INTENSIDAD DE LA AYUDA A DOMICILIO NA NA NA NA NA NA NA NA NA NA NA NA NA NA NA NA;2024-10-31
De 5 a 10;1,74401177207946e-02;3,56415478615071e-04;0,00000000000000e+00;0,009465983906364302;7. INTENSIDAD DE LA AYUDA A DOMICILIO NA NA NA NA NA NA NA NA NA NA NA NA NA NA NA NA;2024-10-31
De 11 a 15;6,56184429244897e-02;7,12830957230143e-04;1,66486306501290e-04;0,035464520848573516;7. INTENSIDAD DE LA AYUDA A DOMICILIO NA NA NA NA NA NA NA NA NA NA NA NA NA NA NA NA;2024-10-31
De 16 a 20;6,44712101806687e-01;3,76272912423625e-02;2,55556480479481e-02;0,361448427212874901;7. INTENSIDAD DE LA AYUDA A DOMICILIO NA NA NA NA NA NA NA NA NA NA NA NA NA NA NA NA;2024-10-31
De 21 a 30;2,12006431043410e-01;5,45315682281059e-02;6,32647964704903e-03;0,130607168983174843;7. INTENSIDAD DE LA AYUDA A DOMICILIO NA NA NA NA NA NA NA NA NA NA NA NA NA NA NA NA;2024-10-31
De 31 a 45;4,61073112243508e-02;6,53665987780041e-01;1,78972779488887e-02;0,215727871250914388;7. INTENSIDAD DE LA AYUDA A DOMICILIO NA NA NA NA NA NA NA NA NA NA NA NA NA NA NA NA;2024-10-31
De 46 a 55;1,63501103632450e-04;1,51425661914460e-01;2,51394322816948e-02;0,048017556693489394;7. INTENSIDAD DE LA AYUDA A DOMICILIO NA NA NA NA NA NA NA NA NA NA NA NA NA NA NA NA;2024-10-31
De 56 a 65;4,38727961413740e-03;6,96028513238289e-02;1,83884125530675e-01;0,054674469641550850;7. INTENSIDAD DE LA AYUDA A DOMICILIO NA NA NA NA NA NA NA NA NA NA NA NA NA NA NA NA;2024-10-31
De 66 a 70;1,09000735754966e-04;3,05498981670061e-04;4,81644884708233e-01;0,084798829553767371;7. INTENSIDAD DE LA AYUDA A DOMICILIO NA NA NA NA NA NA NA NA NA NA NA NA NA NA NA NA;2024-10-31
71 o más;8,99256069978472e-03;3,17718940936864e-02;2,59385665529010e-01;0,059546452084857350;7. INTENSIDAD DE LA AYUDA A DOMICILIO NA NA NA NA NA NA NA NA NA NA NA NA NA NA NA NA;2024-10-31
Menos de 5;2,35751786251714e-03;1,59148425474184e-03;1,13671087208947e-03;0,001833282274813838;7. INTENSIDAD DE LA AYUDA A DOMICILIO NA NA NA NA NA NA NA NA NA NA NA NA NA NA NA NA;2024-10-31
De 5 a 10;2,81001638558514e-01;1,57583031125258e-02;5,48799119965776e-03;0,128532385172605929;7. INTENSIDAD DE LA AYUDA A DOMICILIO NA NA NA NA NA NA NA NA NA NA NA NA NA NA NA NA;2024-10-31
De 11 a 15;6,64229264432134e-02;4,58595319470897e-02;1,27604962415205e-02;0,048227384895201383;7. INTENSIDAD DE LA AYUDA A DOMICILIO NA NA NA NA NA NA NA NA NA NA NA NA NA NA NA NA;2024-10-31
De 16 a 20;4,83285588487733e-01;2,32069712228339e-02;2,91633563527471e-02;0,223510880289079672;7. INTENSIDAD DE LA AYUDA A DOMICILIO NA NA NA NA NA NA NA NA NA NA NA NA NA NA NA NA;2024-10-31
De 21 a 30;1,30867321346962e-01;1,34747841060294e-01;1,38678726394915e-01;0,133844079342527067;7. INTENSIDAD DE LA AYUDA A DOMICILIO NA NA NA NA NA NA NA NA NA NA NA NA NA NA NA NA;2024-10-31
De 31 a 45;3,15840513637934e-02;6,04946646142607e-01;2,86011122654770e-02;0,243042573156405511;7. INTENSIDAD DE LA AYUDA A DOMICILIO NA NA NA NA NA NA NA NA NA NA NA NA NA NA NA NA;2024-10-31
De 46 a 55;6,35359423940789e-04;9,95786480210806e-02;6,92049135244148e-02;0,050760209090667870;7. INTENSIDAD DE LA AYUDA A DOMICILIO NA NA NA NA NA NA NA NA NA NA NA NA NA NA NA NA;2024-10-31
De 56 a 65;1,29301216100231e-03;6,85968848652456e-02;9,99816659536760e-02;0,045660789710462009;7. INTENSIDAD DE LA AYUDA A DOMICILIO NA NA NA NA NA NA NA NA NA NA NA NA NA NA NA NA;2024-10-31
De 66 a 70;2,28506459487477e-04;4,37005922408620e-04;4,03446800708916e-01;0,079882862911493477;7. INTENSIDAD DE LA AYUDA A DOMICILIO NA NA NA NA NA NA NA NA NA NA NA NA NA NA NA NA;2024-10-31
71 o más;2,32407789283604e-03;5,27668345117274e-03;2,11538226486586e-01;0,044705553156743225;7. INTENSIDAD DE LA AYUDA A DOMICILIO NA NA NA NA NA NA NA NA NA NA NA NA NA NA NA NA;2024-10-31
Menos de 5;2,75856418100005e-03;1,81711649570938e-03;1,34050168988777e-03;0,002114369459740186;7. INTENSIDAD DE LA AYUDA A DOMICILIO;2024-11-30
De 5 a 10;3,38238206113907e-01;1,79115768862782e-02;6,48859860530782e-03;0,149132767035187325;7. INTENSIDAD DE LA AYUDA A DOMICILIO;2024-11-30
De 11 a 15;6,35971950045407e-02;5,17396109145659e-02;1,46742153073884e-02;0,049285013019165921;7. INTENSIDAD DE LA AYUDA A DOMICILIO;2024-11-30
De 16 a 20;4,49495742661468e-01;2,12343041927182e-02;3,01185060536486e-02;0,201491156927192272;7. INTENSIDAD DE LA AYUDA A DOMICILIO;2024-11-30
De 21 a 30;1,12711928058831e-01;1,44056545698626e-01;1,60888724099083e-01;0,134352100852292933;7. INTENSIDAD DE LA AYUDA A DOMICILIO;2024-11-30
De 31 a 45;3,11635814903075e-02;5,89665428060729e-01;3,11595339617529e-02;0,245451829086097251;7. INTENSIDAD DE LA AYUDA A DOMICILIO;2024-11-30
De 46 a 55;7,23781691054468e-04;9,72713585356266e-02;7,52677438215707e-02;0,052642961824675233;7. INTENSIDAD DE LA AYUDA A DOMICILIO;2024-11-30
De 56 a 65;5,46250332871297e-04;7,45536939382477e-02;8,59632360281220e-02;0,045986824319517366;7. INTENSIDAD DE LA AYUDA A DOMICILIO;2024-11-30
De 66 a 70;2,52640778952975e-04;4,22757715328305e-04;3,73786061634556e-01;0,074856646888917341;7. INTENSIDAD DE LA AYUDA A DOMICILIO;2024-11-30
71 o más;5,12109687066841e-04;1,32760756217134e-03;2,20312878798682e-01;0,044686330587214183;7. INTENSIDAD DE LA AYUDA A DOMICILIO;2024-11-30
Menos de 5;5,14472936015813e-04;0,00000000000000e+00;0,00000000000000e+00;0,000276488307454998;7. INTENSIDAD DE LA AYUDA A DOMICILIO NA NA NA NA NA NA NA NA NA NA NA NA NA NA NA NA;2024-11-30
De 5 a 10;1,69776068885218e-02;3,54520131678906e-04;0,00000000000000e+00;0,009225978259287825;7. INTENSIDAD DE LA AYUDA A DOMICILIO NA NA NA NA NA NA NA NA NA NA NA NA NA NA NA NA;2024-11-30
De 11 a 15;6,35509463594270e-02;8,10331729551785e-04;1,66071576849622e-04;0,034415518270056317;7. INTENSIDAD DE LA AYUDA A DOMICILIO NA NA NA NA NA NA NA NA NA NA NA NA NA NA NA NA;2024-11-30
De 16 a 20;6,44878286534348e-01;3,82375284882249e-02;2,49937723158681e-02;0,361937746474774058;7. INTENSIDAD DE LA AYUDA A DOMICILIO NA NA NA NA NA NA NA NA NA NA NA NA NA NA NA NA;2024-11-30
De 21 a 30;2,08009531288078e-01;5,28741453532540e-02;6,47679149713527e-03;0,128115950464936929;7. INTENSIDAD DE LA AYUDA A DOMICILIO NA NA NA NA NA NA NA NA NA NA NA NA NA NA NA NA;2024-11-30
De 31 a 45;5,24491619506647e-02;6,50088630032920e-01;1,73544797807855e-02;0,218018306436356751;7. INTENSIDAD DE LA AYUDA A DOMICILIO NA NA NA NA NA NA NA NA NA NA NA NA NA NA NA NA;2024-11-30
De 46 a 55;1,35387614741003e-04;1,49303621169916e-01;2,44125217968945e-02;0,047250396542440953;7. INTENSIDAD DE LA AYUDA A DOMICILIO NA NA NA NA NA NA NA NA NA NA NA NA NA NA NA NA;2024-11-30
De 56 a 65;4,57610137824592e-03;7,66776399088377e-02;1,87494810263223e-01;0,057349495772639300;7. INTENSIDAD DE LA AYUDA A DOMICILIO NA NA NA NA NA NA NA NA NA NA NA NA NA NA NA NA;2024-11-30
De 66 a 70;1,08310091792803e-04;3,03874398581919e-04;4,72058457195051e-01;0,082873732155590157;7. INTENSIDAD DE LA AYUDA A DOMICILIO NA NA NA NA NA NA NA NA NA NA NA NA NA NA NA NA;2024-11-30
71 o más;8,80019495816523e-03;3,13497087870347e-02;2,67043095574192e-01;0,060536387316462693;7. INTENSIDAD DE LA AYUDA A DOMICILIO NA NA NA NA NA NA NA NA NA NA NA NA NA NA NA NA;2024-11-30
Menos de 5;2,30640887231328e-03;1,58483731159842e-03;1,14383061572159e-03;0,001813543025237284;7. INTENSIDAD DE LA AYUDA A DOMICILIO NA NA NA NA NA NA NA NA NA NA NA NA NA NA NA NA;2024-11-30
De 5 a 10;2,73513920240783e-01;1,56672488518015e-02;5,53662691652470e-03;0,126234018449587315;7. INTENSIDAD DE LA AYUDA A DOMICILIO NA NA NA NA NA NA NA NA NA NA NA NA NA NA NA NA;2024-11-30
De 11 a 15;6,35816403310760e-02;4,52293162559027e-02;1,25456315405208e-02;0,046847481507573091;7. INTENSIDAD DE LA AYUDA A DOMICILIO NA NA NA NA NA NA NA NA NA NA NA NA NA NA NA NA;2024-11-30
De 16 a 20;4,88795105833088e-01;2,34038424218902e-02;2,93623752737892e-02;0,227709128642555908;7. INTENSIDAD DE LA AYUDA A DOMICILIO NA NA NA NA NA NA NA NA NA NA NA NA NA NA NA NA;2024-11-30
De 21 a 30;1,31890600974908e-01;1,32395368393816e-01;1,38233146751034e-01;0,133316832154451032;7. INTENSIDAD DE LA AYUDA A DOMICILIO NA NA NA NA NA NA NA NA NA NA NA NA NA NA NA NA;2024-11-30
De 31 a 45;3,54467235908005e-02;5,97321948379585e-01;2,91311754684838e-02;0,240937044829260399;7. INTENSIDAD DE LA AYUDA A DOMICILIO NA NA NA NA NA NA NA NA NA NA NA NA NA NA NA NA;2024-11-30
De 46 a 55;6,05227860110577e-04;1,03907109127369e-01;6,78023850085179e-02;0,051754995573241432;7. INTENSIDAD DE LA AYUDA A DOMICILIO NA NA NA NA NA NA NA NA NA NA NA NA NA NA NA NA;2024-11-30
De 56 a 65;1,35767330781562e-03;7,48172585548871e-02;1,00827451934777e-01;0,047839932218234439;7. INTENSIDAD DE LA AYUDA A DOMICILIO NA NA NA NA NA NA NA NA NA NA NA NA NA NA NA NA;2024-11-30
De 66 a 70;2,23552633013817e-04;4,07529594411023e-04;3,88123631053784e-01;0,076159287149072288;7. INTENSIDAD DE LA AYUDA A DOMICILIO NA NA NA NA NA NA NA NA NA NA NA NA NA NA NA NA;2024-11-30
71 o más;2,27914635609208e-03;5,26554110873925e-03;2,27293745436846e-01;0,047387736450786817;7. INTENSIDAD DE LA AYUDA A DOMICILIO NA NA NA NA NA NA NA NA NA NA NA NA NA NA NA NA;2024-11-30
Menos de 5;2,94853108326759e-03;1,92057719551914e-03;1,43874744340221e-03;0,002255182583051435;7. INTENSIDAD DE LA AYUDA A DOMICILIO;2024-12-31
De 5 a 10;3,29713972426888e-01;1,78767033255926e-02;6,81289230552225e-03;0,146181158872856376;7. INTENSIDAD DE LA AYUDA A DOMICILIO;2024-12-31
De 11 a 15;6,00804995787813e-02;5,05338182243059e-02;1,48247408138797e-02;0,047445572035735968;7. INTENSIDAD DE LA AYUDA A DOMICILIO;2024-12-31
De 16 a 20;4,58259230038913e-01;2,22728534081117e-02;3,10459129698850e-02;0,206466722066933589;7. INTENSIDAD DE LA AYUDA A DOMICILIO;2024-12-31
De 21 a 30;1,11796798737681e-01;1,40056083775139e-01;1,58812328090839e-01;0,131950565054742730;7. INTENSIDAD DE LA AYUDA A DOMICILIO;2024-12-31
De 31 a 45;3,51751066418838e-02;5,81438315149922e-01;3,39375132237816e-02;0,244231237356567876;7. INTENSIDAD DE LA AYUDA A DOMICILIO;2024-12-31
De 46 a 55;7,22089244881858e-04;1,02842162146373e-01;7,30799069045772e-02;0,054202725805052615;7. INTENSIDAD DE LA AYUDA A DOMICILIO;2024-12-31
De 56 a 65;5,54938956714761e-04;8,11608173041815e-02;8,71429578954792e-02;0,048615133226449989;7. INTENSIDAD DE LA AYUDA A DOMICILIO;2024-12-31
De 66 a 70;2,27324391907252e-04;4,23549343498518e-04;3,60363918470978e-01;0,071740547679204472;7. INTENSIDAD DE LA AYUDA A DOMICILIO;2024-12-31
71 o más;5,21508899081342e-04;1,47512012735691e-03;2,32541081881656e-01;0,046911155319404922;7. INTENSIDAD DE LA AYUDA A DOMICILIO;2024-12-31
Menos de 5;5,18007579268791e-04;0,00000000000000e+00;0,00000000000000e+00;0,000281368933907918;7. INTENSIDAD DE LA AYUDA A DOMICILIO NA NA NA NA NA NA NA NA NA NA NA NA NA NA NA NA;2024-12-31
De 5 a 10;1,70124594454593e-02;3,68887015177066e-04;0,00000000000000e+00;0,009344410383994551;7. INTENSIDAD DE LA AYUDA A DOMICILIO NA NA NA NA NA NA NA NA NA NA NA NA NA NA NA NA;2024-12-31
De 11 a 15;6,20791188418441e-02;1,00126475548061e-03;1,68463611859838e-04;0,034030832111599803;7. INTENSIDAD DE LA AYUDA A DOMICILIO NA NA NA NA NA NA NA NA NA NA NA NA NA NA NA NA;2024-12-31
De 16 a 20;6,43229095667821e-01;3,98397976391231e-02;2,49326145552561e-02;0,364965125061086693;7. INTENSIDAD DE LA AYUDA A DOMICILIO NA NA NA NA NA NA NA NA NA NA NA NA NA NA NA NA;2024-12-31
De 21 a 30;2,05894380980943e-01;5,31724283305228e-02;6,73854447439353e-03;0,127963629363069598;7. INTENSIDAD DE LA AYUDA A DOMICILIO NA NA NA NA NA NA NA NA NA NA NA NA NA NA NA NA;2024-12-31
De 31 a 45;5,79895853213010e-02;6,73324198988196e-01;1,76886792452830e-02;0,223821582478119868;7. INTENSIDAD DE LA AYUDA A DOMICILIO NA NA NA NA NA NA NA NA NA NA NA NA NA NA NA NA;2024-12-31
De 46 a 55;1,36317784018103e-04;1,10191821247892e-01;2,33322102425876e-02;0,035141498955973169;7. INTENSIDAD DE LA AYUDA A DOMICILIO NA NA NA NA NA NA NA NA NA NA NA NA NA NA NA NA;2024-12-31
De 56 a 65;4,41669620218654e-03;8,55817875210793e-02;1,97944743935310e-01;0,061249574244376326;7. INTENSIDAD DE LA AYUDA A DOMICILIO NA NA NA NA NA NA NA NA NA NA NA NA NA NA NA NA;2024-12-31
De 66 a 70;1,09054227214482e-04;3,16188870151771e-04;4,73045822102426e-01;0,083314822219260440;7. INTENSIDAD DE LA AYUDA A DOMICILIO NA NA NA NA NA NA NA NA NA NA NA NA NA NA NA NA;2024-12-31
71 o más;8,61528394994411e-03;3,62036256323777e-02;2,56148921832884e-01;0,059887156248611670;7. INTENSIDAD DE LA AYUDA A DOMICILIO NA NA NA NA NA NA NA NA NA NA NA NA NA NA NA NA;2024-12-31
Menos de 5;2,46962628111863e-03;1,68667590169822e-03;1,23213703296571e-03;0,001941295232178910;7. INTENSIDAD DE LA AYUDA A DOMICILIO NA NA NA NA NA NA NA NA NA NA NA NA NA NA NA NA;2024-12-31
De 5 a 10;2,68104776579353e-01;1,57444461546355e-02;5,83453124433761e-03;0,124421729329323674;7. INTENSIDAD DE LA AYUDA A DOMICILIO NA NA NA NA NA NA NA NA NA NA NA NA NA NA NA NA;2024-12-31
De 11 a 15;6,04682626179112e-02;4,45013082961367e-02;1,27200028991460e-02;0,045308654176490798;7. INTENSIDAD DE LA AYUDA A DOMICILIO NA NA NA NA NA NA NA NA NA NA NA NA NA NA NA NA;2024-12-31
De 16 a 20;4,94639300344137e-01;2,44087014519522e-02;3,01631977579938e-02;0,231628287848197750;7. INTENSIDAD DE LA AYUDA A DOMICILIO NA NA NA NA NA NA NA NA NA NA NA NA NA NA NA NA;2024-12-31
De 21 a 30;1,30315736351288e-01;1,29470011800318e-01;1,36972566831354e-01;0,131302150249191701;7. INTENSIDAD DE LA AYUDA A DOMICILIO NA NA NA NA NA NA NA NA NA NA NA NA NA NA NA NA;2024-12-31
De 31 a 45;3,96643455758793e-02;5,92568364886358e-01;3,16006909631204e-02;0,240960623473436053;7. INTENSIDAD DE LA AYUDA A DOMICILIO NA NA NA NA NA NA NA NA NA NA NA NA NA NA NA NA;2024-12-31
De 46 a 55;6,06669064709577e-04;1,03727361346262e-01;6,59314110384982e-02;0,051167836149976234;7. INTENSIDAD DE LA AYUDA A DOMICILIO NA NA NA NA NA NA NA NA NA NA NA NA NA NA NA NA;2024-12-31
De 56 a 65;1,31534443233492e-03;8,16915499461290e-02;1,03016319775799e-01;0,050617214229576400;7. INTENSIDAD DE LA AYUDA A DOMICILIO NA NA NA NA NA NA NA NA NA NA NA NA NA NA NA NA;2024-12-31
De 66 a 70;2,04012605831539e-04;4,10445846801088e-04;3,76454102895522e-01;0,073571559671885806;7. INTENSIDAD DE LA AYUDA A DOMICILIO NA NA NA NA NA NA NA NA NA NA NA NA NA NA NA NA;2024-12-31
71 o más;2,21192614743669e-03;5,79113436970910e-03;2,36075039561263e-01;0,049080649639742666;7. INTENSIDAD DE LA AYUDA A DOMICILIO NA NA NA NA NA NA NA NA NA NA NA NA NA NA NA NA;2024-12-31
Menos de 5;2,82912108638250e-03;1,87401103989383e-03;1,48777895855473e-03;0,002204873406515581;7. INTENSIDAD DE LA AYUDA A DOMICILIO;2025-01-31
De 5 a 10;3,19001287737874e-01;1,80400907108846e-02;6,71625929861849e-03;0,143847932896600555;7. INTENSIDAD DE LA AYUDA A DOMICILIO;2025-01-31
De 11 a 15;5,72067794846447e-02;4,96795222365629e-02;1,40984767977329e-02;0,045934401558073656;7. INTENSIDAD DE LA AYUDA A DOMICILIO;2025-01-31
De 16 a 20;4,59020018470584e-01;2,28964772967573e-02;3,17959617428268e-02;0,210146290722379586;7. INTENSIDAD DE LA AYUDA A DOMICILIO;2025-01-31
De 21 a 30;1,22985470674697e-01;1,38020548494593e-01;1,57166135317039e-01;0,135363181657223802;7. INTENSIDAD DE LA AYUDA A DOMICILIO;2025-01-31
De 31 a 45;3,69801896486687e-02;5,76692261136511e-01;3,66560396741056e-02;0,241678470254957534;7. INTENSIDAD DE LA AYUDA A DOMICILIO;2025-01-31
De 46 a 55;6,76387570077655e-04;1,06220695790402e-01;7,17817924194120e-02;0,054601739553824365;7. INTENSIDAD DE LA AYUDA A DOMICILIO;2025-01-31
De 56 a 65;5,52816764005775e-04;8,46367554087459e-02;8,74388947927736e-02;0,049417382259206798;7. INTENSIDAD DE LA AYUDA A DOMICILIO;2025-01-31
De 66 a 70;2,21126705602310e-04;4,01052946280781e-04;3,53000354233085e-01;0,069167183073654395;7. INTENSIDAD DE LA AYUDA A DOMICILIO;2025-01-31
71 o más;5,26801857464327e-04;1,53858493936809e-03;2,39858306765852e-01;0,047638544617563741;7. INTENSIDAD DE LA AYUDA A DOMICILIO;2025-01-31
Menos de 5;5,66065842395352e-04;0,00000000000000e+00;0,00000000000000e+00;0,000296462731513988;7. INTENSIDAD DE LA AYUDA A DOMICILIO NA NA NA NA NA NA NA NA NA NA NA NA NA NA NA NA;2025-01-31
De 5 a 10;1,85610010427529e-02;4,78876237096946e-04;0,00000000000000e+00;0,009861286648254773;7. INTENSIDAD DE LA AYUDA A DOMICILIO NA NA NA NA NA NA NA NA NA NA NA NA NA NA NA NA;2025-01-31
De 11 a 15;6,48890213019514e-02;1,01096094498244e-03;1,70502983802217e-04;0,034311660347329492;7. INTENSIDAD DE LA AYUDA A DOMICILIO NA NA NA NA NA NA NA NA NA NA NA NA NA NA NA NA;2025-01-31
De 16 a 20;6,85029048115597e-01;4,02256039161435e-02;2,48081841432225e-02;0,375103371873488411;7. INTENSIDAD DE LA AYUDA A DOMICILIO NA NA NA NA NA NA NA NA NA NA NA NA NA NA NA NA;2025-01-31
De 21 a 30;1,50156412930136e-01;5,23039267851442e-02;6,73486786018755e-03;0,095211346720966164;7. INTENSIDAD DE LA AYUDA A DOMICILIO NA NA NA NA NA NA NA NA NA NA NA NA NA NA NA NA;2025-01-31
De 31 a 45;6,66468047072844e-02;6,72661487708843e-01;1,84143222506394e-02;0,235531838537034438;7. INTENSIDAD DE LA AYUDA A DOMICILIO NA NA NA NA NA NA NA NA NA NA NA NA NA NA NA NA;2025-01-31
De 46 a 55;8,93788172203188e-05;1,06150899223156e-01;2,30179028132992e-02;0,035388288161775035;7. INTENSIDAD DE LA AYUDA A DOMICILIO NA NA NA NA NA NA NA NA NA NA NA NA NA NA NA NA;2025-01-31
De 56 a 65;4,82645612989721e-03;9,12525274023625e-02;2,01790281329923e-01;0,066220412239229823;7. INTENSIDAD DE LA AYUDA A DOMICILIO NA NA NA NA NA NA NA NA NA NA NA NA NA NA NA NA;2025-01-31
De 66 a 70;1,19171756293758e-04;3,19250824731297e-04;4,65217391304348e-01;0,085303250167735489;7. INTENSIDAD DE LA AYUDA A DOMICILIO NA NA NA NA NA NA NA NA NA NA NA NA NA NA NA NA;2025-01-31
71 o más;9,11663935647252e-03;3,55964669575396e-02;2,59846547314578e-01;0,062772082572672375;7. INTENSIDAD DE LA AYUDA A DOMICILIO NA NA NA NA NA NA NA NA NA NA NA NA NA NA NA NA;2025-01-31
Menos de 5;2,42338836666827e-03;1,64799579344264e-03;1,27552569880586e-03;0,001917261699173181;7. INTENSIDAD DE LA AYUDA A DOMICILIO NA NA NA NA NA NA NA NA NA NA NA NA NA NA NA NA;2025-01-31
De 5 a 10;2,65142173896798e-01;1,59220760899536e-02;5,75808744032362e-03;0,123656330840423198;7. INTENSIDAD DE LA AYUDA A DOMICILIO NA NA NA NA NA NA NA NA NA NA NA NA NA NA NA NA;2025-01-31
De 11 a 15;5,85776738674396e-02;4,38097558785998e-02;1,21114202067566e-02;0,044179254570531026;7. INTENSIDAD DE LA AYUDA A DOMICILIO NA NA NA NA NA NA NA NA NA NA NA NA NA NA NA NA;2025-01-31
De 16 a 20;4,99468882946072e-01;2,49828467363912e-02;3,07948347283130e-02;0,234963240736172113;7. INTENSIDAD DE LA AYUDA A DOMICILIO NA NA NA NA NA NA NA NA NA NA NA NA NA NA NA NA;2025-01-31
De 21 a 30;1,27841743131509e-01;1,27677993164344e-01;1,35703786489146e-01;0,129302384594238373;7. INTENSIDAD DE LA AYUDA A DOMICILIO NA NA NA NA NA NA NA NA NA NA NA NA NA NA NA NA;2025-01-31
De 31 a 45;4,22918635002482e-02;5,88206249559145e-01;3,40504622262175e-02;0,240726773760769924;7. INTENSIDAD DE LA AYUDA A DOMICILIO NA NA NA NA NA NA NA NA NA NA NA NA NA NA NA NA;2025-01-31
De 46 a 55;5,71151002716971e-04;1,06202748369638e-01;6,48210012269342e-02;0,051702627071453240;7. INTENSIDAD DE LA AYUDA A DOMICILIO NA NA NA NA NA NA NA NA NA NA NA NA NA NA NA NA;2025-01-31
De 56 a 65;1,31845138010366e-03;8,54264589892720e-02;1,03718461108614e-01;0,051942284783849893;7. INTENSIDAD DE LA AYUDA A DOMICILIO NA NA NA NA NA NA NA NA NA NA NA NA NA NA NA NA;2025-01-31
De 66 a 70;2,02838673862102e-04;3,91158534630355e-04;3,68930623549849e-01;0,071589518029543692;7. INTENSIDAD DE LA AYUDA A DOMICILIO NA NA NA NA NA NA NA NA NA NA NA NA NA NA NA NA;2025-01-31
71 o más;2,16183323458293e-03;5,73271688458258e-03;2,42835797325040e-01;0,050020323913845401;7. INTENSIDAD DE LA AYUDA A DOMICILIO NA NA NA NA NA NA NA NA NA NA NA NA NA NA NA NA;2025-01-31
Menos de 5;2,80210614117402e-03;1,83723562179402e-03;1,47048223167303e-03;0,002178910266233857;7. INTENSIDAD DE LA AYUDA A DOMICILIO;2025-02-28
De 5 a 10;3,16846522781775e-01;1,79534664961712e-02;6,71808548980033e-03;0,143582384820072712;7. INTENSIDAD DE LA AYUDA A DOMICILIO;2025-02-28
De 11 a 15;5,61985194453133e-02;4,90247953319517e-02;1,44741584372522e-02;0,045414396968472673;7. INTENSIDAD DE LA AYUDA A DOMICILIO;2025-02-28
De 16 a 20;4,65221301219894e-01;2,41706718403222e-02;3,37201758812081e-02;0,214600370581925076;7. INTENSIDAD DE LA AYUDA A DOMICILIO;2025-02-28
De 21 a 30;1,23924773224898e-01;1,37322339315373e-01;1,59273408779644e-01;0,135836386686914001;7. INTENSIDAD DE LA AYUDA A DOMICILIO;2025-02-28
De 31 a 45;3,30518194140340e-02;5,67066449137969e-01;2,83572406833417e-02;0,234614580866270073;7. INTENSIDAD DE LA AYUDA A DOMICILIO;2025-02-28
De 46 a 55;6,45136065060995e-04;1,10219439422667e-01;7,03957327182297e-02;0,055670878669248663;7. INTENSIDAD DE LA AYUDA A DOMICILIO;2025-02-28
De 56 a 65;5,40871650505682e-04;9,02376648000353e-02;8,80559359907735e-02;0,051463519971022165;7. INTENSIDAD DE LA AYUDA A DOMICILIO;2025-02-28
De 66 a 70;2,08528829110625e-04;4,18889721769037e-04;3,46356231528869e-01;0,067189567979492604;7. INTENSIDAD DE LA AYUDA A DOMICILIO;2025-02-28
71 o más;5,60421228234803e-04;1,74904831194791e-03;2,51178548259209e-01;0,049449003190348152;7. INTENSIDAD DE LA AYUDA A DOMICILIO;2025-02-28
Menos de 5;5,70724820522063e-04;0,00000000000000e+00;0,00000000000000e+00;0,000298746835642070;7. INTENSIDAD DE LA AYUDA A DOMICILIO NA NA NA NA NA NA NA NA NA NA NA NA NA NA NA NA;2025-02-28
De 5 a 10;1,82031179598090e-02;4,27031066510089e-04;0,00000000000000e+00;0,009654239846538468;7. INTENSIDAD DE LA AYUDA A DOMICILIO NA NA NA NA NA NA NA NA NA NA NA NA NA NA NA NA;2025-02-28
De 11 a 15;6,33804932263975e-02;1,01419878296146e-03;2,59201658890617e-04;0,033522539662573313;7. INTENSIDAD DE LA AYUDA A DOMICILIO NA NA NA NA NA NA NA NA NA NA NA NA NA NA NA NA;2025-02-28
De 16 a 20;6,81595626445586e-01;4,01942991352621e-02;2,42785553827544e-02;0,373040456610952975;7. INTENSIDAD DE LA AYUDA A DOMICILIO NA NA NA NA NA NA NA NA NA NA NA NA NA NA NA NA;2025-02-28
De 21 a 30;1,51392268180589e-01;5,13504857478382e-02;6,82564368411958e-03;0,095614710923127733;7. INTENSIDAD DE LA AYUDA A DOMICILIO NA NA NA NA NA NA NA NA NA NA NA NA NA NA NA NA;2025-02-28
De 31 a 45;7,06196870024932e-02;6,65688053805914e-01;1,88353205460515e-02;0,236481705687196314;7. INTENSIDAD DE LA AYUDA A DOMICILIO NA NA NA NA NA NA NA NA NA NA NA NA NA NA NA NA;2025-02-28
De 46 a 55;6,00762968970593e-05;1,08038859827052e-01;2,26369448764472e-02;0,035975408418371359;7. INTENSIDAD DE LA AYUDA A DOMICILIO NA NA NA NA NA NA NA NA NA NA NA NA NA NA NA NA;2025-02-28
De 56 a 65;4,86618004866180e-03;9,77367353474965e-02;2,00535683428374e-01;0,067831255208415223;7. INTENSIDAD DE LA AYUDA A DOMICILIO NA NA NA NA NA NA NA NA NA NA NA NA NA NA NA NA;2025-02-28
De 66 a 70;1,20152593794119e-04;3,20273299882566e-04;4,57404527388975e-01;0,083397537697133622;7. INTENSIDAD DE LA AYUDA A DOMICILIO NA NA NA NA NA NA NA NA NA NA NA NA NA NA NA NA;2025-02-28
71 o más;9,19167342525007e-03;3,52300629870823e-02;2,69224123034387e-01;0,064183399110048903;7. INTENSIDAD DE LA AYUDA A DOMICILIO NA NA NA NA NA NA NA NA NA NA NA NA NA NA NA NA;2025-02-28
Menos de 5;2,40411644704786e-03;1,61476802242590e-03;1,26002149448432e-03;0,001895700947850474;7. INTENSIDAD DE LA AYUDA A DOMICILIO NA NA NA NA NA NA NA NA NA NA NA NA NA NA NA NA;2025-02-28
De 5 a 10;2,63585399677666e-01;1,58311856918635e-02;5,75656878852639e-03;0,123409895038280856;7. INTENSIDAD DE LA AYUDA A DOMICILIO NA NA NA NA NA NA NA NA NA NA NA NA NA NA NA NA;2025-02-28
De 11 a 15;5,74739107853269e-02;4,32111922801170e-02;1,24396239700560e-02;0,043620055143360904;7. INTENSIDAD DE LA AYUDA A DOMICILIO NA NA NA NA NA NA NA NA NA NA NA NA NA NA NA NA;2025-02-28
De 16 a 20;5,03750742920172e-01;2,61075693865819e-02;3,23652579955776e-02;0,238427585880459592;7. INTENSIDAD DE LA AYUDA A DOMICILIO NA NA NA NA NA NA NA NA NA NA NA NA NA NA NA NA;2025-02-28
De 21 a 30;1,28810310393386e-01;1,26907848418496e-01;1,37453521265951e-01;0,129769131551232431;7. INTENSIDAD DE LA AYUDA A DOMICILIO NA NA NA NA NA NA NA NA NA NA NA NA NA NA NA NA;2025-02-28
De 31 a 45;3,97455598807044e-02;5,78952467688492e-01;2,69916369161592e-02;0,234872850769758723;7. INTENSIDAD DE LA AYUDA A DOMICILIO NA NA NA NA NA NA NA NA NA NA NA NA NA NA NA NA;2025-02-28
De 46 a 55;5,40792341095399e-04;1,09946325110935e-01;6,35569665600178e-02;0,052700959683813178;7. INTENSIDAD DE LA AYUDA A DOMICILIO NA NA NA NA NA NA NA NA NA NA NA NA NA NA NA NA;2025-02-28
De 56 a 65;1,31182300562745e-03;9,11375071857177e-02;1,04124717421650e-01;0,053922160294413483;7. INTENSIDAD DE LA AYUDA A DOMICILIO NA NA NA NA NA NA NA NA NA NA NA NA NA NA NA NA;2025-02-28
De 66 a 70;1,92757666133013e-04;4,06921541651326e-04;3,62182060752801e-01;0,069622634811317405;7. INTENSIDAD DE LA AYUDA A DOMICILIO NA NA NA NA NA NA NA NA NA NA NA NA NA NA NA NA;2025-02-28
71 o más;2,18458688284082e-03;5,88421467371997e-03;2,53869624834777e-01;0,051759025879512942;7. INTENSIDAD DE LA AYUDA A DOMICILIO NA NA NA NA NA NA NA NA NA NA NA NA NA NA NA NA;2025-02-28
Menos de 5;2,69316131711812e-03;1,76966457146214e-03;1,35612782226069e-03;0,002085691323246003;7. INTENSIDAD DE LA AYUDA A DOMICILIO;2025-03-31
De 5 a 10;3,13107583682687e-01;1,78214768254714e-02;6,52095506023227e-03;0,142180187044797873;7. INTENSIDAD DE LA AYUDA A DOMICILIO;2025-03-31
De 11 a 15;5,47717626903059e-02;4,89484814662515e-02;1,46865757772488e-02;0,044839582528024738;7. INTENSIDAD DE LA AYUDA A DOMICILIO;2025-03-31
De 16 a 20;4,66695653302530e-01;2,51424543264994e-02;3,36723652888985e-02;0,216002536200649076;7. INTENSIDAD DE LA AYUDA A DOMICILIO;2025-03-31
De 21 a 30;1,26104845094553e-01;1,35941079715679e-01;1,60109644377119e-01;0,136384746087938297;7. INTENSIDAD DE LA AYUDA A DOMICILIO;2025-03-31
De 31 a 45;3,46347034926733e-02;5,61174587323033e-01;2,90701868282479e-02;0,232971720806578547;7. INTENSIDAD DE LA AYUDA A DOMICILIO;2025-03-31
De 46 a 55;6,03527716848158e-04;1,13912060153909e-01;6,89605424511289e-02;0,056691871087590689;7. INTENSIDAD DE LA AYUDA A DOMICILIO;2025-03-31
De 56 a 65;6,10017262190611e-04;9,30652646419550e-02;8,78164899372430e-02;0,052434279866404518;7. INTENSIDAD DE LA AYUDA A DOMICILIO;2025-03-31
De 66 a 70;2,14154996300959e-04;4,47923397755977e-04;3,39104090023804e-01;0,065626972716376575;7. INTENSIDAD DE LA AYUDA A DOMICILIO;2025-03-31
71 o más;5,64590444793438e-04;1,77700757798273e-03;2,58703022433817e-01;0,050782412338393687;7. INTENSIDAD DE LA AYUDA A DOMICILIO;2025-03-31
Menos de 5;5,42642669801935e-04;0,00000000000000e+00;0,00000000000000e+00;0,000283254913685933;7. INTENSIDAD DE LA AYUDA A DOMICILIO NA NA NA NA NA NA NA NA NA NA NA NA NA NA NA NA;2025-03-31
De 5 a 10;1,80880889933978e-02;4,77935319420105e-04;0,00000000000000e+00;0,009583457913040742;7. INTENSIDAD DE LA AYUDA A DOMICILIO NA NA NA NA NA NA NA NA NA NA NA NA NA NA NA NA;2025-03-31
De 11 a 15;6,20722920623436e-02;1,16828633636026e-03;2,59852750108272e-04;0,032794624451193605;7. INTENSIDAD DE LA AYUDA A DOMICILIO NA NA NA NA NA NA NA NA NA NA NA NA NA NA NA NA;2025-03-31
De 16 a 20;6,80021705706792e-01;4,01996707556688e-02;2,37332178432222e-02;0,371189828001321831;7. INTENSIDAD DE LA AYUDA A DOMICILIO NA NA NA NA NA NA NA NA NA NA NA NA NA NA NA NA;2025-03-31
De 21 a 30;1,50492900425070e-01;4,95459614465509e-02;6,49631875270680e-03;0,094418304561977764;7. INTENSIDAD DE LA AYUDA A DOMICILIO NA NA NA NA NA NA NA NA NA NA NA NA NA NA NA NA;2025-03-31
De 31 a 45;7,46133670977661e-02;6,63055599808826e-01;1,94023386747510e-02;0,238956992462272005;7. INTENSIDAD DE LA AYUDA A DOMICILIO NA NA NA NA NA NA NA NA NA NA NA NA NA NA NA NA;2025-03-31
De 46 a 55;6,02936299779928e-05;1,06579576230683e-01;2,17410134257254e-02;0,035564228051678283;7. INTENSIDAD DE LA AYUDA A DOMICILIO NA NA NA NA NA NA NA NA NA NA NA NA NA NA NA NA;2025-03-31
De 56 a 65;4,88378402821742e-03;1,03711964314163e-01;2,01212646167172e-01;0,069838072607676202;7. INTENSIDAD DE LA AYUDA A DOMICILIO NA NA NA NA NA NA NA NA NA NA NA NA NA NA NA NA;2025-03-31
De 66 a 70;1,20587259955986e-04;3,18623546280070e-04;4,52143785188393e-01;0,082301288809857265;7. INTENSIDAD DE LA AYUDA A DOMICILIO NA NA NA NA NA NA NA NA NA NA NA NA NA NA NA NA;2025-03-31
71 o más;9,10433812667692e-03;3,49423822420477e-02;2,75010827197921e-01;0,065069948227296337;7. INTENSIDAD DE LA AYUDA A DOMICILIO NA NA NA NA NA NA NA NA NA NA NA NA NA NA NA NA;2025-03-31
Menos de 5;2,31203378879865e-03;1,55457794176461e-03;1,16234496914840e-03;0,001814839145702282;7. INTENSIDAD DE LA AYUDA A DOMICILIO NA NA NA NA NA NA NA NA NA NA NA NA NA NA NA NA;2025-03-31
De 5 a 10;2,60827312968214e-01;1,57134932204920e-02;5,58914814952208e-03;0,122255882867256804;7. INTENSIDAD DE LA AYUDA A DOMICILIO NA NA NA NA NA NA NA NA NA NA NA NA NA NA NA NA;2025-03-31
De 11 a 15;5,60601449159285e-02;4,31411505166875e-02;1,26250448244735e-02;0,043026811412691587;7. INTENSIDAD DE LA AYUDA A DOMICILIO NA NA NA NA NA NA NA NA NA NA NA NA NA NA NA NA;2025-03-31
De 16 a 20;5,04439852414287e-01;2,69696696038084e-02;3,22488902078619e-02;0,239287013975206631;7. INTENSIDAD DE LA AYUDA A DOMICILIO NA NA NA NA NA NA NA NA NA NA NA NA NA NA NA NA;2025-03-31
De 21 a 30;1,30413656484107e-01;1,25437023467031e-01;1,38158301492500e-01;0,130070561324076406;7. INTENSIDAD DE LA AYUDA A DOMICILIO NA NA NA NA NA NA NA NA NA NA NA NA NA NA NA NA;2025-03-31
De 31 a 45;4,17127204574944e-02;5,73510249893566e-01;2,76860679353538e-02;0,233849585753512695;7. INTENSIDAD DE LA AYUDA A DOMICILIO NA NA NA NA NA NA NA NA NA NA NA NA NA NA NA NA;2025-03-31
De 46 a 55;5,07259145348434e-04;1,13013300994672e-01;6,22101865934637e-02;0,053514124080174301;7. INTENSIDAD DE LA AYUDA A DOMICILIO NA NA NA NA NA NA NA NA NA NA NA NA NA NA NA NA;2025-03-31
De 56 a 65;1,36692990746525e-03;9,43519151626179e-02;1,03992778622745e-01;0,055043031537556297;7. INTENSIDAD DE LA AYUDA A DOMICILIO NA NA NA NA NA NA NA NA NA NA NA NA NA NA NA NA;2025-03-31
De 66 a 70;1,97564088188337e-04;4,32185568872318e-04;3,55195311050933e-01;0,068124997046160249;7. INTENSIDAD DE LA AYUDA A DOMICILIO NA NA NA NA NA NA NA NA NA NA NA NA NA NA NA NA;2025-03-31
71 o más;2,16252583016964e-03;5,87643363048779e-03;2,61131926153998e-01;0,053013152857662733;7. INTENSIDAD DE LA AYUDA A DOMICILIO NA NA NA NA NA NA NA NA NA NA NA NA NA NA NA NA;2025-03-31
Menos de 5;2,64622153209110e-03;1,74725064971295e-03;1,37172230564861e-03;0,002060939366163931;7. INTENSIDAD DE LA AYUDA A DOMICILIO;2025-04-30
De 5 a 10;3,10086697722567e-01;1,79937451363296e-02;6,55538870278387e-03;0,141188234313807170;7. INTENSIDAD DE LA AYUDA A DOMICILIO;2025-04-30
De 11 a 15;5,34873188405797e-02;4,90331390312303e-02;1,46413307150283e-02;0,044329639196733606;7. INTENSIDAD DE LA AYUDA A DOMICILIO;2025-04-30
De 16 a 20;4,65003881987578e-01;2,56875211064942e-02;3,39898348157560e-02;0,215882009832513960;7. INTENSIDAD DE LA AYUDA A DOMICILIO;2025-04-30
De 21 a 30;1,29781314699793e-01;1,34780565874286e-01;1,61386739055100e-01;0,137752409521428781;7. INTENSIDAD DE LA AYUDA A DOMICILIO;2025-04-30
De 31 a 45;3,68465320910973e-02;5,53269120648392e-01;2,95136883446922e-02;0,230819653917729073;7. INTENSIDAD DE LA AYUDA A DOMICILIO;2025-04-30
De 46 a 55;5,82298136645963e-04;1,17484252719985e-01;6,72577105232760e-02;0,057636863594700438;7. INTENSIDAD DE LA AYUDA A DOMICILIO;2025-04-30
De 56 a 65;7,63457556935818e-04;9,75670635911140e-02;8,95229294212776e-02;0,054462128155987000;7. INTENSIDAD DE LA AYUDA A DOMICILIO;2025-04-30
De 66 a 70;1,94099378881988e-04;4,62507524924017e-04;3,26007854915098e-01;0,062969752520623284;7. INTENSIDAD DE LA AYUDA A DOMICILIO;2025-04-30
71 o más;6,08178053830228e-04;1,97483371753271e-03;2,69752801201340e-01;0,052898369580312750;7. INTENSIDAD DE LA AYUDA A DOMICILIO;2025-04-30
Menos de 5;4,77611940298508e-04;0,00000000000000e+00;0,00000000000000e+00;0,000250003906311036;7. INTENSIDAD DE LA AYUDA A DOMICILIO NA NA NA NA NA NA NA NA NA NA NA NA NA NA NA NA;2025-04-30
De 5 a 10;1,76119402985075e-02;5,28178312998468e-04;0,00000000000000e+00;0,009375146486663854;7. INTENSIDAD DE LA AYUDA A DOMICILIO NA NA NA NA NA NA NA NA NA NA NA NA NA NA NA NA;2025-04-30
De 11 a 15;5,97611940298507e-02;1,10917445729678e-03;2,59380944146637e-04;0,031656744636634947;7. INTENSIDAD DE LA AYUDA A DOMICILIO NA NA NA NA NA NA NA NA NA NA NA NA NA NA NA NA;2025-04-30
De 16 a 20;6,68089552238806e-01;3,97718269687847e-02;2,29984437143351e-02;0,365630712979890304;7. INTENSIDAD DE LA AYUDA A DOMICILIO NA NA NA NA NA NA NA NA NA NA NA NA NA NA NA NA;2025-04-30
De 21 a 30;1,52835820895522e-01;4,76945016637617e-02;6,83036486252810e-03;0,095345239769371412;7. INTENSIDAD DE LA AYUDA A DOMICILIO NA NA NA NA NA NA NA NA NA NA NA NA NA NA NA NA;2025-04-30
De 31 a 45;8,67761194029851e-02;6,53356573179105e-01;1,91077295521356e-02;0,242160033750527359;7. INTENSIDAD DE LA AYUDA A DOMICILIO NA NA NA NA NA NA NA NA NA NA NA NA NA NA NA NA;2025-04-30
De 46 a 55;5,97014925373134e-05;1,07114561876089e-01;2,10098564758776e-02;0,035516179940311567;7. INTENSIDAD DE LA AYUDA A DOMICILIO NA NA NA NA NA NA NA NA NA NA NA NA NA NA NA NA;2025-04-30
De 56 a 65;5,01492537313433e-03;1,16040775365763e-01;2,01971295175514e-01;0,073454272723011291;7. INTENSIDAD DE LA AYUDA A DOMICILIO NA NA NA NA NA NA NA NA NA NA NA NA NA NA NA NA;2025-04-30
De 66 a 70;1,79104477611940e-04;3,16906987799081e-04;4,41293446308145e-01;0,079938749042953797;7. INTENSIDAD DE LA AYUDA A DOMICILIO NA NA NA NA NA NA NA NA NA NA NA NA NA NA NA NA;2025-04-30
71 o más;9,19402985074627e-03;3,40675011884012e-02;2,86529482967318e-01;0,066672916764324436;7. INTENSIDAD DE LA AYUDA A DOMICILIO NA NA NA NA NA NA NA NA NA NA NA NA NA NA NA NA;2025-04-30
Menos de 5;2,25973680712482e-03;1,53393014817250e-03;1,17527711797308e-03;0,001787466042861455;7. INTENSIDAD DE LA AYUDA A DOMICILIO NA NA NA NA NA NA NA NA NA NA NA NA NA NA NA NA;2025-04-30
De 5 a 10;2,57966236873588e-01;1,58613533388761e-02;5,61658749010293e-03;0,121283579837005717;7. INTENSIDAD DE LA AYUDA A DOMICILIO NA NA NA NA NA NA NA NA NA NA NA NA NA NA NA NA;2025-04-30
De 11 a 15;5,46005582879171e-02;4,31820671964526e-02;1,25816508313539e-02;0,042413409296709934;7. INTENSIDAD DE LA AYUDA A DOMICILIO NA NA NA NA NA NA NA NA NA NA NA NA NA NA NA NA;2025-04-30
De 16 a 20;5,01140502459125e-01;2,74044999581070e-02;3,24129057798892e-02;0,238464005433142168;7. INTENSIDAD DE LA AYUDA A DOMICILIO NA NA NA NA NA NA NA NA NA NA NA NA NA NA NA NA;2025-04-30
De 21 a 30;1,33877442509637e-01;1,24145220647473e-01;1,39251781472684e-01;0,131341023996377898;7. INTENSIDAD DE LA AYUDA A DOMICILIO NA NA NA NA NA NA NA NA NA NA NA NA NA NA NA NA;2025-04-30
De 31 a 45;4,57370729762063e-02;5,65446612141250e-01;2,80210807600950e-02;0,232512073649260492;7. INTENSIDAD DE LA AYUDA A DOMICILIO NA NA NA NA NA NA NA NA NA NA NA NA NA NA NA NA;2025-04-30
De 46 a 55;4,89166555895255e-04;1,16211321435707e-01;6,06319279493270e-02;0,054293691518261397;7. INTENSIDAD DE LA AYUDA A DOMICILIO NA NA NA NA NA NA NA NA NA NA NA NA NA NA NA NA;2025-04-30
De 56 a 65;1,52066994550047e-03;9,98150260703674e-02;1,05601741884402e-01;0,057323894506489587;7. INTENSIDAD DE LA AYUDA A DOMICILIO NA NA NA NA NA NA NA NA NA NA NA NA NA NA NA NA;2025-04-30
De 66 a 70;1,91413000132926e-04;4,44710841276900e-04;3,42463380839272e-01;0,065525486718985809;7. INTENSIDAD DE LA AYUDA A DOMICILIO NA NA NA NA NA NA NA NA NA NA NA NA NA NA NA NA;2025-04-30
71 o más;2,21720058487306e-03;5,95525822231675e-03;2,72243665874901e-01;0,055055369000905525;7. INTENSIDAD DE LA AYUDA A DOMICILIO NA NA NA NA NA NA NA NA NA NA NA NA NA NA NA NA;2025-04-30
Menos de 5;2,62590506838294e-03;1,78511332543201e-03;1,38674216707354e-03;0,002070370452381480;7. INTENSIDAD DE LA AYUDA A DOMICILIO;2025-05-31
De 5 a 10;3,07179404666130e-01;1,81437747830795e-02;6,47146344634319e-03;0,140209472775182115;7. INTENSIDAD DE LA AYUDA A DOMICILIO;2025-05-31
De 11 a 15;5,19002413515688e-02;4,88126069970590e-02;1,51241567596458e-02;0,043685370120236489;7. INTENSIDAD DE LA AYUDA A DOMICILIO;2025-05-31
De 16 a 20;4,64296057924377e-01;2,63670017412171e-02;3,44229852514192e-02;0,216245765151347413;7. INTENSIDAD DE LA AYUDA A DOMICILIO;2025-05-31
De 21 a 30;1,33283990345937e-01;1,33781074872335e-01;1,62349950163953e-01;0,139041429552047124;7. INTENSIDAD DE LA AYUDA A DOMICILIO;2025-05-31
De 31 a 45;3,84489139179405e-02;5,46954333289437e-01;3,04794372138039e-02;0,229304599100994211;7. INTENSIDAD DE LA AYUDA A DOMICILIO;2025-05-31
De 46 a 55;5,85679806918745e-04;1,21073116485961e-01;6,61013766305054e-02;0,058723234649365602;7. INTENSIDAD DE LA AYUDA A DOMICILIO;2025-05-31
De 56 a 65;8,55993563958166e-04;1,00536997205273e-01;8,97193291634767e-02;0,055595535971302672;7. INTENSIDAD DE LA AYUDA A DOMICILIO;2025-05-31
De 66 a 70;1,86645213193886e-04;4,46278331358003e-04;3,17982867956144e-01;0,061178339717898184;7. INTENSIDAD DE LA AYUDA A DOMICILIO;2025-05-31
71 o más;6,37168141592920e-04;2,09970296884831e-03;2,75961691247635e-01;0,053945882509244703;7. INTENSIDAD DE LA AYUDA A DOMICILIO;2025-05-31
Menos de 5;4,78626342397320e-04;0,00000000000000e+00;0,00000000000000e+00;0,000250050791567037;7. INTENSIDAD DE LA AYUDA A DOMICILIO NA NA NA NA NA NA NA NA NA NA NA NA NA NA NA NA;2025-05-31
De 5 a 10;1,75895180831015e-02;5,26870389884088e-04;8,63707030575229e-05;0,009361276509290950;7. INTENSIDAD DE LA AYUDA A DOMICILIO NA NA NA NA NA NA NA NA NA NA NA NA NA NA NA NA;2025-05-31
De 11 a 15;5,83624996260732e-02;1,21180189673340e-03;2,59112109172569e-04;0,030896900933002017;7. INTENSIDAD DE LA AYUDA A DOMICILIO NA NA NA NA NA NA NA NA NA NA NA NA NA NA NA NA;2025-05-31
De 16 a 20;6,60893236411499e-01;3,93572181243414e-02;2,23700120918984e-02;0,360995202150436789;7. INTENSIDAD DE LA AYUDA A DOMICILIO NA NA NA NA NA NA NA NA NA NA NA NA NA NA NA NA;2025-05-31
De 21 a 30;1,48104938825571e-01;4,64699683877766e-02;6,73691483848679e-03;0,092378139309547247;7. INTENSIDAD DE LA AYUDA A DOMICILIO NA NA NA NA NA NA NA NA NA NA NA NA NA NA NA NA;2025-05-31
De 31 a 45;9,69517484818571e-02;6,46153846153846e-01;1,92606667818276e-02;0,245799928110397387;7. INTENSIDAD DE LA AYUDA A DOMICILIO NA NA NA NA NA NA NA NA NA NA NA NA NA NA NA NA;2025-05-31
De 46 a 55;5,98282927996650e-05;1,02581664910432e-01;2,05562273276904e-02;0,034178817572319380;7. INTENSIDAD DE LA AYUDA A DOMICILIO NA NA NA NA NA NA NA NA NA NA NA NA NA NA NA NA;2025-05-31
De 56 a 65;6,43154147596398e-03;1,28503688092729e-01;2,03143893591294e-01;0,078234641411536715;7. INTENSIDAD DE LA AYUDA A DOMICILIO NA NA NA NA NA NA NA NA NA NA NA NA NA NA NA NA;2025-05-31
De 66 a 70;1,79484878398995e-04;3,16122233930453e-04;4,33321817239592e-01;0,078594089424414343;7. INTENSIDAD DE LA AYUDA A DOMICILIO NA NA NA NA NA NA NA NA NA NA NA NA NA NA NA NA;2025-05-31
71 o más;1,09485775823387e-02;3,48788198103267e-02;2,94264985316980e-01;0,069310953787488083;7. INTENSIDAD DE LA AYUDA A DOMICILIO NA NA NA NA NA NA NA NA NA NA NA NA NA NA NA NA;2025-05-31
Menos de 5;2,24553673094339e-03;1,56736791392324e-03;1,18789828620924e-03;0,001796341013239786;7. INTENSIDAD DE LA AYUDA A DOMICILIO NA NA NA NA NA NA NA NA NA NA NA NA NA NA NA NA;2025-05-31
De 5 a 10;2,55885265783634e-01;1,59948610888068e-02;5,55589927612448e-03;0,120512380410478043;7. INTENSIDAD DE LA AYUDA A DOMICILIO NA NA NA NA NA NA NA NA NA NA NA NA NA NA NA NA;2025-05-31
De 11 a 15;5,30402131141464e-02;4,30062630480167e-02;1,29926375054136e-02;0,041757874862746847;7. INTENSIDAD DE LA AYUDA A DOMICILIO NA NA NA NA NA NA NA NA NA NA NA NA NA NA NA NA;2025-05-31
De 16 a 20;4,99065242374973e-01;2,79492532519672e-02;3,26919507517169e-02;0,238005779327500722;7. INTENSIDAD DE LA AYUDA A DOMICILIO NA NA NA NA NA NA NA NA NA NA NA NA NA NA NA NA;2025-05-31
De 21 a 30;1,35897340839640e-01;1,23128312188855e-01;1,40035884427396e-01;0,132009903387889760;7. INTENSIDAD DE LA AYUDA A DOMICILIO NA NA NA NA NA NA NA NA NA NA NA NA NA NA NA NA;2025-05-31
De 31 a 45;4,88033513576494e-02;5,59017183234302e-01;2,88684031429809e-02;0,231767961646708653;7. INTENSIDAD DE LA AYUDA A DOMICILIO NA NA NA NA NA NA NA NA NA NA NA NA NA NA NA NA;2025-05-31
De 46 a 55;4,92535179192772e-04;1,18811626786575e-01;5,95681494772010e-02;0,055025875304778406;7. INTENSIDAD DE LA AYUDA A DOMICILIO NA NA NA NA NA NA NA NA NA NA NA NA NA NA NA NA;2025-05-31
De 56 a 65;1,84303486407618e-03;1,03940902521278e-01;1,05958052341768e-01;0,058997105633786261;7. INTENSIDAD DE LA AYUDA A DOMICILIO NA NA NA NA NA NA NA NA NA NA NA NA NA NA NA NA;2025-05-31
De 66 a 70;1,85362701846742e-04;4,30383812429741e-04;3,34467611210790e-01;0,063793618286939607;7. INTENSIDAD DE LA AYUDA A DOMICILIO NA NA NA NA NA NA NA NA NA NA NA NA NA NA NA NA;2025-05-31
71 o más;2,54211705389818e-03;6,15384615384615e-03;2,78673513580400e-01;0,056333160125931966;7. INTENSIDAD DE LA AYUDA A DOMICILIO NA NA NA NA NA NA NA NA NA NA NA NA NA NA NA NA;2025-05-31
Menos de 5;2,78298476715694e-03;1,93815394479904e-03;1,34104312967743e-03;0,002187930559382750;7. INTENSIDAD DE LA AYUDA A DOMICILIO;2025-06-30
De 5 a 10;3,04676054175437e-01;1,81793010987730e-02;6,34472018342009e-03;0,139316616147699079;7. INTENSIDAD DE LA AYUDA A DOMICILIO;2025-06-30
De 11 a 15;5,08998317413807e-02;4,85412841362828e-02;1,57320220911621e-02;0,043287406999173328;7. INTENSIDAD DE LA AYUDA A DOMICILIO;2025-06-30
De 16 a 20;4,64227449826303e-01;2,72143044504678e-02;3,55304330271525e-02;0,217032240286580330;7. INTENSIDAD DE LA AYUDA A DOMICILIO;2025-06-30
De 21 a 30;1,35304241012878e-01;1,33215295386319e-01;1,63073728532495e-01;0,139820887296775970;7. INTENSIDAD DE LA AYUDA A DOMICILIO;2025-06-30
De 31 a 45;3,97039160114390e-02;5,39819591384687e-01;3,08584118011795e-02;0,227150730228713155;7. INTENSIDAD DE LA AYUDA A DOMICILIO;2025-06-30
De 46 a 55;6,07778282482550e-04;1,24340590481187e-01;6,54371368008190e-02;0,059790575916230368;7. INTENSIDAD DE LA AYUDA A DOMICILIO;2025-06-30
De 56 a 65;9,78842918103476e-04;1,04128413628282e-01;8,90423798468615e-02;0,056817305042711493;7. INTENSIDAD DE LA AYUDA A DOMICILIO;2025-06-30
De 66 a 70;1,72736985547672e-04;4,37177581533619e-04;3,10876869168986e-01;0,059647285753651143;7. INTENSIDAD DE LA AYUDA A DOMICILIO;2025-06-30
71 o más;6,46164279270922e-04;2,18588790766809e-03;2,81763255418247e-01;0,054949021769082389;7. INTENSIDAD DE LA AYUDA A DOMICILIO;2025-06-30
Menos de 5;4,77726024125164e-04;5,21403618541113e-05;0,00000000000000e+00;0,000263987452831654;7. INTENSIDAD DE LA AYUDA A DOMICILIO NA NA NA NA NA NA NA NA NA NA NA NA NA NA NA NA;2025-06-30
De 5 a 10;1,74668577570763e-02;5,21403618541113e-04;8,52805730854511e-05;0,009255089522803857;7. INTENSIDAD DE LA AYUDA A DOMICILIO NA NA NA NA NA NA NA NA NA NA NA NA NA NA NA NA;2025-06-30
De 11 a 15;5,66403917353398e-02;1,19922832264456e-03;2,55841719256353e-04;0,029861639517368820;7. INTENSIDAD DE LA AYUDA A DOMICILIO NA NA NA NA NA NA NA NA NA NA NA NA NA NA NA NA;2025-06-30
De 16 a 20;6,50155260957841e-01;3,82188852390636e-02;2,11495821251919e-02;0,353370498625712404;7. INTENSIDAD DE LA AYUDA A DOMICILIO NA NA NA NA NA NA NA NA NA NA NA NA NA NA NA NA;2025-06-30
De 21 a 30;1,48154783231817e-01;4,53621148130768e-02;6,56660412757974e-03;0,091758932869543619;7. INTENSIDAD DE LA AYUDA A DOMICILIO NA NA NA NA NA NA NA NA NA NA NA NA NA NA NA NA;2025-06-30
De 31 a 45;1,08443807476412e-01;6,32097606757391e-01;1,88470066518847e-02;0,248086090966970513;7. INTENSIDAD DE LA AYUDA A DOMICILIO NA NA NA NA NA NA NA NA NA NA NA NA NA NA NA NA;2025-06-30
De 46 a 55;5,97157530156455e-05;1,01621565253663e-01;1,96998123827392e-02;0,033883566004627545;7. INTENSIDAD DE LA AYUDA A DOMICILIO NA NA NA NA NA NA NA NA NA NA NA NA NA NA NA NA;2025-06-30
De 56 a 65;6,89716947330706e-03;1,44637363783305e-01;2,00238785604639e-01;0,083124990294578940;7. INTENSIDAD DE LA AYUDA A DOMICILIO NA NA NA NA NA NA NA NA NA NA NA NA NA NA NA NA;2025-06-30
De 66 a 70;1,79147259046937e-04;3,12842171124668e-04;4,20518505884360e-01;0,076758234079227300;7. INTENSIDAD DE LA AYUDA A DOMICILIO NA NA NA NA NA NA NA NA NA NA NA NA NA NA NA NA;2025-06-30
71 o más;1,15251403320196e-02;3,59768496793368e-02;3,12638580931264e-01;0,073636970666335386;7. INTENSIDAD DE LA AYUDA A DOMICILIO NA NA NA NA NA NA NA NA NA NA NA NA NA NA NA NA;2025-06-30
Menos de 5;2,37599768195348e-03;1,70681190549248e-03;1,14694456434606e-03;0,001897821834077486;7. INTENSIDAD DE LA AYUDA A DOMICILIO NA NA NA NA NA NA NA NA NA NA NA NA NA NA NA NA;2025-06-30
De 5 a 10;2,53973605879409e-01;1,60133476526542e-02;5,43873712770549e-03;0,119705521702095793;7. INTENSIDAD DE LA AYUDA A DOMICILIO NA NA NA NA NA NA NA NA NA NA NA NA NA NA NA NA;2025-06-30
De 11 a 15;5,19084371625003e-02;4,27342231768436e-02;1,34920145526300e-02;0,041260659159622966;7. INTENSIDAD DE LA AYUDA A DOMICILIO NA NA NA NA NA NA NA NA NA NA NA NA NA NA NA NA;2025-06-30
De 16 a 20;4,96994441956642e-01;2,85619310626982e-02;3,34463834248011e-02;0,237560023588217123;7. INTENSIDAD DE LA AYUDA A DOMICILIO NA NA NA NA NA NA NA NA NA NA NA NA NA NA NA NA;2025-06-30
De 21 a 30;1,37560256038775e-01;1,22436585864785e-01;1,40420546340260e-01;0,132566716276805857;7. INTENSIDAD DE LA AYUDA A DOMICILIO NA NA NA NA NA NA NA NA NA NA NA NA NA NA NA NA;2025-06-30
De 31 a 45;5,18294128493533e-02;5,51102076301524e-01;2,91175926496886e-02;0,230286989975007711;7. INTENSIDAD DE LA AYUDA A DOMICILIO NA NA NA NA NA NA NA NA NA NA NA NA NA NA NA NA;2025-06-30
De 46 a 55;5,11023891684008e-04;1,21548020865296e-01;5,88148239501757e-02;0,055881609615006600;7. INTENSIDAD DE LA AYUDA A DOMICILIO NA NA NA NA NA NA NA NA NA NA NA NA NA NA NA NA;2025-06-30
De 56 a 65;2,02302241656350e-03;1,09088933210596e-01;1,05111919590553e-01;0,060777100708582554;7. INTENSIDAD DE LA AYUDA A DOMICILIO NA NA NA NA NA NA NA NA NA NA NA NA NA NA NA NA;2025-06-30
De 66 a 70;1,73853488923425e-04;4,21908560908254e-04;3,26694209779861e-01;0,062220942967060738;7. INTENSIDAD DE LA AYUDA A DOMICILIO NA NA NA NA NA NA NA NA NA NA NA NA NA NA NA NA;2025-06-30
71 o más;2,64994863419645e-03;6,38616139920221e-03;2,86316828019979e-01;0,057842614173523162;7. INTENSIDAD DE LA AYUDA A DOMICILIO NA NA NA NA NA NA NA NA NA NA NA NA NA NA NA NA;2025-06-30
Menos de 5;2,76441077096345e-03;1,98474953482433e-03;1,41105276173574e-03;0,002212340496050378;7. INTENSIDAD DE LA AYUDA A DOMICILIO;2025-07-31
De 5 a 10;3,01999078529743e-01;1,86508081287168e-02;6,21154153877486e-03;0,138587526929238258;7. INTENSIDAD DE LA AYUDA A DOMICILIO;2025-07-31
De 11 a 15;4,92282686597727e-02;4,84804261374001e-02;1,60598169995490e-02;0,042647627465061039;7. INTENSIDAD DE LA AYUDA A DOMICILIO;2025-07-31
De 16 a 20;4,64708968977168e-01;2,78667590937283e-02;3,64691677698093e-02;0,218049494558912899;7. INTENSIDAD DE LA AYUDA A DOMICILIO;2025-07-31
De 21 a 30;1,38450906112419e-01;1,32109890911744e-01;1,62591100184746e-01;0,140634149036071382;7. INTENSIDAD DE LA AYUDA A DOMICILIO;2025-07-31
De 31 a 45;4,04295075253404e-02;5,33627640556022e-01;3,17414136712102e-02;0,225462630503231509;7. INTENSIDAD DE LA AYUDA A DOMICILIO;2025-07-31
De 46 a 55;5,82318009624245e-04;1,27629610711810e-01;6,44865659048921e-02;0,060804838976965141;7. INTENSIDAD DE LA AYUDA A DOMICILIO;2025-07-31
De 56 a 65;9,98259445070134e-04;1,07008646794848e-01;8,97982340020075e-02;0,057984864387118154;7. INTENSIDAD DE LA AYUDA A DOMICILIO;2025-07-31
De 66 a 70;1,72775673185216e-04;4,23218650808129e-04;3,04481910885472e-01;0,058045627796497822;7. INTENSIDAD DE LA AYUDA A DOMICILIO;2025-07-31
71 o más;6,65506296713423e-04;2,21824948009778e-03;2,86749196281803e-01;0,055570899850853450;7. INTENSIDAD DE LA AYUDA A DOMICILIO;2025-07-31
Menos de 5;4,63916031198353e-04;5,06457330969866e-05;0,00000000000000e+00;0,000256460542791196;7. INTENSIDAD DE LA AYUDA A DOMICILIO NA NA NA NA NA NA NA NA NA NA NA NA NA NA NA NA;2025-07-31
De 5 a 10;1,67589666270405e-02;6,58394530260826e-04;8,29668962084128e-05;0,008930861254846351;7. INTENSIDAD DE LA AYUDA A DOMICILIO NA NA NA NA NA NA NA NA NA NA NA NA NA NA NA NA;2025-07-31
De 11 a 15;5,36112963553597e-02;1,36743479361864e-03;2,48900688625239e-04;0,028346432935568065;7. INTENSIDAD DE LA AYUDA A DOMICILIO NA NA NA NA NA NA NA NA NA NA NA NA NA NA NA NA;2025-07-31
De 16 a 20;6,43712488039665e-01;3,69207394277032e-02;1,96631544013938e-02;0,349495376167272609;7. INTENSIDAD DE LA AYUDA A DOMICILIO NA NA NA NA NA NA NA NA NA NA NA NA NA NA NA NA;2025-07-31
De 21 a 30;1,43784974919540e-01;4,29982273993416e-02;6,96921928150668e-03;0,088886206948572105;7. INTENSIDAD DE LA AYUDA A DOMICILIO NA NA NA NA NA NA NA NA NA NA NA NA NA NA NA NA;2025-07-31
De 31 a 45;1,23285685290962e-01;6,22182831096480e-01;1,86675516468929e-02;0,252870095192119115;7. INTENSIDAD DE LA AYUDA A DOMICILIO NA NA NA NA NA NA NA NA NA NA NA NA NA NA NA NA;2025-07-31
De 46 a 55;5,79895038997941e-05;9,91136996708027e-02;1,83356840620592e-02;0,032887293134400412;7. INTENSIDAD DE LA AYUDA A DOMICILIO NA NA NA NA NA NA NA NA NA NA NA NA NA NA NA NA;2025-07-31
De 56 a 65;7,16170373162458e-03;1,61863762977969e-01;1,97710113664648e-01;0,087890536605971015;7. INTENSIDAD DE LA AYUDA A DOMICILIO NA NA NA NA NA NA NA NA NA NA NA NA NA NA NA NA;2025-07-31
De 66 a 70;1,73968511699382e-04;3,03874398581919e-04;4,04297685223596e-01;0,073694691266764228;7. INTENSIDAD DE LA AYUDA A DOMICILIO NA NA NA NA NA NA NA NA NA NA NA NA NA NA NA NA;2025-07-31
71 o más;1,09890109890110e-02;3,45403899721448e-02;3,34024724135070e-01;0,076742045951694898;7. INTENSIDAD DE LA AYUDA A DOMICILIO NA NA NA NA NA NA NA NA NA NA NA NA NA NA NA NA;2025-07-31
Menos de 5;2,34829146071067e-03;1,74110474052437e-03;1,20040591045219e-03;0,001909519585414818;7. INTENSIDAD DE LA AYUDA A DOMICILIO NA NA NA NA NA NA NA NA NA NA NA NA NA NA NA NA;2025-07-31
De 5 a 10;2,50407543886318e-01;1,63842420454473e-02;5,29663638838700e-03;0,118513936224847100;7. INTENSIDAD DE LA AYUDA A DOMICILIO NA NA NA NA NA NA NA NA NA NA NA NA NA NA NA NA;2025-07-31
De 11 a 15;5,00165114243331e-02;4,25454568646084e-02;1,36994777615524e-02;0,040431392688734302;7. INTENSIDAD DE LA AYUDA A DOMICILIO NA NA NA NA NA NA NA NA NA NA NA NA NA NA NA NA;2025-07-31
De 16 a 20;4,97030564481043e-01;2,90056569959884e-02;3,39578744152662e-02;0,238372473037956972;7. INTENSIDAD DE LA AYUDA A DOMICILIO NA NA NA NA NA NA NA NA NA NA NA NA NA NA NA NA;2025-07-31
De 21 a 30;1,39403596869644e-01;1,20882414842121e-01;1,39358463480435e-01;0,132615901769457034;7. INTENSIDAD DE LA AYUDA A DOMICILIO NA NA NA NA NA NA NA NA NA NA NA NA NA NA NA NA;2025-07-31
De 31 a 45;5,54050016511424e-02;5,44755320573735e-01;2,97873920253447e-02;0,229686259862738690;7. INTENSIDAD DE LA AYUDA A DOMICILIO NA NA NA NA NA NA NA NA NA NA NA NA NA NA NA NA;2025-07-31
De 46 a 55;4,87480146977885e-04;1,24032985324974e-01;5,75947330643764e-02;0,056480227835099678;7. INTENSIDAD DE LA AYUDA A DOMICILIO NA NA NA NA NA NA NA NA NA NA NA NA NA NA NA NA;2025-07-31
De 56 a 65;2,11241397023750e-03;1,13911618206981e-01;1,05883226493082e-01;0,062607964890984635;7. INTENSIDAD DE LA AYUDA A DOMICILIO NA NA NA NA NA NA NA NA NA NA NA NA NA NA NA NA;2025-07-31
De 66 a 70;1,72976826346992e-04;4,08171074701684e-04;3,19332722817613e-01;0,060462673327419579;7. INTENSIDAD DE LA AYUDA A DOMICILIO NA NA NA NA NA NA NA NA NA NA NA NA NA NA NA NA;2025-07-31
71 o más;2,61561928324693e-03;6,33302933091832e-03;2,93889067643492e-01;0,058919650777347218;7. INTENSIDAD DE LA AYUDA A DOMICILIO NA NA NA NA NA NA NA NA NA NA NA NA NA NA NA NA;2025-07-31
Menos de 5;2,76914850275005e-03;1,96721311475410e-03;1,40178727878045e-03;0,002207694131006389;7. INTENSIDAD DE LA AYUDA A DOMICILIO;2025-08-31
De 5 a 10;2,98565135465472e-01;1,88051001821494e-02;6,23503300040885e-03;0,137557810717100937;7. INTENSIDAD DE LA AYUDA A DOMICILIO;2025-08-31
De 11 a 15;4,79349154613974e-02;4,81530054644809e-02;1,60037380994101e-02;0,041990287248292554;7. INTENSIDAD DE LA AYUDA A DOMICILIO;2025-08-31
De 16 a 20;4,67425901405582e-01;2,80801457194900e-02;3,63734594941884e-02;0,219865388537629991;7. INTENSIDAD DE LA AYUDA A DOMICILIO;2025-08-31
De 21 a 30;1,39284986759014e-01;1,31045537340619e-01;1,63366625781204e-01;0,140713628170287347;7. INTENSIDAD DE LA AYUDA A DOMICILIO;2025-08-31
De 31 a 45;4,15817885516398e-02;5,28393442622951e-01;3,19344664447170e-02;0,223914205864032489;7. INTENSIDAD DE LA AYUDA A DOMICILIO;2025-08-31
De 46 a 55;5,47463841922999e-04;1,30608378870674e-01;6,36060977746627e-02;0,061650065321287022;7. INTENSIDAD DE LA AYUDA A DOMICILIO;2025-08-31
De 56 a 65;1,06309839071094e-03;1,10273224043716e-01;9,01670463173880e-02;0,059194315669942835;7. INTENSIDAD DE LA AYUDA A DOMICILIO;2025-08-31
De 66 a 70;1,71878182929313e-04;4,22586520947177e-04;2,98712107937620e-01;0,056617294430877950;7. INTENSIDAD DE LA AYUDA A DOMICILIO;2025-08-31
71 o más;6,55683438582196e-04;2,25136612021858e-03;2,92199637871620e-01;0,056289309909542423;7. INTENSIDAD DE LA AYUDA A DOMICILIO;2025-08-31
Menos de 5;4,56855690708697e-04;4,95712090417885e-05;0,00000000000000e+00;0,000251698968034231;7. INTENSIDAD DE LA AYUDA A DOMICILIO NA NA NA NA NA NA NA NA NA NA NA NA NA NA NA NA;2025-08-31
De 5 a 10;1,64753583461824e-02;6,93996926585039e-04;8,09978940547546e-05;0,008765046416250869;7. INTENSIDAD DE LA AYUDA A DOMICILIO NA NA NA NA NA NA NA NA NA NA NA NA NA NA NA NA;2025-08-31
De 11 a 15;5,12534978013820e-02;1,38799385317008e-03;1,61995788109509e-04;0,027020624509557157;7. INTENSIDAD DE LA AYUDA A DOMICILIO NA NA NA NA NA NA NA NA NA NA NA NA NA NA NA NA;2025-08-31
De 16 a 20;6,34686768317058e-01;3,53938432558370e-02;1,87105135266483e-02;0,343095305073955081;7. INTENSIDAD DE LA AYUDA A DOMICILIO NA NA NA NA NA NA NA NA NA NA NA NA NA NA NA NA;2025-08-31
De 21 a 30;1,41339729313003e-01;4,14911019679770e-02;6,80382310059938e-03;0,086924978901704156;7. INTENSIDAD DE LA AYUDA A DOMICILIO NA NA NA NA NA NA NA NA NA NA NA NA NA NA NA NA;2025-08-31
De 31 a 45;1,36314316715208e-01;6,05363604818322e-01;1,83055240563745e-02;0,254837802223834398;7. INTENSIDAD DE LA AYUDA A DOMICILIO NA NA NA NA NA NA NA NA NA NA NA NA NA NA NA NA;2025-08-31
De 46 a 55;5,71069613385872e-05;9,62672879591533e-02;1,75765430098817e-02;0,031995380583645490;7. INTENSIDAD DE LA AYUDA A DOMICILIO NA NA NA NA NA NA NA NA NA NA NA NA NA NA NA NA;2025-08-31
De 56 a 65;8,16629547141797e-03;1,85743320279582e-01;1,90993034181111e-01;0,094624006159221813;7. INTENSIDAD DE LA AYUDA A DOMICILIO NA NA NA NA NA NA NA NA NA NA NA NA NA NA NA NA;2025-08-31
De 66 a 70;1,99874364685055e-04;2,97427254250731e-04;3,89518872509315e-01;0,071393671991827182;7. INTENSIDAD DE LA AYUDA A DOMICILIO NA NA NA NA NA NA NA NA NA NA NA NA NA NA NA NA;2025-08-31
71 o más;1,10501970190166e-02;3,33118524760819e-02;3,57848695933906e-01;0,081091485171969638;7. INTENSIDAD DE LA AYUDA A DOMICILIO NA NA NA NA NA NA NA NA NA NA NA NA NA NA NA NA;2025-08-31
Menos de 5;2,34741784037559e-03;1,72139998729594e-03;1,18753092528451e-03;0,001900575284156916;7. INTENSIDAD DE LA AYUDA A DOMICILIO NA NA NA NA NA NA NA NA NA NA NA NA NA NA NA NA;2025-08-31
De 5 a 10;2,47119078104994e-01;1,64835164835165e-02;5,29440870856012e-03;0,117336127659179001;7. INTENSIDAD DE LA AYUDA A DOMICILIO NA NA NA NA NA NA NA NA NA NA NA NA NA NA NA NA;2025-08-31
De 11 a 15;4,85358566773888e-02;4,21584196150670e-02;1,35823849579416e-02;0,039637914850509763;7. INTENSIDAD DE LA AYUDA A DOMICILIO NA NA NA NA NA NA NA NA NA NA NA NA NA NA NA NA;2025-08-31
De 16 a 20;4,97876393616689e-01;2,90160706345677e-02;3,36714497773380e-02;0,239186702478647567;7. INTENSIDAD DE LA AYUDA A DOMICILIO NA NA NA NA NA NA NA NA NA NA NA NA NA NA NA NA;2025-08-31
De 21 a 30;1,39647939373120e-01;1,19564250778124e-01;1,39435922810490e-01;0,132261916932313484;7. INTENSIDAD DE LA AYUDA A DOMICILIO NA NA NA NA NA NA NA NA NA NA NA NA NA NA NA NA;2025-08-31
De 31 a 45;5,88467984551805e-02;5,38232865400495e-01;2,98490846115784e-02;0,228749802507458244;7. INTENSIDAD DE LA AYUDA A DOMICILIO NA NA NA NA NA NA NA NA NA NA NA NA NA NA NA NA;2025-08-31
De 46 a 55;4,58032749341578e-04;1,26202121577844e-01;5,65685304304800e-02;0,056991700666363075;7. INTENSIDAD DE LA AYUDA A DOMICILIO NA NA NA NA NA NA NA NA NA NA NA NA NA NA NA NA;2025-08-31
De 56 a 65;2,35782767558790e-03;1,19939020517055e-01;1,05554181098466e-01;0,064749672394724858;7. INTENSIDAD DE LA AYUDA A DOMICILIO NA NA NA NA NA NA NA NA NA NA NA NA NA NA NA NA;2025-08-31
De 66 a 70;1,76967198609246e-04;4,06529886298672e-04;3,12543295398318e-01;0,058931774458870434;7. INTENSIDAD DE LA AYUDA A DOMICILIO NA NA NA NA NA NA NA NA NA NA NA NA NA NA NA NA;2025-08-31
71 o más;2,63368830871407e-03;6,27580511973576e-03;3,02313211281544e-01;0,060253812767776659;7. INTENSIDAD DE LA AYUDA A DOMICILIO NA NA NA NA NA NA NA NA NA NA NA NA NA NA NA NA;2025-08-31
Menos de 5;2,73431086525468e-03;2,01266541593887e-03;1,32657813404084e-03;0,002190934364276096;7. INTENSIDAD DE LA AYUDA A DOMICILIO;2025-09-30
De 5 a 10;2,75110824839920e-01;1,86387193697482e-02;6,05427680322895e-03;0,126482342209287169;7. INTENSIDAD DE LA AYUDA A DOMICILIO;2025-09-30
De 11 a 15;4,67800805769206e-02;4,73479539099620e-02;1,63423136087159e-02;0,041139068676425875;7. INTENSIDAD DE LA AYUDA A DOMICILIO;2025-09-30
De 16 a 20;4,89384811629346e-01;2,83354538201108e-02;3,56623717523533e-02;0,227963055471091608;7. INTENSIDAD DE LA AYUDA A DOMICILIO;2025-09-30
De 21 a 30;1,40681241238207e-01;1,28616508169265e-01;1,61094568085917e-01;0,140051474740454374;7. INTENSIDAD DE LA AYUDA A DOMICILIO;2025-09-30
De 31 a 45;4,27070309046591e-02;4,99543556236028e-01;3,15838496168447e-02;0,213112484253507678;7. INTENSIDAD DE LA AYUDA A DOMICILIO;2025-09-30
De 46 a 55;5,80962123795451e-04;1,40484046032533e-01;5,98371413652465e-02;0,064821250162894750;7. INTENSIDAD DE LA AYUDA A DOMICILIO;2025-09-30
De 56 a 65;1,15560944189747e-03;1,32196177373328e-01;8,64110416460859e-02;0,067050193301767952;7. INTENSIDAD DE LA AYUDA A DOMICILIO;2025-09-30
De 66 a 70;1,83129365109436e-04;4,09721173958985e-04;2,73105745212323e-01;0,052772468615611835;7. INTENSIDAD DE LA AYUDA A DOMICILIO;2025-09-30
71 o más;6,81999014890312e-04;2,41519849912665e-03;3,28582113775244e-01;0,064416728204682680;7. INTENSIDAD DE LA AYUDA A DOMICILIO;2025-09-30
Menos de 5;4,53180762476633e-04;4,84895505018668e-05;0,00000000000000e+00;0,000248262164846077;7. INTENSIDAD DE LA AYUDA A DOMICILIO NA NA NA NA NA NA NA NA NA NA NA NA NA NA NA NA;2025-09-30
De 5 a 10;1,65127740327423e-02;7,27343257528003e-04;7,97003267713398e-05;0,008747590396635318;7. INTENSIDAD DE LA AYUDA A DOMICILIO NA NA NA NA NA NA NA NA NA NA NA NA NA NA NA NA;2025-09-30
De 11 a 15;4,99065314677392e-02;1,55166561605974e-03;1,59400653542680e-04;0,026228167533150305;7. INTENSIDAD DE LA AYUDA A DOMICILIO NA NA NA NA NA NA NA NA NA NA NA NA NA NA NA NA;2025-09-30
De 16 a 20;6,25134538038860e-01;3,42821122048199e-02;1,76934725432374e-02;0,335884105379987141;7. INTENSIDAD DE LA AYUDA A DOMICILIO NA NA NA NA NA NA NA NA NA NA NA NA NA NA NA NA;2025-09-30
De 21 a 30;1,38899903699088e-01;4,00523687145420e-02;6,61512712202120e-03;0,084891056720602834;7. INTENSIDAD DE LA AYUDA A DOMICILIO NA NA NA NA NA NA NA NA NA NA NA NA NA NA NA NA;2025-09-30
De 31 a 45;1,48020166543930e-01;5,84977937254522e-01;1,72949709093807e-02;0,255666218821192837;7. INTENSIDAD DE LA AYUDA A DOMICILIO NA NA NA NA NA NA NA NA NA NA NA NA NA NA NA NA;2025-09-30
De 46 a 55;5,66475953095791e-05;9,42636861756291e-02;1,65776679684387e-02;0,031456276651673581;7. INTENSIDAD DE LA AYUDA A DOMICILIO NA NA NA NA NA NA NA NA NA NA NA NA NA NA NA NA;2025-09-30
De 56 a 65;9,51679601200929e-03;2,11268971536634e-01;1,85861162030764e-01;0,102590688708452601;7. INTENSIDAD DE LA AYUDA A DOMICILIO NA NA NA NA NA NA NA NA NA NA NA NA NA NA NA NA;2025-09-30
De 66 a 70;2,54914178893106e-04;2,90937303011201e-04;3,72838128636327e-01;0,068534961154273030;7. INTENSIDAD DE LA AYUDA A DOMICILIO NA NA NA NA NA NA NA NA NA NA NA NA NA NA NA NA;2025-09-30
71 o más;1,12445476689515e-02;3,25364883867527e-02;3,82880369809516e-01;0,085752672469186289;7. INTENSIDAD DE LA AYUDA A DOMICILIO NA NA NA NA NA NA NA NA NA NA NA NA NA NA NA NA;2025-09-30
Menos de 5;2,31825691862867e-03;1,75899843505477e-03;1,12688213292414e-03;0,001886248243087953;7. INTENSIDAD DE LA AYUDA A DOMICILIO NA NA NA NA NA NA NA NA NA NA NA NA NA NA NA NA;2025-09-30
De 5 a 10;2,27948161916563e-01;1,63255086071987e-02;5,15488635273808e-03;0,108017470687610737;7. INTENSIDAD DE LA AYUDA A DOMICILIO NA NA NA NA NA NA NA NA NA NA NA NA NA NA NA NA;2025-09-30
De 11 a 15;4,73461379595209e-02;4,14334898278560e-02;1,39062050445958e-02;0,038798569747691407;7. INTENSIDAD DE LA AYUDA A DOMICILIO NA NA NA NA NA NA NA NA NA NA NA NA NA NA NA NA;2025-09-30
De 16 a 20;5,14090251961999e-01;2,91017214397496e-02;3,29553083341325e-02;0,244862033760180925;7. INTENSIDAD DE LA AYUDA A DOMICILIO NA NA NA NA NA NA NA NA NA NA NA NA NA NA NA NA;2025-09-30
De 21 a 30;1,40344898802148e-01;1,17176838810642e-01;1,37839263450657e-01;0,131394129739084264;7. INTENSIDAD DE LA AYUDA A DOMICILIO NA NA NA NA NA NA NA NA NA NA NA NA NA NA NA NA;2025-09-30
De 31 a 45;6,19010739363899e-02;5,10547730829421e-01;2,94308046417953e-02;0,219766233409485284;7. INTENSIDAD DE LA AYUDA A DOMICILIO NA NA NA NA NA NA NA NA NA NA NA NA NA NA NA NA;2025-09-30
De 46 a 55;4,85336637752995e-04;1,34510172143975e-01;5,33231034813465e-02;0,059586215737353669;7. INTENSIDAD DE LA AYUDA A DOMICILIO NA NA NA NA NA NA NA NA NA NA NA NA NA NA NA NA;2025-09-30
De 56 a 65;2,67967781908302e-03;1,42397496087637e-01;1,01359451424187e-01;0,072615979086451524;7. INTENSIDAD DE LA AYUDA A DOMICILIO NA NA NA NA NA NA NA NA NA NA NA NA NA NA NA NA;2025-09-30
De 66 a 70;1,96199917389508e-04;3,94366197183099e-04;2,88074230363479e-01;0,055239146060625487;7. INTENSIDAD DE LA AYUDA A DOMICILIO NA NA NA NA NA NA NA NA NA NA NA NA NA NA NA NA;2025-09-30
71 o más;2,69000413052458e-03;6,35367762128326e-03;3,36829864774144e-01;0,067833973528428779;7. INTENSIDAD DE LA AYUDA A DOMICILIO NA NA NA NA NA NA NA NA NA NA NA NA NA NA NA NA;2025-09-30
Menos de 5;2,67510321745291e-03;1,88632937134042e-03;1,31588060114966e-03;0,002118711231811313;7. INTENSIDAD DE LA AYUDA A DOMICILIO;2025-10-31
De 5 a 10;2,65427650062297e-01;1,81901055362715e-02;5,95609114204585e-03;0,122798072553971641;7. INTENSIDAD DE LA AYUDA A DOMICILIO;2025-10-31
De 11 a 15;4,45300857498840e-02;4,72774446898776e-02;1,56520534663065e-02;0,040057379561041072;7. INTENSIDAD DE LA AYUDA A DOMICILIO;2025-10-31
De 16 a 20;5,01081034861847e-01;2,66680691420357e-02;3,41574901308955e-02;0,233301279680449725;7. INTENSIDAD DE LA AYUDA A DOMICILIO;2025-10-31
De 21 a 30;1,40626145164049e-01;1,26033449037551e-01;1,61742502943417e-01;0,139156002662918860;7. INTENSIDAD DE LA AYUDA A DOMICILIO;2025-10-31
De 31 a 45;4,31497813500110e-02;4,86350408470951e-01;3,02652538264423e-02;0,207660118563291834;7. INTENSIDAD DE LA AYUDA A DOMICILIO;2025-10-31
De 46 a 55;5,68001368089317e-04;1,49118193611725e-01;5,72892859616317e-02;0,067349656039647904;7. INTENSIDAD DE LA AYUDA A DOMICILIO;2025-10-31
De 56 a 65;1,10546502821684e-03;1,41614950387434e-01;8,55876445737239e-02;0,070152589477243663;7. INTENSIDAD DE LA AYUDA A DOMICILIO;2025-10-31
De 66 a 70;1,71011164586031e-04;3,85680726482241e-04;2,62912944109703e-01;0,050362981201060940;7. INTENSIDAD DE LA AYUDA A DOMICILIO;2025-10-31
71 o más;6,65722033567049e-04;2,47536902633148e-03;3,45120853244685e-01;0,067043209028562978;7. INTENSIDAD DE LA AYUDA A DOMICILIO;2025-10-31
Menos de 5;4,51123579665605e-04;4,72925041380941e-05;0,00000000000000e+00;0,000243989953354862;7. INTENSIDAD DE LA AYUDA A DOMICILIO NA NA NA NA NA NA NA NA NA NA NA NA NA NA NA NA;2025-10-31
De 5 a 10;1,65224011052528e-02;8,03972570347600e-04;7,65520936997627e-05;0,008668819519196269;7. INTENSIDAD DE LA AYUDA A DOMICILIO NA NA NA NA NA NA NA NA NA NA NA NA NA NA NA NA;2025-10-31
De 11 a 15;4,86367609326980e-02;1,56065263655711e-03;1,53104187399525e-04;0,025260136347326875;7. INTENSIDAD DE LA AYUDA A DOMICILIO NA NA NA NA NA NA NA NA NA NA NA NA NA NA NA NA;2025-10-31
De 16 a 20;6,12823187751995e-01;3,23953653345945e-02;1,67649085202480e-02;0,324922856117689285;7. INTENSIDAD DE LA AYUDA A DOMICILIO NA NA NA NA NA NA NA NA NA NA NA NA NA NA NA NA;2025-10-31
De 21 a 30;1,37536301350551e-01;3,80231733270277e-02;6,50692796447983e-03;0,082770003588087546;7. INTENSIDAD DE LA AYUDA A DOMICILIO NA NA NA NA NA NA NA NA NA NA NA NA NA NA NA NA;2025-10-31
De 31 a 45;1,61333070177912e-01;5,64436036888153e-01;1,64587001454490e-02;0,256505202726946546;7. INTENSIDAD DE LA AYUDA A DOMICILIO NA NA NA NA NA NA NA NA NA NA NA NA NA NA NA NA;2025-10-31
De 46 a 55;5,63904474582006e-05;9,21730905651454e-02;1,51573145525530e-02;0,030843200574094010;7. INTENSIDAD DE LA AYUDA A DOMICILIO NA NA NA NA NA NA NA NA NA NA NA NA NA NA NA NA;2025-10-31
De 56 a 65;1,07987706882454e-02;2,38212343343580e-01;1,78672586695246e-01;0,111288123430211702;7. INTENSIDAD DE LA AYUDA A DOMICILIO NA NA NA NA NA NA NA NA NA NA NA NA NA NA NA NA;2025-10-31
De 66 a 70;2,53757013561903e-04;3,31047528966659e-04;3,51833422644109e-01;0,066193039110154284;7. INTENSIDAD DE LA AYUDA A DOMICILIO NA NA NA NA NA NA NA NA NA NA NA NA NA NA NA NA;2025-10-31
71 o más;1,15882369526602e-02;3,20170253014897e-02;4,14376483196815e-01;0,093304628632938647;7. INTENSIDAD DE LA AYUDA A DOMICILIO NA NA NA NA NA NA NA NA NA NA NA NA NA NA NA NA;2025-10-31
Menos de 5;2,27894485856989e-03;1,64877441102114e-03;1,11413425904208e-03;0,001827142095435268;7. INTENSIDAD DE LA AYUDA A DOMICILIO NA NA NA NA NA NA NA NA NA NA NA NA NA NA NA NA;2025-10-31
De 5 a 10;2,21092789197601e-01;1,59442592117637e-02;5,05465121733827e-03;0,105048400302515846;7. INTENSIDAD DE LA AYUDA A DOMICILIO NA NA NA NA NA NA NA NA NA NA NA NA NA NA NA NA;2025-10-31
De 11 a 15;4,52576362221720e-02;4,13720245728453e-02;1,32757892761646e-02;0,037754243810807130;7. INTENSIDAD DE LA AYUDA A DOMICILIO NA NA NA NA NA NA NA NA NA NA NA NA NA NA NA NA;2025-10-31
De 16 a 20;5,20934668574154e-01;2,74062946543070e-02;3,14889524792419e-02;0,247525326777336296;7. INTENSIDAD DE LA AYUDA A DOMICILIO NA NA NA NA NA NA NA NA NA NA NA NA NA NA NA NA;2025-10-31
De 21 a 30;1,40064754160078e-01;1,14663100428681e-01;1,37941548998452e-01;0,130380754995638504;7. INTENSIDAD DE LA AYUDA A DOMICILIO NA NA NA NA NA NA NA NA NA NA NA NA NA NA NA NA;2025-10-31
De 31 a 45;6,41869337148307e-02;4,96409335727110e-01;2,81465497021157e-02;0,215236892653728695;7. INTENSIDAD DE LA AYUDA A DOMICILIO NA NA NA NA NA NA NA NA NA NA NA NA NA NA NA NA;2025-10-31
De 46 a 55;4,76871721506915e-04;1,41757959916462e-01;5,08279776704039e-02;0,061669949870716861;7. INTENSIDAD DE LA AYUDA A DOMICILIO NA NA NA NA NA NA NA NA NA NA NA NA NA NA NA NA;2025-10-31
De 56 a 65;2,83111211505158e-03;1,54081021995872e-01;9,98381573392128e-02;0,076541414105358502;7. INTENSIDAD DE LA AYUDA A DOMICILIO NA NA NA NA NA NA NA NA NA NA NA NA NA NA NA NA;2025-10-31
De 66 a 70;1,85728986271114e-04;3,78607457345595e-04;2,76504667636159e-01;0,052819800062912585;7. INTENSIDAD DE LA AYUDA A DOMICILIO NA NA NA NA NA NA NA NA NA NA NA NA NA NA NA NA;2025-10-31
71 o más;2,69056044976533e-03;6,33862162459239e-03;3,55807571421870e-01;0,071196075325550320;7. INTENSIDAD DE LA AYUDA A DOMICILIO NA NA NA NA NA NA NA NA NA NA NA NA NA NA NA NA;2025-10-31
Menos de 5;2,64934570091566e-03;1,86644687097675e-03;1,26369563756134e-03;0,002089147227061780;7. INTENSIDAD DE LA AYUDA A DOMICILIO;2025-11-30
De 5 a 10;2,48008525534930e-01;1,76971860248088e-02;5,80762250453720e-03;0,114831146538388398;7. INTENSIDAD DE LA AYUDA A DOMICILIO;2025-11-30
De 11 a 15;4,23954848004953e-02;4,63546385291854e-02;1,54332190629831e-02;0,038735307872975737;7. INTENSIDAD DE LA AYUDA A DOMICILIO;2025-11-30
De 16 a 20;5,19950466165772e-01;2,60076428955812e-02;3,29501915708812e-02;0,240529456204998549;7. INTENSIDAD DE LA AYUDA A DOMICILIO;2025-11-30
De 21 a 30;1,39897360180036e-01;1,21891242004591e-01;1,61188411642132e-01;0,137174486193126638;7. INTENSIDAD DE LA AYUDA A DOMICILIO;2025-11-30
De 31 a 45;4,46221259064334e-02;4,66713895492599e-01;2,95892989177926e-02;0,200976991114057674;7. INTENSIDAD DE LA AYUDA A DOMICILIO;2025-11-30
De 46 a 55;5,47729897717395e-04;1,57946363493934e-01;5,54412852053505e-02;0,070416852968233662;7. INTENSIDAD DE LA AYUDA A DOMICILIO;2025-11-30
De 56 a 65;1,09545979543479e-03;1,58695666982282e-01;8,43584055925254e-02;0,076463302445818365;7. INTENSIDAD DE LA AYUDA A DOMICILIO;2025-11-30
De 66 a 70;1,60746817808366e-04;3,74651744174165e-04;2,49821872689386e-01;0,047963017211695123;7. INTENSIDAD DE LA AYUDA A DOMICILIO;2025-11-30
71 o más;6,72755200457235e-04;2,45226596186726e-03;3,64145997176850e-01;0,070820292223644110;7. INTENSIDAD DE LA AYUDA A DOMICILIO;2025-11-30
Menos de 5;3,96701708650931e-04;4,64964895150416e-05;0,00000000000000e+00;0,000213340918788224;7. INTENSIDAD DE LA AYUDA A DOMICILIO NA NA NA NA NA NA NA NA NA NA NA NA NA NA NA NA;2025-11-30
De 5 a 10;1,65764642543425e-02;7,90440321755707e-04;1,48016577856720e-04;0,008590527663205803;7. INTENSIDAD DE LA AYUDA A DOMICILIO NA NA NA NA NA NA NA NA NA NA NA NA NA NA NA NA;2025-11-30
De 11 a 15;4,76042050381117e-02;1,53438415399637e-03;2,22024866785080e-04;0,024406201109372777;7. INTENSIDAD DE LA AYUDA A DOMICILIO NA NA NA NA NA NA NA NA NA NA NA NA NA NA NA NA;2025-11-30
De 16 a 20;6,03950015584710e-01;3,05481936113823e-02;1,59857904085258e-02;0,315559664343621094;7. INTENSIDAD DE LA AYUDA A DOMICILIO NA NA NA NA NA NA NA NA NA NA NA NA NA NA NA NA;2025-11-30
De 21 a 30;1,37485477883880e-01;3,69647091644581e-02;6,58673771462404e-03;0,081581567344616704;7. INTENSIDAD DE LA AYUDA A DOMICILIO NA NA NA NA NA NA NA NA NA NA NA NA NA NA NA NA;2025-11-30
De 31 a 45;1,69930010484259e-01;5,44427395731622e-01;1,57637655417407e-02;0,254857061584411904;7. INTENSIDAD DE LA AYUDA A DOMICILIO NA NA NA NA NA NA NA NA NA NA NA NA NA NA NA NA;2025-11-30
De 46 a 55;5,66716726644187e-05;9,20165527502674e-02;1,42835997631735e-02;0,030920210496373203;7. INTENSIDAD DE LA AYUDA A DOMICILIO NA NA NA NA NA NA NA NA NA NA NA NA NA NA NA NA;2025-11-30
De 56 a 65;1,21277379501856e-02;2,61635746501139e-01;1,73401420959147e-01;0,119442469065566756;7. INTENSIDAD DE LA AYUDA A DOMICILIO NA NA NA NA NA NA NA NA NA NA NA NA NA NA NA NA;2025-11-30
De 66 a 70;2,55022526989884e-04;3,71971916120333e-04;3,33111308466548e-01;0,064258284739012947;7. INTENSIDAD DE LA AYUDA A DOMICILIO NA NA NA NA NA NA NA NA NA NA NA NA NA NA NA NA;2025-11-30
71 o más;1,16176928962058e-02;3,16641093597433e-02;4,40497335701599e-01;0,100170672735030580;7. INTENSIDAD DE LA AYUDA A DOMICILIO NA NA NA NA NA NA NA NA NA NA NA NA NA NA NA NA;2025-11-30
Menos de 5;2,25804705986530e-03;1,63381218883304e-03;1,06931188642543e-03;0,001801966493869397;7. INTENSIDAD DE LA AYUDA A DOMICILIO NA NA NA NA NA NA NA NA NA NA NA NA NA NA NA NA;2025-11-30
De 5 a 10;2,07809202402680e-01;1,55360686319942e-02;4,93703573094293e-03;0,098566261441834349;7. INTENSIDAD DE LA AYUDA A DOMICILIO NA NA NA NA NA NA NA NA NA NA NA NA NA NA NA NA;2025-11-30
De 11 a 15;4,32964535378530e-02;4,06254827172376e-02;1,30933827795284e-02;0,036539876125684989;7. INTENSIDAD DE LA AYUDA A DOMICILIO NA NA NA NA NA NA NA NA NA NA NA NA NA NA NA NA;2025-11-30
De 16 a 20;5,34493021699881e-01;2,65865801637377e-02;3,03388808627299e-02;0,251992391697025864;7. INTENSIDAD DE LA AYUDA A DOMICILIO NA NA NA NA NA NA NA NA NA NA NA NA NA NA NA NA;2025-11-30
De 21 a 30;1,39467612521092e-01;1,11033876353094e-01;1,37406577405667e-01;0,128657796116631640;7. INTENSIDAD DE LA AYUDA A DOMICILIO NA NA NA NA NA NA NA NA NA NA NA NA NA NA NA NA;2025-11-30
De 31 a 45;6,63737928795265e-02;4,76621632861607e-01;2,74608392960743e-02;0,209206568907808088;7. INTENSIDAD DE LA AYUDA A DOMICILIO NA NA NA NA NA NA NA NA NA NA NA NA NA NA NA NA;2025-11-30
De 46 a 55;4,62432295484398e-04;1,49514609251536e-01;4,91087171670060e-02;0,064368071242965147;7. INTENSIDAD DE LA AYUDA A DOMICILIO NA NA NA NA NA NA NA NA NA NA NA NA NA NA NA NA;2025-11-30
De 56 a 65;3,01072941315374e-03;1,71841395453843e-01;9,80354238001524e-02;0,083034093728373143;7. INTENSIDAD DE LA AYUDA A DOMICILIO NA NA NA NA NA NA NA NA NA NA NA NA NA NA NA NA;2025-11-30
De 66 a 70;1,77101730185514e-04;3,74291519623570e-04;2,62595697726006e-01;0,050452885540307031;7. INTENSIDAD DE LA AYUDA A DOMICILIO NA NA NA NA NA NA NA NA NA NA NA NA NA NA NA NA;2025-11-30
71 o más;2,65160646027756e-03;6,23225085849404e-03;3,75954133345467e-01;0,075380088705500350;7. INTENSIDAD DE LA AYUDA A DOMICILIO NA NA NA NA NA NA NA NA NA NA NA NA NA NA NA NA;2025-11-30
Menos de 5;2,60644439002204e-03;1,81846242627175e-03;1,36352698981365e-03;0,002074211230589051;7. INTENSIDAD DE LA AYUDA A DOMICILIO;2025-12-31
De 5 a 10;2,41413894039581e-01;1,76478087863273e-02;5,80167366254044e-03;0,112477898267527715;7. INTENSIDAD DE LA AYUDA A DOMICILIO;2025-12-31
De 11 a 15;4,08809432179967e-02;4,57366785884437e-02;1,52795230329118e-02;0,037867002587704986;7. INTENSIDAD DE LA AYUDA A DOMICILIO;2025-12-31
De 16 a 20;5,25038192865223e-01;2,70890509773397e-02;3,31123171938080e-02;0,244243431453642634;7. INTENSIDAD DE LA AYUDA A DOMICILIO;2025-12-31
De 21 a 30;1,41844219757665e-01;1,19307239627718e-01;1,61457637087934e-01;0,137059830875898930;7. INTENSIDAD DE LA AYUDA A DOMICILIO;2025-12-31
De 31 a 45;4,57731285496041e-02;4,58225690646661e-01;3,03050557441916e-02;0,198327477480895770;7. INTENSIDAD DE LA AYUDA A DOMICILIO;2025-12-31
De 46 a 55;5,18956489288505e-04;1,63446892173901e-01;5,42336176242547e-02;0,072101605995988166;7. INTENSIDAD DE LA AYUDA A DOMICILIO;2025-12-31
De 56 a 65;1,08456075289508e-03;1,63970287263382e-01;8,38435419618747e-02;0,078147172875387971;7. INTENSIDAD DE LA AYUDA A DOMICILIO;2025-12-31
De 66 a 70;1,86591097272271e-04;3,28799479288988e-04;2,43777237120017e-01;0,046333325744755662;7. INTENSIDAD DE LA AYUDA A DOMICILIO;2025-12-31
71 o más;6,53068840452950e-04;2,42909003066558e-03;3,70825869582654e-01;0,071368043487609112;7. INTENSIDAD DE LA AYUDA A DOMICILIO;2025-12-31
Menos de 5;4,25725151841971e-04;4,56350111805777e-05;0,00000000000000e+00;0,000225399732337818;7. INTENSIDAD DE LA AYUDA A DOMICILIO NA NA NA NA NA NA NA NA NA NA NA NA NA NA NA NA;2025-12-31
De 5 a 10;1,65465175682579e-02;9,58335234792133e-04;1,44529556294262e-04;0,008537014862294851;7. INTENSIDAD DE LA AYUDA A DOMICILIO NA NA NA NA NA NA NA NA NA NA NA NA NA NA NA NA;2025-12-31
De 11 a 15;4,61769881364591e-02;1,59722539132022e-03;2,16794334441393e-04;0,023455659646404170;7. INTENSIDAD DE LA AYUDA A DOMICILIO NA NA NA NA NA NA NA NA NA NA NA NA NA NA NA NA;2025-12-31
De 16 a 20;6,00357609127547e-01;2,95258522338338e-02;1,51756034108975e-02;0,310065506797210677;7. INTENSIDAD DE LA AYUDA A DOMICILIO NA NA NA NA NA NA NA NA NA NA NA NA NA NA NA NA;2025-12-31
De 21 a 30;1,32655957313958e-01;3,53671336649477e-02;7,08194825841885e-03;0,078143269704867221;7. INTENSIDAD DE LA AYUDA A DOMICILIO NA NA NA NA NA NA NA NA NA NA NA NA NA NA NA NA;2025-12-31
De 31 a 45;1,79173525571891e-01;5,31784785287272e-01;1,56814568579274e-02;0,256152708318658884;7. INTENSIDAD DE LA AYUDA A DOMICILIO NA NA NA NA NA NA NA NA NA NA NA NA NA NA NA NA;2025-12-31
De 46 a 55;5,67633535789294e-05;8,99466070369187e-02;1,38025726261020e-02;0,030485313798689864;7. INTENSIDAD DE LA AYUDA A DOMICILIO NA NA NA NA NA NA NA NA NA NA NA NA NA NA NA NA;2025-12-31
De 56 a 65;1,31690980303116e-02;2,78556108246247e-01;1,70906200317965e-01;0,125843488060857933;7. INTENSIDAD DE LA AYUDA A DOMICILIO NA NA NA NA NA NA NA NA NA NA NA NA NA NA NA NA;2025-12-31
De 66 a 70;2,83816767894647e-04;3,65080089444622e-04;3,20927879751409e-01;0,062816087905895615;7. INTENSIDAD DE LA AYUDA A DOMICILIO NA NA NA NA NA NA NA NA NA NA NA NA NA NA NA NA;2025-12-31
71 o más;1,11539989782596e-02;3,18532378040433e-02;4,56063014886544e-01;0,104275551172782976;7. INTENSIDAD DE LA AYUDA A DOMICILIO NA NA NA NA NA NA NA NA NA NA NA NA NA NA NA NA;2025-12-31
Menos de 5;2,23460444599222e-03;1,59111781876466e-03;1,15054030275002e-03;0,001792641165130985;7. INTENSIDAD DE LA AYUDA A DOMICILIO NA NA NA NA NA NA NA NA NA NA NA NA NA NA NA NA;2025-12-31
De 5 a 10;2,03073306634163e-01;1,55075490350923e-02;4,91799580391184e-03;0,096648232768880099;7. INTENSIDAD DE LA AYUDA A DOMICILIO NA NA NA NA NA NA NA NA NA NA NA NA NA NA NA NA;2025-12-31
De 11 a 15;4,17803316114303e-02;4,00762800601349e-02;1,29266586956031e-02;0,035670557155447292;7. INTENSIDAD DE LA AYUDA A DOMICILIO NA NA NA NA NA NA NA NA NA NA NA NA NA NA NA NA;2025-12-31
De 16 a 20;5,37833497784743e-01;2,73999847907856e-02;3,03088411126402e-02;0,254244120844599908;7. INTENSIDAD DE LA AYUDA A DOMICILIO NA NA NA NA NA NA NA NA NA NA NA NA NA NA NA NA;2025-12-31
De 21 a 30;1,40267378644533e-01;1,08541143849920e-01;1,37342928689061e-01;0,128081638079472315;7. INTENSIDAD DE LA AYUDA A DOMICILIO NA NA NA NA NA NA NA NA NA NA NA NA NA NA NA NA;2025-12-31
De 31 a 45;6,85036856462940e-02;4,67630696874506e-01;2,80190403140298e-02;0,207114383801042551;7. INTENSIDAD DE LA AYUDA A DOMICILIO NA NA NA NA NA NA NA NA NA NA NA NA NA NA NA NA;2025-12-31
De 46 a 55;4,40149360574226e-04;1,54016695037701e-01;4,79166196674713e-02;0,065761625899805082;7. INTENSIDAD DE LA AYUDA A DOMICILIO NA NA NA NA NA NA NA NA NA NA NA NA NA NA NA NA;2025-12-31
De 56 a 65;3,14392400410161e-03;1,78649772739238e-01;9,74236921063911e-02;0,085401339334535573;7. INTENSIDAD DE LA AYUDA A DOMICILIO NA NA NA NA NA NA NA NA NA NA NA NA NA NA NA NA;2025-12-31
De 66 a 70;2,03145858726566e-04;3,33432778197006e-04;2,55792180837864e-01;0,048838750211750374;7. INTENSIDAD DE LA AYUDA A DOMICILIO NA NA NA NA NA NA NA NA NA NA NA NA NA NA NA NA;2025-12-31
71 o más;2,51997600944145e-03;6,25332701565964e-03;3,84201502470278e-01;0,076446710739335802;7. INTENSIDAD DE LA AYUDA A DOMICILIO NA NA NA NA NA NA NA NA NA NA NA NA NA NA NA NA;2025-12-31
Menos de 5;2,53186608983479e-03;1,78018419868199e-03;1,30231059436381e-03;0,002017449165590104;7. INTENSIDAD DE LA AYUDA A DOMICILIO;2026-01-31
De 5 a 10;2,38837432130310e-01;1,75264172617408e-02;5,71942590926789e-03;0,111652412216944039;7. INTENSIDAD DE LA AYUDA A DOMICILIO;2026-01-31
De 11 a 15;4,07537527946343e-02;4,51562195605296e-02;1,56680047796141e-02;0,037686860540666264;7. INTENSIDAD DE LA AYUDA A DOMICILIO;2026-01-31
De 16 a 20;5,27104323335559e-01;2,73073538401596e-02;3,34975766282239e-02;0,246063066775544875;7. INTENSIDAD DE LA AYUDA A DOMICILIO;2026-01-31
De 21 a 30;1,42365204262362e-01;1,19225317578143e-01;1,62574010176819e-01;0,137462109624850531;7. INTENSIDAD DE LA AYUDA A DOMICILIO;2026-01-31
De 31 a 45;4,60497662669493e-02;4,53470015652186e-01;3,07989742625834e-02;0,196506627497478187;7. INTENSIDAD DE LA AYUDA A DOMICILIO;2026-01-31
De 46 a 55;4,70369617606922e-04;1,65342164838339e-01;5,40928802545547e-02;0,072615529302311466;7. INTENSIDAD DE LA AYUDA A DOMICILIO;2026-01-31
De 56 a 65;1,08591504311721e-03;1,67444797495650e-01;8,42205603963321e-02;0,079347944249637842;7. INTENSIDAD DE LA AYUDA A DOMICILIO;2026-01-31
De 66 a 70;1,80018001800180e-04;3,22448458629191e-04;2,38376542298243e-01;0,045086702279616434;7. INTENSIDAD DE LA AYUDA A DOMICILIO;2026-01-31
71 o más;6,21352457826428e-04;2,42508111594037e-03;3,73749714699999e-01;0,071561298347360247;7. INTENSIDAD DE LA AYUDA A DOMICILIO;2026-01-31
Menos de 5;4,66839786420798e-04;9,14536558598930e-05;0,00000000000000e+00;0,000256713778398962;7. INTENSIDAD DE LA AYUDA A DOMICILIO NA NA NA NA NA NA NA NA NA NA NA NA NA NA NA NA;2026-01-31
De 5 a 10;1,69521197444052e-02;9,60263386528876e-04;1,43112701252236e-04;0,008614173452942938;7. INTENSIDAD DE LA AYUDA A DOMICILIO NA NA NA NA NA NA NA NA NA NA NA NA NA NA NA NA;2026-01-31
De 11 a 15;4,62754938289616e-02;1,50898532168823e-03;2,86225402504472e-04;0,023147025685639717;7. INTENSIDAD DE LA AYUDA A DOMICILIO NA NA NA NA NA NA NA NA NA NA NA NA NA NA NA NA;2026-01-31
De 16 a 20;6,04382458495025e-01;2,84878138003567e-02;1,36672629695886e-02;0,307029678965158259;7. INTENSIDAD DE LA AYUDA A DOMICILIO NA NA NA NA NA NA NA NA NA NA NA NA NA NA NA NA;2026-01-31
De 21 a 30;1,14550812593003e-01;3,47066623988294e-02;7,01252236135957e-03;0,068214555671235216;7. INTENSIDAD DE LA AYUDA A DOMICILIO NA NA NA NA NA NA NA NA NA NA NA NA NA NA NA NA;2026-01-31
De 31 a 45;1,90937472646106e-01;5,23983721249257e-01;1,58139534883721e-02;0,259908438752371018;7. INTENSIDAD DE LA AYUDA A DOMICILIO NA NA NA NA NA NA NA NA NA NA NA NA NA NA NA NA;2026-01-31
De 46 a 55;5,83549733025997e-05;8,28112853811331e-02;1,32379248658318e-02;0,028495229402284751;7. INTENSIDAD DE LA AYUDA A DOMICILIO NA NA NA NA NA NA NA NA NA NA NA NA NA NA NA NA;2026-01-31
De 56 a 65;1,47638082455577e-02;2,95944030362614e-01;1,71091234347048e-01;0,133619521656659579;7. INTENSIDAD DE LA AYUDA A DOMICILIO NA NA NA NA NA NA NA NA NA NA NA NA NA NA NA NA;2026-01-31
De 66 a 70;2,91774866512999e-04;3,20087795509625e-04;3,09194991055456e-01;0,061868020594149781;7. INTENSIDAD DE LA AYUDA A DOMICILIO NA NA NA NA NA NA NA NA NA NA NA NA NA NA NA NA;2026-01-31
71 o más;1,13208648207043e-02;3,11856966482235e-02;4,69552772808587e-01;0,108846642041159777;7. INTENSIDAD DE LA AYUDA A DOMICILIO NA NA NA NA NA NA NA NA NA NA NA NA NA NA NA NA;2026-01-31
Menos de 5;2,18892558621558e-03;1,56379034666948e-03;1,09642925770609e-03;0,001752193462772331;7. INTENSIDAD DE LA AYUDA A DOMICILIO NA NA NA NA NA NA NA NA NA NA NA NA NA NA NA NA;2026-01-31
De 5 a 10;2,01991341152770e-01;1,54036277593286e-02;4,83785280719800e-03;0,096130143310529062;7. INTENSIDAD DE LA AYUDA A DOMICILIO NA NA NA NA NA NA NA NA NA NA NA NA NA NA NA NA;2026-01-31
De 11 a 15;4,16670702296435e-02;3,95633100814694e-02;1,32362748533385e-02;0,035494801396601258;7. INTENSIDAD DE LA AYUDA A DOMICILIO NA NA NA NA NA NA NA NA NA NA NA NA NA NA NA NA;2026-01-31
De 16 a 20;5,39889778879774e-01;2,74571129033203e-02;3,03609173834903e-02;0,255223297301707952;7. INTENSIDAD DE LA AYUDA A DOMICILIO NA NA NA NA NA NA NA NA NA NA NA NA NA NA NA NA;2026-01-31
De 21 a 30;1,37737658237043e-01;1,08393512905663e-01;1,37980535554827e-01;0,127025436867352931;7. INTENSIDAD DE LA AYUDA A DOMICILIO NA NA NA NA NA NA NA NA NA NA NA NA NA NA NA NA;2026-01-31
De 31 a 45;7,00940463161157e-02;4,62477817018959e-01;2,84280369394929e-02;0,206037337181287611;7. INTENSIDAD DE LA AYUDA A DOMICILIO NA NA NA NA NA NA NA NA NA NA NA NA NA NA NA NA;2026-01-31
De 46 a 55;4,01948724902418e-04;1,54762532286121e-01;4,76325040409635e-02;0,065967077659103895;7. INTENSIDAD DE LA AYUDA A DOMICILIO NA NA NA NA NA NA NA NA NA NA NA NA NA NA NA NA;2026-01-31
De 56 a 65;3,35602971514911e-03;1,83894716497110e-01;9,79326091625315e-02;0,087513044822654831;7. INTENSIDAD DE LA AYUDA A DOMICILIO NA NA NA NA NA NA NA NA NA NA NA NA NA NA NA NA;2026-01-31
De 66 a 70;1,98552984590351e-04;3,22129097628544e-04;2,49533734980615e-01;0,047609844922289361;7. INTENSIDAD DE LA AYUDA A DOMICILIO NA NA NA NA NA NA NA NA NA NA NA NA NA NA NA NA;2026-01-31
71 o más;2,47464817379682e-03;6,16145110373143e-03;3,88961105019837e-01;0,077246823075700771;7. INTENSIDAD DE LA AYUDA A DOMICILIO NA NA NA NA NA NA NA NA NA NA NA NA NA NA NA NA;2026-01-31
