ccaa;fecha;variable;valor
Andalucía;2023-01-31;Personas solicitantes pendientes de resolución de grado;0
Andalucía;2023-01-31;Menos de 6 meses pendientes de resolución de grado;14318
Andalucía;2023-01-31;6 meses o más pendientes de resolución de grado (1);32642
Andalucía;2023-02-28;Personas solicitantes pendientes de resolución de grado;0
Andalucía;2023-02-28;Menos de 6 meses pendientes de resolución de grado;15789
Andalucía;2023-02-28;6 meses o más pendientes de resolución de grado (1);32416
Andalucía;2023-03-31;Personas solicitantes pendientes de resolución de grado;0
Andalucía;2023-03-31;Menos de 6 meses pendientes de resolución de grado;16308
Andalucía;2023-03-31;6 meses o más pendientes de resolución de grado (1);32363
Andalucía;2023-04-30;Personas solicitantes pendientes de resolución de grado;0
Andalucía;2023-04-30;Menos de 6 meses pendientes de resolución de grado;15928
Andalucía;2023-04-30;6 meses o más pendientes de resolución de grado (1);33251
Andalucía;2023-05-31;Personas solicitantes pendientes de resolución de grado;0
Andalucía;2023-05-31;Menos de 6 meses pendientes de resolución de grado;15838
Andalucía;2023-05-31;6 meses o más pendientes de resolución de grado (1);33062
Andalucía;2023-06-30;Personas solicitantes pendientes de resolución de grado;0
Andalucía;2023-06-30;Menos de 6 meses pendientes de resolución de grado;17643
Andalucía;2023-06-30;6 meses o más pendientes de resolución de grado (1);31602
Andalucía;2023-07-31;Personas solicitantes pendientes de resolución de grado;0
Andalucía;2023-07-31;Menos de 6 meses pendientes de resolución de grado;14736
Andalucía;2023-07-31;6 meses o más pendientes de resolución de grado (1);29673
Andalucía;2023-08-31;Personas solicitantes pendientes de resolución de grado;0
Andalucía;2023-08-31;Menos de 6 meses pendientes de resolución de grado;10825
Andalucía;2023-08-31;6 meses o más pendientes de resolución de grado (1);29825
Andalucía;2023-09-30;Personas solicitantes pendientes de resolución de grado;0
Andalucía;2023-09-30;Menos de 6 meses pendientes de resolución de grado;6950
Andalucía;2023-09-30;6 meses o más pendientes de resolución de grado (1);30520
Andalucía;2023-10-31;Personas solicitantes pendientes de resolución de grado;0
Andalucía;2023-10-31;Menos de 6 meses pendientes de resolución de grado;4620
Andalucía;2023-10-31;6 meses o más pendientes de resolución de grado (1);29211
Andalucía;2023-11-30;Personas solicitantes pendientes de resolución de grado;0
Andalucía;2023-11-30;Menos de 6 meses pendientes de resolución de grado;2194
Andalucía;2023-11-30;6 meses o más pendientes de resolución de grado (1);25801
Andalucía;2023-12-31;Personas solicitantes pendientes de resolución de grado;0
Andalucía;2023-12-31;Menos de 6 meses pendientes de resolución de grado;1686
Andalucía;2023-12-31;6 meses o más pendientes de resolución de grado (1);26745
Andalucía;2024-01-31;Personas solicitantes pendientes de resolución de grado;0
Andalucía;2024-01-31;Menos de 6 meses pendientes de resolución de grado;1864
Andalucía;2024-01-31;6 meses o más pendientes de resolución de grado (1);27267
Andalucía;2024-02-29;Personas solicitantes pendientes de resolución de grado;0
Andalucía;2024-02-29;Menos de 6 meses pendientes de resolución de grado;1857
Andalucía;2024-02-29;6 meses o más pendientes de resolución de grado (1);26593
Andalucía;2024-03-31;Personas solicitantes pendientes de resolución de grado;0
Andalucía;2024-03-31;Menos de 6 meses pendientes de resolución de grado;1832
Andalucía;2024-03-31;6 meses o más pendientes de resolución de grado (1);31328
Andalucía;2024-04-30;Personas solicitantes pendientes de resolución de grado;0
Andalucía;2024-04-30;Menos de 6 meses pendientes de resolución de grado;1449
Andalucía;2024-04-30;6 meses o más pendientes de resolución de grado (1);30998
Andalucía;2024-05-31;Personas solicitantes pendientes de resolución de grado;0
Andalucía;2024-05-31;Menos de 6 meses pendientes de resolución de grado;875
Andalucía;2024-05-31;6 meses o más pendientes de resolución de grado (1);30474
Andalucía;2024-06-30;Personas solicitantes pendientes de resolución de grado;0
Andalucía;2024-06-30;Menos de 6 meses pendientes de resolución de grado;617
Andalucía;2024-06-30;6 meses o más pendientes de resolución de grado (1);29831
Andalucía;2024-07-31;Personas solicitantes pendientes de resolución de grado;0
Andalucía;2024-07-31;Menos de 6 meses pendientes de resolución de grado;411
Andalucía;2024-07-31;6 meses o más pendientes de resolución de grado (1);36112
Andalucía;2024-08-31;Personas solicitantes pendientes de resolución de grado;0
Andalucía;2024-08-31;Menos de 6 meses pendientes de resolución de grado;158
Andalucía;2024-08-31;6 meses o más pendientes de resolución de grado (1);29479
Andalucía;2024-09-30;Personas solicitantes pendientes de resolución de grado;0
Andalucía;2024-09-30;Menos de 6 meses pendientes de resolución de grado;55
Andalucía;2024-09-30;6 meses o más pendientes de resolución de grado (1);29360
Andalucía;2024-10-31;Personas solicitantes pendientes de resolución de grado;0
Andalucía;2024-10-31;Menos de 6 meses pendientes de resolución de grado;2330
Andalucía;2024-10-31;6 meses o más pendientes de resolución de grado (1);29360
Andalucía;2024-11-30;Personas solicitantes pendientes de resolución de grado;0
Andalucía;2024-11-30;Menos de 6 meses pendientes de resolución de grado;456
Andalucía;2024-11-30;6 meses o más pendientes de resolución de grado (1);35512
Andalucía;2024-12-31;Personas solicitantes pendientes de resolución de grado;0
Andalucía;2024-12-31;Menos de 6 meses pendientes de resolución de grado;229
Andalucía;2024-12-31;6 meses o más pendientes de resolución de grado (1);31870
Andalucía;2025-01-31;Personas solicitantes pendientes de resolución de grado;0
Andalucía;2025-01-31;Menos de 6 meses pendientes de resolución de grado;132
Andalucía;2025-01-31;6 meses o más pendientes de resolución de grado (1);32301
Andalucía;2025-02-28;Personas solicitantes pendientes de resolución de grado;0
Andalucía;2025-02-28;Menos de 6 meses pendientes de resolución de grado;81
Andalucía;2025-02-28;6 meses o más pendientes de resolución de grado (1);30725
Andalucía;2025-03-31;Personas solicitantes pendientes de resolución de grado;0
Andalucía;2025-03-31;Menos de 6 meses pendientes de resolución de grado;198
Andalucía;2025-03-31;6 meses o más pendientes de resolución de grado (1);28960
Andalucía;2025-04-30;Personas solicitantes pendientes de resolución de grado;0
Andalucía;2025-04-30;Menos de 6 meses pendientes de resolución de grado;248
Andalucía;2025-04-30;6 meses o más pendientes de resolución de grado (1);28488
Andalucía;2025-05-31;Personas solicitantes pendientes de resolución de grado;0
Andalucía;2025-05-31;Menos de 6 meses pendientes de resolución de grado;297
Andalucía;2025-05-31;6 meses o más pendientes de resolución de grado (1);28311
Andalucía;2025-06-30;Personas solicitantes pendientes de resolución de grado;0
Andalucía;2025-06-30;Menos de 6 meses pendientes de resolución de grado;233
Andalucía;2025-06-30;6 meses o más pendientes de resolución de grado (1);28871
Andalucía;2025-07-31;Personas solicitantes pendientes de resolución de grado;0
Andalucía;2025-07-31;Menos de 6 meses pendientes de resolución de grado;1467
Andalucía;2025-07-31;6 meses o más pendientes de resolución de grado (1);28467
Andalucía;2025-08-31;Personas solicitantes pendientes de resolución de grado;0
Andalucía;2025-08-31;Menos de 6 meses pendientes de resolución de grado;2987
Andalucía;2025-08-31;6 meses o más pendientes de resolución de grado (1);28842
Andalucía;2025-09-30;Personas solicitantes pendientes de resolución de grado;0
Andalucía;2025-09-30;Menos de 6 meses pendientes de resolución de grado;2554
Andalucía;2025-09-30;6 meses o más pendientes de resolución de grado (1);27208
Andalucía;2025-10-31;Personas solicitantes pendientes de resolución de grado;0
Andalucía;2025-10-31;Menos de 6 meses pendientes de resolución de grado;1749
Andalucía;2025-10-31;6 meses o más pendientes de resolución de grado (1);18507
Andalucía;2025-11-30;Personas solicitantes pendientes de resolución de grado;0
Andalucía;2025-11-30;Menos de 6 meses pendientes de resolución de grado;717
Andalucía;2025-11-30;6 meses o más pendientes de resolución de grado (1);14900
Andalucía;2025-12-31;Personas solicitantes pendientes de resolución de grado;0
Andalucía;2025-12-31;Menos de 6 meses pendientes de resolución de grado;270
Andalucía;2025-12-31;6 meses o más pendientes de resolución de grado (1);14401
Andalucía;2026-01-31;Personas solicitantes pendientes de resolución de grado;0
Andalucía;2026-01-31;Menos de 6 meses pendientes de resolución de grado;2232
Andalucía;2026-01-31;6 meses o más pendientes de resolución de grado (1);15338
Aragón;2023-01-31;Personas solicitantes pendientes de resolución de grado;0
Aragón;2023-01-31;Menos de 6 meses pendientes de resolución de grado;3687
Aragón;2023-01-31;6 meses o más pendientes de resolución de grado (1);431
Aragón;2023-02-28;Personas solicitantes pendientes de resolución de grado;0
Aragón;2023-02-28;Menos de 6 meses pendientes de resolución de grado;3865
Aragón;2023-02-28;6 meses o más pendientes de resolución de grado (1);235
Aragón;2023-03-31;Personas solicitantes pendientes de resolución de grado;0
Aragón;2023-03-31;Menos de 6 meses pendientes de resolución de grado;3912
Aragón;2023-03-31;6 meses o más pendientes de resolución de grado (1);235
Aragón;2023-04-30;Personas solicitantes pendientes de resolución de grado;0
Aragón;2023-04-30;Menos de 6 meses pendientes de resolución de grado;3839
Aragón;2023-04-30;6 meses o más pendientes de resolución de grado (1);287
Aragón;2023-05-31;Personas solicitantes pendientes de resolución de grado;0
Aragón;2023-05-31;Menos de 6 meses pendientes de resolución de grado;3790
Aragón;2023-05-31;6 meses o más pendientes de resolución de grado (1);335
Aragón;2023-06-30;Personas solicitantes pendientes de resolución de grado;0
Aragón;2023-06-30;Menos de 6 meses pendientes de resolución de grado;4014
Aragón;2023-06-30;6 meses o más pendientes de resolución de grado (1);524
Aragón;2023-07-31;Personas solicitantes pendientes de resolución de grado;0
Aragón;2023-07-31;Menos de 6 meses pendientes de resolución de grado;3884
Aragón;2023-07-31;6 meses o más pendientes de resolución de grado (1);859
Aragón;2023-08-31;Personas solicitantes pendientes de resolución de grado;0
Aragón;2023-08-31;Menos de 6 meses pendientes de resolución de grado;3782
Aragón;2023-08-31;6 meses o más pendientes de resolución de grado (1);1106
Aragón;2023-09-30;Personas solicitantes pendientes de resolución de grado;0
Aragón;2023-09-30;Menos de 6 meses pendientes de resolución de grado;3811
Aragón;2023-09-30;6 meses o más pendientes de resolución de grado (1);1316
Aragón;2023-10-31;Personas solicitantes pendientes de resolución de grado;0
Aragón;2023-10-31;Menos de 6 meses pendientes de resolución de grado;3903
Aragón;2023-10-31;6 meses o más pendientes de resolución de grado (1);1344
Aragón;2023-11-30;Personas solicitantes pendientes de resolución de grado;0
Aragón;2023-11-30;Menos de 6 meses pendientes de resolución de grado;3883
Aragón;2023-11-30;6 meses o más pendientes de resolución de grado (1);1598
Aragón;2023-12-31;Personas solicitantes pendientes de resolución de grado;0
Aragón;2023-12-31;Menos de 6 meses pendientes de resolución de grado;3898
Aragón;2023-12-31;6 meses o más pendientes de resolución de grado (1);1647
Aragón;2024-01-31;Personas solicitantes pendientes de resolución de grado;0
Aragón;2024-01-31;Menos de 6 meses pendientes de resolución de grado;4434
Aragón;2024-01-31;6 meses o más pendientes de resolución de grado (1);1485
Aragón;2024-02-29;Personas solicitantes pendientes de resolución de grado;0
Aragón;2024-02-29;Menos de 6 meses pendientes de resolución de grado;4707
Aragón;2024-02-29;6 meses o más pendientes de resolución de grado (1);1356
Aragón;2024-03-31;Personas solicitantes pendientes de resolución de grado;0
Aragón;2024-03-31;Menos de 6 meses pendientes de resolución de grado;4772
Aragón;2024-03-31;6 meses o más pendientes de resolución de grado (1);1519
Aragón;2024-04-30;Personas solicitantes pendientes de resolución de grado;0
Aragón;2024-04-30;Menos de 6 meses pendientes de resolución de grado;5265
Aragón;2024-04-30;6 meses o más pendientes de resolución de grado (1);1572
Aragón;2024-05-31;Personas solicitantes pendientes de resolución de grado;0
Aragón;2024-05-31;Menos de 6 meses pendientes de resolución de grado;5557
Aragón;2024-05-31;6 meses o más pendientes de resolución de grado (1);1665
Aragón;2024-06-30;Personas solicitantes pendientes de resolución de grado;0
Aragón;2024-06-30;Menos de 6 meses pendientes de resolución de grado;5874
Aragón;2024-06-30;6 meses o más pendientes de resolución de grado (1);1025
Aragón;2024-07-31;Personas solicitantes pendientes de resolución de grado;0
Aragón;2024-07-31;Menos de 6 meses pendientes de resolución de grado;5715
Aragón;2024-07-31;6 meses o más pendientes de resolución de grado (1);911
Aragón;2024-08-31;Personas solicitantes pendientes de resolución de grado;0
Aragón;2024-08-31;Menos de 6 meses pendientes de resolución de grado;5181
Aragón;2024-08-31;6 meses o más pendientes de resolución de grado (1);1002
Aragón;2024-09-30;Personas solicitantes pendientes de resolución de grado;0
Aragón;2024-09-30;Menos de 6 meses pendientes de resolución de grado;4642
Aragón;2024-09-30;6 meses o más pendientes de resolución de grado (1);700
Aragón;2024-10-31;Personas solicitantes pendientes de resolución de grado;0
Aragón;2024-10-31;Menos de 6 meses pendientes de resolución de grado;4567
Aragón;2024-10-31;6 meses o más pendientes de resolución de grado (1);700
Aragón;2024-11-30;Personas solicitantes pendientes de resolución de grado;0
Aragón;2024-11-30;Menos de 6 meses pendientes de resolución de grado;4047
Aragón;2024-11-30;6 meses o más pendientes de resolución de grado (1);940
Aragón;2024-12-31;Personas solicitantes pendientes de resolución de grado;0
Aragón;2024-12-31;Menos de 6 meses pendientes de resolución de grado;3602
Aragón;2024-12-31;6 meses o más pendientes de resolución de grado (1);1061
Aragón;2025-01-31;Personas solicitantes pendientes de resolución de grado;0
Aragón;2025-01-31;Menos de 6 meses pendientes de resolución de grado;3595
Aragón;2025-01-31;6 meses o más pendientes de resolución de grado (1);819
Aragón;2025-02-28;Personas solicitantes pendientes de resolución de grado;0
Aragón;2025-02-28;Menos de 6 meses pendientes de resolución de grado;3891
Aragón;2025-02-28;6 meses o más pendientes de resolución de grado (1);512
Aragón;2025-03-31;Personas solicitantes pendientes de resolución de grado;0
Aragón;2025-03-31;Menos de 6 meses pendientes de resolución de grado;4136
Aragón;2025-03-31;6 meses o más pendientes de resolución de grado (1);574
Aragón;2025-04-30;Personas solicitantes pendientes de resolución de grado;0
Aragón;2025-04-30;Menos de 6 meses pendientes de resolución de grado;3996
Aragón;2025-04-30;6 meses o más pendientes de resolución de grado (1);578
Aragón;2025-05-31;Personas solicitantes pendientes de resolución de grado;0
Aragón;2025-05-31;Menos de 6 meses pendientes de resolución de grado;4160
Aragón;2025-05-31;6 meses o más pendientes de resolución de grado (1);535
Aragón;2025-06-30;Personas solicitantes pendientes de resolución de grado;0
Aragón;2025-06-30;Menos de 6 meses pendientes de resolución de grado;4248
Aragón;2025-06-30;6 meses o más pendientes de resolución de grado (1);342
Aragón;2025-07-31;Personas solicitantes pendientes de resolución de grado;0
Aragón;2025-07-31;Menos de 6 meses pendientes de resolución de grado;4467
Aragón;2025-07-31;6 meses o más pendientes de resolución de grado (1);262
Aragón;2025-08-31;Personas solicitantes pendientes de resolución de grado;0
Aragón;2025-08-31;Menos de 6 meses pendientes de resolución de grado;4271
Aragón;2025-08-31;6 meses o más pendientes de resolución de grado (1);289
Aragón;2025-09-30;Personas solicitantes pendientes de resolución de grado;0
Aragón;2025-09-30;Menos de 6 meses pendientes de resolución de grado;4102
Aragón;2025-09-30;6 meses o más pendientes de resolución de grado (1);372
Aragón;2025-10-31;Personas solicitantes pendientes de resolución de grado;0
Aragón;2025-10-31;Menos de 6 meses pendientes de resolución de grado;4048
Aragón;2025-10-31;6 meses o más pendientes de resolución de grado (1);335
Aragón;2025-11-30;Personas solicitantes pendientes de resolución de grado;0
Aragón;2025-11-30;Menos de 6 meses pendientes de resolución de grado;3818
Aragón;2025-11-30;6 meses o más pendientes de resolución de grado (1);275
Aragón;2025-12-31;Personas solicitantes pendientes de resolución de grado;0
Aragón;2025-12-31;Menos de 6 meses pendientes de resolución de grado;3815
Aragón;2025-12-31;6 meses o más pendientes de resolución de grado (1);282
Aragón;2026-01-31;Personas solicitantes pendientes de resolución de grado;0
Aragón;2026-01-31;Menos de 6 meses pendientes de resolución de grado;3933
Aragón;2026-01-31;6 meses o más pendientes de resolución de grado (1);384
Principado de Asturias;2023-01-31;Personas solicitantes pendientes de resolución de grado;0
Principado de Asturias;2023-01-31;Menos de 6 meses pendientes de resolución de grado;3444
Principado de Asturias;2023-01-31;6 meses o más pendientes de resolución de grado (1);531
Principado de Asturias;2023-02-28;Personas solicitantes pendientes de resolución de grado;0
Principado de Asturias;2023-02-28;Menos de 6 meses pendientes de resolución de grado;3694
Principado de Asturias;2023-02-28;6 meses o más pendientes de resolución de grado (1);656
Principado de Asturias;2023-03-31;Personas solicitantes pendientes de resolución de grado;0
Principado de Asturias;2023-03-31;Menos de 6 meses pendientes de resolución de grado;3554
Principado de Asturias;2023-03-31;6 meses o más pendientes de resolución de grado (1);848
Principado de Asturias;2023-04-30;Personas solicitantes pendientes de resolución de grado;0
Principado de Asturias;2023-04-30;Menos de 6 meses pendientes de resolución de grado;3019
Principado de Asturias;2023-04-30;6 meses o más pendientes de resolución de grado (1);917
Principado de Asturias;2023-05-31;Personas solicitantes pendientes de resolución de grado;0
Principado de Asturias;2023-05-31;Menos de 6 meses pendientes de resolución de grado;2914
Principado de Asturias;2023-05-31;6 meses o más pendientes de resolución de grado (1);898
Principado de Asturias;2023-06-30;Personas solicitantes pendientes de resolución de grado;0
Principado de Asturias;2023-06-30;Menos de 6 meses pendientes de resolución de grado;3168
Principado de Asturias;2023-06-30;6 meses o más pendientes de resolución de grado (1);591
Principado de Asturias;2023-07-31;Personas solicitantes pendientes de resolución de grado;0
Principado de Asturias;2023-07-31;Menos de 6 meses pendientes de resolución de grado;3688
Principado de Asturias;2023-07-31;6 meses o más pendientes de resolución de grado (1);453
Principado de Asturias;2023-08-31;Personas solicitantes pendientes de resolución de grado;0
Principado de Asturias;2023-08-31;Menos de 6 meses pendientes de resolución de grado;4133
Principado de Asturias;2023-08-31;6 meses o más pendientes de resolución de grado (1);566
Principado de Asturias;2023-09-30;Personas solicitantes pendientes de resolución de grado;0
Principado de Asturias;2023-09-30;Menos de 6 meses pendientes de resolución de grado;4059
Principado de Asturias;2023-09-30;6 meses o más pendientes de resolución de grado (1);1048
Principado de Asturias;2023-10-31;Personas solicitantes pendientes de resolución de grado;0
Principado de Asturias;2023-10-31;Menos de 6 meses pendientes de resolución de grado;4105
Principado de Asturias;2023-10-31;6 meses o más pendientes de resolución de grado (1);1604
Principado de Asturias;2023-11-30;Personas solicitantes pendientes de resolución de grado;0
Principado de Asturias;2023-11-30;Menos de 6 meses pendientes de resolución de grado;4007
Principado de Asturias;2023-11-30;6 meses o más pendientes de resolución de grado (1);1966
Principado de Asturias;2023-12-31;Personas solicitantes pendientes de resolución de grado;0
Principado de Asturias;2023-12-31;Menos de 6 meses pendientes de resolución de grado;3543
Principado de Asturias;2023-12-31;6 meses o más pendientes de resolución de grado (1);2119
Principado de Asturias;2024-01-31;Personas solicitantes pendientes de resolución de grado;0
Principado de Asturias;2024-01-31;Menos de 6 meses pendientes de resolución de grado;3523
Principado de Asturias;2024-01-31;6 meses o más pendientes de resolución de grado (1);2449
Principado de Asturias;2024-02-29;Personas solicitantes pendientes de resolución de grado;0
Principado de Asturias;2024-02-29;Menos de 6 meses pendientes de resolución de grado;3519
Principado de Asturias;2024-02-29;6 meses o más pendientes de resolución de grado (1);2608
Principado de Asturias;2024-03-31;Personas solicitantes pendientes de resolución de grado;0
Principado de Asturias;2024-03-31;Menos de 6 meses pendientes de resolución de grado;3612
Principado de Asturias;2024-03-31;6 meses o más pendientes de resolución de grado (1);2872
Principado de Asturias;2024-04-30;Personas solicitantes pendientes de resolución de grado;0
Principado de Asturias;2024-04-30;Menos de 6 meses pendientes de resolución de grado;3803
Principado de Asturias;2024-04-30;6 meses o más pendientes de resolución de grado (1);2916
Principado de Asturias;2024-05-31;Personas solicitantes pendientes de resolución de grado;0
Principado de Asturias;2024-05-31;Menos de 6 meses pendientes de resolución de grado;3959
Principado de Asturias;2024-05-31;6 meses o más pendientes de resolución de grado (1);3153
Principado de Asturias;2024-06-30;Personas solicitantes pendientes de resolución de grado;0
Principado de Asturias;2024-06-30;Menos de 6 meses pendientes de resolución de grado;4499
Principado de Asturias;2024-06-30;6 meses o más pendientes de resolución de grado (1);3204
Principado de Asturias;2024-07-31;Personas solicitantes pendientes de resolución de grado;0
Principado de Asturias;2024-07-31;Menos de 6 meses pendientes de resolución de grado;4852
Principado de Asturias;2024-07-31;6 meses o más pendientes de resolución de grado (1);3110
Principado de Asturias;2024-08-31;Personas solicitantes pendientes de resolución de grado;0
Principado de Asturias;2024-08-31;Menos de 6 meses pendientes de resolución de grado;4756
Principado de Asturias;2024-08-31;6 meses o más pendientes de resolución de grado (1);3767
Principado de Asturias;2024-09-30;Personas solicitantes pendientes de resolución de grado;0
Principado de Asturias;2024-09-30;Menos de 6 meses pendientes de resolución de grado;4864
Principado de Asturias;2024-09-30;6 meses o más pendientes de resolución de grado (1);3918
Principado de Asturias;2024-10-31;Personas solicitantes pendientes de resolución de grado;0
Principado de Asturias;2024-10-31;Menos de 6 meses pendientes de resolución de grado;4909
Principado de Asturias;2024-10-31;6 meses o más pendientes de resolución de grado (1);3918
Principado de Asturias;2024-11-30;Personas solicitantes pendientes de resolución de grado;0
Principado de Asturias;2024-11-30;Menos de 6 meses pendientes de resolución de grado;5020
Principado de Asturias;2024-11-30;6 meses o más pendientes de resolución de grado (1);3691
Principado de Asturias;2024-12-31;Personas solicitantes pendientes de resolución de grado;0
Principado de Asturias;2024-12-31;Menos de 6 meses pendientes de resolución de grado;4747
Principado de Asturias;2024-12-31;6 meses o más pendientes de resolución de grado (1);3851
Principado de Asturias;2025-01-31;Personas solicitantes pendientes de resolución de grado;0
Principado de Asturias;2025-01-31;Menos de 6 meses pendientes de resolución de grado;4812
Principado de Asturias;2025-01-31;6 meses o más pendientes de resolución de grado (1);3661
Principado de Asturias;2025-02-28;Personas solicitantes pendientes de resolución de grado;0
Principado de Asturias;2025-02-28;Menos de 6 meses pendientes de resolución de grado;4943
Principado de Asturias;2025-02-28;6 meses o más pendientes de resolución de grado (1);3404
Principado de Asturias;2025-03-31;Personas solicitantes pendientes de resolución de grado;0
Principado de Asturias;2025-03-31;Menos de 6 meses pendientes de resolución de grado;4923
Principado de Asturias;2025-03-31;6 meses o más pendientes de resolución de grado (1);2942
Principado de Asturias;2025-04-30;Personas solicitantes pendientes de resolución de grado;0
Principado de Asturias;2025-04-30;Menos de 6 meses pendientes de resolución de grado;4836
Principado de Asturias;2025-04-30;6 meses o más pendientes de resolución de grado (1);2967
Principado de Asturias;2025-05-31;Personas solicitantes pendientes de resolución de grado;0
Principado de Asturias;2025-05-31;Menos de 6 meses pendientes de resolución de grado;4737
Principado de Asturias;2025-05-31;6 meses o más pendientes de resolución de grado (1);3185
Principado de Asturias;2025-06-30;Personas solicitantes pendientes de resolución de grado;0
Principado de Asturias;2025-06-30;Menos de 6 meses pendientes de resolución de grado;4728
Principado de Asturias;2025-06-30;6 meses o más pendientes de resolución de grado (1);3198
Principado de Asturias;2025-07-31;Personas solicitantes pendientes de resolución de grado;0
Principado de Asturias;2025-07-31;Menos de 6 meses pendientes de resolución de grado;3924
Principado de Asturias;2025-07-31;6 meses o más pendientes de resolución de grado (1);3695
Principado de Asturias;2025-08-31;Personas solicitantes pendientes de resolución de grado;0
Principado de Asturias;2025-08-31;Menos de 6 meses pendientes de resolución de grado;2841
Principado de Asturias;2025-08-31;6 meses o más pendientes de resolución de grado (1);4562
Principado de Asturias;2025-09-30;Personas solicitantes pendientes de resolución de grado;0
Principado de Asturias;2025-09-30;Menos de 6 meses pendientes de resolución de grado;1906
Principado de Asturias;2025-09-30;6 meses o más pendientes de resolución de grado (1);5351
Principado de Asturias;2025-10-31;Personas solicitantes pendientes de resolución de grado;0
Principado de Asturias;2025-10-31;Menos de 6 meses pendientes de resolución de grado;1464
Principado de Asturias;2025-10-31;6 meses o más pendientes de resolución de grado (1);5645
Principado de Asturias;2025-11-30;Personas solicitantes pendientes de resolución de grado;0
Principado de Asturias;2025-11-30;Menos de 6 meses pendientes de resolución de grado;699
Principado de Asturias;2025-11-30;6 meses o más pendientes de resolución de grado (1);5972
Principado de Asturias;2025-12-31;Personas solicitantes pendientes de resolución de grado;0
Principado de Asturias;2025-12-31;Menos de 6 meses pendientes de resolución de grado;312
Principado de Asturias;2025-12-31;6 meses o más pendientes de resolución de grado (1);6136
Principado de Asturias;2026-01-31;Personas solicitantes pendientes de resolución de grado;0
Principado de Asturias;2026-01-31;Menos de 6 meses pendientes de resolución de grado;78
Principado de Asturias;2026-01-31;6 meses o más pendientes de resolución de grado (1);5877
Islas Baleares;2023-01-31;Personas solicitantes pendientes de resolución de grado;0
Islas Baleares;2023-01-31;Menos de 6 meses pendientes de resolución de grado;2772
Islas Baleares;2023-01-31;6 meses o más pendientes de resolución de grado (1);881
Islas Baleares;2023-02-28;Personas solicitantes pendientes de resolución de grado;0
Islas Baleares;2023-02-28;Menos de 6 meses pendientes de resolución de grado;2862
Islas Baleares;2023-02-28;6 meses o más pendientes de resolución de grado (1);848
Islas Baleares;2023-03-31;Personas solicitantes pendientes de resolución de grado;0
Islas Baleares;2023-03-31;Menos de 6 meses pendientes de resolución de grado;2804
Islas Baleares;2023-03-31;6 meses o más pendientes de resolución de grado (1);876
Islas Baleares;2023-04-30;Personas solicitantes pendientes de resolución de grado;0
Islas Baleares;2023-04-30;Menos de 6 meses pendientes de resolución de grado;2444
Islas Baleares;2023-04-30;6 meses o más pendientes de resolución de grado (1);880
Islas Baleares;2023-05-31;Personas solicitantes pendientes de resolución de grado;0
Islas Baleares;2023-05-31;Menos de 6 meses pendientes de resolución de grado;2173
Islas Baleares;2023-05-31;6 meses o más pendientes de resolución de grado (1);866
Islas Baleares;2023-06-30;Personas solicitantes pendientes de resolución de grado;0
Islas Baleares;2023-06-30;Menos de 6 meses pendientes de resolución de grado;2594
Islas Baleares;2023-06-30;6 meses o más pendientes de resolución de grado (1);903
Islas Baleares;2023-07-31;Personas solicitantes pendientes de resolución de grado;0
Islas Baleares;2023-07-31;Menos de 6 meses pendientes de resolución de grado;2868
Islas Baleares;2023-07-31;6 meses o más pendientes de resolución de grado (1);928
Islas Baleares;2023-08-31;Personas solicitantes pendientes de resolución de grado;0
Islas Baleares;2023-08-31;Menos de 6 meses pendientes de resolución de grado;2442
Islas Baleares;2023-08-31;6 meses o más pendientes de resolución de grado (1);946
Islas Baleares;2023-09-30;Personas solicitantes pendientes de resolución de grado;0
Islas Baleares;2023-09-30;Menos de 6 meses pendientes de resolución de grado;2381
Islas Baleares;2023-09-30;6 meses o más pendientes de resolución de grado (1);958
Islas Baleares;2023-10-31;Personas solicitantes pendientes de resolución de grado;0
Islas Baleares;2023-10-31;Menos de 6 meses pendientes de resolución de grado;2182
Islas Baleares;2023-10-31;6 meses o más pendientes de resolución de grado (1);937
Islas Baleares;2023-11-30;Personas solicitantes pendientes de resolución de grado;0
Islas Baleares;2023-11-30;Menos de 6 meses pendientes de resolución de grado;2007
Islas Baleares;2023-11-30;6 meses o más pendientes de resolución de grado (1);1018
Islas Baleares;2023-12-31;Personas solicitantes pendientes de resolución de grado;0
Islas Baleares;2023-12-31;Menos de 6 meses pendientes de resolución de grado;1761
Islas Baleares;2023-12-31;6 meses o más pendientes de resolución de grado (1);1098
Islas Baleares;2024-01-31;Personas solicitantes pendientes de resolución de grado;0
Islas Baleares;2024-01-31;Menos de 6 meses pendientes de resolución de grado;1768
Islas Baleares;2024-01-31;6 meses o más pendientes de resolución de grado (1);1201
Islas Baleares;2024-02-29;Personas solicitantes pendientes de resolución de grado;0
Islas Baleares;2024-02-29;Menos de 6 meses pendientes de resolución de grado;1689
Islas Baleares;2024-02-29;6 meses o más pendientes de resolución de grado (1);1189
Islas Baleares;2024-03-31;Personas solicitantes pendientes de resolución de grado;0
Islas Baleares;2024-03-31;Menos de 6 meses pendientes de resolución de grado;1630
Islas Baleares;2024-03-31;6 meses o más pendientes de resolución de grado (1);1132
Islas Baleares;2024-04-30;Personas solicitantes pendientes de resolución de grado;0
Islas Baleares;2024-04-30;Menos de 6 meses pendientes de resolución de grado;1478
Islas Baleares;2024-04-30;6 meses o más pendientes de resolución de grado (1);1076
Islas Baleares;2024-05-31;Personas solicitantes pendientes de resolución de grado;0
Islas Baleares;2024-05-31;Menos de 6 meses pendientes de resolución de grado;1585
Islas Baleares;2024-05-31;6 meses o más pendientes de resolución de grado (1);1060
Islas Baleares;2024-06-30;Personas solicitantes pendientes de resolución de grado;0
Islas Baleares;2024-06-30;Menos de 6 meses pendientes de resolución de grado;1487
Islas Baleares;2024-06-30;6 meses o más pendientes de resolución de grado (1);1061
Islas Baleares;2024-07-31;Personas solicitantes pendientes de resolución de grado;0
Islas Baleares;2024-07-31;Menos de 6 meses pendientes de resolución de grado;1318
Islas Baleares;2024-07-31;6 meses o más pendientes de resolución de grado (1);1038
Islas Baleares;2024-08-31;Personas solicitantes pendientes de resolución de grado;0
Islas Baleares;2024-08-31;Menos de 6 meses pendientes de resolución de grado;1305
Islas Baleares;2024-08-31;6 meses o más pendientes de resolución de grado (1);1094
Islas Baleares;2024-09-30;Personas solicitantes pendientes de resolución de grado;0
Islas Baleares;2024-09-30;Menos de 6 meses pendientes de resolución de grado;1296
Islas Baleares;2024-09-30;6 meses o más pendientes de resolución de grado (1);1096
Islas Baleares;2024-10-31;Personas solicitantes pendientes de resolución de grado;0
Islas Baleares;2024-10-31;Menos de 6 meses pendientes de resolución de grado;1176
Islas Baleares;2024-10-31;6 meses o más pendientes de resolución de grado (1);1096
Islas Baleares;2024-11-30;Personas solicitantes pendientes de resolución de grado;0
Islas Baleares;2024-11-30;Menos de 6 meses pendientes de resolución de grado;1132
Islas Baleares;2024-11-30;6 meses o más pendientes de resolución de grado (1);1138
Islas Baleares;2024-12-31;Personas solicitantes pendientes de resolución de grado;0
Islas Baleares;2024-12-31;Menos de 6 meses pendientes de resolución de grado;975
Islas Baleares;2024-12-31;6 meses o más pendientes de resolución de grado (1);1219
Islas Baleares;2025-01-31;Personas solicitantes pendientes de resolución de grado;0
Islas Baleares;2025-01-31;Menos de 6 meses pendientes de resolución de grado;908
Islas Baleares;2025-01-31;6 meses o más pendientes de resolución de grado (1);1288
Islas Baleares;2025-02-28;Personas solicitantes pendientes de resolución de grado;0
Islas Baleares;2025-02-28;Menos de 6 meses pendientes de resolución de grado;975
Islas Baleares;2025-02-28;6 meses o más pendientes de resolución de grado (1);1295
Islas Baleares;2025-03-31;Personas solicitantes pendientes de resolución de grado;0
Islas Baleares;2025-03-31;Menos de 6 meses pendientes de resolución de grado;1544
Islas Baleares;2025-03-31;6 meses o más pendientes de resolución de grado (1);1280
Islas Baleares;2025-04-30;Personas solicitantes pendientes de resolución de grado;0
Islas Baleares;2025-04-30;Menos de 6 meses pendientes de resolución de grado;2159
Islas Baleares;2025-04-30;6 meses o más pendientes de resolución de grado (1);1443
Islas Baleares;2025-05-31;Personas solicitantes pendientes de resolución de grado;0
Islas Baleares;2025-05-31;Menos de 6 meses pendientes de resolución de grado;2716
Islas Baleares;2025-05-31;6 meses o más pendientes de resolución de grado (1);1807
Islas Baleares;2025-06-30;Personas solicitantes pendientes de resolución de grado;0
Islas Baleares;2025-06-30;Menos de 6 meses pendientes de resolución de grado;1965
Islas Baleares;2025-06-30;6 meses o más pendientes de resolución de grado (1);1269
Islas Baleares;2025-07-31;Personas solicitantes pendientes de resolución de grado;0
Islas Baleares;2025-07-31;Menos de 6 meses pendientes de resolución de grado;1888
Islas Baleares;2025-07-31;6 meses o más pendientes de resolución de grado (1);1310
Islas Baleares;2025-08-31;Personas solicitantes pendientes de resolución de grado;1
Islas Baleares;2025-08-31;Menos de 6 meses pendientes de resolución de grado;1757
Islas Baleares;2025-08-31;6 meses o más pendientes de resolución de grado (1);1341
Islas Baleares;2025-09-30;Personas solicitantes pendientes de resolución de grado;0
Islas Baleares;2025-09-30;Menos de 6 meses pendientes de resolución de grado;1991
Islas Baleares;2025-09-30;6 meses o más pendientes de resolución de grado (1);1450
Islas Baleares;2025-10-31;Personas solicitantes pendientes de resolución de grado;0
Islas Baleares;2025-10-31;Menos de 6 meses pendientes de resolución de grado;1920
Islas Baleares;2025-10-31;6 meses o más pendientes de resolución de grado (1);1468
Islas Baleares;2025-11-30;Personas solicitantes pendientes de resolución de grado;0
Islas Baleares;2025-11-30;Menos de 6 meses pendientes de resolución de grado;1689
Islas Baleares;2025-11-30;6 meses o más pendientes de resolución de grado (1);1475
Islas Baleares;2025-12-31;Personas solicitantes pendientes de resolución de grado;0
Islas Baleares;2025-12-31;Menos de 6 meses pendientes de resolución de grado;1539
Islas Baleares;2025-12-31;6 meses o más pendientes de resolución de grado (1);1522
Islas Baleares;2026-01-31;Personas solicitantes pendientes de resolución de grado;0
Islas Baleares;2026-01-31;Menos de 6 meses pendientes de resolución de grado;1736
Islas Baleares;2026-01-31;6 meses o más pendientes de resolución de grado (1);1496
Canarias;2023-01-31;Personas solicitantes pendientes de resolución de grado;0
Canarias;2023-01-31;Menos de 6 meses pendientes de resolución de grado;1304
Canarias;2023-01-31;6 meses o más pendientes de resolución de grado (1);9083
Canarias;2023-02-28;Personas solicitantes pendientes de resolución de grado;0
Canarias;2023-02-28;Menos de 6 meses pendientes de resolución de grado;762
Canarias;2023-02-28;6 meses o más pendientes de resolución de grado (1);8999
Canarias;2023-03-31;Personas solicitantes pendientes de resolución de grado;0
Canarias;2023-03-31;Menos de 6 meses pendientes de resolución de grado;612
Canarias;2023-03-31;6 meses o más pendientes de resolución de grado (1);8246
Canarias;2023-04-30;Personas solicitantes pendientes de resolución de grado;0
Canarias;2023-04-30;Menos de 6 meses pendientes de resolución de grado;811
Canarias;2023-04-30;6 meses o más pendientes de resolución de grado (1);7769
Canarias;2023-05-31;Personas solicitantes pendientes de resolución de grado;0
Canarias;2023-05-31;Menos de 6 meses pendientes de resolución de grado;997
Canarias;2023-05-31;6 meses o más pendientes de resolución de grado (1);7122
Canarias;2023-06-30;Personas solicitantes pendientes de resolución de grado;0
Canarias;2023-06-30;Menos de 6 meses pendientes de resolución de grado;1347
Canarias;2023-06-30;6 meses o más pendientes de resolución de grado (1);7390
Canarias;2023-07-31;Personas solicitantes pendientes de resolución de grado;0
Canarias;2023-07-31;Menos de 6 meses pendientes de resolución de grado;1567
Canarias;2023-07-31;6 meses o más pendientes de resolución de grado (1);7556
Canarias;2023-08-31;Personas solicitantes pendientes de resolución de grado;0
Canarias;2023-08-31;Menos de 6 meses pendientes de resolución de grado;1656
Canarias;2023-08-31;6 meses o más pendientes de resolución de grado (1);7675
Canarias;2023-09-30;Personas solicitantes pendientes de resolución de grado;0
Canarias;2023-09-30;Menos de 6 meses pendientes de resolución de grado;1330
Canarias;2023-09-30;6 meses o más pendientes de resolución de grado (1);8006
Canarias;2023-10-31;Personas solicitantes pendientes de resolución de grado;0
Canarias;2023-10-31;Menos de 6 meses pendientes de resolución de grado;1243
Canarias;2023-10-31;6 meses o más pendientes de resolución de grado (1);8340
Canarias;2023-11-30;Personas solicitantes pendientes de resolución de grado;0
Canarias;2023-11-30;Menos de 6 meses pendientes de resolución de grado;1728
Canarias;2023-11-30;6 meses o más pendientes de resolución de grado (1);8497
Canarias;2023-12-31;Personas solicitantes pendientes de resolución de grado;0
Canarias;2023-12-31;Menos de 6 meses pendientes de resolución de grado;1531
Canarias;2023-12-31;6 meses o más pendientes de resolución de grado (1);8662
Canarias;2024-01-31;Personas solicitantes pendientes de resolución de grado;0
Canarias;2024-01-31;Menos de 6 meses pendientes de resolución de grado;1354
Canarias;2024-01-31;6 meses o más pendientes de resolución de grado (1);9036
Canarias;2024-02-29;Personas solicitantes pendientes de resolución de grado;0
Canarias;2024-02-29;Menos de 6 meses pendientes de resolución de grado;1109
Canarias;2024-02-29;6 meses o más pendientes de resolución de grado (1);10254
Canarias;2024-03-31;Personas solicitantes pendientes de resolución de grado;0
Canarias;2024-03-31;Menos de 6 meses pendientes de resolución de grado;1585
Canarias;2024-03-31;6 meses o más pendientes de resolución de grado (1);9372
Canarias;2024-04-30;Personas solicitantes pendientes de resolución de grado;0
Canarias;2024-04-30;Menos de 6 meses pendientes de resolución de grado;2546
Canarias;2024-04-30;6 meses o más pendientes de resolución de grado (1);9730
Canarias;2024-05-31;Personas solicitantes pendientes de resolución de grado;0
Canarias;2024-05-31;Menos de 6 meses pendientes de resolución de grado;3000
Canarias;2024-05-31;6 meses o más pendientes de resolución de grado (1);10028
Canarias;2024-06-30;Personas solicitantes pendientes de resolución de grado;0
Canarias;2024-06-30;Menos de 6 meses pendientes de resolución de grado;4228
Canarias;2024-06-30;6 meses o más pendientes de resolución de grado (1);10047
Canarias;2024-07-31;Personas solicitantes pendientes de resolución de grado;0
Canarias;2024-07-31;Menos de 6 meses pendientes de resolución de grado;5501
Canarias;2024-07-31;6 meses o más pendientes de resolución de grado (1);9981
Canarias;2024-08-31;Personas solicitantes pendientes de resolución de grado;0
Canarias;2024-08-31;Menos de 6 meses pendientes de resolución de grado;5959
Canarias;2024-08-31;6 meses o más pendientes de resolución de grado (1);10391
Canarias;2024-09-30;Personas solicitantes pendientes de resolución de grado;0
Canarias;2024-09-30;Menos de 6 meses pendientes de resolución de grado;6583
Canarias;2024-09-30;6 meses o más pendientes de resolución de grado (1);10519
Canarias;2024-10-31;Personas solicitantes pendientes de resolución de grado;0
Canarias;2024-10-31;Menos de 6 meses pendientes de resolución de grado;6516
Canarias;2024-10-31;6 meses o más pendientes de resolución de grado (1);10519
Canarias;2024-11-30;Personas solicitantes pendientes de resolución de grado;0
Canarias;2024-11-30;Menos de 6 meses pendientes de resolución de grado;6583
Canarias;2024-11-30;6 meses o más pendientes de resolución de grado (1);10517
Canarias;2024-12-31;Personas solicitantes pendientes de resolución de grado;0
Canarias;2024-12-31;Menos de 6 meses pendientes de resolución de grado;6046
Canarias;2024-12-31;6 meses o más pendientes de resolución de grado (1);10455
Canarias;2025-01-31;Personas solicitantes pendientes de resolución de grado;0
Canarias;2025-01-31;Menos de 6 meses pendientes de resolución de grado;5818
Canarias;2025-01-31;6 meses o más pendientes de resolución de grado (1);10122
Canarias;2025-02-28;Personas solicitantes pendientes de resolución de grado;0
Canarias;2025-02-28;Menos de 6 meses pendientes de resolución de grado;5043
Canarias;2025-02-28;6 meses o más pendientes de resolución de grado (1);7243
Canarias;2025-03-31;Personas solicitantes pendientes de resolución de grado;0
Canarias;2025-03-31;Menos de 6 meses pendientes de resolución de grado;4574
Canarias;2025-03-31;6 meses o más pendientes de resolución de grado (1);6417
Canarias;2025-04-30;Personas solicitantes pendientes de resolución de grado;0
Canarias;2025-04-30;Menos de 6 meses pendientes de resolución de grado;4006
Canarias;2025-04-30;6 meses o más pendientes de resolución de grado (1);5484
Canarias;2025-05-31;Personas solicitantes pendientes de resolución de grado;0
Canarias;2025-05-31;Menos de 6 meses pendientes de resolución de grado;3360
Canarias;2025-05-31;6 meses o más pendientes de resolución de grado (1);4963
Canarias;2025-06-30;Personas solicitantes pendientes de resolución de grado;0
Canarias;2025-06-30;Menos de 6 meses pendientes de resolución de grado;2466
Canarias;2025-06-30;6 meses o más pendientes de resolución de grado (1);4525
Canarias;2025-07-31;Personas solicitantes pendientes de resolución de grado;0
Canarias;2025-07-31;Menos de 6 meses pendientes de resolución de grado;3221
Canarias;2025-07-31;6 meses o más pendientes de resolución de grado (1);4117
Canarias;2025-08-31;Personas solicitantes pendientes de resolución de grado;0
Canarias;2025-08-31;Menos de 6 meses pendientes de resolución de grado;3004
Canarias;2025-08-31;6 meses o más pendientes de resolución de grado (1);3733
Canarias;2025-09-30;Personas solicitantes pendientes de resolución de grado;0
Canarias;2025-09-30;Menos de 6 meses pendientes de resolución de grado;2134
Canarias;2025-09-30;6 meses o más pendientes de resolución de grado (1);3494
Canarias;2025-10-31;Personas solicitantes pendientes de resolución de grado;0
Canarias;2025-10-31;Menos de 6 meses pendientes de resolución de grado;1802
Canarias;2025-10-31;6 meses o más pendientes de resolución de grado (1);2800
Canarias;2025-11-30;Personas solicitantes pendientes de resolución de grado;0
Canarias;2025-11-30;Menos de 6 meses pendientes de resolución de grado;1130
Canarias;2025-11-30;6 meses o más pendientes de resolución de grado (1);2075
Canarias;2025-12-31;Personas solicitantes pendientes de resolución de grado;0
Canarias;2025-12-31;Menos de 6 meses pendientes de resolución de grado;894
Canarias;2025-12-31;6 meses o más pendientes de resolución de grado (1);1578
Canarias;2026-01-31;Personas solicitantes pendientes de resolución de grado;0
Canarias;2026-01-31;Menos de 6 meses pendientes de resolución de grado;2149
Canarias;2026-01-31;6 meses o más pendientes de resolución de grado (1);1495
Cantabria;2023-01-31;Personas solicitantes pendientes de resolución de grado;0
Cantabria;2023-01-31;Menos de 6 meses pendientes de resolución de grado;173
Cantabria;2023-01-31;6 meses o más pendientes de resolución de grado (1);584
Cantabria;2023-02-28;Personas solicitantes pendientes de resolución de grado;0
Cantabria;2023-02-28;Menos de 6 meses pendientes de resolución de grado;180
Cantabria;2023-02-28;6 meses o más pendientes de resolución de grado (1);591
Cantabria;2023-03-31;Personas solicitantes pendientes de resolución de grado;0
Cantabria;2023-03-31;Menos de 6 meses pendientes de resolución de grado;163
Cantabria;2023-03-31;6 meses o más pendientes de resolución de grado (1);605
Cantabria;2023-04-30;Personas solicitantes pendientes de resolución de grado;0
Cantabria;2023-04-30;Menos de 6 meses pendientes de resolución de grado;149
Cantabria;2023-04-30;6 meses o más pendientes de resolución de grado (1);631
Cantabria;2023-05-31;Personas solicitantes pendientes de resolución de grado;0
Cantabria;2023-05-31;Menos de 6 meses pendientes de resolución de grado;142
Cantabria;2023-05-31;6 meses o más pendientes de resolución de grado (1);670
Cantabria;2023-06-30;Personas solicitantes pendientes de resolución de grado;0
Cantabria;2023-06-30;Menos de 6 meses pendientes de resolución de grado;153
Cantabria;2023-06-30;6 meses o más pendientes de resolución de grado (1);544
Cantabria;2023-07-31;Personas solicitantes pendientes de resolución de grado;0
Cantabria;2023-07-31;Menos de 6 meses pendientes de resolución de grado;163
Cantabria;2023-07-31;6 meses o más pendientes de resolución de grado (1);559
Cantabria;2023-08-31;Personas solicitantes pendientes de resolución de grado;0
Cantabria;2023-08-31;Menos de 6 meses pendientes de resolución de grado;157
Cantabria;2023-08-31;6 meses o más pendientes de resolución de grado (1);593
Cantabria;2023-09-30;Personas solicitantes pendientes de resolución de grado;0
Cantabria;2023-09-30;Menos de 6 meses pendientes de resolución de grado;142
Cantabria;2023-09-30;6 meses o más pendientes de resolución de grado (1);620
Cantabria;2023-10-31;Personas solicitantes pendientes de resolución de grado;0
Cantabria;2023-10-31;Menos de 6 meses pendientes de resolución de grado;119
Cantabria;2023-10-31;6 meses o más pendientes de resolución de grado (1);643
Cantabria;2023-11-30;Personas solicitantes pendientes de resolución de grado;0
Cantabria;2023-11-30;Menos de 6 meses pendientes de resolución de grado;96
Cantabria;2023-11-30;6 meses o más pendientes de resolución de grado (1);689
Cantabria;2023-12-31;Personas solicitantes pendientes de resolución de grado;0
Cantabria;2023-12-31;Menos de 6 meses pendientes de resolución de grado;66
Cantabria;2023-12-31;6 meses o más pendientes de resolución de grado (1);733
Cantabria;2024-01-31;Personas solicitantes pendientes de resolución de grado;0
Cantabria;2024-01-31;Menos de 6 meses pendientes de resolución de grado;54
Cantabria;2024-01-31;6 meses o más pendientes de resolución de grado (1);741
Cantabria;2024-02-29;Personas solicitantes pendientes de resolución de grado;0
Cantabria;2024-02-29;Menos de 6 meses pendientes de resolución de grado;68
Cantabria;2024-02-29;6 meses o más pendientes de resolución de grado (1);752
Cantabria;2024-03-31;Personas solicitantes pendientes de resolución de grado;0
Cantabria;2024-03-31;Menos de 6 meses pendientes de resolución de grado;80
Cantabria;2024-03-31;6 meses o más pendientes de resolución de grado (1);750
Cantabria;2024-04-30;Personas solicitantes pendientes de resolución de grado;0
Cantabria;2024-04-30;Menos de 6 meses pendientes de resolución de grado;111
Cantabria;2024-04-30;6 meses o más pendientes de resolución de grado (1);800
Cantabria;2024-05-31;Personas solicitantes pendientes de resolución de grado;0
Cantabria;2024-05-31;Menos de 6 meses pendientes de resolución de grado;110
Cantabria;2024-05-31;6 meses o más pendientes de resolución de grado (1);770
Cantabria;2024-06-30;Personas solicitantes pendientes de resolución de grado;0
Cantabria;2024-06-30;Menos de 6 meses pendientes de resolución de grado;129
Cantabria;2024-06-30;6 meses o más pendientes de resolución de grado (1);738
Cantabria;2024-07-31;Personas solicitantes pendientes de resolución de grado;0
Cantabria;2024-07-31;Menos de 6 meses pendientes de resolución de grado;141
Cantabria;2024-07-31;6 meses o más pendientes de resolución de grado (1);756
Cantabria;2024-08-31;Personas solicitantes pendientes de resolución de grado;0
Cantabria;2024-08-31;Menos de 6 meses pendientes de resolución de grado;134
Cantabria;2024-08-31;6 meses o más pendientes de resolución de grado (1);774
Cantabria;2024-09-30;Personas solicitantes pendientes de resolución de grado;0
Cantabria;2024-09-30;Menos de 6 meses pendientes de resolución de grado;120
Cantabria;2024-09-30;6 meses o más pendientes de resolución de grado (1);789
Cantabria;2024-10-31;Personas solicitantes pendientes de resolución de grado;0
Cantabria;2024-10-31;Menos de 6 meses pendientes de resolución de grado;154
Cantabria;2024-10-31;6 meses o más pendientes de resolución de grado (1);789
Cantabria;2024-11-30;Personas solicitantes pendientes de resolución de grado;0
Cantabria;2024-11-30;Menos de 6 meses pendientes de resolución de grado;50
Cantabria;2024-11-30;6 meses o más pendientes de resolución de grado (1);162
Cantabria;2024-12-31;Personas solicitantes pendientes de resolución de grado;0
Cantabria;2024-12-31;Menos de 6 meses pendientes de resolución de grado;79
Cantabria;2024-12-31;6 meses o más pendientes de resolución de grado (1);103
Cantabria;2025-01-31;Personas solicitantes pendientes de resolución de grado;0
Cantabria;2025-01-31;Menos de 6 meses pendientes de resolución de grado;91
Cantabria;2025-01-31;6 meses o más pendientes de resolución de grado (1);103
Cantabria;2025-02-28;Personas solicitantes pendientes de resolución de grado;0
Cantabria;2025-02-28;Menos de 6 meses pendientes de resolución de grado;264
Cantabria;2025-02-28;6 meses o más pendientes de resolución de grado (1);112
Cantabria;2025-03-31;Personas solicitantes pendientes de resolución de grado;0
Cantabria;2025-03-31;Menos de 6 meses pendientes de resolución de grado;199
Cantabria;2025-03-31;6 meses o más pendientes de resolución de grado (1);113
Cantabria;2025-04-30;Personas solicitantes pendientes de resolución de grado;0
Cantabria;2025-04-30;Menos de 6 meses pendientes de resolución de grado;229
Cantabria;2025-04-30;6 meses o más pendientes de resolución de grado (1);189
Cantabria;2025-05-31;Personas solicitantes pendientes de resolución de grado;0
Cantabria;2025-05-31;Menos de 6 meses pendientes de resolución de grado;171
Cantabria;2025-05-31;6 meses o más pendientes de resolución de grado (1);256
Cantabria;2025-06-30;Personas solicitantes pendientes de resolución de grado;0
Cantabria;2025-06-30;Menos de 6 meses pendientes de resolución de grado;163
Cantabria;2025-06-30;6 meses o más pendientes de resolución de grado (1);275
Cantabria;2025-07-31;Personas solicitantes pendientes de resolución de grado;0
Cantabria;2025-07-31;Menos de 6 meses pendientes de resolución de grado;202
Cantabria;2025-07-31;6 meses o más pendientes de resolución de grado (1);278
Cantabria;2025-08-31;Personas solicitantes pendientes de resolución de grado;0
Cantabria;2025-08-31;Menos de 6 meses pendientes de resolución de grado;201
Cantabria;2025-08-31;6 meses o más pendientes de resolución de grado (1);192
Cantabria;2025-09-30;Personas solicitantes pendientes de resolución de grado;0
Cantabria;2025-09-30;Menos de 6 meses pendientes de resolución de grado;247
Cantabria;2025-09-30;6 meses o más pendientes de resolución de grado (1);205
Cantabria;2025-10-31;Personas solicitantes pendientes de resolución de grado;0
Cantabria;2025-10-31;Menos de 6 meses pendientes de resolución de grado;255
Cantabria;2025-10-31;6 meses o más pendientes de resolución de grado (1);22
Cantabria;2025-11-30;Personas solicitantes pendientes de resolución de grado;0
Cantabria;2025-11-30;Menos de 6 meses pendientes de resolución de grado;352
Cantabria;2025-11-30;6 meses o más pendientes de resolución de grado (1);59
Cantabria;2025-12-31;Personas solicitantes pendientes de resolución de grado;1
Cantabria;2025-12-31;Menos de 6 meses pendientes de resolución de grado;315
Cantabria;2025-12-31;6 meses o más pendientes de resolución de grado (1);143
Cantabria;2026-01-31;Personas solicitantes pendientes de resolución de grado;1
Cantabria;2026-01-31;Menos de 6 meses pendientes de resolución de grado;245
Cantabria;2026-01-31;6 meses o más pendientes de resolución de grado (1);98
Castilla-La Mancha;2023-01-31;Personas solicitantes pendientes de resolución de grado;0
Castilla-La Mancha;2023-01-31;Menos de 6 meses pendientes de resolución de grado;2898
Castilla-La Mancha;2023-01-31;6 meses o más pendientes de resolución de grado (1);866
Castilla-La Mancha;2023-02-28;Personas solicitantes pendientes de resolución de grado;0
Castilla-La Mancha;2023-02-28;Menos de 6 meses pendientes de resolución de grado;3404
Castilla-La Mancha;2023-02-28;6 meses o más pendientes de resolución de grado (1);903
Castilla-La Mancha;2023-03-31;Personas solicitantes pendientes de resolución de grado;0
Castilla-La Mancha;2023-03-31;Menos de 6 meses pendientes de resolución de grado;3575
Castilla-La Mancha;2023-03-31;6 meses o más pendientes de resolución de grado (1);809
Castilla-La Mancha;2023-04-30;Personas solicitantes pendientes de resolución de grado;0
Castilla-La Mancha;2023-04-30;Menos de 6 meses pendientes de resolución de grado;3608
Castilla-La Mancha;2023-04-30;6 meses o más pendientes de resolución de grado (1);835
Castilla-La Mancha;2023-05-31;Personas solicitantes pendientes de resolución de grado;0
Castilla-La Mancha;2023-05-31;Menos de 6 meses pendientes de resolución de grado;3813
Castilla-La Mancha;2023-05-31;6 meses o más pendientes de resolución de grado (1);777
Castilla-La Mancha;2023-06-30;Personas solicitantes pendientes de resolución de grado;0
Castilla-La Mancha;2023-06-30;Menos de 6 meses pendientes de resolución de grado;3896
Castilla-La Mancha;2023-06-30;6 meses o más pendientes de resolución de grado (1);605
Castilla-La Mancha;2023-07-31;Personas solicitantes pendientes de resolución de grado;0
Castilla-La Mancha;2023-07-31;Menos de 6 meses pendientes de resolución de grado;3947
Castilla-La Mancha;2023-07-31;6 meses o más pendientes de resolución de grado (1);324
Castilla-La Mancha;2023-08-31;Personas solicitantes pendientes de resolución de grado;0
Castilla-La Mancha;2023-08-31;Menos de 6 meses pendientes de resolución de grado;4021
Castilla-La Mancha;2023-08-31;6 meses o más pendientes de resolución de grado (1);765
Castilla-La Mancha;2023-09-30;Personas solicitantes pendientes de resolución de grado;0
Castilla-La Mancha;2023-09-30;Menos de 6 meses pendientes de resolución de grado;3732
Castilla-La Mancha;2023-09-30;6 meses o más pendientes de resolución de grado (1);801
Castilla-La Mancha;2023-10-31;Personas solicitantes pendientes de resolución de grado;0
Castilla-La Mancha;2023-10-31;Menos de 6 meses pendientes de resolución de grado;3212
Castilla-La Mancha;2023-10-31;6 meses o más pendientes de resolución de grado (1);551
Castilla-La Mancha;2023-11-30;Personas solicitantes pendientes de resolución de grado;0
Castilla-La Mancha;2023-11-30;Menos de 6 meses pendientes de resolución de grado;2168
Castilla-La Mancha;2023-11-30;6 meses o más pendientes de resolución de grado (1);674
Castilla-La Mancha;2023-12-31;Personas solicitantes pendientes de resolución de grado;0
Castilla-La Mancha;2023-12-31;Menos de 6 meses pendientes de resolución de grado;1870
Castilla-La Mancha;2023-12-31;6 meses o más pendientes de resolución de grado (1);866
Castilla-La Mancha;2024-01-31;Personas solicitantes pendientes de resolución de grado;0
Castilla-La Mancha;2024-01-31;Menos de 6 meses pendientes de resolución de grado;2486
Castilla-La Mancha;2024-01-31;6 meses o más pendientes de resolución de grado (1);808
Castilla-La Mancha;2024-02-29;Personas solicitantes pendientes de resolución de grado;0
Castilla-La Mancha;2024-02-29;Menos de 6 meses pendientes de resolución de grado;3152
Castilla-La Mancha;2024-02-29;6 meses o más pendientes de resolución de grado (1);771
Castilla-La Mancha;2024-03-31;Personas solicitantes pendientes de resolución de grado;0
Castilla-La Mancha;2024-03-31;Menos de 6 meses pendientes de resolución de grado;3287
Castilla-La Mancha;2024-03-31;6 meses o más pendientes de resolución de grado (1);562
Castilla-La Mancha;2024-04-30;Personas solicitantes pendientes de resolución de grado;0
Castilla-La Mancha;2024-04-30;Menos de 6 meses pendientes de resolución de grado;3616
Castilla-La Mancha;2024-04-30;6 meses o más pendientes de resolución de grado (1);640
Castilla-La Mancha;2024-05-31;Personas solicitantes pendientes de resolución de grado;0
Castilla-La Mancha;2024-05-31;Menos de 6 meses pendientes de resolución de grado;3493
Castilla-La Mancha;2024-05-31;6 meses o más pendientes de resolución de grado (1);603
Castilla-La Mancha;2024-06-30;Personas solicitantes pendientes de resolución de grado;0
Castilla-La Mancha;2024-06-30;Menos de 6 meses pendientes de resolución de grado;3119
Castilla-La Mancha;2024-06-30;6 meses o más pendientes de resolución de grado (1);394
Castilla-La Mancha;2024-07-31;Personas solicitantes pendientes de resolución de grado;0
Castilla-La Mancha;2024-07-31;Menos de 6 meses pendientes de resolución de grado;2468
Castilla-La Mancha;2024-07-31;6 meses o más pendientes de resolución de grado (1);256
Castilla-La Mancha;2024-08-31;Personas solicitantes pendientes de resolución de grado;0
Castilla-La Mancha;2024-08-31;Menos de 6 meses pendientes de resolución de grado;2228
Castilla-La Mancha;2024-08-31;6 meses o más pendientes de resolución de grado (1);453
Castilla-La Mancha;2024-09-30;Personas solicitantes pendientes de resolución de grado;0
Castilla-La Mancha;2024-09-30;Menos de 6 meses pendientes de resolución de grado;2166
Castilla-La Mancha;2024-09-30;6 meses o más pendientes de resolución de grado (1);445
Castilla-La Mancha;2024-10-31;Personas solicitantes pendientes de resolución de grado;0
Castilla-La Mancha;2024-10-31;Menos de 6 meses pendientes de resolución de grado;2354
Castilla-La Mancha;2024-10-31;6 meses o más pendientes de resolución de grado (1);445
Castilla-La Mancha;2024-11-30;Personas solicitantes pendientes de resolución de grado;0
Castilla-La Mancha;2024-11-30;Menos de 6 meses pendientes de resolución de grado;1877
Castilla-La Mancha;2024-11-30;6 meses o más pendientes de resolución de grado (1);358
Castilla-La Mancha;2024-12-31;Personas solicitantes pendientes de resolución de grado;0
Castilla-La Mancha;2024-12-31;Menos de 6 meses pendientes de resolución de grado;1427
Castilla-La Mancha;2024-12-31;6 meses o más pendientes de resolución de grado (1);231
Castilla-La Mancha;2025-01-31;Personas solicitantes pendientes de resolución de grado;0
Castilla-La Mancha;2025-01-31;Menos de 6 meses pendientes de resolución de grado;2653
Castilla-La Mancha;2025-01-31;6 meses o más pendientes de resolución de grado (1);501
Castilla-La Mancha;2025-02-28;Personas solicitantes pendientes de resolución de grado;0
Castilla-La Mancha;2025-02-28;Menos de 6 meses pendientes de resolución de grado;2636
Castilla-La Mancha;2025-02-28;6 meses o más pendientes de resolución de grado (1);578
Castilla-La Mancha;2025-03-31;Personas solicitantes pendientes de resolución de grado;0
Castilla-La Mancha;2025-03-31;Menos de 6 meses pendientes de resolución de grado;3005
Castilla-La Mancha;2025-03-31;6 meses o más pendientes de resolución de grado (1);540
Castilla-La Mancha;2025-04-30;Personas solicitantes pendientes de resolución de grado;1
Castilla-La Mancha;2025-04-30;Menos de 6 meses pendientes de resolución de grado;3071
Castilla-La Mancha;2025-04-30;6 meses o más pendientes de resolución de grado (1);356
Castilla-La Mancha;2025-05-31;Personas solicitantes pendientes de resolución de grado;1
Castilla-La Mancha;2025-05-31;Menos de 6 meses pendientes de resolución de grado;2837
Castilla-La Mancha;2025-05-31;6 meses o más pendientes de resolución de grado (1);420
Castilla-La Mancha;2025-06-30;Personas solicitantes pendientes de resolución de grado;1
Castilla-La Mancha;2025-06-30;Menos de 6 meses pendientes de resolución de grado;3220
Castilla-La Mancha;2025-06-30;6 meses o más pendientes de resolución de grado (1);384
Castilla-La Mancha;2025-07-31;Personas solicitantes pendientes de resolución de grado;1
Castilla-La Mancha;2025-07-31;Menos de 6 meses pendientes de resolución de grado;3443
Castilla-La Mancha;2025-07-31;6 meses o más pendientes de resolución de grado (1);288
Castilla-La Mancha;2025-08-31;Personas solicitantes pendientes de resolución de grado;1
Castilla-La Mancha;2025-08-31;Menos de 6 meses pendientes de resolución de grado;3540
Castilla-La Mancha;2025-08-31;6 meses o más pendientes de resolución de grado (1);548
Castilla-La Mancha;2025-09-30;Personas solicitantes pendientes de resolución de grado;1
Castilla-La Mancha;2025-09-30;Menos de 6 meses pendientes de resolución de grado;2955
Castilla-La Mancha;2025-09-30;6 meses o más pendientes de resolución de grado (1);502
Castilla-La Mancha;2025-10-31;Personas solicitantes pendientes de resolución de grado;0
Castilla-La Mancha;2025-10-31;Menos de 6 meses pendientes de resolución de grado;2281
Castilla-La Mancha;2025-10-31;6 meses o más pendientes de resolución de grado (1);429
Castilla-La Mancha;2025-11-30;Personas solicitantes pendientes de resolución de grado;0
Castilla-La Mancha;2025-11-30;Menos de 6 meses pendientes de resolución de grado;1389
Castilla-La Mancha;2025-11-30;6 meses o más pendientes de resolución de grado (1);439
Castilla-La Mancha;2025-12-31;Personas solicitantes pendientes de resolución de grado;0
Castilla-La Mancha;2025-12-31;Menos de 6 meses pendientes de resolución de grado;2236
Castilla-La Mancha;2025-12-31;6 meses o más pendientes de resolución de grado (1);356
Castilla-La Mancha;2026-01-31;Personas solicitantes pendientes de resolución de grado;0
Castilla-La Mancha;2026-01-31;Menos de 6 meses pendientes de resolución de grado;2656
Castilla-La Mancha;2026-01-31;6 meses o más pendientes de resolución de grado (1);212
Castilla y León;2023-01-31;Personas solicitantes pendientes de resolución de grado;0
Castilla y León;2023-01-31;Menos de 6 meses pendientes de resolución de grado;4949
Castilla y León;2023-01-31;6 meses o más pendientes de resolución de grado (1);2996
Castilla y León;2023-02-28;Personas solicitantes pendientes de resolución de grado;0
Castilla y León;2023-02-28;Menos de 6 meses pendientes de resolución de grado;4922
Castilla y León;2023-02-28;6 meses o más pendientes de resolución de grado (1);2877
Castilla y León;2023-03-31;Personas solicitantes pendientes de resolución de grado;0
Castilla y León;2023-03-31;Menos de 6 meses pendientes de resolución de grado;5118
Castilla y León;2023-03-31;6 meses o más pendientes de resolución de grado (1);2766
Castilla y León;2023-04-30;Personas solicitantes pendientes de resolución de grado;0
Castilla y León;2023-04-30;Menos de 6 meses pendientes de resolución de grado;5038
Castilla y León;2023-04-30;6 meses o más pendientes de resolución de grado (1);3005
Castilla y León;2023-05-31;Personas solicitantes pendientes de resolución de grado;0
Castilla y León;2023-05-31;Menos de 6 meses pendientes de resolución de grado;5048
Castilla y León;2023-05-31;6 meses o más pendientes de resolución de grado (1);3195
Castilla y León;2023-06-30;Personas solicitantes pendientes de resolución de grado;0
Castilla y León;2023-06-30;Menos de 6 meses pendientes de resolución de grado;5166
Castilla y León;2023-06-30;6 meses o más pendientes de resolución de grado (1);3420
Castilla y León;2023-07-31;Personas solicitantes pendientes de resolución de grado;0
Castilla y León;2023-07-31;Menos de 6 meses pendientes de resolución de grado;5387
Castilla y León;2023-07-31;6 meses o más pendientes de resolución de grado (1);3524
Castilla y León;2023-08-31;Personas solicitantes pendientes de resolución de grado;0
Castilla y León;2023-08-31;Menos de 6 meses pendientes de resolución de grado;5220
Castilla y León;2023-08-31;6 meses o más pendientes de resolución de grado (1);4085
Castilla y León;2023-09-30;Personas solicitantes pendientes de resolución de grado;0
Castilla y León;2023-09-30;Menos de 6 meses pendientes de resolución de grado;6670
Castilla y León;2023-09-30;6 meses o más pendientes de resolución de grado (1);2641
Castilla y León;2023-10-31;Personas solicitantes pendientes de resolución de grado;0
Castilla y León;2023-10-31;Menos de 6 meses pendientes de resolución de grado;8556
Castilla y León;2023-10-31;6 meses o más pendientes de resolución de grado (1);757
Castilla y León;2023-11-30;Personas solicitantes pendientes de resolución de grado;0
Castilla y León;2023-11-30;Menos de 6 meses pendientes de resolución de grado;8145
Castilla y León;2023-11-30;6 meses o más pendientes de resolución de grado (1);1237
Castilla y León;2023-12-31;Personas solicitantes pendientes de resolución de grado;0
Castilla y León;2023-12-31;Menos de 6 meses pendientes de resolución de grado;5780
Castilla y León;2023-12-31;6 meses o más pendientes de resolución de grado (1);630
Castilla y León;2024-01-31;Personas solicitantes pendientes de resolución de grado;0
Castilla y León;2024-01-31;Menos de 6 meses pendientes de resolución de grado;6657
Castilla y León;2024-01-31;6 meses o más pendientes de resolución de grado (1);727
Castilla y León;2024-02-29;Personas solicitantes pendientes de resolución de grado;0
Castilla y León;2024-02-29;Menos de 6 meses pendientes de resolución de grado;6856
Castilla y León;2024-02-29;6 meses o más pendientes de resolución de grado (1);654
Castilla y León;2024-03-31;Personas solicitantes pendientes de resolución de grado;0
Castilla y León;2024-03-31;Menos de 6 meses pendientes de resolución de grado;7118
Castilla y León;2024-03-31;6 meses o más pendientes de resolución de grado (1);676
Castilla y León;2024-04-30;Personas solicitantes pendientes de resolución de grado;0
Castilla y León;2024-04-30;Menos de 6 meses pendientes de resolución de grado;7041
Castilla y León;2024-04-30;6 meses o más pendientes de resolución de grado (1);680
Castilla y León;2024-05-31;Personas solicitantes pendientes de resolución de grado;0
Castilla y León;2024-05-31;Menos de 6 meses pendientes de resolución de grado;6794
Castilla y León;2024-05-31;6 meses o más pendientes de resolución de grado (1);666
Castilla y León;2024-06-30;Personas solicitantes pendientes de resolución de grado;0
Castilla y León;2024-06-30;Menos de 6 meses pendientes de resolución de grado;6317
Castilla y León;2024-06-30;6 meses o más pendientes de resolución de grado (1);642
Castilla y León;2024-07-31;Personas solicitantes pendientes de resolución de grado;0
Castilla y León;2024-07-31;Menos de 6 meses pendientes de resolución de grado;5674
Castilla y León;2024-07-31;6 meses o más pendientes de resolución de grado (1);730
Castilla y León;2024-08-31;Personas solicitantes pendientes de resolución de grado;0
Castilla y León;2024-08-31;Menos de 6 meses pendientes de resolución de grado;4946
Castilla y León;2024-08-31;6 meses o más pendientes de resolución de grado (1);1230
Castilla y León;2024-09-30;Personas solicitantes pendientes de resolución de grado;1374
Castilla y León;2024-09-30;Menos de 6 meses pendientes de resolución de grado;4466
Castilla y León;2024-09-30;6 meses o más pendientes de resolución de grado (1);149
Castilla y León;2024-10-31;Personas solicitantes pendientes de resolución de grado;1374
Castilla y León;2024-10-31;Menos de 6 meses pendientes de resolución de grado;3806
Castilla y León;2024-10-31;6 meses o más pendientes de resolución de grado (1);149
Castilla y León;2024-11-30;Personas solicitantes pendientes de resolución de grado;1970
Castilla y León;2024-11-30;Menos de 6 meses pendientes de resolución de grado;2682
Castilla y León;2024-11-30;6 meses o más pendientes de resolución de grado (1);144
Castilla y León;2024-12-31;Personas solicitantes pendientes de resolución de grado;2203
Castilla y León;2024-12-31;Menos de 6 meses pendientes de resolución de grado;2016
Castilla y León;2024-12-31;6 meses o más pendientes de resolución de grado (1);0
Castilla y León;2025-01-31;Personas solicitantes pendientes de resolución de grado;1889
Castilla y León;2025-01-31;Menos de 6 meses pendientes de resolución de grado;1627
Castilla y León;2025-01-31;6 meses o más pendientes de resolución de grado (1);101
Castilla y León;2025-02-28;Personas solicitantes pendientes de resolución de grado;2031
Castilla y León;2025-02-28;Menos de 6 meses pendientes de resolución de grado;1098
Castilla y León;2025-02-28;6 meses o más pendientes de resolución de grado (1);45
Castilla y León;2025-03-31;Personas solicitantes pendientes de resolución de grado;1991
Castilla y León;2025-03-31;Menos de 6 meses pendientes de resolución de grado;987
Castilla y León;2025-03-31;6 meses o más pendientes de resolución de grado (1);2
Castilla y León;2025-04-30;Personas solicitantes pendientes de resolución de grado;2037
Castilla y León;2025-04-30;Menos de 6 meses pendientes de resolución de grado;859
Castilla y León;2025-04-30;6 meses o más pendientes de resolución de grado (1);0
Castilla y León;2025-05-31;Personas solicitantes pendientes de resolución de grado;1753
Castilla y León;2025-05-31;Menos de 6 meses pendientes de resolución de grado;1000
Castilla y León;2025-05-31;6 meses o más pendientes de resolución de grado (1);128
Castilla y León;2025-06-30;Personas solicitantes pendientes de resolución de grado;1325
Castilla y León;2025-06-30;Menos de 6 meses pendientes de resolución de grado;1296
Castilla y León;2025-06-30;6 meses o más pendientes de resolución de grado (1);397
Castilla y León;2025-07-31;Personas solicitantes pendientes de resolución de grado;2231
Castilla y León;2025-07-31;Menos de 6 meses pendientes de resolución de grado;727
Castilla y León;2025-07-31;6 meses o más pendientes de resolución de grado (1);0
Castilla y León;2025-08-31;Personas solicitantes pendientes de resolución de grado;2032
Castilla y León;2025-08-31;Menos de 6 meses pendientes de resolución de grado;741
Castilla y León;2025-08-31;6 meses o más pendientes de resolución de grado (1);1
Castilla y León;2025-09-30;Personas solicitantes pendientes de resolución de grado;2168
Castilla y León;2025-09-30;Menos de 6 meses pendientes de resolución de grado;619
Castilla y León;2025-09-30;6 meses o más pendientes de resolución de grado (1);2
Castilla y León;2025-10-31;Personas solicitantes pendientes de resolución de grado;1902
Castilla y León;2025-10-31;Menos de 6 meses pendientes de resolución de grado;1000
Castilla y León;2025-10-31;6 meses o más pendientes de resolución de grado (1);325
Castilla y León;2025-11-30;Personas solicitantes pendientes de resolución de grado;2611
Castilla y León;2025-11-30;Menos de 6 meses pendientes de resolución de grado;898
Castilla y León;2025-11-30;6 meses o más pendientes de resolución de grado (1);1
Castilla y León;2025-12-31;Personas solicitantes pendientes de resolución de grado;1919
Castilla y León;2025-12-31;Menos de 6 meses pendientes de resolución de grado;734
Castilla y León;2025-12-31;6 meses o más pendientes de resolución de grado (1);0
Castilla y León;2026-01-31;Personas solicitantes pendientes de resolución de grado;1580
Castilla y León;2026-01-31;Menos de 6 meses pendientes de resolución de grado;712
Castilla y León;2026-01-31;6 meses o más pendientes de resolución de grado (1);81
Cataluña;2023-01-31;Personas solicitantes pendientes de resolución de grado;0
Cataluña;2023-01-31;Menos de 6 meses pendientes de resolución de grado;19239
Cataluña;2023-01-31;6 meses o más pendientes de resolución de grado (1);5397
Cataluña;2023-02-28;Personas solicitantes pendientes de resolución de grado;0
Cataluña;2023-02-28;Menos de 6 meses pendientes de resolución de grado;23632
Cataluña;2023-02-28;6 meses o más pendientes de resolución de grado (1);5158
Cataluña;2023-03-31;Personas solicitantes pendientes de resolución de grado;0
Cataluña;2023-03-31;Menos de 6 meses pendientes de resolución de grado;23354
Cataluña;2023-03-31;6 meses o más pendientes de resolución de grado (1);3730
Cataluña;2023-04-30;Personas solicitantes pendientes de resolución de grado;0
Cataluña;2023-04-30;Menos de 6 meses pendientes de resolución de grado;24349
Cataluña;2023-04-30;6 meses o más pendientes de resolución de grado (1);3880
Cataluña;2023-05-31;Personas solicitantes pendientes de resolución de grado;0
Cataluña;2023-05-31;Menos de 6 meses pendientes de resolución de grado;23311
Cataluña;2023-05-31;6 meses o más pendientes de resolución de grado (1);4270
Cataluña;2023-06-30;Personas solicitantes pendientes de resolución de grado;0
Cataluña;2023-06-30;Menos de 6 meses pendientes de resolución de grado;23433
Cataluña;2023-06-30;6 meses o más pendientes de resolución de grado (1);3795
Cataluña;2023-07-31;Personas solicitantes pendientes de resolución de grado;0
Cataluña;2023-07-31;Menos de 6 meses pendientes de resolución de grado;23345
Cataluña;2023-07-31;6 meses o más pendientes de resolución de grado (1);3759
Cataluña;2023-08-31;Personas solicitantes pendientes de resolución de grado;0
Cataluña;2023-08-31;Menos de 6 meses pendientes de resolución de grado;25655
Cataluña;2023-08-31;6 meses o más pendientes de resolución de grado (1);5898
Cataluña;2023-09-30;Personas solicitantes pendientes de resolución de grado;0
Cataluña;2023-09-30;Menos de 6 meses pendientes de resolución de grado;23740
Cataluña;2023-09-30;6 meses o más pendientes de resolución de grado (1);5926
Cataluña;2023-10-31;Personas solicitantes pendientes de resolución de grado;0
Cataluña;2023-10-31;Menos de 6 meses pendientes de resolución de grado;22544
Cataluña;2023-10-31;6 meses o más pendientes de resolución de grado (1);5519
Cataluña;2023-11-30;Personas solicitantes pendientes de resolución de grado;0
Cataluña;2023-11-30;Menos de 6 meses pendientes de resolución de grado;21602
Cataluña;2023-11-30;6 meses o más pendientes de resolución de grado (1);5585
Cataluña;2023-12-31;Personas solicitantes pendientes de resolución de grado;0
Cataluña;2023-12-31;Menos de 6 meses pendientes de resolución de grado;20041
Cataluña;2023-12-31;6 meses o más pendientes de resolución de grado (1);5327
Cataluña;2024-01-31;Personas solicitantes pendientes de resolución de grado;0
Cataluña;2024-01-31;Menos de 6 meses pendientes de resolución de grado;20806
Cataluña;2024-01-31;6 meses o más pendientes de resolución de grado (1);6733
Cataluña;2024-02-29;Personas solicitantes pendientes de resolución de grado;0
Cataluña;2024-02-29;Menos de 6 meses pendientes de resolución de grado;23664
Cataluña;2024-02-29;6 meses o más pendientes de resolución de grado (1);5215
Cataluña;2024-03-31;Personas solicitantes pendientes de resolución de grado;0
Cataluña;2024-03-31;Menos de 6 meses pendientes de resolución de grado;24241
Cataluña;2024-03-31;6 meses o más pendientes de resolución de grado (1);4433
Cataluña;2024-04-30;Personas solicitantes pendientes de resolución de grado;0
Cataluña;2024-04-30;Menos de 6 meses pendientes de resolución de grado;24930
Cataluña;2024-04-30;6 meses o más pendientes de resolución de grado (1);4777
Cataluña;2024-05-31;Personas solicitantes pendientes de resolución de grado;0
Cataluña;2024-05-31;Menos de 6 meses pendientes de resolución de grado;24903
Cataluña;2024-05-31;6 meses o más pendientes de resolución de grado (1);5425
Cataluña;2024-06-30;Personas solicitantes pendientes de resolución de grado;0
Cataluña;2024-06-30;Menos de 6 meses pendientes de resolución de grado;25234
Cataluña;2024-06-30;6 meses o más pendientes de resolución de grado (1);4766
Cataluña;2024-07-31;Personas solicitantes pendientes de resolución de grado;0
Cataluña;2024-07-31;Menos de 6 meses pendientes de resolución de grado;25607
Cataluña;2024-07-31;6 meses o más pendientes de resolución de grado (1);4825
Cataluña;2024-08-31;Personas solicitantes pendientes de resolución de grado;0
Cataluña;2024-08-31;Menos de 6 meses pendientes de resolución de grado;25971
Cataluña;2024-08-31;6 meses o más pendientes de resolución de grado (1);6214
Cataluña;2024-09-30;Personas solicitantes pendientes de resolución de grado;0
Cataluña;2024-09-30;Menos de 6 meses pendientes de resolución de grado;25495
Cataluña;2024-09-30;6 meses o más pendientes de resolución de grado (1);7548
Cataluña;2024-10-31;Personas solicitantes pendientes de resolución de grado;0
Cataluña;2024-10-31;Menos de 6 meses pendientes de resolución de grado;24503
Cataluña;2024-10-31;6 meses o más pendientes de resolución de grado (1);7548
Cataluña;2024-11-30;Personas solicitantes pendientes de resolución de grado;0
Cataluña;2024-11-30;Menos de 6 meses pendientes de resolución de grado;22906
Cataluña;2024-11-30;6 meses o más pendientes de resolución de grado (1);8402
Cataluña;2024-12-31;Personas solicitantes pendientes de resolución de grado;0
Cataluña;2024-12-31;Menos de 6 meses pendientes de resolución de grado;21690
Cataluña;2024-12-31;6 meses o más pendientes de resolución de grado (1);8328
Cataluña;2025-01-31;Personas solicitantes pendientes de resolución de grado;0
Cataluña;2025-01-31;Menos de 6 meses pendientes de resolución de grado;22803
Cataluña;2025-01-31;6 meses o más pendientes de resolución de grado (1);9895
Cataluña;2025-02-28;Personas solicitantes pendientes de resolución de grado;0
Cataluña;2025-02-28;Menos de 6 meses pendientes de resolución de grado;23944
Cataluña;2025-02-28;6 meses o más pendientes de resolución de grado (1);7670
Cataluña;2025-03-31;Personas solicitantes pendientes de resolución de grado;0
Cataluña;2025-03-31;Menos de 6 meses pendientes de resolución de grado;27290
Cataluña;2025-03-31;6 meses o más pendientes de resolución de grado (1);7206
Cataluña;2025-04-30;Personas solicitantes pendientes de resolución de grado;0
Cataluña;2025-04-30;Menos de 6 meses pendientes de resolución de grado;28180
Cataluña;2025-04-30;6 meses o más pendientes de resolución de grado (1);7910
Cataluña;2025-05-31;Personas solicitantes pendientes de resolución de grado;0
Cataluña;2025-05-31;Menos de 6 meses pendientes de resolución de grado;28704
Cataluña;2025-05-31;6 meses o más pendientes de resolución de grado (1);7882
Cataluña;2025-06-30;Personas solicitantes pendientes de resolución de grado;0
Cataluña;2025-06-30;Menos de 6 meses pendientes de resolución de grado;29617
Cataluña;2025-06-30;6 meses o más pendientes de resolución de grado (1);7774
Cataluña;2025-07-31;Personas solicitantes pendientes de resolución de grado;0
Cataluña;2025-07-31;Menos de 6 meses pendientes de resolución de grado;32307
Cataluña;2025-07-31;6 meses o más pendientes de resolución de grado (1);8730
Cataluña;2025-08-31;Personas solicitantes pendientes de resolución de grado;0
Cataluña;2025-08-31;Menos de 6 meses pendientes de resolución de grado;31478
Cataluña;2025-08-31;6 meses o más pendientes de resolución de grado (1);11054
Cataluña;2025-09-30;Personas solicitantes pendientes de resolución de grado;0
Cataluña;2025-09-30;Menos de 6 meses pendientes de resolución de grado;30363
Cataluña;2025-09-30;6 meses o más pendientes de resolución de grado (1);13529
Cataluña;2025-10-31;Personas solicitantes pendientes de resolución de grado;0
Cataluña;2025-10-31;Menos de 6 meses pendientes de resolución de grado;30687
Cataluña;2025-10-31;6 meses o más pendientes de resolución de grado (1);14176
Cataluña;2025-11-30;Personas solicitantes pendientes de resolución de grado;0
Cataluña;2025-11-30;Menos de 6 meses pendientes de resolución de grado;30712
Cataluña;2025-11-30;6 meses o más pendientes de resolución de grado (1);14372
Cataluña;2025-12-31;Personas solicitantes pendientes de resolución de grado;0
Cataluña;2025-12-31;Menos de 6 meses pendientes de resolución de grado;29064
Cataluña;2025-12-31;6 meses o más pendientes de resolución de grado (1);14602
Cataluña;2026-01-31;Personas solicitantes pendientes de resolución de grado;0
Cataluña;2026-01-31;Menos de 6 meses pendientes de resolución de grado;27615
Cataluña;2026-01-31;6 meses o más pendientes de resolución de grado (1);14350
Ceuta y Melilla;2023-01-31;Personas solicitantes pendientes de resolución de grado;0
Ceuta y Melilla;2023-01-31;Menos de 6 meses pendientes de resolución de grado;209
Ceuta y Melilla;2023-01-31;6 meses o más pendientes de resolución de grado (1);50
Ceuta y Melilla;2023-02-28;Personas solicitantes pendientes de resolución de grado;0
Ceuta y Melilla;2023-02-28;Menos de 6 meses pendientes de resolución de grado;169
Ceuta y Melilla;2023-02-28;6 meses o más pendientes de resolución de grado (1);41
Ceuta y Melilla;2023-03-31;Personas solicitantes pendientes de resolución de grado;0
Ceuta y Melilla;2023-03-31;Menos de 6 meses pendientes de resolución de grado;173
Ceuta y Melilla;2023-03-31;6 meses o más pendientes de resolución de grado (1);37
Ceuta y Melilla;2023-04-30;Personas solicitantes pendientes de resolución de grado;0
Ceuta y Melilla;2023-04-30;Menos de 6 meses pendientes de resolución de grado;200
Ceuta y Melilla;2023-04-30;6 meses o más pendientes de resolución de grado (1);39
Ceuta y Melilla;2023-05-31;Personas solicitantes pendientes de resolución de grado;0
Ceuta y Melilla;2023-05-31;Menos de 6 meses pendientes de resolución de grado;129
Ceuta y Melilla;2023-05-31;6 meses o más pendientes de resolución de grado (1);38
Ceuta y Melilla;2023-06-30;Personas solicitantes pendientes de resolución de grado;0
Ceuta y Melilla;2023-06-30;Menos de 6 meses pendientes de resolución de grado;141
Ceuta y Melilla;2023-06-30;6 meses o más pendientes de resolución de grado (1);36
Ceuta y Melilla;2023-07-31;Personas solicitantes pendientes de resolución de grado;0
Ceuta y Melilla;2023-07-31;Menos de 6 meses pendientes de resolución de grado;134
Ceuta y Melilla;2023-07-31;6 meses o más pendientes de resolución de grado (1);36
Ceuta y Melilla;2023-08-31;Personas solicitantes pendientes de resolución de grado;0
Ceuta y Melilla;2023-08-31;Menos de 6 meses pendientes de resolución de grado;177
Ceuta y Melilla;2023-08-31;6 meses o más pendientes de resolución de grado (1);37
Ceuta y Melilla;2023-09-30;Personas solicitantes pendientes de resolución de grado;0
Ceuta y Melilla;2023-09-30;Menos de 6 meses pendientes de resolución de grado;168
Ceuta y Melilla;2023-09-30;6 meses o más pendientes de resolución de grado (1);36
Ceuta y Melilla;2023-10-31;Personas solicitantes pendientes de resolución de grado;0
Ceuta y Melilla;2023-10-31;Menos de 6 meses pendientes de resolución de grado;163
Ceuta y Melilla;2023-10-31;6 meses o más pendientes de resolución de grado (1);35
Ceuta y Melilla;2023-11-30;Personas solicitantes pendientes de resolución de grado;0
Ceuta y Melilla;2023-11-30;Menos de 6 meses pendientes de resolución de grado;157
Ceuta y Melilla;2023-11-30;6 meses o más pendientes de resolución de grado (1);37
Ceuta y Melilla;2023-12-31;Personas solicitantes pendientes de resolución de grado;0
Ceuta y Melilla;2023-12-31;Menos de 6 meses pendientes de resolución de grado;157
Ceuta y Melilla;2023-12-31;6 meses o más pendientes de resolución de grado (1);36
Ceuta y Melilla;2024-01-31;Personas solicitantes pendientes de resolución de grado;0
Ceuta y Melilla;2024-01-31;Menos de 6 meses pendientes de resolución de grado;216
Ceuta y Melilla;2024-01-31;6 meses o más pendientes de resolución de grado (1);39
Ceuta y Melilla;2024-02-29;Personas solicitantes pendientes de resolución de grado;0
Ceuta y Melilla;2024-02-29;Menos de 6 meses pendientes de resolución de grado;173
Ceuta y Melilla;2024-02-29;6 meses o más pendientes de resolución de grado (1);42
Ceuta y Melilla;2024-03-31;Personas solicitantes pendientes de resolución de grado;0
Ceuta y Melilla;2024-03-31;Menos de 6 meses pendientes de resolución de grado;167
Ceuta y Melilla;2024-03-31;6 meses o más pendientes de resolución de grado (1);41
Ceuta y Melilla;2024-04-30;Personas solicitantes pendientes de resolución de grado;0
Ceuta y Melilla;2024-04-30;Menos de 6 meses pendientes de resolución de grado;181
Ceuta y Melilla;2024-04-30;6 meses o más pendientes de resolución de grado (1);39
Ceuta y Melilla;2024-05-31;Personas solicitantes pendientes de resolución de grado;0
Ceuta y Melilla;2024-05-31;Menos de 6 meses pendientes de resolución de grado;168
Ceuta y Melilla;2024-05-31;6 meses o más pendientes de resolución de grado (1);40
Ceuta y Melilla;2024-06-30;Personas solicitantes pendientes de resolución de grado;0
Ceuta y Melilla;2024-06-30;Menos de 6 meses pendientes de resolución de grado;166
Ceuta y Melilla;2024-06-30;6 meses o más pendientes de resolución de grado (1);38
Ceuta y Melilla;2024-07-31;Personas solicitantes pendientes de resolución de grado;0
Ceuta y Melilla;2024-07-31;Menos de 6 meses pendientes de resolución de grado;170
Ceuta y Melilla;2024-07-31;6 meses o más pendientes de resolución de grado (1);38
Ceuta y Melilla;2024-08-31;Personas solicitantes pendientes de resolución de grado;0
Ceuta y Melilla;2024-08-31;Menos de 6 meses pendientes de resolución de grado;186
Ceuta y Melilla;2024-08-31;6 meses o más pendientes de resolución de grado (1);39
Ceuta y Melilla;2024-09-30;Personas solicitantes pendientes de resolución de grado;0
Ceuta y Melilla;2024-09-30;Menos de 6 meses pendientes de resolución de grado;203
Ceuta y Melilla;2024-09-30;6 meses o más pendientes de resolución de grado (1);42
Ceuta y Melilla;2024-10-31;Personas solicitantes pendientes de resolución de grado;0
Ceuta y Melilla;2024-10-31;Menos de 6 meses pendientes de resolución de grado;213
Ceuta y Melilla;2024-10-31;6 meses o más pendientes de resolución de grado (1);42
Ceuta y Melilla;2024-11-30;Personas solicitantes pendientes de resolución de grado;0
Ceuta y Melilla;2024-11-30;Menos de 6 meses pendientes de resolución de grado;182
Ceuta y Melilla;2024-11-30;6 meses o más pendientes de resolución de grado (1);49
Ceuta y Melilla;2024-12-31;Personas solicitantes pendientes de resolución de grado;0
Ceuta y Melilla;2024-12-31;Menos de 6 meses pendientes de resolución de grado;153
Ceuta y Melilla;2024-12-31;6 meses o más pendientes de resolución de grado (1);51
Ceuta y Melilla;2025-01-31;Personas solicitantes pendientes de resolución de grado;0
Ceuta y Melilla;2025-01-31;Menos de 6 meses pendientes de resolución de grado;215
Ceuta y Melilla;2025-01-31;6 meses o más pendientes de resolución de grado (1);47
Ceuta y Melilla;2025-02-28;Personas solicitantes pendientes de resolución de grado;0
Ceuta y Melilla;2025-02-28;Menos de 6 meses pendientes de resolución de grado;179
Ceuta y Melilla;2025-02-28;6 meses o más pendientes de resolución de grado (1);43
Ceuta y Melilla;2025-03-31;Personas solicitantes pendientes de resolución de grado;0
Ceuta y Melilla;2025-03-31;Menos de 6 meses pendientes de resolución de grado;155
Ceuta y Melilla;2025-03-31;6 meses o más pendientes de resolución de grado (1);47
Ceuta y Melilla;2025-04-30;Personas solicitantes pendientes de resolución de grado;0
Ceuta y Melilla;2025-04-30;Menos de 6 meses pendientes de resolución de grado;128
Ceuta y Melilla;2025-04-30;6 meses o más pendientes de resolución de grado (1);45
Ceuta y Melilla;2025-05-31;Personas solicitantes pendientes de resolución de grado;0
Ceuta y Melilla;2025-05-31;Menos de 6 meses pendientes de resolución de grado;156
Ceuta y Melilla;2025-05-31;6 meses o más pendientes de resolución de grado (1);41
Ceuta y Melilla;2025-06-30;Personas solicitantes pendientes de resolución de grado;0
Ceuta y Melilla;2025-06-30;Menos de 6 meses pendientes de resolución de grado;134
Ceuta y Melilla;2025-06-30;6 meses o más pendientes de resolución de grado (1);34
Ceuta y Melilla;2025-07-31;Personas solicitantes pendientes de resolución de grado;0
Ceuta y Melilla;2025-07-31;Menos de 6 meses pendientes de resolución de grado;174
Ceuta y Melilla;2025-07-31;6 meses o más pendientes de resolución de grado (1);33
Ceuta y Melilla;2025-08-31;Personas solicitantes pendientes de resolución de grado;0
Ceuta y Melilla;2025-08-31;Menos de 6 meses pendientes de resolución de grado;181
Ceuta y Melilla;2025-08-31;6 meses o más pendientes de resolución de grado (1);33
Ceuta y Melilla;2025-09-30;Personas solicitantes pendientes de resolución de grado;0
Ceuta y Melilla;2025-09-30;Menos de 6 meses pendientes de resolución de grado;196
Ceuta y Melilla;2025-09-30;6 meses o más pendientes de resolución de grado (1);35
Ceuta y Melilla;2025-10-31;Personas solicitantes pendientes de resolución de grado;0
Ceuta y Melilla;2025-10-31;Menos de 6 meses pendientes de resolución de grado;165
Ceuta y Melilla;2025-10-31;6 meses o más pendientes de resolución de grado (1);31
Ceuta y Melilla;2025-11-30;Personas solicitantes pendientes de resolución de grado;0
Ceuta y Melilla;2025-11-30;Menos de 6 meses pendientes de resolución de grado;137
Ceuta y Melilla;2025-11-30;6 meses o más pendientes de resolución de grado (1);31
Ceuta y Melilla;2025-12-31;Personas solicitantes pendientes de resolución de grado;0
Ceuta y Melilla;2025-12-31;Menos de 6 meses pendientes de resolución de grado;102
Ceuta y Melilla;2025-12-31;6 meses o más pendientes de resolución de grado (1);36
Ceuta y Melilla;2026-01-31;Personas solicitantes pendientes de resolución de grado;0
Ceuta y Melilla;2026-01-31;Menos de 6 meses pendientes de resolución de grado;89
Ceuta y Melilla;2026-01-31;6 meses o más pendientes de resolución de grado (1);32
Comunidad Valenciana;2023-01-31;Personas solicitantes pendientes de resolución de grado;157
Comunidad Valenciana;2023-01-31;Menos de 6 meses pendientes de resolución de grado;9021
Comunidad Valenciana;2023-01-31;6 meses o más pendientes de resolución de grado (1);7376
Comunidad Valenciana;2023-02-28;Personas solicitantes pendientes de resolución de grado;152
Comunidad Valenciana;2023-02-28;Menos de 6 meses pendientes de resolución de grado;9038
Comunidad Valenciana;2023-02-28;6 meses o más pendientes de resolución de grado (1);6545
Comunidad Valenciana;2023-03-31;Personas solicitantes pendientes de resolución de grado;134
Comunidad Valenciana;2023-03-31;Menos de 6 meses pendientes de resolución de grado;8994
Comunidad Valenciana;2023-03-31;6 meses o más pendientes de resolución de grado (1);6438
Comunidad Valenciana;2023-04-30;Personas solicitantes pendientes de resolución de grado;144
Comunidad Valenciana;2023-04-30;Menos de 6 meses pendientes de resolución de grado;10403
Comunidad Valenciana;2023-04-30;6 meses o más pendientes de resolución de grado (1);6245
Comunidad Valenciana;2023-05-31;Personas solicitantes pendientes de resolución de grado;141
Comunidad Valenciana;2023-05-31;Menos de 6 meses pendientes de resolución de grado;11640
Comunidad Valenciana;2023-05-31;6 meses o más pendientes de resolución de grado (1);6086
Comunidad Valenciana;2023-06-30;Personas solicitantes pendientes de resolución de grado;138
Comunidad Valenciana;2023-06-30;Menos de 6 meses pendientes de resolución de grado;11990
Comunidad Valenciana;2023-06-30;6 meses o más pendientes de resolución de grado (1);5798
Comunidad Valenciana;2023-07-31;Personas solicitantes pendientes de resolución de grado;144
Comunidad Valenciana;2023-07-31;Menos de 6 meses pendientes de resolución de grado;12037
Comunidad Valenciana;2023-07-31;6 meses o más pendientes de resolución de grado (1);5549
Comunidad Valenciana;2023-08-31;Personas solicitantes pendientes de resolución de grado;149
Comunidad Valenciana;2023-08-31;Menos de 6 meses pendientes de resolución de grado;12159
Comunidad Valenciana;2023-08-31;6 meses o más pendientes de resolución de grado (1);7247
Comunidad Valenciana;2023-09-30;Personas solicitantes pendientes de resolución de grado;143
Comunidad Valenciana;2023-09-30;Menos de 6 meses pendientes de resolución de grado;10450
Comunidad Valenciana;2023-09-30;6 meses o más pendientes de resolución de grado (1);7315
Comunidad Valenciana;2023-10-31;Personas solicitantes pendientes de resolución de grado;145
Comunidad Valenciana;2023-10-31;Menos de 6 meses pendientes de resolución de grado;10173
Comunidad Valenciana;2023-10-31;6 meses o más pendientes de resolución de grado (1);7632
Comunidad Valenciana;2023-11-30;Personas solicitantes pendientes de resolución de grado;139
Comunidad Valenciana;2023-11-30;Menos de 6 meses pendientes de resolución de grado;10478
Comunidad Valenciana;2023-11-30;6 meses o más pendientes de resolución de grado (1);8136
Comunidad Valenciana;2023-12-31;Personas solicitantes pendientes de resolución de grado;140
Comunidad Valenciana;2023-12-31;Menos de 6 meses pendientes de resolución de grado;7900
Comunidad Valenciana;2023-12-31;6 meses o más pendientes de resolución de grado (1);8583
Comunidad Valenciana;2024-01-31;Personas solicitantes pendientes de resolución de grado;138
Comunidad Valenciana;2024-01-31;Menos de 6 meses pendientes de resolución de grado;6135
Comunidad Valenciana;2024-01-31;6 meses o más pendientes de resolución de grado (1);9068
Comunidad Valenciana;2024-02-29;Personas solicitantes pendientes de resolución de grado;136
Comunidad Valenciana;2024-02-29;Menos de 6 meses pendientes de resolución de grado;6225
Comunidad Valenciana;2024-02-29;6 meses o más pendientes de resolución de grado (1);8642
Comunidad Valenciana;2024-03-31;Personas solicitantes pendientes de resolución de grado;130
Comunidad Valenciana;2024-03-31;Menos de 6 meses pendientes de resolución de grado;6032
Comunidad Valenciana;2024-03-31;6 meses o más pendientes de resolución de grado (1);7941
Comunidad Valenciana;2024-04-30;Personas solicitantes pendientes de resolución de grado;140
Comunidad Valenciana;2024-04-30;Menos de 6 meses pendientes de resolución de grado;5649
Comunidad Valenciana;2024-04-30;6 meses o más pendientes de resolución de grado (1);7785
Comunidad Valenciana;2024-05-31;Personas solicitantes pendientes de resolución de grado;135
Comunidad Valenciana;2024-05-31;Menos de 6 meses pendientes de resolución de grado;5454
Comunidad Valenciana;2024-05-31;6 meses o más pendientes de resolución de grado (1);7989
Comunidad Valenciana;2024-06-30;Personas solicitantes pendientes de resolución de grado;136
Comunidad Valenciana;2024-06-30;Menos de 6 meses pendientes de resolución de grado;5913
Comunidad Valenciana;2024-06-30;6 meses o más pendientes de resolución de grado (1);7795
Comunidad Valenciana;2024-07-31;Personas solicitantes pendientes de resolución de grado;150
Comunidad Valenciana;2024-07-31;Menos de 6 meses pendientes de resolución de grado;8780
Comunidad Valenciana;2024-07-31;6 meses o más pendientes de resolución de grado (1);8717
Comunidad Valenciana;2024-08-31;Personas solicitantes pendientes de resolución de grado;186
Comunidad Valenciana;2024-08-31;Menos de 6 meses pendientes de resolución de grado;6740
Comunidad Valenciana;2024-08-31;6 meses o más pendientes de resolución de grado (1);9831
Comunidad Valenciana;2024-09-30;Personas solicitantes pendientes de resolución de grado;215
Comunidad Valenciana;2024-09-30;Menos de 6 meses pendientes de resolución de grado;5893
Comunidad Valenciana;2024-09-30;6 meses o más pendientes de resolución de grado (1);10253
Comunidad Valenciana;2024-10-31;Personas solicitantes pendientes de resolución de grado;215
Comunidad Valenciana;2024-10-31;Menos de 6 meses pendientes de resolución de grado;6298
Comunidad Valenciana;2024-10-31;6 meses o más pendientes de resolución de grado (1);10253
Comunidad Valenciana;2024-11-30;Personas solicitantes pendientes de resolución de grado;204
Comunidad Valenciana;2024-11-30;Menos de 6 meses pendientes de resolución de grado;5097
Comunidad Valenciana;2024-11-30;6 meses o más pendientes de resolución de grado (1);11183
Comunidad Valenciana;2024-12-31;Personas solicitantes pendientes de resolución de grado;224
Comunidad Valenciana;2024-12-31;Menos de 6 meses pendientes de resolución de grado;4837
Comunidad Valenciana;2024-12-31;6 meses o más pendientes de resolución de grado (1);11968
Comunidad Valenciana;2025-01-31;Personas solicitantes pendientes de resolución de grado;241
Comunidad Valenciana;2025-01-31;Menos de 6 meses pendientes de resolución de grado;4621
Comunidad Valenciana;2025-01-31;6 meses o más pendientes de resolución de grado (1);12299
Comunidad Valenciana;2025-02-28;Personas solicitantes pendientes de resolución de grado;199
Comunidad Valenciana;2025-02-28;Menos de 6 meses pendientes de resolución de grado;4805
Comunidad Valenciana;2025-02-28;6 meses o más pendientes de resolución de grado (1);9763
Comunidad Valenciana;2025-03-31;Personas solicitantes pendientes de resolución de grado;203
Comunidad Valenciana;2025-03-31;Menos de 6 meses pendientes de resolución de grado;4964
Comunidad Valenciana;2025-03-31;6 meses o más pendientes de resolución de grado (1);9707
Comunidad Valenciana;2025-04-30;Personas solicitantes pendientes de resolución de grado;255
Comunidad Valenciana;2025-04-30;Menos de 6 meses pendientes de resolución de grado;10053
Comunidad Valenciana;2025-04-30;6 meses o más pendientes de resolución de grado (1);10541
Comunidad Valenciana;2025-05-31;Personas solicitantes pendientes de resolución de grado;366
Comunidad Valenciana;2025-05-31;Menos de 6 meses pendientes de resolución de grado;10194
Comunidad Valenciana;2025-05-31;6 meses o más pendientes de resolución de grado (1);12981
Comunidad Valenciana;2025-06-30;Personas solicitantes pendientes de resolución de grado;452
Comunidad Valenciana;2025-06-30;Menos de 6 meses pendientes de resolución de grado;10309
Comunidad Valenciana;2025-06-30;6 meses o más pendientes de resolución de grado (1);15483
Comunidad Valenciana;2025-07-31;Personas solicitantes pendientes de resolución de grado;222
Comunidad Valenciana;2025-07-31;Menos de 6 meses pendientes de resolución de grado;7620
Comunidad Valenciana;2025-07-31;6 meses o más pendientes de resolución de grado (1);8218
Comunidad Valenciana;2025-08-31;Personas solicitantes pendientes de resolución de grado;224
Comunidad Valenciana;2025-08-31;Menos de 6 meses pendientes de resolución de grado;6040
Comunidad Valenciana;2025-08-31;6 meses o más pendientes de resolución de grado (1);8982
Comunidad Valenciana;2025-09-30;Personas solicitantes pendientes de resolución de grado;204
Comunidad Valenciana;2025-09-30;Menos de 6 meses pendientes de resolución de grado;8817
Comunidad Valenciana;2025-09-30;6 meses o más pendientes de resolución de grado (1);9419
Comunidad Valenciana;2025-10-31;Personas solicitantes pendientes de resolución de grado;214
Comunidad Valenciana;2025-10-31;Menos de 6 meses pendientes de resolución de grado;7420
Comunidad Valenciana;2025-10-31;6 meses o más pendientes de resolución de grado (1);9122
Comunidad Valenciana;2025-11-30;Personas solicitantes pendientes de resolución de grado;211
Comunidad Valenciana;2025-11-30;Menos de 6 meses pendientes de resolución de grado;9425
Comunidad Valenciana;2025-11-30;6 meses o más pendientes de resolución de grado (1);9506
Comunidad Valenciana;2025-12-31;Personas solicitantes pendientes de resolución de grado;213
Comunidad Valenciana;2025-12-31;Menos de 6 meses pendientes de resolución de grado;7746
Comunidad Valenciana;2025-12-31;6 meses o más pendientes de resolución de grado (1);9676
Comunidad Valenciana;2026-01-31;Personas solicitantes pendientes de resolución de grado;225
Comunidad Valenciana;2026-01-31;Menos de 6 meses pendientes de resolución de grado;6052
Comunidad Valenciana;2026-01-31;6 meses o más pendientes de resolución de grado (1);10511
Extremadura;2023-01-31;Personas solicitantes pendientes de resolución de grado;0
Extremadura;2023-01-31;Menos de 6 meses pendientes de resolución de grado;2273
Extremadura;2023-01-31;6 meses o más pendientes de resolución de grado (1);788
Extremadura;2023-02-28;Personas solicitantes pendientes de resolución de grado;0
Extremadura;2023-02-28;Menos de 6 meses pendientes de resolución de grado;2289
Extremadura;2023-02-28;6 meses o más pendientes de resolución de grado (1);651
Extremadura;2023-03-31;Personas solicitantes pendientes de resolución de grado;0
Extremadura;2023-03-31;Menos de 6 meses pendientes de resolución de grado;2345
Extremadura;2023-03-31;6 meses o más pendientes de resolución de grado (1);589
Extremadura;2023-04-30;Personas solicitantes pendientes de resolución de grado;0
Extremadura;2023-04-30;Menos de 6 meses pendientes de resolución de grado;2187
Extremadura;2023-04-30;6 meses o más pendientes de resolución de grado (1);554
Extremadura;2023-05-31;Personas solicitantes pendientes de resolución de grado;0
Extremadura;2023-05-31;Menos de 6 meses pendientes de resolución de grado;2298
Extremadura;2023-05-31;6 meses o más pendientes de resolución de grado (1);503
Extremadura;2023-06-30;Personas solicitantes pendientes de resolución de grado;0
Extremadura;2023-06-30;Menos de 6 meses pendientes de resolución de grado;2530
Extremadura;2023-06-30;6 meses o más pendientes de resolución de grado (1);384
Extremadura;2023-07-31;Personas solicitantes pendientes de resolución de grado;0
Extremadura;2023-07-31;Menos de 6 meses pendientes de resolución de grado;2496
Extremadura;2023-07-31;6 meses o más pendientes de resolución de grado (1);396
Extremadura;2023-08-31;Personas solicitantes pendientes de resolución de grado;0
Extremadura;2023-08-31;Menos de 6 meses pendientes de resolución de grado;2387
Extremadura;2023-08-31;6 meses o más pendientes de resolución de grado (1);472
Extremadura;2023-09-30;Personas solicitantes pendientes de resolución de grado;0
Extremadura;2023-09-30;Menos de 6 meses pendientes de resolución de grado;2229
Extremadura;2023-09-30;6 meses o más pendientes de resolución de grado (1);574
Extremadura;2023-10-31;Personas solicitantes pendientes de resolución de grado;0
Extremadura;2023-10-31;Menos de 6 meses pendientes de resolución de grado;2166
Extremadura;2023-10-31;6 meses o más pendientes de resolución de grado (1);527
Extremadura;2023-11-30;Personas solicitantes pendientes de resolución de grado;0
Extremadura;2023-11-30;Menos de 6 meses pendientes de resolución de grado;2010
Extremadura;2023-11-30;6 meses o más pendientes de resolución de grado (1);518
Extremadura;2023-12-31;Personas solicitantes pendientes de resolución de grado;0
Extremadura;2023-12-31;Menos de 6 meses pendientes de resolución de grado;1948
Extremadura;2023-12-31;6 meses o más pendientes de resolución de grado (1);464
Extremadura;2024-01-31;Personas solicitantes pendientes de resolución de grado;0
Extremadura;2024-01-31;Menos de 6 meses pendientes de resolución de grado;2145
Extremadura;2024-01-31;6 meses o más pendientes de resolución de grado (1);506
Extremadura;2024-02-29;Personas solicitantes pendientes de resolución de grado;0
Extremadura;2024-02-29;Menos de 6 meses pendientes de resolución de grado;2045
Extremadura;2024-02-29;6 meses o más pendientes de resolución de grado (1);433
Extremadura;2024-03-31;Personas solicitantes pendientes de resolución de grado;0
Extremadura;2024-03-31;Menos de 6 meses pendientes de resolución de grado;1904
Extremadura;2024-03-31;6 meses o más pendientes de resolución de grado (1);359
Extremadura;2024-04-30;Personas solicitantes pendientes de resolución de grado;0
Extremadura;2024-04-30;Menos de 6 meses pendientes de resolución de grado;2241
Extremadura;2024-04-30;6 meses o más pendientes de resolución de grado (1);321
Extremadura;2024-05-31;Personas solicitantes pendientes de resolución de grado;0
Extremadura;2024-05-31;Menos de 6 meses pendientes de resolución de grado;2258
Extremadura;2024-05-31;6 meses o más pendientes de resolución de grado (1);316
Extremadura;2024-06-30;Personas solicitantes pendientes de resolución de grado;0
Extremadura;2024-06-30;Menos de 6 meses pendientes de resolución de grado;2043
Extremadura;2024-06-30;6 meses o más pendientes de resolución de grado (1);238
Extremadura;2024-07-31;Personas solicitantes pendientes de resolución de grado;0
Extremadura;2024-07-31;Menos de 6 meses pendientes de resolución de grado;1905
Extremadura;2024-07-31;6 meses o más pendientes de resolución de grado (1);235
Extremadura;2024-08-31;Personas solicitantes pendientes de resolución de grado;0
Extremadura;2024-08-31;Menos de 6 meses pendientes de resolución de grado;1536
Extremadura;2024-08-31;6 meses o más pendientes de resolución de grado (1);262
Extremadura;2024-09-30;Personas solicitantes pendientes de resolución de grado;0
Extremadura;2024-09-30;Menos de 6 meses pendientes de resolución de grado;1602
Extremadura;2024-09-30;6 meses o más pendientes de resolución de grado (1);299
Extremadura;2024-10-31;Personas solicitantes pendientes de resolución de grado;0
Extremadura;2024-10-31;Menos de 6 meses pendientes de resolución de grado;1981
Extremadura;2024-10-31;6 meses o más pendientes de resolución de grado (1);299
Extremadura;2024-11-30;Personas solicitantes pendientes de resolución de grado;0
Extremadura;2024-11-30;Menos de 6 meses pendientes de resolución de grado;2240
Extremadura;2024-11-30;6 meses o más pendientes de resolución de grado (1);286
Extremadura;2024-12-31;Personas solicitantes pendientes de resolución de grado;0
Extremadura;2024-12-31;Menos de 6 meses pendientes de resolución de grado;2347
Extremadura;2024-12-31;6 meses o más pendientes de resolución de grado (1);376
Extremadura;2025-01-31;Personas solicitantes pendientes de resolución de grado;0
Extremadura;2025-01-31;Menos de 6 meses pendientes de resolución de grado;2185
Extremadura;2025-01-31;6 meses o más pendientes de resolución de grado (1);319
Extremadura;2025-02-28;Personas solicitantes pendientes de resolución de grado;0
Extremadura;2025-02-28;Menos de 6 meses pendientes de resolución de grado;2078
Extremadura;2025-02-28;6 meses o más pendientes de resolución de grado (1);256
Extremadura;2025-03-31;Personas solicitantes pendientes de resolución de grado;0
Extremadura;2025-03-31;Menos de 6 meses pendientes de resolución de grado;2402
Extremadura;2025-03-31;6 meses o más pendientes de resolución de grado (1);280
Extremadura;2025-04-30;Personas solicitantes pendientes de resolución de grado;0
Extremadura;2025-04-30;Menos de 6 meses pendientes de resolución de grado;2828
Extremadura;2025-04-30;6 meses o más pendientes de resolución de grado (1);353
Extremadura;2025-05-31;Personas solicitantes pendientes de resolución de grado;0
Extremadura;2025-05-31;Menos de 6 meses pendientes de resolución de grado;2995
Extremadura;2025-05-31;6 meses o más pendientes de resolución de grado (1);461
Extremadura;2025-06-30;Personas solicitantes pendientes de resolución de grado;0
Extremadura;2025-06-30;Menos de 6 meses pendientes de resolución de grado;2716
Extremadura;2025-06-30;6 meses o más pendientes de resolución de grado (1);419
Extremadura;2025-07-31;Personas solicitantes pendientes de resolución de grado;0
Extremadura;2025-07-31;Menos de 6 meses pendientes de resolución de grado;2883
Extremadura;2025-07-31;6 meses o más pendientes de resolución de grado (1);521
Extremadura;2025-08-31;Personas solicitantes pendientes de resolución de grado;0
Extremadura;2025-08-31;Menos de 6 meses pendientes de resolución de grado;2765
Extremadura;2025-08-31;6 meses o más pendientes de resolución de grado (1);875
Extremadura;2025-09-30;Personas solicitantes pendientes de resolución de grado;0
Extremadura;2025-09-30;Menos de 6 meses pendientes de resolución de grado;2743
Extremadura;2025-09-30;6 meses o más pendientes de resolución de grado (1);1160
Extremadura;2025-10-31;Personas solicitantes pendientes de resolución de grado;0
Extremadura;2025-10-31;Menos de 6 meses pendientes de resolución de grado;3058
Extremadura;2025-10-31;6 meses o más pendientes de resolución de grado (1);1063
Extremadura;2025-11-30;Personas solicitantes pendientes de resolución de grado;0
Extremadura;2025-11-30;Menos de 6 meses pendientes de resolución de grado;2897
Extremadura;2025-11-30;6 meses o más pendientes de resolución de grado (1);956
Extremadura;2025-12-31;Personas solicitantes pendientes de resolución de grado;0
Extremadura;2025-12-31;Menos de 6 meses pendientes de resolución de grado;2473
Extremadura;2025-12-31;6 meses o más pendientes de resolución de grado (1);900
Extremadura;2026-01-31;Personas solicitantes pendientes de resolución de grado;0
Extremadura;2026-01-31;Menos de 6 meses pendientes de resolución de grado;2368
Extremadura;2026-01-31;6 meses o más pendientes de resolución de grado (1);922
Galicia;2023-01-31;Personas solicitantes pendientes de resolución de grado;0
Galicia;2023-01-31;Menos de 6 meses pendientes de resolución de grado;3
Galicia;2023-01-31;6 meses o más pendientes de resolución de grado (1);659
Galicia;2023-02-28;Personas solicitantes pendientes de resolución de grado;0
Galicia;2023-02-28;Menos de 6 meses pendientes de resolución de grado;11
Galicia;2023-02-28;6 meses o más pendientes de resolución de grado (1);734
Galicia;2023-03-31;Personas solicitantes pendientes de resolución de grado;0
Galicia;2023-03-31;Menos de 6 meses pendientes de resolución de grado;7
Galicia;2023-03-31;6 meses o más pendientes de resolución de grado (1);639
Galicia;2023-04-30;Personas solicitantes pendientes de resolución de grado;0
Galicia;2023-04-30;Menos de 6 meses pendientes de resolución de grado;5
Galicia;2023-04-30;6 meses o más pendientes de resolución de grado (1);504
Galicia;2023-05-31;Personas solicitantes pendientes de resolución de grado;0
Galicia;2023-05-31;Menos de 6 meses pendientes de resolución de grado;2
Galicia;2023-05-31;6 meses o más pendientes de resolución de grado (1);537
Galicia;2023-06-30;Personas solicitantes pendientes de resolución de grado;0
Galicia;2023-06-30;Menos de 6 meses pendientes de resolución de grado;4
Galicia;2023-06-30;6 meses o más pendientes de resolución de grado (1);406
Galicia;2023-07-31;Personas solicitantes pendientes de resolución de grado;0
Galicia;2023-07-31;Menos de 6 meses pendientes de resolución de grado;3
Galicia;2023-07-31;6 meses o más pendientes de resolución de grado (1);416
Galicia;2023-08-31;Personas solicitantes pendientes de resolución de grado;0
Galicia;2023-08-31;Menos de 6 meses pendientes de resolución de grado;4
Galicia;2023-08-31;6 meses o más pendientes de resolución de grado (1);429
Galicia;2023-09-30;Personas solicitantes pendientes de resolución de grado;0
Galicia;2023-09-30;Menos de 6 meses pendientes de resolución de grado;3
Galicia;2023-09-30;6 meses o más pendientes de resolución de grado (1);438
Galicia;2023-10-31;Personas solicitantes pendientes de resolución de grado;0
Galicia;2023-10-31;Menos de 6 meses pendientes de resolución de grado;13
Galicia;2023-10-31;6 meses o más pendientes de resolución de grado (1);441
Galicia;2023-11-30;Personas solicitantes pendientes de resolución de grado;0
Galicia;2023-11-30;Menos de 6 meses pendientes de resolución de grado;23
Galicia;2023-11-30;6 meses o más pendientes de resolución de grado (1);503
Galicia;2023-12-31;Personas solicitantes pendientes de resolución de grado;0
Galicia;2023-12-31;Menos de 6 meses pendientes de resolución de grado;5
Galicia;2023-12-31;6 meses o más pendientes de resolución de grado (1);528
Galicia;2024-01-31;Personas solicitantes pendientes de resolución de grado;0
Galicia;2024-01-31;Menos de 6 meses pendientes de resolución de grado;2
Galicia;2024-01-31;6 meses o más pendientes de resolución de grado (1);502
Galicia;2024-02-29;Personas solicitantes pendientes de resolución de grado;0
Galicia;2024-02-29;Menos de 6 meses pendientes de resolución de grado;8
Galicia;2024-02-29;6 meses o más pendientes de resolución de grado (1);499
Galicia;2024-03-31;Personas solicitantes pendientes de resolución de grado;0
Galicia;2024-03-31;Menos de 6 meses pendientes de resolución de grado;37
Galicia;2024-03-31;6 meses o más pendientes de resolución de grado (1);473
Galicia;2024-04-30;Personas solicitantes pendientes de resolución de grado;0
Galicia;2024-04-30;Menos de 6 meses pendientes de resolución de grado;45
Galicia;2024-04-30;6 meses o más pendientes de resolución de grado (1);477
Galicia;2024-05-31;Personas solicitantes pendientes de resolución de grado;0
Galicia;2024-05-31;Menos de 6 meses pendientes de resolución de grado;38
Galicia;2024-05-31;6 meses o más pendientes de resolución de grado (1);446
Galicia;2024-06-30;Personas solicitantes pendientes de resolución de grado;0
Galicia;2024-06-30;Menos de 6 meses pendientes de resolución de grado;5
Galicia;2024-06-30;6 meses o más pendientes de resolución de grado (1);244
Galicia;2024-07-31;Personas solicitantes pendientes de resolución de grado;0
Galicia;2024-07-31;Menos de 6 meses pendientes de resolución de grado;8
Galicia;2024-07-31;6 meses o más pendientes de resolución de grado (1);237
Galicia;2024-08-31;Personas solicitantes pendientes de resolución de grado;0
Galicia;2024-08-31;Menos de 6 meses pendientes de resolución de grado;2
Galicia;2024-08-31;6 meses o más pendientes de resolución de grado (1);223
Galicia;2024-09-30;Personas solicitantes pendientes de resolución de grado;0
Galicia;2024-09-30;Menos de 6 meses pendientes de resolución de grado;1
Galicia;2024-09-30;6 meses o más pendientes de resolución de grado (1);182
Galicia;2024-10-31;Personas solicitantes pendientes de resolución de grado;0
Galicia;2024-10-31;Menos de 6 meses pendientes de resolución de grado;-129
Galicia;2024-10-31;6 meses o más pendientes de resolución de grado (1);182
Galicia;2024-11-30;Personas solicitantes pendientes de resolución de grado;0
Galicia;2024-11-30;Menos de 6 meses pendientes de resolución de grado;1
Galicia;2024-11-30;6 meses o más pendientes de resolución de grado (1);51
Galicia;2024-12-31;Personas solicitantes pendientes de resolución de grado;0
Galicia;2024-12-31;Menos de 6 meses pendientes de resolución de grado;0
Galicia;2024-12-31;6 meses o más pendientes de resolución de grado (1);52
Galicia;2025-01-31;Personas solicitantes pendientes de resolución de grado;0
Galicia;2025-01-31;Menos de 6 meses pendientes de resolución de grado;0
Galicia;2025-01-31;6 meses o más pendientes de resolución de grado (1);49
Galicia;2025-02-28;Personas solicitantes pendientes de resolución de grado;0
Galicia;2025-02-28;Menos de 6 meses pendientes de resolución de grado;1
Galicia;2025-02-28;6 meses o más pendientes de resolución de grado (1);48
Galicia;2025-03-31;Personas solicitantes pendientes de resolución de grado;0
Galicia;2025-03-31;Menos de 6 meses pendientes de resolución de grado;0
Galicia;2025-03-31;6 meses o más pendientes de resolución de grado (1);55
Galicia;2025-04-30;Personas solicitantes pendientes de resolución de grado;0
Galicia;2025-04-30;Menos de 6 meses pendientes de resolución de grado;0
Galicia;2025-04-30;6 meses o más pendientes de resolución de grado (1);62
Galicia;2025-05-31;Personas solicitantes pendientes de resolución de grado;0
Galicia;2025-05-31;Menos de 6 meses pendientes de resolución de grado;0
Galicia;2025-05-31;6 meses o más pendientes de resolución de grado (1);66
Galicia;2025-06-30;Personas solicitantes pendientes de resolución de grado;0
Galicia;2025-06-30;Menos de 6 meses pendientes de resolución de grado;1
Galicia;2025-06-30;6 meses o más pendientes de resolución de grado (1);78
Galicia;2025-07-31;Personas solicitantes pendientes de resolución de grado;0
Galicia;2025-07-31;Menos de 6 meses pendientes de resolución de grado;1
Galicia;2025-07-31;6 meses o más pendientes de resolución de grado (1);69
Galicia;2025-08-31;Personas solicitantes pendientes de resolución de grado;0
Galicia;2025-08-31;Menos de 6 meses pendientes de resolución de grado;1
Galicia;2025-08-31;6 meses o más pendientes de resolución de grado (1);96
Galicia;2025-09-30;Personas solicitantes pendientes de resolución de grado;0
Galicia;2025-09-30;Menos de 6 meses pendientes de resolución de grado;4
Galicia;2025-09-30;6 meses o más pendientes de resolución de grado (1);108
Galicia;2025-10-31;Personas solicitantes pendientes de resolución de grado;0
Galicia;2025-10-31;Menos de 6 meses pendientes de resolución de grado;2
Galicia;2025-10-31;6 meses o más pendientes de resolución de grado (1);147
Galicia;2025-11-30;Personas solicitantes pendientes de resolución de grado;0
Galicia;2025-11-30;Menos de 6 meses pendientes de resolución de grado;2
Galicia;2025-11-30;6 meses o más pendientes de resolución de grado (1);143
Galicia;2025-12-31;Personas solicitantes pendientes de resolución de grado;0
Galicia;2025-12-31;Menos de 6 meses pendientes de resolución de grado;2
Galicia;2025-12-31;6 meses o más pendientes de resolución de grado (1);147
Galicia;2026-01-31;Personas solicitantes pendientes de resolución de grado;0
Galicia;2026-01-31;Menos de 6 meses pendientes de resolución de grado;0
Galicia;2026-01-31;6 meses o más pendientes de resolución de grado (1);127
Comunidad de Madrid;2023-01-31;Personas solicitantes pendientes de resolución de grado;1
Comunidad de Madrid;2023-01-31;Menos de 6 meses pendientes de resolución de grado;105
Comunidad de Madrid;2023-01-31;6 meses o más pendientes de resolución de grado (1);129
Comunidad de Madrid;2023-02-28;Personas solicitantes pendientes de resolución de grado;1
Comunidad de Madrid;2023-02-28;Menos de 6 meses pendientes de resolución de grado;38
Comunidad de Madrid;2023-02-28;6 meses o más pendientes de resolución de grado (1);90
Comunidad de Madrid;2023-03-31;Personas solicitantes pendientes de resolución de grado;1
Comunidad de Madrid;2023-03-31;Menos de 6 meses pendientes de resolución de grado;37
Comunidad de Madrid;2023-03-31;6 meses o más pendientes de resolución de grado (1);67
Comunidad de Madrid;2023-04-30;Personas solicitantes pendientes de resolución de grado;2
Comunidad de Madrid;2023-04-30;Menos de 6 meses pendientes de resolución de grado;40
Comunidad de Madrid;2023-04-30;6 meses o más pendientes de resolución de grado (1);60
Comunidad de Madrid;2023-05-31;Personas solicitantes pendientes de resolución de grado;2
Comunidad de Madrid;2023-05-31;Menos de 6 meses pendientes de resolución de grado;43
Comunidad de Madrid;2023-05-31;6 meses o más pendientes de resolución de grado (1);66
Comunidad de Madrid;2023-06-30;Personas solicitantes pendientes de resolución de grado;1
Comunidad de Madrid;2023-06-30;Menos de 6 meses pendientes de resolución de grado;243
Comunidad de Madrid;2023-06-30;6 meses o más pendientes de resolución de grado (1);194
Comunidad de Madrid;2023-07-31;Personas solicitantes pendientes de resolución de grado;1
Comunidad de Madrid;2023-07-31;Menos de 6 meses pendientes de resolución de grado;33
Comunidad de Madrid;2023-07-31;6 meses o más pendientes de resolución de grado (1);63
Comunidad de Madrid;2023-08-31;Personas solicitantes pendientes de resolución de grado;1
Comunidad de Madrid;2023-08-31;Menos de 6 meses pendientes de resolución de grado;50
Comunidad de Madrid;2023-08-31;6 meses o más pendientes de resolución de grado (1);86
Comunidad de Madrid;2023-09-30;Personas solicitantes pendientes de resolución de grado;1
Comunidad de Madrid;2023-09-30;Menos de 6 meses pendientes de resolución de grado;104
Comunidad de Madrid;2023-09-30;6 meses o más pendientes de resolución de grado (1);146
Comunidad de Madrid;2023-10-31;Personas solicitantes pendientes de resolución de grado;2
Comunidad de Madrid;2023-10-31;Menos de 6 meses pendientes de resolución de grado;162
Comunidad de Madrid;2023-10-31;6 meses o más pendientes de resolución de grado (1);201
Comunidad de Madrid;2023-11-30;Personas solicitantes pendientes de resolución de grado;5
Comunidad de Madrid;2023-11-30;Menos de 6 meses pendientes de resolución de grado;36
Comunidad de Madrid;2023-11-30;6 meses o más pendientes de resolución de grado (1);105
Comunidad de Madrid;2023-12-31;Personas solicitantes pendientes de resolución de grado;5
Comunidad de Madrid;2023-12-31;Menos de 6 meses pendientes de resolución de grado;36
Comunidad de Madrid;2023-12-31;6 meses o más pendientes de resolución de grado (1);155
Comunidad de Madrid;2024-01-31;Personas solicitantes pendientes de resolución de grado;2
Comunidad de Madrid;2024-01-31;Menos de 6 meses pendientes de resolución de grado;72
Comunidad de Madrid;2024-01-31;6 meses o más pendientes de resolución de grado (1);209
Comunidad de Madrid;2024-02-29;Personas solicitantes pendientes de resolución de grado;3
Comunidad de Madrid;2024-02-29;Menos de 6 meses pendientes de resolución de grado;468
Comunidad de Madrid;2024-02-29;6 meses o más pendientes de resolución de grado (1);289
Comunidad de Madrid;2024-03-31;Personas solicitantes pendientes de resolución de grado;3
Comunidad de Madrid;2024-03-31;Menos de 6 meses pendientes de resolución de grado;192
Comunidad de Madrid;2024-03-31;6 meses o más pendientes de resolución de grado (1);272
Comunidad de Madrid;2024-04-30;Personas solicitantes pendientes de resolución de grado;2
Comunidad de Madrid;2024-04-30;Menos de 6 meses pendientes de resolución de grado;190
Comunidad de Madrid;2024-04-30;6 meses o más pendientes de resolución de grado (1);299
Comunidad de Madrid;2024-05-31;Personas solicitantes pendientes de resolución de grado;2
Comunidad de Madrid;2024-05-31;Menos de 6 meses pendientes de resolución de grado;135
Comunidad de Madrid;2024-05-31;6 meses o más pendientes de resolución de grado (1);375
Comunidad de Madrid;2024-06-30;Personas solicitantes pendientes de resolución de grado;2
Comunidad de Madrid;2024-06-30;Menos de 6 meses pendientes de resolución de grado;24
Comunidad de Madrid;2024-06-30;6 meses o más pendientes de resolución de grado (1);350
Comunidad de Madrid;2024-07-31;Personas solicitantes pendientes de resolución de grado;4
Comunidad de Madrid;2024-07-31;Menos de 6 meses pendientes de resolución de grado;242
Comunidad de Madrid;2024-07-31;6 meses o más pendientes de resolución de grado (1);562
Comunidad de Madrid;2024-08-31;Personas solicitantes pendientes de resolución de grado;4
Comunidad de Madrid;2024-08-31;Menos de 6 meses pendientes de resolución de grado;100
Comunidad de Madrid;2024-08-31;6 meses o más pendientes de resolución de grado (1);510
Comunidad de Madrid;2024-09-30;Personas solicitantes pendientes de resolución de grado;3
Comunidad de Madrid;2024-09-30;Menos de 6 meses pendientes de resolución de grado;26
Comunidad de Madrid;2024-09-30;6 meses o más pendientes de resolución de grado (1);230
Comunidad de Madrid;2024-10-31;Personas solicitantes pendientes de resolución de grado;3
Comunidad de Madrid;2024-10-31;Menos de 6 meses pendientes de resolución de grado;156
Comunidad de Madrid;2024-10-31;6 meses o más pendientes de resolución de grado (1);230
Comunidad de Madrid;2024-11-30;Personas solicitantes pendientes de resolución de grado;2
Comunidad de Madrid;2024-11-30;Menos de 6 meses pendientes de resolución de grado;26
Comunidad de Madrid;2024-11-30;6 meses o más pendientes de resolución de grado (1);69
Comunidad de Madrid;2024-12-31;Personas solicitantes pendientes de resolución de grado;2
Comunidad de Madrid;2024-12-31;Menos de 6 meses pendientes de resolución de grado;26
Comunidad de Madrid;2024-12-31;6 meses o más pendientes de resolución de grado (1);74
Comunidad de Madrid;2025-01-31;Personas solicitantes pendientes de resolución de grado;0
Comunidad de Madrid;2025-01-31;Menos de 6 meses pendientes de resolución de grado;15
Comunidad de Madrid;2025-01-31;6 meses o más pendientes de resolución de grado (1);69
Comunidad de Madrid;2025-02-28;Personas solicitantes pendientes de resolución de grado;1
Comunidad de Madrid;2025-02-28;Menos de 6 meses pendientes de resolución de grado;119
Comunidad de Madrid;2025-02-28;6 meses o más pendientes de resolución de grado (1);225
Comunidad de Madrid;2025-03-31;Personas solicitantes pendientes de resolución de grado;1
Comunidad de Madrid;2025-03-31;Menos de 6 meses pendientes de resolución de grado;28
Comunidad de Madrid;2025-03-31;6 meses o más pendientes de resolución de grado (1);98
Comunidad de Madrid;2025-04-30;Personas solicitantes pendientes de resolución de grado;1
Comunidad de Madrid;2025-04-30;Menos de 6 meses pendientes de resolución de grado;30
Comunidad de Madrid;2025-04-30;6 meses o más pendientes de resolución de grado (1);235
Comunidad de Madrid;2025-05-31;Personas solicitantes pendientes de resolución de grado;2
Comunidad de Madrid;2025-05-31;Menos de 6 meses pendientes de resolución de grado;39
Comunidad de Madrid;2025-05-31;6 meses o más pendientes de resolución de grado (1);234
Comunidad de Madrid;2025-06-30;Personas solicitantes pendientes de resolución de grado;1
Comunidad de Madrid;2025-06-30;Menos de 6 meses pendientes de resolución de grado;43
Comunidad de Madrid;2025-06-30;6 meses o más pendientes de resolución de grado (1);226
Comunidad de Madrid;2025-07-31;Personas solicitantes pendientes de resolución de grado;1
Comunidad de Madrid;2025-07-31;Menos de 6 meses pendientes de resolución de grado;135
Comunidad de Madrid;2025-07-31;6 meses o más pendientes de resolución de grado (1);316
Comunidad de Madrid;2025-08-31;Personas solicitantes pendientes de resolución de grado;1
Comunidad de Madrid;2025-08-31;Menos de 6 meses pendientes de resolución de grado;31
Comunidad de Madrid;2025-08-31;6 meses o más pendientes de resolución de grado (1);97
Comunidad de Madrid;2025-09-30;Personas solicitantes pendientes de resolución de grado;1
Comunidad de Madrid;2025-09-30;Menos de 6 meses pendientes de resolución de grado;324
Comunidad de Madrid;2025-09-30;6 meses o más pendientes de resolución de grado (1);264
Comunidad de Madrid;2025-10-31;Personas solicitantes pendientes de resolución de grado;1
Comunidad de Madrid;2025-10-31;Menos de 6 meses pendientes de resolución de grado;54
Comunidad de Madrid;2025-10-31;6 meses o más pendientes de resolución de grado (1);194
Comunidad de Madrid;2025-11-30;Personas solicitantes pendientes de resolución de grado;1
Comunidad de Madrid;2025-11-30;Menos de 6 meses pendientes de resolución de grado;45
Comunidad de Madrid;2025-11-30;6 meses o más pendientes de resolución de grado (1);103
Comunidad de Madrid;2025-12-31;Personas solicitantes pendientes de resolución de grado;1
Comunidad de Madrid;2025-12-31;Menos de 6 meses pendientes de resolución de grado;48
Comunidad de Madrid;2025-12-31;6 meses o más pendientes de resolución de grado (1);108
Comunidad de Madrid;2026-01-31;Personas solicitantes pendientes de resolución de grado;1
Comunidad de Madrid;2026-01-31;Menos de 6 meses pendientes de resolución de grado;43
Comunidad de Madrid;2026-01-31;6 meses o más pendientes de resolución de grado (1);104
Región de Murcia;2023-01-31;Personas solicitantes pendientes de resolución de grado;0
Región de Murcia;2023-01-31;Menos de 6 meses pendientes de resolución de grado;2425
Región de Murcia;2023-01-31;6 meses o más pendientes de resolución de grado (1);3082
Región de Murcia;2023-02-28;Personas solicitantes pendientes de resolución de grado;0
Región de Murcia;2023-02-28;Menos de 6 meses pendientes de resolución de grado;3098
Región de Murcia;2023-02-28;6 meses o más pendientes de resolución de grado (1);2387
Región de Murcia;2023-03-31;Personas solicitantes pendientes de resolución de grado;0
Región de Murcia;2023-03-31;Menos de 6 meses pendientes de resolución de grado;3989
Región de Murcia;2023-03-31;6 meses o más pendientes de resolución de grado (1);1935
Región de Murcia;2023-04-30;Personas solicitantes pendientes de resolución de grado;0
Región de Murcia;2023-04-30;Menos de 6 meses pendientes de resolución de grado;4303
Región de Murcia;2023-04-30;6 meses o más pendientes de resolución de grado (1);2269
Región de Murcia;2023-05-31;Personas solicitantes pendientes de resolución de grado;0
Región de Murcia;2023-05-31;Menos de 6 meses pendientes de resolución de grado;4912
Región de Murcia;2023-05-31;6 meses o más pendientes de resolución de grado (1);2529
Región de Murcia;2023-06-30;Personas solicitantes pendientes de resolución de grado;0
Región de Murcia;2023-06-30;Menos de 6 meses pendientes de resolución de grado;5625
Región de Murcia;2023-06-30;6 meses o más pendientes de resolución de grado (1);2850
Región de Murcia;2023-07-31;Personas solicitantes pendientes de resolución de grado;0
Región de Murcia;2023-07-31;Menos de 6 meses pendientes de resolución de grado;5833
Región de Murcia;2023-07-31;6 meses o más pendientes de resolución de grado (1);2706
Región de Murcia;2023-08-31;Personas solicitantes pendientes de resolución de grado;0
Región de Murcia;2023-08-31;Menos de 6 meses pendientes de resolución de grado;5228
Región de Murcia;2023-08-31;6 meses o más pendientes de resolución de grado (1);3908
Región de Murcia;2023-09-30;Personas solicitantes pendientes de resolución de grado;0
Región de Murcia;2023-09-30;Menos de 6 meses pendientes de resolución de grado;5662
Región de Murcia;2023-09-30;6 meses o más pendientes de resolución de grado (1);3116
Región de Murcia;2023-10-31;Personas solicitantes pendientes de resolución de grado;0
Región de Murcia;2023-10-31;Menos de 6 meses pendientes de resolución de grado;5848
Región de Murcia;2023-10-31;6 meses o más pendientes de resolución de grado (1);3450
Región de Murcia;2023-11-30;Personas solicitantes pendientes de resolución de grado;0
Región de Murcia;2023-11-30;Menos de 6 meses pendientes de resolución de grado;4821
Región de Murcia;2023-11-30;6 meses o más pendientes de resolución de grado (1);3907
Región de Murcia;2023-12-31;Personas solicitantes pendientes de resolución de grado;0
Región de Murcia;2023-12-31;Menos de 6 meses pendientes de resolución de grado;4401
Región de Murcia;2023-12-31;6 meses o más pendientes de resolución de grado (1);4303
Región de Murcia;2024-01-31;Personas solicitantes pendientes de resolución de grado;0
Región de Murcia;2024-01-31;Menos de 6 meses pendientes de resolución de grado;4864
Región de Murcia;2024-01-31;6 meses o más pendientes de resolución de grado (1);4818
Región de Murcia;2024-02-29;Personas solicitantes pendientes de resolución de grado;0
Región de Murcia;2024-02-29;Menos de 6 meses pendientes de resolución de grado;5347
Región de Murcia;2024-02-29;6 meses o más pendientes de resolución de grado (1);4739
Región de Murcia;2024-03-31;Personas solicitantes pendientes de resolución de grado;0
Región de Murcia;2024-03-31;Menos de 6 meses pendientes de resolución de grado;5279
Región de Murcia;2024-03-31;6 meses o más pendientes de resolución de grado (1);4495
Región de Murcia;2024-04-30;Personas solicitantes pendientes de resolución de grado;0
Región de Murcia;2024-04-30;Menos de 6 meses pendientes de resolución de grado;5092
Región de Murcia;2024-04-30;6 meses o más pendientes de resolución de grado (1);4539
Región de Murcia;2024-05-31;Personas solicitantes pendientes de resolución de grado;0
Región de Murcia;2024-05-31;Menos de 6 meses pendientes de resolución de grado;4916
Región de Murcia;2024-05-31;6 meses o más pendientes de resolución de grado (1);4704
Región de Murcia;2024-06-30;Personas solicitantes pendientes de resolución de grado;0
Región de Murcia;2024-06-30;Menos de 6 meses pendientes de resolución de grado;4988
Región de Murcia;2024-06-30;6 meses o más pendientes de resolución de grado (1);4228
Región de Murcia;2024-07-31;Personas solicitantes pendientes de resolución de grado;0
Región de Murcia;2024-07-31;Menos de 6 meses pendientes de resolución de grado;4508
Región de Murcia;2024-07-31;6 meses o más pendientes de resolución de grado (1);4244
Región de Murcia;2024-08-31;Personas solicitantes pendientes de resolución de grado;0
Región de Murcia;2024-08-31;Menos de 6 meses pendientes de resolución de grado;3258
Región de Murcia;2024-08-31;6 meses o más pendientes de resolución de grado (1);5522
Región de Murcia;2024-09-30;Personas solicitantes pendientes de resolución de grado;0
Región de Murcia;2024-09-30;Menos de 6 meses pendientes de resolución de grado;3673
Región de Murcia;2024-09-30;6 meses o más pendientes de resolución de grado (1);5251
Región de Murcia;2024-10-31;Personas solicitantes pendientes de resolución de grado;0
Región de Murcia;2024-10-31;Menos de 6 meses pendientes de resolución de grado;3328
Región de Murcia;2024-10-31;6 meses o más pendientes de resolución de grado (1);5251
Región de Murcia;2024-11-30;Personas solicitantes pendientes de resolución de grado;0
Región de Murcia;2024-11-30;Menos de 6 meses pendientes de resolución de grado;2431
Región de Murcia;2024-11-30;6 meses o más pendientes de resolución de grado (1);5403
Región de Murcia;2024-12-31;Personas solicitantes pendientes de resolución de grado;0
Región de Murcia;2024-12-31;Menos de 6 meses pendientes de resolución de grado;1525
Región de Murcia;2024-12-31;6 meses o más pendientes de resolución de grado (1);5859
Región de Murcia;2025-01-31;Personas solicitantes pendientes de resolución de grado;0
Región de Murcia;2025-01-31;Menos de 6 meses pendientes de resolución de grado;1036
Región de Murcia;2025-01-31;6 meses o más pendientes de resolución de grado (1);6047
Región de Murcia;2025-02-28;Personas solicitantes pendientes de resolución de grado;0
Región de Murcia;2025-02-28;Menos de 6 meses pendientes de resolución de grado;1718
Región de Murcia;2025-02-28;6 meses o más pendientes de resolución de grado (1);5774
Región de Murcia;2025-03-31;Personas solicitantes pendientes de resolución de grado;0
Región de Murcia;2025-03-31;Menos de 6 meses pendientes de resolución de grado;2340
Región de Murcia;2025-03-31;6 meses o más pendientes de resolución de grado (1);5635
Región de Murcia;2025-04-30;Personas solicitantes pendientes de resolución de grado;0
Región de Murcia;2025-04-30;Menos de 6 meses pendientes de resolución de grado;2274
Región de Murcia;2025-04-30;6 meses o más pendientes de resolución de grado (1);6170
Región de Murcia;2025-05-31;Personas solicitantes pendientes de resolución de grado;0
Región de Murcia;2025-05-31;Menos de 6 meses pendientes de resolución de grado;2730
Región de Murcia;2025-05-31;6 meses o más pendientes de resolución de grado (1);6296
Región de Murcia;2025-06-30;Personas solicitantes pendientes de resolución de grado;0
Región de Murcia;2025-06-30;Menos de 6 meses pendientes de resolución de grado;3358
Región de Murcia;2025-06-30;6 meses o más pendientes de resolución de grado (1);6201
Región de Murcia;2025-07-31;Personas solicitantes pendientes de resolución de grado;0
Región de Murcia;2025-07-31;Menos de 6 meses pendientes de resolución de grado;3849
Región de Murcia;2025-07-31;6 meses o más pendientes de resolución de grado (1);5714
Región de Murcia;2025-08-31;Personas solicitantes pendientes de resolución de grado;0
Región de Murcia;2025-08-31;Menos de 6 meses pendientes de resolución de grado;3269
Región de Murcia;2025-08-31;6 meses o más pendientes de resolución de grado (1);6565
Región de Murcia;2025-09-30;Personas solicitantes pendientes de resolución de grado;0
Región de Murcia;2025-09-30;Menos de 6 meses pendientes de resolución de grado;3824
Región de Murcia;2025-09-30;6 meses o más pendientes de resolución de grado (1);4904
Región de Murcia;2025-10-31;Personas solicitantes pendientes de resolución de grado;0
Región de Murcia;2025-10-31;Menos de 6 meses pendientes de resolución de grado;4144
Región de Murcia;2025-10-31;6 meses o más pendientes de resolución de grado (1);4018
Región de Murcia;2025-11-30;Personas solicitantes pendientes de resolución de grado;0
Región de Murcia;2025-11-30;Menos de 6 meses pendientes de resolución de grado;3991
Región de Murcia;2025-11-30;6 meses o más pendientes de resolución de grado (1);3954
Región de Murcia;2025-12-31;Personas solicitantes pendientes de resolución de grado;0
Región de Murcia;2025-12-31;Menos de 6 meses pendientes de resolución de grado;3353
Región de Murcia;2025-12-31;6 meses o más pendientes de resolución de grado (1);4097
Región de Murcia;2026-01-31;Personas solicitantes pendientes de resolución de grado;0
Región de Murcia;2026-01-31;Menos de 6 meses pendientes de resolución de grado;3021
Región de Murcia;2026-01-31;6 meses o más pendientes de resolución de grado (1);4494
Comunidad Foral de Navarra;2023-01-31;Personas solicitantes pendientes de resolución de grado;0
Comunidad Foral de Navarra;2023-01-31;Menos de 6 meses pendientes de resolución de grado;7
Comunidad Foral de Navarra;2023-01-31;6 meses o más pendientes de resolución de grado (1);55
Comunidad Foral de Navarra;2023-02-28;Personas solicitantes pendientes de resolución de grado;0
Comunidad Foral de Navarra;2023-02-28;Menos de 6 meses pendientes de resolución de grado;4
Comunidad Foral de Navarra;2023-02-28;6 meses o más pendientes de resolución de grado (1);61
Comunidad Foral de Navarra;2023-03-31;Personas solicitantes pendientes de resolución de grado;0
Comunidad Foral de Navarra;2023-03-31;Menos de 6 meses pendientes de resolución de grado;3
Comunidad Foral de Navarra;2023-03-31;6 meses o más pendientes de resolución de grado (1);61
Comunidad Foral de Navarra;2023-04-30;Personas solicitantes pendientes de resolución de grado;0
Comunidad Foral de Navarra;2023-04-30;Menos de 6 meses pendientes de resolución de grado;5
Comunidad Foral de Navarra;2023-04-30;6 meses o más pendientes de resolución de grado (1);61
Comunidad Foral de Navarra;2023-05-31;Personas solicitantes pendientes de resolución de grado;0
Comunidad Foral de Navarra;2023-05-31;Menos de 6 meses pendientes de resolución de grado;5
Comunidad Foral de Navarra;2023-05-31;6 meses o más pendientes de resolución de grado (1);62
Comunidad Foral de Navarra;2023-06-30;Personas solicitantes pendientes de resolución de grado;0
Comunidad Foral de Navarra;2023-06-30;Menos de 6 meses pendientes de resolución de grado;4
Comunidad Foral de Navarra;2023-06-30;6 meses o más pendientes de resolución de grado (1);65
Comunidad Foral de Navarra;2023-07-31;Personas solicitantes pendientes de resolución de grado;0
Comunidad Foral de Navarra;2023-07-31;Menos de 6 meses pendientes de resolución de grado;7
Comunidad Foral de Navarra;2023-07-31;6 meses o más pendientes de resolución de grado (1);66
Comunidad Foral de Navarra;2023-08-31;Personas solicitantes pendientes de resolución de grado;0
Comunidad Foral de Navarra;2023-08-31;Menos de 6 meses pendientes de resolución de grado;2
Comunidad Foral de Navarra;2023-08-31;6 meses o más pendientes de resolución de grado (1);66
Comunidad Foral de Navarra;2023-09-30;Personas solicitantes pendientes de resolución de grado;0
Comunidad Foral de Navarra;2023-09-30;Menos de 6 meses pendientes de resolución de grado;4
Comunidad Foral de Navarra;2023-09-30;6 meses o más pendientes de resolución de grado (1);66
Comunidad Foral de Navarra;2023-10-31;Personas solicitantes pendientes de resolución de grado;0
Comunidad Foral de Navarra;2023-10-31;Menos de 6 meses pendientes de resolución de grado;4
Comunidad Foral de Navarra;2023-10-31;6 meses o más pendientes de resolución de grado (1);70
Comunidad Foral de Navarra;2023-11-30;Personas solicitantes pendientes de resolución de grado;0
Comunidad Foral de Navarra;2023-11-30;Menos de 6 meses pendientes de resolución de grado;3
Comunidad Foral de Navarra;2023-11-30;6 meses o más pendientes de resolución de grado (1);73
Comunidad Foral de Navarra;2023-12-31;Personas solicitantes pendientes de resolución de grado;0
Comunidad Foral de Navarra;2023-12-31;Menos de 6 meses pendientes de resolución de grado;1
Comunidad Foral de Navarra;2023-12-31;6 meses o más pendientes de resolución de grado (1);77
Comunidad Foral de Navarra;2024-01-31;Personas solicitantes pendientes de resolución de grado;0
Comunidad Foral de Navarra;2024-01-31;Menos de 6 meses pendientes de resolución de grado;0
Comunidad Foral de Navarra;2024-01-31;6 meses o más pendientes de resolución de grado (1);81
Comunidad Foral de Navarra;2024-02-29;Personas solicitantes pendientes de resolución de grado;0
Comunidad Foral de Navarra;2024-02-29;Menos de 6 meses pendientes de resolución de grado;1
Comunidad Foral de Navarra;2024-02-29;6 meses o más pendientes de resolución de grado (1);82
Comunidad Foral de Navarra;2024-03-31;Personas solicitantes pendientes de resolución de grado;0
Comunidad Foral de Navarra;2024-03-31;Menos de 6 meses pendientes de resolución de grado;1
Comunidad Foral de Navarra;2024-03-31;6 meses o más pendientes de resolución de grado (1);82
Comunidad Foral de Navarra;2024-04-30;Personas solicitantes pendientes de resolución de grado;0
Comunidad Foral de Navarra;2024-04-30;Menos de 6 meses pendientes de resolución de grado;2
Comunidad Foral de Navarra;2024-04-30;6 meses o más pendientes de resolución de grado (1);82
Comunidad Foral de Navarra;2024-05-31;Personas solicitantes pendientes de resolución de grado;0
Comunidad Foral de Navarra;2024-05-31;Menos de 6 meses pendientes de resolución de grado;2
Comunidad Foral de Navarra;2024-05-31;6 meses o más pendientes de resolución de grado (1);82
Comunidad Foral de Navarra;2024-06-30;Personas solicitantes pendientes de resolución de grado;0
Comunidad Foral de Navarra;2024-06-30;Menos de 6 meses pendientes de resolución de grado;2
Comunidad Foral de Navarra;2024-06-30;6 meses o más pendientes de resolución de grado (1);82
Comunidad Foral de Navarra;2024-07-31;Personas solicitantes pendientes de resolución de grado;0
Comunidad Foral de Navarra;2024-07-31;Menos de 6 meses pendientes de resolución de grado;1
Comunidad Foral de Navarra;2024-07-31;6 meses o más pendientes de resolución de grado (1);76
Comunidad Foral de Navarra;2024-08-31;Personas solicitantes pendientes de resolución de grado;0
Comunidad Foral de Navarra;2024-08-31;Menos de 6 meses pendientes de resolución de grado;0
Comunidad Foral de Navarra;2024-08-31;6 meses o más pendientes de resolución de grado (1);74
Comunidad Foral de Navarra;2024-09-30;Personas solicitantes pendientes de resolución de grado;0
Comunidad Foral de Navarra;2024-09-30;Menos de 6 meses pendientes de resolución de grado;0
Comunidad Foral de Navarra;2024-09-30;6 meses o más pendientes de resolución de grado (1);76
Comunidad Foral de Navarra;2024-10-31;Personas solicitantes pendientes de resolución de grado;0
Comunidad Foral de Navarra;2024-10-31;Menos de 6 meses pendientes de resolución de grado;-1
Comunidad Foral de Navarra;2024-10-31;6 meses o más pendientes de resolución de grado (1);76
Comunidad Foral de Navarra;2024-11-30;Personas solicitantes pendientes de resolución de grado;0
Comunidad Foral de Navarra;2024-11-30;Menos de 6 meses pendientes de resolución de grado;1
Comunidad Foral de Navarra;2024-11-30;6 meses o más pendientes de resolución de grado (1);72
Comunidad Foral de Navarra;2024-12-31;Personas solicitantes pendientes de resolución de grado;0
Comunidad Foral de Navarra;2024-12-31;Menos de 6 meses pendientes de resolución de grado;2
Comunidad Foral de Navarra;2024-12-31;6 meses o más pendientes de resolución de grado (1);69
Comunidad Foral de Navarra;2025-01-31;Personas solicitantes pendientes de resolución de grado;0
Comunidad Foral de Navarra;2025-01-31;Menos de 6 meses pendientes de resolución de grado;3
Comunidad Foral de Navarra;2025-01-31;6 meses o más pendientes de resolución de grado (1);65
Comunidad Foral de Navarra;2025-02-28;Personas solicitantes pendientes de resolución de grado;0
Comunidad Foral de Navarra;2025-02-28;Menos de 6 meses pendientes de resolución de grado;3
Comunidad Foral de Navarra;2025-02-28;6 meses o más pendientes de resolución de grado (1);65
Comunidad Foral de Navarra;2025-03-31;Personas solicitantes pendientes de resolución de grado;0
Comunidad Foral de Navarra;2025-03-31;Menos de 6 meses pendientes de resolución de grado;3
Comunidad Foral de Navarra;2025-03-31;6 meses o más pendientes de resolución de grado (1);66
Comunidad Foral de Navarra;2025-04-30;Personas solicitantes pendientes de resolución de grado;0
Comunidad Foral de Navarra;2025-04-30;Menos de 6 meses pendientes de resolución de grado;2
Comunidad Foral de Navarra;2025-04-30;6 meses o más pendientes de resolución de grado (1);68
Comunidad Foral de Navarra;2025-05-31;Personas solicitantes pendientes de resolución de grado;0
Comunidad Foral de Navarra;2025-05-31;Menos de 6 meses pendientes de resolución de grado;8
Comunidad Foral de Navarra;2025-05-31;6 meses o más pendientes de resolución de grado (1);93
Comunidad Foral de Navarra;2025-06-30;Personas solicitantes pendientes de resolución de grado;0
Comunidad Foral de Navarra;2025-06-30;Menos de 6 meses pendientes de resolución de grado;5
Comunidad Foral de Navarra;2025-06-30;6 meses o más pendientes de resolución de grado (1);93
Comunidad Foral de Navarra;2025-07-31;Personas solicitantes pendientes de resolución de grado;0
Comunidad Foral de Navarra;2025-07-31;Menos de 6 meses pendientes de resolución de grado;3
Comunidad Foral de Navarra;2025-07-31;6 meses o más pendientes de resolución de grado (1);93
Comunidad Foral de Navarra;2025-08-31;Personas solicitantes pendientes de resolución de grado;0
Comunidad Foral de Navarra;2025-08-31;Menos de 6 meses pendientes de resolución de grado;6
Comunidad Foral de Navarra;2025-08-31;6 meses o más pendientes de resolución de grado (1);95
Comunidad Foral de Navarra;2025-09-30;Personas solicitantes pendientes de resolución de grado;0
Comunidad Foral de Navarra;2025-09-30;Menos de 6 meses pendientes de resolución de grado;6
Comunidad Foral de Navarra;2025-09-30;6 meses o más pendientes de resolución de grado (1);95
Comunidad Foral de Navarra;2025-10-31;Personas solicitantes pendientes de resolución de grado;0
Comunidad Foral de Navarra;2025-10-31;Menos de 6 meses pendientes de resolución de grado;3
Comunidad Foral de Navarra;2025-10-31;6 meses o más pendientes de resolución de grado (1);96
Comunidad Foral de Navarra;2025-11-30;Personas solicitantes pendientes de resolución de grado;0
Comunidad Foral de Navarra;2025-11-30;Menos de 6 meses pendientes de resolución de grado;4
Comunidad Foral de Navarra;2025-11-30;6 meses o más pendientes de resolución de grado (1);79
Comunidad Foral de Navarra;2025-12-31;Personas solicitantes pendientes de resolución de grado;0
Comunidad Foral de Navarra;2025-12-31;Menos de 6 meses pendientes de resolución de grado;4
Comunidad Foral de Navarra;2025-12-31;6 meses o más pendientes de resolución de grado (1);80
Comunidad Foral de Navarra;2026-01-31;Personas solicitantes pendientes de resolución de grado;0
Comunidad Foral de Navarra;2026-01-31;Menos de 6 meses pendientes de resolución de grado;2
Comunidad Foral de Navarra;2026-01-31;6 meses o más pendientes de resolución de grado (1);82
País Vasco;2023-01-31;Personas solicitantes pendientes de resolución de grado;0
País Vasco;2023-01-31;Menos de 6 meses pendientes de resolución de grado;97
País Vasco;2023-01-31;6 meses o más pendientes de resolución de grado (1);468
País Vasco;2023-02-28;Personas solicitantes pendientes de resolución de grado;0
País Vasco;2023-02-28;Menos de 6 meses pendientes de resolución de grado;99
País Vasco;2023-02-28;6 meses o más pendientes de resolución de grado (1);457
País Vasco;2023-03-31;Personas solicitantes pendientes de resolución de grado;0
País Vasco;2023-03-31;Menos de 6 meses pendientes de resolución de grado;72
País Vasco;2023-03-31;6 meses o más pendientes de resolución de grado (1);454
País Vasco;2023-04-30;Personas solicitantes pendientes de resolución de grado;0
País Vasco;2023-04-30;Menos de 6 meses pendientes de resolución de grado;122
País Vasco;2023-04-30;6 meses o más pendientes de resolución de grado (1);371
País Vasco;2023-05-31;Personas solicitantes pendientes de resolución de grado;0
País Vasco;2023-05-31;Menos de 6 meses pendientes de resolución de grado;69
País Vasco;2023-05-31;6 meses o más pendientes de resolución de grado (1);365
País Vasco;2023-06-30;Personas solicitantes pendientes de resolución de grado;0
País Vasco;2023-06-30;Menos de 6 meses pendientes de resolución de grado;65
País Vasco;2023-06-30;6 meses o más pendientes de resolución de grado (1);365
País Vasco;2023-07-31;Personas solicitantes pendientes de resolución de grado;0
País Vasco;2023-07-31;Menos de 6 meses pendientes de resolución de grado;72
País Vasco;2023-07-31;6 meses o más pendientes de resolución de grado (1);382
País Vasco;2023-08-31;Personas solicitantes pendientes de resolución de grado;0
País Vasco;2023-08-31;Menos de 6 meses pendientes de resolución de grado;60
País Vasco;2023-08-31;6 meses o más pendientes de resolución de grado (1);383
País Vasco;2023-09-30;Personas solicitantes pendientes de resolución de grado;0
País Vasco;2023-09-30;Menos de 6 meses pendientes de resolución de grado;44
País Vasco;2023-09-30;6 meses o más pendientes de resolución de grado (1);385
País Vasco;2023-10-31;Personas solicitantes pendientes de resolución de grado;0
País Vasco;2023-10-31;Menos de 6 meses pendientes de resolución de grado;55
País Vasco;2023-10-31;6 meses o más pendientes de resolución de grado (1);383
País Vasco;2023-11-30;Personas solicitantes pendientes de resolución de grado;0
País Vasco;2023-11-30;Menos de 6 meses pendientes de resolución de grado;30
País Vasco;2023-11-30;6 meses o más pendientes de resolución de grado (1);390
País Vasco;2023-12-31;Personas solicitantes pendientes de resolución de grado;0
País Vasco;2023-12-31;Menos de 6 meses pendientes de resolución de grado;45
País Vasco;2023-12-31;6 meses o más pendientes de resolución de grado (1);384
País Vasco;2024-01-31;Personas solicitantes pendientes de resolución de grado;0
País Vasco;2024-01-31;Menos de 6 meses pendientes de resolución de grado;34
País Vasco;2024-01-31;6 meses o más pendientes de resolución de grado (1);379
País Vasco;2024-02-29;Personas solicitantes pendientes de resolución de grado;0
País Vasco;2024-02-29;Menos de 6 meses pendientes de resolución de grado;44
País Vasco;2024-02-29;6 meses o más pendientes de resolución de grado (1);377
País Vasco;2024-03-31;Personas solicitantes pendientes de resolución de grado;0
País Vasco;2024-03-31;Menos de 6 meses pendientes de resolución de grado;29
País Vasco;2024-03-31;6 meses o más pendientes de resolución de grado (1);183
País Vasco;2024-04-30;Personas solicitantes pendientes de resolución de grado;0
País Vasco;2024-04-30;Menos de 6 meses pendientes de resolución de grado;26
País Vasco;2024-04-30;6 meses o más pendientes de resolución de grado (1);167
País Vasco;2024-05-31;Personas solicitantes pendientes de resolución de grado;0
País Vasco;2024-05-31;Menos de 6 meses pendientes de resolución de grado;13
País Vasco;2024-05-31;6 meses o más pendientes de resolución de grado (1);158
País Vasco;2024-06-30;Personas solicitantes pendientes de resolución de grado;0
País Vasco;2024-06-30;Menos de 6 meses pendientes de resolución de grado;5
País Vasco;2024-06-30;6 meses o más pendientes de resolución de grado (1);151
País Vasco;2024-07-31;Personas solicitantes pendientes de resolución de grado;0
País Vasco;2024-07-31;Menos de 6 meses pendientes de resolución de grado;120
País Vasco;2024-07-31;6 meses o más pendientes de resolución de grado (1);155
País Vasco;2024-08-31;Personas solicitantes pendientes de resolución de grado;0
País Vasco;2024-08-31;Menos de 6 meses pendientes de resolución de grado;33
País Vasco;2024-08-31;6 meses o más pendientes de resolución de grado (1);154
País Vasco;2024-09-30;Personas solicitantes pendientes de resolución de grado;0
País Vasco;2024-09-30;Menos de 6 meses pendientes de resolución de grado;44
País Vasco;2024-09-30;6 meses o más pendientes de resolución de grado (1);160
País Vasco;2024-10-31;Personas solicitantes pendientes de resolución de grado;0
País Vasco;2024-10-31;Menos de 6 meses pendientes de resolución de grado;-1
País Vasco;2024-10-31;6 meses o más pendientes de resolución de grado (1);160
País Vasco;2024-11-30;Personas solicitantes pendientes de resolución de grado;0
País Vasco;2024-11-30;Menos de 6 meses pendientes de resolución de grado;9
País Vasco;2024-11-30;6 meses o más pendientes de resolución de grado (1);148
País Vasco;2024-12-31;Personas solicitantes pendientes de resolución de grado;0
País Vasco;2024-12-31;Menos de 6 meses pendientes de resolución de grado;5
País Vasco;2024-12-31;6 meses o más pendientes de resolución de grado (1);147
País Vasco;2025-01-31;Personas solicitantes pendientes de resolución de grado;0
País Vasco;2025-01-31;Menos de 6 meses pendientes de resolución de grado;5
País Vasco;2025-01-31;6 meses o más pendientes de resolución de grado (1);146
País Vasco;2025-02-28;Personas solicitantes pendientes de resolución de grado;0
País Vasco;2025-02-28;Menos de 6 meses pendientes de resolución de grado;3
País Vasco;2025-02-28;6 meses o más pendientes de resolución de grado (1);145
País Vasco;2025-03-31;Personas solicitantes pendientes de resolución de grado;0
País Vasco;2025-03-31;Menos de 6 meses pendientes de resolución de grado;3
País Vasco;2025-03-31;6 meses o más pendientes de resolución de grado (1);145
País Vasco;2025-04-30;Personas solicitantes pendientes de resolución de grado;0
País Vasco;2025-04-30;Menos de 6 meses pendientes de resolución de grado;5
País Vasco;2025-04-30;6 meses o más pendientes de resolución de grado (1);145
País Vasco;2025-05-31;Personas solicitantes pendientes de resolución de grado;0
País Vasco;2025-05-31;Menos de 6 meses pendientes de resolución de grado;5
País Vasco;2025-05-31;6 meses o más pendientes de resolución de grado (1);143
País Vasco;2025-06-30;Personas solicitantes pendientes de resolución de grado;0
País Vasco;2025-06-30;Menos de 6 meses pendientes de resolución de grado;7
País Vasco;2025-06-30;6 meses o más pendientes de resolución de grado (1);142
País Vasco;2025-07-31;Personas solicitantes pendientes de resolución de grado;0
País Vasco;2025-07-31;Menos de 6 meses pendientes de resolución de grado;8
País Vasco;2025-07-31;6 meses o más pendientes de resolución de grado (1);145
País Vasco;2025-08-31;Personas solicitantes pendientes de resolución de grado;0
País Vasco;2025-08-31;Menos de 6 meses pendientes de resolución de grado;5
País Vasco;2025-08-31;6 meses o más pendientes de resolución de grado (1);143
País Vasco;2025-09-30;Personas solicitantes pendientes de resolución de grado;0
País Vasco;2025-09-30;Menos de 6 meses pendientes de resolución de grado;6
País Vasco;2025-09-30;6 meses o más pendientes de resolución de grado (1);139
País Vasco;2025-10-31;Personas solicitantes pendientes de resolución de grado;0
País Vasco;2025-10-31;Menos de 6 meses pendientes de resolución de grado;5
País Vasco;2025-10-31;6 meses o más pendientes de resolución de grado (1);135
País Vasco;2025-11-30;Personas solicitantes pendientes de resolución de grado;0
País Vasco;2025-11-30;Menos de 6 meses pendientes de resolución de grado;9
País Vasco;2025-11-30;6 meses o más pendientes de resolución de grado (1);133
País Vasco;2025-12-31;Personas solicitantes pendientes de resolución de grado;0
País Vasco;2025-12-31;Menos de 6 meses pendientes de resolución de grado;14
País Vasco;2025-12-31;6 meses o más pendientes de resolución de grado (1);135
País Vasco;2026-01-31;Personas solicitantes pendientes de resolución de grado;0
País Vasco;2026-01-31;Menos de 6 meses pendientes de resolución de grado;43
País Vasco;2026-01-31;6 meses o más pendientes de resolución de grado (1);139
La Rioja;2023-01-31;Personas solicitantes pendientes de resolución de grado;0
La Rioja;2023-01-31;Menos de 6 meses pendientes de resolución de grado;74
La Rioja;2023-01-31;6 meses o más pendientes de resolución de grado (1);10
La Rioja;2023-02-28;Personas solicitantes pendientes de resolución de grado;0
La Rioja;2023-02-28;Menos de 6 meses pendientes de resolución de grado;75
La Rioja;2023-02-28;6 meses o más pendientes de resolución de grado (1);9
La Rioja;2023-03-31;Personas solicitantes pendientes de resolución de grado;0
La Rioja;2023-03-31;Menos de 6 meses pendientes de resolución de grado;40
La Rioja;2023-03-31;6 meses o más pendientes de resolución de grado (1);8
La Rioja;2023-04-30;Personas solicitantes pendientes de resolución de grado;0
La Rioja;2023-04-30;Menos de 6 meses pendientes de resolución de grado;26
La Rioja;2023-04-30;6 meses o más pendientes de resolución de grado (1);10
La Rioja;2023-05-31;Personas solicitantes pendientes de resolución de grado;0
La Rioja;2023-05-31;Menos de 6 meses pendientes de resolución de grado;291
La Rioja;2023-05-31;6 meses o más pendientes de resolución de grado (1);11
La Rioja;2023-06-30;Personas solicitantes pendientes de resolución de grado;0
La Rioja;2023-06-30;Menos de 6 meses pendientes de resolución de grado;147
La Rioja;2023-06-30;6 meses o más pendientes de resolución de grado (1);17
La Rioja;2023-07-31;Personas solicitantes pendientes de resolución de grado;0
La Rioja;2023-07-31;Menos de 6 meses pendientes de resolución de grado;68
La Rioja;2023-07-31;6 meses o más pendientes de resolución de grado (1);21
La Rioja;2023-08-31;Personas solicitantes pendientes de resolución de grado;0
La Rioja;2023-08-31;Menos de 6 meses pendientes de resolución de grado;34
La Rioja;2023-08-31;6 meses o más pendientes de resolución de grado (1);30
La Rioja;2023-09-30;Personas solicitantes pendientes de resolución de grado;0
La Rioja;2023-09-30;Menos de 6 meses pendientes de resolución de grado;15
La Rioja;2023-09-30;6 meses o más pendientes de resolución de grado (1);40
La Rioja;2023-10-31;Personas solicitantes pendientes de resolución de grado;0
La Rioja;2023-10-31;Menos de 6 meses pendientes de resolución de grado;16
La Rioja;2023-10-31;6 meses o más pendientes de resolución de grado (1);46
La Rioja;2023-11-30;Personas solicitantes pendientes de resolución de grado;0
La Rioja;2023-11-30;Menos de 6 meses pendientes de resolución de grado;7
La Rioja;2023-11-30;6 meses o más pendientes de resolución de grado (1);53
La Rioja;2023-12-31;Personas solicitantes pendientes de resolución de grado;0
La Rioja;2023-12-31;Menos de 6 meses pendientes de resolución de grado;8
La Rioja;2023-12-31;6 meses o más pendientes de resolución de grado (1);8
La Rioja;2024-01-31;Personas solicitantes pendientes de resolución de grado;0
La Rioja;2024-01-31;Menos de 6 meses pendientes de resolución de grado;6
La Rioja;2024-01-31;6 meses o más pendientes de resolución de grado (1);6
La Rioja;2024-02-29;Personas solicitantes pendientes de resolución de grado;0
La Rioja;2024-02-29;Menos de 6 meses pendientes de resolución de grado;9
La Rioja;2024-02-29;6 meses o más pendientes de resolución de grado (1);7
La Rioja;2024-03-31;Personas solicitantes pendientes de resolución de grado;0
La Rioja;2024-03-31;Menos de 6 meses pendientes de resolución de grado;5
La Rioja;2024-03-31;6 meses o más pendientes de resolución de grado (1);8
La Rioja;2024-04-30;Personas solicitantes pendientes de resolución de grado;0
La Rioja;2024-04-30;Menos de 6 meses pendientes de resolución de grado;2
La Rioja;2024-04-30;6 meses o más pendientes de resolución de grado (1);10
La Rioja;2024-05-31;Personas solicitantes pendientes de resolución de grado;0
La Rioja;2024-05-31;Menos de 6 meses pendientes de resolución de grado;9
La Rioja;2024-05-31;6 meses o más pendientes de resolución de grado (1);10
La Rioja;2024-06-30;Personas solicitantes pendientes de resolución de grado;0
La Rioja;2024-06-30;Menos de 6 meses pendientes de resolución de grado;15
La Rioja;2024-06-30;6 meses o más pendientes de resolución de grado (1);13
La Rioja;2024-07-31;Personas solicitantes pendientes de resolución de grado;0
La Rioja;2024-07-31;Menos de 6 meses pendientes de resolución de grado;34
La Rioja;2024-07-31;6 meses o más pendientes de resolución de grado (1);20
La Rioja;2024-08-31;Personas solicitantes pendientes de resolución de grado;0
La Rioja;2024-08-31;Menos de 6 meses pendientes de resolución de grado;5
La Rioja;2024-08-31;6 meses o más pendientes de resolución de grado (1);25
La Rioja;2024-09-30;Personas solicitantes pendientes de resolución de grado;0
La Rioja;2024-09-30;Menos de 6 meses pendientes de resolución de grado;3
La Rioja;2024-09-30;6 meses o más pendientes de resolución de grado (1);24
La Rioja;2024-10-31;Personas solicitantes pendientes de resolución de grado;0
La Rioja;2024-10-31;Menos de 6 meses pendientes de resolución de grado;4
La Rioja;2024-10-31;6 meses o más pendientes de resolución de grado (1);24
La Rioja;2024-11-30;Personas solicitantes pendientes de resolución de grado;0
La Rioja;2024-11-30;Menos de 6 meses pendientes de resolución de grado;6
La Rioja;2024-11-30;6 meses o más pendientes de resolución de grado (1);24
La Rioja;2024-12-31;Personas solicitantes pendientes de resolución de grado;0
La Rioja;2024-12-31;Menos de 6 meses pendientes de resolución de grado;7
La Rioja;2024-12-31;6 meses o más pendientes de resolución de grado (1);23
La Rioja;2025-01-31;Personas solicitantes pendientes de resolución de grado;0
La Rioja;2025-01-31;Menos de 6 meses pendientes de resolución de grado;9
La Rioja;2025-01-31;6 meses o más pendientes de resolución de grado (1);22
La Rioja;2025-02-28;Personas solicitantes pendientes de resolución de grado;0
La Rioja;2025-02-28;Menos de 6 meses pendientes de resolución de grado;6
La Rioja;2025-02-28;6 meses o más pendientes de resolución de grado (1);27
La Rioja;2025-03-31;Personas solicitantes pendientes de resolución de grado;0
La Rioja;2025-03-31;Menos de 6 meses pendientes de resolución de grado;2
La Rioja;2025-03-31;6 meses o más pendientes de resolución de grado (1);4
La Rioja;2025-04-30;Personas solicitantes pendientes de resolución de grado;0
La Rioja;2025-04-30;Menos de 6 meses pendientes de resolución de grado;4
La Rioja;2025-04-30;6 meses o más pendientes de resolución de grado (1);4
La Rioja;2025-05-31;Personas solicitantes pendientes de resolución de grado;0
La Rioja;2025-05-31;Menos de 6 meses pendientes de resolución de grado;7
La Rioja;2025-05-31;6 meses o más pendientes de resolución de grado (1);4
La Rioja;2025-06-30;Personas solicitantes pendientes de resolución de grado;0
La Rioja;2025-06-30;Menos de 6 meses pendientes de resolución de grado;5
La Rioja;2025-06-30;6 meses o más pendientes de resolución de grado (1);5
La Rioja;2025-07-31;Personas solicitantes pendientes de resolución de grado;0
La Rioja;2025-07-31;Menos de 6 meses pendientes de resolución de grado;5
La Rioja;2025-07-31;6 meses o más pendientes de resolución de grado (1);6
La Rioja;2025-08-31;Personas solicitantes pendientes de resolución de grado;0
La Rioja;2025-08-31;Menos de 6 meses pendientes de resolución de grado;4
La Rioja;2025-08-31;6 meses o más pendientes de resolución de grado (1);7
La Rioja;2025-09-30;Personas solicitantes pendientes de resolución de grado;0
La Rioja;2025-09-30;Menos de 6 meses pendientes de resolución de grado;3
La Rioja;2025-09-30;6 meses o más pendientes de resolución de grado (1);9
La Rioja;2025-10-31;Personas solicitantes pendientes de resolución de grado;0
La Rioja;2025-10-31;Menos de 6 meses pendientes de resolución de grado;4
La Rioja;2025-10-31;6 meses o más pendientes de resolución de grado (1);7
La Rioja;2025-11-30;Personas solicitantes pendientes de resolución de grado;0
La Rioja;2025-11-30;Menos de 6 meses pendientes de resolución de grado;4
La Rioja;2025-11-30;6 meses o más pendientes de resolución de grado (1);5
La Rioja;2025-12-31;Personas solicitantes pendientes de resolución de grado;0
La Rioja;2025-12-31;Menos de 6 meses pendientes de resolución de grado;2
La Rioja;2025-12-31;6 meses o más pendientes de resolución de grado (1);4
La Rioja;2026-01-31;Personas solicitantes pendientes de resolución de grado;0
La Rioja;2026-01-31;Menos de 6 meses pendientes de resolución de grado;1
La Rioja;2026-01-31;6 meses o más pendientes de resolución de grado (1);4
