ccaa;fecha;variable;valor
Andalucía;2023-01-31;Personas beneficiarias con derecho a prestación pendientes de resolución de PIA;37190
Andalucía;2023-01-31;Menos de 6 meses pendientes de resolución de PIA;1352
Andalucía;2023-01-31;6 meses o más pendientes de resolución de PIA;35821
Andalucía;2023-02-28;Personas beneficiarias con derecho a prestación pendientes de resolución de PIA;37891
Andalucía;2023-02-28;Menos de 6 meses pendientes de resolución de PIA;1412
Andalucía;2023-02-28;6 meses o más pendientes de resolución de PIA;36460
Andalucía;2023-03-31;Personas beneficiarias con derecho a prestación pendientes de resolución de PIA;39152
Andalucía;2023-03-31;Menos de 6 meses pendientes de resolución de PIA;1540
Andalucía;2023-03-31;6 meses o más pendientes de resolución de PIA;37592
Andalucía;2023-04-30;Personas beneficiarias con derecho a prestación pendientes de resolución de PIA;38997
Andalucía;2023-04-30;Menos de 6 meses pendientes de resolución de PIA;1559
Andalucía;2023-04-30;6 meses o más pendientes de resolución de PIA;37415
Andalucía;2023-05-31;Personas beneficiarias con derecho a prestación pendientes de resolución de PIA;40990
Andalucía;2023-05-31;Menos de 6 meses pendientes de resolución de PIA;1589
Andalucía;2023-05-31;6 meses o más pendientes de resolución de PIA;39380
Andalucía;2023-06-30;Personas beneficiarias con derecho a prestación pendientes de resolución de PIA;42588
Andalucía;2023-06-30;Menos de 6 meses pendientes de resolución de PIA;1969
Andalucía;2023-06-30;6 meses o más pendientes de resolución de PIA;40596
Andalucía;2023-07-31;Personas beneficiarias con derecho a prestación pendientes de resolución de PIA;42242
Andalucía;2023-07-31;Menos de 6 meses pendientes de resolución de PIA;2118
Andalucía;2023-07-31;6 meses o más pendientes de resolución de PIA;40103
Andalucía;2023-08-31;Personas beneficiarias con derecho a prestación pendientes de resolución de PIA;42791
Andalucía;2023-08-31;Menos de 6 meses pendientes de resolución de PIA;2026
Andalucía;2023-08-31;6 meses o más pendientes de resolución de PIA;40742
Andalucía;2023-09-30;Personas beneficiarias con derecho a prestación pendientes de resolución de PIA;40590
Andalucía;2023-09-30;Menos de 6 meses pendientes de resolución de PIA;1717
Andalucía;2023-09-30;6 meses o más pendientes de resolución de PIA;38850
Andalucía;2023-10-31;Personas beneficiarias con derecho a prestación pendientes de resolución de PIA;41604
Andalucía;2023-10-31;Menos de 6 meses pendientes de resolución de PIA;1765
Andalucía;2023-10-31;6 meses o más pendientes de resolución de PIA;39818
Andalucía;2023-11-30;Personas beneficiarias con derecho a prestación pendientes de resolución de PIA;42574
Andalucía;2023-11-30;Menos de 6 meses pendientes de resolución de PIA;1666
Andalucía;2023-11-30;6 meses o más pendientes de resolución de PIA;40882
Andalucía;2023-12-31;Personas beneficiarias con derecho a prestación pendientes de resolución de PIA;35558
Andalucía;2023-12-31;Menos de 6 meses pendientes de resolución de PIA;1145
Andalucía;2023-12-31;6 meses o más pendientes de resolución de PIA;34388
Andalucía;2024-01-31;Personas beneficiarias con derecho a prestación pendientes de resolución de PIA;32315
Andalucía;2024-01-31;Menos de 6 meses pendientes de resolución de PIA;906
Andalucía;2024-01-31;6 meses o más pendientes de resolución de PIA;31384
Andalucía;2024-02-29;Personas beneficiarias con derecho a prestación pendientes de resolución de PIA;29283
Andalucía;2024-02-29;Menos de 6 meses pendientes de resolución de PIA;1110
Andalucía;2024-02-29;6 meses o más pendientes de resolución de PIA;28152
Andalucía;2024-03-31;Personas beneficiarias con derecho a prestación pendientes de resolución de PIA;26786
Andalucía;2024-03-31;Menos de 6 meses pendientes de resolución de PIA;1164
Andalucía;2024-03-31;6 meses o más pendientes de resolución de PIA;25602
Andalucía;2024-04-30;Personas beneficiarias con derecho a prestación pendientes de resolución de PIA;24659
Andalucía;2024-04-30;Menos de 6 meses pendientes de resolución de PIA;980
Andalucía;2024-04-30;6 meses o más pendientes de resolución de PIA;23654
Andalucía;2024-05-31;Personas beneficiarias con derecho a prestación pendientes de resolución de PIA;22581
Andalucía;2024-05-31;Menos de 6 meses pendientes de resolución de PIA;719
Andalucía;2024-05-31;6 meses o más pendientes de resolución de PIA;21836
Andalucía;2024-06-30;Personas beneficiarias con derecho a prestación pendientes de resolución de PIA;20960
Andalucía;2024-06-30;Menos de 6 meses pendientes de resolución de PIA;646
Andalucía;2024-06-30;6 meses o más pendientes de resolución de PIA;20285
Andalucía;2024-07-31;Personas beneficiarias con derecho a prestación pendientes de resolución de PIA;19009
Andalucía;2024-07-31;Menos de 6 meses pendientes de resolución de PIA;568
Andalucía;2024-07-31;6 meses o más pendientes de resolución de PIA;18410
Andalucía;2024-08-31;Personas beneficiarias con derecho a prestación pendientes de resolución de PIA;25079
Andalucía;2024-08-31;Menos de 6 meses pendientes de resolución de PIA;462
Andalucía;2024-08-31;6 meses o más pendientes de resolución de PIA;24583
Andalucía;2024-09-30;Personas beneficiarias con derecho a prestación pendientes de resolución de PIA;23520
Andalucía;2024-09-30;Menos de 6 meses pendientes de resolución de PIA;420
Andalucía;2024-09-30;6 meses o más pendientes de resolución de PIA;23065
Andalucía;2024-10-31;Personas beneficiarias con derecho a prestación pendientes de resolución de PIA;21298
Andalucía;2024-10-31;Menos de 6 meses pendientes de resolución de PIA;360
Andalucía;2024-10-31;6 meses o más pendientes de resolución de PIA;20904
Andalucía;2024-11-30;Personas beneficiarias con derecho a prestación pendientes de resolución de PIA;18913
Andalucía;2024-11-30;Menos de 6 meses pendientes de resolución de PIA;350
Andalucía;2024-11-30;6 meses o más pendientes de resolución de PIA;18531
Andalucía;2024-12-31;Personas beneficiarias con derecho a prestación pendientes de resolución de PIA;17192
Andalucía;2024-12-31;Menos de 6 meses pendientes de resolución de PIA;371
Andalucía;2024-12-31;6 meses o más pendientes de resolución de PIA;16788
Andalucía;2025-01-31;Personas beneficiarias con derecho a prestación pendientes de resolución de PIA;16773
Andalucía;2025-01-31;Menos de 6 meses pendientes de resolución de PIA;339
Andalucía;2025-01-31;6 meses o más pendientes de resolución de PIA;16401
Andalucía;2025-02-28;Personas beneficiarias con derecho a prestación pendientes de resolución de PIA;16508
Andalucía;2025-02-28;Menos de 6 meses pendientes de resolución de PIA;417
Andalucía;2025-02-28;6 meses o más pendientes de resolución de PIA;16055
Andalucía;2025-03-31;Personas beneficiarias con derecho a prestación pendientes de resolución de PIA;15856
Andalucía;2025-03-31;Menos de 6 meses pendientes de resolución de PIA;404
Andalucía;2025-03-31;6 meses o más pendientes de resolución de PIA;15409
Andalucía;2025-04-30;Personas beneficiarias con derecho a prestación pendientes de resolución de PIA;15901
Andalucía;2025-04-30;Menos de 6 meses pendientes de resolución de PIA;373
Andalucía;2025-04-30;6 meses o más pendientes de resolución de PIA;15486
Andalucía;2025-05-31;Personas beneficiarias con derecho a prestación pendientes de resolución de PIA;15969
Andalucía;2025-05-31;Menos de 6 meses pendientes de resolución de PIA;361
Andalucía;2025-05-31;6 meses o más pendientes de resolución de PIA;15566
Andalucía;2025-06-30;Personas beneficiarias con derecho a prestación pendientes de resolución de PIA;15081
Andalucía;2025-06-30;Menos de 6 meses pendientes de resolución de PIA;306
Andalucía;2025-06-30;6 meses o más pendientes de resolución de PIA;14734
Andalucía;2025-07-31;Personas beneficiarias con derecho a prestación pendientes de resolución de PIA;14155
Andalucía;2025-07-31;Menos de 6 meses pendientes de resolución de PIA;360
Andalucía;2025-07-31;6 meses o más pendientes de resolución de PIA;13752
Andalucía;2025-08-31;Personas beneficiarias con derecho a prestación pendientes de resolución de PIA;13767
Andalucía;2025-08-31;Menos de 6 meses pendientes de resolución de PIA;322
Andalucía;2025-08-31;6 meses o más pendientes de resolución de PIA;13402
Andalucía;2025-09-30;Personas beneficiarias con derecho a prestación pendientes de resolución de PIA;13357
Andalucía;2025-09-30;Menos de 6 meses pendientes de resolución de PIA;351
Andalucía;2025-09-30;6 meses o más pendientes de resolución de PIA;12960
Andalucía;2025-10-31;Personas beneficiarias con derecho a prestación pendientes de resolución de PIA;13157
Andalucía;2025-10-31;Menos de 6 meses pendientes de resolución de PIA;329
Andalucía;2025-10-31;6 meses o más pendientes de resolución de PIA;12779
Andalucía;2025-11-30;Personas beneficiarias con derecho a prestación pendientes de resolución de PIA;13579
Andalucía;2025-11-30;Menos de 6 meses pendientes de resolución de PIA;397
Andalucía;2025-11-30;6 meses o más pendientes de resolución de PIA;13135
Andalucía;2025-12-31;Personas beneficiarias con derecho a prestación pendientes de resolución de PIA;13300
Andalucía;2025-12-31;Menos de 6 meses pendientes de resolución de PIA;298
Andalucía;2025-12-31;6 meses o más pendientes de resolución de PIA;12953
Andalucía;2026-01-31;Personas beneficiarias con derecho a prestación pendientes de resolución de PIA;13240
Andalucía;2026-01-31;Menos de 6 meses pendientes de resolución de PIA;205
Andalucía;2026-01-31;6 meses o más pendientes de resolución de PIA;12986
Aragón;2023-01-31;Personas beneficiarias con derecho a prestación pendientes de resolución de PIA;1994
Aragón;2023-01-31;Menos de 6 meses pendientes de resolución de PIA;633
Aragón;2023-01-31;6 meses o más pendientes de resolución de PIA;1359
Aragón;2023-02-28;Personas beneficiarias con derecho a prestación pendientes de resolución de PIA;1755
Aragón;2023-02-28;Menos de 6 meses pendientes de resolución de PIA;730
Aragón;2023-02-28;6 meses o más pendientes de resolución de PIA;1023
Aragón;2023-03-31;Personas beneficiarias con derecho a prestación pendientes de resolución de PIA;1684
Aragón;2023-03-31;Menos de 6 meses pendientes de resolución de PIA;696
Aragón;2023-03-31;6 meses o más pendientes de resolución de PIA;986
Aragón;2023-04-30;Personas beneficiarias con derecho a prestación pendientes de resolución de PIA;1624
Aragón;2023-04-30;Menos de 6 meses pendientes de resolución de PIA;617
Aragón;2023-04-30;6 meses o más pendientes de resolución de PIA;1004
Aragón;2023-05-31;Personas beneficiarias con derecho a prestación pendientes de resolución de PIA;1949
Aragón;2023-05-31;Menos de 6 meses pendientes de resolución de PIA;871
Aragón;2023-05-31;6 meses o más pendientes de resolución de PIA;1075
Aragón;2023-06-30;Personas beneficiarias con derecho a prestación pendientes de resolución de PIA;1555
Aragón;2023-06-30;Menos de 6 meses pendientes de resolución de PIA;677
Aragón;2023-06-30;6 meses o más pendientes de resolución de PIA;877
Aragón;2023-07-31;Personas beneficiarias con derecho a prestación pendientes de resolución de PIA;854
Aragón;2023-07-31;Menos de 6 meses pendientes de resolución de PIA;363
Aragón;2023-07-31;6 meses o más pendientes de resolución de PIA;490
Aragón;2023-08-31;Personas beneficiarias con derecho a prestación pendientes de resolución de PIA;635
Aragón;2023-08-31;Menos de 6 meses pendientes de resolución de PIA;278
Aragón;2023-08-31;6 meses o más pendientes de resolución de PIA;355
Aragón;2023-09-30;Personas beneficiarias con derecho a prestación pendientes de resolución de PIA;358
Aragón;2023-09-30;Menos de 6 meses pendientes de resolución de PIA;156
Aragón;2023-09-30;6 meses o más pendientes de resolución de PIA;201
Aragón;2023-10-31;Personas beneficiarias con derecho a prestación pendientes de resolución de PIA;291
Aragón;2023-10-31;Menos de 6 meses pendientes de resolución de PIA;117
Aragón;2023-10-31;6 meses o más pendientes de resolución de PIA;173
Aragón;2023-11-30;Personas beneficiarias con derecho a prestación pendientes de resolución de PIA;244
Aragón;2023-11-30;Menos de 6 meses pendientes de resolución de PIA;95
Aragón;2023-11-30;6 meses o más pendientes de resolución de PIA;147
Aragón;2023-12-31;Personas beneficiarias con derecho a prestación pendientes de resolución de PIA;186
Aragón;2023-12-31;Menos de 6 meses pendientes de resolución de PIA;62
Aragón;2023-12-31;6 meses o más pendientes de resolución de PIA;123
Aragón;2024-01-31;Personas beneficiarias con derecho a prestación pendientes de resolución de PIA;191
Aragón;2024-01-31;Menos de 6 meses pendientes de resolución de PIA;60
Aragón;2024-01-31;6 meses o más pendientes de resolución de PIA;129
Aragón;2024-02-29;Personas beneficiarias con derecho a prestación pendientes de resolución de PIA;128
Aragón;2024-02-29;Menos de 6 meses pendientes de resolución de PIA;66
Aragón;2024-02-29;6 meses o más pendientes de resolución de PIA;60
Aragón;2024-03-31;Personas beneficiarias con derecho a prestación pendientes de resolución de PIA;117
Aragón;2024-03-31;Menos de 6 meses pendientes de resolución de PIA;66
Aragón;2024-03-31;6 meses o más pendientes de resolución de PIA;50
Aragón;2024-04-30;Personas beneficiarias con derecho a prestación pendientes de resolución de PIA;105
Aragón;2024-04-30;Menos de 6 meses pendientes de resolución de PIA;58
Aragón;2024-04-30;6 meses o más pendientes de resolución de PIA;45
Aragón;2024-05-31;Personas beneficiarias con derecho a prestación pendientes de resolución de PIA;114
Aragón;2024-05-31;Menos de 6 meses pendientes de resolución de PIA;68
Aragón;2024-05-31;6 meses o más pendientes de resolución de PIA;44
Aragón;2024-06-30;Personas beneficiarias con derecho a prestación pendientes de resolución de PIA;100
Aragón;2024-06-30;Menos de 6 meses pendientes de resolución de PIA;57
Aragón;2024-06-30;6 meses o más pendientes de resolución de PIA;41
Aragón;2024-07-31;Personas beneficiarias con derecho a prestación pendientes de resolución de PIA;78
Aragón;2024-07-31;Menos de 6 meses pendientes de resolución de PIA;48
Aragón;2024-07-31;6 meses o más pendientes de resolución de PIA;28
Aragón;2024-08-31;Personas beneficiarias con derecho a prestación pendientes de resolución de PIA;94
Aragón;2024-08-31;Menos de 6 meses pendientes de resolución de PIA;44
Aragón;2024-08-31;6 meses o más pendientes de resolución de PIA;46
Aragón;2024-09-30;Personas beneficiarias con derecho a prestación pendientes de resolución de PIA;76
Aragón;2024-09-30;Menos de 6 meses pendientes de resolución de PIA;48
Aragón;2024-09-30;6 meses o más pendientes de resolución de PIA;23
Aragón;2024-10-31;Personas beneficiarias con derecho a prestación pendientes de resolución de PIA;84
Aragón;2024-10-31;Menos de 6 meses pendientes de resolución de PIA;55
Aragón;2024-10-31;6 meses o más pendientes de resolución de PIA;25
Aragón;2024-11-30;Personas beneficiarias con derecho a prestación pendientes de resolución de PIA;83
Aragón;2024-11-30;Menos de 6 meses pendientes de resolución de PIA;50
Aragón;2024-11-30;6 meses o más pendientes de resolución de PIA;29
Aragón;2024-12-31;Personas beneficiarias con derecho a prestación pendientes de resolución de PIA;86
Aragón;2024-12-31;Menos de 6 meses pendientes de resolución de PIA;58
Aragón;2024-12-31;6 meses o más pendientes de resolución de PIA;23
Aragón;2025-01-31;Personas beneficiarias con derecho a prestación pendientes de resolución de PIA;90
Aragón;2025-01-31;Menos de 6 meses pendientes de resolución de PIA;61
Aragón;2025-01-31;6 meses o más pendientes de resolución de PIA;27
Aragón;2025-02-28;Personas beneficiarias con derecho a prestación pendientes de resolución de PIA;104
Aragón;2025-02-28;Menos de 6 meses pendientes de resolución de PIA;69
Aragón;2025-02-28;6 meses o más pendientes de resolución de PIA;34
Aragón;2025-03-31;Personas beneficiarias con derecho a prestación pendientes de resolución de PIA;102
Aragón;2025-03-31;Menos de 6 meses pendientes de resolución de PIA;62
Aragón;2025-03-31;6 meses o más pendientes de resolución de PIA;37
Aragón;2025-04-30;Personas beneficiarias con derecho a prestación pendientes de resolución de PIA;123
Aragón;2025-04-30;Menos de 6 meses pendientes de resolución de PIA;81
Aragón;2025-04-30;6 meses o más pendientes de resolución de PIA;38
Aragón;2025-05-31;Personas beneficiarias con derecho a prestación pendientes de resolución de PIA;108
Aragón;2025-05-31;Menos de 6 meses pendientes de resolución de PIA;70
Aragón;2025-05-31;6 meses o más pendientes de resolución de PIA;34
Aragón;2025-06-30;Personas beneficiarias con derecho a prestación pendientes de resolución de PIA;103
Aragón;2025-06-30;Menos de 6 meses pendientes de resolución de PIA;71
Aragón;2025-06-30;6 meses o más pendientes de resolución de PIA;28
Aragón;2025-07-31;Personas beneficiarias con derecho a prestación pendientes de resolución de PIA;119
Aragón;2025-07-31;Menos de 6 meses pendientes de resolución de PIA;76
Aragón;2025-07-31;6 meses o más pendientes de resolución de PIA;39
Aragón;2025-08-31;Personas beneficiarias con derecho a prestación pendientes de resolución de PIA;111
Aragón;2025-08-31;Menos de 6 meses pendientes de resolución de PIA;66
Aragón;2025-08-31;6 meses o más pendientes de resolución de PIA;42
Aragón;2025-09-30;Personas beneficiarias con derecho a prestación pendientes de resolución de PIA;120
Aragón;2025-09-30;Menos de 6 meses pendientes de resolución de PIA;73
Aragón;2025-09-30;6 meses o más pendientes de resolución de PIA;44
Aragón;2025-10-31;Personas beneficiarias con derecho a prestación pendientes de resolución de PIA;94
Aragón;2025-10-31;Menos de 6 meses pendientes de resolución de PIA;62
Aragón;2025-10-31;6 meses o más pendientes de resolución de PIA;31
Aragón;2025-11-30;Personas beneficiarias con derecho a prestación pendientes de resolución de PIA;76
Aragón;2025-11-30;Menos de 6 meses pendientes de resolución de PIA;48
Aragón;2025-11-30;6 meses o más pendientes de resolución de PIA;27
Aragón;2025-12-31;Personas beneficiarias con derecho a prestación pendientes de resolución de PIA;53
Aragón;2025-12-31;Menos de 6 meses pendientes de resolución de PIA;43
Aragón;2025-12-31;6 meses o más pendientes de resolución de PIA;10
Aragón;2026-01-31;Personas beneficiarias con derecho a prestación pendientes de resolución de PIA;71
Aragón;2026-01-31;Menos de 6 meses pendientes de resolución de PIA;54
Aragón;2026-01-31;6 meses o más pendientes de resolución de PIA;17
Principado de Asturias;2023-01-31;Personas beneficiarias con derecho a prestación pendientes de resolución de PIA;3056
Principado de Asturias;2023-01-31;Menos de 6 meses pendientes de resolución de PIA;534
Principado de Asturias;2023-01-31;6 meses o más pendientes de resolución de PIA;2517
Principado de Asturias;2023-02-28;Personas beneficiarias con derecho a prestación pendientes de resolución de PIA;3188
Principado de Asturias;2023-02-28;Menos de 6 meses pendientes de resolución de PIA;619
Principado de Asturias;2023-02-28;6 meses o más pendientes de resolución de PIA;2565
Principado de Asturias;2023-03-31;Personas beneficiarias con derecho a prestación pendientes de resolución de PIA;2976
Principado de Asturias;2023-03-31;Menos de 6 meses pendientes de resolución de PIA;622
Principado de Asturias;2023-03-31;6 meses o más pendientes de resolución de PIA;2351
Principado de Asturias;2023-04-30;Personas beneficiarias con derecho a prestación pendientes de resolución de PIA;2887
Principado de Asturias;2023-04-30;Menos de 6 meses pendientes de resolución de PIA;717
Principado de Asturias;2023-04-30;6 meses o más pendientes de resolución de PIA;2168
Principado de Asturias;2023-05-31;Personas beneficiarias con derecho a prestación pendientes de resolución de PIA;2742
Principado de Asturias;2023-05-31;Menos de 6 meses pendientes de resolución de PIA;725
Principado de Asturias;2023-05-31;6 meses o más pendientes de resolución de PIA;2014
Principado de Asturias;2023-06-30;Personas beneficiarias con derecho a prestación pendientes de resolución de PIA;3347
Principado de Asturias;2023-06-30;Menos de 6 meses pendientes de resolución de PIA;975
Principado de Asturias;2023-06-30;6 meses o más pendientes de resolución de PIA;2369
Principado de Asturias;2023-07-31;Personas beneficiarias con derecho a prestación pendientes de resolución de PIA;3395
Principado de Asturias;2023-07-31;Menos de 6 meses pendientes de resolución de PIA;756
Principado de Asturias;2023-07-31;6 meses o más pendientes de resolución de PIA;2635
Principado de Asturias;2023-08-31;Personas beneficiarias con derecho a prestación pendientes de resolución de PIA;3030
Principado de Asturias;2023-08-31;Menos de 6 meses pendientes de resolución de PIA;196
Principado de Asturias;2023-08-31;6 meses o más pendientes de resolución de PIA;2829
Principado de Asturias;2023-09-30;Personas beneficiarias con derecho a prestación pendientes de resolución de PIA;2634
Principado de Asturias;2023-09-30;Menos de 6 meses pendientes de resolución de PIA;168
Principado de Asturias;2023-09-30;6 meses o más pendientes de resolución de PIA;2461
Principado de Asturias;2023-10-31;Personas beneficiarias con derecho a prestación pendientes de resolución de PIA;2005
Principado de Asturias;2023-10-31;Menos de 6 meses pendientes de resolución de PIA;161
Principado de Asturias;2023-10-31;6 meses o más pendientes de resolución de PIA;1838
Principado de Asturias;2023-11-30;Personas beneficiarias con derecho a prestación pendientes de resolución de PIA;1559
Principado de Asturias;2023-11-30;Menos de 6 meses pendientes de resolución de PIA;133
Principado de Asturias;2023-11-30;6 meses o más pendientes de resolución de PIA;1422
Principado de Asturias;2023-12-31;Personas beneficiarias con derecho a prestación pendientes de resolución de PIA;1346
Principado de Asturias;2023-12-31;Menos de 6 meses pendientes de resolución de PIA;120
Principado de Asturias;2023-12-31;6 meses o más pendientes de resolución de PIA;1223
Principado de Asturias;2024-01-31;Personas beneficiarias con derecho a prestación pendientes de resolución de PIA;1168
Principado de Asturias;2024-01-31;Menos de 6 meses pendientes de resolución de PIA;154
Principado de Asturias;2024-01-31;6 meses o más pendientes de resolución de PIA;1006
Principado de Asturias;2024-02-29;Personas beneficiarias con derecho a prestación pendientes de resolución de PIA;908
Principado de Asturias;2024-02-29;Menos de 6 meses pendientes de resolución de PIA;159
Principado de Asturias;2024-02-29;6 meses o más pendientes de resolución de PIA;741
Principado de Asturias;2024-03-31;Personas beneficiarias con derecho a prestación pendientes de resolución de PIA;712
Principado de Asturias;2024-03-31;Menos de 6 meses pendientes de resolución de PIA;145
Principado de Asturias;2024-03-31;6 meses o más pendientes de resolución de PIA;558
Principado de Asturias;2024-04-30;Personas beneficiarias con derecho a prestación pendientes de resolución de PIA;719
Principado de Asturias;2024-04-30;Menos de 6 meses pendientes de resolución de PIA;147
Principado de Asturias;2024-04-30;6 meses o más pendientes de resolución de PIA;563
Principado de Asturias;2024-05-31;Personas beneficiarias con derecho a prestación pendientes de resolución de PIA;639
Principado de Asturias;2024-05-31;Menos de 6 meses pendientes de resolución de PIA;126
Principado de Asturias;2024-05-31;6 meses o más pendientes de resolución de PIA;505
Principado de Asturias;2024-06-30;Personas beneficiarias con derecho a prestación pendientes de resolución de PIA;637
Principado de Asturias;2024-06-30;Menos de 6 meses pendientes de resolución de PIA;131
Principado de Asturias;2024-06-30;6 meses o más pendientes de resolución de PIA;501
Principado de Asturias;2024-07-31;Personas beneficiarias con derecho a prestación pendientes de resolución de PIA;526
Principado de Asturias;2024-07-31;Menos de 6 meses pendientes de resolución de PIA;144
Principado de Asturias;2024-07-31;6 meses o más pendientes de resolución de PIA;377
Principado de Asturias;2024-08-31;Personas beneficiarias con derecho a prestación pendientes de resolución de PIA;529
Principado de Asturias;2024-08-31;Menos de 6 meses pendientes de resolución de PIA;141
Principado de Asturias;2024-08-31;6 meses o más pendientes de resolución de PIA;383
Principado de Asturias;2024-09-30;Personas beneficiarias con derecho a prestación pendientes de resolución de PIA;618
Principado de Asturias;2024-09-30;Menos de 6 meses pendientes de resolución de PIA;156
Principado de Asturias;2024-09-30;6 meses o más pendientes de resolución de PIA;459
Principado de Asturias;2024-10-31;Personas beneficiarias con derecho a prestación pendientes de resolución de PIA;679
Principado de Asturias;2024-10-31;Menos de 6 meses pendientes de resolución de PIA;180
Principado de Asturias;2024-10-31;6 meses o más pendientes de resolución de PIA;495
Principado de Asturias;2024-11-30;Personas beneficiarias con derecho a prestación pendientes de resolución de PIA;551
Principado de Asturias;2024-11-30;Menos de 6 meses pendientes de resolución de PIA;189
Principado de Asturias;2024-11-30;6 meses o más pendientes de resolución de PIA;359
Principado de Asturias;2024-12-31;Personas beneficiarias con derecho a prestación pendientes de resolución de PIA;445
Principado de Asturias;2024-12-31;Menos de 6 meses pendientes de resolución de PIA;193
Principado de Asturias;2024-12-31;6 meses o más pendientes de resolución de PIA;250
Principado de Asturias;2025-01-31;Personas beneficiarias con derecho a prestación pendientes de resolución de PIA;452
Principado de Asturias;2025-01-31;Menos de 6 meses pendientes de resolución de PIA;208
Principado de Asturias;2025-01-31;6 meses o más pendientes de resolución de PIA;240
Principado de Asturias;2025-02-28;Personas beneficiarias con derecho a prestación pendientes de resolución de PIA;431
Principado de Asturias;2025-02-28;Menos de 6 meses pendientes de resolución de PIA;221
Principado de Asturias;2025-02-28;6 meses o más pendientes de resolución de PIA;205
Principado de Asturias;2025-03-31;Personas beneficiarias con derecho a prestación pendientes de resolución de PIA;437
Principado de Asturias;2025-03-31;Menos de 6 meses pendientes de resolución de PIA;214
Principado de Asturias;2025-03-31;6 meses o más pendientes de resolución de PIA;217
Principado de Asturias;2025-04-30;Personas beneficiarias con derecho a prestación pendientes de resolución de PIA;437
Principado de Asturias;2025-04-30;Menos de 6 meses pendientes de resolución de PIA;197
Principado de Asturias;2025-04-30;6 meses o más pendientes de resolución de PIA;231
Principado de Asturias;2025-05-31;Personas beneficiarias con derecho a prestación pendientes de resolución de PIA;379
Principado de Asturias;2025-05-31;Menos de 6 meses pendientes de resolución de PIA;193
Principado de Asturias;2025-05-31;6 meses o más pendientes de resolución de PIA;179
Principado de Asturias;2025-06-30;Personas beneficiarias con derecho a prestación pendientes de resolución de PIA;348
Principado de Asturias;2025-06-30;Menos de 6 meses pendientes de resolución de PIA;164
Principado de Asturias;2025-06-30;6 meses o más pendientes de resolución de PIA;178
Principado de Asturias;2025-07-31;Personas beneficiarias con derecho a prestación pendientes de resolución de PIA;327
Principado de Asturias;2025-07-31;Menos de 6 meses pendientes de resolución de PIA;135
Principado de Asturias;2025-07-31;6 meses o más pendientes de resolución de PIA;186
Principado de Asturias;2025-08-31;Personas beneficiarias con derecho a prestación pendientes de resolución de PIA;324
Principado de Asturias;2025-08-31;Menos de 6 meses pendientes de resolución de PIA;105
Principado de Asturias;2025-08-31;6 meses o más pendientes de resolución de PIA;213
Principado de Asturias;2025-09-30;Personas beneficiarias con derecho a prestación pendientes de resolución de PIA;360
Principado de Asturias;2025-09-30;Menos de 6 meses pendientes de resolución de PIA;112
Principado de Asturias;2025-09-30;6 meses o más pendientes de resolución de PIA;240
Principado de Asturias;2025-10-31;Personas beneficiarias con derecho a prestación pendientes de resolución de PIA;363
Principado de Asturias;2025-10-31;Menos de 6 meses pendientes de resolución de PIA;87
Principado de Asturias;2025-10-31;6 meses o más pendientes de resolución de PIA;268
Principado de Asturias;2025-11-30;Personas beneficiarias con derecho a prestación pendientes de resolución de PIA;383
Principado de Asturias;2025-11-30;Menos de 6 meses pendientes de resolución de PIA;70
Principado de Asturias;2025-11-30;6 meses o más pendientes de resolución de PIA;305
Principado de Asturias;2025-12-31;Personas beneficiarias con derecho a prestación pendientes de resolución de PIA;379
Principado de Asturias;2025-12-31;Menos de 6 meses pendientes de resolución de PIA;52
Principado de Asturias;2025-12-31;6 meses o más pendientes de resolución de PIA;319
Principado de Asturias;2026-01-31;Personas beneficiarias con derecho a prestación pendientes de resolución de PIA;370
Principado de Asturias;2026-01-31;Menos de 6 meses pendientes de resolución de PIA;56
Principado de Asturias;2026-01-31;6 meses o más pendientes de resolución de PIA;308
Islas Baleares;2023-01-31;Personas beneficiarias con derecho a prestación pendientes de resolución de PIA;3050
Islas Baleares;2023-01-31;Menos de 6 meses pendientes de resolución de PIA;992
Islas Baleares;2023-01-31;6 meses o más pendientes de resolución de PIA;2056
Islas Baleares;2023-02-28;Personas beneficiarias con derecho a prestación pendientes de resolución de PIA;3167
Islas Baleares;2023-02-28;Menos de 6 meses pendientes de resolución de PIA;1035
Islas Baleares;2023-02-28;6 meses o más pendientes de resolución de PIA;2129
Islas Baleares;2023-03-31;Personas beneficiarias con derecho a prestación pendientes de resolución de PIA;3627
Islas Baleares;2023-03-31;Menos de 6 meses pendientes de resolución de PIA;1194
Islas Baleares;2023-03-31;6 meses o más pendientes de resolución de PIA;2431
Islas Baleares;2023-04-30;Personas beneficiarias con derecho a prestación pendientes de resolución de PIA;3973
Islas Baleares;2023-04-30;Menos de 6 meses pendientes de resolución de PIA;1458
Islas Baleares;2023-04-30;6 meses o más pendientes de resolución de PIA;2513
Islas Baleares;2023-05-31;Personas beneficiarias con derecho a prestación pendientes de resolución de PIA;4086
Islas Baleares;2023-05-31;Menos de 6 meses pendientes de resolución de PIA;1561
Islas Baleares;2023-05-31;6 meses o más pendientes de resolución de PIA;2522
Islas Baleares;2023-06-30;Personas beneficiarias con derecho a prestación pendientes de resolución de PIA;3640
Islas Baleares;2023-06-30;Menos de 6 meses pendientes de resolución de PIA;1286
Islas Baleares;2023-06-30;6 meses o más pendientes de resolución de PIA;2351
Islas Baleares;2023-07-31;Personas beneficiarias con derecho a prestación pendientes de resolución de PIA;3896
Islas Baleares;2023-07-31;Menos de 6 meses pendientes de resolución de PIA;1245
Islas Baleares;2023-07-31;6 meses o más pendientes de resolución de PIA;2648
Islas Baleares;2023-08-31;Personas beneficiarias con derecho a prestación pendientes de resolución de PIA;3706
Islas Baleares;2023-08-31;Menos de 6 meses pendientes de resolución de PIA;1159
Islas Baleares;2023-08-31;6 meses o más pendientes de resolución de PIA;2544
Islas Baleares;2023-09-30;Personas beneficiarias con derecho a prestación pendientes de resolución de PIA;3768
Islas Baleares;2023-09-30;Menos de 6 meses pendientes de resolución de PIA;1094
Islas Baleares;2023-09-30;6 meses o más pendientes de resolución de PIA;2671
Islas Baleares;2023-10-31;Personas beneficiarias con derecho a prestación pendientes de resolución de PIA;3972
Islas Baleares;2023-10-31;Menos de 6 meses pendientes de resolución de PIA;1314
Islas Baleares;2023-10-31;6 meses o más pendientes de resolución de PIA;2655
Islas Baleares;2023-11-30;Personas beneficiarias con derecho a prestación pendientes de resolución de PIA;4080
Islas Baleares;2023-11-30;Menos de 6 meses pendientes de resolución de PIA;1320
Islas Baleares;2023-11-30;6 meses o más pendientes de resolución de PIA;2758
Islas Baleares;2023-12-31;Personas beneficiarias con derecho a prestación pendientes de resolución de PIA;4117
Islas Baleares;2023-12-31;Menos de 6 meses pendientes de resolución de PIA;1216
Islas Baleares;2023-12-31;6 meses o más pendientes de resolución de PIA;2899
Islas Baleares;2024-01-31;Personas beneficiarias con derecho a prestación pendientes de resolución de PIA;4154
Islas Baleares;2024-01-31;Menos de 6 meses pendientes de resolución de PIA;1142
Islas Baleares;2024-01-31;6 meses o más pendientes de resolución de PIA;3011
Islas Baleares;2024-02-29;Personas beneficiarias con derecho a prestación pendientes de resolución de PIA;4274
Islas Baleares;2024-02-29;Menos de 6 meses pendientes de resolución de PIA;1205
Islas Baleares;2024-02-29;6 meses o más pendientes de resolución de PIA;3068
Islas Baleares;2024-03-31;Personas beneficiarias con derecho a prestación pendientes de resolución de PIA;4500
Islas Baleares;2024-03-31;Menos de 6 meses pendientes de resolución de PIA;1260
Islas Baleares;2024-03-31;6 meses o más pendientes de resolución de PIA;3239
Islas Baleares;2024-04-30;Personas beneficiarias con derecho a prestación pendientes de resolución de PIA;4894
Islas Baleares;2024-04-30;Menos de 6 meses pendientes de resolución de PIA;1522
Islas Baleares;2024-04-30;6 meses o más pendientes de resolución de PIA;3371
Islas Baleares;2024-05-31;Personas beneficiarias con derecho a prestación pendientes de resolución de PIA;4748
Islas Baleares;2024-05-31;Menos de 6 meses pendientes de resolución de PIA;1420
Islas Baleares;2024-05-31;6 meses o más pendientes de resolución de PIA;3327
Islas Baleares;2024-06-30;Personas beneficiarias con derecho a prestación pendientes de resolución de PIA;4536
Islas Baleares;2024-06-30;Menos de 6 meses pendientes de resolución de PIA;1482
Islas Baleares;2024-06-30;6 meses o más pendientes de resolución de PIA;3053
Islas Baleares;2024-07-31;Personas beneficiarias con derecho a prestación pendientes de resolución de PIA;4458
Islas Baleares;2024-07-31;Menos de 6 meses pendientes de resolución de PIA;1575
Islas Baleares;2024-07-31;6 meses o más pendientes de resolución de PIA;2882
Islas Baleares;2024-08-31;Personas beneficiarias con derecho a prestación pendientes de resolución de PIA;4258
Islas Baleares;2024-08-31;Menos de 6 meses pendientes de resolución de PIA;1340
Islas Baleares;2024-08-31;6 meses o más pendientes de resolución de PIA;2917
Islas Baleares;2024-09-30;Personas beneficiarias con derecho a prestación pendientes de resolución de PIA;3754
Islas Baleares;2024-09-30;Menos de 6 meses pendientes de resolución de PIA;1151
Islas Baleares;2024-09-30;6 meses o más pendientes de resolución de PIA;2602
Islas Baleares;2024-10-31;Personas beneficiarias con derecho a prestación pendientes de resolución de PIA;3764
Islas Baleares;2024-10-31;Menos de 6 meses pendientes de resolución de PIA;1185
Islas Baleares;2024-10-31;6 meses o más pendientes de resolución de PIA;2578
Islas Baleares;2024-11-30;Personas beneficiarias con derecho a prestación pendientes de resolución de PIA;3704
Islas Baleares;2024-11-30;Menos de 6 meses pendientes de resolución de PIA;1109
Islas Baleares;2024-11-30;6 meses o más pendientes de resolución de PIA;2594
Islas Baleares;2024-12-31;Personas beneficiarias con derecho a prestación pendientes de resolución de PIA;3750
Islas Baleares;2024-12-31;Menos de 6 meses pendientes de resolución de PIA;1000
Islas Baleares;2024-12-31;6 meses o más pendientes de resolución de PIA;2749
Islas Baleares;2025-01-31;Personas beneficiarias con derecho a prestación pendientes de resolución de PIA;3569
Islas Baleares;2025-01-31;Menos de 6 meses pendientes de resolución de PIA;837
Islas Baleares;2025-01-31;6 meses o más pendientes de resolución de PIA;2731
Islas Baleares;2025-02-28;Personas beneficiarias con derecho a prestación pendientes de resolución de PIA;3652
Islas Baleares;2025-02-28;Menos de 6 meses pendientes de resolución de PIA;1053
Islas Baleares;2025-02-28;6 meses o más pendientes de resolución de PIA;2597
Islas Baleares;2025-03-31;Personas beneficiarias con derecho a prestación pendientes de resolución de PIA;3686
Islas Baleares;2025-03-31;Menos de 6 meses pendientes de resolución de PIA;800
Islas Baleares;2025-03-31;6 meses o más pendientes de resolución de PIA;2884
Islas Baleares;2025-04-30;Personas beneficiarias con derecho a prestación pendientes de resolución de PIA;3637
Islas Baleares;2025-04-30;Menos de 6 meses pendientes de resolución de PIA;412
Islas Baleares;2025-04-30;6 meses o más pendientes de resolución de PIA;3223
Islas Baleares;2025-05-31;Personas beneficiarias con derecho a prestación pendientes de resolución de PIA;3585
Islas Baleares;2025-05-31;Menos de 6 meses pendientes de resolución de PIA;183
Islas Baleares;2025-05-31;6 meses o más pendientes de resolución de PIA;3400
Islas Baleares;2025-06-30;Personas beneficiarias con derecho a prestación pendientes de resolución de PIA;3330
Islas Baleares;2025-06-30;Menos de 6 meses pendientes de resolución de PIA;999
Islas Baleares;2025-06-30;6 meses o más pendientes de resolución de PIA;2330
Islas Baleares;2025-07-31;Personas beneficiarias con derecho a prestación pendientes de resolución de PIA;3388
Islas Baleares;2025-07-31;Menos de 6 meses pendientes de resolución de PIA;1063
Islas Baleares;2025-07-31;6 meses o más pendientes de resolución de PIA;2323
Islas Baleares;2025-08-31;Personas beneficiarias con derecho a prestación pendientes de resolución de PIA;3645
Islas Baleares;2025-08-31;Menos de 6 meses pendientes de resolución de PIA;1300
Islas Baleares;2025-08-31;6 meses o más pendientes de resolución de PIA;2344
Islas Baleares;2025-09-30;Personas beneficiarias con derecho a prestación pendientes de resolución de PIA;3576
Islas Baleares;2025-09-30;Menos de 6 meses pendientes de resolución de PIA;1243
Islas Baleares;2025-09-30;6 meses o más pendientes de resolución de PIA;2331
Islas Baleares;2025-10-31;Personas beneficiarias con derecho a prestación pendientes de resolución de PIA;3768
Islas Baleares;2025-10-31;Menos de 6 meses pendientes de resolución de PIA;1398
Islas Baleares;2025-10-31;6 meses o más pendientes de resolución de PIA;2366
Islas Baleares;2025-11-30;Personas beneficiarias con derecho a prestación pendientes de resolución de PIA;3748
Islas Baleares;2025-11-30;Menos de 6 meses pendientes de resolución de PIA;1386
Islas Baleares;2025-11-30;6 meses o más pendientes de resolución de PIA;2358
Islas Baleares;2025-12-31;Personas beneficiarias con derecho a prestación pendientes de resolución de PIA;3846
Islas Baleares;2025-12-31;Menos de 6 meses pendientes de resolución de PIA;1389
Islas Baleares;2025-12-31;6 meses o más pendientes de resolución de PIA;2454
Islas Baleares;2026-01-31;Personas beneficiarias con derecho a prestación pendientes de resolución de PIA;3741
Islas Baleares;2026-01-31;Menos de 6 meses pendientes de resolución de PIA;1199
Islas Baleares;2026-01-31;6 meses o más pendientes de resolución de PIA;2540
Canarias;2023-01-31;Personas beneficiarias con derecho a prestación pendientes de resolución de PIA;6687
Canarias;2023-01-31;Menos de 6 meses pendientes de resolución de PIA;88
Canarias;2023-01-31;6 meses o más pendientes de resolución de PIA;6597
Canarias;2023-02-28;Personas beneficiarias con derecho a prestación pendientes de resolución de PIA;6484
Canarias;2023-02-28;Menos de 6 meses pendientes de resolución de PIA;90
Canarias;2023-02-28;6 meses o más pendientes de resolución de PIA;6392
Canarias;2023-03-31;Personas beneficiarias con derecho a prestación pendientes de resolución de PIA;6162
Canarias;2023-03-31;Menos de 6 meses pendientes de resolución de PIA;97
Canarias;2023-03-31;6 meses o más pendientes de resolución de PIA;6063
Canarias;2023-04-30;Personas beneficiarias con derecho a prestación pendientes de resolución de PIA;5938
Canarias;2023-04-30;Menos de 6 meses pendientes de resolución de PIA;118
Canarias;2023-04-30;6 meses o más pendientes de resolución de PIA;5817
Canarias;2023-05-31;Personas beneficiarias con derecho a prestación pendientes de resolución de PIA;5732
Canarias;2023-05-31;Menos de 6 meses pendientes de resolución de PIA;98
Canarias;2023-05-31;6 meses o más pendientes de resolución de PIA;5631
Canarias;2023-06-30;Personas beneficiarias con derecho a prestación pendientes de resolución de PIA;5698
Canarias;2023-06-30;Menos de 6 meses pendientes de resolución de PIA;102
Canarias;2023-06-30;6 meses o más pendientes de resolución de PIA;5593
Canarias;2023-07-31;Personas beneficiarias con derecho a prestación pendientes de resolución de PIA;5549
Canarias;2023-07-31;Menos de 6 meses pendientes de resolución de PIA;88
Canarias;2023-07-31;6 meses o más pendientes de resolución de PIA;5458
Canarias;2023-08-31;Personas beneficiarias con derecho a prestación pendientes de resolución de PIA;5928
Canarias;2023-08-31;Menos de 6 meses pendientes de resolución de PIA;79
Canarias;2023-08-31;6 meses o más pendientes de resolución de PIA;5846
Canarias;2023-09-30;Personas beneficiarias con derecho a prestación pendientes de resolución de PIA;5863
Canarias;2023-09-30;Menos de 6 meses pendientes de resolución de PIA;92
Canarias;2023-09-30;6 meses o más pendientes de resolución de PIA;5768
Canarias;2023-10-31;Personas beneficiarias con derecho a prestación pendientes de resolución de PIA;5791
Canarias;2023-10-31;Menos de 6 meses pendientes de resolución de PIA;72
Canarias;2023-10-31;6 meses o más pendientes de resolución de PIA;5715
Canarias;2023-11-30;Personas beneficiarias con derecho a prestación pendientes de resolución de PIA;5747
Canarias;2023-11-30;Menos de 6 meses pendientes de resolución de PIA;67
Canarias;2023-11-30;6 meses o más pendientes de resolución de PIA;5677
Canarias;2023-12-31;Personas beneficiarias con derecho a prestación pendientes de resolución de PIA;5826
Canarias;2023-12-31;Menos de 6 meses pendientes de resolución de PIA;67
Canarias;2023-12-31;6 meses o más pendientes de resolución de PIA;5756
Canarias;2024-01-31;Personas beneficiarias con derecho a prestación pendientes de resolución de PIA;5879
Canarias;2024-01-31;Menos de 6 meses pendientes de resolución de PIA;131
Canarias;2024-01-31;6 meses o más pendientes de resolución de PIA;5744
Canarias;2024-02-29;Personas beneficiarias con derecho a prestación pendientes de resolución de PIA;5871
Canarias;2024-02-29;Menos de 6 meses pendientes de resolución de PIA;120
Canarias;2024-02-29;6 meses o más pendientes de resolución de PIA;5747
Canarias;2024-03-31;Personas beneficiarias con derecho a prestación pendientes de resolución de PIA;7079
Canarias;2024-03-31;Menos de 6 meses pendientes de resolución de PIA;162
Canarias;2024-03-31;6 meses o más pendientes de resolución de PIA;6913
Canarias;2024-04-30;Personas beneficiarias con derecho a prestación pendientes de resolución de PIA;6561
Canarias;2024-04-30;Menos de 6 meses pendientes de resolución de PIA;168
Canarias;2024-04-30;6 meses o más pendientes de resolución de PIA;6389
Canarias;2024-05-31;Personas beneficiarias con derecho a prestación pendientes de resolución de PIA;6449
Canarias;2024-05-31;Menos de 6 meses pendientes de resolución de PIA;182
Canarias;2024-05-31;6 meses o más pendientes de resolución de PIA;6264
Canarias;2024-06-30;Personas beneficiarias con derecho a prestación pendientes de resolución de PIA;6033
Canarias;2024-06-30;Menos de 6 meses pendientes de resolución de PIA;275
Canarias;2024-06-30;6 meses o más pendientes de resolución de PIA;5755
Canarias;2024-07-31;Personas beneficiarias con derecho a prestación pendientes de resolución de PIA;6457
Canarias;2024-07-31;Menos de 6 meses pendientes de resolución de PIA;365
Canarias;2024-07-31;6 meses o más pendientes de resolución de PIA;6087
Canarias;2024-08-31;Personas beneficiarias con derecho a prestación pendientes de resolución de PIA;6555
Canarias;2024-08-31;Menos de 6 meses pendientes de resolución de PIA;349
Canarias;2024-08-31;6 meses o más pendientes de resolución de PIA;6201
Canarias;2024-09-30;Personas beneficiarias con derecho a prestación pendientes de resolución de PIA;6497
Canarias;2024-09-30;Menos de 6 meses pendientes de resolución de PIA;315
Canarias;2024-09-30;6 meses o más pendientes de resolución de PIA;6177
Canarias;2024-10-31;Personas beneficiarias con derecho a prestación pendientes de resolución de PIA;7319
Canarias;2024-10-31;Menos de 6 meses pendientes de resolución de PIA;492
Canarias;2024-10-31;6 meses o más pendientes de resolución de PIA;6822
Canarias;2024-11-30;Personas beneficiarias con derecho a prestación pendientes de resolución de PIA;7554
Canarias;2024-11-30;Menos de 6 meses pendientes de resolución de PIA;544
Canarias;2024-11-30;6 meses o más pendientes de resolución de PIA;7005
Canarias;2024-12-31;Personas beneficiarias con derecho a prestación pendientes de resolución de PIA;7478
Canarias;2024-12-31;Menos de 6 meses pendientes de resolución de PIA;557
Canarias;2024-12-31;6 meses o más pendientes de resolución de PIA;6915
Canarias;2025-01-31;Personas beneficiarias con derecho a prestación pendientes de resolución de PIA;7796
Canarias;2025-01-31;Menos de 6 meses pendientes de resolución de PIA;573
Canarias;2025-01-31;6 meses o más pendientes de resolución de PIA;7217
Canarias;2025-02-28;Personas beneficiarias con derecho a prestación pendientes de resolución de PIA;10759
Canarias;2025-02-28;Menos de 6 meses pendientes de resolución de PIA;725
Canarias;2025-02-28;6 meses o más pendientes de resolución de PIA;10029
Canarias;2025-03-31;Personas beneficiarias con derecho a prestación pendientes de resolución de PIA;11799
Canarias;2025-03-31;Menos de 6 meses pendientes de resolución de PIA;654
Canarias;2025-03-31;6 meses o más pendientes de resolución de PIA;11141
Canarias;2025-04-30;Personas beneficiarias con derecho a prestación pendientes de resolución de PIA;12893
Canarias;2025-04-30;Menos de 6 meses pendientes de resolución de PIA;679
Canarias;2025-04-30;6 meses o más pendientes de resolución de PIA;12209
Canarias;2025-05-31;Personas beneficiarias con derecho a prestación pendientes de resolución de PIA;13922
Canarias;2025-05-31;Menos de 6 meses pendientes de resolución de PIA;812
Canarias;2025-05-31;6 meses o más pendientes de resolución de PIA;13033
Canarias;2025-06-30;Personas beneficiarias con derecho a prestación pendientes de resolución de PIA;13350
Canarias;2025-06-30;Menos de 6 meses pendientes de resolución de PIA;857
Canarias;2025-06-30;6 meses o más pendientes de resolución de PIA;12418
Canarias;2025-07-31;Personas beneficiarias con derecho a prestación pendientes de resolución de PIA;11346
Canarias;2025-07-31;Menos de 6 meses pendientes de resolución de PIA;420
Canarias;2025-07-31;6 meses o más pendientes de resolución de PIA;10852
Canarias;2025-08-31;Personas beneficiarias con derecho a prestación pendientes de resolución de PIA;8901
Canarias;2025-08-31;Menos de 6 meses pendientes de resolución de PIA;116
Canarias;2025-08-31;6 meses o más pendientes de resolución de PIA;8712
Canarias;2025-09-30;Personas beneficiarias con derecho a prestación pendientes de resolución de PIA;6386
Canarias;2025-09-30;Menos de 6 meses pendientes de resolución de PIA;99
Canarias;2025-09-30;6 meses o más pendientes de resolución de PIA;6218
Canarias;2025-10-31;Personas beneficiarias con derecho a prestación pendientes de resolución de PIA;4637
Canarias;2025-10-31;Menos de 6 meses pendientes de resolución de PIA;54
Canarias;2025-10-31;6 meses o más pendientes de resolución de PIA;4519
Canarias;2025-11-30;Personas beneficiarias con derecho a prestación pendientes de resolución de PIA;3371
Canarias;2025-11-30;Menos de 6 meses pendientes de resolución de PIA;80
Canarias;2025-11-30;6 meses o más pendientes de resolución de PIA;3239
Canarias;2025-12-31;Personas beneficiarias con derecho a prestación pendientes de resolución de PIA;2427
Canarias;2025-12-31;Menos de 6 meses pendientes de resolución de PIA;90
Canarias;2025-12-31;6 meses o más pendientes de resolución de PIA;2289
Canarias;2026-01-31;Personas beneficiarias con derecho a prestación pendientes de resolución de PIA;2151
Canarias;2026-01-31;Menos de 6 meses pendientes de resolución de PIA;245
Canarias;2026-01-31;6 meses o más pendientes de resolución de PIA;1860
Cantabria;2023-01-31;Personas beneficiarias con derecho a prestación pendientes de resolución de PIA;740
Cantabria;2023-01-31;Menos de 6 meses pendientes de resolución de PIA;358
Cantabria;2023-01-31;6 meses o más pendientes de resolución de PIA;349
Cantabria;2023-02-28;Personas beneficiarias con derecho a prestación pendientes de resolución de PIA;844
Cantabria;2023-02-28;Menos de 6 meses pendientes de resolución de PIA;445
Cantabria;2023-02-28;6 meses o más pendientes de resolución de PIA;361
Cantabria;2023-03-31;Personas beneficiarias con derecho a prestación pendientes de resolución de PIA;822
Cantabria;2023-03-31;Menos de 6 meses pendientes de resolución de PIA;375
Cantabria;2023-03-31;6 meses o más pendientes de resolución de PIA;411
Cantabria;2023-04-30;Personas beneficiarias con derecho a prestación pendientes de resolución de PIA;838
Cantabria;2023-04-30;Menos de 6 meses pendientes de resolución de PIA;346
Cantabria;2023-04-30;6 meses o más pendientes de resolución de PIA;457
Cantabria;2023-05-31;Personas beneficiarias con derecho a prestación pendientes de resolución de PIA;862
Cantabria;2023-05-31;Menos de 6 meses pendientes de resolución de PIA;300
Cantabria;2023-05-31;6 meses o más pendientes de resolución de PIA;527
Cantabria;2023-06-30;Personas beneficiarias con derecho a prestación pendientes de resolución de PIA;964
Cantabria;2023-06-30;Menos de 6 meses pendientes de resolución de PIA;328
Cantabria;2023-06-30;6 meses o más pendientes de resolución de PIA;603
Cantabria;2023-07-31;Personas beneficiarias con derecho a prestación pendientes de resolución de PIA;1065
Cantabria;2023-07-31;Menos de 6 meses pendientes de resolución de PIA;338
Cantabria;2023-07-31;6 meses o más pendientes de resolución de PIA;693
Cantabria;2023-08-31;Personas beneficiarias con derecho a prestación pendientes de resolución de PIA;1172
Cantabria;2023-08-31;Menos de 6 meses pendientes de resolución de PIA;299
Cantabria;2023-08-31;6 meses o más pendientes de resolución de PIA;839
Cantabria;2023-09-30;Personas beneficiarias con derecho a prestación pendientes de resolución de PIA;1261
Cantabria;2023-09-30;Menos de 6 meses pendientes de resolución de PIA;281
Cantabria;2023-09-30;6 meses o más pendientes de resolución de PIA;946
Cantabria;2023-10-31;Personas beneficiarias con derecho a prestación pendientes de resolución de PIA;1369
Cantabria;2023-10-31;Menos de 6 meses pendientes de resolución de PIA;296
Cantabria;2023-10-31;6 meses o más pendientes de resolución de PIA;1041
Cantabria;2023-11-30;Personas beneficiarias con derecho a prestación pendientes de resolución de PIA;1461
Cantabria;2023-11-30;Menos de 6 meses pendientes de resolución de PIA;272
Cantabria;2023-11-30;6 meses o más pendientes de resolución de PIA;1156
Cantabria;2023-12-31;Personas beneficiarias con derecho a prestación pendientes de resolución de PIA;1583
Cantabria;2023-12-31;Menos de 6 meses pendientes de resolución de PIA;241
Cantabria;2023-12-31;6 meses o más pendientes de resolución de PIA;1309
Cantabria;2024-01-31;Personas beneficiarias con derecho a prestación pendientes de resolución de PIA;1529
Cantabria;2024-01-31;Menos de 6 meses pendientes de resolución de PIA;161
Cantabria;2024-01-31;6 meses o más pendientes de resolución de PIA;1335
Cantabria;2024-02-29;Personas beneficiarias con derecho a prestación pendientes de resolución de PIA;1601
Cantabria;2024-02-29;Menos de 6 meses pendientes de resolución de PIA;187
Cantabria;2024-02-29;6 meses o más pendientes de resolución de PIA;1382
Cantabria;2024-03-31;Personas beneficiarias con derecho a prestación pendientes de resolución de PIA;1813
Cantabria;2024-03-31;Menos de 6 meses pendientes de resolución de PIA;200
Cantabria;2024-03-31;6 meses o más pendientes de resolución de PIA;1581
Cantabria;2024-04-30;Personas beneficiarias con derecho a prestación pendientes de resolución de PIA;1260
Cantabria;2024-04-30;Menos de 6 meses pendientes de resolución de PIA;109
Cantabria;2024-04-30;6 meses o más pendientes de resolución de PIA;1127
Cantabria;2024-05-31;Personas beneficiarias con derecho a prestación pendientes de resolución de PIA;624
Cantabria;2024-05-31;Menos de 6 meses pendientes de resolución de PIA;199
Cantabria;2024-05-31;6 meses o más pendientes de resolución de PIA;421
Cantabria;2024-06-30;Personas beneficiarias con derecho a prestación pendientes de resolución de PIA;649
Cantabria;2024-06-30;Menos de 6 meses pendientes de resolución de PIA;168
Cantabria;2024-06-30;6 meses o más pendientes de resolución de PIA;477
Cantabria;2024-07-31;Personas beneficiarias con derecho a prestación pendientes de resolución de PIA;770
Cantabria;2024-07-31;Menos de 6 meses pendientes de resolución de PIA;240
Cantabria;2024-07-31;6 meses o más pendientes de resolución de PIA;524
Cantabria;2024-08-31;Personas beneficiarias con derecho a prestación pendientes de resolución de PIA;824
Cantabria;2024-08-31;Menos de 6 meses pendientes de resolución de PIA;230
Cantabria;2024-08-31;6 meses o más pendientes de resolución de PIA;588
Cantabria;2024-09-30;Personas beneficiarias con derecho a prestación pendientes de resolución de PIA;826
Cantabria;2024-09-30;Menos de 6 meses pendientes de resolución de PIA;140
Cantabria;2024-09-30;6 meses o más pendientes de resolución de PIA;680
Cantabria;2024-10-31;Personas beneficiarias con derecho a prestación pendientes de resolución de PIA;918
Cantabria;2024-10-31;Menos de 6 meses pendientes de resolución de PIA;207
Cantabria;2024-10-31;6 meses o más pendientes de resolución de PIA;704
Cantabria;2024-11-30;Personas beneficiarias con derecho a prestación pendientes de resolución de PIA;316
Cantabria;2024-11-30;Menos de 6 meses pendientes de resolución de PIA;176
Cantabria;2024-11-30;6 meses o más pendientes de resolución de PIA;139
Cantabria;2024-12-31;Personas beneficiarias con derecho a prestación pendientes de resolución de PIA;376
Cantabria;2024-12-31;Menos de 6 meses pendientes de resolución de PIA;232
Cantabria;2024-12-31;6 meses o más pendientes de resolución de PIA;142
Cantabria;2025-01-31;Personas beneficiarias con derecho a prestación pendientes de resolución de PIA;361
Cantabria;2025-01-31;Menos de 6 meses pendientes de resolución de PIA;189
Cantabria;2025-01-31;6 meses o más pendientes de resolución de PIA;170
Cantabria;2025-02-28;Personas beneficiarias con derecho a prestación pendientes de resolución de PIA;197
Cantabria;2025-02-28;Menos de 6 meses pendientes de resolución de PIA;85
Cantabria;2025-02-28;6 meses o más pendientes de resolución de PIA;111
Cantabria;2025-03-31;Personas beneficiarias con derecho a prestación pendientes de resolución de PIA;205
Cantabria;2025-03-31;Menos de 6 meses pendientes de resolución de PIA;89
Cantabria;2025-03-31;6 meses o más pendientes de resolución de PIA;111
Cantabria;2025-04-30;Personas beneficiarias con derecho a prestación pendientes de resolución de PIA;214
Cantabria;2025-04-30;Menos de 6 meses pendientes de resolución de PIA;122
Cantabria;2025-04-30;6 meses o más pendientes de resolución de PIA;87
Cantabria;2025-05-31;Personas beneficiarias con derecho a prestación pendientes de resolución de PIA;360
Cantabria;2025-05-31;Menos de 6 meses pendientes de resolución de PIA;211
Cantabria;2025-05-31;6 meses o más pendientes de resolución de PIA;144
Cantabria;2025-06-30;Personas beneficiarias con derecho a prestación pendientes de resolución de PIA;478
Cantabria;2025-06-30;Menos de 6 meses pendientes de resolución de PIA;243
Cantabria;2025-06-30;6 meses o más pendientes de resolución de PIA;225
Cantabria;2025-07-31;Personas beneficiarias con derecho a prestación pendientes de resolución de PIA;195
Cantabria;2025-07-31;Menos de 6 meses pendientes de resolución de PIA;149
Cantabria;2025-07-31;6 meses o más pendientes de resolución de PIA;45
Cantabria;2025-08-31;Personas beneficiarias con derecho a prestación pendientes de resolución de PIA;424
Cantabria;2025-08-31;Menos de 6 meses pendientes de resolución de PIA;256
Cantabria;2025-08-31;6 meses o más pendientes de resolución de PIA;161
Cantabria;2025-09-30;Personas beneficiarias con derecho a prestación pendientes de resolución de PIA;273
Cantabria;2025-09-30;Menos de 6 meses pendientes de resolución de PIA;143
Cantabria;2025-09-30;6 meses o más pendientes de resolución de PIA;126
Cantabria;2025-10-31;Personas beneficiarias con derecho a prestación pendientes de resolución de PIA;317
Cantabria;2025-10-31;Menos de 6 meses pendientes de resolución de PIA;257
Cantabria;2025-10-31;6 meses o más pendientes de resolución de PIA;59
Cantabria;2025-11-30;Personas beneficiarias con derecho a prestación pendientes de resolución de PIA;457
Cantabria;2025-11-30;Menos de 6 meses pendientes de resolución de PIA;377
Cantabria;2025-11-30;6 meses o más pendientes de resolución de PIA;78
Cantabria;2025-12-31;Personas beneficiarias con derecho a prestación pendientes de resolución de PIA;425
Cantabria;2025-12-31;Menos de 6 meses pendientes de resolución de PIA;358
Cantabria;2025-12-31;6 meses o más pendientes de resolución de PIA;64
Cantabria;2026-01-31;Personas beneficiarias con derecho a prestación pendientes de resolución de PIA;287
Cantabria;2026-01-31;Menos de 6 meses pendientes de resolución de PIA;230
Cantabria;2026-01-31;6 meses o más pendientes de resolución de PIA;54
Castilla-La Mancha;2023-01-31;Personas beneficiarias con derecho a prestación pendientes de resolución de PIA;3164
Castilla-La Mancha;2023-01-31;Menos de 6 meses pendientes de resolución de PIA;1656
Castilla-La Mancha;2023-01-31;6 meses o más pendientes de resolución de PIA;1489
Castilla-La Mancha;2023-02-28;Personas beneficiarias con derecho a prestación pendientes de resolución de PIA;3627
Castilla-La Mancha;2023-02-28;Menos de 6 meses pendientes de resolución de PIA;1915
Castilla-La Mancha;2023-02-28;6 meses o más pendientes de resolución de PIA;1692
Castilla-La Mancha;2023-03-31;Personas beneficiarias con derecho a prestación pendientes de resolución de PIA;4032
Castilla-La Mancha;2023-03-31;Menos de 6 meses pendientes de resolución de PIA;2085
Castilla-La Mancha;2023-03-31;6 meses o más pendientes de resolución de PIA;1926
Castilla-La Mancha;2023-04-30;Personas beneficiarias con derecho a prestación pendientes de resolución de PIA;4043
Castilla-La Mancha;2023-04-30;Menos de 6 meses pendientes de resolución de PIA;1971
Castilla-La Mancha;2023-04-30;6 meses o más pendientes de resolución de PIA;2049
Castilla-La Mancha;2023-05-31;Personas beneficiarias con derecho a prestación pendientes de resolución de PIA;4362
Castilla-La Mancha;2023-05-31;Menos de 6 meses pendientes de resolución de PIA;2138
Castilla-La Mancha;2023-05-31;6 meses o más pendientes de resolución de PIA;2198
Castilla-La Mancha;2023-06-30;Personas beneficiarias con derecho a prestación pendientes de resolución de PIA;4359
Castilla-La Mancha;2023-06-30;Menos de 6 meses pendientes de resolución de PIA;1934
Castilla-La Mancha;2023-06-30;6 meses o más pendientes de resolución de PIA;2396
Castilla-La Mancha;2023-07-31;Personas beneficiarias con derecho a prestación pendientes de resolución de PIA;4666
Castilla-La Mancha;2023-07-31;Menos de 6 meses pendientes de resolución de PIA;2011
Castilla-La Mancha;2023-07-31;6 meses o más pendientes de resolución de PIA;2629
Castilla-La Mancha;2023-08-31;Personas beneficiarias con derecho a prestación pendientes de resolución de PIA;4115
Castilla-La Mancha;2023-08-31;Menos de 6 meses pendientes de resolución de PIA;1563
Castilla-La Mancha;2023-08-31;6 meses o más pendientes de resolución de PIA;2530
Castilla-La Mancha;2023-09-30;Personas beneficiarias con derecho a prestación pendientes de resolución de PIA;4606
Castilla-La Mancha;2023-09-30;Menos de 6 meses pendientes de resolución de PIA;1767
Castilla-La Mancha;2023-09-30;6 meses o más pendientes de resolución de PIA;2819
Castilla-La Mancha;2023-10-31;Personas beneficiarias con derecho a prestación pendientes de resolución de PIA;4200
Castilla-La Mancha;2023-10-31;Menos de 6 meses pendientes de resolución de PIA;1733
Castilla-La Mancha;2023-10-31;6 meses o más pendientes de resolución de PIA;2447
Castilla-La Mancha;2023-11-30;Personas beneficiarias con derecho a prestación pendientes de resolución de PIA;3513
Castilla-La Mancha;2023-11-30;Menos de 6 meses pendientes de resolución de PIA;1708
Castilla-La Mancha;2023-11-30;6 meses o más pendientes de resolución de PIA;1790
Castilla-La Mancha;2023-12-31;Personas beneficiarias con derecho a prestación pendientes de resolución de PIA;2478
Castilla-La Mancha;2023-12-31;Menos de 6 meses pendientes de resolución de PIA;1254
Castilla-La Mancha;2023-12-31;6 meses o más pendientes de resolución de PIA;1211
Castilla-La Mancha;2024-01-31;Personas beneficiarias con derecho a prestación pendientes de resolución de PIA;3427
Castilla-La Mancha;2024-01-31;Menos de 6 meses pendientes de resolución de PIA;1479
Castilla-La Mancha;2024-01-31;6 meses o más pendientes de resolución de PIA;1930
Castilla-La Mancha;2024-02-29;Personas beneficiarias con derecho a prestación pendientes de resolución de PIA;3236
Castilla-La Mancha;2024-02-29;Menos de 6 meses pendientes de resolución de PIA;1401
Castilla-La Mancha;2024-02-29;6 meses o más pendientes de resolución de PIA;1813
Castilla-La Mancha;2024-03-31;Personas beneficiarias con derecho a prestación pendientes de resolución de PIA;3846
Castilla-La Mancha;2024-03-31;Menos de 6 meses pendientes de resolución de PIA;1535
Castilla-La Mancha;2024-03-31;6 meses o más pendientes de resolución de PIA;2288
Castilla-La Mancha;2024-04-30;Personas beneficiarias con derecho a prestación pendientes de resolución de PIA;3949
Castilla-La Mancha;2024-04-30;Menos de 6 meses pendientes de resolución de PIA;1667
Castilla-La Mancha;2024-04-30;6 meses o más pendientes de resolución de PIA;2258
Castilla-La Mancha;2024-05-31;Personas beneficiarias con derecho a prestación pendientes de resolución de PIA;4070
Castilla-La Mancha;2024-05-31;Menos de 6 meses pendientes de resolución de PIA;1475
Castilla-La Mancha;2024-05-31;6 meses o más pendientes de resolución de PIA;2570
Castilla-La Mancha;2024-06-30;Personas beneficiarias con derecho a prestación pendientes de resolución de PIA;4157
Castilla-La Mancha;2024-06-30;Menos de 6 meses pendientes de resolución de PIA;1726
Castilla-La Mancha;2024-06-30;6 meses o más pendientes de resolución de PIA;2404
Castilla-La Mancha;2024-07-31;Personas beneficiarias con derecho a prestación pendientes de resolución de PIA;4551
Castilla-La Mancha;2024-07-31;Menos de 6 meses pendientes de resolución de PIA;2084
Castilla-La Mancha;2024-07-31;6 meses o más pendientes de resolución de PIA;2443
Castilla-La Mancha;2024-08-31;Personas beneficiarias con derecho a prestación pendientes de resolución de PIA;3916
Castilla-La Mancha;2024-08-31;Menos de 6 meses pendientes de resolución de PIA;1656
Castilla-La Mancha;2024-08-31;6 meses o más pendientes de resolución de PIA;2238
Castilla-La Mancha;2024-09-30;Personas beneficiarias con derecho a prestación pendientes de resolución de PIA;3833
Castilla-La Mancha;2024-09-30;Menos de 6 meses pendientes de resolución de PIA;1672
Castilla-La Mancha;2024-09-30;6 meses o más pendientes de resolución de PIA;2132
Castilla-La Mancha;2024-10-31;Personas beneficiarias con derecho a prestación pendientes de resolución de PIA;3647
Castilla-La Mancha;2024-10-31;Menos de 6 meses pendientes de resolución de PIA;1763
Castilla-La Mancha;2024-10-31;6 meses o más pendientes de resolución de PIA;1856
Castilla-La Mancha;2024-11-30;Personas beneficiarias con derecho a prestación pendientes de resolución de PIA;2900
Castilla-La Mancha;2024-11-30;Menos de 6 meses pendientes de resolución de PIA;1486
Castilla-La Mancha;2024-11-30;6 meses o más pendientes de resolución de PIA;1385
Castilla-La Mancha;2024-12-31;Personas beneficiarias con derecho a prestación pendientes de resolución de PIA;2010
Castilla-La Mancha;2024-12-31;Menos de 6 meses pendientes de resolución de PIA;1063
Castilla-La Mancha;2024-12-31;6 meses o más pendientes de resolución de PIA;929
Castilla-La Mancha;2025-01-31;Personas beneficiarias con derecho a prestación pendientes de resolución de PIA;2364
Castilla-La Mancha;2025-01-31;Menos de 6 meses pendientes de resolución de PIA;1325
Castilla-La Mancha;2025-01-31;6 meses o más pendientes de resolución de PIA;1019
Castilla-La Mancha;2025-02-28;Personas beneficiarias con derecho a prestación pendientes de resolución de PIA;2990
Castilla-La Mancha;2025-02-28;Menos de 6 meses pendientes de resolución de PIA;1796
Castilla-La Mancha;2025-02-28;6 meses o más pendientes de resolución de PIA;1182
Castilla-La Mancha;2025-03-31;Personas beneficiarias con derecho a prestación pendientes de resolución de PIA;3360
Castilla-La Mancha;2025-03-31;Menos de 6 meses pendientes de resolución de PIA;1881
Castilla-La Mancha;2025-03-31;6 meses o más pendientes de resolución de PIA;1471
Castilla-La Mancha;2025-04-30;Personas beneficiarias con derecho a prestación pendientes de resolución de PIA;3847
Castilla-La Mancha;2025-04-30;Menos de 6 meses pendientes de resolución de PIA;2065
Castilla-La Mancha;2025-04-30;6 meses o más pendientes de resolución de PIA;1772
Castilla-La Mancha;2025-05-31;Personas beneficiarias con derecho a prestación pendientes de resolución de PIA;3929
Castilla-La Mancha;2025-05-31;Menos de 6 meses pendientes de resolución de PIA;2031
Castilla-La Mancha;2025-05-31;6 meses o más pendientes de resolución de PIA;1890
Castilla-La Mancha;2025-06-30;Personas beneficiarias con derecho a prestación pendientes de resolución de PIA;3639
Castilla-La Mancha;2025-06-30;Menos de 6 meses pendientes de resolución de PIA;1845
Castilla-La Mancha;2025-06-30;6 meses o más pendientes de resolución de PIA;1776
Castilla-La Mancha;2025-07-31;Personas beneficiarias con derecho a prestación pendientes de resolución de PIA;4033
Castilla-La Mancha;2025-07-31;Menos de 6 meses pendientes de resolución de PIA;2120
Castilla-La Mancha;2025-07-31;6 meses o más pendientes de resolución de PIA;1895
Castilla-La Mancha;2025-08-31;Personas beneficiarias con derecho a prestación pendientes de resolución de PIA;3453
Castilla-La Mancha;2025-08-31;Menos de 6 meses pendientes de resolución de PIA;1797
Castilla-La Mancha;2025-08-31;6 meses o más pendientes de resolución de PIA;1642
Castilla-La Mancha;2025-09-30;Personas beneficiarias con derecho a prestación pendientes de resolución de PIA;3610
Castilla-La Mancha;2025-09-30;Menos de 6 meses pendientes de resolución de PIA;1970
Castilla-La Mancha;2025-09-30;6 meses o más pendientes de resolución de PIA;1626
Castilla-La Mancha;2025-10-31;Personas beneficiarias con derecho a prestación pendientes de resolución de PIA;3595
Castilla-La Mancha;2025-10-31;Menos de 6 meses pendientes de resolución de PIA;1854
Castilla-La Mancha;2025-10-31;6 meses o más pendientes de resolución de PIA;1728
Castilla-La Mancha;2025-11-30;Personas beneficiarias con derecho a prestación pendientes de resolución de PIA;2860
Castilla-La Mancha;2025-11-30;Menos de 6 meses pendientes de resolución de PIA;1559
Castilla-La Mancha;2025-11-30;6 meses o más pendientes de resolución de PIA;1292
Castilla-La Mancha;2025-12-31;Personas beneficiarias con derecho a prestación pendientes de resolución de PIA;1924
Castilla-La Mancha;2025-12-31;Menos de 6 meses pendientes de resolución de PIA;1039
Castilla-La Mancha;2025-12-31;6 meses o más pendientes de resolución de PIA;878
Castilla-La Mancha;2026-01-31;Personas beneficiarias con derecho a prestación pendientes de resolución de PIA;2484
Castilla-La Mancha;2026-01-31;Menos de 6 meses pendientes de resolución de PIA;1174
Castilla-La Mancha;2026-01-31;6 meses o más pendientes de resolución de PIA;1304
Castilla y León;2023-01-31;Personas beneficiarias con derecho a prestación pendientes de resolución de PIA;207
Castilla y León;2023-01-31;Menos de 6 meses pendientes de resolución de PIA;142
Castilla y León;2023-01-31;6 meses o más pendientes de resolución de PIA;56
Castilla y León;2023-02-28;Personas beneficiarias con derecho a prestación pendientes de resolución de PIA;173
Castilla y León;2023-02-28;Menos de 6 meses pendientes de resolución de PIA;125
Castilla y León;2023-02-28;6 meses o más pendientes de resolución de PIA;40
Castilla y León;2023-03-31;Personas beneficiarias con derecho a prestación pendientes de resolución de PIA;159
Castilla y León;2023-03-31;Menos de 6 meses pendientes de resolución de PIA;118
Castilla y León;2023-03-31;6 meses o más pendientes de resolución de PIA;36
Castilla y León;2023-04-30;Personas beneficiarias con derecho a prestación pendientes de resolución de PIA;169
Castilla y León;2023-04-30;Menos de 6 meses pendientes de resolución de PIA;125
Castilla y León;2023-04-30;6 meses o más pendientes de resolución de PIA;34
Castilla y León;2023-05-31;Personas beneficiarias con derecho a prestación pendientes de resolución de PIA;145
Castilla y León;2023-05-31;Menos de 6 meses pendientes de resolución de PIA;107
Castilla y León;2023-05-31;6 meses o más pendientes de resolución de PIA;31
Castilla y León;2023-06-30;Personas beneficiarias con derecho a prestación pendientes de resolución de PIA;158
Castilla y León;2023-06-30;Menos de 6 meses pendientes de resolución de PIA;116
Castilla y León;2023-06-30;6 meses o más pendientes de resolución de PIA;33
Castilla y León;2023-07-31;Personas beneficiarias con derecho a prestación pendientes de resolución de PIA;163
Castilla y León;2023-07-31;Menos de 6 meses pendientes de resolución de PIA;102
Castilla y León;2023-07-31;6 meses o más pendientes de resolución de PIA;48
Castilla y León;2023-08-31;Personas beneficiarias con derecho a prestación pendientes de resolución de PIA;145
Castilla y León;2023-08-31;Menos de 6 meses pendientes de resolución de PIA;105
Castilla y León;2023-08-31;6 meses o más pendientes de resolución de PIA;25
Castilla y León;2023-09-30;Personas beneficiarias con derecho a prestación pendientes de resolución de PIA;168
Castilla y León;2023-09-30;Menos de 6 meses pendientes de resolución de PIA;123
Castilla y León;2023-09-30;6 meses o más pendientes de resolución de PIA;25
Castilla y León;2023-10-31;Personas beneficiarias con derecho a prestación pendientes de resolución de PIA;152
Castilla y León;2023-10-31;Menos de 6 meses pendientes de resolución de PIA;116
Castilla y León;2023-10-31;6 meses o más pendientes de resolución de PIA;22
Castilla y León;2023-11-30;Personas beneficiarias con derecho a prestación pendientes de resolución de PIA;175
Castilla y León;2023-11-30;Menos de 6 meses pendientes de resolución de PIA;144
Castilla y León;2023-11-30;6 meses o más pendientes de resolución de PIA;16
Castilla y León;2023-12-31;Personas beneficiarias con derecho a prestación pendientes de resolución de PIA;157
Castilla y León;2023-12-31;Menos de 6 meses pendientes de resolución de PIA;131
Castilla y León;2023-12-31;6 meses o más pendientes de resolución de PIA;13
Castilla y León;2024-01-31;Personas beneficiarias con derecho a prestación pendientes de resolución de PIA;189
Castilla y León;2024-01-31;Menos de 6 meses pendientes de resolución de PIA;154
Castilla y León;2024-01-31;6 meses o más pendientes de resolución de PIA;23
Castilla y León;2024-02-29;Personas beneficiarias con derecho a prestación pendientes de resolución de PIA;169
Castilla y León;2024-02-29;Menos de 6 meses pendientes de resolución de PIA;135
Castilla y León;2024-02-29;6 meses o más pendientes de resolución de PIA;24
Castilla y León;2024-03-31;Personas beneficiarias con derecho a prestación pendientes de resolución de PIA;166
Castilla y León;2024-03-31;Menos de 6 meses pendientes de resolución de PIA;130
Castilla y León;2024-03-31;6 meses o más pendientes de resolución de PIA;24
Castilla y León;2024-04-30;Personas beneficiarias con derecho a prestación pendientes de resolución de PIA;161
Castilla y León;2024-04-30;Menos de 6 meses pendientes de resolución de PIA;127
Castilla y León;2024-04-30;6 meses o más pendientes de resolución de PIA;20
Castilla y León;2024-05-31;Personas beneficiarias con derecho a prestación pendientes de resolución de PIA;141
Castilla y León;2024-05-31;Menos de 6 meses pendientes de resolución de PIA;116
Castilla y León;2024-05-31;6 meses o más pendientes de resolución de PIA;17
Castilla y León;2024-06-30;Personas beneficiarias con derecho a prestación pendientes de resolución de PIA;158
Castilla y León;2024-06-30;Menos de 6 meses pendientes de resolución de PIA;124
Castilla y León;2024-06-30;6 meses o más pendientes de resolución de PIA;27
Castilla y León;2024-07-31;Personas beneficiarias con derecho a prestación pendientes de resolución de PIA;148
Castilla y León;2024-07-31;Menos de 6 meses pendientes de resolución de PIA;106
Castilla y León;2024-07-31;6 meses o más pendientes de resolución de PIA;38
Castilla y León;2024-08-31;Personas beneficiarias con derecho a prestación pendientes de resolución de PIA;130
Castilla y León;2024-08-31;Menos de 6 meses pendientes de resolución de PIA;76
Castilla y León;2024-08-31;6 meses o más pendientes de resolución de PIA;49
Castilla y León;2024-09-30;Personas beneficiarias con derecho a prestación pendientes de resolución de PIA;138
Castilla y León;2024-09-30;Menos de 6 meses pendientes de resolución de PIA;80
Castilla y León;2024-09-30;6 meses o más pendientes de resolución de PIA;54
Castilla y León;2024-10-31;Personas beneficiarias con derecho a prestación pendientes de resolución de PIA;164
Castilla y León;2024-10-31;Menos de 6 meses pendientes de resolución de PIA;109
Castilla y León;2024-10-31;6 meses o más pendientes de resolución de PIA;50
Castilla y León;2024-11-30;Personas beneficiarias con derecho a prestación pendientes de resolución de PIA;172
Castilla y León;2024-11-30;Menos de 6 meses pendientes de resolución de PIA;111
Castilla y León;2024-11-30;6 meses o más pendientes de resolución de PIA;50
Castilla y León;2024-12-31;Personas beneficiarias con derecho a prestación pendientes de resolución de PIA;151
Castilla y León;2024-12-31;Menos de 6 meses pendientes de resolución de PIA;95
Castilla y León;2024-12-31;6 meses o más pendientes de resolución de PIA;4
Castilla y León;2025-01-31;Personas beneficiarias con derecho a prestación pendientes de resolución de PIA;180
Castilla y León;2025-01-31;Menos de 6 meses pendientes de resolución de PIA;123
Castilla y León;2025-01-31;6 meses o más pendientes de resolución de PIA;12
Castilla y León;2025-02-28;Personas beneficiarias con derecho a prestación pendientes de resolución de PIA;152
Castilla y León;2025-02-28;Menos de 6 meses pendientes de resolución de PIA;123
Castilla y León;2025-02-28;6 meses o más pendientes de resolución de PIA;12
Castilla y León;2025-03-31;Personas beneficiarias con derecho a prestación pendientes de resolución de PIA;158
Castilla y León;2025-03-31;Menos de 6 meses pendientes de resolución de PIA;117
Castilla y León;2025-03-31;6 meses o más pendientes de resolución de PIA;24
Castilla y León;2025-04-30;Personas beneficiarias con derecho a prestación pendientes de resolución de PIA;160
Castilla y León;2025-04-30;Menos de 6 meses pendientes de resolución de PIA;111
Castilla y León;2025-04-30;6 meses o más pendientes de resolución de PIA;33
Castilla y León;2025-05-31;Personas beneficiarias con derecho a prestación pendientes de resolución de PIA;160
Castilla y León;2025-05-31;Menos de 6 meses pendientes de resolución de PIA;112
Castilla y León;2025-05-31;6 meses o más pendientes de resolución de PIA;1
Castilla y León;2025-06-30;Personas beneficiarias con derecho a prestación pendientes de resolución de PIA;158
Castilla y León;2025-06-30;Menos de 6 meses pendientes de resolución de PIA;112
Castilla y León;2025-06-30;6 meses o más pendientes de resolución de PIA;14
Castilla y León;2025-07-31;Personas beneficiarias con derecho a prestación pendientes de resolución de PIA;153
Castilla y León;2025-07-31;Menos de 6 meses pendientes de resolución de PIA;108
Castilla y León;2025-07-31;6 meses o más pendientes de resolución de PIA;14
Castilla y León;2025-08-31;Personas beneficiarias con derecho a prestación pendientes de resolución de PIA;167
Castilla y León;2025-08-31;Menos de 6 meses pendientes de resolución de PIA;110
Castilla y León;2025-08-31;6 meses o más pendientes de resolución de PIA;0
Castilla y León;2025-09-30;Personas beneficiarias con derecho a prestación pendientes de resolución de PIA;202
Castilla y León;2025-09-30;Menos de 6 meses pendientes de resolución de PIA;151
Castilla y León;2025-09-30;6 meses o más pendientes de resolución de PIA;4
Castilla y León;2025-10-31;Personas beneficiarias con derecho a prestación pendientes de resolución de PIA;209
Castilla y León;2025-10-31;Menos de 6 meses pendientes de resolución de PIA;156
Castilla y León;2025-10-31;6 meses o más pendientes de resolución de PIA;19
Castilla y León;2025-11-30;Personas beneficiarias con derecho a prestación pendientes de resolución de PIA;174
Castilla y León;2025-11-30;Menos de 6 meses pendientes de resolución de PIA;142
Castilla y León;2025-11-30;6 meses o más pendientes de resolución de PIA;2
Castilla y León;2025-12-31;Personas beneficiarias con derecho a prestación pendientes de resolución de PIA;151
Castilla y León;2025-12-31;Menos de 6 meses pendientes de resolución de PIA;120
Castilla y León;2025-12-31;6 meses o más pendientes de resolución de PIA;0
Castilla y León;2026-01-31;Personas beneficiarias con derecho a prestación pendientes de resolución de PIA;156
Castilla y León;2026-01-31;Menos de 6 meses pendientes de resolución de PIA;121
Castilla y León;2026-01-31;6 meses o más pendientes de resolución de PIA;6
Cataluña;2023-01-31;Personas beneficiarias con derecho a prestación pendientes de resolución de PIA;69139
Cataluña;2023-01-31;Menos de 6 meses pendientes de resolución de PIA;4574
Cataluña;2023-01-31;6 meses o más pendientes de resolución de PIA;64553
Cataluña;2023-02-28;Personas beneficiarias con derecho a prestación pendientes de resolución de PIA;69872
Cataluña;2023-02-28;Menos de 6 meses pendientes de resolución de PIA;4659
Cataluña;2023-02-28;6 meses o más pendientes de resolución de PIA;65203
Cataluña;2023-03-31;Personas beneficiarias con derecho a prestación pendientes de resolución de PIA;69980
Cataluña;2023-03-31;Menos de 6 meses pendientes de resolución de PIA;6311
Cataluña;2023-03-31;6 meses o más pendientes de resolución de PIA;63660
Cataluña;2023-04-30;Personas beneficiarias con derecho a prestación pendientes de resolución de PIA;69443
Cataluña;2023-04-30;Menos de 6 meses pendientes de resolución de PIA;5739
Cataluña;2023-04-30;6 meses o más pendientes de resolución de PIA;63695
Cataluña;2023-05-31;Personas beneficiarias con derecho a prestación pendientes de resolución de PIA;68977
Cataluña;2023-05-31;Menos de 6 meses pendientes de resolución de PIA;5497
Cataluña;2023-05-31;6 meses o más pendientes de resolución de PIA;63472
Cataluña;2023-06-30;Personas beneficiarias con derecho a prestación pendientes de resolución de PIA;69198
Cataluña;2023-06-30;Menos de 6 meses pendientes de resolución de PIA;6692
Cataluña;2023-06-30;6 meses o más pendientes de resolución de PIA;62497
Cataluña;2023-07-31;Personas beneficiarias con derecho a prestación pendientes de resolución de PIA;70419
Cataluña;2023-07-31;Menos de 6 meses pendientes de resolución de PIA;7217
Cataluña;2023-07-31;6 meses o más pendientes de resolución de PIA;63194
Cataluña;2023-08-31;Personas beneficiarias con derecho a prestación pendientes de resolución de PIA;68074
Cataluña;2023-08-31;Menos de 6 meses pendientes de resolución de PIA;4608
Cataluña;2023-08-31;6 meses o más pendientes de resolución de PIA;63459
Cataluña;2023-09-30;Personas beneficiarias con derecho a prestación pendientes de resolución de PIA;70430
Cataluña;2023-09-30;Menos de 6 meses pendientes de resolución de PIA;4645
Cataluña;2023-09-30;6 meses o más pendientes de resolución de PIA;65779
Cataluña;2023-10-31;Personas beneficiarias con derecho a prestación pendientes de resolución de PIA;72010
Cataluña;2023-10-31;Menos de 6 meses pendientes de resolución de PIA;5422
Cataluña;2023-10-31;6 meses o más pendientes de resolución de PIA;66583
Cataluña;2023-11-30;Personas beneficiarias con derecho a prestación pendientes de resolución de PIA;45789
Cataluña;2023-11-30;Menos de 6 meses pendientes de resolución de PIA;4785
Cataluña;2023-11-30;6 meses o más pendientes de resolución de PIA;40997
Cataluña;2023-12-31;Personas beneficiarias con derecho a prestación pendientes de resolución de PIA;48470
Cataluña;2023-12-31;Menos de 6 meses pendientes de resolución de PIA;5008
Cataluña;2023-12-31;6 meses o más pendientes de resolución de PIA;43455
Cataluña;2024-01-31;Personas beneficiarias con derecho a prestación pendientes de resolución de PIA;47109
Cataluña;2024-01-31;Menos de 6 meses pendientes de resolución de PIA;3623
Cataluña;2024-01-31;6 meses o más pendientes de resolución de PIA;43481
Cataluña;2024-02-29;Personas beneficiarias con derecho a prestación pendientes de resolución de PIA;47622
Cataluña;2024-02-29;Menos de 6 meses pendientes de resolución de PIA;4886
Cataluña;2024-02-29;6 meses o más pendientes de resolución de PIA;42726
Cataluña;2024-03-31;Personas beneficiarias con derecho a prestación pendientes de resolución de PIA;48030
Cataluña;2024-03-31;Menos de 6 meses pendientes de resolución de PIA;6434
Cataluña;2024-03-31;6 meses o más pendientes de resolución de PIA;41586
Cataluña;2024-04-30;Personas beneficiarias con derecho a prestación pendientes de resolución de PIA;46508
Cataluña;2024-04-30;Menos de 6 meses pendientes de resolución de PIA;6166
Cataluña;2024-04-30;6 meses o más pendientes de resolución de PIA;40329
Cataluña;2024-05-31;Personas beneficiarias con derecho a prestación pendientes de resolución de PIA;44869
Cataluña;2024-05-31;Menos de 6 meses pendientes de resolución de PIA;5242
Cataluña;2024-05-31;6 meses o más pendientes de resolución de PIA;39615
Cataluña;2024-06-30;Personas beneficiarias con derecho a prestación pendientes de resolución de PIA;44260
Cataluña;2024-06-30;Menos de 6 meses pendientes de resolución de PIA;6316
Cataluña;2024-06-30;6 meses o más pendientes de resolución de PIA;37932
Cataluña;2024-07-31;Personas beneficiarias con derecho a prestación pendientes de resolución de PIA;42790
Cataluña;2024-07-31;Menos de 6 meses pendientes de resolución de PIA;5778
Cataluña;2024-07-31;6 meses o más pendientes de resolución de PIA;36997
Cataluña;2024-08-31;Personas beneficiarias con derecho a prestación pendientes de resolución de PIA;41485
Cataluña;2024-08-31;Menos de 6 meses pendientes de resolución de PIA;4397
Cataluña;2024-08-31;6 meses o más pendientes de resolución de PIA;37073
Cataluña;2024-09-30;Personas beneficiarias con derecho a prestación pendientes de resolución de PIA;39915
Cataluña;2024-09-30;Menos de 6 meses pendientes de resolución de PIA;3553
Cataluña;2024-09-30;6 meses o más pendientes de resolución de PIA;36346
Cataluña;2024-10-31;Personas beneficiarias con derecho a prestación pendientes de resolución de PIA;39287
Cataluña;2024-10-31;Menos de 6 meses pendientes de resolución de PIA;3596
Cataluña;2024-10-31;6 meses o más pendientes de resolución de PIA;35673
Cataluña;2024-11-30;Personas beneficiarias con derecho a prestación pendientes de resolución de PIA;39714
Cataluña;2024-11-30;Menos de 6 meses pendientes de resolución de PIA;3539
Cataluña;2024-11-30;6 meses o más pendientes de resolución de PIA;36153
Cataluña;2024-12-31;Personas beneficiarias con derecho a prestación pendientes de resolución de PIA;39755
Cataluña;2024-12-31;Menos de 6 meses pendientes de resolución de PIA;3787
Cataluña;2024-12-31;6 meses o más pendientes de resolución de PIA;35947
Cataluña;2025-01-31;Personas beneficiarias con derecho a prestación pendientes de resolución de PIA;38072
Cataluña;2025-01-31;Menos de 6 meses pendientes de resolución de PIA;2603
Cataluña;2025-01-31;6 meses o más pendientes de resolución de PIA;35449
Cataluña;2025-02-28;Personas beneficiarias con derecho a prestación pendientes de resolución de PIA;39332
Cataluña;2025-02-28;Menos de 6 meses pendientes de resolución de PIA;4036
Cataluña;2025-02-28;6 meses o más pendientes de resolución de PIA;35275
Cataluña;2025-03-31;Personas beneficiarias con derecho a prestación pendientes de resolución de PIA;40652
Cataluña;2025-03-31;Menos de 6 meses pendientes de resolución de PIA;4863
Cataluña;2025-03-31;6 meses o más pendientes de resolución de PIA;35764
Cataluña;2025-04-30;Personas beneficiarias con derecho a prestación pendientes de resolución de PIA;39591
Cataluña;2025-04-30;Menos de 6 meses pendientes de resolución de PIA;4145
Cataluña;2025-04-30;6 meses o más pendientes de resolución de PIA;35423
Cataluña;2025-05-31;Personas beneficiarias con derecho a prestación pendientes de resolución de PIA;40105
Cataluña;2025-05-31;Menos de 6 meses pendientes de resolución de PIA;4061
Cataluña;2025-05-31;6 meses o más pendientes de resolución de PIA;36019
Cataluña;2025-06-30;Personas beneficiarias con derecho a prestación pendientes de resolución de PIA;40354
Cataluña;2025-06-30;Menos de 6 meses pendientes de resolución de PIA;4023
Cataluña;2025-06-30;6 meses o más pendientes de resolución de PIA;36306
Cataluña;2025-07-31;Personas beneficiarias con derecho a prestación pendientes de resolución de PIA;38790
Cataluña;2025-07-31;Menos de 6 meses pendientes de resolución de PIA;3573
Cataluña;2025-07-31;6 meses o más pendientes de resolución de PIA;35192
Cataluña;2025-08-31;Personas beneficiarias con derecho a prestación pendientes de resolución de PIA;38342
Cataluña;2025-08-31;Menos de 6 meses pendientes de resolución de PIA;2368
Cataluña;2025-08-31;6 meses o más pendientes de resolución de PIA;35950
Cataluña;2025-09-30;Personas beneficiarias con derecho a prestación pendientes de resolución de PIA;38002
Cataluña;2025-09-30;Menos de 6 meses pendientes de resolución de PIA;1693
Cataluña;2025-09-30;6 meses o más pendientes de resolución de PIA;36286
Cataluña;2025-10-31;Personas beneficiarias con derecho a prestación pendientes de resolución de PIA;39088
Cataluña;2025-10-31;Menos de 6 meses pendientes de resolución de PIA;1799
Cataluña;2025-10-31;6 meses o más pendientes de resolución de PIA;37265
Cataluña;2025-11-30;Personas beneficiarias con derecho a prestación pendientes de resolución de PIA;39380
Cataluña;2025-11-30;Menos de 6 meses pendientes de resolución de PIA;2002
Cataluña;2025-11-30;6 meses o más pendientes de resolución de PIA;37354
Cataluña;2025-12-31;Personas beneficiarias con derecho a prestación pendientes de resolución de PIA;38335
Cataluña;2025-12-31;Menos de 6 meses pendientes de resolución de PIA;2534
Cataluña;2025-12-31;6 meses o más pendientes de resolución de PIA;35776
Cataluña;2026-01-31;Personas beneficiarias con derecho a prestación pendientes de resolución de PIA;39487
Cataluña;2026-01-31;Menos de 6 meses pendientes de resolución de PIA;2368
Cataluña;2026-01-31;6 meses o más pendientes de resolución de PIA;37093
Ceuta y Melilla;2023-01-31;Personas beneficiarias con derecho a prestación pendientes de resolución de PIA;264
Ceuta y Melilla;2023-01-31;Menos de 6 meses pendientes de resolución de PIA;75
Ceuta y Melilla;2023-01-31;6 meses o más pendientes de resolución de PIA;188
Ceuta y Melilla;2023-02-28;Personas beneficiarias con derecho a prestación pendientes de resolución de PIA;327
Ceuta y Melilla;2023-02-28;Menos de 6 meses pendientes de resolución de PIA;130
Ceuta y Melilla;2023-02-28;6 meses o más pendientes de resolución de PIA;196
Ceuta y Melilla;2023-03-31;Personas beneficiarias con derecho a prestación pendientes de resolución de PIA;320
Ceuta y Melilla;2023-03-31;Menos de 6 meses pendientes de resolución de PIA;109
Ceuta y Melilla;2023-03-31;6 meses o más pendientes de resolución de PIA;210
Ceuta y Melilla;2023-04-30;Personas beneficiarias con derecho a prestación pendientes de resolución de PIA;334
Ceuta y Melilla;2023-04-30;Menos de 6 meses pendientes de resolución de PIA;114
Ceuta y Melilla;2023-04-30;6 meses o más pendientes de resolución de PIA;219
Ceuta y Melilla;2023-05-31;Personas beneficiarias con derecho a prestación pendientes de resolución de PIA;405
Ceuta y Melilla;2023-05-31;Menos de 6 meses pendientes de resolución de PIA;188
Ceuta y Melilla;2023-05-31;6 meses o más pendientes de resolución de PIA;216
Ceuta y Melilla;2023-06-30;Personas beneficiarias con derecho a prestación pendientes de resolución de PIA;393
Ceuta y Melilla;2023-06-30;Menos de 6 meses pendientes de resolución de PIA;209
Ceuta y Melilla;2023-06-30;6 meses o más pendientes de resolución de PIA;183
Ceuta y Melilla;2023-07-31;Personas beneficiarias con derecho a prestación pendientes de resolución de PIA;381
Ceuta y Melilla;2023-07-31;Menos de 6 meses pendientes de resolución de PIA;177
Ceuta y Melilla;2023-07-31;6 meses o más pendientes de resolución de PIA;203
Ceuta y Melilla;2023-08-31;Personas beneficiarias con derecho a prestación pendientes de resolución de PIA;379
Ceuta y Melilla;2023-08-31;Menos de 6 meses pendientes de resolución de PIA;136
Ceuta y Melilla;2023-08-31;6 meses o más pendientes de resolución de PIA;242
Ceuta y Melilla;2023-09-30;Personas beneficiarias con derecho a prestación pendientes de resolución de PIA;380
Ceuta y Melilla;2023-09-30;Menos de 6 meses pendientes de resolución de PIA;123
Ceuta y Melilla;2023-09-30;6 meses o más pendientes de resolución de PIA;256
Ceuta y Melilla;2023-10-31;Personas beneficiarias con derecho a prestación pendientes de resolución de PIA;341
Ceuta y Melilla;2023-10-31;Menos de 6 meses pendientes de resolución de PIA;117
Ceuta y Melilla;2023-10-31;6 meses o más pendientes de resolución de PIA;223
Ceuta y Melilla;2023-11-30;Personas beneficiarias con derecho a prestación pendientes de resolución de PIA;319
Ceuta y Melilla;2023-11-30;Menos de 6 meses pendientes de resolución de PIA;79
Ceuta y Melilla;2023-11-30;6 meses o más pendientes de resolución de PIA;239
Ceuta y Melilla;2023-12-31;Personas beneficiarias con derecho a prestación pendientes de resolución de PIA;321
Ceuta y Melilla;2023-12-31;Menos de 6 meses pendientes de resolución de PIA;74
Ceuta y Melilla;2023-12-31;6 meses o más pendientes de resolución de PIA;246
Ceuta y Melilla;2024-01-31;Personas beneficiarias con derecho a prestación pendientes de resolución de PIA;321
Ceuta y Melilla;2024-01-31;Menos de 6 meses pendientes de resolución de PIA;68
Ceuta y Melilla;2024-01-31;6 meses o más pendientes de resolución de PIA;253
Ceuta y Melilla;2024-02-29;Personas beneficiarias con derecho a prestación pendientes de resolución de PIA;360
Ceuta y Melilla;2024-02-29;Menos de 6 meses pendientes de resolución de PIA;125
Ceuta y Melilla;2024-02-29;6 meses o más pendientes de resolución de PIA;235
Ceuta y Melilla;2024-03-31;Personas beneficiarias con derecho a prestación pendientes de resolución de PIA;350
Ceuta y Melilla;2024-03-31;Menos de 6 meses pendientes de resolución de PIA;124
Ceuta y Melilla;2024-03-31;6 meses o más pendientes de resolución de PIA;226
Ceuta y Melilla;2024-04-30;Personas beneficiarias con derecho a prestación pendientes de resolución de PIA;353
Ceuta y Melilla;2024-04-30;Menos de 6 meses pendientes de resolución de PIA;112
Ceuta y Melilla;2024-04-30;6 meses o más pendientes de resolución de PIA;241
Ceuta y Melilla;2024-05-31;Personas beneficiarias con derecho a prestación pendientes de resolución de PIA;358
Ceuta y Melilla;2024-05-31;Menos de 6 meses pendientes de resolución de PIA;110
Ceuta y Melilla;2024-05-31;6 meses o más pendientes de resolución de PIA;248
Ceuta y Melilla;2024-06-30;Personas beneficiarias con derecho a prestación pendientes de resolución de PIA;341
Ceuta y Melilla;2024-06-30;Menos de 6 meses pendientes de resolución de PIA;111
Ceuta y Melilla;2024-06-30;6 meses o más pendientes de resolución de PIA;230
Ceuta y Melilla;2024-07-31;Personas beneficiarias con derecho a prestación pendientes de resolución de PIA;290
Ceuta y Melilla;2024-07-31;Menos de 6 meses pendientes de resolución de PIA;107
Ceuta y Melilla;2024-07-31;6 meses o más pendientes de resolución de PIA;183
Ceuta y Melilla;2024-08-31;Personas beneficiarias con derecho a prestación pendientes de resolución de PIA;297
Ceuta y Melilla;2024-08-31;Menos de 6 meses pendientes de resolución de PIA;102
Ceuta y Melilla;2024-08-31;6 meses o más pendientes de resolución de PIA;195
Ceuta y Melilla;2024-09-30;Personas beneficiarias con derecho a prestación pendientes de resolución de PIA;298
Ceuta y Melilla;2024-09-30;Menos de 6 meses pendientes de resolución de PIA;93
Ceuta y Melilla;2024-09-30;6 meses o más pendientes de resolución de PIA;205
Ceuta y Melilla;2024-10-31;Personas beneficiarias con derecho a prestación pendientes de resolución de PIA;291
Ceuta y Melilla;2024-10-31;Menos de 6 meses pendientes de resolución de PIA;75
Ceuta y Melilla;2024-10-31;6 meses o más pendientes de resolución de PIA;216
Ceuta y Melilla;2024-11-30;Personas beneficiarias con derecho a prestación pendientes de resolución de PIA;294
Ceuta y Melilla;2024-11-30;Menos de 6 meses pendientes de resolución de PIA;81
Ceuta y Melilla;2024-11-30;6 meses o más pendientes de resolución de PIA;212
Ceuta y Melilla;2024-12-31;Personas beneficiarias con derecho a prestación pendientes de resolución de PIA;325
Ceuta y Melilla;2024-12-31;Menos de 6 meses pendientes de resolución de PIA;87
Ceuta y Melilla;2024-12-31;6 meses o más pendientes de resolución de PIA;237
Ceuta y Melilla;2025-01-31;Personas beneficiarias con derecho a prestación pendientes de resolución de PIA;315
Ceuta y Melilla;2025-01-31;Menos de 6 meses pendientes de resolución de PIA;70
Ceuta y Melilla;2025-01-31;6 meses o más pendientes de resolución de PIA;244
Ceuta y Melilla;2025-02-28;Personas beneficiarias con derecho a prestación pendientes de resolución de PIA;324
Ceuta y Melilla;2025-02-28;Menos de 6 meses pendientes de resolución de PIA;100
Ceuta y Melilla;2025-02-28;6 meses o más pendientes de resolución de PIA;223
Ceuta y Melilla;2025-03-31;Personas beneficiarias con derecho a prestación pendientes de resolución de PIA;343
Ceuta y Melilla;2025-03-31;Menos de 6 meses pendientes de resolución de PIA;137
Ceuta y Melilla;2025-03-31;6 meses o más pendientes de resolución de PIA;206
Ceuta y Melilla;2025-04-30;Personas beneficiarias con derecho a prestación pendientes de resolución de PIA;387
Ceuta y Melilla;2025-04-30;Menos de 6 meses pendientes de resolución de PIA;172
Ceuta y Melilla;2025-04-30;6 meses o más pendientes de resolución de PIA;215
Ceuta y Melilla;2025-05-31;Personas beneficiarias con derecho a prestación pendientes de resolución de PIA;392
Ceuta y Melilla;2025-05-31;Menos de 6 meses pendientes de resolución de PIA;176
Ceuta y Melilla;2025-05-31;6 meses o más pendientes de resolución de PIA;216
Ceuta y Melilla;2025-06-30;Personas beneficiarias con derecho a prestación pendientes de resolución de PIA;383
Ceuta y Melilla;2025-06-30;Menos de 6 meses pendientes de resolución de PIA;213
Ceuta y Melilla;2025-06-30;6 meses o más pendientes de resolución de PIA;169
Ceuta y Melilla;2025-07-31;Personas beneficiarias con derecho a prestación pendientes de resolución de PIA;372
Ceuta y Melilla;2025-07-31;Menos de 6 meses pendientes de resolución de PIA;194
Ceuta y Melilla;2025-07-31;6 meses o más pendientes de resolución de PIA;177
Ceuta y Melilla;2025-08-31;Personas beneficiarias con derecho a prestación pendientes de resolución de PIA;308
Ceuta y Melilla;2025-08-31;Menos de 6 meses pendientes de resolución de PIA;160
Ceuta y Melilla;2025-08-31;6 meses o más pendientes de resolución de PIA;147
Ceuta y Melilla;2025-09-30;Personas beneficiarias con derecho a prestación pendientes de resolución de PIA;326
Ceuta y Melilla;2025-09-30;Menos de 6 meses pendientes de resolución de PIA;147
Ceuta y Melilla;2025-09-30;6 meses o más pendientes de resolución de PIA;178
Ceuta y Melilla;2025-10-31;Personas beneficiarias con derecho a prestación pendientes de resolución de PIA;355
Ceuta y Melilla;2025-10-31;Menos de 6 meses pendientes de resolución de PIA;157
Ceuta y Melilla;2025-10-31;6 meses o más pendientes de resolución de PIA;198
Ceuta y Melilla;2025-11-30;Personas beneficiarias con derecho a prestación pendientes de resolución de PIA;384
Ceuta y Melilla;2025-11-30;Menos de 6 meses pendientes de resolución de PIA;161
Ceuta y Melilla;2025-11-30;6 meses o más pendientes de resolución de PIA;223
Ceuta y Melilla;2025-12-31;Personas beneficiarias con derecho a prestación pendientes de resolución de PIA;391
Ceuta y Melilla;2025-12-31;Menos de 6 meses pendientes de resolución de PIA;154
Ceuta y Melilla;2025-12-31;6 meses o más pendientes de resolución de PIA;237
Ceuta y Melilla;2026-01-31;Personas beneficiarias con derecho a prestación pendientes de resolución de PIA;421
Ceuta y Melilla;2026-01-31;Menos de 6 meses pendientes de resolución de PIA;179
Ceuta y Melilla;2026-01-31;6 meses o más pendientes de resolución de PIA;242
Comunidad Valenciana;2023-01-31;Personas beneficiarias con derecho a prestación pendientes de resolución de PIA;10213
Comunidad Valenciana;2023-01-31;Menos de 6 meses pendientes de resolución de PIA;1845
Comunidad Valenciana;2023-01-31;6 meses o más pendientes de resolución de PIA;6070
Comunidad Valenciana;2023-02-28;Personas beneficiarias con derecho a prestación pendientes de resolución de PIA;9989
Comunidad Valenciana;2023-02-28;Menos de 6 meses pendientes de resolución de PIA;1957
Comunidad Valenciana;2023-02-28;6 meses o más pendientes de resolución de PIA;5974
Comunidad Valenciana;2023-03-31;Personas beneficiarias con derecho a prestación pendientes de resolución de PIA;9475
Comunidad Valenciana;2023-03-31;Menos de 6 meses pendientes de resolución de PIA;1833
Comunidad Valenciana;2023-03-31;6 meses o más pendientes de resolución de PIA;5699
Comunidad Valenciana;2023-04-30;Personas beneficiarias con derecho a prestación pendientes de resolución de PIA;8736
Comunidad Valenciana;2023-04-30;Menos de 6 meses pendientes de resolución de PIA;1818
Comunidad Valenciana;2023-04-30;6 meses o más pendientes de resolución de PIA;5145
Comunidad Valenciana;2023-05-31;Personas beneficiarias con derecho a prestación pendientes de resolución de PIA;9717
Comunidad Valenciana;2023-05-31;Menos de 6 meses pendientes de resolución de PIA;2550
Comunidad Valenciana;2023-05-31;6 meses o más pendientes de resolución de PIA;5478
Comunidad Valenciana;2023-06-30;Personas beneficiarias con derecho a prestación pendientes de resolución de PIA;11225
Comunidad Valenciana;2023-06-30;Menos de 6 meses pendientes de resolución de PIA;3227
Comunidad Valenciana;2023-06-30;6 meses o más pendientes de resolución de PIA;6789
Comunidad Valenciana;2023-07-31;Personas beneficiarias con derecho a prestación pendientes de resolución de PIA;16649
Comunidad Valenciana;2023-07-31;Menos de 6 meses pendientes de resolución de PIA;5074
Comunidad Valenciana;2023-07-31;6 meses o más pendientes de resolución de PIA;10365
Comunidad Valenciana;2023-08-31;Personas beneficiarias con derecho a prestación pendientes de resolución de PIA;16648
Comunidad Valenciana;2023-08-31;Menos de 6 meses pendientes de resolución de PIA;3479
Comunidad Valenciana;2023-08-31;6 meses o más pendientes de resolución de PIA;11971
Comunidad Valenciana;2023-09-30;Personas beneficiarias con derecho a prestación pendientes de resolución de PIA;17383
Comunidad Valenciana;2023-09-30;Menos de 6 meses pendientes de resolución de PIA;3735
Comunidad Valenciana;2023-09-30;6 meses o más pendientes de resolución de PIA;12599
Comunidad Valenciana;2023-10-31;Personas beneficiarias con derecho a prestación pendientes de resolución de PIA;14894
Comunidad Valenciana;2023-10-31;Menos de 6 meses pendientes de resolución de PIA;3330
Comunidad Valenciana;2023-10-31;6 meses o más pendientes de resolución de PIA;10595
Comunidad Valenciana;2023-11-30;Personas beneficiarias con derecho a prestación pendientes de resolución de PIA;16222
Comunidad Valenciana;2023-11-30;Menos de 6 meses pendientes de resolución de PIA;3380
Comunidad Valenciana;2023-11-30;6 meses o más pendientes de resolución de PIA;11953
Comunidad Valenciana;2023-12-31;Personas beneficiarias con derecho a prestación pendientes de resolución de PIA;15501
Comunidad Valenciana;2023-12-31;Menos de 6 meses pendientes de resolución de PIA;2657
Comunidad Valenciana;2023-12-31;6 meses o más pendientes de resolución de PIA;12017
Comunidad Valenciana;2024-01-31;Personas beneficiarias con derecho a prestación pendientes de resolución de PIA;18104
Comunidad Valenciana;2024-01-31;Menos de 6 meses pendientes de resolución de PIA;2866
Comunidad Valenciana;2024-01-31;6 meses o más pendientes de resolución de PIA;14022
Comunidad Valenciana;2024-02-29;Personas beneficiarias con derecho a prestación pendientes de resolución de PIA;14471
Comunidad Valenciana;2024-02-29;Menos de 6 meses pendientes de resolución de PIA;2554
Comunidad Valenciana;2024-02-29;6 meses o más pendientes de resolución de PIA;10866
Comunidad Valenciana;2024-03-31;Personas beneficiarias con derecho a prestación pendientes de resolución de PIA;13160
Comunidad Valenciana;2024-03-31;Menos de 6 meses pendientes de resolución de PIA;2282
Comunidad Valenciana;2024-03-31;6 meses o más pendientes de resolución de PIA;9942
Comunidad Valenciana;2024-04-30;Personas beneficiarias con derecho a prestación pendientes de resolución de PIA;12457
Comunidad Valenciana;2024-04-30;Menos de 6 meses pendientes de resolución de PIA;2268
Comunidad Valenciana;2024-04-30;6 meses o más pendientes de resolución de PIA;9231
Comunidad Valenciana;2024-05-31;Personas beneficiarias con derecho a prestación pendientes de resolución de PIA;11798
Comunidad Valenciana;2024-05-31;Menos de 6 meses pendientes de resolución de PIA;1929
Comunidad Valenciana;2024-05-31;6 meses o más pendientes de resolución de PIA;8929
Comunidad Valenciana;2024-06-30;Personas beneficiarias con derecho a prestación pendientes de resolución de PIA;11449
Comunidad Valenciana;2024-06-30;Menos de 6 meses pendientes de resolución de PIA;1770
Comunidad Valenciana;2024-06-30;6 meses o más pendientes de resolución de PIA;8731
Comunidad Valenciana;2024-07-31;Personas beneficiarias con derecho a prestación pendientes de resolución de PIA;10606
Comunidad Valenciana;2024-07-31;Menos de 6 meses pendientes de resolución de PIA;1723
Comunidad Valenciana;2024-07-31;6 meses o más pendientes de resolución de PIA;7865
Comunidad Valenciana;2024-08-31;Personas beneficiarias con derecho a prestación pendientes de resolución de PIA;9918
Comunidad Valenciana;2024-08-31;Menos de 6 meses pendientes de resolución de PIA;1596
Comunidad Valenciana;2024-08-31;6 meses o más pendientes de resolución de PIA;7368
Comunidad Valenciana;2024-09-30;Personas beneficiarias con derecho a prestación pendientes de resolución de PIA;10095
Comunidad Valenciana;2024-09-30;Menos de 6 meses pendientes de resolución de PIA;1505
Comunidad Valenciana;2024-09-30;6 meses o más pendientes de resolución de PIA;7556
Comunidad Valenciana;2024-10-31;Personas beneficiarias con derecho a prestación pendientes de resolución de PIA;9655
Comunidad Valenciana;2024-10-31;Menos de 6 meses pendientes de resolución de PIA;1601
Comunidad Valenciana;2024-10-31;6 meses o más pendientes de resolución de PIA;6993
Comunidad Valenciana;2024-11-30;Personas beneficiarias con derecho a prestación pendientes de resolución de PIA;8282
Comunidad Valenciana;2024-11-30;Menos de 6 meses pendientes de resolución de PIA;1333
Comunidad Valenciana;2024-11-30;6 meses o más pendientes de resolución de PIA;5831
Comunidad Valenciana;2024-12-31;Personas beneficiarias con derecho a prestación pendientes de resolución de PIA;7989
Comunidad Valenciana;2024-12-31;Menos de 6 meses pendientes de resolución de PIA;1423
Comunidad Valenciana;2024-12-31;6 meses o más pendientes de resolución de PIA;5404
Comunidad Valenciana;2025-01-31;Personas beneficiarias con derecho a prestación pendientes de resolución de PIA;8366
Comunidad Valenciana;2025-01-31;Menos de 6 meses pendientes de resolución de PIA;1194
Comunidad Valenciana;2025-01-31;6 meses o más pendientes de resolución de PIA;6047
Comunidad Valenciana;2025-02-28;Personas beneficiarias con derecho a prestación pendientes de resolución de PIA;9267
Comunidad Valenciana;2025-02-28;Menos de 6 meses pendientes de resolución de PIA;1487
Comunidad Valenciana;2025-02-28;6 meses o más pendientes de resolución de PIA;6680
Comunidad Valenciana;2025-03-31;Personas beneficiarias con derecho a prestación pendientes de resolución de PIA;8781
Comunidad Valenciana;2025-03-31;Menos de 6 meses pendientes de resolución de PIA;1401
Comunidad Valenciana;2025-03-31;6 meses o más pendientes de resolución de PIA;6231
Comunidad Valenciana;2025-04-30;Personas beneficiarias con derecho a prestación pendientes de resolución de PIA;7323
Comunidad Valenciana;2025-04-30;Menos de 6 meses pendientes de resolución de PIA;947
Comunidad Valenciana;2025-04-30;6 meses o más pendientes de resolución de PIA;5238
Comunidad Valenciana;2025-05-31;Personas beneficiarias con derecho a prestación pendientes de resolución de PIA;5698
Comunidad Valenciana;2025-05-31;Menos de 6 meses pendientes de resolución de PIA;435
Comunidad Valenciana;2025-05-31;6 meses o más pendientes de resolución de PIA;4289
Comunidad Valenciana;2025-06-30;Personas beneficiarias con derecho a prestación pendientes de resolución de PIA;5240
Comunidad Valenciana;2025-06-30;Menos de 6 meses pendientes de resolución de PIA;373
Comunidad Valenciana;2025-06-30;6 meses o más pendientes de resolución de PIA;4030
Comunidad Valenciana;2025-07-31;Personas beneficiarias con derecho a prestación pendientes de resolución de PIA;8635
Comunidad Valenciana;2025-07-31;Menos de 6 meses pendientes de resolución de PIA;1973
Comunidad Valenciana;2025-07-31;6 meses o más pendientes de resolución de PIA;5553
Comunidad Valenciana;2025-08-31;Personas beneficiarias con derecho a prestación pendientes de resolución de PIA;8314
Comunidad Valenciana;2025-08-31;Menos de 6 meses pendientes de resolución de PIA;1477
Comunidad Valenciana;2025-08-31;6 meses o más pendientes de resolución de PIA;5788
Comunidad Valenciana;2025-09-30;Personas beneficiarias con derecho a prestación pendientes de resolución de PIA;8873
Comunidad Valenciana;2025-09-30;Menos de 6 meses pendientes de resolución de PIA;1489
Comunidad Valenciana;2025-09-30;6 meses o más pendientes de resolución de PIA;6252
Comunidad Valenciana;2025-10-31;Personas beneficiarias con derecho a prestación pendientes de resolución de PIA;8278
Comunidad Valenciana;2025-10-31;Menos de 6 meses pendientes de resolución de PIA;1483
Comunidad Valenciana;2025-10-31;6 meses o más pendientes de resolución de PIA;5762
Comunidad Valenciana;2025-11-30;Personas beneficiarias con derecho a prestación pendientes de resolución de PIA;8331
Comunidad Valenciana;2025-11-30;Menos de 6 meses pendientes de resolución de PIA;1280
Comunidad Valenciana;2025-11-30;6 meses o más pendientes de resolución de PIA;5879
Comunidad Valenciana;2025-12-31;Personas beneficiarias con derecho a prestación pendientes de resolución de PIA;8677
Comunidad Valenciana;2025-12-31;Menos de 6 meses pendientes de resolución de PIA;1435
Comunidad Valenciana;2025-12-31;6 meses o más pendientes de resolución de PIA;5988
Comunidad Valenciana;2026-01-31;Personas beneficiarias con derecho a prestación pendientes de resolución de PIA;8763
Comunidad Valenciana;2026-01-31;Menos de 6 meses pendientes de resolución de PIA;1375
Comunidad Valenciana;2026-01-31;6 meses o más pendientes de resolución de PIA;6169
Extremadura;2023-01-31;Personas beneficiarias con derecho a prestación pendientes de resolución de PIA;6277
Extremadura;2023-01-31;Menos de 6 meses pendientes de resolución de PIA;1552
Extremadura;2023-01-31;6 meses o más pendientes de resolución de PIA;4700
Extremadura;2023-02-28;Personas beneficiarias con derecho a prestación pendientes de resolución de PIA;6364
Extremadura;2023-02-28;Menos de 6 meses pendientes de resolución de PIA;1666
Extremadura;2023-02-28;6 meses o más pendientes de resolución de PIA;4673
Extremadura;2023-03-31;Personas beneficiarias con derecho a prestación pendientes de resolución de PIA;6205
Extremadura;2023-03-31;Menos de 6 meses pendientes de resolución de PIA;1615
Extremadura;2023-03-31;6 meses o más pendientes de resolución de PIA;4565
Extremadura;2023-04-30;Personas beneficiarias con derecho a prestación pendientes de resolución de PIA;6150
Extremadura;2023-04-30;Menos de 6 meses pendientes de resolución de PIA;1578
Extremadura;2023-04-30;6 meses o más pendientes de resolución de PIA;4546
Extremadura;2023-05-31;Personas beneficiarias con derecho a prestación pendientes de resolución de PIA;5955
Extremadura;2023-05-31;Menos de 6 meses pendientes de resolución de PIA;1716
Extremadura;2023-05-31;6 meses o más pendientes de resolución de PIA;4212
Extremadura;2023-06-30;Personas beneficiarias con derecho a prestación pendientes de resolución de PIA;5557
Extremadura;2023-06-30;Menos de 6 meses pendientes de resolución de PIA;1865
Extremadura;2023-06-30;6 meses o más pendientes de resolución de PIA;3670
Extremadura;2023-07-31;Personas beneficiarias con derecho a prestación pendientes de resolución de PIA;5500
Extremadura;2023-07-31;Menos de 6 meses pendientes de resolución de PIA;1932
Extremadura;2023-07-31;6 meses o más pendientes de resolución de PIA;3546
Extremadura;2023-08-31;Personas beneficiarias con derecho a prestación pendientes de resolución de PIA;5910
Extremadura;2023-08-31;Menos de 6 meses pendientes de resolución de PIA;1715
Extremadura;2023-08-31;6 meses o más pendientes de resolución de PIA;4173
Extremadura;2023-09-30;Personas beneficiarias con derecho a prestación pendientes de resolución de PIA;5789
Extremadura;2023-09-30;Menos de 6 meses pendientes de resolución de PIA;1528
Extremadura;2023-09-30;6 meses o más pendientes de resolución de PIA;4240
Extremadura;2023-10-31;Personas beneficiarias con derecho a prestación pendientes de resolución de PIA;5811
Extremadura;2023-10-31;Menos de 6 meses pendientes de resolución de PIA;1550
Extremadura;2023-10-31;6 meses o más pendientes de resolución de PIA;4240
Extremadura;2023-11-30;Personas beneficiarias con derecho a prestación pendientes de resolución de PIA;5672
Extremadura;2023-11-30;Menos de 6 meses pendientes de resolución de PIA;1519
Extremadura;2023-11-30;6 meses o más pendientes de resolución de PIA;4137
Extremadura;2023-12-31;Personas beneficiarias con derecho a prestación pendientes de resolución de PIA;5753
Extremadura;2023-12-31;Menos de 6 meses pendientes de resolución de PIA;1538
Extremadura;2023-12-31;6 meses o más pendientes de resolución de PIA;4199
Extremadura;2024-01-31;Personas beneficiarias con derecho a prestación pendientes de resolución de PIA;5778
Extremadura;2024-01-31;Menos de 6 meses pendientes de resolución de PIA;1370
Extremadura;2024-01-31;6 meses o más pendientes de resolución de PIA;4392
Extremadura;2024-02-29;Personas beneficiarias con derecho a prestación pendientes de resolución de PIA;6183
Extremadura;2024-02-29;Menos de 6 meses pendientes de resolución de PIA;1464
Extremadura;2024-02-29;6 meses o más pendientes de resolución de PIA;4703
Extremadura;2024-03-31;Personas beneficiarias con derecho a prestación pendientes de resolución de PIA;6443
Extremadura;2024-03-31;Menos de 6 meses pendientes de resolución de PIA;1629
Extremadura;2024-03-31;6 meses o más pendientes de resolución de PIA;4798
Extremadura;2024-04-30;Personas beneficiarias con derecho a prestación pendientes de resolución de PIA;5517
Extremadura;2024-04-30;Menos de 6 meses pendientes de resolución de PIA;1583
Extremadura;2024-04-30;6 meses o más pendientes de resolución de PIA;3926
Extremadura;2024-05-31;Personas beneficiarias con derecho a prestación pendientes de resolución de PIA;4829
Extremadura;2024-05-31;Menos de 6 meses pendientes de resolución de PIA;1577
Extremadura;2024-05-31;6 meses o más pendientes de resolución de PIA;3247
Extremadura;2024-06-30;Personas beneficiarias con derecho a prestación pendientes de resolución de PIA;4798
Extremadura;2024-06-30;Menos de 6 meses pendientes de resolución de PIA;1806
Extremadura;2024-06-30;6 meses o más pendientes de resolución de PIA;2988
Extremadura;2024-07-31;Personas beneficiarias con derecho a prestación pendientes de resolución de PIA;4620
Extremadura;2024-07-31;Menos de 6 meses pendientes de resolución de PIA;1797
Extremadura;2024-07-31;6 meses o más pendientes de resolución de PIA;2817
Extremadura;2024-08-31;Personas beneficiarias con derecho a prestación pendientes de resolución de PIA;4523
Extremadura;2024-08-31;Menos de 6 meses pendientes de resolución de PIA;1540
Extremadura;2024-08-31;6 meses o más pendientes de resolución de PIA;2978
Extremadura;2024-09-30;Personas beneficiarias con derecho a prestación pendientes de resolución de PIA;4334
Extremadura;2024-09-30;Menos de 6 meses pendientes de resolución de PIA;1374
Extremadura;2024-09-30;6 meses o más pendientes de resolución de PIA;2951
Extremadura;2024-10-31;Personas beneficiarias con derecho a prestación pendientes de resolución de PIA;4435
Extremadura;2024-10-31;Menos de 6 meses pendientes de resolución de PIA;1544
Extremadura;2024-10-31;6 meses o más pendientes de resolución de PIA;2878
Extremadura;2024-11-30;Personas beneficiarias con derecho a prestación pendientes de resolución de PIA;4013
Extremadura;2024-11-30;Menos de 6 meses pendientes de resolución de PIA;1381
Extremadura;2024-11-30;6 meses o más pendientes de resolución de PIA;2619
Extremadura;2024-12-31;Personas beneficiarias con derecho a prestación pendientes de resolución de PIA;3823
Extremadura;2024-12-31;Menos de 6 meses pendientes de resolución de PIA;1120
Extremadura;2024-12-31;6 meses o más pendientes de resolución de PIA;2690
Extremadura;2025-01-31;Personas beneficiarias con derecho a prestación pendientes de resolución de PIA;4546
Extremadura;2025-01-31;Menos de 6 meses pendientes de resolución de PIA;1328
Extremadura;2025-01-31;6 meses o más pendientes de resolución de PIA;3206
Extremadura;2025-02-28;Personas beneficiarias con derecho a prestación pendientes de resolución de PIA;5268
Extremadura;2025-02-28;Menos de 6 meses pendientes de resolución de PIA;1729
Extremadura;2025-02-28;6 meses o más pendientes de resolución de PIA;3527
Extremadura;2025-03-31;Personas beneficiarias con derecho a prestación pendientes de resolución de PIA;5222
Extremadura;2025-03-31;Menos de 6 meses pendientes de resolución de PIA;1739
Extremadura;2025-03-31;6 meses o más pendientes de resolución de PIA;3472
Extremadura;2025-04-30;Personas beneficiarias con derecho a prestación pendientes de resolución de PIA;4982
Extremadura;2025-04-30;Menos de 6 meses pendientes de resolución de PIA;1403
Extremadura;2025-04-30;6 meses o más pendientes de resolución de PIA;3569
Extremadura;2025-05-31;Personas beneficiarias con derecho a prestación pendientes de resolución de PIA;4688
Extremadura;2025-05-31;Menos de 6 meses pendientes de resolución de PIA;1239
Extremadura;2025-05-31;6 meses o más pendientes de resolución de PIA;3436
Extremadura;2025-06-30;Personas beneficiarias con derecho a prestación pendientes de resolución de PIA;4669
Extremadura;2025-06-30;Menos de 6 meses pendientes de resolución de PIA;1369
Extremadura;2025-06-30;6 meses o más pendientes de resolución de PIA;3288
Extremadura;2025-07-31;Personas beneficiarias con derecho a prestación pendientes de resolución de PIA;4208
Extremadura;2025-07-31;Menos de 6 meses pendientes de resolución de PIA;1119
Extremadura;2025-07-31;6 meses o más pendientes de resolución de PIA;3074
Extremadura;2025-08-31;Personas beneficiarias con derecho a prestación pendientes de resolución de PIA;3897
Extremadura;2025-08-31;Menos de 6 meses pendientes de resolución de PIA;885
Extremadura;2025-08-31;6 meses o más pendientes de resolución de PIA;3000
Extremadura;2025-09-30;Personas beneficiarias con derecho a prestación pendientes de resolución de PIA;3892
Extremadura;2025-09-30;Menos de 6 meses pendientes de resolución de PIA;823
Extremadura;2025-09-30;6 meses o más pendientes de resolución de PIA;3056
Extremadura;2025-10-31;Personas beneficiarias con derecho a prestación pendientes de resolución de PIA;4331
Extremadura;2025-10-31;Menos de 6 meses pendientes de resolución de PIA;952
Extremadura;2025-10-31;6 meses o más pendientes de resolución de PIA;3365
Extremadura;2025-11-30;Personas beneficiarias con derecho a prestación pendientes de resolución de PIA;4751
Extremadura;2025-11-30;Menos de 6 meses pendientes de resolución de PIA;1242
Extremadura;2025-11-30;6 meses o más pendientes de resolución de PIA;3493
Extremadura;2025-12-31;Personas beneficiarias con derecho a prestación pendientes de resolución de PIA;4838
Extremadura;2025-12-31;Menos de 6 meses pendientes de resolución de PIA;1323
Extremadura;2025-12-31;6 meses o más pendientes de resolución de PIA;3499
Extremadura;2026-01-31;Personas beneficiarias con derecho a prestación pendientes de resolución de PIA;5222
Extremadura;2026-01-31;Menos de 6 meses pendientes de resolución de PIA;1203
Extremadura;2026-01-31;6 meses o más pendientes de resolución de PIA;4003
Galicia;2023-01-31;Personas beneficiarias con derecho a prestación pendientes de resolución de PIA;3387
Galicia;2023-01-31;Menos de 6 meses pendientes de resolución de PIA;12
Galicia;2023-01-31;6 meses o más pendientes de resolución de PIA;3343
Galicia;2023-02-28;Personas beneficiarias con derecho a prestación pendientes de resolución de PIA;3145
Galicia;2023-02-28;Menos de 6 meses pendientes de resolución de PIA;18
Galicia;2023-02-28;6 meses o más pendientes de resolución de PIA;3094
Galicia;2023-03-31;Personas beneficiarias con derecho a prestación pendientes de resolución de PIA;2255
Galicia;2023-03-31;Menos de 6 meses pendientes de resolución de PIA;18
Galicia;2023-03-31;6 meses o más pendientes de resolución de PIA;2206
Galicia;2023-04-30;Personas beneficiarias con derecho a prestación pendientes de resolución de PIA;2131
Galicia;2023-04-30;Menos de 6 meses pendientes de resolución de PIA;14
Galicia;2023-04-30;6 meses o más pendientes de resolución de PIA;2086
Galicia;2023-05-31;Personas beneficiarias con derecho a prestación pendientes de resolución de PIA;2245
Galicia;2023-05-31;Menos de 6 meses pendientes de resolución de PIA;35
Galicia;2023-05-31;6 meses o más pendientes de resolución de PIA;2178
Galicia;2023-06-30;Personas beneficiarias con derecho a prestación pendientes de resolución de PIA;2131
Galicia;2023-06-30;Menos de 6 meses pendientes de resolución de PIA;23
Galicia;2023-06-30;6 meses o más pendientes de resolución de PIA;2076
Galicia;2023-07-31;Personas beneficiarias con derecho a prestación pendientes de resolución de PIA;2093
Galicia;2023-07-31;Menos de 6 meses pendientes de resolución de PIA;16
Galicia;2023-07-31;6 meses o más pendientes de resolución de PIA;2046
Galicia;2023-08-31;Personas beneficiarias con derecho a prestación pendientes de resolución de PIA;2072
Galicia;2023-08-31;Menos de 6 meses pendientes de resolución de PIA;33
Galicia;2023-08-31;6 meses o más pendientes de resolución de PIA;2010
Galicia;2023-09-30;Personas beneficiarias con derecho a prestación pendientes de resolución de PIA;1903
Galicia;2023-09-30;Menos de 6 meses pendientes de resolución de PIA;14
Galicia;2023-09-30;6 meses o más pendientes de resolución de PIA;1861
Galicia;2023-10-31;Personas beneficiarias con derecho a prestación pendientes de resolución de PIA;1961
Galicia;2023-10-31;Menos de 6 meses pendientes de resolución de PIA;18
Galicia;2023-10-31;6 meses o más pendientes de resolución de PIA;1915
Galicia;2023-11-30;Personas beneficiarias con derecho a prestación pendientes de resolución de PIA;1839
Galicia;2023-11-30;Menos de 6 meses pendientes de resolución de PIA;9
Galicia;2023-11-30;6 meses o más pendientes de resolución de PIA;1802
Galicia;2023-12-31;Personas beneficiarias con derecho a prestación pendientes de resolución de PIA;1893
Galicia;2023-12-31;Menos de 6 meses pendientes de resolución de PIA;12
Galicia;2023-12-31;6 meses o más pendientes de resolución de PIA;1854
Galicia;2024-01-31;Personas beneficiarias con derecho a prestación pendientes de resolución de PIA;1659
Galicia;2024-01-31;Menos de 6 meses pendientes de resolución de PIA;8
Galicia;2024-01-31;6 meses o más pendientes de resolución de PIA;1624
Galicia;2024-02-29;Personas beneficiarias con derecho a prestación pendientes de resolución de PIA;1717
Galicia;2024-02-29;Menos de 6 meses pendientes de resolución de PIA;13
Galicia;2024-02-29;6 meses o más pendientes de resolución de PIA;1678
Galicia;2024-03-31;Personas beneficiarias con derecho a prestación pendientes de resolución de PIA;1577
Galicia;2024-03-31;Menos de 6 meses pendientes de resolución de PIA;17
Galicia;2024-03-31;6 meses o más pendientes de resolución de PIA;1534
Galicia;2024-04-30;Personas beneficiarias con derecho a prestación pendientes de resolución de PIA;1610
Galicia;2024-04-30;Menos de 6 meses pendientes de resolución de PIA;27
Galicia;2024-04-30;6 meses o más pendientes de resolución de PIA;1554
Galicia;2024-05-31;Personas beneficiarias con derecho a prestación pendientes de resolución de PIA;1448
Galicia;2024-05-31;Menos de 6 meses pendientes de resolución de PIA;25
Galicia;2024-05-31;6 meses o más pendientes de resolución de PIA;1407
Galicia;2024-06-30;Personas beneficiarias con derecho a prestación pendientes de resolución de PIA;1415
Galicia;2024-06-30;Menos de 6 meses pendientes de resolución de PIA;42
Galicia;2024-06-30;6 meses o más pendientes de resolución de PIA;1354
Galicia;2024-07-31;Personas beneficiarias con derecho a prestación pendientes de resolución de PIA;1421
Galicia;2024-07-31;Menos de 6 meses pendientes de resolución de PIA;28
Galicia;2024-07-31;6 meses o más pendientes de resolución de PIA;1374
Galicia;2024-08-31;Personas beneficiarias con derecho a prestación pendientes de resolución de PIA;1377
Galicia;2024-08-31;Menos de 6 meses pendientes de resolución de PIA;18
Galicia;2024-08-31;6 meses o más pendientes de resolución de PIA;1340
Galicia;2024-09-30;Personas beneficiarias con derecho a prestación pendientes de resolución de PIA;1401
Galicia;2024-09-30;Menos de 6 meses pendientes de resolución de PIA;16
Galicia;2024-09-30;6 meses o más pendientes de resolución de PIA;1369
Galicia;2024-10-31;Personas beneficiarias con derecho a prestación pendientes de resolución de PIA;1421
Galicia;2024-10-31;Menos de 6 meses pendientes de resolución de PIA;23
Galicia;2024-10-31;6 meses o más pendientes de resolución de PIA;1382
Galicia;2024-11-30;Personas beneficiarias con derecho a prestación pendientes de resolución de PIA;1265
Galicia;2024-11-30;Menos de 6 meses pendientes de resolución de PIA;5
Galicia;2024-11-30;6 meses o más pendientes de resolución de PIA;1245
Galicia;2024-12-31;Personas beneficiarias con derecho a prestación pendientes de resolución de PIA;1256
Galicia;2024-12-31;Menos de 6 meses pendientes de resolución de PIA;7
Galicia;2024-12-31;6 meses o más pendientes de resolución de PIA;1233
Galicia;2025-01-31;Personas beneficiarias con derecho a prestación pendientes de resolución de PIA;1235
Galicia;2025-01-31;Menos de 6 meses pendientes de resolución de PIA;7
Galicia;2025-01-31;6 meses o más pendientes de resolución de PIA;1212
Galicia;2025-02-28;Personas beneficiarias con derecho a prestación pendientes de resolución de PIA;1214
Galicia;2025-02-28;Menos de 6 meses pendientes de resolución de PIA;6
Galicia;2025-02-28;6 meses o más pendientes de resolución de PIA;1191
Galicia;2025-03-31;Personas beneficiarias con derecho a prestación pendientes de resolución de PIA;1190
Galicia;2025-03-31;Menos de 6 meses pendientes de resolución de PIA;4
Galicia;2025-03-31;6 meses o más pendientes de resolución de PIA;1170
Galicia;2025-04-30;Personas beneficiarias con derecho a prestación pendientes de resolución de PIA;1240
Galicia;2025-04-30;Menos de 6 meses pendientes de resolución de PIA;26
Galicia;2025-04-30;6 meses o más pendientes de resolución de PIA;1198
Galicia;2025-05-31;Personas beneficiarias con derecho a prestación pendientes de resolución de PIA;1204
Galicia;2025-05-31;Menos de 6 meses pendientes de resolución de PIA;17
Galicia;2025-05-31;6 meses o más pendientes de resolución de PIA;1171
Galicia;2025-06-30;Personas beneficiarias con derecho a prestación pendientes de resolución de PIA;1183
Galicia;2025-06-30;Menos de 6 meses pendientes de resolución de PIA;24
Galicia;2025-06-30;6 meses o más pendientes de resolución de PIA;1142
Galicia;2025-07-31;Personas beneficiarias con derecho a prestación pendientes de resolución de PIA;1138
Galicia;2025-07-31;Menos de 6 meses pendientes de resolución de PIA;26
Galicia;2025-07-31;6 meses o más pendientes de resolución de PIA;1095
Galicia;2025-08-31;Personas beneficiarias con derecho a prestación pendientes de resolución de PIA;1147
Galicia;2025-08-31;Menos de 6 meses pendientes de resolución de PIA;35
Galicia;2025-08-31;6 meses o más pendientes de resolución de PIA;1095
Galicia;2025-09-30;Personas beneficiarias con derecho a prestación pendientes de resolución de PIA;1073
Galicia;2025-09-30;Menos de 6 meses pendientes de resolución de PIA;31
Galicia;2025-09-30;6 meses o más pendientes de resolución de PIA;1025
Galicia;2025-10-31;Personas beneficiarias con derecho a prestación pendientes de resolución de PIA;1028
Galicia;2025-10-31;Menos de 6 meses pendientes de resolución de PIA;29
Galicia;2025-10-31;6 meses o más pendientes de resolución de PIA;983
Galicia;2025-11-30;Personas beneficiarias con derecho a prestación pendientes de resolución de PIA;428
Galicia;2025-11-30;Menos de 6 meses pendientes de resolución de PIA;18
Galicia;2025-11-30;6 meses o más pendientes de resolución de PIA;400
Galicia;2025-12-31;Personas beneficiarias con derecho a prestación pendientes de resolución de PIA;594
Galicia;2025-12-31;Menos de 6 meses pendientes de resolución de PIA;12
Galicia;2025-12-31;6 meses o más pendientes de resolución de PIA;572
Galicia;2026-01-31;Personas beneficiarias con derecho a prestación pendientes de resolución de PIA;600
Galicia;2026-01-31;Menos de 6 meses pendientes de resolución de PIA;14
Galicia;2026-01-31;6 meses o más pendientes de resolución de PIA;575
Comunidad de Madrid;2023-01-31;Personas beneficiarias con derecho a prestación pendientes de resolución de PIA;11078
Comunidad de Madrid;2023-01-31;Menos de 6 meses pendientes de resolución de PIA;1163
Comunidad de Madrid;2023-01-31;6 meses o más pendientes de resolución de PIA;9361
Comunidad de Madrid;2023-02-28;Personas beneficiarias con derecho a prestación pendientes de resolución de PIA;10212
Comunidad de Madrid;2023-02-28;Menos de 6 meses pendientes de resolución de PIA;1578
Comunidad de Madrid;2023-02-28;6 meses o más pendientes de resolución de PIA;8131
Comunidad de Madrid;2023-03-31;Personas beneficiarias con derecho a prestación pendientes de resolución de PIA;12228
Comunidad de Madrid;2023-03-31;Menos de 6 meses pendientes de resolución de PIA;2393
Comunidad de Madrid;2023-03-31;6 meses o más pendientes de resolución de PIA;9198
Comunidad de Madrid;2023-04-30;Personas beneficiarias con derecho a prestación pendientes de resolución de PIA;11272
Comunidad de Madrid;2023-04-30;Menos de 6 meses pendientes de resolución de PIA;2012
Comunidad de Madrid;2023-04-30;6 meses o más pendientes de resolución de PIA;8630
Comunidad de Madrid;2023-05-31;Personas beneficiarias con derecho a prestación pendientes de resolución de PIA;10724
Comunidad de Madrid;2023-05-31;Menos de 6 meses pendientes de resolución de PIA;1574
Comunidad de Madrid;2023-05-31;6 meses o más pendientes de resolución de PIA;8544
Comunidad de Madrid;2023-06-30;Personas beneficiarias con derecho a prestación pendientes de resolución de PIA;10284
Comunidad de Madrid;2023-06-30;Menos de 6 meses pendientes de resolución de PIA;1842
Comunidad de Madrid;2023-06-30;6 meses o más pendientes de resolución de PIA;7861
Comunidad de Madrid;2023-07-31;Personas beneficiarias con derecho a prestación pendientes de resolución de PIA;13322
Comunidad de Madrid;2023-07-31;Menos de 6 meses pendientes de resolución de PIA;1501
Comunidad de Madrid;2023-07-31;6 meses o más pendientes de resolución de PIA;11037
Comunidad de Madrid;2023-08-31;Personas beneficiarias con derecho a prestación pendientes de resolución de PIA;10875
Comunidad de Madrid;2023-08-31;Menos de 6 meses pendientes de resolución de PIA;1392
Comunidad de Madrid;2023-08-31;6 meses o más pendientes de resolución de PIA;8933
Comunidad de Madrid;2023-09-30;Personas beneficiarias con derecho a prestación pendientes de resolución de PIA;11923
Comunidad de Madrid;2023-09-30;Menos de 6 meses pendientes de resolución de PIA;1599
Comunidad de Madrid;2023-09-30;6 meses o más pendientes de resolución de PIA;9691
Comunidad de Madrid;2023-10-31;Personas beneficiarias con derecho a prestación pendientes de resolución de PIA;11586
Comunidad de Madrid;2023-10-31;Menos de 6 meses pendientes de resolución de PIA;1545
Comunidad de Madrid;2023-10-31;6 meses o más pendientes de resolución de PIA;9424
Comunidad de Madrid;2023-11-30;Personas beneficiarias con derecho a prestación pendientes de resolución de PIA;9262
Comunidad de Madrid;2023-11-30;Menos de 6 meses pendientes de resolución de PIA;554
Comunidad de Madrid;2023-11-30;6 meses o más pendientes de resolución de PIA;8116
Comunidad de Madrid;2023-12-31;Personas beneficiarias con derecho a prestación pendientes de resolución de PIA;8062
Comunidad de Madrid;2023-12-31;Menos de 6 meses pendientes de resolución de PIA;187
Comunidad de Madrid;2023-12-31;6 meses o más pendientes de resolución de PIA;7341
Comunidad de Madrid;2024-01-31;Personas beneficiarias con derecho a prestación pendientes de resolución de PIA;12765
Comunidad de Madrid;2024-01-31;Menos de 6 meses pendientes de resolución de PIA;1398
Comunidad de Madrid;2024-01-31;6 meses o más pendientes de resolución de PIA;10795
Comunidad de Madrid;2024-02-29;Personas beneficiarias con derecho a prestación pendientes de resolución de PIA;14615
Comunidad de Madrid;2024-02-29;Menos de 6 meses pendientes de resolución de PIA;2210
Comunidad de Madrid;2024-02-29;6 meses o más pendientes de resolución de PIA;11819
Comunidad de Madrid;2024-03-31;Personas beneficiarias con derecho a prestación pendientes de resolución de PIA;13587
Comunidad de Madrid;2024-03-31;Menos de 6 meses pendientes de resolución de PIA;2148
Comunidad de Madrid;2024-03-31;6 meses o más pendientes de resolución de PIA;10877
Comunidad de Madrid;2024-04-30;Personas beneficiarias con derecho a prestación pendientes de resolución de PIA;13327
Comunidad de Madrid;2024-04-30;Menos de 6 meses pendientes de resolución de PIA;2009
Comunidad de Madrid;2024-04-30;6 meses o más pendientes de resolución de PIA;10667
Comunidad de Madrid;2024-05-31;Personas beneficiarias con derecho a prestación pendientes de resolución de PIA;12386
Comunidad de Madrid;2024-05-31;Menos de 6 meses pendientes de resolución de PIA;1244
Comunidad de Madrid;2024-05-31;6 meses o más pendientes de resolución de PIA;10513
Comunidad de Madrid;2024-06-30;Personas beneficiarias con derecho a prestación pendientes de resolución de PIA;13045
Comunidad de Madrid;2024-06-30;Menos de 6 meses pendientes de resolución de PIA;1962
Comunidad de Madrid;2024-06-30;6 meses o más pendientes de resolución de PIA;10465
Comunidad de Madrid;2024-07-31;Personas beneficiarias con derecho a prestación pendientes de resolución de PIA;12361
Comunidad de Madrid;2024-07-31;Menos de 6 meses pendientes de resolución de PIA;1337
Comunidad de Madrid;2024-07-31;6 meses o más pendientes de resolución de PIA;10410
Comunidad de Madrid;2024-08-31;Personas beneficiarias con derecho a prestación pendientes de resolución de PIA;13162
Comunidad de Madrid;2024-08-31;Menos de 6 meses pendientes de resolución de PIA;752
Comunidad de Madrid;2024-08-31;6 meses o más pendientes de resolución de PIA;11829
Comunidad de Madrid;2024-09-30;Personas beneficiarias con derecho a prestación pendientes de resolución de PIA;13314
Comunidad de Madrid;2024-09-30;Menos de 6 meses pendientes de resolución de PIA;612
Comunidad de Madrid;2024-09-30;6 meses o más pendientes de resolución de PIA;12106
Comunidad de Madrid;2024-10-31;Personas beneficiarias con derecho a prestación pendientes de resolución de PIA;13479
Comunidad de Madrid;2024-10-31;Menos de 6 meses pendientes de resolución de PIA;446
Comunidad de Madrid;2024-10-31;6 meses o más pendientes de resolución de PIA;12367
Comunidad de Madrid;2024-11-30;Personas beneficiarias con derecho a prestación pendientes de resolución de PIA;13056
Comunidad de Madrid;2024-11-30;Menos de 6 meses pendientes de resolución de PIA;292
Comunidad de Madrid;2024-11-30;6 meses o más pendientes de resolución de PIA;12149
Comunidad de Madrid;2024-12-31;Personas beneficiarias con derecho a prestación pendientes de resolución de PIA;10859
Comunidad de Madrid;2024-12-31;Menos de 6 meses pendientes de resolución de PIA;213
Comunidad de Madrid;2024-12-31;6 meses o más pendientes de resolución de PIA;10068
Comunidad de Madrid;2025-01-31;Personas beneficiarias con derecho a prestación pendientes de resolución de PIA;15458
Comunidad de Madrid;2025-01-31;Menos de 6 meses pendientes de resolución de PIA;931
Comunidad de Madrid;2025-01-31;6 meses o más pendientes de resolución de PIA;13874
Comunidad de Madrid;2025-02-28;Personas beneficiarias con derecho a prestación pendientes de resolución de PIA;16081
Comunidad de Madrid;2025-02-28;Menos de 6 meses pendientes de resolución de PIA;1103
Comunidad de Madrid;2025-02-28;6 meses o más pendientes de resolución de PIA;14340
Comunidad de Madrid;2025-03-31;Personas beneficiarias con derecho a prestación pendientes de resolución de PIA;14897
Comunidad de Madrid;2025-03-31;Menos de 6 meses pendientes de resolución de PIA;1073
Comunidad de Madrid;2025-03-31;6 meses o más pendientes de resolución de PIA;13206
Comunidad de Madrid;2025-04-30;Personas beneficiarias con derecho a prestación pendientes de resolución de PIA;14191
Comunidad de Madrid;2025-04-30;Menos de 6 meses pendientes de resolución de PIA;1087
Comunidad de Madrid;2025-04-30;6 meses o más pendientes de resolución de PIA;12529
Comunidad de Madrid;2025-05-31;Personas beneficiarias con derecho a prestación pendientes de resolución de PIA;14136
Comunidad de Madrid;2025-05-31;Menos de 6 meses pendientes de resolución de PIA;793
Comunidad de Madrid;2025-05-31;6 meses o más pendientes de resolución de PIA;12768
Comunidad de Madrid;2025-06-30;Personas beneficiarias con derecho a prestación pendientes de resolución de PIA;14288
Comunidad de Madrid;2025-06-30;Menos de 6 meses pendientes de resolución de PIA;554
Comunidad de Madrid;2025-06-30;6 meses o más pendientes de resolución de PIA;13226
Comunidad de Madrid;2025-07-31;Personas beneficiarias con derecho a prestación pendientes de resolución de PIA;13623
Comunidad de Madrid;2025-07-31;Menos de 6 meses pendientes de resolución de PIA;649
Comunidad de Madrid;2025-07-31;6 meses o más pendientes de resolución de PIA;12482
Comunidad de Madrid;2025-08-31;Personas beneficiarias con derecho a prestación pendientes de resolución de PIA;12859
Comunidad de Madrid;2025-08-31;Menos de 6 meses pendientes de resolución de PIA;627
Comunidad de Madrid;2025-08-31;6 meses o más pendientes de resolución de PIA;11782
Comunidad de Madrid;2025-09-30;Personas beneficiarias con derecho a prestación pendientes de resolución de PIA;13619
Comunidad de Madrid;2025-09-30;Menos de 6 meses pendientes de resolución de PIA;932
Comunidad de Madrid;2025-09-30;6 meses o más pendientes de resolución de PIA;12236
Comunidad de Madrid;2025-10-31;Personas beneficiarias con derecho a prestación pendientes de resolución de PIA;13411
Comunidad de Madrid;2025-10-31;Menos de 6 meses pendientes de resolución de PIA;896
Comunidad de Madrid;2025-10-31;6 meses o más pendientes de resolución de PIA;12069
Comunidad de Madrid;2025-11-30;Personas beneficiarias con derecho a prestación pendientes de resolución de PIA;11617
Comunidad de Madrid;2025-11-30;Menos de 6 meses pendientes de resolución de PIA;518
Comunidad de Madrid;2025-11-30;6 meses o más pendientes de resolución de PIA;10718
Comunidad de Madrid;2025-12-31;Personas beneficiarias con derecho a prestación pendientes de resolución de PIA;10056
Comunidad de Madrid;2025-12-31;Menos de 6 meses pendientes de resolución de PIA;449
Comunidad de Madrid;2025-12-31;6 meses o más pendientes de resolución de PIA;9206
Comunidad de Madrid;2026-01-31;Personas beneficiarias con derecho a prestación pendientes de resolución de PIA;14927
Comunidad de Madrid;2026-01-31;Menos de 6 meses pendientes de resolución de PIA;721
Comunidad de Madrid;2026-01-31;6 meses o más pendientes de resolución de PIA;13753
Región de Murcia;2023-01-31;Personas beneficiarias con derecho a prestación pendientes de resolución de PIA;6352
Región de Murcia;2023-01-31;Menos de 6 meses pendientes de resolución de PIA;81
Región de Murcia;2023-01-31;6 meses o más pendientes de resolución de PIA;6267
Región de Murcia;2023-02-28;Personas beneficiarias con derecho a prestación pendientes de resolución de PIA;6928
Región de Murcia;2023-02-28;Menos de 6 meses pendientes de resolución de PIA;108
Región de Murcia;2023-02-28;6 meses o más pendientes de resolución de PIA;6816
Región de Murcia;2023-03-31;Personas beneficiarias con derecho a prestación pendientes de resolución de PIA;7082
Región de Murcia;2023-03-31;Menos de 6 meses pendientes de resolución de PIA;127
Región de Murcia;2023-03-31;6 meses o más pendientes de resolución de PIA;6950
Región de Murcia;2023-04-30;Personas beneficiarias con derecho a prestación pendientes de resolución de PIA;6948
Región de Murcia;2023-04-30;Menos de 6 meses pendientes de resolución de PIA;114
Región de Murcia;2023-04-30;6 meses o más pendientes de resolución de PIA;6831
Región de Murcia;2023-05-31;Personas beneficiarias con derecho a prestación pendientes de resolución de PIA;7002
Región de Murcia;2023-05-31;Menos de 6 meses pendientes de resolución de PIA;125
Región de Murcia;2023-05-31;6 meses o más pendientes de resolución de PIA;6873
Región de Murcia;2023-06-30;Personas beneficiarias con derecho a prestación pendientes de resolución de PIA;6250
Región de Murcia;2023-06-30;Menos de 6 meses pendientes de resolución de PIA;122
Región de Murcia;2023-06-30;6 meses o más pendientes de resolución de PIA;6126
Región de Murcia;2023-07-31;Personas beneficiarias con derecho a prestación pendientes de resolución de PIA;6163
Región de Murcia;2023-07-31;Menos de 6 meses pendientes de resolución de PIA;101
Región de Murcia;2023-07-31;6 meses o más pendientes de resolución de PIA;6061
Región de Murcia;2023-08-31;Personas beneficiarias con derecho a prestación pendientes de resolución de PIA;5955
Región de Murcia;2023-08-31;Menos de 6 meses pendientes de resolución de PIA;74
Región de Murcia;2023-08-31;6 meses o más pendientes de resolución de PIA;5878
Región de Murcia;2023-09-30;Personas beneficiarias con derecho a prestación pendientes de resolución de PIA;6819
Región de Murcia;2023-09-30;Menos de 6 meses pendientes de resolución de PIA;107
Región de Murcia;2023-09-30;6 meses o más pendientes de resolución de PIA;6709
Región de Murcia;2023-10-31;Personas beneficiarias con derecho a prestación pendientes de resolución de PIA;6655
Región de Murcia;2023-10-31;Menos de 6 meses pendientes de resolución de PIA;121
Región de Murcia;2023-10-31;6 meses o más pendientes de resolución de PIA;6531
Región de Murcia;2023-11-30;Personas beneficiarias con derecho a prestación pendientes de resolución de PIA;7049
Región de Murcia;2023-11-30;Menos de 6 meses pendientes de resolución de PIA;132
Región de Murcia;2023-11-30;6 meses o más pendientes de resolución de PIA;6914
Región de Murcia;2023-12-31;Personas beneficiarias con derecho a prestación pendientes de resolución de PIA;7096
Región de Murcia;2023-12-31;Menos de 6 meses pendientes de resolución de PIA;124
Región de Murcia;2023-12-31;6 meses o más pendientes de resolución de PIA;6969
Región de Murcia;2024-01-31;Personas beneficiarias con derecho a prestación pendientes de resolución de PIA;6784
Región de Murcia;2024-01-31;Menos de 6 meses pendientes de resolución de PIA;103
Región de Murcia;2024-01-31;6 meses o más pendientes de resolución de PIA;6678
Región de Murcia;2024-02-29;Personas beneficiarias con derecho a prestación pendientes de resolución de PIA;6280
Región de Murcia;2024-02-29;Menos de 6 meses pendientes de resolución de PIA;121
Región de Murcia;2024-02-29;6 meses o más pendientes de resolución de PIA;6156
Región de Murcia;2024-03-31;Personas beneficiarias con derecho a prestación pendientes de resolución de PIA;6042
Región de Murcia;2024-03-31;Menos de 6 meses pendientes de resolución de PIA;146
Región de Murcia;2024-03-31;6 meses o más pendientes de resolución de PIA;5893
Región de Murcia;2024-04-30;Personas beneficiarias con derecho a prestación pendientes de resolución de PIA;6063
Región de Murcia;2024-04-30;Menos de 6 meses pendientes de resolución de PIA;130
Región de Murcia;2024-04-30;6 meses o más pendientes de resolución de PIA;5930
Región de Murcia;2024-05-31;Personas beneficiarias con derecho a prestación pendientes de resolución de PIA;6182
Región de Murcia;2024-05-31;Menos de 6 meses pendientes de resolución de PIA;110
Región de Murcia;2024-05-31;6 meses o más pendientes de resolución de PIA;6069
Región de Murcia;2024-06-30;Personas beneficiarias con derecho a prestación pendientes de resolución de PIA;6458
Región de Murcia;2024-06-30;Menos de 6 meses pendientes de resolución de PIA;103
Región de Murcia;2024-06-30;6 meses o más pendientes de resolución de PIA;6353
Región de Murcia;2024-07-31;Personas beneficiarias con derecho a prestación pendientes de resolución de PIA;6240
Región de Murcia;2024-07-31;Menos de 6 meses pendientes de resolución de PIA;104
Región de Murcia;2024-07-31;6 meses o más pendientes de resolución de PIA;6132
Región de Murcia;2024-08-31;Personas beneficiarias con derecho a prestación pendientes de resolución de PIA;6047
Región de Murcia;2024-08-31;Menos de 6 meses pendientes de resolución de PIA;46
Región de Murcia;2024-08-31;6 meses o más pendientes de resolución de PIA;5997
Región de Murcia;2024-09-30;Personas beneficiarias con derecho a prestación pendientes de resolución de PIA;6179
Región de Murcia;2024-09-30;Menos de 6 meses pendientes de resolución de PIA;51
Región de Murcia;2024-09-30;6 meses o más pendientes de resolución de PIA;6123
Región de Murcia;2024-10-31;Personas beneficiarias con derecho a prestación pendientes de resolución de PIA;6430
Región de Murcia;2024-10-31;Menos de 6 meses pendientes de resolución de PIA;66
Región de Murcia;2024-10-31;6 meses o más pendientes de resolución de PIA;6359
Región de Murcia;2024-11-30;Personas beneficiarias con derecho a prestación pendientes de resolución de PIA;6991
Región de Murcia;2024-11-30;Menos de 6 meses pendientes de resolución de PIA;45
Región de Murcia;2024-11-30;6 meses o más pendientes de resolución de PIA;6940
Región de Murcia;2024-12-31;Personas beneficiarias con derecho a prestación pendientes de resolución de PIA;6987
Región de Murcia;2024-12-31;Menos de 6 meses pendientes de resolución de PIA;45
Región de Murcia;2024-12-31;6 meses o más pendientes de resolución de PIA;6936
Región de Murcia;2025-01-31;Personas beneficiarias con derecho a prestación pendientes de resolución de PIA;7119
Región de Murcia;2025-01-31;Menos de 6 meses pendientes de resolución de PIA;36
Región de Murcia;2025-01-31;6 meses o más pendientes de resolución de PIA;7077
Región de Murcia;2025-02-28;Personas beneficiarias con derecho a prestación pendientes de resolución de PIA;6881
Región de Murcia;2025-02-28;Menos de 6 meses pendientes de resolución de PIA;52
Región de Murcia;2025-02-28;6 meses o más pendientes de resolución de PIA;6824
Región de Murcia;2025-03-31;Personas beneficiarias con derecho a prestación pendientes de resolución de PIA;6634
Región de Murcia;2025-03-31;Menos de 6 meses pendientes de resolución de PIA;84
Región de Murcia;2025-03-31;6 meses o más pendientes de resolución de PIA;6546
Región de Murcia;2025-04-30;Personas beneficiarias con derecho a prestación pendientes de resolución de PIA;6286
Región de Murcia;2025-04-30;Menos de 6 meses pendientes de resolución de PIA;105
Región de Murcia;2025-04-30;6 meses o más pendientes de resolución de PIA;6176
Región de Murcia;2025-05-31;Personas beneficiarias con derecho a prestación pendientes de resolución de PIA;6001
Región de Murcia;2025-05-31;Menos de 6 meses pendientes de resolución de PIA;152
Región de Murcia;2025-05-31;6 meses o más pendientes de resolución de PIA;5844
Región de Murcia;2025-06-30;Personas beneficiarias con derecho a prestación pendientes de resolución de PIA;5880
Región de Murcia;2025-06-30;Menos de 6 meses pendientes de resolución de PIA;203
Región de Murcia;2025-06-30;6 meses o más pendientes de resolución de PIA;5672
Región de Murcia;2025-07-31;Personas beneficiarias con derecho a prestación pendientes de resolución de PIA;6028
Región de Murcia;2025-07-31;Menos de 6 meses pendientes de resolución de PIA;267
Región de Murcia;2025-07-31;6 meses o más pendientes de resolución de PIA;5755
Región de Murcia;2025-08-31;Personas beneficiarias con derecho a prestación pendientes de resolución de PIA;5486
Región de Murcia;2025-08-31;Menos de 6 meses pendientes de resolución de PIA;174
Región de Murcia;2025-08-31;6 meses o más pendientes de resolución de PIA;5307
Región de Murcia;2025-09-30;Personas beneficiarias con derecho a prestación pendientes de resolución de PIA;7325
Región de Murcia;2025-09-30;Menos de 6 meses pendientes de resolución de PIA;230
Región de Murcia;2025-09-30;6 meses o más pendientes de resolución de PIA;7088
Región de Murcia;2025-10-31;Personas beneficiarias con derecho a prestación pendientes de resolución de PIA;8019
Región de Murcia;2025-10-31;Menos de 6 meses pendientes de resolución de PIA;402
Región de Murcia;2025-10-31;6 meses o más pendientes de resolución de PIA;7610
Región de Murcia;2025-11-30;Personas beneficiarias con derecho a prestación pendientes de resolución de PIA;7940
Región de Murcia;2025-11-30;Menos de 6 meses pendientes de resolución de PIA;416
Región de Murcia;2025-11-30;6 meses o más pendientes de resolución de PIA;7517
Región de Murcia;2025-12-31;Personas beneficiarias con derecho a prestación pendientes de resolución de PIA;7279
Región de Murcia;2025-12-31;Menos de 6 meses pendientes de resolución de PIA;346
Región de Murcia;2025-12-31;6 meses o más pendientes de resolución de PIA;6927
Región de Murcia;2026-01-31;Personas beneficiarias con derecho a prestación pendientes de resolución de PIA;7225
Región de Murcia;2026-01-31;Menos de 6 meses pendientes de resolución de PIA;281
Región de Murcia;2026-01-31;6 meses o más pendientes de resolución de PIA;6938
Comunidad Foral de Navarra;2023-01-31;Personas beneficiarias con derecho a prestación pendientes de resolución de PIA;756
Comunidad Foral de Navarra;2023-01-31;Menos de 6 meses pendientes de resolución de PIA;29
Comunidad Foral de Navarra;2023-01-31;6 meses o más pendientes de resolución de PIA;515
Comunidad Foral de Navarra;2023-02-28;Personas beneficiarias con derecho a prestación pendientes de resolución de PIA;747
Comunidad Foral de Navarra;2023-02-28;Menos de 6 meses pendientes de resolución de PIA;25
Comunidad Foral de Navarra;2023-02-28;6 meses o más pendientes de resolución de PIA;517
Comunidad Foral de Navarra;2023-03-31;Personas beneficiarias con derecho a prestación pendientes de resolución de PIA;738
Comunidad Foral de Navarra;2023-03-31;Menos de 6 meses pendientes de resolución de PIA;23
Comunidad Foral de Navarra;2023-03-31;6 meses o más pendientes de resolución de PIA;516
Comunidad Foral de Navarra;2023-04-30;Personas beneficiarias con derecho a prestación pendientes de resolución de PIA;723
Comunidad Foral de Navarra;2023-04-30;Menos de 6 meses pendientes de resolución de PIA;15
Comunidad Foral de Navarra;2023-04-30;6 meses o más pendientes de resolución de PIA;512
Comunidad Foral de Navarra;2023-05-31;Personas beneficiarias con derecho a prestación pendientes de resolución de PIA;718
Comunidad Foral de Navarra;2023-05-31;Menos de 6 meses pendientes de resolución de PIA;14
Comunidad Foral de Navarra;2023-05-31;6 meses o más pendientes de resolución de PIA;511
Comunidad Foral de Navarra;2023-06-30;Personas beneficiarias con derecho a prestación pendientes de resolución de PIA;710
Comunidad Foral de Navarra;2023-06-30;Menos de 6 meses pendientes de resolución de PIA;20
Comunidad Foral de Navarra;2023-06-30;6 meses o más pendientes de resolución de PIA;500
Comunidad Foral de Navarra;2023-07-31;Personas beneficiarias con derecho a prestación pendientes de resolución de PIA;705
Comunidad Foral de Navarra;2023-07-31;Menos de 6 meses pendientes de resolución de PIA;21
Comunidad Foral de Navarra;2023-07-31;6 meses o más pendientes de resolución de PIA;495
Comunidad Foral de Navarra;2023-08-31;Personas beneficiarias con derecho a prestación pendientes de resolución de PIA;702
Comunidad Foral de Navarra;2023-08-31;Menos de 6 meses pendientes de resolución de PIA;20
Comunidad Foral de Navarra;2023-08-31;6 meses o más pendientes de resolución de PIA;496
Comunidad Foral de Navarra;2023-09-30;Personas beneficiarias con derecho a prestación pendientes de resolución de PIA;698
Comunidad Foral de Navarra;2023-09-30;Menos de 6 meses pendientes de resolución de PIA;24
Comunidad Foral de Navarra;2023-09-30;6 meses o más pendientes de resolución de PIA;494
Comunidad Foral de Navarra;2023-10-31;Personas beneficiarias con derecho a prestación pendientes de resolución de PIA;679
Comunidad Foral de Navarra;2023-10-31;Menos de 6 meses pendientes de resolución de PIA;21
Comunidad Foral de Navarra;2023-10-31;6 meses o más pendientes de resolución de PIA;482
Comunidad Foral de Navarra;2023-11-30;Personas beneficiarias con derecho a prestación pendientes de resolución de PIA;668
Comunidad Foral de Navarra;2023-11-30;Menos de 6 meses pendientes de resolución de PIA;19
Comunidad Foral de Navarra;2023-11-30;6 meses o más pendientes de resolución de PIA;477
Comunidad Foral de Navarra;2023-12-31;Personas beneficiarias con derecho a prestación pendientes de resolución de PIA;659
Comunidad Foral de Navarra;2023-12-31;Menos de 6 meses pendientes de resolución de PIA;24
Comunidad Foral de Navarra;2023-12-31;6 meses o más pendientes de resolución de PIA;465
Comunidad Foral de Navarra;2024-01-31;Personas beneficiarias con derecho a prestación pendientes de resolución de PIA;655
Comunidad Foral de Navarra;2024-01-31;Menos de 6 meses pendientes de resolución de PIA;27
Comunidad Foral de Navarra;2024-01-31;6 meses o más pendientes de resolución de PIA;460
Comunidad Foral de Navarra;2024-02-29;Personas beneficiarias con derecho a prestación pendientes de resolución de PIA;624
Comunidad Foral de Navarra;2024-02-29;Menos de 6 meses pendientes de resolución de PIA;30
Comunidad Foral de Navarra;2024-02-29;6 meses o más pendientes de resolución de PIA;435
Comunidad Foral de Navarra;2024-03-31;Personas beneficiarias con derecho a prestación pendientes de resolución de PIA;612
Comunidad Foral de Navarra;2024-03-31;Menos de 6 meses pendientes de resolución de PIA;28
Comunidad Foral de Navarra;2024-03-31;6 meses o más pendientes de resolución de PIA;432
Comunidad Foral de Navarra;2024-04-30;Personas beneficiarias con derecho a prestación pendientes de resolución de PIA;594
Comunidad Foral de Navarra;2024-04-30;Menos de 6 meses pendientes de resolución de PIA;27
Comunidad Foral de Navarra;2024-04-30;6 meses o más pendientes de resolución de PIA;416
Comunidad Foral de Navarra;2024-05-31;Personas beneficiarias con derecho a prestación pendientes de resolución de PIA;588
Comunidad Foral de Navarra;2024-05-31;Menos de 6 meses pendientes de resolución de PIA;24
Comunidad Foral de Navarra;2024-05-31;6 meses o más pendientes de resolución de PIA;418
Comunidad Foral de Navarra;2024-06-30;Personas beneficiarias con derecho a prestación pendientes de resolución de PIA;576
Comunidad Foral de Navarra;2024-06-30;Menos de 6 meses pendientes de resolución de PIA;25
Comunidad Foral de Navarra;2024-06-30;6 meses o más pendientes de resolución de PIA;408
Comunidad Foral de Navarra;2024-07-31;Personas beneficiarias con derecho a prestación pendientes de resolución de PIA;580
Comunidad Foral de Navarra;2024-07-31;Menos de 6 meses pendientes de resolución de PIA;23
Comunidad Foral de Navarra;2024-07-31;6 meses o más pendientes de resolución de PIA;416
Comunidad Foral de Navarra;2024-08-31;Personas beneficiarias con derecho a prestación pendientes de resolución de PIA;577
Comunidad Foral de Navarra;2024-08-31;Menos de 6 meses pendientes de resolución de PIA;16
Comunidad Foral de Navarra;2024-08-31;6 meses o más pendientes de resolución de PIA;421
Comunidad Foral de Navarra;2024-09-30;Personas beneficiarias con derecho a prestación pendientes de resolución de PIA;555
Comunidad Foral de Navarra;2024-09-30;Menos de 6 meses pendientes de resolución de PIA;16
Comunidad Foral de Navarra;2024-09-30;6 meses o más pendientes de resolución de PIA;404
Comunidad Foral de Navarra;2024-10-31;Personas beneficiarias con derecho a prestación pendientes de resolución de PIA;403
Comunidad Foral de Navarra;2024-10-31;Menos de 6 meses pendientes de resolución de PIA;16
Comunidad Foral de Navarra;2024-10-31;6 meses o más pendientes de resolución de PIA;255
Comunidad Foral de Navarra;2024-11-30;Personas beneficiarias con derecho a prestación pendientes de resolución de PIA;381
Comunidad Foral de Navarra;2024-11-30;Menos de 6 meses pendientes de resolución de PIA;17
Comunidad Foral de Navarra;2024-11-30;6 meses o más pendientes de resolución de PIA;236
Comunidad Foral de Navarra;2024-12-31;Personas beneficiarias con derecho a prestación pendientes de resolución de PIA;458
Comunidad Foral de Navarra;2024-12-31;Menos de 6 meses pendientes de resolución de PIA;32
Comunidad Foral de Navarra;2024-12-31;6 meses o más pendientes de resolución de PIA;300
Comunidad Foral de Navarra;2025-01-31;Personas beneficiarias con derecho a prestación pendientes de resolución de PIA;453
Comunidad Foral de Navarra;2025-01-31;Menos de 6 meses pendientes de resolución de PIA;26
Comunidad Foral de Navarra;2025-01-31;6 meses o más pendientes de resolución de PIA;304
Comunidad Foral de Navarra;2025-02-28;Personas beneficiarias con derecho a prestación pendientes de resolución de PIA;451
Comunidad Foral de Navarra;2025-02-28;Menos de 6 meses pendientes de resolución de PIA;21
Comunidad Foral de Navarra;2025-02-28;6 meses o más pendientes de resolución de PIA;306
Comunidad Foral de Navarra;2025-03-31;Personas beneficiarias con derecho a prestación pendientes de resolución de PIA;430
Comunidad Foral de Navarra;2025-03-31;Menos de 6 meses pendientes de resolución de PIA;16
Comunidad Foral de Navarra;2025-03-31;6 meses o más pendientes de resolución de PIA;292
Comunidad Foral de Navarra;2025-04-30;Personas beneficiarias con derecho a prestación pendientes de resolución de PIA;429
Comunidad Foral de Navarra;2025-04-30;Menos de 6 meses pendientes de resolución de PIA;14
Comunidad Foral de Navarra;2025-04-30;6 meses o más pendientes de resolución de PIA;294
Comunidad Foral de Navarra;2025-05-31;Personas beneficiarias con derecho a prestación pendientes de resolución de PIA;374
Comunidad Foral de Navarra;2025-05-31;Menos de 6 meses pendientes de resolución de PIA;15
Comunidad Foral de Navarra;2025-05-31;6 meses o más pendientes de resolución de PIA;242
Comunidad Foral de Navarra;2025-06-30;Personas beneficiarias con derecho a prestación pendientes de resolución de PIA;371
Comunidad Foral de Navarra;2025-06-30;Menos de 6 meses pendientes de resolución de PIA;15
Comunidad Foral de Navarra;2025-06-30;6 meses o más pendientes de resolución de PIA;244
Comunidad Foral de Navarra;2025-07-31;Personas beneficiarias con derecho a prestación pendientes de resolución de PIA;362
Comunidad Foral de Navarra;2025-07-31;Menos de 6 meses pendientes de resolución de PIA;13
Comunidad Foral de Navarra;2025-07-31;6 meses o más pendientes de resolución de PIA;239
Comunidad Foral de Navarra;2025-08-31;Personas beneficiarias con derecho a prestación pendientes de resolución de PIA;369
Comunidad Foral de Navarra;2025-08-31;Menos de 6 meses pendientes de resolución de PIA;13
Comunidad Foral de Navarra;2025-08-31;6 meses o más pendientes de resolución de PIA;247
Comunidad Foral de Navarra;2025-09-30;Personas beneficiarias con derecho a prestación pendientes de resolución de PIA;378
Comunidad Foral de Navarra;2025-09-30;Menos de 6 meses pendientes de resolución de PIA;14
Comunidad Foral de Navarra;2025-09-30;6 meses o más pendientes de resolución de PIA;255
Comunidad Foral de Navarra;2025-10-31;Personas beneficiarias con derecho a prestación pendientes de resolución de PIA;386
Comunidad Foral de Navarra;2025-10-31;Menos de 6 meses pendientes de resolución de PIA;21
Comunidad Foral de Navarra;2025-10-31;6 meses o más pendientes de resolución de PIA;258
Comunidad Foral de Navarra;2025-11-30;Personas beneficiarias con derecho a prestación pendientes de resolución de PIA;348
Comunidad Foral de Navarra;2025-11-30;Menos de 6 meses pendientes de resolución de PIA;26
Comunidad Foral de Navarra;2025-11-30;6 meses o más pendientes de resolución de PIA;223
Comunidad Foral de Navarra;2025-12-31;Personas beneficiarias con derecho a prestación pendientes de resolución de PIA;609
Comunidad Foral de Navarra;2025-12-31;Menos de 6 meses pendientes de resolución de PIA;94
Comunidad Foral de Navarra;2025-12-31;6 meses o más pendientes de resolución de PIA;415
Comunidad Foral de Navarra;2026-01-31;Personas beneficiarias con derecho a prestación pendientes de resolución de PIA;595
Comunidad Foral de Navarra;2026-01-31;Menos de 6 meses pendientes de resolución de PIA;54
Comunidad Foral de Navarra;2026-01-31;6 meses o más pendientes de resolución de PIA;440
País Vasco;2023-01-31;Personas beneficiarias con derecho a prestación pendientes de resolución de PIA;13995
País Vasco;2023-01-31;Menos de 6 meses pendientes de resolución de PIA;3204
País Vasco;2023-01-31;6 meses o más pendientes de resolución de PIA;9171
País Vasco;2023-02-28;Personas beneficiarias con derecho a prestación pendientes de resolución de PIA;14282
País Vasco;2023-02-28;Menos de 6 meses pendientes de resolución de PIA;3632
País Vasco;2023-02-28;6 meses o más pendientes de resolución de PIA;9036
País Vasco;2023-03-31;Personas beneficiarias con derecho a prestación pendientes de resolución de PIA;13971
País Vasco;2023-03-31;Menos de 6 meses pendientes de resolución de PIA;3388
País Vasco;2023-03-31;6 meses o más pendientes de resolución de PIA;8983
País Vasco;2023-04-30;Personas beneficiarias con derecho a prestación pendientes de resolución de PIA;14103
País Vasco;2023-04-30;Menos de 6 meses pendientes de resolución de PIA;3587
País Vasco;2023-04-30;6 meses o más pendientes de resolución de PIA;8939
País Vasco;2023-05-31;Personas beneficiarias con derecho a prestación pendientes de resolución de PIA;14047
País Vasco;2023-05-31;Menos de 6 meses pendientes de resolución de PIA;3517
País Vasco;2023-05-31;6 meses o más pendientes de resolución de PIA;8967
País Vasco;2023-06-30;Personas beneficiarias con derecho a prestación pendientes de resolución de PIA;14138
País Vasco;2023-06-30;Menos de 6 meses pendientes de resolución de PIA;3665
País Vasco;2023-06-30;6 meses o más pendientes de resolución de PIA;8939
País Vasco;2023-07-31;Personas beneficiarias con derecho a prestación pendientes de resolución de PIA;14112
País Vasco;2023-07-31;Menos de 6 meses pendientes de resolución de PIA;3522
País Vasco;2023-07-31;6 meses o más pendientes de resolución de PIA;9071
País Vasco;2023-08-31;Personas beneficiarias con derecho a prestación pendientes de resolución de PIA;14221
País Vasco;2023-08-31;Menos de 6 meses pendientes de resolución de PIA;3349
País Vasco;2023-08-31;6 meses o más pendientes de resolución de PIA;9376
País Vasco;2023-09-30;Personas beneficiarias con derecho a prestación pendientes de resolución de PIA;14522
País Vasco;2023-09-30;Menos de 6 meses pendientes de resolución de PIA;3447
País Vasco;2023-09-30;6 meses o más pendientes de resolución de PIA;9592
País Vasco;2023-10-31;Personas beneficiarias con derecho a prestación pendientes de resolución de PIA;14608
País Vasco;2023-10-31;Menos de 6 meses pendientes de resolución de PIA;3541
País Vasco;2023-10-31;6 meses o más pendientes de resolución de PIA;9601
País Vasco;2023-11-30;Personas beneficiarias con derecho a prestación pendientes de resolución de PIA;14788
País Vasco;2023-11-30;Menos de 6 meses pendientes de resolución de PIA;3584
País Vasco;2023-11-30;6 meses o más pendientes de resolución de PIA;9756
País Vasco;2023-12-31;Personas beneficiarias con derecho a prestación pendientes de resolución de PIA;14769
País Vasco;2023-12-31;Menos de 6 meses pendientes de resolución de PIA;3611
País Vasco;2023-12-31;6 meses o más pendientes de resolución de PIA;9724
País Vasco;2024-01-31;Personas beneficiarias con derecho a prestación pendientes de resolución de PIA;14628
País Vasco;2024-01-31;Menos de 6 meses pendientes de resolución de PIA;3387
País Vasco;2024-01-31;6 meses o más pendientes de resolución de PIA;9814
País Vasco;2024-02-29;Personas beneficiarias con derecho a prestación pendientes de resolución de PIA;14571
País Vasco;2024-02-29;Menos de 6 meses pendientes de resolución de PIA;3671
País Vasco;2024-02-29;6 meses o más pendientes de resolución de PIA;9490
País Vasco;2024-03-31;Personas beneficiarias con derecho a prestación pendientes de resolución de PIA;14517
País Vasco;2024-03-31;Menos de 6 meses pendientes de resolución de PIA;3582
País Vasco;2024-03-31;6 meses o más pendientes de resolución de PIA;9546
País Vasco;2024-04-30;Personas beneficiarias con derecho a prestación pendientes de resolución de PIA;14488
País Vasco;2024-04-30;Menos de 6 meses pendientes de resolución de PIA;3447
País Vasco;2024-04-30;6 meses o más pendientes de resolución de PIA;9527
País Vasco;2024-05-31;Personas beneficiarias con derecho a prestación pendientes de resolución de PIA;14493
País Vasco;2024-05-31;Menos de 6 meses pendientes de resolución de PIA;3571
País Vasco;2024-05-31;6 meses o más pendientes de resolución de PIA;9430
País Vasco;2024-06-30;Personas beneficiarias con derecho a prestación pendientes de resolución de PIA;14372
País Vasco;2024-06-30;Menos de 6 meses pendientes de resolución de PIA;3591
País Vasco;2024-06-30;6 meses o más pendientes de resolución de PIA;9313
País Vasco;2024-07-31;Personas beneficiarias con derecho a prestación pendientes de resolución de PIA;14307
País Vasco;2024-07-31;Menos de 6 meses pendientes de resolución de PIA;3444
País Vasco;2024-07-31;6 meses o más pendientes de resolución de PIA;9411
País Vasco;2024-08-31;Personas beneficiarias con derecho a prestación pendientes de resolución de PIA;14326
País Vasco;2024-08-31;Menos de 6 meses pendientes de resolución de PIA;3294
País Vasco;2024-08-31;6 meses o más pendientes de resolución de PIA;9594
País Vasco;2024-09-30;Personas beneficiarias con derecho a prestación pendientes de resolución de PIA;14478
País Vasco;2024-09-30;Menos de 6 meses pendientes de resolución de PIA;3334
País Vasco;2024-09-30;6 meses o más pendientes de resolución de PIA;9728
País Vasco;2024-10-31;Personas beneficiarias con derecho a prestación pendientes de resolución de PIA;14534
País Vasco;2024-10-31;Menos de 6 meses pendientes de resolución de PIA;3362
País Vasco;2024-10-31;6 meses o más pendientes de resolución de PIA;9769
País Vasco;2024-11-30;Personas beneficiarias con derecho a prestación pendientes de resolución de PIA;14538
País Vasco;2024-11-30;Menos de 6 meses pendientes de resolución de PIA;3367
País Vasco;2024-11-30;6 meses o más pendientes de resolución de PIA;9787
País Vasco;2024-12-31;Personas beneficiarias con derecho a prestación pendientes de resolución de PIA;14321
País Vasco;2024-12-31;Menos de 6 meses pendientes de resolución de PIA;3286
País Vasco;2024-12-31;6 meses o más pendientes de resolución de PIA;9671
País Vasco;2025-01-31;Personas beneficiarias con derecho a prestación pendientes de resolución de PIA;14324
País Vasco;2025-01-31;Menos de 6 meses pendientes de resolución de PIA;3314
País Vasco;2025-01-31;6 meses o más pendientes de resolución de PIA;9652
País Vasco;2025-02-28;Personas beneficiarias con derecho a prestación pendientes de resolución de PIA;14511
País Vasco;2025-02-28;Menos de 6 meses pendientes de resolución de PIA;3594
País Vasco;2025-02-28;6 meses o más pendientes de resolución de PIA;9577
País Vasco;2025-03-31;Personas beneficiarias con derecho a prestación pendientes de resolución de PIA;14630
País Vasco;2025-03-31;Menos de 6 meses pendientes de resolución de PIA;3630
País Vasco;2025-03-31;6 meses o más pendientes de resolución de PIA;9684
País Vasco;2025-04-30;Personas beneficiarias con derecho a prestación pendientes de resolución de PIA;13929
País Vasco;2025-04-30;Menos de 6 meses pendientes de resolución de PIA;3435
País Vasco;2025-04-30;6 meses o más pendientes de resolución de PIA;9200
País Vasco;2025-05-31;Personas beneficiarias con derecho a prestación pendientes de resolución de PIA;13751
País Vasco;2025-05-31;Menos de 6 meses pendientes de resolución de PIA;3238
País Vasco;2025-05-31;6 meses o más pendientes de resolución de PIA;9225
País Vasco;2025-06-30;Personas beneficiarias con derecho a prestación pendientes de resolución de PIA;13886
País Vasco;2025-06-30;Menos de 6 meses pendientes de resolución de PIA;3477
País Vasco;2025-06-30;6 meses o más pendientes de resolución de PIA;9132
País Vasco;2025-07-31;Personas beneficiarias con derecho a prestación pendientes de resolución de PIA;13954
País Vasco;2025-07-31;Menos de 6 meses pendientes de resolución de PIA;3406
País Vasco;2025-07-31;6 meses o más pendientes de resolución de PIA;9277
País Vasco;2025-08-31;Personas beneficiarias con derecho a prestación pendientes de resolución de PIA;13890
País Vasco;2025-08-31;Menos de 6 meses pendientes de resolución de PIA;3204
País Vasco;2025-08-31;6 meses o más pendientes de resolución de PIA;9430
País Vasco;2025-09-30;Personas beneficiarias con derecho a prestación pendientes de resolución de PIA;13714
País Vasco;2025-09-30;Menos de 6 meses pendientes de resolución de PIA;3093
País Vasco;2025-09-30;6 meses o más pendientes de resolución de PIA;9388
País Vasco;2025-10-31;Personas beneficiarias con derecho a prestación pendientes de resolución de PIA;13639
País Vasco;2025-10-31;Menos de 6 meses pendientes de resolución de PIA;3065
País Vasco;2025-10-31;6 meses o más pendientes de resolución de PIA;9356
País Vasco;2025-11-30;Personas beneficiarias con derecho a prestación pendientes de resolución de PIA;13457
País Vasco;2025-11-30;Menos de 6 meses pendientes de resolución de PIA;3138
País Vasco;2025-11-30;6 meses o más pendientes de resolución de PIA;9116
País Vasco;2025-12-31;Personas beneficiarias con derecho a prestación pendientes de resolución de PIA;13234
País Vasco;2025-12-31;Menos de 6 meses pendientes de resolución de PIA;2965
País Vasco;2025-12-31;6 meses o más pendientes de resolución de PIA;9076
País Vasco;2026-01-31;Personas beneficiarias con derecho a prestación pendientes de resolución de PIA;13190
País Vasco;2026-01-31;Menos de 6 meses pendientes de resolución de PIA;2962
País Vasco;2026-01-31;6 meses o más pendientes de resolución de PIA;9041
La Rioja;2023-01-31;Personas beneficiarias con derecho a prestación pendientes de resolución de PIA;1831
La Rioja;2023-01-31;Menos de 6 meses pendientes de resolución de PIA;767
La Rioja;2023-01-31;6 meses o más pendientes de resolución de PIA;446
La Rioja;2023-02-28;Personas beneficiarias con derecho a prestación pendientes de resolución de PIA;1750
La Rioja;2023-02-28;Menos de 6 meses pendientes de resolución de PIA;823
La Rioja;2023-02-28;6 meses o más pendientes de resolución de PIA;461
La Rioja;2023-03-31;Personas beneficiarias con derecho a prestación pendientes de resolución de PIA;1888
La Rioja;2023-03-31;Menos de 6 meses pendientes de resolución de PIA;912
La Rioja;2023-03-31;6 meses o más pendientes de resolución de PIA;531
La Rioja;2023-04-30;Personas beneficiarias con derecho a prestación pendientes de resolución de PIA;1714
La Rioja;2023-04-30;Menos de 6 meses pendientes de resolución de PIA;897
La Rioja;2023-04-30;6 meses o más pendientes de resolución de PIA;123
La Rioja;2023-05-31;Personas beneficiarias con derecho a prestación pendientes de resolución de PIA;1509
La Rioja;2023-05-31;Menos de 6 meses pendientes de resolución de PIA;805
La Rioja;2023-05-31;6 meses o más pendientes de resolución de PIA;141
La Rioja;2023-06-30;Personas beneficiarias con derecho a prestación pendientes de resolución de PIA;1567
La Rioja;2023-06-30;Menos de 6 meses pendientes de resolución de PIA;819
La Rioja;2023-06-30;6 meses o más pendientes de resolución de PIA;218
La Rioja;2023-07-31;Personas beneficiarias con derecho a prestación pendientes de resolución de PIA;1585
La Rioja;2023-07-31;Menos de 6 meses pendientes de resolución de PIA;765
La Rioja;2023-07-31;6 meses o más pendientes de resolución de PIA;311
La Rioja;2023-08-31;Personas beneficiarias con derecho a prestación pendientes de resolución de PIA;1592
La Rioja;2023-08-31;Menos de 6 meses pendientes de resolución de PIA;720
La Rioja;2023-08-31;6 meses o más pendientes de resolución de PIA;261
La Rioja;2023-09-30;Personas beneficiarias con derecho a prestación pendientes de resolución de PIA;1600
La Rioja;2023-09-30;Menos de 6 meses pendientes de resolución de PIA;651
La Rioja;2023-09-30;6 meses o más pendientes de resolución de PIA;358
La Rioja;2023-10-31;Personas beneficiarias con derecho a prestación pendientes de resolución de PIA;1617
La Rioja;2023-10-31;Menos de 6 meses pendientes de resolución de PIA;630
La Rioja;2023-10-31;6 meses o más pendientes de resolución de PIA;415
La Rioja;2023-11-30;Personas beneficiarias con derecho a prestación pendientes de resolución de PIA;1450
La Rioja;2023-11-30;Menos de 6 meses pendientes de resolución de PIA;589
La Rioja;2023-11-30;6 meses o más pendientes de resolución de PIA;502
La Rioja;2023-12-31;Personas beneficiarias con derecho a prestación pendientes de resolución de PIA;1466
La Rioja;2023-12-31;Menos de 6 meses pendientes de resolución de PIA;584
La Rioja;2023-12-31;6 meses o más pendientes de resolución de PIA;267
La Rioja;2024-01-31;Personas beneficiarias con derecho a prestación pendientes de resolución de PIA;1543
La Rioja;2024-01-31;Menos de 6 meses pendientes de resolución de PIA;609
La Rioja;2024-01-31;6 meses o más pendientes de resolución de PIA;338
La Rioja;2024-02-29;Personas beneficiarias con derecho a prestación pendientes de resolución de PIA;1592
La Rioja;2024-02-29;Menos de 6 meses pendientes de resolución de PIA;625
La Rioja;2024-02-29;6 meses o más pendientes de resolución de PIA;403
La Rioja;2024-03-31;Personas beneficiarias con derecho a prestación pendientes de resolución de PIA;1284
La Rioja;2024-03-31;Menos de 6 meses pendientes de resolución de PIA;625
La Rioja;2024-03-31;6 meses o más pendientes de resolución de PIA;471
La Rioja;2024-04-30;Personas beneficiarias con derecho a prestación pendientes de resolución de PIA;1358
La Rioja;2024-04-30;Menos de 6 meses pendientes de resolución de PIA;602
La Rioja;2024-04-30;6 meses o más pendientes de resolución de PIA;130
La Rioja;2024-05-31;Personas beneficiarias con derecho a prestación pendientes de resolución de PIA;1407
La Rioja;2024-05-31;Menos de 6 meses pendientes de resolución de PIA;588
La Rioja;2024-05-31;6 meses o más pendientes de resolución de PIA;212
La Rioja;2024-06-30;Personas beneficiarias con derecho a prestación pendientes de resolución de PIA;1456
La Rioja;2024-06-30;Menos de 6 meses pendientes de resolución de PIA;591
La Rioja;2024-06-30;6 meses o más pendientes de resolución de PIA;272
La Rioja;2024-07-31;Personas beneficiarias con derecho a prestación pendientes de resolución de PIA;1431
La Rioja;2024-07-31;Menos de 6 meses pendientes de resolución de PIA;564
La Rioja;2024-07-31;6 meses o más pendientes de resolución de PIA;79
La Rioja;2024-08-31;Personas beneficiarias con derecho a prestación pendientes de resolución de PIA;1414
La Rioja;2024-08-31;Menos de 6 meses pendientes de resolución de PIA;573
La Rioja;2024-08-31;6 meses o más pendientes de resolución de PIA;98
La Rioja;2024-09-30;Personas beneficiarias con derecho a prestación pendientes de resolución de PIA;1339
La Rioja;2024-09-30;Menos de 6 meses pendientes de resolución de PIA;477
La Rioja;2024-09-30;6 meses o más pendientes de resolución de PIA;182
La Rioja;2024-10-31;Personas beneficiarias con derecho a prestación pendientes de resolución de PIA;1211
La Rioja;2024-10-31;Menos de 6 meses pendientes de resolución de PIA;533
La Rioja;2024-10-31;6 meses o más pendientes de resolución de PIA;41
La Rioja;2024-11-30;Personas beneficiarias con derecho a prestación pendientes de resolución de PIA;1219
La Rioja;2024-11-30;Menos de 6 meses pendientes de resolución de PIA;618
La Rioja;2024-11-30;6 meses o más pendientes de resolución de PIA;140
La Rioja;2024-12-31;Personas beneficiarias con derecho a prestación pendientes de resolución de PIA;1072
La Rioja;2024-12-31;Menos de 6 meses pendientes de resolución de PIA;542
La Rioja;2024-12-31;6 meses o más pendientes de resolución de PIA;112
La Rioja;2025-01-31;Personas beneficiarias con derecho a prestación pendientes de resolución de PIA;1112
La Rioja;2025-01-31;Menos de 6 meses pendientes de resolución de PIA;545
La Rioja;2025-01-31;6 meses o más pendientes de resolución de PIA;170
La Rioja;2025-02-28;Personas beneficiarias con derecho a prestación pendientes de resolución de PIA;1117
La Rioja;2025-02-28;Menos de 6 meses pendientes de resolución de PIA;546
La Rioja;2025-02-28;6 meses o más pendientes de resolución de PIA;203
La Rioja;2025-03-31;Personas beneficiarias con derecho a prestación pendientes de resolución de PIA;1163
La Rioja;2025-03-31;Menos de 6 meses pendientes de resolución de PIA;577
La Rioja;2025-03-31;6 meses o más pendientes de resolución de PIA;259
La Rioja;2025-04-30;Personas beneficiarias con derecho a prestación pendientes de resolución de PIA;1159
La Rioja;2025-04-30;Menos de 6 meses pendientes de resolución de PIA;540
La Rioja;2025-04-30;6 meses o más pendientes de resolución de PIA;313
La Rioja;2025-05-31;Personas beneficiarias con derecho a prestación pendientes de resolución de PIA;1097
La Rioja;2025-05-31;Menos de 6 meses pendientes de resolución de PIA;531
La Rioja;2025-05-31;6 meses o más pendientes de resolución de PIA;296
La Rioja;2025-06-30;Personas beneficiarias con derecho a prestación pendientes de resolución de PIA;1116
La Rioja;2025-06-30;Menos de 6 meses pendientes de resolución de PIA;518
La Rioja;2025-06-30;6 meses o más pendientes de resolución de PIA;335
La Rioja;2025-07-31;Personas beneficiarias con derecho a prestación pendientes de resolución de PIA;1073
La Rioja;2025-07-31;Menos de 6 meses pendientes de resolución de PIA;517
La Rioja;2025-07-31;6 meses o más pendientes de resolución de PIA;335
La Rioja;2025-08-31;Personas beneficiarias con derecho a prestación pendientes de resolución de PIA;986
La Rioja;2025-08-31;Menos de 6 meses pendientes de resolución de PIA;498
La Rioja;2025-08-31;6 meses o más pendientes de resolución de PIA;395
La Rioja;2025-09-30;Personas beneficiarias con derecho a prestación pendientes de resolución de PIA;936
La Rioja;2025-09-30;Menos de 6 meses pendientes de resolución de PIA;414
La Rioja;2025-09-30;6 meses o más pendientes de resolución de PIA;438
La Rioja;2025-10-31;Personas beneficiarias con derecho a prestación pendientes de resolución de PIA;1129
La Rioja;2025-10-31;Menos de 6 meses pendientes de resolución de PIA;598
La Rioja;2025-10-31;6 meses o más pendientes de resolución de PIA;436
La Rioja;2025-11-30;Personas beneficiarias con derecho a prestación pendientes de resolución de PIA;1137
La Rioja;2025-11-30;Menos de 6 meses pendientes de resolución de PIA;642
La Rioja;2025-11-30;6 meses o más pendientes de resolución de PIA;403
La Rioja;2025-12-31;Personas beneficiarias con derecho a prestación pendientes de resolución de PIA;809
La Rioja;2025-12-31;Menos de 6 meses pendientes de resolución de PIA;588
La Rioja;2025-12-31;6 meses o más pendientes de resolución de PIA;98
La Rioja;2026-01-31;Personas beneficiarias con derecho a prestación pendientes de resolución de PIA;902
La Rioja;2026-01-31;Menos de 6 meses pendientes de resolución de PIA;592
La Rioja;2026-01-31;6 meses o más pendientes de resolución de PIA;177
