ccaa;fecha;variable;dias
Andalucía;2023-01-31;Solicitud → Resolución de Grado;334,66
Andalucía;2023-01-31;Resolución de Grado → Resolución de Prestación;187,86
Andalucía;2023-01-31;Solicitud → Resolución de Prestación;538,08
Andalucía;2023-02-28;Solicitud → Resolución de Grado;337,09
Andalucía;2023-02-28;Resolución de Grado → Resolución de Prestación;187,55
Andalucía;2023-02-28;Solicitud → Resolución de Prestación;533,87
Andalucía;2023-03-31;Solicitud → Resolución de Grado;340,08
Andalucía;2023-03-31;Resolución de Grado → Resolución de Prestación;190,36
Andalucía;2023-03-31;Solicitud → Resolución de Prestación;533,31
Andalucía;2023-04-30;Solicitud → Resolución de Grado;343,22
Andalucía;2023-04-30;Resolución de Grado → Resolución de Prestación;189,40
Andalucía;2023-04-30;Solicitud → Resolución de Prestación;530,28
Andalucía;2023-05-31;Solicitud → Resolución de Grado;344,64
Andalucía;2023-05-31;Resolución de Grado → Resolución de Prestación;190,23
Andalucía;2023-05-31;Solicitud → Resolución de Prestación;529,05
Andalucía;2023-06-30;Solicitud → Resolución de Grado;345,59
Andalucía;2023-06-30;Resolución de Grado → Resolución de Prestación;189,40
Andalucía;2023-06-30;Solicitud → Resolución de Prestación;529,11
Andalucía;2023-07-31;Solicitud → Resolución de Grado;347,73
Andalucía;2023-07-31;Resolución de Grado → Resolución de Prestación;191,80
Andalucía;2023-07-31;Solicitud → Resolución de Prestación;532,13
Andalucía;2023-08-31;Solicitud → Resolución de Grado;347,53
Andalucía;2023-08-31;Resolución de Grado → Resolución de Prestación;194,90
Andalucía;2023-08-31;Solicitud → Resolución de Prestación;538,13
Andalucía;2023-09-30;Solicitud → Resolución de Grado;348,98
Andalucía;2023-09-30;Resolución de Grado → Resolución de Prestación;199,77
Andalucía;2023-09-30;Solicitud → Resolución de Prestación;541,57
Andalucía;2023-10-31;Solicitud → Resolución de Grado;351,55
Andalucía;2023-10-31;Resolución de Grado → Resolución de Prestación;203,20
Andalucía;2023-10-31;Solicitud → Resolución de Prestación;542,22
Andalucía;2023-11-30;Solicitud → Resolución de Grado;354,29
Andalucía;2023-11-30;Resolución de Grado → Resolución de Prestación;209,22
Andalucía;2023-11-30;Solicitud → Resolución de Prestación;549,07
Andalucía;2023-12-31;Solicitud → Resolución de Grado;356,02
Andalucía;2023-12-31;Resolución de Grado → Resolución de Prestación;212,57
Andalucía;2023-12-31;Solicitud → Resolución de Prestación;556,99
Andalucía;2024-01-31;Solicitud → Resolución de Grado;356,35
Andalucía;2024-01-31;Resolución de Grado → Resolución de Prestación;215,31
Andalucía;2024-01-31;Solicitud → Resolución de Prestación;561,13
Andalucía;2024-02-29;Solicitud → Resolución de Grado;352,58
Andalucía;2024-02-29;Resolución de Grado → Resolución de Prestación;217,18
Andalucía;2024-02-29;Solicitud → Resolución de Prestación;563,98
Andalucía;2024-03-31;Solicitud → Resolución de Grado;350,01
Andalucía;2024-03-31;Resolución de Grado → Resolución de Prestación;220,31
Andalucía;2024-03-31;Solicitud → Resolución de Prestación;568,00
Andalucía;2024-04-30;Solicitud → Resolución de Grado;350,26
Andalucía;2024-04-30;Resolución de Grado → Resolución de Prestación;224,79
Andalucía;2024-04-30;Solicitud → Resolución de Prestación;574,26
Andalucía;2024-05-31;Solicitud → Resolución de Grado;350,98
Andalucía;2024-05-31;Resolución de Grado → Resolución de Prestación;228,50
Andalucía;2024-05-31;Solicitud → Resolución de Prestación;579,91
Andalucía;2024-06-30;Solicitud → Resolución de Grado;354,74
Andalucía;2024-06-30;Resolución de Grado → Resolución de Prestación;233,27
Andalucía;2024-06-30;Solicitud → Resolución de Prestación;585,08
Andalucía;2024-07-31;Solicitud → Resolución de Grado;358,31
Andalucía;2024-07-31;Resolución de Grado → Resolución de Prestación;240,70
Andalucía;2024-07-31;Solicitud → Resolución de Prestación;593,78
Andalucía;2024-08-31;Solicitud → Resolución de Grado;378,19
Andalucía;2024-08-31;Resolución de Grado → Resolución de Prestación;251,59
Andalucía;2024-08-31;Solicitud → Resolución de Prestación;603,14
Andalucía;2024-09-30;Solicitud → Resolución de Grado;378,92
Andalucía;2024-09-30;Resolución de Grado → Resolución de Prestación;255,19
Andalucía;2024-09-30;Solicitud → Resolución de Prestación;609,29
Andalucía;2024-10-31;Solicitud → Resolución de Grado;383,13
Andalucía;2024-10-31;Resolución de Grado → Resolución de Prestación;261,29
Andalucía;2024-10-31;Solicitud → Resolución de Prestación;617,85
Andalucía;2024-11-30;Solicitud → Resolución de Grado;390,58
Andalucía;2024-11-30;Resolución de Grado → Resolución de Prestación;247,58
Andalucía;2024-11-30;Solicitud → Resolución de Prestación;611,02
Andalucía;2024-12-31;Solicitud → Resolución de Grado;409,37
Andalucía;2024-12-31;Resolución de Grado → Resolución de Prestación;216,24
Andalucía;2024-12-31;Solicitud → Resolución de Prestación;602,11
Andalucía;2025-01-31;Solicitud → Resolución de Grado;421,27
Andalucía;2025-01-31;Resolución de Grado → Resolución de Prestación;200,35
Andalucía;2025-01-31;Solicitud → Resolución de Prestación;596,75
Andalucía;2025-02-28;Solicitud → Resolución de Grado;432,83
Andalucía;2025-02-28;Resolución de Grado → Resolución de Prestación;181,75
Andalucía;2025-02-28;Solicitud → Resolución de Prestación;592,02
Andalucía;2025-03-31;Solicitud → Resolución de Grado;463,54
Andalucía;2025-03-31;Resolución de Grado → Resolución de Prestación;165,59
Andalucía;2025-03-31;Solicitud → Resolución de Prestación;586,52
Andalucía;2025-04-30;Solicitud → Resolución de Grado;474,68
Andalucía;2025-04-30;Resolución de Grado → Resolución de Prestación;150,01
Andalucía;2025-04-30;Solicitud → Resolución de Prestación;584,28
Andalucía;2025-05-31;Solicitud → Resolución de Grado;480,70
Andalucía;2025-05-31;Resolución de Grado → Resolución de Prestación;133,37
Andalucía;2025-05-31;Solicitud → Resolución de Prestación;579,26
Andalucía;2025-06-30;Solicitud → Resolución de Grado;483,26
Andalucía;2025-06-30;Resolución de Grado → Resolución de Prestación;118,51
Andalucía;2025-06-30;Solicitud → Resolución de Prestación;574,23
Andalucía;2025-07-31;Solicitud → Resolución de Grado;485,71
Andalucía;2025-07-31;Resolución de Grado → Resolución de Prestación;106,36
Andalucía;2025-07-31;Solicitud → Resolución de Prestación;569,81
Andalucía;2025-08-31;Solicitud → Resolución de Grado;489,81
Andalucía;2025-08-31;Resolución de Grado → Resolución de Prestación;90,88
Andalucía;2025-08-31;Solicitud → Resolución de Prestación;565,08
Andalucía;2025-09-30;Solicitud → Resolución de Grado;496,36
Andalucía;2025-09-30;Resolución de Grado → Resolución de Prestación;80,16
Andalucía;2025-09-30;Solicitud → Resolución de Prestación;559,37
Andalucía;2025-10-31;Solicitud → Resolución de Grado;484,91
Andalucía;2025-10-31;Resolución de Grado → Resolución de Prestación;57,81
Andalucía;2025-10-31;Solicitud → Resolución de Prestación;534,14
Andalucía;2025-11-30;Solicitud → Resolución de Grado;470,73
Andalucía;2025-11-30;Resolución de Grado → Resolución de Prestación;43,48
Andalucía;2025-11-30;Solicitud → Resolución de Prestación;512,13
Andalucía;2025-12-31;Solicitud → Resolución de Grado;443,09
Andalucía;2025-12-31;Resolución de Grado → Resolución de Prestación;38,60
Andalucía;2025-12-31;Solicitud → Resolución de Prestación;495,79
Andalucía;2026-01-31;Solicitud → Resolución de Grado;437,75
Andalucía;2026-01-31;Resolución de Grado → Resolución de Prestación;36,58
Andalucía;2026-01-31;Solicitud → Resolución de Prestación;488,29
Aragón;2023-01-31;Solicitud → Resolución de Grado;157,76
Aragón;2023-01-31;Resolución de Grado → Resolución de Prestación;62,48
Aragón;2023-01-31;Solicitud → Resolución de Prestación;220,11
Aragón;2023-02-28;Solicitud → Resolución de Grado;156,91
Aragón;2023-02-28;Resolución de Grado → Resolución de Prestación;54,67
Aragón;2023-02-28;Solicitud → Resolución de Prestación;214,44
Aragón;2023-03-31;Solicitud → Resolución de Grado;155,38
Aragón;2023-03-31;Resolución de Grado → Resolución de Prestación;48,57
Aragón;2023-03-31;Solicitud → Resolución de Prestación;206,68
Aragón;2023-04-30;Solicitud → Resolución de Grado;154,24
Aragón;2023-04-30;Resolución de Grado → Resolución de Prestación;44,56
Aragón;2023-04-30;Solicitud → Resolución de Prestación;201,61
Aragón;2023-05-31;Solicitud → Resolución de Grado;153,24
Aragón;2023-05-31;Resolución de Grado → Resolución de Prestación;40,51
Aragón;2023-05-31;Solicitud → Resolución de Prestación;196,03
Aragón;2023-06-30;Solicitud → Resolución de Grado;153,40
Aragón;2023-06-30;Resolución de Grado → Resolución de Prestación;41,69
Aragón;2023-06-30;Solicitud → Resolución de Prestación;195,30
Aragón;2023-07-31;Solicitud → Resolución de Grado;153,22
Aragón;2023-07-31;Resolución de Grado → Resolución de Prestación;42,47
Aragón;2023-07-31;Solicitud → Resolución de Prestación;195,81
Aragón;2023-08-31;Solicitud → Resolución de Grado;152,85
Aragón;2023-08-31;Resolución de Grado → Resolución de Prestación;39,72
Aragón;2023-08-31;Solicitud → Resolución de Prestación;193,64
Aragón;2023-09-30;Solicitud → Resolución de Grado;152,44
Aragón;2023-09-30;Resolución de Grado → Resolución de Prestación;37,52
Aragón;2023-09-30;Solicitud → Resolución de Prestación;190,41
Aragón;2023-10-31;Solicitud → Resolución de Grado;151,53
Aragón;2023-10-31;Resolución de Grado → Resolución de Prestación;38,12
Aragón;2023-10-31;Solicitud → Resolución de Prestación;189,36
Aragón;2023-11-30;Solicitud → Resolución de Grado;150,40
Aragón;2023-11-30;Resolución de Grado → Resolución de Prestación;38,98
Aragón;2023-11-30;Solicitud → Resolución de Prestación;187,86
Aragón;2023-12-31;Solicitud → Resolución de Grado;150,84
Aragón;2023-12-31;Resolución de Grado → Resolución de Prestación;40,56
Aragón;2023-12-31;Solicitud → Resolución de Prestación;190,34
Aragón;2024-01-31;Solicitud → Resolución de Grado;151,53
Aragón;2024-01-31;Resolución de Grado → Resolución de Prestación;43,57
Aragón;2024-01-31;Solicitud → Resolución de Prestación;194,28
Aragón;2024-02-29;Solicitud → Resolución de Grado;152,22
Aragón;2024-02-29;Resolución de Grado → Resolución de Prestación;47,33
Aragón;2024-02-29;Solicitud → Resolución de Prestación;199,52
Aragón;2024-03-31;Solicitud → Resolución de Grado;153,80
Aragón;2024-03-31;Resolución de Grado → Resolución de Prestación;50,03
Aragón;2024-03-31;Solicitud → Resolución de Prestación;203,51
Aragón;2024-04-30;Solicitud → Resolución de Grado;154,91
Aragón;2024-04-30;Resolución de Grado → Resolución de Prestación;51,69
Aragón;2024-04-30;Solicitud → Resolución de Prestación;206,30
Aragón;2024-05-31;Solicitud → Resolución de Grado;156,39
Aragón;2024-05-31;Resolución de Grado → Resolución de Prestación;53,46
Aragón;2024-05-31;Solicitud → Resolución de Prestación;209,30
Aragón;2024-06-30;Solicitud → Resolución de Grado;157,21
Aragón;2024-06-30;Resolución de Grado → Resolución de Prestación;53,37
Aragón;2024-06-30;Solicitud → Resolución de Prestación;211,44
Aragón;2024-07-31;Solicitud → Resolución de Grado;155,94
Aragón;2024-07-31;Resolución de Grado → Resolución de Prestación;53,15
Aragón;2024-07-31;Solicitud → Resolución de Prestación;210,21
Aragón;2024-08-31;Solicitud → Resolución de Grado;152,73
Aragón;2024-08-31;Resolución de Grado → Resolución de Prestación;52,93
Aragón;2024-08-31;Solicitud → Resolución de Prestación;208,00
Aragón;2024-09-30;Solicitud → Resolución de Grado;147,95
Aragón;2024-09-30;Resolución de Grado → Resolución de Prestación;50,85
Aragón;2024-09-30;Solicitud → Resolución de Prestación;202,07
Aragón;2024-10-31;Solicitud → Resolución de Grado;145,02
Aragón;2024-10-31;Resolución de Grado → Resolución de Prestación;49,02
Aragón;2024-10-31;Solicitud → Resolución de Prestación;198,08
Aragón;2024-11-30;Solicitud → Resolución de Grado;141,57
Aragón;2024-11-30;Resolución de Grado → Resolución de Prestación;46,40
Aragón;2024-11-30;Solicitud → Resolución de Prestación;193,83
Aragón;2024-12-31;Solicitud → Resolución de Grado;140,24
Aragón;2024-12-31;Resolución de Grado → Resolución de Prestación;43,70
Aragón;2024-12-31;Solicitud → Resolución de Prestación;189,17
Aragón;2025-01-31;Solicitud → Resolución de Grado;139,54
Aragón;2025-01-31;Resolución de Grado → Resolución de Prestación;40,78
Aragón;2025-01-31;Solicitud → Resolución de Prestación;185,71
Aragón;2025-02-28;Solicitud → Resolución de Grado;139,70
Aragón;2025-02-28;Resolución de Grado → Resolución de Prestación;37,84
Aragón;2025-02-28;Solicitud → Resolución de Prestación;182,09
Aragón;2025-03-31;Solicitud → Resolución de Grado;138,27
Aragón;2025-03-31;Resolución de Grado → Resolución de Prestación;35,61
Aragón;2025-03-31;Solicitud → Resolución de Prestación;178,93
Aragón;2025-04-30;Solicitud → Resolución de Grado;136,86
Aragón;2025-04-30;Resolución de Grado → Resolución de Prestación;33,10
Aragón;2025-04-30;Solicitud → Resolución de Prestación;175,41
Aragón;2025-05-31;Solicitud → Resolución de Grado;135,22
Aragón;2025-05-31;Resolución de Grado → Resolución de Prestación;28,50
Aragón;2025-05-31;Solicitud → Resolución de Prestación;167,07
Aragón;2025-06-30;Solicitud → Resolución de Grado;133,79
Aragón;2025-06-30;Resolución de Grado → Resolución de Prestación;27,43
Aragón;2025-06-30;Solicitud → Resolución de Prestación;162,75
Aragón;2025-07-31;Solicitud → Resolución de Grado;132,31
Aragón;2025-07-31;Resolución de Grado → Resolución de Prestación;24,93
Aragón;2025-07-31;Solicitud → Resolución de Prestación;158,17
Aragón;2025-08-31;Solicitud → Resolución de Grado;131,13
Aragón;2025-08-31;Resolución de Grado → Resolución de Prestación;23,35
Aragón;2025-08-31;Solicitud → Resolución de Prestación;154,94
Aragón;2025-09-30;Solicitud → Resolución de Grado;128,02
Aragón;2025-09-30;Resolución de Grado → Resolución de Prestación;22,64
Aragón;2025-09-30;Solicitud → Resolución de Prestación;151,69
Aragón;2025-10-31;Solicitud → Resolución de Grado;124,45
Aragón;2025-10-31;Resolución de Grado → Resolución de Prestación;22,08
Aragón;2025-10-31;Solicitud → Resolución de Prestación;148,56
Aragón;2025-11-30;Solicitud → Resolución de Grado;119,88
Aragón;2025-11-30;Resolución de Grado → Resolución de Prestación;22,76
Aragón;2025-11-30;Solicitud → Resolución de Prestación;145,47
Aragón;2025-12-31;Solicitud → Resolución de Grado;115,74
Aragón;2025-12-31;Resolución de Grado → Resolución de Prestación;22,53
Aragón;2025-12-31;Solicitud → Resolución de Prestación;140,59
Aragón;2026-01-31;Solicitud → Resolución de Grado;111,04
Aragón;2026-01-31;Resolución de Grado → Resolución de Prestación;22,56
Aragón;2026-01-31;Solicitud → Resolución de Prestación;136,19
Principado de Asturias;2023-01-31;Solicitud → Resolución de Grado;141,27
Principado de Asturias;2023-01-31;Resolución de Grado → Resolución de Prestación;109,42
Principado de Asturias;2023-01-31;Solicitud → Resolución de Prestación;243,82
Principado de Asturias;2023-02-28;Solicitud → Resolución de Grado;142,67
Principado de Asturias;2023-02-28;Resolución de Grado → Resolución de Prestación;113,84
Principado de Asturias;2023-02-28;Solicitud → Resolución de Prestación;249,28
Principado de Asturias;2023-03-31;Solicitud → Resolución de Grado;143,67
Principado de Asturias;2023-03-31;Resolución de Grado → Resolución de Prestación;123,78
Principado de Asturias;2023-03-31;Solicitud → Resolución de Prestación;259,73
Principado de Asturias;2023-04-30;Solicitud → Resolución de Grado;147,12
Principado de Asturias;2023-04-30;Resolución de Grado → Resolución de Prestación;132,17
Principado de Asturias;2023-04-30;Solicitud → Resolución de Prestación;270,71
Principado de Asturias;2023-05-31;Solicitud → Resolución de Grado;152,10
Principado de Asturias;2023-05-31;Resolución de Grado → Resolución de Prestación;134,08
Principado de Asturias;2023-05-31;Solicitud → Resolución de Prestación;274,56
Principado de Asturias;2023-06-30;Solicitud → Resolución de Grado;158,83
Principado de Asturias;2023-06-30;Resolución de Grado → Resolución de Prestación;138,12
Principado de Asturias;2023-06-30;Solicitud → Resolución de Prestación;280,18
Principado de Asturias;2023-07-31;Solicitud → Resolución de Grado;164,11
Principado de Asturias;2023-07-31;Resolución de Grado → Resolución de Prestación;140,73
Principado de Asturias;2023-07-31;Solicitud → Resolución de Prestación;285,96
Principado de Asturias;2023-08-31;Solicitud → Resolución de Grado;166,27
Principado de Asturias;2023-08-31;Resolución de Grado → Resolución de Prestación;142,51
Principado de Asturias;2023-08-31;Solicitud → Resolución de Prestación;289,62
Principado de Asturias;2023-09-30;Solicitud → Resolución de Grado;169,54
Principado de Asturias;2023-09-30;Resolución de Grado → Resolución de Prestación;141,59
Principado de Asturias;2023-09-30;Solicitud → Resolución de Prestación;291,16
Principado de Asturias;2023-10-31;Solicitud → Resolución de Grado;172,71
Principado de Asturias;2023-10-31;Resolución de Grado → Resolución de Prestación;144,93
Principado de Asturias;2023-10-31;Solicitud → Resolución de Prestación;297,80
Principado de Asturias;2023-11-30;Solicitud → Resolución de Grado;176,28
Principado de Asturias;2023-11-30;Resolución de Grado → Resolución de Prestación;143,90
Principado de Asturias;2023-11-30;Solicitud → Resolución de Prestación;305,17
Principado de Asturias;2023-12-31;Solicitud → Resolución de Grado;181,14
Principado de Asturias;2023-12-31;Resolución de Grado → Resolución de Prestación;134,89
Principado de Asturias;2023-12-31;Solicitud → Resolución de Prestación;304,45
Principado de Asturias;2024-01-31;Solicitud → Resolución de Grado;186,18
Principado de Asturias;2024-01-31;Resolución de Grado → Resolución de Prestación;132,38
Principado de Asturias;2024-01-31;Solicitud → Resolución de Prestación;306,41
Principado de Asturias;2024-02-29;Solicitud → Resolución de Grado;192,89
Principado de Asturias;2024-02-29;Resolución de Grado → Resolución de Prestación;127,89
Principado de Asturias;2024-02-29;Solicitud → Resolución de Prestación;307,75
Principado de Asturias;2024-03-31;Solicitud → Resolución de Grado;204,65
Principado de Asturias;2024-03-31;Resolución de Grado → Resolución de Prestación;118,67
Principado de Asturias;2024-03-31;Solicitud → Resolución de Prestación;308,19
Principado de Asturias;2024-04-30;Solicitud → Resolución de Grado;220,04
Principado de Asturias;2024-04-30;Resolución de Grado → Resolución de Prestación;108,15
Principado de Asturias;2024-04-30;Solicitud → Resolución de Prestación;308,93
Principado de Asturias;2024-05-31;Solicitud → Resolución de Grado;235,14
Principado de Asturias;2024-05-31;Resolución de Grado → Resolución de Prestación;99,82
Principado de Asturias;2024-05-31;Solicitud → Resolución de Prestación;316,09
Principado de Asturias;2024-06-30;Solicitud → Resolución de Grado;256,09
Principado de Asturias;2024-06-30;Resolución de Grado → Resolución de Prestación;92,01
Principado de Asturias;2024-06-30;Solicitud → Resolución de Prestación;320,06
Principado de Asturias;2024-07-31;Solicitud → Resolución de Grado;262,77
Principado de Asturias;2024-07-31;Resolución de Grado → Resolución de Prestación;82,05
Principado de Asturias;2024-07-31;Solicitud → Resolución de Prestación;319,42
Principado de Asturias;2024-08-31;Solicitud → Resolución de Grado;268,19
Principado de Asturias;2024-08-31;Resolución de Grado → Resolución de Prestación;78,56
Principado de Asturias;2024-08-31;Solicitud → Resolución de Prestación;325,99
Principado de Asturias;2024-09-30;Solicitud → Resolución de Grado;279,83
Principado de Asturias;2024-09-30;Resolución de Grado → Resolución de Prestación;71,69
Principado de Asturias;2024-09-30;Solicitud → Resolución de Prestación;333,00
Principado de Asturias;2024-10-31;Solicitud → Resolución de Grado;287,71
Principado de Asturias;2024-10-31;Resolución de Grado → Resolución de Prestación;53,18
Principado de Asturias;2024-10-31;Solicitud → Resolución de Prestación;339,05
Principado de Asturias;2024-11-30;Solicitud → Resolución de Grado;297,49
Principado de Asturias;2024-11-30;Resolución de Grado → Resolución de Prestación;39,17
Principado de Asturias;2024-11-30;Solicitud → Resolución de Prestación;342,87
Principado de Asturias;2024-12-31;Solicitud → Resolución de Grado;302,98
Principado de Asturias;2024-12-31;Resolución de Grado → Resolución de Prestación;33,58
Principado de Asturias;2024-12-31;Solicitud → Resolución de Prestación;346,30
Principado de Asturias;2025-01-31;Solicitud → Resolución de Grado;308,02
Principado de Asturias;2025-01-31;Resolución de Grado → Resolución de Prestación;23,73
Principado de Asturias;2025-01-31;Solicitud → Resolución de Prestación;345,68
Principado de Asturias;2025-02-28;Solicitud → Resolución de Grado;311,41
Principado de Asturias;2025-02-28;Resolución de Grado → Resolución de Prestación;15,59
Principado de Asturias;2025-02-28;Solicitud → Resolución de Prestación;344,43
Principado de Asturias;2025-03-31;Solicitud → Resolución de Grado;310,94
Principado de Asturias;2025-03-31;Resolución de Grado → Resolución de Prestación;8,48
Principado de Asturias;2025-03-31;Solicitud → Resolución de Prestación;342,09
Principado de Asturias;2025-04-30;Solicitud → Resolución de Grado;310,30
Principado de Asturias;2025-04-30;Resolución de Grado → Resolución de Prestación;6,56
Principado de Asturias;2025-04-30;Solicitud → Resolución de Prestación;339,14
Principado de Asturias;2025-05-31;Solicitud → Resolución de Grado;310,08
Principado de Asturias;2025-05-31;Resolución de Grado → Resolución de Prestación;5,21
Principado de Asturias;2025-05-31;Solicitud → Resolución de Prestación;336,91
Principado de Asturias;2025-06-30;Solicitud → Resolución de Grado;309,04
Principado de Asturias;2025-06-30;Resolución de Grado → Resolución de Prestación;4,66
Principado de Asturias;2025-06-30;Solicitud → Resolución de Prestación;336,23
Principado de Asturias;2025-07-31;Solicitud → Resolución de Grado;313,98
Principado de Asturias;2025-07-31;Resolución de Grado → Resolución de Prestación;4,32
Principado de Asturias;2025-07-31;Solicitud → Resolución de Prestación;334,04
Principado de Asturias;2025-08-31;Solicitud → Resolución de Grado;314,40
Principado de Asturias;2025-08-31;Resolución de Grado → Resolución de Prestación;2,80
Principado de Asturias;2025-08-31;Solicitud → Resolución de Prestación;331,71
Principado de Asturias;2025-09-30;Solicitud → Resolución de Grado;310,22
Principado de Asturias;2025-09-30;Resolución de Grado → Resolución de Prestación;2,34
Principado de Asturias;2025-09-30;Solicitud → Resolución de Prestación;325,82
Principado de Asturias;2025-10-31;Solicitud → Resolución de Grado;308,31
Principado de Asturias;2025-10-31;Resolución de Grado → Resolución de Prestación;1,86
Principado de Asturias;2025-10-31;Solicitud → Resolución de Prestación;321,18
Principado de Asturias;2025-11-30;Solicitud → Resolución de Grado;308,12
Principado de Asturias;2025-11-30;Resolución de Grado → Resolución de Prestación;5,80
Principado de Asturias;2025-11-30;Solicitud → Resolución de Prestación;323,43
Principado de Asturias;2025-12-31;Solicitud → Resolución de Grado;305,44
Principado de Asturias;2025-12-31;Resolución de Grado → Resolución de Prestación;11,14
Principado de Asturias;2025-12-31;Solicitud → Resolución de Prestación;326,85
Principado de Asturias;2026-01-31;Solicitud → Resolución de Grado;307,89
Principado de Asturias;2026-01-31;Resolución de Grado → Resolución de Prestación;20,00
Principado de Asturias;2026-01-31;Solicitud → Resolución de Prestación;337,33
Islas Baleares;2023-01-31;Solicitud → Resolución de Grado;132,55
Islas Baleares;2023-01-31;Resolución de Grado → Resolución de Prestación;93,47
Islas Baleares;2023-01-31;Solicitud → Resolución de Prestación;226,88
Islas Baleares;2023-02-28;Solicitud → Resolución de Grado;132,55
Islas Baleares;2023-02-28;Resolución de Grado → Resolución de Prestación;91,73
Islas Baleares;2023-02-28;Solicitud → Resolución de Prestación;224,62
Islas Baleares;2023-03-31;Solicitud → Resolución de Grado;132,11
Islas Baleares;2023-03-31;Resolución de Grado → Resolución de Prestación;91,19
Islas Baleares;2023-03-31;Solicitud → Resolución de Prestación;223,28
Islas Baleares;2023-04-30;Solicitud → Resolución de Grado;131,06
Islas Baleares;2023-04-30;Resolución de Grado → Resolución de Prestación;89,25
Islas Baleares;2023-04-30;Solicitud → Resolución de Prestación;221,17
Islas Baleares;2023-05-31;Solicitud → Resolución de Grado;129,18
Islas Baleares;2023-05-31;Resolución de Grado → Resolución de Prestación;90,32
Islas Baleares;2023-05-31;Solicitud → Resolución de Prestación;221,60
Islas Baleares;2023-06-30;Solicitud → Resolución de Grado;127,90
Islas Baleares;2023-06-30;Resolución de Grado → Resolución de Prestación;90,08
Islas Baleares;2023-06-30;Solicitud → Resolución de Prestación;220,13
Islas Baleares;2023-07-31;Solicitud → Resolución de Grado;128,97
Islas Baleares;2023-07-31;Resolución de Grado → Resolución de Prestación;89,46
Islas Baleares;2023-07-31;Solicitud → Resolución de Prestación;219,45
Islas Baleares;2023-08-31;Solicitud → Resolución de Grado;127,92
Islas Baleares;2023-08-31;Resolución de Grado → Resolución de Prestación;91,86
Islas Baleares;2023-08-31;Solicitud → Resolución de Prestación;220,08
Islas Baleares;2023-09-30;Solicitud → Resolución de Grado;126,09
Islas Baleares;2023-09-30;Resolución de Grado → Resolución de Prestación;93,11
Islas Baleares;2023-09-30;Solicitud → Resolución de Prestación;220,54
Islas Baleares;2023-10-31;Solicitud → Resolución de Grado;123,78
Islas Baleares;2023-10-31;Resolución de Grado → Resolución de Prestación;94,05
Islas Baleares;2023-10-31;Solicitud → Resolución de Prestación;220,41
Islas Baleares;2023-11-30;Solicitud → Resolución de Grado;122,45
Islas Baleares;2023-11-30;Resolución de Grado → Resolución de Prestación;94,22
Islas Baleares;2023-11-30;Solicitud → Resolución de Prestación;219,47
Islas Baleares;2023-12-31;Solicitud → Resolución de Grado;122,81
Islas Baleares;2023-12-31;Resolución de Grado → Resolución de Prestación;95,14
Islas Baleares;2023-12-31;Solicitud → Resolución de Prestación;218,88
Islas Baleares;2024-01-31;Solicitud → Resolución de Grado;122,60
Islas Baleares;2024-01-31;Resolución de Grado → Resolución de Prestación;96,86
Islas Baleares;2024-01-31;Solicitud → Resolución de Prestación;219,41
Islas Baleares;2024-02-29;Solicitud → Resolución de Grado;121,56
Islas Baleares;2024-02-29;Resolución de Grado → Resolución de Prestación;101,10
Islas Baleares;2024-02-29;Solicitud → Resolución de Prestación;223,37
Islas Baleares;2024-03-31;Solicitud → Resolución de Grado;119,67
Islas Baleares;2024-03-31;Resolución de Grado → Resolución de Prestación;105,91
Islas Baleares;2024-03-31;Solicitud → Resolución de Prestación;227,29
Islas Baleares;2024-04-30;Solicitud → Resolución de Grado;120,78
Islas Baleares;2024-04-30;Resolución de Grado → Resolución de Prestación;111,35
Islas Baleares;2024-04-30;Solicitud → Resolución de Prestación;232,24
Islas Baleares;2024-05-31;Solicitud → Resolución de Grado;123,03
Islas Baleares;2024-05-31;Resolución de Grado → Resolución de Prestación;118,72
Islas Baleares;2024-05-31;Solicitud → Resolución de Prestación;239,05
Islas Baleares;2024-06-30;Solicitud → Resolución de Grado;122,32
Islas Baleares;2024-06-30;Resolución de Grado → Resolución de Prestación;125,48
Islas Baleares;2024-06-30;Solicitud → Resolución de Prestación;245,50
Islas Baleares;2024-07-31;Solicitud → Resolución de Grado;120,48
Islas Baleares;2024-07-31;Resolución de Grado → Resolución de Prestación;126,92
Islas Baleares;2024-07-31;Solicitud → Resolución de Prestación;247,53
Islas Baleares;2024-08-31;Solicitud → Resolución de Grado;119,41
Islas Baleares;2024-08-31;Resolución de Grado → Resolución de Prestación;129,53
Islas Baleares;2024-08-31;Solicitud → Resolución de Prestación;250,37
Islas Baleares;2024-09-30;Solicitud → Resolución de Grado;119,79
Islas Baleares;2024-09-30;Resolución de Grado → Resolución de Prestación;129,25
Islas Baleares;2024-09-30;Solicitud → Resolución de Prestación;248,97
Islas Baleares;2024-10-31;Solicitud → Resolución de Grado;120,74
Islas Baleares;2024-10-31;Resolución de Grado → Resolución de Prestación;128,84
Islas Baleares;2024-10-31;Solicitud → Resolución de Prestación;248,54
Islas Baleares;2024-11-30;Solicitud → Resolución de Grado;121,48
Islas Baleares;2024-11-30;Resolución de Grado → Resolución de Prestación;128,45
Islas Baleares;2024-11-30;Solicitud → Resolución de Prestación;248,04
Islas Baleares;2024-12-31;Solicitud → Resolución de Grado;122,63
Islas Baleares;2024-12-31;Resolución de Grado → Resolución de Prestación;127,86
Islas Baleares;2024-12-31;Solicitud → Resolución de Prestación;247,73
Islas Baleares;2025-01-31;Solicitud → Resolución de Grado;123,90
Islas Baleares;2025-01-31;Resolución de Grado → Resolución de Prestación;127,53
Islas Baleares;2025-01-31;Solicitud → Resolución de Prestación;248,46
Islas Baleares;2025-02-28;Solicitud → Resolución de Grado;124,48
Islas Baleares;2025-02-28;Resolución de Grado → Resolución de Prestación;124,81
Islas Baleares;2025-02-28;Solicitud → Resolución de Prestación;247,01
Islas Baleares;2025-03-31;Solicitud → Resolución de Grado;125,96
Islas Baleares;2025-03-31;Resolución de Grado → Resolución de Prestación;124,58
Islas Baleares;2025-03-31;Solicitud → Resolución de Prestación;247,10
Islas Baleares;2025-04-30;Solicitud → Resolución de Grado;125,90
Islas Baleares;2025-04-30;Resolución de Grado → Resolución de Prestación;122,25
Islas Baleares;2025-04-30;Solicitud → Resolución de Prestación;244,75
Islas Baleares;2025-05-31;Solicitud → Resolución de Grado;126,17
Islas Baleares;2025-05-31;Resolución de Grado → Resolución de Prestación;118,49
Islas Baleares;2025-05-31;Solicitud → Resolución de Prestación;241,29
Islas Baleares;2025-06-30;Solicitud → Resolución de Grado;127,08
Islas Baleares;2025-06-30;Resolución de Grado → Resolución de Prestación;106,88
Islas Baleares;2025-06-30;Solicitud → Resolución de Prestación;231,57
Islas Baleares;2025-07-31;Solicitud → Resolución de Grado;127,10
Islas Baleares;2025-07-31;Resolución de Grado → Resolución de Prestación;102,69
Islas Baleares;2025-07-31;Solicitud → Resolución de Prestación;227,18
Islas Baleares;2025-08-31;Solicitud → Resolución de Grado;126,61
Islas Baleares;2025-08-31;Resolución de Grado → Resolución de Prestación;101,00
Islas Baleares;2025-08-31;Solicitud → Resolución de Prestación;225,26
Islas Baleares;2025-09-30;Solicitud → Resolución de Grado;125,18
Islas Baleares;2025-09-30;Resolución de Grado → Resolución de Prestación;98,02
Islas Baleares;2025-09-30;Solicitud → Resolución de Prestación;222,73
Islas Baleares;2025-10-31;Solicitud → Resolución de Grado;122,81
Islas Baleares;2025-10-31;Resolución de Grado → Resolución de Prestación;96,13
Islas Baleares;2025-10-31;Solicitud → Resolución de Prestación;220,73
Islas Baleares;2025-11-30;Solicitud → Resolución de Grado;120,19
Islas Baleares;2025-11-30;Resolución de Grado → Resolución de Prestación;93,83
Islas Baleares;2025-11-30;Solicitud → Resolución de Prestación;217,07
Islas Baleares;2025-12-31;Solicitud → Resolución de Grado;118,19
Islas Baleares;2025-12-31;Resolución de Grado → Resolución de Prestación;93,46
Islas Baleares;2025-12-31;Solicitud → Resolución de Prestación;215,45
Islas Baleares;2026-01-31;Solicitud → Resolución de Grado;115,80
Islas Baleares;2026-01-31;Resolución de Grado → Resolución de Prestación;91,46
Islas Baleares;2026-01-31;Solicitud → Resolución de Prestación;211,33
Canarias;2023-01-31;Solicitud → Resolución de Grado;541,82
Canarias;2023-01-31;Resolución de Grado → Resolución de Prestación;274,26
Canarias;2023-01-31;Solicitud → Resolución de Prestación;963,19
Canarias;2023-02-28;Solicitud → Resolución de Grado;524,62
Canarias;2023-02-28;Resolución de Grado → Resolución de Prestación;267,42
Canarias;2023-02-28;Solicitud → Resolución de Prestación;945,61
Canarias;2023-03-31;Solicitud → Resolución de Grado;503,24
Canarias;2023-03-31;Resolución de Grado → Resolución de Prestación;256,45
Canarias;2023-03-31;Solicitud → Resolución de Prestación;915,27
Canarias;2023-04-30;Solicitud → Resolución de Grado;489,42
Canarias;2023-04-30;Resolución de Grado → Resolución de Prestación;246,58
Canarias;2023-04-30;Solicitud → Resolución de Prestación;880,61
Canarias;2023-05-31;Solicitud → Resolución de Grado;474,42
Canarias;2023-05-31;Resolución de Grado → Resolución de Prestación;235,85
Canarias;2023-05-31;Solicitud → Resolución de Prestación;846,56
Canarias;2023-06-30;Solicitud → Resolución de Grado;464,60
Canarias;2023-06-30;Resolución de Grado → Resolución de Prestación;225,95
Canarias;2023-06-30;Solicitud → Resolución de Prestación;816,75
Canarias;2023-07-31;Solicitud → Resolución de Grado;457,48
Canarias;2023-07-31;Resolución de Grado → Resolución de Prestación;216,96
Canarias;2023-07-31;Solicitud → Resolución de Prestación;782,31
Canarias;2023-08-31;Solicitud → Resolución de Grado;448,04
Canarias;2023-08-31;Resolución de Grado → Resolución de Prestación;207,75
Canarias;2023-08-31;Solicitud → Resolución de Prestación;745,33
Canarias;2023-09-30;Solicitud → Resolución de Grado;440,38
Canarias;2023-09-30;Resolución de Grado → Resolución de Prestación;199,10
Canarias;2023-09-30;Solicitud → Resolución de Prestación;716,83
Canarias;2023-10-31;Solicitud → Resolución de Grado;434,12
Canarias;2023-10-31;Resolución de Grado → Resolución de Prestación;191,51
Canarias;2023-10-31;Solicitud → Resolución de Prestación;687,19
Canarias;2023-11-30;Solicitud → Resolución de Grado;429,42
Canarias;2023-11-30;Resolución de Grado → Resolución de Prestación;187,73
Canarias;2023-11-30;Solicitud → Resolución de Prestación;664,22
Canarias;2023-12-31;Solicitud → Resolución de Grado;425,90
Canarias;2023-12-31;Resolución de Grado → Resolución de Prestación;183,98
Canarias;2023-12-31;Solicitud → Resolución de Prestación;647,28
Canarias;2024-01-31;Solicitud → Resolución de Grado;413,55
Canarias;2024-01-31;Resolución de Grado → Resolución de Prestación;183,53
Canarias;2024-01-31;Solicitud → Resolución de Prestación;635,79
Canarias;2024-02-29;Solicitud → Resolución de Grado;408,92
Canarias;2024-02-29;Resolución de Grado → Resolución de Prestación;180,65
Canarias;2024-02-29;Solicitud → Resolución de Prestación;627,70
Canarias;2024-03-31;Solicitud → Resolución de Grado;404,64
Canarias;2024-03-31;Resolución de Grado → Resolución de Prestación;176,25
Canarias;2024-03-31;Solicitud → Resolución de Prestación;609,96
Canarias;2024-04-30;Solicitud → Resolución de Grado;399,54
Canarias;2024-04-30;Resolución de Grado → Resolución de Prestación;176,10
Canarias;2024-04-30;Solicitud → Resolución de Prestación;594,95
Canarias;2024-05-31;Solicitud → Resolución de Grado;398,97
Canarias;2024-05-31;Resolución de Grado → Resolución de Prestación;178,66
Canarias;2024-05-31;Solicitud → Resolución de Prestación;593,40
Canarias;2024-06-30;Solicitud → Resolución de Grado;395,02
Canarias;2024-06-30;Resolución de Grado → Resolución de Prestación;179,91
Canarias;2024-06-30;Solicitud → Resolución de Prestación;591,41
Canarias;2024-07-31;Solicitud → Resolución de Grado;391,42
Canarias;2024-07-31;Resolución de Grado → Resolución de Prestación;177,19
Canarias;2024-07-31;Solicitud → Resolución de Prestación;585,08
Canarias;2024-08-31;Solicitud → Resolución de Grado;390,07
Canarias;2024-08-31;Resolución de Grado → Resolución de Prestación;173,45
Canarias;2024-08-31;Solicitud → Resolución de Prestación;579,82
Canarias;2024-09-30;Solicitud → Resolución de Grado;390,10
Canarias;2024-09-30;Resolución de Grado → Resolución de Prestación;173,21
Canarias;2024-09-30;Solicitud → Resolución de Prestación;575,56
Canarias;2024-10-31;Solicitud → Resolución de Grado;385,68
Canarias;2024-10-31;Resolución de Grado → Resolución de Prestación;172,74
Canarias;2024-10-31;Solicitud → Resolución de Prestación;573,80
Canarias;2024-11-30;Solicitud → Resolución de Grado;386,15
Canarias;2024-11-30;Resolución de Grado → Resolución de Prestación;168,67
Canarias;2024-11-30;Solicitud → Resolución de Prestación;566,89
Canarias;2024-12-31;Solicitud → Resolución de Grado;388,50
Canarias;2024-12-31;Resolución de Grado → Resolución de Prestación;166,17
Canarias;2024-12-31;Solicitud → Resolución de Prestación;560,69
Canarias;2025-01-31;Solicitud → Resolución de Grado;397,75
Canarias;2025-01-31;Resolución de Grado → Resolución de Prestación;163,04
Canarias;2025-01-31;Solicitud → Resolución de Prestación;555,89
Canarias;2025-02-28;Solicitud → Resolución de Grado;393,64
Canarias;2025-02-28;Resolución de Grado → Resolución de Prestación;159,00
Canarias;2025-02-28;Solicitud → Resolución de Prestación;551,26
Canarias;2025-03-31;Solicitud → Resolución de Grado;384,77
Canarias;2025-03-31;Resolución de Grado → Resolución de Prestación;157,35
Canarias;2025-03-31;Solicitud → Resolución de Prestación;549,37
Canarias;2025-04-30;Solicitud → Resolución de Grado;375,43
Canarias;2025-04-30;Resolución de Grado → Resolución de Prestación;153,36
Canarias;2025-04-30;Solicitud → Resolución de Prestación;542,74
Canarias;2025-05-31;Solicitud → Resolución de Grado;366,10
Canarias;2025-05-31;Resolución de Grado → Resolución de Prestación;150,34
Canarias;2025-05-31;Solicitud → Resolución de Prestación;539,66
Canarias;2025-06-30;Solicitud → Resolución de Grado;356,85
Canarias;2025-06-30;Resolución de Grado → Resolución de Prestación;140,78
Canarias;2025-06-30;Solicitud → Resolución de Prestación;520,80
Canarias;2025-07-31;Solicitud → Resolución de Grado;351,34
Canarias;2025-07-31;Resolución de Grado → Resolución de Prestación;138,21
Canarias;2025-07-31;Solicitud → Resolución de Prestación;513,20
Canarias;2025-08-31;Solicitud → Resolución de Grado;345,27
Canarias;2025-08-31;Resolución de Grado → Resolución de Prestación;132,81
Canarias;2025-08-31;Solicitud → Resolución de Prestación;500,32
Canarias;2025-09-30;Solicitud → Resolución de Grado;334,61
Canarias;2025-09-30;Resolución de Grado → Resolución de Prestación;127,75
Canarias;2025-09-30;Solicitud → Resolución de Prestación;478,46
Canarias;2025-10-31;Solicitud → Resolución de Grado;325,28
Canarias;2025-10-31;Resolución de Grado → Resolución de Prestación;118,60
Canarias;2025-10-31;Solicitud → Resolución de Prestación;456,07
Canarias;2025-11-30;Solicitud → Resolución de Grado;311,79
Canarias;2025-11-30;Resolución de Grado → Resolución de Prestación;113,81
Canarias;2025-11-30;Solicitud → Resolución de Prestación;439,23
Canarias;2025-12-31;Solicitud → Resolución de Grado;301,02
Canarias;2025-12-31;Resolución de Grado → Resolución de Prestación;110,84
Canarias;2025-12-31;Solicitud → Resolución de Prestación;430,49
Canarias;2026-01-31;Solicitud → Resolución de Grado;276,97
Canarias;2026-01-31;Resolución de Grado → Resolución de Prestación;104,47
Canarias;2026-01-31;Solicitud → Resolución de Prestación;410,84
Cantabria;2023-01-31;Solicitud → Resolución de Grado;90,73
Cantabria;2023-01-31;Resolución de Grado → Resolución de Prestación;109,71
Cantabria;2023-01-31;Solicitud → Resolución de Prestación;194,83
Cantabria;2023-02-28;Solicitud → Resolución de Grado;93,75
Cantabria;2023-02-28;Resolución de Grado → Resolución de Prestación;104,50
Cantabria;2023-02-28;Solicitud → Resolución de Prestación;191,43
Cantabria;2023-03-31;Solicitud → Resolución de Grado;95,19
Cantabria;2023-03-31;Resolución de Grado → Resolución de Prestación;102,29
Cantabria;2023-03-31;Solicitud → Resolución de Prestación;191,37
Cantabria;2023-04-30;Solicitud → Resolución de Grado;97,83
Cantabria;2023-04-30;Resolución de Grado → Resolución de Prestación;99,16
Cantabria;2023-04-30;Solicitud → Resolución de Prestación;189,40
Cantabria;2023-05-31;Solicitud → Resolución de Grado;99,99
Cantabria;2023-05-31;Resolución de Grado → Resolución de Prestación;94,92
Cantabria;2023-05-31;Solicitud → Resolución de Prestación;186,09
Cantabria;2023-06-30;Solicitud → Resolución de Grado;102,58
Cantabria;2023-06-30;Resolución de Grado → Resolución de Prestación;87,98
Cantabria;2023-06-30;Solicitud → Resolución de Prestación;181,84
Cantabria;2023-07-31;Solicitud → Resolución de Grado;105,87
Cantabria;2023-07-31;Resolución de Grado → Resolución de Prestación;84,05
Cantabria;2023-07-31;Solicitud → Resolución de Prestación;180,55
Cantabria;2023-08-31;Solicitud → Resolución de Grado;108,71
Cantabria;2023-08-31;Resolución de Grado → Resolución de Prestación;80,53
Cantabria;2023-08-31;Solicitud → Resolución de Prestación;179,27
Cantabria;2023-09-30;Solicitud → Resolución de Grado;113,13
Cantabria;2023-09-30;Resolución de Grado → Resolución de Prestación;76,43
Cantabria;2023-09-30;Solicitud → Resolución de Prestación;177,73
Cantabria;2023-10-31;Solicitud → Resolución de Grado;117,09
Cantabria;2023-10-31;Resolución de Grado → Resolución de Prestación;72,92
Cantabria;2023-10-31;Solicitud → Resolución de Prestación;177,48
Cantabria;2023-11-30;Solicitud → Resolución de Grado;121,31
Cantabria;2023-11-30;Resolución de Grado → Resolución de Prestación;69,14
Cantabria;2023-11-30;Solicitud → Resolución de Prestación;177,18
Cantabria;2023-12-31;Solicitud → Resolución de Grado;125,12
Cantabria;2023-12-31;Resolución de Grado → Resolución de Prestación;62,72
Cantabria;2023-12-31;Solicitud → Resolución de Prestación;173,42
Cantabria;2024-01-31;Solicitud → Resolución de Grado;128,16
Cantabria;2024-01-31;Resolución de Grado → Resolución de Prestación;59,56
Cantabria;2024-01-31;Solicitud → Resolución de Prestación;176,45
Cantabria;2024-02-29;Solicitud → Resolución de Grado;134,02
Cantabria;2024-02-29;Resolución de Grado → Resolución de Prestación;56,69
Cantabria;2024-02-29;Solicitud → Resolución de Prestación;180,90
Cantabria;2024-03-31;Solicitud → Resolución de Grado;139,26
Cantabria;2024-03-31;Resolución de Grado → Resolución de Prestación;50,56
Cantabria;2024-03-31;Solicitud → Resolución de Prestación;182,20
Cantabria;2024-04-30;Solicitud → Resolución de Grado;141,61
Cantabria;2024-04-30;Resolución de Grado → Resolución de Prestación;78,37
Cantabria;2024-04-30;Solicitud → Resolución de Prestación;209,44
Cantabria;2024-05-31;Solicitud → Resolución de Grado;145,77
Cantabria;2024-05-31;Resolución de Grado → Resolución de Prestación;72,06
Cantabria;2024-05-31;Solicitud → Resolución de Prestación;210,39
Cantabria;2024-06-30;Solicitud → Resolución de Grado;146,60
Cantabria;2024-06-30;Resolución de Grado → Resolución de Prestación;69,06
Cantabria;2024-06-30;Solicitud → Resolución de Prestación;209,01
Cantabria;2024-07-31;Solicitud → Resolución de Grado;151,23
Cantabria;2024-07-31;Resolución de Grado → Resolución de Prestación;66,43
Cantabria;2024-07-31;Solicitud → Resolución de Prestación;210,08
Cantabria;2024-08-31;Solicitud → Resolución de Grado;154,80
Cantabria;2024-08-31;Resolución de Grado → Resolución de Prestación;65,66
Cantabria;2024-08-31;Solicitud → Resolución de Prestación;213,04
Cantabria;2024-09-30;Solicitud → Resolución de Grado;157,45
Cantabria;2024-09-30;Resolución de Grado → Resolución de Prestación;63,66
Cantabria;2024-09-30;Solicitud → Resolución de Prestación;214,12
Cantabria;2024-10-31;Solicitud → Resolución de Grado;161,57
Cantabria;2024-10-31;Resolución de Grado → Resolución de Prestación;58,83
Cantabria;2024-10-31;Solicitud → Resolución de Prestación;214,35
Cantabria;2024-11-30;Solicitud → Resolución de Grado;162,14
Cantabria;2024-11-30;Resolución de Grado → Resolución de Prestación;52,31
Cantabria;2024-11-30;Solicitud → Resolución de Prestación;209,60
Cantabria;2024-12-31;Solicitud → Resolución de Grado;162,71
Cantabria;2024-12-31;Resolución de Grado → Resolución de Prestación;50,36
Cantabria;2024-12-31;Solicitud → Resolución de Prestación;209,54
Cantabria;2025-01-31;Solicitud → Resolución de Grado;162,37
Cantabria;2025-01-31;Resolución de Grado → Resolución de Prestación;45,60
Cantabria;2025-01-31;Solicitud → Resolución de Prestación;206,86
Cantabria;2025-02-28;Solicitud → Resolución de Grado;162,47
Cantabria;2025-02-28;Resolución de Grado → Resolución de Prestación;42,32
Cantabria;2025-02-28;Solicitud → Resolución de Prestación;202,51
Cantabria;2025-03-31;Solicitud → Resolución de Grado;162,11
Cantabria;2025-03-31;Resolución de Grado → Resolución de Prestación;49,52
Cantabria;2025-03-31;Solicitud → Resolución de Prestación;207,17
Cantabria;2025-04-30;Solicitud → Resolución de Grado;160,78
Cantabria;2025-04-30;Resolución de Grado → Resolución de Prestación;48,63
Cantabria;2025-04-30;Solicitud → Resolución de Prestación;206,60
Cantabria;2025-05-31;Solicitud → Resolución de Grado;161,07
Cantabria;2025-05-31;Resolución de Grado → Resolución de Prestación;50,95
Cantabria;2025-05-31;Solicitud → Resolución de Prestación;208,29
Cantabria;2025-06-30;Solicitud → Resolución de Grado;160,52
Cantabria;2025-06-30;Resolución de Grado → Resolución de Prestación;52,18
Cantabria;2025-06-30;Solicitud → Resolución de Prestación;209,61
Cantabria;2025-07-31;Solicitud → Resolución de Grado;159,24
Cantabria;2025-07-31;Resolución de Grado → Resolución de Prestación;54,00
Cantabria;2025-07-31;Solicitud → Resolución de Prestación;211,94
Cantabria;2025-08-31;Solicitud → Resolución de Grado;158,05
Cantabria;2025-08-31;Resolución de Grado → Resolución de Prestación;54,49
Cantabria;2025-08-31;Solicitud → Resolución de Prestación;210,96
Cantabria;2025-09-30;Solicitud → Resolución de Grado;158,14
Cantabria;2025-09-30;Resolución de Grado → Resolución de Prestación;53,07
Cantabria;2025-09-30;Solicitud → Resolución de Prestación;210,63
Cantabria;2025-10-31;Solicitud → Resolución de Grado;156,42
Cantabria;2025-10-31;Resolución de Grado → Resolución de Prestación;57,96
Cantabria;2025-10-31;Solicitud → Resolución de Prestación;212,94
Cantabria;2025-11-30;Solicitud → Resolución de Grado;149,59
Cantabria;2025-11-30;Resolución de Grado → Resolución de Prestación;58,15
Cantabria;2025-11-30;Solicitud → Resolución de Prestación;203,34
Cantabria;2025-12-31;Solicitud → Resolución de Grado;148,21
Cantabria;2025-12-31;Resolución de Grado → Resolución de Prestación;58,90
Cantabria;2025-12-31;Solicitud → Resolución de Prestación;202,76
Cantabria;2026-01-31;Solicitud → Resolución de Grado;147,71
Cantabria;2026-01-31;Resolución de Grado → Resolución de Prestación;38,02
Cantabria;2026-01-31;Solicitud → Resolución de Prestación;182,39
Castilla-La Mancha;2023-01-31;Solicitud → Resolución de Grado;117,27
Castilla-La Mancha;2023-01-31;Resolución de Grado → Resolución de Prestación;77,87
Castilla-La Mancha;2023-01-31;Solicitud → Resolución de Prestación;189,84
Castilla-La Mancha;2023-02-28;Solicitud → Resolución de Grado;118,61
Castilla-La Mancha;2023-02-28;Resolución de Grado → Resolución de Prestación;76,35
Castilla-La Mancha;2023-02-28;Solicitud → Resolución de Prestación;188,57
Castilla-La Mancha;2023-03-31;Solicitud → Resolución de Grado;121,62
Castilla-La Mancha;2023-03-31;Resolución de Grado → Resolución de Prestación;73,58
Castilla-La Mancha;2023-03-31;Solicitud → Resolución de Prestación;187,07
Castilla-La Mancha;2023-04-30;Solicitud → Resolución de Grado;122,59
Castilla-La Mancha;2023-04-30;Resolución de Grado → Resolución de Prestación;71,76
Castilla-La Mancha;2023-04-30;Solicitud → Resolución de Prestación;186,83
Castilla-La Mancha;2023-05-31;Solicitud → Resolución de Grado;123,65
Castilla-La Mancha;2023-05-31;Resolución de Grado → Resolución de Prestación;68,67
Castilla-La Mancha;2023-05-31;Solicitud → Resolución de Prestación;184,93
Castilla-La Mancha;2023-06-30;Solicitud → Resolución de Grado;124,78
Castilla-La Mancha;2023-06-30;Resolución de Grado → Resolución de Prestación;67,31
Castilla-La Mancha;2023-06-30;Solicitud → Resolución de Prestación;183,98
Castilla-La Mancha;2023-07-31;Solicitud → Resolución de Grado;126,10
Castilla-La Mancha;2023-07-31;Resolución de Grado → Resolución de Prestación;66,40
Castilla-La Mancha;2023-07-31;Solicitud → Resolución de Prestación;185,11
Castilla-La Mancha;2023-08-31;Solicitud → Resolución de Grado;125,52
Castilla-La Mancha;2023-08-31;Resolución de Grado → Resolución de Prestación;65,59
Castilla-La Mancha;2023-08-31;Solicitud → Resolución de Prestación;184,72
Castilla-La Mancha;2023-09-30;Solicitud → Resolución de Grado;124,36
Castilla-La Mancha;2023-09-30;Resolución de Grado → Resolución de Prestación;64,60
Castilla-La Mancha;2023-09-30;Solicitud → Resolución de Prestación;184,10
Castilla-La Mancha;2023-10-31;Solicitud → Resolución de Grado;126,23
Castilla-La Mancha;2023-10-31;Resolución de Grado → Resolución de Prestación;64,76
Castilla-La Mancha;2023-10-31;Solicitud → Resolución de Prestación;185,58
Castilla-La Mancha;2023-11-30;Solicitud → Resolución de Grado;127,30
Castilla-La Mancha;2023-11-30;Resolución de Grado → Resolución de Prestación;65,86
Castilla-La Mancha;2023-11-30;Solicitud → Resolución de Prestación;189,58
Castilla-La Mancha;2023-12-31;Solicitud → Resolución de Grado;124,55
Castilla-La Mancha;2023-12-31;Resolución de Grado → Resolución de Prestación;67,24
Castilla-La Mancha;2023-12-31;Solicitud → Resolución de Prestación;190,84
Castilla-La Mancha;2024-01-31;Solicitud → Resolución de Grado;127,06
Castilla-La Mancha;2024-01-31;Resolución de Grado → Resolución de Prestación;66,95
Castilla-La Mancha;2024-01-31;Solicitud → Resolución de Prestación;190,07
Castilla-La Mancha;2024-02-29;Solicitud → Resolución de Grado;127,52
Castilla-La Mancha;2024-02-29;Resolución de Grado → Resolución de Prestación;65,82
Castilla-La Mancha;2024-02-29;Solicitud → Resolución de Prestación;191,28
Castilla-La Mancha;2024-03-31;Solicitud → Resolución de Grado;129,13
Castilla-La Mancha;2024-03-31;Resolución de Grado → Resolución de Prestación;66,83
Castilla-La Mancha;2024-03-31;Solicitud → Resolución de Prestación;192,38
Castilla-La Mancha;2024-04-30;Solicitud → Resolución de Grado;129,18
Castilla-La Mancha;2024-04-30;Resolución de Grado → Resolución de Prestación;66,83
Castilla-La Mancha;2024-04-30;Solicitud → Resolución de Prestación;192,47
Castilla-La Mancha;2024-05-31;Solicitud → Resolución de Grado;130,94
Castilla-La Mancha;2024-05-31;Resolución de Grado → Resolución de Prestación;66,60
Castilla-La Mancha;2024-05-31;Solicitud → Resolución de Prestación;192,07
Castilla-La Mancha;2024-06-30;Solicitud → Resolución de Grado;130,45
Castilla-La Mancha;2024-06-30;Resolución de Grado → Resolución de Prestación;67,07
Castilla-La Mancha;2024-06-30;Solicitud → Resolución de Prestación;194,90
Castilla-La Mancha;2024-07-31;Solicitud → Resolución de Grado;128,75
Castilla-La Mancha;2024-07-31;Resolución de Grado → Resolución de Prestación;67,23
Castilla-La Mancha;2024-07-31;Solicitud → Resolución de Prestación;195,11
Castilla-La Mancha;2024-08-31;Solicitud → Resolución de Grado;128,06
Castilla-La Mancha;2024-08-31;Resolución de Grado → Resolución de Prestación;66,72
Castilla-La Mancha;2024-08-31;Solicitud → Resolución de Prestación;194,63
Castilla-La Mancha;2024-09-30;Solicitud → Resolución de Grado;126,63
Castilla-La Mancha;2024-09-30;Resolución de Grado → Resolución de Prestación;67,25
Castilla-La Mancha;2024-09-30;Solicitud → Resolución de Prestación;195,10
Castilla-La Mancha;2024-10-31;Solicitud → Resolución de Grado;122,50
Castilla-La Mancha;2024-10-31;Resolución de Grado → Resolución de Prestación;66,05
Castilla-La Mancha;2024-10-31;Solicitud → Resolución de Prestación;192,78
Castilla-La Mancha;2024-11-30;Solicitud → Resolución de Grado;122,56
Castilla-La Mancha;2024-11-30;Resolución de Grado → Resolución de Prestación;64,60
Castilla-La Mancha;2024-11-30;Solicitud → Resolución de Prestación;188,73
Castilla-La Mancha;2024-12-31;Solicitud → Resolución de Grado;123,45
Castilla-La Mancha;2024-12-31;Resolución de Grado → Resolución de Prestación;63,03
Castilla-La Mancha;2024-12-31;Solicitud → Resolución de Prestación;186,66
Castilla-La Mancha;2025-01-31;Solicitud → Resolución de Grado;119,82
Castilla-La Mancha;2025-01-31;Resolución de Grado → Resolución de Prestación;62,88
Castilla-La Mancha;2025-01-31;Solicitud → Resolución de Prestación;186,36
Castilla-La Mancha;2025-02-28;Solicitud → Resolución de Grado;118,32
Castilla-La Mancha;2025-02-28;Resolución de Grado → Resolución de Prestación;63,43
Castilla-La Mancha;2025-02-28;Solicitud → Resolución de Prestación;183,65
Castilla-La Mancha;2025-03-31;Solicitud → Resolución de Grado;115,77
Castilla-La Mancha;2025-03-31;Resolución de Grado → Resolución de Prestación;62,54
Castilla-La Mancha;2025-03-31;Solicitud → Resolución de Prestación;181,43
Castilla-La Mancha;2025-04-30;Solicitud → Resolución de Grado;114,73
Castilla-La Mancha;2025-04-30;Resolución de Grado → Resolución de Prestación;61,61
Castilla-La Mancha;2025-04-30;Solicitud → Resolución de Prestación;179,54
Castilla-La Mancha;2025-05-31;Solicitud → Resolución de Grado;110,98
Castilla-La Mancha;2025-05-31;Resolución de Grado → Resolución de Prestación;61,42
Castilla-La Mancha;2025-05-31;Solicitud → Resolución de Prestación;178,73
Castilla-La Mancha;2025-06-30;Solicitud → Resolución de Grado;109,13
Castilla-La Mancha;2025-06-30;Resolución de Grado → Resolución de Prestación;61,34
Castilla-La Mancha;2025-06-30;Solicitud → Resolución de Prestación;176,23
Castilla-La Mancha;2025-07-31;Solicitud → Resolución de Grado;106,84
Castilla-La Mancha;2025-07-31;Resolución de Grado → Resolución de Prestación;61,15
Castilla-La Mancha;2025-07-31;Solicitud → Resolución de Prestación;174,24
Castilla-La Mancha;2025-08-31;Solicitud → Resolución de Grado;106,35
Castilla-La Mancha;2025-08-31;Resolución de Grado → Resolución de Prestación;61,26
Castilla-La Mancha;2025-08-31;Solicitud → Resolución de Prestación;172,39
Castilla-La Mancha;2025-09-30;Solicitud → Resolución de Grado;106,12
Castilla-La Mancha;2025-09-30;Resolución de Grado → Resolución de Prestación;59,74
Castilla-La Mancha;2025-09-30;Solicitud → Resolución de Prestación;169,03
Castilla-La Mancha;2025-10-31;Solicitud → Resolución de Grado;108,74
Castilla-La Mancha;2025-10-31;Resolución de Grado → Resolución de Prestación;58,93
Castilla-La Mancha;2025-10-31;Solicitud → Resolución de Prestación;166,79
Castilla-La Mancha;2025-11-30;Solicitud → Resolución de Grado;107,23
Castilla-La Mancha;2025-11-30;Resolución de Grado → Resolución de Prestación;57,46
Castilla-La Mancha;2025-11-30;Solicitud → Resolución de Prestación;165,88
Castilla-La Mancha;2025-12-31;Solicitud → Resolución de Grado;107,27
Castilla-La Mancha;2025-12-31;Resolución de Grado → Resolución de Prestación;56,94
Castilla-La Mancha;2025-12-31;Solicitud → Resolución de Prestación;164,53
Castilla-La Mancha;2026-01-31;Solicitud → Resolución de Grado;109,41
Castilla-La Mancha;2026-01-31;Resolución de Grado → Resolución de Prestación;57,22
Castilla-La Mancha;2026-01-31;Solicitud → Resolución de Prestación;164,52
Castilla y León;2023-01-31;Solicitud → Resolución de Grado;120,14
Castilla y León;2023-01-31;Resolución de Grado → Resolución de Prestación;0,02
Castilla y León;2023-01-31;Solicitud → Resolución de Prestación;124,51
Castilla y León;2023-02-28;Solicitud → Resolución de Grado;119,90
Castilla y León;2023-02-28;Resolución de Grado → Resolución de Prestación;0,02
Castilla y León;2023-02-28;Solicitud → Resolución de Prestación;123,30
Castilla y León;2023-03-31;Solicitud → Resolución de Grado;119,87
Castilla y León;2023-03-31;Resolución de Grado → Resolución de Prestación;0,01
Castilla y León;2023-03-31;Solicitud → Resolución de Prestación;123,70
Castilla y León;2023-04-30;Solicitud → Resolución de Grado;120,73
Castilla y León;2023-04-30;Resolución de Grado → Resolución de Prestación;0,01
Castilla y León;2023-04-30;Solicitud → Resolución de Prestación;123,39
Castilla y León;2023-05-31;Solicitud → Resolución de Grado;120,91
Castilla y León;2023-05-31;Resolución de Grado → Resolución de Prestación;0,01
Castilla y León;2023-05-31;Solicitud → Resolución de Prestación;123,22
Castilla y León;2023-06-30;Solicitud → Resolución de Grado;122,65
Castilla y León;2023-06-30;Resolución de Grado → Resolución de Prestación;0,01
Castilla y León;2023-06-30;Solicitud → Resolución de Prestación;125,14
Castilla y León;2023-07-31;Solicitud → Resolución de Grado;123,87
Castilla y León;2023-07-31;Resolución de Grado → Resolución de Prestación;0,01
Castilla y León;2023-07-31;Solicitud → Resolución de Prestación;125,44
Castilla y León;2023-08-31;Solicitud → Resolución de Grado;124,35
Castilla y León;2023-08-31;Resolución de Grado → Resolución de Prestación;0,01
Castilla y León;2023-08-31;Solicitud → Resolución de Prestación;125,44
Castilla y León;2023-09-30;Solicitud → Resolución de Grado;122,99
Castilla y León;2023-09-30;Resolución de Grado → Resolución de Prestación;0,01
Castilla y León;2023-09-30;Solicitud → Resolución de Prestación;125,96
Castilla y León;2023-10-31;Solicitud → Resolución de Grado;120,90
Castilla y León;2023-10-31;Resolución de Grado → Resolución de Prestación;0,00
Castilla y León;2023-10-31;Solicitud → Resolución de Prestación;126,51
Castilla y León;2023-11-30;Solicitud → Resolución de Grado;121,59
Castilla y León;2023-11-30;Resolución de Grado → Resolución de Prestación;0,00
Castilla y León;2023-11-30;Solicitud → Resolución de Prestación;127,24
Castilla y León;2023-12-31;Solicitud → Resolución de Grado;118,76
Castilla y León;2023-12-31;Resolución de Grado → Resolución de Prestación;0,00
Castilla y León;2023-12-31;Solicitud → Resolución de Prestación;127,39
Castilla y León;2024-01-31;Solicitud → Resolución de Grado;118,66
Castilla y León;2024-01-31;Resolución de Grado → Resolución de Prestación;0,03
Castilla y León;2024-01-31;Solicitud → Resolución de Prestación;127,67
Castilla y León;2024-02-29;Solicitud → Resolución de Grado;118,94
Castilla y León;2024-02-29;Resolución de Grado → Resolución de Prestación;0,06
Castilla y León;2024-02-29;Solicitud → Resolución de Prestación;128,06
Castilla y León;2024-03-31;Solicitud → Resolución de Grado;118,47
Castilla y León;2024-03-31;Resolución de Grado → Resolución de Prestación;0,07
Castilla y León;2024-03-31;Solicitud → Resolución de Prestación;127,54
Castilla y León;2024-04-30;Solicitud → Resolución de Grado;118,31
Castilla y León;2024-04-30;Resolución de Grado → Resolución de Prestación;0,07
Castilla y León;2024-04-30;Solicitud → Resolución de Prestación;126,80
Castilla y León;2024-05-31;Solicitud → Resolución de Grado;119,38
Castilla y León;2024-05-31;Resolución de Grado → Resolución de Prestación;0,07
Castilla y León;2024-05-31;Solicitud → Resolución de Prestación;127,84
Castilla y León;2024-06-30;Solicitud → Resolución de Grado;118,70
Castilla y León;2024-06-30;Resolución de Grado → Resolución de Prestación;0,11
Castilla y León;2024-06-30;Solicitud → Resolución de Prestación;126,75
Castilla y León;2024-07-31;Solicitud → Resolución de Grado;119,06
Castilla y León;2024-07-31;Resolución de Grado → Resolución de Prestación;0,12
Castilla y León;2024-07-31;Solicitud → Resolución de Prestación;127,04
Castilla y León;2024-08-31;Solicitud → Resolución de Grado;118,88
Castilla y León;2024-08-31;Resolución de Grado → Resolución de Prestación;0,13
Castilla y León;2024-08-31;Solicitud → Resolución de Prestación;126,86
Castilla y León;2024-09-30;Solicitud → Resolución de Grado;118,12
Castilla y León;2024-09-30;Resolución de Grado → Resolución de Prestación;0,12
Castilla y León;2024-09-30;Solicitud → Resolución de Prestación;126,37
Castilla y León;2024-10-31;Solicitud → Resolución de Grado;117,82
Castilla y León;2024-10-31;Resolución de Grado → Resolución de Prestación;0,12
Castilla y León;2024-10-31;Solicitud → Resolución de Prestación;126,20
Castilla y León;2024-11-30;Solicitud → Resolución de Grado;118,24
Castilla y León;2024-11-30;Resolución de Grado → Resolución de Prestación;0,11
Castilla y León;2024-11-30;Solicitud → Resolución de Prestación;126,53
Castilla y León;2024-12-31;Solicitud → Resolución de Grado;113,73
Castilla y León;2024-12-31;Resolución de Grado → Resolución de Prestación;0,11
Castilla y León;2024-12-31;Solicitud → Resolución de Prestación;118,61
Castilla y León;2025-01-31;Solicitud → Resolución de Grado;114,08
Castilla y León;2025-01-31;Resolución de Grado → Resolución de Prestación;0,11
Castilla y León;2025-01-31;Solicitud → Resolución de Prestación;118,89
Castilla y León;2025-02-28;Solicitud → Resolución de Grado;112,17
Castilla y León;2025-02-28;Resolución de Grado → Resolución de Prestación;0,08
Castilla y León;2025-02-28;Solicitud → Resolución de Prestación;116,39
Castilla y León;2025-03-31;Solicitud → Resolución de Grado;111,70
Castilla y León;2025-03-31;Resolución de Grado → Resolución de Prestación;0,06
Castilla y León;2025-03-31;Solicitud → Resolución de Prestación;115,39
Castilla y León;2025-04-30;Solicitud → Resolución de Grado;111,02
Castilla y León;2025-04-30;Resolución de Grado → Resolución de Prestación;0,04
Castilla y León;2025-04-30;Solicitud → Resolución de Prestación;114,86
Castilla y León;2025-05-31;Solicitud → Resolución de Grado;109,37
Castilla y León;2025-05-31;Resolución de Grado → Resolución de Prestación;0,03
Castilla y León;2025-05-31;Solicitud → Resolución de Prestación;113,22
Castilla y León;2025-06-30;Solicitud → Resolución de Grado;109,56
Castilla y León;2025-06-30;Resolución de Grado → Resolución de Prestación;0,12
Castilla y León;2025-06-30;Solicitud → Resolución de Prestación;113,19
Castilla y León;2025-07-31;Solicitud → Resolución de Grado;109,22
Castilla y León;2025-07-31;Resolución de Grado → Resolución de Prestación;0,13
Castilla y León;2025-07-31;Solicitud → Resolución de Prestación;112,69
Castilla y León;2025-08-31;Solicitud → Resolución de Grado;109,60
Castilla y León;2025-08-31;Resolución de Grado → Resolución de Prestación;0,15
Castilla y León;2025-08-31;Solicitud → Resolución de Prestación;113,28
Castilla y León;2025-09-30;Solicitud → Resolución de Grado;109,18
Castilla y León;2025-09-30;Resolución de Grado → Resolución de Prestación;0,14
Castilla y León;2025-09-30;Solicitud → Resolución de Prestación;113,10
Castilla y León;2025-10-31;Solicitud → Resolución de Grado;109,27
Castilla y León;2025-10-31;Resolución de Grado → Resolución de Prestación;0,14
Castilla y León;2025-10-31;Solicitud → Resolución de Prestación;113,20
Castilla y León;2025-11-30;Solicitud → Resolución de Grado;109,08
Castilla y León;2025-11-30;Resolución de Grado → Resolución de Prestación;0,13
Castilla y León;2025-11-30;Solicitud → Resolución de Prestación;113,53
Castilla y León;2025-12-31;Solicitud → Resolución de Grado;108,39
Castilla y León;2025-12-31;Resolución de Grado → Resolución de Prestación;0,12
Castilla y León;2025-12-31;Solicitud → Resolución de Prestación;112,74
Castilla y León;2026-01-31;Solicitud → Resolución de Grado;108,71
Castilla y León;2026-01-31;Resolución de Grado → Resolución de Prestación;0,12
Castilla y León;2026-01-31;Solicitud → Resolución de Prestación;112,40
Cataluña;2023-01-31;Solicitud → Resolución de Grado;164,95
Cataluña;2023-01-31;Resolución de Grado → Resolución de Prestación;140,16
Cataluña;2023-01-31;Solicitud → Resolución de Prestación;294,31
Cataluña;2023-02-28;Solicitud → Resolución de Grado;166,25
Cataluña;2023-02-28;Resolución de Grado → Resolución de Prestación;136,29
Cataluña;2023-02-28;Solicitud → Resolución de Prestación;288,74
Cataluña;2023-03-31;Solicitud → Resolución de Grado;170,05
Cataluña;2023-03-31;Resolución de Grado → Resolución de Prestación;130,25
Cataluña;2023-03-31;Solicitud → Resolución de Prestación;283,25
Cataluña;2023-04-30;Solicitud → Resolución de Grado;171,68
Cataluña;2023-04-30;Resolución de Grado → Resolución de Prestación;128,91
Cataluña;2023-04-30;Solicitud → Resolución de Prestación;284,21
Cataluña;2023-05-31;Solicitud → Resolución de Grado;172,71
Cataluña;2023-05-31;Resolución de Grado → Resolución de Prestación;124,45
Cataluña;2023-05-31;Solicitud → Resolución de Prestación;282,45
Cataluña;2023-06-30;Solicitud → Resolución de Grado;173,43
Cataluña;2023-06-30;Resolución de Grado → Resolución de Prestación;120,64
Cataluña;2023-06-30;Solicitud → Resolución de Prestación;280,45
Cataluña;2023-07-31;Solicitud → Resolución de Grado;174,19
Cataluña;2023-07-31;Resolución de Grado → Resolución de Prestación;117,64
Cataluña;2023-07-31;Solicitud → Resolución de Prestación;279,95
Cataluña;2023-08-31;Solicitud → Resolución de Grado;174,92
Cataluña;2023-08-31;Resolución de Grado → Resolución de Prestación;116,18
Cataluña;2023-08-31;Solicitud → Resolución de Prestación;280,57
Cataluña;2023-09-30;Solicitud → Resolución de Grado;175,79
Cataluña;2023-09-30;Resolución de Grado → Resolución de Prestación;115,90
Cataluña;2023-09-30;Solicitud → Resolución de Prestación;282,33
Cataluña;2023-10-31;Solicitud → Resolución de Grado;176,21
Cataluña;2023-10-31;Resolución de Grado → Resolución de Prestación;112,00
Cataluña;2023-10-31;Solicitud → Resolución de Prestación;280,42
Cataluña;2023-11-30;Solicitud → Resolución de Grado;176,32
Cataluña;2023-11-30;Resolución de Grado → Resolución de Prestación;111,08
Cataluña;2023-11-30;Solicitud → Resolución de Prestación;280,44
Cataluña;2023-12-31;Solicitud → Resolución de Grado;176,79
Cataluña;2023-12-31;Resolución de Grado → Resolución de Prestación;111,81
Cataluña;2023-12-31;Solicitud → Resolución de Prestación;281,11
Cataluña;2024-01-31;Solicitud → Resolución de Grado;177,24
Cataluña;2024-01-31;Resolución de Grado → Resolución de Prestación;110,01
Cataluña;2024-01-31;Solicitud → Resolución de Prestación;279,92
Cataluña;2024-02-29;Solicitud → Resolución de Grado;177,66
Cataluña;2024-02-29;Resolución de Grado → Resolución de Prestación;107,58
Cataluña;2024-02-29;Solicitud → Resolución de Prestación;277,53
Cataluña;2024-03-31;Solicitud → Resolución de Grado;176,65
Cataluña;2024-03-31;Resolución de Grado → Resolución de Prestación;107,56
Cataluña;2024-03-31;Solicitud → Resolución de Prestación;275,89
Cataluña;2024-04-30;Solicitud → Resolución de Grado;175,90
Cataluña;2024-04-30;Resolución de Grado → Resolución de Prestación;107,69
Cataluña;2024-04-30;Solicitud → Resolución de Prestación;277,50
Cataluña;2024-05-31;Solicitud → Resolución de Grado;175,84
Cataluña;2024-05-31;Resolución de Grado → Resolución de Prestación;105,82
Cataluña;2024-05-31;Solicitud → Resolución de Prestación;276,15
Cataluña;2024-06-30;Solicitud → Resolución de Grado;176,34
Cataluña;2024-06-30;Resolución de Grado → Resolución de Prestación;101,28
Cataluña;2024-06-30;Solicitud → Resolución de Prestación;273,07
Cataluña;2024-07-31;Solicitud → Resolución de Grado;177,36
Cataluña;2024-07-31;Resolución de Grado → Resolución de Prestación;96,49
Cataluña;2024-07-31;Solicitud → Resolución de Prestación;268,42
Cataluña;2024-08-31;Solicitud → Resolución de Grado;177,05
Cataluña;2024-08-31;Resolución de Grado → Resolución de Prestación;84,54
Cataluña;2024-08-31;Solicitud → Resolución de Prestación;258,13
Cataluña;2024-09-30;Solicitud → Resolución de Grado;177,23
Cataluña;2024-09-30;Resolución de Grado → Resolución de Prestación;87,64
Cataluña;2024-09-30;Solicitud → Resolución de Prestación;262,42
Cataluña;2024-10-31;Solicitud → Resolución de Grado;178,38
Cataluña;2024-10-31;Resolución de Grado → Resolución de Prestación;89,75
Cataluña;2024-10-31;Solicitud → Resolución de Prestación;265,04
Cataluña;2024-11-30;Solicitud → Resolución de Grado;179,62
Cataluña;2024-11-30;Resolución de Grado → Resolución de Prestación;92,55
Cataluña;2024-11-30;Solicitud → Resolución de Prestación;267,81
Cataluña;2024-12-31;Solicitud → Resolución de Grado;181,52
Cataluña;2024-12-31;Resolución de Grado → Resolución de Prestación;96,46
Cataluña;2024-12-31;Solicitud → Resolución de Prestación;270,99
Cataluña;2025-01-31;Solicitud → Resolución de Grado;183,07
Cataluña;2025-01-31;Resolución de Grado → Resolución de Prestación;94,68
Cataluña;2025-01-31;Solicitud → Resolución de Prestación;269,84
Cataluña;2025-02-28;Solicitud → Resolución de Grado;185,02
Cataluña;2025-02-28;Resolución de Grado → Resolución de Prestación;91,58
Cataluña;2025-02-28;Solicitud → Resolución de Prestación;266,67
Cataluña;2025-03-31;Solicitud → Resolución de Grado;187,17
Cataluña;2025-03-31;Resolución de Grado → Resolución de Prestación;87,92
Cataluña;2025-03-31;Solicitud → Resolución de Prestación;264,40
Cataluña;2025-04-30;Solicitud → Resolución de Grado;189,96
Cataluña;2025-04-30;Resolución de Grado → Resolución de Prestación;84,52
Cataluña;2025-04-30;Solicitud → Resolución de Prestación;263,60
Cataluña;2025-05-31;Solicitud → Resolución de Grado;193,00
Cataluña;2025-05-31;Resolución de Grado → Resolución de Prestación;84,74
Cataluña;2025-05-31;Solicitud → Resolución de Prestación;267,13
Cataluña;2025-06-30;Solicitud → Resolución de Grado;195,46
Cataluña;2025-06-30;Resolución de Grado → Resolución de Prestación;82,04
Cataluña;2025-06-30;Solicitud → Resolución de Prestación;269,45
Cataluña;2025-07-31;Solicitud → Resolución de Grado;197,51
Cataluña;2025-07-31;Resolución de Grado → Resolución de Prestación;77,77
Cataluña;2025-07-31;Solicitud → Resolución de Prestación;269,62
Cataluña;2025-08-31;Solicitud → Resolución de Grado;199,35
Cataluña;2025-08-31;Resolución de Grado → Resolución de Prestación;76,70
Cataluña;2025-08-31;Solicitud → Resolución de Prestación;274,08
Cataluña;2025-09-30;Solicitud → Resolución de Grado;201,43
Cataluña;2025-09-30;Resolución de Grado → Resolución de Prestación;74,95
Cataluña;2025-09-30;Solicitud → Resolución de Prestación;275,39
Cataluña;2025-10-31;Solicitud → Resolución de Grado;204,87
Cataluña;2025-10-31;Resolución de Grado → Resolución de Prestación;76,15
Cataluña;2025-10-31;Solicitud → Resolución de Prestación;277,05
Cataluña;2025-11-30;Solicitud → Resolución de Grado;207,82
Cataluña;2025-11-30;Resolución de Grado → Resolución de Prestación;74,58
Cataluña;2025-11-30;Solicitud → Resolución de Prestación;277,56
Cataluña;2025-12-31;Solicitud → Resolución de Grado;208,35
Cataluña;2025-12-31;Resolución de Grado → Resolución de Prestación;73,12
Cataluña;2025-12-31;Solicitud → Resolución de Prestación;275,73
Cataluña;2026-01-31;Solicitud → Resolución de Grado;207,07
Cataluña;2026-01-31;Resolución de Grado → Resolución de Prestación;72,31
Cataluña;2026-01-31;Solicitud → Resolución de Prestación;272,24
Ceuta;2023-01-31;Solicitud → Resolución de Grado;36,06
Ceuta;2023-01-31;Resolución de Grado → Resolución de Prestación;27,74
Ceuta;2023-01-31;Solicitud → Resolución de Prestación;61,07
Ceuta;2023-02-28;Solicitud → Resolución de Grado;36,71
Ceuta;2023-02-28;Resolución de Grado → Resolución de Prestación;29,70
Ceuta;2023-02-28;Solicitud → Resolución de Prestación;65,59
Ceuta;2023-03-31;Solicitud → Resolución de Grado;38,28
Ceuta;2023-03-31;Resolución de Grado → Resolución de Prestación;31,09
Ceuta;2023-03-31;Solicitud → Resolución de Prestación;67,48
Ceuta;2023-04-30;Solicitud → Resolución de Grado;40,31
Ceuta;2023-04-30;Resolución de Grado → Resolución de Prestación;32,53
Ceuta;2023-04-30;Solicitud → Resolución de Prestación;70,51
Ceuta;2023-05-31;Solicitud → Resolución de Grado;41,02
Ceuta;2023-05-31;Resolución de Grado → Resolución de Prestación;33,08
Ceuta;2023-05-31;Solicitud → Resolución de Prestación;71,27
Ceuta;2023-06-30;Solicitud → Resolución de Grado;40,30
Ceuta;2023-06-30;Resolución de Grado → Resolución de Prestación;32,73
Ceuta;2023-06-30;Solicitud → Resolución de Prestación;72,06
Ceuta;2023-07-31;Solicitud → Resolución de Grado;38,19
Ceuta;2023-07-31;Resolución de Grado → Resolución de Prestación;33,33
Ceuta;2023-07-31;Solicitud → Resolución de Prestación;71,69
Ceuta;2023-08-31;Solicitud → Resolución de Grado;38,21
Ceuta;2023-08-31;Resolución de Grado → Resolución de Prestación;32,97
Ceuta;2023-08-31;Solicitud → Resolución de Prestación;70,64
Ceuta;2023-09-30;Solicitud → Resolución de Grado;35,75
Ceuta;2023-09-30;Resolución de Grado → Resolución de Prestación;34,55
Ceuta;2023-09-30;Solicitud → Resolución de Prestación;69,63
Ceuta;2023-10-31;Solicitud → Resolución de Grado;33,93
Ceuta;2023-10-31;Resolución de Grado → Resolución de Prestación;33,35
Ceuta;2023-10-31;Solicitud → Resolución de Prestación;66,92
Ceuta;2023-11-30;Solicitud → Resolución de Grado;33,88
Ceuta;2023-11-30;Resolución de Grado → Resolución de Prestación;35,21
Ceuta;2023-11-30;Solicitud → Resolución de Prestación;67,93
Ceuta;2023-12-31;Solicitud → Resolución de Grado;32,55
Ceuta;2023-12-31;Resolución de Grado → Resolución de Prestación;35,61
Ceuta;2023-12-31;Solicitud → Resolución de Prestación;68,17
Ceuta;2024-01-31;Solicitud → Resolución de Grado;31,82
Ceuta;2024-01-31;Resolución de Grado → Resolución de Prestación;34,87
Ceuta;2024-01-31;Solicitud → Resolución de Prestación;63,97
Ceuta;2024-02-29;Solicitud → Resolución de Grado;34,05
Ceuta;2024-02-29;Resolución de Grado → Resolución de Prestación;33,53
Ceuta;2024-02-29;Solicitud → Resolución de Prestación;64,46
Ceuta;2024-03-31;Solicitud → Resolución de Grado;33,47
Ceuta;2024-03-31;Resolución de Grado → Resolución de Prestación;32,87
Ceuta;2024-03-31;Solicitud → Resolución de Prestación;64,40
Ceuta;2024-04-30;Solicitud → Resolución de Grado;32,93
Ceuta;2024-04-30;Resolución de Grado → Resolución de Prestación;30,75
Ceuta;2024-04-30;Solicitud → Resolución de Prestación;61,78
Ceuta;2024-05-31;Solicitud → Resolución de Grado;31,91
Ceuta;2024-05-31;Resolución de Grado → Resolución de Prestación;29,62
Ceuta;2024-05-31;Solicitud → Resolución de Prestación;61,17
Ceuta;2024-06-30;Solicitud → Resolución de Grado;31,18
Ceuta;2024-06-30;Resolución de Grado → Resolución de Prestación;28,72
Ceuta;2024-06-30;Solicitud → Resolución de Prestación;59,77
Ceuta;2024-07-31;Solicitud → Resolución de Grado;31,67
Ceuta;2024-07-31;Resolución de Grado → Resolución de Prestación;28,91
Ceuta;2024-07-31;Solicitud → Resolución de Prestación;59,83
Ceuta;2024-08-31;Solicitud → Resolución de Grado;30,97
Ceuta;2024-08-31;Resolución de Grado → Resolución de Prestación;28,37
Ceuta;2024-08-31;Solicitud → Resolución de Prestación;59,05
Ceuta;2024-09-30;Solicitud → Resolución de Grado;29,68
Ceuta;2024-09-30;Resolución de Grado → Resolución de Prestación;26,88
Ceuta;2024-09-30;Solicitud → Resolución de Prestación;57,93
Ceuta;2024-10-31;Solicitud → Resolución de Grado;30,77
Ceuta;2024-10-31;Resolución de Grado → Resolución de Prestación;26,38
Ceuta;2024-10-31;Solicitud → Resolución de Prestación;56,71
Ceuta;2024-11-30;Solicitud → Resolución de Grado;30,79
Ceuta;2024-11-30;Resolución de Grado → Resolución de Prestación;26,09
Ceuta;2024-11-30;Solicitud → Resolución de Prestación;57,72
Ceuta;2024-12-31;Solicitud → Resolución de Grado;29,77
Ceuta;2024-12-31;Resolución de Grado → Resolución de Prestación;26,00
Ceuta;2024-12-31;Solicitud → Resolución de Prestación;58,21
Ceuta;2025-01-31;Solicitud → Resolución de Grado;29,79
Ceuta;2025-01-31;Resolución de Grado → Resolución de Prestación;25,78
Ceuta;2025-01-31;Solicitud → Resolución de Prestación;56,30
Ceuta;2025-02-28;Solicitud → Resolución de Grado;28,79
Ceuta;2025-02-28;Resolución de Grado → Resolución de Prestación;27,31
Ceuta;2025-02-28;Solicitud → Resolución de Prestación;55,72
Ceuta;2025-03-31;Solicitud → Resolución de Grado;28,40
Ceuta;2025-03-31;Resolución de Grado → Resolución de Prestación;27,21
Ceuta;2025-03-31;Solicitud → Resolución de Prestación;53,85
Ceuta;2025-04-30;Solicitud → Resolución de Grado;28,37
Ceuta;2025-04-30;Resolución de Grado → Resolución de Prestación;28,18
Ceuta;2025-04-30;Solicitud → Resolución de Prestación;54,14
Ceuta;2025-05-31;Solicitud → Resolución de Grado;30,48
Ceuta;2025-05-31;Resolución de Grado → Resolución de Prestación;30,74
Ceuta;2025-05-31;Solicitud → Resolución de Prestación;57,58
Ceuta;2025-06-30;Solicitud → Resolución de Grado;32,93
Ceuta;2025-06-30;Resolución de Grado → Resolución de Prestación;31,65
Ceuta;2025-06-30;Solicitud → Resolución de Prestación;60,45
Ceuta;2025-07-31;Solicitud → Resolución de Grado;33,37
Ceuta;2025-07-31;Resolución de Grado → Resolución de Prestación;30,18
Ceuta;2025-07-31;Solicitud → Resolución de Prestación;58,96
Ceuta;2025-08-31;Solicitud → Resolución de Grado;34,20
Ceuta;2025-08-31;Resolución de Grado → Resolución de Prestación;34,45
Ceuta;2025-08-31;Solicitud → Resolución de Prestación;65,33
Ceuta;2025-09-30;Solicitud → Resolución de Grado;36,42
Ceuta;2025-09-30;Resolución de Grado → Resolución de Prestación;35,16
Ceuta;2025-09-30;Solicitud → Resolución de Prestación;65,81
Ceuta;2025-10-31;Solicitud → Resolución de Grado;37,30
Ceuta;2025-10-31;Resolución de Grado → Resolución de Prestación;41,13
Ceuta;2025-10-31;Solicitud → Resolución de Prestación;74,40
Ceuta;2025-11-30;Solicitud → Resolución de Grado;37,89
Ceuta;2025-11-30;Resolución de Grado → Resolución de Prestación;41,62
Ceuta;2025-11-30;Solicitud → Resolución de Prestación;77,08
Ceuta;2025-12-31;Solicitud → Resolución de Grado;38,09
Ceuta;2025-12-31;Resolución de Grado → Resolución de Prestación;46,38
Ceuta;2025-12-31;Solicitud → Resolución de Prestación;82,49
Ceuta;2026-01-31;Solicitud → Resolución de Grado;38,92
Ceuta;2026-01-31;Resolución de Grado → Resolución de Prestación;47,06
Ceuta;2026-01-31;Solicitud → Resolución de Prestación;84,30
Comunidad Valenciana;2023-01-31;Solicitud → Resolución de Grado;241,94
Comunidad Valenciana;2023-01-31;Resolución de Grado → Resolución de Prestación;53,92
Comunidad Valenciana;2023-01-31;Solicitud → Resolución de Prestación;300,29
Comunidad Valenciana;2023-02-28;Solicitud → Resolución de Grado;236,97
Comunidad Valenciana;2023-02-28;Resolución de Grado → Resolución de Prestación;52,87
Comunidad Valenciana;2023-02-28;Solicitud → Resolución de Prestación;294,58
Comunidad Valenciana;2023-03-31;Solicitud → Resolución de Grado;230,95
Comunidad Valenciana;2023-03-31;Resolución de Grado → Resolución de Prestación;52,59
Comunidad Valenciana;2023-03-31;Solicitud → Resolución de Prestación;287,08
Comunidad Valenciana;2023-04-30;Solicitud → Resolución de Grado;224,28
Comunidad Valenciana;2023-04-30;Resolución de Grado → Resolución de Prestación;52,64
Comunidad Valenciana;2023-04-30;Solicitud → Resolución de Prestación;282,16
Comunidad Valenciana;2023-05-31;Solicitud → Resolución de Grado;218,30
Comunidad Valenciana;2023-05-31;Resolución de Grado → Resolución de Prestación;53,79
Comunidad Valenciana;2023-05-31;Solicitud → Resolución de Prestación;279,68
Comunidad Valenciana;2023-06-30;Solicitud → Resolución de Grado;213,48
Comunidad Valenciana;2023-06-30;Resolución de Grado → Resolución de Prestación;55,78
Comunidad Valenciana;2023-06-30;Solicitud → Resolución de Prestación;277,96
Comunidad Valenciana;2023-07-31;Solicitud → Resolución de Grado;208,77
Comunidad Valenciana;2023-07-31;Resolución de Grado → Resolución de Prestación;56,61
Comunidad Valenciana;2023-07-31;Solicitud → Resolución de Prestación;276,65
Comunidad Valenciana;2023-08-31;Solicitud → Resolución de Grado;207,33
Comunidad Valenciana;2023-08-31;Resolución de Grado → Resolución de Prestación;57,86
Comunidad Valenciana;2023-08-31;Solicitud → Resolución de Prestación;277,47
Comunidad Valenciana;2023-09-30;Solicitud → Resolución de Grado;204,17
Comunidad Valenciana;2023-09-30;Resolución de Grado → Resolución de Prestación;60,67
Comunidad Valenciana;2023-09-30;Solicitud → Resolución de Prestación;277,62
Comunidad Valenciana;2023-10-31;Solicitud → Resolución de Grado;200,80
Comunidad Valenciana;2023-10-31;Resolución de Grado → Resolución de Prestación;69,35
Comunidad Valenciana;2023-10-31;Solicitud → Resolución de Prestación;280,29
Comunidad Valenciana;2023-11-30;Solicitud → Resolución de Grado;199,05
Comunidad Valenciana;2023-11-30;Resolución de Grado → Resolución de Prestación;75,64
Comunidad Valenciana;2023-11-30;Solicitud → Resolución de Prestación;282,84
Comunidad Valenciana;2023-12-31;Solicitud → Resolución de Grado;198,71
Comunidad Valenciana;2023-12-31;Resolución de Grado → Resolución de Prestación;76,23
Comunidad Valenciana;2023-12-31;Solicitud → Resolución de Prestación;279,31
Comunidad Valenciana;2024-01-31;Solicitud → Resolución de Grado;198,47
Comunidad Valenciana;2024-01-31;Resolución de Grado → Resolución de Prestación;77,78
Comunidad Valenciana;2024-01-31;Solicitud → Resolución de Prestación;278,30
Comunidad Valenciana;2024-02-29;Solicitud → Resolución de Grado;200,68
Comunidad Valenciana;2024-02-29;Resolución de Grado → Resolución de Prestación;89,20
Comunidad Valenciana;2024-02-29;Solicitud → Resolución de Prestación;290,83
Comunidad Valenciana;2024-03-31;Solicitud → Resolución de Grado;203,74
Comunidad Valenciana;2024-03-31;Resolución de Grado → Resolución de Prestación;97,19
Comunidad Valenciana;2024-03-31;Solicitud → Resolución de Prestación;301,76
Comunidad Valenciana;2024-04-30;Solicitud → Resolución de Grado;206,98
Comunidad Valenciana;2024-04-30;Resolución de Grado → Resolución de Prestación;99,17
Comunidad Valenciana;2024-04-30;Solicitud → Resolución de Prestación;306,24
Comunidad Valenciana;2024-05-31;Solicitud → Resolución de Grado;211,42
Comunidad Valenciana;2024-05-31;Resolución de Grado → Resolución de Prestación;101,87
Comunidad Valenciana;2024-05-31;Solicitud → Resolución de Prestación;313,50
Comunidad Valenciana;2024-06-30;Solicitud → Resolución de Grado;216,78
Comunidad Valenciana;2024-06-30;Resolución de Grado → Resolución de Prestación;99,27
Comunidad Valenciana;2024-06-30;Solicitud → Resolución de Prestación;314,32
Comunidad Valenciana;2024-07-31;Solicitud → Resolución de Grado;221,57
Comunidad Valenciana;2024-07-31;Resolución de Grado → Resolución de Prestación;101,35
Comunidad Valenciana;2024-07-31;Solicitud → Resolución de Prestación;317,88
Comunidad Valenciana;2024-08-31;Solicitud → Resolución de Grado;223,64
Comunidad Valenciana;2024-08-31;Resolución de Grado → Resolución de Prestación;100,40
Comunidad Valenciana;2024-08-31;Solicitud → Resolución de Prestación;315,67
Comunidad Valenciana;2024-09-30;Solicitud → Resolución de Grado;228,12
Comunidad Valenciana;2024-09-30;Resolución de Grado → Resolución de Prestación;98,24
Comunidad Valenciana;2024-09-30;Solicitud → Resolución de Prestación;315,82
Comunidad Valenciana;2024-10-31;Solicitud → Resolución de Grado;233,35
Comunidad Valenciana;2024-10-31;Resolución de Grado → Resolución de Prestación;93,61
Comunidad Valenciana;2024-10-31;Solicitud → Resolución de Prestación;315,46
Comunidad Valenciana;2024-11-30;Solicitud → Resolución de Grado;239,53
Comunidad Valenciana;2024-11-30;Resolución de Grado → Resolución de Prestación;86,54
Comunidad Valenciana;2024-11-30;Solicitud → Resolución de Prestación;313,39
Comunidad Valenciana;2024-12-31;Solicitud → Resolución de Grado;243,33
Comunidad Valenciana;2024-12-31;Resolución de Grado → Resolución de Prestación;83,80
Comunidad Valenciana;2024-12-31;Solicitud → Resolución de Prestación;317,47
Comunidad Valenciana;2025-01-31;Solicitud → Resolución de Grado;249,56
Comunidad Valenciana;2025-01-31;Resolución de Grado → Resolución de Prestación;80,36
Comunidad Valenciana;2025-01-31;Solicitud → Resolución de Prestación;314,59
Comunidad Valenciana;2025-02-28;Solicitud → Resolución de Grado;252,47
Comunidad Valenciana;2025-02-28;Resolución de Grado → Resolución de Prestación;72,56
Comunidad Valenciana;2025-02-28;Solicitud → Resolución de Prestación;313,47
Comunidad Valenciana;2025-03-31;Solicitud → Resolución de Grado;254,59
Comunidad Valenciana;2025-03-31;Resolución de Grado → Resolución de Prestación;65,88
Comunidad Valenciana;2025-03-31;Solicitud → Resolución de Prestación;311,78
Comunidad Valenciana;2025-04-30;Solicitud → Resolución de Grado;258,10
Comunidad Valenciana;2025-04-30;Resolución de Grado → Resolución de Prestación;62,01
Comunidad Valenciana;2025-04-30;Solicitud → Resolución de Prestación;309,90
Comunidad Valenciana;2025-05-31;Solicitud → Resolución de Grado;259,96
Comunidad Valenciana;2025-05-31;Resolución de Grado → Resolución de Prestación;62,28
Comunidad Valenciana;2025-05-31;Solicitud → Resolución de Prestación;310,36
Comunidad Valenciana;2025-06-30;Solicitud → Resolución de Grado;261,77
Comunidad Valenciana;2025-06-30;Resolución de Grado → Resolución de Prestación;63,40
Comunidad Valenciana;2025-06-30;Solicitud → Resolución de Prestación;311,88
Comunidad Valenciana;2025-07-31;Solicitud → Resolución de Grado;260,40
Comunidad Valenciana;2025-07-31;Resolución de Grado → Resolución de Prestación;48,71
Comunidad Valenciana;2025-07-31;Solicitud → Resolución de Prestación;303,94
Comunidad Valenciana;2025-08-31;Solicitud → Resolución de Grado;261,93
Comunidad Valenciana;2025-08-31;Resolución de Grado → Resolución de Prestación;45,95
Comunidad Valenciana;2025-08-31;Solicitud → Resolución de Prestación;303,71
Comunidad Valenciana;2025-09-30;Solicitud → Resolución de Grado;262,64
Comunidad Valenciana;2025-09-30;Resolución de Grado → Resolución de Prestación;44,09
Comunidad Valenciana;2025-09-30;Solicitud → Resolución de Prestación;304,83
Comunidad Valenciana;2025-10-31;Solicitud → Resolución de Grado;262,42
Comunidad Valenciana;2025-10-31;Resolución de Grado → Resolución de Prestación;42,46
Comunidad Valenciana;2025-10-31;Solicitud → Resolución de Prestación;303,36
Comunidad Valenciana;2025-11-30;Solicitud → Resolución de Grado;262,10
Comunidad Valenciana;2025-11-30;Resolución de Grado → Resolución de Prestación;41,33
Comunidad Valenciana;2025-11-30;Solicitud → Resolución de Prestación;301,79
Comunidad Valenciana;2025-12-31;Solicitud → Resolución de Grado;259,85
Comunidad Valenciana;2025-12-31;Resolución de Grado → Resolución de Prestación;40,38
Comunidad Valenciana;2025-12-31;Solicitud → Resolución de Prestación;299,53
Comunidad Valenciana;2026-01-31;Solicitud → Resolución de Grado;257,56
Comunidad Valenciana;2026-01-31;Resolución de Grado → Resolución de Prestación;39,78
Comunidad Valenciana;2026-01-31;Solicitud → Resolución de Prestación;297,21
Extremadura;2023-01-31;Solicitud → Resolución de Grado;172,49
Extremadura;2023-01-31;Resolución de Grado → Resolución de Prestación;169,57
Extremadura;2023-01-31;Solicitud → Resolución de Prestación;378,02
Extremadura;2023-02-28;Solicitud → Resolución de Grado;166,13
Extremadura;2023-02-28;Resolución de Grado → Resolución de Prestación;170,98
Extremadura;2023-02-28;Solicitud → Resolución de Prestación;373,36
Extremadura;2023-03-31;Solicitud → Resolución de Grado;161,71
Extremadura;2023-03-31;Resolución de Grado → Resolución de Prestación;172,35
Extremadura;2023-03-31;Solicitud → Resolución de Prestación;367,81
Extremadura;2023-04-30;Solicitud → Resolución de Grado;158,57
Extremadura;2023-04-30;Resolución de Grado → Resolución de Prestación;175,72
Extremadura;2023-04-30;Solicitud → Resolución de Prestación;368,98
Extremadura;2023-05-31;Solicitud → Resolución de Grado;154,02
Extremadura;2023-05-31;Resolución de Grado → Resolución de Prestación;176,17
Extremadura;2023-05-31;Solicitud → Resolución de Prestación;361,07
Extremadura;2023-06-30;Solicitud → Resolución de Grado;149,87
Extremadura;2023-06-30;Resolución de Grado → Resolución de Prestación;171,85
Extremadura;2023-06-30;Solicitud → Resolución de Prestación;344,49
Extremadura;2023-07-31;Solicitud → Resolución de Grado;145,54
Extremadura;2023-07-31;Resolución de Grado → Resolución de Prestación;169,08
Extremadura;2023-07-31;Solicitud → Resolución de Prestación;337,53
Extremadura;2023-08-31;Solicitud → Resolución de Grado;144,21
Extremadura;2023-08-31;Resolución de Grado → Resolución de Prestación;168,65
Extremadura;2023-08-31;Solicitud → Resolución de Prestación;336,37
Extremadura;2023-09-30;Solicitud → Resolución de Grado;142,31
Extremadura;2023-09-30;Resolución de Grado → Resolución de Prestación;163,92
Extremadura;2023-09-30;Solicitud → Resolución de Prestación;326,23
Extremadura;2023-10-31;Solicitud → Resolución de Grado;141,81
Extremadura;2023-10-31;Resolución de Grado → Resolución de Prestación;161,68
Extremadura;2023-10-31;Solicitud → Resolución de Prestación;317,17
Extremadura;2023-11-30;Solicitud → Resolución de Grado;139,21
Extremadura;2023-11-30;Resolución de Grado → Resolución de Prestación;161,24
Extremadura;2023-11-30;Solicitud → Resolución de Prestación;310,83
Extremadura;2023-12-31;Solicitud → Resolución de Grado;138,43
Extremadura;2023-12-31;Resolución de Grado → Resolución de Prestación;161,75
Extremadura;2023-12-31;Solicitud → Resolución de Prestación;309,10
Extremadura;2024-01-31;Solicitud → Resolución de Grado;137,40
Extremadura;2024-01-31;Resolución de Grado → Resolución de Prestación;160,73
Extremadura;2024-01-31;Solicitud → Resolución de Prestación;307,09
Extremadura;2024-02-29;Solicitud → Resolución de Grado;135,56
Extremadura;2024-02-29;Resolución de Grado → Resolución de Prestación;158,65
Extremadura;2024-02-29;Solicitud → Resolución de Prestación;302,52
Extremadura;2024-03-31;Solicitud → Resolución de Grado;133,97
Extremadura;2024-03-31;Resolución de Grado → Resolución de Prestación;159,99
Extremadura;2024-03-31;Solicitud → Resolución de Prestación;300,06
Extremadura;2024-04-30;Solicitud → Resolución de Grado;132,82
Extremadura;2024-04-30;Resolución de Grado → Resolución de Prestación;157,60
Extremadura;2024-04-30;Solicitud → Resolución de Prestación;293,08
Extremadura;2024-05-31;Solicitud → Resolución de Grado;130,91
Extremadura;2024-05-31;Resolución de Grado → Resolución de Prestación;156,01
Extremadura;2024-05-31;Solicitud → Resolución de Prestación;290,63
Extremadura;2024-06-30;Solicitud → Resolución de Grado;129,92
Extremadura;2024-06-30;Resolución de Grado → Resolución de Prestación;157,36
Extremadura;2024-06-30;Solicitud → Resolución de Prestación;294,35
Extremadura;2024-07-31;Solicitud → Resolución de Grado;129,54
Extremadura;2024-07-31;Resolución de Grado → Resolución de Prestación;157,62
Extremadura;2024-07-31;Solicitud → Resolución de Prestación;293,31
Extremadura;2024-08-31;Solicitud → Resolución de Grado;129,31
Extremadura;2024-08-31;Resolución de Grado → Resolución de Prestación;156,00
Extremadura;2024-08-31;Solicitud → Resolución de Prestación;289,90
Extremadura;2024-09-30;Solicitud → Resolución de Grado;129,71
Extremadura;2024-09-30;Resolución de Grado → Resolución de Prestación;155,48
Extremadura;2024-09-30;Solicitud → Resolución de Prestación;287,67
Extremadura;2024-10-31;Solicitud → Resolución de Grado;129,57
Extremadura;2024-10-31;Resolución de Grado → Resolución de Prestación;152,84
Extremadura;2024-10-31;Solicitud → Resolución de Prestación;284,67
Extremadura;2024-11-30;Solicitud → Resolución de Grado;129,71
Extremadura;2024-11-30;Resolución de Grado → Resolución de Prestación;150,38
Extremadura;2024-11-30;Solicitud → Resolución de Prestación;281,48
Extremadura;2024-12-31;Solicitud → Resolución de Grado;129,44
Extremadura;2024-12-31;Resolución de Grado → Resolución de Prestación;146,98
Extremadura;2024-12-31;Solicitud → Resolución de Prestación;278,83
Extremadura;2025-01-31;Solicitud → Resolución de Grado;129,29
Extremadura;2025-01-31;Resolución de Grado → Resolución de Prestación;146,33
Extremadura;2025-01-31;Solicitud → Resolución de Prestación;278,16
Extremadura;2025-02-28;Solicitud → Resolución de Grado;130,24
Extremadura;2025-02-28;Resolución de Grado → Resolución de Prestación;146,02
Extremadura;2025-02-28;Solicitud → Resolución de Prestación;277,90
Extremadura;2025-03-31;Solicitud → Resolución de Grado;129,50
Extremadura;2025-03-31;Resolución de Grado → Resolución de Prestación;142,24
Extremadura;2025-03-31;Solicitud → Resolución de Prestación;272,64
Extremadura;2025-04-30;Solicitud → Resolución de Grado;129,37
Extremadura;2025-04-30;Resolución de Grado → Resolución de Prestación;138,55
Extremadura;2025-04-30;Solicitud → Resolución de Prestación;269,05
Extremadura;2025-05-31;Solicitud → Resolución de Grado;130,92
Extremadura;2025-05-31;Resolución de Grado → Resolución de Prestación;133,97
Extremadura;2025-05-31;Solicitud → Resolución de Prestación;264,12
Extremadura;2025-06-30;Solicitud → Resolución de Grado;133,61
Extremadura;2025-06-30;Resolución de Grado → Resolución de Prestación;131,14
Extremadura;2025-06-30;Solicitud → Resolución de Prestación;260,46
Extremadura;2025-07-31;Solicitud → Resolución de Grado;135,84
Extremadura;2025-07-31;Resolución de Grado → Resolución de Prestación;127,78
Extremadura;2025-07-31;Solicitud → Resolución de Prestación;258,30
Extremadura;2025-08-31;Solicitud → Resolución de Grado;137,06
Extremadura;2025-08-31;Resolución de Grado → Resolución de Prestación;127,02
Extremadura;2025-08-31;Solicitud → Resolución de Prestación;259,57
Extremadura;2025-09-30;Solicitud → Resolución de Grado;139,41
Extremadura;2025-09-30;Resolución de Grado → Resolución de Prestación;123,86
Extremadura;2025-09-30;Solicitud → Resolución de Prestación;256,80
Extremadura;2025-10-31;Solicitud → Resolución de Grado;144,16
Extremadura;2025-10-31;Resolución de Grado → Resolución de Prestación;122,61
Extremadura;2025-10-31;Solicitud → Resolución de Prestación;257,10
Extremadura;2025-11-30;Solicitud → Resolución de Grado;147,74
Extremadura;2025-11-30;Resolución de Grado → Resolución de Prestación;120,94
Extremadura;2025-11-30;Solicitud → Resolución de Prestación;258,16
Extremadura;2025-12-31;Solicitud → Resolución de Grado;147,85
Extremadura;2025-12-31;Resolución de Grado → Resolución de Prestación;119,87
Extremadura;2025-12-31;Solicitud → Resolución de Prestación;258,61
Extremadura;2026-01-31;Solicitud → Resolución de Grado;149,05
Extremadura;2026-01-31;Resolución de Grado → Resolución de Prestación;119,49
Extremadura;2026-01-31;Solicitud → Resolución de Prestación;258,60
Galicia;2023-01-31;Solicitud → Resolución de Grado;288,47
Galicia;2023-01-31;Resolución de Grado → Resolución de Prestación;73,89
Galicia;2023-01-31;Solicitud → Resolución de Prestación;371,77
Galicia;2023-02-28;Solicitud → Resolución de Grado;288,59
Galicia;2023-02-28;Resolución de Grado → Resolución de Prestación;76,23
Galicia;2023-02-28;Solicitud → Resolución de Prestación;371,75
Galicia;2023-03-31;Solicitud → Resolución de Grado;286,40
Galicia;2023-03-31;Resolución de Grado → Resolución de Prestación;78,49
Galicia;2023-03-31;Solicitud → Resolución de Prestación;371,17
Galicia;2023-04-30;Solicitud → Resolución de Grado;285,02
Galicia;2023-04-30;Resolución de Grado → Resolución de Prestación;82,71
Galicia;2023-04-30;Solicitud → Resolución de Prestación;374,86
Galicia;2023-05-31;Solicitud → Resolución de Grado;280,08
Galicia;2023-05-31;Resolución de Grado → Resolución de Prestación;84,90
Galicia;2023-05-31;Solicitud → Resolución de Prestación;373,40
Galicia;2023-06-30;Solicitud → Resolución de Grado;278,78
Galicia;2023-06-30;Resolución de Grado → Resolución de Prestación;87,01
Galicia;2023-06-30;Solicitud → Resolución de Prestación;372,61
Galicia;2023-07-31;Solicitud → Resolución de Grado;277,00
Galicia;2023-07-31;Resolución de Grado → Resolución de Prestación;86,83
Galicia;2023-07-31;Solicitud → Resolución de Prestación;370,47
Galicia;2023-08-31;Solicitud → Resolución de Grado;273,36
Galicia;2023-08-31;Resolución de Grado → Resolución de Prestación;87,88
Galicia;2023-08-31;Solicitud → Resolución de Prestación;370,40
Galicia;2023-09-30;Solicitud → Resolución de Grado;272,55
Galicia;2023-09-30;Resolución de Grado → Resolución de Prestación;88,95
Galicia;2023-09-30;Solicitud → Resolución de Prestación;370,78
Galicia;2023-10-31;Solicitud → Resolución de Grado;270,40
Galicia;2023-10-31;Resolución de Grado → Resolución de Prestación;89,70
Galicia;2023-10-31;Solicitud → Resolución de Prestación;370,79
Galicia;2023-11-30;Solicitud → Resolución de Grado;268,22
Galicia;2023-11-30;Resolución de Grado → Resolución de Prestación;90,30
Galicia;2023-11-30;Solicitud → Resolución de Prestación;369,78
Galicia;2023-12-31;Solicitud → Resolución de Grado;267,30
Galicia;2023-12-31;Resolución de Grado → Resolución de Prestación;88,01
Galicia;2023-12-31;Solicitud → Resolución de Prestación;362,46
Galicia;2024-01-31;Solicitud → Resolución de Grado;265,19
Galicia;2024-01-31;Resolución de Grado → Resolución de Prestación;89,16
Galicia;2024-01-31;Solicitud → Resolución de Prestación;364,39
Galicia;2024-02-29;Solicitud → Resolución de Grado;268,22
Galicia;2024-02-29;Resolución de Grado → Resolución de Prestación;91,44
Galicia;2024-02-29;Solicitud → Resolución de Prestación;368,19
Galicia;2024-03-31;Solicitud → Resolución de Grado;271,22
Galicia;2024-03-31;Resolución de Grado → Resolución de Prestación;95,19
Galicia;2024-03-31;Solicitud → Resolución de Prestación;370,79
Galicia;2024-04-30;Solicitud → Resolución de Grado;271,28
Galicia;2024-04-30;Resolución de Grado → Resolución de Prestación;98,21
Galicia;2024-04-30;Solicitud → Resolución de Prestación;373,29
Galicia;2024-05-31;Solicitud → Resolución de Grado;273,75
Galicia;2024-05-31;Resolución de Grado → Resolución de Prestación;97,40
Galicia;2024-05-31;Solicitud → Resolución de Prestación;373,51
Galicia;2024-06-30;Solicitud → Resolución de Grado;283,23
Galicia;2024-06-30;Resolución de Grado → Resolución de Prestación;98,59
Galicia;2024-06-30;Solicitud → Resolución de Prestación;380,49
Galicia;2024-07-31;Solicitud → Resolución de Grado;285,16
Galicia;2024-07-31;Resolución de Grado → Resolución de Prestación;103,08
Galicia;2024-07-31;Solicitud → Resolución de Prestación;384,89
Galicia;2024-08-31;Solicitud → Resolución de Grado;280,80
Galicia;2024-08-31;Resolución de Grado → Resolución de Prestación;107,59
Galicia;2024-08-31;Solicitud → Resolución de Prestación;385,71
Galicia;2024-09-30;Solicitud → Resolución de Grado;272,33
Galicia;2024-09-30;Resolución de Grado → Resolución de Prestación;113,31
Galicia;2024-09-30;Solicitud → Resolución de Prestación;387,20
Galicia;2024-10-31;Solicitud → Resolución de Grado;261,87
Galicia;2024-10-31;Resolución de Grado → Resolución de Prestación;120,17
Galicia;2024-10-31;Solicitud → Resolución de Prestación;386,97
Galicia;2024-11-30;Solicitud → Resolución de Grado;259,79
Galicia;2024-11-30;Resolución de Grado → Resolución de Prestación;125,81
Galicia;2024-11-30;Solicitud → Resolución de Prestación;387,74
Galicia;2024-12-31;Solicitud → Resolución de Grado;257,20
Galicia;2024-12-31;Resolución de Grado → Resolución de Prestación;127,35
Galicia;2024-12-31;Solicitud → Resolución de Prestación;386,31
Galicia;2025-01-31;Solicitud → Resolución de Grado;255,46
Galicia;2025-01-31;Resolución de Grado → Resolución de Prestación;129,34
Galicia;2025-01-31;Solicitud → Resolución de Prestación;386,91
Galicia;2025-02-28;Solicitud → Resolución de Grado;252,76
Galicia;2025-02-28;Resolución de Grado → Resolución de Prestación;131,28
Galicia;2025-02-28;Solicitud → Resolución de Prestación;387,74
Galicia;2025-03-31;Solicitud → Resolución de Grado;248,64
Galicia;2025-03-31;Resolución de Grado → Resolución de Prestación;136,69
Galicia;2025-03-31;Solicitud → Resolución de Prestación;392,96
Galicia;2025-04-30;Solicitud → Resolución de Grado;247,25
Galicia;2025-04-30;Resolución de Grado → Resolución de Prestación;149,45
Galicia;2025-04-30;Solicitud → Resolución de Prestación;409,05
Galicia;2025-05-31;Solicitud → Resolución de Grado;207,59
Galicia;2025-05-31;Resolución de Grado → Resolución de Prestación;157,21
Galicia;2025-05-31;Solicitud → Resolución de Prestación;387,09
Galicia;2025-06-30;Solicitud → Resolución de Grado;171,99
Galicia;2025-06-30;Resolución de Grado → Resolución de Prestación;161,98
Galicia;2025-06-30;Solicitud → Resolución de Prestación;361,07
Galicia;2025-07-31;Solicitud → Resolución de Grado;170,76
Galicia;2025-07-31;Resolución de Grado → Resolución de Prestación;162,50
Galicia;2025-07-31;Solicitud → Resolución de Prestación;358,48
Galicia;2025-08-31;Solicitud → Resolución de Grado;164,80
Galicia;2025-08-31;Resolución de Grado → Resolución de Prestación;160,36
Galicia;2025-08-31;Solicitud → Resolución de Prestación;349,56
Galicia;2025-09-30;Solicitud → Resolución de Grado;169,60
Galicia;2025-09-30;Resolución de Grado → Resolución de Prestación;158,40
Galicia;2025-09-30;Solicitud → Resolución de Prestación;348,57
Galicia;2025-10-31;Solicitud → Resolución de Grado;164,75
Galicia;2025-10-31;Resolución de Grado → Resolución de Prestación;158,39
Galicia;2025-10-31;Solicitud → Resolución de Prestación;339,88
Galicia;2025-11-30;Solicitud → Resolución de Grado;160,92
Galicia;2025-11-30;Resolución de Grado → Resolución de Prestación;156,00
Galicia;2025-11-30;Solicitud → Resolución de Prestación;329,40
Galicia;2025-12-31;Solicitud → Resolución de Grado;165,66
Galicia;2025-12-31;Resolución de Grado → Resolución de Prestación;154,17
Galicia;2025-12-31;Solicitud → Resolución de Prestación;323,84
Galicia;2026-01-31;Solicitud → Resolución de Grado;167,38
Galicia;2026-01-31;Resolución de Grado → Resolución de Prestación;153,68
Galicia;2026-01-31;Solicitud → Resolución de Prestación;322,35
Comunidad de Madrid;2023-01-31;Solicitud → Resolución de Grado;139,70
Comunidad de Madrid;2023-01-31;Resolución de Grado → Resolución de Prestación;51,79
Comunidad de Madrid;2023-01-31;Solicitud → Resolución de Prestación;272,15
Comunidad de Madrid;2023-02-28;Solicitud → Resolución de Grado;141,19
Comunidad de Madrid;2023-02-28;Resolución de Grado → Resolución de Prestación;53,89
Comunidad de Madrid;2023-02-28;Solicitud → Resolución de Prestación;275,95
Comunidad de Madrid;2023-03-31;Solicitud → Resolución de Grado;144,95
Comunidad de Madrid;2023-03-31;Resolución de Grado → Resolución de Prestación;55,82
Comunidad de Madrid;2023-03-31;Solicitud → Resolución de Prestación;279,51
Comunidad de Madrid;2023-04-30;Solicitud → Resolución de Grado;147,40
Comunidad de Madrid;2023-04-30;Resolución de Grado → Resolución de Prestación;57,60
Comunidad de Madrid;2023-04-30;Solicitud → Resolución de Prestación;282,32
Comunidad de Madrid;2023-05-31;Solicitud → Resolución de Grado;150,20
Comunidad de Madrid;2023-05-31;Resolución de Grado → Resolución de Prestación;58,90
Comunidad de Madrid;2023-05-31;Solicitud → Resolución de Prestación;285,70
Comunidad de Madrid;2023-06-30;Solicitud → Resolución de Grado;154,40
Comunidad de Madrid;2023-06-30;Resolución de Grado → Resolución de Prestación;60,16
Comunidad de Madrid;2023-06-30;Solicitud → Resolución de Prestación;288,33
Comunidad de Madrid;2023-07-31;Solicitud → Resolución de Grado;156,08
Comunidad de Madrid;2023-07-31;Resolución de Grado → Resolución de Prestación;59,41
Comunidad de Madrid;2023-07-31;Solicitud → Resolución de Prestación;288,42
Comunidad de Madrid;2023-08-31;Solicitud → Resolución de Grado;157,86
Comunidad de Madrid;2023-08-31;Resolución de Grado → Resolución de Prestación;58,90
Comunidad de Madrid;2023-08-31;Solicitud → Resolución de Prestación;289,09
Comunidad de Madrid;2023-09-30;Solicitud → Resolución de Grado;161,61
Comunidad de Madrid;2023-09-30;Resolución de Grado → Resolución de Prestación;57,12
Comunidad de Madrid;2023-09-30;Solicitud → Resolución de Prestación;288,61
Comunidad de Madrid;2023-10-31;Solicitud → Resolución de Grado;163,02
Comunidad de Madrid;2023-10-31;Resolución de Grado → Resolución de Prestación;54,98
Comunidad de Madrid;2023-10-31;Solicitud → Resolución de Prestación;287,84
Comunidad de Madrid;2023-11-30;Solicitud → Resolución de Grado;163,87
Comunidad de Madrid;2023-11-30;Resolución de Grado → Resolución de Prestación;54,95
Comunidad de Madrid;2023-11-30;Solicitud → Resolución de Prestación;287,87
Comunidad de Madrid;2023-12-31;Solicitud → Resolución de Grado;165,44
Comunidad de Madrid;2023-12-31;Resolución de Grado → Resolución de Prestación;54,69
Comunidad de Madrid;2023-12-31;Solicitud → Resolución de Prestación;288,35
Comunidad de Madrid;2024-01-31;Solicitud → Resolución de Grado;164,59
Comunidad de Madrid;2024-01-31;Resolución de Grado → Resolución de Prestación;54,82
Comunidad de Madrid;2024-01-31;Solicitud → Resolución de Prestación;287,55
Comunidad de Madrid;2024-02-29;Solicitud → Resolución de Grado;167,01
Comunidad de Madrid;2024-02-29;Resolución de Grado → Resolución de Prestación;53,80
Comunidad de Madrid;2024-02-29;Solicitud → Resolución de Prestación;286,82
Comunidad de Madrid;2024-03-31;Solicitud → Resolución de Grado;167,77
Comunidad de Madrid;2024-03-31;Resolución de Grado → Resolución de Prestación;55,05
Comunidad de Madrid;2024-03-31;Solicitud → Resolución de Prestación;287,62
Comunidad de Madrid;2024-04-30;Solicitud → Resolución de Grado;170,53
Comunidad de Madrid;2024-04-30;Resolución de Grado → Resolución de Prestación;57,62
Comunidad de Madrid;2024-04-30;Solicitud → Resolución de Prestación;288,15
Comunidad de Madrid;2024-05-31;Solicitud → Resolución de Grado;173,03
Comunidad de Madrid;2024-05-31;Resolución de Grado → Resolución de Prestación;58,18
Comunidad de Madrid;2024-05-31;Solicitud → Resolución de Prestación;288,74
Comunidad de Madrid;2024-06-30;Solicitud → Resolución de Grado;175,89
Comunidad de Madrid;2024-06-30;Resolución de Grado → Resolución de Prestación;58,70
Comunidad de Madrid;2024-06-30;Solicitud → Resolución de Prestación;290,10
Comunidad de Madrid;2024-07-31;Solicitud → Resolución de Grado;177,90
Comunidad de Madrid;2024-07-31;Resolución de Grado → Resolución de Prestación;58,86
Comunidad de Madrid;2024-07-31;Solicitud → Resolución de Prestación;291,68
Comunidad de Madrid;2024-08-31;Solicitud → Resolución de Grado;179,05
Comunidad de Madrid;2024-08-31;Resolución de Grado → Resolución de Prestación;59,16
Comunidad de Madrid;2024-08-31;Solicitud → Resolución de Prestación;292,40
Comunidad de Madrid;2024-09-30;Solicitud → Resolución de Grado;182,01
Comunidad de Madrid;2024-09-30;Resolución de Grado → Resolución de Prestación;61,02
Comunidad de Madrid;2024-09-30;Solicitud → Resolución de Prestación;294,20
Comunidad de Madrid;2024-10-31;Solicitud → Resolución de Grado;185,94
Comunidad de Madrid;2024-10-31;Resolución de Grado → Resolución de Prestación;62,23
Comunidad de Madrid;2024-10-31;Solicitud → Resolución de Prestación;298,30
Comunidad de Madrid;2024-11-30;Solicitud → Resolución de Grado;189,08
Comunidad de Madrid;2024-11-30;Resolución de Grado → Resolución de Prestación;63,48
Comunidad de Madrid;2024-11-30;Solicitud → Resolución de Prestación;302,40
Comunidad de Madrid;2024-12-31;Solicitud → Resolución de Grado;191,41
Comunidad de Madrid;2024-12-31;Resolución de Grado → Resolución de Prestación;63,78
Comunidad de Madrid;2024-12-31;Solicitud → Resolución de Prestación;305,90
Comunidad de Madrid;2025-01-31;Solicitud → Resolución de Grado;194,25
Comunidad de Madrid;2025-01-31;Resolución de Grado → Resolución de Prestación;64,20
Comunidad de Madrid;2025-01-31;Solicitud → Resolución de Prestación;307,90
Comunidad de Madrid;2025-02-28;Solicitud → Resolución de Grado;198,50
Comunidad de Madrid;2025-02-28;Resolución de Grado → Resolución de Prestación;63,55
Comunidad de Madrid;2025-02-28;Solicitud → Resolución de Prestación;310,94
Comunidad de Madrid;2025-03-31;Solicitud → Resolución de Grado;205,45
Comunidad de Madrid;2025-03-31;Resolución de Grado → Resolución de Prestación;67,36
Comunidad de Madrid;2025-03-31;Solicitud → Resolución de Prestación;320,26
Comunidad de Madrid;2025-04-30;Solicitud → Resolución de Grado;208,16
Comunidad de Madrid;2025-04-30;Resolución de Grado → Resolución de Prestación;66,76
Comunidad de Madrid;2025-04-30;Solicitud → Resolución de Prestación;324,95
Comunidad de Madrid;2025-05-31;Solicitud → Resolución de Grado;212,30
Comunidad de Madrid;2025-05-31;Resolución de Grado → Resolución de Prestación;68,18
Comunidad de Madrid;2025-05-31;Solicitud → Resolución de Prestación;330,39
Comunidad de Madrid;2025-06-30;Solicitud → Resolución de Grado;218,20
Comunidad de Madrid;2025-06-30;Resolución de Grado → Resolución de Prestación;69,75
Comunidad de Madrid;2025-06-30;Solicitud → Resolución de Prestación;336,29
Comunidad de Madrid;2025-07-31;Solicitud → Resolución de Grado;220,45
Comunidad de Madrid;2025-07-31;Resolución de Grado → Resolución de Prestación;69,01
Comunidad de Madrid;2025-07-31;Solicitud → Resolución de Prestación;342,50
Comunidad de Madrid;2025-08-31;Solicitud → Resolución de Grado;221,31
Comunidad de Madrid;2025-08-31;Resolución de Grado → Resolución de Prestación;68,80
Comunidad de Madrid;2025-08-31;Solicitud → Resolución de Prestación;344,40
Comunidad de Madrid;2025-09-30;Solicitud → Resolución de Grado;222,05
Comunidad de Madrid;2025-09-30;Resolución de Grado → Resolución de Prestación;67,10
Comunidad de Madrid;2025-09-30;Solicitud → Resolución de Prestación;345,89
Comunidad de Madrid;2025-10-31;Solicitud → Resolución de Grado;220,85
Comunidad de Madrid;2025-10-31;Resolución de Grado → Resolución de Prestación;66,97
Comunidad de Madrid;2025-10-31;Solicitud → Resolución de Prestación;346,38
Comunidad de Madrid;2025-11-30;Solicitud → Resolución de Grado;222,49
Comunidad de Madrid;2025-11-30;Resolución de Grado → Resolución de Prestación;64,66
Comunidad de Madrid;2025-11-30;Solicitud → Resolución de Prestación;346,37
Comunidad de Madrid;2025-12-31;Solicitud → Resolución de Grado;223,26
Comunidad de Madrid;2025-12-31;Resolución de Grado → Resolución de Prestación;63,12
Comunidad de Madrid;2025-12-31;Solicitud → Resolución de Prestación;347,72
Comunidad de Madrid;2026-01-31;Solicitud → Resolución de Grado;225,35
Comunidad de Madrid;2026-01-31;Resolución de Grado → Resolución de Prestación;61,58
Comunidad de Madrid;2026-01-31;Solicitud → Resolución de Prestación;347,50
Melilla;2023-01-31;Solicitud → Resolución de Grado;146,35
Melilla;2023-01-31;Resolución de Grado → Resolución de Prestación;88,35
Melilla;2023-01-31;Solicitud → Resolución de Prestación;219,77
Melilla;2023-02-28;Solicitud → Resolución de Grado;149,89
Melilla;2023-02-28;Resolución de Grado → Resolución de Prestación;91,23
Melilla;2023-02-28;Solicitud → Resolución de Prestación;226,09
Melilla;2023-03-31;Solicitud → Resolución de Grado;148,26
Melilla;2023-03-31;Resolución de Grado → Resolución de Prestación;96,17
Melilla;2023-03-31;Solicitud → Resolución de Prestación;235,81
Melilla;2023-04-30;Solicitud → Resolución de Grado;148,27
Melilla;2023-04-30;Resolución de Grado → Resolución de Prestación;97,75
Melilla;2023-04-30;Solicitud → Resolución de Prestación;237,65
Melilla;2023-05-31;Solicitud → Resolución de Grado;137,94
Melilla;2023-05-31;Resolución de Grado → Resolución de Prestación;102,72
Melilla;2023-05-31;Solicitud → Resolución de Prestación;247,68
Melilla;2023-06-30;Solicitud → Resolución de Grado;133,42
Melilla;2023-06-30;Resolución de Grado → Resolución de Prestación;110,49
Melilla;2023-06-30;Solicitud → Resolución de Prestación;258,44
Melilla;2023-07-31;Solicitud → Resolución de Grado;132,25
Melilla;2023-07-31;Resolución de Grado → Resolución de Prestación;109,84
Melilla;2023-07-31;Solicitud → Resolución de Prestación;256,61
Melilla;2023-08-31;Solicitud → Resolución de Grado;130,88
Melilla;2023-08-31;Resolución de Grado → Resolución de Prestación;112,32
Melilla;2023-08-31;Solicitud → Resolución de Prestación;259,97
Melilla;2023-09-30;Solicitud → Resolución de Grado;128,54
Melilla;2023-09-30;Resolución de Grado → Resolución de Prestación;114,09
Melilla;2023-09-30;Solicitud → Resolución de Prestación;259,68
Melilla;2023-10-31;Solicitud → Resolución de Grado;127,55
Melilla;2023-10-31;Resolución de Grado → Resolución de Prestación;122,49
Melilla;2023-10-31;Solicitud → Resolución de Prestación;261,27
Melilla;2023-11-30;Solicitud → Resolución de Grado;124,09
Melilla;2023-11-30;Resolución de Grado → Resolución de Prestación;124,88
Melilla;2023-11-30;Solicitud → Resolución de Prestación;260,15
Melilla;2023-12-31;Solicitud → Resolución de Grado;122,94
Melilla;2023-12-31;Resolución de Grado → Resolución de Prestación;134,68
Melilla;2023-12-31;Solicitud → Resolución de Prestación;265,56
Melilla;2024-01-31;Solicitud → Resolución de Grado;120,46
Melilla;2024-01-31;Resolución de Grado → Resolución de Prestación;136,57
Melilla;2024-01-31;Solicitud → Resolución de Prestación;264,74
Melilla;2024-02-29;Solicitud → Resolución de Grado;116,30
Melilla;2024-02-29;Resolución de Grado → Resolución de Prestación;144,85
Melilla;2024-02-29;Solicitud → Resolución de Prestación;271,31
Melilla;2024-03-31;Solicitud → Resolución de Grado;115,22
Melilla;2024-03-31;Resolución de Grado → Resolución de Prestación;149,05
Melilla;2024-03-31;Solicitud → Resolución de Prestación;274,24
Melilla;2024-04-30;Solicitud → Resolución de Grado;115,81
Melilla;2024-04-30;Resolución de Grado → Resolución de Prestación;149,07
Melilla;2024-04-30;Solicitud → Resolución de Prestación;273,28
Melilla;2024-05-31;Solicitud → Resolución de Grado;119,96
Melilla;2024-05-31;Resolución de Grado → Resolución de Prestación;151,68
Melilla;2024-05-31;Solicitud → Resolución de Prestación;271,23
Melilla;2024-06-30;Solicitud → Resolución de Grado;123,70
Melilla;2024-06-30;Resolución de Grado → Resolución de Prestación;158,58
Melilla;2024-06-30;Solicitud → Resolución de Prestación;276,01
Melilla;2024-07-31;Solicitud → Resolución de Grado;124,20
Melilla;2024-07-31;Resolución de Grado → Resolución de Prestación;151,99
Melilla;2024-07-31;Solicitud → Resolución de Prestación;270,74
Melilla;2024-08-31;Solicitud → Resolución de Grado;125,45
Melilla;2024-08-31;Resolución de Grado → Resolución de Prestación;149,77
Melilla;2024-08-31;Solicitud → Resolución de Prestación;269,63
Melilla;2024-09-30;Solicitud → Resolución de Grado;126,86
Melilla;2024-09-30;Resolución de Grado → Resolución de Prestación;153,01
Melilla;2024-09-30;Solicitud → Resolución de Prestación;272,34
Melilla;2024-10-31;Solicitud → Resolución de Grado;128,22
Melilla;2024-10-31;Resolución de Grado → Resolución de Prestación;150,83
Melilla;2024-10-31;Solicitud → Resolución de Prestación;273,21
Melilla;2024-11-30;Solicitud → Resolución de Grado;131,03
Melilla;2024-11-30;Resolución de Grado → Resolución de Prestación;149,56
Melilla;2024-11-30;Solicitud → Resolución de Prestación;272,67
Melilla;2024-12-31;Solicitud → Resolución de Grado;131,06
Melilla;2024-12-31;Resolución de Grado → Resolución de Prestación;142,12
Melilla;2024-12-31;Solicitud → Resolución de Prestación;266,87
Melilla;2025-01-31;Solicitud → Resolución de Grado;132,69
Melilla;2025-01-31;Resolución de Grado → Resolución de Prestación;146,01
Melilla;2025-01-31;Solicitud → Resolución de Prestación;272,46
Melilla;2025-02-28;Solicitud → Resolución de Grado;134,13
Melilla;2025-02-28;Resolución de Grado → Resolución de Prestación;129,82
Melilla;2025-02-28;Solicitud → Resolución de Prestación;258,40
Melilla;2025-03-31;Solicitud → Resolución de Grado;131,96
Melilla;2025-03-31;Resolución de Grado → Resolución de Prestación;121,34
Melilla;2025-03-31;Solicitud → Resolución de Prestación;251,85
Melilla;2025-04-30;Solicitud → Resolución de Grado;128,95
Melilla;2025-04-30;Resolución de Grado → Resolución de Prestación;117,35
Melilla;2025-04-30;Solicitud → Resolución de Prestación;247,93
Melilla;2025-05-31;Solicitud → Resolución de Grado;126,51
Melilla;2025-05-31;Resolución de Grado → Resolución de Prestación;106,39
Melilla;2025-05-31;Solicitud → Resolución de Prestación;239,35
Melilla;2025-06-30;Solicitud → Resolución de Grado;124,95
Melilla;2025-06-30;Resolución de Grado → Resolución de Prestación;91,19
Melilla;2025-06-30;Solicitud → Resolución de Prestación;223,67
Melilla;2025-07-31;Solicitud → Resolución de Grado;124,20
Melilla;2025-07-31;Resolución de Grado → Resolución de Prestación;86,16
Melilla;2025-07-31;Solicitud → Resolución de Prestación;218,53
Melilla;2025-08-31;Solicitud → Resolución de Grado;123,26
Melilla;2025-08-31;Resolución de Grado → Resolución de Prestación;83,30
Melilla;2025-08-31;Solicitud → Resolución de Prestación;210,97
Melilla;2025-09-30;Solicitud → Resolución de Grado;122,27
Melilla;2025-09-30;Resolución de Grado → Resolución de Prestación;80,30
Melilla;2025-09-30;Solicitud → Resolución de Prestación;207,88
Melilla;2025-10-31;Solicitud → Resolución de Grado;121,36
Melilla;2025-10-31;Resolución de Grado → Resolución de Prestación;81,28
Melilla;2025-10-31;Solicitud → Resolución de Prestación;207,87
Melilla;2025-11-30;Solicitud → Resolución de Grado;116,35
Melilla;2025-11-30;Resolución de Grado → Resolución de Prestación;80,81
Melilla;2025-11-30;Solicitud → Resolución de Prestación;205,21
Melilla;2025-12-31;Solicitud → Resolución de Grado;113,35
Melilla;2025-12-31;Resolución de Grado → Resolución de Prestación;87,17
Melilla;2025-12-31;Solicitud → Resolución de Prestación;208,15
Melilla;2026-01-31;Solicitud → Resolución de Grado;107,32
Melilla;2026-01-31;Resolución de Grado → Resolución de Prestación;84,41
Melilla;2026-01-31;Solicitud → Resolución de Prestación;201,86
Región de Murcia;2023-01-31;Solicitud → Resolución de Grado;250,09
Región de Murcia;2023-01-31;Resolución de Grado → Resolución de Prestación;210,26
Región de Murcia;2023-01-31;Solicitud → Resolución de Prestación;486,36
Región de Murcia;2023-02-28;Solicitud → Resolución de Grado;249,41
Región de Murcia;2023-02-28;Resolución de Grado → Resolución de Prestación;214,48
Región de Murcia;2023-02-28;Solicitud → Resolución de Prestación;486,29
Región de Murcia;2023-03-31;Solicitud → Resolución de Grado;248,01
Región de Murcia;2023-03-31;Resolución de Grado → Resolución de Prestación;220,10
Región de Murcia;2023-03-31;Solicitud → Resolución de Prestación;486,80
Región de Murcia;2023-04-30;Solicitud → Resolución de Grado;246,95
Región de Murcia;2023-04-30;Resolución de Grado → Resolución de Prestación;224,39
Región de Murcia;2023-04-30;Solicitud → Resolución de Prestación;488,30
Región de Murcia;2023-05-31;Solicitud → Resolución de Grado;247,53
Región de Murcia;2023-05-31;Resolución de Grado → Resolución de Prestación;230,16
Región de Murcia;2023-05-31;Solicitud → Resolución de Prestación;491,20
Región de Murcia;2023-06-30;Solicitud → Resolución de Grado;249,03
Región de Murcia;2023-06-30;Resolución de Grado → Resolución de Prestación;239,57
Región de Murcia;2023-06-30;Solicitud → Resolución de Prestación;496,58
Región de Murcia;2023-07-31;Solicitud → Resolución de Grado;254,16
Región de Murcia;2023-07-31;Resolución de Grado → Resolución de Prestación;243,37
Región de Murcia;2023-07-31;Solicitud → Resolución de Prestación;498,05
Región de Murcia;2023-08-31;Solicitud → Resolución de Grado;256,30
Región de Murcia;2023-08-31;Resolución de Grado → Resolución de Prestación;243,16
Región de Murcia;2023-08-31;Solicitud → Resolución de Prestación;497,37
Región de Murcia;2023-09-30;Solicitud → Resolución de Grado;262,35
Región de Murcia;2023-09-30;Resolución de Grado → Resolución de Prestación;248,22
Región de Murcia;2023-09-30;Solicitud → Resolución de Prestación;498,87
Región de Murcia;2023-10-31;Solicitud → Resolución de Grado;264,41
Región de Murcia;2023-10-31;Resolución de Grado → Resolución de Prestación;254,33
Región de Murcia;2023-10-31;Solicitud → Resolución de Prestación;503,99
Región de Murcia;2023-11-30;Solicitud → Resolución de Grado;265,94
Región de Murcia;2023-11-30;Resolución de Grado → Resolución de Prestación;258,05
Región de Murcia;2023-11-30;Solicitud → Resolución de Prestación;508,10
Región de Murcia;2023-12-31;Solicitud → Resolución de Grado;266,87
Región de Murcia;2023-12-31;Resolución de Grado → Resolución de Prestación;258,83
Región de Murcia;2023-12-31;Solicitud → Resolución de Prestación;509,25
Región de Murcia;2024-01-31;Solicitud → Resolución de Grado;267,49
Región de Murcia;2024-01-31;Resolución de Grado → Resolución de Prestación;259,28
Región de Murcia;2024-01-31;Solicitud → Resolución de Prestación;509,63
Región de Murcia;2024-02-29;Solicitud → Resolución de Grado;269,94
Región de Murcia;2024-02-29;Resolución de Grado → Resolución de Prestación;260,39
Región de Murcia;2024-02-29;Solicitud → Resolución de Prestación;510,88
Región de Murcia;2024-03-31;Solicitud → Resolución de Grado;276,35
Región de Murcia;2024-03-31;Resolución de Grado → Resolución de Prestación;256,80
Región de Murcia;2024-03-31;Solicitud → Resolución de Prestación;510,08
Región de Murcia;2024-04-30;Solicitud → Resolución de Grado;282,81
Región de Murcia;2024-04-30;Resolución de Grado → Resolución de Prestación;254,13
Región de Murcia;2024-04-30;Solicitud → Resolución de Prestación;510,46
Región de Murcia;2024-05-31;Solicitud → Resolución de Grado;290,27
Región de Murcia;2024-05-31;Resolución de Grado → Resolución de Prestación;252,42
Región de Murcia;2024-05-31;Solicitud → Resolución de Prestación;511,45
Región de Murcia;2024-06-30;Solicitud → Resolución de Grado;294,94
Región de Murcia;2024-06-30;Resolución de Grado → Resolución de Prestación;253,00
Región de Murcia;2024-06-30;Solicitud → Resolución de Prestación;515,27
Región de Murcia;2024-07-31;Solicitud → Resolución de Grado;297,68
Región de Murcia;2024-07-31;Resolución de Grado → Resolución de Prestación;248,19
Región de Murcia;2024-07-31;Solicitud → Resolución de Prestación;513,53
Región de Murcia;2024-08-31;Solicitud → Resolución de Grado;300,39
Región de Murcia;2024-08-31;Resolución de Grado → Resolución de Prestación;247,05
Región de Murcia;2024-08-31;Solicitud → Resolución de Prestación;513,26
Región de Murcia;2024-09-30;Solicitud → Resolución de Grado;305,55
Región de Murcia;2024-09-30;Resolución de Grado → Resolución de Prestación;244,80
Región de Murcia;2024-09-30;Solicitud → Resolución de Prestación;512,93
Región de Murcia;2024-10-31;Solicitud → Resolución de Grado;308,82
Región de Murcia;2024-10-31;Resolución de Grado → Resolución de Prestación;243,75
Región de Murcia;2024-10-31;Solicitud → Resolución de Prestación;514,38
Región de Murcia;2024-11-30;Solicitud → Resolución de Grado;318,15
Región de Murcia;2024-11-30;Resolución de Grado → Resolución de Prestación;243,09
Región de Murcia;2024-11-30;Solicitud → Resolución de Prestación;516,96
Región de Murcia;2024-12-31;Solicitud → Resolución de Grado;319,46
Región de Murcia;2024-12-31;Resolución de Grado → Resolución de Prestación;242,13
Región de Murcia;2024-12-31;Solicitud → Resolución de Prestación;520,08
Región de Murcia;2025-01-31;Solicitud → Resolución de Grado;321,20
Región de Murcia;2025-01-31;Resolución de Grado → Resolución de Prestación;241,97
Región de Murcia;2025-01-31;Solicitud → Resolución de Prestación;524,80
Región de Murcia;2025-02-28;Solicitud → Resolución de Grado;323,64
Región de Murcia;2025-02-28;Resolución de Grado → Resolución de Prestación;243,69
Región de Murcia;2025-02-28;Solicitud → Resolución de Prestación;532,98
Región de Murcia;2025-03-31;Solicitud → Resolución de Grado;326,53
Región de Murcia;2025-03-31;Resolución de Grado → Resolución de Prestación;247,80
Región de Murcia;2025-03-31;Solicitud → Resolución de Prestación;542,83
Región de Murcia;2025-04-30;Solicitud → Resolución de Grado;326,92
Región de Murcia;2025-04-30;Resolución de Grado → Resolución de Prestación;248,18
Región de Murcia;2025-04-30;Solicitud → Resolución de Prestación;548,86
Región de Murcia;2025-05-31;Solicitud → Resolución de Grado;328,58
Región de Murcia;2025-05-31;Resolución de Grado → Resolución de Prestación;248,20
Región de Murcia;2025-05-31;Solicitud → Resolución de Prestación;555,33
Región de Murcia;2025-06-30;Solicitud → Resolución de Grado;333,25
Región de Murcia;2025-06-30;Resolución de Grado → Resolución de Prestación;250,42
Región de Murcia;2025-06-30;Solicitud → Resolución de Prestación;564,23
Región de Murcia;2025-07-31;Solicitud → Resolución de Grado;338,23
Región de Murcia;2025-07-31;Resolución de Grado → Resolución de Prestación;248,33
Región de Murcia;2025-07-31;Solicitud → Resolución de Prestación;564,66
Región de Murcia;2025-08-31;Solicitud → Resolución de Grado;340,70
Región de Murcia;2025-08-31;Resolución de Grado → Resolución de Prestación;244,84
Región de Murcia;2025-08-31;Solicitud → Resolución de Prestación;562,48
Región de Murcia;2025-09-30;Solicitud → Resolución de Grado;344,87
Región de Murcia;2025-09-30;Resolución de Grado → Resolución de Prestación;243,07
Región de Murcia;2025-09-30;Solicitud → Resolución de Prestación;562,90
Región de Murcia;2025-10-31;Solicitud → Resolución de Grado;340,21
Región de Murcia;2025-10-31;Resolución de Grado → Resolución de Prestación;241,58
Región de Murcia;2025-10-31;Solicitud → Resolución de Prestación;563,16
Región de Murcia;2025-11-30;Solicitud → Resolución de Grado;336,81
Región de Murcia;2025-11-30;Resolución de Grado → Resolución de Prestación;240,08
Región de Murcia;2025-11-30;Solicitud → Resolución de Prestación;564,53
Región de Murcia;2025-12-31;Solicitud → Resolución de Grado;335,62
Región de Murcia;2025-12-31;Resolución de Grado → Resolución de Prestación;230,10
Región de Murcia;2025-12-31;Solicitud → Resolución de Prestación;558,78
Región de Murcia;2026-01-31;Solicitud → Resolución de Grado;334,56
Región de Murcia;2026-01-31;Resolución de Grado → Resolución de Prestación;227,16
Región de Murcia;2026-01-31;Solicitud → Resolución de Prestación;556,78
Comunidad Foral de Navarra;2023-01-31;Solicitud → Resolución de Grado;75,79
Comunidad Foral de Navarra;2023-01-31;Resolución de Grado → Resolución de Prestación;106,12
Comunidad Foral de Navarra;2023-01-31;Solicitud → Resolución de Prestación;176,95
Comunidad Foral de Navarra;2023-02-28;Solicitud → Resolución de Grado;78,18
Comunidad Foral de Navarra;2023-02-28;Resolución de Grado → Resolución de Prestación;104,28
Comunidad Foral de Navarra;2023-02-28;Solicitud → Resolución de Prestación;175,57
Comunidad Foral de Navarra;2023-03-31;Solicitud → Resolución de Grado;82,17
Comunidad Foral de Navarra;2023-03-31;Resolución de Grado → Resolución de Prestación;102,34
Comunidad Foral de Navarra;2023-03-31;Solicitud → Resolución de Prestación;175,91
Comunidad Foral de Navarra;2023-04-30;Solicitud → Resolución de Grado;86,68
Comunidad Foral de Navarra;2023-04-30;Resolución de Grado → Resolución de Prestación;101,67
Comunidad Foral de Navarra;2023-04-30;Solicitud → Resolución de Prestación;178,07
Comunidad Foral de Navarra;2023-05-31;Solicitud → Resolución de Grado;93,17
Comunidad Foral de Navarra;2023-05-31;Resolución de Grado → Resolución de Prestación;97,93
Comunidad Foral de Navarra;2023-05-31;Solicitud → Resolución de Prestación;177,25
Comunidad Foral de Navarra;2023-06-30;Solicitud → Resolución de Grado;97,47
Comunidad Foral de Navarra;2023-06-30;Resolución de Grado → Resolución de Prestación;93,18
Comunidad Foral de Navarra;2023-06-30;Solicitud → Resolución de Prestación;176,39
Comunidad Foral de Navarra;2023-07-31;Solicitud → Resolución de Grado;99,83
Comunidad Foral de Navarra;2023-07-31;Resolución de Grado → Resolución de Prestación;90,83
Comunidad Foral de Navarra;2023-07-31;Solicitud → Resolución de Prestación;176,42
Comunidad Foral de Navarra;2023-08-31;Solicitud → Resolución de Grado;102,59
Comunidad Foral de Navarra;2023-08-31;Resolución de Grado → Resolución de Prestación;89,21
Comunidad Foral de Navarra;2023-08-31;Solicitud → Resolución de Prestación;176,61
Comunidad Foral de Navarra;2023-09-30;Solicitud → Resolución de Grado;104,41
Comunidad Foral de Navarra;2023-09-30;Resolución de Grado → Resolución de Prestación;84,02
Comunidad Foral de Navarra;2023-09-30;Solicitud → Resolución de Prestación;176,75
Comunidad Foral de Navarra;2023-10-31;Solicitud → Resolución de Grado;106,47
Comunidad Foral de Navarra;2023-10-31;Resolución de Grado → Resolución de Prestación;81,69
Comunidad Foral de Navarra;2023-10-31;Solicitud → Resolución de Prestación;177,07
Comunidad Foral de Navarra;2023-11-30;Solicitud → Resolución de Grado;108,22
Comunidad Foral de Navarra;2023-11-30;Resolución de Grado → Resolución de Prestación;79,45
Comunidad Foral de Navarra;2023-11-30;Solicitud → Resolución de Prestación;177,55
Comunidad Foral de Navarra;2023-12-31;Solicitud → Resolución de Grado;108,09
Comunidad Foral de Navarra;2023-12-31;Resolución de Grado → Resolución de Prestación;76,95
Comunidad Foral de Navarra;2023-12-31;Solicitud → Resolución de Prestación;178,21
Comunidad Foral de Navarra;2024-01-31;Solicitud → Resolución de Grado;108,55
Comunidad Foral de Navarra;2024-01-31;Resolución de Grado → Resolución de Prestación;76,54
Comunidad Foral de Navarra;2024-01-31;Solicitud → Resolución de Prestación;180,65
Comunidad Foral de Navarra;2024-02-29;Solicitud → Resolución de Grado;108,49
Comunidad Foral de Navarra;2024-02-29;Resolución de Grado → Resolución de Prestación;75,86
Comunidad Foral de Navarra;2024-02-29;Solicitud → Resolución de Prestación;181,37
Comunidad Foral de Navarra;2024-03-31;Solicitud → Resolución de Grado;109,58
Comunidad Foral de Navarra;2024-03-31;Resolución de Grado → Resolución de Prestación;77,43
Comunidad Foral de Navarra;2024-03-31;Solicitud → Resolución de Prestación;184,35
Comunidad Foral de Navarra;2024-04-30;Solicitud → Resolución de Grado;111,89
Comunidad Foral de Navarra;2024-04-30;Resolución de Grado → Resolución de Prestación;78,14
Comunidad Foral de Navarra;2024-04-30;Solicitud → Resolución de Prestación;186,02
Comunidad Foral de Navarra;2024-05-31;Solicitud → Resolución de Grado;113,54
Comunidad Foral de Navarra;2024-05-31;Resolución de Grado → Resolución de Prestación;80,40
Comunidad Foral de Navarra;2024-05-31;Solicitud → Resolución de Prestación;189,26
Comunidad Foral de Navarra;2024-06-30;Solicitud → Resolución de Grado;117,78
Comunidad Foral de Navarra;2024-06-30;Resolución de Grado → Resolución de Prestación;82,18
Comunidad Foral de Navarra;2024-06-30;Solicitud → Resolución de Prestación;192,86
Comunidad Foral de Navarra;2024-07-31;Solicitud → Resolución de Grado;122,04
Comunidad Foral de Navarra;2024-07-31;Resolución de Grado → Resolución de Prestación;83,05
Comunidad Foral de Navarra;2024-07-31;Solicitud → Resolución de Prestación;197,66
Comunidad Foral de Navarra;2024-08-31;Solicitud → Resolución de Grado;125,14
Comunidad Foral de Navarra;2024-08-31;Resolución de Grado → Resolución de Prestación;80,95
Comunidad Foral de Navarra;2024-08-31;Solicitud → Resolución de Prestación;198,68
Comunidad Foral de Navarra;2024-09-30;Solicitud → Resolución de Grado;128,13
Comunidad Foral de Navarra;2024-09-30;Resolución de Grado → Resolución de Prestación;79,94
Comunidad Foral de Navarra;2024-09-30;Solicitud → Resolución de Prestación;200,19
Comunidad Foral de Navarra;2024-10-31;Solicitud → Resolución de Grado;131,40
Comunidad Foral de Navarra;2024-10-31;Resolución de Grado → Resolución de Prestación;80,17
Comunidad Foral de Navarra;2024-10-31;Solicitud → Resolución de Prestación;202,99
Comunidad Foral de Navarra;2024-11-30;Solicitud → Resolución de Grado;135,44
Comunidad Foral de Navarra;2024-11-30;Resolución de Grado → Resolución de Prestación;76,78
Comunidad Foral de Navarra;2024-11-30;Solicitud → Resolución de Prestación;203,10
Comunidad Foral de Navarra;2024-12-31;Solicitud → Resolución de Grado;135,39
Comunidad Foral de Navarra;2024-12-31;Resolución de Grado → Resolución de Prestación;75,48
Comunidad Foral de Navarra;2024-12-31;Solicitud → Resolución de Prestación;204,30
Comunidad Foral de Navarra;2025-01-31;Solicitud → Resolución de Grado;136,00
Comunidad Foral de Navarra;2025-01-31;Resolución de Grado → Resolución de Prestación;74,23
Comunidad Foral de Navarra;2025-01-31;Solicitud → Resolución de Prestación;204,76
Comunidad Foral de Navarra;2025-02-28;Solicitud → Resolución de Grado;136,19
Comunidad Foral de Navarra;2025-02-28;Resolución de Grado → Resolución de Prestación;72,45
Comunidad Foral de Navarra;2025-02-28;Solicitud → Resolución de Prestación;204,88
Comunidad Foral de Navarra;2025-03-31;Solicitud → Resolución de Grado;135,58
Comunidad Foral de Navarra;2025-03-31;Resolución de Grado → Resolución de Prestación;69,70
Comunidad Foral de Navarra;2025-03-31;Solicitud → Resolución de Prestación;204,03
Comunidad Foral de Navarra;2025-04-30;Solicitud → Resolución de Grado;134,12
Comunidad Foral de Navarra;2025-04-30;Resolución de Grado → Resolución de Prestación;64,81
Comunidad Foral de Navarra;2025-04-30;Solicitud → Resolución de Prestación;198,15
Comunidad Foral de Navarra;2025-05-31;Solicitud → Resolución de Grado;131,61
Comunidad Foral de Navarra;2025-05-31;Resolución de Grado → Resolución de Prestación;72,32
Comunidad Foral de Navarra;2025-05-31;Solicitud → Resolución de Prestación;201,74
Comunidad Foral de Navarra;2025-06-30;Solicitud → Resolución de Grado;132,51
Comunidad Foral de Navarra;2025-06-30;Resolución de Grado → Resolución de Prestación;72,51
Comunidad Foral de Navarra;2025-06-30;Solicitud → Resolución de Prestación;202,12
Comunidad Foral de Navarra;2025-07-31;Solicitud → Resolución de Grado;132,33
Comunidad Foral de Navarra;2025-07-31;Resolución de Grado → Resolución de Prestación;72,96
Comunidad Foral de Navarra;2025-07-31;Solicitud → Resolución de Prestación;202,90
Comunidad Foral de Navarra;2025-08-31;Solicitud → Resolución de Grado;131,49
Comunidad Foral de Navarra;2025-08-31;Resolución de Grado → Resolución de Prestación;71,95
Comunidad Foral de Navarra;2025-08-31;Solicitud → Resolución de Prestación;201,89
Comunidad Foral de Navarra;2025-09-30;Solicitud → Resolución de Grado;130,06
Comunidad Foral de Navarra;2025-09-30;Resolución de Grado → Resolución de Prestación;71,11
Comunidad Foral de Navarra;2025-09-30;Solicitud → Resolución de Prestación;200,34
Comunidad Foral de Navarra;2025-10-31;Solicitud → Resolución de Grado;128,99
Comunidad Foral de Navarra;2025-10-31;Resolución de Grado → Resolución de Prestación;72,50
Comunidad Foral de Navarra;2025-10-31;Solicitud → Resolución de Prestación;201,33
Comunidad Foral de Navarra;2025-11-30;Solicitud → Resolución de Grado;130,50
Comunidad Foral de Navarra;2025-11-30;Resolución de Grado → Resolución de Prestación;73,58
Comunidad Foral de Navarra;2025-11-30;Solicitud → Resolución de Prestación;201,20
Comunidad Foral de Navarra;2025-12-31;Solicitud → Resolución de Grado;130,58
Comunidad Foral de Navarra;2025-12-31;Resolución de Grado → Resolución de Prestación;73,50
Comunidad Foral de Navarra;2025-12-31;Solicitud → Resolución de Prestación;200,80
Comunidad Foral de Navarra;2026-01-31;Solicitud → Resolución de Grado;130,90
Comunidad Foral de Navarra;2026-01-31;Resolución de Grado → Resolución de Prestación;72,53
Comunidad Foral de Navarra;2026-01-31;Solicitud → Resolución de Prestación;199,66
País Vasco;2023-01-31;Solicitud → Resolución de Grado;87,71
País Vasco;2023-01-31;Resolución de Grado → Resolución de Prestación;50,55
País Vasco;2023-01-31;Solicitud → Resolución de Prestación;137,17
País Vasco;2023-02-28;Solicitud → Resolución de Grado;87,33
País Vasco;2023-02-28;Resolución de Grado → Resolución de Prestación;49,89
País Vasco;2023-02-28;Solicitud → Resolución de Prestación;137,95
País Vasco;2023-03-31;Solicitud → Resolución de Grado;88,84
País Vasco;2023-03-31;Resolución de Grado → Resolución de Prestación;52,16
País Vasco;2023-03-31;Solicitud → Resolución de Prestación;143,32
País Vasco;2023-04-30;Solicitud → Resolución de Grado;89,66
País Vasco;2023-04-30;Resolución de Grado → Resolución de Prestación;52,17
País Vasco;2023-04-30;Solicitud → Resolución de Prestación;144,74
País Vasco;2023-05-31;Solicitud → Resolución de Grado;90,03
País Vasco;2023-05-31;Resolución de Grado → Resolución de Prestación;51,21
País Vasco;2023-05-31;Solicitud → Resolución de Prestación;144,26
País Vasco;2023-06-30;Solicitud → Resolución de Grado;90,83
País Vasco;2023-06-30;Resolución de Grado → Resolución de Prestación;53,54
País Vasco;2023-06-30;Solicitud → Resolución de Prestación;148,42
País Vasco;2023-07-31;Solicitud → Resolución de Grado;91,21
País Vasco;2023-07-31;Resolución de Grado → Resolución de Prestación;50,56
País Vasco;2023-07-31;Solicitud → Resolución de Prestación;146,33
País Vasco;2023-08-31;Solicitud → Resolución de Grado;90,95
País Vasco;2023-08-31;Resolución de Grado → Resolución de Prestación;50,62
País Vasco;2023-08-31;Solicitud → Resolución de Prestación;146,18
País Vasco;2023-09-30;Solicitud → Resolución de Grado;89,34
País Vasco;2023-09-30;Resolución de Grado → Resolución de Prestación;49,34
País Vasco;2023-09-30;Solicitud → Resolución de Prestación;144,02
País Vasco;2023-10-31;Solicitud → Resolución de Grado;87,39
País Vasco;2023-10-31;Resolución de Grado → Resolución de Prestación;47,70
País Vasco;2023-10-31;Solicitud → Resolución de Prestación;141,48
País Vasco;2023-11-30;Solicitud → Resolución de Grado;85,06
País Vasco;2023-11-30;Resolución de Grado → Resolución de Prestación;48,22
País Vasco;2023-11-30;Solicitud → Resolución de Prestación;141,29
País Vasco;2023-12-31;Solicitud → Resolución de Grado;82,23
País Vasco;2023-12-31;Resolución de Grado → Resolución de Prestación;49,29
País Vasco;2023-12-31;Solicitud → Resolución de Prestación;139,74
País Vasco;2024-01-31;Solicitud → Resolución de Grado;81,16
País Vasco;2024-01-31;Resolución de Grado → Resolución de Prestación;51,24
País Vasco;2024-01-31;Solicitud → Resolución de Prestación;140,40
País Vasco;2024-02-29;Solicitud → Resolución de Grado;80,01
País Vasco;2024-02-29;Resolución de Grado → Resolución de Prestación;51,18
País Vasco;2024-02-29;Solicitud → Resolución de Prestación;138,47
País Vasco;2024-03-31;Solicitud → Resolución de Grado;78,97
País Vasco;2024-03-31;Resolución de Grado → Resolución de Prestación;49,95
País Vasco;2024-03-31;Solicitud → Resolución de Prestación;136,14
País Vasco;2024-04-30;Solicitud → Resolución de Grado;77,62
País Vasco;2024-04-30;Resolución de Grado → Resolución de Prestación;50,31
País Vasco;2024-04-30;Solicitud → Resolución de Prestación;134,85
País Vasco;2024-05-31;Solicitud → Resolución de Grado;75,22
País Vasco;2024-05-31;Resolución de Grado → Resolución de Prestación;51,33
País Vasco;2024-05-31;Solicitud → Resolución de Prestación;133,25
País Vasco;2024-06-30;Solicitud → Resolución de Grado;73,90
País Vasco;2024-06-30;Resolución de Grado → Resolución de Prestación;50,58
País Vasco;2024-06-30;Solicitud → Resolución de Prestación;131,10
País Vasco;2024-07-31;Solicitud → Resolución de Grado;72,85
País Vasco;2024-07-31;Resolución de Grado → Resolución de Prestación;53,23
País Vasco;2024-07-31;Solicitud → Resolución de Prestación;131,89
País Vasco;2024-08-31;Solicitud → Resolución de Grado;71,41
País Vasco;2024-08-31;Resolución de Grado → Resolución de Prestación;53,45
País Vasco;2024-08-31;Solicitud → Resolución de Prestación;131,18
País Vasco;2024-09-30;Solicitud → Resolución de Grado;70,69
País Vasco;2024-09-30;Resolución de Grado → Resolución de Prestación;53,23
País Vasco;2024-09-30;Solicitud → Resolución de Prestación;129,86
País Vasco;2024-10-31;Solicitud → Resolución de Grado;70,32
País Vasco;2024-10-31;Resolución de Grado → Resolución de Prestación;51,84
País Vasco;2024-10-31;Solicitud → Resolución de Prestación;127,81
País Vasco;2024-11-30;Solicitud → Resolución de Grado;69,95
País Vasco;2024-11-30;Resolución de Grado → Resolución de Prestación;51,35
País Vasco;2024-11-30;Solicitud → Resolución de Prestación;125,77
País Vasco;2024-12-31;Solicitud → Resolución de Grado;70,06
País Vasco;2024-12-31;Resolución de Grado → Resolución de Prestación;54,49
País Vasco;2024-12-31;Solicitud → Resolución de Prestación;127,92
País Vasco;2025-01-31;Solicitud → Resolución de Grado;69,53
País Vasco;2025-01-31;Resolución de Grado → Resolución de Prestación;53,90
País Vasco;2025-01-31;Solicitud → Resolución de Prestación;126,30
País Vasco;2025-02-28;Solicitud → Resolución de Grado;70,63
País Vasco;2025-02-28;Resolución de Grado → Resolución de Prestación;52,85
País Vasco;2025-02-28;Solicitud → Resolución de Prestación;125,33
País Vasco;2025-03-31;Solicitud → Resolución de Grado;71,28
País Vasco;2025-03-31;Resolución de Grado → Resolución de Prestación;54,96
País Vasco;2025-03-31;Solicitud → Resolución de Prestación;127,75
País Vasco;2025-04-30;Solicitud → Resolución de Grado;71,45
País Vasco;2025-04-30;Resolución de Grado → Resolución de Prestación;57,37
País Vasco;2025-04-30;Solicitud → Resolución de Prestación;130,36
País Vasco;2025-05-31;Solicitud → Resolución de Grado;72,39
País Vasco;2025-05-31;Resolución de Grado → Resolución de Prestación;56,35
País Vasco;2025-05-31;Solicitud → Resolución de Prestación;129,01
País Vasco;2025-06-30;Solicitud → Resolución de Grado;73,64
País Vasco;2025-06-30;Resolución de Grado → Resolución de Prestación;55,71
País Vasco;2025-06-30;Solicitud → Resolución de Prestación;129,33
País Vasco;2025-07-31;Solicitud → Resolución de Grado;74,55
País Vasco;2025-07-31;Resolución de Grado → Resolución de Prestación;55,05
País Vasco;2025-07-31;Solicitud → Resolución de Prestación;129,94
País Vasco;2025-08-31;Solicitud → Resolución de Grado;75,53
País Vasco;2025-08-31;Resolución de Grado → Resolución de Prestación;54,45
País Vasco;2025-08-31;Solicitud → Resolución de Prestación;130,49
País Vasco;2025-09-30;Solicitud → Resolución de Grado;76,64
País Vasco;2025-09-30;Resolución de Grado → Resolución de Prestación;53,09
País Vasco;2025-09-30;Solicitud → Resolución de Prestación;130,40
País Vasco;2025-10-31;Solicitud → Resolución de Grado;76,55
País Vasco;2025-10-31;Resolución de Grado → Resolución de Prestación;52,23
País Vasco;2025-10-31;Solicitud → Resolución de Prestación;129,54
País Vasco;2025-11-30;Solicitud → Resolución de Grado;77,57
País Vasco;2025-11-30;Resolución de Grado → Resolución de Prestación;50,36
País Vasco;2025-11-30;Solicitud → Resolución de Prestación;128,51
País Vasco;2025-12-31;Solicitud → Resolución de Grado;78,31
País Vasco;2025-12-31;Resolución de Grado → Resolución de Prestación;50,49
País Vasco;2025-12-31;Solicitud → Resolución de Prestación;129,14
País Vasco;2026-01-31;Solicitud → Resolución de Grado;78,48
País Vasco;2026-01-31;Resolución de Grado → Resolución de Prestación;51,36
País Vasco;2026-01-31;Solicitud → Resolución de Prestación;130,43
La Rioja;2023-01-31;Solicitud → Resolución de Grado;51,85
La Rioja;2023-01-31;Resolución de Grado → Resolución de Prestación;214,36
La Rioja;2023-01-31;Solicitud → Resolución de Prestación;261,54
La Rioja;2023-02-28;Solicitud → Resolución de Grado;52,28
La Rioja;2023-02-28;Resolución de Grado → Resolución de Prestación;204,49
La Rioja;2023-02-28;Solicitud → Resolución de Prestación;251,17
La Rioja;2023-03-31;Solicitud → Resolución de Grado;51,36
La Rioja;2023-03-31;Resolución de Grado → Resolución de Prestación;205,38
La Rioja;2023-03-31;Solicitud → Resolución de Prestación;252,22
La Rioja;2023-04-30;Solicitud → Resolución de Grado;51,05
La Rioja;2023-04-30;Resolución de Grado → Resolución de Prestación;198,19
La Rioja;2023-04-30;Solicitud → Resolución de Prestación;245,23
La Rioja;2023-05-31;Solicitud → Resolución de Grado;50,74
La Rioja;2023-05-31;Resolución de Grado → Resolución de Prestación;185,72
La Rioja;2023-05-31;Solicitud → Resolución de Prestación;232,80
La Rioja;2023-06-30;Solicitud → Resolución de Grado;50,70
La Rioja;2023-06-30;Resolución de Grado → Resolución de Prestación;180,97
La Rioja;2023-06-30;Solicitud → Resolución de Prestación;228,02
La Rioja;2023-07-31;Solicitud → Resolución de Grado;50,61
La Rioja;2023-07-31;Resolución de Grado → Resolución de Prestación;177,51
La Rioja;2023-07-31;Solicitud → Resolución de Prestación;224,36
La Rioja;2023-08-31;Solicitud → Resolución de Grado;51,03
La Rioja;2023-08-31;Resolución de Grado → Resolución de Prestación;175,44
La Rioja;2023-08-31;Solicitud → Resolución de Prestación;222,03
La Rioja;2023-09-30;Solicitud → Resolución de Grado;51,57
La Rioja;2023-09-30;Resolución de Grado → Resolución de Prestación;169,80
La Rioja;2023-09-30;Solicitud → Resolución de Prestación;215,94
La Rioja;2023-10-31;Solicitud → Resolución de Grado;51,61
La Rioja;2023-10-31;Resolución de Grado → Resolución de Prestación;165,35
La Rioja;2023-10-31;Solicitud → Resolución de Prestación;211,75
La Rioja;2023-11-30;Solicitud → Resolución de Grado;51,65
La Rioja;2023-11-30;Resolución de Grado → Resolución de Prestación;160,10
La Rioja;2023-11-30;Solicitud → Resolución de Prestación;206,75
La Rioja;2023-12-31;Solicitud → Resolución de Grado;52,89
La Rioja;2023-12-31;Resolución de Grado → Resolución de Prestación;155,64
La Rioja;2023-12-31;Solicitud → Resolución de Prestación;202,79
La Rioja;2024-01-31;Solicitud → Resolución de Grado;52,87
La Rioja;2024-01-31;Resolución de Grado → Resolución de Prestación;151,76
La Rioja;2024-01-31;Solicitud → Resolución de Prestación;199,03
La Rioja;2024-02-29;Solicitud → Resolución de Grado;54,06
La Rioja;2024-02-29;Resolución de Grado → Resolución de Prestación;149,04
La Rioja;2024-02-29;Solicitud → Resolución de Prestación;196,39
La Rioja;2024-03-31;Solicitud → Resolución de Grado;55,14
La Rioja;2024-03-31;Resolución de Grado → Resolución de Prestación;148,63
La Rioja;2024-03-31;Solicitud → Resolución de Prestación;196,37
La Rioja;2024-04-30;Solicitud → Resolución de Grado;55,55
La Rioja;2024-04-30;Resolución de Grado → Resolución de Prestación;148,48
La Rioja;2024-04-30;Solicitud → Resolución de Prestación;196,03
La Rioja;2024-05-31;Solicitud → Resolución de Grado;56,33
La Rioja;2024-05-31;Resolución de Grado → Resolución de Prestación;150,68
La Rioja;2024-05-31;Solicitud → Resolución de Prestación;198,93
La Rioja;2024-06-30;Solicitud → Resolución de Grado;56,57
La Rioja;2024-06-30;Resolución de Grado → Resolución de Prestación;149,56
La Rioja;2024-06-30;Solicitud → Resolución de Prestación;198,64
La Rioja;2024-07-31;Solicitud → Resolución de Grado;56,48
La Rioja;2024-07-31;Resolución de Grado → Resolución de Prestación;148,56
La Rioja;2024-07-31;Solicitud → Resolución de Prestación;198,01
La Rioja;2024-08-31;Solicitud → Resolución de Grado;56,22
La Rioja;2024-08-31;Resolución de Grado → Resolución de Prestación;147,95
La Rioja;2024-08-31;Solicitud → Resolución de Prestación;197,95
La Rioja;2024-09-30;Solicitud → Resolución de Grado;56,81
La Rioja;2024-09-30;Resolución de Grado → Resolución de Prestación;150,95
La Rioja;2024-09-30;Solicitud → Resolución de Prestación;200,81
La Rioja;2024-10-31;Solicitud → Resolución de Grado;56,95
La Rioja;2024-10-31;Resolución de Grado → Resolución de Prestación;156,64
La Rioja;2024-10-31;Solicitud → Resolución de Prestación;206,37
La Rioja;2024-11-30;Solicitud → Resolución de Grado;55,96
La Rioja;2024-11-30;Resolución de Grado → Resolución de Prestación;159,97
La Rioja;2024-11-30;Solicitud → Resolución de Prestación;209,91
La Rioja;2024-12-31;Solicitud → Resolución de Grado;56,25
La Rioja;2024-12-31;Resolución de Grado → Resolución de Prestación;171,29
La Rioja;2024-12-31;Solicitud → Resolución de Prestación;220,05
La Rioja;2025-01-31;Solicitud → Resolución de Grado;56,67
La Rioja;2025-01-31;Resolución de Grado → Resolución de Prestación;175,27
La Rioja;2025-01-31;Solicitud → Resolución de Prestación;223,72
La Rioja;2025-02-28;Solicitud → Resolución de Grado;57,92
La Rioja;2025-02-28;Resolución de Grado → Resolución de Prestación;180,92
La Rioja;2025-02-28;Solicitud → Resolución de Prestación;229,28
La Rioja;2025-03-31;Solicitud → Resolución de Grado;58,90
La Rioja;2025-03-31;Resolución de Grado → Resolución de Prestación;176,63
La Rioja;2025-03-31;Solicitud → Resolución de Prestación;224,42
La Rioja;2025-04-30;Solicitud → Resolución de Grado;59,98
La Rioja;2025-04-30;Resolución de Grado → Resolución de Prestación;177,68
La Rioja;2025-04-30;Solicitud → Resolución de Prestación;225,67
La Rioja;2025-05-31;Solicitud → Resolución de Grado;61,35
La Rioja;2025-05-31;Resolución de Grado → Resolución de Prestación;175,41
La Rioja;2025-05-31;Solicitud → Resolución de Prestación;223,35
La Rioja;2025-06-30;Solicitud → Resolución de Grado;64,03
La Rioja;2025-06-30;Resolución de Grado → Resolución de Prestación;174,26
La Rioja;2025-06-30;Solicitud → Resolución de Prestación;222,39
La Rioja;2025-07-31;Solicitud → Resolución de Grado;66,97
La Rioja;2025-07-31;Resolución de Grado → Resolución de Prestación;175,61
La Rioja;2025-07-31;Solicitud → Resolución de Prestación;225,29
La Rioja;2025-08-31;Solicitud → Resolución de Grado;69,62
La Rioja;2025-08-31;Resolución de Grado → Resolución de Prestación;169,34
La Rioja;2025-08-31;Solicitud → Resolución de Prestación;220,39
La Rioja;2025-09-30;Solicitud → Resolución de Grado;72,16
La Rioja;2025-09-30;Resolución de Grado → Resolución de Prestación;160,66
La Rioja;2025-09-30;Solicitud → Resolución de Prestación;212,92
La Rioja;2025-10-31;Solicitud → Resolución de Grado;76,60
La Rioja;2025-10-31;Resolución de Grado → Resolución de Prestación;152,82
La Rioja;2025-10-31;Solicitud → Resolución de Prestación;207,41
La Rioja;2025-11-30;Solicitud → Resolución de Grado;79,20
La Rioja;2025-11-30;Resolución de Grado → Resolución de Prestación;135,45
La Rioja;2025-11-30;Solicitud → Resolución de Prestación;193,21
La Rioja;2025-12-31;Solicitud → Resolución de Grado;78,73
La Rioja;2025-12-31;Resolución de Grado → Resolución de Prestación;112,56
La Rioja;2025-12-31;Solicitud → Resolución de Prestación;174,19
La Rioja;2026-01-31;Solicitud → Resolución de Grado;78,98
La Rioja;2026-01-31;Resolución de Grado → Resolución de Prestación;104,36
La Rioja;2026-01-31;Solicitud → Resolución de Prestación;167,23
