"ccaa","periodo","genero","mort_cancer","mort_cardio","mort_diabetes","mort_epoc","mort_ictus","mort_evitable_idx","mort_evitable_idx_0_100"
"Andalucía",1990,"hombres",0.117940344099156,2.77212562417035,2.18920960972345,4.03675434842598,2.83251670906605,2.389709327097,69.1719133435827
"Andalucía",1990,"mujeres",0.00840765012652577,0.997087902963542,2.16473448402284,0.755005372016907,1.76622687090599,1.13829245600716,27.92687701732
"Andalucía",1990,"total",0.0601796980794147,1.81220025871285,2.19168583319005,2.21223911234423,2.25432259874136,1.70612550021358,46.6418992266256
"Andalucía",1991,"hombres",0.115051226376998,2.89305538210331,1.87830172117987,3.99735071260866,2.97125318267814,2.37100244498939,68.5553593799084
"Andalucía",1991,"mujeres",0.0120470093841623,1.01900515885883,2.04977195129107,0.56080733925396,1.85927042468904,1.10018037669541,26.6707535527918
"Andalucía",1991,"total",0.0605068517253281,1.88505446885476,1.98213953682471,2.10340770816517,2.36545959035158,1.67931363118431,45.7582156695036
"Andalucía",1992,"hombres",0.117263924302787,2.8226558323545,1.63928628626757,3.41503995755438,2.54471349780545,2.10779189965694,59.880289741253
"Andalucía",1992,"mujeres",0.0080961636039525,0.974146845094062,1.67494615374032,0.601328068582122,1.64417065773499,0.980537577751089,22.7274859633619
"Andalucía",1992,"total",0.0598535757467714,1.83586859775804,1.66955866620888,1.86814450959308,2.05949693969309,1.49858445779997,39.8016223921885
"Andalucía",1993,"hombres",0.104422093942972,2.83525115282092,1.64632382152472,3.78144919090606,2.62880735457924,2.19925072275478,62.8946509570665
"Andalucía",1993,"mujeres",0.0100415477175076,0.937027037968356,1.55850468633536,0.647571706398031,1.51568233434055,0.933765462551962,21.1859392294074
"Andalucía",1993,"total",0.0548590093686568,1.82063310525155,1.60660254157745,2.07202467039467,2.03032315951916,1.5168884972223,40.4048991965308
"Andalucía",1994,"hombres",0.10854213897655,2.55637303683551,1.58716471183897,3.4407800602779,2.37514193478356,2.0136003765425,56.775862365987
"Andalucía",1994,"mujeres",0.0110154626059274,0.957544350922565,1.56859161093022,0.575713561949173,1.4473300953592,0.912039016353415,20.4698644477727
"Andalucía",1994,"total",0.0573970426812619,1.70571835530322,1.58647072369415,1.88233054746684,1.8745141378024,1.42128616138958,37.2539733097301
"Andalucía",1995,"hombres",0.113716023402073,2.74751999204839,1.6357918801335,3.55379419531529,2.46791290270143,2.10374699872013,59.746975184027
"Andalucía",1995,"mujeres",0.00912948997514851,0.905832457785869,1.38255664272046,0.50282115773264,1.41068539913467,0.842205029469758,18.1682290835988
"Andalucía",1995,"total",0.0588914005474076,1.76546909322001,1.5017769855389,1.89399240026202,1.90282320945151,1.42459061780397,37.3628837999104
"Andalucía",1996,"hombres",0.0977333797010117,2.76001336677216,1.48529159749922,3.50502750883893,2.42331078774947,2.05427532811216,58.1164546928257
"Andalucía",1996,"mujeres",0.0111511092830943,0.874460014655564,1.2953984957665,0.504366920520551,1.31733494385466,0.800542296816074,16.7950808054746
"Andalucía",1996,"total",0.0520016188615607,1.75570414588641,1.39158050507499,1.87750933209051,1.83087263029304,1.3815336464413,35.943783267563
"Andalucía",1997,"hombres",0.107878920368425,2.54565909150629,1.44641002729107,3.00508313835122,2.24123531770626,1.86925329904466,52.0183745994976
"Andalucía",1997,"mujeres",0.0102267269832509,0.86984284839769,1.18424465456449,0.535504754505824,1.27261441039777,0.774486678969806,15.9363222819167
"Andalucía",1997,"total",0.0565719937679889,1.65322372086504,1.31053274342171,1.66520908762434,1.7221151027808,1.28153052969198,32.6478134925404
"Andalucía",1998,"hombres",0.102772859904352,2.63850555916925,1.73995978447672,3.4288739529908,2.13499526956978,2.00902148522218,56.6249481956546
"Andalucía",1998,"mujeres",0.0112405036040075,0.8591491727721,1.30382545668618,0.436049595159928,1.19165068340996,0.760383082326436,15.4714864871266
"Andalucía",1998,"total",0.0547267624786587,1.69358266997574,1.50622003710451,1.81007323073249,1.63148997939126,1.33921853593653,34.5491334827961
"Andalucía",1999,"hombres",2.28422229933245,2.53710550453152,1.51183062576728,3.4394077177711,2.39452726789471,2.43341868305941,70.6125156049995
"Andalucía",1999,"mujeres",0.960656184079758,0.825291672660184,1.20002397499708,0.491317087366131,1.2628757163257,0.948032927085771,21.6561758920058
"Andalucía",1999,"total",1.5764612712454,1.62589333424727,1.34725410867366,1.84421209741177,1.78968437799706,1.63670103791503,44.3537612483186
"Andalucía",2000,"hombres",2.21528508802731,2.47328947275745,1.35061661950621,2.64802656285725,2.04776604174994,2.14699675697963,61.1724297161858
"Andalucía",2000,"mujeres",0.962202011158792,0.77118958708773,1.21541215512819,0.316767820638905,1.15750600408972,0.884615515620667,19.5660223228615
"Andalucía",2000,"total",1.54542323773566,1.5696076180706,1.28118215046736,1.38417319282192,1.57250878159907,1.47057899613892,38.8785996087911
"Andalucía",2001,"hombres",2.2454970768869,2.31572482966362,1.49408698812064,2.49611814270218,2.04515292281912,2.11931599203849,60.260108504996
"Andalucía",2001,"mujeres",0.959531247629568,0.749182842359421,1.19564526661451,0.386963992348304,1.17418519506926,0.893101708804211,19.8457159678914
"Andalucía",2001,"total",1.55796345903543,1.48520296934666,1.34018143532968,1.35463806417867,1.58095400254245,1.46378798608658,38.6547769460384
"Andalucía",2002,"hombres",2.21549457927101,2.23477324673688,1.47992909873001,2.70936487816272,2.05364669007061,2.13864169859425,60.897058099761
"Andalucía",2002,"mujeres",0.950628760791492,0.700594568560663,1.08800511733769,0.348038089147946,1.15719489911338,0.848892286990234,18.388632200839
"Andalucía",2002,"total",1.5414724288853,1.42325036767522,1.27345952719719,1.43726587154713,1.57649893705668,1.45038942647231,38.2131782343886
"Andalucía",2003,"hombres",2.13896350874484,2.29504181188777,1.31811557746114,2.57924990013459,1.97592422751952,2.06145900514957,58.3532191373599
"Andalucía",2003,"mujeres",0.933773429543788,0.709672718512893,1.13753161029038,0.293963164503845,1.0787746801118,0.830743120592541,17.7904598054865
"Andalucía",2003,"total",1.49721796228083,1.45731101570068,1.22665633765692,1.34554403747646,1.49553402107312,1.4044526748376,36.6991639729108
"Andalucía",2004,"hombres",2.18389813978824,2.03761455679362,1.38032019350898,2.19035947764289,1.85237235323854,1.92891294419445,53.9846771867981
"Andalucía",2004,"mujeres",0.925786265181334,0.659935418751792,0.876529473869276,0.301329893278621,0.989611447738378,0.75063849976388,15.1503180011793
"Andalucía",2004,"total",1.51493877507161,1.31072076184021,1.11496546403521,1.17441392006092,1.39324887439784,1.30165755908116,33.3111736225453
"Andalucía",2005,"hombres",2.04038719103631,2.06649233508998,1.39785318041023,2.57220585920111,1.90499695342569,1.99638710383266,56.2085357823261
"Andalucía",2005,"mujeres",0.882985050291558,0.634557295524049,0.908681094906399,0.357206348913725,1.05968946954254,0.768623851835654,15.7430912941388
"Andalucía",2005,"total",1.42578238928572,1.31190627727348,1.14403786809447,1.38015459697457,1.45476115935951,1.34332845819755,34.6845910564231
"Andalucía",2006,"hombres",1.97490562904976,1.84630776863881,1.28268309716885,1.76863833199109,1.59834880369047,1.6941767261078,46.2480835178618
"Andalucía",2006,"mujeres",0.904568084467145,0.522490924972508,0.839595140760745,0.253034296324195,0.896285190865231,0.683194727477965,12.9274609323832
"Andalucía",2006,"total",1.40721849515605,1.14878266637275,1.05020507273676,0.954316048846788,1.22937135432979,1.15797872748843,28.5757103526628
"Andalucía",2007,"hombres",1.96173737508803,1.78088460652781,1.23346656080702,2.11716012618818,1.69438823435877,1.75752738059396,48.3360368657328
"Andalucía",2007,"mujeres",0.902300382965297,0.546739391779996,0.833801838902362,0.2941776557247,0.871474059838188,0.689698665842109,13.1418220939514
"Andalucía",2007,"total",1.39978502361016,1.13257618326177,1.02268115532624,1.13913392274616,1.2563573187922,1.1901067207473,29.6346062966646
"Andalucía",2008,"hombres",1.89612895578834,1.69886533795394,1.14443893387311,1.74794173161068,1.59624907292307,1.61672480642983,43.6953712167446
"Andalucía",2008,"mujeres",0.886476770840306,0.490702252591168,0.684995588631832,0.286061950716138,0.769637617202945,0.623574835996478,10.9624685731382
"Andalucía",2008,"total",1.36172566344695,1.06653085625088,0.901034237354181,0.966203437896194,1.16020653891048,1.09114014677174,26.3727995933929
"Andalucía",2009,"hombres",1.90259149460917,1.63300430139138,1.14250982300767,1.98238049148839,1.47545348787073,1.62718791967347,44.0402215186619
"Andalucía",2009,"mujeres",0.878885858284706,0.441038574518696,0.645023828094032,0.265778941438397,0.809180411785595,0.607981522824285,10.4485337021198
"Andalucía",2009,"total",1.36054127649076,1.00972566562167,0.881784274202985,1.06441397156728,1.12353153825444,1.08799934522743,26.2692829501533
"Andalucía",2010,"hombres",1.83592335544615,1.50303636431944,1.11647171988056,1.72936831829829,1.29991155401912,1.49694226239271,39.7474978148458
"Andalucía",2010,"mujeres",0.857486257557829,0.469277310957208,0.614696860476592,0.272843735829918,0.635664522792391,0.569993737522788,9.1965068029219
"Andalucía",2010,"total",1.32014580034019,0.963611690048318,0.84961247987437,0.952070963173313,0.950295352094046,1.00714725710605,23.6045056176276
"Andalucía",2011,"hombres",1.83071099275319,1.46333756032016,0.776389459460547,1.63185676520442,1.18049355333713,1.37655766621509,35.7797815748175
"Andalucía",2011,"mujeres",0.877254949803876,0.445908531923613,0.39905899459701,0.254223985018191,0.587440338296146,0.512777359927767,7.31073106592981
"Andalucía",2011,"total",1.32754741058512,0.933058582910131,0.577336565301668,0.900337566746473,0.868684345151686,0.921392894139016,20.7781558237092
"Andalucía",2012,"hombres",1.86013888139671,1.36692610085809,0.841538487764215,1.69797479780156,1.21720827064912,1.39675730769394,36.445534902761
"Andalucía",2012,"mujeres",0.881633079125075,0.412417510541594,0.414328707166527,0.278790774839047,0.571637440527574,0.511761502439963,7.27724975370307
"Andalucía",2012,"total",1.34674869314587,0.869775315022867,0.619085365331875,0.945883639543938,0.879639003653231,0.932226403339555,21.1352138839286
"Andalucía",2013,"hombres",1.78237326489978,1.28238662449927,0.659492392600524,1.56175382057988,1.11516811399513,1.28023484331492,32.6051093921532
"Andalucía",2013,"mujeres",0.870395231331611,0.367817891194764,0.416227733010484,0.282675088733047,0.557272059696573,0.498877600793296,6.85261348443333
"Andalucía",2013,"total",1.30425808098769,0.807255182159415,0.533237890263808,0.884458239628741,0.822950796669759,0.870432037941882,19.0985537553451
"Andalucía",2014,"hombres",1.70592416598039,1.25578339518253,0.8245288949999,1.39802598632159,1.06668168955549,1.25018882640798,31.614832620747
"Andalucía",2014,"mujeres",0.825744326465427,0.333111875413826,0.395313824636398,0.258800060373321,0.571250831423973,0.476844183662589,6.12642134898907
"Andalucía",2014,"total",1.24562742364371,0.776938292146781,0.599825117911178,0.794929792466576,0.809468016105147,0.845357728454678,18.2721378506634
"Andalucía",2015,"hombres",1.69814074780366,1.21485597209675,0.851853102071594,1.4325801381607,1.0670481773146,1.25289562748946,31.7040451857305
"Andalucía",2015,"mujeres",0.815467120694,0.30707029047847,0.443357127966439,0.275731780417065,0.585650861609557,0.485455436233106,6.41023678514848
"Andalucía",2015,"total",1.23659538070498,0.744604980724465,0.637607029349566,0.822918667548595,0.816021409525816,0.851549493570684,18.4762101970039
"Andalucía",2016,"hombres",1.64518438930767,1.2039447198067,0.789186309771261,1.53306299591178,0.970092108152727,1.22829410459003,30.8932116984172
"Andalucía",2016,"mujeres",0.843790573689983,0.321064991516095,0.367791728889812,0.262835189351429,0.533830442845631,0.46586258525859,5.76448246550661
"Andalucía",2016,"total",1.226358836947,0.74636506139641,0.570668920985061,0.864913284589771,0.743613289943396,0.830383878772328,17.7786196727003
"Andalucía",2017,"hombres",1.67645058902799,1.26108096052073,0.7528148091803,1.32646110675151,1.00999781754722,1.20536105660555,30.137368926082
"Andalucía",2017,"mujeres",0.850442045352472,0.336746129491691,0.437205956574742,0.266381989571627,0.52099490046757,0.48235420429162,6.3080243034106
"Andalucía",2017,"total",1.24494836616395,0.781954070943906,0.589069349386056,0.768730469711506,0.754939743144546,0.827928399869992,17.6976903526113
"Andalucía",2018,"hombres",1.63471687762406,1.20619443384395,0.769618200227593,1.31975870864947,1.0058413736089,1.1872259187908,29.5396588941723
"Andalucía",2018,"mujeres",0.851578324000838,0.306825646785281,0.359286429315248,0.291495939167754,0.538432956468239,0.469523859147472,5.88515318526111
"Andalucía",2018,"total",1.22547635584003,0.740589882608697,0.556216087235339,0.779242030544853,0.763668853501104,0.813038641946005,17.2069437272048
"Andalucía",2019,"hombres",1.59651085741742,1.13726653467595,0.783976614039432,1.2157294423152,0.943939319228103,1.13548455353522,27.8343322849202
"Andalucía",2019,"mujeres",0.835156128176746,0.289142447278136,0.400345479445443,0.332570682566394,0.46624164546797,0.464691276586938,5.72587768893086
"Andalucía",2019,"total",1.19843674833955,0.6970763274515,0.584162878967199,0.752166852088018,0.696083070256049,0.785585175420464,16.3021139696024
"Andalucía",2020,"hombres",1.56803229294317,1.18086700288501,0.863332933010237,1.04984408595837,0.977259565311484,1.12786717602165,27.5832736492919
"Andalucía",2020,"mujeres",0.83063756799577,0.287687261411153,0.386404984048209,0.298564300951155,0.476448939227091,0.455948610726676,5.43773104545396
"Andalucía",2020,"total",1.18278727409968,0.717882838385284,0.614558704841009,0.655683972618793,0.71728167053564,0.777638892096081,16.0402150357264
"Andalucía",2021,"hombres",1.55390613520644,1.14166500308424,1.09082438789229,0.945278989938737,0.945930534439162,1.13552101011217,27.8355338452279
"Andalucía",2021,"mujeres",0.851744016723209,0.296362759851423,0.437438045020243,0.263238587558667,0.472301165589378,0.464216914948584,5.71024335998925
"Andalucía",2021,"total",1.18677203134064,0.704261870998612,0.751485023293704,0.587345259883628,0.700113116686235,0.785995460440563,16.3156364183955
"Andalucía",2022,"hombres",1.53742285210709,1.09459812874684,0.957464882013203,0.999955693627642,0.974551462032282,1.11279860370541,27.0866335392484
"Andalucía",2022,"mujeres",0.839820048607,0.296240830263283,0.392299349167946,0.303071278988731,0.453565230211099,0.456999347447612,5.4723619308332
"Andalucía",2022,"total",1.17130257110914,0.680651101645729,0.662595311248253,0.633495525643745,0.702931186869057,0.770195139303184,15.7948788400593
"Andalucía",2023,"hombres",1.4746976556683,0.965800567781319,0.999517558395102,1.02212840378513,0.930063423227417,1.07844152177145,25.9542697960648
"Andalucía",2023,"mujeres",0.828568095542347,0.254135786252848,0.367349217349742,0.363038306688416,0.465474021703451,0.455713085507361,5.42996844735351
"Andalucía",2023,"total",1.13577804287383,0.596946816890219,0.66886893339956,0.675911850901284,0.68849235369897,0.753199599552773,15.2347284452675
"Andalucía",2024,"hombres",1.38692764870756,0.979298114023217,0.877745404633414,0.982644630698402,0.871037009272131,1.01953056146694,24.0126428658969
"Andalucía",2024,"mujeres",0.813158163166666,0.249981632805683,0.306141700837556,0.297494951317024,0.413532552256801,0.416061800076746,4.12311479550491
"Andalucía",2024,"total",1.08625751022664,0.601352415769594,0.580068120309276,0.622721586183952,0.632674063914647,0.704614739280822,13.6334360437371
"Aragón",1990,"hombres",0.0694787966187484,2.06681881356186,0.920263617197091,2.2095811874261,2.01498513376728,1.45622550971422,38.4055277790339
"Aragón",1990,"mujeres",0.015280024894308,0.546370486651284,1.1468118420591,0.423586081629552,1.01130662354995,0.628671011756839,11.1304317508906
"Aragón",1990,"total",0.0408682762472633,1.26284910356775,1.05111493066934,1.24041010773579,1.47772152832194,1.01459278930842,23.8499004602652
"Aragón",1991,"hombres",0.0725446016944841,2.05456903316216,1.14494627981005,2.32474324312674,2.01431059238138,1.52222275003496,40.5807090774062
"Aragón",1991,"mujeres",0.00714997627312644,0.545721229311251,1.25818269239417,0.35930964046568,1.15902504804083,0.665877717297012,12.3567152995921
"Aragón",1991,"total",0.0384858213236963,1.2619510387933,1.21577171565063,1.27163784162362,1.55454356215035,1.06847799590832,25.625885230013
"Aragón",1992,"hombres",0.0708859058181629,1.97545922813127,1.13393353310675,2.38603523762068,1.72921126425554,1.45910503378648,38.5004330641605
"Aragón",1992,"mujeres",0.00581418299258807,0.428002572763674,1.35122057062638,0.461002899566268,0.950654853980674,0.639339015985918,11.4820349872876
"Aragón",1992,"total",0.0379153988200618,1.16280236942281,1.24566936247182,1.35204703195877,1.32255767230973,1.02419836699664,24.1664875303599
"Aragón",1993,"hombres",0.060595039165192,2.08517268853461,1.00417125773767,1.92241326560968,1.74902731172283,1.364275912554,35.3749913026032
"Aragón",1993,"mujeres",0.00158563691955352,0.542590934620773,1.21633533523951,0.254283151037996,0.879736299049752,0.578906271373517,9.49025206952697
"Aragón",1993,"total",0.03047047125337,1.28533351985126,1.11904878863364,1.03494280147401,1.29117141190467,0.952193398623389,21.7932995025849
"Aragón",1994,"hombres",0.082650546788479,1.92700839965326,1.33649646288473,2.07394737823151,1.69681070891126,1.42338269929385,37.323072411731
"Aragón",1994,"mujeres",0.017951010583741,0.60371663211692,1.55379728115454,0.4416250003319,0.944726576644646,0.712363300166349,13.8888183088983
"Aragón",1994,"total",0.0492621273058022,1.24003871185264,1.45447957272451,1.20355683365259,1.29804460473021,1.04907637005315,24.9864334360732
"Aragón",1995,"hombres",0.070033595079676,1.88796358562755,1.2664582918446,2.71300525013757,1.80400802789329,1.54829375011654,41.4399745789894
"Aragón",1995,"mujeres",0.00638868030816903,0.63495366161645,1.02546706572675,0.458098928479628,0.935788676540458,0.612139402534291,10.5855718895066
"Aragón",1995,"total",0.037413228790671,1.2348180776682,1.14097326374531,1.51565446108228,1.35073369578913,1.05591854541512,25.2119424394073
"Aragón",1996,"hombres",0.0844664554235984,1.91762086703506,1.17877994598406,2.13330158069918,1.53274899251868,1.36938356833212,35.5433328464784
"Aragón",1996,"mujeres",0.00148920327303116,0.557841914457025,0.800018886013942,0.461420359876709,0.933599335821951,0.550873939888532,8.56634369245585
"Aragón",1996,"total",0.0414739027075045,1.21191017871291,0.98486315080284,1.24544817657414,1.21756744447838,0.940252570655153,21.3997456879503
"Aragón",1997,"hombres",0.0792188876979179,1.96313966552453,1.34680497094538,1.86995988440912,1.74502184514689,1.40082905074477,36.5797341403791
"Aragón",1997,"mujeres",0.00648061010597823,0.444237250235353,0.713958658178339,0.463027387576574,0.866957722742084,0.498932325767666,6.85441714683231
"Aragón",1997,"total",0.0423024395520601,1.17421298390244,1.01894064388372,1.12553410765437,1.28989195426267,0.930176425851052,21.0676493513299
"Aragón",1998,"hombres",0.0521060472957823,1.84767509766953,0.895180705236017,2.14859289227558,1.45263993650986,1.27923893579735,32.5722856044223
"Aragón",1998,"mujeres",0.00447354939282596,0.42154623494371,0.957209886254558,0.2524866603387,0.724688425145456,0.47208095121505,5.96943154018293
"Aragón",1998,"total",0.0276972520471278,1.10875162845073,0.9308676863495,1.15034165511384,1.07089800242276,0.857711244876792,18.6792933280731
"Aragón",1999,"hombres",2.05420529116289,1.84095810793349,1.14869937899454,2.53945216954831,1.58446181929268,1.83355535338638,50.841817770624
"Aragón",1999,"mujeres",0.923537124689611,0.451979826096163,0.835275649175378,0.432134118714363,0.757903292386691,0.680166002212441,12.8276381742882
"Aragón",1999,"total",1.46625774019793,1.12218390246773,0.990656388937469,1.43254394802612,1.14796019437435,1.23192043480072,31.0127307209959
"Aragón",2000,"hombres",1.92105904933589,1.94270576629722,0.971793459685761,1.7582388060996,1.38064614952281,1.59488864618826,42.9756804061154
"Aragón",2000,"mujeres",0.852078427461994,0.386924249489081,0.800896658452375,0.32452242202076,0.795338506579627,0.631952052800767,11.2385705015907
"Aragón",2000,"total",1.36393826577295,1.13639193126122,0.884533827362126,0.998994877950037,1.07447060717462,1.09166590190419,26.3901277835729
"Aragón",2001,"hombres",1.98521290258468,1.64852208491879,0.924088314705894,1.43841241169623,1.27771209626135,1.45478956203339,38.3582008525504
"Aragón",2001,"mujeres",0.906101130923785,0.415363014133226,0.822961748512356,0.248371524417058,0.862497038073835,0.651058891212052,11.8683064932968
"Aragón",2001,"total",1.42258195207677,1.01241321244826,0.871833247302206,0.813905993440623,1.05787450909344,1.03572178287226,24.5462839973667
"Aragón",2002,"hombres",1.88073437176731,1.60269586613063,0.976503485082033,1.46111314405054,1.27595860894812,1.43940109519573,37.8510174443771
"Aragón",2002,"mujeres",0.935676654584565,0.413002314625973,0.58590611713973,0.21296816602158,0.617410013256314,0.552992653125633,8.63617366394492
"Aragón",2002,"total",1.38723586082706,0.983227825526291,0.773798655096684,0.800269423698597,0.932825035856735,0.975471360201074,22.5605101683935
"Aragón",2003,"hombres",1.90773875754266,1.51149095533434,0.658142333798952,1.53217527803265,1.29749419284881,1.38140830351148,35.9396521312381
"Aragón",2003,"mujeres",0.917314439796262,0.355739604448773,0.694494979805318,0.227902654339567,0.670304372364364,0.573151210150857,9.3005729029182
"Aragón",2003,"total",1.39249038657178,0.912968325959868,0.682434200826087,0.84276593638588,0.970791127384023,0.960289995425528,22.0601525688477
"Aragón",2004,"hombres",1.99777855903992,1.56351425662549,0.899067809569616,1.03652182506159,1.14330605750771,1.32803770156086,34.1806280465695
"Aragón",2004,"mujeres",0.882908406650613,0.373291972110859,0.607489578469791,0.305749600774064,0.641284275852557,0.562144766771577,8.9378151620816
"Aragón",2004,"total",1.41874483695825,0.951129402672344,0.748474261651953,0.650526181291095,0.878766659723952,0.92952826845952,21.0462869454231
"Aragón",2005,"hombres",1.81832284707006,1.44494669657154,0.836950516352507,1.44679830768645,1.01362830403076,1.31212933434226,33.6563094130422
"Aragón",2005,"mujeres",0.889650936201099,0.315000020102476,0.530157186519661,0.277895562327689,0.604510641740858,0.523442869378356,7.66225207774464
"Aragón",2005,"total",1.33532278097465,0.858605795942837,0.676363087423748,0.825994524690609,0.799124456813746,0.899082129169118,20.0428226722161
"Aragón",2006,"hombres",1.85445445924673,1.52180375899433,0.668303092353248,1.34183793144933,1.26780657013707,1.33084116243614,34.2730263898485
"Aragón",2006,"mujeres",0.850023760603612,0.308505072662812,0.484753552099584,0.178521304880669,0.662480853680121,0.49685690878536,6.78601416233937
"Aragón",2006,"total",1.33204693890315,0.897761256726488,0.57288330087558,0.735453156889613,0.952255001319778,0.898079930942923,20.0097915510922
"Aragón",2007,"hombres",1.85500739270864,1.49163476859221,0.953796142227671,1.25838307922973,1.13855314934791,1.33947490642123,34.5575831131301
"Aragón",2007,"mujeres",0.856390735504633,0.33462814691181,0.324970065892925,0.245186795159891,0.657624441722696,0.483760037038391,6.3543586817051
"Aragón",2007,"total",1.33860339616237,0.89514192041646,0.622552694445191,0.728187700792771,0.891063030874743,0.895109748538307,19.9118982878606
"Aragón",2008,"hombres",1.71264045714056,1.21871709598816,1.04168936410482,0.931637818590855,1.11262197973727,1.20346134311233,30.0747568949935
"Aragón",2008,"mujeres",0.784119819396191,0.32539809656279,0.586032820034789,0.28152316100696,0.620509863222925,0.519516752044731,7.53285247015782
"Aragón",2008,"total",1.23047186213808,0.758749769385164,0.805982631431501,0.588251122464503,0.86249073208822,0.849189223501494,18.3984188334763
"Aragón",2009,"hombres",1.89058648239604,1.3448048901542,0.946357385373882,1.36355132508003,1.07403590834874,1.32386719827058,34.0431738027595
"Aragón",2009,"mujeres",0.806941729402201,0.237431591204138,0.418233107603308,0.202100527022651,0.511044413305489,0.435150273707557,4.75224550846235
"Aragón",2009,"total",1.32707080477541,0.771967266127036,0.669242437241111,0.755402784051594,0.78022152158848,0.860780962756726,18.7804671482399
"Aragón",2010,"hombres",1.89927560311471,1.16967886704827,0.655424734708689,1.0796782036193,0.890965579580947,1.13900459761438,27.9503482579098
"Aragón",2010,"mujeres",0.930889978497975,0.230493864308345,0.477903646096126,0.282663600319599,0.535214791414506,0.49143317612731,6.60725514472252
"Aragón",2010,"total",1.3964600600894,0.691173685728853,0.566245356673041,0.663343115817071,0.702112556002949,0.803866954862263,16.904657114581
"Aragón",2011,"hombres",1.88080871174673,1.18162392670084,0.929981345354933,1.26469206137986,0.770929766120932,1.20560716226066,30.1454802412795
"Aragón",2011,"mujeres",0.866497105828408,0.249449349618798,0.492388743279738,0.143420040390734,0.44803712118344,0.439958472060223,4.91071733371981
"Aragón",2011,"total",1.35364939941347,0.700096192488185,0.70472866849944,0.673919570537762,0.604039344731551,0.807286635134082,17.0173652299131
"Aragón",2012,"hombres",1.85441000410338,1.00826457067764,0.730840908154828,1.02979835588876,0.785999863554837,1.08186274047589,26.0670286160906
"Aragón",2012,"mujeres",0.856748097844045,0.271831701863648,0.450971376306706,0.188921940856006,0.347244430444149,0.423143509462911,4.35651852181877
"Aragón",2012,"total",1.33596840300594,0.634341481957308,0.586976091543541,0.589524266643331,0.560358392879068,0.741433727205838,14.8469409353093
"Aragón",2013,"hombres",1.76100773314643,1.02693817257237,0.955094585691419,0.996148339655312,0.761197366521619,1.10007723951743,26.6673542885253
"Aragón",2013,"mujeres",0.858207242436266,0.212374932576978,0.211793135721243,0.107537421355727,0.360496046004761,0.350081755618995,1.94850024991517
"Aragón",2013,"total",1.2944465883477,0.612498750038712,0.568320085609118,0.532142728424506,0.554791910062185,0.712440012496444,13.89134664531
"Aragón",2014,"hombres",1.72626173026207,1.12755603040544,0.862727584278591,1.01292048237543,0.669478653905359,1.07978889624538,25.9986774674059
"Aragón",2014,"mujeres",0.862380720758552,0.221447860183848,0.465770091192101,0.234700591700997,0.376353261709597,0.432130505109019,4.6527179502034
"Aragón",2014,"total",1.27819993302716,0.666700333374217,0.65708456813722,0.605908493748582,0.518447719711448,0.745268209599725,14.97332037711
"Aragón",2015,"hombres",1.802045703503,0.92674930853085,1.11790824682513,1.15090225753786,0.61082376721297,1.12168585672196,27.3795455831696
"Aragón",2015,"mujeres",0.862158944640539,0.131570586155524,0.323270685948897,0.274858384239971,0.360015074548344,0.390374735106655,3.27650328475885
"Aragón",2015,"total",1.31533179274428,0.52023594236217,0.705231570369658,0.689505792753923,0.477531765935679,0.741567372833143,14.8513457175049
"Aragón",2016,"hombres",1.79628969958854,1.00368490878525,0.55772885971369,1.06720837380394,0.793683030539482,1.04371897448618,24.8098608007839
"Aragón",2016,"mujeres",0.894322346367354,0.217334794784607,0.192638427028192,0.310041897347736,0.361534295350681,0.395174352175714,3.43469228231734
"Aragón",2016,"total",1.32846504021108,0.600788573294336,0.372312594937877,0.6689801743896,0.567894814765177,0.707688239519615,13.7347345254232
"Aragón",2017,"hombres",1.73364993620451,0.920553612521701,0.808892361571707,1.15298147639636,0.699876733754687,1.06319082408979,25.4516270761108
"Aragón",2017,"mujeres",0.874269604445348,0.254523732889912,0.272657562808696,0.252050335305547,0.342726008498473,0.399245448789595,3.56887021423304
"Aragón",2017,"total",1.28814846091512,0.583231370332065,0.532307016369448,0.682602729976066,0.515389360475726,0.720335787613684,14.1515808958288
"Aragón",2018,"hombres",1.65908315097425,0.959569126539694,0.691962457033223,0.972596757750201,0.559987472518897,0.968639792963252,22.3353507947278
"Aragón",2018,"mujeres",0.796436229679856,0.222605384657223,0.30999404434058,0.2601742205226,0.415054083546141,0.40085279254928,3.62184612760655
"Aragón",2018,"total",1.2133552385084,0.58448716670458,0.492551886986019,0.600148408304112,0.486626598949582,0.675433859890538,12.6716730546891
"Aragón",2019,"hombres",1.50523341045011,0.850963272553977,0.709266590486218,0.87411835054142,0.695322657757447,0.926980856357835,20.9623276293077
"Aragón",2019,"mujeres",0.879145190349928,0.179475952287758,0.345846769592812,0.265246700845895,0.384803170942604,0.410903556803799,3.95310595505584
"Aragón",2019,"total",1.17885077759402,0.508317887526088,0.524725272758114,0.555232945496259,0.533270472230236,0.660079471120943,12.1656128143329
"Aragón",2020,"hombres",1.60651956641146,0.985064121180205,0.787486645913026,1.00710243549489,0.55303285673514,0.987841125146945,22.968201175544
"Aragón",2020,"mujeres",0.827032091873012,0.173089243090989,0.300809151834889,0.29453990233236,0.405293833315153,0.400152844489281,3.59877677012216
"Aragón",2020,"total",1.20113426460017,0.569140599963102,0.537297208009655,0.636268830943165,0.477275970645519,0.684223374832323,12.9613637816076
"Aragón",2021,"hombres",1.54173481510194,0.800169498765404,0.703799974268771,0.781102355385526,0.574002441138303,0.880161816931989,19.4192343352258
"Aragón",2021,"mujeres",0.923358591862061,0.157388616186455,0.117747830637909,0.158358046222505,0.42917998505801,0.357206613993388,2.18332610951493
"Aragón",2021,"total",1.21860444117689,0.472535378384983,0.400660345229149,0.455640988390802,0.498498465896877,0.609187923815741,10.4882950749014
"Aragón",2022,"hombres",1.49175781913539,0.879140861366223,0.680680151099153,0.87358804155383,0.539324157092557,0.89289820604943,19.8390087876484
"Aragón",2022,"mujeres",0.826933088381899,0.267942193151188,0.254411101004058,0.26026201765541,0.27472144325094,0.376853968688699,2.8308767993321
"Aragón",2022,"total",1.14704232068285,0.565625762275722,0.462247007880393,0.554493078038949,0.404398794473414,0.626761392670267,11.0674932446145
"Aragón",2023,"hombres",1.45121155432167,0.880545347267145,0.577963933999357,0.975147211969304,0.640512220080759,0.905076053527647,20.2403744502172
"Aragón",2023,"mujeres",0.836426711141504,0.208673043388452,0.229130671551847,0.327327500221438,0.352945179628194,0.390900621186287,3.29383579078381
"Aragón",2023,"total",1.13238208478075,0.538144906213455,0.399511293643977,0.63784122660541,0.488730899538881,0.639322082156496,11.4814768707832
"Aragón",2024,"hombres",1.3951908934095,0.804054286955374,0.679182863480193,0.884756263005316,0.611326658791548,0.874902193128385,19.2458841272705
"Aragón",2024,"mujeres",0.763745524742041,0.221048685205866,0.240304884357052,0.465194670248078,0.36014807761047,0.410088368432702,3.92623843012836
"Aragón",2024,"total",1.06799317360464,0.505959022061888,0.453259609524651,0.6669484059463,0.481262459707804,0.635084534169056,11.3418129228903
"Canarias",1990,"hombres",0.15969625046668,3.38614191330811,2.81128336472548,2.37224148036945,2.17479411521356,2.18083142481665,62.2875753852783
"Canarias",1990,"mujeres",0.00947184490333122,1.04781588028092,3.44852806409551,0.54987974149218,1.51437618564902,1.31401434328419,33.7184368016697
"Canarias",1990,"total",0.080969160449029,2.13206890656838,3.16103661211675,1.37123110017594,1.8287889487813,1.71481894561828,46.9284236293253
"Canarias",1991,"hombres",0.155815455916731,3.32456750307045,2.93117652717174,2.05660701262431,2.20255321092672,2.13414394194199,60.7488180202203
"Canarias",1991,"mujeres",0.00915642029378064,1.23524979269789,3.7406714949984,0.435105401499909,1.5006685817735,1.3841703382527,36.030685124214
"Canarias",1991,"total",0.0788487835617941,2.21194018940188,3.3806436109944,1.1774610346408,1.83471689561698,1.73672210284317,47.650322571453
"Canarias",1992,"hombres",0.15760399505866,3.51281179329475,2.57600685468119,2.28272783985921,2.25061420971849,2.15595293852246,61.4676135526934
"Canarias",1992,"mujeres",0.0143055052579359,1.31548336234025,2.45954703792865,0.551682951944365,1.35237430943764,1.13867863338177,27.9396049101685
"Canarias",1992,"total",0.0822553534956541,2.34331327964931,2.51659953976707,1.34174236712219,1.76644152525757,1.61007041305836,43.4760512581632
"Canarias",1993,"hombres",0.154866132720961,3.43906515845244,3.32633432437876,2.25962578530897,1.91534395394387,2.219047070961,63.547112274918
"Canarias",1993,"mujeres",0.0086208357947191,1.04751290397075,3.26323995221428,0.527744263667954,1.38928316778272,1.24728022468609,31.5189689749471
"Canarias",1993,"total",0.0780707614002927,2.16510271777163,3.29752034772155,1.3179089445972,1.63722348815852,1.69916525192984,46.4124986967665
"Canarias",1994,"hombres",0.159005057026043,3.28796189450859,3.50949693296816,1.80038123737202,1.87547404671343,2.12646383371765,60.4956918637647
"Canarias",1994,"mujeres",0.00488354031799956,1.11397407195775,3.02373958869225,0.36125105336343,1.29921200016357,1.160612050899,28.662501191301
"Canarias",1994,"total",0.0786771249422765,2.13559599296215,3.26003513941678,1.02015609016388,1.56653114177028,1.61219909785107,43.5462098788682
"Canarias",1995,"hombres",0.151999221157544,2.90708200715583,3.10796273716092,1.67073331854924,2.08800243567767,1.98515594394024,55.8383716839744
"Canarias",1995,"mujeres",0.0129134812333571,1.12545128816342,2.07747885995592,0.482796943803288,1.18946576580752,0.977621267792702,22.6313682643352
"Canarias",1995,"total",0.0791590712999553,1.97122311238278,2.56983644134048,1.03248717806302,1.6081571389515,1.45217258840755,38.2719488810801
"Canarias",1996,"hombres",0.162012988738908,3.28397909286203,2.41890630428655,2.14262021520882,2.14311684847554,2.03012708991437,57.3205608666416
"Canarias",1996,"mujeres",0.00539396071027236,1.0759437651662,2.58971389599106,0.480383243105641,1.27087582660354,1.08446213831534,26.1527013130084
"Canarias",1996,"total",0.0803673954451574,2.11616302323859,2.50970209324707,1.23680750309363,1.67804209749793,1.52421642250448,40.646417871436
"Canarias",1997,"hombres",0.130218626927422,3.56493435430975,2.56763024249369,1.71542340426248,1.88509956977525,1.97266123955372,55.4265628389656
"Canarias",1997,"mujeres",0.0133680490360996,1.05182459764659,1.91324751573667,0.429432509095254,1.16338513329171,0.914251560961263,20.5427869764938
"Canarias",1997,"total",0.0697483796290567,2.24208584296026,2.22061294450536,1.02309212600686,1.50471414185776,1.41205068699186,36.9495843520422
"Canarias",1998,"hombres",0.15608986018138,3.37936464761293,2.84138767440799,2.21559006603224,1.94920677052745,2.1083278037524,59.897952427761
"Canarias",1998,"mujeres",0.0152279874803381,1.10726730047206,2.09738400335196,0.43068728270859,1.05991990952428,0.942097296707446,21.460545406091
"Canarias",1998,"total",0.0828594363348371,2.18293870765707,2.44522678541378,1.26304209155568,1.46522249847771,1.48785790388782,39.4480894360784
"Canarias",1999,"hombres",2.21761129398738,3.0409716424918,2.7111804829367,1.88920154551478,1.56548377234944,2.28488974745602,65.7171993550852
"Canarias",1999,"mujeres",1.09444769930866,1.16712948735206,2.24208765638528,0.50373828004703,1.06442568087295,1.2143657607932,30.4341520044524
"Canarias",1999,"total",1.62591694545935,2.05699300882118,2.46016617676328,1.14434500110811,1.30408823033458,1.7183018724973,47.0432162687451
"Canarias",2000,"hombres",2.14305931087896,3.133119159114,2.3777836282236,1.60272632163748,1.66931314509398,2.1852003129896,62.4315681310702
"Canarias",2000,"mujeres",1.09689129052656,1.03397152190272,2.35394469630905,0.461515306614646,1.03472892981391,1.19621034903338,29.8357737702674
"Canarias",2000,"total",1.58904429447666,2.03385330303515,2.3781686651204,0.987686560445547,1.33201237589492,1.66415303979453,45.2585427331348
"Canarias",2001,"hombres",2.14809116593935,2.92417856027936,2.78705191875658,1.83295631650536,1.53543960989651,2.24554351427543,64.4203998198339
"Canarias",2001,"mujeres",1.03442143860263,1.04856523399454,1.76702222192029,0.418013542499564,0.829189985285672,1.01944248446054,24.0097399648632
"Canarias",2001,"total",1.56151871993758,1.94464352706962,2.25378784752906,1.07356490219089,1.16560623149758,1.59982424564495,43.1383512023831
"Canarias",2002,"hombres",2.12411763877253,2.84134762734781,2.60914730030204,1.44751064941946,1.61729321992543,2.12788328715345,60.5424751618612
"Canarias",2002,"mujeres",0.982031028229358,0.837484530078962,1.86948405943857,0.283998282199145,0.797899638038025,0.954179507596811,21.858759013839
"Canarias",2002,"total",1.52390898057498,1.79444005831734,2.22448786648774,0.826072031720829,1.17861182842784,1.50950415310575,40.1615210318529
"Canarias",2003,"hombres",2.09465074271734,2.66620028891528,2.85852040686792,1.38378979268288,1.50509306290847,2.10165085881838,59.6778891996599
"Canarias",2003,"mujeres",1.03440177937156,0.879032941127163,1.7080351205377,0.302114539601333,0.688615248736454,0.922439925874842,20.812664597705
"Canarias",2003,"total",1.5376931861055,1.73526371308467,2.25240285397924,0.803989859021259,1.07332154433674,1.48053423130548,39.2067109245061
"Canarias",2004,"hombres",2.10576293180005,2.29976548516749,2.46536872291318,1.29630214969906,1.17736291984073,1.8689124418841,52.0071404006515
"Canarias",2004,"mujeres",1.05651732226411,0.763832818718219,2.11408729975814,0.315943078504293,0.907783551174706,1.03163281408389,24.4115170223408
"Canarias",2004,"total",1.5533432094803,1.50467312841112,2.28307553734564,0.771688828760199,1.03643545412201,1.42984323162385,37.5360029681218
"Canarias",2005,"hombres",2.02827939388622,2.41838530673561,2.53210867093836,1.2460858716964,1.13886019047887,1.87274388674709,52.1334197294723
"Canarias",2005,"mujeres",1.01901593997172,0.833768296506142,1.8082689032356,0.218455738303154,0.568251687827283,0.88955211316878,19.7287260148956
"Canarias",2005,"total",1.49886126393384,1.59191108978814,2.15220185462151,0.703612942066148,0.841317261722311,1.35758088242639,35.1543320105657
"Canarias",2006,"hombres",2.00343148793241,2.12639151128657,2.31436631617805,1.09022378935461,1.04413582532197,1.71570978601472,46.9577845444296
"Canarias",2006,"mujeres",0.927204893609159,0.794873142795409,1.77759289512254,0.238999545850247,0.726799004437497,0.893093896362971,19.8454584802146
"Canarias",2006,"total",1.44503608023661,1.44229937688925,2.04549307376709,0.639230792275504,0.87805617615531,1.29002309986475,32.9277173146572
"Canarias",2007,"hombres",1.92140239329274,2.11714797492422,3.11792359772337,1.26044168296258,0.94353714626684,1.87209055903395,52.111886916639
"Canarias",2007,"mujeres",0.92826561897336,0.659091729489323,2.23303818361819,0.299590190873541,0.469128345742924,0.917822813739467,20.6604907201224
"Canarias",2007,"total",1.40675177968919,1.36736182217232,2.66284772342653,0.753274103755871,0.698232042144903,1.37769349423776,35.817216956374
"Canarias",2008,"hombres",1.96597705245609,2.02004884270575,2.56969486429134,1.13389053233289,0.984038000675378,1.73472985849229,47.5846608463147
"Canarias",2008,"mujeres",0.98129008250358,0.605758503770035,1.7375069700945,0.229942385315749,0.604151910739066,0.831729970484585,17.8229850659223
"Canarias",2008,"total",1.45777230315928,1.29655412547505,2.14851590946795,0.662493796907844,0.784793208424676,1.27002586868696,32.2686351611343
"Canarias",2009,"hombres",1.7636075779493,1.58988308303797,3.0412659389594,1.03175822429055,0.916586856499052,1.66862033614726,45.4057788816995
"Canarias",2009,"mujeres",0.955873635496486,0.492766615900168,2.00464409913342,0.332776187672128,0.628468790963749,0.882905865833191,19.5096745388268
"Canarias",2009,"total",1.34740526627392,1.02750201148705,2.51340930147598,0.66749029258361,0.768793214322072,1.26492001722853,32.1003530852373
"Canarias",2010,"hombres",1.88293870794955,1.49805029976589,2.64787115831132,1.24182392587088,0.708267974099325,1.59579041319939,43.0054014479131
"Canarias",2010,"mujeres",0.934059620300313,0.500505218292911,1.80397313802302,0.239398501861708,0.397605712904915,0.775108438276573,15.9568146420457
"Canarias",2010,"total",1.39377632857842,0.990049288050774,2.20857825103282,0.714953578084419,0.547773528142011,1.17102619477769,29.0057375280538
"Canarias",2011,"hombres",1.84300743803095,1.37783397380168,3.52769516087771,1.25500550947229,0.651915822245105,1.73109158088555,47.4647480534463
"Canarias",2011,"mujeres",0.855933591576952,0.417300514960904,1.76068950175827,0.379596489591064,0.384352699726788,0.759574559522795,15.4448386504407
"Canarias",2011,"total",1.33515399428556,0.889780267554002,2.61686345789132,0.800010559604958,0.512995297667307,1.23096071540063,30.9810996455051
"Canarias",2012,"hombres",1.77875411995243,1.45429236619155,2.61614159723145,1.07774816185662,0.712649147934821,1.52791707863337,40.7683865774632
"Canarias",2012,"mujeres",0.944856211992912,0.508214913232017,1.43662909239139,0.412908108715927,0.338779594443996,0.728277584155249,14.4133319513083
"Canarias",2012,"total",1.34936476648349,0.973345101232353,2.00524764779161,0.733312974818955,0.520714315908837,1.11639696124705,27.2052306198444
"Canarias",2013,"hombres",1.68204725250916,1.36960867160631,2.43809434391589,0.976680959359141,0.611364870353729,1.41555921954885,37.0652209205653
"Canarias",2013,"mujeres",0.969319139727291,0.312439224724653,1.1989377949371,0.327628044252195,0.402500845656454,0.642165009859539,11.5751759882347
"Canarias",2013,"total",1.31605820541163,0.83188260675497,1.80419454030493,0.640350723892757,0.505813432277961,1.01965990172845,24.0169057489596
"Canarias",2014,"hombres",1.69443338360417,1.41152162248229,2.32382934089715,1.16681740052236,0.702974892118222,1.45991532792484,38.5271392816837
"Canarias",2014,"mujeres",0.865155978324917,0.365402836896008,1.35061388761327,0.289665682182301,0.445906536188745,0.663348984241049,12.2733716199901
"Canarias",2014,"total",1.26897979847517,0.878786674150234,1.8262743184508,0.715314383251169,0.571742845389036,1.05221960394328,25.0900302461974
"Canarias",2015,"hombres",1.55775449590441,1.30378716614926,1.76598667787884,1.31381985892121,0.71018377125245,1.33030639402123,34.2554011338618
"Canarias",2015,"mujeres",0.908436642620102,0.40047286097849,1.16496287870078,0.359544984680862,0.475206325479123,0.661724738491872,12.219838639514
"Canarias",2015,"total",1.22357039270665,0.845299929990622,1.45931604675578,0.821659300650532,0.588363183437146,0.987641770708146,22.9616307182807
"Canarias",2016,"hombres",1.64368148554815,1.40814595215409,1.29590162864754,0.838826153634116,0.737721513995515,1.18485534679588,29.4615279928691
"Canarias",2016,"mujeres",0.886747043247913,0.456809397011787,0.754002182297975,0.387257292978232,0.481204227092333,0.593204028525648,9.96148713655157
"Canarias",2016,"total",1.25261753295865,0.925014920470836,1.02159965982323,0.60431390518218,0.604921713382471,0.881693546363473,19.4697181008701
"Canarias",2017,"hombres",1.56228583043833,1.35021857418657,0.995127254788286,1.03801910943934,0.703847067874373,1.12989956734538,27.6502585652802
"Canarias",2017,"mujeres",0.912103055904105,0.413134260717649,0.47249617185212,0.342845691402438,0.415943761231812,0.511304588221625,7.26219046852901
"Canarias",2017,"total",1.22659083565026,0.871532219462072,0.728068401540258,0.67920202754519,0.556871266635832,0.812452950166722,17.1876401048304
"Canarias",2018,"hombres",1.48088288026166,1.478289188856,0.934257825242324,1.08968924043675,0.68387157474254,1.13339814190786,27.7655669315433
"Canarias",2018,"mujeres",0.88556810533397,0.445092211416069,0.420998234408998,0.478993751947054,0.368120318225555,0.519754524266329,7.54068912646617
"Canarias",2018,"total",1.1743346383567,0.95261166362999,0.672224912895346,0.77145028617023,0.523342258354335,0.818792751881321,17.3965915406474
"Canarias",2019,"hombres",1.45428237153916,1.31961945673106,0.779207165654171,1.03850467621258,0.662838769333131,1.05089048789402,25.0462243482587
"Canarias",2019,"mujeres",0.891569578575328,0.358619102235572,0.379841276285539,0.425096939027129,0.408956191059077,0.492816617436529,6.65285153100448
"Canarias",2019,"total",1.1642597323569,0.829372535009248,0.575800944315608,0.720129560844842,0.532454381726006,0.764403430850521,15.6039918294717
"Canarias",2020,"hombres",1.44683393013401,1.30661324129119,0.834909969271708,1.03211093982658,0.773611201133569,1.07881585633141,25.9666073654874
"Canarias",2020,"mujeres",0.869500656172059,0.388577235321762,0.454664516510579,0.479561504867231,0.351621284357326,0.508785039445791,7.17914949058971
"Canarias",2020,"total",1.14880492595379,0.838128694588366,0.64075441096567,0.74615107826674,0.556276826366169,0.786023187228148,16.3165502564518
"Canarias",2021,"hombres",1.37425937771478,1.32020440344044,0.838137755265118,0.951221137415176,0.749188222970403,1.04660217936118,24.9048874002751
"Canarias",2021,"mujeres",0.853335220765599,0.42107079359354,0.391161908527521,0.335907006443241,0.377984936321936,0.475891973130367,6.0950377558004
"Canarias",2021,"total",1.1050888450307,0.861632306893329,0.607182826452537,0.633834467313273,0.558375529686326,0.753222795075232,15.2354929388495
"Canarias",2022,"hombres",1.33469841781738,1.56631346047957,0.86707591253126,1.05394961057118,0.658998631067095,1.0962072064933,26.5398031452158
"Canarias",2022,"mujeres",0.858679364408616,0.445117681828742,0.375785801427516,0.488759693705766,0.417822301752882,0.517232968624704,7.45758200489849
"Canarias",2022,"total",1.08752431256982,0.992833688466526,0.61394135750492,0.761115052361702,0.534079432065168,0.797898768593627,16.7079536298042
"Canarias",2023,"hombres",1.30935417022419,1.46883512523003,0.644038515228618,1.03292747165854,0.699936882019059,1.03101843287209,24.3912678344127
"Canarias",2023,"mujeres",0.865479993037125,0.385964551655891,0.381874379899498,0.574976725297889,0.348496003060076,0.511358330590096,7.26396174554394
"Canarias",2023,"total",1.07938471725283,0.914466760968155,0.507685767887286,0.795323152911883,0.518298035799941,0.76303168696402,15.5587809746909
"Canarias",2024,"hombres",1.33462553606186,1.29513999270068,0.703490709515194,0.978380726852735,0.576933243036569,0.977714041633407,22.6344259667831
"Canarias",2024,"mujeres",0.853704009685734,0.397798250966209,0.364037438384122,0.607566983977129,0.414330926963233,0.527487521995285,7.7955584506778
"Canarias",2024,"total",1.08399392184736,0.834889036095323,0.530095703644219,0.785530437339224,0.491128660326583,0.745127551850542,14.9686844846999
"Cantabria",1990,"hombres",0.0829371948796492,2.46416757172858,1.47817635275364,2.49939101617298,1.61201053852085,1.62733653481114,44.0451196760174
"Cantabria",1990,"mujeres",0.0136434755373441,0.535868253665807,0.905669799865297,0.626311936724977,1.3499233907785,0.686283371314385,13.0292585269139
"Cantabria",1990,"total",0.045469730955735,1.43049205983756,1.17777898885199,1.47359884445768,1.46927118713977,1.11932216224855,27.3016413558314
"Cantabria",1991,"hombres",0.131045543469082,2.45373961643026,0.737640194547579,2.93580602440783,1.75473112871248,1.60259250151345,43.2295892354434
"Cantabria",1991,"mujeres",0.00905668209658849,0.521893042817325,0.732035038466536,0.528708884559905,0.982234332002068,0.554785595988485,8.69526667700686
"Cantabria",1991,"total",0.0662041346852538,1.41298993436589,0.741805771257115,1.61022454023796,1.33117887083125,1.03248065027549,24.4394605760271
"Cantabria",1992,"hombres",0.130168236478858,2.2411522339286,1.41251193955356,2.77972336260411,1.6997536684233,1.65266188819769,44.8798096538614
"Cantabria",1992,"mujeres",0.00443228597970181,0.584422868999111,0.988646467005662,0.466081204655774,1.28708564144785,0.66613369361762,12.3651519388016
"Cantabria",1992,"total",0.0643972804124444,1.35748323238405,1.18918600285864,1.51008401320074,1.48173558230806,1.12057722223279,27.3430064643236
"Cantabria",1993,"hombres",0.12393605865274,2.28513529006677,1.17818670792116,2.28394405283137,1.7545298110503,1.52514638410447,40.6770681693982
"Cantabria",1993,"mujeres",0,0.641092127525512,1.03398979885814,0.50862344448631,0.984859135837486,0.63371290134149,11.2966057284644
"Cantabria",1993,"total",0.0586049493209947,1.4113775207757,1.10753401503608,1.30683613754709,1.32841765869301,1.04255405627457,24.7714666452752
"Cantabria",1994,"hombres",0.119727882747971,1.81974779896187,1.06051645619598,2.91803238795838,1.99319490396391,1.58224388596562,42.558925920246
"Cantabria",1994,"mujeres",0.00402230602815164,0.567026246175513,0.952846163842264,0.514636425783968,1.08376596154861,0.624459420675701,10.9916233081199
"Cantabria",1994,"total",0.0596145894599076,1.14828819707932,1.01154688315607,1.60852715697743,1.50891141228973,1.06737764779249,25.589619219016
"Cantabria",1995,"hombres",0.188474118672393,1.99078951023931,1.32530800335231,2.88229441044166,1.83473467958175,1.64432014445748,44.6048768704401
"Cantabria",1995,"mujeres",0.0169208745214374,0.542718567764267,0.614998032331872,0.397587433313885,1.20353600420296,0.555152182426884,8.70734887864389
"Cantabria",1995,"total",0.0990614462926893,1.22671715603737,0.934792574232306,1.53254617183811,1.50485225650434,1.05959392098096,25.3330779316866
"Cantabria",1996,"hombres",0.168871390138932,2.01618455195727,1.02473561039885,2.50020241910928,1.55657092891879,1.45331298010462,38.3095346752776
"Cantabria",1996,"mujeres",0.00803883124948751,0.412194607857455,0.887529946804984,0.518516575395685,1.27775771321173,0.620807534903868,10.8712620082219
"Cantabria",1996,"total",0.0847728808826394,1.16177841389961,0.95822993425602,1.41979528956777,1.40507217673272,1.00592973906775,23.5643778417621
"Cantabria",1997,"hombres",0.122729500109468,1.60888582142881,0.742152628010389,2.08252554545242,1.72759996734643,1.2567786924695,31.8320258449809
"Cantabria",1997,"mujeres",0.0157614929566207,0.457266065541288,0.651472944690922,0.302366318680364,1.08638237754553,0.502649839882945,6.9769414696781
"Cantabria",1997,"total",0.0671834791541378,1.0019025578131,0.698426024153614,1.11895505709284,1.38877202452523,0.855047828547784,18.5915106668515
"Cantabria",1998,"hombres",0.143557126972215,1.69086284359981,1.23723984604478,2.15109258165767,1.54273299223312,1.35309707810152,35.0065517811861
"Cantabria",1998,"mujeres",0.0119745501470033,0.40148237582808,0.649093872468957,0.628607097285367,0.89234498732846,0.516700576611574,7.44003507195498
"Cantabria",1998,"total",0.0751877991706913,1.00832475779741,0.930225400438689,1.3196859720479,1.20496921322905,0.907678628536747,20.3261518624225
"Cantabria",1999,"hombres",2.30822617229209,1.93745153344778,1.18417372403151,1.98690503538849,1.37032390370349,1.75741607377267,48.3323683408844
"Cantabria",1999,"mujeres",0.888126263760683,0.354174783633782,0.388664210986394,0.431740598498955,0.806455205336232,0.573832212443209,9.32301783308914
"Cantabria",1999,"total",1.55436066788472,1.09853281559217,0.763596831226698,1.13752404946447,1.0718933038673,1.12518153360707,27.4947584458391
"Cantabria",2000,"hombres",2.43705256451285,1.59240263586343,0.935135139587974,2.12219788764097,1.21039744866904,1.65943713525485,45.1031127892497
"Cantabria",2000,"mujeres",0.827659960195094,0.506327071785725,0.791947048357081,0.0969701929636295,0.621305279487655,0.568841910557837,9.1585441174983
"Cantabria",2000,"total",1.57988311631015,1.02091324001756,0.869967023090979,1.02337326941492,0.89575492048409,1.07797831386354,25.9390030792497
"Cantabria",2001,"hombres",2.45155843133145,0.959942863126913,0.584044460180743,1.32134960683064,1.16221005308901,1.29582108291175,33.118811127532
"Cantabria",2001,"mujeres",0.878706632321366,0.221035694356632,0.703635687821631,0.159820469873448,0.629430267263285,0.518525750327272,7.50019037107618
"Cantabria",2001,"total",1.61475375315263,0.570027789433056,0.653915423833024,0.696304684112809,0.875824802409078,0.882165290588119,19.4852661633358
"Cantabria",2002,"hombres",2.47597830226827,1.39854012427691,0.584140617994564,1.09426412324329,1.39385792411238,1.38935621837908,36.2016048386095
"Cantabria",2002,"mujeres",0.952222471228799,0.296416120886199,0.580873655952534,0.435872386221636,0.605102665020158,0.574097459861865,9.33176003536454
"Cantabria",2002,"total",1.66938367130639,0.81675064741551,0.580682168117727,0.738318275867066,0.976441323986558,0.956315217338651,21.9291491675276
"Cantabria",2003,"hombres",2.12093175436499,1.08243459158671,1.10867825808646,1.70552042913882,1.49755626004088,1.50302425864357,39.9479523253275
"Cantabria",2003,"mujeres",0.855984089927447,0.271636394098845,0.52242266113845,0.40307732627326,0.711574730510166,0.552939040389634,8.63440665944394
"Cantabria",2003,"total",1.44806571161927,0.656862313855393,0.802256402227565,0.997216500461021,1.08381707347841,0.997643600328331,23.2912777252404
"Cantabria",2004,"hombres",2.13939124310499,1.13447902712071,1.15526736675759,1.1466308441053,1.31535733827864,1.37822516387345,35.8347400807173
"Cantabria",2004,"mujeres",0.861908031009457,0.238244757208639,0.495524597971577,0.197531546837762,0.577287223496089,0.474099231304705,6.03595136865694
"Cantabria",2004,"total",1.46538648901459,0.662093497809664,0.80459428538089,0.642420992694614,0.923401870101684,0.899579427000288,20.0592129475795
"Cantabria",2005,"hombres",1.97807744472319,1.16098676451002,1.08914141217417,1.25733101493386,1.10911960705089,1.31893124867842,33.8804914664924
"Cantabria",2005,"mujeres",0.797228682879929,0.230362485565116,0.378873753155942,0.294427300395592,0.587512836889529,0.457681011777222,5.49482868087196
"Cantabria",2005,"total",1.3546106939815,0.671565042037356,0.710711447877054,0.735788919019016,0.833298981247484,0.861195016832481,18.7941138200965
"Cantabria",2006,"hombres",2.0507626031053,1.0592405867472,1.31903012852411,1.22343738561115,1.27407898940888,1.38530993867933,36.0682448391896
"Cantabria",2006,"mujeres",0.94202564653181,0.173945784247963,0.22880631212516,0.0762222797314875,0.800187068033808,0.444237418134046,5.05174570750162
"Cantabria",2006,"total",1.46396710773539,0.59404293338997,0.746663993770929,0.6032477173572,1.0190245147453,0.885389253399759,19.5915236913846
"Cantabria",2007,"hombres",2.0875181673031,1.204496126002,1.05569341644184,1.3302835358945,1.35334772386473,1.40626779390124,36.7589878840675
"Cantabria",2007,"mujeres",0.822064494763388,0.164085568553586,0.397265287208806,0.108394435402905,0.513144592108475,0.400990875607432,3.62639716162334
"Cantabria",2007,"total",1.42071488699748,0.658920616367347,0.704227804149661,0.674941554105815,0.908329554701161,0.873426883264293,19.1972598755581
"Cantabria",2008,"hombres",2.05007019624234,1.05106150881131,0.649312676414979,0.964352415277708,1.15642765588043,1.17424489052535,29.1118214606766
"Cantabria",2008,"mujeres",0.814397344869866,0.29777460218774,0.582538994180865,0.0337492783209978,0.698942430636958,0.485480530039285,6.4110638436382
"Cantabria",2008,"total",1.39902397063789,0.656621818172777,0.611849555592651,0.467463922196898,0.914604949833831,0.809912843286809,17.1039215591124
"Cantabria",2009,"hombres",1.98487466512385,0.867457609512255,0.501858592239382,0.894331596379715,0.850819947599458,1.01986848217093,24.0237802830385
"Cantabria",2009,"mujeres",0.811657370338556,0.189267585349127,0.269234812516813,0.136123322220956,0.617094977461702,0.404675613577431,3.74784122629622
"Cantabria",2009,"total",1.37016778675167,0.515633160537187,0.384282357139177,0.490910818410925,0.733431276940335,0.698885079955858,13.4445940899049
"Cantabria",2010,"hombres",2.0887894966391,0.934113484864859,0.0932432909254849,0.853532683267646,1.11879456739036,1.01769470461749,23.9521354648902
"Cantabria",2010,"mujeres",0.86132627437881,0.280294317099249,0.0555520210530251,0.250108099418893,0.459207061995117,0.381297554789019,2.97733148950017
"Cantabria",2010,"total",1.44198934363717,0.590575859653967,0.0753411859152594,0.528572437371581,0.773686433051804,0.682033051925957,12.8891736506238
"Cantabria",2011,"hombres",1.98802071833162,0.90476669420588,0.210780394904059,1.02635524967239,1.34755201579072,1.09549501458094,26.5163302466357
"Cantabria",2011,"mujeres",0.967907627054423,0.174539908169882,0.21851638834536,0.16609597447488,0.472370045264822,0.399885988661873,3.58998155683268
"Cantabria",2011,"total",1.45106676876407,0.52212910521125,0.218596682584782,0.564895236319589,0.886960509668065,0.728729660509552,14.4282317869156
"Cantabria",2012,"hombres",1.95854237832328,0.857896171466452,0.190657634354561,0.799618961426975,0.861103907600386,0.933563810634332,21.1792930502963
"Cantabria",2012,"mujeres",0.93427088770522,0.169506206084295,0.119786814136667,0.193112949271124,0.251299946129402,0.333595360665342,1.40513059072209
"Cantabria",2012,"total",1.41868857605191,0.49885102807767,0.158580609216506,0.472148853506005,0.540259322600526,0.617705677890522,10.7690289249466
"Cantabria",2013,"hombres",1.82737591630199,0.805876169274456,0.243682105727104,1.04612060219926,0.830530017209988,0.950716962142559,21.7446381190827
"Cantabria",2013,"mujeres",0.952505405746957,0.217279610321544,0,0.199465784803627,0.369574213784019,0.347765002931229,1.87214316142342
"Cantabria",2013,"total",1.36728647899072,0.500518756711494,0.118338058202749,0.594167031119821,0.586077111037652,0.633277487212487,11.2822550576507
"Cantabria",2014,"hombres",1.96371612683059,0.86712106788853,0.342696956481794,1.09073653299467,0.693571588590712,0.991568454557261,23.0910489974649
"Cantabria",2014,"mujeres",0.895759114926915,0.125430636538868,0.144594720263428,0.296806131024672,0.315188461900555,0.355555812930888,2.12891790121663
"Cantabria",2014,"total",1.40516120306147,0.479434012426729,0.237093630035776,0.669724165142466,0.493350944944591,0.656952791122207,12.0625615984609
"Cantabria",2015,"hombres",1.88041052420219,0.840210907243662,0.584482016025247,0.742180886508593,0.618818331875325,0.933220533171004,21.1679790814886
"Cantabria",2015,"mujeres",0.982483572569758,0.132756933337115,0.18208692050236,0.192710256202468,0.471979566267457,0.392403449775832,3.34336702310125
"Cantabria",2015,"total",1.40827668176865,0.471661541054203,0.370627113322445,0.452437505919296,0.543240757835516,0.649248719980023,11.8086456560917
"Cantabria",2016,"hombres",2.0922558333191,0.863624408330044,0.35126304760229,0.707171196695948,0.737479231314168,0.950358743452309,21.7328317072998
"Cantabria",2016,"mujeres",1.01019078839703,0.24364837818573,0.193677321575859,0.371314758940019,0.39889709484637,0.443545668389001,5.02894655557857
"Cantabria",2016,"total",1.5265461156737,0.541291839166516,0.270596957909206,0.527366998241681,0.560237900999175,0.685207962398056,12.9938144787759
"Cantabria",2017,"hombres",1.7648680980869,0.767142362261748,0.583158255210763,0.603325293036193,0.801699871244709,0.904038775968062,20.2061871609024
"Cantabria",2017,"mujeres",0.983087775335791,0.184991208154913,0.220321061552839,0.382380308388397,0.472028592335489,0.448561789153486,5.19427122709902
"Cantabria",2017,"total",1.35670788724515,0.467976515156248,0.392487656038596,0.484647683681862,0.627173437388225,0.665798635902016,12.3541088819509
"Cantabria",2018,"hombres",1.79376099563405,0.918277369826747,0.414296458071022,1.04616710106238,0.702320964841318,0.974964577887103,22.5438072970865
"Cantabria",2018,"mujeres",0.864454721563022,0.142038316440084,0.216337452552022,0.318542690509028,0.314075368949239,0.371089710002679,2.64089449655891
"Cantabria",2018,"total",1.30639471652876,0.516053191486869,0.31261479139312,0.661726770592287,0.50165772555061,0.65968943911033,12.1527578778063
"Cantabria",2019,"hombres",1.60789484259765,0.777949595061774,0.593972103157245,0.910969182976354,0.701330582486073,0.918423261255819,20.6802806719731
"Cantabria",2019,"mujeres",1.03493182156977,0.157666326021647,0.249849007298193,0.545495344903866,0.307704720308735,0.459129444020443,5.54256708193392
"Cantabria",2019,"total",1.30357684411515,0.455316582720839,0.413824797474204,0.715940858930937,0.49906703087506,0.677545222823239,12.7412607699172
"Cantabria",2020,"hombres",1.57514411303111,0.630247585277534,0.871962392652221,0.767703895381655,0.744730931271912,0.917957783522887,20.6649391447431
"Cantabria",2020,"mujeres",0.891073156209068,0.171326358271847,0.0838902561094964,0.382774675715288,0.339905073510822,0.373793903963304,2.73002113430522
"Cantabria",2020,"total",1.21569809806381,0.391851804564102,0.456797941634092,0.56480443708096,0.53296970758966,0.632424397786524,11.2541383643439
"Cantabria",2021,"hombres",1.50888558351753,0.677266190008904,0.47438259835969,0.738249445638661,0.67689130469126,0.815135024443209,17.2760377071953
"Cantabria",2021,"mujeres",0.822445563418685,0.111859654143369,0.385894051125005,0.263558093180721,0.278087359497676,0.372368944273091,2.68305635738391
"Cantabria",2021,"total",1.14772248252421,0.383808887475541,0.428729889275447,0.489720499019508,0.470677921211403,0.584131935901222,9.66248302489706
"Cantabria",2022,"hombres",1.5249169033703,0.794101712351945,0.944738466085548,0.841428740084787,0.622033386289892,0.945443841636495,21.5708430777581
"Cantabria",2022,"mujeres",0.909089354702425,0.207726113337181,0.487847712625819,0.317730154845093,0.342714856412225,0.453021638384549,5.34126192843474
"Cantabria",2022,"total",1.20183253076982,0.492531823219558,0.70878125155227,0.566085161203897,0.473753758107684,0.688596904970645,13.1055095204068
"Cantabria",2023,"hombres",1.46344159629858,0.621594098519265,0.968476939318476,0.804878990443193,0.373560738573114,0.846390472630525,18.3061757256774
"Cantabria",2023,"mujeres",0.860674559476681,0.170403806717654,0.31488793638289,0.410819925031417,0.318271147810361,0.415011475083801,4.08849748013287
"Cantabria",2023,"total",1.14528130413,0.387272504041914,0.627289014599238,0.596410521319907,0.343275344827929,0.619905737783797,10.8415399740737
"Cantabria",2024,"hombres",1.39901973225685,0.803307589073079,0.819056802464989,0.814759022352436,0.508047639988081,0.868838157227087,19.0460215660322
"Cantabria",2024,"mujeres",0.910822425212728,0.192741894684511,0.306615187024267,0.555884136952514,0.290735480605256,0.451359824895855,5.28649076521002
"Cantabria",2024,"total",1.14083081625759,0.487074464921783,0.555061764973996,0.678659444755796,0.395511981463685,0.651427694474571,11.8804617585096
"Castilla y León",1990,"hombres",0.0665398265170547,1.8621768961757,1.0313511580299,1.59204677005489,1.8462276778312,1.27966846572175,32.5864423396751
"Castilla y León",1990,"mujeres",0.00909429018848867,0.483497867677605,1.06117025192641,0.452318496362857,1.16834114099026,0.634884409429123,11.3352170775257
"Castilla y León",1990,"total",0.036736142555665,1.13137910553591,1.05331812302055,0.970582482626338,1.48760498520352,0.935924167788398,21.2570872840256
"Castilla y León",1991,"hombres",0.0962555415831663,1.98358184516682,0.924836998681426,1.80724907082056,2.01290021673878,1.36496473459815,35.3976939613973
"Castilla y León",1991,"mujeres",0.00895211129612862,0.558734450610531,0.845879812303544,0.439995315898739,1.2582746049646,0.622367259014709,10.9226684412793
"Castilla y León",1991,"total",0.0506975100300188,1.23385097096828,0.877969548286655,1.07015260245445,1.61735085173457,0.970004296694795,22.3803230236269
"Castilla y León",1992,"hombres",0.0847254735949122,1.74818875741032,0.941883306362062,1.96823950646985,1.57848196463014,1.26430380169345,32.080043440453
"Castilla y León",1992,"mujeres",0.00876801667631197,0.527933126520146,0.952554111570978,0.39031155926358,1.13483755451465,0.602880873709132,10.2804230885408
"Castilla y León",1992,"total",0.045516309072779,1.10844108757616,0.953097469763416,1.11899774810521,1.35068674335781,0.915347871575075,20.5789199167923
"Castilla y León",1993,"hombres",0.0896381326243804,1.74551055189841,1.01703872132759,1.70167287082403,1.74952380484561,1.260676816304,31.9605028240536
"Castilla y León",1993,"mujeres",0.00685735300358281,0.449416006220986,1.08640263370673,0.355692579608782,1.08118425270028,0.595910565048072,10.0506909820204
"Castilla y León",1993,"total",0.047064149121564,1.06778893636496,1.05522365767267,0.98685416275144,1.40186610780433,0.911759402742993,20.4606487549163
"Castilla y León",1994,"hombres",0.0929445217403174,1.87108687334423,0.793392528062939,1.7337492042451,1.49389903449946,1.19701443237841,29.8622752882998
"Castilla y León",1994,"mujeres",0.0112101053804596,0.501702026952472,0.751090357763401,0.346937563726291,0.935843836978203,0.509356778160165,7.19799323849519
"Castilla y León",1994,"total",0.0513886978656513,1.15618106594947,0.774193854713172,0.994526738836216,1.20389365567511,0.836036802607923,17.9649325268219
"Castilla y León",1995,"hombres",0.0896031118981444,1.6776773909558,0.898875661711652,1.83149011731637,1.53734061492254,1.2069973793609,30.1912999486253
"Castilla y León",1995,"mujeres",0.0126273018337547,0.406321082712322,0.705238834710635,0.297766192910409,0.962567522043814,0.476904186842187,6.12839897401506
"Castilla y León",1995,"total",0.0502332391340298,1.01417995597133,0.80275853168229,1.01793558979672,1.23315500188765,0.823652463694404,17.5567611810737
"Castilla y León",1996,"hombres",0.101083912295184,1.68812973208719,0.830454886398824,1.70689847919132,1.32931781557509,1.13117696510952,27.6923598973001
"Castilla y León",1996,"mujeres",0.0105051466888748,0.474165781671125,0.889373733904092,0.305097459104998,0.828386231472086,0.501505670568235,6.9392311702257
"Castilla y León",1996,"total",0.0548819784132001,1.05978667150873,0.859654027952783,0.963853939163605,1.06596545034691,0.800828413477046,16.8045108302313
"Castilla y León",1997,"hombres",0.092999291276247,1.7068155780748,0.832365967570027,1.62397095742173,1.40166090928835,1.13156254072623,27.7050679570084
"Castilla y León",1997,"mujeres",0.00876573017538678,0.384768292208943,0.63698974976621,0.340918326962993,0.682816208602542,0.410851661543215,3.95139555626114
"Castilla y León",1997,"total",0.049951915929014,1.01803217286071,0.728314392430605,0.938925760973388,1.02625700979638,0.75229625039802,15.2049552581195
"Castilla y León",1998,"hombres",0.0955176803429829,1.61088974214232,1.00636098431259,1.76846457265293,1.20371070995094,1.13698873788035,27.8839082011393
"Castilla y León",1998,"mujeres",0.00966917861401801,0.382038681858931,0.73078211311955,0.26537715581435,0.699944221836151,0.4175622702486,4.17256829751075
"Castilla y León",1998,"total",0.051493667603288,0.973473749986662,0.862001983964562,0.970660738192803,0.940861087716481,0.759698245492759,15.4489151755717
"Castilla y León",1999,"hombres",2.06452219654638,1.72852196160203,0.899673336934393,1.82517421034239,1.25110449592858,1.55379924027075,41.6214282149842
"Castilla y León",1999,"mujeres",0.958645536378715,0.341296311108029,0.664595706722804,0.296989420162654,0.628957499394101,0.578096894753261,9.46357609218058
"Castilla y León",1999,"total",1.48922310110162,1.00612424900954,0.783085440690311,1.01007847031592,0.9227586598629,1.04225398419606,24.7615766685098
"Castilla y León",2000,"hombres",2.01682041533094,1.6676193218231,0.92378477523269,1.72302465782846,1.10115828007966,1.48648149005897,39.4027246662064
"Castilla y León",2000,"mujeres",0.920261428995356,0.371319332774373,0.47016642022913,0.319107286464228,0.718232937292521,0.559817481151122,8.86111092213184
"Castilla y León",2000,"total",1.44528093677943,0.995343049465486,0.685208119492029,0.976969004441872,0.90225176672041,1.00101057537984,23.4022487465823
"Castilla y León",2001,"hombres",1.95588490061235,1.55146933234755,0.943571980561065,1.3885090963166,1.1879789088145,1.40548284373041,36.7331169700198
"Castilla y León",2001,"mujeres",0.914950679536087,0.330702977751649,0.568772549869073,0.232236418651675,0.60873834964057,0.531080195089811,7.91396817945431
"Castilla y León",2001,"total",1.4116822325607,0.918830073917177,0.748085769669656,0.774117440390022,0.887661215275511,0.948075346362613,21.6575739749745
"Castilla y León",2002,"hombres",2.04187338522498,1.34095431512928,0.929597379957735,1.47901505308738,1.00974241807822,1.36023651029552,35.2418579745044
"Castilla y León",2002,"mujeres",0.870394889565835,0.341794072015846,0.427260667428792,0.267822645004512,0.629081210723983,0.507270696947794,7.12923877515728
"Castilla y León",2002,"total",1.43358545556849,0.827437503837757,0.670851685458621,0.838260132776721,0.811039442588437,0.916234844046005,20.608153350214
"Castilla y León",2003,"hombres",2.04494746347033,1.50141926676712,0.837296396078341,1.30316408179548,0.999056153662734,1.3371766723548,34.4818363737772
"Castilla y León",2003,"mujeres",0.918030848867746,0.332309996894879,0.553586562943139,0.198204548826015,0.458606952847658,0.492147782075888,6.63080760672694
"Castilla y León",2003,"total",1.46056315356512,0.896591058846614,0.68871897219212,0.719651190161645,0.717767041495819,0.896658283252263,19.9629359332729
"Castilla y León",2004,"hombres",1.99107968609213,1.34514441725309,0.684730724583603,1.33585524310644,0.886219006684828,1.24860581554402,31.5626586872661
"Castilla y León",2004,"mujeres",0.816683148272831,0.318409548454138,0.438688555134116,0.211193455154622,0.44145511958878,0.445285965320897,5.08630442874838
"Castilla y León",2004,"total",1.38405175058811,0.815446137038573,0.559234077606719,0.742436110483092,0.655883088964069,0.831410232936113,17.8124469414122
"Castilla y León",2005,"hombres",1.93364392313456,1.48613853182866,0.783650589826144,1.41947728042827,1.0619204126822,1.33696614757997,34.474897757089
"Castilla y León",2005,"mujeres",0.885083973494408,0.275323986282781,0.520022368610184,0.231749570187277,0.609092526430255,0.504254485000981,7.02982843941068
"Castilla y León",2005,"total",1.39292902896453,0.862056410778577,0.646431585320199,0.793490881511976,0.827207476792397,0.904423076673535,20.2188532012312
"Castilla y León",2006,"hombres",1.94382293660043,1.25411917682895,0.643284190000947,1.30579336565285,0.934842471133309,1.2163724280433,30.5002890891738
"Castilla y León",2006,"mujeres",0.915717185842874,0.277729480112026,0.519286587544626,0.147582419124687,0.535018895223765,0.479066913569596,6.19967957162924
"Castilla y León",2006,"total",1.41150711615902,0.754886346949908,0.582932814909041,0.694872229414625,0.725446755959814,0.833929052678483,17.8954638913778
"Castilla y León",2007,"hombres",1.92609492980098,1.28074117889537,0.754096444939957,1.15166837918736,0.992906675823455,1.22110152172942,30.6561537297909
"Castilla y León",2007,"mujeres",0.893926485944328,0.311540793394617,0.384958267772916,0.199087980256114,0.50759723131601,0.459422151736797,5.55221433911329
"Castilla y León",2007,"total",1.39443769216247,0.78515398448259,0.564114704093127,0.65060378534288,0.740515217363555,0.826965076688925,17.6659405012908
"Castilla y León",2008,"hombres",1.86135015288242,1.12995955365315,0.735881850429866,1.15404121698265,0.894884276036623,1.15522340999694,28.4848987513077
"Castilla y León",2008,"mujeres",0.869162111257993,0.213252229442136,0.407454751421655,0.194895289360519,0.469740597738623,0.430900995844186,4.61219495945343
"Castilla y León",2008,"total",1.35174071338935,0.661258579619863,0.56820067772096,0.649810371122242,0.673677834310617,0.780937635232606,16.1489372238638
"Castilla y León",2009,"hombres",1.82446741410666,1.16172940110811,0.619770481304266,0.978580155132983,0.758848941590637,1.06867927864853,25.6325192415273
"Castilla y León",2009,"mujeres",0.832239834888187,0.274213995992054,0.332039696855706,0.118681689816781,0.499472510376078,0.411329545585761,3.96714597896194
"Castilla y León",2009,"total",1.31679527580978,0.71084788039802,0.472322987635043,0.532609192114234,0.624286607207481,0.731372388632912,14.5153325923838
"Castilla y León",2010,"hombres",1.76511035123864,1.0860939716621,0.860685463599879,1.01115475840376,0.837870885010069,1.11218308598289,27.0663468934381
"Castilla y León",2010,"mujeres",0.824129848324316,0.238564952567654,0.452380315518434,0.128835730893588,0.334971968633476,0.395776563187493,3.45454035663273
"Castilla y León",2010,"total",1.28202875223172,0.656276648526571,0.649564497617754,0.552657569127075,0.581091124555056,0.744323718411634,14.9421912032411
"Castilla y León",2011,"hombres",1.74344761846153,1.08148656336105,0.824659065807649,0.921676066573998,0.606591735524702,1.03557220994579,24.5413542725657
"Castilla y León",2011,"mujeres",0.87734188045579,0.20673948397061,0.366702024595674,0.123157491245107,0.398568231830553,0.394501822419547,3.41252659567493
"Castilla y León",2011,"total",1.30318809198967,0.636303698657167,0.592068689577098,0.509534178562783,0.501183164089764,0.708455564575297,13.7600245391084
"Castilla y León",2012,"hombres",1.72076617097925,0.936834915926201,0.970184264032417,1.11392273467007,0.640107192088829,1.07636305553935,25.8857663123526
"Castilla y León",2012,"mujeres",0.846778013285368,0.213155010777189,0.36954063982062,0.124297660599954,0.371156355250024,0.384985535946631,3.09888244532501
"Castilla y León",2012,"total",1.27512523164735,0.570387281168076,0.66244415165309,0.599876300595256,0.501201348021119,0.721806862616979,14.2000655721594
"Castilla y León",2013,"hombres",1.7482933175343,0.999038002138714,0.872354957704872,0.869737144202426,0.5788333461348,1.01365135354302,23.8188719890661
"Castilla y León",2013,"mujeres",0.899733534004332,0.210631732366077,0.422803813467345,0.172588309752224,0.418338523066263,0.424819182531248,4.4117464783624
"Castilla y León",2013,"total",1.3160633419754,0.602439372095781,0.644316803905583,0.510868581046147,0.495879637322637,0.713913547269109,13.9399123923689
"Castilla y León",2014,"hombres",1.68330389824644,1.01381305719795,1.05693656347068,0.982980842398139,0.651777402213506,1.07776235270534,25.9318852865935
"Castilla y León",2014,"mujeres",0.838272547798342,0.183059252979872,0.386355796720519,0.214092626885082,0.390756107963624,0.402507266469488,3.67637538841186
"Castilla y León",2014,"total",1.25489946413944,0.594975203495747,0.715113257063662,0.588857096884281,0.519394097188434,0.734647823754312,14.6232865793305
"Castilla y León",2015,"hombres",1.65342901669097,1.08627002286911,0.775876746438414,0.935907995888514,0.576933489010413,1.00568345417949,23.5562606192779
"Castilla y León",2015,"mujeres",0.84816526911726,0.188108405639672,0.253016950981365,0.174731692394526,0.332798025443278,0.35936406871522,2.25443294883438
"Castilla y León",2015,"total",1.24543685179715,0.635374971632664,0.513021624551788,0.545536484232132,0.452973405875698,0.678468667617886,12.7716962826392
"Castilla y León",2016,"hombres",1.61016012492303,0.904131004267411,0.779383552203173,0.711915685181794,0.612181942348545,0.92355446178479,20.8493982195337
"Castilla y León",2016,"mujeres",0.846032099129855,0.208342367137713,0.332610170318612,0.197670594793302,0.334340309833337,0.383799108242564,3.05977936554144
"Castilla y León",2016,"total",1.22426454628631,0.555133283569837,0.554865798217646,0.449589479720813,0.47078666402527,0.650927954363976,11.8639909888633
"Castilla y León",2017,"hombres",1.57270382034042,0.934789801112208,0.757289343476508,0.928330796898522,0.498715244436964,0.938365801252923,21.3375602768918
"Castilla y León",2017,"mujeres",0.865447775956002,0.216245036110108,0.285895711567505,0.156085380303559,0.281266163864949,0.360988013560425,2.30795601191565
"Castilla y León",2017,"total",1.21461686591653,0.574830840158572,0.517957896274035,0.536036581123246,0.388866029143064,0.646461642523089,11.7167872884998
"Castilla y León",2018,"hombres",1.53192660844582,0.904886421560461,0.77611095730929,0.756354960577875,0.592830220309826,0.912421833640654,20.4824815966087
"Castilla y León",2018,"mujeres",0.859045825748995,0.174272552290263,0.281024235532194,0.19823097194739,0.375287567443471,0.377572230592463,2.85454975675891
"Castilla y León",2018,"total",1.19253276025226,0.539774585582556,0.528377866823656,0.472610702720224,0.483771475906022,0.643413478256944,11.6163238467882
"Castilla y León",2019,"hombres",1.4872103018007,0.878198335026712,0.975968874981807,0.793485023508257,0.518984482898593,0.930769403643213,21.0871931110021
"Castilla y León",2019,"mujeres",0.758291990963894,0.196909913646806,0.231386756789153,0.281660650130773,0.298140611485854,0.353277984603296,2.05384370788672
"Castilla y León",2019,"total",1.11896020097466,0.537357636773476,0.599678114644637,0.535823680961839,0.407276351706128,0.639819197012148,11.4978611155168
"Castilla y León",2020,"hombres",1.5072894397115,0.919343454471244,1.03878630483434,0.618970834699956,0.496798992232352,0.916237805189879,20.6082509455793
"Castilla y León",2020,"mujeres",0.808641912307033,0.20190267093486,0.349679643831333,0.212310132155724,0.286638361081347,0.371834544062059,2.66544323690746
"Castilla y León",2020,"total",1.15548051302924,0.560617450084758,0.691193376955,0.412483065103181,0.391245456683549,0.642203972371145,11.576460140817
"Castilla y León",2021,"hombres",1.46600368273515,0.971762067959205,1.18608153830232,0.615757098964389,0.588284726031771,0.965577822798567,22.2344323289552
"Castilla y León",2021,"mujeres",0.785663821379682,0.202498829656166,0.302288263100475,0.202041805377777,0.252940257261361,0.349086595355092,1.91570109067147
"Castilla y León",2021,"total",1.12314393345823,0.587224957290607,0.740792182772215,0.405971890544034,0.420253078324318,0.65547720847788,12.0139283562747
"Castilla y León",2022,"hombres",1.42224818084173,0.864088310269274,1.03407506610531,0.779874867880717,0.52617364179984,0.925292013379374,20.9066656100356
"Castilla y León",2022,"mujeres",0.804360698534096,0.20096135398422,0.365980855543235,0.18954357661488,0.332094794826838,0.378588255900654,2.8880366001225
"Castilla y León",2022,"total",1.11041587081382,0.531429296669677,0.698876919181329,0.481004787947209,0.428182288323424,0.649981832587092,11.8328080729556
"Castilla y León",2023,"hombres",1.38497682066144,0.883572947096838,1.05950919577273,0.762903074207197,0.549455198381908,0.928083447224023,20.9986675583749
"Castilla y León",2023,"mujeres",0.82651732857567,0.167109747154022,0.434226460756012,0.23962114734223,0.322819898943373,0.398058916554261,3.52976368923789
"Castilla y León",2023,"total",1.10244792970756,0.523513268774053,0.744117427979072,0.497087546645808,0.434617781163,0.660356790853899,12.1747529040376
"Castilla y León",2024,"hombres",1.32879369341162,0.812884082063748,0.732010771212878,0.956606101640337,0.679982943743653,0.902055518414448,20.1408216286542
"Castilla y León",2024,"mujeres",0.704608314560549,0.174992313330089,0.180917066176245,0.322984890957624,0.334054402538084,0.343511397512518,1.73194998194396
"Castilla y León",2024,"total",1.01152083145536,0.493159945625575,0.451283953248072,0.633859049478256,0.505621664722943,0.619089088906041,10.8146243127885
"Castilla-La Mancha",1990,"hombres",0.0398644655253273,1.90409650683192,1.25917890846582,2.29053286608371,2.60959843855854,1.62065423709306,43.8248800272704
"Castilla-La Mancha",1990,"mujeres",0.00701877998806032,0.736203508587137,1.69033364823743,0.582129049679794,1.68530395520277,0.940197788339038,21.3979401356436
"Castilla-La Mancha",1990,"total",0.0228404590284522,1.29249435759461,1.50276199958911,1.36772233754541,2.1155021244902,1.26026425564956,31.9469053733778
"Castilla-La Mancha",1991,"hombres",0.0583929766187393,1.99054041335971,1.21539681600195,2.60436677951862,2.34584262611884,1.64290792232357,44.5583319064401
"Castilla-La Mancha",1991,"mujeres",0.0116102934598043,0.712066871463215,1.57772739937571,0.646896055433817,1.67643080939443,0.924946285825395,20.8952708894974
"Castilla-La Mancha",1991,"total",0.0342445275022078,1.31985091939517,1.41613085129301,1.56019997357888,1.99718313569409,1.26552188149267,32.1201897312116
"Castilla-La Mancha",1992,"hombres",0.0518054500912123,2.05547432639179,1.3151624176356,2.82305524226729,2.2134955149824,1.69179859027366,46.1697033224738
"Castilla-La Mancha",1992,"mujeres",0.00611626675733625,0.70888669202668,1.4493508562936,0.609527041498979,1.49670585768399,0.854117342852116,18.5608430953927
"Castilla-La Mancha",1992,"total",0.0280789843329345,1.3571093193524,1.39059939203138,1.65384116549312,1.83920327167301,1.25376642657657,31.7327455659239
"Castilla-La Mancha",1993,"hombres",0.0549200946092023,1.97987489960116,1.23659342195387,3.18711967721615,1.80242421955001,1.65218646258608,44.8641402577759
"Castilla-La Mancha",1993,"mujeres",0.00660369965619421,0.711531319929768,1.36885701655994,0.70972317600097,1.40987815338494,0.841318673106362,18.1390159562622
"Castilla-La Mancha",1993,"total",0.0301787317838203,1.31884697177053,1.30991026825017,1.88117994765596,1.59671740183108,1.22736666425831,30.8626444981055
"Castilla-La Mancha",1994,"hombres",0.065078688763005,1.96979289135588,1.42221313676617,2.91303103724612,1.89383532715454,1.65279021625714,44.8840391760903
"Castilla-La Mancha",1994,"mujeres",0.00675332880586956,0.581998652267382,1.45154914685961,0.54899936226225,1.18027379218015,0.753914856475052,15.2583023624996
"Castilla-La Mancha",1994,"total",0.0348774211397498,1.24960163730148,1.44285425854321,1.67048180225539,1.52322482316742,1.18420798848145,29.4401919234811
"Castilla-La Mancha",1995,"hombres",0.0481261264776919,1.86173429929694,1.133250888241,2.65735633470493,1.65685494892948,1.47146451953001,38.9077852824678
"Castilla-La Mancha",1995,"mujeres",0.00873717973037612,0.580841714875697,1.54498654397482,0.603253995410045,1.13760215151587,0.77508431710136,15.9560196401795
"Castilla-La Mancha",1995,"total",0.0279295668563045,1.19552736179473,1.34897069226412,1.57632315504649,1.38854482949057,1.10745912109044,26.910651291042
"Castilla-La Mancha",1996,"hombres",0.051735882311428,1.89779163670325,1.4533597382301,2.44550739460626,1.69559547198443,1.50879802476709,40.1382479806007
"Castilla-La Mancha",1996,"mujeres",0.006374260070724,0.570928433770662,1.26968854711975,0.471908351841935,0.992897097163433,0.6623593379933,12.240754195388
"Castilla-La Mancha",1996,"total",0.028177890007218,1.20894146428966,1.35553683420819,1.41179160868567,1.33079185902837,1.06704793124382,25.5787521999264
"Castilla-La Mancha",1997,"hombres",0.0628957974479138,1.92844763569186,1.22909929682527,2.33539688720055,1.64479052074451,1.44012602758202,37.8749102520398
"Castilla-La Mancha",1997,"mujeres",0.0101564324367544,0.578920403562723,1.11729511605424,0.55866998228796,1.07459326143918,0.667927039156172,12.4242582235193
"Castilla-La Mancha",1997,"total",0.0359274200141018,1.2305819451425,1.17331929044283,1.40606575933141,1.34837102282898,1.03885308755196,24.6494876365748
"Castilla-La Mancha",1998,"hombres",0.0498623792800671,1.67779765981702,1.26656378483967,2.34871789847638,1.75036558762055,1.41866146200674,37.1674667075804
"Castilla-La Mancha",1998,"mujeres",0.0187764123354707,0.481776947035397,1.26226292736353,0.446278196753873,0.993651466664712,0.640549190030597,11.5219207148873
"Castilla-La Mancha",1998,"total",0.0340872293835561,1.05852735642438,1.26548293418387,1.35056453916549,1.35651598978503,1.01303560978847,23.7985778935405
"Castilla-La Mancha",1999,"hombres",1.80962885101686,1.85006945642459,1.02921220490348,2.24074888754534,1.47738958308739,1.68140979659553,45.8273024946288
"Castilla-La Mancha",1999,"mujeres",0.821664810924016,0.522768270184199,0.855122978472886,0.346192756453543,0.953398655511827,0.699829494309294,13.4757207314057
"Castilla-La Mancha",1999,"total",1.29429069225075,1.16493531580687,0.942767437333242,1.24505688551018,1.20425303612156,1.17026067340452,28.9805069613464
"Castilla-La Mancha",2000,"hombres",1.7589181767903,1.66166499412618,1.15733682243858,1.82756449144153,1.36459986791228,1.55401687054178,41.6286010193801
"Castilla-La Mancha",2000,"mujeres",0.853522240784713,0.584507860838107,0.970863437046381,0.391682319891875,1.01305075713941,0.762725323140098,15.5486836303618
"Castilla-La Mancha",2000,"total",1.28768995269115,1.10675473343118,1.06182473178145,1.07250230767785,1.1831068333599,1.14237571178831,28.0614556992233
"Castilla-La Mancha",2001,"hombres",1.80021287635442,1.71607490532243,1.22510655566283,1.74286156279609,1.60249467989484,1.61735011600612,43.7159805890372
"Castilla-La Mancha",2001,"mujeres",0.86616845329558,0.489541898785327,0.780719068169913,0.34026354281754,0.977826131888964,0.690903818991465,13.1815423395165
"Castilla-La Mancha",2001,"total",1.31149558786149,1.07970152505854,0.992482207281273,1.00694034704687,1.27685734456315,1.13349540236226,27.7687725068139
"Castilla-La Mancha",2002,"hombres",1.76530065512144,1.35210641747644,1.10189772462919,2.22051617192105,1.35368009764841,1.55870021335931,41.7829577721935
"Castilla-La Mancha",2002,"mujeres",0.843811710508348,0.429558846958967,0.817262842018411,0.319041386588508,0.742567234055657,0.630448404025979,11.1890122370581
"Castilla-La Mancha",2002,"total",1.28592289285159,0.874184931288518,0.957062121671541,1.22369015448904,1.03643373104452,1.07545876626904,25.8559621402457
"Castilla-La Mancha",2003,"hombres",1.74188502901492,1.36749467608586,1.01056093935017,1.80873988756132,1.41748331527145,1.46923276945675,38.83422976714
"Castilla-La Mancha",2003,"mujeres",0.826928404761716,0.386508491159563,0.832492848746138,0.285083813701233,0.672916673742625,0.600786046422255,10.211380366215
"Castilla-La Mancha",2003,"total",1.26433567089315,0.860360636655822,0.919975482076368,1.00633474738878,1.03024996509249,1.01625130042132,23.9045627815744
"Castilla-La Mancha",2004,"hombres",1.78409848063425,1.39639798312185,1.11507422839576,1.53969207434174,1.20131667684877,1.40731588866847,36.7935316941653
"Castilla-La Mancha",2004,"mujeres",0.798944538527534,0.387485820310863,0.61664571949233,0.238695704586231,0.738800407764122,0.556114438136216,8.73906354751519
"Castilla-La Mancha",2004,"total",1.27081429789147,0.876920737362539,0.85848764953881,0.854182414443772,0.962494053880783,0.964579830623475,22.2015398336837
"Castilla-La Mancha",2005,"hombres",1.71755380400385,1.37829701225278,1.13990802470675,1.87187110285998,1.08854324927006,1.43923463861868,37.8455312569
"Castilla-La Mancha",2005,"mujeres",0.771403848951744,0.370184344318302,1.07781207918945,0.306950286843205,0.737285444199525,0.652727200700446,11.9232917560353
"Castilla-La Mancha",2005,"total",1.22424572732096,0.85908810117984,1.10874668861272,1.05257945687705,0.90740107454792,1.0304122097077,24.3712875248814
"Castilla-La Mancha",2006,"hombres",1.62487601270566,1.30359931973987,0.945253554622193,1.2164100325273,1.06398700447364,1.23082518481373,30.9766327375475
"Castilla-La Mancha",2006,"mujeres",0.756608749043897,0.318405648725677,0.680649102417676,0.116760834410684,0.60531550286372,0.495547967492331,6.74287319754409
"Castilla-La Mancha",2006,"total",1.17377843217701,0.797455787364503,0.812146062126563,0.638286041794541,0.825152198144771,0.849363704321478,18.4041694893326
"Castilla-La Mancha",2007,"hombres",1.74390404582517,1.21235886885466,1.12928748450263,1.57813444315961,1.0723117363477,1.34719931573795,34.8121693746927
"Castilla-La Mancha",2007,"mujeres",0.821336782188435,0.332321754100906,0.656976535212044,0.254610457476246,0.616452530371106,0.536339611869748,8.08731156418471
"Castilla-La Mancha",2007,"total",1.26228024910143,0.757623264588504,0.891673831606844,0.879261471480711,0.835537511432303,0.925275265641959,20.9061136268764
"Castilla-La Mancha",2008,"hombres",1.67632825068889,1.215413853757,1.38436241654157,1.62031497911348,1.02416422497194,1.38411674501457,36.0289187623371
"Castilla-La Mancha",2008,"mujeres",0.741639211158426,0.318065599437203,0.42671007954994,0.261080200584463,0.517207353780236,0.452940488902054,5.33858734937905
"Castilla-La Mancha",2008,"total",1.18919602317616,0.75505196658183,0.882166483803363,0.90113754608441,0.757565428746436,0.897023489678441,19.9749726515418
"Castilla-La Mancha",2009,"hombres",1.61804137732771,1.14522093111206,0.907814790488769,1.47418399922541,0.966145309283437,1.22228128148748,30.6950370429388
"Castilla-La Mancha",2009,"mujeres",0.761204316797938,0.290548099721421,0.646499627288375,0.140200507707387,0.520356771690604,0.471761864641145,5.95891487092907
"Castilla-La Mancha",2009,"total",1.17140207983763,0.707888111722131,0.771808035982225,0.770263907487592,0.733750369907229,0.831022500987362,17.7996678118667
"Castilla-La Mancha",2010,"hombres",1.6443768189712,1.05223730444696,0.945830391706146,1.35339753292916,0.829518347387606,1.16507207908821,28.8094977908595
"Castilla-La Mancha",2010,"mujeres",0.720939840312254,0.240271771173007,0.583267010293262,0.233981470031384,0.514687034939872,0.458629425349956,5.52608713132395
"Castilla-La Mancha",2010,"total",1.16743242274037,0.637717319809182,0.765442382997029,0.763083544166839,0.668048113328007,0.800344756608286,16.7885701428534
"Castilla-La Mancha",2011,"hombres",1.69638307078577,0.9583937939485,0.872721687366762,1.33481674560804,0.675756851559032,1.10761442985362,26.9157700613951
"Castilla-La Mancha",2011,"mujeres",0.817361318616082,0.261638322856214,0.533099132094737,0.277307644062006,0.481132879971972,0.474107859520202,6.03623574316862
"Castilla-La Mancha",2011,"total",1.23983509399924,0.603990081778888,0.70202715941566,0.776282373851756,0.57662024156229,0.779750990121566,16.1098269786354
"Castilla-La Mancha",2012,"hombres",1.70106198043288,1.00642437267787,1.24980040612315,1.55431457200987,0.676621481439784,1.23764456253671,31.2013903610097
"Castilla-La Mancha",2012,"mujeres",0.804882022518214,0.262697185978643,0.341114090858098,0.260432884724443,0.511256064781598,0.436076449772199,4.78277104021213
"Castilla-La Mancha",2012,"total",1.23708278000559,0.62703936360337,0.784690091641808,0.877195567989853,0.593081191866997,0.823817799021523,17.562210413644
"Castilla-La Mancha",2013,"hombres",1.63279525297578,0.902362822602536,0.953122941538196,1.23137723042296,0.789039653059866,1.10173958011987,26.7221428247182
"Castilla-La Mancha",2013,"mujeres",0.776929412372284,0.220300915936768,0.412243773948014,0.174501167939616,0.321344573104348,0.381063968660206,2.96963280124468
"Castilla-La Mancha",2013,"total",1.19387042640878,0.556565632721621,0.676977604988554,0.679621013928901,0.550548040796678,0.731516543768907,14.5200837540135
"Castilla-La Mancha",2014,"hombres",1.63565945932137,0.969337346898321,1.12568234072622,1.27221846729229,0.628472682773595,1.12627405940236,27.5307666435509
"Castilla-La Mancha",2014,"mujeres",0.690447025421004,0.232908035842655,0.451069141848404,0.241760952986849,0.388791123712973,0.400995255962377,3.6265415322987
"Castilla-La Mancha",2014,"total",1.15327114519909,0.597207260055316,0.780712261513527,0.736632413003004,0.505780658964895,0.754720747747166,15.284863467405
"Castilla-La Mancha",2015,"hombres",1.58579284055224,0.990611485242479,1.1037349852883,1.33428494214518,0.719316326563229,1.14674811595828,28.2055643276029
"Castilla-La Mancha",2015,"mujeres",0.751865747635296,0.244513769997307,0.356667470960834,0.227391073021225,0.410400650074713,0.398167742337875,3.53335044238313
"Castilla-La Mancha",2015,"total",1.16051532878704,0.615157204835359,0.721849924847393,0.765483747160036,0.562892854504043,0.765179812026775,15.6295803208509
"Castilla-La Mancha",2016,"hombres",1.62519290559502,0.888280454849873,1.08297956466514,1.18765490459349,0.595658708687601,1.07595330767822,25.872261567605
"Castilla-La Mancha",2016,"mujeres",0.740687689952912,0.22176727663602,0.323583349086918,0.14160970518696,0.36988115702167,0.359505835576896,2.25910539611774
"Castilla-La Mancha",2016,"total",1.174287743283,0.553700761661396,0.696809474784741,0.648251769344556,0.482120368648187,0.711034023544375,13.8450071186966
"Castilla-La Mancha",2017,"hombres",1.61265951891754,0.844656138603824,1.08449023754967,1.5074835398174,0.738335647371829,1.15752501645205,28.5607566401078
"Castilla-La Mancha",2017,"mujeres",0.765048727457139,0.169212514275575,0.436123068998763,0.227720137994268,0.346351349366475,0.388891159618444,3.22760660906458
"Castilla-La Mancha",2017,"total",1.1800720837994,0.504497721721785,0.756621379319728,0.847774549575921,0.539487603290465,0.76569066754146,15.6464174394381
"Castilla-La Mancha",2018,"hombres",1.58518612686566,0.783102600888344,0.780091065474855,1.12534137298693,0.616342586376539,0.978012750518466,22.6442710145045
"Castilla-La Mancha",2018,"mujeres",0.729249622242798,0.18108263717408,0.271493329384168,0.2712692689226,0.361530309357979,0.362925033416325,2.3717976111197
"Castilla-La Mancha",2018,"total",1.1515126474742,0.481753213481927,0.524417145489787,0.685552194553283,0.487190459626061,0.666085132125051,12.3635514165685
"Castilla-La Mancha",2019,"hombres",1.44599764529746,0.857860174641976,0.621071535069791,0.905714656467876,0.694438629099448,0.90501652811531,20.238412571765
"Castilla-La Mancha",2019,"mujeres",0.753136573320639,0.181639556176454,0.323946611932167,0.296634720528079,0.356828752827324,0.382437242956933,3.01489409631183
"Castilla-La Mancha",2019,"total",1.09415084307754,0.518109820816667,0.4701726683711,0.592403966509314,0.522503777868586,0.63946821532864,11.4862932258547
"Castilla-La Mancha",2020,"hombres",1.38434500736657,0.950265453383667,0.684162187482949,0.846766704956728,0.79858540477807,0.932824951593596,21.1549412386185
"Castilla-La Mancha",2020,"mujeres",0.742688813408477,0.182608405855609,0.222888210585682,0.315150989084128,0.433315378734801,0.379330359533739,2.91249534925045
"Castilla-La Mancha",2020,"total",1.05903824646551,0.56538895306408,0.451390561984737,0.574841906433817,0.615059291414867,0.653143791872602,11.9370220472162
"Castilla-La Mancha",2021,"hombres",1.46447805704528,0.944956959316824,0.680004715359532,1.0427736521511,0.61981062980156,0.950404802734859,21.7343497600173
"Castilla-La Mancha",2021,"mujeres",0.730277677270498,0.204487942442341,0.22027082699956,0.304809201821564,0.360915813827723,0.364152292472337,2.41224643797856
"Castilla-La Mancha",2021,"total",1.09149093464736,0.574604083437912,0.452858119902748,0.664389090350937,0.487730162501917,0.654214478168175,11.9723104440528
"Castilla-La Mancha",2022,"hombres",1.40440126595446,0.946348805411753,0.717494688719907,0.797312968117371,0.6359681381579,0.900305173272277,20.0831325798327
"Castilla-La Mancha",2022,"mujeres",0.726312700476246,0.239114044159843,0.415589016409006,0.254161746750969,0.318504214369964,0.390736344433206,3.28842144740636
"Castilla-La Mancha",2022,"total",1.06186103544702,0.591042710005267,0.563988824454818,0.517936151023184,0.474796480739502,0.641925040333959,11.5672669117084
"Castilla-La Mancha",2023,"hombres",1.39243463218312,0.983834783763369,0.617700735670708,0.932249571864903,0.581002691560671,0.901444483008554,20.1206827140407
"Castilla-La Mancha",2023,"mujeres",0.728745758892274,0.182943714319732,0.296125040871019,0.308367953038617,0.275176324797303,0.358271758383789,2.21843185252489
"Castilla-La Mancha",2023,"total",1.05517083585807,0.581755399610781,0.455464728492542,0.613394935812936,0.425518745910579,0.626260929136982,11.0509986319182
"Castilla-La Mancha",2024,"hombres",1.29627276962547,0.81650530546266,0.892674361267733,0.632177811163632,0.490262451421588,0.825578539788216,17.6202420884289
"Castilla-La Mancha",2024,"mujeres",0.797969076720609,0.192341206782715,0.296766427218319,0.234265324136386,0.312189217128298,0.366706250397265,2.49642149572543
"Castilla-La Mancha",2024,"total",1.04389494061054,0.502561527092378,0.591739830424305,0.430951325602698,0.400363453198656,0.593902215385716,9.98449844722771
"Cataluña",1990,"hombres",0.0990099216702096,2.3018142286402,1.28078490596119,3.093118160242,2.35179248321208,1.82530393994513,50.5698621537631
"Cataluña",1990,"mujeres",0.0141722020748746,0.65073394490133,1.22451810405374,0.639406939079552,1.40541870493078,0.786849979008056,16.3438002143071
"Cataluña",1990,"total",0.0542543194806879,1.40554393741856,1.25684143021377,1.7301067322883,1.83682808167732,1.25671490021573,31.8299233371075
"Cataluña",1991,"hombres",0.0996611795208032,2.2564118845332,1.34932534198443,2.81248314309274,2.15121308569761,1.73381892696576,47.5546377542735
"Cataluña",1991,"mujeres",0.0136506298465924,0.601025866982212,1.24905372781495,0.597904812749442,1.35265954704619,0.762858916887877,15.5530867026771
"Cataluña",1991,"total",0.0545278403681048,1.36209443366343,1.30036717369777,1.5836158512215,1.71713072395101,1.20354720458036,30.0775867748279
"Cataluña",1992,"hombres",0.106397092570612,2.23542592937285,1.2326429943174,2.52372595578729,2.09811570993884,1.6392615363974,44.438151874143
"Cataluña",1992,"mujeres",0.014926883409972,0.645114020397171,0.98284590631543,0.527613583836784,1.16152808056225,0.666405694904321,12.3741167395886
"Cataluña",1992,"total",0.0584214978718981,1.38292578929707,1.09980020771915,1.42112344757137,1.58843417464409,1.11014102342071,26.9990432262884
"Cataluña",1993,"hombres",0.111191714163663,2.21422014275176,1.23406218306369,2.75467649034203,1.9258678448647,1.64800367503717,44.7262811411335
"Cataluña",1993,"mujeres",0.00791536204450289,0.617491794369815,0.883079952803366,0.59754016458147,1.12162719125287,0.645530893010405,11.6861110219828
"Cataluña",1993,"total",0.057349132553176,1.35662001178061,1.04990443581909,1.5713060584064,1.49502015178166,1.10603995806819,26.86387756459
"Cataluña",1994,"hombres",0.105560747619637,2.12191113757439,1.17306477628619,2.33089984989794,1.91788704605567,1.52986471148676,40.8325779669546
"Cataluña",1994,"mujeres",0.0105463423355013,0.517899990758525,0.840691063089462,0.431470182873915,1.09192403189416,0.578506322190312,9.47707027617655
"Cataluña",1994,"total",0.0561056621242939,1.2608352352417,0.997705573996232,1.28905877500105,1.46951624300033,1.01464429787272,23.8515981140646
"Cataluña",1995,"hombres",0.0992133727308563,2.01690437471636,1.13241054930845,2.5468321307781,1.8920596006357,1.53748400563389,41.0836997722769
"Cataluña",1995,"mujeres",0.011036478801712,0.562584429193974,0.90020757984369,0.482344212483391,0.93271718792112,0.577777977648777,9.45306500841357
"Cataluña",1995,"total",0.0533383610233553,1.24216205475245,1.01236872326365,1.42470034647049,1.37702791975271,1.02191948105253,24.0913784793958
"Cataluña",1996,"hombres",0.0797586162145794,2.01786890021751,1.07461217714601,2.28392618245651,1.50251538563747,1.39173625233441,36.2800475935485
"Cataluña",1996,"mujeres",0.0113167399780396,0.508249922271778,0.777714851697028,0.40199578710512,0.784371792786575,0.496729818767708,6.78182544432235
"Cataluña",1996,"total",0.0441659799423039,1.21315620378786,0.919342388313919,1.26011426932375,1.11423826770642,0.91020342181485,20.4093656921841
"Cataluña",1997,"hombres",0.100498628025626,1.93408027475846,1.14186433918336,2.16462677283817,1.51565158928414,1.37134432081795,35.6079566416128
"Cataluña",1997,"mujeres",0.0127812916557319,0.503282368905928,0.81537456418946,0.481318145068064,0.852530400607,0.533057354085237,7.97913271133258
"Cataluña",1997,"total",0.0547693636297635,1.16992528636931,0.966825148398117,1.25015828357225,1.16021671367722,0.920378959129331,20.7447378738054
"Cataluña",1998,"hombres",0.105911094832378,1.87199182658276,1.17303029832054,2.09638462509932,1.47647752918069,1.34475907480314,34.7317422777544
"Cataluña",1998,"mujeres",0.00906093310947717,0.502731997225954,0.827098986686966,0.422726104995312,0.764584964109179,0.505240597225378,7.06232938730152
"Cataluña",1998,"total",0.0556895707302087,1.14329310793693,0.986865397525991,1.18682173589086,1.0944042663828,0.893414815693359,19.8560355546855
"Cataluña",1999,"hombres",2.2940623420917,1.86929678218204,1.25271288969751,2.62351191454587,1.54975502916576,1.91786779153658,53.6206436396024
"Cataluña",1999,"mujeres",0.97580531216324,0.481011971232042,0.759918767592658,0.529965485551389,0.790464932903762,0.707433293888618,13.726331856373
"Cataluña",1999,"total",1.59362744915563,1.13241333103346,0.991513027073427,1.48751675660677,1.14546686203592,1.27010748518104,32.271325132271
"Cataluña",2000,"hombres",2.16961333700744,1.7254638251901,1.29097112190971,2.13043226645917,1.36958427238426,1.73721296459014,47.6665007220376
"Cataluña",2000,"mujeres",0.920306638054362,0.43498010307676,0.62902013935032,0.369216227994937,0.657969745527541,0.602298570800784,10.2612311588469
"Cataluña",2000,"total",1.50579569328165,1.04142142506624,0.937251227455837,1.17665951519172,0.9884279380978,1.12991115981865,27.6506406377871
"Cataluña",2001,"hombres",2.22940191937877,1.67477280778293,1.16556707581111,1.86570204537174,1.36449195284244,1.6599871602374,45.1212408814222
"Cataluña",2001,"mujeres",0.956201345805281,0.429462826523533,0.728023735617331,0.289144937829591,0.749752555120434,0.630517080179234,11.1912757117652
"Cataluña",2001,"total",1.55331634527533,1.01354183843491,0.930102759420965,1.01308340395912,1.03728180737113,1.10946523089229,26.9767700030101
"Cataluña",2002,"hombres",2.10382498356807,1.59475657028337,1.04494440793346,2.10555165535559,1.25683146285028,1.62118181599815,43.8422683265718
"Cataluña",2002,"mujeres",0.941331900318416,0.379645670053159,0.689047577663438,0.362956145214085,0.64489791704413,0.603575842058646,10.3033283213881
"Cataluña",2002,"total",1.48681323328794,0.951682290451931,0.852651027538073,1.16414625020396,0.928948809614903,1.07684832221936,25.9017600569689
"Cataluña",2003,"hombres",2.11934603843948,1.5355696115422,1.26416779745454,2.08630588551142,1.20398409447899,1.64187468548532,44.5242777939283
"Cataluña",2003,"mujeres",0.911622001548162,0.379640730731949,0.657401178610251,0.327216094408456,0.641238030026401,0.583423607065044,9.63913744817197
"Cataluña",2003,"total",1.48024332070683,0.923857002500752,0.94144556130557,1.13960547424768,0.904631367585687,1.0779565452693,25.9382856153248
"Cataluña",2004,"hombres",2.09861252540195,1.40947522503841,1.17900412920138,1.809446751084,1.06745535055595,1.51279879625634,40.2701080899049
"Cataluña",2004,"mujeres",0.913870390215754,0.334173984911285,0.530579829239827,0.268499889419983,0.567225771340022,0.522869973025374,7.6433701756097
"Cataluña",2004,"total",1.47131293417633,0.842804052968621,0.836932125396026,0.981229310629542,0.80450293754875,0.987356272143854,22.9522210651688
"Cataluña",2005,"hombres",2.04636109258835,1.3348555293306,1.28214282047167,1.92752673338324,1.15388870759027,1.54895497667282,41.4617677271912
"Cataluña",2005,"mujeres",0.873013705566754,0.343078542921221,0.643601023245187,0.378816305978079,0.564330120564749,0.560567939655198,8.88584503669993
"Cataluña",2005,"total",1.42684748234594,0.81265737426818,0.942902636857529,1.09393807713627,0.840931710781938,1.02345545627797,24.1420021807642
"Cataluña",2006,"hombres",2.02654775020803,1.33322380161558,0.995761521563472,1.44673330882553,1.10029526789156,1.38051233002083,35.9101220361732
"Cataluña",2006,"mujeres",0.866598828171729,0.293237265384628,0.519018608831721,0.201666142140547,0.496041595300786,0.475312487965882,6.07593869519807
"Cataluña",2006,"total",1.41423636337011,0.78763203974333,0.745354288284885,0.778437303630877,0.780960767473455,0.901324152500532,20.1167167804744
"Cataluña",2007,"hombres",1.99669773827032,1.17028177446362,1.08685359100966,1.50898298958592,1.01066829845858,1.35469687835762,35.0592790707105
"Cataluña",2007,"mujeres",0.861229563105123,0.289183954301592,0.530940955109026,0.327312659775682,0.488049308958383,0.499343288249961,6.86796192387871
"Cataluña",2007,"total",1.39784865093498,0.70753487530349,0.793874158216351,0.876997640584411,0.733932314938144,0.902037527995475,20.1402286883629
"Cataluña",2008,"hombres",1.87011073912905,1.07698976569665,1.09282146735927,1.54292165575923,1.01508897773033,1.31958652113491,33.9020883754805
"Cataluña",2008,"mujeres",0.871850913638466,0.241268231609345,0.553056801274885,0.264537822039005,0.505394391798152,0.487221632071971,6.46844825185966
"Cataluña",2008,"total",1.34310928587494,0.640025175340929,0.806226866479257,0.861194441774682,0.747078891714815,0.879526932236924,19.3983093797486
"Cataluña",2009,"hombres",1.85647440955174,0.953210554409811,0.921699700828698,1.4770611054246,0.937781179101523,1.22924538986327,30.9245647963002
"Cataluña",2009,"mujeres",0.843614652895765,0.199018835958823,0.501978454370062,0.267132502469247,0.420055087086211,0.446359906556022,5.12170010406511
"Cataluña",2009,"total",1.32225653433616,0.558397266737405,0.70260310618077,0.830454654272962,0.664393746807925,0.815621061667043,17.2920568479118
"Cataluña",2010,"hombres",1.8670274856909,1.08668002324331,0.943335397649392,1.32630163743385,0.780651201925348,1.20079914918856,29.9870145226233
"Cataluña",2010,"mujeres",0.886768861486806,0.218982327439012,0.41767200571734,0.238113681507078,0.394216074076214,0.43115059004529,4.62042125248912
"Cataluña",2010,"total",1.34980759377115,0.632804771895548,0.666777292891112,0.746292113157077,0.576444639450156,0.794425282233008,16.5934721373198
"Cataluña",2011,"hombres",1.81156792487241,0.870652025592222,0.844017863967296,1.21601371155787,0.773354314329852,1.10312116806393,26.7676781265486
"Cataluña",2011,"mujeres",0.853542653262146,0.18719770546319,0.398749851275865,0.248687096524905,0.398468611900602,0.417329183685342,4.16488607427177
"Cataluña",2011,"total",1.30712451600757,0.514147407001214,0.610049849167477,0.701024329809149,0.574763204855556,0.741421861368192,14.846549853076
"Cataluña",2012,"hombres",1.8000041372539,1.00586943453997,0.799590742871339,1.26052799804029,0.751030047361698,1.12340447201344,27.4361888582967
"Cataluña",2012,"mujeres",0.84778037150253,0.231191133728348,0.318186534301826,0.270760890208119,0.426775978324009,0.418938981612966,4.21794287375777
"Cataluña",2012,"total",1.29917014093567,0.601420065994778,0.546561678600885,0.73503526515384,0.582044726389767,0.752846375414988,15.2230866472936
"Cataluña",2013,"hombres",1.76401250702713,0.930371300700269,0.645074842982963,1.28944759484198,0.719048835313097,1.06959101617309,25.6625688981918
"Cataluña",2013,"mujeres",0.860691416939395,0.185357337895569,0.35277248729236,0.267926058274577,0.35347859196478,0.404045178473336,3.72706292342174
"Cataluña",2013,"total",1.28885525345107,0.541615468893356,0.492556901017547,0.747679741832318,0.528153613914547,0.719772195821768,14.1330056596562
"Cataluña",2014,"hombres",1.67857582264455,0.879780882334531,0.610371962617589,1.122383622625,0.635349843245847,0.985292426693504,22.884199462985
"Cataluña",2014,"mujeres",0.834828852854107,0.167746858033797,0.251286999166192,0.232239030980841,0.341068131347187,0.365433974476425,2.45448897285126
"Cataluña",2014,"total",1.23473475454848,0.507819220169191,0.423069759602621,0.650454979862976,0.481627164071797,0.659541175651013,12.1478713113018
"Cataluña",2015,"hombres",1.66291718428697,0.913975671576928,0.664381353937093,1.30639326200545,0.711091740806648,1.05175184252262,25.0746134516559
"Cataluña",2015,"mujeres",0.8089887056744,0.206020460833605,0.253529565566296,0.257664412225527,0.329985200094856,0.371237668878937,2.64577102441067
"Cataluña",2015,"total",1.21281951444665,0.544289321823412,0.446167544040796,0.74937660144116,0.510533476192319,0.692637291588868,13.2386752916943
"Cataluña",2016,"hombres",1.6264284536632,0.835368698257705,0.82576801156463,1.1730103254571,0.704912232285505,1.03309754424563,24.459792581129
"Cataluña",2016,"mujeres",0.818502461558235,0.141038413234652,0.289566746222573,0.277383835645342,0.303285158055354,0.365955322943231,2.47167192519019
"Cataluña",2016,"total",1.19972864993435,0.472670588220945,0.542928439308719,0.697371457005082,0.49386750002635,0.681313326899089,12.8654524706047
"Cataluña",2017,"hombres",1.58889453370116,0.852996801747689,0.897920170725389,1.22690824796343,0.68275515214725,1.04989498125699,25.0134137730171
"Cataluña",2017,"mujeres",0.817669908406793,0.174974229961108,0.346805421969742,0.338925881409377,0.31029210130459,0.397733508610322,3.51903867603191
"Cataluña",2017,"total",1.18120030384441,0.498006518040959,0.605394848361595,0.754113868900856,0.486552393324201,0.705053586494405,13.6478998644543
"Cataluña",2018,"hombres",1.60803171202554,0.836052330571695,0.824277165428178,1.11154905902163,0.66090450706641,1.00816295482269,23.6379816640093
"Cataluña",2018,"mujeres",0.792442081307677,0.143991454904255,0.287737848415129,0.32167358830898,0.338592869977907,0.37688756858279,2.83198420717064
"Cataluña",2018,"total",1.17698370519943,0.474373244838489,0.539538127543705,0.689558164664687,0.490874714645173,0.674265591378297,12.6331684777256
"Cataluña",2019,"hombres",1.51708621709755,0.767716713785702,0.682376900675835,0.9817814192919,0.595108803137878,0.908814010797773,20.3635725522679
"Cataluña",2019,"mujeres",0.787545971231878,0.131711583541765,0.256919248945347,0.276215345597703,0.313474081040868,0.353173246071512,2.05039166512785
"Cataluña",2019,"total",1.13086679486234,0.434753721134181,0.455795381033538,0.60479457785728,0.446827248732147,0.614607544723897,10.6669185747083
"Cataluña",2020,"hombres",1.44108336569108,0.769660982016958,0.753003470748244,0.753587710123448,0.647132701996668,0.87289364611528,19.1796850880595
"Cataluña",2020,"mujeres",0.804426441271113,0.139155810127843,0.284798946561214,0.244378681169527,0.305732013259799,0.355698378477899,2.13361667210682
"Cataluña",2020,"total",1.10225634394031,0.439475109295517,0.504144552831807,0.482861167480683,0.466831230693063,0.599113680848276,10.1562614202881
"Cataluña",2021,"hombres",1.43135112497573,0.798595227097624,0.715234344017156,0.757314541332378,0.579012428497722,0.856301533184122,18.6328311048788
"Cataluña",2021,"mujeres",0.777395902051357,0.156324488206852,0.273689242187363,0.255794476722588,0.336579597227653,0.359956741279163,2.27396664859032
"Cataluña",2021,"total",1.08365090962656,0.463140096471375,0.479029183089523,0.490441876411561,0.451433918530633,0.593539196825931,9.97253383812637
"Cataluña",2022,"hombres",1.36270538289563,0.8446752618669,0.595284021742853,0.729563019064227,0.626143185779877,0.831674174269898,17.8211460968667
"Cataluña",2022,"mujeres",0.803359923943033,0.160647083147594,0.25259295079039,0.288395777323741,0.303219780237677,0.361643103088487,2.32954689182632
"Cataluña",2022,"total",1.06501112020108,0.486304931431702,0.412532212169654,0.494825932530187,0.456002643361738,0.582935367938872,9.62304573568186
"Cataluña",2023,"hombres",1.34299818160578,0.74300886856287,0.731632128809527,0.794622831907875,0.586441111279041,0.839740624433018,18.087005569987
"Cataluña",2023,"mujeres",0.805683315918238,0.151581422910827,0.235188499522603,0.300600396504772,0.339589504670459,0.36652862790538,2.49056729454002
"Cataluña",2023,"total",1.0559768489397,0.433752307045538,0.467920660453451,0.530600149679775,0.455638795886833,0.58877775240106,9.81560296017018
"Cataluña",2024,"hombres",1.31384642314446,0.686084614040028,0.660304680359865,0.837581448048607,0.616622053490389,0.82288784381667,17.5315603264572
"Cataluña",2024,"mujeres",0.810522227639387,0.160209018433298,0.204957390810338,0.383722096912545,0.305979713728495,0.373078089504812,2.70642884142071
"Cataluña",2024,"total",1.04611695734509,0.411481545046505,0.4190785494984,0.597425380814559,0.454157779607569,0.585652042462425,9.71258371618949
"Ceuta",1990,"hombres",0.138391633330294,4.47518092161827,3.21986217334471,4.22445148130555,4.52831245502379,3.31723973292452,99.7420823782648
"Ceuta",1990,"mujeres",0,1.57136865711624,2.79764697681564,0,3.89758076362171,1.65331927951072,44.9014763975444
"Ceuta",1990,"total",0.0670801416018671,2.92827813306292,2.88907937341782,1.92113885197272,4.16993013820687,2.39510132765244,69.349626513285
"Ceuta",1991,"hombres",0.0697002802928974,3.11153567190064,2.97857282402162,7.37856630876053,3.0869510107198,3.3250652191391,100
"Ceuta",1991,"mujeres",0,1.70039470805461,1.92810226544229,1.38232663565503,3.69291466557272,1.74074765494493,47.7829994168
"Ceuta",1991,"total",0.0295614439067837,2.35140472040903,2.44538102196544,4.14502060172472,3.47533270176313,2.48934009795382,72.455611093018
"Ceuta",1992,"hombres",0.053221557862204,4.84802756244075,2.93942390650827,2.95029203316032,2.69561054875469,2.69731512174525,79.3101913766946
"Ceuta",1992,"mujeres",0,0.801040322423478,2.8993238493226,0.839551725250369,2.08169721902525,1.32432262320434,34.0581840030939
"Ceuta",1992,"total",0.0243330766666602,2.63091768388604,2.89743415040784,1.81009820053314,2.37338893145091,1.94723440858892,54.5885282950558
"Ceuta",1993,"hombres",0,3.53972048636116,1.41905973779322,7.53028923947285,2.83956571930409,3.06572703658626,91.4525582902976
"Ceuta",1993,"mujeres",0.0519847923851193,1.7240397520104,1.73683962003646,1.16295351724261,1.25745741912389,1.1866550201597,29.5208428342947
"Ceuta",1993,"total",0.0258949065037735,2.56839499236489,1.5944859206429,4.01008907625034,1.96901876411514,2.03357673197541,57.4342564827126
"Ceuta",1994,"hombres",0.0974096720201234,2.98301167710845,1.30585054422035,3.55180433591082,2.84065672911805,2.15574659167556,61.4608126349553
"Ceuta",1994,"mujeres",0.0842413232241769,1.97489858489529,3.57556637649251,0.752116671462684,1.89361866698543,1.65608832461202,44.9927404426685
"Ceuta",1994,"total",0.087707539952233,2.45518825256012,2.56750595277677,2.00730664323803,2.33363256584058,1.89026819087355,52.7109974951122
"Ceuta",1995,"hombres",0,3.8881491665691,0.609894955637015,3.5461458217429,3.24328032714429,2.25749405421866,64.8142737282523
"Ceuta",1995,"mujeres",0,1.23748960661845,3.72131710257553,0.5690532039547,2.94881967490988,1.69533591761171,46.2862889286985
"Ceuta",1995,"total",0,2.50537903263534,2.32512379346129,1.88226749935617,3.15906532436483,1.97436712996353,55.4827867189105
"Ceuta",1996,"hombres",0,4.28295566281779,5.30003472378565,3.52853479211381,1.72940737554611,2.96818651085267,88.2377522411662
"Ceuta",1996,"mujeres",0,1.29317098804562,2.39751058171579,1.25232482266279,2.32180091668067,1.45296146182097,38.2979490999882
"Ceuta",1996,"total",0,2.68280225485973,3.75866544916434,2.3492099932806,2.03370470574198,2.16487648060933,61.7617216361263
"Ceuta",1997,"hombres",0,2.89652949308891,3.56675717896014,2.67427030726338,1.97104425003916,2.22172024587032,63.6352165659727
"Ceuta",1997,"mujeres",0,0.523926131961705,2.39309129460987,0.72421395342249,2.52176579536531,1.23259943507187,31.0351096672097
"Ceuta",1997,"total",0,1.59338927504213,2.96465890930336,1.6487652523893,2.26489655995494,1.69434199933795,46.2535307037986
"Ceuta",1998,"hombres",0.0461681380416286,3.11713440034231,1.96054305879327,3.13888524070272,2.04763563109326,2.06207329379464,58.3734652744114
"Ceuta",1998,"mujeres",0,1.41050491757207,2.27508713109575,1.53108178887713,1.98700127465042,1.44073502243907,37.8949819128763
"Ceuta",1998,"total",0.0224131977943178,2.2091991147612,2.12293623426282,2.19240200475094,1.96727561080132,1.70284523247412,46.5337859630127
"Ceuta",1999,"hombres",2.3080291611981,3.58860856981621,2.84313359074306,4.02978889590285,2.42754945388287,3.03942193430862,90.5855770915682
"Ceuta",1999,"mujeres",1.03426162843258,0.606463534201674,0.569373121296386,0.804133531927006,1.117246633027,0.826295689776929,17.6438783986139
"Ceuta",1999,"total",1.6153103087318,1.99917642157845,1.57156161719493,2.277228539985,1.73020455625721,1.83869628874948,51.011256165375
"Ceuta",2000,"hombres",2.13411045131887,2.63246151515755,2.65390899856412,2.27396804603692,1.83731964051502,2.3063537303185,66.4246236941052
"Ceuta",2000,"mujeres",0.800229440848196,0.746855025184438,2.19118521985352,0.94697143068123,0.866498345179442,1.11034789234937,27.0058613511468
"Ceuta",2000,"total",1.41496402473151,1.59277486828228,2.42502264870683,1.55619580839436,1.31701768015593,1.66119500605418,45.1610498737259
"Ceuta",2001,"hombres",1.71692887188103,2.62168995223805,0.614806262014765,1.07770166925898,2.24740777040343,1.65570690515925,44.9801693645983
"Ceuta",2001,"mujeres",0.781993618748035,1.75048806269603,2.86744885298434,1.11834670595745,1.22414629325096,1.54848470672736,41.4462682550075
"Ceuta",2001,"total",1.2158540219797,2.16934463450412,1.82420791382983,1.14202738759552,1.6958313484186,1.60945306126555,43.4557041638347
"Ceuta",2002,"hombres",2.31202473153867,2.57732230598304,1.35926641237724,2.59186965276291,2.47855850527922,2.26380832158822,65.0223835860044
"Ceuta",2002,"mujeres",1.13854486949127,0.96865579910636,3.76905824346067,0.622730059030219,1.02269279248481,1.50433635271466,39.9911972014962
"Ceuta",2002,"total",1.68499516534658,1.70747469620238,2.63251015096936,1.49006515551308,1.67029355787703,1.83706774518169,50.9575815345113
"Ceuta",2003,"hombres",2.05432031634616,1.61233688179484,2.96477107915224,4.65473711054152,1.4542930321254,2.54809168399203,74.3919852592552
"Ceuta",2003,"mujeres",0.916421437073099,1.08654554686355,2.79616578238736,0.294590130795634,1.17586827334125,1.25391823409218,31.737748939812
"Ceuta",2003,"total",1.46825284149722,1.3891451639386,2.89396128567498,2.2909796627803,1.29774007211735,1.86801580520169,51.9775884476677
"Ceuta",2004,"hombres",2.04736027857484,1.43518043938854,3.28110814831923,2.39820230034317,1.0026151995257,2.0328932732303,57.4117305911246
"Ceuta",2004,"mujeres",0.856746271940606,1.24383587829994,3.35642477894712,0,1.29282446872497,1.34996627958253,34.9033648243621
"Ceuta",2004,"total",1.41223987840857,1.32397409837063,3.30528211519123,1.0330880279697,1.14820155111023,1.64455713421007,44.6126877376102
"Ceuta",2005,"hombres",1.80264037653678,2.09922953173131,3.107084554284,2.42392678347096,1.53077500895375,2.19273125099536,62.6797778354414
"Ceuta",2005,"mujeres",0.976769088244921,0.977763002714345,3.91209902561116,1.52650045904287,1.06836473629541,1.69229926238174,46.1862048095182
"Ceuta",2005,"total",1.34631469144431,1.53000609802884,3.52749686833375,1.96742981399614,1.26684236688212,1.92761796773703,53.9419964844182
"Ceuta",2006,"hombres",2.4275953395821,1.96943979724194,0.97131541678794,2.01324955132328,1.63096088489919,1.80251219796689,49.8186766395285
"Ceuta",2006,"mujeres",0.689329255160628,0.948527817009363,2.27202764916876,0.561017554634202,1.09666862152474,1.11351417949954,27.1102179660728
"Ceuta",2006,"total",1.51882114871217,1.45049654299021,1.6470589701085,1.26628206625531,1.32302814271059,1.44113737415536,37.9082428905229
"Ceuta",2007,"hombres",1.59046353543071,1.86925953588128,3.585334521592,2.0846622476713,1.33936535491295,2.09381703909765,59.4196969166411
"Ceuta",2007,"mujeres",0.825729088849726,0.280914921933507,2.14857606583299,1.06617025113111,1.89361143184147,1.24300035191776,31.3779100585465
"Ceuta",2007,"total",1.19773003573101,1.06622810253808,2.83228313256656,1.49332587861629,1.62051469447047,1.64201636878448,44.5289474871022
"Ceuta",2008,"hombres",1.71908505868811,1.83124881796414,2.85541851455842,2.12252949930453,1.66155289871966,2.03796695784697,57.5789524906827
"Ceuta",2008,"mujeres",1.03677601860755,0.696313732204343,3.70510107615183,0,0.863492038583287,1.2603365731094,31.9492888607091
"Ceuta",2008,"total",1.36558289387861,1.26278982710959,3.25055808619812,0.999419273928697,1.25716181401686,1.62710237902638,44.0374022126591
"Ceuta",2009,"hombres",1.92997410369466,2.15355617688618,0.975477302082298,2.87067607291347,0.505735708085143,1.68708387273235,46.014312500477
"Ceuta",2009,"mujeres",0.962115647936359,0.497150555627588,2.64845479428609,0.276932132242245,1.17877919177523,1.1126864643735,27.0829375759568
"Ceuta",2009,"total",1.43630779232035,1.32233161379861,1.80184297755052,1.5808359893823,0.820394797705277,1.39234263415141,36.3000331320588
"Ceuta",2010,"hombres",1.87555768926494,1.27974455634103,2.75192694531934,4.28773165403253,0.612798638922938,2.16155189677615,61.6521477729822
"Ceuta",2010,"mujeres",0.817214350741556,0.83548741906787,1.49809960820967,0.376392553804864,1.06597569943772,0.918633926252336,20.6872239101815
"Ceuta",2010,"total",1.33333632954936,1.06325275314193,2.06281350968878,2.29553790678488,0.849626265381343,1.52091335290926,40.5375530889721
"Ceuta",2011,"hombres",1.53160741468608,1.3722138859186,2.93150304770468,0.776940800792478,1.95037922477545,1.71252887477546,46.8529459389697
"Ceuta",2011,"mujeres",0.868146852904884,0.615594341770179,1.6543837559158,0.224061550984248,1.1909801583453,0.910633331984083,20.4235349598013
"Ceuta",2011,"total",1.20791623205183,1.00338451813452,2.23644773269863,0.519138212891706,1.57681757703041,1.30874085456142,33.5446296244119
"Ceuta",2012,"hombres",1.5495887516409,1.47159595198152,4.12208329277469,1.13008098038002,1.50334396431032,1.95533858821749,54.8556312811965
"Ceuta",2012,"mujeres",0.801789542941685,0.600100231545517,3.85673727264208,0.359087149032227,0.57879895583087,1.23930263039848,31.2560380733506
"Ceuta",2012,"total",1.16010675626774,1.05761164551948,3.95470323667696,0.748620901862773,1.05925989321006,1.5960604867074,43.0143027116775
"Ceuta",2013,"hombres",1.79189425592865,1.21086991473443,1.64890703720193,1.12512479571704,1.01707110586325,1.35877342188906,35.1936365257874
"Ceuta",2013,"mujeres",0.91575001405246,0.66600296731406,0.513969004842209,0.644918609623851,0.50623533814867,0.64937518679625,11.8128138342183
"Ceuta",2013,"total",1.35280948087722,0.943926288361648,1.00867835918771,0.882201772444912,0.729558715328435,0.983434923239984,22.8229786186872
"Ceuta",2014,"hombres",1.68869101926251,1.3547555710998,2.63545329330693,2.00254343490318,0.856576461297107,1.7076039559739,46.6906271628954
"Ceuta",2014,"mujeres",0.805089439704018,0.302727333180918,1.78811367050695,0,0,0.579186088678377,9.49947447588116
"Ceuta",2014,"total",1.20437722466881,0.817379806704888,2.18801451662077,0.978054363193357,0.433822393581919,1.12432966095395,27.4666818557474
"Ceuta",2015,"hombres",1.82899878913063,0.770370164170987,0.723528525060858,0.720059508537,0.922542254549499,0.993099848289794,23.1415216989182
"Ceuta",2015,"mujeres",0.759781120885188,0.515290236130267,1.10362040760977,0.363775301648384,0.308174299995877,0.610128273253898,10.5192877421989
"Ceuta",2015,"total",1.28022164708182,0.6573817359534,0.955384366488471,0.531214327138061,0.615860187013418,0.808012452735034,17.041287213074
"Ceuta",2016,"hombres",2.00610494194431,1.06309217219857,3.19343766133653,1.56417315276889,1.75902811822782,1.91716720929522,53.5975533803437
"Ceuta",2016,"mujeres",0.634653352071046,1.07668049627151,1.09857186969276,0.66537250929033,0,0.69505564546513,13.3183810202812
"Ceuta",2016,"total",1.32348840129007,1.07757731477805,2.01087981418429,1.09597458750557,0.891755524043193,1.27993512836024,32.5952311857146
"Ceuta",2017,"hombres",1.8628424462998,1.49798497968457,1.51302240598398,1.20361431179943,1.41094896305034,1.49768262136362,39.771899062228
"Ceuta",2017,"mujeres",1.05170743521902,1.06633652517038,1.50203136469608,0.363791419225678,0.338301649479385,0.864433678758109,18.9008558114
"Ceuta",2017,"total",1.44598773162782,1.28857613967614,1.53031560152342,0.821155231087707,0.846764920168166,1.18655992481665,29.5177086182161
"Ceuta",2018,"hombres",1.26927656617286,0.543563619119849,1.23142486554359,0.658007908044556,1.49355509641924,1.03916561106002,24.6597879959038
"Ceuta",2018,"mujeres",1.20963374964751,0.62942353452121,0.620514933846803,0.203030047643391,0.410552409666801,0.614630935065143,10.6676894892586
"Ceuta",2018,"total",1.24332962501575,0.591578255450835,0.918174633506922,0.421034435257413,0.970057349968319,0.828834859839848,17.7275660680893
"Ceuta",2019,"hombres",1.54587208238503,0.897838829737715,0.897851196256665,2.45081552170885,0.843255080353572,1.32712654208837,34.1505974417324
"Ceuta",2019,"mujeres",0.89321239789465,0.5697222843171,0,0.221468493217373,1.23425787735837,0.583732210557498,9.64930860899834
"Ceuta",2019,"total",1.21216981309812,0.740826767172601,0.445027036580362,1.33725481650933,1.0542679262796,0.957909271928003,21.9816870875148
"Ceuta",2020,"hombres",1.39801198733834,1.81391405191481,2.95695607049743,2.63478355068738,0.992887369185537,1.9593106059247,54.9865437040727
"Ceuta",2020,"mujeres",1.10147426742676,0.799019870242309,2.70322736901724,0,0.530731236921367,1.02689054872153,24.2552182607867
"Ceuta",2020,"total",1.25659998574481,1.31446848181073,2.78000286654878,1.32002130502501,0.770899049305504,1.48839833768697,39.4659014155976
"Ceuta",2021,"hombres",1.59803953102534,1.4932910758419,0.634144748718077,1.02454249231155,1.66914923622122,1.28383341682362,32.7237135907364
"Ceuta",2021,"mujeres",1.1193608587211,0.293881726476513,2.72392278027248,1.4378847100848,0.660927757510603,1.2471955666131,31.5161787574134
"Ceuta",2021,"total",1.36149685364662,0.904358628421818,1.67684565937897,1.2445487628181,1.17685207302925,1.27282039545895,32.3607390482468
"Ceuta",2022,"hombres",0.929688136304118,1.56928089502715,1.35033289890323,2.40224446371397,0.73831372139919,1.39797202306953,36.4855703065899
"Ceuta",2022,"mujeres",1.12515690390166,1.15740498073608,2.16533292914442,0,0.393906407851515,0.968360244326736,22.326137243325
"Ceuta",2022,"total",1.01871020220707,1.37648548396921,1.75093743118623,1.20377035884041,0.577052183309461,1.18539113190247,29.479186757662
"Ceuta",2023,"hombres",1.36611077357018,1.26518756684595,0.94817329456584,0.219061346078873,0.845975491703355,0.92890169455284,21.025635902482
"Ceuta",2023,"mujeres",0.59906035319369,0.765965173030526,1.29144991269921,0,0.43169867090584,0.617634821965853,10.7666936078717
"Ceuta",2023,"total",0.978070356485574,1.01915112425266,1.13581289781055,0.1106078826484,0.63953586379047,0.776635624997531,16.0071486859906
"Ceuta",2024,"hombres",1.03915526830167,1.06712957782983,0.840864656783405,2.3442096446857,0.67590145731102,1.19345212098232,29.7448662407383
"Ceuta",2024,"mujeres",0.861443521286752,0,0.838853996518949,0.25367598545067,0.782435505821681,0.54728180181561,8.44795159728011
"Ceuta",2024,"total",0.95357613876457,0.531508135625306,0.832525636130363,1.29114665850709,0.724800713404699,0.866711456486405,18.9759283370444
"Comunidad Foral de Navarra",1990,"hombres",0.0573050354546479,1.85064987903867,0.869229953509741,3.00658968203256,2.28497681008519,1.61375027202416,43.5973345173444
"Comunidad Foral de Navarra",1990,"mujeres",0.0177590359984842,0.49586870130339,1.19025641153531,0.543926775590027,1.01079637216043,0.651721459317528,11.8901438571763
"Comunidad Foral de Navarra",1990,"total",0.0362925810591781,1.12539591293016,1.0511166062575,1.65841782053767,1.59952533317065,1.09414965079103,26.4719888447667
"Comunidad Foral de Navarra",1991,"hombres",0.107022067751865,1.74560524928043,1.54126166512279,2.45397901766264,1.74008917964373,1.51759143589229,40.4280671205447
"Comunidad Foral de Navarra",1991,"mujeres",0.0180603767600061,0.638295304921625,1.44527501468425,0.656496607079844,1.17964715843096,0.787554892375336,16.3670332217181
"Comunidad Foral de Navarra",1991,"total",0.0610824833574886,1.16159456244692,1.49811203871132,1.46617938106241,1.43043073808602,1.12347984073283,27.438672911086
"Comunidad Foral de Navarra",1992,"hombres",0.092324790111479,1.96391993129858,0.942383287234611,2.39227186173103,1.82328338429027,1.44283665093319,37.9642487939508
"Comunidad Foral de Navarra",1992,"mujeres",0.0126105708473941,0.492089509027567,0.76631835837552,0.412878101841166,0.694567337004247,0.475692775419179,6.08847246407077
"Comunidad Foral de Navarra",1992,"total",0.0508308385253958,1.20070391674085,0.846316131982466,1.32219108784057,1.21565800878036,0.927139996773929,20.9675726858467
"Comunidad Foral de Navarra",1993,"hombres",0.091485019606911,2.02076265344299,1.36138953322623,3.27714174119296,1.54166423440818,1.65848863637545,45.0718515272034
"Comunidad Foral de Navarra",1993,"mujeres",0.0189871427181492,0.409761591680556,0.969934365541249,0.2639586679428,0.912647703471128,0.515057894270776,7.38589444593027
"Comunidad Foral de Navarra",1993,"total",0.0548597300205279,1.18036966231671,1.15835562911464,1.655700033232,1.20736704717522,1.05133042037182,25.0607239378416
"Comunidad Foral de Navarra",1994,"hombres",0.0884803325823831,1.97916965353459,1.24911352661962,2.23781367517635,1.59716462959167,1.43034836350092,37.5526514432228
"Comunidad Foral de Navarra",1994,"mujeres",0.00834795651747516,0.432395863841868,1.27083906340133,0.517989018444024,0.850299891339611,0.615974358708861,10.7119669464887
"Comunidad Foral de Navarra",1994,"total",0.0466679590714126,1.16979939464802,1.26883608531027,1.30919893478217,1.21055008973476,1.00101049270933,23.4022460218719
"Comunidad Foral de Navarra",1995,"hombres",0.0640438659538773,2.01268862397407,0.909283656377152,1.87855731194756,1.28580452480556,1.23007559661164,30.9519273069758
"Comunidad Foral de Navarra",1995,"mujeres",0.0212222396076503,0.540813073258064,0.543834864606673,0.334923847520632,0.863258641503443,0.460810533299292,5.59797354957525
"Comunidad Foral de Navarra",1995,"total",0.0416910520273667,1.2496695419607,0.730624858099053,1.0569532460903,1.06121954811721,0.828031649258925,17.7010933152016
"Comunidad Foral de Navarra",1996,"hombres",0.115597810147783,2.2862594964347,0.924764455536095,1.95247503372829,1.51759706087144,1.35933877134366,35.2122696921852
"Comunidad Foral de Navarra",1996,"mujeres",0.0117531441315766,0.443859818824171,0.540378340731043,0.324167847651442,0.745731458644315,0.413178121996509,4.02807259979835
"Comunidad Foral de Navarra",1996,"total",0.0623145458287347,1.33530226892864,0.72218038179617,1.08179960248156,1.11353295080838,0.863025949968698,18.8544589420608
"Comunidad Foral de Navarra",1997,"hombres",0.0675458606880585,2.20334808920405,0.884497955084767,1.90854214534934,1.56761845056025,1.32631050017729,34.123701785262
"Comunidad Foral de Navarra",1997,"mujeres",0.00389796983046219,0.461668946642872,0.524557319112174,0.310390518423482,0.557671596015575,0.371637270004913,2.65894134625759
"Comunidad Foral de Navarra",1997,"total",0.0346494492846568,1.30567432148679,0.710607137207858,1.0434154042063,1.0299585134598,0.824860965129081,17.5965917816714
"Comunidad Foral de Navarra",1998,"hombres",0.0811923661709623,1.90131746679707,0.971153959976037,2.24226973374542,1.06178482297413,1.25154366993273,31.6594864620731
"Comunidad Foral de Navarra",1998,"mujeres",0.0124604913424908,0.445756129148322,0.488809852156162,0.322262506528657,0.834757183941568,0.42080923262344,4.27958386058499
"Comunidad Foral de Navarra",1998,"total",0.0465523181687711,1.14824391286133,0.717935164896567,1.21747512512535,0.948470682270939,0.815735440664591,17.2958266276054
"Comunidad Foral de Navarra",1999,"hombres",2.16782404368589,1.81858321322149,0.915284409586483,1.84565724558988,1.00692460601364,1.55085470361948,41.5243802016869
"Comunidad Foral de Navarra",1999,"mujeres",0.849780860943129,0.32988549849264,0.51798683004792,0.370978528077511,0.653404491126355,0.544407241737511,8.35320991880172
"Comunidad Foral de Navarra",1999,"total",1.48135380392321,1.05008440236229,0.707955130563158,1.06298707608562,0.822478583520559,1.02497179929097,24.1919788305114
"Comunidad Foral de Navarra",2000,"hombres",2.1968451375589,1.69297108421525,0.995536525630703,1.85613820768031,1.07514202802758,1.56332659662255,41.9354372138247
"Comunidad Foral de Navarra",2000,"mujeres",0.962662449822731,0.398454673001623,0.641319954229374,0.11979544196616,0.51329170532291,0.52710484486856,7.78294592134592
"Comunidad Foral de Navarra",2000,"total",1.55521346551713,1.02803463086788,0.820500220910638,0.92888364118704,0.7747629529551,1.02147898228756,24.0768602257404
"Comunidad Foral de Navarra",2001,"hombres",2.03031592424044,1.76151841450163,1.01469388281155,1.23699087687163,1.2703609064401,1.46277600097307,38.6214232621203
"Comunidad Foral de Navarra",2001,"mujeres",1.01940524491694,0.356425579421016,0.708196053666716,0.268529657566534,0.583919510872748,0.587295209288791,9.76674031021445
"Comunidad Foral de Navarra",2001,"total",1.50389447861291,1.03892975563679,0.858861293708173,0.724927442250713,0.913686133637141,1.00805982076915,23.6345825027201
"Comunidad Foral de Navarra",2002,"hombres",2.04015514811506,1.92256272974338,0.700467104954321,1.19157051108537,1.09025313459366,1.38900172569836,36.1899212311469
"Comunidad Foral de Navarra",2002,"mujeres",0.912841185749099,0.231263998692658,0.438040581519081,0.210710426759539,0.454258599684665,0.449422958481008,5.22265422321909
"Comunidad Foral de Navarra",2002,"total",1.46121742239185,1.05539452767281,0.568629867286881,0.674743615132051,0.757267575114761,0.90345060151967,20.1868017130548
"Comunidad Foral de Navarra",2003,"hombres",1.9246142447105,1.61773352046801,1.03770232827078,1.38870326035534,0.965466877667609,1.38684404629445,36.1188069866049
"Comunidad Foral de Navarra",2003,"mujeres",0.782054390088941,0.388980995358638,0.72752434004214,0.347543385853519,0.485150853761483,0.546250793020944,8.41397091812267
"Comunidad Foral de Navarra",2003,"total",1.33164664586829,0.98623045336791,0.88441103638153,0.836040316712429,0.708744400398795,0.949414570545791,21.7017130235684
"Comunidad Foral de Navarra",2004,"hombres",1.86636027901947,1.45189286659689,0.939032593330426,1.40447963687616,0.919173507178992,1.31618777660039,33.790070274216
"Comunidad Foral de Navarra",2004,"mujeres",0.805154573415362,0.256177148610961,0.64306211327845,0.219729384321943,0.435767185408855,0.471978081007114,5.96604107489416
"Comunidad Foral de Navarra",2004,"total",1.31351663718001,0.83855933448339,0.783047862827963,0.785440936371154,0.663453389356685,0.87680363204384,19.308553025982
"Comunidad Foral de Navarra",2005,"hombres",1.7765673505121,1.2431078383833,0.943617049705855,1.51180522027713,1.10429746805508,1.31587898538669,33.7798929263472
"Comunidad Foral de Navarra",2005,"mujeres",0.877018459825643,0.338296409386028,0.521175827559795,0.115513225774512,0.454790956001164,0.461358975709428,5.61604948226522
"Comunidad Foral de Navarra",2005,"total",1.31081411193236,0.781785001435785,0.72338804559808,0.775935869857195,0.763826118092707,0.871149829383226,19.1222112069561
"Comunidad Foral de Navarra",2006,"hombres",1.79392300586,1.28136162459032,0.832124571187543,1.08985723525431,1.06962432977206,1.21337815333285,30.4016017755724
"Comunidad Foral de Navarra",2006,"mujeres",0.84040061739815,0.217547947284296,0.434012761675508,0.346206366140519,0.574451134670183,0.482523765433731,6.31361281322491
"Comunidad Foral de Navarra",2006,"total",1.30483673777946,0.735900768022131,0.625030138495844,0.704261135974383,0.811972515668575,0.83640025918808,17.9769115724924
"Comunidad Foral de Navarra",2007,"hombres",1.84682168254884,1.2009609744094,1.02156598284873,1.43001298038946,0.748892778126566,1.2496508796646,31.5971026112794
"Comunidad Foral de Navarra",2007,"mujeres",0.930809662188051,0.214747952781956,0.681889653605054,0.303513704316218,0.243550060506699,0.474902206679596,6.06241636946648
"Comunidad Foral de Navarra",2007,"total",1.37333067032687,0.696331898098455,0.84766712736161,0.843085674424885,0.484870159731508,0.849057105988665,18.3940644159022
"Comunidad Foral de Navarra",2008,"hombres",1.80371442427289,1.20729344972003,1.1335781377187,1.08429509476548,0.680939871662515,1.18196419562792,29.3662394941266
"Comunidad Foral de Navarra",2008,"mujeres",0.77291744145626,0.16260728764628,0.516230003680876,0.165669221261123,0.543287747117529,0.432142340232414,4.65310802013582
"Comunidad Foral de Navarra",2008,"total",1.27423699257196,0.673828108210214,0.82447509201291,0.606093456698207,0.608361533085593,0.797399036515777,16.6914831249065
"Comunidad Foral de Navarra",2009,"hombres",1.80314640249554,1.06083762198752,0.571879716402316,1.04765186436285,0.902683598762394,1.07723984080212,25.9146639889372
"Comunidad Foral de Navarra",2009,"mujeres",0.859979696495835,0.119955592962654,0.315894561951221,0.212689417358513,0.353976642623015,0.372499182278248,2.68734882888389
"Comunidad Foral de Navarra",2009,"total",1.31609197200344,0.582134325584349,0.441266154723503,0.611880762360491,0.621771982085464,0.71462903935145,13.9634940601641
"Comunidad Foral de Navarra",2010,"hombres",1.5122118957541,0.878421521319917,1.05044744688454,0.996645125174594,0.720933050508909,1.03173180792841,24.4147797278449
"Comunidad Foral de Navarra",2010,"mujeres",0.767983999894411,0.15464013053144,0.602107679477386,0.316600463054998,0.495336900674894,0.467333834726626,5.81297289196322
"Comunidad Foral de Navarra",2010,"total",1.12938108010519,0.510654574000938,0.818859305554519,0.640858947670886,0.60671636966947,0.7412940554002,14.8423375382876
"Comunidad Foral de Navarra",2011,"hombres",1.78332597421527,0.959724392246585,0.719802848174126,1.03567382427712,0.847794260107566,1.06926425980413,25.65179944269
"Comunidad Foral de Navarra",2011,"mujeres",0.950124195512905,0.121427793068459,0.436517280219441,0.286469779055461,0.411383871333454,0.441184583837944,4.95112834781147
"Comunidad Foral de Navarra",2011,"total",1.35264971201286,0.534071526245929,0.583614489153292,0.646108470723465,0.623077900326337,0.747904419692376,15.0602063569517
"Comunidad Foral de Navarra",2012,"hombres",1.70961354599721,1.04651214863146,0.850865394555666,0.633177662447903,0.545942969841155,0.957222344294679,21.9590468659831
"Comunidad Foral de Navarra",2012,"mujeres",0.813703321198886,0.126351157354016,0.105869319718745,0.166741430875318,0.308602648428354,0.304253575515064,0.438064361747045
"Comunidad Foral de Navarra",2012,"total",1.25126124083266,0.579537067419039,0.464041915104542,0.391491543469555,0.419695708210939,0.621205495007347,10.8843782441491
"Comunidad Foral de Navarra",2013,"hombres",1.74313215311621,0.85154528070457,0.391090431390908,1.17045421764651,0.560506648847091,0.943345746341058,21.5016926462149
"Comunidad Foral de Navarra",2013,"mujeres",0.835629975378606,0.220923086332786,0.239036547338634,0.201177527314523,0.346674215306158,0.368688270334141,2.56174623777132
"Comunidad Foral de Navarra",2013,"total",1.27954883868923,0.532925713746602,0.312744034699653,0.672716799502543,0.452283315838707,0.650043740495346,11.8348484753058
"Comunidad Foral de Navarra",2014,"hombres",1.80201870288469,0.800707773932572,1.09965522342785,1.12091874472935,0.725666009677675,1.10979329093043,26.987582425715
"Comunidad Foral de Navarra",2014,"mujeres",0.932438588225816,0.251640440337033,0.241236787624396,0.195925732271864,0.266150489252076,0.377478407542237,2.85145747376017
"Comunidad Foral de Navarra",2014,"total",1.35747663250376,0.523914010448244,0.662764929268277,0.641504216132943,0.491486090414005,0.735429175753445,14.6490389024231
"Comunidad Foral de Navarra",2015,"hombres",1.54087950094294,0.928639534588646,0.911886432201147,0.766817952238058,0.764723674767296,0.982589418947618,22.7951119212994
"Comunidad Foral de Navarra",2015,"mujeres",0.748283515765133,0.183580294654855,0.42231869369404,0.383852251547128,0.389511334445391,0.425509218021309,4.43448913072028
"Comunidad Foral de Navarra",2015,"total",1.13471576975088,0.551078777598252,0.666452276068478,0.569632633007268,0.57214581518442,0.69880505432186,13.4419565514015
"Comunidad Foral de Navarra",2016,"hombres",1.57656981145523,0.729445088265349,1.04301810631236,1.09397575755948,0.58067260218427,1.00473627315534,23.5250427919887
"Comunidad Foral de Navarra",2016,"mujeres",0.769234422300761,0.16040284089586,0.582157955270119,0.337211233545028,0.297368987938871,0.429275087990128,4.55860719821016
"Comunidad Foral de Navarra",2016,"total",1.16247670976709,0.441168905441363,0.805845321941612,0.70679083477416,0.438298818006401,0.710916117986124,13.8411211082507
"Comunidad Foral de Navarra",2017,"hombres",1.57789329344032,0.96205472474606,1.00034677249118,1.1861831386371,0.650326030472247,1.07536079195738,25.8527330371891
"Comunidad Foral de Navarra",2017,"mujeres",0.859641684746783,0.155852143386485,0.318050359369517,0.361178018500552,0.406544533859551,0.420253347972578,4.26126264153505
"Comunidad Foral de Navarra",2017,"total",1.20903659107238,0.551978988381342,0.650414547393193,0.760438134951759,0.525471424150071,0.739467937189748,14.782151109875
"Comunidad Foral de Navarra",2018,"hombres",1.40397953451903,0.662537325634836,0.64401695572474,0.710973077110052,0.712584305501555,0.826818239698043,17.6611009492895
"Comunidad Foral de Navarra",2018,"mujeres",0.755768937540405,0.145498987938481,0.0878086292109156,0.235058509298339,0.400305996798204,0.324888212157269,1.11815455195344
"Comunidad Foral de Navarra",2018,"total",1.07037858377953,0.403320666550455,0.365297519980806,0.46628821248443,0.555253309595095,0.572107658478064,9.26617882717334
"Comunidad Foral de Navarra",2019,"hombres",1.44882328204307,0.799141521654082,0.764816949494513,0.869693144739308,0.494855125962594,0.875466004778714,19.264466609684
"Comunidad Foral de Navarra",2019,"mujeres",0.778974250493016,0.146848999470441,0.17553175042301,0.406584823292677,0.274915019512941,0.356570968638417,2.16237608369853
"Comunidad Foral de Navarra",2019,"total",1.10568407220892,0.468207096194402,0.462354518140477,0.633782370074446,0.381731957354243,0.610352002794498,10.5266615704112
"Comunidad Foral de Navarra",2020,"hombres",1.42920069163606,0.694320392691775,0.706260212107655,1.02735823574518,0.49148601956408,0.86972511034895,19.0752543617345
"Comunidad Foral de Navarra",2020,"mujeres",0.8167773835885,0.150060057322956,0.283668058217504,0.228826967616018,0.301715002263786,0.356209493801753,2.15046235365887
"Comunidad Foral de Navarra",2020,"total",1.11491563040622,0.418027809949656,0.488919221497071,0.614236290340153,0.396718716197618,0.606563533678143,10.4017986650638
"Comunidad Foral de Navarra",2021,"hombres",1.4152250979948,0.814420314678818,0.6244322701749,0.784802046256078,0.631119324398109,0.85399981070054,18.5569693919345
"Comunidad Foral de Navarra",2021,"mujeres",0.794479372138493,0.135261464337282,0.378190820346286,0.254792941412903,0.296766956378125,0.371898310922618,2.66754490785413
"Comunidad Foral de Navarra",2021,"total",1.09571766270811,0.468822106531512,0.497462899135381,0.513913615850967,0.45806311176717,0.606795879198628,10.4094564645182
"Comunidad Foral de Navarra",2022,"hombres",1.33709391123448,0.75934999643093,0.628375871842867,0.901761364444714,0.585200117156871,0.842356252221972,18.1732131844628
"Comunidad Foral de Navarra",2022,"mujeres",0.729072958624176,0.152072409515554,0.201823679507365,0.393875080702606,0.389440799836312,0.373256985637203,2.71232502010387
"Comunidad Foral de Navarra",2022,"total",1.02511052647573,0.453042182883986,0.411407801838404,0.641209835856355,0.483396665450112,0.602833402500917,10.2788585006305
"Comunidad Foral de Navarra",2023,"hombres",1.22875993358371,0.815735616163112,0.631871047020379,0.605864447069548,0.60963171321645,0.77837255141064,16.0643954713423
"Comunidad Foral de Navarra",2023,"mujeres",0.708920641145184,0.11250044085857,0.248700972144592,0.503907667417937,0.330750287130637,0.380956001739384,2.96607435507521
"Comunidad Foral de Navarra",2023,"total",0.961313686837773,0.460408163453514,0.437817523751165,0.550838748316792,0.467356327541532,0.575546889980155,9.3795313250621
"Comunidad Foral de Navarra",2024,"hombres",1.36936398668127,0.805878425081006,0.711048594365518,0.8597004693137,0.580130559095746,0.865224406907448,18.9269171599379
"Comunidad Foral de Navarra",2024,"mujeres",0.824739531457223,0.112759386493134,0.279932543351481,0.381163333791562,0.306779834610574,0.381074925940795,2.9699939386453
"Comunidad Foral de Navarra",2024,"total",1.08840628779742,0.455525794343187,0.490323548574987,0.616663239501744,0.44249595852048,0.618682965747563,10.8012390334213
"Comunidad Valenciana",1990,"hombres",0.0816536557905817,2.91448454646084,1.93667665093127,3.49022428709285,2.8504854786902,2.25470492379315,64.7223476975454
"Comunidad Valenciana",1990,"mujeres",0.0102996795788633,0.890780624792035,1.90653838663599,0.764701326237546,1.97880807942003,1.11022561933289,27.0018313950844
"Comunidad Valenciana",1990,"total",0.0441412746978975,1.82368998435219,1.92469006424125,1.97216310094789,2.38041428403072,1.62901974165399,44.1005959357529
"Comunidad Valenciana",1991,"hombres",0.0966018904896366,2.88394498548065,1.73574538896432,3.12576643189495,2.84733973658126,2.13787968668217,60.8719432002252
"Comunidad Valenciana",1991,"mujeres",0.00731348887662434,0.882944263245318,1.77126057807066,0.661682841273548,1.66533720130191,0.997707674553613,23.2933895265197
"Comunidad Valenciana",1991,"total",0.0498006254454195,1.80405619331405,1.76332691796555,1.75842064156507,2.21071489340492,1.517263854339,40.4172704680643
"Comunidad Valenciana",1992,"hombres",0.0973719873098788,2.84094591062231,1.79730842103446,2.93914957198467,2.82569525134865,2.10009422845999,59.6265847325703
"Comunidad Valenciana",1992,"mujeres",0.0108518906859131,0.795630478795414,1.51996629990695,0.559250523394546,1.6269833349152,0.902536505539605,20.1566743248323
"Comunidad Valenciana",1992,"total",0.0520409466509366,1.74162794129137,1.6576128406325,1.63158660646144,2.17385060540487,1.45134378808822,38.244632724436
"Comunidad Valenciana",1993,"hombres",0.0846833446711789,2.79795771834179,1.52988380568895,2.92246883963397,2.43805375064669,1.95460949179652,54.8316012324868
"Comunidad Valenciana",1993,"mujeres",0.0130931974483728,0.903710376521779,1.67807369320924,0.62035761885346,1.47366146073126,0.937779269352822,21.3182289652521
"Comunidad Valenciana",1993,"total",0.047305152802329,1.78322048596364,1.62245576082743,1.65669373377738,1.91884670214082,1.40570436710232,36.740418085845
"Comunidad Valenciana",1994,"hombres",0.096089535196388,2.78175591034835,1.68614247973965,2.80054034663662,2.60945622124904,1.99479689863401,56.1561247331387
"Comunidad Valenciana",1994,"mujeres",0.00932339663207292,0.747628477465716,1.59283315565876,0.476661374599551,1.46107249601241,0.857503780073701,18.6724555639854
"Comunidad Valenciana",1994,"total",0.0507221172843507,1.69614995674327,1.64229475002836,1.5316329358229,1.99363755832345,1.38288746364047,35.9884032825624
"Comunidad Valenciana",1995,"hombres",0.0861624408252638,2.51248373007028,1.65805877057231,2.81610304451015,2.32864357397104,1.88029031198981,52.3821398725835
"Comunidad Valenciana",1995,"mujeres",0.0091358237255019,0.805817778314736,1.4837616643771,0.443669636249493,1.21437862081328,0.791352704696023,16.4922040666586
"Comunidad Valenciana",1995,"total",0.0458745980031081,1.6042414275321,1.57248510136368,1.52666499412501,1.7319563821274,1.29624450063026,33.132766412605
"Comunidad Valenciana",1996,"hombres",0.0797969280425757,2.77166095113383,1.50748283435952,2.83306563006123,2.31471197965044,1.90134366464952,53.0760303860486
"Comunidad Valenciana",1996,"mujeres",0.0100895970927396,0.767138443908735,1.32752580996603,0.533249324108965,1.20493545948854,0.768587726913002,15.7419006647159
"Comunidad Valenciana",1996,"total",0.0435204574070451,1.70480794880178,1.41271719646305,1.58474062492547,1.7199439118919,1.29314602789785,33.0306448707299
"Comunidad Valenciana",1997,"hombres",0.0996471700120549,2.61877145581772,1.37724872199261,2.77650187009665,2.11132996905053,1.79669983739391,49.6271089625122
"Comunidad Valenciana",1997,"mujeres",0.0100475512428471,0.807405315037134,1.08044142380422,0.517538917470193,1.03527440953026,0.690141523416931,13.1564180908433
"Comunidad Valenciana",1997,"total",0.0530415167366026,1.65551708778282,1.2174096247985,1.55098428734739,1.53333087491911,1.20205667831688,30.0284610108218
"Comunidad Valenciana",1998,"hombres",0.0715682387914103,2.46732566462163,1.62172154357563,2.68076165931062,2.04242450689702,1.77676032263926,48.9699290655627
"Comunidad Valenciana",1998,"mujeres",0.00849921922258396,0.756588983071639,1.27245967355265,0.573014409767443,1.04450763086308,0.731013983295479,14.5035200289579
"Comunidad Valenciana",1998,"total",0.0389786603168519,1.55930669762977,1.43916012605021,1.53387021870743,1.50927725810132,1.21611859216112,30.4919229959691
"Comunidad Valenciana",1999,"hombres",2.18601182830083,2.62952132504792,1.31860709398484,2.79350082483822,1.92534655987394,2.17059752640915,61.9502796996214
"Comunidad Valenciana",1999,"mujeres",0.997323546624729,0.710828664356752,1.15097288410146,0.572511723570493,1.05536966497585,0.897401296725856,19.9874246695343
"Comunidad Valenciana",1999,"total",1.55419226201139,1.6118134349705,1.23820403371357,1.59161621092733,1.45810130222188,1.49078544876893,39.5445774232215
"Comunidad Valenciana",2000,"hombres",2.20698170430618,2.45619876965038,1.24698200113761,2.24639915708421,1.75465604709121,1.98224353585392,55.7423825854635
"Comunidad Valenciana",2000,"mujeres",0.936558195208733,0.671873356763971,0.858118822368923,0.403619439567183,0.950689385321919,0.764171839846146,15.5963588978652
"Comunidad Valenciana",2000,"total",1.53234981123483,1.50984662283819,1.04158153438501,1.25098704128014,1.3254119688266,1.33203539571295,34.3123867309323
"Comunidad Valenciana",2001,"hombres",2.14958501283484,2.31933126969887,1.11386250251678,1.95001274484814,1.6991720367928,1.84639271333829,51.264920087511
"Comunidad Valenciana",2001,"mujeres",0.981919704262055,0.62430291330672,1.03971216314105,0.313210368595295,1.03243755006274,0.798316539873574,16.721722815769
"Comunidad Valenciana",2001,"total",1.5302611677902,1.42201862531201,1.08115975516133,1.06731583761771,1.34419324873012,1.28898972692227,32.893658716331
"Comunidad Valenciana",2002,"hombres",2.06385292741678,2.161756795374,1.35224914896514,2.40658899231417,1.47470762568261,1.89183109795054,52.7625088345022
"Comunidad Valenciana",2002,"mujeres",0.91079070378664,0.578919220868215,0.927283969760956,0.412118519423566,0.935221805917262,0.752866843951328,15.2237612630387
"Comunidad Valenciana",2002,"total",1.4537912995294,1.32709114057797,1.13189488643222,1.33510447263211,1.18716034536948,1.28700842890824,32.828357767902
"Comunidad Valenciana",2003,"hombres",2.05817360623679,2.20713459076378,1.34368111494997,1.96516554861661,1.55473318315902,1.82577760874524,50.585473647677
"Comunidad Valenciana",2003,"mujeres",0.942297030628483,0.580469910658814,0.89971120815336,0.347578615916582,0.859365574576302,0.725884467986708,14.3344580240146
"Comunidad Valenciana",2003,"total",1.46956040130135,1.35181899911358,1.11161290192366,1.10064968380697,1.18547616526701,1.24382363028251,31.4050442189093
"Comunidad Valenciana",2004,"hombres",2.00309042683362,1.93222896389121,1.22156417690121,1.64627166192487,1.56478113388362,1.6735872726869,45.5694825065592
"Comunidad Valenciana",2004,"mujeres",0.904057900921595,0.576583920551775,0.861103762434208,0.30193410670259,0.765815834704844,0.681899105063002,12.8847589401017
"Comunidad Valenciana",2004,"total",1.42488517266422,1.22505004403608,1.03436652319066,0.931753560870121,1.14230560205684,1.15167218056359,28.3678549505044
"Comunidad Valenciana",2005,"hombres",1.9423675308143,1.98000638290326,1.19612224177255,1.89344169730831,1.32145810893366,1.66667919234642,45.341801362753
"Comunidad Valenciana",2005,"mujeres",0.959764921231816,0.538928233743443,0.72353906833169,0.376905493784535,0.757138570712567,0.67125525756081,12.5339518773067
"Comunidad Valenciana",2005,"total",1.42701003315779,1.22707279510109,0.951108902143621,1.08669675467252,1.02637849116647,1.1436533952483,28.1035664473986
"Comunidad Valenciana",2006,"hombres",1.8646026950818,1.84970457606687,1.19358370654021,1.49337271060527,1.25855934813329,1.53196460728549,40.9017877406924
"Comunidad Valenciana",2006,"mujeres",0.855560533451,0.493190061455327,0.573491307846405,0.26793148991701,0.691239676643018,0.576282613862552,9.40377980608915
"Comunidad Valenciana",2006,"total",1.33604877657432,1.14231277143482,0.8687076674037,0.846025390700107,0.960984672437324,1.03081585571005,24.3845911604762
"Comunidad Valenciana",2007,"hombres",1.83996862847687,1.78933719893116,1.08265715161183,1.67348303155548,1.24624153511342,1.52633750913775,40.7163260669076
"Comunidad Valenciana",2007,"mujeres",0.859925076915526,0.460136136618452,0.713520629708003,0.281039686082647,0.698640299430318,0.602652365750989,10.2728917700392
"Comunidad Valenciana",2007,"total",1.32740450406934,1.09746388293111,0.891538371547603,0.937521606606079,0.958270892630707,1.04243985155697,24.7677026096169
"Comunidad Valenciana",2008,"hombres",1.84330208506815,1.59269653108448,0.969341193934301,1.42839380172084,1.11005367088783,1.38875745653912,36.1818704444115
"Comunidad Valenciana",2008,"mujeres",0.874955595977351,0.469436872211024,0.616425996442999,0.326068795113032,0.597397722552642,0.57685699645941,9.42271069284629
"Comunidad Valenciana",2008,"total",1.33751845439076,1.01061502502048,0.785851481398602,0.84617995078369,0.843549617427143,0.964742905804135,22.2069145748316
"Comunidad Valenciana",2009,"hombres",1.80892408241731,1.62107870033818,1.01874998547998,1.47144194374396,1.06992875651441,1.39802469369877,36.4873062605045
"Comunidad Valenciana",2009,"mujeres",0.842859865475093,0.371214508165207,0.678417818989615,0.279265855265009,0.576196936811354,0.549590996941255,8.52405959857204
"Comunidad Valenciana",2009,"total",1.30388048995907,0.972601728888287,0.842655027387331,0.845137165758962,0.812569663431186,0.955368815084968,21.8979570074775
"Comunidad Valenciana",2010,"hombres",1.79631677910943,1.49917457079971,0.801706417861159,1.30617936367319,0.993794990037316,1.27943442429616,32.5787286454432
"Comunidad Valenciana",2010,"mujeres",0.885822688782062,0.340526886200813,0.428267529279262,0.288914589580199,0.539176799256909,0.496541698619849,6.77562525435257
"Comunidad Valenciana",2010,"total",1.32070800968514,0.897714458249171,0.6053556477668,0.769804934310023,0.755840189331912,0.869884647868609,19.0805125062791
"Comunidad Valenciana",2011,"hombres",1.80182309332438,1.44615900746532,0.726184649272933,1.35644338923265,0.950949433858185,1.2563119146307,31.8166414679897
"Comunidad Valenciana",2011,"mujeres",0.890088216288411,0.363355464461968,0.429131691625513,0.248985303135888,0.49177984113391,0.484668103329138,6.38428733938406
"Comunidad Valenciana",2011,"total",1.32492015476166,0.885235951133047,0.570506799772375,0.77318040177087,0.711331253675764,0.853034912222742,18.5251676209281
"Comunidad Valenciana",2012,"hombres",1.73313960586418,1.4195674987359,0.768836298252469,1.33766152344953,0.892783262601326,1.23039763778068,30.9625413557571
"Comunidad Valenciana",2012,"mujeres",0.839141027578614,0.338728371130962,0.340031039234552,0.253657079955009,0.501099522688117,0.454531408117451,5.39102193160907
"Comunidad Valenciana",2012,"total",1.26511533844321,0.859596793350926,0.543758264992909,0.767236761136922,0.688984793242961,0.824938390233386,17.5991436101734
"Comunidad Valenciana",2013,"hombres",1.72974564522089,1.32778867209002,0.739271246970652,1.28597723940636,0.791155080136911,1.17478757676497,29.1297076776389
"Comunidad Valenciana",2013,"mujeres",0.90348270477322,0.307573283685277,0.392402282496704,0.301051057550186,0.51719259876451,0.48434038545398,6.37348619391611
"Comunidad Valenciana",2013,"total",1.29708574225117,0.799461344901522,0.558380334426148,0.767935105958142,0.64892243591189,0.814356992689774,17.2503948149867
"Comunidad Valenciana",2014,"hombres",1.71215627393878,1.30065753967202,0.72520634991752,1.05375170401076,0.85923515718411,1.13020140494464,27.660206731262
"Comunidad Valenciana",2014,"mujeres",0.869805315863805,0.288310886283934,0.429511770583858,0.317992213577608,0.500129344061909,0.481149906074223,6.26833223526631
"Comunidad Valenciana",2014,"total",1.27135143482884,0.776300486112438,0.57131423781047,0.666720600706067,0.672622166964063,0.791661785284375,16.5023909519315
"Comunidad Valenciana",2015,"hombres",1.7053940609065,1.26779750173337,0.644954610570975,1.34373112029159,0.877737821504766,1.16792302300144,28.9034611119411
"Comunidad Valenciana",2015,"mujeres",0.850972623888825,0.319559387087779,0.334078694937028,0.335079823900708,0.428230054237734,0.453584116810415,5.35980046954246
"Comunidad Valenciana",2015,"total",1.25801003728998,0.776466123987851,0.482301932164964,0.813282227035458,0.64218190284134,0.794448444663918,16.5942355402484
"Comunidad Valenciana",2016,"hombres",1.69243703224008,1.22073666955007,0.649431374672447,1.00205800825504,0.872930935949968,1.08751880413352,26.2534449545722
"Comunidad Valenciana",2016,"mujeres",0.875186871490621,0.247353732095804,0.360888565416859,0.324700518910315,0.451680903826643,0.451962118348048,5.30634155665184
"Comunidad Valenciana",2016,"total",1.26364565238622,0.715748690905567,0.498285245176526,0.643993262289267,0.653473326364129,0.755029235424341,15.2950308111137
"Comunidad Valenciana",2017,"hombres",1.62516593582644,1.08788611605045,0.718565120135776,1.08307784109978,0.824557396552213,1.06785048193293,25.6052032036572
"Comunidad Valenciana",2017,"mujeres",0.860400107286609,0.244030551827526,0.38533567479756,0.314741553290293,0.444421424184431,0.449785862277284,5.23461504986776
"Comunidad Valenciana",2017,"total",1.22283178348303,0.649556192978904,0.543844186963179,0.675865502652709,0.625947535908136,0.743609040397191,14.9186363660415
"Comunidad Valenciana",2018,"hombres",1.61322778724279,1.01644863691779,0.85591493767355,1.04916372557935,0.857204546035913,1.07839192668988,25.9526352081122
"Comunidad Valenciana",2018,"mujeres",0.824979869340767,0.248978011852916,0.401034775505947,0.348441735680748,0.428188460574694,0.450324570591014,5.25237015968158
"Comunidad Valenciana",2018,"total",1.19994333490431,0.617920569491817,0.617165930100618,0.678674171789388,0.634037942033568,0.74954838966394,15.1143894215746
"Comunidad Valenciana",2019,"hombres",1.56139720033748,0.982700974665638,0.851105932830086,1.03023477520899,0.728654444139147,1.03081866543627,24.3846837653167
"Comunidad Valenciana",2019,"mujeres",0.820028872133628,0.241813819247566,0.407908235656478,0.459851475744211,0.426767499030145,0.471273980362406,5.94283485373857
"Comunidad Valenciana",2019,"total",1.17127777529469,0.597793586887371,0.620573333527286,0.72772382757591,0.571126932948465,0.737699091246743,14.7238522992547
"Comunidad Valenciana",2020,"hombres",1.5294581283976,1.09499081435235,1.00374576363962,0.901162915397511,0.734342887021561,1.05274010176173,25.1071851622972
"Comunidad Valenciana",2020,"mujeres",0.859503253795918,0.235882659302274,0.507429628257302,0.377086814280087,0.424351258354463,0.480850722798009,6.25847155224314
"Comunidad Valenciana",2020,"total",1.17754011139665,0.649250749119563,0.745748993546531,0.624922020920211,0.571835435522122,0.753859462101016,15.2564766375776
"Comunidad Valenciana",2021,"hombres",1.52935187078595,1.22677743827054,0.896338205127707,0.817550076844757,0.852102143252038,1.0644239468562,25.4922691630685
"Comunidad Valenciana",2021,"mujeres",0.824276772184965,0.263191503054445,0.381498205955557,0.33230230218252,0.40534641610267,0.441323039896031,4.95569167541023
"Comunidad Valenciana",2021,"total",1.15917282863538,0.726485791195388,0.62644678426496,0.561543816740632,0.619491722856227,0.738628188738517,14.7544741173587
"Comunidad Valenciana",2022,"hombres",1.49767249967496,1.10013735914216,0.986718851905951,0.919139732635322,0.75498239631771,1.05173016793522,25.0738990860713
"Comunidad Valenciana",2022,"mujeres",0.855861163695386,0.274079634797963,0.448148068402454,0.313352505101241,0.462637152856386,0.470815704970686,5.92773070609955
"Comunidad Valenciana",2022,"total",1.16002121551237,0.67107962527675,0.704776513705304,0.59903601376314,0.601614876993488,0.747305649050211,15.0404716726449
"Comunidad Valenciana",2023,"hombres",1.43785399090755,1.22446534960004,0.829583771782586,0.990462256112883,0.73807652405574,1.04408837849176,24.8220358656893
"Comunidad Valenciana",2023,"mujeres",0.81777615840502,0.239783719101468,0.32419543546929,0.320336060019472,0.412009652692202,0.42282020513749,4.34586284108243
"Comunidad Valenciana",2023,"total",1.11145404228922,0.713332174783013,0.564521278984782,0.637459894650036,0.567902046080621,0.718933887357534,14.1053761271969
"Comunidad Valenciana",2024,"hombres",1.33390209937142,1.02882957841123,0.609108065250486,0.87290620287532,0.669013592342746,0.90275190765024,20.1637736920241
"Comunidad Valenciana",2024,"mujeres",0.820487265210376,0.219229755510674,0.323602098306677,0.378043928211478,0.379058817590238,0.424084372965888,4.38752813200931
"Comunidad Valenciana",2024,"total",1.06313069963061,0.609226135461859,0.45886347127202,0.611723004983527,0.51724287885072,0.652037238039747,11.9005515040364
"Comunidad de Madrid",1990,"hombres",0.0825253081826798,2.02645382949696,0.985232853518972,1.64248535342459,1.8888825410248,1.3251159771296,34.0843318937152
"Comunidad de Madrid",1990,"mujeres",0.00986248261384879,0.517412889746681,0.890069422676076,0.339605325995451,1.14156969604583,0.579703963415577,9.51654293871056
"Comunidad de Madrid",1990,"total",0.042481662989546,1.18737213018291,0.93453995438554,0.889831093630572,1.4637055117719,0.903586070592093,20.1912665935772
"Comunidad de Madrid",1991,"hombres",0.0873845491237755,2.09944306943055,0.867534946898445,1.55694928357156,1.81002313937439,1.28426699767974,32.7380038393133
"Comunidad de Madrid",1991,"mujeres",0.0100166362725397,0.503854771680239,0.851253019371662,0.347796959209386,1.13715797619135,0.570015872545035,9.1972363438269
"Comunidad de Madrid",1991,"total",0.0455263907124351,1.21852702716541,0.86800440001413,0.865199312686302,1.43391872084061,0.886235170283776,19.6194039872447
"Comunidad de Madrid",1992,"hombres",0.088753096293152,1.91950257056478,0.740657765925253,1.7121379591868,1.71371972812195,1.23495422401839,31.112720380221
"Comunidad de Madrid",1992,"mujeres",0.0110591747049632,0.492300729574339,0.759817550788265,0.317106139507793,0.85667976763512,0.487392672442096,6.47408551506271
"Comunidad de Madrid",1992,"total",0.0464066633866263,1.12866071500815,0.755261133369541,0.916520256863252,1.23198750469937,0.815767254665389,17.2968751747753
"Comunidad de Madrid",1993,"hombres",0.0921267172901703,1.99886890479051,1.00206818206105,1.62272820247935,1.53205077127237,1.24956855557869,31.5943893188568
"Comunidad de Madrid",1993,"mujeres",0.0103935647455416,0.491477995034734,0.603777817021391,0.274848534589346,0.876883524844367,0.451476287247076,5.29032920947085
"Comunidad de Madrid",1993,"total",0.0482029096716854,1.16635332220137,0.779470334405128,0.858221224868781,1.16771991465163,0.80399354115972,16.9088292306501
"Comunidad de Madrid",1994,"hombres",0.0959654119734151,1.86163968100447,0.77397325523779,1.66405290413383,1.47128302137431,1.17338285474476,29.0834099074153
"Comunidad de Madrid",1994,"mujeres",0.0094203901686489,0.419191229239279,0.692311800129073,0.320811739962838,0.783842866411419,0.445115605182251,5.08068958507053
"Comunidad de Madrid",1994,"total",0.048774243539439,1.06522097585906,0.733288999710768,0.904581209888924,1.08808289805672,0.767989665410982,15.7221893527254
"Comunidad de Madrid",1995,"hombres",0.0931144687768325,1.84376095091138,0.984908176043497,1.99331399241111,1.42295983250779,1.26761148413012,32.1890602560384
"Comunidad de Madrid",1995,"mujeres",0.00818500754008283,0.457222135047576,0.648156201479548,0.339895029709458,0.816586315489713,0.454008937853276,5.37380200632029
"Comunidad de Madrid",1995,"total",0.0472390075769746,1.08288553419029,0.800184083167084,1.06087330069384,1.08840794744533,0.815917974614704,17.3018427039243
"Comunidad de Madrid",1996,"hombres",0.0931547867719762,1.83743987208972,0.924817116547687,1.75949349861457,1.34238091131836,1.19145723706846,29.6791175191135
"Comunidad de Madrid",1996,"mujeres",0.0144874282470898,0.425406848861727,0.66219324430407,0.309792244703443,0.701868024426191,0.422749558108504,4.34353440893149
"Comunidad de Madrid",1996,"total",0.0509184901981964,1.06388783263902,0.781331288510694,0.944406529439139,0.987490474978778,0.765606923153166,15.6436573357372
"Comunidad de Madrid",1997,"hombres",0.0921895848225566,1.65316661161823,0.832667490164601,1.87523281886355,1.18504897035656,1.1276610951651,27.5764814982422
"Comunidad de Madrid",1997,"mujeres",0.0124144150157006,0.408083259725667,0.603499851583098,0.304892288406535,0.684714762851586,0.402720915516517,3.68341697695791
"Comunidad de Madrid",1997,"total",0.048844679326693,0.970194910549579,0.70630865433439,0.996960958396829,0.907975669337867,0.726056974389072,14.3401436056911
"Comunidad de Madrid",1998,"hombres",0.0733027375520654,1.71955431762012,0.875657635324132,1.97107293154682,1.19791878909713,1.16750128222805,28.88956109675
"Comunidad de Madrid",1998,"mujeres",0.00814415333069176,0.376648837391106,0.493909220461315,0.334148687940251,0.662198690910003,0.375009918006673,2.77009934049747
"Comunidad de Madrid",1998,"total",0.0384641613328573,0.986394043758642,0.668067012852341,1.05357283769702,0.904508400763622,0.730201291280897,14.4767347806223
"Comunidad de Madrid",1999,"hombres",2.13506228848817,1.6949871164988,0.789908597293265,1.98070399546508,1.17676949330025,1.55548629820911,41.6770314017077
"Comunidad de Madrid",1999,"mujeres",0.931817985804632,0.432487328276251,0.449752685339824,0.348716697095746,0.563279793845117,0.545210898072314,8.37969736314463
"Comunidad de Madrid",1999,"total",1.47249892242167,1.00440502615254,0.6011961777332,1.07027355066714,0.837899795353625,0.997254694465634,23.2784599050519
"Comunidad de Madrid",2000,"hombres",2.16004071124288,1.60602116816208,0.69956480180946,1.69575474668885,1.04878130013495,1.44203254560765,37.9377465514698
"Comunidad de Madrid",2000,"mujeres",0.93663949559627,0.371691546092554,0.474215975353402,0.268627807258259,0.618479245311925,0.533930813922482,8.00792078631301
"Comunidad de Madrid",2000,"total",1.48537209424067,0.931258818585516,0.578079416231766,0.901312195706182,0.81070877506041,0.941346259964909,21.435792233552
"Comunidad de Madrid",2001,"hombres",2.10974229420223,1.54279515979442,0.615415659228097,1.61237980413863,1.0611313908855,1.38829286164977,36.1665580145325
"Comunidad de Madrid",2001,"mujeres",0.928202722992762,0.36083257676006,0.414842036054677,0.206453223819287,0.527776989610224,0.487621509847402,6.48162769170481
"Comunidad de Madrid",2001,"total",1.46089834363998,0.899112682321157,0.505854326226566,0.828748684142817,0.766209881244665,0.892164783515036,19.814836155992
"Comunidad de Madrid",2002,"hombres",1.99950840859717,1.48130428061302,0.748187008157794,1.44576863640821,1.02738550813911,1.34043076838306,34.589087052584
"Comunidad de Madrid",2002,"mujeres",0.875468091445374,0.359674896721766,0.36163729610149,0.253296338508899,0.538140595523271,0.47764344366016,6.15276389590171
"Comunidad de Madrid",2002,"total",1.38443700997486,0.870132348578535,0.538185395039629,0.782083263123275,0.759538455615874,0.866875294466435,18.9813282190454
"Comunidad de Madrid",2003,"hombres",2.05356117609528,1.50230642154519,0.619087926670145,1.62321403546488,1.05292220222519,1.37021835240014,35.5708462195242
"Comunidad de Madrid",2003,"mujeres",0.880930033795055,0.314895586385793,0.354188445886759,0.218692193771723,0.569461372138135,0.467633526395493,5.82285033093233
"Comunidad de Madrid",2003,"total",1.41180534379916,0.856252002626659,0.474340529411606,0.845821986158787,0.786225645344796,0.874889101468203,19.2454526435561
"Comunidad de Madrid",2004,"hombres",1.90587059146321,1.34807687938461,0.550983498606393,1.19059760086236,0.938593846857898,1.18682448343489,29.5264281185457
"Comunidad de Madrid",2004,"mujeres",0.877075828861463,0.344844558967712,0.303164717157521,0.234101220453064,0.497529432290493,0.451343151546051,5.28594123376749
"Comunidad de Madrid",2004,"total",1.34328904568784,0.803633599618349,0.414413681241276,0.660223979734995,0.69673436287276,0.783658933831043,16.2386276077319
"Comunidad de Madrid",2005,"hombres",1.91058262556144,1.28738843521895,0.613571567067332,1.31450859519579,0.872767187687471,1.19976368214619,29.9528869055489
"Comunidad de Madrid",2005,"mujeres",0.871578237032263,0.273726424092447,0.369954939519786,0.181503329215319,0.485018662115696,0.436356318395102,4.79199513794079
"Comunidad de Madrid",2005,"total",1.34184748620118,0.73641485858485,0.480485057680013,0.6856951461947,0.660607109017543,0.781009931535656,16.1513200138952
"Comunidad de Madrid",2006,"hombres",1.87811151847952,1.20025590512896,0.535177421581546,1.06496549277265,0.876915906817631,1.11108524895606,27.030163644596
"Comunidad de Madrid",2006,"mujeres",0.872200080848068,0.279740325581825,0.228974203641397,0.187450954973234,0.450882982128826,0.40384970943467,3.72062052378123
"Comunidad de Madrid",2006,"total",1.32795719706111,0.701142687102215,0.368220769083742,0.580203199091574,0.645182965749631,0.724541363617655,14.290191089653
"Comunidad de Madrid",2007,"hombres",1.8300258686624,1.19314200910318,0.469451923874419,1.06853318611935,0.745480866905079,1.06132677093289,25.3901903622972
"Comunidad de Madrid",2007,"mujeres",0.831335390633527,0.259199150887616,0.249474611201191,0.150550811374346,0.457681981867958,0.389648389192927,3.25256388911123
"Comunidad de Madrid",2007,"total",1.28390698008591,0.685176524547559,0.349835910214819,0.561820975849418,0.590564461599547,0.694260970459452,13.2921895886056
"Comunidad de Madrid",2008,"hombres",1.7453112728833,1.05329060372439,0.384702079145953,1.1900557216286,0.725162682503496,1.01970447197715,24.018374725101
"Comunidad de Madrid",2008,"mujeres",0.839156294000202,0.249630274892193,0.25181797178896,0.216073868466076,0.42056143912881,0.395447969655248,3.44371035067139
"Comunidad de Madrid",2008,"total",1.25035735646127,0.617885124858309,0.313555969834202,0.65067409422672,0.559315167386512,0.678357542553402,12.7680337482533
"Comunidad de Madrid",2009,"hombres",1.7358993172329,1.00038631100179,0.44131843507081,1.22873671130153,0.603230509973211,1.00191425691605,23.432032888581
"Comunidad de Madrid",2009,"mujeres",0.834612406816634,0.25647817851729,0.215950389353587,0.183112699042702,0.345580015842196,0.367146737914482,2.51093937866962
"Comunidad de Madrid",2009,"total",1.24296580142899,0.598673651615017,0.31966576199408,0.651998978818668,0.463159348801742,0.655292708531698,12.0078474833392
"Comunidad de Madrid",2010,"hombres",1.62776404708205,0.910535551194952,0.38540810977996,0.951413060592788,0.577292030470248,0.890482559824,19.7593922996332
"Comunidad de Madrid",2010,"mujeres",0.818517993470888,0.208150305202433,0.1546404271475,0.238513350325815,0.356641741331775,0.355292763495682,2.12024814155357
"Comunidad de Madrid",2010,"total",1.18459256232529,0.530422305322391,0.258585617257227,0.55568894443611,0.457350186153068,0.597327923098817,10.0974052190111
"Comunidad de Madrid",2011,"hombres",1.59009087284442,0.843967692606869,0.520201698194335,0.992741670030398,0.551310029689961,0.899662392673197,20.0619473858567
"Comunidad de Madrid",2011,"mujeres",0.803419728525893,0.178617335946177,0.214668501714435,0.215017919468977,0.277593017684773,0.337863300668051,1.54579621903247
"Comunidad de Madrid",2011,"total",1.16016806860272,0.484874722451015,0.354552375457709,0.566876234773752,0.403421909064598,0.593978662069959,9.98701802830534
"Comunidad de Madrid",2012,"hombres",1.62390306892032,0.738782352347185,0.393459390128398,0.866735419388226,0.501150030380656,0.824806052232957,17.5947819256212
"Comunidad de Madrid",2012,"mujeres",0.789531755058042,0.160747039191741,0.144275645204566,0.18842519240653,0.277783732334981,0.312152672839172,0.698408107787321
"Comunidad de Madrid",2012,"total",1.1695535389272,0.426590215330092,0.257858141350592,0.495382375340503,0.379282831690895,0.545733420527856,8.39691900859148
"Comunidad de Madrid",2013,"hombres",1.52348714757073,0.848365321238821,0.422911894915117,0.729688846548904,0.446825992868149,0.794255840628344,16.5878875673008
"Comunidad de Madrid",2013,"mujeres",0.783924199204859,0.189695384824963,0.167230355327619,0.239691251962196,0.301845237378725,0.336477285739672,1.5001150096846
"Comunidad de Madrid",2013,"total",1.12011521552736,0.493888198736301,0.285191378989305,0.461913711031046,0.367588241207672,0.545739349098337,8.39711440639257
"Comunidad de Madrid",2014,"hombres",1.48401937756372,0.831903229372064,0.413279655499088,0.708648132586143,0.484630503113274,0.784496179626858,16.266222116053
"Comunidad de Madrid",2014,"mujeres",0.799662659487984,0.214245152071435,0.155893656540428,0.190244598883025,0.289268315213989,0.329862876439372,1.28211287293054
"Comunidad de Madrid",2014,"total",1.11079677391338,0.500073765137188,0.27387766225615,0.425607093821446,0.380035381972552,0.538078135420142,8.14461098905793
"Comunidad de Madrid",2015,"hombres",1.42337685092681,0.791435211814212,0.464306478679825,0.940876647916338,0.551349832153157,0.834269004298068,17.9066682447974
"Comunidad de Madrid",2015,"mujeres",0.779468198773622,0.189438638504403,0.165664719731581,0.251691467316788,0.290343283296227,0.335321261524524,1.46201398847469
"Comunidad de Madrid",2015,"total",1.07286572571834,0.467767379533233,0.301884364170999,0.563289585711347,0.410079788048577,0.563177368636499,8.9718483467167
"Comunidad de Madrid",2016,"hombres",1.43314312139846,0.796664819776599,0.329566856509756,0.774649420109011,0.528529738289918,0.772510791216749,15.8711996484968
"Comunidad de Madrid",2016,"mujeres",0.758377422071477,0.180881030908875,0.150851519264102,0.301482475647195,0.26181854431582,0.330682198441494,1.30911663684095
"Comunidad de Madrid",2016,"total",1.06503728767983,0.464170852100142,0.234205764027493,0.51429841814375,0.384705217960331,0.532483507982308,7.96021950670208
"Comunidad de Madrid",2017,"hombres",1.38884976647481,0.760558124179818,0.419931851429755,0.889872050935683,0.440170386091999,0.779876435822414,16.1139615021567
"Comunidad de Madrid",2017,"mujeres",0.817201982256664,0.194577310536344,0.164310235441932,0.272027868770108,0.29372594422144,0.348368668245298,1.89203916760877
"Comunidad de Madrid",2017,"total",1.0760183915413,0.455276240397613,0.280712845120285,0.550277864667167,0.361049376898177,0.544666943724909,8.36176935103542
"Comunidad de Madrid",2018,"hombres",1.34425262945999,0.785693099865964,0.310966130684043,0.78947448587811,0.408463217309871,0.727769912639596,14.396599773096
"Comunidad de Madrid",2018,"mujeres",0.763932444086009,0.183871981130507,0.131536534072567,0.230207974826321,0.249075982207478,0.311724983264576,0.6843120280172
"Comunidad de Madrid",2018,"total",1.02638940797329,0.461211764652106,0.211944909616504,0.483304576844036,0.322072312508464,0.50098459431888,6.92205718981204
"Comunidad de Madrid",2019,"hombres",1.32023967887042,0.741511918360249,0.30383174234421,0.70388508842738,0.458703194523994,0.705634324505251,13.667040217207
"Comunidad de Madrid",2019,"mujeres",0.801813897387019,0.16501709146555,0.0803140376568162,0.269450680020939,0.26242517955302,0.315804177216669,0.818756837435025
"Comunidad de Madrid",2019,"total",1.03572380080589,0.430850465886862,0.181765195784717,0.46534837974067,0.351168076991255,0.492971183841879,6.65794583423049
"Comunidad de Madrid",2020,"hombres",1.20195901908892,0.751094139167986,0.415381680629458,0.731590638572238,0.507362588006772,0.721477613093075,14.1892139455852
"Comunidad de Madrid",2020,"mujeres",0.748256110065079,0.18273363185167,0.147806666205621,0.281253760084148,0.278308369821581,0.32767170760562,1.20989486130474
"Comunidad de Madrid",2020,"total",0.952475326468724,0.445778622456909,0.267689547378584,0.483719197278138,0.383818452803603,0.506696229277192,7.11030508448264
"Comunidad de Madrid",2021,"hombres",1.18437101685278,0.745600076210455,0.307412672161861,0.631111317411005,0.480102107216273,0.669719437970475,12.4833333054644
"Comunidad de Madrid",2021,"mujeres",0.718732705661166,0.162506275295653,0.0981420599607505,0.214732160938487,0.260698056724312,0.290962251716074,0
"Comunidad de Madrid",2021,"total",0.928163875765228,0.432161063673865,0.193971820090572,0.401172146290855,0.360642415395427,0.463222264243189,5.67746099511654
"Comunidad de Madrid",2022,"hombres",1.21036939149611,0.713394111644006,0.284703355575869,0.656783689948511,0.515004458508572,0.676051001434614,12.6920132194989
"Comunidad de Madrid",2022,"mujeres",0.723192090018095,0.178322809255473,0.0747536462741919,0.322674900511977,0.22918050965249,0.305624791142446,0.483257805809578
"Comunidad de Madrid",2022,"total",0.942262812355092,0.42528467691181,0.170044561539134,0.471338128770799,0.359494960094667,0.4736850279343,6.02229977624719
"Comunidad de Madrid",2023,"hombres",1.17823303891929,0.76150569779425,0.298082306515619,0.759233595021291,0.435129288898388,0.686436785429767,13.0343148521945
"Comunidad de Madrid",2023,"mujeres",0.732846797677176,0.178553643234531,0.0760293339512115,0.33720145291621,0.240359444438501,0.312998134443526,0.726273398234998
"Comunidad de Madrid",2023,"total",0.933159780941702,0.44704135179627,0.177404918984667,0.527120037112304,0.329661531090651,0.482877523985119,6.32527222476057
"Comunidad de Madrid",2024,"hombres",1.11536125311175,0.694712133339382,0.256989491830548,0.637175177083178,0.466061695451984,0.634059950163368,11.3080439962359
"Comunidad de Madrid",2024,"mujeres",0.700811581419349,0.168213731996502,0.0961460017798648,0.274010987323621,0.273522617129147,0.302540983929697,0.381619619964883
"Comunidad de Madrid",2024,"total",0.887026228417603,0.41153984400773,0.169293202469678,0.437345461232127,0.3619716316197,0.453435273549368,5.3548947935438
"Extremadura",1990,"hombres",0.0612284339001938,2.69398947063915,1.74118092219094,2.56419856807117,2.83771396253859,1.97966227146801,55.6573075430663
"Extremadura",1990,"mujeres",0.00904845541393337,0.90222998750816,2.30284590391307,0.357842052881268,1.72977785692666,1.06034885132862,25.3579594322737
"Extremadura",1990,"total",0.0339754725062876,1.74549973675595,2.04522962215039,1.3379597706922,2.23915757144466,1.4803644347099,39.2011146544584
"Extremadura",1991,"hombres",0.095202203010489,2.99532557354914,1.25661310243359,3.21356376442375,3.02376700785577,2.11689433025455,60.1802937521697
"Extremadura",1991,"mujeres",0.00624776270962504,0.975946533719641,2.12967737398526,0.217291683496882,2.05544543358441,1.07692175749916,25.9041803861598
"Extremadura",1991,"total",0.0484172151943655,1.93399611196657,1.73603554806312,1.56791919794473,2.49998754703511,1.55727112404078,41.7358568882132
"Extremadura",1992,"hombres",0.0639957719485232,2.97378936083256,1.46386119168617,2.6778016949288,2.741430720858,1.98417574805081,55.8060657306185
"Extremadura",1992,"mujeres",0.0168815699497732,0.901000016101577,1.67976545819049,0.308676261368883,1.87981118784089,0.957226898690324,21.9591969728085
"Extremadura",1992,"total",0.0394371599749888,1.88011027385302,1.58894348082409,1.39021919949925,2.28246959538911,1.43623594190809,37.7466982000529
"Extremadura",1993,"hombres",0.0969765553360149,2.92966027995285,1.8390389298221,3.01929257216578,2.75608844580657,2.12821135661666,60.5532878952038
"Extremadura",1993,"mujeres",0.0139968145334005,1.1715696647993,2.28888437863483,0.601620185984368,1.75468956794942,1.16615212238026,28.8450945818599
"Extremadura",1993,"total",0.053281792064623,2.01171078260804,2.08584658332367,1.71915668286856,2.23168831381895,1.62033683093677,43.8144187423468
"Extremadura",1994,"hombres",0.063740709681191,2.63452760724921,1.66167050938753,2.51712284655429,2.62565153526786,1.90054264162802,53.049629732211
"Extremadura",1994,"mujeres",0.0114147369865388,0.798592913794224,1.78150101466642,0.429599390505809,1.62093396529432,0.928408404249463,21.0093777099066
"Extremadura",1994,"total",0.0367380013050394,1.67187665862762,1.74037099168841,1.40072202988397,2.09996565529848,1.3899346673607,36.2206697480023
"Extremadura",1995,"hombres",0.0689300546120516,2.81834519736855,1.43515623648553,2.58554527699658,2.42155503288594,1.86590635966973,51.9080639274189
"Extremadura",1995,"mujeres",0.0148129525285374,0.843416525666993,2.12231710986193,0.373163592507065,1.22703429512227,0.91614889513736,20.6053205884532
"Extremadura",1995,"total",0.0407720575520607,1.7906727132471,1.81522094634288,1.40333836910294,1.78698680394255,1.36739817803751,35.4778970219224
"Extremadura",1996,"hombres",0.0661810484348308,2.46951404619302,1.25365178876176,3.00558813493557,1.98691978855916,1.75637096137687,48.297922825784
"Extremadura",1996,"mujeres",0.0094544070225623,0.840415842643078,1.28343699149296,0.389757253904933,1.36319678670278,0.777252256353263,16.027472035671
"Extremadura",1996,"total",0.0372513654513332,1.61806140620934,1.28199861247445,1.59872113959428,1.65931472292001,1.23906944932988,31.2483527353414
"Extremadura",1997,"hombres",0.074351864727867,2.37087740513675,0.954318764433097,3.00596317350598,1.72900968560463,1.62690417868167,44.0308697928026
"Extremadura",1997,"mujeres",0.00666879295096414,0.695101863354456,1.29460569659102,0.381815012183986,1.2269366250312,0.721025598022326,14.1743161298023
"Extremadura",1997,"total",0.0394389942358513,1.4914596965924,1.15022628966111,1.59536848571882,1.45994116124684,1.14728692549101,28.2233227734601
"Extremadura",1998,"hombres",0.0718542284496312,2.20427633355261,1.19337780095777,2.19210311690257,1.9969245646213,1.53170720889678,40.8933042320087
"Extremadura",1998,"mujeres",0.00738574431849209,0.722051420949394,1.22928468784356,0.409913507526711,1.11572745472123,0.696872563071876,13.3782642090277
"Extremadura",1998,"total",0.0391700400041963,1.42564577595653,1.21604440556616,1.23215370340146,1.52636636930305,1.08787605884628,26.2652195949386
"Extremadura",1999,"hombres",2.15456334185609,2.49460898590317,1.39635797296675,2.93667272451138,1.65478909823302,2.12739842469408,60.5264947398195
"Extremadura",1999,"mujeres",0.89795048863127,0.744958494859125,1.41142245406651,0.339727754505244,1.20638410927068,0.920088660266564,20.7351700092377
"Extremadura",1999,"total",1.49075558970193,1.58231373281175,1.40941601577237,1.55358374185219,1.42019415503478,1.4912526470346,39.5599756569231
"Extremadura",2000,"hombres",2.29000378330482,2.27282196217095,1.22260967457453,2.00446058997398,1.93253049643598,1.94448530129205,54.4979213734587
"Extremadura",2000,"mujeres",0.899410926145308,0.710963791676415,1.0296508481055,0.251230504646182,1.22129374169708,0.822509962454097,17.5191058591359
"Extremadura",2000,"total",1.55766115433662,1.46163201788852,1.1198555523603,1.07451617668588,1.55505407538869,1.353743795332,35.0278667212994
"Extremadura",2001,"hombres",2.35771774050699,2.03544980829044,1.03100734163045,1.79557335595182,1.73987074469232,1.7919237982144,49.4696970608467
"Extremadura",2001,"mujeres",0.893317485916648,0.6397600220131,1.20365574553491,0.236429927466338,0.930134601231588,0.780659556432517,16.1397721163155
"Extremadura",2001,"total",1.59020422731162,1.31098349993109,1.13303162776458,0.964188829128315,1.31756926591256,1.26319549000963,32.0435149608424
"Extremadura",2002,"hombres",2.19149018753586,2.03640156241153,1.23967728890366,2.08708115535677,1.41135232113555,1.79320050306868,49.5117755554785
"Extremadura",2002,"mujeres",0.897449909948772,0.620164273937117,0.95758211541167,0.265061375844794,0.879216871176259,0.723894909263722,14.2688848136012
"Extremadura",2002,"total",1.51300801470486,1.29473039937576,1.10381013012073,1.11979171539314,1.13351726279742,1.23297150447838,31.047372580186
"Extremadura",2003,"hombres",2.23771993471105,2.20467419506856,1.24083627203885,1.97171380384182,1.6069750012069,1.85238384137343,51.4623797024111
"Extremadura",2003,"mujeres",0.983746842349153,0.57933079745413,0.827014164503701,0.210743702373386,0.951100800025749,0.710387261341224,13.8236906963439
"Extremadura",2003,"total",1.57766236313208,1.35930755134013,1.02714730429587,1.03486848292786,1.26351671449043,1.25250048323727,31.6910217565184
"Extremadura",2004,"hombres",2.08674668115649,1.7616582234789,1.28079308650183,1.35416515801828,1.38855139084259,1.57438290799962,42.2998385375694
"Extremadura",2004,"mujeres",0.85127734506833,0.511357639670741,0.939970502395566,0.19405114716133,0.700862793877497,0.639503885634693,11.4874688717189
"Extremadura",2004,"total",1.44033427604823,1.11342635432914,1.11131394957035,0.73983851252092,1.02392884779944,1.08576838805362,26.1957535677373
"Extremadura",2005,"hombres",2.13377583465558,1.73737768165073,1.00315688450951,2.51663959273094,1.66804556018487,1.81179911074633,50.1247609378912
"Extremadura",2005,"mujeres",0.844577648381766,0.45658684394229,0.69303064881996,0.21822121744314,0.632286256959229,0.568940523109277,9.16179425608949
"Extremadura",2005,"total",1.45802547971346,1.06872873179786,0.846623883999679,1.29225391757364,1.12447852671639,1.15802210796021,28.5771401153389
"Extremadura",2006,"hombres",2.06696045711381,1.64278434239103,1.2684971078667,1.58281790102074,0.966622921951544,1.50553654606877,40.0307539788036
"Extremadura",2006,"mujeres",0.814755882503771,0.47462398005563,0.685693433659335,0.171805208762897,0.574934701346549,0.544362641265636,8.35173994654456
"Extremadura",2006,"total",1.41445320791006,1.03673432901997,0.970166974775667,0.834641573077489,0.758528942079401,1.00290500537252,23.464686640517
"Extremadura",2007,"hombres",1.99222028796519,1.71413891936867,0.80758088009096,1.60233477800855,1.3189768350296,1.4870503400926,39.421473207035
"Extremadura",2007,"mujeres",0.8038745206113,0.358686567759237,0.667744984099678,0.250940374886356,0.69688768769398,0.55562682701011,8.72299253307233
"Extremadura",2007,"total",1.37377573277379,1.01023338022386,0.738766908361943,0.883509634229345,0.997666479208519,1.00079042695949,23.3949929473323
"Extremadura",2008,"hombres",1.85283020614027,1.52560439349397,1.31944964347841,1.38978399791873,1.17181612162398,1.45189687253107,38.2628616523527
"Extremadura",2008,"mujeres",0.806911357829419,0.464661883225737,0.683507998430081,0.0150187082790574,0.672567627095844,0.528533514972028,7.83003298855516
"Extremadura",2008,"total",1.30331261375475,0.979422381130151,0.987846281152212,0.659448430135565,0.911761545787791,0.968358250392093,22.3260715258901
"Extremadura",2009,"hombres",2.15801328099805,1.39690721715981,0.492240740939724,1.55950905570603,1.06733658381583,1.33480137572389,34.4035497547529
"Extremadura",2009,"mujeres",0.739455429269643,0.355638159858621,0.405689663405348,0.182483985271506,0.672616457970317,0.471176739155087,5.93962991282646
"Extremadura",2009,"total",1.42032151304124,0.862070021842032,0.455832733461352,0.833395029479799,0.862172951581521,0.886758449881188,19.636650587081
"Extremadura",2010,"hombres",2.02174913985868,1.44160862341374,0.61262631967878,1.34668612328373,1.07117982182216,1.29877000561142,33.216003699153
"Extremadura",2010,"mujeres",0.89527052959549,0.328088516350611,0.433831673795324,0.125178905870313,0.553707714013301,0.467215467925008,5.80907167954923
"Extremadura",2010,"total",1.43741435711862,0.87457905574045,0.522384648738019,0.697053471403146,0.796934678785592,0.865673242357164,18.9417101796388
"Extremadura",2011,"hombres",1.95922778614953,1.31884287935876,0.916948995973329,1.46149204261228,1.03477234783001,1.33825681038478,34.5174362872138
"Extremadura",2011,"mujeres",0.789928021887047,0.284321693636373,0.46724515400626,0.170378542985966,0.532009318654786,0.448776546234086,5.20134933495846
"Extremadura",2011,"total",1.35395683156619,0.788975622053887,0.688156967536564,0.783125560972644,0.772399874035677,0.877322971232993,19.3256697552007
"Extremadura",2012,"hombres",2.10513720748834,1.17575639258216,0.890182188414379,1.45322086480934,1.04970120003269,1.33479957066538,34.4034902624244
"Extremadura",2012,"mujeres",0.952452183452629,0.268491679214892,0.551602492742877,0.195820572471524,0.454043392745941,0.484482064125572,6.37815573457159
"Extremadura",2012,"total",1.51013791164086,0.707970872670733,0.712063976421796,0.797532267040173,0.744672398698831,0.894475485294479,19.89099381459
"Extremadura",2013,"hombres",2.03109407974883,1.4787230855693,0.434204487695486,1.56561279132353,0.824259554354082,1.26677879973825,32.1616160855269
"Extremadura",2013,"mujeres",0.882858586665158,0.313790392181627,0.26291737221365,0.132161312496062,0.438765339654414,0.406098600642182,3.7947409881049
"Extremadura",2013,"total",1.43722895531172,0.883153690743619,0.347384049937633,0.814396715699766,0.628307712956097,0.822094224929767,17.5054037030524
"Extremadura",2014,"hombres",1.83666823241745,1.32799539568519,0.568457409584263,1.07247398141087,0.975572061206873,1.15623341606093,28.5181872083848
"Extremadura",2014,"mujeres",0.745546355606914,0.235410847086478,0.473934388171046,0.172308816210854,0.529616232050234,0.431363327825105,4.62743280687931
"Extremadura",2014,"total",1.27725499376859,0.77490346237385,0.522473660468557,0.609027299138811,0.747591336894042,0.78625015052877,16.3240306650951
"Extremadura",2015,"hombres",1.84650604981234,1.18458285739827,0.762612612710773,1.08755107570628,1.02511485717036,1.1812734905596,29.3434747733596
"Extremadura",2015,"mujeres",0.86121425739296,0.364698529197632,0.387704347562009,0.148500868197853,0.440804609848641,0.440584522439819,4.93135112190424
"Extremadura",2015,"total",1.34171953238527,0.772274047142825,0.574090581559847,0.600253080243315,0.725209426188315,0.802709333503914,16.8665034536546
"Extremadura",2016,"hombres",1.78922063406293,1.17685331547768,0.955949869891581,0.913414041785558,0.728044439172031,1.11269646007796,27.0832670210864
"Extremadura",2016,"mujeres",0.816136781019588,0.24198161928746,0.362553626876096,0.294938667674363,0.434114147764066,0.429944968524315,4.58068557001821
"Extremadura",2016,"total",1.29160989948913,0.705410914449532,0.651768815764791,0.591978949684432,0.577637622314875,0.763681240340552,15.5801893904074
"Extremadura",2017,"hombres",1.77218940095094,1.1216372487722,0.743481135845043,1.22137883602753,0.906065755067547,1.15295047533265,28.409985846614
"Extremadura",2017,"mujeres",0.815413472257516,0.222051755385424,0.271507264417091,0.207592078117671,0.362048176074104,0.375722549250361,2.79358671885409
"Extremadura",2017,"total",1.28402124787838,0.668819044138511,0.503461849013512,0.70314499995796,0.631661954351528,0.758221819067978,15.4002541235034
"Extremadura",2018,"hombres",1.87639734637834,0.987088460974998,0.392996470917094,1.02794845840453,0.751554074516463,1.00719696223829,23.6061438327037
"Extremadura",2018,"mujeres",0.801581263583543,0.25274447899904,0.310330187744394,0.202949995617622,0.369421387326275,0.387405462654175,3.17864001233991
"Extremadura",2018,"total",1.32900662554029,0.618506194425706,0.348237757648283,0.600114779892464,0.554105448947696,0.689994161290889,13.1515612310853
"Extremadura",2019,"hombres",1.80403224665001,0.962419272560373,0.554819466830922,1.27026863270319,0.744130091152317,1.06713394197936,25.5815869994195
"Extremadura",2019,"mujeres",0.851463075074932,0.228143683685847,0.26383044526355,0.12421258477832,0.48871377838332,0.391272713437194,3.30609945668117
"Extremadura",2019,"total",1.31978927270535,0.592344440538105,0.411040810850846,0.68255217291099,0.617621999083797,0.724669739217817,14.2944221787604
"Extremadura",2020,"hombres",1.77524384867423,1.00675362606849,0.887225412941508,1.08155440308312,0.822177687232018,1.11459099559987,27.1457083931247
"Extremadura",2020,"mujeres",0.864504456397085,0.24113695877428,0.208612150383617,0.205004057200661,0.376912833134327,0.379234091177994,2.90932247223279
"Extremadura",2020,"total",1.3095617868955,0.621785622388688,0.546049440263378,0.634786972275867,0.598278297484128,0.742092423861513,14.8686507013505
"Extremadura",2021,"hombres",1.57998603050276,1.05652685551197,0.408828263483801,0.804110945401798,0.840517662229059,0.937993951425878,21.3253046009626
"Extremadura",2021,"mujeres",0.79616913160094,0.234469689446131,0.342012216830879,0.222586876198245,0.470569044791002,0.41316139177344,4.02752119388862
"Extremadura",2021,"total",1.18470172641736,0.64403525276749,0.380717934542327,0.509607410050671,0.655021341157398,0.674816732987049,12.6513333724134
"Extremadura",2022,"hombres",1.56557602263064,0.871514929730304,0.615538837851803,1.03095482152788,0.63768429029755,0.944253780407636,21.5316202418281
"Extremadura",2022,"mujeres",0.79016632019354,0.233228745004086,0.295959845491562,0.23214363624369,0.327758259995957,0.375851361385767,2.79783219558276
"Extremadura",2022,"total",1.17129315177294,0.55076709561711,0.452409174649356,0.624991547559771,0.4797901927104,0.655850232461916,12.0262227308573
"Extremadura",2023,"hombres",1.43861497550415,0.969191728569826,0.865737603502485,0.859634230680021,0.870560925270114,1.00074789270532,23.3935910748637
"Extremadura",2023,"mujeres",0.778842057254143,0.233737867041894,0.248903306976454,0.308017445110089,0.443821738776972,0.40266448303191,3.68155703729163
"Extremadura",2023,"total",1.10582422305053,0.600804005455282,0.557935222160197,0.580711477247624,0.656216263098579,0.700298238202442,13.491169906934
"Extremadura",2024,"hombres",1.46942559258133,0.892554081852464,0.434414919219582,0.935434890548864,0.706106821243333,0.887587261089114,19.6639671025989
"Extremadura",2024,"mujeres",0.790115496131283,0.235898233889564,0.161777602718924,0.237907587180608,0.367348381927835,0.358609460369643,2.22956206100758
"Extremadura",2024,"total",1.12661159676413,0.563180077372475,0.297012972122653,0.584540877090608,0.534744614493463,0.621218027568666,10.8847913007082
"Galicia",1990,"hombres",0.100354262755316,2.23331327925263,1.43450039404925,3.40497234376613,2.13762929253917,1.8621539144725,51.7843883225523
"Galicia",1990,"mujeres",0.00910321748517774,0.640005770568652,1.41959097872482,0.754282204107718,1.56713830132435,0.878024094442144,19.3487778440388
"Galicia",1990,"total",0.051001704276037,1.36547906487393,1.43745782904928,1.90730025060116,1.82982867161378,1.31821350408284,33.8568355588554
"Galicia",1991,"hombres",0.105172945178816,2.25557695570243,1.42748131226676,2.85354348541063,2.41207126031128,1.81076919177398,50.0908161778285
"Galicia",1991,"mujeres",0.0114078562337748,0.566930183578002,0.987002133565005,0.626611751973745,1.67027821342866,0.772446027755838,15.8690651309275
"Galicia",1991,"total",0.0549592655795023,1.33386413168439,1.19220075781837,1.60034957145438,2.00389774467756,1.23705429424284,31.1819359027989
"Galicia",1992,"hombres",0.116468992989969,2.29553387630858,1.05364435067898,3.00841368308019,2.37923646135877,1.7706594728833,48.7688531686183
"Galicia",1992,"mujeres",0.0131718363553114,0.500977395893929,0.906340246823634,0.546398119410278,1.41182334886057,0.675742189468744,12.681835187666
"Galicia",1992,"total",0.0622126786468417,1.31523893430793,0.97634075805059,1.63029702484773,1.84853915377772,1.16652570992616,28.8574075306922
"Galicia",1993,"hombres",0.108532034546231,2.29385584752218,1.07720604332862,2.56444942909613,1.97649818540018,1.60410830797867,43.2795482012892
"Galicia",1993,"mujeres",0.00629782128317308,0.484392702205724,0.780432356865002,0.55203372666426,1.4481876585978,0.654268853123192,11.9741025702792
"Galicia",1993,"total",0.0540856857969959,1.31311469373221,0.919666748487426,1.43667917499908,1.69179858013597,1.08306897663034,26.1067845560636
"Galicia",1994,"hombres",0.103631964277306,2.05722548066767,0.919406165585848,2.39388008912361,2.05798683152975,1.50642610623684,40.0600726992829
"Galicia",1994,"mujeres",0.0191079795584577,0.480369255138734,0.993757020173555,0.576092000427824,1.26304808579562,0.666474868218837,12.3763966000699
"Galicia",1994,"total",0.0592148725070481,1.20418129474957,0.965129535167336,1.38244525149454,1.62220024978915,1.04663424074153,24.905944100746
"Galicia",1995,"hombres",0.107217425775589,2.0823112884553,1.12918210156984,2.31601502578739,2.06551087534691,1.54004734338701,41.1681839766903
"Galicia",1995,"mujeres",0.0124287039789798,0.546791409907887,0.756736394467536,0.450482942552662,1.21616517212535,0.596520924606483,10.0708076215993
"Galicia",1995,"total",0.056683744831295,1.25466270981781,0.934323551129273,1.2839358882392,1.60266015723602,1.02645321025072,24.2408041662253
"Galicia",1996,"hombres",0.11622785861452,2.21838967909485,0.99138152594271,2.64797239774443,1.98301855297201,1.5913980028737,42.8606334432394
"Galicia",1996,"mujeres",0.00610933157739654,0.557022197230792,0.587809819769431,0.522670515259752,1.22193566882653,0.579109506532781,9.49695043017744
"Galicia",1996,"total",0.0581666421891177,1.3232015417489,0.774494972745508,1.47468108506687,1.57258370630701,1.04062558961148,24.7079069479347
"Galicia",1997,"hombres",0.137489471630201,2.05782574816613,0.9165993700681,2.36615184645863,1.62139861514023,1.41989301029266,37.2080569017546
"Galicia",1997,"mujeres",0.00990927050827035,0.519250153702547,0.730438916175223,0.467687680109316,1.18318408989808,0.582094022078687,9.59531609469015
"Galicia",1997,"total",0.0704013688069261,1.2310790357908,0.81539525978923,1.31558159779708,1.38454903430654,0.963401259298113,22.1626956896973
"Galicia",1998,"hombres",0.121285311257841,2.02364429650528,0.630989039960228,1.98697155918966,1.5372466553633,1.26002737245526,31.9390980182275
"Galicia",1998,"mujeres",0.0152711007854341,0.543780735331164,0.494637666153411,0.430206678125835,1.01556795393358,0.499892826865885,6.88607398605405
"Galicia",1998,"total",0.0655212397381748,1.23286476080914,0.557494832147595,1.13297476273211,1.25816831990625,0.849404783066653,18.4055233901599
"Galicia",1999,"hombres",2.26491418715348,1.99239810408107,1.17373352718933,2.20692776881777,1.62130811081011,1.85185633961035,51.4449939456076
"Galicia",1999,"mujeres",0.945378211015876,0.508127549028035,0.552824766483153,0.435497632981271,0.99201004503637,0.686767640908941,13.0452194089194
"Galicia",1999,"total",1.55388142873699,1.19399152928537,0.833524456608349,1.23607982637094,1.28415935890625,1.22032731998158,30.6306370694746
"Galicia",2000,"hombres",2.22467696769335,1.9634631227176,1.01514533750068,1.84197385155688,1.54108156336935,1.71726816856757,47.0091467615192
"Galicia",2000,"mujeres",0.969161802693228,0.417794379744017,0.728072392655707,0.380474616621334,0.923814376694408,0.683863513681739,12.9495032365158
"Galicia",2000,"total",1.55003482747647,1.13433329302864,0.8619648532732,1.04099890444622,1.20509678229125,1.15848573210316,28.5924205507073
"Galicia",2001,"hombres",2.23657812143594,1.80318489007644,0.887585113579611,1.744542713992,1.33053693998484,1.60048555581377,43.1601471063429
"Galicia",2001,"mujeres",0.938306137112862,0.42347160902926,0.700791743601571,0.294694016853111,0.875635989657929,0.646579899250947,11.7206848730289
"Galicia",2001,"total",1.53869801041054,1.06563018274584,0.788096664886433,0.953652160553888,1.08429328474707,1.08607406066875,26.2058281307439
"Galicia",2002,"hombres",2.17230640496975,1.73526199993128,0.839909479938364,1.69858023891977,1.43058765338522,1.57532915542888,42.3310255948124
"Galicia",2002,"mujeres",0.93507048220872,0.387314059782018,0.485217711182268,0.29398164010861,0.814571788802734,0.58323113641687,9.63279387149577
"Galicia",2002,"total",1.51034340496498,1.01553464829561,0.651119296813246,0.930812723919747,1.10275720656842,1.0421134561124,24.7569450497031
"Galicia",2003,"hombres",2.1947775014602,1.60843593372851,1.03316842429931,1.62106715193657,1.33298908444679,1.55808761917427,41.762767482292
"Galicia",2003,"mujeres",0.92977291640136,0.391819619823757,0.488515548124188,0.30413727772416,0.788934756443921,0.580636023703477,9.54726240663592
"Galicia",2003,"total",1.51851035074478,0.961139126345952,0.742507696740569,0.903227545872225,1.04237160360755,1.03355126466222,24.4747466028436
"Galicia",2004,"hombres",2.17919867806911,1.54079458538768,0.722362332656263,1.5375630301022,1.30293424921513,1.45657057508608,38.4169006749298
"Galicia",2004,"mujeres",0.911811351087664,0.371311317944486,0.484729620627107,0.21411476809574,0.710145433464258,0.538422498243851,8.1559607299008
"Galicia",2004,"total",1.50356976712735,0.921031515702197,0.596778788928653,0.819134017950944,0.986717343327549,0.965446286607339,22.2300970709682
"Galicia",2005,"hombres",2.09294120205627,1.6557289312824,0.863092994726296,1.41014926210144,1.19103563225983,1.44258960448525,37.9561064714719
"Galicia",2005,"mujeres",0.959837093589029,0.37216989968275,0.362772226560292,0.243021792347476,0.601952867292284,0.507950775894366,7.15165327307887
"Galicia",2005,"total",1.48870110033139,0.973618727424053,0.593741965595238,0.778136290883417,0.875125094971961,0.941864635841212,21.45287721326
"Galicia",2006,"hombres",2.08321611160401,1.52666554036755,0.852017579216928,1.08835836170772,1.2368457624962,1.35742067107848,35.1490516575379
"Galicia",2006,"mujeres",0.916241872037045,0.320748899464171,0.434713820467779,0.31644344647539,0.606799442639551,0.518989496216787,7.51547481904958
"Galicia",2006,"total",1.46336606331882,0.888496951249642,0.630825817514922,0.667990752452853,0.903531216459986,0.910842160199245,20.4304176601382
"Galicia",2007,"hombres",2.10954642639131,1.43166924178994,0.721617725700288,1.39902044192823,1.16273735681637,1.36491823852523,35.3961615126497
"Galicia",2007,"mujeres",0.867780067443916,0.334591815232755,0.36325172727758,0.160765064162294,0.600189681839853,0.46531567119128,5.74645690496425
"Galicia",2007,"total",1.45174641479144,0.853978412129332,0.531311432412397,0.728663344642926,0.860265988824231,0.885193118560065,19.5850593478274
"Galicia",2008,"hombres",2.02662778302258,1.32984193749113,0.801426507158646,1.19798481687003,1.13121931307301,1.29742007152308,33.1715116663238
"Galicia",2008,"mujeres",0.897802321386652,0.322285034351154,0.422808123867403,0.268330633926109,0.537584494720928,0.489762121650449,6.55217941081359
"Galicia",2008,"total",1.42844663849709,0.79851621098326,0.60125403419317,0.697212810770735,0.817347307287298,0.86855540034631,19.0367022751639
"Galicia",2009,"hombres",1.98350635480646,1.21513833097387,0.718176035847872,1.05321669805381,1.0960855307085,1.2132245900781,30.3965405348567
"Galicia",2009,"mujeres",0.902422012114436,0.236504802229276,0.529402639517055,0.170345950101913,0.587045326178082,0.485144146028153,6.39997707385008
"Galicia",2009,"total",1.41141324092458,0.699605849115058,0.619047770230389,0.579964230796956,0.82511614424168,0.827029447061732,17.6680620631989
"Galicia",2010,"hombres",1.93004199076385,1.18110299229577,0.704457330361661,1.19513772645944,1.02631096048199,1.20741020007254,30.2049059704404
"Galicia",2010,"mujeres",0.896578924815215,0.247970215329341,0.312892978664458,0.200674347706208,0.53601860829936,0.438827014962916,4.87342601205224
"Galicia",2010,"total",1.38469335783407,0.689002656162973,0.498265080548322,0.66329391748752,0.766268800396702,0.800304762485917,16.7872519897519
"Galicia",2011,"hombres",1.92127013476509,1.02414607669976,0.578904060483504,1.22785808480665,0.870308361474094,1.12449734364582,27.4722084543392
"Galicia",2011,"mujeres",0.879703743063301,0.257496743861394,0.308332454416207,0.267279144637737,0.573818046280144,0.457326026451757,5.48312883649369
"Galicia",2011,"total",1.37259177398217,0.621989116946078,0.434442946049053,0.715985296087165,0.710786856495666,0.771159197912026,15.8266529301015
"Galicia",2012,"hombres",1.94695151394448,1.03696523807891,0.468306242419957,1.16534141089441,0.908974564244082,1.10530779391637,26.8397464075501
"Galicia",2012,"mujeres",0.873031483720486,0.230706550971515,0.215286040739506,0.217919037621728,0.463166890756536,0.400022000761954,3.59446433482476
"Galicia",2012,"total",1.38245081991105,0.614855216922705,0.33265714643601,0.661772590560175,0.67673766108665,0.733694686983317,14.5918724585432
"Galicia",2013,"hombres",1.89024664189847,1.16032209242572,0.332941021484209,0.927112153068712,0.860650759620392,1.0342545336995,24.4979254153241
"Galicia",2013,"mujeres",0.863474456495979,0.233583002892722,0.143504328659691,0.171996424038964,0.494944380985118,0.381500518614495,2.98402090734971
"Galicia",2013,"total",1.35038255248305,0.67621380655632,0.232309957316744,0.524493902291324,0.66929412126275,0.690538867982038,13.1695140394441
"Galicia",2014,"hombres",1.8741010918879,1.02956743382709,0.529129088456829,0.899670143793059,0.795049385256008,1.02550342864418,24.2095006271978
"Galicia",2014,"mujeres",0.81944938910059,0.212514547648585,0.360259471129451,0.195106692193407,0.376368856837,0.392739791381807,3.35445239527174
"Galicia",2014,"total",1.31935238521287,0.603650541391073,0.44051369696588,0.525866044234408,0.576195699287212,0.693115673418288,13.2544421207886
"Galicia",2015,"hombres",1.8177650969041,1.04895433414055,0.752309955882686,1.08512936098819,0.709565675518018,1.08274488468671,26.0961029164782
"Galicia",2015,"mujeres",0.878736773503813,0.205382831340887,0.290577546100482,0.200985277179487,0.418508439539285,0.398838173532791,3.55544696323671
"Galicia",2015,"total",1.32468575431977,0.60733559931473,0.509501702715894,0.617054825862278,0.55583769414462,0.722883115271458,14.2355374287851
"Galicia",2016,"hombres",1.91525523972543,1.12033796467727,0.629891048722876,0.995724677866105,0.799893237469936,1.09222043369232,26.408404414066
"Galicia",2016,"mujeres",0.881007133830595,0.223123158082611,0.394573175155462,0.255462067799732,0.308548371402208,0.412542781254122,4.00713261360773
"Galicia",2016,"total",1.37256640710632,0.652559457920703,0.505832702682468,0.603843432827415,0.543726183371184,0.735705636781617,14.6581506903597
"Galicia",2017,"hombres",1.80658645889076,0.939316714847226,0.669624238228621,0.808090574993563,0.659784986383778,0.97668059466879,22.6003649287856
"Galicia",2017,"mujeres",0.865735561943009,0.211245477104066,0.263700619636715,0.182867723181146,0.435593215839751,0.391828519540937,3.32441808692251
"Galicia",2017,"total",1.31227113267213,0.558905673105274,0.457532679392755,0.477962205868572,0.540836624696996,0.669501663147145,12.4761557368166
"Galicia",2018,"hombres",1.74661368292991,0.935560631936281,0.448241847489134,0.977088788386034,0.697847483980565,0.961070486944386,22.0858765316544
"Galicia",2018,"mujeres",0.871602081363922,0.207132578971571,0.222383823579921,0.17783939511537,0.408233080745354,0.377438191955227,2.85013202147852
"Galicia",2018,"total",1.2862935981598,0.554601525454961,0.328500045294946,0.55417217853896,0.545446743558693,0.653802818201472,11.9587426788476
"Galicia",2019,"hombres",1.70032512770892,0.906251481498582,0.484642309565686,0.900609181419881,0.792829322445684,0.956931484527751,21.94946051476
"Galicia",2019,"mujeres",0.835696869064018,0.196992411956883,0.205567778379041,0.196336338174684,0.451198539082998,0.377158387331525,2.84091003307842
"Galicia",2019,"total",1.24522076071047,0.536364953957204,0.337837343875293,0.528693034698541,0.613502878404061,0.652323794329113,11.9099960183605
"Galicia",2020,"hombres",1.59756239638426,1.09666145209427,0.562747966991258,0.861130561366099,0.675271054459755,0.95867468625913,22.0069141262588
"Galicia",2020,"mujeres",0.879218717458305,0.176073264830286,0.208365693744368,0.242586163068679,0.374353729343909,0.376119513689109,2.8066701389954
"Galicia",2020,"total",1.21851413635511,0.617039133076109,0.375468333669817,0.533449212716351,0.515872393422399,0.652068641847957,11.901586531804
"Galicia",2021,"hombres",1.63604607522912,1.00681184834326,0.73067270406417,0.690942080760488,0.585524104687012,0.929999362616811,21.0618135825329
"Galicia",2021,"mujeres",0.796663425130495,0.258843283651191,0.221503940969515,0.178573638372755,0.438688508050462,0.378854559234884,2.89681360397139
"Galicia",2021,"total",1.19521147944082,0.617671590250432,0.464310557400898,0.420723379815693,0.508101763196268,0.641203754020821,11.5434942737695
"Galicia",2022,"hombres",1.53758239806919,0.987384911908974,0.772020101455883,0.860279135988523,0.653035029886675,0.96206031546185,22.118499963624
"Galicia",2022,"mujeres",0.847341300553396,0.206812063268251,0.262756832404953,0.271934043786389,0.402830478305751,0.398334943663748,3.53886117579161
"Galicia",2022,"total",1.17354846421558,0.580997257070384,0.50710659993214,0.54863838048864,0.522316509015077,0.666521442144363,12.3779316147357
"Galicia",2023,"hombres",1.52769637099759,0.981650620171306,0.682517244706388,0.930243946550099,0.581007538361428,0.940623144157362,21.4119592979097
"Galicia",2023,"mujeres",0.79316695822413,0.181749483122483,0.278807665755048,0.286802721867906,0.351720513650502,0.378449468524014,2.88346235270473
"Galicia",2023,"total",1.14041967019602,0.564920081909982,0.470541616780977,0.589597123968532,0.461581705684448,0.645412039707991,11.6821937751495
"Galicia",2024,"hombres",1.48572879063448,0.958024535107616,0.601098164881676,0.933293678862449,0.561903910959291,0.908009816089102,20.337067363838
"Galicia",2024,"mujeres",0.774472374235725,0.187960053460034,0.207729316015096,0.312405513108095,0.361406127834039,0.368794676930598,2.56525325772413
"Galicia",2024,"total",1.11007194521083,0.556926686449663,0.394930957911564,0.606466793694212,0.456947007883287,0.625068678229911,11.0117036271055
"Islas Baleares",1990,"hombres",0.149797769560388,3.11104891633498,1.69807242565548,3.39535604501314,2.64778569303479,2.20041216991976,62.9329307114929
"Islas Baleares",1990,"mujeres",0.00700414600925015,0.919793258610184,1.3265768479148,0.625085751833814,1.0734428146421,0.79038056380203,16.4601635952431
"Islas Baleares",1990,"total",0.0744983148465285,1.94569922361751,1.50338107353616,1.87510619954492,1.79134727702066,1.43800641771316,37.8050507287599
"Islas Baleares",1991,"hombres",0.145612854196836,3.01979067092409,1.4336749695886,2.48143953271602,2.07803938770302,1.83171148302571,50.7810462549415
"Islas Baleares",1991,"mujeres",0.0172300965634568,0.724858039096873,1.39700070634304,0.623036172704263,1.67601443104922,0.887627889151372,19.6653061495163
"Islas Baleares",1991,"total",0.079005704867125,1.79595579627116,1.42076483186489,1.47616400438843,1.86404262051097,1.32718659158051,34.1525765931584
"Islas Baleares",1992,"hombres",0.146607573473457,2.66612554115784,1.0020065123161,2.6080223887369,2.33976004999019,1.7525044131349,48.1704865362616
"Islas Baleares",1992,"mujeres",0.0135333425128196,0.884808058840452,1.41794981686868,0.457603656699062,1.13707610847403,0.782194196679008,16.1903518185527
"Islas Baleares",1992,"total",0.0780044706809739,1.7211755125875,1.24144359465612,1.43422013610599,1.68931653533725,1.23283204987357,31.0427763418147
"Islas Baleares",1993,"hombres",0.146714905730681,2.94532303499427,1.3601389223628,2.80882473751498,2.4621890162888,1.94463812337831,54.5029581862464
"Islas Baleares",1993,"mujeres",0.0178118547786767,0.720156244664184,1.03427270110923,0.636166540749845,1.40561982055189,0.762805432370766,15.5513239241002
"Islas Baleares",1993,"total",0.0794288108050002,1.75926466348422,1.17544710175257,1.61819259470755,1.88938796554388,1.30434422725865,33.3997226337798
"Islas Baleares",1994,"hombres",0.105403330956466,2.22902327986672,1.73119569811062,2.31279746072584,2.18465710366678,1.71261537466529,46.8557968603377
"Islas Baleares",1994,"mujeres",0.0108592174124173,0.555278692871616,1.09593693238908,0.524804678026354,1.37317928316253,0.7120117607724,13.8772320378415
"Islas Baleares",1994,"total",0.0559616345390969,1.33672985677929,1.39413412602103,1.33131671845925,1.7534872026803,1.17432590769579,29.1144916789028
"Islas Baleares",1995,"hombres",0.092742615426308,2.33615005638951,1.51198180360818,2.75617964650216,1.66735721401291,1.67288226718781,45.5462464626063
"Islas Baleares",1995,"mujeres",0.00647020563695344,0.617926754527645,1.22401019636987,0.400913105750016,0.894845562937814,0.62883316504446,11.1357761076695
"Islas Baleares",1995,"total",0.0482569846205369,1.42914976459088,1.36435589236785,1.46220284164603,1.26453242381915,1.11369958140889,27.1163285665153
"Islas Baleares",1996,"hombres",0.0736893677980081,2.23372169132083,1.24268431104799,3.33854609236173,1.88649072683982,1.75502643787368,48.2536091186478
"Islas Baleares",1996,"mujeres",0.0049589947400712,0.565334976936053,0.598343632064192,0.471631984200944,1.0644929958826,0.540952516764772,8.2393467767188
"Islas Baleares",1996,"total",0.0376628722945257,1.35255719127554,0.908719990992399,1.79126825115563,1.44793727335196,1.10762911581401,26.9162540911247
"Islas Baleares",1997,"hombres",0.10182143649294,2.11339957576303,1.54892461017629,2.85801426557301,1.80635079693263,1.68570213698758,45.9687723273317
"Islas Baleares",1997,"mujeres",0.0157330218094565,0.627687230337574,1.10976831379716,0.54188893863219,0.793168906878704,0.617649282291017,10.7671702009642
"Islas Baleares",1997,"total",0.0572473360206512,1.32390737408156,1.31675655641313,1.61017280197342,1.27032713323762,1.11568224034528,27.1816743691354
"Islas Baleares",1998,"hombres",0.0960968702917368,2.28409492061921,1.57337309718683,2.96365477797044,1.65981724272238,1.71540738175812,46.947817702175
"Islas Baleares",1998,"mujeres",0.0104418100604093,0.588139106551356,1.06144258444176,0.543191886897778,0.798691911458527,0.600381459881967,10.1980457317404
"Islas Baleares",1998,"total",0.051831576418966,1.38607676104515,1.30791572901618,1.64971639953539,1.19862227034372,1.11883254727188,27.2855042971382
"Islas Baleares",1999,"hombres",2.27410866190945,2.39853897307162,1.16233653017797,3.09929715189504,1.69372358287247,2.12560097998531,60.4672533519013
"Islas Baleares",1999,"mujeres",1.03088632500773,0.447953226437736,0.62404359354493,0.502516301810991,1.01423931159958,0.723927751680194,14.2699672559845
"Islas Baleares",1999,"total",1.61873206776818,1.35741538371701,0.874462470260165,1.70431837340034,1.32980779405252,1.37694721783964,35.7926206784582
"Islas Baleares",2000,"hombres",2.2545895909716,1.91703452700476,1.47030867847541,2.32025663650516,1.59772483199606,1.9119828529906,53.4266838890875
"Islas Baleares",2000,"mujeres",1.01417322599865,0.464175027192834,0.529758170690891,0.276874113911135,1.06677835888077,0.670351779334856,12.5041744361435
"Islas Baleares",2000,"total",1.60054714117646,1.15513341153556,0.985035612315409,1.22086394240363,1.32671315199654,1.25765865188552,31.8610281374365
"Islas Baleares",2001,"hombres",2.28056097008102,1.79274485283342,0.946417045540004,1.48094953825886,1.13317897481163,1.52677027630499,40.7305894973805
"Islas Baleares",2001,"mujeres",0.933067142938355,0.400402274763985,1.11358298894383,0.242808532206,0.749475335763972,0.687867254923228,13.0814612249056
"Islas Baleares",2001,"total",1.57124130469756,1.05571051910055,1.05001919423404,0.821119687555848,0.93092719579475,1.08580358027655,26.1969134566176
"Islas Baleares",2002,"hombres",2.0687829645922,1.55833402534414,0.704964610167379,1.65862517139994,1.50537228601868,1.49921581150447,39.8224309709109
"Islas Baleares",2002,"mujeres",1.00800740740054,0.547660099107098,0.61503238809618,0.304945118472769,0.879663566675522,0.671061715950422,12.5275730031397
"Islas Baleares",2002,"total",1.51190286069586,1.03356209877866,0.660970038605938,0.938590590295605,1.18372293426038,1.06574970452729,25.5359643733275
"Islas Baleares",2003,"hombres",2.15792966614762,1.43040274315108,1.54717796040122,1.88536481082469,1.14489498593654,1.63315403329223,44.2368566916543
"Islas Baleares",2003,"mujeres",0.914317308635943,0.470953917685256,0.787416332044762,0.444980925458835,0.721903464129451,0.667914389590849,12.4238413106637
"Islas Baleares",2003,"total",1.50780759915757,0.9270374049168,1.16214119995065,1.13008273775839,0.922636193921855,1.12994102714105,27.6516250250252
"Islas Baleares",2004,"hombres",2.00991015303494,1.47786632993427,1.23914734858712,1.63717509482214,1.31845105153497,1.53650999558269,41.0515976959248
"Islas Baleares",2004,"mujeres",0.918720975222758,0.420910074876285,0.618717854151135,0.409635296784365,0.578504869369914,0.589297814080891,9.8327435017212
"Islas Baleares",2004,"total",1.43858400799069,0.933543302843512,0.908993905294785,0.984660744839371,0.929297748198963,1.03901594183346,24.6548550971802
"Islas Baleares",2005,"hombres",1.93356202608,1.37483438837256,1.09974077750494,1.86640588711616,0.91729227023069,1.43836706986087,37.8169373440655
"Islas Baleares",2005,"mujeres",0.865923864790983,0.366390011055574,0.416549450714975,0.350958554738427,0.49116938937572,0.498198254135136,6.83022312176423
"Islas Baleares",2005,"total",1.37938164137956,0.853224466605372,0.742167070404545,1.06773533172521,0.691026956018313,0.9467070932266,21.6124781706889
"Islas Baleares",2006,"hombres",2.01578082476157,1.23277180714153,0.906363635393092,1.26455730786132,1.02247092132369,1.28838889929624,32.8738562365706
"Islas Baleares",2006,"mujeres",0.893691184690839,0.265123949306286,0.393466682985024,0.269335512201431,0.431550182889513,0.450633502414619,5.26255214186615
"Islas Baleares",2006,"total",1.43478369907832,0.736088275693317,0.63616190785087,0.744379009555457,0.717189842667531,0.853720546969098,18.5477652306242
"Islas Baleares",2007,"hombres",1.90077444258265,1.20344001474689,1.00945697561181,1.45697182750291,1.11282092432707,1.33669283695426,34.4658898022294
"Islas Baleares",2007,"mujeres",0.97381681563587,0.375387132336612,0.548293296206737,0.200568669492613,0.565717439031324,0.532756670540631,7.96922258145782
"Islas Baleares",2007,"total",1.42307813518784,0.776086608546878,0.767582753967476,0.796893243527439,0.829216136448388,0.918571375535605,20.6851623217185
"Islas Baleares",2008,"hombres",1.85015342248732,1.18966304705769,1.13725951961018,1.20996987434469,0.856829981347609,1.2487751689695,31.5682403510165
"Islas Baleares",2008,"mujeres",0.858247831953214,0.262103998798346,0.548564335733623,0.254304375759041,0.495860768344346,0.483816262117714,6.35621178556897
"Islas Baleares",2008,"total",1.34035964971272,0.714415925822217,0.832765573773191,0.711656332690524,0.669233573758402,0.853686211151412,18.5466335677223
"Islas Baleares",2009,"hombres",1.86698688954374,1.32543388597728,0.77729097344987,1.90498433623878,0.769734554708044,1.32888612798354,34.2085910534874
"Islas Baleares",2009,"mujeres",0.961692625656299,0.3884947389416,0.390218563517541,0.387253749863072,0.56511484235509,0.53855490406672,8.16032464979052
"Islas Baleares",2009,"total",1.40155614163178,0.847976650777323,0.575989440511265,1.11507777441692,0.662380373348758,0.92059607613721,20.7518937617304
"Islas Baleares",2010,"hombres",1.85154517349055,1.1827130707967,1.02940113157321,1.50406114706085,0.890861926694488,1.29171648992316,32.983529199639
"Islas Baleares",2010,"mujeres",0.926735886735659,0.309145082638165,0.520682346726972,0.286312480071225,0.397985557777957,0.488172270789995,6.49978004014212
"Islas Baleares",2010,"total",1.37736647023594,0.739645058879838,0.763591654185618,0.872104679330758,0.637992745831279,0.878140121692686,19.3526019479597
"Islas Baleares",2011,"hombres",1.77634455361771,1.03314243345082,0.739248408996459,1.18955249180872,0.994975390364172,1.14665265564758,28.2024180826754
"Islas Baleares",2011,"mujeres",0.866995283427646,0.257761277782929,0.372555313013506,0.362693875803262,0.278134931748795,0.427628136355228,4.50432586192779
"Islas Baleares",2011,"total",1.30989758253213,0.638030508698468,0.550638462815768,0.762177818322821,0.626611172358991,0.777471108945635,16.0346851261535
"Islas Baleares",2012,"hombres",1.74534537158112,1.13123392729621,1.01616349409511,1.41156443545129,0.749713375509246,1.2108041207866,30.3167650849958
"Islas Baleares",2012,"mujeres",0.903378330466622,0.181325419797723,0.189981189051857,0.266167173027799,0.511555518186807,0.410481526106162,3.93919638434683
"Islas Baleares",2012,"total",1.31475333159092,0.647398237417793,0.592062221991461,0.819518172466876,0.627793967734505,0.800305186240312,16.7872659561334
"Islas Baleares",2013,"hombres",1.5835376968002,0.907984561271756,1.02722094985779,0.921929967852099,0.571495224156299,1.00243367998763,23.449152382453
"Islas Baleares",2013,"mujeres",0.891211898475791,0.305770546996248,0.379156371544138,0.298614481244171,0.499549030096489,0.474860465671367,6.06104064132948
"Islas Baleares",2013,"total",1.22904054106162,0.60234936263004,0.696677286420128,0.602335621943691,0.535174785663889,0.733115519543874,14.5727838697359
"Islas Baleares",2014,"hombres",1.6531136734644,0.941939067994855,0.97833508628101,1.32180229010258,0.663564068565018,1.11175083728157,27.0521005509126
"Islas Baleares",2014,"mujeres",0.792306360297427,0.243973906900443,0.392499415990144,0.434124146680512,0.422293636067991,0.457039493187304,5.47368508104012
"Islas Baleares",2014,"total",1.21260730512499,0.58638482892109,0.678429998290575,0.864449263802141,0.543324118587126,0.777039102945185,16.0204467827258
"Islas Baleares",2015,"hombres",1.53534635822619,0.92312418488662,1.56704480562018,1.78851420534271,0.659255903651895,1.29465709154552,33.0804475196147
"Islas Baleares",2015,"mujeres",0.850014059739145,0.302738163346778,0.451226900830492,0.302581699491723,0.381085807252963,0.45752932613222,5.4898293236771
"Islas Baleares",2015,"total",1.18294626398653,0.606444060104724,0.992910801541065,1.0215539640355,0.516287444837633,0.864028506901089,18.8875018856641
"Islas Baleares",2016,"hombres",1.55397913869355,1.01198508600923,1.00243780794186,1.15860312783426,0.560674787268695,1.05753598954952,25.2652512477032
"Islas Baleares",2016,"mujeres",0.832223697008639,0.138762278995918,0.458748427105943,0.365747316284447,0.309907677475671,0.421077879374123,4.28843810032464
"Islas Baleares",2016,"total",1.18193740890107,0.566020061446733,0.722103087525149,0.749670997550023,0.430666353783698,0.730079581841335,14.4727233993057
"Islas Baleares",2017,"hombres",1.57716933732723,0.909636921063412,1.30571073744177,1.08146451249344,0.656098775016091,1.10601605666839,26.8630898062293
"Islas Baleares",2017,"mujeres",0.85985931436494,0.216736552170849,0.323435295896993,0.49770562864618,0.319486917142079,0.443444741644208,5.02562014425119
"Islas Baleares",2017,"total",1.20798455363655,0.554477063102378,0.799439468336323,0.781274323155953,0.484674890500822,0.765570059746404,15.6424423668598
"Islas Baleares",2018,"hombres",1.56113917432912,0.891270639296624,1.30356218915542,0.878420579839451,0.644328032992504,1.05574412312262,25.2061937125393
"Islas Baleares",2018,"mujeres",0.818092751735075,0.177263531940042,0.370626318105873,0.426773159064618,0.282627149592621,0.415076582087646,4.09064332042056
"Islas Baleares",2018,"total",1.17581007709376,0.526165704071991,0.82455790882581,0.647658190558327,0.460022883850267,0.72684295288003,14.3660484118034
"Islas Baleares",2019,"hombres",1.39147867182313,0.734495215604635,0.732723362184773,0.988404639798062,0.599941584416108,0.889408694765341,19.7239991349915
"Islas Baleares",2019,"mujeres",0.836184171936133,0.174733210843122,0.418357848571736,0.457144543823554,0.272819254074842,0.431847805849877,4.64340055846762
"Islas Baleares",2019,"total",1.10413805618753,0.447754552731936,0.571768852602692,0.714853128122165,0.43267948142699,0.654238814214263,11.9731125277773
"Islas Baleares",2020,"hombres",1.37319811902275,0.675447537746151,1.22018700485601,0.941997979426214,0.487949956831646,0.939756119576554,21.3833833204258
"Islas Baleares",2020,"mujeres",0.828687403019985,0.108498827204462,0.255447962639483,0.359005998786924,0.342643872874181,0.378856812905007,2.89688788194243
"Islas Baleares",2020,"total",1.09085290059705,0.384472998957937,0.720329434733794,0.638113396095408,0.411340535318839,0.649021853140606,11.8011684266815
"Islas Baleares",2021,"hombres",1.45610990928959,0.705474553546262,0.618635471695384,0.956884598824192,0.469300947014537,0.841281096073992,18.1377774672336
"Islas Baleares",2021,"mujeres",0.805704353862052,0.157941716951529,0.478516047874501,0.333878705699725,0.308427329744516,0.416893630826465,4.15053083110587
"Islas Baleares",2021,"total",1.12107056541488,0.425202099487018,0.546360415868992,0.62866583759055,0.383800015772369,0.621019786826761,10.8782575494139
"Islas Baleares",2022,"hombres",1.46934913218483,0.813095312366702,0.808860443588817,0.994042259333785,0.632643056581176,0.943598040811062,21.5100079365235
"Islas Baleares",2022,"mujeres",0.785866970274865,0.159429465438885,0.463796967613564,0.40424021337524,0.328985179123617,0.428463759165234,4.53186687879434
"Islas Baleares",2022,"total",1.11361205203998,0.476974211748307,0.631597106080774,0.686552898423711,0.474511550768805,0.676649563812315,12.7117410396859
"Islas Baleares",2023,"hombres",1.38061865296932,0.645081068888751,0.751613790364041,1.2237681913503,0.434792088462916,0.887174758407065,19.6503715626163
"Islas Baleares",2023,"mujeres",0.815536171685971,0.106340414964379,0.443655770819812,0.39731307261736,0.230871813894642,0.398743448796433,3.55232496186184
"Islas Baleares",2023,"total",1.08613010956447,0.366315696528346,0.590459538720991,0.794685045951032,0.329782080294046,0.633474494211776,11.2887481464286
"Islas Baleares",2024,"hombres",1.27344337523162,0.813597677514706,0.892950353146145,0.995827402715481,0.56503442043995,0.90817064580958,20.3423680976036
"Islas Baleares",2024,"mujeres",0.806355781875255,0.175337094974079,0.457326981657762,0.440169736628272,0.267627600975147,0.429363439222103,4.56151913735408
"Islas Baleares",2024,"total",1.03021073240389,0.484124129801007,0.666103767789203,0.705737123483142,0.409704131882714,0.659175977071992,12.1358348516648
"La Rioja",1990,"hombres",0.0831790226079843,2.09741867559999,1.25133385788475,2.48732412105353,1.90763661218163,1.56537845786558,42.0030638324681
"La Rioja",1990,"mujeres",0.0178816612225998,0.58232972238569,0.763381605829332,0.464622445688201,1.22181490292309,0.610006067609783,10.5152600066399
"La Rioja",1990,"total",0.0508739025152153,1.31192758351534,0.97995951800404,1.38721868363741,1.5447558184428,1.05494710122296,25.1799249303581
"La Rioja",1991,"hombres",0.155394772702462,1.53327878873317,0.843711620107503,2.42865985000639,1.74377852644634,1.34096471159917,34.6066851111156
"La Rioja",1991,"mujeres",0,0.388378486810339,1.19103992854917,0.513097149115376,1.02011080811887,0.622525274518751,10.9278764222127
"La Rioja",1991,"total",0.0742572289819264,0.93696117712019,1.02930562306811,1.40462052909189,1.36882770110374,0.962794451873172,22.1426961237149
"La Rioja",1992,"hombres",0.095673296992873,2.15873055483392,0.956227638712146,2.17843577386409,2.26078603192011,1.52997065926463,40.8360698648566
"La Rioja",1992,"mujeres",0,0.520547521459706,0.952893487070458,0.344975044226473,1.066092067453,0.576901624041928,9.42418155863422
"La Rioja",1992,"total",0.0463076117472307,1.30724642298644,0.963043784821144,1.20658738249619,1.62825004967799,1.0302870503458,24.3671624387112
"La Rioja",1993,"hombres",0.101418725870441,1.54501805108355,0.487420171647483,1.3216472548683,1.76683407888337,1.04446765647063,24.8345363636269
"La Rioja",1993,"mujeres",0.00777677788460898,0.533427064555115,0.859610265393436,0.817974557235776,0.840344091180783,0.611826551249944,10.5752607271068
"La Rioja",1993,"total",0.0534101990229458,1.02227835634357,0.673947967901868,1.05785313485306,1.28745753211996,0.818989438048282,17.4030740552184
"La Rioja",1994,"hombres",0.0596176666970089,1.62971751691078,0.492677320355759,1.89625109916097,1.89267021294823,1.19418676321455,29.7690790720137
"La Rioja",1994,"mujeres",0.0074911048843995,0.242079237751577,0.868010038247693,0.402303768717263,0.9160078431133,0.487178398542847,6.46702333221823
"La Rioja",1994,"total",0.0327214406869295,0.913468740003312,0.687139045555391,1.11320454855492,1.38749962889864,0.82680668073984,17.6607199813946
"La Rioja",1995,"hombres",0.152407478426548,1.49291004652719,1.14981398151469,1.85480848047505,1.64504147739804,1.2589962928683,31.9051150058502
"La Rioja",1995,"mujeres",0.0103078923027331,0.406485015487577,0.196613435768822,0.134474447479525,1.18715445487979,0.387007049183689,3.165508834039
"La Rioja",1995,"total",0.0796338960596662,0.923898280868226,0.647698104865191,0.929829333055636,1.39569364991647,0.795350652953038,16.6239711259819
"La Rioja",1996,"hombres",0.0505505894581956,1.72594425694866,1.03837268622094,1.73295588521502,2.06476758995671,1.3225182015599,33.9987126646519
"La Rioja",1996,"mujeres",0.0203232880017161,0.286488619953075,1.15476755993321,0.279520980348461,0.883927243814531,0.525005538410198,7.71375557148299
"La Rioja",1996,"total",0.0349661350759094,0.979668988272316,1.11927098171156,0.950871087466342,1.43981889753568,0.904919218012361,20.2352053601445
"La Rioja",1997,"hombres",0.0792590430110722,1.58603386028306,0.784149668063114,1.57064479722132,1.34522469270622,1.07306241225696,25.7769814979335
"La Rioja",1997,"mujeres",0.00812266213771195,0.501259001433778,0.392117667852379,0.277310165841655,0.697599223475894,0.375281744148284,2.7790583687351
"La Rioja",1997,"total",0.0426500731423437,1.02251337879664,0.592898915903017,0.878149454745703,1.01782751186143,0.710807866889827,13.8375532960354
"La Rioja",1998,"hombres",0.07004875069579,1.71393036833871,0.563387824630248,1.05167817696526,1.69325627388083,1.01846027890217,23.9773677754906
"La Rioja",1998,"mujeres",0.0140677741685206,0.228746623225774,1.65357614807144,0.329897412207711,0.595230864384662,0.564303764411621,9.00897285393404
"La Rioja",1998,"total",0.0418844100626811,0.945939096083184,1.12337011496926,0.666155259845475,1.12657886454721,0.780785549101561,16.1439246671814
"La Rioja",1999,"hombres",2.06192875640956,1.2811069140372,0.570145745070339,1.43003827305879,1.63055002357634,1.39475394243044,36.3795066471281
"La Rioja",1999,"mujeres",0.81007065710062,0.383895694364414,0.96603657586476,0.0633169476404615,0.982241340710451,0.641112243136141,11.5404781966732
"La Rioja",1999,"total",1.4148764506722,0.819356499079642,0.769595758809125,0.699132186768657,1.28809938933578,0.998212056933081,23.3100132991762
"La Rioja",2000,"hombres",2.0179117849029,1.66545013377835,0.752067288947664,0.958189820613545,1.405225664264,1.35976893850129,35.2264474297982
"La Rioja",2000,"mujeres",0.837256455242439,0.491723524285898,0.85123279370168,0.208896331243232,0.857106661772501,0.64924315324915,11.8084621840431
"La Rioja",2000,"total",1.40935191478712,1.05984520842393,0.792262910636785,0.557857263787027,1.12091298812059,0.988046057151091,22.9749554619459
"La Rioja",2001,"hombres",1.88257085986312,1.55772928331634,1.03145474695118,1.00582439988701,1.45807607497929,1.38713107299939,36.1282670052008
"La Rioja",2001,"mujeres",0.806945721736368,0.350102643051669,0.659802549634812,0.288240630820377,0.57435736108936,0.535889781266517,8.07248574554703
"La Rioja",2001,"total",1.33290967640418,0.933171703397143,0.845298045048564,0.622187414645656,1.0029226800668,0.947297903912468,21.6319505054189
"La Rioja",2002,"hombres",2.08664620718818,1.463100428753,1.03750525812671,1.32185507390054,1.35763530463709,1.4533484545211,38.310703864882
"La Rioja",2002,"mujeres",0.870539030210353,0.32464494896515,1.16973974079271,0.186449096612887,0.556990341496969,0.621672631615614,10.8997744457046
"La Rioja",2002,"total",1.46353283863482,0.87563807646241,1.11885202371153,0.745051714853903,0.930554841376459,1.02672589900782,24.2497916251228
"La Rioja",2003,"hombres",2.14791953475907,1.59732281907065,1.34079783300885,1.3049864651521,1.1862323567542,1.51545180174897,40.3575476238008
"La Rioja",2003,"mujeres",0.925746786360612,0.355447100674719,0.529140096421047,0.1312332443756,0.613468805658224,0.51100720669804,7.25238916887711
"La Rioja",2003,"total",1.52166424038507,0.961825839741308,0.916105109655539,0.693096873095106,0.886373588510396,0.995813130277485,23.2309478659541
"La Rioja",2004,"hombres",1.80414400556256,1.33914132561689,0.397801424935037,0.538451093935677,1.09371095119077,1.03464976024819,24.5109515569195
"La Rioja",2004,"mujeres",0.93067694499648,0.372618666356359,0.734892396755492,0.356251868247653,0.750936792222256,0.629075333715648,11.1437576651113
"La Rioja",2004,"total",1.36062540456865,0.849748238881203,0.576791261644217,0.442839023290502,0.909907984621708,0.827982382601255,17.6994695516643
"La Rioja",2005,"hombres",1.76083964408374,1.24098550400169,0.98568008177685,1.69605531990083,0.987546596899225,1.33422142933247,34.3844354927239
"La Rioja",2005,"mujeres",0.845588056957384,0.159443534876039,0.318507684416347,0.139425081282325,0.567024915067891,0.405997854519997,3.79142052985853
"La Rioja",2005,"total",1.29031969770166,0.691256436968038,0.64200800694622,0.880399317309096,0.76605534437719,0.854007760660441,18.5572314120434
"La Rioja",2006,"hombres",1.96341632484385,1.29677652674096,0.5735824494115,0.960681000151433,1.23741436947325,1.2063741341242,30.1707586142212
"La Rioja",2006,"mujeres",0.749304646415434,0.29812578472429,0.290988647745562,0.269973869953671,0.685770556728294,0.45883270111345,5.53278683023585
"La Rioja",2006,"total",1.34394658901298,0.784152493711405,0.432086956533158,0.600897410938487,0.94423628617232,0.821063947273671,17.4714471212502
"La Rioja",2007,"hombres",2.03860865999699,1.28371331758549,0.656311865387732,1.12858317866807,1.31271876542386,1.28398715741243,32.7287806761472
"La Rioja",2007,"mujeres",0.697834860190838,0.253340677908196,0.337433198516226,0.0821072957049634,0.736319019478026,0.42140701035965,4.29928582003159
"La Rioja",2007,"total",1.35071160157847,0.757670621936126,0.495767707872486,0.584556984869704,1.01775380281169,0.841292143813695,18.1381415860463
"La Rioja",2008,"hombres",1.88592076457411,1.12497582337126,0.900437325511353,1.15459171879889,1.10846036524647,1.23487719950042,31.1101817545119
"La Rioja",2008,"mujeres",0.826371973530721,0.239488688356535,0.482155313558155,0.137021418647076,0.76602774776469,0.490213028371435,6.5670406968618
"La Rioja",2008,"total",1.3386062301657,0.672613380849253,0.690474706218486,0.636622267847412,0.935565027737587,0.854776322563687,18.5825621905799
"La Rioja",2009,"hombres",1.78548521834803,1.10068402001366,0.904688991418581,0.780817530736982,1.03938073844197,1.12221129979185,27.3968634881822
"La Rioja",2009,"mujeres",0.817870052282557,0.248493572714212,0.312606182260831,0.262081523589874,0.344819475309181,0.397174161231331,3.50060333006651
"La Rioja",2009,"total",1.28928155269291,0.66832399702685,0.594617051731681,0.505419068871741,0.685508345767934,0.748630003218223,15.0841206253084
"La Rioja",2010,"hombres",1.77255770094227,1.09401952286111,1.0654696305346,0.857079283373723,0.534286920676873,1.06468261167772,25.5007944116936
"La Rioja",2010,"mujeres",0.772285074406494,0.212022810713204,0.104484243723239,0.202133913628024,0.328696508541827,0.323924510202558,1.08639221675722
"La Rioja",2010,"total",1.26199803707889,0.647344702850599,0.576004590816785,0.528207561420741,0.434833343524516,0.689677647138305,13.1411293454182
"La Rioja",2011,"hombres",1.78250142085957,1.20848395565999,0.0983402053761322,0.945459307200036,0.873506981878356,0.981658374194816,22.7644259240607
"La Rioja",2011,"mujeres",0.799620607562177,0.163037412695368,0.411024526895051,0,0.675835689045923,0.409903647239704,3.92015026519193
"La Rioja",2011,"total",1.28457313895083,0.681819919912651,0.26226707110829,0.462656191897337,0.770851368887708,0.692433538151362,13.231959849282
"La Rioja",2012,"hombres",1.97417549907064,1.19231974552078,0.185788152491618,0.998725104014082,0.60730787354951,0.991663274929326,23.0941741508655
"La Rioja",2012,"mujeres",0.859801853834144,0.140647712941761,0.081479937316496,0.220485539801403,0.645055534049086,0.389494115588578,3.24747923621692
"La Rioja",2012,"total",1.40367327683077,0.660566358626276,0.132677037085353,0.596110687230767,0.625529885778238,0.68371144911028,12.9444913904086
"La Rioja",2013,"hombres",1.4596691706676,0.983971395607334,0.861100086224224,0.806878804263963,0.727926387917342,0.967909168936092,22.3112703981491
"La Rioja",2013,"mujeres",0.757290436900265,0.186784582412104,0.109798315279805,0.263663443920581,0.232847181011342,0.310076791904819,0.629989832051745
"La Rioja",2013,"total",1.10134121670661,0.584172371144286,0.486735161539275,0.526200513824632,0.474436587469837,0.634577170136927,11.3250908789262
"La Rioja",2014,"hombres",1.63982370330807,1.0793881260346,0.812049832274689,0.79832913943031,0.633054105943769,0.992528981398288,23.1227066851354
"La Rioja",2014,"mujeres",0.696352617905086,0.357543577382524,0.101811821587645,0.31786023614395,0.22122556879105,0.338958764362051,1.58190124597986
"La Rioja",2014,"total",1.16013081043677,0.716748203508385,0.450102641912814,0.541590119815973,0.425181975949753,0.658750750324739,12.1218199434096
"La Rioja",2015,"hombres",1.62688960092359,1.08850758333762,0.295733634298591,1.05186611312157,0.567470156163694,0.926093417569015,20.9330788266682
"La Rioja",2015,"mujeres",0.769681319395077,0.23856843714092,0.0973778296359363,0.250190270812971,0.319835326384879,0.335130636673957,1.45573124683361
"La Rioja",2015,"total",1.1931682918545,0.657631079537871,0.194515769115788,0.641335369797639,0.445216207512338,0.626373343563628,11.0547036619667
"La Rioja",2016,"hombres",1.7002643509913,0.732640961619062,0.73099416694232,0.249665558333569,0.538944471340794,0.790501901845408,16.4641627358353
"La Rioja",2016,"mujeres",0.84675359541745,0.263202959544226,0.280407446760642,0.314623067281108,0.52351323386943,0.445700060574571,5.09995245777442
"La Rioja",2016,"total",1.26695702389285,0.497729382269421,0.506031034930337,0.284956215187671,0.529461725293272,0.61702707631471,10.7466631192011
"La Rioja",2017,"hombres",1.51845243730025,0.675080112884899,0.843588762944088,0.867018867912876,0.765963791831656,0.934020794574754,21.1943546334175
"La Rioja",2017,"mujeres",0.881302971867695,0.099573610413905,0.171211574005786,0.175123600606109,0.481453808200833,0.361733113018866,2.33251349946439
"La Rioja",2017,"total",1.19558551368822,0.383843013128845,0.499593800648769,0.515250248730488,0.623220812912651,0.643498677821795,11.6191319111738
"La Rioja",2018,"hombres",1.60082443509,0.940466991232081,1.01343442662146,0.59537329513913,0.811040813236469,0.992227992263829,23.1127864834253
"La Rioja",2018,"mujeres",0.817043192464982,0.20697015142111,0.380604856907171,0.303311525545051,0.339768695142567,0.409539684296176,3.90815453045797
"La Rioja",2018,"total",1.1994490159476,0.568821540478513,0.68817089716273,0.446908914660075,0.573002847369363,0.695270643123656,13.3254670572692
"La Rioja",2019,"hombres",1.46858904710737,0.798040419748914,0.53698069055531,0.679066575934941,0.693436014631217,0.83522254959555,17.9380958300745
"La Rioja",2019,"mujeres",0.872316496823137,0.226205781883502,0.254808901513072,0.280938546850289,0.592846762075503,0.445423297829101,5.09083072563672
"La Rioja",2019,"total",1.16408107817182,0.506991586587074,0.395260454921869,0.474047118331909,0.640869409694251,0.636249929541385,11.380222804982
"La Rioja",2020,"hombres",1.43652819925302,1.18679494051313,1.00054469375226,0.432854003167875,0.733376943746128,0.958019756086484,21.9853284984908
"La Rioja",2020,"mujeres",0.922951646119255,0.228063644520918,0.174832491030095,0.289649546626662,0.467533577302743,0.416606181119934,4.14105687093983
"La Rioja",2020,"total",1.1745090050957,0.70430915649586,0.578246297842621,0.359472197050023,0.598952999078633,0.683097931112568,12.9242706528694
"La Rioja",2021,"hombres",1.51306328912301,1.22275072382545,0.78682152305799,0.412520319094989,0.458426931302032,0.878716557280694,19.3716004985757
"La Rioja",2021,"mujeres",0.708945274865608,0.21690938269814,0.323136911990408,0.320392690026237,0.373255415712381,0.388527935058555,3.21563521047366
"La Rioja",2021,"total",1.10314257985314,0.715283331016305,0.547556504420869,0.364329187531089,0.413850426471836,0.628832405858648,11.1357510859145
"La Rioja",2022,"hombres",1.43529860776679,1.05705601930553,1.00743400355162,0.759031730711652,0.840199764319044,1.01980402513093,24.0216558646948
"La Rioja",2022,"mujeres",0.82966986635016,0.161651496259201,0.6658122660253,0.170726853177881,0.484982158466067,0.462568528055722,5.65591471951261
"La Rioja",2022,"total",1.12670563968695,0.606186725878081,0.838224501397969,0.458649464106202,0.661349633229326,0.738223192859705,14.7411259916306
"La Rioja",2023,"hombres",1.35775421106764,0.737546901701498,1.18395304174515,0.414479416100304,0.778091637422285,0.894365041607376,19.8873537374967
"La Rioja",2023,"mujeres",0.763296144545292,0.120385399547436,0.244259161130433,0.263219753123172,0.465558576312817,0.37134380693183,2.64926919352468
"La Rioja",2023,"total",1.05590071004526,0.423574334180318,0.704342972905841,0.335879526863361,0.621478803838559,0.628235269566667,11.1160702676169
"La Rioja",2024,"hombres",1.25712564691405,0.918858593207072,0.490581360501544,1.05900804527892,0.391281239556049,0.823370977091527,17.5474837568762
"La Rioja",2024,"mujeres",0.744844923427826,0.135458724786485,0.314935453065108,0.27221036901309,0.212942179699288,0.33607832999836,1.48696595885816
"La Rioja",2024,"total",0.994727900092518,0.520361811676982,0.399563231509402,0.660235723545875,0.298663082141533,0.574710349793262,9.351960072673
"Media Estatal",1990,"hombres",0.0946524721652516,2.43505905435549,1.51301610649963,2.9623467964616,2.37976631828424,1.87696814955324,52.2726458154524
"Media Estatal",1990,"mujeres",0.0107782978145988,0.730519467782568,1.52236384687959,0.612830825612064,1.49157365484194,0.873613218586152,19.2034012400359
"Media Estatal",1990,"total",0.0502440376304083,1.51547426003826,1.52600238974134,1.65467268240281,1.89791055841166,1.3288607856449,34.207755803698
"Media Estatal",1991,"hombres",0.104875681496328,2.47105205284289,1.42965055372008,2.8604437654016,2.35432071285361,1.8440685532629,51.1883188613713
"Media Estatal",1991,"mujeres",0.0108610135500548,0.72290973459528,1.4534591677635,0.543196523298274,1.48831046960524,0.843747381762471,18.2190629646263
"Media Estatal",1991,"total",0.0552788612332146,1.53077998527777,1.45060586300187,1.58104667372192,1.88561209527241,1.30066469570144,33.2784501655506
"Media Estatal",1992,"hombres",0.102569633103357,2.40598431368935,1.3007965987907,2.67155820253665,2.20725415174974,1.73763257997396,47.6803306872145
"Media Estatal",1992,"mujeres",0.0109508838411698,0.703097952088349,1.22639217724731,0.513923850428229,1.30758661704121,0.752390296129254,15.2080548803882
"Media Estatal",1992,"total",0.0544881823011857,1.49438103054821,1.26595589867596,1.4845106485295,1.72067410595479,1.20400197320193,30.0925753439849
"Media Estatal",1993,"hombres",0.102609371924185,2.40787351227632,1.35153189096679,2.72658721208469,2.06713074067239,1.73114654558488,47.4665596168611
"Media Estatal",1993,"mujeres",0.00977792298306583,0.703305738254575,1.2411718616162,0.534693220111042,1.2542837575231,0.748646500097596,15.0846643405201
"Media Estatal",1993,"total",0.0540084258822829,1.49664376345949,1.29710057194275,1.52679030668944,1.63071014576174,1.20105064274714,29.9953034159562
"Media Estatal",1994,"hombres",0.104471593949013,2.29434074734644,1.30888679497937,2.4992336194225,2.01344934984824,1.64407642110911,44.5968440729053
"Media Estatal",1994,"mujeres",0.0112953749137871,0.651408766317481,1.20471659229083,0.470793247141807,1.18540643264349,0.70472408266148,13.6370398561928
"Media Estatal",1994,"total",0.0556565140925919,1.41773131782527,1.25840823660659,1.39205034536202,1.5682550264607,1.13842028806943,27.9310901921413
"Media Estatal",1995,"hombres",0.102501516202545,2.27716462587585,1.32881590398611,2.61926482057034,1.98025242879475,1.66159985908592,45.1743932914043
"Media Estatal",1995,"mujeres",0.0102020414849663,0.661508612449508,1.10890337319852,0.455067163256178,1.09327749040681,0.665791736159196,12.3538814756006
"Media Estatal",1995,"total",0.0541845676887845,1.41755575722435,1.21540421443138,1.44183395057108,1.50526129319491,1.1268479566221,27.5496815329235
"Media Estatal",1996,"hombres",0.096006336880584,2.32879640608935,1.25806497331576,2.54341423846673,1.84477562225712,1.61421151540191,43.6125364858569
"Media Estatal",1996,"mujeres",0.0105035160309411,0.639877052922334,1.00897752289216,0.455960838139703,1.03450081256761,0.629963948510552,11.1730452273478
"Media Estatal",1996,"total",0.0512203577130101,1.43083715654565,1.12779125221178,1.40975070157759,1.41037277040838,1.08599444769128,26.2032041928511
"Media Estatal",1997,"hombres",0.102612457826026,2.22283396860675,1.20886406044383,2.35268880707181,1.74024791085001,1.52544944095969,40.6870565204354
"Media Estatal",1997,"mujeres",0.0109215851090789,0.619165372508627,0.925133496832903,0.45346950183288,0.964333748480077,0.594604740952713,10.007652755916
"Media Estatal",1997,"total",0.0547109289111221,1.37013425808156,1.05899045273615,1.32150230372603,1.3247043866877,1.02600846602851,24.2261459879438
"Media Estatal",1998,"hombres",0.0961881605189466,2.18866788019211,1.29929267880741,2.42921737461379,1.68694171824826,1.5400615624761,41.1686526189629
"Media Estatal",1998,"mujeres",0.0108215965504693,0.606659218766411,0.988492922683082,0.428466138177124,0.928118493144632,0.592511673864344,9.93866804739283
"Media Estatal",1998,"total",0.0517000662118938,1.34972248189864,1.13433573690061,1.34515327121524,1.28130030019766,1.03244237128481,24.4381989513856
"Media Estatal",1999,"hombres",2.20231654808546,2.18650438531574,1.25781733397495,2.58667425632746,1.70147692039794,1.98695788882031,55.8977613915558
"Media Estatal",1999,"mujeres",0.959286124774757,0.597802069516168,0.906227986873265,0.458595428055599,0.924755558579041,0.769333433559766,15.7664781643845
"Media Estatal",1999,"total",1.54015556715209,1.34341864283435,1.07212485128444,1.43500610195224,1.28623278980849,1.33538759060632,34.4228706179117
"Media Estatal",2000,"hombres",2.17386236100218,2.08388612689415,1.18754486971304,2.10510215255827,1.55012480459305,1.82010406295214,50.3984811212528
"Media Estatal",2000,"mujeres",0.943726955054467,0.555599561959295,0.831657924523788,0.356351390024263,0.878732596964647,0.713213685705292,13.9168458856837
"Media Estatal",2000,"total",1.51869421281205,1.27456737952893,0.999798276444209,1.15870673217778,1.19112632921325,1.22857858603524,30.9025878286366
"Media Estatal",2001,"hombres",2.17341995370646,1.94527997392453,1.15362876386104,1.87320820096591,1.52314159801887,1.73373569809536,47.5518946413572
"Media Estatal",2001,"mujeres",0.947069681070372,0.529001540127722,0.854083745521995,0.306933471130234,0.853804941018044,0.698178675773674,13.4213119472166
"Media Estatal",2001,"total",1.52063635265651,1.1959217334444,0.996335255426889,1.02734648962121,1.16667108648397,1.1813821835266,29.3470571490455
"Media Estatal",2002,"hombres",2.11369011595795,1.87245680067601,1.14782676685276,2.00587589306983,1.44642782922558,1.71725548115643,47.0087286013156
"Media Estatal",2002,"mujeres",0.929127008982458,0.488233264263995,0.760947234308797,0.337068533597288,0.796613053623921,0.662397818955292,12.2420224767353
"Media Estatal",2002,"total",1.48472689723231,1.14117199045033,0.943864115062215,1.10677644566582,1.10022357083351,1.15535260384884,28.4891568089043
"Media Estatal",2003,"hombres",2.10100243141149,1.84606708035603,1.17101527113712,1.91334250182827,1.41393766264371,1.68907298947532,46.0798711438167
"Media Estatal",2003,"mujeres",0.920896062671859,0.490359326451506,0.755910934506642,0.299294489496045,0.74989186793781,0.643270536212772,11.6116126670522
"Media Estatal",2003,"total",1.47496834199025,1.13087356381642,0.952347672360995,1.04412832096326,1.05975839806057,1.1324152594383,27.7331724320781
"Media Estatal",2004,"hombres",2.06587701155658,1.68656949379569,1.09767644183265,1.6364351253799,1.31140787405608,1.55959318932418,41.8123890727941
"Media Estatal",2004,"mujeres",0.903410984335459,0.454390965215664,0.673974021210171,0.274257748826384,0.693126783947446,0.599832100707025,10.1799395837012
"Media Estatal",2004,"total",1.45011586168976,1.03856990641974,0.874301476952411,0.904592685270804,0.983413102469365,1.05019860656042,25.0234208593517
"Media Estatal",2005,"hombres",1.99731463386679,1.6805799362428,1.15473976609227,1.86119388516857,1.29081693616538,1.59692903150716,43.0429287935569
"Media Estatal",2005,"mujeres",0.89271610840038,0.429648338361297,0.68121601798603,0.300582552698201,0.688113771266627,0.598455357742507,10.1345639659553
"Media Estatal",2005,"total",1.41281666163493,1.02217085051162,0.905581357545405,1.02330046651736,0.971182636320183,1.0670103945059,25.5775150389491
"Media Estatal",2006,"hombres",1.96917160225046,1.56936956150127,1.0097710747462,1.40447531689763,1.20983785872286,1.43252508282369,37.6243932181769
"Media Estatal",2006,"mujeres",0.886703091613864,0.385648931716625,0.597531550339083,0.228728016677252,0.638499667448859,0.547422251559136,8.45258063410035
"Media Estatal",2006,"total",1.39725441217959,0.948571625399513,0.794153252730193,0.774951631343342,0.90793859347828,0.964573903026184,22.2013444679576
"Media Estatal",2007,"hombres",1.94621374187696,1.50922307090608,1.03892190862096,1.54204675450389,1.19402395462726,1.44608588610703,38.0713392654582
"Media Estatal",2007,"mujeres",0.876598219356766,0.382631566105178,0.617511049225709,0.261328694813316,0.619211290743841,0.551456164048962,8.58553302672305
"Media Estatal",2007,"total",1.38151728097485,0.918639304505242,0.817646208379951,0.856874650846687,0.889643816432371,0.97286425222782,22.4745833557162
"Media Estatal",2008,"hombres",1.88719745638951,1.40014981712353,1.01444277982431,1.41198586036559,1.10969387698823,1.36469395813823,35.3887695292728
"Media Estatal",2008,"mujeres",0.872864232049419,0.353790586736092,0.569700325264185,0.249138886657135,0.584457394075049,0.525990284956376,7.7462115084354
"Media Estatal",2008,"total",1.35199998825895,0.853251491737804,0.780714158927007,0.790555313865613,0.832617224243806,0.921827635406636,20.7924843179063
"Media Estatal",2009,"hombres",1.86431187782067,1.32634984197599,0.922316067853303,1.41973821112203,1.02010482058266,1.31056416387093,33.6047234751839
"Media Estatal",2009,"mujeres",0.862013698962406,0.312865501886892,0.565007608408881,0.239107233264443,0.56468302930664,0.508735414365852,7.17751391393092
"Media Estatal",2009,"total",1.33567503841447,0.796777137534887,0.735971568286751,0.790554457363248,0.780354275773231,0.887866495474518,19.6731702967028
"Media Estatal",2010,"hombres",1.83242986928153,1.26574446431344,0.905111219793383,1.30259156991236,0.932534834167049,1.24768239149355,31.5322238582448
"Media Estatal",2010,"mujeres",0.86894509450355,0.309802846436992,0.492054298580361,0.251261113863286,0.486555036762416,0.481723678029321,6.28724299608288
"Media Estatal",2010,"total",1.32500233861244,0.767043757070247,0.687285144337682,0.741928074261311,0.697631904260935,0.843778243708523,18.2200801333376
"Media Estatal",2011,"hombres",1.81712424990595,1.18798756475153,0.876994571033867,1.26163585225954,0.869326552066692,1.20261375800352,30.0468216166619
"Media Estatal",2011,"mujeres",0.867644484284525,0.292670862948564,0.437974546258784,0.242220951055038,0.45726143981847,0.459554456873076,5.55657494050684
"Media Estatal",2011,"total",1.31752549957911,0.721538126834339,0.646608508151412,0.720167684554788,0.652475557703912,0.811663075364711,17.1616068814859
"Media Estatal",2012,"hombres",1.80769044533679,1.16206437544575,0.847588244085962,1.26028651459233,0.844919474642936,1.18450981082075,29.4501395865152
"Media Estatal",2012,"mujeres",0.855013486064305,0.284748650678067,0.370571703312973,0.238770573443342,0.444434711755115,0.43870782505076,4.86949767100924
"Media Estatal",2012,"total",1.30739968664563,0.705483229244038,0.597119528994213,0.71896926408202,0.635620010338426,0.792918343860866,16.5438054520319
"Media Estatal",2013,"hombres",1.74887206792106,1.13941710302562,0.740200023978841,1.15432904801659,0.769294609084264,1.11042257040527,27.0083226405859
"Media Estatal",2013,"mujeres",0.866335576444444,0.264502405738805,0.372252637886605,0.244779706153826,0.434705541326606,0.436515173510057,4.79723079133359
"Media Estatal",2013,"total",1.28565313180495,0.684985141622912,0.548498201287522,0.672959344957131,0.594454015698142,0.757309967074132,15.3702006940834
"Media Estatal",2014,"hombres",1.70632477094485,1.1143103842384,0.799063324774069,1.08572102654991,0.765942105138592,1.09427232232916,26.4760319355731
"Media Estatal",2014,"mujeres",0.838285864637607,0.251392975358395,0.374110856349937,0.249069385821783,0.423573549545483,0.427286526342641,4.49306685007966
"Media Estatal",2014,"total",1.2511862312086,0.666371517673616,0.576687037066065,0.643645269977521,0.587699521608679,0.745117915506897,14.9683668836247
"Media Estatal",2015,"hombres",1.66941254391254,1.08837628852559,0.793803199793171,1.21367824360867,0.78124636836735,1.10930332884147,26.971433926662
"Media Estatal",2015,"mujeres",0.838275915991582,0.257220686963623,0.349531151312424,0.266615816171494,0.417502590256639,0.425829232139152,4.44503637058916
"Media Estatal",2015,"total",1.23357630986663,0.656979761185194,0.561065919513536,0.713432337600285,0.590677858646554,0.75114643736244,15.1670589491305
"Media Estatal",2016,"hombres",1.66639628665241,1.07188699445275,0.741176058324866,1.07438169327754,0.765405222392978,1.06384925102011,25.4733279523627
"Media Estatal",2016,"mujeres",0.844650491063439,0.239768189974128,0.33017466927046,0.290804929033353,0.392787422141598,0.419637140296596,4.24095325577596
"Media Estatal",2016,"total",1.23513440280706,0.639926749991107,0.526554500015074,0.660318881289117,0.570835167911186,0.726553940402709,14.3565229447898
"Media Estatal",2017,"hombres",1.62841517426343,1.03916633459612,0.766664002738593,1.09109441097363,0.743117366596008,1.05369145783356,25.1385405936074
"Media Estatal",2017,"mujeres",0.851703878139181,0.246686567929946,0.328960751237833,0.291514574339901,0.390519600965208,0.421877074522414,4.3147785098912
"Media Estatal",2017,"total",1.22044066224707,0.627575574218863,0.537294489849062,0.668372012383346,0.558566242799162,0.722449796299501,14.2212558115622
"Media Estatal",2018,"hombres",1.60030457713415,1.01084266091242,0.722433102532953,1.02769000840491,0.73281817152737,1.01881770410236,23.9891480348962
"Media Estatal",2018,"mujeres",0.825848211716282,0.233781325759752,0.300991561404826,0.296693098959268,0.395412327009651,0.410545304969956,3.9412984509042
"Media Estatal",2018,"total",1.19364692731631,0.607726781913401,0.50150598999666,0.641297545414837,0.556817463256093,0.700198941579459,13.4878972222543
"Media Estatal",2019,"hombres",1.53469760387671,0.962466804145862,0.69490308343679,0.984563443443702,0.705098237080238,0.976345834396661,22.5893316752763
"Media Estatal",2019,"mujeres",0.826340143773676,0.216761318229913,0.280453767457066,0.323912814709254,0.379889313617336,0.405471471557449,3.77407164723326
"Media Estatal",2019,"total",1.1622998426268,0.574974980893565,0.477896449012673,0.635541715715777,0.535018057782255,0.677146209206214,12.7281098115843
"Media Estatal",2020,"hombres",1.48644243132566,0.989176448300352,0.809853071020035,0.872351234052841,0.710923094680371,0.973749255875852,22.5037518993528
"Media Estatal",2020,"mujeres",0.824224814882262,0.214088863654198,0.314299225575787,0.294471622463248,0.375227117448537,0.404462328804806,3.74081164375025
"Media Estatal",2020,"total",1.13820079246681,0.586794692768056,0.54968113959267,0.567302353128624,0.535479146867012,0.675491624964634,12.6735769147332
"Media Estatal",2021,"hombres",1.46788489975723,0.991844670805455,0.774390667743363,0.796217230702727,0.693001330144868,0.944667759830729,21.5452644532322
"Media Estatal",2021,"mujeres",0.809083185170043,0.227625863102791,0.301568862701065,0.26235236763426,0.373212444569354,0.394768544635503,3.4213174053086
"Media Estatal",2021,"total",1.0629913629085,0.564566832425632,0.499580114081399,0.48756565617928,0.498647953298664,0.622670383778695,10.9326590304993
"Media Estatal",2022,"hombres",1.44041927101256,0.996056125658399,0.758305577690814,0.85593561395485,0.69513515911284,0.949170349485893,21.6936638221233
"Media Estatal",2022,"mujeres",0.818353802297255,0.237612443643507,0.312664937380088,0.31528429004949,0.366917665960221,0.410166627866112,3.92881775700852
"Media Estatal",2022,"total",1.1126653073141,0.602263210898612,0.525283463863149,0.570152376294268,0.523285323768572,0.666729936427741,12.384803309125
"Media Estatal",2023,"hombres",1.393175067187,0.975904515934201,0.772394250032887,0.887357110641223,0.673690045664198,0.940504197891903,21.4080389871379
"Media Estatal",2023,"mujeres",0.80553941880524,0.213177569370589,0.292040657226709,0.345394683313114,0.363585459356865,0.403947557614504,3.72384546970046
"Media Estatal",2023,"total",1.08350328587526,0.579772180250467,0.520582110586062,0.601220095793281,0.511581983609661,0.659331931222947,12.1409748931409
"Media Estatal",2024,"hombres",1.3348342180462,0.914063995809902,0.688978763684484,0.850711690820587,0.653061479341166,0.888330029540467,19.6884477632531
"Media Estatal",2024,"mujeres",0.798357171168371,0.21351899209419,0.259614503848839,0.354347562553531,0.349599979784997,0.395087641889986,3.4318344265801
"Media Estatal",2024,"total",1.05205353439653,0.550548479718731,0.464061961721093,0.589399817469976,0.494532752730165,0.630119309207299,11.1781657093623
"Melilla",1990,"hombres",0,1.62133431258795,3.48363369933267,1.62429368972983,3.11815442233105,1.9694832247963,55.3218196976966
"Melilla",1990,"mujeres",0.0472283666814155,1.25368636533027,2.03218023643915,0,3.40069003928601,1.34675700154737,34.7975912870228
"Melilla",1990,"total",0.0258050049130016,1.43960022499323,2.65039714539229,0.691163317827515,3.25622176391758,1.61263749140872,43.560658747689
"Melilla",1991,"hombres",0,2.92960041668242,2.70311523010358,2.57386714475031,4.01911164287678,2.44513888688262,70.9987979411314
"Melilla",1991,"mujeres",0,1.39779997506872,2.23653776917813,0,1.91629226162438,1.11012600117425,26.9985481130167
"Melilla",1991,"total",0,2.10426247977352,2.44967998195766,1.18272596189501,2.86469908703283,1.72027350213181,47.1081985602386
"Melilla",1992,"hombres",0.113821439940452,1.88430146628908,1.5487504471826,5.8940608755761,3.25662186567052,2.53951121893175,74.1091845385014
"Melilla",1992,"mujeres",0,0.449103003699319,4.62260758108098,0.225654283862145,0.552973296940706,1.17006763311663,28.9741446101024
"Melilla",1992,"total",0.05346069395691,1.07563558448955,3.24732466611797,2.73401520801641,1.76970337466076,1.77602790544832,48.9457895686898
"Melilla",1993,"hombres",0.114444133397484,1.69837626434207,7.03458630978084,1.79844053699938,4.28217479088096,2.98560440708015,88.8118229439237
"Melilla",1993,"mujeres",0.0480840223125869,0.613593447152132,3.77879592995815,0.523585172611235,1.68128161334758,1.32906803707634,34.2145865353398
"Melilla",1993,"total",0.0775745686031537,1.0799477734254,5.20385011379417,1.1113125548445,2.85331731771876,2.06520046567719,58.4765327021201
"Melilla",1994,"hombres",0.174102187690364,1.80423612028727,3.34240771604784,2.5908079602216,3.86044589307028,2.35439997546347,68.0081640571332
"Melilla",1994,"mujeres",0,0.983193794576121,5.08749505558272,0.408373620468022,3.16975057387095,1.92976260889956,54.0126810058586
"Melilla",1994,"total",0.0777726917251669,1.35094179069213,4.26820395946111,1.38082174243719,3.48452423284211,2.11245288343154,60.0339095697377
"Melilla",1995,"hombres",0.0946716512705361,1.94517628935981,3.4369214634666,3.61199128182778,4.80360082954073,2.77847230309309,81.9850241763466
"Melilla",1995,"mujeres",0,0,2.70652555196334,0.415924907828747,2.96615699911582,1.21772149178158,30.5447524364223
"Melilla",1995,"total",0.0480036144618819,0.862521543993927,2.99109207969894,1.85881062996886,3.77494159353688,1.9070738923321,53.2648910721922
"Melilla",1996,"hombres",0.175407535905061,2.17799090570455,5.11119964396494,3.12589004346324,1.65238917804126,2.44857546141581,71.1120628688577
"Melilla",1996,"mujeres",0,0.298095493129093,1.97955759014896,0,1.77749941129374,0.811030498914358,17.1407580026856
"Melilla",1996,"total",0.0772453280758515,1.16728667507563,3.32974887346535,1.40743777729827,1.78906250382703,1.55415623154843,41.6331941728803
"Melilla",1997,"hombres",0.207721377651186,3.3423623945638,0.749175159600508,1.66115226356203,2.28503862380244,1.64908996383599,44.7620837757338
"Melilla",1997,"mujeres",0,0.8543553478466,1.88024588789242,0.44208370706326,1.28063763029976,0.891464514620407,19.7917562242247
"Melilla",1997,"total",0.0970767874425593,1.9781909833718,1.39390562490387,0.973366347992976,1.6899727149084,1.22650249172392,30.8341625202798
"Melilla",1998,"hombres",0.0610865552846032,2.29025925621623,3.24661052605861,3.05605170290506,1.80106535424574,2.09101467894205,59.3273348516193
"Melilla",1998,"mujeres",0.0489273757632428,0.563406432243199,4.71838172387447,0,1.6819129030939,1.40252568699496,36.6356530155264
"Melilla",1998,"total",0.0571779878561494,1.34483451309344,4.02710706591634,1.34289345802589,1.67879798506751,1.69016220199186,46.115770140266
"Melilla",1999,"hombres",2.41602760302561,2.29158049144565,6.56886492994614,0.599243899599815,3.5901088804402,3.09316516089148,92.3568823887154
"Melilla",1999,"mujeres",0.689324787613491,0.954217590983437,2.56539035700489,0,0.941722090544418,1.03013096522925,24.3620180807831
"Melilla",1999,"total",1.45636878545411,1.54647607104057,4.3463451812769,0.251264734309413,2.04729938898011,1.92955083221222,54.0057011277986
"Melilla",2000,"hombres",2.34773796487257,2.23582796869083,0,3.18520240633792,2.49379540531778,2.05251274904382,58.0583624300627
"Melilla",2000,"mujeres",0.966921024364856,0.133341132765182,2.49637410907389,0.487408782527397,1.97229369227648,1.21126774820156,30.3320456282054
"Melilla",2000,"total",1.589347341766,1.10442015627632,1.3954803226925,1.67727054654679,2.19894482845574,1.59309263914747,42.9164864018225
"Melilla",2001,"hombres",2.22077933963017,2.84100483471512,3.24506318997222,2.65404370953854,2.39481423453491,2.67114106167819,78.4475291550073
"Melilla",2001,"mujeres",0.911796805654698,0.702727289186707,2.635459890969,0.820796906156581,2.19996017757851,1.4541482139091,38.337062871039
"Melilla",2001,"total",1.48645901636868,1.65519056589784,2.85566088357519,1.65914109939643,2.31375607460221,1.99404152796807,56.1312287202463
"Melilla",2002,"hombres",2.15752730327651,3.10342836527739,3.31069185114953,1.42526161416364,1.17437146018676,2.23425611881077,64.0483822717857
"Melilla",2002,"mujeres",0.676737292625475,0.847636599717463,2.56182544854951,0.838298263840886,0.932939928722192,1.1714875066911,29.0209417554109
"Melilla",2002,"total",1.35234810203638,1.84200821770351,2.88612503975934,1.10766760753557,1.09236081703444,1.65610195681385,44.9931897419169
"Melilla",2003,"hombres",2.07735988997716,2.351041440396,0.809860514862265,2.81663344565218,2.12925702689558,2.03683046355664,57.5414951498299
"Melilla",2003,"mujeres",1.27357818389937,0.91059768990777,4.28074328835416,0,1.17866261917803,1.52871635626787,40.7947297056653
"Melilla",2003,"total",1.59367044063132,1.59259736899527,2.78398975924242,1.23461680742696,1.60572640259569,1.76212015577833,48.487408629766
"Melilla",2004,"hombres",2.26339050689259,0.936289916693391,4.41121579099152,1.1430681923437,1.65686309818904,2.08216550102205,59.03567771226
"Melilla",2004,"mujeres",1.1939330410864,0.949198988155652,4.60469741832615,0.487353078666537,1.18840392597278,1.6847172904415,45.9363130945156
"Melilla",2004,"total",1.66703787910003,0.952018542248034,4.53577607541397,0.724229358205349,1.37527978320788,1.85086832763505,51.4124303844527
"Melilla",2005,"hombres",1.9097624327822,1.54695866979904,2.70911404487796,2.7650561171979,1.15603002546482,2.01738425802439,56.9005740690016
"Melilla",2005,"mujeres",0.901024513336789,1.13683038274514,1.9906228810142,1.99970780373844,0,1.20563711616691,30.1464674822064
"Melilla",2005,"total",1.3402025926407,1.35388979759649,2.20383327880047,2.30843952909082,0.54948883289953,1.5511708062056,41.5347985226708
"Melilla",2006,"hombres",2.40783729021985,1.84925531533882,2.4869076093612,1.97055665348843,1.09439681710793,1.96179073710324,55.0682855304106
"Melilla",2006,"mujeres",0.965258590383885,0.852024681723848,1.9420541326382,0,0.653395056410055,0.882546492231197,19.4978300626883
"Melilla",2006,"total",1.62738566461196,1.29743991686526,2.1612789982216,0.853207050711905,0.85938062759447,1.35973845160104,35.2254426220978
"Melilla",2007,"hombres",1.84186786474054,1.21044836376997,3.25166111157089,1.96073773208815,1.37344654229175,1.92763232289226,53.9424696112495
"Melilla",2007,"mujeres",0.823677208903304,0.822210504772523,1.26331411176658,0.467758259923558,1.34702138792685,0.944796294658563,21.549500790272
"Melilla",2007,"total",1.29007739343251,0.99715657065159,2.25854902012307,1.14382079788172,1.33068187407849,1.40405713123347,36.6861273815896
"Melilla",2008,"hombres",1.79473790605739,2.09263753647385,1.91975593769569,0.885559803755061,1.36952826232396,1.61244388926119,43.5542778782982
"Melilla",2008,"mujeres",0.81393801823185,0.383372185492128,1.16739693343365,0.39083296871314,1.62217257678277,0.875542536530708,19.2669889944816
"Melilla",2008,"total",1.27368495588628,1.24569391196652,1.56043212342422,0.673148330886526,1.46933190142938,1.24445824471859,31.4259602670094
"Melilla",2009,"hombres",1.39781504170306,0.876492829638801,1.95391638241704,1.56900244247898,1.11788039566934,1.38302141838145,35.9928182527338
"Melilla",2009,"mujeres",0.735174595514506,0.95811976403838,1.26521785754125,0.404321595761048,0.716514195198128,0.815869601610663,17.3002483940225
"Melilla",2009,"total",1.0401727567548,0.917468129286257,1.68181127529841,0.912133780023464,0.927118985543762,1.09574098538134,26.5244371172015
"Melilla",2010,"hombres",1.47457993090756,1.36484012257168,5.02765233364903,1.717660216874,0.251347161631411,1.96721595312674,55.2470934377803
"Melilla",2010,"mujeres",0.711721795365701,0.359541175555901,2.53993843227779,0.437580307670425,0.384578721195586,0.88667208641308,19.6338041619914
"Melilla",2010,"total",1.07423634364401,0.859506275180609,3.72661011334036,1.06520830540411,0.327197990943815,1.41055180570258,36.9001832174936
"Melilla",2011,"hombres",1.84568918303658,2.15891992659734,3.12741171248762,1.07894689012539,1.46666526578512,1.93552659560641,54.2026543445599
"Melilla",2011,"mujeres",0.702918367937934,0.672465531233802,0,0,1.17743697846744,0.510564175527836,7.2377874505122
"Melilla",2011,"total",1.27209600409037,1.3461628818515,1.47584415966323,0.54894149146178,1.33524213546223,1.19565733450582,29.8175471466658
"Melilla",2012,"hombres",2.15253799709748,0.968462864525043,0.536629619113208,0,0.383398258282827,0.808205747803711,17.047657961554
"Melilla",2012,"mujeres",1.30922018005945,0,1.98786908743855,0,0.178770185074792,0.695171890514559,13.3222123025639
"Melilla",2012,"total",1.71255412063606,0.474362648127272,1.34858142472316,0,0.273760163346493,0.761851671366596,15.5198892294175
"Melilla",2013,"hombres",1.63434285421077,1.41316273649859,0.800748811891847,2.17231673122656,0.831277181707983,1.37036966310715,35.5758332192614
"Melilla",2013,"mujeres",1.08721633256385,0.280671426836285,3.21034266538818,0,0.866161140163571,1.08887831299038,26.2982525590423
"Melilla",2013,"total",1.34758502948267,0.809988701049091,2.0432021720204,1.05841586599779,0.845863448912041,1.2210110434924,30.6531716873883
"Melilla",2014,"hombres",1.87970751859473,0.956584445902226,0,0,1.92625124355371,0.952508641610133,21.8036894923159
"Melilla",2014,"mujeres",0.902133578834987,0,0,0.430634588501053,1.60629338539182,0.587812310545571,9.78378328015753
"Melilla",2014,"total",1.39002813337616,0.454354333929534,0,0.215137563620935,1.79678036249187,0.7712600786837,15.829977826216
"Melilla",2015,"hombres",1.39596659634167,1.40060631411172,1.24067672482324,2.3544118539634,0.571704801907919,1.39267325822959,36.3109300621146
"Melilla",2015,"mujeres",1.08274376021171,0.476674610747691,1.28531581559867,0.42636029978144,0.492732402459446,0.752765377759792,15.2204170722639
"Melilla",2015,"total",1.21575712279058,0.904817112141166,1.32274080212735,1.41062998771708,0.571681232001325,1.0851252513555,26.1745566372105
"Melilla",2016,"hombres",1.42838390452866,1.0500627992516,0.657317674209357,1.34623221969441,1.43363092135062,1.18312550380693,29.4045146677603
"Melilla",2016,"mujeres",1.14804424735861,0.80030864033666,2.55156357634614,0.427119148099235,0.244538742101967,1.03431487084852,24.4999140475383
"Melilla",2016,"total",1.28679894795835,0.959739101903317,1.71726586213306,0.934499290734138,0.864741628452808,1.15260896623634,28.398730160832
"Melilla",2017,"hombres",2.03536106137613,1.38405318737161,3.69860680538834,0.964704153695598,0.560138781815032,1.72857279792934,47.3817323159037
"Melilla",2017,"mujeres",1.02100358142022,0.261119180877282,1.08877538759305,0,0.136977401824485,0.501575110343008,6.94151981288278
"Melilla",2017,"total",1.54504518152309,0.804104934922036,2.35487690944252,0.482457811123707,0.327064806076505,1.10270992861757,26.754124221135
"Melilla",2018,"hombres",1.18040122558611,1.26674511505048,1.18500832358168,0.225785045425471,1.0018187641175,0.971951694752249,22.4445066745564
"Melilla",2018,"mujeres",1.23852002023413,0.379249680825789,0.688734381526347,0.72104341512992,0.269388339231903,0.659387167389619,12.1427954037585
"Melilla",2018,"total",1.20461617552806,0.83911350054863,0.954013705943277,0.478019807915564,0.641795755467319,0.823511789080569,17.552124732827
"Melilla",2019,"hombres",1.5320491840431,0.775480665949383,0.694669475718819,0.693800573243472,1.32715509557242,1.00463099890544,23.5215730926729
"Melilla",2019,"mujeres",0.943172765055151,0.303786506817291,0.348518715683375,0.440541095479579,0.575569817781991,0.522317780163477,7.62517063301587
"Melilla",2019,"total",1.24509344273121,0.542377423975055,0.5102504869625,0.592802850108565,0.937541695843796,0.765613179924226,15.643863550593
"Melilla",2020,"hombres",1.31353064453951,1.2653936335781,2.30251114931476,1.0836429552206,0.64732157919818,1.32247999237023,33.9974533405589
"Melilla",2020,"mujeres",1.32060339239598,0.716000212120207,2.30093653913366,0.342960480662516,0.607628417309827,1.05762580832444,25.2682115551114
"Melilla",2020,"total",1.32037868403208,0.994407129368208,2.32301120751494,0.713173293478397,0.623135750418168,1.19482121296236,29.7899896922077
"Melilla",2021,"hombres",1.43856754366251,1.5502740233006,1.50189983812377,1.645344930938,0.779033308683513,1.38302392894168,35.9929009974614
"Melilla",2021,"mujeres",0.851858868509634,0.59868809283472,0.97402176668761,0,0,0.484913745606393,6.39238338226369
"Melilla",2021,"total",1.14826227102508,1.08253168398445,1.24937265717839,0.822694725552243,0.38343175648945,0.937258618845922,21.3010690167437
"Melilla",2022,"hombres",1.20943480392603,0.908372214773229,0.969101913372702,0.648891507150021,0.633624565797662,0.873885001003928,19.212358827194
"Melilla",2022,"mujeres",0.766720204969175,0.626314139241939,1.05545043999147,0.818530531855118,0.306542352374363,0.714711533686413,13.9662129637692
"Melilla",2022,"total",0.990014533808928,0.775849542788263,1.01222258525526,0.743567424736491,0.46730662651209,0.797792142620206,16.7044393794783
"Melilla",2023,"hombres",1.70627546608211,1.15953274489073,1.4670177658707,0.622837857373692,0.902659499891166,1.17166466682168,29.0267807177823
"Melilla",2023,"mujeres",1.04675253990454,0.424199011317769,0.355772057454925,0.88655393595552,0.156066669726644,0.57386884287188,9.32422512331839
"Melilla",2023,"total",1.37333283516174,0.798428302340114,0.935137984987407,0.74913167060979,0.525245019474701,0.876255162514751,19.2904761994873
"Melilla",2024,"hombres",1.21121668156553,0.908558990600103,1.86044506591624,0.610924898193176,0.588785568421973,1.0359862409394,24.5550001836657
"Melilla",2024,"mujeres",0.834235152674168,0.569273570064004,1.15245495172578,0.347117577397819,0.198735402325309,0.620363330837416,10.8566216327561
"Melilla",2024,"total",1.0275864915393,0.742353249979393,1.50281688290005,0.482330736262767,0.396553579648105,0.830328188065923,17.7767841810574
"País Vasco",1990,"hombres",0.127740977639691,1.96133299273157,1.10017765575804,2.70891676754254,2.01054054550243,1.58174178783485,42.5423774333897
"País Vasco",1990,"mujeres",0.0135552984753682,0.511451631176384,1.04136458724722,0.478874426671868,1.13943418651203,0.636936026016574,11.4028356326466
"País Vasco",1990,"total",0.0670746389637765,1.18172536706021,1.08160199292133,1.4536539106,1.53498840677641,1.06380886326435,25.4719968256278
"País Vasco",1991,"hombres",0.165075137051586,2.13834530760691,1.13009351804854,2.71592152708349,2.03682339732829,1.63725177742376,44.3719128903243
"País Vasco",1991,"mujeres",0.00978807786913315,0.491711615070157,1.25720800020269,0.508921709716401,1.14962695857389,0.683451272286455,12.9359163081976
"País Vasco",1991,"total",0.0832256373944488,1.25498567208464,1.20453351372301,1.48961237710806,1.55681599122771,1.11783463830757,27.2526145443836
"País Vasco",1992,"hombres",0.136457854915332,1.9592565186509,1.01973762412062,2.09240304744771,1.87433838317015,1.41643868566094,37.0942069543796
"País Vasco",1992,"mujeres",0.0123000093987162,0.434123694656229,0.698427427370538,0.541111941756435,0.941899186919453,0.525572452020274,7.73244029036574
"País Vasco",1992,"total",0.0716080901477986,1.14770837213353,0.844296571221647,1.23460473007451,1.36450210764954,0.932543974245404,21.1456805987784
"País Vasco",1993,"hombres",0.159999392732502,2.0444680334064,1.10165575023196,2.34574061404864,1.62588857094945,1.45555047227379,38.3832794424523
"País Vasco",1993,"mujeres",0.0191616647570341,0.482472768248195,0.878613525878431,0.418497511670214,0.812299268894653,0.522208947889705,7.62158366596364
"País Vasco",1993,"total",0.0875048308703859,1.20840742779908,0.984628889775296,1.28402016530407,1.18739359985704,0.950390982721173,21.7338942707398
"País Vasco",1994,"hombres",0.168285750372458,1.73833521263756,1.07414997876646,2.00352216184002,1.72555191296121,1.34196900331554,34.6397852308923
"País Vasco",1994,"mujeres",0.0135624210060382,0.485940359235666,0.690749589996256,0.34215370712322,0.856167016150973,0.477714618702431,6.15510973066851
"País Vasco",1994,"total",0.0873769228905081,1.07322693948991,0.868110789345791,1.09195732184511,1.25629935450157,0.875394265614578,19.2621021822105
"País Vasco",1995,"hombres",0.161232843634104,1.82524094121694,1.0806305567643,2.05743274824612,1.755287114173,1.37596484080689,35.7602428375182
"País Vasco",1995,"mujeres",0.0106455789717591,0.413960311937471,0.908812025042898,0.456390021922259,0.75127749917638,0.508217087410153,7.16043054658102
"País Vasco",1995,"total",0.0830056827829035,1.07548513415057,0.995462169133253,1.18252413719171,1.21584928797065,0.910465282245818,20.4179962638483
"País Vasco",1996,"hombres",0.137566727924184,2.2055999462871,1.26874673813691,2.23764802476113,1.64232549345009,1.49837738611188,39.7947975846485
"País Vasco",1996,"mujeres",0.0161835718754048,0.48364591794656,0.756615493686264,0.481812935165278,0.820491164009361,0.511749816536573,7.27686460186361
"País Vasco",1996,"total",0.0745134709892863,1.29747346391284,0.994569623837354,1.28743663666693,1.20606452337958,0.972011543757198,22.4464792181909
"País Vasco",1997,"hombres",0.131267650513568,2.0175424481601,1.04530947112227,1.8769351280169,1.63692402375671,1.34159574431391,34.6274831104423
"País Vasco",1997,"mujeres",0.00929550019706071,0.456298712380908,0.756588819100875,0.34264823867624,0.724766709328291,0.457919595936675,5.50269209757256
"País Vasco",1997,"total",0.0680999693574477,1.19396614734326,0.8897229097544,1.04378450566356,1.14754735303003,0.868624177029738,19.0389690632119
"País Vasco",1998,"hombres",0.117146710651606,1.82080638354434,1.07005137504861,2.24007694981385,1.62148148678661,1.373912581169,35.6926030883098
"País Vasco",1998,"mujeres",0.0165088756414476,0.416156459711216,0.825222041085464,0.406751643733879,0.900809677372232,0.513089739508848,7.32102668161703
"País Vasco",1998,"total",0.0647533135502292,1.07925986087361,0.938581455559274,1.24819814518334,1.233119828398,0.912782520712891,20.4943693629802
"País Vasco",1999,"hombres",2.28154601691874,1.75753492901403,1.19999223247515,2.2088487025096,1.61902173477974,1.81338872313945,50.1771524489966
"País Vasco",1999,"mujeres",0.959201045518387,0.361629884981633,0.695394429316385,0.366203508174705,0.787230490549348,0.633931871708092,11.3038227006289
"País Vasco",1999,"total",1.58246828595527,1.01922890392575,0.923601634763192,1.22075801750138,1.17178433545002,1.18356823551912,29.4191065163873
"País Vasco",2000,"hombres",2.39428607946706,1.77674101462493,1.03815106088891,2.00374694268714,1.60930156452661,1.76444533243893,48.5640433612026
"País Vasco",2000,"mujeres",0.991443585371439,0.369879484314774,0.545761423178355,0.364540811653144,0.633520316257321,0.581029124155006,9.56021847489563
"País Vasco",2000,"total",1.6526700544967,1.0397088028109,0.775717140908801,1.1221299819559,1.08862382485871,1.1357699610062,27.8437389357176
"País Vasco",2001,"hombres",2.38554180751117,1.50370731842237,0.808413978522045,1.55840279287713,1.49893471788225,1.55100012304299,41.5291730325525
"País Vasco",2001,"mujeres",0.939050590079941,0.335629107958633,0.545647105299453,0.327231893728408,0.754547624251472,0.580421264263581,9.54018422101725
"País Vasco",2001,"total",1.62232316216496,0.893218299175711,0.672906598050837,0.897771711030053,1.1049476317975,1.03823348044381,24.629066210051
"País Vasco",2002,"hombres",2.33268281942129,1.55249208789599,0.91922209419107,1.69612959820523,1.50896374914239,1.60189806977119,43.206701688458
"País Vasco",2002,"mujeres",0.98959988721155,0.277551781108894,0.621545921055177,0.455241762346033,0.655402613945986,0.599868393133528,10.1811357338284
"País Vasco",2002,"total",1.62393299516082,0.883835302035682,0.763166377457635,1.03052128923539,1.05464148675534,1.07121949012897,25.7162412347396
"País Vasco",2003,"hombres",2.30851820008605,1.41176844826532,1.0005190152565,1.50654904886423,1.20389271265527,1.48624948502547,39.3950780887506
"País Vasco",2003,"mujeres",0.936795599906734,0.320243864284141,0.520164967099029,0.290632771648678,0.588055168939864,0.531178474375689,7.91720733405563
"País Vasco",2003,"total",1.58531370642789,0.842215787513525,0.741235887972849,0.853022726854291,0.875209675685469,0.979399556890805,22.6899783087931
"País Vasco",2004,"hombres",2.21466009820776,1.32102703130482,0.98084769544701,1.535358721112,1.34360759105823,1.47910022742596,39.1594480631295
"País Vasco",2004,"mujeres",0.885937793719887,0.285839687427575,0.51663968361321,0.290199877819729,0.436764720278986,0.483076352571877,6.33182535063973
"País Vasco",2004,"total",1.51572594018858,0.779228384776196,0.735534746805067,0.866750654895934,0.864719150158237,0.952391775364803,21.7998377362422
"País Vasco",2005,"hombres",2.15782678702181,1.29954028731291,1.11108149484398,1.80630378000769,1.18852170012984,1.51265480986325,40.265362489817
"País Vasco",2005,"mujeres",0.842649688134706,0.231838021719079,0.500528206512575,0.277566339259773,0.564822197731982,0.483480890671623,6.34515838857843
"País Vasco",2005,"total",1.46432395133327,0.739753079242204,0.790338128952376,0.987966732357579,0.857281941534953,0.967932766684077,22.3120481485498
"País Vasco",2006,"hombres",2.16514394073525,1.16969421499764,0.781877811643586,1.32856406810241,1.28071116232379,1.34519823956053,34.7462165642935
"País Vasco",2006,"mujeres",0.909796717250427,0.216770781159416,0.613192985986902,0.255493432887172,0.532400237321853,0.505530830921154,7.07189510405183
"País Vasco",2006,"total",1.50377028421416,0.672163669064037,0.700239770954306,0.756787066103894,0.882811278582852,0.90315441378385,20.1770397590604
"País Vasco",2007,"hombres",2.13446712711,1.26302131073399,0.874562346507787,1.26983553074613,1.20634780328851,1.34964682367728,34.8928359824383
"País Vasco",2007,"mujeres",0.923529683140986,0.243609580065877,0.505533296196575,0.347994708603086,0.502583385285957,0.504650130658496,7.04286839427586
"País Vasco",2007,"total",1.49498611146111,0.729923362648517,0.67986949169187,0.776157967451832,0.832123821785364,0.902612151007738,20.1591674988921
"País Vasco",2008,"hombres",2.13255759226051,1.12821410786774,0.636707233517137,1.16106608286221,0.968820637742437,1.20547313085001,30.1410627441778
"País Vasco",2008,"mujeres",0.888813499877386,0.214531789073912,0.410817673123846,0.200494337169364,0.472110300014626,0.437353519851827,4.82486157218614
"País Vasco",2008,"total",1.47519649516647,0.649890210931055,0.519785253134497,0.645526988038792,0.702257564470075,0.798531302348177,16.7288011014076
"País Vasco",2009,"hombres",2.07288441791242,1.14729863609017,0.583683138814326,1.01053307348093,0.833324251751938,1.12954470360996,27.6385627283481
"País Vasco",2009,"mujeres",0.929892772669814,0.183996701170343,0.31797334988584,0.237603527446304,0.558780314070709,0.445649333048602,5.09828054596017
"País Vasco",2009,"total",1.46973638958474,0.642577779590579,0.442327116388658,0.599156575822892,0.693269346980676,0.769413441673508,15.7691151254435
"País Vasco",2010,"hombres",1.9357239723063,1.06316782528291,0.572309887850901,1.04073928949433,0.894765848311685,1.10134136464922,26.7090181722289
"País Vasco",2010,"mujeres",0.939301986815336,0.178762932146405,0.397294135420629,0.360202253225308,0.429855309577102,0.461083323436956,5.60696434984117
"País Vasco",2010,"total",1.40971212869309,0.600339226018607,0.482382205810227,0.677525130898627,0.646676197416112,0.763326977767333,15.5685133669823
"País Vasco",2011,"hombres",2.02145926591874,1.08594980215032,0.87384852485695,0.902065940151548,0.862134187100546,1.14909154403562,28.2828006014703
"País Vasco",2011,"mujeres",0.910333801015259,0.170310805102263,0.288648552867681,0.227594264634541,0.417373852154776,0.402852255154904,3.68774575682454
"País Vasco",2011,"total",1.43510218502122,0.608485680805916,0.564779134488844,0.543104463532429,0.626500612920107,0.755594415353703,15.313658390185
"País Vasco",2012,"hombres",1.95971661835339,0.969445181625757,0.655057745317257,1.00601820579354,0.86594830978186,1.09123721217436,26.3759987400161
"País Vasco",2012,"mujeres",0.836658064705931,0.189204508014567,0.256320398013544,0.171139121063349,0.336546682491962,0.35797375485787,2.20861005250299
"País Vasco",2012,"total",1.36850023761804,0.564608677280026,0.445280362817445,0.562358476236092,0.586479451014799,0.70544544099328,13.660814867771
"País Vasco",2013,"hombres",1.91335467750369,1.0135629367993,0.73351814807907,0.828230487247384,0.706978597478613,1.03912896942161,24.6585803362165
"País Vasco",2013,"mujeres",0.879110236463683,0.169917086634381,0.465581481364306,0.288650475821825,0.376380017129553,0.43592785948275,4.77787370182101
"País Vasco",2013,"total",1.36840572706484,0.575371656897281,0.593628003846732,0.542100765858652,0.531398702078704,0.722180971149241,14.2123956920097
"País Vasco",2014,"hombres",1.87838605727771,0.912168148170057,0.722449167984219,0.911263714701598,0.732418963043893,1.0313372102355,24.4017743124997
"País Vasco",2014,"mujeres",0.964860433438191,0.171022778373654,0.207447223839791,0.215258630021878,0.355831183533582,0.382884049841419,3.0296202571997
"País Vasco",2014,"total",1.39618043704366,0.52730564220571,0.450502270514024,0.541554247626105,0.534036308908215,0.689915781259544,13.1489779294575
"País Vasco",2015,"hombres",1.8079553352227,0.859188333074486,0.548105922278083,0.877049629040169,0.700379625681504,0.958535769059387,22.0023356000442
"País Vasco",2015,"mujeres",0.953694539382683,0.169722909347307,0.24919989941524,0.230090070926085,0.378798028549059,0.396301089524074,3.47182804733449
"País Vasco",2015,"total",1.35663451091258,0.500127094242982,0.391134880578846,0.53298200291719,0.531005353458627,0.662376768422045,12.2413286791459
"País Vasco",2016,"hombres",1.77616281545248,0.863978820368627,0.671540950323527,0.890175110939852,0.723371928653979,0.985045925147694,22.8760750997561
"País Vasco",2016,"mujeres",0.910730152867398,0.16845263658682,0.239112902763992,0.318111959835684,0.33447207251768,0.394175944914315,3.40178610635301
"País Vasco",2016,"total",1.31853242589624,0.501517182467883,0.442926155827078,0.586783246866902,0.519020033158439,0.673755808843308,12.6163667231226
"País Vasco",2017,"hombres",1.75802223596432,0.890375312626737,0.511017093027313,0.759941853005211,0.697720961217998,0.923415491168317,20.8448179327747
"País Vasco",2017,"mujeres",0.902200447471445,0.190391553167757,0.160464004844548,0.298672126501614,0.364687955116008,0.383283217420274,3.0427762899099
"País Vasco",2017,"total",1.30588814992092,0.527103459228778,0.326808179353457,0.514321913334874,0.521737271028884,0.639171794573383,11.4765235918495
"País Vasco",2018,"hombres",1.7292136172703,0.807637983153427,0.660882848956188,0.688536440025246,0.695171441580577,0.916288466197148,20.6099206650256
"País Vasco",2018,"mujeres",0.88083488053443,0.198456944814334,0.314626511837209,0.218511826055005,0.385225203442327,0.399531073336661,3.57828401956966
"País Vasco",2018,"total",1.2798739931151,0.491200366752454,0.477668585146089,0.442129775313672,0.531560439513908,0.644486631968244,11.6516935663667
"País Vasco",2019,"hombres",1.64052586873101,0.751298046647986,0.650912369612298,0.797309496232887,0.669409982004963,0.901891152645828,20.1354043514429
"País Vasco",2019,"mujeres",0.842806681473767,0.178029445413689,0.198507484001516,0.289515181054476,0.367302016373619,0.375232161663413,2.77742419595315
"País Vasco",2019,"total",1.22035443113269,0.4521384053447,0.412715826675295,0.527183620674774,0.509092765944712,0.624297009954435,10.9862704666702
"País Vasco",2020,"hombres",1.53607551115771,0.877983975495403,0.912159644066837,0.703915667037842,0.587708880182671,0.923568735588093,20.8498686651137
"País Vasco",2020,"mujeres",0.855187474138186,0.165679632536316,0.238209421613218,0.276002460584205,0.429731911392157,0.392962180052816,3.36178203020496
"País Vasco",2020,"total",1.17694458448808,0.506094980718858,0.557141342643829,0.476419149522261,0.503285712073692,0.643977153889345,11.6349018462317
"País Vasco",2021,"hombres",1.49060075838082,0.812062947243563,0.655457608295356,0.739591737534801,0.605623071084911,0.860667224507889,18.776718486772
"País Vasco",2021,"mujeres",0.889910050483271,0.1691931325482,0.208326540075095,0.241503667500285,0.428697612756156,0.387526200672601,3.1826193769074
"País Vasco",2021,"total",1.17195111267146,0.477802295738414,0.420942937792754,0.476543659334305,0.512457136221819,0.61193942835175,10.5789810063135
"País Vasco",2022,"hombres",1.51116778744735,0.925033625616263,0.597076746369868,0.638550472929562,0.545818513260188,0.843529429124646,18.2118795354492
"País Vasco",2022,"mujeres",0.900509482051298,0.175045429481402,0.197558479627424,0.417640716434858,0.304958497268837,0.399142520972764,3.56547785023168
"País Vasco",2022,"total",1.18761166519392,0.535404816691134,0.388397697539757,0.519005310436448,0.419494415339903,0.609982781040232,10.5144925122668
"País Vasco",2023,"hombres",1.44115603925919,0.867986116690447,0.688865538723836,0.729336806022488,0.620524530778686,0.869573806294929,19.070267581271
"País Vasco",2023,"mujeres",0.838231913685226,0.167349620419049,0.245546021724428,0.31274996141828,0.350769637326833,0.382929430914763,3.03111595704349
"País Vasco",2023,"total",1.12293413863823,0.503493608108034,0.458307888264343,0.510214064745971,0.478082718618359,0.614606483674987,10.6668836039469
"País Vasco",2024,"hombres",1.33186959045319,0.791588891041758,0.585051293568914,0.575345436854066,0.680386568073699,0.792848355998325,16.5414987451307
"País Vasco",2024,"mujeres",0.845183497625596,0.175185278349144,0.213180588000811,0.38721957492754,0.29616824447295,0.383387436675208,3.04621121799417
"País Vasco",2024,"total",1.07484920411058,0.471945691413924,0.389287112575351,0.474859168529868,0.479680425504818,0.578124320426909,9.4644800059219
"Principado de Asturias",1990,"hombres",0.123153655870012,2.53129051979695,1.57404082578151,4.57884208126223,2.29121769890173,2.21970895632249,63.5689271364633
"Principado de Asturias",1990,"mujeres",0.0184094993678491,0.643187915801044,1.57913336652841,0.907988991427476,1.40372188437784,0.910488331500526,20.4187559366398
"Principado de Asturias",1990,"total",0.0676205588604628,1.51446604628693,1.58407273776727,2.51685828182934,1.81785347205274,1.50017421935935,39.8540188196152
"Principado de Asturias",1991,"hombres",0.124344556213276,2.64076705225173,1.59668914179844,4.95751664839492,1.82846447358169,2.22955637444801,63.8934849458473
"Principado de Asturias",1991,"mujeres",0.0134724999896967,0.640059747919608,1.2133209673161,0.732677229228104,1.10307215273014,0.740520519436731,14.8168428213392
"Principado de Asturias",1991,"total",0.0658538555512104,1.55484381042038,1.41095147625799,2.62993168708659,1.43357851608485,1.4190318690802,37.1796748322698
"Principado de Asturias",1992,"hombres",0.113622173305245,2.4447086679082,1.2985928051707,3.93407719114742,2.1609844878553,1.99039706507737,56.0111120686419
"Principado de Asturias",1992,"mujeres",0.0161100883752148,0.678520134746642,1.06090925797766,0.856501836392831,1.31509755945344,0.785427775389157,16.2969262738321
"Principado de Asturias",1992,"total",0.0624087793197243,1.49645704941389,1.1768656767695,2.22506066688466,1.70130667394516,1.33241976926659,34.3250551722397
"Principado de Asturias",1993,"hombres",0.113603604760414,2.62192742232375,1.32725079546166,3.94144567007117,2.16601437854245,2.03404837423189,57.4498011844431
"Principado de Asturias",1993,"mujeres",0.00818365852147502,0.778900759897184,1.34804035231831,0.718406986409162,1.62357454069873,0.895421259568973,19.9221652772809
"Principado de Asturias",1993,"total",0.0579009801099263,1.63445441883621,1.34664674636255,2.16054357722298,1.87484878855929,1.41487890221819,37.0427985658213
"Principado de Asturias",1994,"hombres",0.129221507228178,2.48371701772047,1.21315947289077,3.3184401161685,1.8473946048039,1.79838654376236,49.6827005619589
"Principado de Asturias",1994,"mujeres",0.0143657135647737,0.639988260559678,1.1442317409563,0.75772848731739,1.21688567420685,0.754639975321,15.2822013156246
"Principado de Asturias",1994,"total",0.0686632106080257,1.49720631333412,1.17684994261389,1.90382076963764,1.51536771907168,1.23238159105307,31.0279298179712
"Principado de Asturias",1995,"hombres",0.131590474549543,2.49735407385788,1.36983491328446,3.94710728575755,1.9504724947067,1.97927184843122,55.644439718837
"Principado de Asturias",1995,"mujeres",0.0113257648114943,0.597602651343217,1.25629171251642,0.631464432400545,0.969448562311763,0.693226624676687,13.258098926757
"Principado de Asturias",1995,"total",0.0683746136188024,1.47862407064017,1.30925908956831,2.13494287789247,1.42325306095068,1.28289074253409,32.6926442994284
"Principado de Asturias",1996,"hombres",0.124825322795369,2.44806198407744,1.54480926286991,3.31197442129448,1.88815565995768,1.86356533019898,51.8309067084355
"Principado de Asturias",1996,"mujeres",0.0161910800605443,0.570777193680974,1.03527200753795,0.703989588549397,1.02441299120041,0.670128572205854,12.496817825923
"Principado de Asturias",1996,"total",0.0675700423105204,1.44120174477614,1.26857953459822,1.88584328380518,1.42143511664113,1.21692594442624,30.5185322532616
"Principado de Asturias",1997,"hombres",0.127079841795763,2.33388362019625,1.35772013395979,3.03102445766539,1.77400794996632,1.7247432007167,47.2555138831821
"Principado de Asturias",1997,"mujeres",0.0100831537933187,0.556415740633186,0.911209539597116,0.478079440750341,0.766094630078162,0.544376500970425,8.35219674398806
"Principado de Asturias",1997,"total",0.0654510928092818,1.38452915508605,1.12274776531025,1.63005369506429,1.23398773977781,1.08735388960954,26.2480095911137
"Principado de Asturias",1998,"hombres",0.138691646650406,2.48954578313567,1.70381768636837,3.04506668984692,1.60140239285963,1.7957048397722,49.5943151637388
"Principado de Asturias",1998,"mujeres",0.0109649290684828,0.618695783989462,0.899673113834595,0.583339683274745,0.888023207027358,0.600139343438929,10.190065895669
"Principado de Asturias",1998,"total",0.0715694336928038,1.49016729391745,1.27135577375084,1.69677288967182,1.21704235470279,1.14938154914714,28.2923587843874
"Principado de Asturias",1999,"hombres",2.44440171520203,2.47418345472124,1.24990190566366,3.45708479039673,1.58508971350738,2.24213231589821,64.307971256471
"Principado de Asturias",1999,"mujeres",0.999368559273188,0.545489071134375,0.942881887966772,0.622232803731957,0.990026667562825,0.819999797933823,17.4363741737836
"Principado de Asturias",1999,"total",1.66819516462521,1.44594410046757,1.08537104817492,1.90361354000123,1.26655786053011,1.47393634275981,38.9892532898604
"Principado de Asturias",2000,"hombres",2.45848732905285,2.33551020229842,1.2565485736857,2.8117093241242,1.74850908898976,2.12215290363019,60.3536093394157
"Principado de Asturias",2000,"mujeres",0.950545098922516,0.581176100708078,0.811422707291229,0.488335081623253,0.886087963395352,0.743513390388086,14.9154838689071
"Principado de Asturias",2000,"total",1.64797013601016,1.39867060359073,1.01962416316201,1.53080562146699,1.27731730944282,1.37487756673454,35.7244077296123
"Principado de Asturias",2001,"hombres",2.35598570970888,2.01764998654965,1.62972476511863,2.28777494782152,1.50429564606456,1.95908621105265,54.9791479474203
"Principado de Asturias",2001,"mujeres",0.967042927617571,0.540871353268675,0.716974682946546,0.298892627500795,0.813991482742903,0.667554614815298,12.4119836123781
"Principado de Asturias",2001,"total",1.61135142705942,1.22408831411481,1.13775136955027,1.20229583691232,1.13202827998264,1.26150304552389,31.9877342406786
"Principado de Asturias",2002,"hombres",2.3110903383857,2.38614556574341,1.20178899399699,2.56931107490774,1.2631055639499,1.94628830739675,54.5573460575928
"Principado de Asturias",2002,"mujeres",0.891306744523848,0.484166909873527,0.591852045906561,0.371310408686473,0.755428472248125,0.618812916247707,10.8055220291383
"Principado de Asturias",2002,"total",1.54880627714496,1.37209303786625,0.870368828169023,1.37109431686718,0.988705019704535,1.23021349595039,30.9564722858452
"Principado de Asturias",2003,"hombres",2.35365115242873,2.27890821607999,1.0953910689957,2.39162211501573,1.2867629790205,1.88126710630813,52.4143337146781
"Principado de Asturias",2003,"mujeres",0.94343726352952,0.457287948618344,0.574451134243761,0.338605707812069,0.560260619576785,0.574808534756096,9.35519611851219
"Principado de Asturias",2003,"total",1.59586467853553,1.30639643048595,0.810399723352291,1.26721185383519,0.893365919573261,1.17464772115644,29.1250982227184
"Principado de Asturias",2004,"hombres",2.35677646956555,1.97437965477421,1.01440168684446,1.92505524796601,1.26632771489897,1.70738815480984,46.6835146434331
"Principado de Asturias",2004,"mujeres",0.941349779220662,0.430082599329211,0.525439100894102,0.26281414747973,0.597479000439736,0.551432925472688,8.58476711414451
"Principado de Asturias",2004,"total",1.59824890541653,1.14917179529621,0.752666286482432,1.01756064793608,0.9008522047901,1.08369996798427,26.1275811921933
"Principado de Asturias",2005,"hombres",2.3568349245263,1.84303075730923,1.13971510029683,2.25698656370329,1.28508888633022,1.77633124643317,48.9557872842621
"Principado de Asturias",2005,"mujeres",0.921759863770114,0.367753774390662,0.672711729459124,0.323802004276278,0.491683283805989,0.555542131140433,8.72020106980999
"Principado de Asturias",2005,"total",1.5895942191153,1.05614994193943,0.895678562738027,1.20978568372845,0.857286460585212,1.12169897362128,27.3799778987324
"Principado de Asturias",2006,"hombres",2.26563401465693,2.00976715964356,1.11931785911933,1.97188089646757,1.27150331029007,1.72762064803549,47.3503507212751
"Principado de Asturias",2006,"mujeres",1.02692060753716,0.393084393464862,0.668452796741236,0.200491285217631,0.568429413229019,0.571475699237981,9.245350290803
"Principado de Asturias",2006,"total",1.60333754618435,1.1541910021473,0.879158768234895,1.01244842098481,0.891013442243647,1.108029835959,26.9294612943506
"Principado de Asturias",2007,"hombres",2.2376403452437,1.87697212403873,0.865661348065826,2.03083474441662,1.23842374792819,1.64990646193861,44.7889944676709
"Principado de Asturias",2007,"mujeres",0.979162158921185,0.382391884980549,0.586335911691078,0.317810465354957,0.610357809312698,0.575211646052093,9.36848213089627
"Principado de Asturias",2007,"total",1.56358775758999,1.08962560497615,0.719506650047726,1.10808304527571,0.899670161638401,1.0760946439056,25.8769198217542
"Principado de Asturias",2008,"hombres",2.30428156119501,1.85417698144697,1.19092422182898,2.05774037948247,1.13202647243153,1.70782992327699,46.6980747447841
"Principado de Asturias",2008,"mujeres",0.94972515423328,0.386796212625623,0.710576093403757,0.172741474233845,0.483417714199841,0.540651329739269,8.22942005278304
"Principado de Asturias",2008,"total",1.58203272213592,1.0737889279874,0.945193443363088,1.03660319695224,0.783765989681321,1.08427685602399,26.1465946550163
"Principado de Asturias",2009,"hombres",2.12006908331381,1.81594023542585,0.810127392731755,1.55207731670689,1.05579830553371,1.4708024667424,38.8859649027802
"Principado de Asturias",2009,"mujeres",0.982934388415217,0.375253591308879,0.857653785425215,0.269435561963374,0.584224687523331,0.613900402927203,10.6436121212265
"Principado de Asturias",2009,"total",1.51029962939994,1.05303696487631,0.843282805575925,0.858518122815768,0.803045716216138,1.01363664777682,23.8183873065632
"Principado de Asturias",2010,"hombres",2.30249564318816,1.57667170993505,0.954894730919053,1.73713747709424,0.974067819794272,1.50905347618615,40.1466673197532
"Principado de Asturias",2010,"mujeres",0.927587098102599,0.459835908495564,0.627909030327264,0.267622275909119,0.505959347810014,0.557782732128912,8.79404829953607
"Principado de Asturias",2010,"total",1.56876198030083,0.989538976266825,0.780851661896598,0.93765568414175,0.722889654579034,0.999939591437007,23.3669505396876
"Principado de Asturias",2011,"hombres",2.26047792045511,1.57367367037868,1.28508442829401,1.32936652240027,0.823119987059257,1.45434450571747,38.343532388075
"Principado de Asturias",2011,"mujeres",0.987888231362642,0.359380488179167,0.486792810501717,0.305985474623558,0.498248167043633,0.527659034342143,7.80121126960648
"Principado de Asturias",2011,"total",1.58154742280292,0.932283793905476,0.866629309040462,0.769710983765033,0.651660609383677,0.960366423779513,22.0626715457844
"Principado de Asturias",2012,"hombres",2.14226302771195,1.58110454846311,0.996048250246925,1.24966789465034,0.85349854687823,1.36451645359011,35.382919215357
"Principado de Asturias",2012,"mujeres",0.966562177470664,0.336666443923013,0.484753363865827,0.177660946404194,0.501157100929911,0.493360006518722,6.6707609127238
"Principado de Asturias",2012,"total",1.5152081594372,0.923025367154864,0.721378844119728,0.673766872205776,0.67158104216533,0.90099205701658,20.1057713548406
"Principado de Asturias",2013,"hombres",2.02866498295322,1.49418339293777,0.754804773037274,1.1866721946823,0.738414732514386,1.24054801522499,31.2970843015072
"Principado de Asturias",2013,"mujeres",0.937531563639692,0.380191580287628,0.362396635361256,0.141594482494511,0.420506356105681,0.448444123577754,5.19039312615797
"Principado de Asturias",2013,"total",1.44736326565626,0.909766908239184,0.548242556000357,0.626332280278625,0.571441598171465,0.820629321669178,17.4571224391561
"Principado de Asturias",2014,"hombres",2.00814156340843,1.49214441342421,0.684267969452597,0.924494692343257,0.884133608348736,1.19863644939545,29.9157348127276
"Principado de Asturias",2014,"mujeres",0.975958499140036,0.271407530932861,0.30650486310384,0.310660733032614,0.436634933179936,0.460233311877858,5.57894909893423
"Principado de Asturias",2014,"total",1.45719318967955,0.848386857579586,0.479618651787252,0.595732133013949,0.647667602277588,0.805719686867585,16.9657206982897
"Principado de Asturias",2015,"hombres",2.0124478886429,1.30881037258039,0.778404981814033,1.24422433414788,0.777698017051763,1.22431711884739,30.7621355356984
"Principado de Asturias",2015,"mujeres",0.940249667122513,0.30500145109868,0.364408875732269,0.293909029340201,0.381122618102455,0.456938328279223,5.47035082016742
"Principado de Asturias",2015,"total",1.44245681247522,0.780480582421015,0.559559088698793,0.731158282291917,0.567825492696019,0.816296051716592,17.3143036225532
"Principado de Asturias",2016,"hombres",1.90388926517403,1.54773277793199,0.767522064140368,1.0116189363682,0.759524235979539,1.19805745591883,29.8966519575036
"Principado de Asturias",2016,"mujeres",0.974162500880043,0.309531208509403,0.381907406974261,0.257085775204897,0.479043682438025,0.480346114801326,6.2418403435432
"Principado de Asturias",2016,"total",1.40882069786301,0.895597770611014,0.561758962618853,0.607685536731055,0.610924262461304,0.816957446057047,17.3361023006981
"Principado de Asturias",2017,"hombres",1.86695817520962,1.39483618436601,0.773080978973283,0.758684509344936,0.808019046091982,1.12031577879717,27.3343896362718
"Principado de Asturias",2017,"mujeres",0.976559281846569,0.323388909596404,0.301244434584531,0.273841337119296,0.255739609727869,0.426154714574934,4.45576383894723
"Principado de Asturias",2017,"total",1.39254321070933,0.830158500111122,0.522685262504677,0.496753721224974,0.513243849157123,0.751076908741446,15.16476737822
"Principado de Asturias",2018,"hombres",1.93672444337261,1.29828850366364,0.921330823282832,0.940544183698798,0.557255457836646,1.13082868237091,27.6808809612734
"Principado de Asturias",2018,"mujeres",0.934013134045114,0.325918102976111,0.362336957265788,0.447662486447154,0.393293318230323,0.492644799792898,6.64718864990006
"Principado de Asturias",2018,"total",1.40068025535098,0.786978565495221,0.622130261297951,0.678686837758542,0.469223685167173,0.791539921013974,16.4983744675962
"Principado de Asturias",2019,"hombres",1.79320492078513,1.38100801192609,0.974628457624113,0.883852260105885,0.795807657819686,1.16570026165218,28.8302018530061
"Principado de Asturias",2019,"mujeres",0.954544606322165,0.28919082646404,0.313293286779457,0.421124492330829,0.430707843265798,0.481772211032458,6.28884257934218
"Principado de Asturias",2019,"total",1.34373223435446,0.806696011990093,0.62573053222741,0.634843478840815,0.601555549522617,0.802511561387078,16.8599851476195
"Principado de Asturias",2020,"hombres",1.74581570031437,1.35842808068289,0.75765837938759,0.868175689609533,0.777818848988722,1.10157933979662,26.7168615167017
"Principado de Asturias",2020,"mujeres",0.923738614815854,0.280352182253898,0.322969793636325,0.329360004510023,0.356235470453122,0.442531213133844,4.99551145907561
"Principado de Asturias",2020,"total",1.30629302980178,0.790986404554201,0.521522962196075,0.580634035600862,0.55484283195005,0.750855852820593,15.1574816689601
"Principado de Asturias",2021,"hombres",1.65598167383625,1.12155487974416,0.810972578648106,0.742393777160306,0.859643187087693,1.0381092192953,24.6249707277999
"Principado de Asturias",2021,"mujeres",0.97190011314904,0.301592248171104,0.341681884803315,0.301651530373292,0.323518745864328,0.448068904472216,5.17802640328909
"Principado de Asturias",2021,"total",1.28994298530951,0.691455417876845,0.562940062996871,0.504612829522707,0.575213486083617,0.724832956357909,14.2998015987024
"Principado de Asturias",2022,"hombres",1.72551301321774,1.21821906855671,0.822507576245907,0.895115278803182,0.74266840556211,1.08080466847713,26.0321559697065
"Principado de Asturias",2022,"mujeres",0.937079563965059,0.294469244047166,0.325468236941577,0.3285767061157,0.413294789258598,0.45977770806562,5.5639330030031
"Principado de Asturias",2022,"total",1.30425808264517,0.73320711672644,0.561478488493252,0.595018481135393,0.569181231291384,0.752628680058328,15.2159116977617
"Principado de Asturias",2023,"hombres",1.55679686569249,1.26726933042977,0.897608323920807,0.769083994922361,0.623760183026037,1.02290373959829,24.1238183325032
"Principado de Asturias",2023,"mujeres",0.870421356662473,0.33217502997777,0.477986472705426,0.486003639452027,0.342697414152952,0.50185678259013,6.9508033556678
"Principado de Asturias",2023,"total",1.18930245959309,0.775274560743762,0.676331569504339,0.615035257840238,0.476497703634898,0.746488310263266,15.01353327287
"Principado de Asturias",2024,"hombres",1.56673488518148,1.22170004337417,0.95979959851443,0.803842454784822,0.588375540643931,1.02809050449977,24.2947672079094
"Principado de Asturias",2024,"mujeres",0.910552233912854,0.297118955811958,0.515692460605273,0.298938103539208,0.304296656933257,0.46531968216051,5.74658910117755
"Principado de Asturias",2024,"total",1.21739913795292,0.737239223680082,0.72691321871812,0.535194701450506,0.439806666335833,0.731310589627493,14.5132957793263
"Región de Murcia",1990,"hombres",0.0715595746405943,2.79780850510755,1.63129449644334,3.98497595260371,3.0134603097968,2.2998197677184,66.2092729736368
"Región de Murcia",1990,"mujeres",0.00506281826321093,0.928479336890824,1.38064765608748,0.868299793718129,1.94791865812252,1.02608165261643,24.2285581205809
"Región de Murcia",1990,"total",0.036421157321521,1.79313279858557,1.49699164403818,2.27260161430059,2.44377097878347,1.60858363860587,43.4270491488592
"Región de Murcia",1991,"hombres",0.0712845647821088,2.54005052603645,1.95877802472659,3.53916475072882,2.92339329938339,2.20653423313147,63.1347057757358
"Región de Murcia",1991,"mujeres",0.0087692689782212,0.909827273623372,1.80747990085683,0.712117893517643,1.89346683750066,1.06633223489534,25.5551637997909
"Región de Murcia",1991,"total",0.0390545433476395,1.67219928526993,1.88605136162977,1.99477358942077,2.37318647188199,1.59305305031002,42.9151816063731
"Región de Murcia",1992,"hombres",0.0790374733466462,2.33243587123575,1.35189520941831,3.28512424353387,2.59746839251699,1.92919223801031,53.9938823396508
"Región de Murcia",1992,"mujeres",0.0073879484888446,1.03798526818677,1.75025714468329,0.540588314785306,1.54166403700082,0.975576542629005,22.5639768413792
"Región de Murcia",1992,"total",0.0416882984391017,1.64473919962238,1.56953134984665,1.78669147563489,2.027767564768,1.4140835776622,37.0165857258311
"Región de Murcia",1993,"hombres",0.0849897116333745,2.35143845181071,1.51768817368004,3.37954079477554,2.44391100192176,1.95551362676428,54.861400318987
"Región de Murcia",1993,"mujeres",0.00948038368640435,0.867625022856593,2.03084239103821,0.719875571995224,1.27409871501934,0.980384416919155,22.722437985967
"Región de Murcia",1993,"total",0.0451718288726545,1.56235188702814,1.79389145352513,1.93384879907518,1.81783089149213,1.43061897199865,37.5615703395368
"Región de Murcia",1994,"hombres",0.104137005227431,2.41952160759135,1.29667706014159,3.33996987350752,2.37770226161564,1.90760156161671,53.2822823502824
"Región de Murcia",1994,"mujeres",0.0112398655111372,0.930999690757414,1.4607390009885,0.426147865060342,1.39834526156749,0.845494336776977,18.2766402793471
"Región de Murcia",1994,"total",0.0556054567785528,1.62831884700988,1.39109879173383,1.76586510884161,1.85560272257576,1.33929818538792,34.5517586228209
"Región de Murcia",1995,"hombres",0.0981318195332569,2.20985212229382,1.35630825657731,3.00850807420704,2.21646156811687,1.77785236814566,49.0059214335912
"Región de Murcia",1995,"mujeres",0.00394594521173238,0.930474306567807,1.48190424753585,0.642433099423818,1.16518437917539,0.84478839558292,18.253373396132
"Región de Murcia",1995,"total",0.0492457857825529,1.53344196222755,1.42705381133043,1.72755408630636,1.65074214215538,1.27760755756045,32.5185175466334
"Región de Murcia",1996,"hombres",0.0857203215212129,2.28276631058865,1.14261455584273,2.6411331678081,2.08912314120317,1.64827149939277,44.7351082758246
"Región de Murcia",1996,"mujeres",0.00466784590421903,0.788235993721589,1.25731699497758,0.472744059025553,1.31002285583993,0.766597549893775,15.6763070760804
"Región de Murcia",1996,"total",0.0433959546028939,1.49123913166249,1.2083059521469,1.46497811343983,1.67778740536118,1.17714131144266,29.2072836433514
"Región de Murcia",1997,"hombres",0.0974621944083862,2.41788059070719,1.52599567711215,2.806944364562,1.84608177019761,1.73887291939747,47.7212106255958
"Región de Murcia",1997,"mujeres",0.0135661750606605,0.74903527650176,1.20098952972276,0.55536611280525,0.980165555794828,0.699824529977051,13.475557113615
"Región de Murcia",1997,"total",0.0538123843465823,1.53020468904881,1.35147314816267,1.5874242752377,1.38189751488605,1.18096240233636,29.3332217191098
"Región de Murcia",1998,"hombres",0.1048496644793,2.16607251888266,1.33548049518,2.96347913059822,2.08723422014715,1.73142320585747,47.4756779716289
"Región de Murcia",1998,"mujeres",0.0091444656078405,0.731336653675105,1.72238683173655,0.421193623523146,1.12806069166662,0.802424453241852,16.8571141789622
"Región de Murcia",1998,"total",0.0545932817958906,1.40675364799918,1.54642628960983,1.59548085588769,1.5743805808608,1.23552693123068,31.1315960485302
"Región de Murcia",1999,"hombres",1.96070021132352,2.06912584934722,1.7273016411212,3.40200740371881,2.11405309309861,2.25463763972187,64.7201301040097
"Región de Murcia",1999,"mujeres",0.938390660764647,0.9217861116446,1.80555167033961,0.601486046369853,1.02784759713899,1.05901241725154,25.3139123418675
"Región de Murcia",1999,"total",1.41619611092811,1.4627540538861,1.77682082656144,1.89064062024717,1.53543464800736,1.61636925192604,43.6836526130054
"Región de Murcia",2000,"hombres",2.04743566962937,2.06551275495606,1.67110826987112,2.71484990953171,1.740036644631,2.04778864972385,57.9026623971142
"Región de Murcia",2000,"mujeres",0.959957183806939,0.735011505642516,1.10449076015524,0.578074731360135,1.13769662359458,0.903046160911883,20.1734718883214
"Región de Murcia",2000,"total",1.47155042485721,1.36105643759278,1.37756516838358,1.5625268099185,1.4218895619239,1.43891768053519,37.8350847398604
"Región de Murcia",2001,"hombres",2.02839328009705,1.84999319203412,1.47424279434025,2.42950687412278,1.82262998398632,1.92095322491611,53.7223354217422
"Región de Murcia",2001,"mujeres",0.910488658911507,0.646648357109402,1.21535961452996,0.405167892927089,0.873445019635785,0.810221908622748,17.114107941686
"Región de Murcia",2001,"total",1.43367409329702,1.21647589685467,1.33100970680918,1.33644140499761,1.31889008040915,1.32729823647352,34.1562562604014
"Región de Murcia",2002,"hombres",2.06478553745393,1.80964488486197,1.41344503359884,2.31782711329565,1.70258445509967,1.86165740486201,51.7680240258948
"Región de Murcia",2002,"mujeres",0.979148727228908,0.48254314763235,1.00274695065166,0.410036700346137,0.83639678473463,0.742174462118736,14.8713545732396
"Región de Murcia",2002,"total",1.48840802671885,1.10971396493506,1.19356580156266,1.29590562041092,1.23716819714954,1.26495232215541,32.1014178126782
"Región de Murcia",2003,"hombres",1.91701296288333,1.7654898027295,1.25604096752009,2.03705643575541,1.67867410997886,1.73085485577344,47.4569459084745
"Región de Murcia",2003,"mujeres",0.86579391377664,0.742710876176171,0.781201045692493,0.482427214027658,0.865574764680445,0.747541562870681,15.0482470785228
"Región de Murcia",2003,"total",1.36113640133592,1.22813043283583,1.01153426164908,1.19907624743878,1.24478240084062,1.20893194882005,30.2550607860102
"Región de Murcia",2004,"hombres",1.90640449479766,1.63053443314777,1.11804571773095,2.240492966981,1.37143202427883,1.65338192738724,44.9035411882649
"Región de Murcia",2004,"mujeres",0.915441903991669,0.413201418202844,0.640461825944469,0.369511457082589,0.928654427832136,0.653454206610741,11.9472529042923
"Región de Murcia",2004,"total",1.38136264487646,0.98961696519251,0.8621045388021,1.23558897400823,1.14106006148601,1.12194663687306,27.3881405502455
"Región de Murcia",2005,"hombres",1.84353787771219,1.75450040540495,1.24408920784422,2.37112664692605,1.45218969967974,1.73308876751343,47.5305726694637
"Región de Murcia",2005,"mujeres",0.80142471946892,0.486376661509882,0.696750565318171,0.176455429251021,0.92967097044337,0.618135669198273,10.7832008667814
"Región de Murcia",2005,"total",1.29248770919584,1.08726592488195,0.96532585657049,1.20086163968431,1.17864038835103,1.14491630373672,28.1451902321543
"Región de Murcia",2006,"hombres",1.82048302447661,1.62330257061775,0.972389531262135,1.5809631365563,1.48498115486171,1.4964238835549,39.7304127375305
"Región de Murcia",2006,"mujeres",0.864905414657964,0.433220224723919,0.559659433658259,0.352905809144268,0.777177128208902,0.597573602078663,10.1055024715593
"Región de Murcia",2006,"total",1.31613459253914,1.00388993640803,0.760804419745786,0.926652244500222,1.11270612721312,1.02403746408126,24.1611843841877
"Región de Murcia",2007,"hombres",1.74963636427794,1.62207669574752,0.835113132388127,1.87298994624002,1.5223587225199,1.5204349722347,40.5217862979404
"Región de Murcia",2007,"mujeres",0.822652789990965,0.378045371148558,0.583620767604701,0.227827740134675,0.716609952744289,0.545751324324637,8.3975090939305
"Región de Murcia",2007,"total",1.26254756896511,0.97285021895354,0.708618911586017,0.99773778300638,1.0956774427478,1.00748638505177,23.6156828238518
"Región de Murcia",2008,"hombres",1.81159592407352,1.3565419170186,1.02137793432185,1.58182492045519,1.2422211563098,1.40271237043579,36.6418058535426
"Región de Murcia",2008,"mujeres",0.94380353279898,0.405730265308915,0.519405907298226,0.234611749379277,0.926604155312316,0.606031122019543,10.3842510846317
"Región de Murcia",2008,"total",1.35467018026729,0.862456434845347,0.7573501413153,0.865026418527015,1.07221980062699,0.982344595116389,22.7870428533126
"Región de Murcia",2009,"hombres",1.72819818432225,1.46166396642843,0.718168909834609,1.52005539602119,1.11944879975308,1.30950705127191,33.5698824493397
"Región de Murcia",2009,"mujeres",0.843645038505916,0.324251459810168,0.722203120070808,0.281217313638309,0.738992265186252,0.582061839442291,9.59425539778099
"Región de Murcia",2009,"total",1.26387609204887,0.866348171871507,0.727173324169137,0.864013041385758,0.921790876918363,0.928640301278726,21.0170207276866
"Región de Murcia",2010,"hombres",1.8191142421815,1.22926243056471,0.825367172089985,1.43651987871767,1.08849236686119,1.27975121808301,32.5891697474839
"Región de Murcia",2010,"mujeres",0.838680232899638,0.303603296144202,0.52612313118776,0.235352926754527,0.620148306741839,0.504781578745593,7.04720074846781
"Región de Murcia",2010,"total",1.30423642768952,0.748006650952744,0.67136239148045,0.798787773173551,0.846222635637864,0.873723175786827,19.2070252831832
"Región de Murcia",2011,"hombres",1.77286439395407,1.18420802837309,0.576343474136786,1.4790875700978,0.947091506392779,1.1919189945909,29.6943364331516
"Región de Murcia",2011,"mujeres",0.85857289594909,0.417000695298516,0.58096814979299,0.273750919074435,0.479378469277835,0.521934225878573,7.6125291937166
"Región de Murcia",2011,"total",1.29358767401643,0.788278711512837,0.577764859781758,0.84132531616164,0.703946516454357,0.840980615585405,18.1278740298152
"Región de Murcia",2012,"hombres",1.67875999983745,1.2355349511578,1.17594818870212,1.39986618727292,0.947091828145327,1.28744023102312,32.8425893915326
"Región de Murcia",2012,"mujeres",0.707710534562655,0.315372716626216,0.498425678369586,0.195185831598541,0.58020902008417,0.459380756248234,5.55084999884509
"Región de Murcia",2012,"total",1.17099116126918,0.75756427463822,0.827280108733068,0.763998734192383,0.760515609128287,0.856069977592227,18.6251993404205
"Región de Murcia",2013,"hombres",1.6872987935009,1.22085645032685,0.899411636374568,1.07078577540436,0.776480715821573,1.13096667428565,27.6854289913247
"Región de Murcia",2013,"mujeres",0.822899033993168,0.279666854752706,0.612486164920172,0.120283442819418,0.513647846708527,0.469796668638798,5.89414462339804
"Región de Murcia",2013,"total",1.2341445299954,0.734879857757195,0.759866340587404,0.573771281235253,0.642064205460272,0.788945243007105,16.4128573300855
"Región de Murcia",2014,"hombres",1.59374469178772,1.08663973164886,1.08281963029312,1.29995162015181,0.643083944793957,1.14124792373509,28.0242853043711
"Región de Murcia",2014,"mujeres",0.8024047094135,0.247224362282844,0.40829837608324,0.290850472664457,0.462667647695702,0.442289113627948,4.9875321812299
"Región de Murcia",2014,"total",1.17984103203137,0.655590172471348,0.728680064611776,0.772181004018292,0.550698004151351,0.777398055456828,16.0322773802862
"Región de Murcia",2015,"hombres",1.582381579054,1.20435382038561,1.02524033767681,1.26503258172284,0.797686671602302,1.17493899808831,29.1346983231433
"Región de Murcia",2015,"mujeres",0.814321814686798,0.301627577366689,0.388489159537889,0.234484927047471,0.482879625918353,0.44436062091144,5.05580630724782
"Región de Murcia",2015,"total",1.18057428731471,0.736868605883682,0.694745564281188,0.723134212062949,0.63299584097498,0.793663702103503,16.5683714687637
"Región de Murcia",2016,"hombres",1.68064243224642,1.04011503600006,0.660879465456534,1.15092153340428,0.868787536570032,1.08026920073546,26.0145076648397
"Región de Murcia",2016,"mujeres",0.862330002393251,0.197424389014109,0.259374176763694,0.308186250979735,0.453885387011874,0.416240041232532,4.12898938702999
"Región de Murcia",2016,"total",1.24961630507875,0.604371715519164,0.4502862203497,0.707874603929612,0.652733908834464,0.732976550742338,14.5682036427947
"Región de Murcia",2017,"hombres",1.63233910474006,1.02450504858381,1.04715411594352,1.21466220053363,0.802680019824857,1.14426809792518,28.1238262303882
"Región de Murcia",2017,"mujeres",0.780543089096005,0.206957166284832,0.408724632131617,0.285040685032569,0.40270181540831,0.416793477590667,4.14722991360659
"Región de Murcia",2017,"total",1.18701922871753,0.604422563567455,0.711145742117755,0.722694936560956,0.592877751660828,0.763632044524905,15.578567961729
"Región de Murcia",2018,"hombres",1.52966766005047,0.92494860838091,0.863309822038645,1.33558632852135,1.00161154457801,1.13102479271388,27.6873444974512
"Región de Murcia",2018,"mujeres",0.739321768275302,0.206862294856631,0.415178773703537,0.378409841337789,0.447535605898441,0.43746165681434,4.82842562270368
"Región de Murcia",2018,"total",1.11633633747672,0.55690364460045,0.629729595444096,0.824514975611296,0.713682835462831,0.768233477719079,15.7302250822545
"Región de Murcia",2019,"hombres",1.48328416962881,0.986573803623925,1.01892429951444,1.47661110346566,0.892873170440907,1.17165330933475,29.0264063901126
"Región de Murcia",2019,"mujeres",0.797512031869158,0.215857638105077,0.221385175532125,0.354198223006871,0.382752866542125,0.394341187011071,3.40723226617456
"Región de Murcia",2019,"total",1.12478910917332,0.588841128998205,0.605422211501905,0.888667104034291,0.624896980496404,0.766523306840825,15.6738601237605
"Región de Murcia",2020,"hombres",1.57418533966612,0.994096340749289,1.25538711343907,1.1764118585164,0.855531865963936,1.17112250366696,29.0089117410027
"Región de Murcia",2020,"mujeres",0.745648497251935,0.200142206270226,0.522424280855353,0.21178014260638,0.434656229823315,0.422930271361442,4.34949047749204
"Región de Murcia",2020,"total",1.14161923599133,0.585354027013269,0.868921923393908,0.667257584979599,0.637582185700036,0.78014699141563,16.1228786548084
"Región de Murcia",2021,"hombres",1.45792271909186,1.02174013712638,0.914733699809963,0.887973861058151,0.661298720225635,0.988733827462398,22.9976234570235
"Región de Murcia",2021,"mujeres",0.76097623034386,0.229058897012469,0.423620139869014,0.394525569034131,0.328162728260801,0.427268712904055,4.49247974282663
"Región de Murcia",2021,"total",1.09356862237393,0.614993040280573,0.663289578122522,0.625737803829549,0.490591010066671,0.697636010934649,13.4034264355892
"Región de Murcia",2022,"hombres",1.47127907563059,1.00610726732566,1.22128570965157,1.15816029334823,0.793790215976606,1.13012451238653,27.6576724547746
"Región de Murcia",2022,"mujeres",0.768628237703468,0.186717563030527,0.433907875687822,0.376786026292918,0.430255620638582,0.439259064670664,4.88766579601429
"Región de Murcia",2022,"total",1.10563546344107,0.585025590149033,0.813019713851165,0.745261296350303,0.604610652876655,0.770710543333645,15.8118658716793
"Región de Murcia",2023,"hombres",1.36123651632092,1.00091381163218,1.3030049338374,0.849520740882698,0.829911217868802,1.0689174441084,25.6403688584462
"Región de Murcia",2023,"mujeres",0.766652849415462,0.183021903906301,0.430026914993244,0.354332393021294,0.478205789149727,0.442447970097206,4.9927678792587
"Región de Murcia",2023,"total",1.05162279900015,0.582370711398542,0.848140563201167,0.58939932171916,0.64937539344244,0.744181757752292,14.9375123686443
"Región de Murcia",2024,"hombres",1.31207389377031,1.01145723557058,1.28554467342493,0.91493078524651,0.749404806337577,1.05468227886998,25.1711967376823
"Región de Murcia",2024,"mujeres",0.772065706636868,0.18624024052728,0.363406264997012,0.387569809614658,0.386328025275577,0.419122009410279,4.22397522662377
"Región de Murcia",2024,"total",1.02945859629624,0.586697497983345,0.80676925122641,0.639961214118409,0.560942423386734,0.724765796602227,14.2975881024433
