ccaa;ccaa_cod;periodo;genero;origen;avs_65;mort_cancer;mort_cardio;mort_diabetes;mort_ictus;mort_epoc;mort_evitable_idx;mort_evitable_idx_0_100;reingresos_psiq;poblacion_total
Andalucía;01;1990;hombres;real;NA;12,41;99,41;17,19;58,01;47,33;2,39;69,17;NA;3405402
Andalucía;01;1990;mujeres;real;NA;0,88;35,76;17,00;36,17;8,85;1,14;27,93;NA;3511928
Andalucía;01;1991;hombres;real;NA;12,11;103,74;14,75;60,85;46,87;2,37;68,56;NA;3426453
Andalucía;01;1991;mujeres;real;NA;1,27;36,54;16,09;38,08;6,58;1,10;26,67;NA;3533808
Andalucía;01;1992;hombres;real;NA;12,34;101,22;12,87;52,11;40,04;2,11;59,88;NA;3447924
Andalucía;01;1992;mujeres;real;NA;0,85;34,93;13,15;33,67;7,05;0,98;22,73;NA;3555136
Andalucía;01;1993;hombres;real;NA;10,99;101,67;12,93;53,84;44,34;2,20;62,89;NA;3468353
Andalucía;01;1993;mujeres;real;NA;1,06;33,60;12,24;31,04;7,59;0,93;21,19;NA;3575938
Andalucía;01;1994;hombres;real;NA;11,42;91,67;12,46;48,64;40,34;2,01;56,78;NA;3487474
Andalucía;01;1994;mujeres;real;NA;1,16;34,34;12,31;29,64;6,75;0,91;20,47;NA;3594844
Andalucía;01;1995;hombres;real;NA;11,97;98,53;12,84;50,54;41,67;2,10;59,75;NA;3502621
Andalucía;01;1995;mujeres;real;NA;0,96;32,48;10,85;28,89;5,90;0,84;18,17;NA;3610002
Andalucía;01;1996;hombres;real;NA;10,29;98,97;11,66;49,63;41,10;2,05;58,12;NA;3514843
Andalucía;01;1996;mujeres;real;NA;1,17;31,36;10,17;26,98;5,91;0,80;16,80;NA;3622644
Andalucía;01;1997;hombres;real;NA;11,35;91,29;11,36;45,90;35,24;1,87;52,02;11,22;3527014
Andalucía;01;1997;mujeres;real;NA;1,08;31,19;9,30;26,06;6,28;0,77;15,94;11,13;3635591
Andalucía;01;1998;hombres;real;NA;10,82;94,62;13,66;43,72;40,20;2,01;56,62;11,43;3539767
Andalucía;01;1998;mujeres;real;NA;1,18;30,81;10,24;24,40;5,11;0,76;15,47;11,12;3649693
Andalucía;01;1999;hombres;real;NA;240,41;90,98;11,87;49,04;40,33;2,43;70,61;12,24;3555111
Andalucía;01;1999;mujeres;real;NA;101,11;29,59;9,42;25,86;5,76;0,95;21,66;13,82;3667263
Andalucía;01;2000;hombres;real;NA;233,15;88,69;10,60;41,94;31,05;2,15;61,17;13,52;3580363
Andalucía;01;2000;mujeres;real;NA;101,27;27,65;9,54;23,71;3,71;0,88;19,57;17,31;3692321
Andalucía;01;2001;hombres;real;NA;236,33;83,04;11,73;41,88;29,27;2,12;60,26;15,55;3610650
Andalucía;01;2001;mujeres;real;NA;100,99;26,87;9,39;24,05;4,54;0,89;19,85;15,62;3721441
Andalucía;01;2002;hombres;real;NA;233,18;80,14;11,62;42,06;31,77;2,14;60,90;16,44;3647836
Andalucía;01;2002;mujeres;real;NA;100,05;25,12;8,54;23,70;4,08;0,85;18,39;15,47;3758653
Andalucía;01;2003;hombres;real;NA;225,12;82,30;10,35;40,47;30,24;2,06;58,35;15,29;3696578
Andalucía;01;2003;mujeres;real;NA;98,28;25,45;8,93;22,09;3,45;0,83;17,79;13,72;3806290
Andalucía;01;2004;hombres;real;NA;229,85;73,07;10,84;37,94;25,68;1,93;53,98;13,14;3753671
Andalucía;01;2004;mujeres;real;NA;97,44;23,67;6,88;20,27;3,53;0,75;15,15;10,82;3858178
Andalucía;01;2005;hombres;real;NA;214,75;74,10;10,97;39,01;30,16;2,00;56,21;12,38;3818870
Andalucía;01;2005;mujeres;real;NA;92,93;22,76;7,13;21,70;4,19;0,77;15,74;12,12;3913216
Andalucía;01;2006;hombres;real;15,45;207,85;66,21;10,07;32,73;20,74;1,69;46,25;12,50;3881767
Andalucía;01;2006;mujeres;real;18,52;95,20;18,74;6,59;18,36;2,97;0,68;12,93;12,60;3966747
Andalucía;01;2007;hombres;real;15,31;206,47;63,86;9,68;34,70;24,82;1,76;48,34;14,39;3958167
Andalucía;01;2007;mujeres;real;18,36;94,96;19,61;6,55;17,85;3,45;0,69;13,14;13,23;4030846
Andalucía;01;2008;hombres;real;15,07;199,56;60,92;8,98;32,69;20,49;1,62;43,70;13,58;4015933
Andalucía;01;2008;mujeres;real;16,61;93,30;17,60;5,38;15,76;3,35;0,62;10,96;13,03;4089675
Andalucía;01;2009;hombres;real;14,69;200,24;58,56;8,97;30,22;23,24;1,63;44,04;14,01;4048854
Andalucía;01;2009;mujeres;real;14,90;92,50;15,82;5,06;16,57;3,12;0,61;10,45;14,26;4128508
Andalucía;01;2010;hombres;real;14,93;193,23;53,90;8,77;26,62;20,28;1,50;39,75;13,00;4079398
Andalucía;01;2010;mujeres;real;15,10;90,25;16,83;4,83;13,02;3,20;0,57;9,20;13,65;4159401
Andalucía;01;2011;hombres;real;15,96;192,68;52,48;6,10;24,18;19,13;1,38;35,78;12,54;4091966
Andalucía;01;2011;mujeres;real;17,86;92,33;15,99;3,13;12,03;2,98;0,51;7,31;12,71;4178530
Andalucía;01;2012;hombres;real;15,23;195,78;49,02;6,61;24,93;19,91;1,40;36,45;12,24;4102725
Andalucía;01;2012;mujeres;real;15,87;92,79;14,79;3,25;11,71;3,27;0,51;7,28;12,25;4196385
Andalucía;01;2013;hombres;real;15,46;187,59;45,99;5,18;22,84;18,31;1,28;32,61;12,85;4151348
Andalucía;01;2013;mujeres;real;16,30;91,61;13,19;3,27;11,41;3,31;0,50;6,85;13,38;4235928
Andalucía;01;2014;hombres;real;15,60;179,54;45,03;6,47;21,85;16,39;1,25;31,61;12,68;4150524
Andalucía;01;2014;mujeres;real;16,68;86,91;11,95;3,10;11,70;3,03;0,48;6,13;12,02;4240330
Andalucía;01;2015;hombres;real;15,22;178,73;43,56;6,69;21,85;16,80;1,25;31,70;13,31;4152739
Andalucía;01;2015;mujeres;real;16,38;85,83;11,01;3,48;11,99;3,23;0,49;6,41;13,42;4245600
Andalucía;01;2016;hombres;real;15,68;173,15;43,17;6,20;19,87;17,98;1,23;30,89;13,09;4154783
Andalucía;01;2016;mujeres;real;16,74;88,81;11,51;2,89;10,93;3,08;0,47;5,76;13,12;4249238
Andalucía;01;2017;hombres;real;15,67;176,44;45,22;5,91;20,68;15,55;1,21;30,14;13,80;4152246
Andalucía;01;2017;mujeres;real;16,66;89,51;12,08;3,43;10,67;3,12;0,48;6,31;12,67;4251103
Andalucía;01;2018;hombres;real;15,55;172,05;43,25;6,04;20,60;15,47;1,19;29,54;12,79;4150910
Andalucía;01;2018;mujeres;real;16,64;89,63;11,00;2,82;11,03;3,42;0,47;5,89;13,68;4255313
Andalucía;01;2019;hombres;real;17,42;168,03;40,78;6,15;19,33;14,25;1,14;27,83;12,43;4169754
Andalucía;01;2019;mujeres;real;18,81;87,90;10,37;3,14;9,55;3,90;0,46;5,73;14,08;4278688
Andalucía;01;2020;hombres;real;16,84;165,03;42,35;6,78;20,01;12,31;1,13;27,58;13,88;4185178
Andalucía;01;2020;mujeres;real;18,24;87,42;10,32;3,03;9,76;3,50;0,46;5,44;16,81;4298591
Andalucía;01;2021;hombres;real;16,83;163,54;40,94;8,56;19,37;11,08;1,14;27,84;15,56;4194043
Andalucía;01;2021;mujeres;real;18,24;89,64;10,63;3,43;9,67;3,09;0,46;5,71;16,18;4308722
Andalucía;01;2022;hombres;real;16,94;161,81;39,25;7,52;19,96;11,72;1,11;27,09;13,98;4210988
Andalucía;01;2022;mujeres;real;18,36;88,39;10,62;3,08;9,29;3,55;0,46;5,47;14,37;4332110
Andalucía;01;2023;hombres;real;16,76;155,21;34,63;7,85;19,05;11,98;1,08;25,95;14,13;4226795
Andalucía;01;2023;mujeres;real;17,57;87,20;9,11;2,88;9,53;4,26;0,46;5,43;13,90;4373429
Andalucía;01;2024;hombres;proyeccion;16,81;145,97;35,12;6,89;17,84;11,52;1,02;24,01;12,13;4248210
Andalucía;01;2024;mujeres;proyeccion;17,80;85,58;8,96;2,40;8,47;3,49;0,42;4,12;11,54;4397125
Andalucía;01;2025;hombres;proyeccion;16,82;NA;NA;NA;NA;NA;1,00;23,53;12,66;4286449
Andalucía;01;2025;mujeres;proyeccion;17,80;NA;NA;NA;NA;NA;0,42;4,23;12,30;4421972
Aragón;02;1990;hombres;real;NA;7,31;74,12;7,22;41,27;25,91;1,46;38,41;NA;587767
Aragón;02;1990;mujeres;real;NA;1,61;19,59;9,00;20,71;4,97;0,63;11,13;NA;603219
Aragón;02;1991;hombres;real;NA;7,64;73,68;8,99;41,25;27,26;1,52;40,58;NA;587375
Aragón;02;1991;mujeres;real;NA;0,75;19,57;9,88;23,74;4,21;0,67;12,36;NA;603067
Aragón;02;1992;hombres;real;NA;7,46;70,84;8,90;35,41;27,98;1,46;38,50;NA;588258
Aragón;02;1992;mujeres;real;NA;0,61;15,35;10,61;19,47;5,41;0,64;11,48;NA;604067
Aragón;02;1993;hombres;real;NA;6,38;74,77;7,88;35,82;22,54;1,36;35,37;NA;589103
Aragón;02;1993;mujeres;real;NA;0,17;19,46;9,55;18,02;2,98;0,58;9,49;NA;604881
Aragón;02;1994;hombres;real;NA;8,70;69,10;10,49;34,75;24,32;1,42;37,32;NA;589743
Aragón;02;1994;mujeres;real;NA;1,89;21,65;12,20;19,35;5,18;0,71;13,89;NA;605549
Aragón;02;1995;hombres;real;NA;7,37;67,70;9,94;36,95;31,81;1,55;41,44;NA;590104
Aragón;02;1995;mujeres;real;NA;0,67;22,77;8,05;19,16;5,37;0,61;10,59;NA;606029
Aragón;02;1996;hombres;real;NA;8,89;68,77;9,25;31,39;25,01;1,37;35,54;NA;590051
Aragón;02;1996;mujeres;real;NA;0,16;20,00;6,28;19,12;5,41;0,55;8,57;NA;606047
Aragón;02;1997;hombres;real;NA;8,34;70,40;10,57;35,74;21,93;1,40;36,58;6,53;589892
Aragón;02;1997;mujeres;real;NA;0,68;15,93;5,61;17,75;5,43;0,50;6,85;6,25;605955
Aragón;02;1998;hombres;real;NA;5,48;66,26;7,03;29,75;25,19;1,28;32,57;7,81;589872
Aragón;02;1998;mujeres;real;NA;0,47;15,12;7,51;14,84;2,96;0,47;5,97;5,96;605825
Aragón;02;1999;hombres;real;NA;216,20;66,02;9,02;32,45;29,78;1,83;50,84;8,27;590032
Aragón;02;1999;mujeres;real;NA;97,20;16,21;6,56;15,52;5,07;0,68;12,83;6,53;605778
Aragón;02;2000;hombres;real;NA;202,19;69,67;7,63;28,27;20,62;1,59;42,98;10,40;590874
Aragón;02;2000;mujeres;real;NA;89,68;13,88;6,29;16,29;3,81;0,63;11,24;11,85;606350
Aragón;02;2001;hombres;real;NA;208,94;59,12;7,25;26,17;16,87;1,45;38,36;9,05;593168
Aragón;02;2001;mujeres;real;NA;95,36;14,89;6,46;17,66;2,91;0,65;11,87;9,39;607870
Aragón;02;2002;hombres;real;NA;197,94;57,47;7,67;26,13;17,13;1,44;37,85;11,51;598069
Aragón;02;2002;mujeres;real;NA;98,48;14,81;4,60;12,64;2,50;0,55;8,64;8,72;611819
Aragón;02;2003;hombres;real;NA;200,78;54,20;5,17;26,57;17,96;1,38;35,94;9,26;604712
Aragón;02;2003;mujeres;real;NA;96,55;12,76;5,45;13,73;2,67;0,57;9,30;11,26;617784
Aragón;02;2004;hombres;real;NA;210,26;56,07;7,06;23,41;12,15;1,33;34,18;12,79;612243
Aragón;02;2004;mujeres;real;NA;92,92;13,39;4,77;13,13;3,58;0,56;8,94;12,47;623939
Aragón;02;2005;hombres;real;NA;191,37;51,82;6,57;20,76;16,96;1,31;33,66;12,68;620849
Aragón;02;2005;mujeres;real;NA;93,63;11,30;4,16;12,38;3,26;0,52;7,66;11,36;630327
Aragón;02;2006;hombres;real;17,32;195,18;54,57;5,25;25,96;15,73;1,33;34,27;11,29;629068
Aragón;02;2006;mujeres;real;19,47;89,46;11,06;3,81;13,57;2,09;0,50;6,79;11,14;636841
Aragón;02;2007;hombres;real;17,32;195,24;53,49;7,49;23,32;14,75;1,34;34,56;11,69;640328
Aragón;02;2007;mujeres;real;19,71;90,13;12,00;2,55;13,47;2,87;0,48;6,35;10,72;645957
Aragón;02;2008;hombres;real;17,49;180,25;43,70;8,18;22,79;10,92;1,20;30,07;11,64;651353
Aragón;02;2008;mujeres;real;20,03;82,53;11,67;4,60;12,71;3,30;0,52;7,53;10,68;655278
Aragón;02;2009;hombres;real;17,13;198,98;48,22;7,43;22,00;15,99;1,32;34,04;9,75;658250
Aragón;02;2009;mujeres;real;20,84;84,93;8,51;3,28;10,47;2,37;0,44;4,75;9,95;660686
Aragón;02;2010;hombres;real;17,47;199,89;41,94;5,15;18,25;12,66;1,14;27,95;9,70;652189
Aragón;02;2010;mujeres;real;21,18;97,97;8,27;3,75;10,96;3,31;0,49;6,61;8,69;660970
Aragón;02;2011;hombres;real;17,52;197,95;42,37;7,30;15,79;14,83;1,21;30,15;8,85;652007
Aragón;02;2011;mujeres;real;20,47;91,20;8,95;3,87;9,18;1,68;0,44;4,91;8,98;663520
Aragón;02;2012;hombres;real;17,55;195,17;36,16;5,74;16,10;12,07;1,08;26,07;10,29;649086
Aragón;02;2012;mujeres;real;20,67;90,17;9,75;3,54;7,11;2,22;0,42;4,36;9,04;662838
Aragón;02;2013;hombres;real;17,89;185,34;36,83;7,50;15,59;11,68;1,10;26,67;11,84;663295
Aragón;02;2013;mujeres;real;20,66;90,32;7,62;1,66;7,38;1,26;0,35;1,95;9,44;671212
Aragón;02;2014;hombres;real;17,84;181,68;40,43;6,77;13,71;11,88;1,08;26,00;9,43;659324
Aragón;02;2014;mujeres;real;20,12;90,76;7,94;3,66;7,71;2,75;0,43;4,65;8,21;669012
Aragón;02;2015;hombres;real;17,74;189,66;33,23;8,78;12,51;13,49;1,12;27,38;9,09;655188
Aragón;02;2015;mujeres;real;20,72;90,74;4,72;2,54;7,37;3,22;0,39;3,28;9,69;666542
Aragón;02;2016;hombres;real;18,67;189,06;35,99;4,38;16,25;12,51;1,04;24,81;7,56;651553
Aragón;02;2016;mujeres;real;22,13;94,13;7,79;1,51;7,40;3,64;0,40;3,43;8,49;665189
Aragón;02;2017;hombres;real;18,66;182,46;33,01;6,35;14,33;13,52;1,06;25,45;7,31;650322
Aragón;02;2017;mujeres;real;21,65;92,01;9,13;2,14;7,02;2,96;0,40;3,57;9,71;665391
Aragón;02;2018;hombres;real;18,73;174,61;34,41;5,43;11,47;11,40;0,97;22,34;8,68;649718
Aragón;02;2018;mujeres;real;21,69;83,82;7,98;2,43;8,50;3,05;0,40;3,62;9,36;666015
Aragón;02;2019;hombres;real;18,08;158,42;30,52;5,57;14,24;10,25;0,93;20,96;9,52;653769
Aragón;02;2019;mujeres;real;20,31;92,53;6,44;2,72;7,88;3,11;0,41;3,95;7,49;670509
Aragón;02;2020;hombres;real;16,79;169,08;35,32;6,18;11,33;11,81;0,99;22,97;9,41;657187
Aragón;02;2020;mujeres;real;18,56;87,04;6,21;2,36;8,30;3,45;0,40;3,60;8,84;673929
Aragón;02;2021;hombres;real;17,56;162,26;28,69;5,53;11,76;9,16;0,88;19,42;8,34;647016
Aragón;02;2021;mujeres;real;19,79;97,18;5,64;0,92;8,79;1,86;0,36;2,18;7,01;665777
Aragón;02;2022;hombres;real;17,41;157,00;31,53;5,34;11,05;10,24;0,89;19,84;9,18;659544
Aragón;02;2022;mujeres;real;19,33;87,03;9,61;2,00;5,63;3,05;0,38;2,83;9,39;674934
Aragón;02;2023;hombres;real;19,16;152,74;31,58;4,54;13,12;11,43;0,91;20,24;8,06;668838
Aragón;02;2023;mujeres;real;22,05;88,03;7,48;1,80;7,23;3,84;0,39;3,29;7,33;685306
Aragón;02;2024;hombres;proyeccion;18,37;146,84;28,83;5,33;12,52;10,37;0,87;19,25;6,07;667988
Aragón;02;2024;mujeres;proyeccion;20,80;80,38;7,93;1,89;7,38;5,45;0,41;3,93;8,48;680624
Aragón;02;2025;hombres;proyeccion;18,37;NA;NA;NA;NA;NA;0,85;18,54;7,05;682688
Aragón;02;2025;mujeres;proyeccion;20,80;NA;NA;NA;NA;NA;0,38;2,94;8,09;691614
Canarias;05;1990;hombres;real;NA;16,81;121,43;22,07;44,54;27,81;2,18;62,29;NA;740310
Canarias;05;1990;mujeres;real;NA;1,00;37,57;27,07;31,01;6,45;1,31;33,72;NA;749737
Canarias;05;1991;hombres;real;NA;16,40;119,22;23,01;45,11;24,11;2,13;60,75;NA;744435
Canarias;05;1991;mujeres;real;NA;0,96;44,30;29,37;30,73;5,10;1,38;36,03;NA;755275
Canarias;05;1992;hombres;real;NA;16,59;125,97;20,22;46,09;26,77;2,16;61,47;NA;751210
Canarias;05;1992;mujeres;real;NA;1,51;47,17;19,31;27,70;6,47;1,14;27,94;NA;762231
Canarias;05;1993;hombres;real;NA;16,30;123,32;26,11;39,23;26,49;2,22;63,55;NA;758067
Canarias;05;1993;mujeres;real;NA;0,91;37,56;25,62;28,45;6,19;1,25;31,52;NA;769385
Canarias;05;1994;hombres;real;NA;16,73;117,91;27,55;38,41;21,11;2,13;60,50;NA;765372
Canarias;05;1994;mujeres;real;NA;0,51;39,95;23,74;26,61;4,24;1,16;28,66;NA;777070
Canarias;05;1995;hombres;real;NA;16,00;104,25;24,40;42,76;19,59;1,99;55,84;NA;773451
Canarias;05;1995;mujeres;real;NA;1,36;40,36;16,31;24,36;5,66;0,98;22,63;NA;785513
Canarias;05;1996;hombres;real;NA;17,05;117,76;18,99;43,89;25,12;2,03;57,32;NA;782473
Canarias;05;1996;mujeres;real;NA;0,57;38,58;20,33;26,03;5,63;1,08;26,15;NA;795041
Canarias;05;1997;hombres;real;NA;13,71;127,84;20,16;38,61;20,11;1,97;55,43;3,32;793932
Canarias;05;1997;mujeres;real;NA;1,41;37,72;15,02;23,83;5,04;0,91;20,54;4,28;806550
Canarias;05;1998;hombres;real;NA;16,43;121,18;22,31;39,92;25,98;2,11;59,90;3,82;808160
Canarias;05;1998;mujeres;real;NA;1,60;39,71;16,47;21,71;5,05;0,94;21,46;4,55;820078
Canarias;05;1999;hombres;real;NA;233,40;109,05;21,29;32,06;22,15;2,28;65,72;4,52;824964
Canarias;05;1999;mujeres;real;NA;115,19;41,85;17,60;21,80;5,91;1,21;30,43;6,26;835986
Canarias;05;2000;hombres;real;NA;225,55;112,35;18,67;34,19;18,79;2,19;62,43;8,10;849027
Canarias;05;2000;mujeres;real;NA;115,45;37,08;18,48;21,19;5,41;1,20;29,84;7,74;857510
Canarias;05;2001;hombres;real;NA;226,08;104,86;21,88;31,45;21,49;2,25;64,42;6,58;875531
Canarias;05;2001;mujeres;real;NA;108,87;37,60;13,87;16,98;4,90;1,02;24,01;7,73;881183
Canarias;05;2002;hombres;real;NA;223,56;101,89;20,48;33,12;16,97;2,13;60,54;8,36;898776
Canarias;05;2002;mujeres;real;NA;103,36;30,03;14,68;16,34;3,33;0,95;21,86;8,55;902505
Canarias;05;2003;hombres;real;NA;220,46;95,61;22,44;30,82;16,23;2,10;59,68;6,12;920892
Canarias;05;2003;mujeres;real;NA;108,87;31,52;13,41;14,10;3,54;0,92;20,81;7,12;923225
Canarias;05;2004;hombres;real;NA;221,63;82,47;19,36;24,11;15,20;1,87;52,01;6,00;942662
Canarias;05;2004;mujeres;real;NA;111,20;27,39;16,60;18,59;3,70;1,03;24,41;7,22;944077
Canarias;05;2005;hombres;real;NA;213,47;86,72;19,88;23,32;14,61;1,87;52,13;5,84;965642
Canarias;05;2005;mujeres;real;NA;107,25;29,90;14,20;11,64;2,56;0,89;19,73;8,19;965404
Canarias;05;2006;hombres;real;16,38;210,86;76,25;18,17;21,38;12,78;1,72;46,96;6,25;987031
Canarias;05;2006;mujeres;real;19,44;97,59;28,50;13,96;14,88;2,80;0,89;19,85;8,80;985655
Canarias;05;2007;hombres;real;16,33;202,22;75,92;24,48;19,32;14,78;1,87;52,11;5,59;1010755
Canarias;05;2007;mujeres;real;19,54;97,70;23,64;17,53;9,61;3,51;0,92;20,66;7,56;1008544
Canarias;05;2008;hombres;real;16,43;206,91;72,44;20,17;20,15;13,30;1,73;47,58;5,91;1031387
Canarias;05;2008;mujeres;real;18,74;103,28;21,72;13,64;12,37;2,70;0,83;17,82;6,86;1030112
Canarias;05;2009;hombres;real;16,74;185,62;57,01;23,88;18,77;12,10;1,67;45,41;5,96;1042655
Canarias;05;2009;mujeres;real;18,03;100,60;17,67;15,74;12,87;3,90;0,88;19,51;6,09;1043314
Canarias;05;2010;hombres;real;17,10;198,17;53,72;20,79;14,50;14,56;1,60;43,01;5,62;1044156
Canarias;05;2010;mujeres;real;18,83;98,31;17,95;14,16;8,14;2,81;0,78;15,96;7,07;1048282
Canarias;05;2011;hombres;real;16,66;193,97;49,41;27,70;13,35;14,72;1,73;47,46;6,33;1049821
Canarias;05;2011;mujeres;real;16,62;90,08;14,96;13,82;7,87;4,45;0,76;15,44;7,81;1057202
Canarias;05;2012;hombres;real;15,84;187,21;52,15;20,54;14,59;12,64;1,53;40,77;5,69;1055598
Canarias;05;2012;mujeres;real;18,41;99,44;18,22;11,28;6,94;4,84;0,73;14,41;6,07;1065349
Canarias;05;2013;hombres;real;15,47;177,03;49,11;19,14;12,52;11,45;1,42;37,07;6,27;1050503
Canarias;05;2013;mujeres;real;18,31;102,02;11,20;9,41;8,24;3,84;0,64;11,58;6,36;1057949
Canarias;05;2014;hombres;real;14,59;178,34;50,62;18,24;14,40;13,68;1,46;38,53;6,89;1054529
Canarias;05;2014;mujeres;real;17,90;91,06;13,10;10,60;9,13;3,40;0,66;12,27;7,76;1063895
Canarias;05;2015;hombres;real;15,49;163,95;46,75;13,86;14,54;15,40;1,33;34,26;6,27;1058321
Canarias;05;2015;mujeres;real;18,53;95,61;14,36;9,15;9,73;4,22;0,66;12,22;4,93;1069453
Canarias;05;2016;hombres;real;16,54;172,99;50,50;10,17;15,11;9,84;1,18;29,46;9,17;1064553
Canarias;05;2016;mujeres;real;19,90;93,33;16,38;5,92;9,85;4,54;0,59;9,96;10,40;1077721
Canarias;05;2017;hombres;real;16,68;164,43;48,42;7,81;14,41;12,17;1,13;27,65;7,26;1074860
Canarias;05;2017;mujeres;real;19,93;96,00;14,81;3,71;8,52;4,02;0,51;7,26;7,63;1089485
Canarias;05;2018;hombres;real;16,44;155,86;53,01;7,33;14,01;12,78;1,13;27,77;9,04;1085955
Canarias;05;2018;mujeres;real;19,63;93,20;15,96;3,31;7,54;5,62;0,52;7,54;10,99;1102359
Canarias;05;2019;hombres;real;18,68;153,06;47,32;6,12;13,57;12,18;1,05;25,05;8,80;1100922
Canarias;05;2019;mujeres;real;19,24;93,84;12,86;2,98;8,38;4,98;0,49;6,65;10,01;1119293
Canarias;05;2020;hombres;real;18,61;152,28;46,86;6,55;15,84;12,10;1,08;25,97;10,01;1111831
Canarias;05;2020;mujeres;real;19,12;91,51;13,93;3,57;7,20;5,62;0,51;7,18;12,46;1132714
Canarias;05;2021;hombres;real;18,63;144,64;47,34;6,58;15,34;11,15;1,05;24,90;11,90;1111506
Canarias;05;2021;mujeres;real;19,17;89,81;15,10;3,07;7,74;3,94;0,48;6,10;11,81;1134720
Canarias;05;2022;hombres;real;17,19;140,47;56,17;6,81;13,50;12,36;1,10;26,54;9,89;1085668
Canarias;05;2022;mujeres;real;18,21;90,37;15,96;2,95;8,56;5,73;0,52;7,46;12,79;1111659
Canarias;05;2023;hombres;real;17,85;137,81;52,67;5,06;14,33;12,11;1,03;24,39;10,17;1098051
Canarias;05;2023;mujeres;real;18,28;91,09;13,84;3,00;7,14;6,74;0,51;7,26;12,08;1126292
Canarias;05;2024;hombres;proyeccion;17,55;140,47;46,44;5,52;11,82;11,47;0,98;22,63;9,21;1109977
Canarias;05;2024;mujeres;proyeccion;18,49;89,85;14,27;2,86;8,49;7,12;0,53;7,80;10,19;1137950
Canarias;05;2025;hombres;proyeccion;17,55;NA;NA;NA;NA;NA;0,96;22,02;9,61;1118110
Canarias;05;2025;mujeres;proyeccion;18,49;NA;NA;NA;NA;NA;0,48;6,32;11,27;1147445
Cantabria;06;1990;hombres;real;NA;8,73;88,37;11,61;33,01;29,31;1,63;44,05;NA;258016
Cantabria;06;1990;mujeres;real;NA;1,44;19,22;7,11;27,65;7,34;0,69;13,03;NA;269583
Cantabria;06;1991;hombres;real;NA;13,79;87,99;5,79;35,94;34,42;1,60;43,23;NA;257997
Cantabria;06;1991;mujeres;real;NA;0,95;18,72;5,75;20,12;6,20;0,55;8,70;NA;269741
Cantabria;06;1992;hombres;real;NA;13,70;80,37;11,09;34,81;32,59;1,65;44,88;NA;258055
Cantabria;06;1992;mujeres;real;NA;0,47;20,96;7,76;26,36;5,46;0,67;12,37;NA;269939
Cantabria;06;1993;hombres;real;NA;13,04;81,94;9,25;35,93;26,78;1,53;40,68;NA;258058
Cantabria;06;1993;mujeres;real;NA;0,00;22,99;8,12;20,17;5,96;0,63;11,30;NA;270196
Cantabria;06;1994;hombres;real;NA;12,60;65,26;8,33;40,82;34,21;1,58;42,56;NA;258165
Cantabria;06;1994;mujeres;real;NA;0,42;20,33;7,48;22,19;6,03;0,62;10,99;NA;270488
Cantabria;06;1995;hombres;real;NA;19,84;71,39;10,40;37,57;33,80;1,64;44,60;NA;258234
Cantabria;06;1995;mujeres;real;NA;1,78;19,46;4,83;24,65;4,66;0,56;8,71;NA;270688
Cantabria;06;1996;hombres;real;NA;17,77;72,30;8,05;31,88;29,32;1,45;38,31;NA;258051
Cantabria;06;1996;mujeres;real;NA;0,85;14,78;6,97;26,17;6,08;0,62;10,87;NA;270718
Cantabria;06;1997;hombres;real;NA;12,92;57,69;5,83;35,38;24,42;1,26;31,83;8,55;257941
Cantabria;06;1997;mujeres;real;NA;1,66;16,40;5,11;22,25;3,55;0,50;6,98;8,12;270739
Cantabria;06;1998;hombres;real;NA;15,11;60,63;9,71;31,59;25,22;1,35;35,01;10,06;258140
Cantabria;06;1998;mujeres;real;NA;1,26;14,40;5,10;18,27;7,37;0,52;7,44;7,01;271060
Cantabria;06;1999;hombres;real;NA;242,94;69,48;9,30;28,06;23,30;1,76;48,33;6,14;258588
Cantabria;06;1999;mujeres;real;NA;93,47;12,70;3,05;16,52;5,06;0,57;9,32;5,96;271782
Cantabria;06;2000;hombres;real;NA;256,49;57,10;7,34;24,79;24,88;1,66;45,10;6,97;259291
Cantabria;06;2000;mujeres;real;NA;87,11;18,16;6,22;12,72;1,14;0,57;9,16;6,60;272771
Cantabria;06;2001;hombres;real;NA;258,02;34,42;4,59;23,80;15,49;1,30;33,12;6,53;260132
Cantabria;06;2001;mujeres;real;NA;92,48;7,93;5,52;12,89;1,87;0,52;7,50;7,38;273856
Cantabria;06;2002;hombres;real;NA;260,59;50,15;4,59;28,55;12,83;1,39;36,20;5,33;261741
Cantabria;06;2002;mujeres;real;NA;100,22;10,63;4,56;12,39;5,11;0,57;9,33;5,19;275504
Cantabria;06;2003;hombres;real;NA;223,22;38,82;8,70;30,67;20,00;1,50;39,95;8,77;264431
Cantabria;06;2003;mujeres;real;NA;90,09;9,74;4,10;14,57;4,73;0,55;8,63;6,25;277936
Cantabria;06;2004;hombres;real;NA;225,17;40,68;9,07;26,94;13,44;1,38;35,83;5,79;267412
Cantabria;06;2004;mujeres;real;NA;90,71;8,54;3,89;11,82;2,32;0,47;6,04;5,37;280696
Cantabria;06;2005;hombres;real;NA;208,19;41,63;8,55;22,71;14,74;1,32;33,88;5,88;270552
Cantabria;06;2005;mujeres;real;NA;83,91;8,26;2,97;12,03;3,45;0,46;5,49;6,25;283596
Cantabria;06;2006;hombres;real;16,91;215,84;37,98;10,36;26,09;14,34;1,39;36,07;7,27;273688
Cantabria;06;2006;mujeres;real;21,58;99,15;6,24;1,80;16,39;0,89;0,44;5,05;7,76;286502
Cantabria;06;2007;hombres;real;16,89;219,71;43,19;8,29;27,72;15,60;1,41;36,76;6,02;277260
Cantabria;06;2007;mujeres;real;21,48;86,52;5,88;3,12;10,51;1,27;0,40;3,63;7,56;289828
Cantabria;06;2008;hombres;real;16,32;215,77;37,69;5,10;23,68;11,31;1,17;29,11;7,90;280573
Cantabria;06;2008;mujeres;real;20,91;85,71;10,68;4,57;14,31;0,40;0,49;6,41;7,64;293185
Cantabria;06;2009;hombres;real;15,52;208,90;31,11;3,94;17,42;10,49;1,02;24,02;11,39;282768
Cantabria;06;2009;mujeres;real;20,37;85,43;6,79;2,11;12,64;1,60;0,40;3,75;8,13;295115
Cantabria;06;2010;hombres;real;15,80;219,84;33,50;0,73;22,91;10,01;1,02;23,95;5,03;282745
Cantabria;06;2010;mujeres;real;20,74;90,65;10,05;0,44;9,40;2,93;0,38;2,98;6,69;296319
Cantabria;06;2011;hombres;real;17,01;209,23;32,44;1,65;27,60;12,03;1,10;26,52;6,80;281718
Cantabria;06;2011;mujeres;real;19,69;101,87;6,26;1,72;9,67;1,95;0,40;3,59;6,63;296572
Cantabria;06;2012;hombres;real;16,77;206,13;30,76;1,50;17,63;9,38;0,93;21,18;9,14;281579
Cantabria;06;2012;mujeres;real;19,73;98,33;6,08;0,94;5,15;2,26;0,33;1,41;4,85;296418
Cantabria;06;2013;hombres;real;17,40;192,33;28,90;1,91;17,01;12,27;0,95;21,74;6,76;287916
Cantabria;06;2013;mujeres;real;19,24;100,25;7,79;0,00;7,57;2,34;0,35;1,87;5,76;300615
Cantabria;06;2014;hombres;real;17,60;206,68;31,09;2,69;14,20;12,79;0,99;23,09;6,69;286749
Cantabria;06;2014;mujeres;real;18,43;94,28;4,50;1,14;6,45;3,48;0,36;2,13;6,08;299488
Cantabria;06;2015;hombres;real;17,88;197,91;30,13;4,59;12,67;8,70;0,93;21,17;7,34;285161
Cantabria;06;2015;mujeres;real;19,05;103,40;4,76;1,43;9,67;2,26;0,39;3,34;7,75;298390
Cantabria;06;2016;hombres;real;18,35;220,20;30,97;2,76;15,10;8,29;0,95;21,73;7,92;283941
Cantabria;06;2016;mujeres;real;20,07;106,32;8,74;1,52;8,17;4,35;0,44;5,03;5,33;297486
Cantabria;06;2017;hombres;real;18,44;185,75;27,51;4,58;16,42;7,07;0,90;20,21;8,83;283604
Cantabria;06;2017;mujeres;real;20,11;103,47;6,63;1,73;9,67;4,48;0,45;5,19;8,33;297503
Cantabria;06;2018;hombres;real;18,17;188,79;32,93;3,25;14,38;12,27;0,97;22,54;7,30;283345
Cantabria;06;2018;mujeres;real;20,01;90,98;5,09;1,70;6,43;3,73;0,37;2,64;9,85;297627
Cantabria;06;2019;hombres;real;16,88;169,23;27,90;4,66;14,36;10,68;0,92;20,68;7,11;283581
Cantabria;06;2019;mujeres;real;19,55;108,92;5,65;1,96;6,30;6,40;0,46;5,54;8,33;298296
Cantabria;06;2020;hombres;real;16,49;165,78;22,60;6,85;15,25;9,00;0,92;20,66;7,16;283778
Cantabria;06;2020;mujeres;real;18,90;93,78;6,14;0,66;6,96;4,49;0,37;2,73;7,32;298549
Cantabria;06;2021;hombres;real;16,95;158,81;24,29;3,72;13,86;8,66;0,82;17,28;9,33;284341
Cantabria;06;2021;mujeres;real;19,64;86,56;4,01;3,03;5,70;3,09;0,37;2,68;9,40;299144
Cantabria;06;2022;hombres;real;16,46;160,49;28,48;7,42;12,74;9,87;0,95;21,57;6,47;284354
Cantabria;06;2022;mujeres;real;18,68;95,68;7,45;3,83;7,02;3,73;0,45;5,34;7,05;301965
Cantabria;06;2023;hombres;real;18,14;154,02;22,29;7,60;7,65;9,44;0,85;18,31;6,59;285492
Cantabria;06;2023;mujeres;real;21,04;90,58;6,11;2,47;6,52;4,82;0,42;4,09;6,72;303787
Cantabria;06;2024;hombres;proyeccion;17,57;147,24;28,81;6,43;10,40;9,55;0,87;19,05;6,10;286394
Cantabria;06;2024;mujeres;proyeccion;20,12;95,86;6,91;2,41;5,95;6,52;0,45;5,29;5,05;305087
Cantabria;06;2025;hombres;proyeccion;17,57;NA;NA;NA;NA;NA;0,83;17,86;7,31;288128
Cantabria;06;2025;mujeres;proyeccion;20,12;NA;NA;NA;NA;NA;0,44;4,80;6,61;306675
Castilla y León;07;1990;hombres;real;NA;7,00;66,78;8,10;37,81;18,67;1,28;32,59;NA;1264360
Castilla y León;07;1990;mujeres;real;NA;0,96;17,34;8,33;23,93;5,30;0,63;11,34;NA;1290171
Castilla y León;07;1991;hombres;real;NA;10,13;71,13;7,26;41,22;21,19;1,36;35,40;NA;1258243
Castilla y León;07;1991;mujeres;real;NA;0,94;20,04;6,64;25,77;5,16;0,62;10,92;NA;1285371
Castilla y León;07;1992;hombres;real;NA;8,92;62,69;7,39;32,33;23,08;1,26;32,08;NA;1253799
Castilla y León;07;1992;mujeres;real;NA;0,92;18,93;7,48;23,24;4,58;0,60;10,28;NA;1281813
Castilla y León;07;1993;hombres;real;NA;9,43;62,59;7,98;35,83;19,95;1,26;31,96;NA;1249161
Castilla y León;07;1993;mujeres;real;NA;0,72;16,12;8,53;22,14;4,17;0,60;10,05;NA;1278117
Castilla y León;07;1994;hombres;real;NA;9,78;67,10;6,23;30,59;20,33;1,20;29,86;NA;1245119
Castilla y León;07;1994;mujeres;real;NA;1,18;17,99;5,90;19,17;4,07;0,51;7,20;NA;1274667
Castilla y León;07;1995;hombres;real;NA;9,43;60,16;7,06;31,48;21,47;1,21;30,19;NA;1240730
Castilla y León;07;1995;mujeres;real;NA;1,33;14,57;5,54;19,71;3,49;0,48;6,13;NA;1270772
Castilla y León;07;1996;hombres;real;NA;10,64;60,54;6,52;27,22;20,01;1,13;27,69;NA;1235576
Castilla y León;07;1996;mujeres;real;NA;1,11;17,00;6,98;16,96;3,58;0,50;6,94;NA;1266358
Castilla y León;07;1997;hombres;real;NA;9,79;61,21;6,53;28,71;19,04;1,13;27,71;9,85;1230199
Castilla y León;07;1997;mujeres;real;NA;0,92;13,80;5,00;13,98;4,00;0,41;3,95;9,92;1261600
Castilla y León;07;1998;hombres;real;NA;10,05;57,77;7,90;24,65;20,74;1,14;27,88;9,50;1224325
Castilla y León;07;1998;mujeres;real;NA;1,02;13,70;5,74;14,33;3,11;0,42;4,17;10,51;1256526
Castilla y León;07;1999;hombres;real;NA;217,29;61,98;7,06;25,62;21,40;1,55;41,62;9,82;1218155
Castilla y León;07;1999;mujeres;real;NA;100,90;12,24;5,22;12,88;3,48;0,58;9,46;9,11;1251604
Castilla y León;07;2000;hombres;real;NA;212,27;59,80;7,25;22,55;20,20;1,49;39,40;9,84;1213573
Castilla y León;07;2000;mujeres;real;NA;96,86;13,32;3,69;14,71;3,74;0,56;8,86;10,50;1247955
Castilla y León;07;2001;hombres;real;NA;205,85;55,64;7,41;24,33;16,28;1,41;36,73;9,86;1210752
Castilla y León;07;2001;mujeres;real;NA;96,30;11,86;4,47;12,47;2,72;0,53;7,91;10,44;1245903
Castilla y León;07;2002;hombres;real;NA;214,90;48,09;7,30;20,68;17,34;1,36;35,24;10,47;1210647
Castilla y León;07;2002;mujeres;real;NA;91,61;12,26;3,35;12,88;3,14;0,51;7,13;11,42;1245951
Castilla y León;07;2003;hombres;real;NA;215,23;53,84;6,57;20,46;15,28;1,34;34,48;11,02;1212941
Castilla y León;07;2003;mujeres;real;NA;96,62;11,92;4,35;9,39;2,32;0,49;6,63;12,14;1247466
Castilla y León;07;2004;hombres;real;NA;209,56;48,24;5,38;18,15;15,66;1,25;31,56;10,35;1215976
Castilla y León;07;2004;mujeres;real;NA;85,95;11,42;3,44;9,04;2,48;0,45;5,09;10,99;1249761
Castilla y León;07;2005;hombres;real;NA;203,51;53,29;6,15;21,75;16,64;1,34;34,47;10,76;1220128
Castilla y León;07;2005;mujeres;real;NA;93,15;9,87;4,08;12,47;2,72;0,50;7,03;10,74;1253095
Castilla y León;07;2006;hombres;real;17,08;204,58;44,97;5,05;19,15;15,31;1,22;30,50;9,89;1223911
Castilla y León;07;2006;mujeres;real;21,42;96,38;9,96;4,08;10,96;1,73;0,48;6,20;12,47;1256075
Castilla y León;07;2007;hombres;real;16,92;202,72;45,93;5,92;20,33;13,50;1,22;30,66;11,48;1230528
Castilla y León;07;2007;mujeres;real;21,37;94,08;11,17;3,02;10,40;2,33;0,46;5,55;11,29;1261506
Castilla y León;07;2008;hombres;real;17,31;195,90;40,52;5,78;18,33;13,53;1,16;28,48;9,96;1238620
Castilla y León;07;2008;mujeres;real;21,00;91,48;7,65;3,20;9,62;2,29;0,43;4,61;10,02;1267834
Castilla y León;07;2009;hombres;real;17,58;192,02;41,66;4,87;15,54;11,47;1,07;25,63;13,57;1241756
Castilla y León;07;2009;mujeres;real;21,02;87,59;9,83;2,61;10,23;1,39;0,41;3,97;10,28;1268861
Castilla y León;07;2010;hombres;real;17,64;185,77;38,95;6,76;17,16;11,86;1,11;27,07;10,94;1231241
Castilla y León;07;2010;mujeres;real;21,49;86,74;8,55;3,55;6,86;1,51;0,40;3,45;11,73;1263770
Castilla y León;07;2011;hombres;real;19,09;183,49;38,78;6,47;12,42;10,81;1,04;24,54;12,43;1225087
Castilla y León;07;2011;mujeres;real;21,81;92,34;7,41;2,88;8,16;1,44;0,39;3,41;12,95;1258751
Castilla y León;07;2012;hombres;real;18,16;181,11;33,59;7,62;13,11;13,06;1,08;25,89;9,35;1216784
Castilla y León;07;2012;mujeres;real;21,04;89,12;7,64;2,90;7,60;1,46;0,38;3,10;11,29;1251706
Castilla y León;07;2013;hombres;real;18,01;184,00;35,83;6,85;11,85;10,20;1,01;23,82;10,70;1241110
Castilla y León;07;2013;mujeres;real;20,91;94,69;7,55;3,32;8,57;2,02;0,42;4,41;12,57;1265219
Castilla y León;07;2014;hombres;real;17,92;177,16;36,36;8,30;13,35;11,53;1,08;25,93;11,36;1229989
Castilla y León;07;2014;mujeres;real;20,70;88,23;6,56;3,03;8,00;2,51;0,40;3,68;16,02;1255355
Castilla y León;07;2015;hombres;real;17,68;174,02;38,95;6,09;11,82;10,97;1,01;23,56;11,20;1218853
Castilla y León;07;2015;mujeres;real;21,28;89,27;6,75;1,99;6,82;2,05;0,36;2,25;15,74;1245564
Castilla y León;07;2016;hombres;real;17,84;169,47;32,42;6,12;12,54;8,35;0,92;20,85;10,60;1208103
Castilla y León;07;2016;mujeres;real;22,80;89,04;7,47;2,61;6,85;2,32;0,38;3,06;17,15;1236008
Castilla y León;07;2017;hombres;real;17,86;165,52;33,52;5,95;10,21;10,88;0,94;21,34;10,57;1197430
Castilla y León;07;2017;mujeres;real;22,71;91,09;7,75;2,24;5,76;1,83;0,36;2,31;13,16;1226441
Castilla y León;07;2018;hombres;real;17,95;161,23;32,45;6,09;12,14;8,87;0,91;20,48;11,70;1190354
Castilla y León;07;2018;mujeres;real;22,53;90,41;6,25;2,21;7,69;2,32;0,38;2,85;13,71;1220015
Castilla y León;07;2019;hombres;real;18,14;156,53;31,49;7,66;10,63;9,30;0,93;21,09;11,10;1186035
Castilla y León;07;2019;mujeres;real;22,10;79,81;7,06;1,82;6,11;3,30;0,35;2,05;11,67;1216694
Castilla y León;07;2020;hombres;real;16,46;158,64;32,97;8,16;10,17;7,26;0,92;20,61;10,30;1180232
Castilla y León;07;2020;mujeres;real;20,18;85,11;7,24;2,75;5,87;2,49;0,37;2,67;11,19;1211174
Castilla y León;07;2021;hombres;real;17,81;154,29;34,85;9,31;12,05;7,22;0,97;22,23;9,90;1027817
Castilla y León;07;2021;mujeres;real;22,09;82,69;7,26;2,37;5,18;2,37;0,35;1,92;10,37;1019438
Castilla y León;07;2022;hombres;real;17,63;149,69;30,99;8,12;10,78;9,14;0,93;20,91;13,21;1171065
Castilla y León;07;2022;mujeres;real;21,50;84,66;7,21;2,87;6,80;2,22;0,38;2,89;12,17;1207187
Castilla y León;07;2023;hombres;real;18,67;145,77;31,68;8,32;11,25;8,95;0,93;21,00;11,97;1170843
Castilla y León;07;2023;mujeres;real;20,79;86,99;5,99;3,41;6,61;2,81;0,40;3,53;10,10;1212859
Castilla y León;07;2024;hombres;proyeccion;17,96;139,85;29,15;5,75;13,93;11,22;0,90;20,14;11,28;1174709
Castilla y León;07;2024;mujeres;proyeccion;21,35;74,16;6,28;1,42;6,84;3,79;0,34;1,73;12,11;1215864
Castilla y León;07;2025;hombres;proyeccion;17,96;NA;NA;NA;NA;NA;0,91;20,42;11,40;1186809
Castilla y León;07;2025;mujeres;proyeccion;21,35;NA;NA;NA;NA;NA;0,36;2,25;11,53;1221574
Castilla-La Mancha;08;1990;hombres;real;NA;4,20;68,28;9,89;53,44;26,86;1,62;43,82;NA;823042
Castilla-La Mancha;08;1990;mujeres;real;NA;0,74;26,40;13,27;34,51;6,83;0,94;21,40;NA;835815
Castilla-La Mancha;08;1991;hombres;real;NA;6,15;71,38;9,54;48,04;30,54;1,64;44,56;NA;824747
Castilla-La Mancha;08;1991;mujeres;real;NA;1,22;25,53;12,39;34,33;7,58;0,92;20,90;NA;837392
Castilla-La Mancha;08;1992;hombres;real;NA;5,45;73,71;10,33;45,33;33,10;1,69;46,17;NA;828815
Castilla-La Mancha;08;1992;mujeres;real;NA;0,64;25,42;11,38;30,65;7,15;0,85;18,56;NA;841151
Castilla-La Mancha;08;1993;hombres;real;NA;5,78;71,00;9,71;36,91;37,37;1,65;44,86;NA;833300
Castilla-La Mancha;08;1993;mujeres;real;NA;0,70;25,52;10,75;28,87;8,32;0,84;18,14;NA;845291
Castilla-La Mancha;08;1994;hombres;real;NA;6,85;70,64;11,17;38,78;34,16;1,65;44,88;NA;838116
Castilla-La Mancha;08;1994;mujeres;real;NA;0,71;20,87;11,40;24,17;6,44;0,75;15,26;NA;849701
Castilla-La Mancha;08;1995;hombres;real;NA;5,07;66,76;8,90;33,93;31,16;1,47;38,91;NA;843052
Castilla-La Mancha;08;1995;mujeres;real;NA;0,92;20,83;12,13;23,30;7,07;0,78;15,96;NA;854211
Castilla-La Mancha;08;1996;hombres;real;NA;5,45;68,05;11,41;34,72;28,67;1,51;40,14;NA;846758
Castilla-La Mancha;08;1996;mujeres;real;NA;0,67;20,47;9,97;20,33;5,53;0,66;12,24;NA;857450
Castilla-La Mancha;08;1997;hombres;real;NA;6,62;69,15;9,65;33,68;27,38;1,44;37,87;9,00;849694
Castilla-La Mancha;08;1997;mujeres;real;NA;1,07;20,76;8,77;22,01;6,55;0,67;12,42;12,03;860129
Castilla-La Mancha;08;1998;hombres;real;NA;5,25;60,17;9,94;35,85;27,54;1,42;37,17;11,49;852956
Castilla-La Mancha;08;1998;mujeres;real;NA;1,98;17,28;9,91;20,35;5,23;0,64;11,52;11,35;863320
Castilla-La Mancha;08;1999;hombres;real;NA;190,46;66,34;8,08;30,26;26,27;1,68;45,83;10,45;857000
Castilla-La Mancha;08;1999;mujeres;real;NA;86,48;18,75;6,71;19,53;4,06;0,70;13,48;13,89;867184
Castilla-La Mancha;08;2000;hombres;real;NA;185,12;59,59;9,09;27,95;21,43;1,55;41,63;8,82;862555
Castilla-La Mancha;08;2000;mujeres;real;NA;89,83;20,96;7,62;20,75;4,59;0,76;15,55;11,78;872141
Castilla-La Mancha;08;2001;hombres;real;NA;189,47;61,54;9,62;32,82;20,44;1,62;43,72;10,11;871139
Castilla-La Mancha;08;2001;mujeres;real;NA;91,16;17,55;6,13;20,03;3,99;0,69;13,18;12,78;879241
Castilla-La Mancha;08;2002;hombres;real;NA;185,79;48,49;8,65;27,72;26,04;1,56;41,78;11,06;884608
Castilla-La Mancha;08;2002;mujeres;real;NA;88,81;15,40;6,42;15,21;3,74;0,63;11,19;11,80;890699
Castilla-La Mancha;08;2003;hombres;real;NA;183,33;49,04;7,93;29,03;21,21;1,47;38,83;13,27;901177
Castilla-La Mancha;08;2003;mujeres;real;NA;87,03;13,86;6,54;13,78;3,34;0,60;10,21;14,90;905534
Castilla-La Mancha;08;2004;hombres;real;NA;187,77;50,07;8,75;24,60;18,05;1,41;36,79;12,02;919060
Castilla-La Mancha;08;2004;mujeres;real;NA;84,09;13,90;4,84;15,13;2,80;0,56;8,74;14,88;920840
Castilla-La Mancha;08;2005;hombres;real;NA;180,77;49,43;8,95;22,29;21,95;1,44;37,85;14,26;938414
Castilla-La Mancha;08;2005;mujeres;real;NA;81,19;13,27;8,46;15,10;3,60;0,65;11,92;18,48;936339
Castilla-La Mancha;08;2006;hombres;real;17,09;171,01;46,75;7,42;21,79;14,26;1,23;30,98;14,46;957400
Castilla-La Mancha;08;2006;mujeres;real;18,11;79,63;11,42;5,34;12,40;1,37;0,50;6,74;18,58;951639
Castilla-La Mancha;08;2007;hombres;real;16,98;183,54;43,48;8,87;21,96;18,50;1,35;34,81;15,26;980776
Castilla-La Mancha;08;2007;mujeres;real;18,12;86,44;11,92;5,16;12,62;2,99;0,54;8,09;18,95;970612
Castilla-La Mancha;08;2008;hombres;real;16,93;176,43;43,58;10,87;20,97;19,00;1,38;36,03;14,81;1008340
Castilla-La Mancha;08;2008;mujeres;real;17,76;78,06;11,41;3,35;10,59;3,06;0,45;5,34;18,61;993303
Castilla-La Mancha;08;2009;hombres;real;17,10;170,29;41,07;7,13;19,79;17,29;1,22;30,70;12,32;1028301
Castilla-La Mancha;08;2009;mujeres;real;17,37;80,11;10,42;5,08;10,66;1,64;0,47;5,96;17,88;1009470
Castilla-La Mancha;08;2010;hombres;real;17,50;173,07;37,73;7,43;16,99;15,87;1,17;28,81;16,82;1026400
Castilla-La Mancha;08;2010;mujeres;real;17,58;75,88;8,62;4,58;10,54;2,74;0,46;5,53;16,97;1013090
Castilla-La Mancha;08;2011;hombres;real;18,60;178,54;34,37;6,85;13,84;15,65;1,11;26,92;13,68;1027897
Castilla-La Mancha;08;2011;mujeres;real;18,13;86,03;9,38;4,19;9,85;3,25;0,47;6,04;16,06;1017532
Castilla-La Mancha;08;2012;hombres;real;17,39;179,03;36,09;9,81;13,86;18,22;1,24;31,20;15,28;1026626
Castilla-La Mancha;08;2012;mujeres;real;18,14;84,71;9,42;2,68;10,47;3,05;0,44;4,78;13,40;1016717
Castilla-La Mancha;08;2013;hombres;real;17,43;171,85;32,36;7,48;16,16;14,44;1,10;26,72;11,55;1049477
Castilla-La Mancha;08;2013;mujeres;real;18,62;81,77;7,90;3,24;6,58;2,05;0,38;2,97;13,72;1034100
Castilla-La Mancha;08;2014;hombres;real;17,29;172,15;34,76;8,84;12,87;14,92;1,13;27,53;12,73;1040531
Castilla-La Mancha;08;2014;mujeres;real;19,03;72,67;8,35;3,54;7,96;2,83;0,40;3,63;14,44;1027047
Castilla-La Mancha;08;2015;hombres;real;17,23;166,90;35,52;8,67;14,73;15,64;1,15;28,21;12,70;1033213
Castilla-La Mancha;08;2015;mujeres;real;19,34;79,13;8,77;2,80;8,40;2,67;0,40;3,53;14,75;1020824
Castilla-La Mancha;08;2016;hombres;real;17,80;171,05;31,85;8,50;12,20;13,93;1,08;25,87;12,75;1026852
Castilla-La Mancha;08;2016;mujeres;real;20,86;77,96;7,95;2,54;7,57;1,66;0,36;2,26;15,07;1016438
Castilla-La Mancha;08;2017;hombres;real;17,51;169,73;30,29;8,51;15,12;17,68;1,16;28,56;12,27;1021888
Castilla-La Mancha;08;2017;mujeres;real;20,42;80,52;6,07;3,42;7,09;2,67;0,39;3,23;12,61;1012911
Castilla-La Mancha;08;2018;hombres;real;17,90;166,84;28,08;6,12;12,62;13,19;0,98;22,64;11,60;1018919
Castilla-La Mancha;08;2018;mujeres;real;20,70;76,75;6,49;2,13;7,40;3,18;0,36;2,37;12,57;1011341
Castilla-La Mancha;08;2019;hombres;real;18,73;152,19;30,76;4,88;14,22;10,62;0,91;20,24;13,22;1023272
Castilla-La Mancha;08;2019;mujeres;real;21,72;79,27;6,51;2,54;7,31;3,48;0,38;3,01;12,34;1015428
Castilla-La Mancha;08;2020;hombres;real;16,25;145,70;34,08;5,37;16,35;9,93;0,93;21,15;14,52;1025615
Castilla-La Mancha;08;2020;mujeres;real;19,47;78,17;6,55;1,75;8,87;3,70;0,38;2,91;14,95;1017447
Castilla-La Mancha;08;2021;hombres;real;17,97;154,13;33,89;5,34;12,69;12,23;0,95;21,73;14,47;1173673
Castilla-La Mancha;08;2021;mujeres;real;21,52;76,86;7,33;1,73;7,39;3,57;0,36;2,41;15,92;1205512
Castilla-La Mancha;08;2022;hombres;real;18,32;147,81;33,94;5,63;13,02;9,35;0,90;20,08;15,41;1037446
Castilla-La Mancha;08;2022;mujeres;real;21,38;76,44;8,57;3,26;6,52;2,98;0,39;3,29;15,21;1031905
Castilla-La Mancha;08;2023;hombres;real;18,77;146,55;35,28;4,85;11,90;10,93;0,90;20,12;13,05;1047677
Castilla-La Mancha;08;2023;mujeres;real;21,19;76,70;6,56;2,32;5,64;3,62;0,36;2,22;12,50;1041397
Castilla-La Mancha;08;2024;hombres;proyeccion;18,04;136,43;29,28;7,01;10,04;7,41;0,83;17,62;12,54;1058635
Castilla-La Mancha;08;2024;mujeres;proyeccion;21,51;83,98;6,90;2,33;6,39;2,75;0,37;2,50;14,95;1050128
Castilla-La Mancha;08;2025;hombres;proyeccion;18,05;NA;NA;NA;NA;NA;0,83;17,79;13,24;1074307
Castilla-La Mancha;08;2025;mujeres;proyeccion;21,60;NA;NA;NA;NA;NA;0,35;2,09;14,04;1064209
Cataluña;09;1990;hombres;real;NA;10,42;82,54;10,06;48,16;36,27;1,83;50,57;NA;2962522
Cataluña;09;1990;mujeres;real;NA;1,49;23,34;9,61;28,78;7,50;0,79;16,34;NA;3094829
Cataluña;09;1991;hombres;real;NA;10,49;80,91;10,59;44,06;32,98;1,73;47,55;NA;2967184
Cataluña;09;1991;mujeres;real;NA;1,44;21,55;9,81;27,70;7,01;0,76;15,55;NA;3099984
Cataluña;09;1992;hombres;real;NA;11,20;80,16;9,68;42,97;29,59;1,64;44,44;NA;2974943
Cataluña;09;1992;mujeres;real;NA;1,57;23,13;7,72;23,79;6,19;0,67;12,37;NA;3106514
Cataluña;09;1993;hombres;real;NA;11,70;79,40;9,69;39,44;32,30;1,65;44,73;NA;2981638
Cataluña;09;1993;mujeres;real;NA;0,83;22,14;6,93;22,97;7,01;0,65;11,69;NA;3112450
Cataluña;09;1994;hombres;real;NA;11,11;76,09;9,21;39,28;27,33;1,53;40,83;NA;2985995
Cataluña;09;1994;mujeres;real;NA;1,11;18,57;6,60;22,36;5,06;0,58;9,48;NA;3116874
Cataluña;09;1995;hombres;real;NA;10,44;72,33;8,89;38,75;29,86;1,54;41,08;NA;2990391
Cataluña;09;1995;mujeres;real;NA;1,16;20,17;7,07;19,10;5,66;0,58;9,45;NA;3121845
Cataluña;09;1996;hombres;real;NA;8,39;72,36;8,44;30,77;26,78;1,39;36,28;NA;2997383
Cataluña;09;1996;mujeres;real;NA;1,19;18,23;6,11;16,06;4,71;0,50;6,78;NA;3129362
Cataluña;09;1997;hombres;real;NA;10,58;69,36;8,96;31,04;25,38;1,37;35,61;4,17;3005801
Cataluña;09;1997;mujeres;real;NA;1,35;18,05;6,40;17,46;5,64;0,53;7,98;4,05;3138786
Cataluña;09;1998;hombres;real;NA;11,15;67,13;9,21;30,24;24,58;1,34;34,73;4,95;3017047
Cataluña;09;1998;mujeres;real;NA;0,95;18,03;6,49;15,66;4,96;0,51;7,06;5,27;3151295
Cataluña;09;1999;hombres;real;NA;241,44;67,03;9,83;31,74;30,76;1,92;53,62;4,99;3032385
Cataluña;09;1999;mujeres;real;NA;102,70;17,25;5,97;16,19;6,21;0,71;13,73;5,51;3167466
Cataluña;09;2000;hombres;real;NA;228,35;61,88;10,14;28,05;24,98;1,74;47,67;5,80;3058798
Cataluña;09;2000;mujeres;real;NA;96,86;15,60;4,94;13,47;4,33;0,60;10,26;6,19;3192412
Cataluña;09;2001;hombres;real;NA;234,64;60,06;9,15;27,94;21,88;1,66;45,12;5,81;3092380
Cataluña;09;2001;mujeres;real;NA;100,64;15,40;5,72;15,35;3,39;0,63;11,19;6,00;3222383
Cataluña;09;2002;hombres;real;NA;221,42;57,19;8,20;25,74;24,69;1,62;43,84;5,94;3147215
Cataluña;09;2002;mujeres;real;NA;99,07;13,61;5,41;13,21;4,26;0,60;10,30;7,37;3271172
Cataluña;09;2003;hombres;real;NA;223,06;55,07;9,92;24,66;24,46;1,64;44,52;4,66;3223759
Cataluña;09;2003;mujeres;real;NA;95,95;13,61;5,16;13,13;3,84;0,58;9,64;5,61;3341395
Cataluña;09;2004;hombres;real;NA;220,87;50,54;9,26;21,86;21,22;1,51;40,27;5,20;3301369
Cataluña;09;2004;mujeres;real;NA;96,18;11,98;4,17;11,62;3,15;0,52;7,64;6,68;3409454
Cataluña;09;2005;hombres;real;NA;215,37;47,87;10,07;23,63;22,60;1,55;41,46;4,71;3383731
Cataluña;09;2005;mujeres;real;NA;91,88;12,30;5,05;11,56;4,44;0,56;8,89;5,86;3476460
Cataluña;09;2006;hombres;real;16,26;213,29;47,81;7,82;22,53;16,96;1,38;35,91;4,73;3460100
Cataluña;09;2006;mujeres;real;19,40;91,21;10,52;4,07;10,16;2,36;0,48;6,08;6,54;3539800
Cataluña;09;2007;hombres;real;16,23;210,15;41,97;8,53;20,70;17,69;1,35;35,06;6,10;3550148
Cataluña;09;2007;mujeres;real;19,35;90,64;10,37;4,17;10,00;3,84;0,50;6,87;6,62;3615883
Cataluña;09;2008;hombres;real;16,49;196,82;38,62;8,58;20,79;18,09;1,32;33,90;4,76;3596661
Cataluña;09;2008;mujeres;real;19,53;91,76;8,65;4,34;10,35;3,10;0,49;6,47;5,49;3673807
Cataluña;09;2009;hombres;real;16,48;195,39;34,18;7,24;19,21;17,32;1,23;30,92;5,49;3598921
Cataluña;09;2009;mujeres;real;19,84;88,79;7,14;3,94;8,60;3,13;0,45;5,12;6,73;3689138
Cataluña;09;2010;hombres;real;16,70;196,50;38,97;7,41;15,99;15,55;1,20;29,99;4,73;3603942
Cataluña;09;2010;mujeres;real;20,27;93,33;7,85;3,28;8,07;2,79;0,43;4,62;5,91;3717153
Cataluña;09;2011;hombres;real;16,79;190,66;31,22;6,63;15,84;14,26;1,10;26,77;5,69;3581269
Cataluña;09;2011;mujeres;real;20,84;89,83;6,71;3,13;8,16;2,92;0,42;4,16;6,05;3721875
Cataluña;09;2012;hombres;real;16,47;189,45;36,07;6,28;15,38;14,78;1,12;27,44;5,95;3561649
Cataluña;09;2012;mujeres;real;19,92;89,23;8,29;2,50;8,74;3,17;0,42;4,22;6,03;3728160
Cataluña;09;2013;hombres;real;16,28;185,66;33,36;5,06;14,73;15,12;1,07;25,66;5,21;3660700
Cataluña;09;2013;mujeres;real;19,62;90,59;6,65;2,77;7,24;3,14;0,40;3,73;5,61;3782879
Cataluña;09;2014;hombres;real;16,11;176,67;31,55;4,79;13,01;13,16;0,99;22,88;5,59;3630698
Cataluña;09;2014;mujeres;real;19,34;87,86;6,02;1,97;6,98;2,72;0,37;2,45;5,09;3768907
Cataluña;09;2015;hombres;real;16,39;175,02;32,78;5,22;14,56;15,32;1,05;25,07;5,81;3624306
Cataluña;09;2015;mujeres;real;19,16;85,14;7,39;1,99;6,76;3,02;0,37;2,65;6,56;3771812
Cataluña;09;2016;hombres;real;17,09;171,18;29,96;6,48;14,44;13,75;1,03;24,46;6,41;3629960
Cataluña;09;2016;mujeres;real;19,68;86,15;5,06;2,27;6,21;3,25;0,37;2,47;8,14;3786574
Cataluña;09;2017;hombres;real;16,94;167,23;30,59;7,05;13,98;14,39;1,05;25,01;6,40;3644681
Cataluña;09;2017;mujeres;real;19,49;86,06;6,27;2,72;6,35;3,97;0,40;3,52;5,30;3809278
Cataluña;09;2018;hombres;real;16,99;169,24;29,98;6,47;13,54;13,03;1,01;23,64;7,07;3673164
Cataluña;09;2018;mujeres;real;19,52;83,40;5,16;2,26;6,93;3,77;0,38;2,83;6,43;3842988
Cataluña;09;2019;hombres;real;18,32;159,67;27,53;5,36;12,19;11,51;0,91;20,36;7,19;3722215
Cataluña;09;2019;mujeres;real;21,97;82,89;4,72;2,02;6,42;3,24;0,35;2,05;7,29;3888011
Cataluña;09;2020;hombres;real;16,66;151,67;27,60;5,91;13,25;8,84;0,87;19,18;8,12;3745825
Cataluña;09;2020;mujeres;real;20,20;84,66;4,99;2,24;6,26;2,87;0,36;2,13;8,34;3911017
Cataluña;09;2021;hombres;real;17,75;150,65;28,64;5,62;11,86;8,88;0,86;18,63;8,77;3748148
Cataluña;09;2021;mujeres;real;21,62;81,82;5,61;2,15;6,89;3,00;0,36;2,27;9,73;3913858
Cataluña;09;2022;hombres;real;17,82;143,42;30,29;4,67;12,82;8,55;0,83;17,82;9,46;3850961
Cataluña;09;2022;mujeres;real;21,42;84,55;5,76;1,98;6,21;3,38;0,36;2,33;9,31;3978356
Cataluña;09;2023;hombres;real;18,65;141,35;26,64;5,74;12,01;9,32;0,84;18,09;10,47;3922212
Cataluña;09;2023;mujeres;real;21,21;84,80;5,44;1,85;6,95;3,52;0,37;2,49;8,48;4048083
Cataluña;09;2024;hombres;proyeccion;18,24;138,28;24,60;5,18;12,63;9,82;0,82;17,53;11,91;3976012
Cataluña;09;2024;mujeres;proyeccion;21,25;85,31;5,75;1,61;6,27;4,50;0,37;2,71;10,39;4091977
Cataluña;09;2025;hombres;proyeccion;18,27;NA;NA;NA;NA;NA;0,81;16,99;12,36;4030095
Cataluña;09;2025;mujeres;proyeccion;21,25;NA;NA;NA;NA;NA;0,37;2,59;10,05;4131178
Ceuta;18;1990;hombres;real;NA;14,57;160,48;25,28;92,74;49,53;3,32;99,74;NA;32791
Ceuta;18;1990;mujeres;real;NA;0,00;56,35;21,96;79,82;0,00;1,65;44,90;NA;33921
Ceuta;18;1991;hombres;real;NA;7,34;111,58;23,38;63,22;86,51;3,33;100,00;NA;33357
Ceuta;18;1991;mujeres;real;NA;0,00;60,98;15,14;75,63;16,21;1,74;47,78;NA;34494
Ceuta;18;1992;hombres;real;NA;5,60;173,85;23,08;55,20;34,59;2,70;79,31;NA;33712
Ceuta;18;1992;mujeres;real;NA;0,00;28,73;22,76;42,63;9,84;1,32;34,06;NA;34667
Ceuta;18;1993;hombres;real;NA;0,00;126,93;11,14;58,15;88,29;3,07;91,45;NA;34068
Ceuta;18;1993;mujeres;real;NA;5,47;61,82;13,64;25,75;13,64;1,19;29,52;NA;34851
Ceuta;18;1994;hombres;real;NA;10,25;106,97;10,25;58,18;41,65;2,16;61,46;NA;34388
Ceuta;18;1994;mujeres;real;NA;8,87;70,82;28,07;38,78;8,82;1,66;44,99;NA;35011
Ceuta;18;1995;hombres;real;NA;0,00;139,43;4,79;66,42;41,58;2,26;64,81;NA;34669
Ceuta;18;1995;mujeres;real;NA;0,00;44,38;29,22;60,39;6,67;1,70;46,29;NA;35138
Ceuta;18;1996;hombres;real;NA;0,00;153,59;41,61;35,42;41,37;2,97;88,24;NA;34920
Ceuta;18;1996;mujeres;real;NA;0,00;46,37;18,82;47,55;14,68;1,45;38,30;NA;35244
Ceuta;18;1997;hombres;real;NA;0,00;103,87;28,00;40,37;31,36;2,22;63,64;13,16;35151
Ceuta;18;1997;mujeres;real;NA;0,00;18,79;18,79;51,64;8,49;1,23;31,04;7,81;35333
Ceuta;18;1998;hombres;real;NA;4,86;111,78;15,39;41,93;36,80;2,06;58,37;27,41;35374
Ceuta;18;1998;mujeres;real;NA;0,00;50,58;17,86;40,69;17,95;1,44;37,89;15,00;35398
Ceuta;18;1999;hombres;real;NA;242,91;128,69;22,32;49,72;47,25;3,04;90,59;21,84;35568
Ceuta;18;1999;mujeres;real;NA;108,85;21,75;4,47;22,88;9,43;0,83;17,64;15,69;35468
Ceuta;18;2000;hombres;real;NA;224,61;94,40;20,84;37,63;26,66;2,31;66,42;29,20;35743
Ceuta;18;2000;mujeres;real;NA;84,22;26,78;17,20;17,75;11,10;1,11;27,01;3,70;35531
Ceuta;18;2001;hombres;real;NA;180,70;94,01;4,83;46,03;12,64;1,66;44,98;24,74;35949
Ceuta;18;2001;mujeres;real;NA;82,30;62,77;22,51;25,07;13,11;1,55;41,45;16,67;35560
Ceuta;18;2002;hombres;real;NA;243,34;92,42;10,67;50,76;30,39;2,26;65,02;10,26;35977
Ceuta;18;2002;mujeres;real;NA;119,83;34,74;29,59;20,94;7,30;1,50;39,99;18,97;35497
Ceuta;18;2003;hombres;real;NA;216,21;57,82;23,28;29,78;54,58;2,55;74,39;25,68;35923
Ceuta;18;2003;mujeres;real;NA;96,45;38,96;21,95;24,08;3,45;1,25;31,74;10,81;35491
Ceuta;18;2004;hombres;real;NA;215,48;51,47;25,76;20,53;28,12;2,03;57,41;21,69;35877
Ceuta;18;2004;mujeres;real;NA;90,17;44,60;26,35;26,48;0,00;1,35;34,90;5,66;35528
Ceuta;18;2005;hombres;real;NA;189,72;75,28;24,39;31,35;28,42;2,19;62,68;15,48;35839
Ceuta;18;2005;mujeres;real;NA;102,80;35,06;30,71;21,88;17,90;1,69;46,19;12,73;35544
Ceuta;18;2006;hombres;real;12,94;255,50;70,62;7,63;33,40;23,61;1,80;49,82;29,33;35888
Ceuta;18;2006;mujeres;real;14,05;72,55;34,01;17,84;22,46;6,58;1,11;27,11;8,00;35651
Ceuta;18;2007;hombres;real;13,15;167,39;67,03;28,15;27,43;24,44;2,09;59,42;19,40;35979
Ceuta;18;2007;mujeres;real;13,94;86,91;10,07;16,87;38,78;12,50;1,24;31,38;6,12;35818
Ceuta;18;2008;hombres;real;13,15;180,93;65,67;22,42;34,03;24,89;2,04;57,58;20,59;36170
Ceuta;18;2008;mujeres;real;14,60;109,12;24,97;29,09;17,68;0,00;1,26;31,95;9,68;36183
Ceuta;18;2009;hombres;real;12,57;203,13;77,23;7,66;10,36;33,66;1,69;46,01;8,33;36292
Ceuta;18;2009;mujeres;real;14,95;101,26;17,83;20,79;24,14;3,25;1,11;27,08;9,84;36304
Ceuta;18;2010;hombres;real;13,07;197,40;45,89;21,61;12,55;50,27;2,16;61,65;10,81;37968
Ceuta;18;2010;mujeres;real;15,22;86,01;29,96;11,76;21,83;4,41;0,92;20,69;11,67;37451
Ceuta;18;2011;hombres;real;14,46;161,20;49,21;23,02;39,94;9,11;1,71;46,85;12,35;38396
Ceuta;18;2011;mujeres;real;16,08;91,37;22,08;12,99;24,39;2,63;0,91;20,42;15,62;38248
Ceuta;18;2012;hombres;real;14,61;163,09;52,77;32,36;30,79;13,25;1,96;54,86;16,18;38817
Ceuta;18;2012;mujeres;real;16,62;84,39;21,52;30,28;11,85;4,21;1,24;31,26;13,79;38508
Ceuta;18;2013;hombres;real;15,33;188,59;43,42;12,95;20,83;13,19;1,36;35,19;8,25;43239
Ceuta;18;2013;mujeres;real;18,05;96,38;23,88;4,04;10,37;7,56;0,65;11,81;2,44;41260
Ceuta;18;2014;hombres;real;16,27;177,73;48,58;20,69;17,54;23,48;1,71;46,69;1,72;43193
Ceuta;18;2014;mujeres;real;19,48;84,73;10,86;14,04;0,00;0,00;0,58;9,50;6,00;41423
Ceuta;18;2015;hombres;real;16,55;192,50;27,63;5,68;18,89;8,44;0,99;23,14;9,76;42947
Ceuta;18;2015;mujeres;real;18,68;79,97;18,48;8,66;6,31;4,27;0,61;10,52;15,71;41542
Ceuta;18;2016;hombres;real;16,46;211,14;38,12;25,07;36,02;18,34;1,92;53,60;5,63;43067
Ceuta;18;2016;mujeres;real;18,71;66,80;38,61;8,62;0,00;7,80;0,70;13,32;13,04;41657
Ceuta;18;2017;hombres;real;16,38;196,06;53,72;11,88;28,90;14,11;1,50;39,77;13,95;43249
Ceuta;18;2017;mujeres;real;18,31;110,69;38,24;11,79;6,93;4,27;0,86;18,90;6,67;41767
Ceuta;18;2018;hombres;real;16,87;133,59;19,49;9,67;30,59;7,72;1,04;24,66;12,70;43163
Ceuta;18;2018;mujeres;real;18,32;127,31;22,57;4,87;8,41;2,38;0,61;10,67;17,95;41786
Ceuta;18;2019;hombres;real;14,86;162,70;32,20;7,05;17,27;28,74;1,33;34,15;9,86;42809
Ceuta;18;2019;mujeres;real;14,02;94,01;20,43;0,00;25,28;2,60;0,58;9,65;15,69;41660
Ceuta;18;2020;hombres;real;13,41;147,14;65,05;23,21;20,33;30,89;1,96;54,99;10,39;42481
Ceuta;18;2020;mujeres;real;12,75;115,93;28,65;21,22;10,87;0,00;1,03;24,26;17,14;41478
Ceuta;18;2021;hombres;real;13,68;168,19;53,55;4,98;34,18;12,01;1,28;32,72;11,48;41837
Ceuta;18;2021;mujeres;real;12,85;117,81;10,54;21,39;13,54;16,86;1,25;31,52;13,51;41001
Ceuta;18;2022;hombres;real;13,67;97,85;56,27;10,60;15,12;28,17;1,40;36,49;12,20;41817
Ceuta;18;2022;mujeres;real;13,34;118,42;41,50;17,00;8,07;0,00;0,97;22,33;15,79;40975
Ceuta;18;2023;hombres;real;16,05;143,78;45,37;7,44;17,33;2,57;0,93;21,03;9,68;41783
Ceuta;18;2023;mujeres;real;16,92;63,05;27,47;10,14;8,84;0,00;0,62;10,77;11,54;41048
Ceuta;18;2024;hombres;proyeccion;15,25;109,37;38,27;6,60;13,84;27,49;1,19;29,74;12,12;41993
Ceuta;18;2024;mujeres;proyeccion;15,84;90,66;0,00;6,59;16,02;2,97;0,55;8,45;11,36;41348
Ceuta;18;2025;hombres;proyeccion;15,25;NA;NA;NA;NA;NA;1,09;26,49;11,24;42296
Ceuta;18;2025;mujeres;proyeccion;15,86;NA;NA;NA;NA;NA;0,62;10,78;11,84;41496
Comunidad Foral de Navarra;15;1990;hombres;real;NA;6,03;66,36;6,82;46,80;35,25;1,61;43,60;NA;257783
Comunidad Foral de Navarra;15;1990;mujeres;real;NA;1,87;17,78;9,34;20,70;6,38;0,65;11,89;NA;261517
Comunidad Foral de Navarra;15;1991;hombres;real;NA;11,26;62,60;12,10;35,64;28,77;1,52;40,43;NA;258524
Comunidad Foral de Navarra;15;1991;mujeres;real;NA;1,90;22,89;11,35;24,16;7,70;0,79;16,37;NA;262318
Comunidad Foral de Navarra;15;1992;hombres;real;NA;9,72;70,43;7,40;37,34;28,05;1,44;37,96;NA;260018
Comunidad Foral de Navarra;15;1992;mujeres;real;NA;1,33;17,65;6,02;14,22;4,84;0,48;6,09;NA;263600
Comunidad Foral de Navarra;15;1993;hombres;real;NA;9,63;72,46;10,69;31,57;38,42;1,66;45,07;NA;261518
Comunidad Foral de Navarra;15;1993;mujeres;real;NA;2,00;14,69;7,61;18,69;3,09;0,52;7,39;NA;264860
Comunidad Foral de Navarra;15;1994;hombres;real;NA;9,31;70,97;9,81;32,71;26,24;1,43;37,55;NA;263122
Comunidad Foral de Navarra;15;1994;mujeres;real;NA;0,88;15,51;9,98;17,41;6,07;0,62;10,71;NA;266244
Comunidad Foral de Navarra;15;1995;hombres;real;NA;6,74;72,17;7,14;26,33;22,03;1,23;30,95;NA;264745
Comunidad Foral de Navarra;15;1995;mujeres;real;NA;2,23;19,39;4,27;17,68;3,93;0,46;5,60;NA;267741
Comunidad Foral de Navarra;15;1996;hombres;real;NA;12,17;81,99;7,26;31,08;22,89;1,36;35,21;NA;266174
Comunidad Foral de Navarra;15;1996;mujeres;real;NA;1,24;15,92;4,24;15,27;3,80;0,41;4,03;NA;269151
Comunidad Foral de Navarra;15;1997;hombres;real;NA;7,11;79,01;6,94;32,10;22,38;1,33;34,12;5,48;267492
Comunidad Foral de Navarra;15;1997;mujeres;real;NA;0,41;16,56;4,12;11,42;3,64;0,37;2,66;10,94;270471
Comunidad Foral de Navarra;15;1998;hombres;real;NA;8,55;68,18;7,62;21,74;26,29;1,25;31,66;7,61;269035
Comunidad Foral de Navarra;15;1998;mujeres;real;NA;1,31;15,98;3,84;17,10;3,78;0,42;4,28;13,12;271915
Comunidad Foral de Navarra;15;1999;hombres;real;NA;228,16;65,21;7,19;20,62;21,64;1,55;41,52;4,80;270985
Comunidad Foral de Navarra;15;1999;mujeres;real;NA;89,44;11,83;4,07;13,38;4,35;0,54;8,35;7,23;273697
Comunidad Foral de Navarra;15;2000;hombres;real;NA;231,21;60,71;7,82;22,02;21,76;1,56;41,94;7,49;273271
Comunidad Foral de Navarra;15;2000;mujeres;real;NA;101,32;14,29;5,03;10,51;1,40;0,53;7,78;8,74;275834
Comunidad Foral de Navarra;15;2001;hombres;real;NA;213,69;63,17;7,97;26,02;14,50;1,46;38,62;7,35;275610
Comunidad Foral de Navarra;15;2001;mujeres;real;NA;107,29;12,78;5,56;11,96;3,15;0,59;9,77;9,29;278086
Comunidad Foral de Navarra;15;2002;hombres;real;NA;214,72;68,94;5,50;22,33;13,97;1,39;36,19;6,10;278951
Comunidad Foral de Navarra;15;2002;mujeres;real;NA;96,07;8,29;3,44;9,30;2,47;0,45;5,22;8,18;281284
Comunidad Foral de Navarra;15;2003;hombres;real;NA;202,56;58,01;8,15;19,77;16,28;1,39;36,12;5,46;283332
Comunidad Foral de Navarra;15;2003;mujeres;real;NA;82,31;13,95;5,71;9,94;4,07;0,55;8,41;6,70;285491
Comunidad Foral de Navarra;15;2004;hombres;real;NA;196,43;52,06;7,37;18,82;16,47;1,32;33,79;7,84;287373
Comunidad Foral de Navarra;15;2004;mujeres;real;NA;84,74;9,19;5,05;8,92;2,58;0,47;5,97;7,21;289464
Comunidad Foral de Navarra;15;2005;hombres;real;NA;186,98;44,58;7,41;22,62;17,73;1,32;33,78;6,79;291192
Comunidad Foral de Navarra;15;2005;mujeres;real;NA;92,30;12,13;4,09;9,31;1,35;0,46;5,62;5,44;293265
Comunidad Foral de Navarra;15;2006;hombres;real;15,31;188,81;45,95;6,53;21,91;12,78;1,21;30,40;8,66;294906
Comunidad Foral de Navarra;15;2006;mujeres;real;19,32;88,45;7,80;3,41;11,76;4,06;0,48;6,31;7,13;296953
Comunidad Foral de Navarra;15;2007;hombres;real;15,18;194,37;43,07;8,02;15,34;16,77;1,25;31,60;7,37;299384
Comunidad Foral de Navarra;15;2007;mujeres;real;19,29;97,97;7,70;5,35;4,99;3,56;0,47;6,06;3,97;301262
Comunidad Foral de Navarra;15;2008;hombres;real;15,88;189,84;43,29;8,90;13,95;12,71;1,18;29,37;5,66;304285
Comunidad Foral de Navarra;15;2008;mujeres;real;19,09;81,35;5,83;4,05;11,13;1,94;0,43;4,65;9,36;306099
Comunidad Foral de Navarra;15;2009;hombres;real;16,76;189,78;38,04;4,49;18,49;12,28;1,08;25,91;6,43;307697
Comunidad Foral de Navarra;15;2009;mujeres;real;19,39;90,51;4,30;2,48;7,25;2,49;0,37;2,69;5,32;309204
Comunidad Foral de Navarra;15;2010;hombres;real;17,36;159,16;31,50;8,25;14,76;11,69;1,03;24,41;4,01;308880
Comunidad Foral de Navarra;15;2010;mujeres;real;19,57;80,83;5,55;4,73;10,14;3,71;0,47;5,81;3,12;311794
Comunidad Foral de Navarra;15;2011;hombres;real;18,36;187,69;34,42;5,65;17,36;12,14;1,07;25,65;4,04;309045
Comunidad Foral de Navarra;15;2011;mujeres;real;21,53;100,00;4,35;3,43;8,42;3,36;0,44;4,95;4,02;313743
Comunidad Foral de Navarra;15;2012;hombres;real;17,46;179,93;37,53;6,68;11,18;7,42;0,96;21,96;4,97;308640
Comunidad Foral de Navarra;15;2012;mujeres;real;20,00;85,64;4,53;0,83;6,32;1,96;0,30;0,44;8,40;314874
Comunidad Foral de Navarra;15;2013;hombres;real;17,22;183,46;30,54;3,07;11,48;13,72;0,94;21,50;5,74;316497
Comunidad Foral de Navarra;15;2013;mujeres;real;20,42;87,95;7,92;1,88;7,10;2,36;0,37;2,56;7,02;320528
Comunidad Foral de Navarra;15;2014;hombres;real;17,16;189,66;28,71;8,63;14,86;13,14;1,11;26,99;6,73;315501
Comunidad Foral de Navarra;15;2014;mujeres;real;20,50;98,14;9,02;1,89;5,45;2,30;0,38;2,85;6,27;320503
Comunidad Foral de Navarra;15;2015;hombres;real;17,21;162,17;33,30;7,16;15,66;8,99;0,98;22,80;6,84;315459
Comunidad Foral de Navarra;15;2015;mujeres;real;20,58;78,76;6,58;3,32;7,98;4,50;0,43;4,43;7,16;320799
Comunidad Foral de Navarra;15;2016;hombres;real;17,46;165,93;26,16;8,19;11,89;12,83;1,00;23,53;7,13;316166
Comunidad Foral de Navarra;15;2016;mujeres;real;21,15;80,96;5,75;4,57;6,09;3,95;0,43;4,56;7,68;322048
Comunidad Foral de Navarra;15;2017;hombres;real;17,45;166,07;34,50;7,85;13,32;13,91;1,08;25,85;7,55;317227
Comunidad Foral de Navarra;15;2017;mujeres;real;20,91;90,48;5,59;2,50;8,33;4,23;0,42;4,26;5,49;324119
Comunidad Foral de Navarra;15;2018;hombres;real;17,77;147,77;23,76;5,06;14,59;8,34;0,83;17,66;7,47;319340
Comunidad Foral de Navarra;15;2018;mujeres;real;21,06;79,54;5,22;0,69;8,20;2,76;0,32;1,12;5,94;326808
Comunidad Foral de Navarra;15;2019;hombres;real;17,64;152,49;28,66;6,00;10,13;10,20;0,88;19,26;5,43;322434
Comunidad Foral de Navarra;15;2019;mujeres;real;21,45;81,99;5,27;1,38;5,63;4,77;0,36;2,16;8,58;330128
Comunidad Foral de Navarra;15;2020;hombres;real;16,37;150,42;24,90;5,54;10,07;12,05;0,87;19,08;8,99;324658
Comunidad Foral de Navarra;15;2020;mujeres;real;20,07;85,96;5,38;2,23;6,18;2,68;0,36;2,15;5,95;332545
Comunidad Foral de Navarra;15;2021;hombres;real;17,26;148,95;29,21;4,90;12,93;9,20;0,85;18,56;8,60;324446
Comunidad Foral de Navarra;15;2021;mujeres;real;21,79;83,62;4,85;2,97;6,08;2,99;0,37;2,67;5,36;332384
Comunidad Foral de Navarra;15;2022;hombres;real;16,85;140,73;27,23;4,93;11,98;10,57;0,84;18,17;8,59;330579
Comunidad Foral de Navarra;15;2022;mujeres;real;20,78;76,73;5,45;1,58;7,98;4,62;0,37;2,71;7,38;337379
Comunidad Foral de Navarra;15;2023;hombres;real;18,39;129,32;29,25;4,96;12,48;7,10;0,78;16,06;6,36;333787
Comunidad Foral de Navarra;15;2023;mujeres;real;20,96;74,61;4,03;1,95;6,77;5,91;0,38;2,97;8,19;341009
Comunidad Foral de Navarra;15;2024;hombres;proyeccion;17,89;144,12;28,90;5,58;11,88;10,08;0,87;18,93;6,51;337163
Comunidad Foral de Navarra;15;2024;mujeres;proyeccion;21,10;86,80;4,04;2,20;6,28;4,47;0,38;2,97;7,52;343342
Comunidad Foral de Navarra;15;2025;hombres;proyeccion;17,89;NA;NA;NA;NA;NA;0,78;16,24;6,83;340437
Comunidad Foral de Navarra;15;2025;mujeres;proyeccion;21,13;NA;NA;NA;NA;NA;0,38;2,81;6,86;346071
Comunidad Valenciana;10;1990;hombres;real;NA;8,59;104,51;15,20;58,38;40,92;2,25;64,72;NA;1884380
Comunidad Valenciana;10;1990;mujeres;real;NA;1,08;31,94;14,97;40,53;8,97;1,11;27,00;NA;1963849
Comunidad Valenciana;10;1991;hombres;real;NA;10,17;103,42;13,63;58,31;36,65;2,14;60,87;NA;1891521
Comunidad Valenciana;10;1991;mujeres;real;NA;0,77;31,66;13,91;34,11;7,76;1,00;23,29;NA;1971932
Comunidad Valenciana;10;1992;hombres;real;NA;10,25;101,88;14,11;57,87;34,46;2,10;59,63;NA;1897845
Comunidad Valenciana;10;1992;mujeres;real;NA;1,14;28,53;11,93;33,32;6,56;0,90;20,16;NA;1977889
Comunidad Valenciana;10;1993;hombres;real;NA;8,91;100,33;12,01;49,93;34,27;1,95;54,83;NA;1903986
Comunidad Valenciana;10;1993;mujeres;real;NA;1,38;32,41;13,17;30,18;7,27;0,94;21,32;NA;1983786
Comunidad Valenciana;10;1994;hombres;real;NA;10,11;99,75;13,24;53,44;32,84;1,99;56,16;NA;1909820
Comunidad Valenciana;10;1994;mujeres;real;NA;0,98;26,81;12,51;29,92;5,59;0,86;18,67;NA;1989596
Comunidad Valenciana;10;1995;hombres;real;NA;9,07;90,10;13,02;47,69;33,02;1,88;52,38;NA;1915554
Comunidad Valenciana;10;1995;mujeres;real;NA;0,96;28,90;11,65;24,87;5,20;0,79;16,49;NA;1995434
Comunidad Valenciana;10;1996;hombres;real;NA;8,40;99,39;11,84;47,40;33,22;1,90;53,08;NA;1921231
Comunidad Valenciana;10;1996;mujeres;real;NA;1,06;27,51;10,42;24,68;6,25;0,77;15,74;NA;2001113
Comunidad Valenciana;10;1997;hombres;real;NA;10,49;93,91;10,81;43,24;32,55;1,80;49,63;11,43;1927798
Comunidad Valenciana;10;1997;mujeres;real;NA;1,06;28,95;8,48;21,20;6,07;0,69;13,16;9,39;2007419
Comunidad Valenciana;10;1998;hombres;real;NA;7,53;88,48;12,73;41,83;31,43;1,78;48,97;10,87;1937610
Comunidad Valenciana;10;1998;mujeres;real;NA;0,89;27,13;9,99;21,39;6,72;0,73;14,50;9,69;2017038
Comunidad Valenciana;10;1999;hombres;real;NA;230,07;94,29;10,35;39,43;32,75;2,17;61,95;11,62;1954522
Comunidad Valenciana;10;1999;mujeres;real;NA;104,97;25,49;9,04;21,61;6,71;0,90;19,99;10,30;2033846
Comunidad Valenciana;10;2000;hombres;real;NA;232,28;88,08;9,79;35,93;26,34;1,98;55,74;11,73;1982369
Comunidad Valenciana;10;2000;mujeres;real;NA;98,57;24,09;6,74;19,47;4,73;0,76;15,60;10,31;2059304
Comunidad Valenciana;10;2001;hombres;real;NA;226,24;83,17;8,74;34,80;22,86;1,85;51,26;10,58;2023740
Comunidad Valenciana;10;2001;mujeres;real;NA;103,34;22,39;8,16;21,14;3,67;0,80;16,72;9,17;2094489
Comunidad Valenciana;10;2002;hombres;real;NA;217,22;77,52;10,62;30,20;28,22;1,89;52,76;10,34;2080086
Comunidad Valenciana;10;2002;mujeres;real;NA;95,86;20,76;7,28;19,15;4,83;0,75;15,22;10,09;2143117
Comunidad Valenciana;10;2003;hombres;real;NA;216,62;79,15;10,55;31,84;23,04;1,83;50,59;10,60;2142666
Comunidad Valenciana;10;2003;mujeres;real;NA;99,17;20,82;7,06;17,60;4,08;0,73;14,33;11,28;2199179
Comunidad Valenciana;10;2004;hombres;real;NA;210,82;69,29;9,59;32,05;19,30;1,67;45,57;10,47;2204799
Comunidad Valenciana;10;2004;mujeres;real;NA;95,15;20,68;6,76;15,68;3,54;0,68;12,88;9,84;2254466
Comunidad Valenciana;10;2005;hombres;real;NA;204,43;71,00;9,39;27,06;22,20;1,67;45,34;9,92;2269307
Comunidad Valenciana;10;2005;mujeres;real;NA;101,01;19,33;5,68;15,51;4,42;0,67;12,53;8,99;2310406
Comunidad Valenciana;10;2006;hombres;real;15,60;196,24;66,33;9,37;25,77;17,51;1,53;40,90;9,98;2330304
Comunidad Valenciana;10;2006;mujeres;real;17,63;90,05;17,69;4,50;14,16;3,14;0,58;9,40;8,74;2363075
Comunidad Valenciana;10;2007;hombres;real;15,60;193,65;64,17;8,50;25,52;19,62;1,53;40,72;8,83;2401509
Comunidad Valenciana;10;2007;mujeres;real;17,69;90,51;16,50;5,60;14,31;3,30;0,60;10,27;10,15;2423059
Comunidad Valenciana;10;2008;hombres;real;15,89;194,00;57,11;7,61;22,73;16,75;1,39;36,18;10,82;2465428
Comunidad Valenciana;10;2008;mujeres;real;17,12;92,09;16,83;4,84;12,23;3,82;0,58;9,42;9,59;2485138
Comunidad Valenciana;10;2009;hombres;real;15,99;190,38;58,13;8,00;21,91;17,25;1,40;36,49;9,65;2498890
Comunidad Valenciana;10;2009;mujeres;real;16,61;88,71;13,31;5,33;11,80;3,27;0,55;8,52;9,49;2520246
Comunidad Valenciana;10;2010;hombres;real;16,23;189,06;53,76;6,29;20,35;15,32;1,28;32,58;9,90;2477456
Comunidad Valenciana;10;2010;mujeres;real;16,82;93,23;12,21;3,36;11,04;3,39;0,50;6,78;9,37;2513175
Comunidad Valenciana;10;2011;hombres;real;17,03;189,64;51,86;5,70;19,47;15,90;1,26;31,82;10,37;2480864
Comunidad Valenciana;10;2011;mujeres;real;19,64;93,68;13,03;3,37;10,07;2,92;0,48;6,38;8,93;2520370
Comunidad Valenciana;10;2012;hombres;real;16,60;182,41;50,91;6,04;18,28;15,68;1,23;30,96;9,53;2483164
Comunidad Valenciana;10;2012;mujeres;real;18,16;88,32;12,15;2,67;10,26;2,97;0,45;5,39;8,69;2528250
Comunidad Valenciana;10;2013;hombres;real;16,92;182,05;47,61;5,80;16,20;15,08;1,17;29,13;9,07;2459935
Comunidad Valenciana;10;2013;mujeres;real;18,77;95,09;11,03;3,08;10,59;3,53;0,48;6,37;9,23;2507090
Comunidad Valenciana;10;2014;hombres;real;16,98;180,20;46,64;5,69;17,60;12,36;1,13;27,66;8,40;2446999
Comunidad Valenciana;10;2014;mujeres;real;19,28;91,54;10,34;3,37;10,24;3,73;0,48;6,27;8,49;2500347
Comunidad Valenciana;10;2015;hombres;real;16,83;179,49;45,46;5,06;17,98;15,76;1,17;28,90;8,88;2436780
Comunidad Valenciana;10;2015;mujeres;real;19,57;89,56;11,46;2,62;8,77;3,93;0,45;5,36;9,87;2494499
Comunidad Valenciana;10;2016;hombres;real;17,63;178,12;43,78;5,10;17,88;11,75;1,09;26,25;9,28;2432471
Comunidad Valenciana;10;2016;mujeres;real;20,54;92,11;8,87;2,83;9,25;3,81;0,45;5,31;9,19;2495435
Comunidad Valenciana;10;2017;hombres;real;17,41;171,04;39,01;5,64;16,89;12,70;1,07;25,61;9,01;2432644
Comunidad Valenciana;10;2017;mujeres;real;20,31;90,56;8,75;3,03;9,10;3,69;0,45;5,23;9,20;2499659
Comunidad Valenciana;10;2018;hombres;real;17,45;169,79;36,45;6,72;17,56;12,30;1,08;25,95;9,60;2438510
Comunidad Valenciana;10;2018;mujeres;real;20,20;86,83;8,93;3,15;8,77;4,09;0,45;5,25;9,78;2509947
Comunidad Valenciana;10;2019;hombres;real;17,77;164,33;35,24;6,68;14,92;12,08;1,03;24,38;10,25;2462857
Comunidad Valenciana;10;2019;mujeres;real;19,09;86,31;8,67;3,20;8,74;5,39;0,47;5,94;9,89;2536764
Comunidad Valenciana;10;2020;hombres;real;17,25;160,97;39,27;7,88;15,04;10,57;1,05;25,11;10,40;2480152
Comunidad Valenciana;10;2020;mujeres;real;18,60;90,46;8,46;3,98;8,69;4,42;0,48;6,26;11,16;2556896
Comunidad Valenciana;10;2021;hombres;real;17,09;160,96;43,99;7,04;17,45;9,59;1,06;25,49;11,27;2486576
Comunidad Valenciana;10;2021;mujeres;real;18,51;86,75;9,44;3,00;8,30;3,90;0,44;4,96;10,64;2565610
Comunidad Valenciana;10;2022;hombres;real;17,28;157,63;39,45;7,75;15,46;10,78;1,05;25,07;11,64;2538679
Comunidad Valenciana;10;2022;mujeres;real;18,55;90,08;9,83;3,52;9,47;3,67;0,47;5,93;10,51;2619367
Comunidad Valenciana;10;2023;hombres;real;17,95;151,33;43,91;6,51;15,12;11,61;1,04;24,82;11,62;2589585
Comunidad Valenciana;10;2023;mujeres;real;21,23;86,07;8,60;2,55;8,44;3,76;0,42;4,35;10,35;2678427
Comunidad Valenciana;10;2024;hombres;proyeccion;17,67;140,39;36,89;4,78;13,70;10,23;0,90;20,16;10,32;2637169
Comunidad Valenciana;10;2024;mujeres;proyeccion;20,00;86,35;7,86;2,54;7,76;4,43;0,42;4,39;10,24;2723468
Comunidad Valenciana;10;2025;hombres;proyeccion;17,70;NA;NA;NA;NA;NA;0,92;20,63;10,83;2699091
Comunidad Valenciana;10;2025;mujeres;proyeccion;20,01;NA;NA;NA;NA;NA;0,42;4,36;10,30;2778527
Comunidad de Madrid;13;1990;hombres;real;NA;8,69;72,67;7,73;38,68;19,26;1,33;34,08;NA;2380117
Comunidad de Madrid;13;1990;mujeres;real;NA;1,04;18,55;6,99;23,38;3,98;0,58;9,52;NA;2559155
Comunidad de Madrid;13;1991;hombres;real;NA;9,20;75,29;6,81;37,07;18,26;1,28;32,74;NA;2389806
Comunidad de Madrid;13;1991;mujeres;real;NA;1,05;18,07;6,68;23,29;4,08;0,57;9,20;NA;2570254
Comunidad de Madrid;13;1992;hombres;real;NA;9,34;68,83;5,81;35,10;20,08;1,23;31,11;NA;2403169
Comunidad de Madrid;13;1992;mujeres;real;NA;1,16;17,65;5,97;17,54;3,72;0,49;6,47;NA;2584521
Comunidad de Madrid;13;1993;hombres;real;NA;9,70;71,68;7,87;31,38;19,03;1,25;31,59;NA;2415215
Comunidad de Madrid;13;1993;mujeres;real;NA;1,09;17,62;4,74;17,96;3,22;0,45;5,29;NA;2598036
Comunidad de Madrid;13;1994;hombres;real;NA;10,10;66,76;6,08;30,13;19,51;1,17;29,08;NA;2423720
Comunidad de Madrid;13;1994;mujeres;real;NA;0,99;15,03;5,44;16,05;3,76;0,45;5,08;NA;2608176
Comunidad de Madrid;13;1995;hombres;real;NA;9,80;66,12;7,73;29,14;23,37;1,27;32,19;NA;2430610
Comunidad de Madrid;13;1995;mujeres;real;NA;0,86;16,40;5,09;16,72;3,99;0,45;5,37;NA;2616803
Comunidad de Madrid;13;1996;hombres;real;NA;9,80;65,89;7,26;27,49;20,63;1,19;29,68;NA;2438406
Comunidad de Madrid;13;1996;mujeres;real;NA;1,52;15,26;5,20;14,37;3,63;0,42;4,34;NA;2626873
Comunidad de Madrid;13;1997;hombres;real;NA;9,70;59,28;6,54;24,27;21,99;1,13;27,58;8,76;2447174
Comunidad de Madrid;13;1997;mujeres;real;NA;1,31;14,63;4,74;14,02;3,57;0,40;3,68;8,22;2638326
Comunidad de Madrid;13;1998;hombres;real;NA;7,71;61,66;6,87;24,53;23,11;1,17;28,89;9,58;2458968
Comunidad de Madrid;13;1998;mujeres;real;NA;0,86;13,51;3,88;13,56;3,92;0,38;2,77;9,23;2653165
Comunidad de Madrid;13;1999;hombres;real;NA;224,71;60,78;6,20;24,10;23,22;1,56;41,68;9,47;2479554
Comunidad de Madrid;13;1999;mujeres;real;NA;98,07;15,51;3,53;11,54;4,09;0,55;8,38;9,01;2677686
Comunidad de Madrid;13;2000;hombres;real;NA;227,34;57,59;5,49;21,48;19,88;1,44;37,94;9,73;2514581
Comunidad de Madrid;13;2000;mujeres;real;NA;98,58;13,33;3,72;12,67;3,15;0,53;8,01;9,64;2715525
Comunidad de Madrid;13;2001;hombres;real;NA;222,05;55,32;4,83;21,73;18,91;1,39;36,17;10,05;2573941
Comunidad de Madrid;13;2001;mujeres;real;NA;97,69;12,94;3,26;10,81;2,42;0,49;6,48;11,73;2776319
Comunidad de Madrid;13;2002;hombres;real;NA;210,44;53,12;5,87;21,04;16,95;1,34;34,59;9,77;2650558
Comunidad de Madrid;13;2002;mujeres;real;NA;92,14;12,90;2,84;11,02;2,97;0,48;6,15;13,09;2849264
Comunidad de Madrid;13;2003;hombres;real;NA;216,13;53,87;4,86;21,56;19,03;1,37;35,57;10,67;2723957
Comunidad de Madrid;13;2003;mujeres;real;NA;92,72;11,29;2,78;11,66;2,56;0,47;5,82;11,95;2915509
Comunidad de Madrid;13;2004;hombres;real;NA;200,59;48,34;4,33;19,22;13,96;1,19;29,53;9,84;2787996
Comunidad de Madrid;13;2004;mujeres;real;NA;92,31;12,37;2,38;10,19;2,74;0,45;5,29;11,11;2975375
Comunidad de Madrid;13;2005;hombres;real;NA;201,08;46,17;4,82;17,87;15,41;1,20;29,95;10,37;2847706
Comunidad de Madrid;13;2005;mujeres;real;NA;91,73;9,82;2,90;9,93;2,13;0,44;4,79;11,21;3032060
Comunidad de Madrid;13;2006;hombres;real;16,62;197,67;43,04;4,20;17,96;12,49;1,11;27,03;8,95;2902239
Comunidad de Madrid;13;2006;mujeres;real;20,87;91,80;10,03;1,80;9,23;2,20;0,40;3,72;10,88;3084935
Comunidad de Madrid;13;2007;hombres;real;16,60;192,61;42,79;3,69;15,27;12,53;1,06;25,39;9,66;2965126
Comunidad de Madrid;13;2007;mujeres;real;20,94;87,50;9,29;1,96;9,37;1,77;0,39;3,25;10,74;3146952
Comunidad de Madrid;13;2008;hombres;real;16,46;183,69;37,77;3,02;14,85;13,95;1,02;24,02;10,20;3031261
Comunidad de Madrid;13;2008;mujeres;real;20,13;88,32;8,95;1,98;8,61;2,53;0,40;3,44;9,47;3214622
Comunidad de Madrid;13;2009;hombres;real;16,38;182,70;35,87;3,46;12,35;14,41;1,00;23,43;9,71;3057372
Comunidad de Madrid;13;2009;mujeres;real;19,06;87,84;9,20;1,70;7,08;2,15;0,37;2,51;9,89;3243088
Comunidad de Madrid;13;2010;hombres;real;16,74;171,32;32,65;3,03;11,82;11,16;0,89;19,76;10,16;3076814
Comunidad de Madrid;13;2010;mujeres;real;19,37;86,15;7,46;1,21;7,30;2,80;0,36;2,12;9,53;3281773
Comunidad de Madrid;13;2011;hombres;real;18,91;167,35;30,26;4,08;11,29;11,64;0,90;20,06;10,00;3075319
Comunidad de Madrid;13;2011;mujeres;real;21,42;84,56;6,41;1,69;5,68;2,52;0,34;1,55;9,52;3296248
Comunidad de Madrid;13;2012;hombres;real;17,82;170,91;26,49;3,09;10,26;10,16;0,82;17,59;9,80;3087988
Comunidad de Madrid;13;2012;mujeres;real;20,11;83,10;5,76;1,13;5,69;2,21;0,31;0,70;9,24;3318540
Comunidad de Madrid;13;2013;hombres;real;18,31;160,34;30,42;3,32;9,15;8,56;0,79;16,59;11,59;3074467
Comunidad de Madrid;13;2013;mujeres;real;20,44;82,51;6,80;1,31;6,18;2,81;0,34;1,50;10,48;3318248
Comunidad de Madrid;13;2014;hombres;real;18,82;156,19;29,83;3,24;9,92;8,31;0,78;16,27;10,61;3063927
Comunidad de Madrid;13;2014;mujeres;real;20,69;84,16;7,68;1,22;5,92;2,23;0,33;1,28;9,40;3312825
Comunidad de Madrid;13;2015;hombres;real;18,27;149,81;28,38;3,65;11,29;11,03;0,83;17,91;9,66;3074100
Comunidad de Madrid;13;2015;mujeres;real;20,40;82,04;6,79;1,30;5,95;2,95;0,34;1,46;10,26;3327064
Comunidad de Madrid;13;2016;hombres;real;18,64;150,83;28,57;2,59;10,82;9,08;0,77;15,87;10,88;3095019
Comunidad de Madrid;13;2016;mujeres;real;21,20;79,82;6,49;1,18;5,36;3,53;0,33;1,31;9,96;3350545
Comunidad de Madrid;13;2017;hombres;real;18,59;146,17;27,27;3,30;9,01;10,43;0,78;16,11;12,82;3122550
Comunidad de Madrid;13;2017;mujeres;real;20,98;86,01;6,98;1,29;6,02;3,19;0,35;1,89;11,54;3383887
Comunidad de Madrid;13;2018;hombres;real;18,81;141,48;28,17;2,44;8,37;9,26;0,73;14,40;12,21;3159107
Comunidad de Madrid;13;2018;mujeres;real;21,36;80,40;6,59;1,03;5,10;2,70;0,31;0,68;12,21;3427575
Comunidad de Madrid;13;2019;hombres;real;18,22;138,95;26,59;2,39;9,39;8,25;0,71;13,67;11,71;3205785
Comunidad de Madrid;13;2019;mujeres;real;20,59;84,39;5,92;0,63;5,37;3,16;0,32;0,82;12,13;3480728
Comunidad de Madrid;13;2020;hombres;real;15,56;126,50;26,93;3,26;10,39;8,58;0,72;14,19;10,98;3238421
Comunidad de Madrid;13;2020;mujeres;real;18,39;78,75;6,55;1,16;5,70;3,30;0,33;1,21;10,92;3518621
Comunidad de Madrid;13;2021;hombres;real;17,65;124,65;26,74;2,41;9,83;7,40;0,67;12,48;10,35;3228906
Comunidad de Madrid;13;2021;mujeres;real;20,62;75,64;5,83;0,77;5,34;2,52;0,29;0,00;10,34;3509455
Comunidad de Madrid;13;2022;hombres;real;17,87;127,39;25,58;2,24;10,55;7,70;0,68;12,69;10,88;3267270
Comunidad de Madrid;13;2022;mujeres;real;20,29;76,11;6,39;0,59;4,69;3,78;0,31;0,48;10,99;3557440
Comunidad de Madrid;13;2023;hombres;real;20,36;124,01;27,31;2,34;8,91;8,90;0,69;13,03;10,81;3312222
Comunidad de Madrid;13;2023;mujeres;real;22,93;77,13;6,40;0,60;4,92;3,95;0,31;0,73;9,35;3604889
Comunidad de Madrid;13;2024;hombres;proyeccion;19,13;117,39;24,91;2,02;9,54;7,47;0,63;11,31;10,60;3381226
Comunidad de Madrid;13;2024;mujeres;proyeccion;20,59;73,76;6,03;0,75;5,60;3,21;0,30;0,38;10,82;3674958
Comunidad de Madrid;13;2025;hombres;proyeccion;19,13;NA;NA;NA;NA;NA;0,65;11,73;11,07;3424350
Comunidad de Madrid;13;2025;mujeres;proyeccion;20,59;NA;NA;NA;NA;NA;0,31;0,49;10,39;3724336
Extremadura;11;1990;hombres;real;NA;6,44;96,61;13,67;58,11;30,07;1,98;55,66;NA;526232
Extremadura;11;1990;mujeres;real;NA;0,95;32,35;18,08;35,43;4,20;1,06;25,36;NA;537945
Extremadura;11;1991;hombres;real;NA;10,02;107,41;9,87;61,93;37,68;2,12;60,18;NA;525023
Extremadura;11;1991;mujeres;real;NA;0,66;35,00;16,72;42,09;2,55;1,08;25,90;NA;536878
Extremadura;11;1992;hombres;real;NA;6,74;106,64;11,49;56,14;31,40;1,98;55,81;NA;525073
Extremadura;11;1992;mujeres;real;NA;1,78;32,31;13,19;38,50;3,62;0,96;21,96;NA;536815
Extremadura;11;1993;hombres;real;NA;10,21;105,06;14,44;56,44;35,40;2,13;60,55;NA;525570
Extremadura;11;1993;mujeres;real;NA;1,47;42,01;17,97;35,94;7,05;1,17;28,85;NA;536995
Extremadura;11;1994;hombres;real;NA;6,71;94,47;13,05;53,77;29,51;1,90;53,05;NA;526337
Extremadura;11;1994;mujeres;real;NA;1,20;28,64;13,99;33,20;5,04;0,93;21,01;NA;537247
Extremadura;11;1995;hombres;real;NA;7,25;101,07;11,27;49,59;30,32;1,87;51,91;NA;526587
Extremadura;11;1995;mujeres;real;NA;1,56;30,24;16,66;25,13;4,38;0,92;20,61;NA;537002
Extremadura;11;1996;hombres;real;NA;6,97;88,56;9,84;40,69;35,24;1,76;48,30;NA;526267
Extremadura;11;1996;mujeres;real;NA;1,00;30,14;10,08;27,92;4,57;0,78;16,03;NA;536423
Extremadura;11;1997;hombres;real;NA;7,83;85,02;7,49;35,41;35,25;1,63;44,03;10,09;525710
Extremadura;11;1997;mujeres;real;NA;0,70;24,93;10,16;25,13;4,48;0,72;14,17;12,47;535753
Extremadura;11;1998;hombres;real;NA;7,56;79,05;9,37;40,90;25,70;1,53;40,89;13,29;524901
Extremadura;11;1998;mujeres;real;NA;0,78;25,89;9,65;22,85;4,81;0,70;13,38;17,44;534824
Extremadura;11;1999;hombres;real;NA;226,76;89,46;10,96;33,89;34,43;2,13;60,53;14,60;524209
Extremadura;11;1999;mujeres;real;NA;94,51;26,71;11,08;24,71;3,98;0,92;20,74;17,73;533814
Extremadura;11;2000;hombres;real;NA;241,02;81,50;9,60;39,58;23,50;1,94;54,50;16,25;524937
Extremadura;11;2000;mujeres;real;NA;94,66;25,50;8,08;25,01;2,95;0,82;17,52;16,35;533703
Extremadura;11;2001;hombres;real;NA;248,14;72,99;8,09;35,63;21,05;1,79;49,47;14,56;525309
Extremadura;11;2001;mujeres;real;NA;94,02;22,94;9,45;19,05;2,77;0,78;16,14;12,25;533767
Extremadura;11;2002;hombres;real;NA;230,65;73,03;9,73;28,90;24,47;1,79;49,51;14,59;525525
Extremadura;11;2002;mujeres;real;NA;94,45;22,24;7,52;18,01;3,11;0,72;14,27;16,44;534226
Extremadura;11;2003;hombres;real;NA;235,51;79,06;9,74;32,91;23,12;1,85;51,46;17,34;527585
Extremadura;11;2003;mujeres;real;NA;103,54;20,77;6,49;19,48;2,47;0,71;13,82;15,97;536168
Extremadura;11;2004;hombres;real;NA;219,63;63,17;10,06;28,44;15,88;1,57;42,30;18,88;529472
Extremadura;11;2004;mujeres;real;NA;89,59;18,34;7,38;14,35;2,28;0,64;11,49;16,55;537943
Extremadura;11;2005;hombres;real;NA;224,57;62,30;7,88;34,16;29,51;1,81;50,12;19,39;530853
Extremadura;11;2005;mujeres;real;NA;88,89;16,37;5,44;12,95;2,56;0,57;9,16;14,71;539212
Extremadura;11;2006;hombres;real;14,88;217,54;58,91;9,96;19,80;18,56;1,51;40,03;23,51;532128
Extremadura;11;2006;mujeres;real;18,71;85,75;17,02;5,38;11,77;2,01;0,54;8,35;15,24;540393
Extremadura;11;2007;hombres;real;14,91;209,68;61,47;6,34;27,01;18,79;1,49;39,42;19,86;534290
Extremadura;11;2007;mujeres;real;18,71;84,61;12,86;5,24;14,27;2,94;0,56;8,72;13,97;542405
Extremadura;11;2008;hombres;real;15,52;195,01;54,71;10,36;24,00;16,30;1,45;38,26;17,49;535423
Extremadura;11;2008;mujeres;real;17,75;84,93;16,66;5,37;13,77;0,18;0,53;7,83;17,61;544302
Extremadura;11;2009;hombres;real;15,51;227,13;50,09;3,86;21,86;18,29;1,33;34,40;21,62;535939
Extremadura;11;2009;mujeres;real;16,54;77,83;12,75;3,19;13,77;2,14;0,47;5,94;14,85;545083
Extremadura;11;2010;hombres;real;15,83;212,78;51,70;4,81;21,94;15,79;1,30;33,22;19,87;536855
Extremadura;11;2010;mujeres;real;16,56;94,23;11,77;3,41;11,34;1,47;0,47;5,81;16,31;545549
Extremadura;11;2011;hombres;real;16,69;206,20;47,29;7,20;21,19;17,14;1,34;34,52;16,19;537093
Extremadura;11;2011;mujeres;real;16,95;83,14;10,20;3,67;10,90;2,00;0,45;5,20;16,26;546021
Extremadura;11;2012;hombres;real;16,76;221,56;42,16;6,99;21,50;17,04;1,33;34,40;14,97;536407
Extremadura;11;2012;mujeres;real;18,03;100,24;9,63;4,33;9,30;2,30;0,48;6,38;15,93;545410
Extremadura;11;2013;hombres;real;16,96;213,77;53,03;3,41;16,88;18,36;1,27;32,16;17,21;546438
Extremadura;11;2013;mujeres;real;18,41;92,92;11,25;2,06;8,99;1,55;0,41;3,79;15,33;551804
Extremadura;11;2014;hombres;real;17,69;193,30;47,62;4,46;19,98;12,57;1,16;28,52;18,28;544071
Extremadura;11;2014;mujeres;real;19,10;78,47;8,44;3,72;10,85;2,02;0,43;4,63;17,70;549738
Extremadura;11;2015;hombres;real;17,18;194,34;42,48;5,99;20,99;12,75;1,18;29,34;16,44;540855
Extremadura;11;2015;mujeres;real;18,82;90,64;13,08;3,04;9,03;1,74;0,44;4,93;15,21;546773
Extremadura;11;2016;hombres;real;17,57;188,31;42,20;7,51;14,91;10,71;1,11;27,08;17,22;537391
Extremadura;11;2016;mujeres;real;19,16;85,90;8,68;2,85;8,89;3,46;0,43;4,58;12,32;543693
Extremadura;11;2017;hombres;real;17,48;186,52;40,22;5,84;18,56;14,32;1,15;28,41;14,55;532921
Extremadura;11;2017;mujeres;real;18,97;85,82;7,96;2,13;7,41;2,43;0,38;2,79;15,10;539962
Extremadura;11;2018;hombres;real;17,52;197,49;35,40;3,09;15,39;12,05;1,01;23,61;17,61;529857
Extremadura;11;2018;mujeres;real;19,23;84,36;9,06;2,44;7,57;2,38;0,39;3,18;14,03;537161
Extremadura;11;2019;hombres;real;17,56;189,87;34,51;4,36;15,24;14,89;1,07;25,58;12,81;527504
Extremadura;11;2019;mujeres;real;20,95;89,61;8,18;2,07;10,01;1,46;0,39;3,31;15,98;535342
Extremadura;11;2020;hombres;real;16,52;186,84;36,10;6,97;16,84;12,68;1,11;27,15;14,91;525524
Extremadura;11;2020;mujeres;real;19,82;90,99;8,65;1,64;7,72;2,40;0,38;2,91;14,56;533740
Extremadura;11;2021;hombres;real;16,98;166,29;37,89;3,21;17,21;9,43;0,94;21,33;15,88;523219
Extremadura;11;2021;mujeres;real;20,41;83,79;8,41;2,69;9,64;2,61;0,41;4,03;17,89;531566
Extremadura;11;2022;hombres;real;17,04;164,77;31,25;4,83;13,06;12,09;0,94;21,53;15,73;522138
Extremadura;11;2022;mujeres;real;20,42;83,16;8,36;2,32;6,71;2,72;0,38;2,80;16,07;532942
Extremadura;11;2023;hombres;real;18,42;151,41;34,76;6,80;17,83;10,08;1,00;23,39;13,67;521029
Extremadura;11;2023;mujeres;real;20,48;81,97;8,38;1,95;9,09;3,61;0,40;3,68;15,26;532434
Extremadura;11;2024;hombres;proyeccion;17,93;154,65;32,01;3,41;14,46;10,97;0,89;19,66;17,63;520110
Extremadura;11;2024;mujeres;proyeccion;20,47;83,16;8,46;1,27;7,52;2,79;0,36;2,23;16,76;531700
Extremadura;11;2025;hombres;proyeccion;17,93;NA;NA;NA;NA;NA;0,85;18,52;16,03;520562
Extremadura;11;2025;mujeres;proyeccion;20,47;NA;NA;NA;NA;NA;0,36;2,30;15,57;533063
Galicia;12;1990;hombres;real;NA;10,56;80,09;11,26;43,78;39,92;1,86;51,78;NA;1322093
Galicia;12;1990;mujeres;real;NA;0,96;22,95;11,15;32,09;8,84;0,88;19,35;NA;1417282
Galicia;12;1991;hombres;real;NA;11,07;80,88;11,21;49,40;33,46;1,81;50,09;NA;1317931
Galicia;12;1991;mujeres;real;NA;1,20;20,33;7,75;34,21;7,35;0,77;15,87;NA;1414233
Galicia;12;1992;hombres;real;NA;12,26;82,32;8,27;48,73;35,27;1,77;48,77;NA;1316116
Galicia;12;1992;mujeres;real;NA;1,39;17,97;7,12;28,91;6,41;0,68;12,68;NA;1413115
Galicia;12;1993;hombres;real;NA;11,42;82,26;8,46;40,48;30,07;1,60;43,28;NA;1314661
Galicia;12;1993;mujeres;real;NA;0,66;17,37;6,13;29,66;6,47;0,65;11,97;NA;1412078
Galicia;12;1994;hombres;real;NA;10,91;73,77;7,22;42,15;28,07;1,51;40,06;NA;1312368
Galicia;12;1994;mujeres;real;NA;2,01;17,23;7,80;25,87;6,75;0,67;12,38;NA;1410137
Galicia;12;1995;hombres;real;NA;11,28;74,67;8,87;42,30;27,16;1,54;41,17;NA;1308576
Galicia;12;1995;mujeres;real;NA;1,31;19,61;5,94;24,91;5,28;0,60;10,07;NA;1406998
Galicia;12;1996;hombres;real;NA;12,23;79,55;7,78;40,61;31,05;1,59;42,86;NA;1304080
Galicia;12;1996;mujeres;real;NA;0,64;19,97;4,61;25,02;6,13;0,58;9,50;NA;1403063
Galicia;12;1997;hombres;real;NA;14,47;73,79;7,20;33,21;27,74;1,42;37,21;6,65;1299424
Galicia;12;1997;mujeres;real;NA;1,04;18,62;5,73;24,23;5,48;0,58;9,60;4,83;1399253
Galicia;12;1998;hombres;real;NA;12,76;72,57;4,95;31,48;23,30;1,26;31,94;7,37;1295303
Galicia;12;1998;mujeres;real;NA;1,61;19,50;3,88;20,80;5,04;0,50;6,89;6,73;1396554
Galicia;12;1999;hombres;real;NA;238,38;71,45;9,21;33,20;25,88;1,85;51,44;8,71;1291895
Galicia;12;1999;mujeres;real;NA;99,50;18,22;4,34;20,32;5,11;0,69;13,05;7,52;1394948
Galicia;12;2000;hombres;real;NA;234,14;70,41;7,97;31,56;21,60;1,72;47,01;7,93;1293488
Galicia;12;2000;mujeres;real;NA;102,00;14,98;5,72;18,92;4,46;0,68;12,95;7,48;1397478
Galicia;12;2001;hombres;real;NA;235,39;64,66;6,97;27,25;20,46;1,60;43,16;7,79;1295387
Galicia;12;2001;mujeres;real;NA;98,75;15,19;5,50;17,93;3,46;0,65;11,72;7,82;1400171
Galicia;12;2002;hombres;real;NA;228,63;62,23;6,59;29,30;19,92;1,58;42,33;7,93;1295920
Galicia;12;2002;mujeres;real;NA;98,41;13,89;3,81;16,68;3,45;0,58;9,63;8,72;1400947
Galicia;12;2003;hombres;real;NA;231,00;57,68;8,11;27,30;19,01;1,56;41,76;9,05;1299577
Galicia;12;2003;mujeres;real;NA;97,86;14,05;3,84;16,16;3,57;0,58;9,55;7,97;1403456
Galicia;12;2004;hombres;real;NA;229,36;55,25;5,67;26,68;18,03;1,46;38,42;7,45;1302943
Galicia;12;2004;mujeres;real;NA;95,97;13,32;3,81;14,54;2,51;0,54;8,16;7,76;1406155
Galicia;12;2005;hombres;real;NA;220,28;59,37;6,78;24,39;16,53;1,44;37,96;8,27;1306248
Galicia;12;2005;mujeres;real;NA;101,02;13,35;2,85;12,33;2,85;0,51;7,15;8,30;1409113
Galicia;12;2006;hombres;real;16,02;219,25;54,75;6,69;25,33;12,76;1,36;35,15;8,76;1309052
Galicia;12;2006;mujeres;real;18,56;96,43;11,50;3,41;12,43;3,71;0,52;7,52;8,15;1411317
Galicia;12;2007;hombres;real;15,96;222,02;51,34;5,67;23,81;16,40;1,36;35,40;8,10;1313580
Galicia;12;2007;mujeres;real;18,63;91,33;12,00;2,85;12,29;1,88;0,47;5,75;9,11;1415192
Galicia;12;2008;hombres;real;15,69;213,30;47,69;6,29;23,17;14,05;1,30;33,17;8,58;1318617
Galicia;12;2008;mujeres;real;18,05;94,49;11,56;3,32;11,01;3,15;0,49;6,55;7,99;1419481
Galicia;12;2009;hombres;real;15,09;208,76;43,57;5,64;22,45;12,35;1,21;30,40;7,03;1318561
Galicia;12;2009;mujeres;real;17,22;94,98;8,48;4,16;12,02;2,00;0,49;6,40;8,38;1418485
Galicia;12;2010;hombres;real;15,28;203,13;42,35;5,53;21,02;14,01;1,21;30,20;7,26;1317859
Galicia;12;2010;mujeres;real;17,43;94,36;8,89;2,46;10,98;2,35;0,44;4,87;6,93;1418721
Galicia;12;2011;hombres;real;17,76;202,21;36,73;4,54;17,82;14,40;1,12;27,47;7,29;1315849
Galicia;12;2011;mujeres;real;21,04;92,59;9,23;2,42;11,75;3,13;0,46;5,48;8,35;1416128
Galicia;12;2012;hombres;real;15,99;204,91;37,19;3,68;18,62;13,66;1,11;26,84;8,90;1309550
Galicia;12;2012;mujeres;real;18,25;91,88;8,27;1,69;9,49;2,56;0,40;3,59;8,25;1410903
Galicia;12;2013;hombres;real;16,21;198,94;41,61;2,61;17,63;10,87;1,03;24,50;9,38;1331434
Galicia;12;2013;mujeres;real;18,57;90,88;8,38;1,13;10,14;2,02;0,38;2,98;7,31;1421802
Galicia;12;2014;hombres;real;16,67;197,24;36,92;4,15;16,28;10,55;1,03;24,21;9,67;1324361
Galicia;12;2014;mujeres;real;19,16;86,25;7,62;2,83;7,71;2,29;0,39;3,35;7,52;1414974
Galicia;12;2015;hombres;real;17,26;191,32;37,62;5,91;14,53;12,72;1,08;26,10;10,09;1317282
Galicia;12;2015;mujeres;real;20,13;92,48;7,37;2,28;8,57;2,36;0,40;3,56;8,95;1407808
Galicia;12;2016;hombres;real;18,26;201,58;40,18;4,95;16,38;11,68;1,09;26,41;8,87;1311220
Galicia;12;2016;mujeres;real;21,70;92,72;8,00;3,10;6,32;3,00;0,41;4,01;7,55;1401816
Galicia;12;2017;hombres;real;18,35;190,14;33,68;5,26;13,51;9,47;0,98;22,60;8,06;1306138
Galicia;12;2017;mujeres;real;21,70;91,12;7,58;2,07;8,92;2,14;0,39;3,32;7,22;1397529
Galicia;12;2018;hombres;real;18,15;183,83;33,55;3,52;14,29;11,46;0,96;22,09;9,65;1303209
Galicia;12;2018;mujeres;real;21,69;91,73;7,43;1,75;8,36;2,09;0,38;2,85;7,90;1395793
Galicia;12;2019;hombres;real;17,15;178,96;32,50;3,80;16,24;10,56;0,96;21,95;9,61;1302677
Galicia;12;2019;mujeres;real;20,00;87,96;7,06;1,61;9,24;2,30;0,38;2,84;8,74;1396243
Galicia;12;2020;hombres;real;16,95;168,14;39,33;4,42;13,83;10,10;0,96;22,01;10,05;1302231
Galicia;12;2020;mujeres;real;19,69;92,54;6,31;1,64;7,67;2,84;0,38;2,81;10,69;1396304
Galicia;12;2021;hombres;real;16,91;172,19;36,10;5,74;11,99;8,10;0,93;21,06;11,36;1298435
Galicia;12;2021;mujeres;real;19,96;83,85;9,28;1,74;8,98;2,09;0,38;2,90;8,72;1392294
Galicia;12;2022;hombres;real;16,73;161,83;35,41;6,06;13,37;10,09;0,96;22,12;9,45;1297043
Galicia;12;2022;mujeres;real;19,45;89,18;7,42;2,06;8,25;3,19;0,40;3,54;10,34;1397719
Galicia;12;2023;hombres;real;18,00;160,79;35,20;5,36;11,90;10,91;0,94;21,41;9,79;1298718
Galicia;12;2023;mujeres;real;19,35;83,48;6,52;2,19;7,20;3,36;0,38;2,88;9,66;1401220
Galicia;12;2024;hombres;proyeccion;17,46;156,37;34,35;4,72;11,51;10,94;0,91;20,34;8,83;1302399
Galicia;12;2024;mujeres;proyeccion;19,63;81,51;6,74;1,63;7,40;3,66;0,37;2,57;11,04;1404244
Galicia;12;2025;hombres;proyeccion;17,46;NA;NA;NA;NA;NA;0,88;19,38;9,76;1309813
Galicia;12;2025;mujeres;proyeccion;19,63;NA;NA;NA;NA;NA;0,37;2,66;10,69;1409705
Islas Baleares;04;1990;hombres;real;NA;15,77;111,56;13,33;54,23;39,81;2,20;62,93;NA;348003
Islas Baleares;04;1990;mujeres;real;NA;0,74;32,98;10,41;21,98;7,33;0,79;16,46;NA;359498
Islas Baleares;04;1991;hombres;real;NA;15,33;108,29;11,26;42,56;29,10;1,83;50,78;NA;351142
Islas Baleares;04;1991;mujeres;real;NA;1,81;25,99;10,97;34,32;7,31;0,89;19,67;NA;362846
Islas Baleares;04;1992;hombres;real;NA;15,43;95,61;7,87;47,92;30,58;1,75;48,17;NA;355847
Islas Baleares;04;1992;mujeres;real;NA;1,42;31,73;11,13;23,29;5,37;0,78;16,19;NA;367408
Islas Baleares;04;1993;hombres;real;NA;15,44;105,62;10,68;50,42;32,93;1,94;54,50;NA;359546
Islas Baleares;04;1993;mujeres;real;NA;1,87;25,82;8,12;28,79;7,46;0,76;15,55;NA;371324
Islas Baleares;04;1994;hombres;real;NA;11,09;79,93;13,59;44,74;27,12;1,71;46,86;NA;363141
Islas Baleares;04;1994;mujeres;real;NA;1,14;19,91;8,60;28,12;6,15;0,71;13,88;NA;375086
Islas Baleares;04;1995;hombres;real;NA;9,76;83,77;11,87;34,15;32,32;1,67;45,55;NA;368095
Islas Baleares;04;1995;mujeres;real;NA;0,68;22,16;9,61;18,33;4,70;0,63;11,14;NA;379985
Islas Baleares;04;1996;hombres;real;NA;7,76;80,10;9,76;38,63;39,14;1,76;48,25;NA;373663
Islas Baleares;04;1996;mujeres;real;NA;0,52;20,27;4,70;21,80;5,53;0,54;8,24;NA;385510
Islas Baleares;04;1997;hombres;real;NA;10,72;75,79;12,16;36,99;33,51;1,69;45,97;7,84;379909
Islas Baleares;04;1997;mujeres;real;NA;1,66;22,51;8,71;16,24;6,35;0,62;10,77;6,10;391398
Islas Baleares;04;1998;hombres;real;NA;10,11;81,91;12,35;33,99;34,75;1,72;46,95;5,80;389011
Islas Baleares;04;1998;mujeres;real;NA;1,10;21,09;8,33;16,36;6,37;0,60;10,20;7,69;399470
Islas Baleares;04;1999;hombres;real;NA;239,34;86,01;9,13;34,69;36,34;2,13;60,47;8,45;400850
Islas Baleares;04;1999;mujeres;real;NA;108,50;16,06;4,90;20,77;5,89;0,72;14,27;7,47;409856
Islas Baleares;04;2000;hombres;real;NA;237,29;68,74;11,54;32,72;27,21;1,91;53,43;9,38;414463
Islas Baleares;04;2000;mujeres;real;NA;106,74;16,65;4,16;21,85;3,25;0,67;12,50;11,86;421749
Islas Baleares;04;2001;hombres;real;NA;240,02;64,29;7,43;23,21;17,36;1,53;40,73;11,42;427905
Islas Baleares;04;2001;mujeres;real;NA;98,20;14,36;8,74;15,35;2,85;0,69;13,08;8,32;433558
Islas Baleares;04;2002;hombres;real;NA;217,73;55,88;5,53;30,83;19,45;1,50;39,82;13,76;442904
Islas Baleares;04;2002;mujeres;real;NA;106,09;19,64;4,83;18,02;3,58;0,67;12,53;12,54;446638
Islas Baleares;04;2003;hombres;real;NA;227,12;51,29;12,15;23,45;22,11;1,63;44,24;11,60;458398
Islas Baleares;04;2003;mujeres;real;NA;96,23;16,89;6,18;14,78;5,22;0,67;12,42;12,67;460649
Islas Baleares;04;2004;hombres;real;NA;211,54;53,00;9,73;27,00;19,20;1,54;41,05;13,81;471728
Islas Baleares;04;2004;mujeres;real;NA;96,69;15,09;4,86;11,85;4,80;0,59;9,83;12,22;473158
Islas Baleares;04;2005;hombres;real;NA;203,50;49,30;8,63;18,79;21,88;1,44;37,82;10,14;485742
Islas Baleares;04;2005;mujeres;real;NA;91,14;13,14;3,27;10,06;4,12;0,50;6,83;11,18;486037
Islas Baleares;04;2006;hombres;real;14,54;212,16;44,21;7,12;20,94;14,83;1,29;32,87;11,46;499311
Islas Baleares;04;2006;mujeres;real;16,64;94,06;9,51;3,09;8,84;3,16;0,45;5,26;12,58;498743
Islas Baleares;04;2007;hombres;real;14,77;200,05;43,16;7,93;22,79;17,08;1,34;34,47;11,98;514929
Islas Baleares;04;2007;mujeres;real;16,91;102,49;13,46;4,30;11,59;2,35;0,53;7,97;9,01;513706
Islas Baleares;04;2008;hombres;real;15,31;194,72;42,66;8,93;17,55;14,19;1,25;31,57;12,94;530773
Islas Baleares;04;2008;mujeres;real;18,49;90,33;9,40;4,31;10,15;2,98;0,48;6,36;12,58;527895
Islas Baleares;04;2009;hombres;real;15,50;196,50;47,53;6,10;15,76;22,34;1,33;34,21;9,93;539513
Islas Baleares;04;2009;mujeres;real;19,96;101,22;13,93;3,06;11,57;4,54;0,54;8,16;10,61;535436
Islas Baleares;04;2010;hombres;real;15,92;194,87;42,41;8,08;18,24;17,64;1,29;32,98;9,63;540857
Islas Baleares;04;2010;mujeres;real;20,23;97,54;11,09;4,09;8,15;3,36;0,49;6,50;12,67;539209
Islas Baleares;04;2011;hombres;real;16,03;186,96;37,05;5,80;20,38;13,95;1,15;28,20;11,74;546707
Islas Baleares;04;2011;mujeres;real;19,11;91,25;9,24;2,92;5,70;4,25;0,43;4,50;10,23;545801
Islas Baleares;04;2012;hombres;real;16,39;183,69;40,57;7,98;15,35;16,55;1,21;30,32;11,05;548545
Islas Baleares;04;2012;mujeres;real;19,97;95,08;6,50;1,49;10,48;3,12;0,41;3,94;10,47;548800
Islas Baleares;04;2013;hombres;real;16,89;166,66;32,56;8,06;11,70;10,81;1,00;23,45;12,24;557541
Islas Baleares;04;2013;mujeres;real;19,39;93,80;10,96;2,98;10,23;3,50;0,47;6,06;11,88;555195
Islas Baleares;04;2014;hombres;real;17,04;173,99;33,78;7,68;13,59;15,50;1,11;27,05;11,90;560642
Islas Baleares;04;2014;mujeres;real;19,10;83,39;8,75;3,08;8,65;5,09;0,46;5,47;11,19;559822
Islas Baleares;04;2015;hombres;real;17,10;161,59;33,10;12,30;13,50;20,97;1,29;33,08;11,74;564877
Islas Baleares;04;2015;mujeres;real;20,07;89,46;10,86;3,54;7,80;3,55;0,46;5,49;8,55;564864
Islas Baleares;04;2016;hombres;real;18,64;163,55;36,29;7,87;11,48;13,58;1,06;25,27;7,41;571358
Islas Baleares;04;2016;mujeres;real;21,81;87,59;4,98;3,60;6,35;4,29;0,42;4,29;9,14;571929
Islas Baleares;04;2017;hombres;real;18,38;165,99;32,62;10,25;13,44;12,68;1,11;26,86;9,93;580306
Islas Baleares;04;2017;mujeres;real;21,74;90,50;7,77;2,54;6,54;5,84;0,44;5,03;9,68;580288
Islas Baleares;04;2018;hombres;real;18,55;164,31;31,96;10,23;13,20;10,30;1,06;25,21;9,97;588024
Islas Baleares;04;2018;mujeres;real;22,05;86,10;6,36;2,91;5,79;5,00;0,42;4,09;12,26;587721
Islas Baleares;04;2019;hombres;real;19,47;146,45;26,34;5,75;12,29;11,59;0,89;19,72;8,25;599442
Islas Baleares;04;2019;mujeres;real;19,58;88,01;6,27;3,28;5,59;5,36;0,43;4,64;10,45;598639
Islas Baleares;04;2020;hombres;real;18,99;144,53;24,22;9,58;9,99;11,05;0,94;21,38;10,13;607902
Islas Baleares;04;2020;mujeres;real;19,38;87,22;3,89;2,01;7,02;4,21;0,38;2,90;9,18;607200
Islas Baleares;04;2021;hombres;real;18,96;153,25;25,30;4,86;9,61;11,22;0,84;18,14;10,47;609542
Islas Baleares;04;2021;mujeres;real;19,37;84,80;5,66;3,76;6,32;3,91;0,42;4,15;9,80;609836
Islas Baleares;04;2022;hombres;real;18,12;154,65;29,16;6,35;12,96;11,66;0,94;21,51;10,20;597181
Islas Baleares;04;2022;mujeres;real;18,85;82,71;5,72;3,64;6,74;4,74;0,43;4,53;8,67;601821
Islas Baleares;04;2023;hombres;real;18,13;145,31;23,13;5,90;8,90;14,35;0,89;19,65;9,55;607958
Islas Baleares;04;2023;mujeres;real;20,59;85,83;3,81;3,48;4,73;4,66;0,40;3,55;9,83;612781
Islas Baleares;04;2024;hombres;proyeccion;18,00;134,03;29,18;7,01;11,57;11,68;0,91;20,34;11,07;618089
Islas Baleares;04;2024;mujeres;proyeccion;19,97;84,87;6,29;3,59;5,48;5,16;0,43;4,56;9,41;621054
Islas Baleares;04;2025;hombres;proyeccion;17,85;NA;NA;NA;NA;NA;0,80;16,69;10,33;626572
Islas Baleares;04;2025;mujeres;proyeccion;19,97;NA;NA;NA;NA;NA;0,42;4,25;9,58;631095
La Rioja;17;1990;hombres;real;NA;8,75;75,21;9,82;39,07;29,16;1,57;42,00;NA;130477
La Rioja;17;1990;mujeres;real;NA;1,88;20,88;5,99;25,02;5,45;0,61;10,52;NA;132779
La Rioja;17;1991;hombres;real;NA;16,35;54,98;6,62;35,71;28,48;1,34;34,61;NA;130613
La Rioja;17;1991;mujeres;real;NA;0,00;13,93;9,35;20,89;6,02;0,62;10,93;NA;133025
La Rioja;17;1992;hombres;real;NA;10,07;77,41;7,51;46,30;25,54;1,53;40,84;NA;130618
La Rioja;17;1992;mujeres;real;NA;0,00;18,67;7,48;21,83;4,04;0,58;9,42;NA;132978
La Rioja;17;1993;hombres;real;NA;10,67;55,40;3,83;36,18;15,50;1,04;24,83;NA;130471
La Rioja;17;1993;mujeres;real;NA;0,82;19,13;6,75;17,21;9,59;0,61;10,58;NA;132794
La Rioja;17;1994;hombres;real;NA;6,27;58,44;3,87;38,76;22,23;1,19;29,77;NA;130410
La Rioja;17;1994;mujeres;real;NA;0,79;8,68;6,81;18,76;4,72;0,49;6,47;NA;132782
La Rioja;17;1995;hombres;real;NA;16,04;53,54;9,03;33,69;21,75;1,26;31,91;NA;130460
La Rioja;17;1995;mujeres;real;NA;1,08;14,58;1,54;24,31;1,58;0,39;3,17;NA;132874
La Rioja;17;1996;hombres;real;NA;5,32;61,89;8,15;42,29;20,32;1,32;34,00;NA;130554
La Rioja;17;1996;mujeres;real;NA;2,14;10,27;9,07;18,10;3,28;0,53;7,71;NA;132968
La Rioja;17;1997;hombres;real;NA;8,34;56,88;6,16;27,55;18,42;1,07;25,78;9,52;130748
La Rioja;17;1997;mujeres;real;NA;0,85;17,98;3,08;14,29;3,25;0,38;2,78;NA;133167
La Rioja;17;1998;hombres;real;NA;7,37;61,46;4,42;34,68;12,33;1,02;23,98;3,70;131176
La Rioja;17;1998;mujeres;real;NA;1,48;8,20;12,98;12,19;3,87;0,56;9,01;NA;133570
La Rioja;17;1999;hombres;real;NA;217,01;45,94;4,48;33,39;16,77;1,39;36,38;2,63;132224
La Rioja;17;1999;mujeres;real;NA;85,26;13,77;7,58;20,12;0,74;0,64;11,54;6,90;134421
La Rioja;17;2000;hombres;real;NA;212,38;59,72;5,90;28,78;11,23;1,36;35,23;6,45;133857
La Rioja;17;2000;mujeres;real;NA;88,12;17,63;6,68;17,55;2,45;0,65;11,81;5,71;135648
La Rioja;17;2001;hombres;real;NA;198,14;55,86;8,10;29,86;11,79;1,39;36,13;2,70;136339
La Rioja;17;2001;mujeres;real;NA;84,93;12,55;5,18;11,76;3,38;0,54;8,07;2,86;137545
La Rioja;17;2002;hombres;real;NA;219,61;52,47;8,15;27,80;15,50;1,45;38,31;NA;139329
La Rioja;17;2002;mujeres;real;NA;91,62;11,64;9,18;11,41;2,19;0,62;10,90;5,41;140030
La Rioja;17;2003;hombres;real;NA;226,06;57,28;10,53;24,29;15,30;1,52;40,36;NA;142373
La Rioja;17;2003;mujeres;real;NA;97,43;12,75;4,15;12,56;1,54;0,51;7,25;5,13;142854
La Rioja;17;2004;hombres;real;NA;189,88;48,02;3,12;22,40;6,31;1,03;24,51;4,78;145653
La Rioja;17;2004;mujeres;real;NA;97,95;13,36;5,77;15,38;4,18;0,63;11,14;2,50;145698
La Rioja;17;2005;hombres;real;NA;185,32;44,50;7,74;20,22;19,89;1,33;34,38;4,87;149173
La Rioja;17;2005;mujeres;real;NA;89,00;5,72;2,50;11,61;1,63;0,41;3,79;2,88;148393
La Rioja;17;2006;hombres;real;15,29;206,64;46,50;4,50;25,34;11,26;1,21;30,17;6,85;152353
La Rioja;17;2006;mujeres;real;18,88;78,86;10,69;2,28;14,04;3,17;0,46;5,53;9,09;150925
La Rioja;17;2007;hombres;real;15,24;214,56;46,03;5,15;26,88;13,23;1,28;32,73;6,81;155755
La Rioja;17;2007;mujeres;real;18,65;73,45;9,08;2,65;15,08;0,96;0,42;4,30;11,03;153605
La Rioja;17;2008;hombres;real;15,60;198,49;40,34;7,07;22,70;13,54;1,23;31,11;7,14;157673
La Rioja;17;2008;mujeres;real;18,84;86,97;8,59;3,79;15,69;1,61;0,49;6,57;12,18;156099
La Rioja;17;2009;hombres;real;16,04;187,92;39,47;7,10;21,29;9,16;1,12;27,40;8,87;158766
La Rioja;17;2009;mujeres;real;19,09;86,08;8,91;2,45;7,06;3,07;0,40;3,50;9,36;157571
La Rioja;17;2010;hombres;real;16,22;186,56;39,23;8,36;10,94;10,05;1,06;25,50;8,85;156717
La Rioja;17;2010;mujeres;real;18,80;81,28;7,60;0,82;6,73;2,37;0,32;1,09;8,07;158029
La Rioja;17;2011;hombres;real;17,80;187,60;43,34;0,77;17,89;11,09;0,98;22,76;9,91;154958
La Rioja;17;2011;mujeres;real;20,01;84,16;5,85;3,23;13,84;0,00;0,41;3,92;7,41;157757
La Rioja;17;2012;hombres;real;16,60;207,78;42,76;1,46;12,44;11,71;0,99;23,09;7,94;153919
La Rioja;17;2012;mujeres;real;19,17;90,49;5,04;0,64;13,21;2,59;0,39;3,25;8,45;157650
La Rioja;17;2013;hombres;real;17,00;153,63;35,29;6,76;14,91;9,46;0,97;22,31;10,26;157378
La Rioja;17;2013;mujeres;real;19,57;79,70;6,70;0,86;4,77;3,09;0,31;0,63;9,89;159452
La Rioja;17;2014;hombres;real;17,22;172,59;38,71;6,38;12,96;9,36;0,99;23,12;6,93;155476
La Rioja;17;2014;mujeres;real;19,59;73,29;12,82;0,80;4,53;3,73;0,34;1,58;5,88;158607
La Rioja;17;2015;hombres;real;17,34;171,23;39,03;2,32;11,62;12,33;0,93;20,93;10,53;154568
La Rioja;17;2015;mujeres;real;20,11;81,01;8,56;0,76;6,55;2,93;0,34;1,46;9,76;158276
La Rioja;17;2016;hombres;real;18,08;178,95;26,27;5,74;11,04;2,93;0,79;16,46;11,08;154371
La Rioja;17;2016;mujeres;real;21,42;89,12;9,44;2,20;10,72;3,69;0,45;5,10;14,83;158266
La Rioja;17;2017;hombres;real;18,44;159,81;24,21;6,62;15,69;10,17;0,93;21,19;13,38;154220
La Rioja;17;2017;mujeres;real;21,26;92,76;3,57;1,34;9,86;2,05;0,36;2,33;15,34;158204
La Rioja;17;2018;hombres;real;17,65;168,48;33,73;7,96;16,61;6,98;0,99;23,11;8,07;154254
La Rioja;17;2018;mujeres;real;21,07;85,99;7,42;2,99;6,96;3,56;0,41;3,91;8,10;158428
La Rioja;17;2019;hombres;real;18,66;154,57;28,62;4,22;14,20;7,96;0,84;17,94;8,85;154936
La Rioja;17;2019;mujeres;real;20,21;91,81;8,11;2,00;12,14;3,29;0,45;5,09;8,37;159505
La Rioja;17;2020;hombres;real;17,35;151,19;42,56;7,86;15,02;5,08;0,96;21,99;8,37;155750
La Rioja;17;2020;mujeres;real;19,06;97,14;8,18;1,37;9,57;3,40;0,42;4,14;10,90;160375
La Rioja;17;2021;hombres;real;18,16;159,25;43,85;6,18;9,39;4,84;0,88;19,37;9,62;155526
La Rioja;17;2021;mujeres;real;19,74;74,61;7,78;2,54;7,64;3,76;0,39;3,22;9,52;160272
La Rioja;17;2022;hombres;real;18,22;151,06;37,91;7,91;17,21;8,90;1,02;24,02;10,14;158457
La Rioja;17;2022;mujeres;real;19,58;87,32;5,80;5,23;9,93;2,00;0,46;5,66;9,88;162528
La Rioja;17;2023;hombres;real;17,70;142,90;26,45;9,30;15,93;4,86;0,89;19,89;11,83;159556
La Rioja;17;2023;mujeres;real;20,54;80,34;4,32;1,92;9,53;3,09;0,37;2,65;11,86;163821
La Rioja;17;2024;hombres;proyeccion;18,15;132,31;32,95;3,85;8,01;12,42;0,82;17,55;9,73;160567
La Rioja;17;2024;mujeres;proyeccion;20,15;78,39;4,86;2,47;4,36;3,19;0,34;1,49;6,31;164624
La Rioja;17;2025;hombres;proyeccion;18,17;NA;NA;NA;NA;NA;0,87;19,21;10,46;161888
La Rioja;17;2025;mujeres;proyeccion;20,15;NA;NA;NA;NA;NA;0,37;2,73;9,00;166343
Melilla;19;1990;hombres;real;NA;0,00;58,14;27,35;63,86;19,05;1,97;55,32;NA;28174
Melilla;19;1990;mujeres;real;NA;4,97;44,96;15,95;69,64;0,00;1,35;34,80;NA;28989
Melilla;19;1991;hombres;real;NA;0,00;105,06;21,22;82,31;30,18;2,45;71,00;NA;28207
Melilla;19;1991;mujeres;real;NA;0,00;50,13;17,56;39,24;0,00;1,11;27,00;NA;28875
Melilla;19;1992;hombres;real;NA;11,98;67,57;12,16;66,69;69,11;2,54;74,11;NA;28771
Melilla;19;1992;mujeres;real;NA;0,00;16,10;36,29;11,32;2,65;1,17;28,97;NA;29340
Melilla;19;1993;hombres;real;NA;12,04;60,90;55,23;87,70;21,09;2,99;88,81;NA;29353
Melilla;19;1993;mujeres;real;NA;5,06;22,00;29,67;34,43;6,14;1,33;34,21;NA;29828
Melilla;19;1994;hombres;real;NA;18,32;64,70;26,24;79,06;30,38;2,35;68,01;NA;29893
Melilla;19;1994;mujeres;real;NA;0,00;35,26;39,94;64,91;4,79;1,93;54,01;NA;30288
Melilla;19;1995;hombres;real;NA;9,96;69,75;26,98;98,38;42,35;2,78;81,99;NA;30398
Melilla;19;1995;mujeres;real;NA;0,00;0,00;21,25;60,75;4,88;1,22;30,54;NA;30720
Melilla;19;1996;hombres;real;NA;18,46;78,10;40,13;33,84;36,65;2,45;71,11;NA;30897
Melilla;19;1996;mujeres;real;NA;0,00;10,69;15,54;36,40;0,00;0,81;17,14;NA;31143
Melilla;19;1997;hombres;real;NA;21,86;119,86;5,88;46,80;19,48;1,65;44,76;4,00;31375
Melilla;19;1997;mujeres;real;NA;0,00;30,64;14,76;26,23;5,18;0,89;19,79;NA;31547
Melilla;19;1998;hombres;real;NA;6,43;82,13;25,49;36,88;35,83;2,09;59,33;8,89;31823
Melilla;19;1998;mujeres;real;NA;5,15;20,20;37,04;34,44;0,00;1,40;36,64;NA;31967
Melilla;19;1999;hombres;real;NA;254,28;82,18;51,57;73,52;7,03;3,09;92,36;NA;32262
Melilla;19;1999;mujeres;real;NA;72,55;34,22;20,14;19,29;0,00;1,03;24,36;27,27;32359
Melilla;19;2000;hombres;real;NA;247,09;80,18;0,00;51,07;37,35;2,05;58,06;3,33;32714
Melilla;19;2000;mujeres;real;NA;101,77;4,78;19,60;40,39;5,71;1,21;30,33;NA;32745
Melilla;19;2001;hombres;real;NA;233,73;101,88;25,48;49,04;31,12;2,67;78,45;5,26;33130
Melilla;19;2001;mujeres;real;NA;95,96;25,20;20,69;45,05;9,62;1,45;38,34;6,25;33113
Melilla;19;2002;hombres;real;NA;227,07;111,29;25,99;24,05;16,71;2,23;64,05;11,76;33265
Melilla;19;2002;mujeres;real;NA;71,22;30,40;20,11;19,11;9,83;1,17;29,02;7,14;33309
Melilla;19;2003;hombres;real;NA;218,64;84,31;6,36;43,61;33,03;2,04;57,54;4,55;33299
Melilla;19;2003;mujeres;real;NA;134,04;32,65;33,61;24,14;0,00;1,53;40,79;11,76;33498
Melilla;19;2004;hombres;real;NA;238,22;33,58;34,63;33,93;13,40;2,08;59,04;8,82;33342
Melilla;19;2004;mujeres;real;NA;125,66;34,04;36,15;24,34;5,71;1,68;45,94;18,42;33680
Melilla;19;2005;hombres;real;NA;201,00;55,47;21,27;23,67;32,42;2,02;56,90;10,45;33139
Melilla;19;2005;mujeres;real;NA;94,83;40,77;15,63;0,00;23,45;1,21;30,15;15,38;33612
Melilla;19;2006;hombres;real;12,94;253,42;66,31;19,52;22,41;23,11;1,96;55,07;6,15;33203
Melilla;19;2006;mujeres;real;14,05;101,59;30,55;15,25;13,38;0,00;0,88;19,50;5,13;33817
Melilla;19;2007;hombres;real;13,15;193,85;43,41;25,53;28,13;22,99;1,93;53,94;5,80;33854
Melilla;19;2007;mujeres;real;13,94;86,69;29,48;9,92;27,59;5,48;0,94;21,55;10,00;34538
Melilla;19;2008;hombres;real;13,15;188,89;75,04;15,07;28,05;10,38;1,61;43,55;14,06;34324
Melilla;19;2008;mujeres;real;14,60;85,67;13,75;9,17;33,22;4,58;0,88;19,27;12,50;35023
Melilla;19;2009;hombres;real;12,57;147,12;31,43;15,34;22,89;18,40;1,38;35,99;5,56;34887
Melilla;19;2009;mujeres;real;14,95;77,38;34,36;9,93;14,67;4,74;0,82;17,30;13,51;35554
Melilla;19;2010;hombres;real;13,07;155,20;48,94;39,47;5,15;20,14;1,97;55,25;7,46;37038
Melilla;19;2010;mujeres;real;15,22;74,91;12,89;19,94;7,88;5,13;0,89;19,63;10,53;36781
Melilla;19;2011;hombres;real;14,46;194,25;77,42;24,55;30,04;12,65;1,94;54,20;10,67;37782
Melilla;19;2011;mujeres;real;16,08;73,98;24,11;0,00;24,11;0,00;0,51;7,24;3,85;37278
Melilla;19;2012;hombres;real;14,61;226,55;34,73;4,21;7,85;0,00;0,81;17,05;11,11;39346
Melilla;19;2012;mujeres;real;16,62;137,79;0,00;15,61;3,66;0,00;0,70;13,32;13,16;38493
Melilla;19;2013;hombres;real;15,33;172,01;50,68;6,29;17,02;25,47;1,37;35,58;4,23;42917
Melilla;19;2013;mujeres;real;18,05;114,43;10,06;25,20;17,74;0,00;1,09;26,30;7,69;40726
Melilla;19;2014;hombres;real;16,27;197,83;34,30;0,00;39,45;0,00;0,95;21,80;3,41;42898
Melilla;19;2014;mujeres;real;19,48;94,95;0,00;0,00;32,90;5,05;0,59;9,78;7,41;41179
Melilla;19;2015;hombres;real;16,55;146,92;50,23;9,74;11,71;27,61;1,39;36,31;15,07;43105
Melilla;19;2015;mujeres;real;18,68;113,96;17,09;10,09;10,09;5,00;0,75;15,22;9,76;41571
Melilla;19;2016;hombres;real;16,46;150,33;37,66;5,16;29,36;15,78;1,18;29,40;7,41;43001
Melilla;19;2016;mujeres;real;18,71;120,83;28,70;20,03;5,01;5,01;1,03;24,50;25,00;41689
Melilla;19;2017;hombres;real;16,38;214,22;49,63;29,04;11,47;11,31;1,73;47,38;14,13;42958
Melilla;19;2017;mujeres;real;18,31;107,46;9,36;8,55;2,81;0,00;0,50;6,94;14,29;41900
Melilla;19;2018;hombres;real;16,87;124,23;45,43;9,30;20,52;2,65;0,97;22,44;12,77;42742
Melilla;19;2018;mujeres;real;18,32;130,35;13,60;5,41;5,52;8,45;0,66;12,14;16,67;41886
Melilla;19;2019;hombres;real;14,86;161,24;27,81;5,45;27,18;8,13;1,00;23,52;25,69;42551
Melilla;19;2019;mujeres;real;14,02;99,27;10,89;2,74;11,79;5,17;0,52;7,63;12,00;41848
Melilla;19;2020;hombres;real;13,41;138,25;45,38;18,08;13,26;12,71;1,32;34,00;13,33;42332
Melilla;19;2020;mujeres;real;12,75;138,99;25,68;18,06;12,44;4,02;1,06;25,27;10,34;41975
Melilla;19;2021;hombres;real;13,68;151,41;55,59;11,79;15,95;19,29;1,38;35,99;18,42;41823
Melilla;19;2021;mujeres;real;12,85;89,66;21,47;7,65;0,00;0,00;0,48;6,39;8,00;41716
Melilla;19;2022;hombres;real;13,67;127,29;32,57;7,61;12,98;7,61;0,87;19,21;10,00;42872
Melilla;19;2022;mujeres;real;13,34;80,70;22,46;8,29;6,28;9,60;0,71;13,97;17,07;41953
Melilla;19;2023;hombres;real;16,05;179,58;41,58;11,52;18,49;7,30;1,17;29,03;14,44;43099
Melilla;19;2023;mujeres;real;16,92;110,17;15,21;2,79;3,20;10,39;0,57;9,32;25,64;42523
Melilla;19;2024;hombres;proyeccion;15,25;127,48;32,58;14,61;12,06;7,16;1,04;24,56;27,20;43430
Melilla;19;2024;mujeres;proyeccion;15,84;87,80;20,41;9,05;4,07;4,07;0,62;10,86;20,00;42902
Melilla;19;2025;hombres;proyeccion;15,25;NA;NA;NA;NA;NA;0,98;22,68;17,47;43628
Melilla;19;2025;mujeres;proyeccion;15,86;NA;NA;NA;NA;NA;0,57;9,34;16,48;43446
País Vasco;16;1990;hombres;real;NA;13,44;70,33;8,64;41,17;31,76;1,58;42,54;NA;1037419
País Vasco;16;1990;mujeres;real;NA;1,43;18,34;8,18;23,34;5,61;0,64;11,40;NA;1072386
País Vasco;16;1991;hombres;real;NA;17,37;76,68;8,87;41,71;31,84;1,64;44,37;NA;1033234
País Vasco;16;1991;mujeres;real;NA;1,03;17,63;9,87;23,54;5,97;0,68;12,94;NA;1069679
País Vasco;16;1992;hombres;real;NA;14,36;70,26;8,01;38,39;24,53;1,42;37,09;NA;1030680
País Vasco;16;1992;mujeres;real;NA;1,29;15,57;5,48;19,29;6,34;0,53;7,73;NA;1068027
País Vasco;16;1993;hombres;real;NA;16,84;73,31;8,65;33,30;27,50;1,46;38,38;NA;1027745
País Vasco;16;1993;mujeres;real;NA;2,02;17,30;6,90;16,64;4,91;0,52;7,62;NA;1066164
País Vasco;16;1994;hombres;real;NA;17,71;62,34;8,43;35,34;23,49;1,34;34,64;NA;1024344
País Vasco;16;1994;mujeres;real;NA;1,43;17,43;5,42;17,53;4,01;0,48;6,16;NA;1063941
País Vasco;16;1995;hombres;real;NA;16,97;65,45;8,48;35,95;24,12;1,38;35,76;NA;1020622
País Vasco;16;1995;mujeres;real;NA;1,12;14,84;7,14;15,39;5,35;0,51;7,16;NA;1061392
País Vasco;16;1996;hombres;real;NA;14,48;79,09;9,96;33,63;26,24;1,50;39,79;NA;1017519
País Vasco;16;1996;mujeres;real;NA;1,70;17,34;5,94;16,80;5,65;0,51;7,28;NA;1059514
País Vasco;16;1997;hombres;real;NA;13,82;72,35;8,21;33,52;22,01;1,34;34,63;7,43;1015178
País Vasco;16;1997;mujeres;real;NA;0,98;16,36;5,94;14,84;4,02;0,46;5,50;7,10;1058391
País Vasco;16;1998;hombres;real;NA;12,33;65,29;8,40;33,21;26,27;1,37;35,69;8,47;1013400
País Vasco;16;1998;mujeres;real;NA;1,74;14,92;6,48;18,45;4,77;0,51;7,32;8,64;1057527
País Vasco;16;1999;hombres;real;NA;240,13;63,03;9,42;33,16;25,90;1,81;50,18;8,55;1012503
País Vasco;16;1999;mujeres;real;NA;100,95;12,97;5,46;16,12;4,29;0,63;11,30;8,58;1057545
País Vasco;16;2000;hombres;real;NA;251,99;63,71;8,15;32,96;23,49;1,76;48,56;8,17;1013812
País Vasco;16;2000;mujeres;real;NA;104,35;13,26;4,28;12,97;4,27;0,58;9,56;9,39;1059599
País Vasco;16;2001;hombres;real;NA;251,07;53,92;6,35;30,70;18,27;1,55;41,53;8,19;1016470
País Vasco;16;2001;mujeres;real;NA;98,83;12,04;4,28;15,45;3,84;0,58;9,54;9,60;1062932
País Vasco;16;2002;hombres;real;NA;245,51;55,67;7,22;30,90;19,89;1,60;43,21;9,71;1019207
País Vasco;16;2002;mujeres;real;NA;104,15;9,95;4,88;13,42;5,34;0,60;10,18;8,27;1065927
País Vasco;16;2003;hombres;real;NA;242,97;50,63;7,86;24,66;17,66;1,49;39,40;9,18;1022562
País Vasco;16;2003;mujeres;real;NA;98,60;11,48;4,08;12,04;3,41;0,53;7,92;8,37;1068876
País Vasco;16;2004;hombres;real;NA;233,09;47,37;7,70;27,52;18,00;1,48;39,16;9,81;1026279
País Vasco;16;2004;mujeres;real;NA;93,24;10,25;4,06;8,94;3,40;0,48;6,33;10,26;1072857
País Vasco;16;2005;hombres;real;NA;227,11;46,60;8,72;24,34;21,18;1,51;40,27;9,39;1030512
País Vasco;16;2005;mujeres;real;NA;88,69;8,31;3,93;11,57;3,25;0,48;6,35;9,56;1077758
País Vasco;16;2006;hombres;real;16,85;227,88;41,95;6,14;26,23;15,58;1,35;34,75;10,80;1035077
País Vasco;16;2006;mujeres;real;20,45;95,75;7,77;4,81;10,90;3,00;0,51;7,07;9,55;1082913
País Vasco;16;2007;hombres;real;16,97;224,65;45,29;6,87;24,71;14,89;1,35;34,89;9,52;1040808
País Vasco;16;2007;mujeres;real;20,30;97,20;8,74;3,97;10,29;4,08;0,50;7,04;9,54;1089567
País Vasco;16;2008;hombres;real;16,55;224,45;40,46;5,00;19,84;13,61;1,21;30,14;9,68;1043277
País Vasco;16;2008;mujeres;real;19,59;93,55;7,69;3,23;9,67;2,35;0,44;4,82;8,49;1095176
País Vasco;16;2009;hombres;real;16,21;218,17;41,14;4,58;17,07;11,85;1,13;27,64;8,90;1040298
País Vasco;16;2009;mujeres;real;18,81;97,87;6,60;2,50;11,44;2,79;0,45;5,10;9,19;1094404
País Vasco;16;2010;hombres;real;16,55;203,73;38,13;4,49;18,32;12,20;1,10;26,71;8,96;1039659
País Vasco;16;2010;mujeres;real;19,10;98,86;6,41;3,12;8,80;4,22;0,46;5,61;10,84;1098276
País Vasco;16;2011;hombres;real;16,32;212,75;38,94;6,86;17,66;10,58;1,15;28,28;11,05;1030497
País Vasco;16;2011;mujeres;real;22,10;95,81;6,11;2,27;8,55;2,67;0,40;3,69;9,99;1097354
País Vasco;16;2012;hombres;real;16,88;206,26;34,76;5,14;17,73;11,80;1,09;26,38;10,85;1021657
País Vasco;16;2012;mujeres;real;20,70;88,06;6,78;2,01;6,89;2,01;0,36;2,21;8,48;1095232
País Vasco;16;2013;hombres;real;17,12;201,38;36,35;5,76;14,48;9,71;1,04;24,66;9,97;1055855
País Vasco;16;2013;mujeres;real;21,60;92,52;6,09;3,66;7,71;3,38;0,44;4,78;10,33;1115037
País Vasco;16;2014;hombres;real;17,28;197,70;32,71;5,67;15,00;10,68;1,03;24,40;9,81;1051775
País Vasco;16;2014;mujeres;real;22,07;101,55;6,13;1,63;7,29;2,52;0,38;3,03;10,01;1113557
País Vasco;16;2015;hombres;real;17,84;190,28;30,81;4,30;14,34;10,28;0,96;22,00;9,16;1049388
País Vasco;16;2015;mujeres;real;21,91;100,37;6,09;1,96;7,76;2,70;0,40;3,47;11,26;1113596
País Vasco;16;2016;hombres;real;18,79;186,94;30,98;5,27;14,81;10,44;0,99;22,88;9,55;1049555
País Vasco;16;2016;mujeres;real;22,53;95,85;6,04;1,88;6,85;3,73;0,39;3,40;8,16;1115572
País Vasco;16;2017;hombres;real;18,89;185,03;31,93;4,01;14,29;8,91;0,92;20,84;9,98;1050051
País Vasco;16;2017;mujeres;real;22,48;94,95;6,83;1,26;7,47;3,50;0,38;3,04;10,19;1118206
País Vasco;16;2018;hombres;real;18,98;182,00;28,96;5,19;14,24;8,07;0,92;20,61;8,18;1051449
País Vasco;16;2018;mujeres;real;22,58;92,71;7,12;2,47;7,89;2,56;0,40;3,58;8,08;1120818
País Vasco;16;2019;hombres;real;18,33;172,66;26,94;5,11;13,71;9,35;0,90;20,14;8,63;1055722
País Vasco;16;2019;mujeres;real;20,57;88,70;6,38;1,56;7,52;3,39;0,38;2,78;9,45;1126196
País Vasco;16;2020;hombres;real;17,51;161,67;31,48;7,16;12,04;8,25;0,92;20,85;9,38;1059246
País Vasco;16;2020;mujeres;real;19,80;90,01;5,94;1,87;8,80;3,24;0,39;3,36;9,24;1130128
País Vasco;16;2021;hombres;real;17,96;156,88;29,12;5,15;12,40;8,67;0,86;18,78;10,30;1053245
País Vasco;16;2021;mujeres;real;20,28;93,66;6,07;1,64;8,78;2,83;0,39;3,18;9,72;1124581
País Vasco;16;2022;hombres;real;17,82;159,05;33,17;4,69;11,18;7,49;0,84;18,21;10,61;1074097
País Vasco;16;2022;mujeres;real;19,91;94,78;6,28;1,55;6,25;4,90;0,40;3,57;10,18;1135628
País Vasco;16;2023;hombres;real;17,77;151,68;31,13;5,41;12,71;8,55;0,87;19,07;9,78;1080181
País Vasco;16;2023;mujeres;real;21,30;88,22;6,00;1,93;7,18;3,67;0,38;3,03;10,72;1143891
País Vasco;16;2024;hombres;proyeccion;17,80;140,18;28,39;4,59;13,93;6,75;0,79;16,54;10,75;1087130
País Vasco;16;2024;mujeres;proyeccion;20,79;88,95;6,28;1,67;6,07;4,54;0,38;3,05;9,20;1146579
País Vasco;16;2025;hombres;proyeccion;17,80;NA;NA;NA;NA;NA;0,81;17,22;10,20;1094403
País Vasco;16;2025;mujeres;proyeccion;20,79;NA;NA;NA;NA;NA;0,39;3,17;9,67;1152131
Principado de Asturias;03;1990;hombres;real;NA;12,96;90,77;12,36;46,92;53,69;2,22;63,57;NA;530133
Principado de Asturias;03;1990;mujeres;real;NA;1,94;23,06;12,40;28,75;10,65;0,91;20,42;NA;567938
Principado de Asturias;03;1991;hombres;real;NA;13,09;94,70;12,54;37,45;58,13;2,23;63,89;NA;527875
Principado de Asturias;03;1991;mujeres;real;NA;1,42;22,95;9,53;22,59;8,59;0,74;14,82;NA;566385
Principado de Asturias;03;1992;hombres;real;NA;11,96;87,67;10,20;44,26;46,13;1,99;56,01;NA;526801
Principado de Asturias;03;1992;mujeres;real;NA;1,70;24,33;8,33;26,93;10,04;0,79;16,30;NA;565674
Principado de Asturias;03;1993;hombres;real;NA;11,96;94,02;10,42;44,36;46,21;2,03;57,45;NA;525378
Principado de Asturias;03;1993;mujeres;real;NA;0,86;27,93;10,58;33,25;8,42;0,90;19,92;NA;564713
Principado de Asturias;03;1994;hombres;real;NA;13,60;89,07;9,52;37,83;38,91;1,80;49,68;NA;523270
Principado de Asturias;03;1994;mujeres;real;NA;1,51;22,95;8,98;24,92;8,88;0,75;15,28;NA;563267
Principado de Asturias;03;1995;hombres;real;NA;13,85;89,56;10,75;39,94;46,28;1,98;55,64;NA;520739
Principado de Asturias;03;1995;mujeres;real;NA;1,19;21,43;9,86;19,85;7,40;0,69;13,26;NA;561361
Principado de Asturias;03;1996;hombres;real;NA;13,14;87,79;12,13;38,67;38,83;1,86;51,83;NA;518416
Principado de Asturias;03;1996;mujeres;real;NA;1,70;20,47;8,13;20,98;8,25;0,67;12,50;NA;559519
Principado de Asturias;03;1997;hombres;real;NA;13,37;83,69;10,66;36,33;35,54;1,72;47,26;11,45;516154
Principado de Asturias;03;1997;mujeres;real;NA;1,06;19,95;7,15;15,69;5,61;0,54;8,35;7,31;557763
Principado de Asturias;03;1998;hombres;real;NA;14,60;89,28;13,38;32,80;35,70;1,80;49,59;7,97;513605
Principado de Asturias;03;1998;mujeres;real;NA;1,15;22,19;7,06;18,19;6,84;0,60;10,19;9,33;555858
Principado de Asturias;03;1999;hombres;real;NA;257,27;88,72;9,81;32,46;40,53;2,24;64,31;11,57;511169
Principado de Asturias;03;1999;mujeres;real;NA;105,18;19,56;7,40;20,28;7,30;0,82;17,44;10,23;554008
Principado de Asturias;03;2000;hombres;real;NA;258,75;83,75;9,87;35,81;32,97;2,12;60,35;10,63;509943
Principado de Asturias;03;2000;mujeres;real;NA;100,04;20,84;6,37;18,15;5,73;0,74;14,92;10,45;553282
Principado de Asturias;03;2001;hombres;real;NA;247,96;72,35;12,79;30,81;26,82;1,96;54,98;11,92;509262
Principado de Asturias;03;2001;mujeres;real;NA;101,78;19,40;5,63;16,67;3,50;0,67;12,41;12,23;553356
Principado de Asturias;03;2002;hombres;real;NA;243,24;85,57;9,44;25,87;30,13;1,95;54,56;11,41;508303
Principado de Asturias;03;2002;mujeres;real;NA;93,81;17,36;4,65;15,47;4,35;0,62;10,81;11,64;552767
Principado de Asturias;03;2003;hombres;real;NA;247,72;81,72;8,60;26,35;28,04;1,88;52,41;12,01;507902
Principado de Asturias;03;2003;mujeres;real;NA;99,29;16,40;4,51;11,47;3,97;0,57;9,36;12,50;552226
Principado de Asturias;03;2004;hombres;real;NA;248,05;70,80;7,96;25,93;22,57;1,71;46,68;12,23;507561
Principado de Asturias;03;2004;mujeres;real;NA;99,07;15,42;4,13;12,24;3,08;0,55;8,58;11,38;552027
Principado de Asturias;03;2005;hombres;real;NA;248,05;66,09;8,95;26,32;26,46;1,78;48,96;11,38;506941
Principado de Asturias;03;2005;mujeres;real;NA;97,01;13,19;5,28;10,07;3,80;0,56;8,72;8,99;551796
Principado de Asturias;03;2006;hombres;real;16,15;238,45;72,07;8,79;26,04;23,12;1,73;47,35;12,67;506317
Principado de Asturias;03;2006;mujeres;real;18,93;108,08;14,10;5,25;11,64;2,35;0,57;9,25;12,94;551580
Principado de Asturias;03;2007;hombres;real;16,17;235,51;67,31;6,80;25,36;23,81;1,65;44,79;11,98;506489
Principado de Asturias;03;2007;mujeres;real;18,86;103,05;13,71;4,60;12,50;3,73;0,58;9,37;14,09;552254
Principado de Asturias;03;2008;hombres;real;16,22;242,52;66,49;9,35;23,18;24,13;1,71;46,70;12,55;506429
Principado de Asturias;03;2008;mujeres;real;18,46;99,96;13,87;5,58;9,90;2,03;0,54;8,23;14,25;552660
Principado de Asturias;03;2009;hombres;real;16,06;223,13;65,12;6,36;21,62;18,20;1,47;38,89;10,06;505445
Principado de Asturias;03;2009;mujeres;real;18,16;103,45;13,46;6,73;11,96;3,16;0,61;10,64;11,51;551698
Principado de Asturias;03;2010;hombres;real;16,22;242,33;56,54;7,50;19,95;20,37;1,51;40,15;9,42;505104
Principado de Asturias;03;2010;mujeres;real;18,45;97,63;16,49;4,93;10,36;3,14;0,56;8,79;11,68;552028
Principado de Asturias;03;2011;hombres;real;15,30;237,91;56,43;10,09;16,86;15,59;1,45;38,34;10,77;503622
Principado de Asturias;03;2011;mujeres;real;20,27;103,97;12,89;3,82;10,20;3,59;0,53;7,80;10,71;550926
Principado de Asturias;03;2012;hombres;real;16,87;225,47;56,70;7,82;17,48;14,65;1,36;35,38;9,05;500573
Principado de Asturias;03;2012;mujeres;real;19,00;101,73;12,07;3,81;10,26;2,08;0,49;6,67;9,92;548645
Principado de Asturias;03;2013;hombres;real;17,10;213,51;53,58;5,93;15,12;13,91;1,24;31,30;10,69;509298
Principado de Asturias;03;2013;mujeres;real;19,14;98,67;13,63;2,85;8,61;1,66;0,45;5,19;11,96;553638
Principado de Asturias;03;2014;hombres;real;17,21;211,35;53,51;5,37;18,11;10,84;1,20;29,92;12,35;504563
Principado de Asturias;03;2014;mujeres;real;19,26;102,72;9,73;2,41;8,94;3,64;0,46;5,58;9,99;549494
Principado de Asturias;03;2015;hombres;real;16,77;211,81;46,93;6,11;15,93;14,59;1,22;30,76;12,18;499486
Principado de Asturias;03;2015;mujeres;real;18,18;98,96;10,94;2,86;7,81;3,45;0,46;5,47;12,69;544553
Principado de Asturias;03;2016;hombres;real;16,86;200,38;55,50;6,03;15,55;11,86;1,20;29,90;11,18;495990
Principado de Asturias;03;2016;mujeres;real;17,60;102,53;11,10;3,00;9,81;3,01;0,48;6,24;11,17;541033
Principado de Asturias;03;2017;hombres;real;16,99;196,49;50,02;6,07;16,55;8,90;1,12;27,33;10,73;492507
Principado de Asturias;03;2017;mujeres;real;17,67;102,78;11,60;2,37;5,24;3,21;0,43;4,46;11,47;537547
Principado de Asturias;03;2018;hombres;real;16,91;203,84;46,56;7,23;11,41;11,03;1,13;27,68;11,86;489608
Principado de Asturias;03;2018;mujeres;real;17,76;98,30;11,69;2,84;8,05;5,25;0,49;6,65;12,57;534584
Principado de Asturias;03;2019;hombres;real;16,84;188,73;49,52;7,65;16,30;10,36;1,17;28,83;10,96;487654
Principado de Asturias;03;2019;mujeres;real;20,10;100,46;10,37;2,46;8,82;4,94;0,48;6,29;12,04;532385
Principado de Asturias;03;2020;hombres;real;15,98;183,74;48,71;5,95;15,93;10,18;1,10;26,72;15,54;485298
Principado de Asturias;03;2020;mujeres;real;19,32;97,22;10,05;2,54;7,30;3,86;0,44;5,00;16,00;530157
Principado de Asturias;03;2021;hombres;real;16,81;174,29;40,22;6,37;17,61;8,70;1,04;24,62;14,26;482206
Principado de Asturias;03;2021;mujeres;real;19,77;102,29;10,82;2,68;6,63;3,54;0,45;5,18;14,44;526669
Principado de Asturias;03;2022;hombres;real;16,52;181,61;43,69;6,46;15,21;10,50;1,08;26,03;12,90;479251
Principado de Asturias;03;2022;mujeres;real;19,65;98,63;10,56;2,56;8,46;3,85;0,46;5,56;12,69;525302
Principado de Asturias;03;2023;hombres;real;17,22;163,85;45,44;7,05;12,77;9,02;1,02;24,12;12,15;479883
Principado de Asturias;03;2023;mujeres;real;19,89;91,61;11,91;3,75;7,02;5,70;0,50;6,95;13,51;526675
Principado de Asturias;03;2024;hombres;proyeccion;16,83;164,90;43,81;7,54;12,05;9,43;1,03;24,29;15,73;481989
Principado de Asturias;03;2024;mujeres;proyeccion;19,46;95,83;10,65;4,05;6,23;3,51;0,47;5,75;16,21;528069
Principado de Asturias;03;2025;hombres;proyeccion;16,83;NA;NA;NA;NA;NA;0,99;22,91;13,80;486076
Principado de Asturias;03;2025;mujeres;proyeccion;19,46;NA;NA;NA;NA;NA;0,46;5,42;14,67;531679
Región de Murcia;14;1990;hombres;real;NA;7,53;100,33;12,81;61,71;46,72;2,30;66,21;NA;512722
Región de Murcia;14;1990;mujeres;real;NA;0,53;33,30;10,84;39,89;10,18;1,03;24,23;NA;529038
Región de Murcia;14;1991;hombres;real;NA;7,50;91,09;15,38;59,87;41,50;2,21;63,13;NA;517273
Región de Murcia;14;1991;mujeres;real;NA;0,92;32,63;14,19;38,78;8,35;1,07;25,56;NA;533505
Región de Murcia;14;1992;hombres;real;NA;8,32;83,64;10,61;53,19;38,52;1,93;53,99;NA;523230
Región de Murcia;14;1992;mujeres;real;NA;0,78;37,22;13,74;31,57;6,34;0,98;22,56;NA;538949
Región de Murcia;14;1993;hombres;real;NA;8,94;84,32;11,92;50,05;39,63;1,96;54,86;NA;529240
Región de Murcia;14;1993;mujeres;real;NA;1,00;31,11;15,94;26,09;8,44;0,98;22,72;NA;544240
Región de Murcia;14;1994;hombres;real;NA;10,96;86,76;10,18;48,69;39,16;1,91;53,28;NA;534953
Región de Murcia;14;1994;mujeres;real;NA;1,18;33,39;11,47;28,64;5,00;0,85;18,28;NA;549184
Región de Murcia;14;1995;hombres;real;NA;10,33;79,25;10,65;45,39;35,28;1,78;49,01;NA;540188
Región de Murcia;14;1995;mujeres;real;NA;0,42;33,37;11,63;23,86;7,53;0,84;18,25;NA;553642
Región de Murcia;14;1996;hombres;real;NA;9,02;81,86;8,97;42,78;30,97;1,65;44,74;NA;545620
Región de Murcia;14;1996;mujeres;real;NA;0,49;28,27;9,87;26,83;5,54;0,77;15,68;NA;558136
Región de Murcia;14;1997;hombres;real;NA;10,26;86,71;11,98;37,81;32,91;1,74;47,72;5,54;551521
Región de Murcia;14;1997;mujeres;real;NA;1,43;26,86;9,43;20,07;6,51;0,70;13,48;4,83;563103
Región de Murcia;14;1998;hombres;real;NA;11,04;77,68;10,48;42,75;34,75;1,73;47,48;6,09;557821
Región de Murcia;14;1998;mujeres;real;NA;0,96;26,23;13,52;23,10;4,94;0,80;16,86;4,36;568698
Región de Murcia;14;1999;hombres;real;NA;206,36;74,20;13,56;43,29;39,89;2,25;64,72;6,14;565417
Región de Murcia;14;1999;mujeres;real;NA;98,76;33,06;14,18;21,05;7,05;1,06;25,31;4,14;575120
Región de Murcia;14;2000;hombres;real;NA;215,49;74,07;13,12;35,64;31,83;2,05;57,90;6,82;575675
Región de Murcia;14;2000;mujeres;real;NA;101,03;26,36;8,67;23,30;6,78;0,90;20,17;7,44;582970
Región de Murcia;14;2001;hombres;real;NA;213,48;66,34;11,57;37,33;28,49;1,92;53,72;11,76;589986
Región de Murcia;14;2001;mujeres;real;NA;95,83;23,19;9,54;17,89;4,75;0,81;17,11;8,27;593894
Región de Murcia;14;2002;hombres;real;NA;217,31;64,89;11,10;34,87;27,18;1,86;51,77;11,60;607088
Región de Murcia;14;2002;mujeres;real;NA;103,05;17,30;7,87;17,13;4,81;0,74;14,87;7,83;608705
Región de Murcia;14;2003;hombres;real;NA;201,76;63,31;9,86;34,38;23,88;1,73;47,46;8,71;624128
Región de Murcia;14;2003;mujeres;real;NA;91,12;26,63;6,13;17,73;5,66;0,75;15,05;10,03;625356
Región de Murcia;14;2004;hombres;real;NA;200,64;58,47;8,78;28,09;26,27;1,65;44,90;11,43;642254
Región de Murcia;14;2004;mujeres;real;NA;96,35;14,82;5,03;19,02;4,33;0,65;11,95;14,23;640785
Región de Murcia;14;2005;hombres;real;NA;194,03;62,92;9,77;29,74;27,80;1,73;47,53;11,87;662459
Región de Murcia;14;2005;mujeres;real;NA;84,35;17,44;5,47;19,04;2,07;0,62;10,78;11,64;655260
Región de Murcia;14;2006;hombres;real;15,98;191,60;58,21;7,63;30,41;18,54;1,50;39,73;12,70;681489
Región de Murcia;14;2006;mujeres;real;15,35;91,03;15,54;4,39;15,92;4,14;0,60;10,11;11,60;669451
Región de Murcia;14;2007;hombres;real;15,85;184,15;58,17;6,56;31,18;21,96;1,52;40,52;10,99;705621
Región de Murcia;14;2007;mujeres;real;15,48;86,58;13,56;4,58;14,68;2,67;0,55;8,40;9,43;686747
Región de Murcia;14;2008;hombres;real;15,71;190,67;48,65;8,02;25,44;18,55;1,40;36,64;11,76;725827
Región de Murcia;14;2008;mujeres;real;15,03;99,33;14,55;4,08;18,98;2,75;0,61;10,38;11,76;705159
Región de Murcia;14;2009;hombres;real;15,15;181,89;52,42;5,64;22,93;17,82;1,31;33,57;9,48;735709
Región de Murcia;14;2009;mujeres;real;14,89;88,79;11,63;5,67;15,13;3,30;0,58;9,59;7,34;716437
Región de Murcia;14;2010;hombres;real;15,68;191,46;44,08;6,48;22,29;16,84;1,28;32,59;8,33;742405
Región de Murcia;14;2010;mujeres;real;15,26;88,27;10,89;4,13;12,70;2,76;0,50;7,05;9,31;723407
Región de Murcia;14;2011;hombres;real;17,08;186,59;42,47;4,52;19,40;17,34;1,19;29,69;7,13;743823
Región de Murcia;14;2011;mujeres;real;19,13;90,36;14,95;4,56;9,82;3,21;0,52;7,61;9,16;727584
Región de Murcia;14;2012;hombres;real;16,06;176,69;44,31;9,23;19,40;16,41;1,29;32,84;10,56;746068
Región de Murcia;14;2012;mujeres;real;15,88;74,48;11,31;3,91;11,88;2,29;0,46;5,55;8,64;731441
Región de Murcia;14;2013;hombres;real;16,59;177,58;43,78;7,06;15,90;12,56;1,13;27,69;9,36;734404
Región de Murcia;14;2013;mujeres;real;16,26;86,61;10,03;4,81;10,52;1,41;0,47;5,89;10,43;726807
Región de Murcia;14;2014;hombres;real;16,67;167,74;38,97;8,50;13,17;15,24;1,14;28,02;7,72;734362
Región de Murcia;14;2014;mujeres;real;16,47;84,45;8,87;3,21;9,48;3,41;0,44;4,99;7,25;728513
Región de Murcia;14;2015;hombres;real;15,83;166,54;43,19;8,05;16,34;14,83;1,17;29,13;11,02;734248
Región de Murcia;14;2015;mujeres;real;15,72;85,71;10,82;3,05;9,89;2,75;0,44;5,06;9,32;729760
Región de Murcia;14;2016;hombres;real;15,80;176,88;37,30;5,19;17,79;13,49;1,08;26,01;9,49;736083
Región de Murcia;14;2016;mujeres;real;15,69;90,76;7,08;2,04;9,30;3,61;0,42;4,13;9,51;732648
Región de Murcia;14;2017;hombres;real;15,58;171,80;36,74;8,22;16,44;14,24;1,14;28,12;8,37;738242
Región de Murcia;14;2017;mujeres;real;15,51;82,15;7,42;3,21;8,25;3,34;0,42;4,15;8,48;735832
Región de Murcia;14;2018;hombres;real;15,70;160,99;33,17;6,78;20,51;15,66;1,13;27,69;11,21;740023
Región de Murcia;14;2018;mujeres;real;15,58;77,81;7,42;3,26;9,17;4,44;0,44;4,83;8,48;739000
Región de Murcia;14;2019;hombres;real;16,09;156,11;35,38;8,00;18,29;17,31;1,17;29,03;9,82;747980
Región de Murcia;14;2019;mujeres;real;17,44;83,94;7,74;1,74;7,84;4,15;0,39;3,41;9,01;747103
Región de Murcia;14;2020;hombres;real;15,62;165,68;35,65;9,86;17,52;13,79;1,17;29,01;9,12;755146
Región de Murcia;14;2020;mujeres;real;17,32;78,48;7,18;4,10;8,90;2,48;0,42;4,35;9,94;754066
Región de Murcia;14;2021;hombres;real;15,56;153,44;36,64;7,18;13,54;10,41;0,99;23,00;9,65;758972
Región de Murcia;14;2021;mujeres;real;17,23;80,09;8,21;3,33;6,72;4,63;0,43;4,49;9,82;757471
Región de Murcia;14;2022;hombres;real;15,42;154,85;36,08;9,59;16,26;13,58;1,13;27,66;8,50;772515
Región de Murcia;14;2022;mujeres;real;17,09;80,90;6,70;3,41;8,81;4,42;0,44;4,89;10,51;768259
Región de Murcia;14;2023;hombres;real;17,14;143,27;35,89;10,23;17,00;9,96;1,07;25,64;8,02;781862
Región de Murcia;14;2023;mujeres;real;19,81;80,69;6,56;3,38;9,79;4,15;0,44;4,99;10,28;778485
Región de Murcia;14;2024;hombres;proyeccion;16,02;138,09;36,27;10,09;15,35;10,73;1,05;25,17;11,29;790288
Región de Murcia;14;2024;mujeres;proyeccion;18,18;81,26;6,68;2,85;7,91;4,54;0,42;4,22;10,69;786624
Región de Murcia;14;2025;hombres;proyeccion;16,02;NA;NA;NA;NA;NA;1,07;25,52;9,73;799705
Región de Murcia;14;2025;mujeres;proyeccion;18,20;NA;NA;NA;NA;NA;0,43;4,45;10,52;797177
