ccaa;ccaa_cod;periodo;origen;avs_65;mort_cancer;mort_cardio;mort_diabetes;mort_ictus;mort_epoc;mort_evitable_idx;mort_evitable_idx_0_100;med_ae;med_ap;enf_ae;enf_ap;camas;gasto_farmacia_pct;pct_pib_sanidad;imp_sanidad_eur;pib_regional_eur;espera_quir;espera_ae;reingresos_psiq;poblacion_total
Andalucía;01;1990;real;NA;6,33;64,99;17,21;46,17;25,94;1,71;46,64;NA;NA;NA;NA;NA;NA;NA;NA;NA;NA;NA;NA;6917330,00
Andalucía;01;1991;real;NA;6,37;67,60;15,56;48,44;24,66;1,68;45,76;NA;NA;NA;NA;NA;NA;NA;NA;NA;NA;NA;NA;6960261,00
Andalucía;01;1992;real;NA;6,30;65,83;13,11;42,18;21,90;1,50;39,80;NA;NA;NA;NA;NA;NA;NA;NA;NA;NA;NA;NA;7003060,00
Andalucía;01;1993;real;NA;5,77;65,29;12,61;41,58;24,29;1,52;40,40;NA;NA;NA;NA;NA;NA;NA;NA;NA;NA;NA;NA;7044291,00
Andalucía;01;1994;real;NA;6,04;61,17;12,46;38,39;22,07;1,42;37,25;NA;NA;NA;NA;NA;NA;NA;NA;NA;NA;NA;NA;7082318,00
Andalucía;01;1995;real;NA;6,20;63,31;11,79;38,97;22,21;1,42;37,36;NA;NA;NA;NA;NA;NA;NA;NA;NA;NA;NA;NA;7112623,00
Andalucía;01;1996;real;NA;5,47;62,96;10,93;37,50;22,01;1,38;35,94;1,26;NA;2,46;NA;3,05;NA;NA;NA;NA;NA;NA;NA;7137487,00
Andalucía;01;1997;real;NA;5,95;59,28;10,29;35,27;19,52;1,28;32,65;1,26;NA;2,34;NA;3,02;NA;NA;NA;NA;NA;NA;11,18;7162605,00
Andalucía;01;1998;real;NA;5,76;60,73;11,83;33,41;21,22;1,34;34,55;1,27;NA;2,33;NA;3,01;NA;NA;NA;NA;NA;NA;11,31;7189460,00
Andalucía;01;1999;real;NA;165,92;58,30;10,58;36,65;21,62;1,64;44,35;1,30;NA;2,39;NA;2,98;NA;NA;NA;NA;NA;NA;12,83;7222374,00
Andalucía;01;2000;real;NA;162,65;56,29;10,06;32,20;16,23;1,47;38,88;1,30;NA;2,45;NA;2,96;NA;NA;NA;NA;NA;NA;15,06;7272684,00
Andalucía;01;2001;real;NA;163,97;53,26;10,52;32,38;15,88;1,46;38,65;1,30;NA;2,43;NA;2,89;NA;NA;NA;NA;NA;NA;15,57;7332091,00
Andalucía;01;2002;real;NA;162,24;51,04;10,00;32,29;16,85;1,45;38,21;1,30;NA;2,45;NA;2,80;25,00;NA;NA;NA;NA;NA;16,05;7406489,00
Andalucía;01;2003;real;NA;157,58;52,26;9,63;30,63;15,78;1,40;36,70;1,30;NA;2,46;NA;2,72;25,54;NA;NA;NA;NA;NA;14,67;7502868,00
Andalucía;01;2004;real;NA;159,44;47,00;8,75;28,53;13,77;1,30;33,31;1,34;0,76;2,51;0,56;2,67;24,17;NA;NA;NA;NA;NA;12,21;7611849,00
Andalucía;01;2005;real;NA;150,06;47,04;8,98;29,79;16,18;1,34;34,68;1,34;0,74;2,52;0,56;2,59;23,15;NA;NA;NA;NA;NA;12,28;7732086,00
Andalucía;01;2006;real;17,01;148,11;41,20;8,25;25,18;11,19;1,16;28,58;1,37;0,73;2,57;0,57;2,54;21,52;NA;NA;NA;NA;NA;12,54;7848514,00
Andalucía;01;2007;real;16,85;147,32;40,61;8,03;25,73;13,36;1,19;29,63;1,40;0,75;2,60;0,55;2,52;21,33;NA;NA;NA;NA;NA;13,90;7989013,00
Andalucía;01;2008;real;15,84;143,32;38,25;7,07;23,76;11,33;1,09;26,37;1,43;0,73;2,61;0,53;2,41;19,50;NA;NA;NA;NA;NA;13,35;8105608,00
Andalucía;01;2009;real;14,78;143,19;36,21;6,92;23,01;12,48;1,09;26,27;1,43;0,72;2,63;0,55;2,38;20,76;NA;NA;NA;NA;NA;14,11;8177362,00
Andalucía;01;2010;real;14,99;138,94;34,56;6,67;19,46;11,16;1,01;23,60;1,56;0,73;2,91;0,57;2,30;22,79;NA;NA;NA;NA;NA;13,28;8238799,00
Andalucía;01;2011;real;17,01;139,72;33,46;4,53;17,79;10,56;0,92;20,78;1,55;0,71;2,75;0,59;2,27;21,22;NA;NA;NA;NA;NA;12,61;8270496,00
Andalucía;01;2012;real;15,55;141,74;31,19;4,86;18,01;11,09;0,93;21,14;1,54;0,73;2,63;0,60;2,22;18,56;NA;NA;NA;62,00;49,00;12,24;8299110,00
Andalucía;01;2013;real;15,88;137,27;28,95;4,19;16,85;10,37;0,87;19,10;1,54;0,72;2,61;0,61;2,19;21,25;NA;NA;NA;57,00;49,00;13,08;8387276,00
Andalucía;01;2014;real;16,15;131,10;27,86;4,71;16,58;9,32;0,85;18,27;1,53;0,72;2,67;0,61;2,17;19,81;NA;NA;NA;59,00;49,00;12,39;8390854,00
Andalucía;01;2015;real;16,41;130,15;26,70;5,01;16,71;9,65;0,85;18,48;1,54;0,73;2,60;0,59;2,20;18,27;5,73;8388296442,00;146406094000,00;60,00;49,00;13,36;8398339,00
Andalucía;01;2016;real;16,21;129,07;26,76;4,48;15,23;10,14;0,83;17,78;1,59;0,73;2,69;0,57;2,17;18,40;5,78;8657784983,00;149901897000,00;75,71;54,38;13,11;8404021,00
Andalucía;01;2017;real;16,16;131,03;28,04;4,62;15,46;9,01;0,83;17,70;1,59;0,74;2,86;0,57;2,20;19,05;5,82;9129970917,00;156789484000,00;77,97;56,47;13,31;8403349,00
Andalucía;01;2018;real;16,09;128,98;26,56;4,37;15,64;9,14;0,81;17,21;1,62;0,75;2,89;0,57;2,19;18,77;5,95;9627553896,00;161894301000,00;213,76;175,83;13,17;8406223,00
Andalucía;01;2019;real;18,17;126,13;25,00;4,59;14,26;8,82;0,79;16,30;1,47;0,76;2,87;0,60;2,18;18,54;5,77;9613264022,00;166478730000,00;160,96;130,79;13,15;8448442,00
Andalucía;01;2020;real;17,59;124,49;25,74;4,82;14,69;7,69;0,78;16,04;1,51;0,75;3,04;0,60;2,19;17,36;7,16;10765885257,00;150452909000,00;187,77;111,89;15,18;8483769,00
Andalucía;01;2021;real;17,58;124,90;25,25;5,90;14,34;6,89;0,79;16,32;1,56;0,75;3,42;0,61;2,30;17,25;6,89;11453591430,00;166296356000,00;127,97;105,04;15,84;8502764,00
Andalucía;01;2022;real;17,70;123,28;24,41;5,20;14,40;7,43;0,77;15,79;1,61;0,75;3,33;0,70;2,40;17,89;6,63;12214500940,00;184364390000,00;134,20;123,28;14,16;8543098,00
Andalucía;01;2023;real;17,10;119,54;21,41;5,25;14,10;7,93;0,75;15,23;1,64;0,76;3,21;0,74;2,32;16,93;6,84;13644937026,00;199406067000,00;173,81;142,66;14,02;8600224,00
Andalucía;01;2024;proyeccion;17,30;NA;NA;NA;NA;NA;NA;NA;NA;NA;NA;NA;NA;16,97;NA;NA;NA;NA;NA;NA;NA
Andalucía;01;2024;real;NA;114,33;21,56;4,55;12,96;7,30;0,70;13,63;1,63;0,76;3,18;0,73;2,17;NA;6,62;14055560408,00;212359142000,00;175,68;150,00;11,86;8645335,00
Andalucía;01;2025;proyeccion;17,30;NA;NA;NA;NA;NA;0,70;13,38;1,66;0,76;3,21;0,77;2,21;16,78;NA;NA;NA;NA;NA;12,34;NA
Andalucía;01;2025;real;NA;NA;NA;NA;NA;NA;NA;NA;NA;NA;NA;NA;NA;NA;6,77;15041542563,00;222116470593,18;173,00;136,00;NA;8708421,00
Andalucía;01;2026;proyeccion;17,30;NA;NA;NA;NA;NA;0,68;12,67;1,67;0,76;3,21;0,78;2,18;16,59;6,71;NA;NA;191,42;152,29;12,34;8758669,70
Aragón;02;1990;real;NA;4,30;45,29;8,25;30,26;14,54;1,01;23,85;NA;NA;NA;NA;NA;NA;NA;NA;NA;NA;NA;NA;1190986,00
Aragón;02;1991;real;NA;4,05;45,25;9,54;31,84;14,91;1,07;25,63;NA;NA;NA;NA;NA;NA;NA;NA;NA;NA;NA;NA;1190442,00
Aragón;02;1992;real;NA;3,99;41,70;9,78;27,09;15,85;1,02;24,17;NA;NA;NA;NA;NA;NA;NA;NA;NA;NA;NA;NA;1192325,00
Aragón;02;1993;real;NA;3,21;46,09;8,79;26,44;12,13;0,95;21,79;NA;NA;NA;NA;NA;NA;NA;NA;NA;NA;NA;NA;1193984,00
Aragón;02;1994;real;NA;5,18;44,47;11,42;26,58;14,11;1,05;24,99;NA;NA;NA;NA;NA;NA;NA;NA;NA;NA;NA;NA;1195292,00
Aragón;02;1995;real;NA;3,94;44,28;8,96;27,66;17,77;1,06;25,21;NA;NA;NA;NA;NA;NA;NA;NA;NA;NA;NA;NA;1196133,00
Aragón;02;1996;real;NA;4,37;43,46;7,73;24,94;14,60;0,94;21,40;1,65;NA;2,88;NA;4,51;NA;NA;NA;NA;NA;NA;NA;1196098,00
Aragón;02;1997;real;NA;4,45;42,11;8,00;26,42;13,20;0,93;21,07;1,66;NA;2,89;NA;4,39;NA;NA;NA;NA;NA;NA;6,39;1195847,00
Aragón;02;1998;real;NA;2,92;39,76;7,31;21,93;13,49;0,86;18,68;1,69;NA;2,95;NA;4,39;NA;NA;NA;NA;NA;NA;6,85;1195697,00
Aragón;02;1999;real;NA;154,32;40,24;7,78;23,51;16,80;1,23;31,01;1,73;NA;3,07;NA;4,29;NA;NA;NA;NA;NA;NA;7,41;1195810,00
Aragón;02;2000;real;NA;143,55;40,75;6,94;22,00;11,71;1,09;26,39;1,79;NA;3,16;NA;4,23;NA;NA;NA;NA;NA;NA;11,14;1197224,00
Aragón;02;2001;real;NA;149,72;36,31;6,84;21,66;9,54;1,04;24,55;1,81;NA;3,17;NA;4,19;NA;NA;NA;NA;NA;NA;9,22;1201038,00
Aragón;02;2002;real;NA;146,00;35,26;6,08;19,10;9,38;0,98;22,56;1,87;NA;3,22;NA;4,16;23,88;NA;NA;NA;NA;NA;10,08;1209888,00
Aragón;02;2003;real;NA;146,56;32,74;5,36;19,88;9,88;0,96;22,06;1,96;NA;3,29;NA;4,12;22,73;NA;NA;NA;NA;NA;10,22;1222496,00
Aragón;02;2004;real;NA;149,32;34,11;5,88;18,00;7,63;0,93;21,05;1,97;0,85;3,33;0,68;4,05;22,25;NA;NA;NA;NA;NA;12,63;1236182,00
Aragón;02;2005;real;NA;140,54;30,79;5,31;16,37;9,68;0,90;20,04;2,00;0,83;3,32;0,68;3,99;22,47;NA;NA;NA;NA;NA;12,04;1251176,00
Aragón;02;2006;real;18,37;140,19;32,19;4,50;19,50;8,62;0,90;20,01;2,07;0,83;3,61;0,67;3,96;21,43;NA;NA;NA;NA;NA;11,22;1265909,00
Aragón;02;2007;real;18,50;140,88;32,10;4,89;18,25;8,54;0,90;19,91;2,10;0,85;3,70;0,70;3,83;20,77;NA;NA;NA;NA;NA;11,22;1286285,00
Aragón;02;2008;real;18,75;129,50;27,21;6,33;17,66;6,90;0,85;18,40;2,18;0,84;3,85;0,69;3,84;20,40;NA;NA;NA;NA;NA;11,18;1306631,00
Aragón;02;2009;real;19,00;139,67;27,68;5,25;15,98;8,86;0,86;18,78;2,20;0,86;3,99;0,70;3,83;19,91;NA;NA;NA;NA;NA;9,84;1318936,00
Aragón;02;2010;real;19,34;146,97;24,79;4,45;14,38;7,78;0,80;16,90;2,14;0,88;3,86;0,71;3,81;20,20;NA;NA;NA;NA;NA;9,20;1313159,00
Aragón;02;2011;real;18,99;142,47;25,11;5,53;12,37;7,90;0,81;17,02;2,18;0,88;4,10;0,71;3,77;17,84;NA;NA;NA;NA;NA;8,91;1315527,00
Aragón;02;2012;real;19,10;140,61;22,75;4,61;11,48;6,91;0,74;14,85;2,18;0,90;4,03;0,72;3,68;15,97;NA;NA;NA;114,00;41,00;9,70;1311924,00
Aragón;02;2013;real;19,26;136,24;21,96;4,46;11,36;6,24;0,71;13,89;2,06;0,89;3,91;0,72;3,63;18,08;NA;NA;NA;137,00;63,00;10,69;1334507,00
Aragón;02;2014;real;18,96;134,53;23,91;5,16;10,62;7,10;0,75;14,97;2,15;0,88;4,30;0,73;3,67;16,04;NA;NA;NA;121,00;NA;8,81;1328336,00
Aragón;02;2015;real;19,22;138,44;18,66;5,54;9,78;8,08;0,74;14,85;2,21;0,88;4,37;0,74;3,68;16,02;4,62;1535750491,04;33265930000,00;108,00;61,00;9,38;1321730,00
Aragón;02;2016;real;20,42;139,82;21,54;2,92;11,63;7,84;0,71;13,73;2,18;0,88;4,47;0,74;3,71;16,16;5,08;1754952441,55;34542128000,00;99,26;79,42;8,02;1316742,00
Aragón;02;2017;real;20,18;135,57;20,91;4,18;10,55;8,00;0,72;14,15;2,21;0,88;4,51;0,74;3,75;16,28;5,13;1845830789,42;35983544000,00;88,80;90,97;8,54;1315713,00
Aragón;02;2018;real;20,24;127,70;20,96;3,87;9,97;7,04;0,68;12,67;2,29;0,88;4,56;0,74;3,75;16,16;5,22;1943284163,95;37213896000,00;89,83;89,80;9,03;1315733,00
Aragón;02;2019;real;19,44;124,07;18,23;4,12;10,92;6,51;0,66;12,17;2,30;0,88;4,96;0,77;3,63;15,60;5,05;1943284163,95;38465053000,00;112,66;100,37;8,54;1324279,00
Aragón;02;2020;real;17,91;126,42;20,41;4,22;9,77;7,46;0,68;12,96;2,34;0,88;3,76;0,77;3,65;14,96;5,59;2011375281,29;35955571000,00;180,39;146,97;9,13;1331116,00
Aragón;02;2021;real;18,91;128,26;16,95;3,15;10,21;5,34;0,61;10,49;2,42;0,88;4,88;0,83;3,70;14,77;5,92;2295688201,41;38782157000,00;183,20;159,59;7,66;1312793,00
Aragón;02;2022;real;18,61;120,72;20,28;3,63;8,28;6,50;0,63;11,07;2,36;0,88;4,80;0,82;3,67;15,11;5,01;2185911149,50;43668835000,00;127,78;79,91;9,29;1334478,00
Aragón;02;2023;real;20,68;119,18;19,30;3,14;10,01;7,48;0,64;11,48;2,37;0,88;5,03;0,81;3,51;14,84;5,30;2481490321,17;46778120000,00;146,41;106,18;7,68;1354144,00
Aragón;02;2024;proyeccion;19,72;NA;NA;NA;NA;NA;NA;NA;NA;NA;NA;NA;NA;14,33;NA;NA;NA;NA;NA;NA;NA
Aragón;02;2024;real;NA;112,40;18,14;3,56;9,86;7,82;0,64;11,34;2,43;0,87;5,08;0,82;3,54;NA;5,45;2704508197,54;49634925000,00;144,47;128,43;7,34;1348612,00
Aragón;02;2025;proyeccion;19,72;NA;NA;NA;NA;NA;0,61;10,64;2,44;0,87;5,07;0,83;3,52;14,12;NA;NA;NA;NA;NA;7,73;NA
Aragón;02;2025;real;NA;NA;NA;NA;NA;NA;NA;NA;NA;NA;NA;NA;NA;NA;5,23;2704508197,54;51706151620,83;132,00;138,00;NA;1374302,00
Aragón;02;2026;proyeccion;19,72;NA;NA;NA;NA;NA;0,60;10,31;2,47;0,87;5,15;0,84;3,50;13,93;5,31;NA;NA;134,97;124,57;7,60;1382215,79
Canarias;05;1990;real;NA;8,52;76,46;24,82;37,45;16,08;1,71;46,93;NA;NA;NA;NA;NA;NA;NA;NA;NA;NA;NA;NA;1490047,00
Canarias;05;1991;real;NA;8,30;79,32;26,54;37,57;13,81;1,74;47,65;NA;NA;NA;NA;NA;NA;NA;NA;NA;NA;NA;NA;1499710,00
Canarias;05;1992;real;NA;8,66;84,03;19,76;36,18;15,73;1,61;43,48;NA;NA;NA;NA;NA;NA;NA;NA;NA;NA;NA;NA;1513441,00
Canarias;05;1993;real;NA;8,22;77,64;25,89;33,53;15,45;1,70;46,41;NA;NA;NA;NA;NA;NA;NA;NA;NA;NA;NA;NA;1527452,00
Canarias;05;1994;real;NA;8,28;76,58;25,59;32,08;11,96;1,61;43,55;NA;NA;NA;NA;NA;NA;NA;NA;NA;NA;NA;NA;1542442,00
Canarias;05;1995;real;NA;8,33;70,69;20,18;32,93;12,11;1,45;38,27;NA;NA;NA;NA;NA;NA;NA;NA;NA;NA;NA;NA;1558964,00
Canarias;05;1996;real;NA;8,46;75,89;19,70;34,37;14,50;1,52;40,65;1,38;NA;2,26;NA;4,77;NA;NA;NA;NA;NA;NA;NA;1577514,00
Canarias;05;1997;real;NA;7,34;80,40;17,43;30,82;12,00;1,41;36,95;1,47;NA;2,33;NA;4,73;NA;NA;NA;NA;NA;NA;3,65;1600482,00
Canarias;05;1998;real;NA;8,72;78,28;19,20;30,01;14,81;1,49;39,45;1,45;NA;2,37;NA;4,67;NA;NA;NA;NA;NA;NA;4,10;1628238,00
Canarias;05;1999;real;NA;171,12;73,76;19,31;26,71;13,42;1,72;47,04;1,65;NA;2,83;NA;4,91;NA;NA;NA;NA;NA;NA;5,17;1660950,00
Canarias;05;2000;real;NA;167,24;72,93;18,67;27,28;11,58;1,66;45,26;1,41;NA;2,43;NA;4,52;NA;NA;NA;NA;NA;NA;7,98;1706537,00
Canarias;05;2001;real;NA;164,35;69,73;17,69;23,87;12,59;1,60;43,14;1,51;NA;2,54;NA;4,39;NA;NA;NA;NA;NA;NA;7,01;1756714,00
Canarias;05;2002;real;NA;160,39;64,35;17,46;24,14;9,69;1,51;40,16;1,53;NA;2,53;NA;4,22;20,06;NA;NA;NA;NA;NA;8,43;1801281,00
Canarias;05;2003;real;NA;161,84;62,23;17,68;21,98;9,43;1,48;39,21;1,55;NA;2,64;NA;4,13;20,55;NA;NA;NA;NA;NA;6,51;1844117,00
Canarias;05;2004;real;NA;163,49;53,96;17,92;21,23;9,05;1,43;37,54;1,60;0,64;2,65;0,54;4,01;21,07;NA;NA;NA;NA;NA;6,46;1886739,00
Canarias;05;2005;real;NA;157,75;57,09;16,90;17,23;8,25;1,36;35,15;1,58;0,65;2,77;0,56;3,95;20,17;NA;NA;NA;NA;NA;6,74;1931046,00
Canarias;05;2006;real;17,97;152,09;51,72;16,06;17,98;7,50;1,29;32,93;1,57;0,68;2,73;0,57;3,59;19,96;NA;NA;NA;NA;NA;7,22;1972686,00
Canarias;05;2007;real;17,98;148,06;49,03;20,91;14,30;8,83;1,38;35,82;1,62;0,69;2,92;0,61;3,47;19,39;NA;NA;NA;NA;NA;6,33;2019299,00
Canarias;05;2008;real;17,62;153,43;46,49;16,87;16,07;7,77;1,27;32,27;1,62;0,71;2,93;0,58;3,36;18,62;NA;NA;NA;NA;NA;6,29;2061499,00
Canarias;05;2009;real;17,41;141,81;36,85;19,73;15,74;7,83;1,26;32,10;1,64;0,72;2,96;0,60;3,31;19,03;NA;NA;NA;NA;NA;6,01;2085969,00
Canarias;05;2010;real;17,99;146,69;35,50;17,34;11,22;8,38;1,17;29,01;1,71;0,74;3,08;0,60;3,28;19,81;NA;NA;NA;NA;NA;6,21;2092438,00
Canarias;05;2011;real;16,60;140,52;31,91;20,54;10,51;9,38;1,23;30,98;1,73;0,75;3,01;0,61;3,18;19,08;NA;NA;NA;NA;NA;6,95;2107023,00
Canarias;05;2012;real;17,16;142,02;34,90;15,74;10,66;8,60;1,12;27,21;1,72;0,77;2,89;0,62;3,12;18,04;NA;NA;NA;191,00;107,00;5,85;2120947,00
Canarias;05;2013;real;16,95;138,51;29,83;14,16;10,36;7,51;1,02;24,02;1,73;0,77;3,00;0,62;3,11;17,23;NA;NA;NA;201,00;114,00;6,31;2108452,00
Canarias;05;2014;real;16,31;133,56;31,51;14,34;11,71;8,39;1,05;25,09;1,78;0,76;3,07;0,62;3,12;17,51;NA;NA;NA;179,00;120,00;7,27;2118424,00
Canarias;05;2015;real;17,14;128,78;30,31;11,46;12,05;9,63;0,99;22,96;1,83;0,76;3,16;0,61;3,15;17,00;6,21;2459743096,00;39636569000,00;176,00;111,00;5,68;2127774,00
Canarias;05;2016;real;18,42;131,84;33,17;8,02;12,39;7,09;0,88;19,47;1,88;0,75;3,29;0,61;3,10;17,45;6,09;2495715117,00;40979670000,00;181,58;116,57;9,69;2142274,00
Canarias;05;2017;real;18,53;129,10;31,25;5,72;11,40;7,96;0,81;17,19;1,91;0,75;3,42;0,61;3,11;17,62;5,94;2556566464,00;43035839000,00;176,59;122,57;7,41;2164345,00
Canarias;05;2018;real;18,24;123,60;34,16;5,28;10,72;9,05;0,82;17,40;1,94;0,75;3,54;0,91;3,11;17,29;6,14;2739535209,00;44609266000,00;139,82;116,53;9,84;2188314,00
Canarias;05;2019;real;18,86;122,54;29,74;4,52;10,90;8,44;0,76;15,60;1,99;0,74;3,65;0,90;2,88;17,00;6,19;2832787821,00;45766832000,00;133,10;121,83;9,32;2220215,00
Canarias;05;2020;real;18,76;120,91;30,06;5,03;11,39;8,75;0,79;16,32;2,00;0,75;3,84;0,64;2,76;16,30;7,90;2970650193,00;37587399000,00;150,58;133,54;11,05;2244545,00
Canarias;05;2021;real;18,79;116,31;30,90;4,77;11,44;7,43;0,75;15,24;2,09;0,75;4,08;0,70;2,83;15,99;7,46;3088468435,00;41407275000,00;144,23;117,76;11,86;2246227,00
Canarias;05;2022;real;17,64;114,46;35,60;4,82;10,94;8,92;0,80;16,71;2,16;0,75;4,17;0,68;2,79;15,84;6,59;3225421670,00;48908196000,00;156,76;121,09;11,19;2197327,00
Canarias;05;2023;real;18,18;113,60;32,79;3,99;10,61;9,33;0,76;15,56;2,27;0,76;4,32;0,90;2,90;15,32;6,62;3575652999,00;53990089000,00;146,52;148,66;11,04;2224343,00
Canarias;05;2024;proyeccion;18,03;NA;NA;NA;NA;NA;NA;NA;NA;NA;NA;NA;NA;15,35;NA;NA;NA;NA;NA;NA;NA
Canarias;05;2024;real;NA;114,09;29,94;4,16;10,06;9,21;0,75;14,97;2,29;0,75;4,20;1,12;2,90;NA;7,07;4108181841,00;58144618000,00;122,28;156,64;9,65;2247927,00
Canarias;05;2025;proyeccion;18,03;NA;NA;NA;NA;NA;0,72;14,04;2,34;0,76;4,38;1,03;2,90;15,11;NA;NA;NA;NA;NA;10,36;NA
Canarias;05;2025;real;NA;NA;NA;NA;NA;NA;NA;NA;NA;NA;NA;NA;NA;NA;7,06;4308657056,00;61062044154,20;106,00;162,00;NA;2265555,00
Canarias;05;2026;proyeccion;18,03;NA;NA;NA;NA;NA;0,69;13,17;2,41;0,76;4,47;1,04;2,91;14,87;6,92;NA;NA;109,98;163,10;10,28;2279481,84
Cantabria;06;1990;real;NA;4,79;51,30;9,25;30,09;17,28;1,12;27,30;NA;NA;NA;NA;NA;NA;NA;NA;NA;NA;NA;NA;527599,00
Cantabria;06;1991;real;NA;6,97;50,67;5,82;27,26;18,88;1,03;24,44;NA;NA;NA;NA;NA;NA;NA;NA;NA;NA;NA;NA;527738,00
Cantabria;06;1992;real;NA;6,78;48,68;9,34;30,35;17,71;1,12;27,34;NA;NA;NA;NA;NA;NA;NA;NA;NA;NA;NA;NA;527994,00
Cantabria;06;1993;real;NA;6,17;50,61;8,70;27,21;15,32;1,04;24,77;NA;NA;NA;NA;NA;NA;NA;NA;NA;NA;NA;NA;528254,00
Cantabria;06;1994;real;NA;6,27;41,18;7,94;30,90;18,86;1,07;25,59;NA;NA;NA;NA;NA;NA;NA;NA;NA;NA;NA;NA;528653,00
Cantabria;06;1995;real;NA;10,43;43,99;7,34;30,82;17,97;1,06;25,33;NA;NA;NA;NA;NA;NA;NA;NA;NA;NA;NA;NA;528922,00
Cantabria;06;1996;real;NA;8,92;41,66;7,52;28,78;16,65;1,01;23,56;1,30;NA;2,51;NA;4,29;NA;NA;NA;NA;NA;NA;NA;528769,00
Cantabria;06;1997;real;NA;7,07;35,93;5,48;28,44;13,12;0,86;18,59;1,39;NA;2,76;NA;4,22;NA;NA;NA;NA;NA;NA;8,32;528680,00
Cantabria;06;1998;real;NA;7,91;36,16;7,30;24,68;15,47;0,91;20,33;1,39;NA;2,77;NA;4,17;NA;NA;NA;NA;NA;NA;8,54;529200,00
Cantabria;06;1999;real;NA;163,59;39,39;5,99;21,95;13,34;1,13;27,49;1,43;NA;2,76;NA;3,96;NA;NA;NA;NA;NA;NA;6,06;530370,00
Cantabria;06;2000;real;NA;166,28;36,61;6,83;18,34;12,00;1,08;25,94;1,44;NA;2,84;NA;3,82;NA;NA;NA;NA;NA;NA;6,80;532062,00
Cantabria;06;2001;real;NA;169,95;20,44;5,13;17,94;8,16;0,88;19,49;1,49;NA;2,97;NA;3,89;NA;NA;NA;NA;NA;NA;6,95;533988,00
Cantabria;06;2002;real;NA;175,70;29,29;4,56;20,00;8,66;0,96;21,93;1,60;NA;2,98;NA;3,86;19,40;NA;NA;NA;NA;NA;5,26;537245,00
Cantabria;06;2003;real;NA;152,41;23,56;6,30;22,20;11,69;1,00;23,29;1,61;NA;3,12;NA;3,85;18,86;NA;NA;NA;NA;NA;7,62;542367,00
Cantabria;06;2004;real;NA;154,23;23,74;6,32;18,91;7,53;0,90;20,06;1,67;0,71;3,13;0,60;3,77;17,29;NA;NA;NA;NA;NA;5,61;548108,00
Cantabria;06;2005;real;NA;142,57;24,08;5,58;17,07;8,63;0,86;18,79;1,67;0,76;3,15;0,63;3,77;18,17;NA;NA;NA;NA;NA;6,06;554148,00
Cantabria;06;2006;real;19,34;154,08;21,30;5,86;20,87;7,07;0,89;19,59;1,70;0,76;3,14;0,65;3,64;17,93;NA;NA;NA;NA;NA;7,51;560190,00
Cantabria;06;2007;real;19,28;149,53;23,63;5,53;18,60;7,91;0,87;19,20;1,83;0,76;3,28;0,65;3,72;17,73;NA;NA;NA;NA;NA;6,66;567088,00
Cantabria;06;2008;real;18,73;147,24;23,55;4,80;18,73;5,48;0,81;17,10;1,81;0,77;3,36;0,66;3,61;20,36;NA;NA;NA;NA;NA;7,78;573758,00
Cantabria;06;2009;real;18,07;144,21;18,49;3,02;15,02;5,76;0,70;13,44;1,80;0,76;3,30;0,65;3,52;20,71;NA;NA;NA;NA;NA;9,83;577883,00
Cantabria;06;2010;real;18,41;151,77;21,18;0,59;15,84;6,20;0,68;12,89;1,70;0,77;3,26;0,66;3,40;18,77;NA;NA;NA;NA;NA;5,78;579064,00
Cantabria;06;2011;real;18,34;152,72;18,72;1,72;18,16;6,62;0,73;14,43;1,71;0,78;3,28;0,67;3,29;19,53;NA;NA;NA;NA;NA;6,72;578290,00
Cantabria;06;2012;real;18,36;149,31;17,89;1,25;11,06;5,54;0,62;10,77;1,69;0,79;3,21;0,66;3,27;13,00;NA;NA;NA;139,00;60,00;6,94;577997,00
Cantabria;06;2013;real;18,41;143,90;17,95;0,93;12,00;6,97;0,63;11,28;1,67;0,79;3,16;0,65;3,16;15,51;NA;NA;NA;101,00;72,00;6,23;588531,00
Cantabria;06;2014;real;18,07;147,89;17,19;1,86;10,10;7,85;0,66;12,06;1,76;0,78;3,23;0,66;3,24;16,04;NA;NA;NA;99,00;67,00;6,37;586237,00
Cantabria;06;2015;real;18,30;148,22;16,91;2,91;11,13;5,30;0,65;11,81;1,72;0,78;3,36;0,71;3,30;14,80;6,36;791173926,00;12443843000,00;101,00;67,00;7,55;583551,00
Cantabria;06;2016;real;18,83;160,67;19,41;2,12;11,47;6,18;0,69;12,99;1,78;0,79;3,52;0,65;3,29;15,31;6,29;807838982,00;12833899000,00;88,59;75,43;6,64;581427,00
Cantabria;06;2017;real;18,91;142,79;16,78;3,08;12,84;5,68;0,67;12,35;1,83;0,83;3,53;0,65;3,27;17,00;6,21;827085351,00;13318023000,00;85,50;77,14;8,59;581107,00
Cantabria;06;2018;real;18,72;137,49;18,51;2,45;10,27;7,76;0,66;12,15;1,89;0,80;3,62;0,77;3,28;16,71;6,16;853389380,00;13843935000,00;86,93;66,63;8,55;580971,00
Cantabria;06;2019;real;18,30;137,20;16,33;3,25;10,22;8,39;0,68;12,74;2,08;0,80;4,31;0,64;3,28;15,90;6,14;876879573,00;14274351000,00;100,51;72,80;7,72;581877,00
Cantabria;06;2020;real;17,77;127,95;14,05;3,59;10,91;6,62;0,63;11,25;2,35;0,80;4,94;0,64;3,48;15,49;7,11;923332337,00;12991241000,00;144,92;66,31;7,24;582327,00
Cantabria;06;2021;real;18,37;120,80;13,76;3,37;9,64;5,74;0,58;9,66;2,25;0,80;4,38;0,65;3,34;15,69;7,02;997231051,00;14206538000,00;146,30;70,30;9,37;583485,00
Cantabria;06;2022;real;17,64;126,49;17,66;5,56;9,70;6,64;0,69;13,11;2,20;0,79;4,12;0,69;3,25;16,06;6,58;1024213022,00;15557155000,00;153,54;91,33;6,81;586319,00
Cantabria;06;2023;real;19,66;120,54;13,89;4,92;7,03;6,99;0,62;10,84;2,26;0,79;4,16;0,70;3,11;15,66;6,46;1080659864,00;16740663000,00;173,01;89,90;6,66;589279,00
Cantabria;06;2024;proyeccion;18,82;NA;NA;NA;NA;NA;NA;NA;NA;NA;NA;NA;NA;15,73;NA;NA;NA;NA;NA;NA;NA
Cantabria;06;2024;real;NA;120,07;17,47;4,36;8,10;7,96;0,65;11,88;2,30;0,81;4,07;0,67;3,07;NA;6,52;1153704317,00;17700122000,00;150,80;76,76;5,57;591481,00
Cantabria;06;2025;proyeccion;18,82;NA;NA;NA;NA;NA;0,63;11,24;2,31;0,80;4,03;0,67;3,02;15,69;NA;NA;NA;NA;NA;7,10;NA
Cantabria;06;2025;real;NA;NA;NA;NA;NA;NA;NA;NA;NA;NA;NA;NA;NA;NA;6,66;1225308481,00;18399077585,32;137,00;61,00;NA;594803,00
Cantabria;06;2026;proyeccion;18,82;NA;NA;NA;NA;NA;0,63;11,08;2,35;0,80;4,03;0,67;2,98;15,66;6,53;NA;NA;141,08;72,88;7,10;597287,72
Castilla y León;07;1990;real;NA;3,87;40,57;8,27;30,47;11,38;0,94;21,26;NA;NA;NA;NA;NA;NA;NA;NA;NA;NA;NA;NA;2554531,00
Castilla y León;07;1991;real;NA;5,34;44,25;6,89;33,12;12,55;0,97;22,38;NA;NA;NA;NA;NA;NA;NA;NA;NA;NA;NA;NA;2543614,00
Castilla y León;07;1992;real;NA;4,79;39,75;7,48;27,66;13,12;0,92;20,58;NA;NA;NA;NA;NA;NA;NA;NA;NA;NA;NA;NA;2535612,00
Castilla y León;07;1993;real;NA;4,95;38,29;8,28;28,71;11,57;0,91;20,46;NA;NA;NA;NA;NA;NA;NA;NA;NA;NA;NA;NA;2527278,00
Castilla y León;07;1994;real;NA;5,41;41,46;6,08;24,66;11,66;0,84;17,96;NA;NA;NA;NA;NA;NA;NA;NA;NA;NA;NA;NA;2519786,00
Castilla y León;07;1995;real;NA;5,29;36,37;6,30;25,25;11,94;0,82;17,56;NA;NA;NA;NA;NA;NA;NA;NA;NA;NA;NA;NA;2511502,00
Castilla y León;07;1996;real;NA;5,78;38,00;6,75;21,83;11,30;0,80;16,80;1,37;NA;2,34;NA;4,41;NA;NA;NA;NA;NA;NA;NA;2501934,00
Castilla y León;07;1997;real;NA;5,26;36,51;5,72;21,02;11,01;0,75;15,20;1,39;NA;2,41;NA;4,40;NA;NA;NA;NA;NA;NA;9,89;2491799,00
Castilla y León;07;1998;real;NA;5,42;34,91;6,77;19,27;11,38;0,76;15,45;1,41;NA;2,40;NA;4,28;NA;NA;NA;NA;NA;NA;10,01;2480851,00
Castilla y León;07;1999;real;NA;156,74;36,08;6,15;18,90;11,84;1,04;24,76;1,44;NA;2,47;NA;4,33;NA;NA;NA;NA;NA;NA;9,47;2469759,00
Castilla y León;07;2000;real;NA;152,11;35,69;5,38;18,48;11,46;1,00;23,40;1,49;NA;2,54;NA;4,38;NA;NA;NA;NA;NA;NA;10,17;2461528,00
Castilla y León;07;2001;real;NA;148,58;32,95;5,87;18,18;9,08;0,95;21,66;1,49;NA;2,59;NA;4,37;NA;NA;NA;NA;NA;NA;10,14;2456655,00
Castilla y León;07;2002;real;NA;150,88;29,67;5,27;16,61;9,83;0,92;20,61;1,47;NA;2,63;NA;4,21;23,07;NA;NA;NA;NA;NA;10,92;2456598,00
Castilla y León;07;2003;real;NA;153,72;32,15;5,41;14,70;8,44;0,90;19,96;1,48;NA;2,68;NA;4,17;24,45;NA;NA;NA;NA;NA;11,57;2460407,00
Castilla y León;07;2004;real;NA;145,67;29,24;4,39;13,43;8,71;0,83;17,81;1,55;1,07;2,78;0,81;4,12;24,21;NA;NA;NA;NA;NA;10,65;2465737,00
Castilla y León;07;2005;real;NA;146,60;30,91;5,08;16,94;9,30;0,90;20,22;1,56;1,08;2,80;0,80;3,97;21,74;NA;NA;NA;NA;NA;10,75;2473223,00
Castilla y León;07;2006;real;19,33;148,56;27,07;4,58;14,86;8,15;0,83;17,90;1,61;1,09;2,92;0,87;3,98;20,09;NA;NA;NA;NA;NA;11,09;2479986,00
Castilla y León;07;2007;real;19,21;146,76;28,16;4,43;15,17;7,63;0,83;17,67;1,66;1,08;3,01;0,84;3,60;21,78;NA;NA;NA;NA;NA;11,39;2492034,00
Castilla y León;07;2008;real;19,22;142,27;23,71;4,46;13,80;7,62;0,78;16,15;1,67;1,09;3,05;0,86;3,57;19,69;NA;NA;NA;NA;NA;9,99;2506454,00
Castilla y León;07;2009;real;19,35;138,59;25,49;3,71;12,79;6,24;0,73;14,52;1,79;1,08;3,20;0,85;3,59;21,26;NA;NA;NA;NA;NA;12,04;2510617,00
Castilla y León;07;2010;real;19,61;134,93;23,53;5,10;11,90;6,48;0,74;14,94;1,83;1,09;3,23;0,86;3,60;20,94;NA;NA;NA;NA;NA;11,32;2495011,00
Castilla y León;07;2011;real;20,55;137,16;22,82;4,65;10,26;5,97;0,71;13,76;1,85;1,10;3,18;0,87;3,69;21,19;NA;NA;NA;NA;NA;12,68;2483838,00
Castilla y León;07;2012;real;19,65;134,20;20,45;5,20;10,26;7,03;0,72;14,20;1,89;1,10;3,21;0,87;3,62;17,86;NA;NA;NA;97,00;39,00;10,30;2468490,00
Castilla y León;07;2013;real;19,50;138,51;21,60;5,06;10,16;5,99;0,71;13,94;1,80;1,10;3,07;0,88;3,45;16,78;NA;NA;NA;84,00;46,00;11,62;2506329,00
Castilla y León;07;2014;real;19,35;132,08;21,34;5,61;10,64;6,90;0,73;14,62;1,86;1,10;3,14;0,88;3,45;18,48;NA;NA;NA;79,00;46,00;13,70;2485344,00
Castilla y León;07;2015;real;19,51;131,08;22,78;4,03;9,28;6,40;0,68;12,77;1,94;1,10;3,25;0,89;3,48;16,93;6,12;3252486438,00;53183396000,00;80,00;47,00;13,45;2464417,00
Castilla y León;07;2016;real;20,33;128,85;19,91;4,36;9,64;5,27;0,65;11,86;1,96;1,10;3,27;0,90;3,43;17,41;6,01;3285027920,00;54630532000,00;107,04;59,22;13,95;2444111,00
Castilla y León;07;2017;real;20,29;127,84;20,61;4,07;7,96;6,29;0,65;11,72;2,03;1,11;3,42;0,90;3,47;17,48;6,17;3446716392,00;55879293000,00;77,76;70,45;11,86;2423871,00
Castilla y León;07;2018;real;20,27;125,51;19,36;4,15;9,91;5,54;0,64;11,62;2,03;1,11;3,53;0,90;3,52;17,45;6,08;3544930466,00;58326859000,00;65,39;61,86;12,72;2410369,00
Castilla y León;07;2019;real;20,12;117,77;19,27;4,71;8,34;6,28;0,64;11,50;2,09;1,12;3,58;0,89;3,50;17,13;5,94;3544930466,00;59649198000,00;93,67;65,79;11,39;2402729,00
Castilla y León;07;2020;real;18,28;121,61;20,10;5,43;8,01;4,84;0,64;11,58;2,12;1,12;3,87;0,88;3,54;16,00;6,47;3544930466,00;54794589000,00;151,85;113,50;10,74;2391406,00
Castilla y León;07;2021;real;19,92;118,21;21,06;5,82;8,61;4,76;0,66;12,01;2,27;1,11;4,00;0,89;3,60;16,72;7,26;4316967631,00;59465900000,00;143,55;76,88;10,13;2047255,00
Castilla y León;07;2022;real;19,55;116,87;19,06;5,49;8,77;5,64;0,65;11,83;2,17;1,10;4,00;0,89;3,59;16,83;6,59;4316967631,00;65467208000,00;123,48;94,86;12,68;2378252,00
Castilla y León;07;2023;real;19,85;116,03;18,77;5,84;8,90;5,83;0,66;12,17;2,29;1,09;4,24;0,89;3,48;16,51;6,71;4690046743,00;69893920000,00;116,47;89,54;11,03;2383702,00
Castilla y León;07;2024;proyeccion;19,70;NA;NA;NA;NA;NA;NA;NA;NA;NA;NA;NA;NA;16,03;NA;NA;NA;NA;NA;NA;NA
Castilla y León;07;2024;real;NA;106,46;17,68;3,54;10,35;7,43;0,62;10,81;2,38;1,09;4,31;0,88;3,44;NA;6,50;4812765002,00;73992645000,00;94,76;88,94;11,71;2390573,00
Castilla y León;07;2025;proyeccion;19,70;NA;NA;NA;NA;NA;0,63;11,29;2,37;1,09;4,42;0,88;3,44;15,87;NA;NA;NA;NA;NA;11,60;NA
Castilla y León;07;2025;real;NA;NA;NA;NA;NA;NA;NA;NA;NA;NA;NA;NA;NA;NA;6,23;4812765002,00;77233592986,80;87,00;102,00;NA;2408383,00
Castilla y León;07;2026;proyeccion;19,70;NA;NA;NA;NA;NA;0,63;11,29;2,41;1,09;4,53;0,88;3,44;15,73;6,40;NA;NA;89,05;109,17;11,60;2399780,37
Castilla-La Mancha;08;1990;real;NA;2,40;46,35;11,80;43,32;16,04;1,26;31,95;NA;NA;NA;NA;NA;NA;NA;NA;NA;NA;NA;NA;1658857,00
Castilla-La Mancha;08;1991;real;NA;3,60;47,33;11,12;40,90;18,29;1,27;32,12;NA;NA;NA;NA;NA;NA;NA;NA;NA;NA;NA;NA;1662139,00
Castilla-La Mancha;08;1992;real;NA;2,96;48,67;10,92;37,67;19,39;1,25;31,73;NA;NA;NA;NA;NA;NA;NA;NA;NA;NA;NA;NA;1669966,00
Castilla-La Mancha;08;1993;real;NA;3,18;47,29;10,28;32,70;22,06;1,23;30,86;NA;NA;NA;NA;NA;NA;NA;NA;NA;NA;NA;NA;1678591,00
Castilla-La Mancha;08;1994;real;NA;3,67;44,81;11,33;31,19;19,59;1,18;29,44;NA;NA;NA;NA;NA;NA;NA;NA;NA;NA;NA;NA;1687817,00
Castilla-La Mancha;08;1995;real;NA;2,94;42,87;10,59;28,44;18,48;1,11;26,91;NA;NA;NA;NA;NA;NA;NA;NA;NA;NA;NA;NA;1697263,00
Castilla-La Mancha;08;1996;real;NA;2,97;43,35;10,64;27,25;16,55;1,07;25,58;1,10;NA;1,86;NA;3,02;NA;NA;NA;NA;NA;NA;NA;1704208,00
Castilla-La Mancha;08;1997;real;NA;3,78;44,13;9,21;27,61;16,49;1,04;24,65;1,15;NA;1,88;NA;3,04;NA;NA;NA;NA;NA;NA;10,41;1709823,00
Castilla-La Mancha;08;1998;real;NA;3,59;37,96;9,94;27,78;15,84;1,01;23,80;1,14;NA;1,91;NA;2,99;NA;NA;NA;NA;NA;NA;11,43;1716276,00
Castilla-La Mancha;08;1999;real;NA;136,22;41,77;7,40;24,66;14,60;1,17;28,98;1,20;NA;2,01;NA;2,93;NA;NA;NA;NA;NA;NA;12,02;1724184,00
Castilla-La Mancha;08;2000;real;NA;135,53;39,69;8,34;24,23;12,58;1,14;28,06;1,21;NA;2,05;NA;2,86;NA;NA;NA;NA;NA;NA;10,21;1734696,00
Castilla-La Mancha;08;2001;real;NA;138,03;38,72;7,79;26,15;11,81;1,13;27,77;1,24;NA;2,17;NA;2,80;NA;NA;NA;NA;NA;NA;11,35;1750380,00
Castilla-La Mancha;08;2002;real;NA;135,34;31,35;7,51;21,23;14,35;1,08;25,86;1,36;NA;2,31;NA;2,76;25,49;NA;NA;NA;NA;NA;11,41;1775307,00
Castilla-La Mancha;08;2003;real;NA;133,07;30,85;7,22;21,10;11,80;1,02;23,90;1,44;NA;2,40;NA;2,68;27,26;NA;NA;NA;NA;NA;14,06;1806711,00
Castilla-La Mancha;08;2004;real;NA;133,75;31,45;6,74;19,71;10,02;0,96;22,20;1,51;0,79;2,43;0,70;2,64;26,24;NA;NA;NA;NA;NA;13,26;1839900,00
Castilla-La Mancha;08;2005;real;NA;128,85;30,81;8,70;18,58;12,34;1,03;24,37;1,58;0,78;2,53;0,70;2,58;23,69;NA;NA;NA;NA;NA;16,20;1874753,00
Castilla-La Mancha;08;2006;real;17,49;123,54;28,60;6,38;16,90;7,48;0,85;18,40;1,58;0,78;2,65;0,70;2,61;21,01;NA;NA;NA;NA;NA;16,35;1909039,00
Castilla-La Mancha;08;2007;real;17,43;132,85;27,17;7,00;17,11;10,31;0,93;20,91;1,64;0,78;2,87;0,71;2,63;20,75;NA;NA;NA;NA;NA;17,07;1951388,00
Castilla-La Mancha;08;2008;real;17,33;125,16;27,08;6,93;15,51;10,57;0,90;19,97;1,76;0,81;2,84;0,73;2,63;19,76;NA;NA;NA;NA;NA;16,62;2001643,00
Castilla-La Mancha;08;2009;real;17,29;123,29;25,38;6,06;15,03;9,03;0,83;17,80;2,00;0,81;2,86;0,72;2,64;18,98;NA;NA;NA;NA;NA;15,06;2037771,00
Castilla-La Mancha;08;2010;real;17,59;122,87;22,87;6,01;13,68;8,95;0,80;16,79;1,89;0,82;3,14;0,73;2,58;18,75;NA;NA;NA;NA;NA;16,89;2039490,00
Castilla-La Mancha;08;2011;real;18,42;130,49;21,66;5,51;11,81;9,10;0,78;16,11;1,89;0,82;3,02;0,73;2,54;18,32;NA;NA;NA;NA;NA;14,84;2045429,00
Castilla-La Mancha;08;2012;real;17,83;130,20;22,49;6,16;12,15;10,29;0,82;17,56;1,77;0,82;2,86;0,74;2,31;19,57;NA;NA;NA;157,00;67,00;14,37;2043343,00
Castilla-La Mancha;08;2013;real;18,11;125,65;19,96;5,31;11,27;7,97;0,73;14,52;1,72;0,82;2,85;0,76;2,19;18,38;NA;NA;NA;167,00;70,00;12,56;2083577,00
Castilla-La Mancha;08;2014;real;18,26;121,38;21,42;6,13;10,36;8,64;0,75;15,28;1,74;0,82;2,79;0,75;2,21;18,62;NA;NA;NA;110,00;44,00;13,56;2067578,00
Castilla-La Mancha;08;2015;real;18,34;122,14;22,06;5,67;11,53;8,98;0,77;15,63;1,79;0,82;3,03;0,74;2,30;17,83;6,35;2412822220,00;37998035000,00;118,00;42,00;13,72;2054037,00
Castilla-La Mancha;08;2016;real;19,35;123,59;19,86;5,47;9,87;7,60;0,71;13,85;1,84;0,82;3,13;0,75;2,36;18,80;6,72;2630611680,00;39136242000,00;162,28;42,24;13,97;2043290,00
Castilla-La Mancha;08;2017;real;18,98;124,20;18,09;5,94;11,05;9,94;0,77;15,65;1,88;0,84;3,24;0,75;2,35;18,60;6,68;2724969590,00;40768959000,00;163,35;45,71;12,45;2034799,00
Castilla-La Mancha;08;2018;real;19,32;121,19;17,28;4,12;9,98;8,04;0,67;12,36;1,90;0,82;3,36;0,75;2,33;18,26;6,64;2809202270,00;42290925000,00;133,74;41,38;12,11;2030260,00
Castilla-La Mancha;08;2019;real;20,27;115,16;18,58;3,69;10,70;6,95;0,64;11,49;1,95;0,83;3,34;0,75;2,34;17,73;6,47;2809202270,00;43393303000,00;163,00;42,38;12,79;2038700,00
Castilla-La Mancha;08;2020;real;17,86;111,46;20,27;3,54;12,60;6,74;0,65;11,94;1,99;0,83;4,09;0,76;2,34;16,26;7,55;3040499320,00;40254360000,00;285,92;51,36;14,73;2043062,00
Castilla-La Mancha;08;2021;real;19,77;114,88;20,61;3,56;9,99;7,79;0,65;11,97;2,00;0,84;3,95;0,77;2,47;16,15;8,43;3717533530,00;44123986000,00;113,37;68,90;15,25;2379184,00
Castilla-La Mancha;08;2022;real;19,89;111,76;21,19;4,43;9,72;6,07;0,64;11,57;2,06;0,83;3,83;0,76;2,43;16,80;7,34;3673248580,00;50032018000,00;105,52;60,75;15,31;2069351,00
Castilla-La Mancha;08;2023;real;19,93;111,05;20,86;3,58;8,71;7,19;0,63;11,05;2,11;0,84;3,84;0,83;2,42;16,16;7,00;3675941730,00;52544941000,00;102,36;59,91;12,76;2089074,00
Castilla-La Mancha;08;2024;proyeccion;20,07;NA;NA;NA;NA;NA;NA;NA;NA;NA;NA;NA;NA;16,28;NA;NA;NA;NA;NA;NA;NA
Castilla-La Mancha;08;2024;real;NA;109,87;18,02;4,65;8,20;5,05;0,59;9,98;2,09;0,84;3,82;0,82;2,36;NA;7,04;3909573620,00;55559897000,00;113,21;59,88;13,77;2108763,00
Castilla-La Mancha;08;2025;proyeccion;20,24;NA;NA;NA;NA;NA;0,57;9,05;2,14;0,84;3,93;0,83;2,38;16,23;NA;NA;NA;NA;NA;13,54;NA
Castilla-La Mancha;08;2025;real;NA;NA;NA;NA;NA;NA;NA;NA;NA;NA;NA;NA;NA;NA;6,62;3834163140,00;57877789156,08;92,00;64,00;NA;2138516,00
Castilla-La Mancha;08;2026;proyeccion;20,40;NA;NA;NA;NA;NA;0,55;8,42;2,18;0,84;4,01;0,83;2,38;16,17;6,85;NA;NA;130,67;61,31;13,54;2145495,77
Cataluña;09;1990;real;NA;5,71;50,40;9,87;37,62;20,29;1,26;31,83;NA;NA;NA;NA;NA;NA;NA;NA;NA;NA;NA;NA;6057351,00
Cataluña;09;1991;real;NA;5,74;48,84;10,21;35,17;18,57;1,20;30,08;NA;NA;NA;NA;NA;NA;NA;NA;NA;NA;NA;NA;6067168,00
Cataluña;09;1992;real;NA;6,15;49,59;8,63;32,53;16,66;1,11;27,00;NA;NA;NA;NA;NA;NA;NA;NA;NA;NA;NA;NA;6081457,00
Cataluña;09;1993;real;NA;6,04;48,65;8,24;30,62;18,42;1,11;26,86;NA;NA;NA;NA;NA;NA;NA;NA;NA;NA;NA;NA;6094088,00
Cataluña;09;1994;real;NA;5,90;45,21;7,83;30,09;15,11;1,01;23,85;NA;NA;NA;NA;NA;NA;NA;NA;NA;NA;NA;NA;6102869,00
Cataluña;09;1995;real;NA;5,61;44,54;7,95;28,20;16,70;1,02;24,09;NA;NA;NA;NA;NA;NA;NA;NA;NA;NA;NA;NA;6112236,00
Cataluña;09;1996;real;NA;4,65;43,50;7,22;22,82;14,78;0,91;20,41;1,30;NA;2,42;NA;4,86;NA;NA;NA;NA;NA;NA;NA;6126745,00
Cataluña;09;1997;real;NA;5,76;41,95;7,59;23,76;14,66;0,92;20,74;1,33;NA;2,45;NA;4,73;NA;NA;NA;NA;NA;NA;4,11;6144587,00
Cataluña;09;1998;real;NA;5,86;41,00;7,75;22,41;13,92;0,89;19,86;1,32;NA;2,46;NA;4,66;NA;NA;NA;NA;NA;NA;5,10;6168342,00
Cataluña;09;1999;real;NA;167,73;40,61;7,78;23,46;17,44;1,27;32,27;1,40;NA;2,51;NA;4,69;NA;NA;NA;NA;NA;NA;5,23;6199851,00
Cataluña;09;2000;real;NA;158,48;37,35;7,36;20,24;13,80;1,13;27,65;1,44;NA;2,54;NA;4,65;NA;NA;NA;NA;NA;NA;5,98;6251210,00
Cataluña;09;2001;real;NA;163,48;36,35;7,30;21,24;11,88;1,11;26,98;1,50;NA;2,61;NA;4,57;NA;NA;NA;NA;NA;NA;5,90;6314763,00
Cataluña;09;2002;real;NA;156,48;34,13;6,69;19,02;13,65;1,08;25,90;1,69;NA;2,72;NA;4,61;24,37;NA;NA;NA;NA;NA;6,60;6418387,00
Cataluña;09;2003;real;NA;155,79;33,13;7,39;18,53;13,36;1,08;25,94;1,80;NA;2,68;NA;4,44;24,05;NA;NA;NA;NA;NA;5,08;6565154,00
Cataluña;09;2004;real;NA;154,85;30,22;6,57;16,48;11,51;0,99;22,95;1,90;0,63;2,73;0,61;4,47;24,11;NA;NA;NA;NA;NA;5,87;6710823,00
Cataluña;09;2005;real;NA;150,17;29,14;7,40;17,22;12,83;1,02;24,14;1,90;0,64;2,83;0,63;4,35;22,96;NA;NA;NA;NA;NA;5,21;6860191,00
Cataluña;09;2006;real;18,00;148,85;28,24;5,85;15,99;9,13;0,90;20,12;2,00;0,73;2,90;0,70;4,35;21,53;NA;NA;NA;NA;NA;5,53;6999900,00
Cataluña;09;2007;real;17,95;147,12;25,37;6,23;15,03;10,28;0,90;20,14;2,05;0,72;2,98;0,65;4,26;19,85;NA;NA;NA;NA;NA;6,33;7166031,00
Cataluña;09;2008;real;18,11;141,36;22,95;6,33;15,30;10,10;0,88;19,40;2,13;0,70;3,06;0,64;4,19;19,01;NA;NA;NA;NA;NA;5,08;7270468,00
Cataluña;09;2009;real;18,21;139,16;20,02;5,52;13,61;9,74;0,82;17,29;2,17;0,72;3,16;0,66;4,17;18,37;NA;NA;NA;NA;NA;6,04;7288059,00
Cataluña;09;2010;real;18,52;142,06;22,69;5,23;11,81;8,75;0,79;16,59;1,83;0,72;3,25;0,67;4,11;17,35;NA;NA;NA;NA;NA;5,26;7321095,00
Cataluña;09;2011;real;19,00;137,57;18,44;4,79;11,77;8,22;0,74;14,85;1,83;0,73;3,15;0,68;3,96;17,18;NA;NA;NA;NA;NA;5,85;7303144,00
Cataluña;09;2012;real;18,28;136,73;21,57;4,29;11,92;8,62;0,75;15,22;1,83;0,75;3,17;0,69;3,93;15,67;NA;NA;NA;NA;NA;5,98;7289809,00
Cataluña;09;2013;real;18,05;135,65;19,42;3,87;10,82;8,77;0,72;14,13;1,76;0,73;3,07;0,69;3,76;14,69;NA;NA;NA;NA;NA;5,40;7443579,00
Cataluña;09;2014;real;17,85;129,95;18,21;3,32;9,86;7,63;0,66;12,15;1,84;0,72;3,16;0,68;3,81;15,04;NA;NA;NA;NA;NA;5,35;7399605,00
Cataluña;09;2015;real;17,86;127,65;19,52;3,50;10,46;8,79;0,69;13,24;1,90;0,72;3,26;0,67;3,83;14,22;4,00;8258548090,72;206434270000,00;NA;NA;6,16;7396118,00
Cataluña;09;2016;real;18,44;126,27;16,95;4,26;10,11;8,18;0,68;12,87;1,94;0,73;3,33;0,72;3,85;14,44;3,98;8531977179,82;214502547000,00;173,00;138,00;7,25;7416534,00
Cataluña;09;2017;real;18,27;124,32;17,86;4,75;9,96;8,84;0,71;13,65;2,01;0,75;3,41;0,75;3,89;14,30;3,86;8616575864,15;223139777000,00;148,00;98,00;5,88;7453959,00
Cataluña;09;2018;real;18,30;123,87;17,01;4,24;10,05;8,09;0,67;12,63;2,06;0,76;3,45;0,72;3,88;14,03;3,73;8616575864,15;231101287000,00;151,00;91,00;6,76;7516151,00
Cataluña;09;2019;real;20,27;119,02;15,59;3,58;9,15;7,09;0,61;10,67;2,09;0,77;3,54;0,75;3,84;13,55;3,80;9134162335,42;240165818000,00;155,00;101,00;7,24;7610226,00
Cataluña;09;2020;real;18,53;116,01;15,76;3,96;9,56;5,66;0,60;10,16;2,09;0,77;3,63;0,75;3,83;11,84;4,42;9494241602,78;214857435000,00;190,00;152,00;8,22;7656842,00
Cataluña;09;2021;real;19,80;114,05;16,61;3,76;9,25;5,75;0,59;9,97;2,25;0,73;3,74;0,68;3,79;12,11;4,04;9494241602,78;234820402000,00;156,00;93,00;9,25;7662005,00
Cataluña;09;2022;real;19,74;112,09;17,44;3,24;9,34;5,80;0,58;9,62;2,33;0,76;3,88;0,76;3,79;12,56;4,00;10354756810,75;258787407000,00;154,00;94,00;9,38;7829317,00
Cataluña;09;2023;real;20,02;111,14;15,55;3,67;9,33;6,22;0,59;9,82;2,24;0,76;3,93;0,79;3,65;11,73;4,00;11335301941,00;283274025000,00;138,00;97,00;9,53;7970295,00
Cataluña;09;2024;proyeccion;19,81;NA;NA;NA;NA;NA;NA;NA;NA;NA;NA;NA;NA;11,57;NA;NA;NA;NA;NA;NA;NA
Cataluña;09;2024;real;NA;110,10;14,76;3,29;9,30;7,00;0,59;9,71;2,30;0,76;3,93;0,79;3,61;NA;3,89;11747006548,59;302303884000,00;145,00;110,00;11,19;8067989,00
Cataluña;09;2025;proyeccion;19,81;NA;NA;NA;NA;NA;0,57;9,32;2,32;0,76;4,03;0,78;3,57;11,31;NA;NA;NA;NA;NA;11,46;NA
Cataluña;09;2025;real;NA;NA;NA;NA;NA;NA;NA;NA;NA;NA;NA;NA;NA;NA;3,74;11747006548,59;314476551469,54;142,00;120,00;NA;8161273,00
Cataluña;09;2026;proyeccion;19,81;NA;NA;NA;NA;NA;0,57;9,09;2,34;0,76;4,08;0,79;3,53;11,06;3,93;NA;NA;150,49;109,26;12,19;8289100,10
Ceuta;18;1990;real;NA;7,06;105,01;22,68;85,40;22,53;2,40;69,35;NA;NA;NA;NA;NA;NA;NA;NA;NA;NA;NA;NA;66712,00
Ceuta;18;1991;real;NA;3,11;84,32;19,20;71,17;48,60;2,49;72,46;NA;NA;NA;NA;NA;NA;NA;NA;NA;NA;NA;NA;67851,00
Ceuta;18;1992;real;NA;2,56;94,34;22,75;48,61;21,22;1,95;54,59;NA;NA;NA;NA;NA;NA;NA;NA;NA;NA;NA;NA;68379,00
Ceuta;18;1993;real;NA;2,73;92,10;12,52;40,32;47,02;2,03;57,43;NA;NA;NA;NA;NA;NA;NA;NA;NA;NA;NA;NA;68919,00
Ceuta;18;1994;real;NA;9,23;88,04;20,16;47,79;23,54;1,89;52,71;NA;NA;NA;NA;NA;NA;NA;NA;NA;NA;NA;NA;69399,00
Ceuta;18;1995;real;NA;0,00;89,84;18,25;64,70;22,07;1,97;55,48;NA;NA;NA;NA;NA;NA;NA;NA;NA;NA;NA;NA;69807,00
Ceuta;18;1996;real;NA;0,00;96,21;29,51;41,65;27,54;2,16;61,76;1,57;NA;2,88;NA;3,73;NA;NA;NA;NA;NA;NA;NA;70164,00
Ceuta;18;1997;real;NA;0,00;57,14;23,28;46,38;19,33;1,69;46,25;1,45;NA;3,04;NA;3,49;NA;NA;NA;NA;NA;NA;11,24;70484,00
Ceuta;18;1998;real;NA;2,36;79,22;16,67;40,29;25,71;1,70;46,53;1,50;NA;2,77;NA;3,04;NA;NA;NA;NA;NA;NA;22,79;70772,00
Ceuta;18;1999;real;NA;170,01;71,69;12,34;35,43;26,70;1,84;51,01;1,55;NA;3,14;NA;3,24;NA;NA;NA;NA;NA;NA;19,57;71036,00
Ceuta;18;2000;real;NA;148,92;57,12;19,04;26,97;18,25;1,66;45,16;1,77;NA;3,45;NA;3,09;NA;NA;NA;NA;NA;NA;21,99;71274,00
Ceuta;18;2001;real;NA;127,97;77,79;14,32;34,73;13,39;1,61;43,46;1,71;NA;2,80;NA;3,17;NA;NA;NA;NA;NA;NA;21,47;71509,00
Ceuta;18;2002;real;NA;177,34;61,23;20,67;34,21;17,47;1,84;50,96;1,76;NA;2,87;NA;3,22;NA;NA;NA;NA;NA;NA;13,97;71474,00
Ceuta;18;2003;real;NA;154,53;49,81;22,72;26,58;26,86;1,87;51,98;1,76;NA;2,93;NA;3,19;NA;NA;NA;NA;NA;NA;20,72;71414,00
Ceuta;18;2004;real;NA;148,63;47,48;25,95;23,51;12,11;1,64;44,61;1,75;0,62;2,81;0,54;2,59;NA;NA;NA;NA;NA;NA;15,44;71405,00
Ceuta;18;2005;real;NA;141,70;54,87;27,69;25,94;23,07;1,93;53,94;1,74;0,63;2,84;0,54;2,59;NA;NA;NA;NA;NA;NA;14,39;71383,00
Ceuta;18;2006;real;13,08;159,85;52,01;12,93;27,09;14,85;1,44;37,91;1,69;0,65;3,61;0,53;2,54;NA;NA;NA;NA;NA;NA;20,80;71539,00
Ceuta;18;2007;real;13,11;126,06;38,23;22,24;33,19;17,51;1,64;44,53;1,80;0,66;2,91;0,56;2,53;NA;NA;NA;NA;NA;NA;13,79;71797,00
Ceuta;18;2008;real;13,48;143,72;45,28;25,52;25,75;11,72;1,63;44,04;1,81;0,66;2,90;0,55;2,72;NA;NA;NA;NA;NA;NA;15,38;72353,00
Ceuta;18;2009;real;13,67;151,17;47,42;14,15;16,80;18,54;1,39;36,30;1,93;0,63;3,10;0,53;2,55;NA;NA;NA;NA;NA;NA;9,02;72596,00
Ceuta;18;2010;real;13,76;140,33;38,13;16,19;17,40;26,92;1,52;40,54;1,50;0,67;2,82;0,56;2,33;NA;NA;NA;NA;NA;NA;11,19;75419,00
Ceuta;18;2011;real;15,27;127,13;35,98;17,56;32,29;6,09;1,31;33,54;1,57;0,65;2,74;0,54;2,34;NA;NA;NA;NA;NA;NA;13,79;76644,00
Ceuta;18;2012;real;15,29;122,10;37,93;31,05;21,69;8,78;1,60;43,01;1,53;0,65;2,72;0,53;2,35;NA;NA;NA;NA;36,00;30,00;15,08;77325,00
Ceuta;18;2013;real;16,41;142,38;33,85;7,92;14,94;10,34;0,98;22,82;1,39;0,64;2,51;0,52;2,13;NA;NA;NA;NA;29,00;30,00;6,52;84499,00
Ceuta;18;2014;real;17,59;126,76;29,31;17,18;8,88;11,47;1,12;27,47;1,47;0,63;2,53;0,51;2,13;NA;NA;NA;NA;30,00;30,00;3,70;84616,00
Ceuta;18;2015;real;17,55;134,74;23,57;7,50;12,61;6,23;0,81;17,04;1,74;0,63;2,51;0,51;2,11;NA;NA;NA;NA;28,00;31,00;12,50;84489,00
Ceuta;18;2016;real;17,72;139,29;38,64;15,79;18,26;12,85;1,28;32,60;1,43;0,62;2,51;0,51;2,10;NA;NA;NA;NA;37,10;37,79;8,55;84724,00
Ceuta;18;2017;real;17,47;152,19;46,21;12,01;17,34;9,63;1,19;29,52;1,59;0,63;2,82;0,51;2,08;NA;NA;NA;NA;74,98;36,72;11,45;85016,00
Ceuta;18;2018;real;17,72;130,86;21,21;7,21;19,87;4,94;0,83;17,73;1,66;0,62;2,79;0,51;2,08;NA;NA;NA;NA;81,05;30,56;14,71;84949,00
Ceuta;18;2019;real;14,51;127,58;26,57;3,49;21,59;15,68;0,96;21,98;1,48;0,63;2,66;0,51;2,12;NA;NA;NA;NA;91,92;39,31;12,30;84469,00
Ceuta;18;2020;real;13,09;132,25;47,14;21,83;15,79;15,48;1,49;39,47;1,67;0,64;3,29;0,52;2,07;NA;NA;NA;NA;126,36;16,61;12,50;83959,00
Ceuta;18;2021;real;13,16;143,29;32,43;13,16;24,10;14,59;1,27;32,36;1,59;0,64;3,36;0,55;2,05;NA;NA;NA;NA;126,36;31,25;12,24;82838,00
Ceuta;18;2022;real;13,56;107,22;49,36;13,75;11,82;14,11;1,19;29,48;1,73;0,65;3,65;0,55;2,02;NA;NA;NA;NA;82,22;44,44;13,67;82792,00
Ceuta;18;2023;real;15,84;102,94;36,55;8,92;13,10;1,30;0,78;16,01;1,63;0,65;3,50;0,56;2,03;NA;NA;NA;NA;124,09;57,93;10,53;82831,00
Ceuta;18;2024;proyeccion;15,09;NA;NA;NA;NA;NA;NA;NA;NA;NA;NA;NA;NA;NA;NA;NA;NA;NA;NA;NA;NA
Ceuta;18;2024;real;NA;100,36;19,06;6,54;14,84;15,14;0,87;18,98;1,64;0,65;3,16;0,56;1,97;NA;NA;NA;NA;82,73;82,80;11,82;83341,00
Ceuta;18;2025;proyeccion;15,09;NA;NA;NA;NA;NA;0,84;18,23;1,64;0,65;3,30;0,56;1,95;NA;NA;NA;NA;NA;NA;12,00;NA
Ceuta;18;2025;real;NA;NA;NA;NA;NA;NA;NA;NA;NA;NA;NA;NA;NA;NA;NA;NA;NA;94,00;72,00;NA;83792,00
Ceuta;18;2026;proyeccion;15,09;NA;NA;NA;NA;NA;0,81;16,99;1,64;0,65;3,30;0,56;1,94;NA;NA;NA;NA;92,21;75,14;11,99;83841,45
Comunidad Foral de Navarra;15;1990;real;NA;3,82;40,36;8,25;32,76;19,45;1,09;26,47;NA;NA;NA;NA;NA;NA;NA;NA;NA;NA;NA;NA;519300,00
Comunidad Foral de Navarra;15;1991;real;NA;6,43;41,65;11,76;29,29;17,19;1,12;27,44;NA;NA;NA;NA;NA;NA;NA;NA;NA;NA;NA;NA;520842,00
Comunidad Foral de Navarra;15;1992;real;NA;5,35;43,06;6,64;24,90;15,50;0,93;20,97;NA;NA;NA;NA;NA;NA;NA;NA;NA;NA;NA;NA;523618,00
Comunidad Foral de Navarra;15;1993;real;NA;5,77;42,33;9,09;24,73;19,41;1,05;25,06;NA;NA;NA;NA;NA;NA;NA;NA;NA;NA;NA;NA;526378,00
Comunidad Foral de Navarra;15;1994;real;NA;4,91;41,95;9,96;24,79;15,35;1,00;23,40;NA;NA;NA;NA;NA;NA;NA;NA;NA;NA;NA;NA;529366,00
Comunidad Foral de Navarra;15;1995;real;NA;4,39;44,81;5,74;21,73;12,39;0,83;17,70;NA;NA;NA;NA;NA;NA;NA;NA;NA;NA;NA;NA;532486,00
Comunidad Foral de Navarra;15;1996;real;NA;6,56;47,88;5,67;22,80;12,68;0,86;18,85;1,59;NA;3,61;NA;4,81;NA;NA;NA;NA;NA;NA;NA;535325,00
Comunidad Foral de Navarra;15;1997;real;NA;3,65;46,82;5,58;21,09;12,23;0,82;17,60;1,62;NA;3,70;NA;4,85;NA;NA;NA;NA;NA;NA;7,98;537963,00
Comunidad Foral de Navarra;15;1998;real;NA;4,90;41,18;5,64;19,42;14,28;0,82;17,30;1,69;NA;3,75;NA;4,67;NA;NA;NA;NA;NA;NA;10,14;540950,00
Comunidad Foral de Navarra;15;1999;real;NA;155,91;37,66;5,56;16,84;12,46;1,02;24,19;1,83;NA;3,94;NA;4,28;NA;NA;NA;NA;NA;NA;5,85;544682,00
Comunidad Foral de Navarra;15;2000;real;NA;163,68;36,87;6,44;15,87;10,89;1,02;24,08;1,91;NA;4,11;NA;4,21;NA;NA;NA;NA;NA;NA;8,06;549105,00
Comunidad Foral de Navarra;15;2001;real;NA;158,28;37,26;6,74;18,71;8,50;1,01;23,63;1,99;NA;4,04;NA;4,15;NA;NA;NA;NA;NA;NA;8,23;553696,00
Comunidad Foral de Navarra;15;2002;real;NA;153,79;37,85;4,46;15,51;7,91;0,90;20,19;2,02;NA;4,00;NA;4,03;18,95;NA;NA;NA;NA;NA;7,02;560235,00
Comunidad Foral de Navarra;15;2003;real;NA;140,15;35,37;6,94;14,51;9,80;0,95;21,70;2,07;NA;4,03;NA;3,93;19,59;NA;NA;NA;NA;NA;6,01;568823,00
Comunidad Foral de Navarra;15;2004;real;NA;138,24;30,07;6,15;13,59;9,21;0,88;19,31;2,10;0,75;4,02;0,70;3,90;19,25;NA;NA;NA;NA;NA;7,57;576837,00
Comunidad Foral de Navarra;15;2005;real;NA;137,96;28,03;5,68;15,64;9,10;0,87;19,12;2,13;0,74;4,10;0,69;3,85;19,57;NA;NA;NA;NA;NA;6,22;584457,00
Comunidad Foral de Navarra;15;2006;real;17,52;137,33;26,39;4,91;16,63;8,26;0,84;17,98;2,15;0,75;4,25;0,70;3,60;19,27;NA;NA;NA;NA;NA;8,04;591859,00
Comunidad Foral de Navarra;15;2007;real;17,43;144,54;24,97;6,65;9,93;9,89;0,85;18,39;2,22;0,77;4,35;0,70;3,86;18,41;NA;NA;NA;NA;NA;5,91;600646,00
Comunidad Foral de Navarra;15;2008;real;17,62;134,11;24,16;6,47;12,46;7,11;0,80;16,69;2,27;0,75;4,34;0,71;3,86;17,67;NA;NA;NA;NA;NA;7,33;610384,00
Comunidad Foral de Navarra;15;2009;real;18,15;138,52;20,88;3,46;12,73;7,17;0,71;13,96;2,39;0,75;4,66;0,71;3,84;18,20;NA;NA;NA;NA;NA;5,93;616901,00
Comunidad Foral de Navarra;15;2010;real;18,56;118,86;18,31;6,43;12,43;7,51;0,74;14,84;2,55;0,76;4,93;0,72;3,82;16,62;NA;NA;NA;NA;NA;3,61;620674,00
Comunidad Foral de Navarra;15;2011;real;19,89;142,36;19,15;4,58;12,76;7,58;0,75;15,06;2,35;0,77;4,47;0,72;3,82;15,77;NA;NA;NA;NA;NA;4,03;622788,00
Comunidad Foral de Navarra;15;2012;real;18,81;131,69;20,78;3,64;8,60;4,59;0,62;10,88;2,28;0,77;4,32;0,73;3,54;14,89;NA;NA;NA;134,00;62,00;6,58;623514,00
Comunidad Foral de Navarra;15;2013;real;18,90;134,67;19,11;2,46;9,26;7,89;0,65;11,83;2,34;0,77;4,24;0,73;3,40;14,00;NA;NA;NA;125,00;115,00;6,33;637025,00
Comunidad Foral de Navarra;15;2014;real;18,90;142,87;18,79;5,20;10,07;7,52;0,74;14,65;2,39;0,80;4,22;0,75;3,37;14,29;NA;NA;NA;102,00;95,00;6,52;636004,00
Comunidad Foral de Navarra;15;2015;real;18,98;119,43;19,76;5,23;11,72;6,68;0,70;13,44;2,33;0,80;4,22;0,75;3,33;13,93;4,94;904884244,00;18334417000,00;100,00;85,00;6,99;636258,00
Comunidad Foral de Navarra;15;2016;real;19,42;122,35;15,82;6,33;8,98;8,29;0,71;13,84;2,52;0,79;4,43;0,79;3,33;14,88;5,03;950290485,00;18911331000,00;100,00;47,00;7,39;638214,00
Comunidad Foral de Navarra;15;2017;real;19,29;127,25;19,79;5,11;10,76;8,92;0,74;14,78;2,60;0,80;4,70;0,79;3,32;14,21;5,11;1006123754,00;19698794000,00;73,17;67,45;6,55;641346,00
Comunidad Foral de Navarra;15;2018;real;19,54;112,65;14,46;2,87;11,37;5,47;0,57;9,27;2,53;0,80;4,63;0,79;3,31;14,04;5,06;1024602853,00;20235995000,00;77,00;62,00;6,72;646148,00
Comunidad Foral de Navarra;15;2019;real;19,63;116,37;16,79;3,63;7,82;7,43;0,61;10,53;2,50;0,80;5,10;0,79;3,36;13,50;4,97;1047750152,00;21070268000,00;80,00;78,00;6,89;652561,00
Comunidad Foral de Navarra;15;2020;real;18,27;117,34;14,99;3,84;8,12;7,20;0,61;10,40;2,50;0,80;6,87;0,81;3,43;12,22;5,86;1122231413,00;19160726000,00;93,00;112,00;7,57;657203,00
Comunidad Foral de Navarra;15;2021;real;19,57;115,32;16,81;3,91;9,38;6,03;0,61;10,41;2,51;0,81;6,88;0,81;3,35;12,41;5,82;1211356190,00;20821017000,00;82,00;109,00;7,14;656830,00
Comunidad Foral de Navarra;15;2022;real;18,86;107,89;16,25;3,23;9,90;7,52;0,60;10,28;2,56;0,86;6,91;0,83;3,26;12,49;5,25;1217768301,00;23204474000,00;85,00;99,00;8,04;667958,00
Comunidad Foral de Navarra;15;2023;real;19,74;101,18;16,51;3,44;9,57;6,46;0,58;9,38;2,65;0,80;5,57;0,82;3,24;12,02;5,15;1285836840,00;24975376000,00;94,00;114,00;7,28;674796,00
Comunidad Foral de Navarra;15;2024;proyeccion;19,46;NA;NA;NA;NA;NA;NA;NA;NA;NA;NA;NA;NA;11,84;NA;NA;NA;NA;NA;NA;NA
Comunidad Foral de Navarra;15;2024;real;NA;114,55;16,34;3,85;9,06;7,23;0,62;10,80;2,88;0,79;5,94;0,93;3,17;NA;5,32;1415375379,00;26619297000,00;94,00;154,00;7,00;680505,00
Comunidad Foral de Navarra;15;2025;proyeccion;19,47;NA;NA;NA;NA;NA;0,58;9,62;2,83;0,82;5,75;0,89;3,17;11,61;NA;NA;NA;NA;NA;7,14;NA
Comunidad Foral de Navarra;15;2025;real;NA;NA;NA;NA;NA;NA;NA;NA;NA;NA;NA;NA;NA;NA;5,27;1460097315,00;27727717738,53;96,00;152,00;NA;686508,00
Comunidad Foral de Navarra;15;2026;proyeccion;19,47;NA;NA;NA;NA;NA;0,58;9,42;2,87;0,82;5,75;0,91;3,16;11,37;5,26;NA;NA;95,10;148,01;7,14;693613,11
Comunidad Valenciana;10;1990;real;NA;4,65;65,40;15,11;48,75;23,12;1,63;44,10;NA;NA;NA;NA;NA;NA;NA;NA;NA;NA;NA;NA;3848229,00
Comunidad Valenciana;10;1991;real;NA;5,24;64,69;13,84;45,27;20,62;1,52;40,42;NA;NA;NA;NA;NA;NA;NA;NA;NA;NA;NA;NA;3863453,00
Comunidad Valenciana;10;1992;real;NA;5,48;62,45;13,01;44,52;19,13;1,45;38,24;NA;NA;NA;NA;NA;NA;NA;NA;NA;NA;NA;NA;3875734,00
Comunidad Valenciana;10;1993;real;NA;4,98;63,95;12,74;39,30;19,42;1,41;36,74;NA;NA;NA;NA;NA;NA;NA;NA;NA;NA;NA;NA;3887772,00
Comunidad Valenciana;10;1994;real;NA;5,34;60,82;12,89;40,83;17,96;1,38;35,99;NA;NA;NA;NA;NA;NA;NA;NA;NA;NA;NA;NA;3899416,00
Comunidad Valenciana;10;1995;real;NA;4,83;57,53;12,35;35,47;17,90;1,30;33,13;NA;NA;NA;NA;NA;NA;NA;NA;NA;NA;NA;NA;3910988,00
Comunidad Valenciana;10;1996;real;NA;4,58;61,13;11,09;35,22;18,58;1,29;33,03;1,24;NA;2,26;NA;3,00;NA;NA;NA;NA;NA;NA;NA;3922344,00
Comunidad Valenciana;10;1997;real;NA;5,58;59,37;9,56;31,40;18,19;1,20;30,03;1,24;NA;2,30;NA;2,92;NA;NA;NA;NA;NA;NA;10,57;3935217,00
Comunidad Valenciana;10;1998;real;NA;4,10;55,92;11,30;30,91;17,98;1,22;30,49;1,31;NA;2,37;NA;2,94;NA;NA;NA;NA;NA;NA;10,35;3954648,00
Comunidad Valenciana;10;1999;real;NA;163,58;57,80;9,72;29,86;18,66;1,49;39,54;1,40;NA;2,44;NA;2,93;NA;NA;NA;NA;NA;NA;11,03;3988368,00
Comunidad Valenciana;10;2000;real;NA;161,28;54,14;8,18;27,14;14,67;1,33;34,31;1,43;NA;2,50;NA;2,82;NA;NA;NA;NA;NA;NA;11,09;4041673,00
Comunidad Valenciana;10;2001;real;NA;161,06;50,99;8,49;27,53;12,51;1,29;32,89;1,45;NA;2,52;NA;2,71;NA;NA;NA;NA;NA;NA;9,93;4118229,00
Comunidad Valenciana;10;2002;real;NA;153,01;47,59;8,89;24,31;15,65;1,29;32,83;1,48;NA;2,55;NA;2,68;28,43;NA;NA;NA;NA;NA;10,23;4223203,00
Comunidad Valenciana;10;2003;real;NA;154,67;48,48;8,73;24,28;12,91;1,24;31,41;1,48;NA;2,54;NA;2,60;28,13;NA;NA;NA;NA;NA;10,92;4341845,00
Comunidad Valenciana;10;2004;real;NA;149,97;43,93;8,12;23,39;10,92;1,15;28,37;1,45;0,70;2,54;0,54;2,58;28,05;NA;NA;NA;NA;NA;10,18;4459265,00
Comunidad Valenciana;10;2005;real;NA;150,19;44,00;7,47;21,02;12,74;1,14;28,10;1,45;0,70;2,49;0,53;2,51;26,91;NA;NA;NA;NA;NA;9,48;4579713,00
Comunidad Valenciana;10;2006;real;16,70;140,62;40,96;6,82;19,68;9,92;1,03;24,38;1,43;0,68;2,53;0,62;2,49;26,46;NA;NA;NA;NA;NA;9,41;4693379,00
Comunidad Valenciana;10;2007;real;16,73;139,71;39,36;7,00;19,62;10,99;1,04;24,77;1,55;0,69;2,57;0,56;2,52;25,66;NA;NA;NA;NA;NA;9,44;4824568,00
Comunidad Valenciana;10;2008;real;16,59;140,77;36,24;6,17;17,28;9,92;0,96;22,21;1,59;0,70;2,57;0,52;2,44;25,57;NA;NA;NA;NA;NA;10,25;4950566,00
Comunidad Valenciana;10;2009;real;16,39;137,23;34,88;6,62;16,64;9,91;0,96;21,90;1,64;0,70;2,64;0,56;2,43;25,23;NA;NA;NA;NA;NA;9,57;5019136,00
Comunidad Valenciana;10;2010;real;16,62;139,00;32,19;4,75;15,48;9,03;0,87;19,08;1,65;0,72;2,66;0,58;2,46;23,58;NA;NA;NA;NA;NA;9,65;4990631,00
Comunidad Valenciana;10;2011;real;18,45;139,44;31,74;4,48;14,57;9,07;0,85;18,53;1,64;0,71;2,65;0,57;2,39;22,20;NA;NA;NA;NA;NA;9,68;5001234,00
Comunidad Valenciana;10;2012;real;17,44;133,15;30,83;4,27;14,11;9,00;0,82;17,60;1,67;0,75;2,64;0,56;2,32;21,80;NA;NA;NA;83,00;NA;9,12;5011414,00
Comunidad Valenciana;10;2013;real;17,88;136,52;28,67;4,38;13,29;9,00;0,81;17,25;1,64;0,74;2,64;0,65;2,33;20,40;NA;NA;NA;68,00;NA;9,15;4967025,00
Comunidad Valenciana;10;2014;real;18,15;133,81;27,84;4,49;13,77;7,82;0,79;16,50;1,68;0,75;2,73;0,67;2,35;19,79;NA;NA;NA;60,00;NA;8,44;4947346,00
Comunidad Valenciana;10;2015;real;18,27;132,40;27,84;3,79;13,15;9,54;0,79;16,59;1,78;0,71;2,80;0,63;2,36;18,59;5,41;5480479460,00;101214206000,00;67,00;NA;9,35;4931279,00
Comunidad Valenciana;10;2016;real;19,20;133,00;25,67;3,91;13,38;7,55;0,76;15,30;1,82;0,72;2,81;0,62;2,36;20,28;5,66;5896703080,00;104205396000,00;88,00;48,00;9,23;4927906,00
Comunidad Valenciana;10;2017;real;18,97;128,70;23,29;4,27;12,82;7,92;0,74;14,92;1,82;0,76;2,84;0,62;2,37;20,21;5,59;6072586120,00;108666712000,00;82,00;51,00;9,10;4932303,00
Comunidad Valenciana;10;2018;real;18,93;126,29;22,16;4,85;12,98;7,96;0,75;15,11;1,88;0,76;2,91;0,62;2,37;20,01;5,66;6378603750,00;112749574000,00;92,00;54,00;9,69;4948458,00
Comunidad Valenciana;10;2019;real;18,48;123,27;21,44;4,87;11,70;8,53;0,74;14,72;1,89;0,79;2,91;0,63;2,32;19,35;5,68;6624076700,00;116588528000,00;90,00;57,00;10,08;4999621,00
Comunidad Valenciana;10;2020;real;17,97;123,93;23,28;5,85;11,71;7,33;0,75;15,26;1,99;0,79;3,21;0,62;2,39;17,99;6,37;6753056640,00;106067171000,00;125,35;96,95;10,74;5037048,00
Comunidad Valenciana;10;2021;real;17,84;122,00;26,05;4,92;12,69;6,58;0,74;14,75;2,09;0,78;3,34;0,63;2,39;17,68;6,46;7516686070,00;116386906000,00;100,44;95,23;10,97;5052186,00
Comunidad Valenciana;10;2022;real;17,97;122,09;24,06;5,53;12,32;7,02;0,75;15,04;2,11;0,82;3,39;0,73;2,32;17,95;6,13;7824377320,00;127583394000,00;88,41;87,00;11,09;5158046,00
Comunidad Valenciana;10;2023;real;19,70;116,98;25,58;4,43;11,63;7,47;0,72;14,11;2,08;0,82;3,32;0,75;2,20;16,85;5,90;8244060650,00;139655905000,00;88,18;93,00;10,99;5268012,00
Comunidad Valenciana;10;2024;proyeccion;18,93;NA;NA;NA;NA;NA;NA;NA;NA;NA;NA;NA;NA;16,48;NA;NA;NA;NA;NA;NA;NA
Comunidad Valenciana;10;2024;real;NA;111,89;21,85;3,60;10,59;7,17;0,65;11,90;2,13;0,81;3,49;0,83;2,20;NA;5,72;8484087430,00;148283453000,00;93,00;93,00;10,28;5360637,00
Comunidad Valenciana;10;2025;proyeccion;18,93;NA;NA;NA;NA;NA;0,65;11,86;2,15;0,82;3,51;0,82;2,15;15,94;NA;NA;NA;NA;NA;10,54;NA
Comunidad Valenciana;10;2025;real;NA;NA;NA;NA;NA;NA;NA;NA;NA;NA;NA;NA;NA;NA;5,82;8994839160,00;154631870325,76;88,00;95,00;NA;5477618,00
Comunidad Valenciana;10;2026;proyeccion;18,94;NA;NA;NA;NA;NA;0,63;11,13;2,18;0,83;3,57;0,82;2,12;15,39;5,76;NA;NA;90,51;94,87;10,54;5584503,05
Comunidad de Madrid;13;1990;real;NA;4,47;42,58;7,34;29,98;10,43;0,90;20,19;NA;NA;NA;NA;NA;NA;NA;NA;NA;NA;NA;NA;4939272,00
Comunidad de Madrid;13;1991;real;NA;4,79;43,70;6,81;29,37;10,14;0,89;19,62;NA;NA;NA;NA;NA;NA;NA;NA;NA;NA;NA;NA;4960060,00
Comunidad de Madrid;13;1992;real;NA;4,88;40,47;5,93;25,23;10,75;0,82;17,30;NA;NA;NA;NA;NA;NA;NA;NA;NA;NA;NA;NA;4987690,00
Comunidad de Madrid;13;1993;real;NA;5,07;41,83;6,12;23,91;10,06;0,80;16,91;NA;NA;NA;NA;NA;NA;NA;NA;NA;NA;NA;NA;5013251,00
Comunidad de Madrid;13;1994;real;NA;5,13;38,20;5,76;22,28;10,61;0,77;15,72;NA;NA;NA;NA;NA;NA;NA;NA;NA;NA;NA;NA;5031896,00
Comunidad de Madrid;13;1995;real;NA;4,97;38,83;6,28;22,29;12,44;0,82;17,30;NA;NA;NA;NA;NA;NA;NA;NA;NA;NA;NA;NA;5047413,00
Comunidad de Madrid;13;1996;real;NA;5,36;38,15;6,13;20,22;11,07;0,77;15,64;1,56;NA;2,82;NA;4,01;NA;NA;NA;NA;NA;NA;NA;5065279,00
Comunidad de Madrid;13;1997;real;NA;5,14;34,79;5,55;18,59;11,69;0,73;14,34;1,61;NA;2,86;NA;3,92;NA;NA;NA;NA;NA;NA;8,52;5085500,00
Comunidad de Madrid;13;1998;real;NA;4,05;35,37;5,24;18,52;12,35;0,73;14,48;1,63;NA;2,92;NA;3,82;NA;NA;NA;NA;NA;NA;9,42;5112133,00
Comunidad de Madrid;13;1999;real;NA;154,98;36,02;4,72;17,16;12,55;1,00;23,28;1,65;NA;2,87;NA;3,73;NA;NA;NA;NA;NA;NA;9,27;5157240,00
Comunidad de Madrid;13;2000;real;NA;156,33;33,39;4,54;16,60;10,57;0,94;21,44;1,64;NA;2,86;NA;3,58;NA;NA;NA;NA;NA;NA;9,69;5230106,00
Comunidad de Madrid;13;2001;real;NA;153,76;32,24;3,97;15,69;9,72;0,89;19,81;1,59;NA;2,80;NA;3,40;NA;NA;NA;NA;NA;NA;10,83;5350260,00
Comunidad de Madrid;13;2002;real;NA;145,71;31,20;4,23;15,55;9,17;0,87;18,98;1,57;NA;2,80;NA;3,31;18,72;NA;NA;NA;NA;NA;11,28;5499822,00
Comunidad de Madrid;13;2003;real;NA;148,59;30,71;3,72;16,10;9,92;0,87;19,25;1,55;NA;2,86;NA;3,23;19,36;NA;NA;NA;NA;NA;11,24;5639466,00
Comunidad de Madrid;13;2004;real;NA;141,38;28,82;3,25;14,27;7,74;0,78;16,24;1,57;0,65;2,98;0,51;3,14;18,43;NA;NA;NA;NA;NA;10,42;5763371,00
Comunidad de Madrid;13;2005;real;NA;141,23;26,41;3,77;13,53;8,04;0,78;16,15;1,61;0,64;3,00;0,51;3,18;17,97;NA;NA;NA;NA;NA;10,75;5879766,00
Comunidad de Madrid;13;2006;real;19,00;139,76;25,14;2,89;13,21;6,80;0,72;14,29;1,67;0,65;3,08;0,50;3,14;18,07;NA;NA;NA;NA;NA;9,85;5987174,00
Comunidad de Madrid;13;2007;real;19,02;135,13;24,57;2,75;12,09;6,59;0,69;13,29;1,73;0,68;3,15;0,51;3,08;17,45;NA;NA;NA;NA;NA;10,18;6112078,00
Comunidad de Madrid;13;2008;real;18,48;131,60;22,16;2,46;11,45;7,63;0,68;12,77;1,90;0,69;3,35;0,51;3,10;16,69;NA;NA;NA;NA;NA;9,86;6245883,00
Comunidad de Madrid;13;2009;real;17,84;130,82;21,47;2,51;9,49;7,64;0,66;12,01;1,92;0,69;3,39;0,51;3,03;16,34;NA;NA;NA;NA;NA;9,80;6300460,00
Comunidad de Madrid;13;2010;real;18,16;124,68;19,02;2,03;9,37;6,52;0,60;10,10;1,89;0,69;3,36;0,52;2,96;17,90;NA;NA;NA;NA;NA;9,86;6358587,00
Comunidad de Madrid;13;2011;real;20,43;122,10;17,39;2,78;8,26;6,65;0,59;9,99;1,98;0,69;3,45;0,52;2,95;14,83;NA;NA;NA;NA;NA;9,77;6371567,00
Comunidad de Madrid;13;2012;real;19,08;123,09;15,30;2,02;7,77;5,81;0,55;8,40;2,02;0,70;3,32;0,52;2,89;14,66;NA;NA;NA;36,00;36,00;9,52;6406528,00
Comunidad de Madrid;13;2013;real;19,49;117,89;17,71;2,24;7,53;5,42;0,55;8,40;1,94;0,69;3,24;0,51;2,86;15,47;NA;NA;NA;39,00;NA;11,01;6392715,00
Comunidad de Madrid;13;2014;real;19,87;116,91;17,93;2,15;7,78;4,99;0,54;8,14;2,00;0,68;3,32;0,51;2,86;14,99;NA;NA;NA;36,00;NA;9,99;6376752,00
Comunidad de Madrid;13;2015;real;19,42;112,92;16,77;2,37;8,40;6,60;0,56;8,97;2,04;0,68;3,34;0,50;2,75;14,55;3,49;7191837009,00;206231525000,00;43,00;36,00;9,96;6401164,00
Comunidad de Madrid;13;2016;real;20,00;112,09;16,65;1,84;7,88;6,03;0,53;7,96;2,13;0,68;3,45;0,50;2,77;15,26;3,46;7415379241,00;214469101000,00;55,37;42,05;10,40;6445564,00
Comunidad de Madrid;13;2017;real;19,85;113,25;16,33;2,20;7,39;6,45;0,54;8,36;2,14;0,68;3,62;0,50;2,76;15,49;3,39;7599708222,00;224373156000,00;51,41;37,14;12,15;6506437,00
Comunidad de Madrid;13;2018;real;20,15;108,03;16,54;1,66;6,60;5,67;0,50;6,92;2,23;0,68;3,57;0,49;2,74;15,50;3,35;7828244717,00;233735808000,00;50,19;38,70;12,21;6586681,00
Comunidad de Madrid;13;2019;real;19,51;109,01;15,45;1,43;7,19;5,46;0,49;6,66;2,24;0,68;3,60;0,50;2,73;14,90;3,31;8066704298,00;243889359000,00;51,66;40,30;11,93;6686513,00
Comunidad de Madrid;13;2020;real;17,05;100,25;15,99;2,10;7,86;5,67;0,51;7,11;2,30;0,69;4,00;0,50;2,73;13,54;3,65;8066704298,00;221061932000,00;79,94;40,60;10,95;6757042,00
Comunidad de Madrid;13;2021;real;19,25;97,69;15,50;1,52;7,39;4,70;0,46;5,68;2,38;0,68;4,10;0,51;2,70;14,36;3,36;8066704298,00;239837609000,00;73,40;56,21;10,34;6738361,00
Comunidad de Madrid;13;2022;real;19,19;99,17;15,25;1,34;7,36;5,53;0,47;6,02;2,39;0,69;3,84;0,51;2,64;14,10;3,28;8759661476,00;267171570000,00;63,44;75,41;10,94;6824710,00
Comunidad de Madrid;13;2023;real;21,76;98,21;16,03;1,39;6,75;6,18;0,48;6,33;2,37;0,72;3,80;0,51;2,59;13,67;2,96;8759661476,00;295939562000,00;50,65;66,77;10,00;6917111,00
Comunidad de Madrid;13;2024;proyeccion;19,56;NA;NA;NA;NA;NA;NA;NA;NA;NA;NA;NA;NA;13,75;NA;NA;NA;NA;NA;NA;NA
Comunidad de Madrid;13;2024;real;NA;93,36;14,76;1,33;7,41;5,13;0,45;5,35;2,47;0,71;3,89;0,50;2,54;NA;3,23;10211960772,00;316193370000,00;48,09;71,59;10,72;7056184,00
Comunidad de Madrid;13;2025;proyeccion;19,56;NA;NA;NA;NA;NA;0,46;5,63;2,47;0,72;3,84;0,51;2,53;13,64;NA;NA;NA;NA;NA;10,57;NA
Comunidad de Madrid;13;2025;real;NA;NA;NA;NA;NA;NA;NA;NA;NA;NA;NA;NA;NA;NA;3,19;10542858597,00;330794990991,15;50,00;68,00;NA;7148686,00
Comunidad de Madrid;13;2026;proyeccion;19,56;NA;NA;NA;NA;NA;0,46;5,59;2,50;0,72;3,85;0,51;2,51;13,53;3,20;NA;NA;48,22;69,16;10,57;7261300,18
Extremadura;11;1990;real;NA;3,58;62,59;16,06;45,86;15,69;1,48;39,20;NA;NA;NA;NA;NA;NA;NA;NA;NA;NA;NA;NA;1064177,00
Extremadura;11;1991;real;NA;5,10;69,35;13,63;51,20;18,38;1,56;41,74;NA;NA;NA;NA;NA;NA;NA;NA;NA;NA;NA;NA;1061901,00
Extremadura;11;1992;real;NA;4,15;67,42;12,47;46,74;16,30;1,44;37,75;NA;NA;NA;NA;NA;NA;NA;NA;NA;NA;NA;NA;1061888,00
Extremadura;11;1993;real;NA;5,61;72,14;16,38;45,70;20,16;1,62;43,81;NA;NA;NA;NA;NA;NA;NA;NA;NA;NA;NA;NA;1062565,00
Extremadura;11;1994;real;NA;3,87;59,95;13,66;43,01;16,42;1,39;36,22;NA;NA;NA;NA;NA;NA;NA;NA;NA;NA;NA;NA;1063584,00
Extremadura;11;1995;real;NA;4,29;64,21;14,25;36,60;16,45;1,37;35,48;NA;NA;NA;NA;NA;NA;NA;NA;NA;NA;NA;NA;1063589,00
Extremadura;11;1996;real;NA;3,92;58,02;10,06;33,98;18,75;1,24;31,25;1,10;NA;1,92;NA;3,75;NA;NA;NA;NA;NA;NA;NA;1062690,00
Extremadura;11;1997;real;NA;4,15;53,48;9,03;29,90;18,71;1,15;28,22;1,18;NA;2,12;NA;3,73;NA;NA;NA;NA;NA;NA;11,16;1061463,00
Extremadura;11;1998;real;NA;4,12;51,12;9,55;31,26;14,45;1,09;26,27;1,18;NA;2,24;NA;3,66;NA;NA;NA;NA;NA;NA;15,31;1059725,00
Extremadura;11;1999;real;NA;156,90;56,74;11,07;29,08;18,22;1,49;39,56;1,22;NA;2,27;NA;3,56;NA;NA;NA;NA;NA;NA;16,19;1058023,00
Extremadura;11;2000;real;NA;163,94;52,41;8,79;31,85;12,60;1,35;35,03;1,26;NA;2,35;NA;3,64;NA;NA;NA;NA;NA;NA;16,30;1058640,00
Extremadura;11;2001;real;NA;167,37;47,01;8,90;26,98;11,31;1,26;32,04;1,37;NA;2,40;NA;3,60;NA;NA;NA;NA;NA;NA;13,55;1059076,00
Extremadura;11;2002;real;NA;159,24;46,43;8,67;23,21;13,13;1,23;31,05;1,40;NA;2,56;NA;3,66;23,43;NA;NA;NA;NA;NA;15,42;1059751,00
Extremadura;11;2003;real;NA;166,05;48,74;8,06;25,88;12,13;1,25;31,69;1,45;NA;2,62;NA;3,67;23,64;NA;NA;NA;NA;NA;16,73;1063753,00
Extremadura;11;2004;real;NA;151,59;39,93;8,72;20,97;8,67;1,09;26,20;1,50;0,86;2,57;0,83;3,46;23,34;NA;NA;NA;NA;NA;17,82;1067415,00
Extremadura;11;2005;real;NA;153,45;38,32;6,65;23,03;15,15;1,16;28,58;1,53;0,85;2,59;0,81;3,48;22,72;NA;NA;NA;NA;NA;17,30;1070065,00
Extremadura;11;2006;real;16,81;148,87;37,18;7,62;15,53;9,79;1,00;23,46;1,58;0,86;2,63;0,81;3,44;21,84;NA;NA;NA;NA;NA;20,00;1072521,00
Extremadura;11;2007;real;16,80;144,59;36,23;5,80;20,43;10,36;1,00;23,39;1,66;0,85;2,66;0,80;3,55;20,29;NA;NA;NA;NA;NA;17,42;1076695,00
Extremadura;11;2008;real;16,69;137,17;35,12;7,76;18,67;7,73;0,97;22,33;1,69;0,87;2,86;0,82;3,62;19,71;NA;NA;NA;NA;NA;17,55;1079725,00
Extremadura;11;2009;real;16,15;149,49;30,91;3,58;17,66;9,77;0,89;19,64;1,70;0,87;2,78;0,82;3,54;20,32;NA;NA;NA;NA;NA;18,51;1081022,00
Extremadura;11;2010;real;16,30;151,28;31,36;4,10;16,32;8,17;0,87;18,94;1,77;0,88;2,70;0,83;3,60;21,06;NA;NA;NA;NA;NA;18,32;1082404,00
Extremadura;11;2011;real;17,01;142,50;28,29;5,40;15,82;9,18;0,88;19,33;1,65;0,87;2,82;0,83;3,56;20,10;NA;NA;NA;NA;NA;16,22;1083114,00
Extremadura;11;2012;real;17,45;158,94;25,39;5,59;15,25;9,35;0,89;19,89;1,78;0,88;2,79;0,84;3,48;19,50;NA;NA;NA;103,00;99,00;15,44;1081817,00
Extremadura;11;2013;real;17,68;151,26;31,67;2,73;12,87;9,55;0,82;17,51;1,72;0,88;2,76;0,84;3,51;18,57;NA;NA;NA;126,00;93,00;16,29;1098242,00
Extremadura;11;2014;real;18,35;134,43;27,79;4,10;15,31;7,14;0,79;16,32;1,75;0,88;2,92;0,84;3,48;19,31;NA;NA;NA;127,00;77,00;18,01;1093809,00
Extremadura;11;2015;real;18,00;141,21;27,69;4,51;14,85;7,04;0,80;16,87;1,81;0,90;3,09;0,86;3,30;19,10;7,44;1376856967,00;18494971000,00;144,00;68,00;15,88;1087628,00
Extremadura;11;2016;real;18,40;135,94;25,30;5,12;11,83;6,94;0,76;15,58;1,82;0,90;3,18;0,86;3,26;19,31;8,13;1550101891,00;19069471000,00;133,56;69,15;15,08;1081084,00
Extremadura;11;2017;real;18,25;135,14;23,98;3,95;12,94;8,24;0,76;15,40;1,81;0,91;3,33;0,86;3,27;19,25;7,63;1539066245,00;20169546000,00;145,52;73,85;14,81;1072883,00
Extremadura;11;2018;real;18,38;139,87;22,18;2,73;11,35;7,04;0,69;13,15;1,84;0,91;3,41;0,87;3,30;19,26;7,74;1603961004,00;20713254000,00;118,24;68,32;15,94;1067018,00
Extremadura;11;2019;real;19,46;138,90;21,24;3,23;12,65;8,00;0,72;14,29;1,88;0,92;3,57;0,88;3,36;18,95;7,99;1691119508,00;21166132000,00;125,06;78,85;14,32;1062845,00
Extremadura;11;2020;real;18,35;137,83;22,30;4,29;12,25;7,44;0,74;14,87;1,91;0,93;3,66;0,89;3,51;18,58;8,94;1742520488,00;19497343000,00;174,97;125,83;14,75;1059264,00
Extremadura;11;2021;real;18,88;124,69;23,10;2,99;13,41;5,98;0,67;12,65;1,91;0,94;3,75;0,89;3,55;18,51;8,71;1876516389,00;21551517000,00;144,93;63,93;16,86;1054785,00
Extremadura;11;2022;real;18,92;123,28;19,75;3,55;9,83;7,33;0,66;12,03;1,94;0,94;3,77;0,89;3,48;18,71;8,55;2008513430,00;23486645000,00;155,61;75,64;15,91;1055080,00
Extremadura;11;2023;real;19,31;116,39;21,54;4,38;13,44;6,81;0,70;13,49;2,01;0,95;3,95;0,87;3,48;17,99;8,75;2204300044,00;25192615000,00;180,91;106,25;14,48;1053463,00
Extremadura;11;2024;proyeccion;19,35;NA;NA;NA;NA;NA;NA;NA;NA;NA;NA;NA;NA;18,26;NA;NA;NA;NA;NA;NA;NA
Extremadura;11;2024;real;NA;118,57;20,20;2,33;10,95;6,85;0,62;10,88;2,10;0,95;4,06;0,86;3,43;NA;8,58;2282097280,00;26583476000,00;177,52;125,10;17,22;1051810,00
Extremadura;11;2025;proyeccion;19,45;NA;NA;NA;NA;NA;0,60;10,35;2,11;0,96;4,13;0,86;3,44;18,21;NA;NA;NA;NA;NA;16,15;NA
Extremadura;11;2025;real;NA;NA;NA;NA;NA;NA;NA;NA;NA;NA;NA;NA;NA;NA;8,14;2282097280,00;28051125150,87;135,00;112,00;NA;1053625,00
Extremadura;11;2026;proyeccion;19,55;NA;NA;NA;NA;NA;0,58;9,67;2,17;0,96;4,22;0,86;3,44;18,16;8,35;NA;NA;155,87;105,52;16,16;1052495,95
Galicia;12;1990;real;NA;5,37;48,97;11,29;37,47;22,36;1,32;33,86;NA;NA;NA;NA;NA;NA;NA;NA;NA;NA;NA;NA;2739375,00
Galicia;12;1991;real;NA;5,78;47,83;9,36;41,04;18,76;1,24;31,18;NA;NA;NA;NA;NA;NA;NA;NA;NA;NA;NA;NA;2732164,00
Galicia;12;1992;real;NA;6,55;47,16;7,67;37,86;19,12;1,17;28,86;NA;NA;NA;NA;NA;NA;NA;NA;NA;NA;NA;NA;2729231,00
Galicia;12;1993;real;NA;5,69;47,09;7,22;34,65;16,85;1,08;26,11;NA;NA;NA;NA;NA;NA;NA;NA;NA;NA;NA;NA;2726739,00
Galicia;12;1994;real;NA;6,23;43,18;7,58;33,22;16,21;1,05;24,91;NA;NA;NA;NA;NA;NA;NA;NA;NA;NA;NA;NA;2722505,00
Galicia;12;1995;real;NA;5,97;44,99;7,34;32,82;15,05;1,03;24,24;NA;NA;NA;NA;NA;NA;NA;NA;NA;NA;NA;NA;2715574,00
Galicia;12;1996;real;NA;6,12;47,45;6,08;32,21;17,29;1,04;24,71;1,33;NA;2,21;NA;3,90;NA;NA;NA;NA;NA;NA;NA;2707143,00
Galicia;12;1997;real;NA;7,41;44,15;6,40;28,35;15,43;0,96;22,16;1,37;NA;2,23;NA;3,83;NA;NA;NA;NA;NA;NA;5,90;2698677,00
Galicia;12;1998;real;NA;6,90;44,21;4,38;25,77;13,28;0,85;18,41;1,42;NA;2,33;NA;3,80;NA;NA;NA;NA;NA;NA;7,10;2691857,00
Galicia;12;1999;real;NA;163,54;42,82;6,54;26,30;14,49;1,22;30,63;1,42;NA;2,33;NA;3,73;NA;NA;NA;NA;NA;NA;8,23;2686843,00
Galicia;12;2000;real;NA;163,14;40,68;6,77;24,68;12,21;1,16;28,59;1,44;NA;2,49;NA;3,69;NA;NA;NA;NA;NA;NA;7,75;2690966,00
Galicia;12;2001;real;NA;161,94;38,21;6,19;22,21;11,18;1,09;26,21;1,45;NA;2,54;NA;3,65;NA;NA;NA;NA;NA;NA;7,80;2695558,00
Galicia;12;2002;real;NA;158,96;36,42;5,11;22,58;10,91;1,04;24,76;1,47;NA;2,61;NA;3,58;26,21;NA;NA;NA;NA;NA;8,29;2696867,00
Galicia;12;2003;real;NA;159,82;34,47;5,83;21,35;10,59;1,03;24,47;1,52;NA;2,62;NA;3,54;27,12;NA;NA;NA;NA;NA;8,57;2703033,00
Galicia;12;2004;real;NA;158,25;33,03;4,69;20,21;9,60;0,97;22,23;1,65;0,74;2,69;0,56;3,66;26,51;NA;NA;NA;NA;NA;7,59;2709098,00
Galicia;12;2005;real;NA;156,68;34,91;4,66;17,92;9,12;0,94;21,45;1,59;0,74;2,78;0,53;3,62;27,34;NA;NA;NA;NA;NA;8,28;2715361,00
Galicia;12;2006;real;17,47;154,02;31,86;4,95;18,50;7,83;0,91;20,43;1,63;0,76;2,91;0,56;3,63;25,98;NA;NA;NA;NA;NA;8,48;2720369,00
Galicia;12;2007;real;17,48;152,79;30,62;4,17;17,62;8,54;0,89;19,59;1,70;0,77;3,09;0,57;3,63;25,31;NA;NA;NA;NA;NA;8,56;2728772,00
Galicia;12;2008;real;16,98;150,34;28,63;4,72;16,74;8,17;0,87;19,04;1,77;0,80;3,20;0,64;3,62;24,78;NA;NA;NA;NA;NA;8,32;2738098,00
Galicia;12;2009;real;16,21;148,55;25,09;4,86;16,90;6,80;0,83;17,67;1,84;0,80;3,24;0,66;3,60;24,74;NA;NA;NA;NA;NA;7,69;2737046,00
Galicia;12;2010;real;16,41;145,74;24,71;3,91;15,69;7,78;0,80;16,79;1,80;0,80;3,20;0,65;3,62;25,77;NA;NA;NA;NA;NA;7,10;2736580,00
Galicia;12;2011;real;19,51;144,46;22,30;3,41;14,56;8,40;0,77;15,83;1,80;0,80;3,16;0,65;3,48;23,01;NA;NA;NA;NA;NA;7,82;2731977,00
Galicia;12;2012;real;17,20;145,50;22,05;2,61;13,86;7,76;0,73;14,59;1,79;0,81;3,19;0,65;3,48;22,33;NA;NA;NA;83,00;55,00;8,58;2720453,00
Galicia;12;2013;real;17,49;142,12;24,25;1,82;13,71;6,15;0,69;13,17;1,76;0,81;3,10;0,65;3,36;22,48;NA;NA;NA;84,00;49,00;8,36;2753236,00
Galicia;12;2014;real;18,03;138,86;21,65;3,46;11,80;6,17;0,69;13,25;1,76;0,82;3,16;0,66;3,31;21,45;NA;NA;NA;80,00;50,00;8,57;2739335,00
Galicia;12;2015;real;18,80;139,42;21,78;4,00;11,38;7,24;0,72;14,24;1,79;0,82;3,28;0,66;3,35;19,81;5,56;3170026461,00;57010602000,00;79,00;51,00;9,54;2725090,00
Galicia;12;2016;real;20,09;144,46;23,40;3,97;11,14;7,08;0,74;14,66;1,83;0,82;3,37;0,67;3,33;18,84;5,65;3309935296,00;58564023000,00;68,28;47,29;8,21;2713036,00
Galicia;12;2017;real;20,13;138,11;20,04;3,59;11,08;5,60;0,67;12,48;1,88;0,82;3,42;0,67;3,33;18,91;5,63;3412155657,00;60630852000,00;66,39;46,58;7,66;2703667,00
Galicia;12;2018;real;20,02;135,38;19,89;2,58;11,17;6,50;0,65;11,96;1,92;0,82;3,51;0,68;3,32;18,79;5,85;3664934669,00;62649363000,00;61,61;44,77;8,81;2699001,00
Galicia;12;2019;real;18,57;131,06;19,23;2,65;12,56;6,20;0,65;11,91;1,95;0,83;3,68;0,70;3,30;17,96;5,86;3782335225,00;64502005000,00;54,52;41,55;9,19;2698920,00
Galicia;12;2020;real;18,31;128,25;22,13;2,95;10,56;6,25;0,65;11,90;2,10;0,83;3,83;0,70;3,31;17,33;6,61;3897761068,00;59007178000,00;72,64;49,27;10,36;2698535,00
Galicia;12;2021;real;18,42;125,79;22,15;3,65;10,41;4,93;0,64;11,54;2,17;0,84;3,93;0,73;3,22;17,36;6,80;4378280132,00;64387386000,00;77,30;56,40;9,99;2690729,00
Galicia;12;2022;real;18,07;123,51;20,83;3,98;10,70;6,43;0,67;12,38;2,13;0,85;3,79;0,74;3,21;17,48;6,41;4589357966,00;71636381000,00;74,76;66,01;9,90;2694762,00
Galicia;12;2023;real;18,70;120,03;20,26;3,69;9,45;6,91;0,65;11,68;2,22;0,85;3,75;0,77;3,19;16,45;6,42;4972964283,00;77461411000,00;67,45;73,36;9,72;2699938,00
Galicia;12;2024;proyeccion;18,55;NA;NA;NA;NA;NA;NA;NA;NA;NA;NA;NA;NA;16,29;NA;NA;NA;NA;NA;NA;NA
Galicia;12;2024;real;NA;116,83;19,97;3,10;9,36;7,11;0,63;11,01;2,25;0,85;3,99;0,79;3,17;NA;6,34;5191549097,00;81839712000,00;67,09;60,83;10,02;2706643,00
Galicia;12;2025;proyeccion;18,55;NA;NA;NA;NA;NA;0,62;10,70;2,28;0,86;3,97;0,80;3,15;15,92;NA;NA;NA;NA;NA;9,88;NA
Galicia;12;2025;real;NA;NA;NA;NA;NA;NA;NA;NA;NA;NA;NA;NA;NA;NA;6,44;5458255848,00;84727981648,30;73,00;63,00;NA;2719518,00
Galicia;12;2026;proyeccion;18,55;NA;NA;NA;NA;NA;0,61;10,37;2,31;0,86;4,03;0,81;3,12;15,54;6,40;NA;NA;69,85;62,87;9,91;2718394,85
Islas Baleares;04;1990;real;NA;7,84;69,77;11,80;36,69;21,99;1,44;37,81;NA;NA;NA;NA;NA;NA;NA;NA;NA;NA;NA;NA;707501,00
Islas Baleares;04;1991;real;NA;8,32;64,40;11,15;38,17;17,31;1,33;34,15;NA;NA;NA;NA;NA;NA;NA;NA;NA;NA;NA;NA;713988,00
Islas Baleares;04;1992;real;NA;8,21;61,72;9,75;34,60;16,82;1,23;31,04;NA;NA;NA;NA;NA;NA;NA;NA;NA;NA;NA;NA;723255,00
Islas Baleares;04;1993;real;NA;8,36;63,09;9,23;38,69;18,97;1,30;33,40;NA;NA;NA;NA;NA;NA;NA;NA;NA;NA;NA;NA;730870,00
Islas Baleares;04;1994;real;NA;5,89;47,94;10,95;35,91;15,61;1,17;29,11;NA;NA;NA;NA;NA;NA;NA;NA;NA;NA;NA;NA;738227,00
Islas Baleares;04;1995;real;NA;5,08;51,25;10,71;25,90;17,14;1,11;27,12;NA;NA;NA;NA;NA;NA;NA;NA;NA;NA;NA;NA;748080,00
Islas Baleares;04;1996;real;NA;3,96;48,50;7,13;29,65;21,00;1,11;26,92;1,16;NA;2,30;NA;4,35;NA;NA;NA;NA;NA;NA;NA;759173,00
Islas Baleares;04;1997;real;NA;6,03;47,48;10,34;26,02;18,88;1,12;27,18;1,30;NA;2,47;NA;4,44;NA;NA;NA;NA;NA;NA;7,07;771307,00
Islas Baleares;04;1998;real;NA;5,46;49,70;10,27;24,55;19,34;1,12;27,29;1,35;NA;2,60;NA;4,40;NA;NA;NA;NA;NA;NA;6,70;788481,00
Islas Baleares;04;1999;real;NA;170,37;48,68;6,87;27,23;19,98;1,38;35,79;1,32;NA;2,72;NA;4,18;NA;NA;NA;NA;NA;NA;8,05;810706,00
Islas Baleares;04;2000;real;NA;168,45;41,42;7,73;27,17;14,31;1,26;31,86;1,35;NA;2,68;NA;3,99;NA;NA;NA;NA;NA;NA;10,45;836212,00
Islas Baleares;04;2001;real;NA;165,37;37,86;8,24;19,06;9,63;1,09;26,20;1,43;NA;2,83;NA;3,94;NA;NA;NA;NA;NA;NA;10,03;861463,00
Islas Baleares;04;2002;real;NA;159,12;37,06;5,19;24,24;11,01;1,07;25,54;1,46;NA;3,01;NA;3,78;19,90;NA;NA;NA;NA;NA;13,19;889542,00
Islas Baleares;04;2003;real;NA;158,69;33,24;9,12;18,90;13,25;1,13;27,65;1,60;NA;3,23;NA;3,60;19,60;NA;NA;NA;NA;NA;12,09;919047,00
Islas Baleares;04;2004;real;NA;151,41;33,48;7,14;19,03;11,55;1,04;24,65;1,66;0,62;3,25;0,51;3,46;18,98;NA;NA;NA;NA;NA;13,04;944886,00
Islas Baleares;04;2005;real;NA;145,18;30,60;5,83;14,15;12,52;0,95;21,61;1,65;0,60;3,33;0,49;3,32;17,76;NA;NA;NA;NA;NA;10,63;971779,00
Islas Baleares;04;2006;real;15,63;151,01;26,40;4,99;14,69;8,73;0,85;18,55;1,76;0,59;3,43;0,47;3,19;17,75;NA;NA;NA;NA;NA;11,97;998054,00
Islas Baleares;04;2007;real;15,88;149,78;27,83;6,03;16,98;9,34;0,92;20,69;1,89;0,59;3,73;0,48;3,30;16,73;NA;NA;NA;NA;NA;10,56;1028635,00
Islas Baleares;04;2008;real;16,95;141,07;25,62;6,54;13,71;8,34;0,85;18,55;1,86;0,64;3,72;0,53;3,24;15,67;NA;NA;NA;NA;NA;12,77;1058668,00
Islas Baleares;04;2009;real;17,77;147,51;30,41;4,52;13,57;13,07;0,92;20,75;1,82;0,64;3,49;0,53;3,11;15,35;NA;NA;NA;NA;NA;10,25;1074949,00
Islas Baleares;04;2010;real;18,12;144,96;26,52;5,99;13,07;10,23;0,88;19,35;1,84;0,65;3,56;0,53;3,11;12,04;NA;NA;NA;NA;NA;11,10;1080066,00
Islas Baleares;04;2011;real;17,64;137,86;22,88;4,32;12,83;8,94;0,78;16,03;1,83;0,64;3,48;0,52;3,01;16,13;NA;NA;NA;NA;NA;11,06;1092508,00
Islas Baleares;04;2012;real;18,31;138,37;23,22;4,65;12,86;9,61;0,80;16,79;1,86;0,64;3,44;0,52;2,99;14,33;NA;NA;NA;122,00;109,00;10,79;1097345,00
Islas Baleares;04;2013;real;18,31;129,35;21,60;5,47;10,96;7,06;0,73;14,57;1,81;0,64;3,45;0,53;2,96;13,97;NA;NA;NA;115,00;NA;12,06;1112736,00
Islas Baleares;04;2014;real;18,28;127,62;21,03;5,33;11,13;10,14;0,78;16,02;1,87;0,63;3,60;0,50;2,99;13,96;NA;NA;NA;114,00;NA;11,54;1120464,00
Islas Baleares;04;2015;real;18,64;124,50;21,75;7,80;10,57;11,98;0,86;18,89;1,93;0,62;3,77;0,51;3,10;13,19;4,51;1293305893,00;28653742000,00;111,00;91,00;10,24;1129741,00
Islas Baleares;04;2016;real;20,13;124,40;20,30;5,67;8,82;8,79;0,73;14,47;1,96;0,61;3,84;0,50;3,09;13,45;4,53;1370092639,00;30233284000,00;77,60;49,28;8,29;1143287,00
Islas Baleares;04;2017;real;19,97;127,14;19,88;6,28;9,93;9,16;0,77;15,64;1,99;0,62;3,83;0,50;3,00;13,32;4,64;1473247771,00;31746251000,00;76,38;34,59;9,81;1160594,00
Islas Baleares;04;2018;real;20,20;123,75;18,87;6,47;9,42;7,59;0,73;14,37;1,99;0,62;3,98;0,50;3,00;13,04;4,68;1554338007,00;33185968000,00;81,14;34,35;11,06;1175745,00
Islas Baleares;04;2019;real;19,42;116,21;16,06;4,49;8,86;8,38;0,65;11,97;2,00;0,62;3,91;0,50;2,88;13,15;4,97;1706834266,00;34350576000,00;79,06;39,10;9,33;1198081,00
Islas Baleares;04;2020;real;19,09;114,81;13,79;5,66;8,42;7,48;0,65;11,80;2,04;0,61;4,02;0,57;2,81;12,56;6,39;1705436416,00;26669106000,00;135,31;46,75;9,67;1215102,00
Islas Baleares;04;2021;real;19,07;117,99;15,25;4,29;7,86;7,37;0,62;10,88;2,10;0,60;4,10;0,56;2,70;12,72;5,77;1760322500,00;30512146000,00;133,96;51,21;10,12;1219379,00
Islas Baleares;04;2022;real;18,46;117,21;17,10;4,96;9,72;8,05;0,68;12,71;2,15;0,62;4,10;0,58;2,73;12,97;5,21;1938048858,00;37189162000,00;123,64;63,87;9,41;1199002,00
Islas Baleares;04;2023;real;19,50;114,31;13,14;4,64;6,75;9,32;0,63;11,29;2,30;0,64;4,31;0,66;2,70;12,52;5,30;2198416178,00;41502526000,00;124,84;91,30;9,69;1220739,00
Islas Baleares;04;2024;proyeccion;19,19;NA;NA;NA;NA;NA;NA;NA;NA;NA;NA;NA;NA;12,46;NA;NA;NA;NA;NA;NA;NA
Islas Baleares;04;2024;real;NA;108,43;17,36;5,23;8,39;8,27;0,66;12,14;2,35;0,68;4,38;0,72;2,77;NA;5,08;2271828953,00;44692852000,00;98,84;83,99;10,23;1239143,00
Islas Baleares;04;2025;proyeccion;19,19;NA;NA;NA;NA;NA;0,61;10,51;2,40;0,67;4,45;0,73;2,73;12,39;NA;NA;NA;NA;NA;9,84;NA
Islas Baleares;04;2025;real;NA;NA;NA;NA;NA;NA;NA;NA;NA;NA;NA;NA;NA;NA;5,07;2392009631,00;47156552442,12;105,00;71,00;NA;1257667,00
Islas Baleares;04;2026;proyeccion;19,19;NA;NA;NA;NA;NA;0,60;10,04;2,46;0,67;4,52;0,75;2,71;12,34;5,11;NA;NA;103,52;77,21;9,86;1271176,88
La Rioja;17;1990;real;NA;5,35;47,05;7,69;31,64;16,27;1,05;25,18;NA;NA;NA;NA;NA;NA;NA;NA;NA;NA;NA;NA;263256,00
La Rioja;17;1991;real;NA;7,82;33,60;8,08;28,03;16,47;0,96;22,14;NA;NA;NA;NA;NA;NA;NA;NA;NA;NA;NA;NA;263638,00
La Rioja;17;1992;real;NA;4,87;46,88;7,56;33,35;14,15;1,03;24,37;NA;NA;NA;NA;NA;NA;NA;NA;NA;NA;NA;NA;263596,00
La Rioja;17;1993;real;NA;5,62;36,66;5,29;26,37;12,40;0,82;17,40;NA;NA;NA;NA;NA;NA;NA;NA;NA;NA;NA;NA;263265,00
La Rioja;17;1994;real;NA;3,44;32,76;5,39;28,42;13,05;0,83;17,66;NA;NA;NA;NA;NA;NA;NA;NA;NA;NA;NA;NA;263192,00
La Rioja;17;1995;real;NA;8,38;33,13;5,09;28,58;10,90;0,80;16,62;NA;NA;NA;NA;NA;NA;NA;NA;NA;NA;NA;NA;263334,00
La Rioja;17;1996;real;NA;3,68;35,13;8,79;29,49;11,15;0,90;20,24;1,13;NA;2,14;NA;3,63;NA;NA;NA;NA;NA;NA;NA;263522,00
La Rioja;17;1997;real;NA;4,49;36,67;4,65;20,84;10,30;0,71;13,84;1,20;NA;2,46;NA;3,77;NA;NA;NA;NA;NA;NA;4,26;263915,00
La Rioja;17;1998;real;NA;4,41;33,92;8,82;23,07;7,81;0,78;16,14;1,22;NA;2,46;NA;3,74;NA;NA;NA;NA;NA;NA;1,85;264746,00
La Rioja;17;1999;real;NA;148,91;29,38;6,04;26,38;8,20;1,00;23,31;1,25;NA;2,46;NA;3,32;NA;NA;NA;NA;NA;NA;4,48;266645,00
La Rioja;17;2000;real;NA;148,33;38,01;6,22;22,96;6,54;0,99;22,97;1,23;NA;2,41;NA;3,18;NA;NA;NA;NA;NA;NA;6,06;269505,00
La Rioja;17;2001;real;NA;140,29;33,46;6,64;20,54;7,30;0,95;21,63;1,38;NA;2,73;NA;3,22;NA;NA;NA;NA;NA;NA;2,78;273884,00
La Rioja;17;2002;real;NA;154,03;31,40;8,78;19,06;8,74;1,03;24,25;1,40;NA;2,88;NA;3,18;22,07;NA;NA;NA;NA;NA;2,63;279359,00
La Rioja;17;2003;real;NA;160,15;34,49;7,19;18,15;8,13;1,00;23,23;1,44;NA;2,88;NA;3,14;22,31;NA;NA;NA;NA;NA;2,94;285227,00
La Rioja;17;2004;real;NA;143,20;30,47;4,53;18,63;5,19;0,83;17,70;1,54;0,77;2,96;0,65;3,36;21,02;NA;NA;NA;NA;NA;3,77;291351,00
La Rioja;17;2005;real;NA;135,80;24,79;5,04;15,69;10,32;0,85;18,56;1,50;0,76;3,01;0,64;3,15;19,62;NA;NA;NA;NA;NA;4,00;297566,00
La Rioja;17;2006;real;17,16;141,45;28,12;3,39;19,34;7,05;0,82;17,47;1,54;0,76;3,00;0,63;3,13;15,95;NA;NA;NA;NA;NA;7,91;303278,00
La Rioja;17;2007;real;17,00;142,16;27,17;3,89;20,84;6,85;0,84;18,14;1,67;0,78;3,12;0,73;3,06;13,86;NA;NA;NA;NA;NA;8,56;309360,00
La Rioja;17;2008;real;17,32;140,89;24,12;5,42;19,16;7,46;0,85;18,58;1,76;0,83;3,44;0,65;3,00;17,70;NA;NA;NA;NA;NA;9,35;313772,00
La Rioja;17;2009;real;17,72;135,69;23,97;4,67;14,04;5,93;0,75;15,08;1,71;0,83;3,03;0,65;2,81;19,09;NA;NA;NA;NA;NA;9,09;316337,00
La Rioja;17;2010;real;17,67;132,82;23,21;4,52;8,91;6,19;0,69;13,14;1,63;0,88;2,98;0,73;2,97;19,09;NA;NA;NA;NA;NA;8,53;314746,00
La Rioja;17;2011;real;18,99;135,20;24,45;2,06;15,79;5,42;0,69;13,23;1,65;0,83;3,08;0,72;2,98;17,80;NA;NA;NA;NA;NA;8,93;312715,00
La Rioja;17;2012;real;17,98;147,73;23,69;1,04;12,81;6,99;0,68;12,94;1,70;0,83;2,99;0,69;2,95;17,03;NA;NA;NA;58,00;28,00;8,16;311569,00
La Rioja;17;2013;real;18,38;115,91;20,95;3,82;9,72;6,17;0,63;11,33;1,65;0,83;3,00;0,68;3,13;16,24;NA;NA;NA;45,00;34,00;10,08;316830,00
La Rioja;17;2014;real;18,47;122,10;25,70;3,53;8,71;6,35;0,66;12,12;1,68;0,83;3,14;0,70;3,20;16,64;NA;NA;NA;41,00;28,00;6,45;314083,00
La Rioja;17;2015;real;18,78;125,58;23,58;1,53;9,12;7,52;0,63;11,05;1,71;0,84;3,25;0,78;3,21;16,31;4,94;397009501,00;8033065000,00;45,00;26,00;10,19;312844,00
La Rioja;17;2016;real;19,80;133,34;17,85;3,97;10,84;3,34;0,62;10,75;1,78;0,84;3,20;0,84;3,24;16,58;5,04;406963277,00;8074094000,00;49,00;32,00;12,76;312637,00
La Rioja;17;2017;real;19,88;125,83;13,76;3,92;12,76;6,04;0,64;11,62;1,81;0,84;3,32;0,84;3,25;16,44;4,89;408215639,00;8351707000,00;55,00;51,00;14,27;312424,00
La Rioja;17;2018;real;19,39;126,24;20,40;5,40;11,73;5,24;0,70;13,33;1,83;0,84;3,33;0,94;3,19;16,19;4,91;425013914,00;8649852000,00;43,00;44,00;8,08;312682,00
La Rioja;17;2019;real;19,61;122,52;18,18;3,10;13,12;5,56;0,64;11,38;1,85;0,83;3,34;0,93;3,24;15,63;4,90;435489541,00;8889997000,00;53,00;47,00;8,65;314441,00
La Rioja;17;2020;real;18,34;123,61;25,26;4,54;12,27;4,21;0,68;12,92;1,85;0,81;3,72;0,91;3,31;14,93;5,55;454040465,00;8186915000,00;75,00;40,00;9,59;316125,00
La Rioja;17;2021;real;19,10;116,10;25,65;4,30;8,48;4,27;0,63;11,14;1,96;0,82;3,77;0,97;3,25;15,20;6,06;529044979,00;8735750000,00;95,00;59,00;9,58;315798,00
La Rioja;17;2022;real;19,04;118,58;21,74;6,58;13,54;5,38;0,74;14,74;2,08;0,82;3,85;0,92;3,24;15,22;5,37;524388258,00;9767469000,00;111,00;66,00;10,02;320985,00
La Rioja;17;2023;real;19,28;111,13;15,19;5,53;12,73;3,94;0,63;11,12;2,07;0,82;3,77;1,03;3,20;14,62;5,22;546720797,00;10476650000,00;106,00;54,00;11,84;323377,00
La Rioja;17;2024;proyeccion;19,22;NA;NA;NA;NA;NA;NA;NA;NA;NA;NA;NA;NA;14,76;NA;NA;NA;NA;NA;NA;NA
La Rioja;17;2024;real;NA;104,69;18,66;3,14;6,12;7,74;0,57;9,35;2,14;0,79;4,03;0,75;3,19;NA;5,33;592298603,00;11111889000,00;64,00;79,00;8,21;325191,00
La Rioja;17;2025;proyeccion;19,22;NA;NA;NA;NA;NA;0,61;10,43;2,18;0,80;4,04;0,86;3,20;14,75;NA;NA;NA;NA;NA;9,82;NA
La Rioja;17;2025;real;NA;NA;NA;NA;NA;NA;NA;NA;NA;NA;NA;NA;NA;NA;5,57;640739777,00;11508568881,84;78,00;32,00;NA;328231,00
La Rioja;17;2026;proyeccion;19,22;NA;NA;NA;NA;NA;0,61;10,43;2,22;0,80;4,11;0,86;3,20;14,74;5,42;NA;NA;70,89;49,14;9,92;330683,60
Melilla;19;1990;real;NA;2,72;51,62;20,81;66,69;8,10;1,61;43,56;NA;NA;NA;NA;NA;NA;NA;NA;NA;NA;NA;NA;57163,00
Melilla;19;1991;real;NA;0,00;75,46;19,23;58,67;13,87;1,72;47,11;NA;NA;NA;NA;NA;NA;NA;NA;NA;NA;NA;NA;57082,00
Melilla;19;1992;real;NA;5,63;38,57;25,49;36,24;32,06;1,78;48,95;NA;NA;NA;NA;NA;NA;NA;NA;NA;NA;NA;NA;58111,00
Melilla;19;1993;real;NA;8,16;38,73;40,86;58,43;13,03;2,07;58,48;NA;NA;NA;NA;NA;NA;NA;NA;NA;NA;NA;NA;59181,00
Melilla;19;1994;real;NA;8,19;48,44;33,51;71,36;16,19;2,11;60,03;NA;NA;NA;NA;NA;NA;NA;NA;NA;NA;NA;NA;60181,00
Melilla;19;1995;real;NA;5,05;30,93;23,48;77,31;21,79;1,91;53,26;NA;NA;NA;NA;NA;NA;NA;NA;NA;NA;NA;NA;61118,00
Melilla;19;1996;real;NA;8,13;41,86;26,14;36,64;16,50;1,55;41,63;1,45;NA;2,90;NA;3,55;NA;NA;NA;NA;NA;NA;NA;62040,00
Melilla;19;1997;real;NA;10,22;70,94;10,94;34,61;11,41;1,23;30,83;1,30;NA;2,80;NA;3,50;NA;NA;NA;NA;NA;NA;2,86;62922,00
Melilla;19;1998;real;NA;6,02;48,23;31,62;34,38;15,75;1,69;46,12;1,38;NA;2,73;NA;3,04;NA;NA;NA;NA;NA;NA;6,78;63790,00
Melilla;19;1999;real;NA;153,28;55,46;34,12;41,93;2,95;1,93;54,01;1,27;NA;2,72;NA;3,05;NA;NA;NA;NA;NA;NA;10,00;64621,00
Melilla;19;2000;real;NA;167,28;39,60;10,96;45,03;19,67;1,59;42,92;1,27;NA;2,75;NA;3,44;NA;NA;NA;NA;NA;NA;2,56;65459,00
Melilla;19;2001;real;NA;156,45;59,36;22,42;47,38;19,45;1,99;56,13;1,36;NA;2,81;NA;2,94;NA;NA;NA;NA;NA;NA;5,56;66243,00
Melilla;19;2002;real;NA;142,33;66,05;22,66;22,37;12,99;1,66;44,99;1,35;NA;2,69;NA;3,00;NA;NA;NA;NA;NA;NA;10,77;66574,00
Melilla;19;2003;real;NA;167,73;57,11;21,86;32,88;14,48;1,76;48,49;1,32;NA;2,72;NA;2,99;NA;NA;NA;NA;NA;NA;6,56;66797,00
Melilla;19;2004;real;NA;175,45;34,14;35,61;28,17;8,49;1,85;51,41;1,34;0,77;2,78;0,71;3,00;NA;NA;NA;NA;NA;NA;12,26;67022,00
Melilla;19;2005;real;NA;141,05;48,55;17,30;11,25;27,07;1,55;41,53;1,30;0,76;2,76;0,72;3,00;NA;NA;NA;NA;NA;NA;11,83;66751,00
Melilla;19;2006;real;13,08;171,28;46,53;16,97;17,60;10,00;1,36;35,23;1,40;0,75;3,06;0,74;2,88;NA;NA;NA;NA;NA;NA;5,77;67020,00
Melilla;19;2007;real;13,11;135,78;35,76;17,73;27,25;13,41;1,40;36,69;1,40;0,77;3,07;0,68;2,87;NA;NA;NA;NA;NA;NA;7,07;68392,00
Melilla;19;2008;real;13,48;134,05;44,67;12,25;30,09;7,89;1,24;31,43;1,23;0,76;2,64;0,69;2,38;NA;NA;NA;NA;NA;NA;13,64;69347,00
Melilla;19;2009;real;13,67;109,48;32,90;13,20;18,99;10,69;1,10;26,52;1,25;0,74;2,60;0,68;2,41;NA;NA;NA;NA;NA;NA;8,26;70441,00
Melilla;19;2010;real;13,76;113,06;30,82;29,26;6,70;12,49;1,41;36,90;1,35;0,74;2,67;0,66;2,26;NA;NA;NA;NA;NA;NA;8,57;73819,00
Melilla;19;2011;real;15,27;133,89;48,27;11,59;27,35;6,44;1,20;29,82;1,36;0,72;2,61;0,64;2,21;NA;NA;NA;NA;NA;NA;8,91;75060,00
Melilla;19;2012;real;15,29;180,24;17,01;10,59;5,61;0,00;0,76;15,52;1,35;0,70;3,06;0,64;2,12;NA;NA;NA;NA;28,00;26,00;11,76;77839,00
Melilla;19;2013;real;16,41;141,83;29,05;16,04;17,32;12,41;1,22;30,65;1,27;0,67;2,34;0,62;1,97;NA;NA;NA;NA;30,00;22,00;5,15;83643,00
Melilla;19;2014;real;17,59;146,30;16,29;0,00;36,80;2,52;0,77;15,83;1,26;0,64;2,33;0,60;1,96;NA;NA;NA;NA;30,00;24,00;4,35;84077,00
Melilla;19;2015;real;17,55;127,96;32,45;10,38;11,71;16,54;1,09;26,17;1,25;0,63;2,31;0,58;1,94;NA;NA;NA;NA;33,00;26,00;13,16;84676,00
Melilla;19;2016;real;17,72;135,43;34,42;13,48;17,71;10,96;1,15;28,40;1,38;0,62;2,45;0,59;1,90;NA;NA;NA;NA;32,64;20,94;11,43;84690,00
Melilla;19;2017;real;17,47;162,61;28,84;18,49;6,70;5,66;1,10;26,75;1,38;0,63;2,48;0,59;1,92;NA;NA;NA;NA;29,03;21,48;14,17;84858,00
Melilla;19;2018;real;17,72;126,78;30,09;7,49;13,14;5,60;0,82;17,55;1,44;0,62;2,91;0,58;1,90;NA;NA;NA;NA;34,04;16,71;13,97;84628,00
Melilla;19;2019;real;14,51;131,04;19,45;4,01;19,20;6,95;0,77;15,64;1,42;0,62;3,23;0,58;1,91;NA;NA;NA;NA;37,62;18,41;21,38;84399,00
Melilla;19;2020;real;13,09;138,97;35,66;18,24;12,76;8,36;1,19;29,79;1,54;0,62;3,70;0,58;1,98;NA;NA;NA;NA;40,35;9,53;12,50;84307,00
Melilla;19;2021;real;13,16;120,85;38,82;9,81;7,85;9,65;0,94;21,30;1,56;0,65;3,38;0,61;2,00;NA;NA;NA;NA;40,35;18,94;15,84;83540,00
Melilla;19;2022;real;13,56;104,20;27,82;7,95;9,57;8,72;0,80;16,70;1,57;0,65;3,86;0,61;2,02;NA;NA;NA;NA;38,99;21,21;12,21;84825,00
Melilla;19;2023;real;15,84;144,54;28,63;7,34;10,76;8,78;0,88;19,29;1,52;0,65;3,74;0,65;1,95;NA;NA;NA;NA;97,22;29,34;17,83;85622,00
Melilla;19;2024;proyeccion;15,09;NA;NA;NA;NA;NA;NA;NA;NA;NA;NA;NA;NA;NA;NA;NA;NA;NA;NA;NA;NA
Melilla;19;2024;real;NA;108,15;26,62;11,80;8,12;5,66;0,83;17,78;1,70;0,66;3,61;0,66;1,93;NA;NA;NA;NA;137,18;22,82;25,00;86332,00
Melilla;19;2025;proyeccion;15,09;NA;NA;NA;NA;NA;0,78;16,08;1,63;0,66;3,69;0,68;1,93;NA;NA;NA;NA;NA;NA;16,88;NA
Melilla;19;2025;real;NA;NA;NA;NA;NA;NA;NA;NA;NA;NA;NA;NA;NA;NA;NA;NA;NA;82,00;16,00;NA;87074,00
Melilla;19;2026;proyeccion;15,09;NA;NA;NA;NA;NA;0,75;15,20;1,63;0,66;3,69;0,70;1,92;NA;NA;NA;NA;110,26;20,25;17,28;87973,07
País Vasco;16;1990;real;NA;7,06;42,38;8,49;31,44;17,04;1,06;25,47;NA;NA;NA;NA;NA;NA;NA;NA;NA;NA;NA;NA;2109805,00
País Vasco;16;1991;real;NA;8,76;45,00;9,46;31,88;17,47;1,12;27,25;NA;NA;NA;NA;NA;NA;NA;NA;NA;NA;NA;NA;2102913,00
País Vasco;16;1992;real;NA;7,54;41,16;6,63;27,94;14,48;0,93;21,15;NA;NA;NA;NA;NA;NA;NA;NA;NA;NA;NA;NA;2098707,00
País Vasco;16;1993;real;NA;9,21;43,33;7,73;24,32;15,06;0,95;21,73;NA;NA;NA;NA;NA;NA;NA;NA;NA;NA;NA;NA;2093909,00
País Vasco;16;1994;real;NA;9,20;38,49;6,82;25,73;12,80;0,88;19,26;NA;NA;NA;NA;NA;NA;NA;NA;NA;NA;NA;NA;2088285,00
País Vasco;16;1995;real;NA;8,74;38,57;7,82;24,90;13,87;0,91;20,42;NA;NA;NA;NA;NA;NA;NA;NA;NA;NA;NA;NA;2082014,00
País Vasco;16;1996;real;NA;7,84;46,53;7,81;24,70;15,10;0,97;22,45;1,20;NA;2,31;NA;4,18;NA;NA;NA;NA;NA;NA;NA;2077033,00
País Vasco;16;1997;real;NA;7,17;42,82;6,99;23,50;12,24;0,87;19,04;1,20;NA;2,31;NA;4,05;NA;NA;NA;NA;NA;NA;7,29;2073569,00
País Vasco;16;1998;real;NA;6,82;38,70;7,37;25,25;14,64;0,91;20,49;1,22;NA;2,31;NA;4,02;NA;NA;NA;NA;NA;NA;8,54;2070927,00
País Vasco;16;1999;real;NA;166,55;36,55;7,25;24,00;14,31;1,18;29,42;1,23;NA;2,32;NA;4,03;NA;NA;NA;NA;NA;NA;8,56;2070048,00
País Vasco;16;2000;real;NA;173,94;37,28;6,09;22,29;13,16;1,14;27,84;1,29;NA;2,34;NA;3,96;NA;NA;NA;NA;NA;NA;8,69;2073411,00
País Vasco;16;2001;real;NA;170,75;32,03;5,28;22,63;10,53;1,04;24,63;1,32;NA;2,40;NA;3,90;NA;NA;NA;NA;NA;NA;8,82;2079402,00
País Vasco;16;2002;real;NA;170,92;31,69;5,99;21,60;12,08;1,07;25,72;1,33;NA;2,45;NA;3,89;19,81;NA;NA;NA;NA;NA;9,08;2085134,00
País Vasco;16;2003;real;NA;166,85;30,20;5,82;17,92;10,00;0,98;22,69;1,37;NA;2,46;NA;3,82;20,59;NA;NA;NA;NA;NA;8,83;2091438,00
País Vasco;16;2004;real;NA;159,53;27,94;5,77;17,71;10,16;0,95;21,80;1,40;0,58;2,47;0,45;3,82;20,51;NA;NA;NA;NA;NA;10,00;2099136,00
País Vasco;16;2005;real;NA;154,12;26,53;6,20;17,56;11,58;0,97;22,31;1,44;0,63;2,51;0,55;3,85;20,42;NA;NA;NA;NA;NA;9,46;2108270,00
País Vasco;16;2006;real;18,79;158,27;24,10;5,50;18,08;8,87;0,90;20,18;1,49;0,63;2,57;0,55;3,80;20,02;NA;NA;NA;NA;NA;10,24;2117990,00
País Vasco;16;2007;real;18,76;157,34;26,18;5,34;17,04;9,10;0,90;20,16;1,54;0,64;2,62;0,57;3,78;18,68;NA;NA;NA;NA;NA;9,53;2130375,00
País Vasco;16;2008;real;18,18;155,26;23,31;4,08;14,38;7,57;0,80;16,73;1,63;0,69;2,66;0,59;3,75;17,94;NA;NA;NA;NA;NA;9,14;2138453,00
País Vasco;16;2009;real;17,62;154,69;23,04;3,47;14,20;7,03;0,77;15,77;1,71;0,61;2,94;0,57;3,71;17,33;NA;NA;NA;NA;NA;9,02;2134702,00
País Vasco;16;2010;real;17,93;148,37;21,53;3,79;13,24;7,94;0,76;15,57;2,03;0,62;3,87;0,56;3,69;17,16;NA;NA;NA;NA;NA;9,80;2137935,00
País Vasco;16;2011;real;19,57;151,04;21,82;4,43;12,83;6,37;0,76;15,31;2,11;0,78;3,84;0,69;3,63;16,18;NA;NA;NA;NA;NA;10,57;2127851,00
País Vasco;16;2012;real;19,00;144,03;20,25;3,50;12,01;6,59;0,71;13,66;2,13;0,78;3,82;0,71;3,60;15,38;NA;NA;NA;52,00;30,00;9,80;2116889,00
País Vasco;16;2013;real;19,63;144,02;20,63;4,66;10,88;6,36;0,72;14,21;2,22;0,78;4,10;0,64;3,40;14,88;NA;NA;NA;50,00;30,00;10,13;2170892,00
País Vasco;16;2014;real;20,01;146,94;18,91;3,54;10,94;6,35;0,69;13,15;2,13;0,78;4,42;0,67;3,37;14,18;NA;NA;NA;50,00;29,00;9,90;2165332,00
País Vasco;16;2015;real;20,08;142,78;17,93;3,07;10,87;6,25;0,66;12,24;2,15;0,79;4,35;0,69;3,35;13,98;5,20;3384908174,00;65073341000,00;51,00;28,00;10,13;2162984,00
País Vasco;16;2016;real;20,77;138,77;17,98;3,48;10,63;6,88;0,67;12,62;2,13;0,79;4,34;0,70;3,30;13,92;5,09;3416697951,00;67114993000,00;50,38;26,58;8,92;2165127,00
País Vasco;16;2017;real;20,78;137,44;18,90;2,57;10,68;6,03;0,64;11,48;2,21;0,79;4,45;0,70;3,30;13,72;5,08;3538134644,00;69585295000,00;49,56;27,52;10,08;2168257,00
País Vasco;16;2018;real;20,88;134,70;17,61;3,75;10,89;5,18;0,64;11,65;2,30;0,80;4,94;0,69;3,23;13,43;5,11;3672658495,00;71915111000,00;49,21;28,69;8,13;2172266,00
País Vasco;16;2019;real;19,48;128,44;16,21;3,24;10,43;6,18;0,62;10,99;2,29;0,80;4,58;0,69;3,26;12,65;5,13;3795519108,00;73999981000,00;47,95;29,34;9,00;2181919,00
País Vasco;16;2020;real;18,69;123,87;18,15;4,37;10,31;5,59;0,64;11,63;2,31;0,81;4,85;0,69;3,32;11,89;5,91;3938835835,00;66672598000,00;68,01;30,34;9,31;2189374,00
País Vasco;16;2021;real;19,15;123,35;17,13;3,30;10,49;5,59;0,61;10,58;2,42;0,77;4,78;0,71;3,32;11,66;5,50;3989532488,00;72513029000,00;71,03;33,55;10,02;2177827,00
País Vasco;16;2022;real;18,89;124,99;19,20;3,05;8,59;6,09;0,61;10,51;2,46;0,77;4,80;0,71;3,34;11,39;5,22;4186527007,00;80218167000,00;73,25;48,16;10,40;2209725,00
País Vasco;16;2023;real;19,74;118,19;18,06;3,60;9,79;5,98;0,61;10,67;2,53;0,80;5,25;0,68;3,26;11,22;5,34;4628962720,00;86748107000,00;62,78;61,02;10,23;2224072,00
País Vasco;16;2024;proyeccion;19,46;NA;NA;NA;NA;NA;NA;NA;NA;NA;NA;NA;NA;10,79;NA;NA;NA;NA;NA;NA;NA
País Vasco;16;2024;real;NA;113,13;16,92;3,06;9,82;5,57;0,58;9,46;2,82;0,79;5,12;0,83;3,27;NA;5,34;4888865872,00;91612735000,00;59,24;42,57;10,03;2233709,00
País Vasco;16;2025;proyeccion;19,46;NA;NA;NA;NA;NA;0,59;9,86;2,83;0,80;5,29;0,75;3,23;10,40;NA;NA;NA;NA;NA;9,90;NA
País Vasco;16;2025;real;NA;NA;NA;NA;NA;NA;NA;NA;NA;NA;NA;NA;NA;NA;5,38;5106543104,00;94984725555,02;64,00;49,00;NA;2246534,00
País Vasco;16;2026;proyeccion;19,46;NA;NA;NA;NA;NA;0,59;9,83;2,91;0,80;5,39;0,75;3,20;10,00;5,32;NA;NA;61,69;48,23;9,90;2256311,06
Principado de Asturias;03;1990;real;NA;7,12;54,31;12,44;37,23;29,51;1,50;39,85;NA;NA;NA;NA;NA;NA;NA;NA;NA;NA;NA;NA;1098071,00
Principado de Asturias;03;1991;real;NA;6,93;55,76;11,08;29,36;30,84;1,42;37,18;NA;NA;NA;NA;NA;NA;NA;NA;NA;NA;NA;NA;1094260,00
Principado de Asturias;03;1992;real;NA;6,57;53,66;9,24;34,84;26,09;1,33;34,33;NA;NA;NA;NA;NA;NA;NA;NA;NA;NA;NA;NA;1092475,00
Principado de Asturias;03;1993;real;NA;6,09;58,61;10,57;38,40;25,33;1,41;37,04;NA;NA;NA;NA;NA;NA;NA;NA;NA;NA;NA;NA;1090091,00
Principado de Asturias;03;1994;real;NA;7,23;53,69;9,24;31,03;22,32;1,23;31,03;NA;NA;NA;NA;NA;NA;NA;NA;NA;NA;NA;NA;1086537,00
Principado de Asturias;03;1995;real;NA;7,20;53,02;10,28;29,15;25,03;1,28;32,69;NA;NA;NA;NA;NA;NA;NA;NA;NA;NA;NA;NA;1082100,00
Principado de Asturias;03;1996;real;NA;7,11;51,68;9,96;29,11;22,11;1,22;30,52;1,59;NA;2,50;NA;3,83;NA;NA;NA;NA;NA;NA;NA;1077935,00
Principado de Asturias;03;1997;real;NA;6,89;49,65;8,81;25,27;19,11;1,09;26,25;1,58;NA;2,50;NA;3,83;NA;NA;NA;NA;NA;NA;9,70;1073917,00
Principado de Asturias;03;1998;real;NA;7,53;53,44;9,98;24,92;19,89;1,15;28,29;1,58;NA;2,54;NA;3,76;NA;NA;NA;NA;NA;NA;8,59;1069463,00
Principado de Asturias;03;1999;real;NA;175,57;51,85;8,52;25,94;22,32;1,47;38,99;1,59;NA;2,58;NA;3,76;NA;NA;NA;NA;NA;NA;10,93;1065177,00
Principado de Asturias;03;2000;real;NA;173,44;50,16;8,00;26,16;17,95;1,37;35,72;1,63;NA;2,64;NA;3,85;NA;NA;NA;NA;NA;NA;10,55;1063225,00
Principado de Asturias;03;2001;real;NA;169,59;43,90;8,93;23,18;14,10;1,26;31,99;1,61;NA;2,62;NA;3,61;NA;NA;NA;NA;NA;NA;12,06;1062618,00
Principado de Asturias;03;2002;real;NA;163,01;49,20;6,83;20,25;16,08;1,23;30,96;1,71;NA;2,67;NA;3,77;23,64;NA;NA;NA;NA;NA;11,51;1061070,00
Principado de Asturias;03;2003;real;NA;167,96;46,85;6,36;18,30;14,86;1,17;29,13;1,75;NA;2,76;NA;3,66;23,56;NA;NA;NA;NA;NA;12,23;1060128,00
Principado de Asturias;03;2004;real;NA;168,21;41,21;5,91;18,45;11,93;1,08;26,13;1,87;0,70;2,97;0,63;3,57;23,07;NA;NA;NA;NA;NA;11,86;1059588,00
Principado de Asturias;03;2005;real;NA;167,30;37,87;7,03;17,56;14,18;1,12;27,38;1,91;0,70;2,99;0,63;3,63;22,48;NA;NA;NA;NA;NA;10,35;1058737,00
Principado de Asturias;03;2006;real;17,70;168,75;41,39;6,90;18,25;11,87;1,11;26,93;1,95;0,71;3,08;0,65;3,63;22,19;NA;NA;NA;NA;NA;12,79;1057897,00
Principado de Asturias;03;2007;real;17,66;164,56;39,07;5,65;18,42;12,99;1,08;25,88;2,05;0,73;3,13;0,65;3,63;22,31;NA;NA;NA;NA;NA;12,96;1058743,00
Principado de Asturias;03;2008;real;17,46;166,51;38,51;7,42;16,05;12,15;1,08;26,15;2,08;0,73;3,35;0,66;3,56;21,68;NA;NA;NA;NA;NA;13,32;1059089,00
Principado de Asturias;03;2009;real;17,22;158,96;37,76;6,62;16,45;10,07;1,01;23,82;2,10;0,74;3,44;0,72;3,55;20,13;NA;NA;NA;NA;NA;10,75;1057143,00
Principado de Asturias;03;2010;real;17,46;165,11;35,48;6,13;14,80;10,99;1,00;23,37;2,17;0,74;3,41;0,69;3,46;20,84;NA;NA;NA;NA;NA;10,47;1057132,00
Principado de Asturias;03;2011;real;18,04;166,45;33,43;6,80;13,35;9,02;0,96;22,06;2,21;0,75;3,55;0,67;3,39;19,02;NA;NA;NA;NA;NA;10,74;1054548,00
Principado de Asturias;03;2012;real;18,12;159,47;33,10;5,66;13,75;7,90;0,90;20,11;2,18;0,76;3,47;0,66;3,39;17,04;NA;NA;NA;78,00;NA;9,48;1049218,00
Principado de Asturias;03;2013;real;18,34;152,33;32,62;4,30;11,70;7,34;0,82;17,46;2,16;0,75;3,44;0,64;3,31;16,63;NA;NA;NA;72,00;68,00;11,32;1062936,00
Principado de Asturias;03;2014;real;18,50;153,37;30,42;3,77;13,26;6,99;0,81;16,97;2,15;0,73;3,61;0,65;3,25;17,13;NA;NA;NA;80,00;NA;11,19;1054057,00
Principado de Asturias;03;2015;real;17,59;151,82;27,99;4,39;11,63;8,57;0,82;17,31;2,25;0,75;3,69;0,66;3,26;16,54;6,94;1483333763,00;21388142000,00;76,00;66,00;12,43;1044039,00
Principado de Asturias;03;2016;real;17,21;148,28;32,12;4,41;12,51;7,13;0,82;17,34;2,28;0,77;3,91;0,68;3,28;16,76;7,57;1639849636,00;21675441000,00;73,05;71,46;11,17;1037023,00
Principado de Asturias;03;2017;real;17,28;146,56;29,77;4,10;10,51;5,82;0,75;15,16;2,35;0,78;4,11;0,68;3,38;16,81;7,40;1668954671,00;22538267000,00;69,91;69,14;11,09;1030054,00
Principado de Asturias;03;2018;real;17,29;147,42;28,22;4,88;9,61;7,96;0,79;16,50;2,42;0,78;4,10;0,75;3,40;16,71;7,33;1699483931,00;23185680000,00;73,35;62,15;12,23;1024192,00
Principado de Asturias;03;2019;real;18,58;141,42;28,93;4,91;12,32;7,44;0,80;16,86;2,44;0,78;4,33;0,72;3,46;16,21;7,40;1751509971,00;23666618000,00;83,03;78,07;11,52;1020039,00
Principado de Asturias;03;2020;real;17,74;137,48;28,36;4,09;11,36;6,81;0,75;15,16;2,55;0,75;4,52;0,69;3,48;15,47;8,43;1801183712,00;21376392000,00;60,37;36,54;15,78;1015455,00
Principado de Asturias;03;2021;real;18,40;135,76;24,80;4,42;11,78;5,92;0,72;14,30;2,62;0,76;4,64;0,76;3,52;15,77;8,22;1942029769,00;23617641000,00;95,16;79,02;14,36;1008875,00
Principado de Asturias;03;2022;real;18,19;137,27;26,29;4,41;11,66;6,98;0,75;15,22;2,70;0,73;4,68;0,68;3,54;15,96;7,45;1987383547,00;26690102000,00;93,93;81,42;12,79;1004553,00
Principado de Asturias;03;2023;real;18,65;125,17;27,80;5,31;9,76;7,21;0,75;15,01;2,76;0,81;4,77;0,79;3,53;15,52;7,46;2115483423,00;28350371000,00;97,84;99,68;12,87;1006558,00
Principado de Asturias;03;2024;proyeccion;18,33;NA;NA;NA;NA;NA;NA;NA;NA;NA;NA;NA;NA;15,53;NA;NA;NA;NA;NA;NA;NA
Principado de Asturias;03;2024;real;NA;128,13;26,44;5,71;9,01;6,28;0,73;14,51;2,76;0,81;4,74;0,79;3,56;NA;7,74;2322856371,00;30012308000,00;89,88;96,90;15,99;1010058,00
Principado de Asturias;03;2025;proyeccion;18,33;NA;NA;NA;NA;NA;0,72;14,10;2,82;0,80;4,86;0,77;3,55;15,40;NA;NA;NA;NA;NA;14,30;NA
Principado de Asturias;03;2025;real;NA;NA;NA;NA;NA;NA;NA;NA;NA;NA;NA;NA;NA;NA;7,84;2446640883,00;31206996480,04;91,00;103,00;NA;1017755,00
Principado de Asturias;03;2026;proyeccion;18,33;NA;NA;NA;NA;NA;0,71;13,73;2,86;0,81;4,94;0,77;3,55;15,27;7,71;NA;NA;88,77;93,06;14,31;1017165,29
Región de Murcia;14;1990;real;NA;3,83;64,30;11,75;50,05;26,65;1,61;43,43;NA;NA;NA;NA;NA;NA;NA;NA;NA;NA;NA;NA;1041760,00
Región de Murcia;14;1991;real;NA;4,11;59,97;14,81;48,60;23,39;1,59;42,92;NA;NA;NA;NA;NA;NA;NA;NA;NA;NA;NA;NA;1050778,00
Región de Murcia;14;1992;real;NA;4,39;58,98;12,32;41,53;20,95;1,41;37,02;NA;NA;NA;NA;NA;NA;NA;NA;NA;NA;NA;NA;1062179,00
Región de Murcia;14;1993;real;NA;4,75;56,03;14,08;37,23;22,67;1,43;37,56;NA;NA;NA;NA;NA;NA;NA;NA;NA;NA;NA;NA;1073480,00
Región de Murcia;14;1994;real;NA;5,85;58,39;10,92;38,00;20,71;1,34;34,55;NA;NA;NA;NA;NA;NA;NA;NA;NA;NA;NA;NA;1084137,00
Región de Murcia;14;1995;real;NA;5,18;54,99;11,20;33,81;20,26;1,28;32,52;NA;NA;NA;NA;NA;NA;NA;NA;NA;NA;NA;NA;1093830,00
Región de Murcia;14;1996;real;NA;4,57;53,48;9,49;34,36;17,18;1,18;29,21;1,27;NA;2,29;NA;3,39;NA;NA;NA;NA;NA;NA;NA;1103756,00
Región de Murcia;14;1997;real;NA;5,66;54,87;10,61;28,30;18,61;1,18;29,33;1,31;NA;2,33;NA;3,30;NA;NA;NA;NA;NA;NA;5,21;1114624,00
Región de Murcia;14;1998;real;NA;5,75;50,45;12,14;32,24;18,71;1,24;31,13;1,34;NA;2,34;NA;3,37;NA;NA;NA;NA;NA;NA;5,25;1126519,00
Región de Murcia;14;1999;real;NA;149,05;52,45;13,95;31,44;22,17;1,62;43,68;1,34;NA;2,39;NA;3,42;NA;NA;NA;NA;NA;NA;5,15;1140537,00
Región de Murcia;14;2000;real;NA;154,88;48,81;10,82;29,12;18,32;1,44;37,84;1,45;NA;2,43;NA;3,29;NA;NA;NA;NA;NA;NA;7,10;1158645,00
Región de Murcia;14;2001;real;NA;150,89;43,62;10,45;27,01;15,67;1,33;34,16;1,45;NA;2,52;NA;3,30;NA;NA;NA;NA;NA;NA;10,41;1183880,00
Región de Murcia;14;2002;real;NA;156,65;39,79;9,37;25,34;15,19;1,26;32,10;1,39;NA;2,46;NA;3,02;23,81;NA;NA;NA;NA;NA;10,00;1215793,00
Región de Murcia;14;2003;real;NA;143,26;44,04;7,94;25,49;14,06;1,21;30,26;1,43;NA;2,49;NA;3,04;23,85;NA;NA;NA;NA;NA;9,21;1249484,00
Región de Murcia;14;2004;real;NA;145,39;35,49;6,77;23,37;14,49;1,12;27,39;1,46;0,65;2,54;0,50;3,10;23,69;NA;NA;NA;NA;NA;12,61;1283039,00
Región de Murcia;14;2005;real;NA;136,03;38,99;7,58;24,14;14,08;1,14;28,15;1,46;0,63;2,53;0,50;3,13;23,19;NA;NA;NA;NA;NA;11,78;1317719,00
Región de Murcia;14;2006;real;15,55;138,52;36,00;5,97;22,79;10,87;1,02;24,16;1,47;0,63;2,68;0,48;3,13;22,88;NA;NA;NA;NA;NA;12,25;1350940,00
Región de Murcia;14;2007;real;15,58;132,88;34,89;5,56;22,44;11,70;1,01;23,62;1,56;0,67;2,86;0,51;3,16;21,86;NA;NA;NA;NA;NA;10,35;1392368,00
Región de Murcia;14;2008;real;15,30;142,58;30,93;5,95;21,96;10,14;0,98;22,79;1,56;0,74;2,94;0,55;3,14;19,77;NA;NA;NA;NA;NA;11,76;1430986,00
Región de Murcia;14;2009;real;15,00;133,02;31,07;5,71;18,88;10,13;0,93;21,02;1,63;0,73;2,97;0,55;3,11;19,58;NA;NA;NA;NA;NA;8,55;1452146,00
Región de Murcia;14;2010;real;15,45;137,27;26,82;5,27;17,33;9,37;0,87;19,21;1,74;0,73;2,96;0,54;3,11;20,14;NA;NA;NA;NA;NA;8,75;1465812,00
Región de Murcia;14;2011;real;18,08;136,15;28,27;4,54;14,42;9,86;0,84;18,13;1,79;0,75;3,00;0,57;3,15;18,24;NA;NA;NA;NA;NA;8,06;1471407,00
Región de Murcia;14;2012;real;15,96;123,24;27,17;6,49;15,57;8,96;0,86;18,63;1,77;0,77;2,89;0,59;3,15;17,08;NA;NA;NA;98,00;61,00;9,73;1477509,00
Región de Murcia;14;2013;real;16,40;129,89;26,35;5,97;13,15;6,73;0,79;16,41;1,75;0,77;2,87;0,58;3,18;16,40;NA;NA;NA;120,00;63,00;9,84;1461211,00
Región de Murcia;14;2014;real;16,56;124,18;23,51;5,72;11,28;9,05;0,78;16,03;1,75;0,77;2,93;0,59;3,20;16,64;NA;NA;NA;123,00;67,00;7,52;1462875,00
Región de Murcia;14;2015;real;15,76;124,25;26,42;5,45;12,96;8,48;0,79;16,57;1,75;0,76;2,92;0,58;3,24;16,21;6,38;1859495700,00;29168718000,00;109,00;62,00;10,29;1464008,00
Región de Murcia;14;2016;real;15,74;131,52;21,67;3,54;13,37;8,30;0,73;14,57;1,76;0,75;3,05;0,57;3,24;16,70;6,53;1958971130,00;30009138000,00;100,92;72,81;9,50;1468731,00
Región de Murcia;14;2017;real;15,54;124,93;21,67;5,58;12,14;8,47;0,76;15,58;1,79;0,75;3,05;0,57;3,18;16,59;6,41;2000860733,00;31192490000,00;95,94;64,02;8,42;1474074,00
Región de Murcia;14;2018;real;15,64;117,49;19,97;4,94;14,62;9,67;0,77;15,73;1,84;0,75;3,06;0,56;3,22;16,42;6,70;2124384788,00;31715345000,00;87,40;63,96;10,05;1479023,00
Región de Murcia;14;2019;real;16,71;118,38;21,12;4,75;12,80;10,42;0,77;15,67;1,88;0,75;3,15;0,57;3,26;15,81;6,63;2188488008,00;33000651000,00;77,52;60,91;9,48;1495084,00
Región de Murcia;14;2020;real;16,43;120,15;20,99;6,82;13,06;7,82;0,78;16,12;1,96;0,75;3,64;0,58;3,10;15,12;7,24;2203429680,00;30440306000,00;98,16;71,98;9,47;1509212,00
Región de Murcia;14;2021;real;16,36;115,10;22,05;5,21;10,05;7,34;0,70;13,40;2,03;0,77;3,72;0,58;3,15;15,05;7,40;2487112377,00;33603543000,00;93,76;76,56;9,73;1516443,00
Región de Murcia;14;2022;real;16,21;116,37;20,98;6,38;12,38;8,74;0,77;15,81;2,09;0,79;3,85;0,59;3,04;15,33;6,77;2530062207,00;37380806000,00;100,32;88,79;9,41;1540774,00
Región de Murcia;14;2023;real;18,63;110,68;20,88;6,66;13,30;6,91;0,74;14,94;2,09;0,82;3,76;0,63;2,97;14,44;6,68;2661157290,00;39838741000,00;105,93;109,86;9,10;1560347,00
Región de Murcia;14;2024;proyeccion;16,95;NA;NA;NA;NA;NA;NA;NA;NA;NA;NA;NA;NA;14,38;NA;NA;NA;NA;NA;NA;NA
Región de Murcia;14;2024;real;NA;108,35;21,04;6,33;11,49;7,50;0,72;14,30;2,13;0,81;3,74;0,64;2,93;NA;6,70;2847362340,00;42488024000,00;107,15;97,00;11,02;1576912,00
Región de Murcia;14;2025;proyeccion;16,95;NA;NA;NA;NA;NA;0,73;14,53;2,16;0,82;3,81;0,64;2,93;14,12;NA;NA;NA;NA;NA;10,14;NA
Región de Murcia;14;2025;real;NA;NA;NA;NA;NA;NA;NA;NA;NA;NA;NA;NA;NA;NA;6,72;2972286524,00;44209906961,56;103,00;89,00;NA;1596882,00
Región de Murcia;14;2026;proyeccion;16,95;NA;NA;NA;NA;NA;0,73;14,43;2,19;0,83;3,86;0,64;2,93;13,85;6,73;NA;NA;104,00;93,93;10,16;1616320,23
