"ccaa","codigo_ccaa","periodo","periodo_label","precio_alquiler_m2","fuente_url","fetched_at"
"Madrid","13","2026-03-01","marzo de 2026",21.32,"idealista_historico_ccaa","2026-04-22T14:38:02.552676+00:00"
"Madrid","13","2026-02-01","febrero de 2026",21.32,"idealista_historico_ccaa","2026-04-22T14:38:02.552676+00:00"
"Madrid","13","2026-01-01","enero de 2026",21.12,"idealista_historico_ccaa","2026-04-22T14:38:02.552676+00:00"
"Madrid","13","2025-12-01","diciembre de 2025",20.82,"idealista_historico_ccaa","2026-04-22T14:38:02.552676+00:00"
"Madrid","13","2025-11-01","noviembre de 2025",21.02,"idealista_historico_ccaa","2026-04-22T14:38:02.552676+00:00"
"Madrid","13","2025-10-01","octubre de 2025",21.12,"idealista_historico_ccaa","2026-04-22T14:38:02.552676+00:00"
"Madrid","13","2025-09-01","septiembre de 2025",20.92,"idealista_historico_ccaa","2026-04-22T14:38:02.552676+00:00"
"Madrid","13","2025-08-01","agosto de 2025",20.52,"idealista_historico_ccaa","2026-04-22T14:38:02.552676+00:00"
"Madrid","13","2025-07-01","julio de 2025",20.32,"idealista_historico_ccaa","2026-04-22T14:38:02.552676+00:00"
"Madrid","13","2025-06-01","junio de 2025",20.12,"idealista_historico_ccaa","2026-04-22T14:38:02.552676+00:00"
"Madrid","13","2025-05-01","mayo de 2025",19.82,"idealista_historico_ccaa","2026-04-22T14:38:02.552676+00:00"
"Madrid","13","2025-04-01","abril de 2025",19.52,"idealista_historico_ccaa","2026-04-22T14:38:02.552676+00:00"
"Madrid","13","2025-03-01","marzo de 2025",19.32,"idealista_historico_ccaa","2026-04-22T14:38:02.552676+00:00"
"Madrid","13","2025-02-01","febrero de 2025",19.22,"idealista_historico_ccaa","2026-04-22T14:38:02.552676+00:00"
"Madrid","13","2025-01-01","enero de 2025",19.12,"idealista_historico_ccaa","2026-04-22T14:38:02.552676+00:00"
"Madrid","13","2024-12-01","diciembre de 2024",18.82,"idealista_historico_ccaa","2026-04-22T14:38:02.552676+00:00"
"Madrid","13","2024-11-01","noviembre de 2024",18.62,"idealista_historico_ccaa","2026-04-22T14:38:02.552676+00:00"
"Madrid","13","2024-10-01","octubre de 2024",18.82,"idealista_historico_ccaa","2026-04-22T14:38:02.552676+00:00"
"Madrid","13","2024-09-01","septiembre de 2024",18.72,"idealista_historico_ccaa","2026-04-22T14:38:02.552676+00:00"
"Madrid","13","2024-08-01","agosto de 2024",18.22,"idealista_historico_ccaa","2026-04-22T14:38:02.552676+00:00"
"Madrid","13","2024-07-01","julio de 2024",18.12,"idealista_historico_ccaa","2026-04-22T14:38:02.552676+00:00"
"Madrid","13","2024-06-01","junio de 2024",18.02,"idealista_historico_ccaa","2026-04-22T14:38:02.552676+00:00"
"Madrid","13","2024-05-01","mayo de 2024",17.62,"idealista_historico_ccaa","2026-04-22T14:38:02.552676+00:00"
"Madrid","13","2024-04-01","abril de 2024",17.42,"idealista_historico_ccaa","2026-04-22T14:38:02.552676+00:00"
"Madrid","13","2024-03-01","marzo de 2024",17.12,"idealista_historico_ccaa","2026-04-22T14:38:02.552676+00:00"
"Madrid","13","2024-02-01","febrero de 2024",16.82,"idealista_historico_ccaa","2026-04-22T14:38:02.552676+00:00"
"Madrid","13","2024-01-01","enero de 2024",16.52,"idealista_historico_ccaa","2026-04-22T14:38:02.552676+00:00"
"Madrid","13","2023-12-01","diciembre de 2023",16.22,"idealista_historico_ccaa","2026-04-22T14:38:02.552676+00:00"
"Madrid","13","2023-11-01","noviembre de 2023",16.02,"idealista_historico_ccaa","2026-04-22T14:38:02.552676+00:00"
"Madrid","13","2023-10-01","octubre de 2023",16.12,"idealista_historico_ccaa","2026-04-22T14:38:02.552676+00:00"
"Madrid","13","2023-09-01","septiembre de 2023",16.12,"idealista_historico_ccaa","2026-04-22T14:38:02.552676+00:00"
"Madrid","13","2023-08-01","agosto de 2023",15.92,"idealista_historico_ccaa","2026-04-22T14:38:02.552676+00:00"
"Madrid","13","2023-07-01","julio de 2023",15.62,"idealista_historico_ccaa","2026-04-22T14:38:02.552676+00:00"
"Madrid","13","2023-06-01","junio de 2023",15.42,"idealista_historico_ccaa","2026-04-22T14:38:02.552676+00:00"
"Madrid","13","2023-05-01","mayo de 2023",15.12,"idealista_historico_ccaa","2026-04-22T14:38:02.552676+00:00"
"Madrid","13","2023-04-01","abril de 2023",15.02,"idealista_historico_ccaa","2026-04-22T14:38:02.552676+00:00"
"Madrid","13","2023-03-01","marzo de 2023",14.82,"idealista_historico_ccaa","2026-04-22T14:38:02.552676+00:00"
"Madrid","13","2023-02-01","febrero de 2023",14.82,"idealista_historico_ccaa","2026-04-22T14:38:02.552676+00:00"
"Madrid","13","2023-01-01","enero de 2023",14.62,"idealista_historico_ccaa","2026-04-22T14:38:02.552676+00:00"
"Madrid","13","2022-12-01","diciembre de 2022",14.52,"idealista_historico_ccaa","2026-04-22T14:38:02.552676+00:00"
"Madrid","13","2022-11-01","noviembre de 2022",14.52,"idealista_historico_ccaa","2026-04-22T14:38:02.552676+00:00"
"Madrid","13","2022-10-01","octubre de 2022",14.72,"idealista_historico_ccaa","2026-04-22T14:38:02.552676+00:00"
"Madrid","13","2022-09-01","septiembre de 2022",14.72,"idealista_historico_ccaa","2026-04-22T14:38:02.552676+00:00"
"Madrid","13","2022-08-01","agosto de 2022",14.52,"idealista_historico_ccaa","2026-04-22T14:38:02.552676+00:00"
"Madrid","13","2022-07-01","julio de 2022",14.32,"idealista_historico_ccaa","2026-04-22T14:38:02.552676+00:00"
"Madrid","13","2022-06-01","junio de 2022",14.12,"idealista_historico_ccaa","2026-04-22T14:38:02.552676+00:00"
"Madrid","13","2022-05-01","mayo de 2022",13.82,"idealista_historico_ccaa","2026-04-22T14:38:02.552676+00:00"
"Madrid","13","2022-04-01","abril de 2022",13.72,"idealista_historico_ccaa","2026-04-22T14:38:02.552676+00:00"
"Madrid","13","2022-03-01","marzo de 2022",13.62,"idealista_historico_ccaa","2026-04-22T14:38:02.552676+00:00"
"Madrid","13","2022-02-01","febrero de 2022",13.52,"idealista_historico_ccaa","2026-04-22T14:38:02.552676+00:00"
"Madrid","13","2022-01-01","enero de 2022",13.42,"idealista_historico_ccaa","2026-04-22T14:38:02.552676+00:00"
"Madrid","13","2021-12-01","diciembre de 2021",13.32,"idealista_historico_ccaa","2026-04-22T14:38:02.552676+00:00"
"Madrid","13","2021-11-01","noviembre de 2021",13.42,"idealista_historico_ccaa","2026-04-22T14:38:02.552676+00:00"
"Madrid","13","2021-10-01","octubre de 2021",13.52,"idealista_historico_ccaa","2026-04-22T14:38:02.552676+00:00"
"Madrid","13","2021-09-01","septiembre de 2021",13.62,"idealista_historico_ccaa","2026-04-22T14:38:02.552676+00:00"
"Madrid","13","2021-08-01","agosto de 2021",13.62,"idealista_historico_ccaa","2026-04-22T14:38:02.552676+00:00"
"Madrid","13","2021-07-01","julio de 2021",13.52,"idealista_historico_ccaa","2026-04-22T14:38:02.552676+00:00"
"Madrid","13","2021-06-01","junio de 2021",13.52,"idealista_historico_ccaa","2026-04-22T14:38:02.552676+00:00"
"Madrid","13","2021-05-01","mayo de 2021",13.52,"idealista_historico_ccaa","2026-04-22T14:38:02.552676+00:00"
"Madrid","13","2021-04-01","abril de 2021",13.52,"idealista_historico_ccaa","2026-04-22T14:38:02.552676+00:00"
"Madrid","13","2021-03-01","marzo de 2021",13.62,"idealista_historico_ccaa","2026-04-22T14:38:02.552676+00:00"
"Madrid","13","2021-02-01","febrero de 2021",13.62,"idealista_historico_ccaa","2026-04-22T14:38:02.552676+00:00"
"Madrid","13","2021-01-01","enero de 2021",13.62,"idealista_historico_ccaa","2026-04-22T14:38:02.552676+00:00"
"Madrid","13","2020-12-01","diciembre de 2020",13.92,"idealista_historico_ccaa","2026-04-22T14:38:02.552676+00:00"
"Madrid","13","2020-11-01","noviembre de 2020",14.12,"idealista_historico_ccaa","2026-04-22T14:38:02.552676+00:00"
"Madrid","13","2020-10-01","octubre de 2020",14.42,"idealista_historico_ccaa","2026-04-22T14:38:02.552676+00:00"
"Madrid","13","2020-09-01","septiembre de 2020",14.62,"idealista_historico_ccaa","2026-04-22T14:38:02.552676+00:00"
"Madrid","13","2020-08-01","agosto de 2020",14.62,"idealista_historico_ccaa","2026-04-22T14:38:02.552676+00:00"
"Madrid","13","2020-07-01","julio de 2020",14.72,"idealista_historico_ccaa","2026-04-22T14:38:02.552676+00:00"
"Madrid","13","2020-06-01","junio de 2020",14.92,"idealista_historico_ccaa","2026-04-22T14:38:02.552676+00:00"
"Madrid","13","2020-05-01","mayo de 2020",14.82,"idealista_historico_ccaa","2026-04-22T14:38:02.552676+00:00"
"Madrid","13","2020-04-01","abril de 2020",14.42,"idealista_historico_ccaa","2026-04-22T14:38:02.552676+00:00"
"Madrid","13","2020-03-01","marzo de 2020",14.32,"idealista_historico_ccaa","2026-04-22T14:38:02.552676+00:00"
"Madrid","13","2020-02-01","febrero de 2020",14.22,"idealista_historico_ccaa","2026-04-22T14:38:02.552676+00:00"
"Madrid","13","2020-01-01","enero de 2020",14.02,"idealista_historico_ccaa","2026-04-22T14:38:02.552676+00:00"
"Madrid","13","2019-12-01","diciembre de 2019",14.12,"idealista_historico_ccaa","2026-04-22T14:38:02.552676+00:00"
"Madrid","13","2019-11-01","noviembre de 2019",14.32,"idealista_historico_ccaa","2026-04-22T14:38:02.552676+00:00"
"Madrid","13","2019-10-01","octubre de 2019",14.42,"idealista_historico_ccaa","2026-04-22T14:38:02.552676+00:00"
"Madrid","13","2019-09-01","septiembre de 2019",14.42,"idealista_historico_ccaa","2026-04-22T14:38:02.552676+00:00"
"Madrid","13","2019-08-01","agosto de 2019",14.32,"idealista_historico_ccaa","2026-04-22T14:38:02.552676+00:00"
"Madrid","13","2019-07-01","julio de 2019",14.22,"idealista_historico_ccaa","2026-04-22T14:38:02.552676+00:00"
"Madrid","13","2019-06-01","junio de 2019",14.22,"idealista_historico_ccaa","2026-04-22T14:38:02.552676+00:00"
"Madrid","13","2019-05-01","mayo de 2019",14.12,"idealista_historico_ccaa","2026-04-22T14:38:02.552676+00:00"
"Madrid","13","2019-04-01","abril de 2019",14.02,"idealista_historico_ccaa","2026-04-22T14:38:02.552676+00:00"
"Madrid","13","2019-03-01","marzo de 2019",14.02,"idealista_historico_ccaa","2026-04-22T14:38:02.552676+00:00"
"Madrid","13","2019-02-01","febrero de 2019",13.92,"idealista_historico_ccaa","2026-04-22T14:38:02.552676+00:00"
"Madrid","13","2019-01-01","enero de 2019",13.82,"idealista_historico_ccaa","2026-04-22T14:38:02.552676+00:00"
"Madrid","13","2018-12-01","diciembre de 2018",13.82,"idealista_historico_ccaa","2026-04-22T14:38:02.552676+00:00"
"Madrid","13","2018-11-01","noviembre de 2018",13.92,"idealista_historico_ccaa","2026-04-22T14:38:02.552676+00:00"
"Madrid","13","2018-10-01","octubre de 2018",14.02,"idealista_historico_ccaa","2026-04-22T14:38:02.552676+00:00"
"Madrid","13","2018-09-01","septiembre de 2018",14.02,"idealista_historico_ccaa","2026-04-22T14:38:02.552676+00:00"
"Madrid","13","2018-08-01","agosto de 2018",13.82,"idealista_historico_ccaa","2026-04-22T14:38:02.552676+00:00"
"Madrid","13","2018-07-01","julio de 2018",13.72,"idealista_historico_ccaa","2026-04-22T14:38:02.552676+00:00"
"Madrid","13","2018-06-01","junio de 2018",13.62,"idealista_historico_ccaa","2026-04-22T14:38:02.552676+00:00"
"Madrid","13","2018-05-01","mayo de 2018",13.42,"idealista_historico_ccaa","2026-04-22T14:38:02.552676+00:00"
"Madrid","13","2018-04-01","abril de 2018",13.42,"idealista_historico_ccaa","2026-04-22T14:38:02.552676+00:00"
"Madrid","13","2018-03-01","marzo de 2018",13.22,"idealista_historico_ccaa","2026-04-22T14:38:02.552676+00:00"
"Madrid","13","2018-02-01","febrero de 2018",13.02,"idealista_historico_ccaa","2026-04-22T14:38:02.552676+00:00"
"Madrid","13","2018-01-01","enero de 2018",12.82,"idealista_historico_ccaa","2026-04-22T14:38:02.552676+00:00"
"Madrid","13","2017-12-01","diciembre de 2017",12.72,"idealista_historico_ccaa","2026-04-22T14:38:02.552676+00:00"
"Madrid","13","2017-11-01","noviembre de 2017",12.72,"idealista_historico_ccaa","2026-04-22T14:38:02.552676+00:00"
"Madrid","13","2017-10-01","octubre de 2017",12.72,"idealista_historico_ccaa","2026-04-22T14:38:02.552676+00:00"
"Madrid","13","2017-09-01","septiembre de 2017",12.72,"idealista_historico_ccaa","2026-04-22T14:38:02.552676+00:00"
"Madrid","13","2017-08-01","agosto de 2017",12.52,"idealista_historico_ccaa","2026-04-22T14:38:02.552676+00:00"
"Madrid","13","2017-07-01","julio de 2017",12.42,"idealista_historico_ccaa","2026-04-22T14:38:02.552676+00:00"
"Madrid","13","2017-06-01","junio de 2017",12.12,"idealista_historico_ccaa","2026-04-22T14:38:02.552676+00:00"
"Madrid","13","2017-05-01","mayo de 2017",12.02,"idealista_historico_ccaa","2026-04-22T14:38:02.552676+00:00"
"Madrid","13","2017-04-01","abril de 2017",11.92,"idealista_historico_ccaa","2026-04-22T14:38:02.552676+00:00"
"Madrid","13","2017-03-01","marzo de 2017",11.82,"idealista_historico_ccaa","2026-04-22T14:38:02.552676+00:00"
"Madrid","13","2017-02-01","febrero de 2017",11.92,"idealista_historico_ccaa","2026-04-22T14:38:02.552676+00:00"
"Madrid","13","2017-01-01","enero de 2017",11.72,"idealista_historico_ccaa","2026-04-22T14:38:02.552676+00:00"
"Madrid","13","2016-12-01","diciembre de 2016",11.62,"idealista_historico_ccaa","2026-04-22T14:38:02.552676+00:00"
"Madrid","13","2016-11-01","noviembre de 2016",11.42,"idealista_historico_ccaa","2026-04-22T14:38:02.552676+00:00"
"Madrid","13","2016-10-01","octubre de 2016",11.52,"idealista_historico_ccaa","2026-04-22T14:38:02.552676+00:00"
"Madrid","13","2016-09-01","septiembre de 2016",11.52,"idealista_historico_ccaa","2026-04-22T14:38:02.552676+00:00"
"Madrid","13","2016-08-01","agosto de 2016",11.32,"idealista_historico_ccaa","2026-04-22T14:38:02.552676+00:00"
"Madrid","13","2016-07-01","julio de 2016",11.22,"idealista_historico_ccaa","2026-04-22T14:38:02.552676+00:00"
"Madrid","13","2016-06-01","junio de 2016",11.02,"idealista_historico_ccaa","2026-04-22T14:38:02.552676+00:00"
"Madrid","13","2016-05-01","mayo de 2016",10.92,"idealista_historico_ccaa","2026-04-22T14:38:02.552676+00:00"
"Madrid","13","2016-04-01","abril de 2016",10.92,"idealista_historico_ccaa","2026-04-22T14:38:02.552676+00:00"
"Madrid","13","2016-03-01","marzo de 2016",10.72,"idealista_historico_ccaa","2026-04-22T14:38:02.552676+00:00"
"Madrid","13","2016-02-01","febrero de 2016",10.62,"idealista_historico_ccaa","2026-04-22T14:38:02.552676+00:00"
"Madrid","13","2016-01-01","enero de 2016",10.62,"idealista_historico_ccaa","2026-04-22T14:38:02.552676+00:00"
"Madrid","13","2015-12-01","diciembre de 2015",10.52,"idealista_historico_ccaa","2026-04-22T14:38:02.552676+00:00"
"Madrid","13","2015-11-01","noviembre de 2015",10.62,"idealista_historico_ccaa","2026-04-22T14:38:02.552676+00:00"
"Madrid","13","2015-10-01","octubre de 2015",10.72,"idealista_historico_ccaa","2026-04-22T14:38:02.552676+00:00"
"Madrid","13","2015-09-01","septiembre de 2015",10.72,"idealista_historico_ccaa","2026-04-22T14:38:02.552676+00:00"
"Madrid","13","2015-08-01","agosto de 2015",10.62,"idealista_historico_ccaa","2026-04-22T14:38:02.552676+00:00"
"Madrid","13","2015-07-01","julio de 2015",10.52,"idealista_historico_ccaa","2026-04-22T14:38:02.552676+00:00"
"Madrid","13","2015-06-01","junio de 2015",10.32,"idealista_historico_ccaa","2026-04-22T14:38:02.552676+00:00"
"Madrid","13","2015-05-01","mayo de 2015",10.32,"idealista_historico_ccaa","2026-04-22T14:38:02.552676+00:00"
"Madrid","13","2015-04-01","abril de 2015",10.22,"idealista_historico_ccaa","2026-04-22T14:38:02.552676+00:00"
"Madrid","13","2015-03-01","marzo de 2015",10.22,"idealista_historico_ccaa","2026-04-22T14:38:02.552676+00:00"
"Madrid","13","2015-02-01","febrero de 2015",10.12,"idealista_historico_ccaa","2026-04-22T14:38:02.552676+00:00"
"Madrid","13","2015-01-01","enero de 2015",10.02,"idealista_historico_ccaa","2026-04-22T14:38:02.552676+00:00"
"Madrid","13","2014-12-01","diciembre de 2014",10.02,"idealista_historico_ccaa","2026-04-22T14:38:02.552676+00:00"
"Madrid","13","2014-11-01","noviembre de 2014",10.12,"idealista_historico_ccaa","2026-04-22T14:38:02.552676+00:00"
"Madrid","13","2014-10-01","octubre de 2014",10.12,"idealista_historico_ccaa","2026-04-22T14:38:02.552676+00:00"
"Madrid","13","2014-09-01","septiembre de 2014",10.12,"idealista_historico_ccaa","2026-04-22T14:38:02.552676+00:00"
"Madrid","13","2014-08-01","agosto de 2014",10.02,"idealista_historico_ccaa","2026-04-22T14:38:02.552676+00:00"
"Madrid","13","2014-07-01","julio de 2014",10.02,"idealista_historico_ccaa","2026-04-22T14:38:02.552676+00:00"
"Madrid","13","2014-06-01","junio de 2014",9.92,"idealista_historico_ccaa","2026-04-22T14:38:02.552676+00:00"
"Madrid","13","2014-05-01","mayo de 2014",9.92,"idealista_historico_ccaa","2026-04-22T14:38:02.552676+00:00"
"Madrid","13","2014-04-01","abril de 2014",9.92,"idealista_historico_ccaa","2026-04-22T14:38:02.552676+00:00"
"Madrid","13","2014-03-01","marzo de 2014",9.82,"idealista_historico_ccaa","2026-04-22T14:38:02.552676+00:00"
"Madrid","13","2014-02-01","febrero de 2014",9.82,"idealista_historico_ccaa","2026-04-22T14:38:02.552676+00:00"
"Madrid","13","2014-01-01","enero de 2014",9.82,"idealista_historico_ccaa","2026-04-22T14:38:02.552676+00:00"
"Madrid","13","2013-12-01","diciembre de 2013",9.82,"idealista_historico_ccaa","2026-04-22T14:38:02.552676+00:00"
"Madrid","13","2013-11-01","noviembre de 2013",9.92,"idealista_historico_ccaa","2026-04-22T14:38:02.552676+00:00"
"Madrid","13","2013-10-01","octubre de 2013",9.92,"idealista_historico_ccaa","2026-04-22T14:38:02.552676+00:00"
"Madrid","13","2013-09-01","septiembre de 2013",9.92,"idealista_historico_ccaa","2026-04-22T14:38:02.552676+00:00"
"Madrid","13","2013-08-01","agosto de 2013",9.92,"idealista_historico_ccaa","2026-04-22T14:38:02.552676+00:00"
"Madrid","13","2013-07-01","julio de 2013",9.92,"idealista_historico_ccaa","2026-04-22T14:38:02.552676+00:00"
"Madrid","13","2013-06-01","junio de 2013",9.82,"idealista_historico_ccaa","2026-04-22T14:38:02.552676+00:00"
"Madrid","13","2013-05-01","mayo de 2013",9.82,"idealista_historico_ccaa","2026-04-22T14:38:02.552676+00:00"
"Madrid","13","2013-04-01","abril de 2013",9.92,"idealista_historico_ccaa","2026-04-22T14:38:02.552676+00:00"
"Madrid","13","2013-03-01","marzo de 2013",9.92,"idealista_historico_ccaa","2026-04-22T14:38:02.552676+00:00"
"Madrid","13","2013-02-01","febrero de 2013",10.02,"idealista_historico_ccaa","2026-04-22T14:38:02.552676+00:00"
"Madrid","13","2013-01-01","enero de 2013",10.02,"idealista_historico_ccaa","2026-04-22T14:38:02.552676+00:00"
"Madrid","13","2012-12-01","diciembre de 2012",10.12,"idealista_historico_ccaa","2026-04-22T14:38:02.552676+00:00"
"Madrid","13","2012-11-01","noviembre de 2012",10.32,"idealista_historico_ccaa","2026-04-22T14:38:02.552676+00:00"
"Madrid","13","2012-10-01","octubre de 2012",10.42,"idealista_historico_ccaa","2026-04-22T14:38:02.552676+00:00"
"Madrid","13","2012-09-01","septiembre de 2012",10.52,"idealista_historico_ccaa","2026-04-22T14:38:02.552676+00:00"
"Madrid","13","2012-08-01","agosto de 2012",10.52,"idealista_historico_ccaa","2026-04-22T14:38:02.552676+00:00"
"Madrid","13","2012-07-01","julio de 2012",10.62,"idealista_historico_ccaa","2026-04-22T14:38:02.552676+00:00"
"Madrid","13","2012-06-01","junio de 2012",10.62,"idealista_historico_ccaa","2026-04-22T14:38:02.552676+00:00"
"Madrid","13","2012-05-01","mayo de 2012",10.62,"idealista_historico_ccaa","2026-04-22T14:38:02.552676+00:00"
"Madrid","13","2012-04-01","abril de 2012",10.62,"idealista_historico_ccaa","2026-04-22T14:38:02.552676+00:00"
"Madrid","13","2012-03-01","marzo de 2012",10.62,"idealista_historico_ccaa","2026-04-22T14:38:02.552676+00:00"
"Madrid","13","2012-02-01","febrero de 2012",10.72,"idealista_historico_ccaa","2026-04-22T14:38:02.552676+00:00"
"Madrid","13","2012-01-01","enero de 2012",10.72,"idealista_historico_ccaa","2026-04-22T14:38:02.552676+00:00"
"Madrid","13","2011-12-01","diciembre de 2011",10.82,"idealista_historico_ccaa","2026-04-22T14:38:02.552676+00:00"
"Madrid","13","2011-11-01","noviembre de 2011",10.92,"idealista_historico_ccaa","2026-04-22T14:38:02.552676+00:00"
"Madrid","13","2011-10-01","octubre de 2011",11.02,"idealista_historico_ccaa","2026-04-22T14:38:02.552676+00:00"
"Madrid","13","2011-09-01","septiembre de 2011",11.02,"idealista_historico_ccaa","2026-04-22T14:38:02.552676+00:00"
"Madrid","13","2011-08-01","agosto de 2011",11.02,"idealista_historico_ccaa","2026-04-22T14:38:02.552676+00:00"
"Madrid","13","2011-07-01","julio de 2011",11.12,"idealista_historico_ccaa","2026-04-22T14:38:02.552676+00:00"
"Madrid","13","2011-06-01","junio de 2011",11.02,"idealista_historico_ccaa","2026-04-22T14:38:02.552676+00:00"
"Madrid","13","2011-05-01","mayo de 2011",11.02,"idealista_historico_ccaa","2026-04-22T14:38:02.552676+00:00"
"Madrid","13","2011-04-01","abril de 2011",11.02,"idealista_historico_ccaa","2026-04-22T14:38:02.552676+00:00"
"Madrid","13","2011-03-01","marzo de 2011",11.02,"idealista_historico_ccaa","2026-04-22T14:38:02.552676+00:00"
"Madrid","13","2011-02-01","febrero de 2011",10.92,"idealista_historico_ccaa","2026-04-22T14:38:02.552676+00:00"
"Madrid","13","2011-01-01","enero de 2011",11.12,"idealista_historico_ccaa","2026-04-22T14:38:02.552676+00:00"
"Madrid","13","2010-12-01","diciembre de 2010",11.02,"idealista_historico_ccaa","2026-04-22T14:38:02.552676+00:00"
"Madrid","13","2010-11-01","noviembre de 2010",11.22,"idealista_historico_ccaa","2026-04-22T14:38:02.552676+00:00"
"Madrid","13","2010-10-01","octubre de 2010",11.22,"idealista_historico_ccaa","2026-04-22T14:38:02.552676+00:00"
"Madrid","13","2010-09-01","septiembre de 2010",11.12,"idealista_historico_ccaa","2026-04-22T14:38:02.552676+00:00"
"Madrid","13","2010-08-01","agosto de 2010",11.02,"idealista_historico_ccaa","2026-04-22T14:38:02.552676+00:00"
"Madrid","13","2010-07-01","julio de 2010",10.92,"idealista_historico_ccaa","2026-04-22T14:38:02.552676+00:00"
"Madrid","13","2010-06-01","junio de 2010",10.82,"idealista_historico_ccaa","2026-04-22T14:38:02.552676+00:00"
"Madrid","13","2010-05-01","mayo de 2010",10.92,"idealista_historico_ccaa","2026-04-22T14:38:02.552676+00:00"
"Madrid","13","2010-04-01","abril de 2010",10.92,"idealista_historico_ccaa","2026-04-22T14:38:02.552676+00:00"
"Madrid","13","2010-03-01","marzo de 2010",11.02,"idealista_historico_ccaa","2026-04-22T14:38:02.552676+00:00"
"Madrid","13","2010-02-01","febrero de 2010",10.92,"idealista_historico_ccaa","2026-04-22T14:38:02.552676+00:00"
"Madrid","13","2010-01-01","enero de 2010",11.02,"idealista_historico_ccaa","2026-04-22T14:38:02.552676+00:00"
"Madrid","13","2009-12-01","diciembre de 2009",11.12,"idealista_historico_ccaa","2026-04-22T14:38:02.552676+00:00"
"Madrid","13","2009-11-01","noviembre de 2009",11.22,"idealista_historico_ccaa","2026-04-22T14:38:02.552676+00:00"
"Madrid","13","2009-10-01","octubre de 2009",11.12,"idealista_historico_ccaa","2026-04-22T14:38:02.552676+00:00"
"Madrid","13","2009-09-01","septiembre de 2009",11.02,"idealista_historico_ccaa","2026-04-22T14:38:02.552676+00:00"
"Madrid","13","2009-08-01","agosto de 2009",11.02,"idealista_historico_ccaa","2026-04-22T14:38:02.552676+00:00"
"Madrid","13","2009-07-01","julio de 2009",11.02,"idealista_historico_ccaa","2026-04-22T14:38:02.552676+00:00"
"Madrid","13","2009-06-01","junio de 2009",10.92,"idealista_historico_ccaa","2026-04-22T14:38:02.552676+00:00"
"Madrid","13","2009-05-01","mayo de 2009",10.92,"idealista_historico_ccaa","2026-04-22T14:38:02.552676+00:00"
"Madrid","13","2009-04-01","abril de 2009",11.02,"idealista_historico_ccaa","2026-04-22T14:38:02.552676+00:00"
"Madrid","13","2009-03-01","marzo de 2009",11.12,"idealista_historico_ccaa","2026-04-22T14:38:02.552676+00:00"
"Madrid","13","2009-02-01","febrero de 2009",11.02,"idealista_historico_ccaa","2026-04-22T14:38:02.552676+00:00"
"Madrid","13","2009-01-01","enero de 2009",11.12,"idealista_historico_ccaa","2026-04-22T14:38:02.552676+00:00"
"Madrid","13","2008-12-01","diciembre de 2008",11.22,"idealista_historico_ccaa","2026-04-22T14:38:02.552676+00:00"
"Madrid","13","2008-11-01","noviembre de 2008",11.32,"idealista_historico_ccaa","2026-04-22T14:38:02.552676+00:00"
"Madrid","13","2008-10-01","octubre de 2008",11.42,"idealista_historico_ccaa","2026-04-22T14:38:02.552676+00:00"
"Madrid","13","2008-09-01","septiembre de 2008",11.32,"idealista_historico_ccaa","2026-04-22T14:38:02.552676+00:00"
"Madrid","13","2008-08-01","agosto de 2008",11.12,"idealista_historico_ccaa","2026-04-22T14:38:02.552676+00:00"
"Madrid","13","2008-07-01","julio de 2008",11.32,"idealista_historico_ccaa","2026-04-22T14:38:02.552676+00:00"
"Madrid","13","2008-06-01","junio de 2008",11.02,"idealista_historico_ccaa","2026-04-22T14:38:02.552676+00:00"
"Madrid","13","2008-05-01","mayo de 2008",10.82,"idealista_historico_ccaa","2026-04-22T14:38:02.552676+00:00"
"Madrid","13","2008-04-01","abril de 2008",11.02,"idealista_historico_ccaa","2026-04-22T14:38:02.552676+00:00"
"Madrid","13","2008-03-01","marzo de 2008",11.42,"idealista_historico_ccaa","2026-04-22T14:38:02.552676+00:00"
"Madrid","13","2008-02-01","febrero de 2008",11.72,"idealista_historico_ccaa","2026-04-22T14:38:02.552676+00:00"
"Madrid","13","2008-01-01","enero de 2008",11.02,"idealista_historico_ccaa","2026-04-22T14:38:02.552676+00:00"
"Madrid","13","2007-12-01","diciembre de 2007",10.72,"idealista_historico_ccaa","2026-04-22T14:38:02.552676+00:00"
"Madrid","13","2007-11-01","noviembre de 2007",11.12,"idealista_historico_ccaa","2026-04-22T14:38:02.552676+00:00"
"Madrid","13","2007-10-01","octubre de 2007",11.02,"idealista_historico_ccaa","2026-04-22T14:38:02.552676+00:00"
"Madrid","13","2007-09-01","septiembre de 2007",11.52,"idealista_historico_ccaa","2026-04-22T14:38:02.552676+00:00"
"Madrid","13","2007-08-01","agosto de 2007",11.42,"idealista_historico_ccaa","2026-04-22T14:38:02.552676+00:00"
"Madrid","13","2007-07-01","julio de 2007",11.52,"idealista_historico_ccaa","2026-04-22T14:38:02.552676+00:00"
"Madrid","13","2007-06-01","junio de 2007",11.42,"idealista_historico_ccaa","2026-04-22T14:38:02.552676+00:00"
"Madrid","13","2007-05-01","mayo de 2007",11.92,"idealista_historico_ccaa","2026-04-22T14:38:02.552676+00:00"
"Madrid","13","2007-04-01","abril de 2007",11.62,"idealista_historico_ccaa","2026-04-22T14:38:02.552676+00:00"
"País Vasco","16","2026-03-01","marzo de 2026",15.22,"idealista_historico_ccaa","2026-04-22T14:39:28.996764+00:00"
"País Vasco","16","2026-02-01","febrero de 2026",15.22,"idealista_historico_ccaa","2026-04-22T14:39:28.996764+00:00"
"País Vasco","16","2026-01-01","enero de 2026",15.22,"idealista_historico_ccaa","2026-04-22T14:39:28.996764+00:00"
"Comunidad Valenciana","10","2013-02-01","febrero de 2013",5.42,"idealista_historico_ccaa","2026-04-22T13:39:35.057895+00:00"
"Comunidad Valenciana","10","2013-01-01","enero de 2013",5.42,"idealista_historico_ccaa","2026-04-22T13:39:35.057895+00:00"
"Comunidad Valenciana","10","2012-12-01","diciembre de 2012",5.42,"idealista_historico_ccaa","2026-04-22T13:39:35.057895+00:00"
"Comunidad Valenciana","10","2012-11-01","noviembre de 2012",5.52,"idealista_historico_ccaa","2026-04-22T13:39:35.057895+00:00"
"Comunidad Valenciana","10","2012-10-01","octubre de 2012",5.52,"idealista_historico_ccaa","2026-04-22T13:39:35.057895+00:00"
"Comunidad Valenciana","10","2012-09-01","septiembre de 2012",5.52,"idealista_historico_ccaa","2026-04-22T13:39:35.057895+00:00"
"Comunidad Valenciana","10","2012-08-01","agosto de 2012",5.62,"idealista_historico_ccaa","2026-04-22T13:39:35.057895+00:00"
"Comunidad Valenciana","10","2012-07-01","julio de 2012",5.62,"idealista_historico_ccaa","2026-04-22T13:39:35.057895+00:00"
"Comunidad Valenciana","10","2012-06-01","junio de 2012",5.62,"idealista_historico_ccaa","2026-04-22T13:39:35.057895+00:00"
"Comunidad Valenciana","10","2012-05-01","mayo de 2012",5.72,"idealista_historico_ccaa","2026-04-22T13:39:35.057895+00:00"
"Comunidad Valenciana","10","2012-04-01","abril de 2012",5.72,"idealista_historico_ccaa","2026-04-22T13:39:35.057895+00:00"
"Comunidad Valenciana","10","2012-03-01","marzo de 2012",5.72,"idealista_historico_ccaa","2026-04-22T13:39:35.057895+00:00"
"Comunidad Valenciana","10","2012-02-01","febrero de 2012",5.72,"idealista_historico_ccaa","2026-04-22T13:39:35.057895+00:00"
"Comunidad Valenciana","10","2012-01-01","enero de 2012",5.72,"idealista_historico_ccaa","2026-04-22T13:39:35.057895+00:00"
"Comunidad Valenciana","10","2011-12-01","diciembre de 2011",5.72,"idealista_historico_ccaa","2026-04-22T13:39:35.057895+00:00"
"Comunidad Valenciana","10","2011-11-01","noviembre de 2011",5.72,"idealista_historico_ccaa","2026-04-22T13:39:35.057895+00:00"
"Comunidad Valenciana","10","2011-10-01","octubre de 2011",5.72,"idealista_historico_ccaa","2026-04-22T13:39:35.057895+00:00"
"Comunidad Valenciana","10","2011-09-01","septiembre de 2011",5.72,"idealista_historico_ccaa","2026-04-22T13:39:35.057895+00:00"
"Comunidad Valenciana","10","2011-08-01","agosto de 2011",5.72,"idealista_historico_ccaa","2026-04-22T13:39:35.057895+00:00"
"Comunidad Valenciana","10","2011-07-01","julio de 2011",5.72,"idealista_historico_ccaa","2026-04-22T13:39:35.057895+00:00"
"Comunidad Valenciana","10","2011-06-01","junio de 2011",5.82,"idealista_historico_ccaa","2026-04-22T13:39:35.057895+00:00"
"Comunidad Valenciana","10","2011-05-01","mayo de 2011",5.72,"idealista_historico_ccaa","2026-04-22T13:39:35.057895+00:00"
"Comunidad Valenciana","10","2011-04-01","abril de 2011",5.72,"idealista_historico_ccaa","2026-04-22T13:39:35.057895+00:00"
"País Vasco","16","2025-12-01","diciembre de 2025",14.92,"idealista_historico_ccaa","2026-04-22T14:39:28.996764+00:00"
"País Vasco","16","2025-11-01","noviembre de 2025",14.82,"idealista_historico_ccaa","2026-04-22T14:39:28.996764+00:00"
"País Vasco","16","2025-10-01","octubre de 2025",14.92,"idealista_historico_ccaa","2026-04-22T14:39:28.996764+00:00"
"País Vasco","16","2025-09-01","septiembre de 2025",14.92,"idealista_historico_ccaa","2026-04-22T14:39:28.996764+00:00"
"País Vasco","16","2025-08-01","agosto de 2025",14.92,"idealista_historico_ccaa","2026-04-22T14:39:28.996764+00:00"
"País Vasco","16","2025-07-01","julio de 2025",14.92,"idealista_historico_ccaa","2026-04-22T14:39:28.996764+00:00"
"País Vasco","16","2025-06-01","junio de 2025",14.92,"idealista_historico_ccaa","2026-04-22T14:39:28.996764+00:00"
"País Vasco","16","2025-05-01","mayo de 2025",14.82,"idealista_historico_ccaa","2026-04-22T14:39:28.996764+00:00"
"País Vasco","16","2025-04-01","abril de 2025",14.52,"idealista_historico_ccaa","2026-04-22T14:39:28.996764+00:00"
"País Vasco","16","2025-03-01","marzo de 2025",14.42,"idealista_historico_ccaa","2026-04-22T14:39:28.996764+00:00"
"País Vasco","16","2025-02-01","febrero de 2025",14.42,"idealista_historico_ccaa","2026-04-22T14:39:28.996764+00:00"
"País Vasco","16","2025-01-01","enero de 2025",14.42,"idealista_historico_ccaa","2026-04-22T14:39:28.996764+00:00"
"País Vasco","16","2024-12-01","diciembre de 2024",14.42,"idealista_historico_ccaa","2026-04-22T14:39:28.996764+00:00"
"País Vasco","16","2024-11-01","noviembre de 2024",14.22,"idealista_historico_ccaa","2026-04-22T14:39:28.996764+00:00"
"País Vasco","16","2024-10-01","octubre de 2024",14.22,"idealista_historico_ccaa","2026-04-22T14:39:28.996764+00:00"
"País Vasco","16","2024-09-01","septiembre de 2024",14.12,"idealista_historico_ccaa","2026-04-22T14:39:28.996764+00:00"
"País Vasco","16","2024-08-01","agosto de 2024",14.12,"idealista_historico_ccaa","2026-04-22T14:39:28.996764+00:00"
"País Vasco","16","2024-07-01","julio de 2024",13.92,"idealista_historico_ccaa","2026-04-22T14:39:28.996764+00:00"
"País Vasco","16","2024-06-01","junio de 2024",14.02,"idealista_historico_ccaa","2026-04-22T14:39:28.996764+00:00"
"País Vasco","16","2024-05-01","mayo de 2024",13.82,"idealista_historico_ccaa","2026-04-22T14:39:28.996764+00:00"
"País Vasco","16","2024-04-01","abril de 2024",13.62,"idealista_historico_ccaa","2026-04-22T14:39:28.996764+00:00"
"País Vasco","16","2024-03-01","marzo de 2024",13.32,"idealista_historico_ccaa","2026-04-22T14:39:28.996764+00:00"
"País Vasco","16","2024-02-01","febrero de 2024",13.42,"idealista_historico_ccaa","2026-04-22T14:39:28.996764+00:00"
"País Vasco","16","2024-01-01","enero de 2024",13.42,"idealista_historico_ccaa","2026-04-22T14:39:28.996764+00:00"
"País Vasco","16","2023-12-01","diciembre de 2023",13.22,"idealista_historico_ccaa","2026-04-22T14:39:28.996764+00:00"
"País Vasco","16","2023-11-01","noviembre de 2023",13.12,"idealista_historico_ccaa","2026-04-22T14:39:28.996764+00:00"
"País Vasco","16","2023-10-01","octubre de 2023",13.22,"idealista_historico_ccaa","2026-04-22T14:39:28.996764+00:00"
"País Vasco","16","2023-09-01","septiembre de 2023",13.12,"idealista_historico_ccaa","2026-04-22T14:39:28.996764+00:00"
"País Vasco","16","2023-08-01","agosto de 2023",13.02,"idealista_historico_ccaa","2026-04-22T14:39:28.996764+00:00"
"País Vasco","16","2023-07-01","julio de 2023",12.92,"idealista_historico_ccaa","2026-04-22T14:39:28.996764+00:00"
"País Vasco","16","2023-06-01","junio de 2023",12.72,"idealista_historico_ccaa","2026-04-22T14:39:28.996764+00:00"
"País Vasco","16","2023-05-01","mayo de 2023",12.62,"idealista_historico_ccaa","2026-04-22T14:39:28.996764+00:00"
"País Vasco","16","2023-04-01","abril de 2023",12.62,"idealista_historico_ccaa","2026-04-22T14:39:28.996764+00:00"
"País Vasco","16","2023-03-01","marzo de 2023",12.62,"idealista_historico_ccaa","2026-04-22T14:39:28.996764+00:00"
"País Vasco","16","2023-02-01","febrero de 2023",12.62,"idealista_historico_ccaa","2026-04-22T14:39:28.996764+00:00"
"País Vasco","16","2023-01-01","enero de 2023",12.62,"idealista_historico_ccaa","2026-04-22T14:39:28.996764+00:00"
"País Vasco","16","2022-12-01","diciembre de 2022",12.52,"idealista_historico_ccaa","2026-04-22T14:39:28.996764+00:00"
"País Vasco","16","2022-11-01","noviembre de 2022",12.42,"idealista_historico_ccaa","2026-04-22T14:39:28.996764+00:00"
"País Vasco","16","2022-10-01","octubre de 2022",12.32,"idealista_historico_ccaa","2026-04-22T14:39:28.996764+00:00"
"País Vasco","16","2022-09-01","septiembre de 2022",12.32,"idealista_historico_ccaa","2026-04-22T14:39:28.996764+00:00"
"País Vasco","16","2022-08-01","agosto de 2022",12.22,"idealista_historico_ccaa","2026-04-22T14:39:28.996764+00:00"
"País Vasco","16","2022-07-01","julio de 2022",12.22,"idealista_historico_ccaa","2026-04-22T14:39:28.996764+00:00"
"País Vasco","16","2022-06-01","junio de 2022",12.22,"idealista_historico_ccaa","2026-04-22T14:39:28.996764+00:00"
"País Vasco","16","2022-05-01","mayo de 2022",12.22,"idealista_historico_ccaa","2026-04-22T14:39:28.996764+00:00"
"País Vasco","16","2022-04-01","abril de 2022",12.22,"idealista_historico_ccaa","2026-04-22T14:39:28.996764+00:00"
"País Vasco","16","2022-03-01","marzo de 2022",12.12,"idealista_historico_ccaa","2026-04-22T14:39:28.996764+00:00"
"País Vasco","16","2022-02-01","febrero de 2022",12.02,"idealista_historico_ccaa","2026-04-22T14:39:28.996764+00:00"
"País Vasco","16","2022-01-01","enero de 2022",12.12,"idealista_historico_ccaa","2026-04-22T14:39:28.996764+00:00"
"País Vasco","16","2021-12-01","diciembre de 2021",12.02,"idealista_historico_ccaa","2026-04-22T14:39:28.996764+00:00"
"País Vasco","16","2021-11-01","noviembre de 2021",12.22,"idealista_historico_ccaa","2026-04-22T14:39:28.996764+00:00"
"País Vasco","16","2021-10-01","octubre de 2021",12.22,"idealista_historico_ccaa","2026-04-22T14:39:28.996764+00:00"
"País Vasco","16","2021-09-01","septiembre de 2021",12.12,"idealista_historico_ccaa","2026-04-22T14:39:28.996764+00:00"
"País Vasco","16","2021-08-01","agosto de 2021",12.02,"idealista_historico_ccaa","2026-04-22T14:39:28.996764+00:00"
"País Vasco","16","2021-07-01","julio de 2021",11.92,"idealista_historico_ccaa","2026-04-22T14:39:28.996764+00:00"
"País Vasco","16","2021-06-01","junio de 2021",12.02,"idealista_historico_ccaa","2026-04-22T14:39:28.996764+00:00"
"País Vasco","16","2021-05-01","mayo de 2021",12.02,"idealista_historico_ccaa","2026-04-22T14:39:28.996764+00:00"
"País Vasco","16","2021-04-01","abril de 2021",12.12,"idealista_historico_ccaa","2026-04-22T14:39:28.996764+00:00"
"País Vasco","16","2021-03-01","marzo de 2021",12.12,"idealista_historico_ccaa","2026-04-22T14:39:28.996764+00:00"
"País Vasco","16","2021-02-01","febrero de 2021",12.02,"idealista_historico_ccaa","2026-04-22T14:39:28.996764+00:00"
"País Vasco","16","2021-01-01","enero de 2021",12.22,"idealista_historico_ccaa","2026-04-22T14:39:28.996764+00:00"
"País Vasco","16","2020-12-01","diciembre de 2020",12.22,"idealista_historico_ccaa","2026-04-22T14:39:28.996764+00:00"
"País Vasco","16","2020-11-01","noviembre de 2020",12.12,"idealista_historico_ccaa","2026-04-22T14:39:28.996764+00:00"
"País Vasco","16","2020-10-01","octubre de 2020",12.12,"idealista_historico_ccaa","2026-04-22T14:39:28.996764+00:00"
"País Vasco","16","2020-09-01","septiembre de 2020",12.02,"idealista_historico_ccaa","2026-04-22T14:39:28.996764+00:00"
"País Vasco","16","2020-08-01","agosto de 2020",11.92,"idealista_historico_ccaa","2026-04-22T14:39:28.996764+00:00"
"País Vasco","16","2020-07-01","julio de 2020",11.82,"idealista_historico_ccaa","2026-04-22T14:39:28.996764+00:00"
"País Vasco","16","2020-06-01","junio de 2020",11.82,"idealista_historico_ccaa","2026-04-22T14:39:28.996764+00:00"
"País Vasco","16","2020-05-01","mayo de 2020",11.92,"idealista_historico_ccaa","2026-04-22T14:39:28.996764+00:00"
"País Vasco","16","2020-04-01","abril de 2020",11.92,"idealista_historico_ccaa","2026-04-22T14:39:28.996764+00:00"
"La Rioja","26","2026-03-01","marzo de 2026",9.22,"idealista_historico_ccaa","2026-04-22T13:38:14.492471+00:00"
"La Rioja","26","2026-02-01","febrero de 2026",8.92,"idealista_historico_ccaa","2026-04-22T13:38:14.492471+00:00"
"País Vasco","16","2020-03-01","marzo de 2020",11.82,"idealista_historico_ccaa","2026-04-22T14:39:28.996764+00:00"
"País Vasco","16","2020-02-01","febrero de 2020",12.02,"idealista_historico_ccaa","2026-04-22T14:39:28.996764+00:00"
"País Vasco","16","2020-01-01","enero de 2020",11.82,"idealista_historico_ccaa","2026-04-22T14:39:28.996764+00:00"
"País Vasco","16","2019-12-01","diciembre de 2019",11.72,"idealista_historico_ccaa","2026-04-22T14:39:28.996764+00:00"
"País Vasco","16","2019-11-01","noviembre de 2019",11.72,"idealista_historico_ccaa","2026-04-22T14:39:28.996764+00:00"
"La Rioja","26","2026-01-01","enero de 2026",9.12,"idealista_historico_ccaa","2026-04-22T13:38:14.492471+00:00"
"La Rioja","26","2025-12-01","diciembre de 2025",9.12,"idealista_historico_ccaa","2026-04-22T13:38:14.492471+00:00"
"La Rioja","26","2025-11-01","noviembre de 2025",8.92,"idealista_historico_ccaa","2026-04-22T13:38:14.492471+00:00"
"La Rioja","26","2025-10-01","octubre de 2025",9.02,"idealista_historico_ccaa","2026-04-22T13:38:14.492471+00:00"
"La Rioja","26","2025-09-01","septiembre de 2025",9.02,"idealista_historico_ccaa","2026-04-22T13:38:14.492471+00:00"
"La Rioja","26","2025-08-01","agosto de 2025",9.12,"idealista_historico_ccaa","2026-04-22T13:38:14.492471+00:00"
"La Rioja","26","2025-07-01","julio de 2025",9.02,"idealista_historico_ccaa","2026-04-22T13:38:14.492471+00:00"
"La Rioja","26","2025-06-01","junio de 2025",9.02,"idealista_historico_ccaa","2026-04-22T13:38:14.492471+00:00"
"La Rioja","26","2025-05-01","mayo de 2025",8.82,"idealista_historico_ccaa","2026-04-22T13:38:14.492471+00:00"
"La Rioja","26","2025-04-01","abril de 2025",8.92,"idealista_historico_ccaa","2026-04-22T13:38:14.492471+00:00"
"La Rioja","26","2025-03-01","marzo de 2025",8.82,"idealista_historico_ccaa","2026-04-22T13:38:14.492471+00:00"
"La Rioja","26","2025-02-01","febrero de 2025",8.72,"idealista_historico_ccaa","2026-04-22T13:38:14.492471+00:00"
"La Rioja","26","2025-01-01","enero de 2025",8.42,"idealista_historico_ccaa","2026-04-22T13:38:14.492471+00:00"
"La Rioja","26","2024-12-01","diciembre de 2024",8.22,"idealista_historico_ccaa","2026-04-22T13:38:14.492471+00:00"
"La Rioja","26","2024-11-01","noviembre de 2024",8.22,"idealista_historico_ccaa","2026-04-22T13:38:14.492471+00:00"
"La Rioja","26","2024-10-01","octubre de 2024",8.22,"idealista_historico_ccaa","2026-04-22T13:38:14.492471+00:00"
"La Rioja","26","2024-09-01","septiembre de 2024",8.22,"idealista_historico_ccaa","2026-04-22T13:38:14.492471+00:00"
"La Rioja","26","2024-08-01","agosto de 2024",8.22,"idealista_historico_ccaa","2026-04-22T13:38:14.492471+00:00"
"La Rioja","26","2024-07-01","julio de 2024",8.02,"idealista_historico_ccaa","2026-04-22T13:38:14.492471+00:00"
"La Rioja","26","2024-06-01","junio de 2024",8.02,"idealista_historico_ccaa","2026-04-22T13:38:14.492471+00:00"
"La Rioja","26","2024-05-01","mayo de 2024",7.92,"idealista_historico_ccaa","2026-04-22T13:38:14.492471+00:00"
"La Rioja","26","2024-04-01","abril de 2024",7.92,"idealista_historico_ccaa","2026-04-22T13:38:14.492471+00:00"
"La Rioja","26","2024-03-01","marzo de 2024",7.92,"idealista_historico_ccaa","2026-04-22T13:38:14.492471+00:00"
"La Rioja","26","2024-02-01","febrero de 2024",7.82,"idealista_historico_ccaa","2026-04-22T13:38:14.492471+00:00"
"La Rioja","26","2024-01-01","enero de 2024",7.82,"idealista_historico_ccaa","2026-04-22T13:38:14.492471+00:00"
"La Rioja","26","2023-12-01","diciembre de 2023",7.72,"idealista_historico_ccaa","2026-04-22T13:38:14.492471+00:00"
"La Rioja","26","2023-11-01","noviembre de 2023",7.72,"idealista_historico_ccaa","2026-04-22T13:38:14.492471+00:00"
"La Rioja","26","2023-10-01","octubre de 2023",7.72,"idealista_historico_ccaa","2026-04-22T13:38:14.492471+00:00"
"La Rioja","26","2023-09-01","septiembre de 2023",7.72,"idealista_historico_ccaa","2026-04-22T13:38:14.492471+00:00"
"La Rioja","26","2023-08-01","agosto de 2023",7.72,"idealista_historico_ccaa","2026-04-22T13:38:14.492471+00:00"
"La Rioja","26","2023-07-01","julio de 2023",7.52,"idealista_historico_ccaa","2026-04-22T13:38:14.492471+00:00"
"La Rioja","26","2023-06-01","junio de 2023",7.52,"idealista_historico_ccaa","2026-04-22T13:38:14.492471+00:00"
"La Rioja","26","2023-05-01","mayo de 2023",7.32,"idealista_historico_ccaa","2026-04-22T13:38:14.492471+00:00"
"La Rioja","26","2023-04-01","abril de 2023",7.32,"idealista_historico_ccaa","2026-04-22T13:38:14.492471+00:00"
"La Rioja","26","2023-03-01","marzo de 2023",7.22,"idealista_historico_ccaa","2026-04-22T13:38:14.492471+00:00"
"La Rioja","26","2023-02-01","febrero de 2023",7.22,"idealista_historico_ccaa","2026-04-22T13:38:14.492471+00:00"
"La Rioja","26","2023-01-01","enero de 2023",7.22,"idealista_historico_ccaa","2026-04-22T13:38:14.492471+00:00"
"La Rioja","26","2022-12-01","diciembre de 2022",7.22,"idealista_historico_ccaa","2026-04-22T13:38:14.492471+00:00"
"La Rioja","26","2022-11-01","noviembre de 2022",7.12,"idealista_historico_ccaa","2026-04-22T13:38:14.492471+00:00"
"La Rioja","26","2022-10-01","octubre de 2022",7.22,"idealista_historico_ccaa","2026-04-22T13:38:14.492471+00:00"
"La Rioja","26","2022-09-01","septiembre de 2022",7.42,"idealista_historico_ccaa","2026-04-22T13:38:14.492471+00:00"
"La Rioja","26","2022-08-01","agosto de 2022",7.32,"idealista_historico_ccaa","2026-04-22T13:38:14.492471+00:00"
"La Rioja","26","2022-07-01","julio de 2022",7.42,"idealista_historico_ccaa","2026-04-22T13:38:14.492471+00:00"
"La Rioja","26","2022-06-01","junio de 2022",7.22,"idealista_historico_ccaa","2026-04-22T13:38:14.492471+00:00"
"La Rioja","26","2022-05-01","mayo de 2022",7.12,"idealista_historico_ccaa","2026-04-22T13:38:14.492471+00:00"
"La Rioja","26","2022-04-01","abril de 2022",7.22,"idealista_historico_ccaa","2026-04-22T13:38:14.492471+00:00"
"La Rioja","26","2022-03-01","marzo de 2022",7.02,"idealista_historico_ccaa","2026-04-22T13:38:14.492471+00:00"
"La Rioja","26","2022-02-01","febrero de 2022",7.02,"idealista_historico_ccaa","2026-04-22T13:38:14.492471+00:00"
"La Rioja","26","2022-01-01","enero de 2022",6.92,"idealista_historico_ccaa","2026-04-22T13:38:14.492471+00:00"
"La Rioja","26","2021-12-01","diciembre de 2021",6.82,"idealista_historico_ccaa","2026-04-22T13:38:14.492471+00:00"
"La Rioja","26","2021-11-01","noviembre de 2021",6.82,"idealista_historico_ccaa","2026-04-22T13:38:14.492471+00:00"
"La Rioja","26","2021-10-01","octubre de 2021",6.82,"idealista_historico_ccaa","2026-04-22T13:38:14.492471+00:00"
"La Rioja","26","2021-09-01","septiembre de 2021",6.92,"idealista_historico_ccaa","2026-04-22T13:38:14.492471+00:00"
"País Vasco","16","2019-10-01","octubre de 2019",11.62,"idealista_historico_ccaa","2026-04-22T14:39:28.996764+00:00"
"País Vasco","16","2019-09-01","septiembre de 2019",11.52,"idealista_historico_ccaa","2026-04-22T14:39:28.996764+00:00"
"País Vasco","16","2019-08-01","agosto de 2019",11.42,"idealista_historico_ccaa","2026-04-22T14:39:28.996764+00:00"
"País Vasco","16","2019-07-01","julio de 2019",11.32,"idealista_historico_ccaa","2026-04-22T14:39:28.996764+00:00"
"País Vasco","16","2019-06-01","junio de 2019",11.32,"idealista_historico_ccaa","2026-04-22T14:39:28.996764+00:00"
"País Vasco","16","2019-05-01","mayo de 2019",11.32,"idealista_historico_ccaa","2026-04-22T14:39:28.996764+00:00"
"País Vasco","16","2019-04-01","abril de 2019",11.12,"idealista_historico_ccaa","2026-04-22T14:39:28.996764+00:00"
"País Vasco","16","2019-03-01","marzo de 2019",11.12,"idealista_historico_ccaa","2026-04-22T14:39:28.996764+00:00"
"País Vasco","16","2019-02-01","febrero de 2019",11.22,"idealista_historico_ccaa","2026-04-22T14:39:28.996764+00:00"
"País Vasco","16","2019-01-01","enero de 2019",11.12,"idealista_historico_ccaa","2026-04-22T14:39:28.996764+00:00"
"País Vasco","16","2018-12-01","diciembre de 2018",11.22,"idealista_historico_ccaa","2026-04-22T14:39:28.996764+00:00"
"País Vasco","16","2018-11-01","noviembre de 2018",11.32,"idealista_historico_ccaa","2026-04-22T14:39:28.996764+00:00"
"País Vasco","16","2018-10-01","octubre de 2018",11.22,"idealista_historico_ccaa","2026-04-22T14:39:28.996764+00:00"
"País Vasco","16","2018-09-01","septiembre de 2018",11.22,"idealista_historico_ccaa","2026-04-22T14:39:28.996764+00:00"
"País Vasco","16","2018-08-01","agosto de 2018",11.12,"idealista_historico_ccaa","2026-04-22T14:39:28.996764+00:00"
"País Vasco","16","2018-07-01","julio de 2018",11.12,"idealista_historico_ccaa","2026-04-22T14:39:28.996764+00:00"
"País Vasco","16","2018-06-01","junio de 2018",11.12,"idealista_historico_ccaa","2026-04-22T14:39:28.996764+00:00"
"País Vasco","16","2018-05-01","mayo de 2018",11.12,"idealista_historico_ccaa","2026-04-22T14:39:28.996764+00:00"
"País Vasco","16","2018-04-01","abril de 2018",11.02,"idealista_historico_ccaa","2026-04-22T14:39:28.996764+00:00"
"La Rioja","26","2021-08-01","agosto de 2021",6.92,"idealista_historico_ccaa","2026-04-22T13:38:14.492471+00:00"
"La Rioja","26","2021-07-01","julio de 2021",6.92,"idealista_historico_ccaa","2026-04-22T13:38:14.492471+00:00"
"La Rioja","26","2021-06-01","junio de 2021",7.02,"idealista_historico_ccaa","2026-04-22T13:38:14.492471+00:00"
"La Rioja","26","2021-05-01","mayo de 2021",6.92,"idealista_historico_ccaa","2026-04-22T13:38:14.492471+00:00"
"La Rioja","26","2021-04-01","abril de 2021",6.82,"idealista_historico_ccaa","2026-04-22T13:38:14.492471+00:00"
"La Rioja","26","2021-03-01","marzo de 2021",6.72,"idealista_historico_ccaa","2026-04-22T13:38:14.492471+00:00"
"La Rioja","26","2021-02-01","febrero de 2021",6.82,"idealista_historico_ccaa","2026-04-22T13:38:14.492471+00:00"
"La Rioja","26","2021-01-01","enero de 2021",6.72,"idealista_historico_ccaa","2026-04-22T13:38:14.492471+00:00"
"La Rioja","26","2020-12-01","diciembre de 2020",6.62,"idealista_historico_ccaa","2026-04-22T13:38:14.492471+00:00"
"La Rioja","26","2020-11-01","noviembre de 2020",6.72,"idealista_historico_ccaa","2026-04-22T13:38:14.492471+00:00"
"La Rioja","26","2020-10-01","octubre de 2020",6.72,"idealista_historico_ccaa","2026-04-22T13:38:14.492471+00:00"
"La Rioja","26","2020-09-01","septiembre de 2020",6.72,"idealista_historico_ccaa","2026-04-22T13:38:14.492471+00:00"
"La Rioja","26","2020-08-01","agosto de 2020",6.82,"idealista_historico_ccaa","2026-04-22T13:38:14.492471+00:00"
"La Rioja","26","2020-07-01","julio de 2020",6.72,"idealista_historico_ccaa","2026-04-22T13:38:14.492471+00:00"
"La Rioja","26","2020-06-01","junio de 2020",6.62,"idealista_historico_ccaa","2026-04-22T13:38:14.492471+00:00"
"La Rioja","26","2020-05-01","mayo de 2020",6.52,"idealista_historico_ccaa","2026-04-22T13:38:14.492471+00:00"
"La Rioja","26","2020-04-01","abril de 2020",6.42,"idealista_historico_ccaa","2026-04-22T13:38:14.492471+00:00"
"La Rioja","26","2020-03-01","marzo de 2020",6.32,"idealista_historico_ccaa","2026-04-22T13:38:14.492471+00:00"
"La Rioja","26","2020-02-01","febrero de 2020",6.42,"idealista_historico_ccaa","2026-04-22T13:38:14.492471+00:00"
"La Rioja","26","2020-01-01","enero de 2020",6.52,"idealista_historico_ccaa","2026-04-22T13:38:14.492471+00:00"
"La Rioja","26","2019-12-01","diciembre de 2019",6.52,"idealista_historico_ccaa","2026-04-22T13:38:14.492471+00:00"
"La Rioja","26","2019-11-01","noviembre de 2019",6.42,"idealista_historico_ccaa","2026-04-22T13:38:14.492471+00:00"
"La Rioja","26","2019-10-01","octubre de 2019",6.42,"idealista_historico_ccaa","2026-04-22T13:38:14.492471+00:00"
"La Rioja","26","2019-09-01","septiembre de 2019",6.42,"idealista_historico_ccaa","2026-04-22T13:38:14.492471+00:00"
"La Rioja","26","2019-08-01","agosto de 2019",6.32,"idealista_historico_ccaa","2026-04-22T13:38:14.492471+00:00"
"La Rioja","26","2019-07-01","julio de 2019",6.32,"idealista_historico_ccaa","2026-04-22T13:38:14.492471+00:00"
"La Rioja","26","2019-06-01","junio de 2019",6.22,"idealista_historico_ccaa","2026-04-22T13:38:14.492471+00:00"
"La Rioja","26","2019-05-01","mayo de 2019",6.12,"idealista_historico_ccaa","2026-04-22T13:38:14.492471+00:00"
"La Rioja","26","2019-04-01","abril de 2019",6.02,"idealista_historico_ccaa","2026-04-22T13:38:14.492471+00:00"
"La Rioja","26","2019-03-01","marzo de 2019",6.02,"idealista_historico_ccaa","2026-04-22T13:38:14.492471+00:00"
"La Rioja","26","2019-02-01","febrero de 2019",6.02,"idealista_historico_ccaa","2026-04-22T13:38:14.492471+00:00"
"La Rioja","26","2019-01-01","enero de 2019",5.92,"idealista_historico_ccaa","2026-04-22T13:38:14.492471+00:00"
"La Rioja","26","2018-12-01","diciembre de 2018",6.02,"idealista_historico_ccaa","2026-04-22T13:38:14.492471+00:00"
"La Rioja","26","2018-11-01","noviembre de 2018",5.92,"idealista_historico_ccaa","2026-04-22T13:38:14.492471+00:00"
"La Rioja","26","2018-10-01","octubre de 2018",6.12,"idealista_historico_ccaa","2026-04-22T13:38:14.492471+00:00"
"La Rioja","26","2018-09-01","septiembre de 2018",6.32,"idealista_historico_ccaa","2026-04-22T13:38:14.492471+00:00"
"La Rioja","26","2018-08-01","agosto de 2018",6.32,"idealista_historico_ccaa","2026-04-22T13:38:14.492471+00:00"
"La Rioja","26","2018-07-01","julio de 2018",5.92,"idealista_historico_ccaa","2026-04-22T13:38:14.492471+00:00"
"La Rioja","26","2018-06-01","junio de 2018",5.82,"idealista_historico_ccaa","2026-04-22T13:38:14.492471+00:00"
"La Rioja","26","2018-05-01","mayo de 2018",5.92,"idealista_historico_ccaa","2026-04-22T13:38:14.492471+00:00"
"La Rioja","26","2018-04-01","abril de 2018",5.72,"idealista_historico_ccaa","2026-04-22T13:38:14.492471+00:00"
"La Rioja","26","2018-03-01","marzo de 2018",5.72,"idealista_historico_ccaa","2026-04-22T13:38:14.492471+00:00"
"La Rioja","26","2018-02-01","febrero de 2018",5.62,"idealista_historico_ccaa","2026-04-22T13:38:14.492471+00:00"
"La Rioja","26","2018-01-01","enero de 2018",5.52,"idealista_historico_ccaa","2026-04-22T13:38:14.492471+00:00"
"La Rioja","26","2017-12-01","diciembre de 2017",5.52,"idealista_historico_ccaa","2026-04-22T13:38:14.492471+00:00"
"La Rioja","26","2017-11-01","noviembre de 2017",5.52,"idealista_historico_ccaa","2026-04-22T13:38:14.492471+00:00"
"La Rioja","26","2017-10-01","octubre de 2017",5.42,"idealista_historico_ccaa","2026-04-22T13:38:14.492471+00:00"
"La Rioja","26","2017-09-01","septiembre de 2017",5.42,"idealista_historico_ccaa","2026-04-22T13:38:14.492471+00:00"
"La Rioja","26","2017-08-01","agosto de 2017",5.52,"idealista_historico_ccaa","2026-04-22T13:38:14.492471+00:00"
"La Rioja","26","2017-07-01","julio de 2017",5.52,"idealista_historico_ccaa","2026-04-22T13:38:14.492471+00:00"
"La Rioja","26","2017-06-01","junio de 2017",5.52,"idealista_historico_ccaa","2026-04-22T13:38:14.492471+00:00"
"La Rioja","26","2017-05-01","mayo de 2017",5.32,"idealista_historico_ccaa","2026-04-22T13:38:14.492471+00:00"
"La Rioja","26","2017-04-01","abril de 2017",5.42,"idealista_historico_ccaa","2026-04-22T13:38:14.492471+00:00"
"La Rioja","26","2017-03-01","marzo de 2017",5.22,"idealista_historico_ccaa","2026-04-22T13:38:14.492471+00:00"
"La Rioja","26","2017-02-01","febrero de 2017",5.32,"idealista_historico_ccaa","2026-04-22T13:38:14.492471+00:00"
"La Rioja","26","2017-01-01","enero de 2017",5.32,"idealista_historico_ccaa","2026-04-22T13:38:14.492471+00:00"
"La Rioja","26","2016-12-01","diciembre de 2016",5.22,"idealista_historico_ccaa","2026-04-22T13:38:14.492471+00:00"
"La Rioja","26","2016-11-01","noviembre de 2016",5.22,"idealista_historico_ccaa","2026-04-22T13:38:14.492471+00:00"
"La Rioja","26","2016-10-01","octubre de 2016",5.22,"idealista_historico_ccaa","2026-04-22T13:38:14.492471+00:00"
"La Rioja","26","2016-09-01","septiembre de 2016",5.32,"idealista_historico_ccaa","2026-04-22T13:38:14.492471+00:00"
"La Rioja","26","2016-08-01","agosto de 2016",5.32,"idealista_historico_ccaa","2026-04-22T13:38:14.492471+00:00"
"La Rioja","26","2016-07-01","julio de 2016",5.32,"idealista_historico_ccaa","2026-04-22T13:38:14.492471+00:00"
"La Rioja","26","2016-06-01","junio de 2016",5.22,"idealista_historico_ccaa","2026-04-22T13:38:14.492471+00:00"
"La Rioja","26","2016-05-01","mayo de 2016",5.12,"idealista_historico_ccaa","2026-04-22T13:38:14.492471+00:00"
"La Rioja","26","2016-04-01","abril de 2016",5.02,"idealista_historico_ccaa","2026-04-22T13:38:14.492471+00:00"
"La Rioja","26","2016-03-01","marzo de 2016",4.92,"idealista_historico_ccaa","2026-04-22T13:38:14.492471+00:00"
"La Rioja","26","2016-02-01","febrero de 2016",5.02,"idealista_historico_ccaa","2026-04-22T13:38:14.492471+00:00"
"La Rioja","26","2016-01-01","enero de 2016",5.12,"idealista_historico_ccaa","2026-04-22T13:38:14.492471+00:00"
"La Rioja","26","2015-12-01","diciembre de 2015",5.12,"idealista_historico_ccaa","2026-04-22T13:38:14.492471+00:00"
"La Rioja","26","2015-11-01","noviembre de 2015",5.02,"idealista_historico_ccaa","2026-04-22T13:38:14.492471+00:00"
"La Rioja","26","2015-10-01","octubre de 2015",5.02,"idealista_historico_ccaa","2026-04-22T13:38:14.492471+00:00"
"La Rioja","26","2015-09-01","septiembre de 2015",5.12,"idealista_historico_ccaa","2026-04-22T13:38:14.492471+00:00"
"La Rioja","26","2015-08-01","agosto de 2015",5.12,"idealista_historico_ccaa","2026-04-22T13:38:14.492471+00:00"
"La Rioja","26","2015-07-01","julio de 2015",5.12,"idealista_historico_ccaa","2026-04-22T13:38:14.492471+00:00"
"La Rioja","26","2015-06-01","junio de 2015",5.02,"idealista_historico_ccaa","2026-04-22T13:38:14.492471+00:00"
"La Rioja","26","2015-05-01","mayo de 2015",5.02,"idealista_historico_ccaa","2026-04-22T13:38:14.492471+00:00"
"La Rioja","26","2015-04-01","abril de 2015",5.12,"idealista_historico_ccaa","2026-04-22T13:38:14.492471+00:00"
"La Rioja","26","2015-03-01","marzo de 2015",5.22,"idealista_historico_ccaa","2026-04-22T13:38:14.492471+00:00"
"La Rioja","26","2015-02-01","febrero de 2015",5.22,"idealista_historico_ccaa","2026-04-22T13:38:14.492471+00:00"
"La Rioja","26","2015-01-01","enero de 2015",5.12,"idealista_historico_ccaa","2026-04-22T13:38:14.492471+00:00"
"La Rioja","26","2014-12-01","diciembre de 2014",5.12,"idealista_historico_ccaa","2026-04-22T13:38:14.492471+00:00"
"La Rioja","26","2014-11-01","noviembre de 2014",5.12,"idealista_historico_ccaa","2026-04-22T13:38:14.492471+00:00"
"La Rioja","26","2014-10-01","octubre de 2014",5.02,"idealista_historico_ccaa","2026-04-22T13:38:14.492471+00:00"
"La Rioja","26","2014-09-01","septiembre de 2014",5.02,"idealista_historico_ccaa","2026-04-22T13:38:14.492471+00:00"
"La Rioja","26","2014-08-01","agosto de 2014",5.02,"idealista_historico_ccaa","2026-04-22T13:38:14.492471+00:00"
"La Rioja","26","2014-07-01","julio de 2014",5.02,"idealista_historico_ccaa","2026-04-22T13:38:14.492471+00:00"
"La Rioja","26","2014-06-01","junio de 2014",5.02,"idealista_historico_ccaa","2026-04-22T13:38:14.492471+00:00"
"La Rioja","26","2014-05-01","mayo de 2014",5.12,"idealista_historico_ccaa","2026-04-22T13:38:14.492471+00:00"
"La Rioja","26","2014-04-01","abril de 2014",5.22,"idealista_historico_ccaa","2026-04-22T13:38:14.492471+00:00"
"La Rioja","26","2014-03-01","marzo de 2014",5.22,"idealista_historico_ccaa","2026-04-22T13:38:14.492471+00:00"
"La Rioja","26","2014-02-01","febrero de 2014",5.12,"idealista_historico_ccaa","2026-04-22T13:38:14.492471+00:00"
"La Rioja","26","2014-01-01","enero de 2014",5.12,"idealista_historico_ccaa","2026-04-22T13:38:14.492471+00:00"
"La Rioja","26","2013-12-01","diciembre de 2013",5.22,"idealista_historico_ccaa","2026-04-22T13:38:14.492471+00:00"
"La Rioja","26","2013-11-01","noviembre de 2013",5.32,"idealista_historico_ccaa","2026-04-22T13:38:14.492471+00:00"
"La Rioja","26","2013-10-01","octubre de 2013",5.32,"idealista_historico_ccaa","2026-04-22T13:38:14.492471+00:00"
"La Rioja","26","2013-09-01","septiembre de 2013",5.42,"idealista_historico_ccaa","2026-04-22T13:38:14.492471+00:00"
"La Rioja","26","2013-08-01","agosto de 2013",5.42,"idealista_historico_ccaa","2026-04-22T13:38:14.492471+00:00"
"La Rioja","26","2013-07-01","julio de 2013",5.42,"idealista_historico_ccaa","2026-04-22T13:38:14.492471+00:00"
"La Rioja","26","2013-06-01","junio de 2013",5.42,"idealista_historico_ccaa","2026-04-22T13:38:14.492471+00:00"
"La Rioja","26","2013-05-01","mayo de 2013",5.32,"idealista_historico_ccaa","2026-04-22T13:38:14.492471+00:00"
"La Rioja","26","2013-04-01","abril de 2013",5.42,"idealista_historico_ccaa","2026-04-22T13:38:14.492471+00:00"
"La Rioja","26","2013-03-01","marzo de 2013",5.52,"idealista_historico_ccaa","2026-04-22T13:38:14.492471+00:00"
"La Rioja","26","2013-02-01","febrero de 2013",5.62,"idealista_historico_ccaa","2026-04-22T13:38:14.492471+00:00"
"La Rioja","26","2013-01-01","enero de 2013",5.82,"idealista_historico_ccaa","2026-04-22T13:38:14.492471+00:00"
"La Rioja","26","2012-12-01","diciembre de 2012",5.82,"idealista_historico_ccaa","2026-04-22T13:38:14.492471+00:00"
"La Rioja","26","2012-11-01","noviembre de 2012",5.82,"idealista_historico_ccaa","2026-04-22T13:38:14.492471+00:00"
"La Rioja","26","2012-10-01","octubre de 2012",5.92,"idealista_historico_ccaa","2026-04-22T13:38:14.492471+00:00"
"La Rioja","26","2012-09-01","septiembre de 2012",5.92,"idealista_historico_ccaa","2026-04-22T13:38:14.492471+00:00"
"La Rioja","26","2012-08-01","agosto de 2012",6.02,"idealista_historico_ccaa","2026-04-22T13:38:14.492471+00:00"
"La Rioja","26","2012-07-01","julio de 2012",6.02,"idealista_historico_ccaa","2026-04-22T13:38:14.492471+00:00"
"La Rioja","26","2012-06-01","junio de 2012",6.02,"idealista_historico_ccaa","2026-04-22T13:38:14.492471+00:00"
"La Rioja","26","2012-05-01","mayo de 2012",6.12,"idealista_historico_ccaa","2026-04-22T13:38:14.492471+00:00"
"La Rioja","26","2012-04-01","abril de 2012",6.12,"idealista_historico_ccaa","2026-04-22T13:38:14.492471+00:00"
"La Rioja","26","2012-03-01","marzo de 2012",6.02,"idealista_historico_ccaa","2026-04-22T13:38:14.492471+00:00"
"La Rioja","26","2012-02-01","febrero de 2012",5.92,"idealista_historico_ccaa","2026-04-22T13:38:14.492471+00:00"
"La Rioja","26","2012-01-01","enero de 2012",5.92,"idealista_historico_ccaa","2026-04-22T13:38:14.492471+00:00"
"La Rioja","26","2011-12-01","diciembre de 2011",6.02,"idealista_historico_ccaa","2026-04-22T13:38:14.492471+00:00"
"La Rioja","26","2011-11-01","noviembre de 2011",5.92,"idealista_historico_ccaa","2026-04-22T13:38:14.492471+00:00"
"La Rioja","26","2011-10-01","octubre de 2011",5.82,"idealista_historico_ccaa","2026-04-22T13:38:14.492471+00:00"
"La Rioja","26","2011-09-01","septiembre de 2011",5.92,"idealista_historico_ccaa","2026-04-22T13:38:14.492471+00:00"
"La Rioja","26","2011-08-01","agosto de 2011",5.82,"idealista_historico_ccaa","2026-04-22T13:38:14.492471+00:00"
"La Rioja","26","2011-07-01","julio de 2011",5.82,"idealista_historico_ccaa","2026-04-22T13:38:14.492471+00:00"
"La Rioja","26","2011-06-01","junio de 2011",5.92,"idealista_historico_ccaa","2026-04-22T13:38:14.492471+00:00"
"La Rioja","26","2011-05-01","mayo de 2011",5.92,"idealista_historico_ccaa","2026-04-22T13:38:14.492471+00:00"
"La Rioja","26","2011-04-01","abril de 2011",6.02,"idealista_historico_ccaa","2026-04-22T13:38:14.492471+00:00"
"La Rioja","26","2011-03-01","marzo de 2011",6.02,"idealista_historico_ccaa","2026-04-22T13:38:14.492471+00:00"
"La Rioja","26","2011-02-01","febrero de 2011",6.32,"idealista_historico_ccaa","2026-04-22T13:38:14.492471+00:00"
"La Rioja","26","2011-01-01","enero de 2011",6.22,"idealista_historico_ccaa","2026-04-22T13:38:14.492471+00:00"
"La Rioja","26","2010-12-01","diciembre de 2010",6.52,"idealista_historico_ccaa","2026-04-22T13:38:14.492471+00:00"
"La Rioja","26","2010-11-01","noviembre de 2010",6.52,"idealista_historico_ccaa","2026-04-22T13:38:14.492471+00:00"
"La Rioja","26","2010-10-01","octubre de 2010",6.52,"idealista_historico_ccaa","2026-04-22T13:38:14.492471+00:00"
"País Vasco","16","2013-02-01","febrero de 2013",10.12,"idealista_historico_ccaa","2026-04-22T14:39:28.996764+00:00"
"País Vasco","16","2013-01-01","enero de 2013",10.32,"idealista_historico_ccaa","2026-04-22T14:39:28.996764+00:00"
"País Vasco","16","2012-12-01","diciembre de 2012",10.42,"idealista_historico_ccaa","2026-04-22T14:39:28.996764+00:00"
"País Vasco","16","2010-05-01","mayo de 2010",9.62,"idealista_historico_ccaa","2026-04-22T14:39:28.996764+00:00"
"País Vasco","16","2018-03-01","marzo de 2018",10.92,"idealista_historico_ccaa","2026-04-22T14:39:28.996764+00:00"
"País Vasco","16","2018-02-01","febrero de 2018",10.82,"idealista_historico_ccaa","2026-04-22T14:39:28.996764+00:00"
"País Vasco","16","2018-01-01","enero de 2018",10.82,"idealista_historico_ccaa","2026-04-22T14:39:28.996764+00:00"
"País Vasco","16","2017-12-01","diciembre de 2017",10.82,"idealista_historico_ccaa","2026-04-22T14:39:28.996764+00:00"
"País Vasco","16","2017-11-01","noviembre de 2017",10.82,"idealista_historico_ccaa","2026-04-22T14:39:28.996764+00:00"
"País Vasco","16","2017-10-01","octubre de 2017",10.62,"idealista_historico_ccaa","2026-04-22T14:39:28.996764+00:00"
"País Vasco","16","2017-09-01","septiembre de 2017",10.52,"idealista_historico_ccaa","2026-04-22T14:39:28.996764+00:00"
"País Vasco","16","2017-08-01","agosto de 2017",10.52,"idealista_historico_ccaa","2026-04-22T14:39:28.996764+00:00"
"País Vasco","16","2017-07-01","julio de 2017",10.42,"idealista_historico_ccaa","2026-04-22T14:39:28.996764+00:00"
"País Vasco","16","2017-06-01","junio de 2017",10.42,"idealista_historico_ccaa","2026-04-22T14:39:28.996764+00:00"
"País Vasco","16","2017-05-01","mayo de 2017",10.42,"idealista_historico_ccaa","2026-04-22T14:39:28.996764+00:00"
"País Vasco","16","2017-04-01","abril de 2017",10.32,"idealista_historico_ccaa","2026-04-22T14:39:28.996764+00:00"
"País Vasco","16","2017-03-01","marzo de 2017",10.42,"idealista_historico_ccaa","2026-04-22T14:39:28.996764+00:00"
"País Vasco","16","2017-02-01","febrero de 2017",10.32,"idealista_historico_ccaa","2026-04-22T14:39:28.996764+00:00"
"País Vasco","16","2017-01-01","enero de 2017",10.32,"idealista_historico_ccaa","2026-04-22T14:39:28.996764+00:00"
"País Vasco","16","2016-12-01","diciembre de 2016",10.22,"idealista_historico_ccaa","2026-04-22T14:39:28.996764+00:00"
"País Vasco","16","2016-11-01","noviembre de 2016",10.12,"idealista_historico_ccaa","2026-04-22T14:39:28.996764+00:00"
"País Vasco","16","2016-10-01","octubre de 2016",10.12,"idealista_historico_ccaa","2026-04-22T14:39:28.996764+00:00"
"País Vasco","16","2016-09-01","septiembre de 2016",10.02,"idealista_historico_ccaa","2026-04-22T14:39:28.996764+00:00"
"País Vasco","16","2016-08-01","agosto de 2016",10.02,"idealista_historico_ccaa","2026-04-22T14:39:28.996764+00:00"
"País Vasco","16","2016-07-01","julio de 2016",9.92,"idealista_historico_ccaa","2026-04-22T14:39:28.996764+00:00"
"País Vasco","16","2016-06-01","junio de 2016",9.92,"idealista_historico_ccaa","2026-04-22T14:39:28.996764+00:00"
"País Vasco","16","2016-05-01","mayo de 2016",9.82,"idealista_historico_ccaa","2026-04-22T14:39:28.996764+00:00"
"País Vasco","16","2016-04-01","abril de 2016",9.92,"idealista_historico_ccaa","2026-04-22T14:39:28.996764+00:00"
"País Vasco","16","2016-03-01","marzo de 2016",9.82,"idealista_historico_ccaa","2026-04-22T14:39:28.996764+00:00"
"País Vasco","16","2016-02-01","febrero de 2016",9.82,"idealista_historico_ccaa","2026-04-22T14:39:28.996764+00:00"
"País Vasco","16","2016-01-01","enero de 2016",9.82,"idealista_historico_ccaa","2026-04-22T14:39:28.996764+00:00"
"País Vasco","16","2015-12-01","diciembre de 2015",9.72,"idealista_historico_ccaa","2026-04-22T14:39:28.996764+00:00"
"País Vasco","16","2015-11-01","noviembre de 2015",9.92,"idealista_historico_ccaa","2026-04-22T14:39:28.996764+00:00"
"País Vasco","16","2015-10-01","octubre de 2015",9.92,"idealista_historico_ccaa","2026-04-22T14:39:28.996764+00:00"
"País Vasco","16","2015-09-01","septiembre de 2015",9.72,"idealista_historico_ccaa","2026-04-22T14:39:28.996764+00:00"
"País Vasco","16","2015-08-01","agosto de 2015",9.72,"idealista_historico_ccaa","2026-04-22T14:39:28.996764+00:00"
"País Vasco","16","2015-07-01","julio de 2015",9.72,"idealista_historico_ccaa","2026-04-22T14:39:28.996764+00:00"
"País Vasco","16","2015-06-01","junio de 2015",9.72,"idealista_historico_ccaa","2026-04-22T14:39:28.996764+00:00"
"País Vasco","16","2015-05-01","mayo de 2015",9.72,"idealista_historico_ccaa","2026-04-22T14:39:28.996764+00:00"
"País Vasco","16","2015-04-01","abril de 2015",9.82,"idealista_historico_ccaa","2026-04-22T14:39:28.996764+00:00"
"País Vasco","16","2015-03-01","marzo de 2015",9.72,"idealista_historico_ccaa","2026-04-22T14:39:28.996764+00:00"
"País Vasco","16","2015-02-01","febrero de 2015",9.72,"idealista_historico_ccaa","2026-04-22T14:39:28.996764+00:00"
"País Vasco","16","2015-01-01","enero de 2015",9.82,"idealista_historico_ccaa","2026-04-22T14:39:28.996764+00:00"
"País Vasco","16","2014-12-01","diciembre de 2014",9.92,"idealista_historico_ccaa","2026-04-22T14:39:28.996764+00:00"
"País Vasco","16","2014-11-01","noviembre de 2014",9.92,"idealista_historico_ccaa","2026-04-22T14:39:28.996764+00:00"
"País Vasco","16","2014-10-01","octubre de 2014",9.82,"idealista_historico_ccaa","2026-04-22T14:39:28.996764+00:00"
"País Vasco","16","2014-09-01","septiembre de 2014",9.82,"idealista_historico_ccaa","2026-04-22T14:39:28.996764+00:00"
"País Vasco","16","2014-08-01","agosto de 2014",9.72,"idealista_historico_ccaa","2026-04-22T14:39:28.996764+00:00"
"País Vasco","16","2014-07-01","julio de 2014",9.82,"idealista_historico_ccaa","2026-04-22T14:39:28.996764+00:00"
"País Vasco","16","2014-06-01","junio de 2014",9.82,"idealista_historico_ccaa","2026-04-22T14:39:28.996764+00:00"
"País Vasco","16","2014-05-01","mayo de 2014",9.82,"idealista_historico_ccaa","2026-04-22T14:39:28.996764+00:00"
"País Vasco","16","2014-04-01","abril de 2014",9.72,"idealista_historico_ccaa","2026-04-22T14:39:28.996764+00:00"
"País Vasco","16","2014-03-01","marzo de 2014",9.62,"idealista_historico_ccaa","2026-04-22T14:39:28.996764+00:00"
"País Vasco","16","2014-02-01","febrero de 2014",9.72,"idealista_historico_ccaa","2026-04-22T14:39:28.996764+00:00"
"País Vasco","16","2014-01-01","enero de 2014",9.82,"idealista_historico_ccaa","2026-04-22T14:39:28.996764+00:00"
"País Vasco","16","2013-12-01","diciembre de 2013",9.92,"idealista_historico_ccaa","2026-04-22T14:39:28.996764+00:00"
"País Vasco","16","2013-11-01","noviembre de 2013",9.92,"idealista_historico_ccaa","2026-04-22T14:39:28.996764+00:00"
"País Vasco","16","2013-10-01","octubre de 2013",9.82,"idealista_historico_ccaa","2026-04-22T14:39:28.996764+00:00"
"País Vasco","16","2013-09-01","septiembre de 2013",9.92,"idealista_historico_ccaa","2026-04-22T14:39:28.996764+00:00"
"País Vasco","16","2013-08-01","agosto de 2013",9.92,"idealista_historico_ccaa","2026-04-22T14:39:28.996764+00:00"
"País Vasco","16","2013-07-01","julio de 2013",9.92,"idealista_historico_ccaa","2026-04-22T14:39:28.996764+00:00"
"País Vasco","16","2013-06-01","junio de 2013",9.92,"idealista_historico_ccaa","2026-04-22T14:39:28.996764+00:00"
"País Vasco","16","2013-05-01","mayo de 2013",9.92,"idealista_historico_ccaa","2026-04-22T14:39:28.996764+00:00"
"País Vasco","16","2013-04-01","abril de 2013",9.92,"idealista_historico_ccaa","2026-04-22T14:39:28.996764+00:00"
"País Vasco","16","2013-03-01","marzo de 2013",10.02,"idealista_historico_ccaa","2026-04-22T14:39:28.996764+00:00"
"País Vasco","16","2012-11-01","noviembre de 2012",10.52,"idealista_historico_ccaa","2026-04-22T14:39:28.996764+00:00"
"País Vasco","16","2012-10-01","octubre de 2012",10.72,"idealista_historico_ccaa","2026-04-22T14:39:28.996764+00:00"
"País Vasco","16","2012-09-01","septiembre de 2012",10.82,"idealista_historico_ccaa","2026-04-22T14:39:28.996764+00:00"
"País Vasco","16","2012-08-01","agosto de 2012",10.82,"idealista_historico_ccaa","2026-04-22T14:39:28.996764+00:00"
"País Vasco","16","2012-07-01","julio de 2012",10.82,"idealista_historico_ccaa","2026-04-22T14:39:28.996764+00:00"
"País Vasco","16","2012-06-01","junio de 2012",10.92,"idealista_historico_ccaa","2026-04-22T14:39:28.996764+00:00"
"País Vasco","16","2012-05-01","mayo de 2012",10.92,"idealista_historico_ccaa","2026-04-22T14:39:28.996764+00:00"
"País Vasco","16","2012-04-01","abril de 2012",11.02,"idealista_historico_ccaa","2026-04-22T14:39:28.996764+00:00"
"País Vasco","16","2012-03-01","marzo de 2012",11.02,"idealista_historico_ccaa","2026-04-22T14:39:28.996764+00:00"
"País Vasco","16","2012-02-01","febrero de 2012",11.12,"idealista_historico_ccaa","2026-04-22T14:39:28.996764+00:00"
"País Vasco","16","2012-01-01","enero de 2012",11.22,"idealista_historico_ccaa","2026-04-22T14:39:28.996764+00:00"
"País Vasco","16","2011-12-01","diciembre de 2011",11.22,"idealista_historico_ccaa","2026-04-22T14:39:28.996764+00:00"
"País Vasco","16","2011-11-01","noviembre de 2011",11.22,"idealista_historico_ccaa","2026-04-22T14:39:28.996764+00:00"
"País Vasco","16","2011-10-01","octubre de 2011",11.22,"idealista_historico_ccaa","2026-04-22T14:39:28.996764+00:00"
"País Vasco","16","2011-09-01","septiembre de 2011",11.12,"idealista_historico_ccaa","2026-04-22T14:39:28.996764+00:00"
"País Vasco","16","2011-08-01","agosto de 2011",11.12,"idealista_historico_ccaa","2026-04-22T14:39:28.996764+00:00"
"País Vasco","16","2011-07-01","julio de 2011",11.12,"idealista_historico_ccaa","2026-04-22T14:39:28.996764+00:00"
"País Vasco","16","2011-06-01","junio de 2011",11.12,"idealista_historico_ccaa","2026-04-22T14:39:28.996764+00:00"
"País Vasco","16","2011-05-01","mayo de 2011",11.02,"idealista_historico_ccaa","2026-04-22T14:39:28.996764+00:00"
"País Vasco","16","2011-04-01","abril de 2011",11.22,"idealista_historico_ccaa","2026-04-22T14:39:28.996764+00:00"
"País Vasco","16","2011-03-01","marzo de 2011",10.92,"idealista_historico_ccaa","2026-04-22T14:39:28.996764+00:00"
"País Vasco","16","2011-02-01","febrero de 2011",10.82,"idealista_historico_ccaa","2026-04-22T14:39:28.996764+00:00"
"País Vasco","16","2011-01-01","enero de 2011",10.62,"idealista_historico_ccaa","2026-04-22T14:39:28.996764+00:00"
"País Vasco","16","2010-12-01","diciembre de 2010",10.72,"idealista_historico_ccaa","2026-04-22T14:39:28.996764+00:00"
"País Vasco","16","2010-11-01","noviembre de 2010",10.72,"idealista_historico_ccaa","2026-04-22T14:39:28.996764+00:00"
"País Vasco","16","2010-10-01","octubre de 2010",10.62,"idealista_historico_ccaa","2026-04-22T14:39:28.996764+00:00"
"País Vasco","16","2010-09-01","septiembre de 2010",10.32,"idealista_historico_ccaa","2026-04-22T14:39:28.996764+00:00"
"País Vasco","16","2010-08-01","agosto de 2010",10.82,"idealista_historico_ccaa","2026-04-22T14:39:28.996764+00:00"
"País Vasco","16","2010-07-01","julio de 2010",10.72,"idealista_historico_ccaa","2026-04-22T14:39:28.996764+00:00"
"País Vasco","16","2010-06-01","junio de 2010",10.92,"idealista_historico_ccaa","2026-04-22T14:39:28.996764+00:00"
"País Vasco","16","2010-04-01","abril de 2010",9.52,"idealista_historico_ccaa","2026-04-22T14:39:28.996764+00:00"
"País Vasco","16","2010-03-01","marzo de 2010",9.72,"idealista_historico_ccaa","2026-04-22T14:39:28.996764+00:00"
"Canarias","05","2016-09-01","septiembre de 2016",7.22,"idealista_historico_ccaa","2026-04-22T13:40:48.192696+00:00"
"Canarias","05","2016-08-01","agosto de 2016",7.22,"idealista_historico_ccaa","2026-04-22T13:40:48.192696+00:00"
"Canarias","05","2016-07-01","julio de 2016",7.12,"idealista_historico_ccaa","2026-04-22T13:40:48.192696+00:00"
"Canarias","05","2016-06-01","junio de 2016",7.12,"idealista_historico_ccaa","2026-04-22T13:40:48.192696+00:00"
"Canarias","05","2016-05-01","mayo de 2016",7.02,"idealista_historico_ccaa","2026-04-22T13:40:48.192696+00:00"
"Canarias","05","2016-04-01","abril de 2016",7.02,"idealista_historico_ccaa","2026-04-22T13:40:48.192696+00:00"
"Canarias","05","2016-03-01","marzo de 2016",6.92,"idealista_historico_ccaa","2026-04-22T13:40:48.192696+00:00"
"Canarias","05","2016-02-01","febrero de 2016",6.82,"idealista_historico_ccaa","2026-04-22T13:40:48.192696+00:00"
"Canarias","05","2016-01-01","enero de 2016",6.92,"idealista_historico_ccaa","2026-04-22T13:40:48.192696+00:00"
"Canarias","05","2015-12-01","diciembre de 2015",6.92,"idealista_historico_ccaa","2026-04-22T13:40:48.192696+00:00"
"Canarias","05","2015-11-01","noviembre de 2015",6.92,"idealista_historico_ccaa","2026-04-22T13:40:48.192696+00:00"
"Canarias","05","2015-10-01","octubre de 2015",6.82,"idealista_historico_ccaa","2026-04-22T13:40:48.192696+00:00"
"Canarias","05","2015-09-01","septiembre de 2015",6.82,"idealista_historico_ccaa","2026-04-22T13:40:48.192696+00:00"
"Canarias","05","2015-08-01","agosto de 2015",6.72,"idealista_historico_ccaa","2026-04-22T13:40:48.192696+00:00"
"Canarias","05","2015-07-01","julio de 2015",6.72,"idealista_historico_ccaa","2026-04-22T13:40:48.192696+00:00"
"Canarias","05","2015-06-01","junio de 2015",6.72,"idealista_historico_ccaa","2026-04-22T13:40:48.192696+00:00"
"Canarias","05","2015-05-01","mayo de 2015",6.62,"idealista_historico_ccaa","2026-04-22T13:40:48.192696+00:00"
"Murcia","14","2026-03-01","marzo de 2026",9.12,"idealista_historico_ccaa","2026-04-22T14:40:54.461512+00:00"
"Murcia","14","2026-02-01","febrero de 2026",9.12,"idealista_historico_ccaa","2026-04-22T14:40:54.461512+00:00"
"Murcia","14","2026-01-01","enero de 2026",9.02,"idealista_historico_ccaa","2026-04-22T14:40:54.461512+00:00"
"Murcia","14","2025-12-01","diciembre de 2025",9.02,"idealista_historico_ccaa","2026-04-22T14:40:54.461512+00:00"
"Murcia","14","2025-11-01","noviembre de 2025",8.82,"idealista_historico_ccaa","2026-04-22T14:40:54.461512+00:00"
"Murcia","14","2025-10-01","octubre de 2025",8.82,"idealista_historico_ccaa","2026-04-22T14:40:54.461512+00:00"
"Murcia","14","2025-09-01","septiembre de 2025",8.92,"idealista_historico_ccaa","2026-04-22T14:40:54.461512+00:00"
"Murcia","14","2025-08-01","agosto de 2025",9.12,"idealista_historico_ccaa","2026-04-22T14:40:54.461512+00:00"
"Murcia","14","2025-07-01","julio de 2025",9.22,"idealista_historico_ccaa","2026-04-22T14:40:54.461512+00:00"
"Murcia","14","2025-06-01","junio de 2025",9.12,"idealista_historico_ccaa","2026-04-22T14:40:54.461512+00:00"
"Murcia","14","2025-05-01","mayo de 2025",8.82,"idealista_historico_ccaa","2026-04-22T14:40:54.461512+00:00"
"Murcia","14","2025-04-01","abril de 2025",8.62,"idealista_historico_ccaa","2026-04-22T14:40:54.461512+00:00"
"Murcia","14","2025-03-01","marzo de 2025",8.42,"idealista_historico_ccaa","2026-04-22T14:40:54.461512+00:00"
"Murcia","14","2025-02-01","febrero de 2025",8.32,"idealista_historico_ccaa","2026-04-22T14:40:54.461512+00:00"
"Murcia","14","2025-01-01","enero de 2025",8.32,"idealista_historico_ccaa","2026-04-22T14:40:54.461512+00:00"
"Murcia","14","2024-12-01","diciembre de 2024",8.22,"idealista_historico_ccaa","2026-04-22T14:40:54.461512+00:00"
"Murcia","14","2024-11-01","noviembre de 2024",8.12,"idealista_historico_ccaa","2026-04-22T14:40:54.461512+00:00"
"Murcia","14","2024-10-01","octubre de 2024",8.22,"idealista_historico_ccaa","2026-04-22T14:40:54.461512+00:00"
"Murcia","14","2024-09-01","septiembre de 2024",8.42,"idealista_historico_ccaa","2026-04-22T14:40:54.461512+00:00"
"Murcia","14","2024-08-01","agosto de 2024",8.62,"idealista_historico_ccaa","2026-04-22T14:40:54.461512+00:00"
"Murcia","14","2024-07-01","julio de 2024",8.62,"idealista_historico_ccaa","2026-04-22T14:40:54.461512+00:00"
"Murcia","14","2024-06-01","junio de 2024",8.42,"idealista_historico_ccaa","2026-04-22T14:40:54.461512+00:00"
"Murcia","14","2024-05-01","mayo de 2024",8.12,"idealista_historico_ccaa","2026-04-22T14:40:54.461512+00:00"
"Murcia","14","2024-04-01","abril de 2024",7.92,"idealista_historico_ccaa","2026-04-22T14:40:54.461512+00:00"
"Murcia","14","2024-03-01","marzo de 2024",7.72,"idealista_historico_ccaa","2026-04-22T14:40:54.461512+00:00"
"Murcia","14","2024-02-01","febrero de 2024",7.72,"idealista_historico_ccaa","2026-04-22T14:40:54.461512+00:00"
"Murcia","14","2024-01-01","enero de 2024",7.62,"idealista_historico_ccaa","2026-04-22T14:40:54.461512+00:00"
"Murcia","14","2023-12-01","diciembre de 2023",7.62,"idealista_historico_ccaa","2026-04-22T14:40:54.461512+00:00"
"Murcia","14","2023-11-01","noviembre de 2023",7.62,"idealista_historico_ccaa","2026-04-22T14:40:54.461512+00:00"
"Murcia","14","2023-10-01","octubre de 2023",7.62,"idealista_historico_ccaa","2026-04-22T14:40:54.461512+00:00"
"Murcia","14","2023-09-01","septiembre de 2023",7.82,"idealista_historico_ccaa","2026-04-22T14:40:54.461512+00:00"
"Murcia","14","2023-08-01","agosto de 2023",8.02,"idealista_historico_ccaa","2026-04-22T14:40:54.461512+00:00"
"Murcia","14","2023-07-01","julio de 2023",8.02,"idealista_historico_ccaa","2026-04-22T14:40:54.461512+00:00"
"Murcia","14","2023-06-01","junio de 2023",7.82,"idealista_historico_ccaa","2026-04-22T14:40:54.461512+00:00"
"Murcia","14","2023-05-01","mayo de 2023",7.42,"idealista_historico_ccaa","2026-04-22T14:40:54.461512+00:00"
"Murcia","14","2023-04-01","abril de 2023",7.22,"idealista_historico_ccaa","2026-04-22T14:40:54.461512+00:00"
"Murcia","14","2023-03-01","marzo de 2023",7.02,"idealista_historico_ccaa","2026-04-22T14:40:54.461512+00:00"
"Murcia","14","2023-02-01","febrero de 2023",7.02,"idealista_historico_ccaa","2026-04-22T14:40:54.461512+00:00"
"Murcia","14","2023-01-01","enero de 2023",7.02,"idealista_historico_ccaa","2026-04-22T14:40:54.461512+00:00"
"Murcia","14","2022-12-01","diciembre de 2022",7.02,"idealista_historico_ccaa","2026-04-22T14:40:54.461512+00:00"
"Murcia","14","2022-11-01","noviembre de 2022",7.12,"idealista_historico_ccaa","2026-04-22T14:40:54.461512+00:00"
"Murcia","14","2022-10-01","octubre de 2022",7.22,"idealista_historico_ccaa","2026-04-22T14:40:54.461512+00:00"
"Murcia","14","2022-09-01","septiembre de 2022",7.42,"idealista_historico_ccaa","2026-04-22T14:40:54.461512+00:00"
"Murcia","14","2022-08-01","agosto de 2022",7.52,"idealista_historico_ccaa","2026-04-22T14:40:54.461512+00:00"
"Murcia","14","2022-07-01","julio de 2022",7.52,"idealista_historico_ccaa","2026-04-22T14:40:54.461512+00:00"
"Murcia","14","2022-06-01","junio de 2022",7.22,"idealista_historico_ccaa","2026-04-22T14:40:54.461512+00:00"
"Murcia","14","2022-05-01","mayo de 2022",6.92,"idealista_historico_ccaa","2026-04-22T14:40:54.461512+00:00"
"Murcia","14","2022-04-01","abril de 2022",6.82,"idealista_historico_ccaa","2026-04-22T14:40:54.461512+00:00"
"Murcia","14","2022-03-01","marzo de 2022",6.72,"idealista_historico_ccaa","2026-04-22T14:40:54.461512+00:00"
"Murcia","14","2022-02-01","febrero de 2022",6.62,"idealista_historico_ccaa","2026-04-22T14:40:54.461512+00:00"
"Murcia","14","2022-01-01","enero de 2022",6.62,"idealista_historico_ccaa","2026-04-22T14:40:54.461512+00:00"
"Murcia","14","2021-12-01","diciembre de 2021",6.52,"idealista_historico_ccaa","2026-04-22T14:40:54.461512+00:00"
"Murcia","14","2021-11-01","noviembre de 2021",6.62,"idealista_historico_ccaa","2026-04-22T14:40:54.461512+00:00"
"Murcia","14","2021-10-01","octubre de 2021",6.72,"idealista_historico_ccaa","2026-04-22T14:40:54.461512+00:00"
"Murcia","14","2021-09-01","septiembre de 2021",6.82,"idealista_historico_ccaa","2026-04-22T14:40:54.461512+00:00"
"Murcia","14","2021-08-01","agosto de 2021",6.92,"idealista_historico_ccaa","2026-04-22T14:40:54.461512+00:00"
"Murcia","14","2021-07-01","julio de 2021",6.82,"idealista_historico_ccaa","2026-04-22T14:40:54.461512+00:00"
"Murcia","14","2021-06-01","junio de 2021",6.72,"idealista_historico_ccaa","2026-04-22T14:40:54.461512+00:00"
"Murcia","14","2021-05-01","mayo de 2021",6.62,"idealista_historico_ccaa","2026-04-22T14:40:54.461512+00:00"
"Murcia","14","2021-04-01","abril de 2021",6.62,"idealista_historico_ccaa","2026-04-22T14:40:54.461512+00:00"
"Murcia","14","2021-03-01","marzo de 2021",6.52,"idealista_historico_ccaa","2026-04-22T14:40:54.461512+00:00"
"Murcia","14","2021-02-01","febrero de 2021",6.42,"idealista_historico_ccaa","2026-04-22T14:40:54.461512+00:00"
"Murcia","14","2021-01-01","enero de 2021",6.42,"idealista_historico_ccaa","2026-04-22T14:40:54.461512+00:00"
"Murcia","14","2020-12-01","diciembre de 2020",6.42,"idealista_historico_ccaa","2026-04-22T14:40:54.461512+00:00"
"Murcia","14","2020-11-01","noviembre de 2020",6.42,"idealista_historico_ccaa","2026-04-22T14:40:54.461512+00:00"
"Murcia","14","2020-10-01","octubre de 2020",6.52,"idealista_historico_ccaa","2026-04-22T14:40:54.461512+00:00"
"Murcia","14","2020-09-01","septiembre de 2020",6.62,"idealista_historico_ccaa","2026-04-22T14:40:54.461512+00:00"
"Murcia","14","2020-08-01","agosto de 2020",6.72,"idealista_historico_ccaa","2026-04-22T14:40:54.461512+00:00"
"Murcia","14","2020-07-01","julio de 2020",6.62,"idealista_historico_ccaa","2026-04-22T14:40:54.461512+00:00"
"Murcia","14","2020-06-01","junio de 2020",6.52,"idealista_historico_ccaa","2026-04-22T14:40:54.461512+00:00"
"Murcia","14","2020-05-01","mayo de 2020",6.42,"idealista_historico_ccaa","2026-04-22T14:40:54.461512+00:00"
"Murcia","14","2020-04-01","abril de 2020",6.22,"idealista_historico_ccaa","2026-04-22T14:40:54.461512+00:00"
"Murcia","14","2020-03-01","marzo de 2020",6.12,"idealista_historico_ccaa","2026-04-22T14:40:54.461512+00:00"
"Murcia","14","2020-02-01","febrero de 2020",6.02,"idealista_historico_ccaa","2026-04-22T14:40:54.461512+00:00"
"Murcia","14","2020-01-01","enero de 2020",6.12,"idealista_historico_ccaa","2026-04-22T14:40:54.461512+00:00"
"Murcia","14","2019-12-01","diciembre de 2019",6.12,"idealista_historico_ccaa","2026-04-22T14:40:54.461512+00:00"
"Murcia","14","2019-11-01","noviembre de 2019",6.22,"idealista_historico_ccaa","2026-04-22T14:40:54.461512+00:00"
"Murcia","14","2019-10-01","octubre de 2019",6.22,"idealista_historico_ccaa","2026-04-22T14:40:54.461512+00:00"
"Murcia","14","2019-09-01","septiembre de 2019",6.32,"idealista_historico_ccaa","2026-04-22T14:40:54.461512+00:00"
"Murcia","14","2019-08-01","agosto de 2019",6.42,"idealista_historico_ccaa","2026-04-22T14:40:54.461512+00:00"
"Murcia","14","2019-07-01","julio de 2019",6.42,"idealista_historico_ccaa","2026-04-22T14:40:54.461512+00:00"
"Murcia","14","2019-06-01","junio de 2019",6.22,"idealista_historico_ccaa","2026-04-22T14:40:54.461512+00:00"
"Murcia","14","2019-05-01","mayo de 2019",6.02,"idealista_historico_ccaa","2026-04-22T14:40:54.461512+00:00"
"Murcia","14","2019-04-01","abril de 2019",5.92,"idealista_historico_ccaa","2026-04-22T14:40:54.461512+00:00"
"Murcia","14","2019-03-01","marzo de 2019",5.82,"idealista_historico_ccaa","2026-04-22T14:40:54.461512+00:00"
"Castilla y León","07","2026-03-01","marzo de 2026",9.52,"idealista_historico_ccaa","2026-04-22T13:45:35.435645+00:00"
"Castilla y León","07","2026-02-01","febrero de 2026",9.32,"idealista_historico_ccaa","2026-04-22T13:45:35.435645+00:00"
"Castilla y León","07","2026-01-01","enero de 2026",9.42,"idealista_historico_ccaa","2026-04-22T13:45:35.435645+00:00"
"Castilla y León","07","2025-12-01","diciembre de 2025",9.32,"idealista_historico_ccaa","2026-04-22T13:45:35.435645+00:00"
"Castilla y León","07","2025-11-01","noviembre de 2025",9.12,"idealista_historico_ccaa","2026-04-22T13:45:35.435645+00:00"
"Castilla y León","07","2025-10-01","octubre de 2025",9.02,"idealista_historico_ccaa","2026-04-22T13:45:35.435645+00:00"
"Castilla y León","07","2025-09-01","septiembre de 2025",8.92,"idealista_historico_ccaa","2026-04-22T13:45:35.435645+00:00"
"Castilla y León","07","2025-08-01","agosto de 2025",9.02,"idealista_historico_ccaa","2026-04-22T13:45:35.435645+00:00"
"Castilla y León","07","2025-07-01","julio de 2025",9.12,"idealista_historico_ccaa","2026-04-22T13:45:35.435645+00:00"
"Castilla y León","07","2025-06-01","junio de 2025",9.12,"idealista_historico_ccaa","2026-04-22T13:45:35.435645+00:00"
"Castilla y León","07","2025-05-01","mayo de 2025",9.02,"idealista_historico_ccaa","2026-04-22T13:45:35.435645+00:00"
"Castilla y León","07","2025-04-01","abril de 2025",8.92,"idealista_historico_ccaa","2026-04-22T13:45:35.435645+00:00"
"Castilla y León","07","2025-03-01","marzo de 2025",8.72,"idealista_historico_ccaa","2026-04-22T13:45:35.435645+00:00"
"Castilla y León","07","2025-02-01","febrero de 2025",8.62,"idealista_historico_ccaa","2026-04-22T13:45:35.435645+00:00"
"Castilla y León","07","2025-01-01","enero de 2025",8.62,"idealista_historico_ccaa","2026-04-22T13:45:35.435645+00:00"
"Castilla y León","07","2024-12-01","diciembre de 2024",8.52,"idealista_historico_ccaa","2026-04-22T13:45:35.435645+00:00"
"Castilla y León","07","2024-11-01","noviembre de 2024",8.42,"idealista_historico_ccaa","2026-04-22T13:45:35.435645+00:00"
"Castilla y León","07","2024-10-01","octubre de 2024",8.32,"idealista_historico_ccaa","2026-04-22T13:45:35.435645+00:00"
"Castilla y León","07","2024-09-01","septiembre de 2024",8.22,"idealista_historico_ccaa","2026-04-22T13:45:35.435645+00:00"
"Castilla y León","07","2024-08-01","agosto de 2024",8.22,"idealista_historico_ccaa","2026-04-22T13:45:35.435645+00:00"
"Castilla y León","07","2024-07-01","julio de 2024",8.22,"idealista_historico_ccaa","2026-04-22T13:45:35.435645+00:00"
"Castilla y León","07","2024-06-01","junio de 2024",8.22,"idealista_historico_ccaa","2026-04-22T13:45:35.435645+00:00"
"Castilla y León","07","2024-05-01","mayo de 2024",8.12,"idealista_historico_ccaa","2026-04-22T13:45:35.435645+00:00"
"Castilla y León","07","2024-04-01","abril de 2024",8.12,"idealista_historico_ccaa","2026-04-22T13:45:35.435645+00:00"
"Castilla y León","07","2024-03-01","marzo de 2024",7.92,"idealista_historico_ccaa","2026-04-22T13:45:35.435645+00:00"
"Castilla y León","07","2024-02-01","febrero de 2024",7.82,"idealista_historico_ccaa","2026-04-22T13:45:35.435645+00:00"
"Castilla y León","07","2024-01-01","enero de 2024",7.72,"idealista_historico_ccaa","2026-04-22T13:45:35.435645+00:00"
"Castilla y León","07","2023-12-01","diciembre de 2023",7.72,"idealista_historico_ccaa","2026-04-22T13:45:35.435645+00:00"
"Castilla y León","07","2023-11-01","noviembre de 2023",7.62,"idealista_historico_ccaa","2026-04-22T13:45:35.435645+00:00"
"Castilla y León","07","2023-10-01","octubre de 2023",7.62,"idealista_historico_ccaa","2026-04-22T13:45:35.435645+00:00"
"Castilla y León","07","2023-09-01","septiembre de 2023",7.62,"idealista_historico_ccaa","2026-04-22T13:45:35.435645+00:00"
"Murcia","14","2019-02-01","febrero de 2019",5.72,"idealista_historico_ccaa","2026-04-22T14:40:54.461512+00:00"
"Murcia","14","2019-01-01","enero de 2019",5.62,"idealista_historico_ccaa","2026-04-22T14:40:54.461512+00:00"
"Murcia","14","2018-12-01","diciembre de 2018",5.72,"idealista_historico_ccaa","2026-04-22T14:40:54.461512+00:00"
"Murcia","14","2018-11-01","noviembre de 2018",5.72,"idealista_historico_ccaa","2026-04-22T14:40:54.461512+00:00"
"Murcia","14","2018-10-01","octubre de 2018",5.92,"idealista_historico_ccaa","2026-04-22T14:40:54.461512+00:00"
"Murcia","14","2018-09-01","septiembre de 2018",6.02,"idealista_historico_ccaa","2026-04-22T14:40:54.461512+00:00"
"Murcia","14","2018-08-01","agosto de 2018",6.02,"idealista_historico_ccaa","2026-04-22T14:40:54.461512+00:00"
"Murcia","14","2018-07-01","julio de 2018",5.92,"idealista_historico_ccaa","2026-04-22T14:40:54.461512+00:00"
"Murcia","14","2018-06-01","junio de 2018",5.82,"idealista_historico_ccaa","2026-04-22T14:40:54.461512+00:00"
"Murcia","14","2018-05-01","mayo de 2018",5.72,"idealista_historico_ccaa","2026-04-22T14:40:54.461512+00:00"
"Murcia","14","2018-04-01","abril de 2018",5.62,"idealista_historico_ccaa","2026-04-22T14:40:54.461512+00:00"
"Murcia","14","2018-03-01","marzo de 2018",5.62,"idealista_historico_ccaa","2026-04-22T14:40:54.461512+00:00"
"Murcia","14","2018-02-01","febrero de 2018",5.52,"idealista_historico_ccaa","2026-04-22T14:40:54.461512+00:00"
"Murcia","14","2018-01-01","enero de 2018",5.52,"idealista_historico_ccaa","2026-04-22T14:40:54.461512+00:00"
"Murcia","14","2017-12-01","diciembre de 2017",5.32,"idealista_historico_ccaa","2026-04-22T14:40:54.461512+00:00"
"Murcia","14","2017-11-01","noviembre de 2017",5.42,"idealista_historico_ccaa","2026-04-22T14:40:54.461512+00:00"
"Murcia","14","2017-10-01","octubre de 2017",5.52,"idealista_historico_ccaa","2026-04-22T14:40:54.461512+00:00"
"Murcia","14","2017-09-01","septiembre de 2017",5.62,"idealista_historico_ccaa","2026-04-22T14:40:54.461512+00:00"
"Murcia","14","2017-08-01","agosto de 2017",5.52,"idealista_historico_ccaa","2026-04-22T14:40:54.461512+00:00"
"Murcia","14","2017-07-01","julio de 2017",5.52,"idealista_historico_ccaa","2026-04-22T14:40:54.461512+00:00"
"Murcia","14","2017-06-01","junio de 2017",5.32,"idealista_historico_ccaa","2026-04-22T14:40:54.461512+00:00"
"Murcia","14","2017-05-01","mayo de 2017",5.12,"idealista_historico_ccaa","2026-04-22T14:40:54.461512+00:00"
"Murcia","14","2017-04-01","abril de 2017",5.12,"idealista_historico_ccaa","2026-04-22T14:40:54.461512+00:00"
"Murcia","14","2017-03-01","marzo de 2017",5.12,"idealista_historico_ccaa","2026-04-22T14:40:54.461512+00:00"
"Murcia","14","2017-02-01","febrero de 2017",5.12,"idealista_historico_ccaa","2026-04-22T14:40:54.461512+00:00"
"Murcia","14","2017-01-01","enero de 2017",5.02,"idealista_historico_ccaa","2026-04-22T14:40:54.461512+00:00"
"Murcia","14","2016-12-01","diciembre de 2016",5.02,"idealista_historico_ccaa","2026-04-22T14:40:54.461512+00:00"
"Murcia","14","2016-11-01","noviembre de 2016",5.02,"idealista_historico_ccaa","2026-04-22T14:40:54.461512+00:00"
"Murcia","14","2016-10-01","octubre de 2016",5.12,"idealista_historico_ccaa","2026-04-22T14:40:54.461512+00:00"
"Murcia","14","2016-09-01","septiembre de 2016",5.22,"idealista_historico_ccaa","2026-04-22T14:40:54.461512+00:00"
"Murcia","14","2016-08-01","agosto de 2016",5.32,"idealista_historico_ccaa","2026-04-22T14:40:54.461512+00:00"
"Murcia","14","2016-07-01","julio de 2016",5.22,"idealista_historico_ccaa","2026-04-22T14:40:54.461512+00:00"
"Murcia","14","2016-06-01","junio de 2016",5.12,"idealista_historico_ccaa","2026-04-22T14:40:54.461512+00:00"
"Murcia","14","2016-05-01","mayo de 2016",5.02,"idealista_historico_ccaa","2026-04-22T14:40:54.461512+00:00"
"Murcia","14","2016-04-01","abril de 2016",5.02,"idealista_historico_ccaa","2026-04-22T14:40:54.461512+00:00"
"Murcia","14","2016-03-01","marzo de 2016",5.02,"idealista_historico_ccaa","2026-04-22T14:40:54.461512+00:00"
"Murcia","14","2016-02-01","febrero de 2016",4.92,"idealista_historico_ccaa","2026-04-22T14:40:54.461512+00:00"
"Murcia","14","2016-01-01","enero de 2016",4.92,"idealista_historico_ccaa","2026-04-22T14:40:54.461512+00:00"
"Murcia","14","2015-12-01","diciembre de 2015",4.92,"idealista_historico_ccaa","2026-04-22T14:40:54.461512+00:00"
"Murcia","14","2015-11-01","noviembre de 2015",4.92,"idealista_historico_ccaa","2026-04-22T14:40:54.461512+00:00"
"Murcia","14","2015-10-01","octubre de 2015",4.92,"idealista_historico_ccaa","2026-04-22T14:40:54.461512+00:00"
"Murcia","14","2015-09-01","septiembre de 2015",5.02,"idealista_historico_ccaa","2026-04-22T14:40:54.461512+00:00"
"Murcia","14","2015-08-01","agosto de 2015",5.02,"idealista_historico_ccaa","2026-04-22T14:40:54.461512+00:00"
"Murcia","14","2015-07-01","julio de 2015",4.92,"idealista_historico_ccaa","2026-04-22T14:40:54.461512+00:00"
"Murcia","14","2015-06-01","junio de 2015",4.92,"idealista_historico_ccaa","2026-04-22T14:40:54.461512+00:00"
"Murcia","14","2015-05-01","mayo de 2015",4.82,"idealista_historico_ccaa","2026-04-22T14:40:54.461512+00:00"
"Murcia","14","2015-04-01","abril de 2015",4.82,"idealista_historico_ccaa","2026-04-22T14:40:54.461512+00:00"
"Murcia","14","2015-03-01","marzo de 2015",4.82,"idealista_historico_ccaa","2026-04-22T14:40:54.461512+00:00"
"Murcia","14","2015-02-01","febrero de 2015",4.82,"idealista_historico_ccaa","2026-04-22T14:40:54.461512+00:00"
"Murcia","14","2015-01-01","enero de 2015",4.82,"idealista_historico_ccaa","2026-04-22T14:40:54.461512+00:00"
"Murcia","14","2014-12-01","diciembre de 2014",4.82,"idealista_historico_ccaa","2026-04-22T14:40:54.461512+00:00"
"Murcia","14","2014-11-01","noviembre de 2014",4.92,"idealista_historico_ccaa","2026-04-22T14:40:54.461512+00:00"
"Murcia","14","2014-10-01","octubre de 2014",4.92,"idealista_historico_ccaa","2026-04-22T14:40:54.461512+00:00"
"Murcia","14","2014-09-01","septiembre de 2014",5.02,"idealista_historico_ccaa","2026-04-22T14:40:54.461512+00:00"
"Murcia","14","2014-08-01","agosto de 2014",5.02,"idealista_historico_ccaa","2026-04-22T14:40:54.461512+00:00"
"Murcia","14","2014-07-01","julio de 2014",5.02,"idealista_historico_ccaa","2026-04-22T14:40:54.461512+00:00"
"Murcia","14","2014-06-01","junio de 2014",5.02,"idealista_historico_ccaa","2026-04-22T14:40:54.461512+00:00"
"Murcia","14","2014-05-01","mayo de 2014",4.92,"idealista_historico_ccaa","2026-04-22T14:40:54.461512+00:00"
"Murcia","14","2014-04-01","abril de 2014",5.02,"idealista_historico_ccaa","2026-04-22T14:40:54.461512+00:00"
"Murcia","14","2014-03-01","marzo de 2014",5.02,"idealista_historico_ccaa","2026-04-22T14:40:54.461512+00:00"
"Murcia","14","2014-02-01","febrero de 2014",5.02,"idealista_historico_ccaa","2026-04-22T14:40:54.461512+00:00"
"Murcia","14","2014-01-01","enero de 2014",5.02,"idealista_historico_ccaa","2026-04-22T14:40:54.461512+00:00"
"Murcia","14","2013-12-01","diciembre de 2013",5.02,"idealista_historico_ccaa","2026-04-22T14:40:54.461512+00:00"
"Murcia","14","2013-11-01","noviembre de 2013",5.12,"idealista_historico_ccaa","2026-04-22T14:40:54.461512+00:00"
"Murcia","14","2013-10-01","octubre de 2013",5.12,"idealista_historico_ccaa","2026-04-22T14:40:54.461512+00:00"
"Murcia","14","2013-09-01","septiembre de 2013",5.12,"idealista_historico_ccaa","2026-04-22T14:40:54.461512+00:00"
"Murcia","14","2013-08-01","agosto de 2013",5.12,"idealista_historico_ccaa","2026-04-22T14:40:54.461512+00:00"
"Murcia","14","2013-07-01","julio de 2013",5.12,"idealista_historico_ccaa","2026-04-22T14:40:54.461512+00:00"
"Murcia","14","2013-06-01","junio de 2013",5.12,"idealista_historico_ccaa","2026-04-22T14:40:54.461512+00:00"
"Murcia","14","2013-05-01","mayo de 2013",5.22,"idealista_historico_ccaa","2026-04-22T14:40:54.461512+00:00"
"Murcia","14","2013-04-01","abril de 2013",5.22,"idealista_historico_ccaa","2026-04-22T14:40:54.461512+00:00"
"Murcia","14","2013-03-01","marzo de 2013",5.22,"idealista_historico_ccaa","2026-04-22T14:40:54.461512+00:00"
"Murcia","14","2013-02-01","febrero de 2013",5.32,"idealista_historico_ccaa","2026-04-22T14:40:54.461512+00:00"
"Murcia","14","2013-01-01","enero de 2013",5.32,"idealista_historico_ccaa","2026-04-22T14:40:54.461512+00:00"
"Murcia","14","2012-12-01","diciembre de 2012",5.32,"idealista_historico_ccaa","2026-04-22T14:40:54.461512+00:00"
"Murcia","14","2012-11-01","noviembre de 2012",5.42,"idealista_historico_ccaa","2026-04-22T14:40:54.461512+00:00"
"Murcia","14","2012-10-01","octubre de 2012",5.42,"idealista_historico_ccaa","2026-04-22T14:40:54.461512+00:00"
"Murcia","14","2012-09-01","septiembre de 2012",5.52,"idealista_historico_ccaa","2026-04-22T14:40:54.461512+00:00"
"Murcia","14","2012-08-01","agosto de 2012",5.62,"idealista_historico_ccaa","2026-04-22T14:40:54.461512+00:00"
"Murcia","14","2012-07-01","julio de 2012",5.62,"idealista_historico_ccaa","2026-04-22T14:40:54.461512+00:00"
"Murcia","14","2012-06-01","junio de 2012",5.62,"idealista_historico_ccaa","2026-04-22T14:40:54.461512+00:00"
"Murcia","14","2012-05-01","mayo de 2012",5.62,"idealista_historico_ccaa","2026-04-22T14:40:54.461512+00:00"
"Murcia","14","2012-04-01","abril de 2012",5.72,"idealista_historico_ccaa","2026-04-22T14:40:54.461512+00:00"
"Murcia","14","2012-03-01","marzo de 2012",5.62,"idealista_historico_ccaa","2026-04-22T14:40:54.461512+00:00"
"Murcia","14","2012-02-01","febrero de 2012",5.52,"idealista_historico_ccaa","2026-04-22T14:40:54.461512+00:00"
"Murcia","14","2012-01-01","enero de 2012",5.62,"idealista_historico_ccaa","2026-04-22T14:40:54.461512+00:00"
"Murcia","14","2011-12-01","diciembre de 2011",5.62,"idealista_historico_ccaa","2026-04-22T14:40:54.461512+00:00"
"Murcia","14","2011-11-01","noviembre de 2011",5.72,"idealista_historico_ccaa","2026-04-22T14:40:54.461512+00:00"
"Murcia","14","2011-10-01","octubre de 2011",5.72,"idealista_historico_ccaa","2026-04-22T14:40:54.461512+00:00"
"Murcia","14","2011-09-01","septiembre de 2011",5.52,"idealista_historico_ccaa","2026-04-22T14:40:54.461512+00:00"
"Murcia","14","2011-08-01","agosto de 2011",5.62,"idealista_historico_ccaa","2026-04-22T14:40:54.461512+00:00"
"Murcia","14","2011-07-01","julio de 2011",5.62,"idealista_historico_ccaa","2026-04-22T14:40:54.461512+00:00"
"Murcia","14","2011-06-01","junio de 2011",5.62,"idealista_historico_ccaa","2026-04-22T14:40:54.461512+00:00"
"Murcia","14","2011-05-01","mayo de 2011",5.62,"idealista_historico_ccaa","2026-04-22T14:40:54.461512+00:00"
"Murcia","14","2011-04-01","abril de 2011",5.52,"idealista_historico_ccaa","2026-04-22T14:40:54.461512+00:00"
"Murcia","14","2011-03-01","marzo de 2011",5.42,"idealista_historico_ccaa","2026-04-22T14:40:54.461512+00:00"
"Murcia","14","2011-02-01","febrero de 2011",5.42,"idealista_historico_ccaa","2026-04-22T14:40:54.461512+00:00"
"Murcia","14","2011-01-01","enero de 2011",5.42,"idealista_historico_ccaa","2026-04-22T14:40:54.461512+00:00"
"Murcia","14","2010-12-01","diciembre de 2010",5.42,"idealista_historico_ccaa","2026-04-22T14:40:54.461512+00:00"
"Murcia","14","2010-11-01","noviembre de 2010",5.42,"idealista_historico_ccaa","2026-04-22T14:40:54.461512+00:00"
"Murcia","14","2010-10-01","octubre de 2010",5.42,"idealista_historico_ccaa","2026-04-22T14:40:54.461512+00:00"
"Murcia","14","2010-09-01","septiembre de 2010",5.52,"idealista_historico_ccaa","2026-04-22T14:40:54.461512+00:00"
"Murcia","14","2010-08-01","agosto de 2010",5.52,"idealista_historico_ccaa","2026-04-22T14:40:54.461512+00:00"
"Murcia","14","2010-07-01","julio de 2010",5.82,"idealista_historico_ccaa","2026-04-22T14:40:54.461512+00:00"
"Murcia","14","2010-06-01","junio de 2010",5.82,"idealista_historico_ccaa","2026-04-22T14:40:54.461512+00:00"
"Murcia","14","2010-05-01","mayo de 2010",5.82,"idealista_historico_ccaa","2026-04-22T14:40:54.461512+00:00"
"Murcia","14","2010-04-01","abril de 2010",5.92,"idealista_historico_ccaa","2026-04-22T14:40:54.461512+00:00"
"Murcia","14","2010-03-01","marzo de 2010",5.92,"idealista_historico_ccaa","2026-04-22T14:40:54.461512+00:00"
"Murcia","14","2010-02-01","febrero de 2010",5.92,"idealista_historico_ccaa","2026-04-22T14:40:54.461512+00:00"
"Murcia","14","2010-01-01","enero de 2010",5.92,"idealista_historico_ccaa","2026-04-22T14:40:54.461512+00:00"
"Murcia","14","2009-12-01","diciembre de 2009",5.82,"idealista_historico_ccaa","2026-04-22T14:40:54.461512+00:00"
"Murcia","14","2009-11-01","noviembre de 2009",5.72,"idealista_historico_ccaa","2026-04-22T14:40:54.461512+00:00"
"Murcia","14","2009-10-01","octubre de 2009",5.82,"idealista_historico_ccaa","2026-04-22T14:40:54.461512+00:00"
"Castilla y León","07","2014-05-01","mayo de 2014",5.12,"idealista_historico_ccaa","2026-04-22T13:45:35.435645+00:00"
"Castilla y León","07","2014-04-01","abril de 2014",5.12,"idealista_historico_ccaa","2026-04-22T13:45:35.435645+00:00"
"Castilla y León","07","2014-03-01","marzo de 2014",5.12,"idealista_historico_ccaa","2026-04-22T13:45:35.435645+00:00"
"Castilla y León","07","2014-02-01","febrero de 2014",5.12,"idealista_historico_ccaa","2026-04-22T13:45:35.435645+00:00"
"Castilla y León","07","2014-01-01","enero de 2014",5.12,"idealista_historico_ccaa","2026-04-22T13:45:35.435645+00:00"
"Castilla y León","07","2013-12-01","diciembre de 2013",5.22,"idealista_historico_ccaa","2026-04-22T13:45:35.435645+00:00"
"Castilla y León","07","2013-11-01","noviembre de 2013",5.22,"idealista_historico_ccaa","2026-04-22T13:45:35.435645+00:00"
"Castilla y León","07","2013-10-01","octubre de 2013",5.32,"idealista_historico_ccaa","2026-04-22T13:45:35.435645+00:00"
"Castilla y León","07","2013-09-01","septiembre de 2013",5.32,"idealista_historico_ccaa","2026-04-22T13:45:35.435645+00:00"
"Castilla y León","07","2013-08-01","agosto de 2013",5.32,"idealista_historico_ccaa","2026-04-22T13:45:35.435645+00:00"
"Castilla y León","07","2013-07-01","julio de 2013",5.32,"idealista_historico_ccaa","2026-04-22T13:45:35.435645+00:00"
"Castilla y León","07","2013-06-01","junio de 2013",5.32,"idealista_historico_ccaa","2026-04-22T13:45:35.435645+00:00"
"Castilla y León","07","2013-05-01","mayo de 2013",5.22,"idealista_historico_ccaa","2026-04-22T13:45:35.435645+00:00"
"Castilla y León","07","2013-04-01","abril de 2013",5.22,"idealista_historico_ccaa","2026-04-22T13:45:35.435645+00:00"
"Castilla y León","07","2013-03-01","marzo de 2013",5.32,"idealista_historico_ccaa","2026-04-22T13:45:35.435645+00:00"
"Castilla y León","07","2013-02-01","febrero de 2013",5.32,"idealista_historico_ccaa","2026-04-22T13:45:35.435645+00:00"
"Castilla y León","07","2013-01-01","enero de 2013",5.42,"idealista_historico_ccaa","2026-04-22T13:45:35.435645+00:00"
"Castilla y León","07","2012-12-01","diciembre de 2012",5.42,"idealista_historico_ccaa","2026-04-22T13:45:35.435645+00:00"
"Castilla y León","07","2012-11-01","noviembre de 2012",5.52,"idealista_historico_ccaa","2026-04-22T13:45:35.435645+00:00"
"Castilla y León","07","2012-10-01","octubre de 2012",5.52,"idealista_historico_ccaa","2026-04-22T13:45:35.435645+00:00"
"Castilla y León","07","2012-09-01","septiembre de 2012",5.62,"idealista_historico_ccaa","2026-04-22T13:45:35.435645+00:00"
"Castilla y León","07","2012-08-01","agosto de 2012",5.72,"idealista_historico_ccaa","2026-04-22T13:45:35.435645+00:00"
"Castilla y León","07","2012-07-01","julio de 2012",5.72,"idealista_historico_ccaa","2026-04-22T13:45:35.435645+00:00"
"Castilla y León","07","2012-06-01","junio de 2012",5.72,"idealista_historico_ccaa","2026-04-22T13:45:35.435645+00:00"
"Castilla y León","07","2012-05-01","mayo de 2012",5.62,"idealista_historico_ccaa","2026-04-22T13:45:35.435645+00:00"
"Castilla y León","07","2012-04-01","abril de 2012",5.62,"idealista_historico_ccaa","2026-04-22T13:45:35.435645+00:00"
"Castilla y León","07","2012-03-01","marzo de 2012",5.62,"idealista_historico_ccaa","2026-04-22T13:45:35.435645+00:00"
"Castilla y León","07","2012-02-01","febrero de 2012",5.62,"idealista_historico_ccaa","2026-04-22T13:45:35.435645+00:00"
"Castilla y León","07","2012-01-01","enero de 2012",5.62,"idealista_historico_ccaa","2026-04-22T13:45:35.435645+00:00"
"Murcia","14","2009-09-01","septiembre de 2009",5.92,"idealista_historico_ccaa","2026-04-22T14:40:54.461512+00:00"
"Murcia","14","2009-08-01","agosto de 2009",5.92,"idealista_historico_ccaa","2026-04-22T14:40:54.461512+00:00"
"Murcia","14","2009-07-01","julio de 2009",5.92,"idealista_historico_ccaa","2026-04-22T14:40:54.461512+00:00"
"Murcia","14","2009-06-01","junio de 2009",6.12,"idealista_historico_ccaa","2026-04-22T14:40:54.461512+00:00"
"Murcia","14","2009-05-01","mayo de 2009",6.12,"idealista_historico_ccaa","2026-04-22T14:40:54.461512+00:00"
"Murcia","14","2009-04-01","abril de 2009",6.22,"idealista_historico_ccaa","2026-04-22T14:40:54.461512+00:00"
"Murcia","14","2009-03-01","marzo de 2009",6.22,"idealista_historico_ccaa","2026-04-22T14:40:54.461512+00:00"
"Murcia","14","2009-02-01","febrero de 2009",6.32,"idealista_historico_ccaa","2026-04-22T14:40:54.461512+00:00"
"Murcia","14","2009-01-01","enero de 2009",6.32,"idealista_historico_ccaa","2026-04-22T14:40:54.461512+00:00"
"Murcia","14","2008-12-01","diciembre de 2008",6.32,"idealista_historico_ccaa","2026-04-22T14:40:54.461512+00:00"
"Murcia","14","2008-11-01","noviembre de 2008",6.62,"idealista_historico_ccaa","2026-04-22T14:40:54.461512+00:00"
"Murcia","14","2008-10-01","octubre de 2008",6.42,"idealista_historico_ccaa","2026-04-22T14:40:54.461512+00:00"
"Murcia","14","2008-09-01","septiembre de 2008",6.62,"idealista_historico_ccaa","2026-04-22T14:40:54.461512+00:00"
"Murcia","14","2008-08-01","agosto de 2008",7.02,"idealista_historico_ccaa","2026-04-22T14:40:54.461512+00:00"
"Murcia","14","2008-07-01","julio de 2008",7.42,"idealista_historico_ccaa","2026-04-22T14:40:54.461512+00:00"
"Murcia","14","2008-06-01","junio de 2008",7.12,"idealista_historico_ccaa","2026-04-22T14:40:54.461512+00:00"
"Murcia","14","2008-05-01","mayo de 2008",6.82,"idealista_historico_ccaa","2026-04-22T14:40:54.461512+00:00"
"Murcia","14","2008-04-01","abril de 2008",6.52,"idealista_historico_ccaa","2026-04-22T14:40:54.461512+00:00"
"Murcia","14","2008-03-01","marzo de 2008",6.62,"idealista_historico_ccaa","2026-04-22T14:40:54.461512+00:00"
"Murcia","14","2008-02-01","febrero de 2008",6.52,"idealista_historico_ccaa","2026-04-22T14:40:54.461512+00:00"
"Murcia","14","2008-01-01","enero de 2008",6.62,"idealista_historico_ccaa","2026-04-22T14:40:54.461512+00:00"
"Murcia","14","2007-12-01","diciembre de 2007",6.82,"idealista_historico_ccaa","2026-04-22T14:40:54.461512+00:00"
"Murcia","14","2007-11-01","noviembre de 2007",7.32,"idealista_historico_ccaa","2026-04-22T14:40:54.461512+00:00"
"Murcia","14","2007-10-01","octubre de 2007",7.32,"idealista_historico_ccaa","2026-04-22T14:40:54.461512+00:00"
"Murcia","14","2007-09-01","septiembre de 2007",7.42,"idealista_historico_ccaa","2026-04-22T14:40:54.461512+00:00"
"Murcia","14","2007-08-01","agosto de 2007",7.02,"idealista_historico_ccaa","2026-04-22T14:40:54.461512+00:00"
"Murcia","14","2007-07-01","julio de 2007",7.22,"idealista_historico_ccaa","2026-04-22T14:40:54.461512+00:00"
"Murcia","14","2007-06-01","junio de 2007",7.22,"idealista_historico_ccaa","2026-04-22T14:40:54.461512+00:00"
"Murcia","14","2007-05-01","mayo de 2007",7.32,"idealista_historico_ccaa","2026-04-22T14:40:54.461512+00:00"
"Cantabria","06","2026-03-01","marzo de 2026",11.42,"idealista_historico_ccaa","2026-04-22T13:54:44.185787+00:00"
"Cantabria","06","2015-08-01","agosto de 2015",6.12,"idealista_historico_ccaa","2026-04-22T13:54:44.185787+00:00"
"Cantabria","06","2015-07-01","julio de 2015",6.02,"idealista_historico_ccaa","2026-04-22T13:54:44.185787+00:00"
"Cantabria","06","2015-06-01","junio de 2015",6.02,"idealista_historico_ccaa","2026-04-22T13:54:44.185787+00:00"
"Cantabria","06","2015-05-01","mayo de 2015",6.02,"idealista_historico_ccaa","2026-04-22T13:54:44.185787+00:00"
"Cantabria","06","2015-04-01","abril de 2015",5.92,"idealista_historico_ccaa","2026-04-22T13:54:44.185787+00:00"
"Cantabria","06","2015-03-01","marzo de 2015",5.92,"idealista_historico_ccaa","2026-04-22T13:54:44.185787+00:00"
"Cantabria","06","2015-02-01","febrero de 2015",6.02,"idealista_historico_ccaa","2026-04-22T13:54:44.185787+00:00"
"Cantabria","06","2015-01-01","enero de 2015",6.02,"idealista_historico_ccaa","2026-04-22T13:54:44.185787+00:00"
"Cantabria","06","2014-12-01","diciembre de 2014",6.12,"idealista_historico_ccaa","2026-04-22T13:54:44.185787+00:00"
"Cantabria","06","2014-11-01","noviembre de 2014",6.12,"idealista_historico_ccaa","2026-04-22T13:54:44.185787+00:00"
"Cantabria","06","2014-10-01","octubre de 2014",6.12,"idealista_historico_ccaa","2026-04-22T13:54:44.185787+00:00"
"Cantabria","06","2014-09-01","septiembre de 2014",6.02,"idealista_historico_ccaa","2026-04-22T13:54:44.185787+00:00"
"Cantabria","06","2014-08-01","agosto de 2014",6.02,"idealista_historico_ccaa","2026-04-22T13:54:44.185787+00:00"
"Cantabria","06","2014-07-01","julio de 2014",6.02,"idealista_historico_ccaa","2026-04-22T13:54:44.185787+00:00"
"Cantabria","06","2014-06-01","junio de 2014",6.02,"idealista_historico_ccaa","2026-04-22T13:54:44.185787+00:00"
"Cantabria","06","2014-05-01","mayo de 2014",5.92,"idealista_historico_ccaa","2026-04-22T13:54:44.185787+00:00"
"Cantabria","06","2014-04-01","abril de 2014",5.92,"idealista_historico_ccaa","2026-04-22T13:54:44.185787+00:00"
"Cantabria","06","2014-03-01","marzo de 2014",5.92,"idealista_historico_ccaa","2026-04-22T13:54:44.185787+00:00"
"Cantabria","06","2014-02-01","febrero de 2014",6.02,"idealista_historico_ccaa","2026-04-22T13:54:44.185787+00:00"
"Cantabria","06","2014-01-01","enero de 2014",6.02,"idealista_historico_ccaa","2026-04-22T13:54:44.185787+00:00"
"Cantabria","06","2013-12-01","diciembre de 2013",6.02,"idealista_historico_ccaa","2026-04-22T13:54:44.185787+00:00"
"Cantabria","06","2013-11-01","noviembre de 2013",6.02,"idealista_historico_ccaa","2026-04-22T13:54:44.185787+00:00"
"Cantabria","06","2013-10-01","octubre de 2013",6.02,"idealista_historico_ccaa","2026-04-22T13:54:44.185787+00:00"
"Cantabria","06","2013-09-01","septiembre de 2013",6.12,"idealista_historico_ccaa","2026-04-22T13:54:44.185787+00:00"
"Cantabria","06","2013-08-01","agosto de 2013",6.12,"idealista_historico_ccaa","2026-04-22T13:54:44.185787+00:00"
"Cantabria","06","2013-07-01","julio de 2013",6.12,"idealista_historico_ccaa","2026-04-22T13:54:44.185787+00:00"
"Cantabria","06","2013-06-01","junio de 2013",6.12,"idealista_historico_ccaa","2026-04-22T13:54:44.185787+00:00"
"Cantabria","06","2013-05-01","mayo de 2013",6.22,"idealista_historico_ccaa","2026-04-22T13:54:44.185787+00:00"
"Cantabria","06","2013-04-01","abril de 2013",6.22,"idealista_historico_ccaa","2026-04-22T13:54:44.185787+00:00"
"Cantabria","06","2013-03-01","marzo de 2013",6.22,"idealista_historico_ccaa","2026-04-22T13:54:44.185787+00:00"
"Cantabria","06","2013-02-01","febrero de 2013",6.32,"idealista_historico_ccaa","2026-04-22T13:54:44.185787+00:00"
"La Rioja","26","2010-09-01","septiembre de 2010",6.52,"idealista_historico_ccaa","2026-04-22T13:38:14.492471+00:00"
"La Rioja","26","2010-08-01","agosto de 2010",6.42,"idealista_historico_ccaa","2026-04-22T13:38:14.492471+00:00"
"La Rioja","26","2010-07-01","julio de 2010",6.12,"idealista_historico_ccaa","2026-04-22T13:38:14.492471+00:00"
"La Rioja","26","2010-06-01","junio de 2010",6.32,"idealista_historico_ccaa","2026-04-22T13:38:14.492471+00:00"
"La Rioja","26","2010-05-01","mayo de 2010",6.32,"idealista_historico_ccaa","2026-04-22T13:38:14.492471+00:00"
"Comunidad Valenciana","10","2026-03-01","marzo de 2026",12.92,"idealista_historico_ccaa","2026-04-22T13:39:35.057895+00:00"
"Comunidad Valenciana","10","2026-02-01","febrero de 2026",12.92,"idealista_historico_ccaa","2026-04-22T13:39:35.057895+00:00"
"Comunidad Valenciana","10","2026-01-01","enero de 2026",12.72,"idealista_historico_ccaa","2026-04-22T13:39:35.057895+00:00"
"Comunidad Valenciana","10","2025-12-01","diciembre de 2025",12.52,"idealista_historico_ccaa","2026-04-22T13:39:35.057895+00:00"
"Comunidad Valenciana","10","2025-11-01","noviembre de 2025",12.42,"idealista_historico_ccaa","2026-04-22T13:39:35.057895+00:00"
"Comunidad Valenciana","10","2025-10-01","octubre de 2025",12.32,"idealista_historico_ccaa","2026-04-22T13:39:35.057895+00:00"
"Comunidad Valenciana","10","2025-09-01","septiembre de 2025",12.42,"idealista_historico_ccaa","2026-04-22T13:39:35.057895+00:00"
"Comunidad Valenciana","10","2025-08-01","agosto de 2025",12.52,"idealista_historico_ccaa","2026-04-22T13:39:35.057895+00:00"
"Comunidad Valenciana","10","2025-07-01","julio de 2025",12.42,"idealista_historico_ccaa","2026-04-22T13:39:35.057895+00:00"
"Comunidad Valenciana","10","2025-06-01","junio de 2025",12.32,"idealista_historico_ccaa","2026-04-22T13:39:35.057895+00:00"
"Comunidad Valenciana","10","2025-05-01","mayo de 2025",12.12,"idealista_historico_ccaa","2026-04-22T13:39:35.057895+00:00"
"Comunidad Valenciana","10","2025-04-01","abril de 2025",12.02,"idealista_historico_ccaa","2026-04-22T13:39:35.057895+00:00"
"Comunidad Valenciana","10","2025-03-01","marzo de 2025",11.72,"idealista_historico_ccaa","2026-04-22T13:39:35.057895+00:00"
"Comunidad Valenciana","10","2025-02-01","febrero de 2025",11.62,"idealista_historico_ccaa","2026-04-22T13:39:35.057895+00:00"
"Comunidad Valenciana","10","2025-01-01","enero de 2025",11.42,"idealista_historico_ccaa","2026-04-22T13:39:35.057895+00:00"
"Comunidad Valenciana","10","2024-12-01","diciembre de 2024",11.42,"idealista_historico_ccaa","2026-04-22T13:39:35.057895+00:00"
"Comunidad Valenciana","10","2024-11-01","noviembre de 2024",11.32,"idealista_historico_ccaa","2026-04-22T13:39:35.057895+00:00"
"Comunidad Valenciana","10","2024-10-01","octubre de 2024",11.22,"idealista_historico_ccaa","2026-04-22T13:39:35.057895+00:00"
"Comunidad Valenciana","10","2024-09-01","septiembre de 2024",11.32,"idealista_historico_ccaa","2026-04-22T13:39:35.057895+00:00"
"Comunidad Valenciana","10","2024-08-01","agosto de 2024",11.42,"idealista_historico_ccaa","2026-04-22T13:39:35.057895+00:00"
"Comunidad Valenciana","10","2024-07-01","julio de 2024",11.22,"idealista_historico_ccaa","2026-04-22T13:39:35.057895+00:00"
"Comunidad Valenciana","10","2024-06-01","junio de 2024",11.12,"idealista_historico_ccaa","2026-04-22T13:39:35.057895+00:00"
"Comunidad Valenciana","10","2024-05-01","mayo de 2024",10.92,"idealista_historico_ccaa","2026-04-22T13:39:35.057895+00:00"
"Comunidad Valenciana","10","2024-04-01","abril de 2024",10.72,"idealista_historico_ccaa","2026-04-22T13:39:35.057895+00:00"
"Comunidad Valenciana","10","2024-03-01","marzo de 2024",10.42,"idealista_historico_ccaa","2026-04-22T13:39:35.057895+00:00"
"Comunidad Valenciana","10","2024-02-01","febrero de 2024",10.32,"idealista_historico_ccaa","2026-04-22T13:39:35.057895+00:00"
"Comunidad Valenciana","10","2024-01-01","enero de 2024",10.22,"idealista_historico_ccaa","2026-04-22T13:39:35.057895+00:00"
"Comunidad Valenciana","10","2023-12-01","diciembre de 2023",10.12,"idealista_historico_ccaa","2026-04-22T13:39:35.057895+00:00"
"Comunidad Valenciana","10","2023-11-01","noviembre de 2023",10.12,"idealista_historico_ccaa","2026-04-22T13:39:35.057895+00:00"
"Comunidad Valenciana","10","2023-10-01","octubre de 2023",10.02,"idealista_historico_ccaa","2026-04-22T13:39:35.057895+00:00"
"Comunidad Valenciana","10","2023-09-01","septiembre de 2023",10.02,"idealista_historico_ccaa","2026-04-22T13:39:35.057895+00:00"
"Comunidad Valenciana","10","2023-08-01","agosto de 2023",10.02,"idealista_historico_ccaa","2026-04-22T13:39:35.057895+00:00"
"Comunidad Valenciana","10","2023-07-01","julio de 2023",9.92,"idealista_historico_ccaa","2026-04-22T13:39:35.057895+00:00"
"Comunidad Valenciana","10","2023-06-01","junio de 2023",9.62,"idealista_historico_ccaa","2026-04-22T13:39:35.057895+00:00"
"Comunidad Valenciana","10","2023-05-01","mayo de 2023",9.42,"idealista_historico_ccaa","2026-04-22T13:39:35.057895+00:00"
"Comunidad Valenciana","10","2023-04-01","abril de 2023",9.22,"idealista_historico_ccaa","2026-04-22T13:39:35.057895+00:00"
"Comunidad Valenciana","10","2023-03-01","marzo de 2023",9.02,"idealista_historico_ccaa","2026-04-22T13:39:35.057895+00:00"
"Comunidad Valenciana","10","2023-02-01","febrero de 2023",8.92,"idealista_historico_ccaa","2026-04-22T13:39:35.057895+00:00"
"Comunidad Valenciana","10","2023-01-01","enero de 2023",8.92,"idealista_historico_ccaa","2026-04-22T13:39:35.057895+00:00"
"Comunidad Valenciana","10","2022-12-01","diciembre de 2022",8.82,"idealista_historico_ccaa","2026-04-22T13:39:35.057895+00:00"
"Comunidad Valenciana","10","2022-11-01","noviembre de 2022",8.72,"idealista_historico_ccaa","2026-04-22T13:39:35.057895+00:00"
"Comunidad Valenciana","10","2022-10-01","octubre de 2022",8.62,"idealista_historico_ccaa","2026-04-22T13:39:35.057895+00:00"
"Comunidad Valenciana","10","2022-09-01","septiembre de 2022",8.62,"idealista_historico_ccaa","2026-04-22T13:39:35.057895+00:00"
"Comunidad Valenciana","10","2022-08-01","agosto de 2022",8.62,"idealista_historico_ccaa","2026-04-22T13:39:35.057895+00:00"
"Comunidad Valenciana","10","2022-07-01","julio de 2022",8.52,"idealista_historico_ccaa","2026-04-22T13:39:35.057895+00:00"
"Comunidad Valenciana","10","2022-06-01","junio de 2022",8.32,"idealista_historico_ccaa","2026-04-22T13:39:35.057895+00:00"
"Comunidad Valenciana","10","2022-05-01","mayo de 2022",8.12,"idealista_historico_ccaa","2026-04-22T13:39:35.057895+00:00"
"Comunidad Valenciana","10","2022-04-01","abril de 2022",8.02,"idealista_historico_ccaa","2026-04-22T13:39:35.057895+00:00"
"Comunidad Valenciana","10","2022-03-01","marzo de 2022",7.92,"idealista_historico_ccaa","2026-04-22T13:39:35.057895+00:00"
"Comunidad Valenciana","10","2022-02-01","febrero de 2022",7.82,"idealista_historico_ccaa","2026-04-22T13:39:35.057895+00:00"
"Comunidad Valenciana","10","2022-01-01","enero de 2022",7.82,"idealista_historico_ccaa","2026-04-22T13:39:35.057895+00:00"
"Comunidad Valenciana","10","2021-12-01","diciembre de 2021",7.72,"idealista_historico_ccaa","2026-04-22T13:39:35.057895+00:00"
"Comunidad Valenciana","10","2021-11-01","noviembre de 2021",7.62,"idealista_historico_ccaa","2026-04-22T13:39:35.057895+00:00"
"Comunidad Valenciana","10","2021-10-01","octubre de 2021",7.62,"idealista_historico_ccaa","2026-04-22T13:39:35.057895+00:00"
"Comunidad Valenciana","10","2021-09-01","septiembre de 2021",7.62,"idealista_historico_ccaa","2026-04-22T13:39:35.057895+00:00"
"Comunidad Valenciana","10","2021-08-01","agosto de 2021",7.62,"idealista_historico_ccaa","2026-04-22T13:39:35.057895+00:00"
"Comunidad Valenciana","10","2021-07-01","julio de 2021",7.62,"idealista_historico_ccaa","2026-04-22T13:39:35.057895+00:00"
"Comunidad Valenciana","10","2021-06-01","junio de 2021",7.52,"idealista_historico_ccaa","2026-04-22T13:39:35.057895+00:00"
"Comunidad Valenciana","10","2021-05-01","mayo de 2021",7.52,"idealista_historico_ccaa","2026-04-22T13:39:35.057895+00:00"
"Comunidad Valenciana","10","2021-04-01","abril de 2021",7.52,"idealista_historico_ccaa","2026-04-22T13:39:35.057895+00:00"
"Comunidad Valenciana","10","2021-03-01","marzo de 2021",7.52,"idealista_historico_ccaa","2026-04-22T13:39:35.057895+00:00"
"Comunidad Valenciana","10","2021-02-01","febrero de 2021",7.52,"idealista_historico_ccaa","2026-04-22T13:39:35.057895+00:00"
"Comunidad Valenciana","10","2021-01-01","enero de 2021",7.52,"idealista_historico_ccaa","2026-04-22T13:39:35.057895+00:00"
"Comunidad Valenciana","10","2020-12-01","diciembre de 2020",7.62,"idealista_historico_ccaa","2026-04-22T13:39:35.057895+00:00"
"Comunidad Valenciana","10","2020-11-01","noviembre de 2020",7.62,"idealista_historico_ccaa","2026-04-22T13:39:35.057895+00:00"
"Comunidad Valenciana","10","2020-10-01","octubre de 2020",7.62,"idealista_historico_ccaa","2026-04-22T13:39:35.057895+00:00"
"Comunidad Valenciana","10","2020-09-01","septiembre de 2020",7.62,"idealista_historico_ccaa","2026-04-22T13:39:35.057895+00:00"
"Comunidad Valenciana","10","2020-08-01","agosto de 2020",7.72,"idealista_historico_ccaa","2026-04-22T13:39:35.057895+00:00"
"Comunidad Valenciana","10","2020-07-01","julio de 2020",7.72,"idealista_historico_ccaa","2026-04-22T13:39:35.057895+00:00"
"Comunidad Valenciana","10","2020-06-01","junio de 2020",7.82,"idealista_historico_ccaa","2026-04-22T13:39:35.057895+00:00"
"Comunidad Valenciana","10","2020-05-01","mayo de 2020",7.62,"idealista_historico_ccaa","2026-04-22T13:39:35.057895+00:00"
"Comunidad Valenciana","10","2020-04-01","abril de 2020",7.52,"idealista_historico_ccaa","2026-04-22T13:39:35.057895+00:00"
"Comunidad Valenciana","10","2020-03-01","marzo de 2020",7.52,"idealista_historico_ccaa","2026-04-22T13:39:35.057895+00:00"
"Comunidad Valenciana","10","2020-02-01","febrero de 2020",7.42,"idealista_historico_ccaa","2026-04-22T13:39:35.057895+00:00"
"Comunidad Valenciana","10","2020-01-01","enero de 2020",7.32,"idealista_historico_ccaa","2026-04-22T13:39:35.057895+00:00"
"Comunidad Valenciana","10","2019-12-01","diciembre de 2019",7.42,"idealista_historico_ccaa","2026-04-22T13:39:35.057895+00:00"
"Comunidad Valenciana","10","2019-11-01","noviembre de 2019",7.42,"idealista_historico_ccaa","2026-04-22T13:39:35.057895+00:00"
"Comunidad Valenciana","10","2019-10-01","octubre de 2019",7.42,"idealista_historico_ccaa","2026-04-22T13:39:35.057895+00:00"
"Comunidad Valenciana","10","2019-09-01","septiembre de 2019",7.42,"idealista_historico_ccaa","2026-04-22T13:39:35.057895+00:00"
"Comunidad Valenciana","10","2019-08-01","agosto de 2019",7.42,"idealista_historico_ccaa","2026-04-22T13:39:35.057895+00:00"
"Comunidad Valenciana","10","2019-07-01","julio de 2019",7.32,"idealista_historico_ccaa","2026-04-22T13:39:35.057895+00:00"
"Comunidad Valenciana","10","2019-06-01","junio de 2019",7.22,"idealista_historico_ccaa","2026-04-22T13:39:35.057895+00:00"
"Comunidad Valenciana","10","2019-05-01","mayo de 2019",7.02,"idealista_historico_ccaa","2026-04-22T13:39:35.057895+00:00"
"Comunidad Valenciana","10","2019-04-01","abril de 2019",6.92,"idealista_historico_ccaa","2026-04-22T13:39:35.057895+00:00"
"Comunidad Valenciana","10","2019-03-01","marzo de 2019",6.92,"idealista_historico_ccaa","2026-04-22T13:39:35.057895+00:00"
"Comunidad Valenciana","10","2019-02-01","febrero de 2019",6.82,"idealista_historico_ccaa","2026-04-22T13:39:35.057895+00:00"
"Comunidad Valenciana","10","2019-01-01","enero de 2019",6.82,"idealista_historico_ccaa","2026-04-22T13:39:35.057895+00:00"
"Comunidad Valenciana","10","2018-12-01","diciembre de 2018",6.92,"idealista_historico_ccaa","2026-04-22T13:39:35.057895+00:00"
"Comunidad Valenciana","10","2018-11-01","noviembre de 2018",6.92,"idealista_historico_ccaa","2026-04-22T13:39:35.057895+00:00"
"Comunidad Valenciana","10","2018-10-01","octubre de 2018",6.92,"idealista_historico_ccaa","2026-04-22T13:39:35.057895+00:00"
"Comunidad Valenciana","10","2018-09-01","septiembre de 2018",6.92,"idealista_historico_ccaa","2026-04-22T13:39:35.057895+00:00"
"Comunidad Valenciana","10","2018-08-01","agosto de 2018",6.92,"idealista_historico_ccaa","2026-04-22T13:39:35.057895+00:00"
"Comunidad Valenciana","10","2018-07-01","julio de 2018",6.82,"idealista_historico_ccaa","2026-04-22T13:39:35.057895+00:00"
"Comunidad Valenciana","10","2018-06-01","junio de 2018",6.72,"idealista_historico_ccaa","2026-04-22T13:39:35.057895+00:00"
"Comunidad Valenciana","10","2018-05-01","mayo de 2018",6.62,"idealista_historico_ccaa","2026-04-22T13:39:35.057895+00:00"
"Comunidad Valenciana","10","2018-04-01","abril de 2018",6.52,"idealista_historico_ccaa","2026-04-22T13:39:35.057895+00:00"
"Comunidad Valenciana","10","2018-03-01","marzo de 2018",6.42,"idealista_historico_ccaa","2026-04-22T13:39:35.057895+00:00"
"Comunidad Valenciana","10","2018-02-01","febrero de 2018",6.42,"idealista_historico_ccaa","2026-04-22T13:39:35.057895+00:00"
"Comunidad Valenciana","10","2018-01-01","enero de 2018",6.42,"idealista_historico_ccaa","2026-04-22T13:39:35.057895+00:00"
"Comunidad Valenciana","10","2017-12-01","diciembre de 2017",6.42,"idealista_historico_ccaa","2026-04-22T13:39:35.057895+00:00"
"Comunidad Valenciana","10","2017-11-01","noviembre de 2017",6.32,"idealista_historico_ccaa","2026-04-22T13:39:35.057895+00:00"
"Comunidad Valenciana","10","2017-10-01","octubre de 2017",6.32,"idealista_historico_ccaa","2026-04-22T13:39:35.057895+00:00"
"Comunidad Valenciana","10","2017-09-01","septiembre de 2017",6.22,"idealista_historico_ccaa","2026-04-22T13:39:35.057895+00:00"
"Comunidad Valenciana","10","2017-08-01","agosto de 2017",6.22,"idealista_historico_ccaa","2026-04-22T13:39:35.057895+00:00"
"Comunidad Valenciana","10","2017-07-01","julio de 2017",6.12,"idealista_historico_ccaa","2026-04-22T13:39:35.057895+00:00"
"Comunidad Valenciana","10","2017-06-01","junio de 2017",6.12,"idealista_historico_ccaa","2026-04-22T13:39:35.057895+00:00"
"Comunidad Valenciana","10","2017-05-01","mayo de 2017",5.92,"idealista_historico_ccaa","2026-04-22T13:39:35.057895+00:00"
"Comunidad Valenciana","10","2017-04-01","abril de 2017",5.82,"idealista_historico_ccaa","2026-04-22T13:39:35.057895+00:00"
"Comunidad Valenciana","10","2017-03-01","marzo de 2017",5.82,"idealista_historico_ccaa","2026-04-22T13:39:35.057895+00:00"
"Comunidad Valenciana","10","2017-02-01","febrero de 2017",5.82,"idealista_historico_ccaa","2026-04-22T13:39:35.057895+00:00"
"Comunidad Valenciana","10","2017-01-01","enero de 2017",5.82,"idealista_historico_ccaa","2026-04-22T13:39:35.057895+00:00"
"Comunidad Valenciana","10","2016-12-01","diciembre de 2016",5.82,"idealista_historico_ccaa","2026-04-22T13:39:35.057895+00:00"
"Comunidad Valenciana","10","2016-11-01","noviembre de 2016",5.82,"idealista_historico_ccaa","2026-04-22T13:39:35.057895+00:00"
"Comunidad Valenciana","10","2016-10-01","octubre de 2016",5.82,"idealista_historico_ccaa","2026-04-22T13:39:35.057895+00:00"
"Comunidad Valenciana","10","2016-09-01","septiembre de 2016",5.82,"idealista_historico_ccaa","2026-04-22T13:39:35.057895+00:00"
"Comunidad Valenciana","10","2016-08-01","agosto de 2016",5.82,"idealista_historico_ccaa","2026-04-22T13:39:35.057895+00:00"
"Comunidad Valenciana","10","2016-07-01","julio de 2016",5.72,"idealista_historico_ccaa","2026-04-22T13:39:35.057895+00:00"
"Comunidad Valenciana","10","2016-06-01","junio de 2016",5.62,"idealista_historico_ccaa","2026-04-22T13:39:35.057895+00:00"
"Comunidad Valenciana","10","2016-05-01","mayo de 2016",5.62,"idealista_historico_ccaa","2026-04-22T13:39:35.057895+00:00"
"Comunidad Valenciana","10","2016-04-01","abril de 2016",5.52,"idealista_historico_ccaa","2026-04-22T13:39:35.057895+00:00"
"Comunidad Valenciana","10","2016-03-01","marzo de 2016",5.52,"idealista_historico_ccaa","2026-04-22T13:39:35.057895+00:00"
"Comunidad Valenciana","10","2016-02-01","febrero de 2016",5.42,"idealista_historico_ccaa","2026-04-22T13:39:35.057895+00:00"
"Comunidad Valenciana","10","2016-01-01","enero de 2016",5.42,"idealista_historico_ccaa","2026-04-22T13:39:35.057895+00:00"
"Comunidad Valenciana","10","2015-12-01","diciembre de 2015",5.32,"idealista_historico_ccaa","2026-04-22T13:39:35.057895+00:00"
"Comunidad Valenciana","10","2015-11-01","noviembre de 2015",5.32,"idealista_historico_ccaa","2026-04-22T13:39:35.057895+00:00"
"Comunidad Valenciana","10","2015-10-01","octubre de 2015",5.32,"idealista_historico_ccaa","2026-04-22T13:39:35.057895+00:00"
"Comunidad Valenciana","10","2015-09-01","septiembre de 2015",5.32,"idealista_historico_ccaa","2026-04-22T13:39:35.057895+00:00"
"Comunidad Valenciana","10","2015-08-01","agosto de 2015",5.32,"idealista_historico_ccaa","2026-04-22T13:39:35.057895+00:00"
"Comunidad Valenciana","10","2015-07-01","julio de 2015",5.32,"idealista_historico_ccaa","2026-04-22T13:39:35.057895+00:00"
"Comunidad Valenciana","10","2015-06-01","junio de 2015",5.22,"idealista_historico_ccaa","2026-04-22T13:39:35.057895+00:00"
"Comunidad Valenciana","10","2015-05-01","mayo de 2015",5.22,"idealista_historico_ccaa","2026-04-22T13:39:35.057895+00:00"
"Comunidad Valenciana","10","2015-04-01","abril de 2015",5.22,"idealista_historico_ccaa","2026-04-22T13:39:35.057895+00:00"
"Comunidad Valenciana","10","2015-03-01","marzo de 2015",5.22,"idealista_historico_ccaa","2026-04-22T13:39:35.057895+00:00"
"Comunidad Valenciana","10","2015-02-01","febrero de 2015",5.22,"idealista_historico_ccaa","2026-04-22T13:39:35.057895+00:00"
"Comunidad Valenciana","10","2015-01-01","enero de 2015",5.22,"idealista_historico_ccaa","2026-04-22T13:39:35.057895+00:00"
"Comunidad Valenciana","10","2014-12-01","diciembre de 2014",5.22,"idealista_historico_ccaa","2026-04-22T13:39:35.057895+00:00"
"Comunidad Valenciana","10","2014-11-01","noviembre de 2014",5.22,"idealista_historico_ccaa","2026-04-22T13:39:35.057895+00:00"
"Comunidad Valenciana","10","2014-10-01","octubre de 2014",5.22,"idealista_historico_ccaa","2026-04-22T13:39:35.057895+00:00"
"Comunidad Valenciana","10","2014-09-01","septiembre de 2014",5.22,"idealista_historico_ccaa","2026-04-22T13:39:35.057895+00:00"
"Comunidad Valenciana","10","2014-08-01","agosto de 2014",5.22,"idealista_historico_ccaa","2026-04-22T13:39:35.057895+00:00"
"Comunidad Valenciana","10","2014-07-01","julio de 2014",5.22,"idealista_historico_ccaa","2026-04-22T13:39:35.057895+00:00"
"Comunidad Valenciana","10","2014-06-01","junio de 2014",5.12,"idealista_historico_ccaa","2026-04-22T13:39:35.057895+00:00"
"Comunidad Valenciana","10","2014-05-01","mayo de 2014",5.12,"idealista_historico_ccaa","2026-04-22T13:39:35.057895+00:00"
"Comunidad Valenciana","10","2014-04-01","abril de 2014",5.12,"idealista_historico_ccaa","2026-04-22T13:39:35.057895+00:00"
"Comunidad Valenciana","10","2014-03-01","marzo de 2014",5.12,"idealista_historico_ccaa","2026-04-22T13:39:35.057895+00:00"
"Comunidad Valenciana","10","2014-02-01","febrero de 2014",5.12,"idealista_historico_ccaa","2026-04-22T13:39:35.057895+00:00"
"Comunidad Valenciana","10","2014-01-01","enero de 2014",5.22,"idealista_historico_ccaa","2026-04-22T13:39:35.057895+00:00"
"Comunidad Valenciana","10","2013-12-01","diciembre de 2013",5.22,"idealista_historico_ccaa","2026-04-22T13:39:35.057895+00:00"
"Comunidad Valenciana","10","2013-11-01","noviembre de 2013",5.22,"idealista_historico_ccaa","2026-04-22T13:39:35.057895+00:00"
"Comunidad Valenciana","10","2013-10-01","octubre de 2013",5.22,"idealista_historico_ccaa","2026-04-22T13:39:35.057895+00:00"
"Comunidad Valenciana","10","2013-09-01","septiembre de 2013",5.22,"idealista_historico_ccaa","2026-04-22T13:39:35.057895+00:00"
"Comunidad Valenciana","10","2013-08-01","agosto de 2013",5.22,"idealista_historico_ccaa","2026-04-22T13:39:35.057895+00:00"
"Comunidad Valenciana","10","2013-07-01","julio de 2013",5.32,"idealista_historico_ccaa","2026-04-22T13:39:35.057895+00:00"
"Comunidad Valenciana","10","2013-06-01","junio de 2013",5.32,"idealista_historico_ccaa","2026-04-22T13:39:35.057895+00:00"
"Comunidad Valenciana","10","2013-05-01","mayo de 2013",5.32,"idealista_historico_ccaa","2026-04-22T13:39:35.057895+00:00"
"Comunidad Valenciana","10","2013-04-01","abril de 2013",5.32,"idealista_historico_ccaa","2026-04-22T13:39:35.057895+00:00"
"Comunidad Valenciana","10","2013-03-01","marzo de 2013",5.32,"idealista_historico_ccaa","2026-04-22T13:39:35.057895+00:00"
"Comunidad Valenciana","10","2011-03-01","marzo de 2011",5.72,"idealista_historico_ccaa","2026-04-22T13:39:35.057895+00:00"
"Comunidad Valenciana","10","2011-02-01","febrero de 2011",5.72,"idealista_historico_ccaa","2026-04-22T13:39:35.057895+00:00"
"Comunidad Valenciana","10","2011-01-01","enero de 2011",5.82,"idealista_historico_ccaa","2026-04-22T13:39:35.057895+00:00"
"Comunidad Valenciana","10","2010-12-01","diciembre de 2010",5.82,"idealista_historico_ccaa","2026-04-22T13:39:35.057895+00:00"
"Comunidad Valenciana","10","2010-11-01","noviembre de 2010",5.92,"idealista_historico_ccaa","2026-04-22T13:39:35.057895+00:00"
"Comunidad Valenciana","10","2010-10-01","octubre de 2010",5.92,"idealista_historico_ccaa","2026-04-22T13:39:35.057895+00:00"
"Comunidad Valenciana","10","2010-09-01","septiembre de 2010",5.92,"idealista_historico_ccaa","2026-04-22T13:39:35.057895+00:00"
"Comunidad Valenciana","10","2010-08-01","agosto de 2010",6.02,"idealista_historico_ccaa","2026-04-22T13:39:35.057895+00:00"
"Comunidad Valenciana","10","2010-07-01","julio de 2010",6.22,"idealista_historico_ccaa","2026-04-22T13:39:35.057895+00:00"
"Comunidad Valenciana","10","2010-06-01","junio de 2010",6.22,"idealista_historico_ccaa","2026-04-22T13:39:35.057895+00:00"
"Comunidad Valenciana","10","2010-05-01","mayo de 2010",6.22,"idealista_historico_ccaa","2026-04-22T13:39:35.057895+00:00"
"Comunidad Valenciana","10","2010-04-01","abril de 2010",6.22,"idealista_historico_ccaa","2026-04-22T13:39:35.057895+00:00"
"Comunidad Valenciana","10","2010-03-01","marzo de 2010",6.22,"idealista_historico_ccaa","2026-04-22T13:39:35.057895+00:00"
"Comunidad Valenciana","10","2010-02-01","febrero de 2010",6.22,"idealista_historico_ccaa","2026-04-22T13:39:35.057895+00:00"
"Comunidad Valenciana","10","2010-01-01","enero de 2010",6.32,"idealista_historico_ccaa","2026-04-22T13:39:35.057895+00:00"
"Comunidad Valenciana","10","2009-12-01","diciembre de 2009",6.32,"idealista_historico_ccaa","2026-04-22T13:39:35.057895+00:00"
"Comunidad Valenciana","10","2009-11-01","noviembre de 2009",6.42,"idealista_historico_ccaa","2026-04-22T13:39:35.057895+00:00"
"Comunidad Valenciana","10","2009-10-01","octubre de 2009",6.42,"idealista_historico_ccaa","2026-04-22T13:39:35.057895+00:00"
"Comunidad Valenciana","10","2009-09-01","septiembre de 2009",6.42,"idealista_historico_ccaa","2026-04-22T13:39:35.057895+00:00"
"Comunidad Valenciana","10","2009-08-01","agosto de 2009",6.62,"idealista_historico_ccaa","2026-04-22T13:39:35.057895+00:00"
"Comunidad Valenciana","10","2009-07-01","julio de 2009",6.62,"idealista_historico_ccaa","2026-04-22T13:39:35.057895+00:00"
"Comunidad Valenciana","10","2009-06-01","junio de 2009",6.62,"idealista_historico_ccaa","2026-04-22T13:39:35.057895+00:00"
"Comunidad Valenciana","10","2009-05-01","mayo de 2009",6.52,"idealista_historico_ccaa","2026-04-22T13:39:35.057895+00:00"
"Comunidad Valenciana","10","2009-04-01","abril de 2009",6.62,"idealista_historico_ccaa","2026-04-22T13:39:35.057895+00:00"
"Comunidad Valenciana","10","2009-03-01","marzo de 2009",6.62,"idealista_historico_ccaa","2026-04-22T13:39:35.057895+00:00"
"Comunidad Valenciana","10","2009-02-01","febrero de 2009",6.62,"idealista_historico_ccaa","2026-04-22T13:39:35.057895+00:00"
"Comunidad Valenciana","10","2009-01-01","enero de 2009",6.72,"idealista_historico_ccaa","2026-04-22T13:39:35.057895+00:00"
"Comunidad Valenciana","10","2008-12-01","diciembre de 2008",6.82,"idealista_historico_ccaa","2026-04-22T13:39:35.057895+00:00"
"Comunidad Valenciana","10","2008-11-01","noviembre de 2008",6.92,"idealista_historico_ccaa","2026-04-22T13:39:35.057895+00:00"
"Comunidad Valenciana","10","2008-10-01","octubre de 2008",6.92,"idealista_historico_ccaa","2026-04-22T13:39:35.057895+00:00"
"Comunidad Valenciana","10","2008-09-01","septiembre de 2008",7.12,"idealista_historico_ccaa","2026-04-22T13:39:35.057895+00:00"
"Comunidad Valenciana","10","2008-08-01","agosto de 2008",7.32,"idealista_historico_ccaa","2026-04-22T13:39:35.057895+00:00"
"Comunidad Valenciana","10","2008-07-01","julio de 2008",7.42,"idealista_historico_ccaa","2026-04-22T13:39:35.057895+00:00"
"Comunidad Valenciana","10","2008-06-01","junio de 2008",7.42,"idealista_historico_ccaa","2026-04-22T13:39:35.057895+00:00"
"Comunidad Valenciana","10","2008-05-01","mayo de 2008",7.42,"idealista_historico_ccaa","2026-04-22T13:39:35.057895+00:00"
"Comunidad Valenciana","10","2008-04-01","abril de 2008",7.22,"idealista_historico_ccaa","2026-04-22T13:39:35.057895+00:00"
"Comunidad Valenciana","10","2008-03-01","marzo de 2008",7.32,"idealista_historico_ccaa","2026-04-22T13:39:35.057895+00:00"
"Comunidad Valenciana","10","2008-02-01","febrero de 2008",7.42,"idealista_historico_ccaa","2026-04-22T13:39:35.057895+00:00"
"Comunidad Valenciana","10","2008-01-01","enero de 2008",7.62,"idealista_historico_ccaa","2026-04-22T13:39:35.057895+00:00"
"Comunidad Valenciana","10","2007-12-01","diciembre de 2007",7.72,"idealista_historico_ccaa","2026-04-22T13:39:35.057895+00:00"
"Comunidad Valenciana","10","2007-11-01","noviembre de 2007",7.62,"idealista_historico_ccaa","2026-04-22T13:39:35.057895+00:00"
"Comunidad Valenciana","10","2007-10-01","octubre de 2007",7.82,"idealista_historico_ccaa","2026-04-22T13:39:35.057895+00:00"
"Comunidad Valenciana","10","2007-09-01","septiembre de 2007",8.32,"idealista_historico_ccaa","2026-04-22T13:39:35.057895+00:00"
"Comunidad Valenciana","10","2007-08-01","agosto de 2007",8.22,"idealista_historico_ccaa","2026-04-22T13:39:35.057895+00:00"
"Comunidad Valenciana","10","2007-07-01","julio de 2007",8.32,"idealista_historico_ccaa","2026-04-22T13:39:35.057895+00:00"
"Comunidad Valenciana","10","2007-06-01","junio de 2007",8.42,"idealista_historico_ccaa","2026-04-22T13:39:35.057895+00:00"
"Comunidad Valenciana","10","2007-05-01","mayo de 2007",8.32,"idealista_historico_ccaa","2026-04-22T13:39:35.057895+00:00"
"Comunidad Valenciana","10","2007-04-01","abril de 2007",8.02,"idealista_historico_ccaa","2026-04-22T13:39:35.057895+00:00"
"Comunidad Valenciana","10","2007-03-01","marzo de 2007",7.82,"idealista_historico_ccaa","2026-04-22T13:39:35.057895+00:00"
"Comunidad Valenciana","10","2007-02-01","febrero de 2007",7.92,"idealista_historico_ccaa","2026-04-22T13:39:35.057895+00:00"
"Comunidad Valenciana","10","2007-01-01","enero de 2007",8.22,"idealista_historico_ccaa","2026-04-22T13:39:35.057895+00:00"
"Comunidad Valenciana","10","2006-12-01","diciembre de 2006",8.42,"idealista_historico_ccaa","2026-04-22T13:39:35.057895+00:00"
"Comunidad Valenciana","10","2006-11-01","noviembre de 2006",8.22,"idealista_historico_ccaa","2026-04-22T13:39:35.057895+00:00"
"Comunidad Valenciana","10","2006-10-01","octubre de 2006",8.32,"idealista_historico_ccaa","2026-04-22T13:39:35.057895+00:00"
"Comunidad Valenciana","10","2006-09-01","septiembre de 2006",8.42,"idealista_historico_ccaa","2026-04-22T13:39:35.057895+00:00"
"Comunidad Valenciana","10","2006-08-01","agosto de 2006",8.92,"idealista_historico_ccaa","2026-04-22T13:39:35.057895+00:00"
"Comunidad Valenciana","10","2006-07-01","julio de 2006",9.22,"idealista_historico_ccaa","2026-04-22T13:39:35.057895+00:00"
"Comunidad Valenciana","10","2006-06-01","junio de 2006",9.32,"idealista_historico_ccaa","2026-04-22T13:39:35.057895+00:00"
"Comunidad Valenciana","10","2006-05-01","mayo de 2006",9.22,"idealista_historico_ccaa","2026-04-22T13:39:35.057895+00:00"
"Comunidad Valenciana","10","2006-04-01","abril de 2006",9.42,"idealista_historico_ccaa","2026-04-22T13:39:35.057895+00:00"
"Comunidad Valenciana","10","2006-03-01","marzo de 2006",9.42,"idealista_historico_ccaa","2026-04-22T13:39:35.057895+00:00"
"Comunidad Valenciana","10","2006-02-01","febrero de 2006",10.02,"idealista_historico_ccaa","2026-04-22T13:39:35.057895+00:00"
"Comunidad Valenciana","10","2006-01-01","enero de 2006",10.02,"idealista_historico_ccaa","2026-04-22T13:39:35.057895+00:00"
"Canarias","05","2026-03-01","marzo de 2026",15.62,"idealista_historico_ccaa","2026-04-22T13:40:48.192696+00:00"
"Canarias","05","2026-02-01","febrero de 2026",15.42,"idealista_historico_ccaa","2026-04-22T13:40:48.192696+00:00"
"Canarias","05","2026-01-01","enero de 2026",15.32,"idealista_historico_ccaa","2026-04-22T13:40:48.192696+00:00"
"Canarias","05","2025-12-01","diciembre de 2025",15.32,"idealista_historico_ccaa","2026-04-22T13:40:48.192696+00:00"
"Canarias","05","2025-11-01","noviembre de 2025",15.12,"idealista_historico_ccaa","2026-04-22T13:40:48.192696+00:00"
"Canarias","05","2025-10-01","octubre de 2025",15.12,"idealista_historico_ccaa","2026-04-22T13:40:48.192696+00:00"
"Canarias","05","2025-09-01","septiembre de 2025",15.02,"idealista_historico_ccaa","2026-04-22T13:40:48.192696+00:00"
"Canarias","05","2025-08-01","agosto de 2025",15.02,"idealista_historico_ccaa","2026-04-22T13:40:48.192696+00:00"
"Canarias","05","2025-07-01","julio de 2025",15.02,"idealista_historico_ccaa","2026-04-22T13:40:48.192696+00:00"
"Canarias","05","2025-06-01","junio de 2025",15.12,"idealista_historico_ccaa","2026-04-22T13:40:48.192696+00:00"
"Canarias","05","2025-05-01","mayo de 2025",14.92,"idealista_historico_ccaa","2026-04-22T13:40:48.192696+00:00"
"Canarias","05","2025-04-01","abril de 2025",14.62,"idealista_historico_ccaa","2026-04-22T13:40:48.192696+00:00"
"Canarias","05","2025-03-01","marzo de 2025",14.32,"idealista_historico_ccaa","2026-04-22T13:40:48.192696+00:00"
"Canarias","05","2025-02-01","febrero de 2025",14.32,"idealista_historico_ccaa","2026-04-22T13:40:48.192696+00:00"
"Canarias","05","2025-01-01","enero de 2025",14.22,"idealista_historico_ccaa","2026-04-22T13:40:48.192696+00:00"
"Canarias","05","2024-12-01","diciembre de 2024",14.12,"idealista_historico_ccaa","2026-04-22T13:40:48.192696+00:00"
"Canarias","05","2024-11-01","noviembre de 2024",14.02,"idealista_historico_ccaa","2026-04-22T13:40:48.192696+00:00"
"Canarias","05","2024-10-01","octubre de 2024",14.02,"idealista_historico_ccaa","2026-04-22T13:40:48.192696+00:00"
"Canarias","05","2024-09-01","septiembre de 2024",13.82,"idealista_historico_ccaa","2026-04-22T13:40:48.192696+00:00"
"Canarias","05","2024-08-01","agosto de 2024",14.02,"idealista_historico_ccaa","2026-04-22T13:40:48.192696+00:00"
"Canarias","05","2024-07-01","julio de 2024",13.92,"idealista_historico_ccaa","2026-04-22T13:40:48.192696+00:00"
"Canarias","05","2024-06-01","junio de 2024",14.22,"idealista_historico_ccaa","2026-04-22T13:40:48.192696+00:00"
"Canarias","05","2024-05-01","mayo de 2024",14.02,"idealista_historico_ccaa","2026-04-22T13:40:48.192696+00:00"
"Canarias","05","2024-04-01","abril de 2024",13.62,"idealista_historico_ccaa","2026-04-22T13:40:48.192696+00:00"
"Canarias","05","2024-03-01","marzo de 2024",13.32,"idealista_historico_ccaa","2026-04-22T13:40:48.192696+00:00"
"Canarias","05","2024-02-01","febrero de 2024",13.22,"idealista_historico_ccaa","2026-04-22T13:40:48.192696+00:00"
"Canarias","05","2024-01-01","enero de 2024",13.02,"idealista_historico_ccaa","2026-04-22T13:40:48.192696+00:00"
"Canarias","05","2023-12-01","diciembre de 2023",12.82,"idealista_historico_ccaa","2026-04-22T13:40:48.192696+00:00"
"Canarias","05","2023-11-01","noviembre de 2023",12.92,"idealista_historico_ccaa","2026-04-22T13:40:48.192696+00:00"
"Canarias","05","2023-10-01","octubre de 2023",12.82,"idealista_historico_ccaa","2026-04-22T13:40:48.192696+00:00"
"Canarias","05","2023-09-01","septiembre de 2023",12.82,"idealista_historico_ccaa","2026-04-22T13:40:48.192696+00:00"
"Canarias","05","2023-08-01","agosto de 2023",12.62,"idealista_historico_ccaa","2026-04-22T13:40:48.192696+00:00"
"Canarias","05","2023-07-01","julio de 2023",12.72,"idealista_historico_ccaa","2026-04-22T13:40:48.192696+00:00"
"Canarias","05","2023-06-01","junio de 2023",12.52,"idealista_historico_ccaa","2026-04-22T13:40:48.192696+00:00"
"Canarias","05","2023-05-01","mayo de 2023",12.42,"idealista_historico_ccaa","2026-04-22T13:40:48.192696+00:00"
"Canarias","05","2023-04-01","abril de 2023",12.12,"idealista_historico_ccaa","2026-04-22T13:40:48.192696+00:00"
"Canarias","05","2023-03-01","marzo de 2023",11.72,"idealista_historico_ccaa","2026-04-22T13:40:48.192696+00:00"
"Canarias","05","2023-02-01","febrero de 2023",11.62,"idealista_historico_ccaa","2026-04-22T13:40:48.192696+00:00"
"Canarias","05","2023-01-01","enero de 2023",11.52,"idealista_historico_ccaa","2026-04-22T13:40:48.192696+00:00"
"Canarias","05","2022-12-01","diciembre de 2022",11.52,"idealista_historico_ccaa","2026-04-22T13:40:48.192696+00:00"
"Canarias","05","2022-11-01","noviembre de 2022",11.52,"idealista_historico_ccaa","2026-04-22T13:40:48.192696+00:00"
"Canarias","05","2022-10-01","octubre de 2022",11.32,"idealista_historico_ccaa","2026-04-22T13:40:48.192696+00:00"
"Canarias","05","2022-09-01","septiembre de 2022",11.12,"idealista_historico_ccaa","2026-04-22T13:40:48.192696+00:00"
"Canarias","05","2022-08-01","agosto de 2022",11.12,"idealista_historico_ccaa","2026-04-22T13:40:48.192696+00:00"
"Canarias","05","2022-07-01","julio de 2022",10.92,"idealista_historico_ccaa","2026-04-22T13:40:48.192696+00:00"
"Canarias","05","2022-06-01","junio de 2022",10.92,"idealista_historico_ccaa","2026-04-22T13:40:48.192696+00:00"
"Canarias","05","2022-05-01","mayo de 2022",10.72,"idealista_historico_ccaa","2026-04-22T13:40:48.192696+00:00"
"Canarias","05","2022-04-01","abril de 2022",10.52,"idealista_historico_ccaa","2026-04-22T13:40:48.192696+00:00"
"Canarias","05","2022-03-01","marzo de 2022",10.32,"idealista_historico_ccaa","2026-04-22T13:40:48.192696+00:00"
"Canarias","05","2022-02-01","febrero de 2022",10.32,"idealista_historico_ccaa","2026-04-22T13:40:48.192696+00:00"
"Canarias","05","2022-01-01","enero de 2022",10.32,"idealista_historico_ccaa","2026-04-22T13:40:48.192696+00:00"
"Canarias","05","2021-12-01","diciembre de 2021",10.22,"idealista_historico_ccaa","2026-04-22T13:40:48.192696+00:00"
"Canarias","05","2021-11-01","noviembre de 2021",10.12,"idealista_historico_ccaa","2026-04-22T13:40:48.192696+00:00"
"Canarias","05","2021-10-01","octubre de 2021",10.02,"idealista_historico_ccaa","2026-04-22T13:40:48.192696+00:00"
"Canarias","05","2021-09-01","septiembre de 2021",9.92,"idealista_historico_ccaa","2026-04-22T13:40:48.192696+00:00"
"Canarias","05","2021-08-01","agosto de 2021",9.82,"idealista_historico_ccaa","2026-04-22T13:40:48.192696+00:00"
"Canarias","05","2021-07-01","julio de 2021",9.92,"idealista_historico_ccaa","2026-04-22T13:40:48.192696+00:00"
"Canarias","05","2021-06-01","junio de 2021",9.82,"idealista_historico_ccaa","2026-04-22T13:40:48.192696+00:00"
"Canarias","05","2021-05-01","mayo de 2021",9.82,"idealista_historico_ccaa","2026-04-22T13:40:48.192696+00:00"
"Canarias","05","2021-04-01","abril de 2021",9.82,"idealista_historico_ccaa","2026-04-22T13:40:48.192696+00:00"
"Canarias","05","2021-03-01","marzo de 2021",9.72,"idealista_historico_ccaa","2026-04-22T13:40:48.192696+00:00"
"Canarias","05","2021-02-01","febrero de 2021",9.72,"idealista_historico_ccaa","2026-04-22T13:40:48.192696+00:00"
"Canarias","05","2021-01-01","enero de 2021",9.82,"idealista_historico_ccaa","2026-04-22T13:40:48.192696+00:00"
"Canarias","05","2020-12-01","diciembre de 2020",9.82,"idealista_historico_ccaa","2026-04-22T13:40:48.192696+00:00"
"Canarias","05","2020-11-01","noviembre de 2020",9.92,"idealista_historico_ccaa","2026-04-22T13:40:48.192696+00:00"
"Canarias","05","2020-10-01","octubre de 2020",9.92,"idealista_historico_ccaa","2026-04-22T13:40:48.192696+00:00"
"Canarias","05","2020-09-01","septiembre de 2020",9.82,"idealista_historico_ccaa","2026-04-22T13:40:48.192696+00:00"
"Canarias","05","2020-08-01","agosto de 2020",9.82,"idealista_historico_ccaa","2026-04-22T13:40:48.192696+00:00"
"Canarias","05","2020-07-01","julio de 2020",9.92,"idealista_historico_ccaa","2026-04-22T13:40:48.192696+00:00"
"Canarias","05","2020-06-01","junio de 2020",10.02,"idealista_historico_ccaa","2026-04-22T13:40:48.192696+00:00"
"Canarias","05","2020-05-01","mayo de 2020",10.12,"idealista_historico_ccaa","2026-04-22T13:40:48.192696+00:00"
"Canarias","05","2020-04-01","abril de 2020",10.02,"idealista_historico_ccaa","2026-04-22T13:40:48.192696+00:00"
"Canarias","05","2020-03-01","marzo de 2020",9.92,"idealista_historico_ccaa","2026-04-22T13:40:48.192696+00:00"
"Canarias","05","2020-02-01","febrero de 2020",9.92,"idealista_historico_ccaa","2026-04-22T13:40:48.192696+00:00"
"Canarias","05","2020-01-01","enero de 2020",9.92,"idealista_historico_ccaa","2026-04-22T13:40:48.192696+00:00"
"Canarias","05","2019-12-01","diciembre de 2019",9.92,"idealista_historico_ccaa","2026-04-22T13:40:48.192696+00:00"
"Canarias","05","2019-11-01","noviembre de 2019",9.92,"idealista_historico_ccaa","2026-04-22T13:40:48.192696+00:00"
"Canarias","05","2019-10-01","octubre de 2019",9.92,"idealista_historico_ccaa","2026-04-22T13:40:48.192696+00:00"
"Canarias","05","2019-09-01","septiembre de 2019",9.82,"idealista_historico_ccaa","2026-04-22T13:40:48.192696+00:00"
"Canarias","05","2019-08-01","agosto de 2019",9.92,"idealista_historico_ccaa","2026-04-22T13:40:48.192696+00:00"
"Canarias","05","2019-07-01","julio de 2019",10.12,"idealista_historico_ccaa","2026-04-22T13:40:48.192696+00:00"
"Canarias","05","2019-06-01","junio de 2019",10.02,"idealista_historico_ccaa","2026-04-22T13:40:48.192696+00:00"
"Canarias","05","2019-05-01","mayo de 2019",9.92,"idealista_historico_ccaa","2026-04-22T13:40:48.192696+00:00"
"Canarias","05","2019-04-01","abril de 2019",9.72,"idealista_historico_ccaa","2026-04-22T13:40:48.192696+00:00"
"Canarias","05","2019-03-01","marzo de 2019",9.62,"idealista_historico_ccaa","2026-04-22T13:40:48.192696+00:00"
"Canarias","05","2019-02-01","febrero de 2019",9.62,"idealista_historico_ccaa","2026-04-22T13:40:48.192696+00:00"
"Canarias","05","2019-01-01","enero de 2019",9.52,"idealista_historico_ccaa","2026-04-22T13:40:48.192696+00:00"
"Canarias","05","2018-12-01","diciembre de 2018",9.62,"idealista_historico_ccaa","2026-04-22T13:40:48.192696+00:00"
"Canarias","05","2018-11-01","noviembre de 2018",9.42,"idealista_historico_ccaa","2026-04-22T13:40:48.192696+00:00"
"Canarias","05","2018-10-01","octubre de 2018",9.42,"idealista_historico_ccaa","2026-04-22T13:40:48.192696+00:00"
"Canarias","05","2018-09-01","septiembre de 2018",9.42,"idealista_historico_ccaa","2026-04-22T13:40:48.192696+00:00"
"Canarias","05","2018-08-01","agosto de 2018",9.32,"idealista_historico_ccaa","2026-04-22T13:40:48.192696+00:00"
"Canarias","05","2018-07-01","julio de 2018",9.42,"idealista_historico_ccaa","2026-04-22T13:40:48.192696+00:00"
"Canarias","05","2018-06-01","junio de 2018",9.42,"idealista_historico_ccaa","2026-04-22T13:40:48.192696+00:00"
"Canarias","05","2018-05-01","mayo de 2018",9.32,"idealista_historico_ccaa","2026-04-22T13:40:48.192696+00:00"
"Canarias","05","2018-04-01","abril de 2018",9.12,"idealista_historico_ccaa","2026-04-22T13:40:48.192696+00:00"
"Canarias","05","2018-03-01","marzo de 2018",8.82,"idealista_historico_ccaa","2026-04-22T13:40:48.192696+00:00"
"Canarias","05","2018-02-01","febrero de 2018",8.72,"idealista_historico_ccaa","2026-04-22T13:40:48.192696+00:00"
"Canarias","05","2018-01-01","enero de 2018",8.72,"idealista_historico_ccaa","2026-04-22T13:40:48.192696+00:00"
"Canarias","05","2017-12-01","diciembre de 2017",8.72,"idealista_historico_ccaa","2026-04-22T13:40:48.192696+00:00"
"Canarias","05","2017-11-01","noviembre de 2017",8.62,"idealista_historico_ccaa","2026-04-22T13:40:48.192696+00:00"
"Canarias","05","2017-10-01","octubre de 2017",8.42,"idealista_historico_ccaa","2026-04-22T13:40:48.192696+00:00"
"Canarias","05","2017-09-01","septiembre de 2017",8.32,"idealista_historico_ccaa","2026-04-22T13:40:48.192696+00:00"
"Canarias","05","2017-08-01","agosto de 2017",8.22,"idealista_historico_ccaa","2026-04-22T13:40:48.192696+00:00"
"Canarias","05","2017-07-01","julio de 2017",8.02,"idealista_historico_ccaa","2026-04-22T13:40:48.192696+00:00"
"Canarias","05","2017-06-01","junio de 2017",8.02,"idealista_historico_ccaa","2026-04-22T13:40:48.192696+00:00"
"Canarias","05","2017-05-01","mayo de 2017",7.92,"idealista_historico_ccaa","2026-04-22T13:40:48.192696+00:00"
"Canarias","05","2017-04-01","abril de 2017",7.72,"idealista_historico_ccaa","2026-04-22T13:40:48.192696+00:00"
"Canarias","05","2017-03-01","marzo de 2017",7.62,"idealista_historico_ccaa","2026-04-22T13:40:48.192696+00:00"
"Canarias","05","2017-02-01","febrero de 2017",7.52,"idealista_historico_ccaa","2026-04-22T13:40:48.192696+00:00"
"Canarias","05","2017-01-01","enero de 2017",7.32,"idealista_historico_ccaa","2026-04-22T13:40:48.192696+00:00"
"Canarias","05","2016-12-01","diciembre de 2016",7.32,"idealista_historico_ccaa","2026-04-22T13:40:48.192696+00:00"
"Canarias","05","2016-11-01","noviembre de 2016",7.42,"idealista_historico_ccaa","2026-04-22T13:40:48.192696+00:00"
"Canarias","05","2016-10-01","octubre de 2016",7.32,"idealista_historico_ccaa","2026-04-22T13:40:48.192696+00:00"
"Canarias","05","2015-04-01","abril de 2015",6.62,"idealista_historico_ccaa","2026-04-22T13:40:48.192696+00:00"
"Canarias","05","2015-03-01","marzo de 2015",6.52,"idealista_historico_ccaa","2026-04-22T13:40:48.192696+00:00"
"Canarias","05","2015-02-01","febrero de 2015",6.52,"idealista_historico_ccaa","2026-04-22T13:40:48.192696+00:00"
"Canarias","05","2015-01-01","enero de 2015",6.52,"idealista_historico_ccaa","2026-04-22T13:40:48.192696+00:00"
"Canarias","05","2014-12-01","diciembre de 2014",6.52,"idealista_historico_ccaa","2026-04-22T13:40:48.192696+00:00"
"Canarias","05","2014-11-01","noviembre de 2014",6.52,"idealista_historico_ccaa","2026-04-22T13:40:48.192696+00:00"
"Canarias","05","2014-10-01","octubre de 2014",6.52,"idealista_historico_ccaa","2026-04-22T13:40:48.192696+00:00"
"Canarias","05","2014-09-01","septiembre de 2014",6.52,"idealista_historico_ccaa","2026-04-22T13:40:48.192696+00:00"
"Canarias","05","2014-08-01","agosto de 2014",6.52,"idealista_historico_ccaa","2026-04-22T13:40:48.192696+00:00"
"Canarias","05","2014-07-01","julio de 2014",6.52,"idealista_historico_ccaa","2026-04-22T13:40:48.192696+00:00"
"Canarias","05","2014-06-01","junio de 2014",6.42,"idealista_historico_ccaa","2026-04-22T13:40:48.192696+00:00"
"Canarias","05","2014-05-01","mayo de 2014",6.42,"idealista_historico_ccaa","2026-04-22T13:40:48.192696+00:00"
"Canarias","05","2014-04-01","abril de 2014",6.42,"idealista_historico_ccaa","2026-04-22T13:40:48.192696+00:00"
"Canarias","05","2014-03-01","marzo de 2014",6.32,"idealista_historico_ccaa","2026-04-22T13:40:48.192696+00:00"
"Canarias","05","2014-02-01","febrero de 2014",6.32,"idealista_historico_ccaa","2026-04-22T13:40:48.192696+00:00"
"Canarias","05","2014-01-01","enero de 2014",6.42,"idealista_historico_ccaa","2026-04-22T13:40:48.192696+00:00"
"Canarias","05","2013-12-01","diciembre de 2013",6.42,"idealista_historico_ccaa","2026-04-22T13:40:48.192696+00:00"
"Canarias","05","2013-11-01","noviembre de 2013",6.42,"idealista_historico_ccaa","2026-04-22T13:40:48.192696+00:00"
"Canarias","05","2013-10-01","octubre de 2013",6.32,"idealista_historico_ccaa","2026-04-22T13:40:48.192696+00:00"
"Canarias","05","2013-09-01","septiembre de 2013",6.32,"idealista_historico_ccaa","2026-04-22T13:40:48.192696+00:00"
"Canarias","05","2013-08-01","agosto de 2013",6.42,"idealista_historico_ccaa","2026-04-22T13:40:48.192696+00:00"
"Canarias","05","2013-07-01","julio de 2013",6.42,"idealista_historico_ccaa","2026-04-22T13:40:48.192696+00:00"
"Canarias","05","2013-06-01","junio de 2013",6.32,"idealista_historico_ccaa","2026-04-22T13:40:48.192696+00:00"
"Canarias","05","2013-05-01","mayo de 2013",6.42,"idealista_historico_ccaa","2026-04-22T13:40:48.192696+00:00"
"Canarias","05","2013-04-01","abril de 2013",6.42,"idealista_historico_ccaa","2026-04-22T13:40:48.192696+00:00"
"Canarias","05","2013-03-01","marzo de 2013",6.42,"idealista_historico_ccaa","2026-04-22T13:40:48.192696+00:00"
"Canarias","05","2013-02-01","febrero de 2013",6.42,"idealista_historico_ccaa","2026-04-22T13:40:48.192696+00:00"
"Canarias","05","2013-01-01","enero de 2013",6.52,"idealista_historico_ccaa","2026-04-22T13:40:48.192696+00:00"
"Canarias","05","2012-12-01","diciembre de 2012",6.62,"idealista_historico_ccaa","2026-04-22T13:40:48.192696+00:00"
"Canarias","05","2012-11-01","noviembre de 2012",6.62,"idealista_historico_ccaa","2026-04-22T13:40:48.192696+00:00"
"Canarias","05","2012-10-01","octubre de 2012",6.62,"idealista_historico_ccaa","2026-04-22T13:40:48.192696+00:00"
"Canarias","05","2012-09-01","septiembre de 2012",6.72,"idealista_historico_ccaa","2026-04-22T13:40:48.192696+00:00"
"Canarias","05","2012-08-01","agosto de 2012",6.72,"idealista_historico_ccaa","2026-04-22T13:40:48.192696+00:00"
"Canarias","05","2012-07-01","julio de 2012",6.82,"idealista_historico_ccaa","2026-04-22T13:40:48.192696+00:00"
"Canarias","05","2012-06-01","junio de 2012",6.82,"idealista_historico_ccaa","2026-04-22T13:40:48.192696+00:00"
"Canarias","05","2012-05-01","mayo de 2012",6.82,"idealista_historico_ccaa","2026-04-22T13:40:48.192696+00:00"
"Canarias","05","2012-04-01","abril de 2012",6.82,"idealista_historico_ccaa","2026-04-22T13:40:48.192696+00:00"
"Canarias","05","2012-03-01","marzo de 2012",6.92,"idealista_historico_ccaa","2026-04-22T13:40:48.192696+00:00"
"Canarias","05","2012-02-01","febrero de 2012",6.92,"idealista_historico_ccaa","2026-04-22T13:40:48.192696+00:00"
"Canarias","05","2012-01-01","enero de 2012",6.92,"idealista_historico_ccaa","2026-04-22T13:40:48.192696+00:00"
"Canarias","05","2011-12-01","diciembre de 2011",6.92,"idealista_historico_ccaa","2026-04-22T13:40:48.192696+00:00"
"Canarias","05","2011-11-01","noviembre de 2011",6.92,"idealista_historico_ccaa","2026-04-22T13:40:48.192696+00:00"
"Canarias","05","2011-10-01","octubre de 2011",7.02,"idealista_historico_ccaa","2026-04-22T13:40:48.192696+00:00"
"Canarias","05","2011-09-01","septiembre de 2011",6.92,"idealista_historico_ccaa","2026-04-22T13:40:48.192696+00:00"
"Canarias","05","2011-08-01","agosto de 2011",7.02,"idealista_historico_ccaa","2026-04-22T13:40:48.192696+00:00"
"Canarias","05","2011-07-01","julio de 2011",7.12,"idealista_historico_ccaa","2026-04-22T13:40:48.192696+00:00"
"Canarias","05","2011-06-01","junio de 2011",7.22,"idealista_historico_ccaa","2026-04-22T13:40:48.192696+00:00"
"Canarias","05","2011-05-01","mayo de 2011",7.22,"idealista_historico_ccaa","2026-04-22T13:40:48.192696+00:00"
"Canarias","05","2011-04-01","abril de 2011",7.32,"idealista_historico_ccaa","2026-04-22T13:40:48.192696+00:00"
"Canarias","05","2011-03-01","marzo de 2011",7.42,"idealista_historico_ccaa","2026-04-22T13:40:48.192696+00:00"
"Canarias","05","2011-02-01","febrero de 2011",7.42,"idealista_historico_ccaa","2026-04-22T13:40:48.192696+00:00"
"Canarias","05","2011-01-01","enero de 2011",7.42,"idealista_historico_ccaa","2026-04-22T13:40:48.192696+00:00"
"Canarias","05","2010-12-01","diciembre de 2010",7.42,"idealista_historico_ccaa","2026-04-22T13:40:48.192696+00:00"
"Canarias","05","2010-11-01","noviembre de 2010",7.32,"idealista_historico_ccaa","2026-04-22T13:40:48.192696+00:00"
"Canarias","05","2010-10-01","octubre de 2010",7.42,"idealista_historico_ccaa","2026-04-22T13:40:48.192696+00:00"
"Canarias","05","2010-09-01","septiembre de 2010",7.42,"idealista_historico_ccaa","2026-04-22T13:40:48.192696+00:00"
"Canarias","05","2010-08-01","agosto de 2010",7.42,"idealista_historico_ccaa","2026-04-22T13:40:48.192696+00:00"
"Canarias","05","2010-07-01","julio de 2010",7.52,"idealista_historico_ccaa","2026-04-22T13:40:48.192696+00:00"
"Canarias","05","2010-06-01","junio de 2010",7.62,"idealista_historico_ccaa","2026-04-22T13:40:48.192696+00:00"
"Canarias","05","2010-05-01","mayo de 2010",7.52,"idealista_historico_ccaa","2026-04-22T13:40:48.192696+00:00"
"Canarias","05","2010-04-01","abril de 2010",7.52,"idealista_historico_ccaa","2026-04-22T13:40:48.192696+00:00"
"Canarias","05","2010-03-01","marzo de 2010",7.52,"idealista_historico_ccaa","2026-04-22T13:40:48.192696+00:00"
"Canarias","05","2010-02-01","febrero de 2010",7.52,"idealista_historico_ccaa","2026-04-22T13:40:48.192696+00:00"
"Canarias","05","2010-01-01","enero de 2010",7.62,"idealista_historico_ccaa","2026-04-22T13:40:48.192696+00:00"
"Canarias","05","2009-12-01","diciembre de 2009",7.42,"idealista_historico_ccaa","2026-04-22T13:40:48.192696+00:00"
"Canarias","05","2009-11-01","noviembre de 2009",7.52,"idealista_historico_ccaa","2026-04-22T13:40:48.192696+00:00"
"Canarias","05","2009-10-01","octubre de 2009",7.52,"idealista_historico_ccaa","2026-04-22T13:40:48.192696+00:00"
"Canarias","05","2009-09-01","septiembre de 2009",7.72,"idealista_historico_ccaa","2026-04-22T13:40:48.192696+00:00"
"Canarias","05","2009-08-01","agosto de 2009",7.72,"idealista_historico_ccaa","2026-04-22T13:40:48.192696+00:00"
"Canarias","05","2009-07-01","julio de 2009",7.82,"idealista_historico_ccaa","2026-04-22T13:40:48.192696+00:00"
"Canarias","05","2009-06-01","junio de 2009",8.22,"idealista_historico_ccaa","2026-04-22T13:40:48.192696+00:00"
"Canarias","05","2009-05-01","mayo de 2009",8.22,"idealista_historico_ccaa","2026-04-22T13:40:48.192696+00:00"
"Canarias","05","2009-04-01","abril de 2009",8.12,"idealista_historico_ccaa","2026-04-22T13:40:48.192696+00:00"
"Canarias","05","2009-03-01","marzo de 2009",8.22,"idealista_historico_ccaa","2026-04-22T13:40:48.192696+00:00"
"Canarias","05","2009-02-01","febrero de 2009",8.22,"idealista_historico_ccaa","2026-04-22T13:40:48.192696+00:00"
"Canarias","05","2009-01-01","enero de 2009",8.42,"idealista_historico_ccaa","2026-04-22T13:40:48.192696+00:00"
"Canarias","05","2008-12-01","diciembre de 2008",8.42,"idealista_historico_ccaa","2026-04-22T13:40:48.192696+00:00"
"Canarias","05","2008-11-01","noviembre de 2008",8.42,"idealista_historico_ccaa","2026-04-22T13:40:48.192696+00:00"
"Canarias","05","2008-10-01","octubre de 2008",8.62,"idealista_historico_ccaa","2026-04-22T13:40:48.192696+00:00"
"Canarias","05","2008-09-01","septiembre de 2008",8.52,"idealista_historico_ccaa","2026-04-22T13:40:48.192696+00:00"
"Canarias","05","2008-08-01","agosto de 2008",8.62,"idealista_historico_ccaa","2026-04-22T13:40:48.192696+00:00"
"Canarias","05","2008-07-01","julio de 2008",8.92,"idealista_historico_ccaa","2026-04-22T13:40:48.192696+00:00"
"Canarias","05","2008-06-01","junio de 2008",9.12,"idealista_historico_ccaa","2026-04-22T13:40:48.192696+00:00"
"Canarias","05","2008-05-01","mayo de 2008",8.82,"idealista_historico_ccaa","2026-04-22T13:40:48.192696+00:00"
"Canarias","05","2008-04-01","abril de 2008",8.82,"idealista_historico_ccaa","2026-04-22T13:40:48.192696+00:00"
"Canarias","05","2008-03-01","marzo de 2008",9.02,"idealista_historico_ccaa","2026-04-22T13:40:48.192696+00:00"
"Canarias","05","2008-02-01","febrero de 2008",9.52,"idealista_historico_ccaa","2026-04-22T13:40:48.192696+00:00"
"Canarias","05","2008-01-01","enero de 2008",9.42,"idealista_historico_ccaa","2026-04-22T13:40:48.192696+00:00"
"Canarias","05","2007-12-01","diciembre de 2007",9.62,"idealista_historico_ccaa","2026-04-22T13:40:48.192696+00:00"
"Galicia","12","2026-03-01","marzo de 2026",9.62,"idealista_historico_ccaa","2026-04-22T13:42:01.32436+00:00"
"Galicia","12","2026-02-01","febrero de 2026",9.62,"idealista_historico_ccaa","2026-04-22T13:42:01.32436+00:00"
"Galicia","12","2026-01-01","enero de 2026",9.62,"idealista_historico_ccaa","2026-04-22T13:42:01.32436+00:00"
"Galicia","12","2025-12-01","diciembre de 2025",9.42,"idealista_historico_ccaa","2026-04-22T13:42:01.32436+00:00"
"Galicia","12","2025-11-01","noviembre de 2025",9.12,"idealista_historico_ccaa","2026-04-22T13:42:01.32436+00:00"
"Galicia","12","2025-10-01","octubre de 2025",9.12,"idealista_historico_ccaa","2026-04-22T13:42:01.32436+00:00"
"Galicia","12","2025-09-01","septiembre de 2025",9.32,"idealista_historico_ccaa","2026-04-22T13:42:01.32436+00:00"
"Galicia","12","2025-08-01","agosto de 2025",9.52,"idealista_historico_ccaa","2026-04-22T13:42:01.32436+00:00"
"Galicia","12","2025-07-01","julio de 2025",9.72,"idealista_historico_ccaa","2026-04-22T13:42:01.32436+00:00"
"Galicia","12","2025-06-01","junio de 2025",9.62,"idealista_historico_ccaa","2026-04-22T13:42:01.32436+00:00"
"Galicia","12","2025-05-01","mayo de 2025",9.42,"idealista_historico_ccaa","2026-04-22T13:42:01.32436+00:00"
"Galicia","12","2025-04-01","abril de 2025",9.32,"idealista_historico_ccaa","2026-04-22T13:42:01.32436+00:00"
"Galicia","12","2025-03-01","marzo de 2025",9.12,"idealista_historico_ccaa","2026-04-22T13:42:01.32436+00:00"
"Galicia","12","2025-02-01","febrero de 2025",9.12,"idealista_historico_ccaa","2026-04-22T13:42:01.32436+00:00"
"Galicia","12","2025-01-01","enero de 2025",9.02,"idealista_historico_ccaa","2026-04-22T13:42:01.32436+00:00"
"Galicia","12","2024-12-01","diciembre de 2024",8.92,"idealista_historico_ccaa","2026-04-22T13:42:01.32436+00:00"
"Galicia","12","2024-11-01","noviembre de 2024",8.82,"idealista_historico_ccaa","2026-04-22T13:42:01.32436+00:00"
"Galicia","12","2024-10-01","octubre de 2024",8.72,"idealista_historico_ccaa","2026-04-22T13:42:01.32436+00:00"
"Galicia","12","2024-09-01","septiembre de 2024",8.72,"idealista_historico_ccaa","2026-04-22T13:42:01.32436+00:00"
"Galicia","12","2024-08-01","agosto de 2024",8.82,"idealista_historico_ccaa","2026-04-22T13:42:01.32436+00:00"
"Galicia","12","2024-07-01","julio de 2024",8.92,"idealista_historico_ccaa","2026-04-22T13:42:01.32436+00:00"
"Galicia","12","2024-06-01","junio de 2024",9.02,"idealista_historico_ccaa","2026-04-22T13:42:01.32436+00:00"
"Galicia","12","2024-05-01","mayo de 2024",8.82,"idealista_historico_ccaa","2026-04-22T13:42:01.32436+00:00"
"Galicia","12","2024-04-01","abril de 2024",8.72,"idealista_historico_ccaa","2026-04-22T13:42:01.32436+00:00"
"Galicia","12","2024-03-01","marzo de 2024",8.52,"idealista_historico_ccaa","2026-04-22T13:42:01.32436+00:00"
"Galicia","12","2024-02-01","febrero de 2024",8.42,"idealista_historico_ccaa","2026-04-22T13:42:01.32436+00:00"
"Galicia","12","2024-01-01","enero de 2024",8.32,"idealista_historico_ccaa","2026-04-22T13:42:01.32436+00:00"
"Galicia","12","2023-12-01","diciembre de 2023",8.12,"idealista_historico_ccaa","2026-04-22T13:42:01.32436+00:00"
"Galicia","12","2023-11-01","noviembre de 2023",8.02,"idealista_historico_ccaa","2026-04-22T13:42:01.32436+00:00"
"Galicia","12","2023-10-01","octubre de 2023",7.92,"idealista_historico_ccaa","2026-04-22T13:42:01.32436+00:00"
"Galicia","12","2023-09-01","septiembre de 2023",7.92,"idealista_historico_ccaa","2026-04-22T13:42:01.32436+00:00"
"Galicia","12","2023-08-01","agosto de 2023",8.02,"idealista_historico_ccaa","2026-04-22T13:42:01.32436+00:00"
"Galicia","12","2023-07-01","julio de 2023",8.12,"idealista_historico_ccaa","2026-04-22T13:42:01.32436+00:00"
"Galicia","12","2023-06-01","junio de 2023",8.12,"idealista_historico_ccaa","2026-04-22T13:42:01.32436+00:00"
"Galicia","12","2023-05-01","mayo de 2023",7.92,"idealista_historico_ccaa","2026-04-22T13:42:01.32436+00:00"
"Galicia","12","2023-04-01","abril de 2023",7.82,"idealista_historico_ccaa","2026-04-22T13:42:01.32436+00:00"
"Galicia","12","2023-03-01","marzo de 2023",7.72,"idealista_historico_ccaa","2026-04-22T13:42:01.32436+00:00"
"Galicia","12","2023-02-01","febrero de 2023",7.72,"idealista_historico_ccaa","2026-04-22T13:42:01.32436+00:00"
"Galicia","12","2023-01-01","enero de 2023",7.62,"idealista_historico_ccaa","2026-04-22T13:42:01.32436+00:00"
"Galicia","12","2022-12-01","diciembre de 2022",7.52,"idealista_historico_ccaa","2026-04-22T13:42:01.32436+00:00"
"Galicia","12","2022-11-01","noviembre de 2022",7.42,"idealista_historico_ccaa","2026-04-22T13:42:01.32436+00:00"
"Galicia","12","2022-10-01","octubre de 2022",7.42,"idealista_historico_ccaa","2026-04-22T13:42:01.32436+00:00"
"Galicia","12","2022-09-01","septiembre de 2022",7.42,"idealista_historico_ccaa","2026-04-22T13:42:01.32436+00:00"
"Galicia","12","2022-08-01","agosto de 2022",7.42,"idealista_historico_ccaa","2026-04-22T13:42:01.32436+00:00"
"Galicia","12","2022-07-01","julio de 2022",7.52,"idealista_historico_ccaa","2026-04-22T13:42:01.32436+00:00"
"Galicia","12","2022-06-01","junio de 2022",7.52,"idealista_historico_ccaa","2026-04-22T13:42:01.32436+00:00"
"Galicia","12","2022-05-01","mayo de 2022",7.42,"idealista_historico_ccaa","2026-04-22T13:42:01.32436+00:00"
"Galicia","12","2022-04-01","abril de 2022",7.32,"idealista_historico_ccaa","2026-04-22T13:42:01.32436+00:00"
"Galicia","12","2022-03-01","marzo de 2022",7.32,"idealista_historico_ccaa","2026-04-22T13:42:01.32436+00:00"
"Galicia","12","2022-02-01","febrero de 2022",7.22,"idealista_historico_ccaa","2026-04-22T13:42:01.32436+00:00"
"Galicia","12","2022-01-01","enero de 2022",7.22,"idealista_historico_ccaa","2026-04-22T13:42:01.32436+00:00"
"Galicia","12","2021-12-01","diciembre de 2021",7.12,"idealista_historico_ccaa","2026-04-22T13:42:01.32436+00:00"
"Galicia","12","2021-11-01","noviembre de 2021",7.12,"idealista_historico_ccaa","2026-04-22T13:42:01.32436+00:00"
"Galicia","12","2021-10-01","octubre de 2021",7.12,"idealista_historico_ccaa","2026-04-22T13:42:01.32436+00:00"
"Galicia","12","2021-09-01","septiembre de 2021",7.02,"idealista_historico_ccaa","2026-04-22T13:42:01.32436+00:00"
"Galicia","12","2021-08-01","agosto de 2021",7.12,"idealista_historico_ccaa","2026-04-22T13:42:01.32436+00:00"
"Galicia","12","2021-07-01","julio de 2021",7.22,"idealista_historico_ccaa","2026-04-22T13:42:01.32436+00:00"
"Galicia","12","2021-06-01","junio de 2021",7.22,"idealista_historico_ccaa","2026-04-22T13:42:01.32436+00:00"
"Galicia","12","2021-05-01","mayo de 2021",7.22,"idealista_historico_ccaa","2026-04-22T13:42:01.32436+00:00"
"Galicia","12","2021-04-01","abril de 2021",7.12,"idealista_historico_ccaa","2026-04-22T13:42:01.32436+00:00"
"Galicia","12","2021-03-01","marzo de 2021",7.12,"idealista_historico_ccaa","2026-04-22T13:42:01.32436+00:00"
"Galicia","12","2021-02-01","febrero de 2021",7.02,"idealista_historico_ccaa","2026-04-22T13:42:01.32436+00:00"
"Galicia","12","2021-01-01","enero de 2021",7.02,"idealista_historico_ccaa","2026-04-22T13:42:01.32436+00:00"
"Galicia","12","2020-12-01","diciembre de 2020",6.92,"idealista_historico_ccaa","2026-04-22T13:42:01.32436+00:00"
"Galicia","12","2020-11-01","noviembre de 2020",6.92,"idealista_historico_ccaa","2026-04-22T13:42:01.32436+00:00"
"Galicia","12","2020-10-01","octubre de 2020",6.92,"idealista_historico_ccaa","2026-04-22T13:42:01.32436+00:00"
"Galicia","12","2020-09-01","septiembre de 2020",6.92,"idealista_historico_ccaa","2026-04-22T13:42:01.32436+00:00"
"Galicia","12","2020-08-01","agosto de 2020",6.92,"idealista_historico_ccaa","2026-04-22T13:42:01.32436+00:00"
"Galicia","12","2020-07-01","julio de 2020",6.92,"idealista_historico_ccaa","2026-04-22T13:42:01.32436+00:00"
"Galicia","12","2020-06-01","junio de 2020",6.92,"idealista_historico_ccaa","2026-04-22T13:42:01.32436+00:00"
"Galicia","12","2020-05-01","mayo de 2020",6.82,"idealista_historico_ccaa","2026-04-22T13:42:01.32436+00:00"
"Galicia","12","2020-04-01","abril de 2020",6.82,"idealista_historico_ccaa","2026-04-22T13:42:01.32436+00:00"
"Galicia","12","2020-03-01","marzo de 2020",6.82,"idealista_historico_ccaa","2026-04-22T13:42:01.32436+00:00"
"Galicia","12","2020-02-01","febrero de 2020",6.72,"idealista_historico_ccaa","2026-04-22T13:42:01.32436+00:00"
"Galicia","12","2020-01-01","enero de 2020",6.62,"idealista_historico_ccaa","2026-04-22T13:42:01.32436+00:00"
"Galicia","12","2019-12-01","diciembre de 2019",6.62,"idealista_historico_ccaa","2026-04-22T13:42:01.32436+00:00"
"Galicia","12","2019-11-01","noviembre de 2019",6.52,"idealista_historico_ccaa","2026-04-22T13:42:01.32436+00:00"
"Galicia","12","2019-10-01","octubre de 2019",6.52,"idealista_historico_ccaa","2026-04-22T13:42:01.32436+00:00"
"Galicia","12","2019-09-01","septiembre de 2019",6.52,"idealista_historico_ccaa","2026-04-22T13:42:01.32436+00:00"
"Galicia","12","2019-08-01","agosto de 2019",6.52,"idealista_historico_ccaa","2026-04-22T13:42:01.32436+00:00"
"Galicia","12","2019-07-01","julio de 2019",6.62,"idealista_historico_ccaa","2026-04-22T13:42:01.32436+00:00"
"Galicia","12","2019-06-01","junio de 2019",6.52,"idealista_historico_ccaa","2026-04-22T13:42:01.32436+00:00"
"Galicia","12","2019-05-01","mayo de 2019",6.42,"idealista_historico_ccaa","2026-04-22T13:42:01.32436+00:00"
"Galicia","12","2019-04-01","abril de 2019",6.22,"idealista_historico_ccaa","2026-04-22T13:42:01.32436+00:00"
"Galicia","12","2019-03-01","marzo de 2019",6.22,"idealista_historico_ccaa","2026-04-22T13:42:01.32436+00:00"
"Galicia","12","2019-02-01","febrero de 2019",6.12,"idealista_historico_ccaa","2026-04-22T13:42:01.32436+00:00"
"Galicia","12","2019-01-01","enero de 2019",6.12,"idealista_historico_ccaa","2026-04-22T13:42:01.32436+00:00"
"Galicia","12","2018-12-01","diciembre de 2018",6.12,"idealista_historico_ccaa","2026-04-22T13:42:01.32436+00:00"
"Galicia","12","2018-11-01","noviembre de 2018",6.12,"idealista_historico_ccaa","2026-04-22T13:42:01.32436+00:00"
"Galicia","12","2018-10-01","octubre de 2018",6.02,"idealista_historico_ccaa","2026-04-22T13:42:01.32436+00:00"
"Galicia","12","2018-09-01","septiembre de 2018",6.02,"idealista_historico_ccaa","2026-04-22T13:42:01.32436+00:00"
"Galicia","12","2018-08-01","agosto de 2018",6.02,"idealista_historico_ccaa","2026-04-22T13:42:01.32436+00:00"
"Galicia","12","2018-07-01","julio de 2018",6.02,"idealista_historico_ccaa","2026-04-22T13:42:01.32436+00:00"
"Galicia","12","2018-06-01","junio de 2018",5.92,"idealista_historico_ccaa","2026-04-22T13:42:01.32436+00:00"
"Galicia","12","2018-05-01","mayo de 2018",5.82,"idealista_historico_ccaa","2026-04-22T13:42:01.32436+00:00"
"Galicia","12","2018-04-01","abril de 2018",5.92,"idealista_historico_ccaa","2026-04-22T13:42:01.32436+00:00"
"Galicia","12","2018-03-01","marzo de 2018",5.82,"idealista_historico_ccaa","2026-04-22T13:42:01.32436+00:00"
"Galicia","12","2018-02-01","febrero de 2018",5.92,"idealista_historico_ccaa","2026-04-22T13:42:01.32436+00:00"
"Galicia","12","2018-01-01","enero de 2018",5.82,"idealista_historico_ccaa","2026-04-22T13:42:01.32436+00:00"
"Galicia","12","2017-12-01","diciembre de 2017",5.82,"idealista_historico_ccaa","2026-04-22T13:42:01.32436+00:00"
"Galicia","12","2017-11-01","noviembre de 2017",5.72,"idealista_historico_ccaa","2026-04-22T13:42:01.32436+00:00"
"Galicia","12","2017-10-01","octubre de 2017",5.62,"idealista_historico_ccaa","2026-04-22T13:42:01.32436+00:00"
"Galicia","12","2017-09-01","septiembre de 2017",5.62,"idealista_historico_ccaa","2026-04-22T13:42:01.32436+00:00"
"Galicia","12","2017-08-01","agosto de 2017",5.62,"idealista_historico_ccaa","2026-04-22T13:42:01.32436+00:00"
"Galicia","12","2017-07-01","julio de 2017",5.62,"idealista_historico_ccaa","2026-04-22T13:42:01.32436+00:00"
"Galicia","12","2017-06-01","junio de 2017",5.62,"idealista_historico_ccaa","2026-04-22T13:42:01.32436+00:00"
"Galicia","12","2017-05-01","mayo de 2017",5.62,"idealista_historico_ccaa","2026-04-22T13:42:01.32436+00:00"
"Galicia","12","2017-04-01","abril de 2017",5.62,"idealista_historico_ccaa","2026-04-22T13:42:01.32436+00:00"
"Galicia","12","2017-03-01","marzo de 2017",5.62,"idealista_historico_ccaa","2026-04-22T13:42:01.32436+00:00"
"Galicia","12","2017-02-01","febrero de 2017",5.52,"idealista_historico_ccaa","2026-04-22T13:42:01.32436+00:00"
"Galicia","12","2017-01-01","enero de 2017",5.52,"idealista_historico_ccaa","2026-04-22T13:42:01.32436+00:00"
"Galicia","12","2016-12-01","diciembre de 2016",5.52,"idealista_historico_ccaa","2026-04-22T13:42:01.32436+00:00"
"Galicia","12","2016-11-01","noviembre de 2016",5.62,"idealista_historico_ccaa","2026-04-22T13:42:01.32436+00:00"
"Galicia","12","2016-10-01","octubre de 2016",5.52,"idealista_historico_ccaa","2026-04-22T13:42:01.32436+00:00"
"Galicia","12","2016-09-01","septiembre de 2016",5.52,"idealista_historico_ccaa","2026-04-22T13:42:01.32436+00:00"
"Galicia","12","2016-08-01","agosto de 2016",5.52,"idealista_historico_ccaa","2026-04-22T13:42:01.32436+00:00"
"Galicia","12","2016-07-01","julio de 2016",5.52,"idealista_historico_ccaa","2026-04-22T13:42:01.32436+00:00"
"Galicia","12","2016-06-01","junio de 2016",5.52,"idealista_historico_ccaa","2026-04-22T13:42:01.32436+00:00"
"Galicia","12","2016-05-01","mayo de 2016",5.52,"idealista_historico_ccaa","2026-04-22T13:42:01.32436+00:00"
"Galicia","12","2016-04-01","abril de 2016",5.42,"idealista_historico_ccaa","2026-04-22T13:42:01.32436+00:00"
"Galicia","12","2016-03-01","marzo de 2016",5.42,"idealista_historico_ccaa","2026-04-22T13:42:01.32436+00:00"
"Galicia","12","2016-02-01","febrero de 2016",5.32,"idealista_historico_ccaa","2026-04-22T13:42:01.32436+00:00"
"Galicia","12","2016-01-01","enero de 2016",5.32,"idealista_historico_ccaa","2026-04-22T13:42:01.32436+00:00"
"Galicia","12","2015-12-01","diciembre de 2015",5.42,"idealista_historico_ccaa","2026-04-22T13:42:01.32436+00:00"
"Galicia","12","2015-11-01","noviembre de 2015",5.42,"idealista_historico_ccaa","2026-04-22T13:42:01.32436+00:00"
"Galicia","12","2015-10-01","octubre de 2015",5.52,"idealista_historico_ccaa","2026-04-22T13:42:01.32436+00:00"
"Galicia","12","2015-09-01","septiembre de 2015",5.52,"idealista_historico_ccaa","2026-04-22T13:42:01.32436+00:00"
"Galicia","12","2015-08-01","agosto de 2015",5.52,"idealista_historico_ccaa","2026-04-22T13:42:01.32436+00:00"
"Galicia","12","2015-07-01","julio de 2015",5.52,"idealista_historico_ccaa","2026-04-22T13:42:01.32436+00:00"
"Galicia","12","2015-06-01","junio de 2015",5.52,"idealista_historico_ccaa","2026-04-22T13:42:01.32436+00:00"
"Galicia","12","2015-05-01","mayo de 2015",5.52,"idealista_historico_ccaa","2026-04-22T13:42:01.32436+00:00"
"Galicia","12","2015-04-01","abril de 2015",5.52,"idealista_historico_ccaa","2026-04-22T13:42:01.32436+00:00"
"Galicia","12","2015-03-01","marzo de 2015",5.52,"idealista_historico_ccaa","2026-04-22T13:42:01.32436+00:00"
"Galicia","12","2015-02-01","febrero de 2015",5.52,"idealista_historico_ccaa","2026-04-22T13:42:01.32436+00:00"
"Galicia","12","2015-01-01","enero de 2015",5.42,"idealista_historico_ccaa","2026-04-22T13:42:01.32436+00:00"
"Galicia","12","2014-12-01","diciembre de 2014",5.52,"idealista_historico_ccaa","2026-04-22T13:42:01.32436+00:00"
"Galicia","12","2014-11-01","noviembre de 2014",5.42,"idealista_historico_ccaa","2026-04-22T13:42:01.32436+00:00"
"Galicia","12","2014-10-01","octubre de 2014",5.52,"idealista_historico_ccaa","2026-04-22T13:42:01.32436+00:00"
"Galicia","12","2014-09-01","septiembre de 2014",5.52,"idealista_historico_ccaa","2026-04-22T13:42:01.32436+00:00"
"Galicia","12","2014-08-01","agosto de 2014",5.62,"idealista_historico_ccaa","2026-04-22T13:42:01.32436+00:00"
"Galicia","12","2014-07-01","julio de 2014",5.62,"idealista_historico_ccaa","2026-04-22T13:42:01.32436+00:00"
"Galicia","12","2014-06-01","junio de 2014",5.62,"idealista_historico_ccaa","2026-04-22T13:42:01.32436+00:00"
"Galicia","12","2014-05-01","mayo de 2014",5.62,"idealista_historico_ccaa","2026-04-22T13:42:01.32436+00:00"
"Galicia","12","2014-04-01","abril de 2014",5.62,"idealista_historico_ccaa","2026-04-22T13:42:01.32436+00:00"
"Galicia","12","2014-03-01","marzo de 2014",5.62,"idealista_historico_ccaa","2026-04-22T13:42:01.32436+00:00"
"Galicia","12","2014-02-01","febrero de 2014",5.62,"idealista_historico_ccaa","2026-04-22T13:42:01.32436+00:00"
"Galicia","12","2014-01-01","enero de 2014",5.62,"idealista_historico_ccaa","2026-04-22T13:42:01.32436+00:00"
"Galicia","12","2013-12-01","diciembre de 2013",5.62,"idealista_historico_ccaa","2026-04-22T13:42:01.32436+00:00"
"Galicia","12","2013-11-01","noviembre de 2013",5.62,"idealista_historico_ccaa","2026-04-22T13:42:01.32436+00:00"
"Galicia","12","2013-10-01","octubre de 2013",5.62,"idealista_historico_ccaa","2026-04-22T13:42:01.32436+00:00"
"Galicia","12","2013-09-01","septiembre de 2013",5.62,"idealista_historico_ccaa","2026-04-22T13:42:01.32436+00:00"
"Galicia","12","2013-08-01","agosto de 2013",5.62,"idealista_historico_ccaa","2026-04-22T13:42:01.32436+00:00"
"Galicia","12","2013-07-01","julio de 2013",5.62,"idealista_historico_ccaa","2026-04-22T13:42:01.32436+00:00"
"Galicia","12","2013-06-01","junio de 2013",5.62,"idealista_historico_ccaa","2026-04-22T13:42:01.32436+00:00"
"Galicia","12","2013-05-01","mayo de 2013",5.62,"idealista_historico_ccaa","2026-04-22T13:42:01.32436+00:00"
"Galicia","12","2013-04-01","abril de 2013",5.62,"idealista_historico_ccaa","2026-04-22T13:42:01.32436+00:00"
"Galicia","12","2013-03-01","marzo de 2013",5.72,"idealista_historico_ccaa","2026-04-22T13:42:01.32436+00:00"
"Galicia","12","2013-02-01","febrero de 2013",5.82,"idealista_historico_ccaa","2026-04-22T13:42:01.32436+00:00"
"Galicia","12","2013-01-01","enero de 2013",5.82,"idealista_historico_ccaa","2026-04-22T13:42:01.32436+00:00"
"Galicia","12","2012-12-01","diciembre de 2012",5.82,"idealista_historico_ccaa","2026-04-22T13:42:01.32436+00:00"
"Galicia","12","2012-11-01","noviembre de 2012",5.92,"idealista_historico_ccaa","2026-04-22T13:42:01.32436+00:00"
"Galicia","12","2012-10-01","octubre de 2012",5.92,"idealista_historico_ccaa","2026-04-22T13:42:01.32436+00:00"
"Galicia","12","2012-09-01","septiembre de 2012",6.02,"idealista_historico_ccaa","2026-04-22T13:42:01.32436+00:00"
"Galicia","12","2012-08-01","agosto de 2012",6.12,"idealista_historico_ccaa","2026-04-22T13:42:01.32436+00:00"
"Galicia","12","2012-07-01","julio de 2012",6.22,"idealista_historico_ccaa","2026-04-22T13:42:01.32436+00:00"
"Galicia","12","2012-06-01","junio de 2012",6.32,"idealista_historico_ccaa","2026-04-22T13:42:01.32436+00:00"
"Galicia","12","2012-05-01","mayo de 2012",6.32,"idealista_historico_ccaa","2026-04-22T13:42:01.32436+00:00"
"Galicia","12","2012-04-01","abril de 2012",6.32,"idealista_historico_ccaa","2026-04-22T13:42:01.32436+00:00"
"Galicia","12","2012-03-01","marzo de 2012",6.42,"idealista_historico_ccaa","2026-04-22T13:42:01.32436+00:00"
"Galicia","12","2012-02-01","febrero de 2012",6.32,"idealista_historico_ccaa","2026-04-22T13:42:01.32436+00:00"
"Galicia","12","2012-01-01","enero de 2012",6.32,"idealista_historico_ccaa","2026-04-22T13:42:01.32436+00:00"
"Galicia","12","2011-12-01","diciembre de 2011",6.32,"idealista_historico_ccaa","2026-04-22T13:42:01.32436+00:00"
"Galicia","12","2011-11-01","noviembre de 2011",6.22,"idealista_historico_ccaa","2026-04-22T13:42:01.32436+00:00"
"Galicia","12","2011-10-01","octubre de 2011",6.22,"idealista_historico_ccaa","2026-04-22T13:42:01.32436+00:00"
"Galicia","12","2011-09-01","septiembre de 2011",6.22,"idealista_historico_ccaa","2026-04-22T13:42:01.32436+00:00"
"Galicia","12","2011-08-01","agosto de 2011",6.32,"idealista_historico_ccaa","2026-04-22T13:42:01.32436+00:00"
"Galicia","12","2011-07-01","julio de 2011",6.42,"idealista_historico_ccaa","2026-04-22T13:42:01.32436+00:00"
"Galicia","12","2011-06-01","junio de 2011",6.42,"idealista_historico_ccaa","2026-04-22T13:42:01.32436+00:00"
"Galicia","12","2011-05-01","mayo de 2011",6.42,"idealista_historico_ccaa","2026-04-22T13:42:01.32436+00:00"
"Galicia","12","2011-04-01","abril de 2011",6.52,"idealista_historico_ccaa","2026-04-22T13:42:01.32436+00:00"
"Galicia","12","2011-03-01","marzo de 2011",6.52,"idealista_historico_ccaa","2026-04-22T13:42:01.32436+00:00"
"Galicia","12","2011-02-01","febrero de 2011",6.42,"idealista_historico_ccaa","2026-04-22T13:42:01.32436+00:00"
"Galicia","12","2011-01-01","enero de 2011",6.32,"idealista_historico_ccaa","2026-04-22T13:42:01.32436+00:00"
"Galicia","12","2010-12-01","diciembre de 2010",6.32,"idealista_historico_ccaa","2026-04-22T13:42:01.32436+00:00"
"Galicia","12","2010-11-01","noviembre de 2010",6.32,"idealista_historico_ccaa","2026-04-22T13:42:01.32436+00:00"
"Galicia","12","2010-10-01","octubre de 2010",6.42,"idealista_historico_ccaa","2026-04-22T13:42:01.32436+00:00"
"Galicia","12","2010-09-01","septiembre de 2010",6.52,"idealista_historico_ccaa","2026-04-22T13:42:01.32436+00:00"
"Galicia","12","2010-08-01","agosto de 2010",6.62,"idealista_historico_ccaa","2026-04-22T13:42:01.32436+00:00"
"Galicia","12","2010-07-01","julio de 2010",7.02,"idealista_historico_ccaa","2026-04-22T13:42:01.32436+00:00"
"Galicia","12","2010-06-01","junio de 2010",7.02,"idealista_historico_ccaa","2026-04-22T13:42:01.32436+00:00"
"Galicia","12","2010-05-01","mayo de 2010",7.12,"idealista_historico_ccaa","2026-04-22T13:42:01.32436+00:00"
"Galicia","12","2010-04-01","abril de 2010",7.12,"idealista_historico_ccaa","2026-04-22T13:42:01.32436+00:00"
"Galicia","12","2010-03-01","marzo de 2010",7.12,"idealista_historico_ccaa","2026-04-22T13:42:01.32436+00:00"
"Galicia","12","2010-02-01","febrero de 2010",7.02,"idealista_historico_ccaa","2026-04-22T13:42:01.32436+00:00"
"Galicia","12","2010-01-01","enero de 2010",7.02,"idealista_historico_ccaa","2026-04-22T13:42:01.32436+00:00"
"Galicia","12","2009-12-01","diciembre de 2009",7.12,"idealista_historico_ccaa","2026-04-22T13:42:01.32436+00:00"
"Galicia","12","2009-11-01","noviembre de 2009",7.12,"idealista_historico_ccaa","2026-04-22T13:42:01.32436+00:00"
"Galicia","12","2009-10-01","octubre de 2009",7.02,"idealista_historico_ccaa","2026-04-22T13:42:01.32436+00:00"
"Galicia","12","2009-09-01","septiembre de 2009",7.12,"idealista_historico_ccaa","2026-04-22T13:42:01.32436+00:00"
"Galicia","12","2009-08-01","agosto de 2009",7.42,"idealista_historico_ccaa","2026-04-22T13:42:01.32436+00:00"
"Galicia","12","2009-07-01","julio de 2009",7.62,"idealista_historico_ccaa","2026-04-22T13:42:01.32436+00:00"
"Galicia","12","2009-06-01","junio de 2009",7.92,"idealista_historico_ccaa","2026-04-22T13:42:01.32436+00:00"
"Galicia","12","2009-05-01","mayo de 2009",8.12,"idealista_historico_ccaa","2026-04-22T13:42:01.32436+00:00"
"Galicia","12","2009-04-01","abril de 2009",7.82,"idealista_historico_ccaa","2026-04-22T13:42:01.32436+00:00"
"Galicia","12","2009-03-01","marzo de 2009",7.82,"idealista_historico_ccaa","2026-04-22T13:42:01.32436+00:00"
"Galicia","12","2009-02-01","febrero de 2009",7.92,"idealista_historico_ccaa","2026-04-22T13:42:01.32436+00:00"
"Galicia","12","2009-01-01","enero de 2009",7.92,"idealista_historico_ccaa","2026-04-22T13:42:01.32436+00:00"
"Galicia","12","2008-12-01","diciembre de 2008",8.02,"idealista_historico_ccaa","2026-04-22T13:42:01.32436+00:00"
"Galicia","12","2008-11-01","noviembre de 2008",8.12,"idealista_historico_ccaa","2026-04-22T13:42:01.32436+00:00"
"Galicia","12","2008-10-01","octubre de 2008",8.22,"idealista_historico_ccaa","2026-04-22T13:42:01.32436+00:00"
"Galicia","12","2008-09-01","septiembre de 2008",8.22,"idealista_historico_ccaa","2026-04-22T13:42:01.32436+00:00"
"Galicia","12","2008-08-01","agosto de 2008",8.12,"idealista_historico_ccaa","2026-04-22T13:42:01.32436+00:00"
"Galicia","12","2008-07-01","julio de 2008",8.12,"idealista_historico_ccaa","2026-04-22T13:42:01.32436+00:00"
"Galicia","12","2008-06-01","junio de 2008",8.82,"idealista_historico_ccaa","2026-04-22T13:42:01.32436+00:00"
"Galicia","12","2008-05-01","mayo de 2008",8.82,"idealista_historico_ccaa","2026-04-22T13:42:01.32436+00:00"
"Galicia","12","2008-04-01","abril de 2008",9.02,"idealista_historico_ccaa","2026-04-22T13:42:01.32436+00:00"
"Galicia","12","2008-03-01","marzo de 2008",8.92,"idealista_historico_ccaa","2026-04-22T13:42:01.32436+00:00"
"Galicia","12","2008-02-01","febrero de 2008",8.22,"idealista_historico_ccaa","2026-04-22T13:42:01.32436+00:00"
"Galicia","12","2008-01-01","enero de 2008",8.12,"idealista_historico_ccaa","2026-04-22T13:42:01.32436+00:00"
"Galicia","12","2007-12-01","diciembre de 2007",8.42,"idealista_historico_ccaa","2026-04-22T13:42:01.32436+00:00"
"Galicia","12","2007-11-01","noviembre de 2007",8.92,"idealista_historico_ccaa","2026-04-22T13:42:01.32436+00:00"
"Galicia","12","2007-10-01","octubre de 2007",9.12,"idealista_historico_ccaa","2026-04-22T13:42:01.32436+00:00"
"Galicia","12","2007-09-01","septiembre de 2007",8.82,"idealista_historico_ccaa","2026-04-22T13:42:01.32436+00:00"
"Galicia","12","2007-08-01","agosto de 2007",8.52,"idealista_historico_ccaa","2026-04-22T13:42:01.32436+00:00"
"Galicia","12","2007-07-01","julio de 2007",8.42,"idealista_historico_ccaa","2026-04-22T13:42:01.32436+00:00"
"Galicia","12","2007-06-01","junio de 2007",8.82,"idealista_historico_ccaa","2026-04-22T13:42:01.32436+00:00"
"Galicia","12","2007-05-01","mayo de 2007",9.62,"idealista_historico_ccaa","2026-04-22T13:42:01.32436+00:00"
"Ceuta","18","2025-12-01","diciembre de 2025",13.92,"idealista_historico_ccaa","2026-04-22T13:43:04.275032+00:00"
"Ceuta","18","2025-11-01","noviembre de 2025",13.92,"idealista_historico_ccaa","2026-04-22T13:43:04.275032+00:00"
"Ceuta","18","2025-10-01","octubre de 2025",13.92,"idealista_historico_ccaa","2026-04-22T13:43:04.275032+00:00"
"Ceuta","18","2025-09-01","septiembre de 2025",13.92,"idealista_historico_ccaa","2026-04-22T13:43:04.275032+00:00"
"Ceuta","18","2025-08-01","agosto de 2025",13.82,"idealista_historico_ccaa","2026-04-22T13:43:04.275032+00:00"
"Ceuta","18","2025-07-01","julio de 2025",13.22,"idealista_historico_ccaa","2026-04-22T13:43:04.275032+00:00"
"Ceuta","18","2025-06-01","junio de 2025",13.02,"idealista_historico_ccaa","2026-04-22T13:43:04.275032+00:00"
"Ceuta","18","2025-05-01","mayo de 2025",12.42,"idealista_historico_ccaa","2026-04-22T13:43:04.275032+00:00"
"Ceuta","18","2025-04-01","abril de 2025",12.82,"idealista_historico_ccaa","2026-04-22T13:43:04.275032+00:00"
"Ceuta","18","2025-03-01","marzo de 2025",12.92,"idealista_historico_ccaa","2026-04-22T13:43:04.275032+00:00"
"Ceuta","18","2025-02-01","febrero de 2025",13.42,"idealista_historico_ccaa","2026-04-22T13:43:04.275032+00:00"
"Ceuta","18","2024-01-01","enero de 2024",12.02,"idealista_historico_ccaa","2026-04-22T13:43:04.275032+00:00"
"Ceuta","18","2023-12-01","diciembre de 2023",12.22,"idealista_historico_ccaa","2026-04-22T13:43:04.275032+00:00"
"Ceuta","18","2023-11-01","noviembre de 2023",12.32,"idealista_historico_ccaa","2026-04-22T13:43:04.275032+00:00"
"Ceuta","18","2023-10-01","octubre de 2023",12.32,"idealista_historico_ccaa","2026-04-22T13:43:04.275032+00:00"
"Ceuta","18","2023-09-01","septiembre de 2023",11.52,"idealista_historico_ccaa","2026-04-22T13:43:04.275032+00:00"
"Ceuta","18","2023-08-01","agosto de 2023",11.52,"idealista_historico_ccaa","2026-04-22T13:43:04.275032+00:00"
"Ceuta","18","2023-07-01","julio de 2023",11.82,"idealista_historico_ccaa","2026-04-22T13:43:04.275032+00:00"
"Ceuta","18","2023-06-01","junio de 2023",12.32,"idealista_historico_ccaa","2026-04-22T13:43:04.275032+00:00"
"Ceuta","18","2019-11-01","noviembre de 2019",10.52,"idealista_historico_ccaa","2026-04-22T13:43:04.275032+00:00"
"Ceuta","18","2019-10-01","octubre de 2019",9.92,"idealista_historico_ccaa","2026-04-22T13:43:04.275032+00:00"
"Ceuta","18","2019-09-01","septiembre de 2019",9.92,"idealista_historico_ccaa","2026-04-22T13:43:04.275032+00:00"
"Ceuta","18","2019-07-01","julio de 2019",9.02,"idealista_historico_ccaa","2026-04-22T13:43:04.275032+00:00"
"Ceuta","18","2019-06-01","junio de 2019",8.92,"idealista_historico_ccaa","2026-04-22T13:43:04.275032+00:00"
"Ceuta","18","2019-05-01","mayo de 2019",7.92,"idealista_historico_ccaa","2026-04-22T13:43:04.275032+00:00"
"Ceuta","18","2019-04-01","abril de 2019",6.72,"idealista_historico_ccaa","2026-04-22T13:43:04.275032+00:00"
"Ceuta","18","2019-03-01","marzo de 2019",6.72,"idealista_historico_ccaa","2026-04-22T13:43:04.275032+00:00"
"Ceuta","18","2019-02-01","febrero de 2019",8.82,"idealista_historico_ccaa","2026-04-22T13:43:04.275032+00:00"
"Ceuta","18","2018-10-01","octubre de 2018",9.42,"idealista_historico_ccaa","2026-04-22T13:43:04.275032+00:00"
"Ceuta","18","2018-09-01","septiembre de 2018",9.72,"idealista_historico_ccaa","2026-04-22T13:43:04.275032+00:00"
"Ceuta","18","2018-08-01","agosto de 2018",9.72,"idealista_historico_ccaa","2026-04-22T13:43:04.275032+00:00"
"Ceuta","18","2018-07-01","julio de 2018",9.92,"idealista_historico_ccaa","2026-04-22T13:43:04.275032+00:00"
"Ceuta","18","2018-06-01","junio de 2018",9.42,"idealista_historico_ccaa","2026-04-22T13:43:04.275032+00:00"
"Ceuta","18","2018-05-01","mayo de 2018",9.62,"idealista_historico_ccaa","2026-04-22T13:43:04.275032+00:00"
"Ceuta","18","2018-04-01","abril de 2018",10.02,"idealista_historico_ccaa","2026-04-22T13:43:04.275032+00:00"
"Ceuta","18","2018-03-01","marzo de 2018",9.92,"idealista_historico_ccaa","2026-04-22T13:43:04.275032+00:00"
"Ceuta","18","2018-02-01","febrero de 2018",9.92,"idealista_historico_ccaa","2026-04-22T13:43:04.275032+00:00"
"Ceuta","18","2017-12-01","diciembre de 2017",10.42,"idealista_historico_ccaa","2026-04-22T13:43:04.275032+00:00"
"Ceuta","18","2017-11-01","noviembre de 2017",9.82,"idealista_historico_ccaa","2026-04-22T13:43:04.275032+00:00"
"Ceuta","18","2017-10-01","octubre de 2017",9.92,"idealista_historico_ccaa","2026-04-22T13:43:04.275032+00:00"
"Ceuta","18","2017-09-01","septiembre de 2017",9.92,"idealista_historico_ccaa","2026-04-22T13:43:04.275032+00:00"
"Ceuta","18","2017-08-01","agosto de 2017",9.92,"idealista_historico_ccaa","2026-04-22T13:43:04.275032+00:00"
"Ceuta","18","2017-07-01","julio de 2017",9.82,"idealista_historico_ccaa","2026-04-22T13:43:04.275032+00:00"
"Ceuta","18","2017-06-01","junio de 2017",9.82,"idealista_historico_ccaa","2026-04-22T13:43:04.275032+00:00"
"Ceuta","18","2017-05-01","mayo de 2017",9.32,"idealista_historico_ccaa","2026-04-22T13:43:04.275032+00:00"
"Ceuta","18","2017-04-01","abril de 2017",9.32,"idealista_historico_ccaa","2026-04-22T13:43:04.275032+00:00"
"Ceuta","18","2017-03-01","marzo de 2017",9.12,"idealista_historico_ccaa","2026-04-22T13:43:04.275032+00:00"
"Ceuta","18","2017-02-01","febrero de 2017",8.92,"idealista_historico_ccaa","2026-04-22T13:43:04.275032+00:00"
"Ceuta","18","2016-12-01","diciembre de 2016",8.92,"idealista_historico_ccaa","2026-04-22T13:43:04.275032+00:00"
"Ceuta","18","2016-11-01","noviembre de 2016",9.02,"idealista_historico_ccaa","2026-04-22T13:43:04.275032+00:00"
"Ceuta","18","2016-10-01","octubre de 2016",9.92,"idealista_historico_ccaa","2026-04-22T13:43:04.275032+00:00"
"Ceuta","18","2016-09-01","septiembre de 2016",9.52,"idealista_historico_ccaa","2026-04-22T13:43:04.275032+00:00"
"Ceuta","18","2016-03-01","marzo de 2016",9.42,"idealista_historico_ccaa","2026-04-22T13:43:04.275032+00:00"
"Ceuta","18","2016-02-01","febrero de 2016",9.42,"idealista_historico_ccaa","2026-04-22T13:43:04.275032+00:00"
"Ceuta","18","2016-01-01","enero de 2016",9.72,"idealista_historico_ccaa","2026-04-22T13:43:04.275032+00:00"
"Ceuta","18","2015-12-01","diciembre de 2015",10.02,"idealista_historico_ccaa","2026-04-22T13:43:04.275032+00:00"
"Ceuta","18","2015-11-01","noviembre de 2015",9.72,"idealista_historico_ccaa","2026-04-22T13:43:04.275032+00:00"
"Ceuta","18","2015-10-01","octubre de 2015",9.72,"idealista_historico_ccaa","2026-04-22T13:43:04.275032+00:00"
"Ceuta","18","2015-09-01","septiembre de 2015",9.42,"idealista_historico_ccaa","2026-04-22T13:43:04.275032+00:00"
"Ceuta","18","2015-08-01","agosto de 2015",9.42,"idealista_historico_ccaa","2026-04-22T13:43:04.275032+00:00"
"Ceuta","18","2015-07-01","julio de 2015",9.72,"idealista_historico_ccaa","2026-04-22T13:43:04.275032+00:00"
"Ceuta","18","2015-06-01","junio de 2015",9.72,"idealista_historico_ccaa","2026-04-22T13:43:04.275032+00:00"
"Ceuta","18","2015-05-01","mayo de 2015",9.22,"idealista_historico_ccaa","2026-04-22T13:43:04.275032+00:00"
"Ceuta","18","2015-04-01","abril de 2015",10.02,"idealista_historico_ccaa","2026-04-22T13:43:04.275032+00:00"
"Ceuta","18","2015-03-01","marzo de 2015",9.92,"idealista_historico_ccaa","2026-04-22T13:43:04.275032+00:00"
"Ceuta","18","2014-12-01","diciembre de 2014",9.42,"idealista_historico_ccaa","2026-04-22T13:43:04.275032+00:00"
"Ceuta","18","2014-11-01","noviembre de 2014",9.32,"idealista_historico_ccaa","2026-04-22T13:43:04.275032+00:00"
"Ceuta","18","2014-10-01","octubre de 2014",9.92,"idealista_historico_ccaa","2026-04-22T13:43:04.275032+00:00"
"Ceuta","18","2014-09-01","septiembre de 2014",9.52,"idealista_historico_ccaa","2026-04-22T13:43:04.275032+00:00"
"Ceuta","18","2014-08-01","agosto de 2014",9.22,"idealista_historico_ccaa","2026-04-22T13:43:04.275032+00:00"
"Ceuta","18","2014-07-01","julio de 2014",9.52,"idealista_historico_ccaa","2026-04-22T13:43:04.275032+00:00"
"Ceuta","18","2014-06-01","junio de 2014",9.52,"idealista_historico_ccaa","2026-04-22T13:43:04.275032+00:00"
"Ceuta","18","2014-05-01","mayo de 2014",9.92,"idealista_historico_ccaa","2026-04-22T13:43:04.275032+00:00"
"Ceuta","18","2014-04-01","abril de 2014",9.82,"idealista_historico_ccaa","2026-04-22T13:43:04.275032+00:00"
"Ceuta","18","2014-03-01","marzo de 2014",9.62,"idealista_historico_ccaa","2026-04-22T13:43:04.275032+00:00"
"Ceuta","18","2014-02-01","febrero de 2014",9.62,"idealista_historico_ccaa","2026-04-22T13:43:04.275032+00:00"
"Ceuta","18","2014-01-01","enero de 2014",9.92,"idealista_historico_ccaa","2026-04-22T13:43:04.275032+00:00"
"Ceuta","18","2013-12-01","diciembre de 2013",9.92,"idealista_historico_ccaa","2026-04-22T13:43:04.275032+00:00"
"Ceuta","18","2013-11-01","noviembre de 2013",9.82,"idealista_historico_ccaa","2026-04-22T13:43:04.275032+00:00"
"Ceuta","18","2013-10-01","octubre de 2013",9.82,"idealista_historico_ccaa","2026-04-22T13:43:04.275032+00:00"
"Ceuta","18","2013-09-01","septiembre de 2013",9.62,"idealista_historico_ccaa","2026-04-22T13:43:04.275032+00:00"
"Ceuta","18","2013-08-01","agosto de 2013",9.92,"idealista_historico_ccaa","2026-04-22T13:43:04.275032+00:00"
"Ceuta","18","2013-07-01","julio de 2013",9.92,"idealista_historico_ccaa","2026-04-22T13:43:04.275032+00:00"
"Ceuta","18","2013-06-01","junio de 2013",10.32,"idealista_historico_ccaa","2026-04-22T13:43:04.275032+00:00"
"Ceuta","18","2013-05-01","mayo de 2013",10.42,"idealista_historico_ccaa","2026-04-22T13:43:04.275032+00:00"
"Ceuta","18","2013-04-01","abril de 2013",10.52,"idealista_historico_ccaa","2026-04-22T13:43:04.275032+00:00"
"Ceuta","18","2013-03-01","marzo de 2013",10.52,"idealista_historico_ccaa","2026-04-22T13:43:04.275032+00:00"
"Ceuta","18","2013-02-01","febrero de 2013",10.82,"idealista_historico_ccaa","2026-04-22T13:43:04.275032+00:00"
"Ceuta","18","2013-01-01","enero de 2013",10.92,"idealista_historico_ccaa","2026-04-22T13:43:04.275032+00:00"
"Ceuta","18","2012-12-01","diciembre de 2012",10.82,"idealista_historico_ccaa","2026-04-22T13:43:04.275032+00:00"
"Ceuta","18","2012-11-01","noviembre de 2012",10.72,"idealista_historico_ccaa","2026-04-22T13:43:04.275032+00:00"
"Ceuta","18","2012-10-01","octubre de 2012",10.52,"idealista_historico_ccaa","2026-04-22T13:43:04.275032+00:00"
"Ceuta","18","2012-09-01","septiembre de 2012",10.62,"idealista_historico_ccaa","2026-04-22T13:43:04.275032+00:00"
"Ceuta","18","2012-08-01","agosto de 2012",10.72,"idealista_historico_ccaa","2026-04-22T13:43:04.275032+00:00"
"Ceuta","18","2012-07-01","julio de 2012",10.72,"idealista_historico_ccaa","2026-04-22T13:43:04.275032+00:00"
"Ceuta","18","2012-06-01","junio de 2012",11.12,"idealista_historico_ccaa","2026-04-22T13:43:04.275032+00:00"
"Ceuta","18","2012-05-01","mayo de 2012",10.82,"idealista_historico_ccaa","2026-04-22T13:43:04.275032+00:00"
"Ceuta","18","2012-04-01","abril de 2012",10.82,"idealista_historico_ccaa","2026-04-22T13:43:04.275032+00:00"
"Ceuta","18","2012-03-01","marzo de 2012",11.22,"idealista_historico_ccaa","2026-04-22T13:43:04.275032+00:00"
"Ceuta","18","2012-02-01","febrero de 2012",10.92,"idealista_historico_ccaa","2026-04-22T13:43:04.275032+00:00"
"Ceuta","18","2012-01-01","enero de 2012",10.72,"idealista_historico_ccaa","2026-04-22T13:43:04.275032+00:00"
"Ceuta","18","2011-12-01","diciembre de 2011",10.92,"idealista_historico_ccaa","2026-04-22T13:43:04.275032+00:00"
"Ceuta","18","2011-11-01","noviembre de 2011",11.02,"idealista_historico_ccaa","2026-04-22T13:43:04.275032+00:00"
"Castilla-La Mancha","08","2026-03-01","marzo de 2026",8.62,"idealista_historico_ccaa","2026-04-22T13:44:20.285754+00:00"
"Castilla-La Mancha","08","2026-02-01","febrero de 2026",8.52,"idealista_historico_ccaa","2026-04-22T13:44:20.285754+00:00"
"Castilla-La Mancha","08","2026-01-01","enero de 2026",8.42,"idealista_historico_ccaa","2026-04-22T13:44:20.285754+00:00"
"Castilla-La Mancha","08","2025-12-01","diciembre de 2025",8.22,"idealista_historico_ccaa","2026-04-22T13:44:20.285754+00:00"
"Castilla-La Mancha","08","2025-11-01","noviembre de 2025",8.12,"idealista_historico_ccaa","2026-04-22T13:44:20.285754+00:00"
"Castilla-La Mancha","08","2025-10-01","octubre de 2025",8.02,"idealista_historico_ccaa","2026-04-22T13:44:20.285754+00:00"
"Castilla-La Mancha","08","2025-09-01","septiembre de 2025",8.02,"idealista_historico_ccaa","2026-04-22T13:44:20.285754+00:00"
"Castilla-La Mancha","08","2025-08-01","agosto de 2025",8.12,"idealista_historico_ccaa","2026-04-22T13:44:20.285754+00:00"
"Castilla-La Mancha","08","2025-07-01","julio de 2025",8.02,"idealista_historico_ccaa","2026-04-22T13:44:20.285754+00:00"
"Castilla-La Mancha","08","2025-06-01","junio de 2025",7.92,"idealista_historico_ccaa","2026-04-22T13:44:20.285754+00:00"
"Castilla-La Mancha","08","2025-05-01","mayo de 2025",7.82,"idealista_historico_ccaa","2026-04-22T13:44:20.285754+00:00"
"Castilla-La Mancha","08","2025-04-01","abril de 2025",7.72,"idealista_historico_ccaa","2026-04-22T13:44:20.285754+00:00"
"Castilla-La Mancha","08","2025-03-01","marzo de 2025",7.62,"idealista_historico_ccaa","2026-04-22T13:44:20.285754+00:00"
"Castilla-La Mancha","08","2025-02-01","febrero de 2025",7.52,"idealista_historico_ccaa","2026-04-22T13:44:20.285754+00:00"
"Castilla-La Mancha","08","2025-01-01","enero de 2025",7.52,"idealista_historico_ccaa","2026-04-22T13:44:20.285754+00:00"
"Castilla-La Mancha","08","2024-12-01","diciembre de 2024",7.42,"idealista_historico_ccaa","2026-04-22T13:44:20.285754+00:00"
"Castilla-La Mancha","08","2024-11-01","noviembre de 2024",7.32,"idealista_historico_ccaa","2026-04-22T13:44:20.285754+00:00"
"Castilla-La Mancha","08","2024-10-01","octubre de 2024",7.22,"idealista_historico_ccaa","2026-04-22T13:44:20.285754+00:00"
"Castilla-La Mancha","08","2024-09-01","septiembre de 2024",7.12,"idealista_historico_ccaa","2026-04-22T13:44:20.285754+00:00"
"Castilla-La Mancha","08","2024-08-01","agosto de 2024",7.12,"idealista_historico_ccaa","2026-04-22T13:44:20.285754+00:00"
"Castilla-La Mancha","08","2024-07-01","julio de 2024",7.12,"idealista_historico_ccaa","2026-04-22T13:44:20.285754+00:00"
"Castilla-La Mancha","08","2024-06-01","junio de 2024",7.02,"idealista_historico_ccaa","2026-04-22T13:44:20.285754+00:00"
"Castilla-La Mancha","08","2024-05-01","mayo de 2024",7.02,"idealista_historico_ccaa","2026-04-22T13:44:20.285754+00:00"
"Castilla-La Mancha","08","2024-04-01","abril de 2024",7.02,"idealista_historico_ccaa","2026-04-22T13:44:20.285754+00:00"
"Castilla-La Mancha","08","2024-03-01","marzo de 2024",6.92,"idealista_historico_ccaa","2026-04-22T13:44:20.285754+00:00"
"Castilla-La Mancha","08","2024-02-01","febrero de 2024",6.82,"idealista_historico_ccaa","2026-04-22T13:44:20.285754+00:00"
"Castilla-La Mancha","08","2024-01-01","enero de 2024",6.72,"idealista_historico_ccaa","2026-04-22T13:44:20.285754+00:00"
"Castilla-La Mancha","08","2023-12-01","diciembre de 2023",6.72,"idealista_historico_ccaa","2026-04-22T13:44:20.285754+00:00"
"Castilla-La Mancha","08","2023-11-01","noviembre de 2023",6.62,"idealista_historico_ccaa","2026-04-22T13:44:20.285754+00:00"
"Castilla-La Mancha","08","2023-10-01","octubre de 2023",6.62,"idealista_historico_ccaa","2026-04-22T13:44:20.285754+00:00"
"Castilla-La Mancha","08","2023-09-01","septiembre de 2023",6.62,"idealista_historico_ccaa","2026-04-22T13:44:20.285754+00:00"
"Castilla-La Mancha","08","2023-08-01","agosto de 2023",6.62,"idealista_historico_ccaa","2026-04-22T13:44:20.285754+00:00"
"Castilla-La Mancha","08","2023-07-01","julio de 2023",6.52,"idealista_historico_ccaa","2026-04-22T13:44:20.285754+00:00"
"Castilla-La Mancha","08","2023-06-01","junio de 2023",6.52,"idealista_historico_ccaa","2026-04-22T13:44:20.285754+00:00"
"Castilla-La Mancha","08","2023-05-01","mayo de 2023",6.42,"idealista_historico_ccaa","2026-04-22T13:44:20.285754+00:00"
"Castilla-La Mancha","08","2023-04-01","abril de 2023",6.42,"idealista_historico_ccaa","2026-04-22T13:44:20.285754+00:00"
"Castilla-La Mancha","08","2023-03-01","marzo de 2023",6.32,"idealista_historico_ccaa","2026-04-22T13:44:20.285754+00:00"
"Castilla-La Mancha","08","2023-02-01","febrero de 2023",6.22,"idealista_historico_ccaa","2026-04-22T13:44:20.285754+00:00"
"Castilla-La Mancha","08","2023-01-01","enero de 2023",6.12,"idealista_historico_ccaa","2026-04-22T13:44:20.285754+00:00"
"Castilla-La Mancha","08","2022-12-01","diciembre de 2022",6.12,"idealista_historico_ccaa","2026-04-22T13:44:20.285754+00:00"
"Castilla-La Mancha","08","2022-11-01","noviembre de 2022",6.22,"idealista_historico_ccaa","2026-04-22T13:44:20.285754+00:00"
"Castilla-La Mancha","08","2022-10-01","octubre de 2022",6.12,"idealista_historico_ccaa","2026-04-22T13:44:20.285754+00:00"
"Castilla-La Mancha","08","2022-09-01","septiembre de 2022",6.22,"idealista_historico_ccaa","2026-04-22T13:44:20.285754+00:00"
"Castilla-La Mancha","08","2022-08-01","agosto de 2022",6.22,"idealista_historico_ccaa","2026-04-22T13:44:20.285754+00:00"
"Castilla-La Mancha","08","2022-07-01","julio de 2022",6.22,"idealista_historico_ccaa","2026-04-22T13:44:20.285754+00:00"
"Castilla-La Mancha","08","2022-06-01","junio de 2022",6.22,"idealista_historico_ccaa","2026-04-22T13:44:20.285754+00:00"
"Castilla-La Mancha","08","2022-05-01","mayo de 2022",6.12,"idealista_historico_ccaa","2026-04-22T13:44:20.285754+00:00"
"Castilla-La Mancha","08","2022-04-01","abril de 2022",6.12,"idealista_historico_ccaa","2026-04-22T13:44:20.285754+00:00"
"Castilla-La Mancha","08","2022-03-01","marzo de 2022",6.02,"idealista_historico_ccaa","2026-04-22T13:44:20.285754+00:00"
"Castilla-La Mancha","08","2022-02-01","febrero de 2022",5.92,"idealista_historico_ccaa","2026-04-22T13:44:20.285754+00:00"
"Castilla-La Mancha","08","2022-01-01","enero de 2022",5.92,"idealista_historico_ccaa","2026-04-22T13:44:20.285754+00:00"
"Castilla-La Mancha","08","2021-12-01","diciembre de 2021",5.92,"idealista_historico_ccaa","2026-04-22T13:44:20.285754+00:00"
"Castilla-La Mancha","08","2021-11-01","noviembre de 2021",5.92,"idealista_historico_ccaa","2026-04-22T13:44:20.285754+00:00"
"Castilla-La Mancha","08","2021-10-01","octubre de 2021",5.82,"idealista_historico_ccaa","2026-04-22T13:44:20.285754+00:00"
"Castilla-La Mancha","08","2021-09-01","septiembre de 2021",5.92,"idealista_historico_ccaa","2026-04-22T13:44:20.285754+00:00"
"Castilla-La Mancha","08","2021-08-01","agosto de 2021",5.92,"idealista_historico_ccaa","2026-04-22T13:44:20.285754+00:00"
"Castilla-La Mancha","08","2021-07-01","julio de 2021",5.82,"idealista_historico_ccaa","2026-04-22T13:44:20.285754+00:00"
"Castilla-La Mancha","08","2021-06-01","junio de 2021",5.82,"idealista_historico_ccaa","2026-04-22T13:44:20.285754+00:00"
"Castilla-La Mancha","08","2021-05-01","mayo de 2021",5.82,"idealista_historico_ccaa","2026-04-22T13:44:20.285754+00:00"
"Castilla-La Mancha","08","2021-04-01","abril de 2021",5.82,"idealista_historico_ccaa","2026-04-22T13:44:20.285754+00:00"
"Castilla-La Mancha","08","2021-03-01","marzo de 2021",5.82,"idealista_historico_ccaa","2026-04-22T13:44:20.285754+00:00"
"Castilla-La Mancha","08","2021-02-01","febrero de 2021",5.82,"idealista_historico_ccaa","2026-04-22T13:44:20.285754+00:00"
"Castilla-La Mancha","08","2021-01-01","enero de 2021",5.72,"idealista_historico_ccaa","2026-04-22T13:44:20.285754+00:00"
"Castilla-La Mancha","08","2020-12-01","diciembre de 2020",5.62,"idealista_historico_ccaa","2026-04-22T13:44:20.285754+00:00"
"Castilla-La Mancha","08","2020-11-01","noviembre de 2020",5.62,"idealista_historico_ccaa","2026-04-22T13:44:20.285754+00:00"
"Castilla-La Mancha","08","2020-10-01","octubre de 2020",5.62,"idealista_historico_ccaa","2026-04-22T13:44:20.285754+00:00"
"Castilla-La Mancha","08","2020-09-01","septiembre de 2020",5.62,"idealista_historico_ccaa","2026-04-22T13:44:20.285754+00:00"
"Castilla-La Mancha","08","2020-08-01","agosto de 2020",5.62,"idealista_historico_ccaa","2026-04-22T13:44:20.285754+00:00"
"Castilla-La Mancha","08","2020-07-01","julio de 2020",5.62,"idealista_historico_ccaa","2026-04-22T13:44:20.285754+00:00"
"Castilla-La Mancha","08","2020-06-01","junio de 2020",5.52,"idealista_historico_ccaa","2026-04-22T13:44:20.285754+00:00"
"Castilla-La Mancha","08","2020-05-01","mayo de 2020",5.52,"idealista_historico_ccaa","2026-04-22T13:44:20.285754+00:00"
"Castilla-La Mancha","08","2020-04-01","abril de 2020",5.52,"idealista_historico_ccaa","2026-04-22T13:44:20.285754+00:00"
"Castilla-La Mancha","08","2020-03-01","marzo de 2020",5.52,"idealista_historico_ccaa","2026-04-22T13:44:20.285754+00:00"
"Castilla-La Mancha","08","2020-02-01","febrero de 2020",5.42,"idealista_historico_ccaa","2026-04-22T13:44:20.285754+00:00"
"Castilla-La Mancha","08","2020-01-01","enero de 2020",5.42,"idealista_historico_ccaa","2026-04-22T13:44:20.285754+00:00"
"Castilla-La Mancha","08","2019-12-01","diciembre de 2019",5.42,"idealista_historico_ccaa","2026-04-22T13:44:20.285754+00:00"
"Castilla-La Mancha","08","2019-11-01","noviembre de 2019",5.42,"idealista_historico_ccaa","2026-04-22T13:44:20.285754+00:00"
"Castilla-La Mancha","08","2019-10-01","octubre de 2019",5.42,"idealista_historico_ccaa","2026-04-22T13:44:20.285754+00:00"
"Castilla-La Mancha","08","2019-09-01","septiembre de 2019",5.32,"idealista_historico_ccaa","2026-04-22T13:44:20.285754+00:00"
"Castilla-La Mancha","08","2019-08-01","agosto de 2019",5.32,"idealista_historico_ccaa","2026-04-22T13:44:20.285754+00:00"
"Castilla-La Mancha","08","2019-07-01","julio de 2019",5.32,"idealista_historico_ccaa","2026-04-22T13:44:20.285754+00:00"
"Castilla-La Mancha","08","2019-06-01","junio de 2019",5.32,"idealista_historico_ccaa","2026-04-22T13:44:20.285754+00:00"
"Castilla-La Mancha","08","2019-05-01","mayo de 2019",5.32,"idealista_historico_ccaa","2026-04-22T13:44:20.285754+00:00"
"Castilla-La Mancha","08","2019-04-01","abril de 2019",5.32,"idealista_historico_ccaa","2026-04-22T13:44:20.285754+00:00"
"Castilla-La Mancha","08","2019-03-01","marzo de 2019",5.22,"idealista_historico_ccaa","2026-04-22T13:44:20.285754+00:00"
"Castilla-La Mancha","08","2019-02-01","febrero de 2019",5.22,"idealista_historico_ccaa","2026-04-22T13:44:20.285754+00:00"
"Castilla-La Mancha","08","2019-01-01","enero de 2019",5.12,"idealista_historico_ccaa","2026-04-22T13:44:20.285754+00:00"
"Castilla-La Mancha","08","2018-12-01","diciembre de 2018",5.12,"idealista_historico_ccaa","2026-04-22T13:44:20.285754+00:00"
"Castilla-La Mancha","08","2018-11-01","noviembre de 2018",5.12,"idealista_historico_ccaa","2026-04-22T13:44:20.285754+00:00"
"Castilla-La Mancha","08","2018-10-01","octubre de 2018",5.12,"idealista_historico_ccaa","2026-04-22T13:44:20.285754+00:00"
"Castilla-La Mancha","08","2018-09-01","septiembre de 2018",5.12,"idealista_historico_ccaa","2026-04-22T13:44:20.285754+00:00"
"Castilla-La Mancha","08","2018-08-01","agosto de 2018",5.12,"idealista_historico_ccaa","2026-04-22T13:44:20.285754+00:00"
"Castilla-La Mancha","08","2018-07-01","julio de 2018",5.12,"idealista_historico_ccaa","2026-04-22T13:44:20.285754+00:00"
"Castilla-La Mancha","08","2018-06-01","junio de 2018",5.02,"idealista_historico_ccaa","2026-04-22T13:44:20.285754+00:00"
"Castilla-La Mancha","08","2018-05-01","mayo de 2018",5.02,"idealista_historico_ccaa","2026-04-22T13:44:20.285754+00:00"
"Castilla-La Mancha","08","2018-04-01","abril de 2018",4.92,"idealista_historico_ccaa","2026-04-22T13:44:20.285754+00:00"
"Castilla-La Mancha","08","2018-03-01","marzo de 2018",4.92,"idealista_historico_ccaa","2026-04-22T13:44:20.285754+00:00"
"Castilla-La Mancha","08","2018-02-01","febrero de 2018",4.92,"idealista_historico_ccaa","2026-04-22T13:44:20.285754+00:00"
"Castilla-La Mancha","08","2018-01-01","enero de 2018",4.92,"idealista_historico_ccaa","2026-04-22T13:44:20.285754+00:00"
"Castilla-La Mancha","08","2017-12-01","diciembre de 2017",4.82,"idealista_historico_ccaa","2026-04-22T13:44:20.285754+00:00"
"Castilla-La Mancha","08","2017-11-01","noviembre de 2017",4.82,"idealista_historico_ccaa","2026-04-22T13:44:20.285754+00:00"
"Castilla-La Mancha","08","2017-10-01","octubre de 2017",4.92,"idealista_historico_ccaa","2026-04-22T13:44:20.285754+00:00"
"Castilla-La Mancha","08","2017-09-01","septiembre de 2017",4.92,"idealista_historico_ccaa","2026-04-22T13:44:20.285754+00:00"
"Castilla-La Mancha","08","2017-08-01","agosto de 2017",4.82,"idealista_historico_ccaa","2026-04-22T13:44:20.285754+00:00"
"Castilla-La Mancha","08","2017-07-01","julio de 2017",4.82,"idealista_historico_ccaa","2026-04-22T13:44:20.285754+00:00"
"Castilla-La Mancha","08","2017-06-01","junio de 2017",4.72,"idealista_historico_ccaa","2026-04-22T13:44:20.285754+00:00"
"Castilla-La Mancha","08","2017-05-01","mayo de 2017",4.72,"idealista_historico_ccaa","2026-04-22T13:44:20.285754+00:00"
"Castilla-La Mancha","08","2017-04-01","abril de 2017",4.62,"idealista_historico_ccaa","2026-04-22T13:44:20.285754+00:00"
"Castilla-La Mancha","08","2017-03-01","marzo de 2017",4.62,"idealista_historico_ccaa","2026-04-22T13:44:20.285754+00:00"
"Castilla-La Mancha","08","2017-02-01","febrero de 2017",4.62,"idealista_historico_ccaa","2026-04-22T13:44:20.285754+00:00"
"Castilla-La Mancha","08","2017-01-01","enero de 2017",4.62,"idealista_historico_ccaa","2026-04-22T13:44:20.285754+00:00"
"Castilla-La Mancha","08","2016-12-01","diciembre de 2016",4.62,"idealista_historico_ccaa","2026-04-22T13:44:20.285754+00:00"
"Castilla-La Mancha","08","2016-11-01","noviembre de 2016",4.62,"idealista_historico_ccaa","2026-04-22T13:44:20.285754+00:00"
"Castilla-La Mancha","08","2016-10-01","octubre de 2016",4.62,"idealista_historico_ccaa","2026-04-22T13:44:20.285754+00:00"
"Castilla-La Mancha","08","2016-09-01","septiembre de 2016",4.62,"idealista_historico_ccaa","2026-04-22T13:44:20.285754+00:00"
"Castilla-La Mancha","08","2016-08-01","agosto de 2016",4.72,"idealista_historico_ccaa","2026-04-22T13:44:20.285754+00:00"
"Castilla-La Mancha","08","2016-07-01","julio de 2016",4.72,"idealista_historico_ccaa","2026-04-22T13:44:20.285754+00:00"
"Castilla-La Mancha","08","2016-06-01","junio de 2016",4.62,"idealista_historico_ccaa","2026-04-22T13:44:20.285754+00:00"
"Castilla-La Mancha","08","2016-05-01","mayo de 2016",4.52,"idealista_historico_ccaa","2026-04-22T13:44:20.285754+00:00"
"Castilla-La Mancha","08","2016-04-01","abril de 2016",4.52,"idealista_historico_ccaa","2026-04-22T13:44:20.285754+00:00"
"Castilla-La Mancha","08","2016-03-01","marzo de 2016",4.52,"idealista_historico_ccaa","2026-04-22T13:44:20.285754+00:00"
"Castilla-La Mancha","08","2016-02-01","febrero de 2016",4.52,"idealista_historico_ccaa","2026-04-22T13:44:20.285754+00:00"
"Castilla-La Mancha","08","2016-01-01","enero de 2016",4.42,"idealista_historico_ccaa","2026-04-22T13:44:20.285754+00:00"
"Castilla-La Mancha","08","2015-12-01","diciembre de 2015",4.52,"idealista_historico_ccaa","2026-04-22T13:44:20.285754+00:00"
"Castilla-La Mancha","08","2015-11-01","noviembre de 2015",4.52,"idealista_historico_ccaa","2026-04-22T13:44:20.285754+00:00"
"Castilla-La Mancha","08","2015-10-01","octubre de 2015",4.52,"idealista_historico_ccaa","2026-04-22T13:44:20.285754+00:00"
"Castilla-La Mancha","08","2015-09-01","septiembre de 2015",4.52,"idealista_historico_ccaa","2026-04-22T13:44:20.285754+00:00"
"Castilla-La Mancha","08","2015-08-01","agosto de 2015",4.52,"idealista_historico_ccaa","2026-04-22T13:44:20.285754+00:00"
"Castilla-La Mancha","08","2015-07-01","julio de 2015",4.52,"idealista_historico_ccaa","2026-04-22T13:44:20.285754+00:00"
"Castilla-La Mancha","08","2015-06-01","junio de 2015",4.42,"idealista_historico_ccaa","2026-04-22T13:44:20.285754+00:00"
"Castilla-La Mancha","08","2015-05-01","mayo de 2015",4.42,"idealista_historico_ccaa","2026-04-22T13:44:20.285754+00:00"
"Castilla-La Mancha","08","2015-04-01","abril de 2015",4.42,"idealista_historico_ccaa","2026-04-22T13:44:20.285754+00:00"
"Castilla-La Mancha","08","2015-03-01","marzo de 2015",4.42,"idealista_historico_ccaa","2026-04-22T13:44:20.285754+00:00"
"Castilla-La Mancha","08","2015-02-01","febrero de 2015",4.42,"idealista_historico_ccaa","2026-04-22T13:44:20.285754+00:00"
"Castilla-La Mancha","08","2015-01-01","enero de 2015",4.42,"idealista_historico_ccaa","2026-04-22T13:44:20.285754+00:00"
"Castilla-La Mancha","08","2014-12-01","diciembre de 2014",4.42,"idealista_historico_ccaa","2026-04-22T13:44:20.285754+00:00"
"Castilla-La Mancha","08","2014-11-01","noviembre de 2014",4.52,"idealista_historico_ccaa","2026-04-22T13:44:20.285754+00:00"
"Castilla-La Mancha","08","2014-10-01","octubre de 2014",4.52,"idealista_historico_ccaa","2026-04-22T13:44:20.285754+00:00"
"Castilla-La Mancha","08","2014-09-01","septiembre de 2014",4.52,"idealista_historico_ccaa","2026-04-22T13:44:20.285754+00:00"
"Castilla-La Mancha","08","2014-08-01","agosto de 2014",4.52,"idealista_historico_ccaa","2026-04-22T13:44:20.285754+00:00"
"Castilla-La Mancha","08","2014-07-01","julio de 2014",4.52,"idealista_historico_ccaa","2026-04-22T13:44:20.285754+00:00"
"Castilla-La Mancha","08","2014-06-01","junio de 2014",4.42,"idealista_historico_ccaa","2026-04-22T13:44:20.285754+00:00"
"Castilla-La Mancha","08","2014-05-01","mayo de 2014",4.42,"idealista_historico_ccaa","2026-04-22T13:44:20.285754+00:00"
"Castilla-La Mancha","08","2014-04-01","abril de 2014",4.42,"idealista_historico_ccaa","2026-04-22T13:44:20.285754+00:00"
"Castilla-La Mancha","08","2014-03-01","marzo de 2014",4.42,"idealista_historico_ccaa","2026-04-22T13:44:20.285754+00:00"
"Castilla-La Mancha","08","2014-02-01","febrero de 2014",4.42,"idealista_historico_ccaa","2026-04-22T13:44:20.285754+00:00"
"Castilla-La Mancha","08","2014-01-01","enero de 2014",4.52,"idealista_historico_ccaa","2026-04-22T13:44:20.285754+00:00"
"Castilla-La Mancha","08","2013-12-01","diciembre de 2013",4.52,"idealista_historico_ccaa","2026-04-22T13:44:20.285754+00:00"
"Castilla-La Mancha","08","2013-11-01","noviembre de 2013",4.62,"idealista_historico_ccaa","2026-04-22T13:44:20.285754+00:00"
"Castilla-La Mancha","08","2013-10-01","octubre de 2013",4.62,"idealista_historico_ccaa","2026-04-22T13:44:20.285754+00:00"
"Castilla-La Mancha","08","2013-09-01","septiembre de 2013",4.62,"idealista_historico_ccaa","2026-04-22T13:44:20.285754+00:00"
"Castilla-La Mancha","08","2013-08-01","agosto de 2013",4.62,"idealista_historico_ccaa","2026-04-22T13:44:20.285754+00:00"
"Castilla-La Mancha","08","2013-07-01","julio de 2013",4.72,"idealista_historico_ccaa","2026-04-22T13:44:20.285754+00:00"
"Castilla-La Mancha","08","2013-06-01","junio de 2013",4.72,"idealista_historico_ccaa","2026-04-22T13:44:20.285754+00:00"
"Castilla-La Mancha","08","2013-05-01","mayo de 2013",4.72,"idealista_historico_ccaa","2026-04-22T13:44:20.285754+00:00"
"Castilla-La Mancha","08","2013-04-01","abril de 2013",4.72,"idealista_historico_ccaa","2026-04-22T13:44:20.285754+00:00"
"Castilla-La Mancha","08","2013-03-01","marzo de 2013",4.82,"idealista_historico_ccaa","2026-04-22T13:44:20.285754+00:00"
"Castilla-La Mancha","08","2013-02-01","febrero de 2013",4.92,"idealista_historico_ccaa","2026-04-22T13:44:20.285754+00:00"
"Castilla-La Mancha","08","2013-01-01","enero de 2013",4.92,"idealista_historico_ccaa","2026-04-22T13:44:20.285754+00:00"
"Castilla-La Mancha","08","2012-12-01","diciembre de 2012",4.92,"idealista_historico_ccaa","2026-04-22T13:44:20.285754+00:00"
"Castilla-La Mancha","08","2012-11-01","noviembre de 2012",4.92,"idealista_historico_ccaa","2026-04-22T13:44:20.285754+00:00"
"Castilla-La Mancha","08","2012-10-01","octubre de 2012",5.02,"idealista_historico_ccaa","2026-04-22T13:44:20.285754+00:00"
"Castilla-La Mancha","08","2012-09-01","septiembre de 2012",5.02,"idealista_historico_ccaa","2026-04-22T13:44:20.285754+00:00"
"Castilla-La Mancha","08","2012-08-01","agosto de 2012",5.12,"idealista_historico_ccaa","2026-04-22T13:44:20.285754+00:00"
"Castilla-La Mancha","08","2012-07-01","julio de 2012",5.12,"idealista_historico_ccaa","2026-04-22T13:44:20.285754+00:00"
"Castilla-La Mancha","08","2012-06-01","junio de 2012",5.02,"idealista_historico_ccaa","2026-04-22T13:44:20.285754+00:00"
"Castilla-La Mancha","08","2012-05-01","mayo de 2012",5.12,"idealista_historico_ccaa","2026-04-22T13:44:20.285754+00:00"
"Castilla-La Mancha","08","2012-04-01","abril de 2012",5.12,"idealista_historico_ccaa","2026-04-22T13:44:20.285754+00:00"
"Castilla-La Mancha","08","2012-03-01","marzo de 2012",5.12,"idealista_historico_ccaa","2026-04-22T13:44:20.285754+00:00"
"Castilla-La Mancha","08","2012-02-01","febrero de 2012",5.12,"idealista_historico_ccaa","2026-04-22T13:44:20.285754+00:00"
"Castilla-La Mancha","08","2012-01-01","enero de 2012",5.22,"idealista_historico_ccaa","2026-04-22T13:44:20.285754+00:00"
"Castilla-La Mancha","08","2011-12-01","diciembre de 2011",5.22,"idealista_historico_ccaa","2026-04-22T13:44:20.285754+00:00"
"Castilla-La Mancha","08","2011-11-01","noviembre de 2011",5.22,"idealista_historico_ccaa","2026-04-22T13:44:20.285754+00:00"
"Castilla-La Mancha","08","2011-10-01","octubre de 2011",5.22,"idealista_historico_ccaa","2026-04-22T13:44:20.285754+00:00"
"Castilla-La Mancha","08","2011-09-01","septiembre de 2011",5.22,"idealista_historico_ccaa","2026-04-22T13:44:20.285754+00:00"
"Castilla-La Mancha","08","2011-08-01","agosto de 2011",5.22,"idealista_historico_ccaa","2026-04-22T13:44:20.285754+00:00"
"Castilla-La Mancha","08","2011-07-01","julio de 2011",5.22,"idealista_historico_ccaa","2026-04-22T13:44:20.285754+00:00"
"Castilla-La Mancha","08","2011-06-01","junio de 2011",5.12,"idealista_historico_ccaa","2026-04-22T13:44:20.285754+00:00"
"Castilla-La Mancha","08","2011-05-01","mayo de 2011",5.12,"idealista_historico_ccaa","2026-04-22T13:44:20.285754+00:00"
"Castilla-La Mancha","08","2011-04-01","abril de 2011",5.02,"idealista_historico_ccaa","2026-04-22T13:44:20.285754+00:00"
"Castilla-La Mancha","08","2011-03-01","marzo de 2011",5.02,"idealista_historico_ccaa","2026-04-22T13:44:20.285754+00:00"
"Castilla-La Mancha","08","2011-02-01","febrero de 2011",5.02,"idealista_historico_ccaa","2026-04-22T13:44:20.285754+00:00"
"Castilla-La Mancha","08","2011-01-01","enero de 2011",5.02,"idealista_historico_ccaa","2026-04-22T13:44:20.285754+00:00"
"Castilla-La Mancha","08","2010-12-01","diciembre de 2010",5.02,"idealista_historico_ccaa","2026-04-22T13:44:20.285754+00:00"
"Castilla-La Mancha","08","2010-11-01","noviembre de 2010",5.02,"idealista_historico_ccaa","2026-04-22T13:44:20.285754+00:00"
"Castilla-La Mancha","08","2010-10-01","octubre de 2010",5.02,"idealista_historico_ccaa","2026-04-22T13:44:20.285754+00:00"
"Castilla-La Mancha","08","2010-09-01","septiembre de 2010",5.02,"idealista_historico_ccaa","2026-04-22T13:44:20.285754+00:00"
"Castilla-La Mancha","08","2010-08-01","agosto de 2010",5.02,"idealista_historico_ccaa","2026-04-22T13:44:20.285754+00:00"
"Castilla-La Mancha","08","2010-07-01","julio de 2010",5.02,"idealista_historico_ccaa","2026-04-22T13:44:20.285754+00:00"
"Castilla-La Mancha","08","2010-06-01","junio de 2010",5.02,"idealista_historico_ccaa","2026-04-22T13:44:20.285754+00:00"
"Castilla-La Mancha","08","2010-05-01","mayo de 2010",5.12,"idealista_historico_ccaa","2026-04-22T13:44:20.285754+00:00"
"Castilla-La Mancha","08","2010-04-01","abril de 2010",5.12,"idealista_historico_ccaa","2026-04-22T13:44:20.285754+00:00"
"Castilla-La Mancha","08","2010-03-01","marzo de 2010",5.22,"idealista_historico_ccaa","2026-04-22T13:44:20.285754+00:00"
"Castilla-La Mancha","08","2010-02-01","febrero de 2010",5.12,"idealista_historico_ccaa","2026-04-22T13:44:20.285754+00:00"
"Castilla-La Mancha","08","2010-01-01","enero de 2010",5.12,"idealista_historico_ccaa","2026-04-22T13:44:20.285754+00:00"
"Castilla-La Mancha","08","2009-12-01","diciembre de 2009",5.12,"idealista_historico_ccaa","2026-04-22T13:44:20.285754+00:00"
"Castilla-La Mancha","08","2009-11-01","noviembre de 2009",5.12,"idealista_historico_ccaa","2026-04-22T13:44:20.285754+00:00"
"Castilla-La Mancha","08","2009-10-01","octubre de 2009",5.22,"idealista_historico_ccaa","2026-04-22T13:44:20.285754+00:00"
"Castilla-La Mancha","08","2009-09-01","septiembre de 2009",5.22,"idealista_historico_ccaa","2026-04-22T13:44:20.285754+00:00"
"Castilla-La Mancha","08","2009-08-01","agosto de 2009",5.12,"idealista_historico_ccaa","2026-04-22T13:44:20.285754+00:00"
"Castilla-La Mancha","08","2009-07-01","julio de 2009",5.12,"idealista_historico_ccaa","2026-04-22T13:44:20.285754+00:00"
"Castilla-La Mancha","08","2009-06-01","junio de 2009",5.12,"idealista_historico_ccaa","2026-04-22T13:44:20.285754+00:00"
"Castilla-La Mancha","08","2009-05-01","mayo de 2009",5.22,"idealista_historico_ccaa","2026-04-22T13:44:20.285754+00:00"
"Castilla-La Mancha","08","2009-04-01","abril de 2009",5.32,"idealista_historico_ccaa","2026-04-22T13:44:20.285754+00:00"
"Castilla-La Mancha","08","2009-03-01","marzo de 2009",5.52,"idealista_historico_ccaa","2026-04-22T13:44:20.285754+00:00"
"Castilla-La Mancha","08","2009-02-01","febrero de 2009",5.62,"idealista_historico_ccaa","2026-04-22T13:44:20.285754+00:00"
"Castilla-La Mancha","08","2009-01-01","enero de 2009",5.52,"idealista_historico_ccaa","2026-04-22T13:44:20.285754+00:00"
"Castilla-La Mancha","08","2008-12-01","diciembre de 2008",5.32,"idealista_historico_ccaa","2026-04-22T13:44:20.285754+00:00"
"Castilla-La Mancha","08","2008-11-01","noviembre de 2008",5.32,"idealista_historico_ccaa","2026-04-22T13:44:20.285754+00:00"
"Castilla-La Mancha","08","2008-10-01","octubre de 2008",5.42,"idealista_historico_ccaa","2026-04-22T13:44:20.285754+00:00"
"Castilla-La Mancha","08","2008-09-01","septiembre de 2008",5.32,"idealista_historico_ccaa","2026-04-22T13:44:20.285754+00:00"
"Castilla-La Mancha","08","2008-08-01","agosto de 2008",5.62,"idealista_historico_ccaa","2026-04-22T13:44:20.285754+00:00"
"Castilla-La Mancha","08","2008-07-01","julio de 2008",5.72,"idealista_historico_ccaa","2026-04-22T13:44:20.285754+00:00"
"Castilla-La Mancha","08","2008-06-01","junio de 2008",5.72,"idealista_historico_ccaa","2026-04-22T13:44:20.285754+00:00"
"Castilla-La Mancha","08","2008-05-01","mayo de 2008",5.82,"idealista_historico_ccaa","2026-04-22T13:44:20.285754+00:00"
"Castilla-La Mancha","08","2008-04-01","abril de 2008",5.62,"idealista_historico_ccaa","2026-04-22T13:44:20.285754+00:00"
"Castilla-La Mancha","08","2008-03-01","marzo de 2008",5.62,"idealista_historico_ccaa","2026-04-22T13:44:20.285754+00:00"
"Castilla-La Mancha","08","2008-02-01","febrero de 2008",5.52,"idealista_historico_ccaa","2026-04-22T13:44:20.285754+00:00"
"Castilla-La Mancha","08","2008-01-01","enero de 2008",5.62,"idealista_historico_ccaa","2026-04-22T13:44:20.285754+00:00"
"Castilla-La Mancha","08","2007-12-01","diciembre de 2007",5.62,"idealista_historico_ccaa","2026-04-22T13:44:20.285754+00:00"
"Castilla-La Mancha","08","2007-11-01","noviembre de 2007",5.32,"idealista_historico_ccaa","2026-04-22T13:44:20.285754+00:00"
"Castilla-La Mancha","08","2007-10-01","octubre de 2007",5.42,"idealista_historico_ccaa","2026-04-22T13:44:20.285754+00:00"
"Castilla y León","07","2023-08-01","agosto de 2023",7.62,"idealista_historico_ccaa","2026-04-22T13:45:35.435645+00:00"
"Castilla y León","07","2023-07-01","julio de 2023",7.62,"idealista_historico_ccaa","2026-04-22T13:45:35.435645+00:00"
"Castilla y León","07","2023-06-01","junio de 2023",7.62,"idealista_historico_ccaa","2026-04-22T13:45:35.435645+00:00"
"Castilla y León","07","2023-05-01","mayo de 2023",7.62,"idealista_historico_ccaa","2026-04-22T13:45:35.435645+00:00"
"Castilla y León","07","2023-04-01","abril de 2023",7.52,"idealista_historico_ccaa","2026-04-22T13:45:35.435645+00:00"
"Castilla y León","07","2023-03-01","marzo de 2023",7.32,"idealista_historico_ccaa","2026-04-22T13:45:35.435645+00:00"
"Castilla y León","07","2023-02-01","febrero de 2023",7.22,"idealista_historico_ccaa","2026-04-22T13:45:35.435645+00:00"
"Castilla y León","07","2023-01-01","enero de 2023",7.12,"idealista_historico_ccaa","2026-04-22T13:45:35.435645+00:00"
"Castilla y León","07","2022-12-01","diciembre de 2022",7.12,"idealista_historico_ccaa","2026-04-22T13:45:35.435645+00:00"
"Castilla y León","07","2022-11-01","noviembre de 2022",7.12,"idealista_historico_ccaa","2026-04-22T13:45:35.435645+00:00"
"Castilla y León","07","2022-10-01","octubre de 2022",7.12,"idealista_historico_ccaa","2026-04-22T13:45:35.435645+00:00"
"Castilla y León","07","2022-09-01","septiembre de 2022",7.22,"idealista_historico_ccaa","2026-04-22T13:45:35.435645+00:00"
"Castilla y León","07","2022-08-01","agosto de 2022",7.22,"idealista_historico_ccaa","2026-04-22T13:45:35.435645+00:00"
"Castilla y León","07","2022-07-01","julio de 2022",7.22,"idealista_historico_ccaa","2026-04-22T13:45:35.435645+00:00"
"Castilla y León","07","2022-06-01","junio de 2022",7.22,"idealista_historico_ccaa","2026-04-22T13:45:35.435645+00:00"
"Castilla y León","07","2022-05-01","mayo de 2022",7.12,"idealista_historico_ccaa","2026-04-22T13:45:35.435645+00:00"
"Castilla y León","07","2022-04-01","abril de 2022",7.12,"idealista_historico_ccaa","2026-04-22T13:45:35.435645+00:00"
"Castilla y León","07","2022-03-01","marzo de 2022",7.02,"idealista_historico_ccaa","2026-04-22T13:45:35.435645+00:00"
"Castilla y León","07","2022-02-01","febrero de 2022",6.82,"idealista_historico_ccaa","2026-04-22T13:45:35.435645+00:00"
"Castilla y León","07","2022-01-01","enero de 2022",6.82,"idealista_historico_ccaa","2026-04-22T13:45:35.435645+00:00"
"Castilla y León","07","2021-12-01","diciembre de 2021",6.82,"idealista_historico_ccaa","2026-04-22T13:45:35.435645+00:00"
"Castilla y León","07","2021-11-01","noviembre de 2021",6.82,"idealista_historico_ccaa","2026-04-22T13:45:35.435645+00:00"
"Castilla y León","07","2021-10-01","octubre de 2021",6.82,"idealista_historico_ccaa","2026-04-22T13:45:35.435645+00:00"
"Castilla y León","07","2021-09-01","septiembre de 2021",6.92,"idealista_historico_ccaa","2026-04-22T13:45:35.435645+00:00"
"Castilla y León","07","2021-08-01","agosto de 2021",7.02,"idealista_historico_ccaa","2026-04-22T13:45:35.435645+00:00"
"Castilla y León","07","2021-07-01","julio de 2021",6.92,"idealista_historico_ccaa","2026-04-22T13:45:35.435645+00:00"
"Castilla y León","07","2021-06-01","junio de 2021",6.92,"idealista_historico_ccaa","2026-04-22T13:45:35.435645+00:00"
"Castilla y León","07","2021-05-01","mayo de 2021",6.92,"idealista_historico_ccaa","2026-04-22T13:45:35.435645+00:00"
"Castilla y León","07","2021-04-01","abril de 2021",6.92,"idealista_historico_ccaa","2026-04-22T13:45:35.435645+00:00"
"Castilla y León","07","2021-03-01","marzo de 2021",6.82,"idealista_historico_ccaa","2026-04-22T13:45:35.435645+00:00"
"Castilla y León","07","2021-02-01","febrero de 2021",6.82,"idealista_historico_ccaa","2026-04-22T13:45:35.435645+00:00"
"Castilla y León","07","2021-01-01","enero de 2021",6.72,"idealista_historico_ccaa","2026-04-22T13:45:35.435645+00:00"
"Castilla y León","07","2020-12-01","diciembre de 2020",6.72,"idealista_historico_ccaa","2026-04-22T13:45:35.435645+00:00"
"Castilla y León","07","2020-11-01","noviembre de 2020",6.72,"idealista_historico_ccaa","2026-04-22T13:45:35.435645+00:00"
"Castilla y León","07","2020-10-01","octubre de 2020",6.82,"idealista_historico_ccaa","2026-04-22T13:45:35.435645+00:00"
"Castilla y León","07","2020-09-01","septiembre de 2020",6.72,"idealista_historico_ccaa","2026-04-22T13:45:35.435645+00:00"
"Castilla y León","07","2020-08-01","agosto de 2020",6.82,"idealista_historico_ccaa","2026-04-22T13:45:35.435645+00:00"
"Castilla y León","07","2020-07-01","julio de 2020",6.82,"idealista_historico_ccaa","2026-04-22T13:45:35.435645+00:00"
"Castilla y León","07","2020-06-01","junio de 2020",6.82,"idealista_historico_ccaa","2026-04-22T13:45:35.435645+00:00"
"Castilla y León","07","2020-05-01","mayo de 2020",6.72,"idealista_historico_ccaa","2026-04-22T13:45:35.435645+00:00"
"Castilla y León","07","2020-04-01","abril de 2020",6.62,"idealista_historico_ccaa","2026-04-22T13:45:35.435645+00:00"
"Castilla y León","07","2020-03-01","marzo de 2020",6.52,"idealista_historico_ccaa","2026-04-22T13:45:35.435645+00:00"
"Castilla y León","07","2020-02-01","febrero de 2020",6.52,"idealista_historico_ccaa","2026-04-22T13:45:35.435645+00:00"
"Castilla y León","07","2020-01-01","enero de 2020",6.42,"idealista_historico_ccaa","2026-04-22T13:45:35.435645+00:00"
"Castilla y León","07","2019-12-01","diciembre de 2019",6.42,"idealista_historico_ccaa","2026-04-22T13:45:35.435645+00:00"
"Castilla y León","07","2019-11-01","noviembre de 2019",6.42,"idealista_historico_ccaa","2026-04-22T13:45:35.435645+00:00"
"Castilla y León","07","2019-10-01","octubre de 2019",6.42,"idealista_historico_ccaa","2026-04-22T13:45:35.435645+00:00"
"Castilla y León","07","2019-09-01","septiembre de 2019",6.42,"idealista_historico_ccaa","2026-04-22T13:45:35.435645+00:00"
"Castilla y León","07","2019-08-01","agosto de 2019",6.52,"idealista_historico_ccaa","2026-04-22T13:45:35.435645+00:00"
"Castilla y León","07","2019-07-01","julio de 2019",6.52,"idealista_historico_ccaa","2026-04-22T13:45:35.435645+00:00"
"Castilla y León","07","2019-06-01","junio de 2019",6.52,"idealista_historico_ccaa","2026-04-22T13:45:35.435645+00:00"
"Castilla y León","07","2019-05-01","mayo de 2019",6.42,"idealista_historico_ccaa","2026-04-22T13:45:35.435645+00:00"
"Castilla y León","07","2019-04-01","abril de 2019",6.32,"idealista_historico_ccaa","2026-04-22T13:45:35.435645+00:00"
"Castilla y León","07","2019-03-01","marzo de 2019",6.22,"idealista_historico_ccaa","2026-04-22T13:45:35.435645+00:00"
"Castilla y León","07","2019-02-01","febrero de 2019",6.12,"idealista_historico_ccaa","2026-04-22T13:45:35.435645+00:00"
"Castilla y León","07","2019-01-01","enero de 2019",6.22,"idealista_historico_ccaa","2026-04-22T13:45:35.435645+00:00"
"Castilla y León","07","2018-12-01","diciembre de 2018",6.12,"idealista_historico_ccaa","2026-04-22T13:45:35.435645+00:00"
"Castilla y León","07","2018-11-01","noviembre de 2018",6.02,"idealista_historico_ccaa","2026-04-22T13:45:35.435645+00:00"
"Castilla y León","07","2018-10-01","octubre de 2018",6.12,"idealista_historico_ccaa","2026-04-22T13:45:35.435645+00:00"
"Castilla y León","07","2018-09-01","septiembre de 2018",6.12,"idealista_historico_ccaa","2026-04-22T13:45:35.435645+00:00"
"Castilla y León","07","2018-08-01","agosto de 2018",6.12,"idealista_historico_ccaa","2026-04-22T13:45:35.435645+00:00"
"Castilla y León","07","2018-07-01","julio de 2018",6.12,"idealista_historico_ccaa","2026-04-22T13:45:35.435645+00:00"
"Castilla y León","07","2018-06-01","junio de 2018",6.12,"idealista_historico_ccaa","2026-04-22T13:45:35.435645+00:00"
"Castilla y León","07","2018-05-01","mayo de 2018",6.12,"idealista_historico_ccaa","2026-04-22T13:45:35.435645+00:00"
"Castilla y León","07","2018-04-01","abril de 2018",6.02,"idealista_historico_ccaa","2026-04-22T13:45:35.435645+00:00"
"Castilla y León","07","2018-03-01","marzo de 2018",5.92,"idealista_historico_ccaa","2026-04-22T13:45:35.435645+00:00"
"Castilla y León","07","2018-02-01","febrero de 2018",5.92,"idealista_historico_ccaa","2026-04-22T13:45:35.435645+00:00"
"Castilla y León","07","2018-01-01","enero de 2018",5.82,"idealista_historico_ccaa","2026-04-22T13:45:35.435645+00:00"
"Castilla y León","07","2017-12-01","diciembre de 2017",5.82,"idealista_historico_ccaa","2026-04-22T13:45:35.435645+00:00"
"Castilla y León","07","2017-11-01","noviembre de 2017",5.72,"idealista_historico_ccaa","2026-04-22T13:45:35.435645+00:00"
"Castilla y León","07","2017-10-01","octubre de 2017",5.82,"idealista_historico_ccaa","2026-04-22T13:45:35.435645+00:00"
"Castilla y León","07","2017-09-01","septiembre de 2017",5.82,"idealista_historico_ccaa","2026-04-22T13:45:35.435645+00:00"
"Castilla y León","07","2017-08-01","agosto de 2017",5.92,"idealista_historico_ccaa","2026-04-22T13:45:35.435645+00:00"
"Castilla y León","07","2017-07-01","julio de 2017",5.82,"idealista_historico_ccaa","2026-04-22T13:45:35.435645+00:00"
"Castilla y León","07","2017-06-01","junio de 2017",5.72,"idealista_historico_ccaa","2026-04-22T13:45:35.435645+00:00"
"Castilla y León","07","2017-05-01","mayo de 2017",5.72,"idealista_historico_ccaa","2026-04-22T13:45:35.435645+00:00"
"Castilla y León","07","2017-04-01","abril de 2017",5.62,"idealista_historico_ccaa","2026-04-22T13:45:35.435645+00:00"
"Castilla y León","07","2017-03-01","marzo de 2017",5.52,"idealista_historico_ccaa","2026-04-22T13:45:35.435645+00:00"
"Castilla y León","07","2017-02-01","febrero de 2017",5.52,"idealista_historico_ccaa","2026-04-22T13:45:35.435645+00:00"
"Castilla y León","07","2017-01-01","enero de 2017",5.52,"idealista_historico_ccaa","2026-04-22T13:45:35.435645+00:00"
"Castilla y León","07","2016-12-01","diciembre de 2016",5.42,"idealista_historico_ccaa","2026-04-22T13:45:35.435645+00:00"
"Castilla y León","07","2016-11-01","noviembre de 2016",5.42,"idealista_historico_ccaa","2026-04-22T13:45:35.435645+00:00"
"Castilla y León","07","2016-10-01","octubre de 2016",5.52,"idealista_historico_ccaa","2026-04-22T13:45:35.435645+00:00"
"Castilla y León","07","2016-09-01","septiembre de 2016",5.52,"idealista_historico_ccaa","2026-04-22T13:45:35.435645+00:00"
"Castilla y León","07","2016-08-01","agosto de 2016",5.52,"idealista_historico_ccaa","2026-04-22T13:45:35.435645+00:00"
"Castilla y León","07","2016-07-01","julio de 2016",5.52,"idealista_historico_ccaa","2026-04-22T13:45:35.435645+00:00"
"Castilla y León","07","2016-06-01","junio de 2016",5.42,"idealista_historico_ccaa","2026-04-22T13:45:35.435645+00:00"
"Castilla y León","07","2016-05-01","mayo de 2016",5.42,"idealista_historico_ccaa","2026-04-22T13:45:35.435645+00:00"
"Castilla y León","07","2016-04-01","abril de 2016",5.32,"idealista_historico_ccaa","2026-04-22T13:45:35.435645+00:00"
"Castilla y León","07","2016-03-01","marzo de 2016",5.22,"idealista_historico_ccaa","2026-04-22T13:45:35.435645+00:00"
"Castilla y León","07","2016-02-01","febrero de 2016",5.22,"idealista_historico_ccaa","2026-04-22T13:45:35.435645+00:00"
"Castilla y León","07","2016-01-01","enero de 2016",5.22,"idealista_historico_ccaa","2026-04-22T13:45:35.435645+00:00"
"Castilla y León","07","2015-12-01","diciembre de 2015",5.22,"idealista_historico_ccaa","2026-04-22T13:45:35.435645+00:00"
"Castilla y León","07","2015-11-01","noviembre de 2015",5.32,"idealista_historico_ccaa","2026-04-22T13:45:35.435645+00:00"
"Castilla y León","07","2015-10-01","octubre de 2015",5.32,"idealista_historico_ccaa","2026-04-22T13:45:35.435645+00:00"
"Castilla y León","07","2015-09-01","septiembre de 2015",5.32,"idealista_historico_ccaa","2026-04-22T13:45:35.435645+00:00"
"Castilla y León","07","2015-08-01","agosto de 2015",5.32,"idealista_historico_ccaa","2026-04-22T13:45:35.435645+00:00"
"Castilla y León","07","2015-07-01","julio de 2015",5.32,"idealista_historico_ccaa","2026-04-22T13:45:35.435645+00:00"
"Castilla y León","07","2015-06-01","junio de 2015",5.22,"idealista_historico_ccaa","2026-04-22T13:45:35.435645+00:00"
"Castilla y León","07","2015-05-01","mayo de 2015",5.22,"idealista_historico_ccaa","2026-04-22T13:45:35.435645+00:00"
"Castilla y León","07","2015-04-01","abril de 2015",5.22,"idealista_historico_ccaa","2026-04-22T13:45:35.435645+00:00"
"Castilla y León","07","2015-03-01","marzo de 2015",5.12,"idealista_historico_ccaa","2026-04-22T13:45:35.435645+00:00"
"Castilla y León","07","2015-02-01","febrero de 2015",5.12,"idealista_historico_ccaa","2026-04-22T13:45:35.435645+00:00"
"Castilla y León","07","2015-01-01","enero de 2015",5.12,"idealista_historico_ccaa","2026-04-22T13:45:35.435645+00:00"
"Castilla y León","07","2014-12-01","diciembre de 2014",5.12,"idealista_historico_ccaa","2026-04-22T13:45:35.435645+00:00"
"Castilla y León","07","2014-11-01","noviembre de 2014",5.22,"idealista_historico_ccaa","2026-04-22T13:45:35.435645+00:00"
"Castilla y León","07","2014-10-01","octubre de 2014",5.22,"idealista_historico_ccaa","2026-04-22T13:45:35.435645+00:00"
"Castilla y León","07","2014-09-01","septiembre de 2014",5.22,"idealista_historico_ccaa","2026-04-22T13:45:35.435645+00:00"
"Castilla y León","07","2014-08-01","agosto de 2014",5.22,"idealista_historico_ccaa","2026-04-22T13:45:35.435645+00:00"
"Castilla y León","07","2014-07-01","julio de 2014",5.22,"idealista_historico_ccaa","2026-04-22T13:45:35.435645+00:00"
"Castilla y León","07","2014-06-01","junio de 2014",5.22,"idealista_historico_ccaa","2026-04-22T13:45:35.435645+00:00"
"Castilla y León","07","2011-12-01","diciembre de 2011",5.62,"idealista_historico_ccaa","2026-04-22T13:45:35.435645+00:00"
"Castilla y León","07","2011-11-01","noviembre de 2011",5.62,"idealista_historico_ccaa","2026-04-22T13:45:35.435645+00:00"
"Castilla y León","07","2011-10-01","octubre de 2011",5.62,"idealista_historico_ccaa","2026-04-22T13:45:35.435645+00:00"
"Castilla y León","07","2011-09-01","septiembre de 2011",5.72,"idealista_historico_ccaa","2026-04-22T13:45:35.435645+00:00"
"Castilla y León","07","2011-08-01","agosto de 2011",5.72,"idealista_historico_ccaa","2026-04-22T13:45:35.435645+00:00"
"Castilla y León","07","2011-07-01","julio de 2011",5.72,"idealista_historico_ccaa","2026-04-22T13:45:35.435645+00:00"
"Castilla y León","07","2011-06-01","junio de 2011",5.72,"idealista_historico_ccaa","2026-04-22T13:45:35.435645+00:00"
"Castilla y León","07","2011-05-01","mayo de 2011",5.52,"idealista_historico_ccaa","2026-04-22T13:45:35.435645+00:00"
"Castilla y León","07","2011-04-01","abril de 2011",5.52,"idealista_historico_ccaa","2026-04-22T13:45:35.435645+00:00"
"Castilla y León","07","2011-03-01","marzo de 2011",5.52,"idealista_historico_ccaa","2026-04-22T13:45:35.435645+00:00"
"Castilla y León","07","2011-02-01","febrero de 2011",5.42,"idealista_historico_ccaa","2026-04-22T13:45:35.435645+00:00"
"Castilla y León","07","2011-01-01","enero de 2011",5.42,"idealista_historico_ccaa","2026-04-22T13:45:35.435645+00:00"
"Castilla y León","07","2010-12-01","diciembre de 2010",5.32,"idealista_historico_ccaa","2026-04-22T13:45:35.435645+00:00"
"Castilla y León","07","2010-11-01","noviembre de 2010",5.32,"idealista_historico_ccaa","2026-04-22T13:45:35.435645+00:00"
"Castilla y León","07","2010-10-01","octubre de 2010",5.32,"idealista_historico_ccaa","2026-04-22T13:45:35.435645+00:00"
"Castilla y León","07","2010-09-01","septiembre de 2010",5.32,"idealista_historico_ccaa","2026-04-22T13:45:35.435645+00:00"
"Castilla y León","07","2010-08-01","agosto de 2010",5.22,"idealista_historico_ccaa","2026-04-22T13:45:35.435645+00:00"
"Castilla y León","07","2010-07-01","julio de 2010",5.32,"idealista_historico_ccaa","2026-04-22T13:45:35.435645+00:00"
"Castilla y León","07","2010-06-01","junio de 2010",5.32,"idealista_historico_ccaa","2026-04-22T13:45:35.435645+00:00"
"Castilla y León","07","2010-05-01","mayo de 2010",5.32,"idealista_historico_ccaa","2026-04-22T13:45:35.435645+00:00"
"Castilla y León","07","2010-04-01","abril de 2010",5.32,"idealista_historico_ccaa","2026-04-22T13:45:35.435645+00:00"
"Castilla y León","07","2010-03-01","marzo de 2010",5.22,"idealista_historico_ccaa","2026-04-22T13:45:35.435645+00:00"
"Castilla y León","07","2010-02-01","febrero de 2010",5.22,"idealista_historico_ccaa","2026-04-22T13:45:35.435645+00:00"
"Castilla y León","07","2010-01-01","enero de 2010",5.12,"idealista_historico_ccaa","2026-04-22T13:45:35.435645+00:00"
"Castilla y León","07","2009-12-01","diciembre de 2009",5.22,"idealista_historico_ccaa","2026-04-22T13:45:35.435645+00:00"
"Castilla y León","07","2009-11-01","noviembre de 2009",5.22,"idealista_historico_ccaa","2026-04-22T13:45:35.435645+00:00"
"Castilla y León","07","2009-10-01","octubre de 2009",5.42,"idealista_historico_ccaa","2026-04-22T13:45:35.435645+00:00"
"Castilla y León","07","2009-09-01","septiembre de 2009",5.32,"idealista_historico_ccaa","2026-04-22T13:45:35.435645+00:00"
"Castilla y León","07","2009-08-01","agosto de 2009",5.42,"idealista_historico_ccaa","2026-04-22T13:45:35.435645+00:00"
"Castilla y León","07","2009-07-01","julio de 2009",5.22,"idealista_historico_ccaa","2026-04-22T13:45:35.435645+00:00"
"Castilla y León","07","2009-06-01","junio de 2009",5.32,"idealista_historico_ccaa","2026-04-22T13:45:35.435645+00:00"
"Castilla y León","07","2009-05-01","mayo de 2009",5.32,"idealista_historico_ccaa","2026-04-22T13:45:35.435645+00:00"
"Castilla y León","07","2009-04-01","abril de 2009",5.32,"idealista_historico_ccaa","2026-04-22T13:45:35.435645+00:00"
"Castilla y León","07","2009-03-01","marzo de 2009",5.32,"idealista_historico_ccaa","2026-04-22T13:45:35.435645+00:00"
"Castilla y León","07","2009-02-01","febrero de 2009",5.32,"idealista_historico_ccaa","2026-04-22T13:45:35.435645+00:00"
"Castilla y León","07","2009-01-01","enero de 2009",5.32,"idealista_historico_ccaa","2026-04-22T13:45:35.435645+00:00"
"Castilla y León","07","2008-12-01","diciembre de 2008",5.32,"idealista_historico_ccaa","2026-04-22T13:45:35.435645+00:00"
"Castilla y León","07","2008-11-01","noviembre de 2008",5.52,"idealista_historico_ccaa","2026-04-22T13:45:35.435645+00:00"
"Castilla y León","07","2008-10-01","octubre de 2008",5.72,"idealista_historico_ccaa","2026-04-22T13:45:35.435645+00:00"
"Castilla y León","07","2008-09-01","septiembre de 2008",5.62,"idealista_historico_ccaa","2026-04-22T13:45:35.435645+00:00"
"Castilla y León","07","2008-08-01","agosto de 2008",5.72,"idealista_historico_ccaa","2026-04-22T13:45:35.435645+00:00"
"Castilla y León","07","2008-07-01","julio de 2008",6.02,"idealista_historico_ccaa","2026-04-22T13:45:35.435645+00:00"
"Castilla y León","07","2008-06-01","junio de 2008",6.02,"idealista_historico_ccaa","2026-04-22T13:45:35.435645+00:00"
"Castilla y León","07","2008-05-01","mayo de 2008",6.12,"idealista_historico_ccaa","2026-04-22T13:45:35.435645+00:00"
"Castilla y León","07","2008-04-01","abril de 2008",5.92,"idealista_historico_ccaa","2026-04-22T13:45:35.435645+00:00"
"Castilla y León","07","2008-03-01","marzo de 2008",5.82,"idealista_historico_ccaa","2026-04-22T13:45:35.435645+00:00"
"Castilla y León","07","2008-02-01","febrero de 2008",5.82,"idealista_historico_ccaa","2026-04-22T13:45:35.435645+00:00"
"Castilla y León","07","2008-01-01","enero de 2008",5.82,"idealista_historico_ccaa","2026-04-22T13:45:35.435645+00:00"
"Castilla y León","07","2007-12-01","diciembre de 2007",5.52,"idealista_historico_ccaa","2026-04-22T13:45:35.435645+00:00"
"Castilla y León","07","2007-11-01","noviembre de 2007",5.62,"idealista_historico_ccaa","2026-04-22T13:45:35.435645+00:00"
"Andalucía","01","2026-03-01","marzo de 2026",13.42,"idealista_historico_ccaa","2026-04-22T13:46:52.306299+00:00"
"Andalucía","01","2026-02-01","febrero de 2026",13.32,"idealista_historico_ccaa","2026-04-22T13:46:52.306299+00:00"
"Andalucía","01","2026-01-01","enero de 2026",13.12,"idealista_historico_ccaa","2026-04-22T13:46:52.306299+00:00"
"Andalucía","01","2025-12-01","diciembre de 2025",13.02,"idealista_historico_ccaa","2026-04-22T13:46:52.306299+00:00"
"Andalucía","01","2025-11-01","noviembre de 2025",12.72,"idealista_historico_ccaa","2026-04-22T13:46:52.306299+00:00"
"Andalucía","01","2025-10-01","octubre de 2025",12.42,"idealista_historico_ccaa","2026-04-22T13:46:52.306299+00:00"
"Andalucía","01","2025-09-01","septiembre de 2025",12.42,"idealista_historico_ccaa","2026-04-22T13:46:52.306299+00:00"
"Andalucía","01","2025-08-01","agosto de 2025",12.52,"idealista_historico_ccaa","2026-04-22T13:46:52.306299+00:00"
"Andalucía","01","2025-07-01","julio de 2025",12.62,"idealista_historico_ccaa","2026-04-22T13:46:52.306299+00:00"
"Andalucía","01","2025-06-01","junio de 2025",12.72,"idealista_historico_ccaa","2026-04-22T13:46:52.306299+00:00"
"Andalucía","01","2025-05-01","mayo de 2025",12.62,"idealista_historico_ccaa","2026-04-22T13:46:52.306299+00:00"
"Andalucía","01","2025-04-01","abril de 2025",12.52,"idealista_historico_ccaa","2026-04-22T13:46:52.306299+00:00"
"Andalucía","01","2025-03-01","marzo de 2025",12.32,"idealista_historico_ccaa","2026-04-22T13:46:52.306299+00:00"
"Andalucía","01","2025-02-01","febrero de 2025",12.22,"idealista_historico_ccaa","2026-04-22T13:46:52.306299+00:00"
"Andalucía","01","2025-01-01","enero de 2025",12.12,"idealista_historico_ccaa","2026-04-22T13:46:52.306299+00:00"
"Andalucía","01","2024-12-01","diciembre de 2024",11.82,"idealista_historico_ccaa","2026-04-22T13:46:52.306299+00:00"
"Andalucía","01","2024-11-01","noviembre de 2024",11.52,"idealista_historico_ccaa","2026-04-22T13:46:52.306299+00:00"
"Andalucía","01","2024-10-01","octubre de 2024",11.12,"idealista_historico_ccaa","2026-04-22T13:46:52.306299+00:00"
"Andalucía","01","2024-09-01","septiembre de 2024",11.02,"idealista_historico_ccaa","2026-04-22T13:46:52.306299+00:00"
"Andalucía","01","2024-08-01","agosto de 2024",11.22,"idealista_historico_ccaa","2026-04-22T13:46:52.306299+00:00"
"Andalucía","01","2024-07-01","julio de 2024",11.42,"idealista_historico_ccaa","2026-04-22T13:46:52.306299+00:00"
"Andalucía","01","2024-06-01","junio de 2024",11.52,"idealista_historico_ccaa","2026-04-22T13:46:52.306299+00:00"
"Andalucía","01","2024-05-01","mayo de 2024",11.42,"idealista_historico_ccaa","2026-04-22T13:46:52.306299+00:00"
"Andalucía","01","2024-04-01","abril de 2024",11.32,"idealista_historico_ccaa","2026-04-22T13:46:52.306299+00:00"
"Andalucía","01","2024-03-01","marzo de 2024",11.02,"idealista_historico_ccaa","2026-04-22T13:46:52.306299+00:00"
"Andalucía","01","2024-02-01","febrero de 2024",10.92,"idealista_historico_ccaa","2026-04-22T13:46:52.306299+00:00"
"Andalucía","01","2024-01-01","enero de 2024",10.82,"idealista_historico_ccaa","2026-04-22T13:46:52.306299+00:00"
"Andalucía","01","2023-12-01","diciembre de 2023",10.72,"idealista_historico_ccaa","2026-04-22T13:46:52.306299+00:00"
"Andalucía","01","2023-11-01","noviembre de 2023",10.42,"idealista_historico_ccaa","2026-04-22T13:46:52.306299+00:00"
"Andalucía","01","2023-10-01","octubre de 2023",10.22,"idealista_historico_ccaa","2026-04-22T13:46:52.306299+00:00"
"Andalucía","01","2023-09-01","septiembre de 2023",10.12,"idealista_historico_ccaa","2026-04-22T13:46:52.306299+00:00"
"Andalucía","01","2023-08-01","agosto de 2023",10.22,"idealista_historico_ccaa","2026-04-22T13:46:52.306299+00:00"
"Andalucía","01","2023-07-01","julio de 2023",10.22,"idealista_historico_ccaa","2026-04-22T13:46:52.306299+00:00"
"Andalucía","01","2023-06-01","junio de 2023",10.22,"idealista_historico_ccaa","2026-04-22T13:46:52.306299+00:00"
"Andalucía","01","2023-05-01","mayo de 2023",10.12,"idealista_historico_ccaa","2026-04-22T13:46:52.306299+00:00"
"Andalucía","01","2023-04-01","abril de 2023",9.92,"idealista_historico_ccaa","2026-04-22T13:46:52.306299+00:00"
"Andalucía","01","2023-03-01","marzo de 2023",9.72,"idealista_historico_ccaa","2026-04-22T13:46:52.306299+00:00"
"Andalucía","01","2023-02-01","febrero de 2023",9.62,"idealista_historico_ccaa","2026-04-22T13:46:52.306299+00:00"
"Andalucía","01","2023-01-01","enero de 2023",9.52,"idealista_historico_ccaa","2026-04-22T13:46:52.306299+00:00"
"Andalucía","01","2022-12-01","diciembre de 2022",9.42,"idealista_historico_ccaa","2026-04-22T13:46:52.306299+00:00"
"Andalucía","01","2022-11-01","noviembre de 2022",9.42,"idealista_historico_ccaa","2026-04-22T13:46:52.306299+00:00"
"Andalucía","01","2022-10-01","octubre de 2022",9.12,"idealista_historico_ccaa","2026-04-22T13:46:52.306299+00:00"
"Andalucía","01","2022-09-01","septiembre de 2022",9.02,"idealista_historico_ccaa","2026-04-22T13:46:52.306299+00:00"
"Andalucía","01","2022-08-01","agosto de 2022",9.02,"idealista_historico_ccaa","2026-04-22T13:46:52.306299+00:00"
"Andalucía","01","2022-07-01","julio de 2022",9.12,"idealista_historico_ccaa","2026-04-22T13:46:52.306299+00:00"
"Andalucía","01","2022-06-01","junio de 2022",9.12,"idealista_historico_ccaa","2026-04-22T13:46:52.306299+00:00"
"Andalucía","01","2022-05-01","mayo de 2022",9.02,"idealista_historico_ccaa","2026-04-22T13:46:52.306299+00:00"
"Andalucía","01","2022-04-01","abril de 2022",9.02,"idealista_historico_ccaa","2026-04-22T13:46:52.306299+00:00"
"Andalucía","01","2022-03-01","marzo de 2022",8.92,"idealista_historico_ccaa","2026-04-22T13:46:52.306299+00:00"
"Andalucía","01","2022-02-01","febrero de 2022",8.92,"idealista_historico_ccaa","2026-04-22T13:46:52.306299+00:00"
"Andalucía","01","2022-01-01","enero de 2022",8.82,"idealista_historico_ccaa","2026-04-22T13:46:52.306299+00:00"
"Andalucía","01","2021-12-01","diciembre de 2021",8.72,"idealista_historico_ccaa","2026-04-22T13:46:52.306299+00:00"
"Andalucía","01","2021-11-01","noviembre de 2021",8.62,"idealista_historico_ccaa","2026-04-22T13:46:52.306299+00:00"
"Andalucía","01","2021-10-01","octubre de 2021",8.52,"idealista_historico_ccaa","2026-04-22T13:46:52.306299+00:00"
"Andalucía","01","2021-09-01","septiembre de 2021",8.42,"idealista_historico_ccaa","2026-04-22T13:46:52.306299+00:00"
"Andalucía","01","2021-08-01","agosto de 2021",8.52,"idealista_historico_ccaa","2026-04-22T13:46:52.306299+00:00"
"Andalucía","01","2021-07-01","julio de 2021",8.62,"idealista_historico_ccaa","2026-04-22T13:46:52.306299+00:00"
"Andalucía","01","2021-06-01","junio de 2021",8.62,"idealista_historico_ccaa","2026-04-22T13:46:52.306299+00:00"
"Andalucía","01","2021-05-01","mayo de 2021",8.62,"idealista_historico_ccaa","2026-04-22T13:46:52.306299+00:00"
"Andalucía","01","2021-04-01","abril de 2021",8.62,"idealista_historico_ccaa","2026-04-22T13:46:52.306299+00:00"
"Andalucía","01","2021-03-01","marzo de 2021",8.62,"idealista_historico_ccaa","2026-04-22T13:46:52.306299+00:00"
"Andalucía","01","2021-02-01","febrero de 2021",8.62,"idealista_historico_ccaa","2026-04-22T13:46:52.306299+00:00"
"Andalucía","01","2021-01-01","enero de 2021",8.62,"idealista_historico_ccaa","2026-04-22T13:46:52.306299+00:00"
"Andalucía","01","2020-12-01","diciembre de 2020",8.62,"idealista_historico_ccaa","2026-04-22T13:46:52.306299+00:00"
"Andalucía","01","2020-11-01","noviembre de 2020",8.62,"idealista_historico_ccaa","2026-04-22T13:46:52.306299+00:00"
"Andalucía","01","2020-10-01","octubre de 2020",8.62,"idealista_historico_ccaa","2026-04-22T13:46:52.306299+00:00"
"Andalucía","01","2020-09-01","septiembre de 2020",8.62,"idealista_historico_ccaa","2026-04-22T13:46:52.306299+00:00"
"Andalucía","01","2020-08-01","agosto de 2020",8.72,"idealista_historico_ccaa","2026-04-22T13:46:52.306299+00:00"
"Andalucía","01","2020-07-01","julio de 2020",8.72,"idealista_historico_ccaa","2026-04-22T13:46:52.306299+00:00"
"Andalucía","01","2020-06-01","junio de 2020",8.82,"idealista_historico_ccaa","2026-04-22T13:46:52.306299+00:00"
"Andalucía","01","2020-05-01","mayo de 2020",8.72,"idealista_historico_ccaa","2026-04-22T13:46:52.306299+00:00"
"Andalucía","01","2020-04-01","abril de 2020",8.52,"idealista_historico_ccaa","2026-04-22T13:46:52.306299+00:00"
"Andalucía","01","2020-03-01","marzo de 2020",8.52,"idealista_historico_ccaa","2026-04-22T13:46:52.306299+00:00"
"Andalucía","01","2020-02-01","febrero de 2020",8.42,"idealista_historico_ccaa","2026-04-22T13:46:52.306299+00:00"
"Andalucía","01","2020-01-01","enero de 2020",8.42,"idealista_historico_ccaa","2026-04-22T13:46:52.306299+00:00"
"Andalucía","01","2019-12-01","diciembre de 2019",8.42,"idealista_historico_ccaa","2026-04-22T13:46:52.306299+00:00"
"Andalucía","01","2019-11-01","noviembre de 2019",8.32,"idealista_historico_ccaa","2026-04-22T13:46:52.306299+00:00"
"Andalucía","01","2019-10-01","octubre de 2019",8.22,"idealista_historico_ccaa","2026-04-22T13:46:52.306299+00:00"
"Andalucía","01","2019-09-01","septiembre de 2019",8.12,"idealista_historico_ccaa","2026-04-22T13:46:52.306299+00:00"
"Andalucía","01","2019-08-01","agosto de 2019",8.22,"idealista_historico_ccaa","2026-04-22T13:46:52.306299+00:00"
"Andalucía","01","2019-07-01","julio de 2019",8.22,"idealista_historico_ccaa","2026-04-22T13:46:52.306299+00:00"
"Andalucía","01","2019-06-01","junio de 2019",8.12,"idealista_historico_ccaa","2026-04-22T13:46:52.306299+00:00"
"Andalucía","01","2019-05-01","mayo de 2019",8.12,"idealista_historico_ccaa","2026-04-22T13:46:52.306299+00:00"
"Andalucía","01","2019-04-01","abril de 2019",8.02,"idealista_historico_ccaa","2026-04-22T13:46:52.306299+00:00"
"Andalucía","01","2019-03-01","marzo de 2019",7.92,"idealista_historico_ccaa","2026-04-22T13:46:52.306299+00:00"
"Andalucía","01","2019-02-01","febrero de 2019",7.92,"idealista_historico_ccaa","2026-04-22T13:46:52.306299+00:00"
"Andalucía","01","2019-01-01","enero de 2019",7.82,"idealista_historico_ccaa","2026-04-22T13:46:52.306299+00:00"
"Andalucía","01","2018-12-01","diciembre de 2018",7.82,"idealista_historico_ccaa","2026-04-22T13:46:52.306299+00:00"
"Andalucía","01","2018-11-01","noviembre de 2018",7.82,"idealista_historico_ccaa","2026-04-22T13:46:52.306299+00:00"
"Andalucía","01","2018-10-01","octubre de 2018",7.72,"idealista_historico_ccaa","2026-04-22T13:46:52.306299+00:00"
"Andalucía","01","2018-09-01","septiembre de 2018",7.62,"idealista_historico_ccaa","2026-04-22T13:46:52.306299+00:00"
"Andalucía","01","2018-08-01","agosto de 2018",7.72,"idealista_historico_ccaa","2026-04-22T13:46:52.306299+00:00"
"Andalucía","01","2018-07-01","julio de 2018",7.72,"idealista_historico_ccaa","2026-04-22T13:46:52.306299+00:00"
"Andalucía","01","2018-06-01","junio de 2018",7.62,"idealista_historico_ccaa","2026-04-22T13:46:52.306299+00:00"
"Andalucía","01","2018-05-01","mayo de 2018",7.52,"idealista_historico_ccaa","2026-04-22T13:46:52.306299+00:00"
"Andalucía","01","2018-04-01","abril de 2018",7.52,"idealista_historico_ccaa","2026-04-22T13:46:52.306299+00:00"
"Andalucía","01","2018-03-01","marzo de 2018",7.42,"idealista_historico_ccaa","2026-04-22T13:46:52.306299+00:00"
"Andalucía","01","2018-02-01","febrero de 2018",7.42,"idealista_historico_ccaa","2026-04-22T13:46:52.306299+00:00"
"Andalucía","01","2018-01-01","enero de 2018",7.32,"idealista_historico_ccaa","2026-04-22T13:46:52.306299+00:00"
"Andalucía","01","2017-12-01","diciembre de 2017",7.22,"idealista_historico_ccaa","2026-04-22T13:46:52.306299+00:00"
"Andalucía","01","2017-11-01","noviembre de 2017",7.12,"idealista_historico_ccaa","2026-04-22T13:46:52.306299+00:00"
"Andalucía","01","2017-10-01","octubre de 2017",7.02,"idealista_historico_ccaa","2026-04-22T13:46:52.306299+00:00"
"Andalucía","01","2017-09-01","septiembre de 2017",7.02,"idealista_historico_ccaa","2026-04-22T13:46:52.306299+00:00"
"Andalucía","01","2017-08-01","agosto de 2017",6.92,"idealista_historico_ccaa","2026-04-22T13:46:52.306299+00:00"
"Andalucía","01","2017-07-01","julio de 2017",6.92,"idealista_historico_ccaa","2026-04-22T13:46:52.306299+00:00"
"Andalucía","01","2017-06-01","junio de 2017",6.82,"idealista_historico_ccaa","2026-04-22T13:46:52.306299+00:00"
"Andalucía","01","2017-05-01","mayo de 2017",6.72,"idealista_historico_ccaa","2026-04-22T13:46:52.306299+00:00"
"Andalucía","01","2017-04-01","abril de 2017",6.72,"idealista_historico_ccaa","2026-04-22T13:46:52.306299+00:00"
"Andalucía","01","2017-03-01","marzo de 2017",6.62,"idealista_historico_ccaa","2026-04-22T13:46:52.306299+00:00"
"Andalucía","01","2017-02-01","febrero de 2017",6.62,"idealista_historico_ccaa","2026-04-22T13:46:52.306299+00:00"
"Andalucía","01","2017-01-01","enero de 2017",6.52,"idealista_historico_ccaa","2026-04-22T13:46:52.306299+00:00"
"Andalucía","01","2016-12-01","diciembre de 2016",6.52,"idealista_historico_ccaa","2026-04-22T13:46:52.306299+00:00"
"Andalucía","01","2016-11-01","noviembre de 2016",6.52,"idealista_historico_ccaa","2026-04-22T13:46:52.306299+00:00"
"Andalucía","01","2016-10-01","octubre de 2016",6.52,"idealista_historico_ccaa","2026-04-22T13:46:52.306299+00:00"
"Andalucía","01","2016-09-01","septiembre de 2016",6.52,"idealista_historico_ccaa","2026-04-22T13:46:52.306299+00:00"
"Andalucía","01","2016-08-01","agosto de 2016",6.52,"idealista_historico_ccaa","2026-04-22T13:46:52.306299+00:00"
"Andalucía","01","2016-07-01","julio de 2016",6.52,"idealista_historico_ccaa","2026-04-22T13:46:52.306299+00:00"
"Andalucía","01","2016-06-01","junio de 2016",6.52,"idealista_historico_ccaa","2026-04-22T13:46:52.306299+00:00"
"Andalucía","01","2016-05-01","mayo de 2016",6.42,"idealista_historico_ccaa","2026-04-22T13:46:52.306299+00:00"
"Andalucía","01","2016-04-01","abril de 2016",6.32,"idealista_historico_ccaa","2026-04-22T13:46:52.306299+00:00"
"Andalucía","01","2016-03-01","marzo de 2016",6.32,"idealista_historico_ccaa","2026-04-22T13:46:52.306299+00:00"
"Andalucía","01","2016-02-01","febrero de 2016",6.32,"idealista_historico_ccaa","2026-04-22T13:46:52.306299+00:00"
"Andalucía","01","2016-01-01","enero de 2016",6.22,"idealista_historico_ccaa","2026-04-22T13:46:52.306299+00:00"
"Andalucía","01","2015-12-01","diciembre de 2015",6.22,"idealista_historico_ccaa","2026-04-22T13:46:52.306299+00:00"
"Andalucía","01","2015-11-01","noviembre de 2015",6.22,"idealista_historico_ccaa","2026-04-22T13:46:52.306299+00:00"
"Andalucía","01","2015-10-01","octubre de 2015",6.22,"idealista_historico_ccaa","2026-04-22T13:46:52.306299+00:00"
"Andalucía","01","2015-09-01","septiembre de 2015",6.22,"idealista_historico_ccaa","2026-04-22T13:46:52.306299+00:00"
"Andalucía","01","2015-08-01","agosto de 2015",6.22,"idealista_historico_ccaa","2026-04-22T13:46:52.306299+00:00"
"Andalucía","01","2015-07-01","julio de 2015",6.22,"idealista_historico_ccaa","2026-04-22T13:46:52.306299+00:00"
"Andalucía","01","2015-06-01","junio de 2015",6.12,"idealista_historico_ccaa","2026-04-22T13:46:52.306299+00:00"
"Andalucía","01","2015-05-01","mayo de 2015",6.12,"idealista_historico_ccaa","2026-04-22T13:46:52.306299+00:00"
"Andalucía","01","2015-04-01","abril de 2015",6.12,"idealista_historico_ccaa","2026-04-22T13:46:52.306299+00:00"
"Andalucía","01","2015-03-01","marzo de 2015",6.02,"idealista_historico_ccaa","2026-04-22T13:46:52.306299+00:00"
"Andalucía","01","2015-02-01","febrero de 2015",6.02,"idealista_historico_ccaa","2026-04-22T13:46:52.306299+00:00"
"Andalucía","01","2015-01-01","enero de 2015",6.02,"idealista_historico_ccaa","2026-04-22T13:46:52.306299+00:00"
"Andalucía","01","2014-12-01","diciembre de 2014",6.02,"idealista_historico_ccaa","2026-04-22T13:46:52.306299+00:00"
"Andalucía","01","2014-11-01","noviembre de 2014",6.02,"idealista_historico_ccaa","2026-04-22T13:46:52.306299+00:00"
"Andalucía","01","2014-10-01","octubre de 2014",6.02,"idealista_historico_ccaa","2026-04-22T13:46:52.306299+00:00"
"Andalucía","01","2014-09-01","septiembre de 2014",6.02,"idealista_historico_ccaa","2026-04-22T13:46:52.306299+00:00"
"Andalucía","01","2014-08-01","agosto de 2014",6.02,"idealista_historico_ccaa","2026-04-22T13:46:52.306299+00:00"
"Andalucía","01","2014-07-01","julio de 2014",6.02,"idealista_historico_ccaa","2026-04-22T13:46:52.306299+00:00"
"Andalucía","01","2014-06-01","junio de 2014",5.92,"idealista_historico_ccaa","2026-04-22T13:46:52.306299+00:00"
"Andalucía","01","2014-05-01","mayo de 2014",5.92,"idealista_historico_ccaa","2026-04-22T13:46:52.306299+00:00"
"Andalucía","01","2014-04-01","abril de 2014",5.92,"idealista_historico_ccaa","2026-04-22T13:46:52.306299+00:00"
"Andalucía","01","2014-03-01","marzo de 2014",5.92,"idealista_historico_ccaa","2026-04-22T13:46:52.306299+00:00"
"Andalucía","01","2014-02-01","febrero de 2014",5.92,"idealista_historico_ccaa","2026-04-22T13:46:52.306299+00:00"
"Andalucía","01","2014-01-01","enero de 2014",5.92,"idealista_historico_ccaa","2026-04-22T13:46:52.306299+00:00"
"Andalucía","01","2013-12-01","diciembre de 2013",6.02,"idealista_historico_ccaa","2026-04-22T13:46:52.306299+00:00"
"Andalucía","01","2013-11-01","noviembre de 2013",6.02,"idealista_historico_ccaa","2026-04-22T13:46:52.306299+00:00"
"Andalucía","01","2013-10-01","octubre de 2013",6.02,"idealista_historico_ccaa","2026-04-22T13:46:52.306299+00:00"
"Andalucía","01","2013-09-01","septiembre de 2013",6.02,"idealista_historico_ccaa","2026-04-22T13:46:52.306299+00:00"
"Andalucía","01","2013-08-01","agosto de 2013",6.02,"idealista_historico_ccaa","2026-04-22T13:46:52.306299+00:00"
"Andalucía","01","2013-07-01","julio de 2013",6.12,"idealista_historico_ccaa","2026-04-22T13:46:52.306299+00:00"
"Andalucía","01","2013-06-01","junio de 2013",6.02,"idealista_historico_ccaa","2026-04-22T13:46:52.306299+00:00"
"Andalucía","01","2013-05-01","mayo de 2013",6.02,"idealista_historico_ccaa","2026-04-22T13:46:52.306299+00:00"
"Andalucía","01","2013-04-01","abril de 2013",6.02,"idealista_historico_ccaa","2026-04-22T13:46:52.306299+00:00"
"Andalucía","01","2013-03-01","marzo de 2013",6.12,"idealista_historico_ccaa","2026-04-22T13:46:52.306299+00:00"
"Andalucía","01","2013-02-01","febrero de 2013",6.12,"idealista_historico_ccaa","2026-04-22T13:46:52.306299+00:00"
"Andalucía","01","2013-01-01","enero de 2013",6.22,"idealista_historico_ccaa","2026-04-22T13:46:52.306299+00:00"
"Andalucía","01","2012-12-01","diciembre de 2012",6.32,"idealista_historico_ccaa","2026-04-22T13:46:52.306299+00:00"
"Andalucía","01","2012-11-01","noviembre de 2012",6.32,"idealista_historico_ccaa","2026-04-22T13:46:52.306299+00:00"
"Andalucía","01","2012-10-01","octubre de 2012",6.32,"idealista_historico_ccaa","2026-04-22T13:46:52.306299+00:00"
"Andalucía","01","2012-09-01","septiembre de 2012",6.42,"idealista_historico_ccaa","2026-04-22T13:46:52.306299+00:00"
"Andalucía","01","2012-08-01","agosto de 2012",6.42,"idealista_historico_ccaa","2026-04-22T13:46:52.306299+00:00"
"Andalucía","01","2012-07-01","julio de 2012",6.52,"idealista_historico_ccaa","2026-04-22T13:46:52.306299+00:00"
"Andalucía","01","2012-06-01","junio de 2012",6.52,"idealista_historico_ccaa","2026-04-22T13:46:52.306299+00:00"
"Andalucía","01","2012-05-01","mayo de 2012",6.52,"idealista_historico_ccaa","2026-04-22T13:46:52.306299+00:00"
"Andalucía","01","2012-04-01","abril de 2012",6.52,"idealista_historico_ccaa","2026-04-22T13:46:52.306299+00:00"
"Andalucía","01","2012-03-01","marzo de 2012",6.52,"idealista_historico_ccaa","2026-04-22T13:46:52.306299+00:00"
"Andalucía","01","2012-02-01","febrero de 2012",6.52,"idealista_historico_ccaa","2026-04-22T13:46:52.306299+00:00"
"Andalucía","01","2012-01-01","enero de 2012",6.52,"idealista_historico_ccaa","2026-04-22T13:46:52.306299+00:00"
"Andalucía","01","2011-12-01","diciembre de 2011",6.62,"idealista_historico_ccaa","2026-04-22T13:46:52.306299+00:00"
"Andalucía","01","2011-11-01","noviembre de 2011",6.72,"idealista_historico_ccaa","2026-04-22T13:46:52.306299+00:00"
"Andalucía","01","2011-10-01","octubre de 2011",6.72,"idealista_historico_ccaa","2026-04-22T13:46:52.306299+00:00"
"Andalucía","01","2011-09-01","septiembre de 2011",6.72,"idealista_historico_ccaa","2026-04-22T13:46:52.306299+00:00"
"Andalucía","01","2011-08-01","agosto de 2011",6.82,"idealista_historico_ccaa","2026-04-22T13:46:52.306299+00:00"
"Andalucía","01","2011-07-01","julio de 2011",6.82,"idealista_historico_ccaa","2026-04-22T13:46:52.306299+00:00"
"Andalucía","01","2011-06-01","junio de 2011",6.82,"idealista_historico_ccaa","2026-04-22T13:46:52.306299+00:00"
"Andalucía","01","2011-05-01","mayo de 2011",6.72,"idealista_historico_ccaa","2026-04-22T13:46:52.306299+00:00"
"Andalucía","01","2011-04-01","abril de 2011",6.72,"idealista_historico_ccaa","2026-04-22T13:46:52.306299+00:00"
"Andalucía","01","2011-03-01","marzo de 2011",6.72,"idealista_historico_ccaa","2026-04-22T13:46:52.306299+00:00"
"Andalucía","01","2011-02-01","febrero de 2011",6.72,"idealista_historico_ccaa","2026-04-22T13:46:52.306299+00:00"
"Andalucía","01","2011-01-01","enero de 2011",6.72,"idealista_historico_ccaa","2026-04-22T13:46:52.306299+00:00"
"Andalucía","01","2010-12-01","diciembre de 2010",6.72,"idealista_historico_ccaa","2026-04-22T13:46:52.306299+00:00"
"Andalucía","01","2010-11-01","noviembre de 2010",6.72,"idealista_historico_ccaa","2026-04-22T13:46:52.306299+00:00"
"Andalucía","01","2010-10-01","octubre de 2010",6.72,"idealista_historico_ccaa","2026-04-22T13:46:52.306299+00:00"
"Andalucía","01","2010-09-01","septiembre de 2010",6.82,"idealista_historico_ccaa","2026-04-22T13:46:52.306299+00:00"
"Andalucía","01","2010-08-01","agosto de 2010",6.92,"idealista_historico_ccaa","2026-04-22T13:46:52.306299+00:00"
"Andalucía","01","2010-07-01","julio de 2010",6.92,"idealista_historico_ccaa","2026-04-22T13:46:52.306299+00:00"
"Andalucía","01","2010-06-01","junio de 2010",6.92,"idealista_historico_ccaa","2026-04-22T13:46:52.306299+00:00"
"Andalucía","01","2010-05-01","mayo de 2010",6.92,"idealista_historico_ccaa","2026-04-22T13:46:52.306299+00:00"
"Andalucía","01","2010-04-01","abril de 2010",6.92,"idealista_historico_ccaa","2026-04-22T13:46:52.306299+00:00"
"Andalucía","01","2010-03-01","marzo de 2010",6.92,"idealista_historico_ccaa","2026-04-22T13:46:52.306299+00:00"
"Andalucía","01","2010-02-01","febrero de 2010",6.92,"idealista_historico_ccaa","2026-04-22T13:46:52.306299+00:00"
"Andalucía","01","2010-01-01","enero de 2010",7.02,"idealista_historico_ccaa","2026-04-22T13:46:52.306299+00:00"
"Andalucía","01","2009-12-01","diciembre de 2009",7.02,"idealista_historico_ccaa","2026-04-22T13:46:52.306299+00:00"
"Andalucía","01","2009-11-01","noviembre de 2009",7.02,"idealista_historico_ccaa","2026-04-22T13:46:52.306299+00:00"
"Andalucía","01","2009-10-01","octubre de 2009",7.12,"idealista_historico_ccaa","2026-04-22T13:46:52.306299+00:00"
"Andalucía","01","2009-09-01","septiembre de 2009",7.22,"idealista_historico_ccaa","2026-04-22T13:46:52.306299+00:00"
"Andalucía","01","2009-08-01","agosto de 2009",7.22,"idealista_historico_ccaa","2026-04-22T13:46:52.306299+00:00"
"Andalucía","01","2009-07-01","julio de 2009",7.32,"idealista_historico_ccaa","2026-04-22T13:46:52.306299+00:00"
"Andalucía","01","2009-06-01","junio de 2009",7.42,"idealista_historico_ccaa","2026-04-22T13:46:52.306299+00:00"
"Andalucía","01","2009-05-01","mayo de 2009",7.42,"idealista_historico_ccaa","2026-04-22T13:46:52.306299+00:00"
"Andalucía","01","2009-04-01","abril de 2009",7.42,"idealista_historico_ccaa","2026-04-22T13:46:52.306299+00:00"
"Andalucía","01","2009-03-01","marzo de 2009",7.42,"idealista_historico_ccaa","2026-04-22T13:46:52.306299+00:00"
"Andalucía","01","2009-02-01","febrero de 2009",7.42,"idealista_historico_ccaa","2026-04-22T13:46:52.306299+00:00"
"Andalucía","01","2009-01-01","enero de 2009",7.42,"idealista_historico_ccaa","2026-04-22T13:46:52.306299+00:00"
"Andalucía","01","2008-12-01","diciembre de 2008",7.42,"idealista_historico_ccaa","2026-04-22T13:46:52.306299+00:00"
"Andalucía","01","2008-11-01","noviembre de 2008",7.62,"idealista_historico_ccaa","2026-04-22T13:46:52.306299+00:00"
"Andalucía","01","2008-10-01","octubre de 2008",7.72,"idealista_historico_ccaa","2026-04-22T13:46:52.306299+00:00"
"Andalucía","01","2008-09-01","septiembre de 2008",7.92,"idealista_historico_ccaa","2026-04-22T13:46:52.306299+00:00"
"Andalucía","01","2008-08-01","agosto de 2008",8.02,"idealista_historico_ccaa","2026-04-22T13:46:52.306299+00:00"
"Andalucía","01","2008-07-01","julio de 2008",8.12,"idealista_historico_ccaa","2026-04-22T13:46:52.306299+00:00"
"Andalucía","01","2008-06-01","junio de 2008",8.22,"idealista_historico_ccaa","2026-04-22T13:46:52.306299+00:00"
"Andalucía","01","2008-05-01","mayo de 2008",8.22,"idealista_historico_ccaa","2026-04-22T13:46:52.306299+00:00"
"Andalucía","01","2008-04-01","abril de 2008",8.22,"idealista_historico_ccaa","2026-04-22T13:46:52.306299+00:00"
"Andalucía","01","2008-03-01","marzo de 2008",8.22,"idealista_historico_ccaa","2026-04-22T13:46:52.306299+00:00"
"Andalucía","01","2008-02-01","febrero de 2008",8.22,"idealista_historico_ccaa","2026-04-22T13:46:52.306299+00:00"
"Andalucía","01","2008-01-01","enero de 2008",8.22,"idealista_historico_ccaa","2026-04-22T13:46:52.306299+00:00"
"Andalucía","01","2007-12-01","diciembre de 2007",8.02,"idealista_historico_ccaa","2026-04-22T13:46:52.306299+00:00"
"Andalucía","01","2007-11-01","noviembre de 2007",8.12,"idealista_historico_ccaa","2026-04-22T13:46:52.306299+00:00"
"Andalucía","01","2007-10-01","octubre de 2007",8.32,"idealista_historico_ccaa","2026-04-22T13:46:52.306299+00:00"
"Andalucía","01","2007-09-01","septiembre de 2007",8.62,"idealista_historico_ccaa","2026-04-22T13:46:52.306299+00:00"
"Andalucía","01","2007-08-01","agosto de 2007",8.72,"idealista_historico_ccaa","2026-04-22T13:46:52.306299+00:00"
"Andalucía","01","2007-07-01","julio de 2007",8.92,"idealista_historico_ccaa","2026-04-22T13:46:52.306299+00:00"
"Andalucía","01","2007-06-01","junio de 2007",8.92,"idealista_historico_ccaa","2026-04-22T13:46:52.306299+00:00"
"Andalucía","01","2007-05-01","mayo de 2007",8.82,"idealista_historico_ccaa","2026-04-22T13:46:52.306299+00:00"
"Andalucía","01","2007-04-01","abril de 2007",8.92,"idealista_historico_ccaa","2026-04-22T13:46:52.306299+00:00"
"Andalucía","01","2007-03-01","marzo de 2007",8.82,"idealista_historico_ccaa","2026-04-22T13:46:52.306299+00:00"
"Andalucía","01","2007-02-01","febrero de 2007",8.52,"idealista_historico_ccaa","2026-04-22T13:46:52.306299+00:00"
"Andalucía","01","2007-01-01","enero de 2007",8.92,"idealista_historico_ccaa","2026-04-22T13:46:52.306299+00:00"
"Andalucía","01","2006-12-01","diciembre de 2006",8.92,"idealista_historico_ccaa","2026-04-22T13:46:52.306299+00:00"
"Andalucía","01","2006-11-01","noviembre de 2006",8.82,"idealista_historico_ccaa","2026-04-22T13:46:52.306299+00:00"
"Andalucía","01","2006-10-01","octubre de 2006",9.22,"idealista_historico_ccaa","2026-04-22T13:46:52.306299+00:00"
"Andalucía","01","2006-09-01","septiembre de 2006",9.62,"idealista_historico_ccaa","2026-04-22T13:46:52.306299+00:00"
"Andalucía","01","2006-08-01","agosto de 2006",9.52,"idealista_historico_ccaa","2026-04-22T13:46:52.306299+00:00"
"Andalucía","01","2006-07-01","julio de 2006",9.72,"idealista_historico_ccaa","2026-04-22T13:46:52.306299+00:00"
"Andalucía","01","2006-06-01","junio de 2006",9.92,"idealista_historico_ccaa","2026-04-22T13:46:52.306299+00:00"
"Andalucía","01","2006-05-01","mayo de 2006",9.62,"idealista_historico_ccaa","2026-04-22T13:46:52.306299+00:00"
"Andalucía","01","2006-04-01","abril de 2006",9.92,"idealista_historico_ccaa","2026-04-22T13:46:52.306299+00:00"
"Andalucía","01","2006-03-01","marzo de 2006",10.02,"idealista_historico_ccaa","2026-04-22T13:46:52.306299+00:00"
"Andalucía","01","2006-02-01","febrero de 2006",10.02,"idealista_historico_ccaa","2026-04-22T13:46:52.306299+00:00"
"Andalucía","01","2006-01-01","enero de 2006",10.12,"idealista_historico_ccaa","2026-04-22T13:46:52.306299+00:00"
"Baleares","04","2026-03-01","marzo de 2026",19.72,"idealista_historico_ccaa","2026-04-22T13:48:15.40534+00:00"
"Baleares","04","2026-02-01","febrero de 2026",19.52,"idealista_historico_ccaa","2026-04-22T13:48:15.40534+00:00"
"Baleares","04","2026-01-01","enero de 2026",19.12,"idealista_historico_ccaa","2026-04-22T13:48:15.40534+00:00"
"Baleares","04","2025-12-01","diciembre de 2025",19.12,"idealista_historico_ccaa","2026-04-22T13:48:15.40534+00:00"
"Baleares","04","2025-11-01","noviembre de 2025",19.12,"idealista_historico_ccaa","2026-04-22T13:48:15.40534+00:00"
"Baleares","04","2025-10-01","octubre de 2025",19.12,"idealista_historico_ccaa","2026-04-22T13:48:15.40534+00:00"
"Baleares","04","2025-09-01","septiembre de 2025",19.22,"idealista_historico_ccaa","2026-04-22T13:48:15.40534+00:00"
"Baleares","04","2025-08-01","agosto de 2025",19.42,"idealista_historico_ccaa","2026-04-22T13:48:15.40534+00:00"
"Baleares","04","2025-07-01","julio de 2025",19.72,"idealista_historico_ccaa","2026-04-22T13:48:15.40534+00:00"
"Baleares","04","2025-06-01","junio de 2025",20.22,"idealista_historico_ccaa","2026-04-22T13:48:15.40534+00:00"
"Baleares","04","2025-05-01","mayo de 2025",19.72,"idealista_historico_ccaa","2026-04-22T13:48:15.40534+00:00"
"Baleares","04","2025-04-01","abril de 2025",19.12,"idealista_historico_ccaa","2026-04-22T13:48:15.40534+00:00"
"Baleares","04","2025-03-01","marzo de 2025",18.52,"idealista_historico_ccaa","2026-04-22T13:48:15.40534+00:00"
"Baleares","04","2025-02-01","febrero de 2025",18.12,"idealista_historico_ccaa","2026-04-22T13:48:15.40534+00:00"
"Baleares","04","2025-01-01","enero de 2025",17.92,"idealista_historico_ccaa","2026-04-22T13:48:15.40534+00:00"
"Baleares","04","2024-12-01","diciembre de 2024",17.62,"idealista_historico_ccaa","2026-04-22T13:48:15.40534+00:00"
"Baleares","04","2024-11-01","noviembre de 2024",17.52,"idealista_historico_ccaa","2026-04-22T13:48:15.40534+00:00"
"Baleares","04","2024-10-01","octubre de 2024",17.62,"idealista_historico_ccaa","2026-04-22T13:48:15.40534+00:00"
"Baleares","04","2024-09-01","septiembre de 2024",18.02,"idealista_historico_ccaa","2026-04-22T13:48:15.40534+00:00"
"Baleares","04","2024-08-01","agosto de 2024",18.52,"idealista_historico_ccaa","2026-04-22T13:48:15.40534+00:00"
"Baleares","04","2024-07-01","julio de 2024",18.92,"idealista_historico_ccaa","2026-04-22T13:48:15.40534+00:00"
"Baleares","04","2024-06-01","junio de 2024",19.92,"idealista_historico_ccaa","2026-04-22T13:48:15.40534+00:00"
"Baleares","04","2024-05-01","mayo de 2024",19.12,"idealista_historico_ccaa","2026-04-22T13:48:15.40534+00:00"
"Baleares","04","2024-04-01","abril de 2024",17.82,"idealista_historico_ccaa","2026-04-22T13:48:15.40534+00:00"
"Baleares","04","2024-03-01","marzo de 2024",16.72,"idealista_historico_ccaa","2026-04-22T13:48:15.40534+00:00"
"Baleares","04","2024-02-01","febrero de 2024",16.52,"idealista_historico_ccaa","2026-04-22T13:48:15.40534+00:00"
"Baleares","04","2024-01-01","enero de 2024",16.22,"idealista_historico_ccaa","2026-04-22T13:48:15.40534+00:00"
"Baleares","04","2023-12-01","diciembre de 2023",16.12,"idealista_historico_ccaa","2026-04-22T13:48:15.40534+00:00"
"Baleares","04","2023-11-01","noviembre de 2023",16.02,"idealista_historico_ccaa","2026-04-22T13:48:15.40534+00:00"
"Baleares","04","2023-10-01","octubre de 2023",16.12,"idealista_historico_ccaa","2026-04-22T13:48:15.40534+00:00"
"Baleares","04","2023-09-01","septiembre de 2023",16.22,"idealista_historico_ccaa","2026-04-22T13:48:15.40534+00:00"
"Baleares","04","2023-08-01","agosto de 2023",16.52,"idealista_historico_ccaa","2026-04-22T13:48:15.40534+00:00"
"Baleares","04","2023-07-01","julio de 2023",16.52,"idealista_historico_ccaa","2026-04-22T13:48:15.40534+00:00"
"Baleares","04","2023-06-01","junio de 2023",16.42,"idealista_historico_ccaa","2026-04-22T13:48:15.40534+00:00"
"Baleares","04","2023-05-01","mayo de 2023",15.72,"idealista_historico_ccaa","2026-04-22T13:48:15.40534+00:00"
"Baleares","04","2023-04-01","abril de 2023",15.22,"idealista_historico_ccaa","2026-04-22T13:48:15.40534+00:00"
"Baleares","04","2023-03-01","marzo de 2023",14.52,"idealista_historico_ccaa","2026-04-22T13:48:15.40534+00:00"
"Baleares","04","2023-02-01","febrero de 2023",14.02,"idealista_historico_ccaa","2026-04-22T13:48:15.40534+00:00"
"Baleares","04","2023-01-01","enero de 2023",13.82,"idealista_historico_ccaa","2026-04-22T13:48:15.40534+00:00"
"Baleares","04","2022-12-01","diciembre de 2022",13.62,"idealista_historico_ccaa","2026-04-22T13:48:15.40534+00:00"
"Baleares","04","2022-11-01","noviembre de 2022",13.52,"idealista_historico_ccaa","2026-04-22T13:48:15.40534+00:00"
"Baleares","04","2022-10-01","octubre de 2022",13.32,"idealista_historico_ccaa","2026-04-22T13:48:15.40534+00:00"
"Baleares","04","2022-09-01","septiembre de 2022",13.22,"idealista_historico_ccaa","2026-04-22T13:48:15.40534+00:00"
"Baleares","04","2022-08-01","agosto de 2022",13.42,"idealista_historico_ccaa","2026-04-22T13:48:15.40534+00:00"
"Baleares","04","2022-07-01","julio de 2022",13.32,"idealista_historico_ccaa","2026-04-22T13:48:15.40534+00:00"
"Baleares","04","2022-06-01","junio de 2022",12.92,"idealista_historico_ccaa","2026-04-22T13:48:15.40534+00:00"
"Baleares","04","2022-05-01","mayo de 2022",12.72,"idealista_historico_ccaa","2026-04-22T13:48:15.40534+00:00"
"Baleares","04","2022-04-01","abril de 2022",12.42,"idealista_historico_ccaa","2026-04-22T13:48:15.40534+00:00"
"Baleares","04","2022-03-01","marzo de 2022",12.12,"idealista_historico_ccaa","2026-04-22T13:48:15.40534+00:00"
"Baleares","04","2022-02-01","febrero de 2022",12.02,"idealista_historico_ccaa","2026-04-22T13:48:15.40534+00:00"
"Baleares","04","2022-01-01","enero de 2022",11.92,"idealista_historico_ccaa","2026-04-22T13:48:15.40534+00:00"
"Baleares","04","2021-12-01","diciembre de 2021",12.02,"idealista_historico_ccaa","2026-04-22T13:48:15.40534+00:00"
"Baleares","04","2021-11-01","noviembre de 2021",11.92,"idealista_historico_ccaa","2026-04-22T13:48:15.40534+00:00"
"Baleares","04","2021-10-01","octubre de 2021",11.72,"idealista_historico_ccaa","2026-04-22T13:48:15.40534+00:00"
"Baleares","04","2021-09-01","septiembre de 2021",11.52,"idealista_historico_ccaa","2026-04-22T13:48:15.40534+00:00"
"Baleares","04","2021-08-01","agosto de 2021",11.52,"idealista_historico_ccaa","2026-04-22T13:48:15.40534+00:00"
"Baleares","04","2021-07-01","julio de 2021",11.52,"idealista_historico_ccaa","2026-04-22T13:48:15.40534+00:00"
"Baleares","04","2021-06-01","junio de 2021",11.42,"idealista_historico_ccaa","2026-04-22T13:48:15.40534+00:00"
"Baleares","04","2021-05-01","mayo de 2021",11.32,"idealista_historico_ccaa","2026-04-22T13:48:15.40534+00:00"
"Baleares","04","2021-04-01","abril de 2021",11.32,"idealista_historico_ccaa","2026-04-22T13:48:15.40534+00:00"
"Baleares","04","2021-03-01","marzo de 2021",11.22,"idealista_historico_ccaa","2026-04-22T13:48:15.40534+00:00"
"Baleares","04","2021-02-01","febrero de 2021",11.32,"idealista_historico_ccaa","2026-04-22T13:48:15.40534+00:00"
"Baleares","04","2021-01-01","enero de 2021",11.32,"idealista_historico_ccaa","2026-04-22T13:48:15.40534+00:00"
"Baleares","04","2020-12-01","diciembre de 2020",11.52,"idealista_historico_ccaa","2026-04-22T13:48:15.40534+00:00"
"Baleares","04","2020-11-01","noviembre de 2020",11.72,"idealista_historico_ccaa","2026-04-22T13:48:15.40534+00:00"
"Baleares","04","2020-10-01","octubre de 2020",11.82,"idealista_historico_ccaa","2026-04-22T13:48:15.40534+00:00"
"Baleares","04","2020-09-01","septiembre de 2020",11.92,"idealista_historico_ccaa","2026-04-22T13:48:15.40534+00:00"
"Baleares","04","2020-08-01","agosto de 2020",12.12,"idealista_historico_ccaa","2026-04-22T13:48:15.40534+00:00"
"Baleares","04","2020-07-01","julio de 2020",12.32,"idealista_historico_ccaa","2026-04-22T13:48:15.40534+00:00"
"Baleares","04","2020-06-01","junio de 2020",12.52,"idealista_historico_ccaa","2026-04-22T13:48:15.40534+00:00"
"Baleares","04","2020-05-01","mayo de 2020",12.92,"idealista_historico_ccaa","2026-04-22T13:48:15.40534+00:00"
"Baleares","04","2020-04-01","abril de 2020",12.92,"idealista_historico_ccaa","2026-04-22T13:48:15.40534+00:00"
"Baleares","04","2020-03-01","marzo de 2020",12.62,"idealista_historico_ccaa","2026-04-22T13:48:15.40534+00:00"
"Baleares","04","2020-02-01","febrero de 2020",12.32,"idealista_historico_ccaa","2026-04-22T13:48:15.40534+00:00"
"Baleares","04","2020-01-01","enero de 2020",12.32,"idealista_historico_ccaa","2026-04-22T13:48:15.40534+00:00"
"Baleares","04","2019-12-01","diciembre de 2019",12.42,"idealista_historico_ccaa","2026-04-22T13:48:15.40534+00:00"
"Baleares","04","2019-11-01","noviembre de 2019",12.32,"idealista_historico_ccaa","2026-04-22T13:48:15.40534+00:00"
"Baleares","04","2019-10-01","octubre de 2019",12.22,"idealista_historico_ccaa","2026-04-22T13:48:15.40534+00:00"
"Baleares","04","2019-09-01","septiembre de 2019",12.22,"idealista_historico_ccaa","2026-04-22T13:48:15.40534+00:00"
"Baleares","04","2019-08-01","agosto de 2019",12.42,"idealista_historico_ccaa","2026-04-22T13:48:15.40534+00:00"
"Baleares","04","2019-07-01","julio de 2019",12.82,"idealista_historico_ccaa","2026-04-22T13:48:15.40534+00:00"
"Baleares","04","2019-06-01","junio de 2019",12.92,"idealista_historico_ccaa","2026-04-22T13:48:15.40534+00:00"
"Baleares","04","2019-05-01","mayo de 2019",12.82,"idealista_historico_ccaa","2026-04-22T13:48:15.40534+00:00"
"Baleares","04","2019-04-01","abril de 2019",12.32,"idealista_historico_ccaa","2026-04-22T13:48:15.40534+00:00"
"Baleares","04","2019-03-01","marzo de 2019",12.22,"idealista_historico_ccaa","2026-04-22T13:48:15.40534+00:00"
"Baleares","04","2019-02-01","febrero de 2019",12.12,"idealista_historico_ccaa","2026-04-22T13:48:15.40534+00:00"
"Baleares","04","2019-01-01","enero de 2019",12.22,"idealista_historico_ccaa","2026-04-22T13:48:15.40534+00:00"
"Baleares","04","2018-12-01","diciembre de 2018",12.22,"idealista_historico_ccaa","2026-04-22T13:48:15.40534+00:00"
"Baleares","04","2018-11-01","noviembre de 2018",12.22,"idealista_historico_ccaa","2026-04-22T13:48:15.40534+00:00"
"Baleares","04","2018-10-01","octubre de 2018",12.12,"idealista_historico_ccaa","2026-04-22T13:48:15.40534+00:00"
"Baleares","04","2018-09-01","septiembre de 2018",12.12,"idealista_historico_ccaa","2026-04-22T13:48:15.40534+00:00"
"Baleares","04","2018-08-01","agosto de 2018",12.42,"idealista_historico_ccaa","2026-04-22T13:48:15.40534+00:00"
"Baleares","04","2018-07-01","julio de 2018",13.02,"idealista_historico_ccaa","2026-04-22T13:48:15.40534+00:00"
"Baleares","04","2018-06-01","junio de 2018",13.32,"idealista_historico_ccaa","2026-04-22T13:48:15.40534+00:00"
"Baleares","04","2018-05-01","mayo de 2018",13.22,"idealista_historico_ccaa","2026-04-22T13:48:15.40534+00:00"
"Baleares","04","2018-04-01","abril de 2018",12.72,"idealista_historico_ccaa","2026-04-22T13:48:15.40534+00:00"
"Baleares","04","2018-03-01","marzo de 2018",12.22,"idealista_historico_ccaa","2026-04-22T13:48:15.40534+00:00"
"Baleares","04","2018-02-01","febrero de 2018",11.92,"idealista_historico_ccaa","2026-04-22T13:48:15.40534+00:00"
"Baleares","04","2018-01-01","enero de 2018",11.82,"idealista_historico_ccaa","2026-04-22T13:48:15.40534+00:00"
"Baleares","04","2017-12-01","diciembre de 2017",11.82,"idealista_historico_ccaa","2026-04-22T13:48:15.40534+00:00"
"Baleares","04","2017-11-01","noviembre de 2017",11.72,"idealista_historico_ccaa","2026-04-22T13:48:15.40534+00:00"
"Baleares","04","2017-10-01","octubre de 2017",11.82,"idealista_historico_ccaa","2026-04-22T13:48:15.40534+00:00"
"Baleares","04","2017-09-01","septiembre de 2017",12.12,"idealista_historico_ccaa","2026-04-22T13:48:15.40534+00:00"
"Baleares","04","2017-08-01","agosto de 2017",12.52,"idealista_historico_ccaa","2026-04-22T13:48:15.40534+00:00"
"Baleares","04","2017-07-01","julio de 2017",13.12,"idealista_historico_ccaa","2026-04-22T13:48:15.40534+00:00"
"Baleares","04","2017-06-01","junio de 2017",13.32,"idealista_historico_ccaa","2026-04-22T13:48:15.40534+00:00"
"Baleares","04","2017-05-01","mayo de 2017",12.82,"idealista_historico_ccaa","2026-04-22T13:48:15.40534+00:00"
"Baleares","04","2017-04-01","abril de 2017",12.12,"idealista_historico_ccaa","2026-04-22T13:48:15.40534+00:00"
"Baleares","04","2017-03-01","marzo de 2017",11.22,"idealista_historico_ccaa","2026-04-22T13:48:15.40534+00:00"
"Baleares","04","2017-02-01","febrero de 2017",10.82,"idealista_historico_ccaa","2026-04-22T13:48:15.40534+00:00"
"Baleares","04","2017-01-01","enero de 2017",10.42,"idealista_historico_ccaa","2026-04-22T13:48:15.40534+00:00"
"Baleares","04","2016-12-01","diciembre de 2016",10.22,"idealista_historico_ccaa","2026-04-22T13:48:15.40534+00:00"
"Baleares","04","2016-11-01","noviembre de 2016",9.92,"idealista_historico_ccaa","2026-04-22T13:48:15.40534+00:00"
"Baleares","04","2016-10-01","octubre de 2016",10.02,"idealista_historico_ccaa","2026-04-22T13:48:15.40534+00:00"
"Baleares","04","2016-09-01","septiembre de 2016",10.22,"idealista_historico_ccaa","2026-04-22T13:48:15.40534+00:00"
"Baleares","04","2016-08-01","agosto de 2016",10.72,"idealista_historico_ccaa","2026-04-22T13:48:15.40534+00:00"
"Baleares","04","2016-07-01","julio de 2016",10.92,"idealista_historico_ccaa","2026-04-22T13:48:15.40534+00:00"
"Baleares","04","2016-06-01","junio de 2016",10.92,"idealista_historico_ccaa","2026-04-22T13:48:15.40534+00:00"
"Baleares","04","2016-05-01","mayo de 2016",10.42,"idealista_historico_ccaa","2026-04-22T13:48:15.40534+00:00"
"Baleares","04","2016-04-01","abril de 2016",9.82,"idealista_historico_ccaa","2026-04-22T13:48:15.40534+00:00"
"Baleares","04","2016-03-01","marzo de 2016",9.12,"idealista_historico_ccaa","2026-04-22T13:48:15.40534+00:00"
"Baleares","04","2016-02-01","febrero de 2016",8.82,"idealista_historico_ccaa","2026-04-22T13:48:15.40534+00:00"
"Baleares","04","2016-01-01","enero de 2016",8.42,"idealista_historico_ccaa","2026-04-22T13:48:15.40534+00:00"
"Baleares","04","2015-12-01","diciembre de 2015",8.22,"idealista_historico_ccaa","2026-04-22T13:48:15.40534+00:00"
"Baleares","04","2015-11-01","noviembre de 2015",8.32,"idealista_historico_ccaa","2026-04-22T13:48:15.40534+00:00"
"Baleares","04","2015-10-01","octubre de 2015",8.22,"idealista_historico_ccaa","2026-04-22T13:48:15.40534+00:00"
"Baleares","04","2015-09-01","septiembre de 2015",8.62,"idealista_historico_ccaa","2026-04-22T13:48:15.40534+00:00"
"Baleares","04","2015-08-01","agosto de 2015",8.72,"idealista_historico_ccaa","2026-04-22T13:48:15.40534+00:00"
"Baleares","04","2015-07-01","julio de 2015",8.82,"idealista_historico_ccaa","2026-04-22T13:48:15.40534+00:00"
"Baleares","04","2015-06-01","junio de 2015",8.72,"idealista_historico_ccaa","2026-04-22T13:48:15.40534+00:00"
"Baleares","04","2015-05-01","mayo de 2015",8.62,"idealista_historico_ccaa","2026-04-22T13:48:15.40534+00:00"
"Baleares","04","2015-04-01","abril de 2015",8.52,"idealista_historico_ccaa","2026-04-22T13:48:15.40534+00:00"
"Baleares","04","2015-03-01","marzo de 2015",8.12,"idealista_historico_ccaa","2026-04-22T13:48:15.40534+00:00"
"Baleares","04","2015-02-01","febrero de 2015",8.02,"idealista_historico_ccaa","2026-04-22T13:48:15.40534+00:00"
"Baleares","04","2015-01-01","enero de 2015",8.02,"idealista_historico_ccaa","2026-04-22T13:48:15.40534+00:00"
"Baleares","04","2014-12-01","diciembre de 2014",7.92,"idealista_historico_ccaa","2026-04-22T13:48:15.40534+00:00"
"Baleares","04","2014-11-01","noviembre de 2014",7.72,"idealista_historico_ccaa","2026-04-22T13:48:15.40534+00:00"
"Baleares","04","2014-10-01","octubre de 2014",7.72,"idealista_historico_ccaa","2026-04-22T13:48:15.40534+00:00"
"Baleares","04","2014-09-01","septiembre de 2014",7.82,"idealista_historico_ccaa","2026-04-22T13:48:15.40534+00:00"
"Baleares","04","2014-08-01","agosto de 2014",7.82,"idealista_historico_ccaa","2026-04-22T13:48:15.40534+00:00"
"Baleares","04","2014-07-01","julio de 2014",7.92,"idealista_historico_ccaa","2026-04-22T13:48:15.40534+00:00"
"Baleares","04","2014-06-01","junio de 2014",7.92,"idealista_historico_ccaa","2026-04-22T13:48:15.40534+00:00"
"Baleares","04","2014-05-01","mayo de 2014",7.82,"idealista_historico_ccaa","2026-04-22T13:48:15.40534+00:00"
"Baleares","04","2014-04-01","abril de 2014",7.62,"idealista_historico_ccaa","2026-04-22T13:48:15.40534+00:00"
"Baleares","04","2014-03-01","marzo de 2014",7.62,"idealista_historico_ccaa","2026-04-22T13:48:15.40534+00:00"
"Baleares","04","2014-02-01","febrero de 2014",7.52,"idealista_historico_ccaa","2026-04-22T13:48:15.40534+00:00"
"Baleares","04","2014-01-01","enero de 2014",7.52,"idealista_historico_ccaa","2026-04-22T13:48:15.40534+00:00"
"Baleares","04","2013-12-01","diciembre de 2013",7.62,"idealista_historico_ccaa","2026-04-22T13:48:15.40534+00:00"
"Baleares","04","2013-11-01","noviembre de 2013",7.52,"idealista_historico_ccaa","2026-04-22T13:48:15.40534+00:00"
"Baleares","04","2013-10-01","octubre de 2013",7.62,"idealista_historico_ccaa","2026-04-22T13:48:15.40534+00:00"
"Baleares","04","2013-09-01","septiembre de 2013",7.62,"idealista_historico_ccaa","2026-04-22T13:48:15.40534+00:00"
"Baleares","04","2013-08-01","agosto de 2013",7.72,"idealista_historico_ccaa","2026-04-22T13:48:15.40534+00:00"
"Baleares","04","2013-07-01","julio de 2013",7.72,"idealista_historico_ccaa","2026-04-22T13:48:15.40534+00:00"
"Baleares","04","2013-06-01","junio de 2013",7.72,"idealista_historico_ccaa","2026-04-22T13:48:15.40534+00:00"
"Baleares","04","2013-05-01","mayo de 2013",7.62,"idealista_historico_ccaa","2026-04-22T13:48:15.40534+00:00"
"Baleares","04","2013-04-01","abril de 2013",7.52,"idealista_historico_ccaa","2026-04-22T13:48:15.40534+00:00"
"Baleares","04","2013-03-01","marzo de 2013",7.42,"idealista_historico_ccaa","2026-04-22T13:48:15.40534+00:00"
"Baleares","04","2013-02-01","febrero de 2013",7.52,"idealista_historico_ccaa","2026-04-22T13:48:15.40534+00:00"
"Baleares","04","2013-01-01","enero de 2013",7.52,"idealista_historico_ccaa","2026-04-22T13:48:15.40534+00:00"
"Baleares","04","2012-12-01","diciembre de 2012",7.82,"idealista_historico_ccaa","2026-04-22T13:48:15.40534+00:00"
"Baleares","04","2012-11-01","noviembre de 2012",7.92,"idealista_historico_ccaa","2026-04-22T13:48:15.40534+00:00"
"Baleares","04","2012-10-01","octubre de 2012",8.02,"idealista_historico_ccaa","2026-04-22T13:48:15.40534+00:00"
"Baleares","04","2012-09-01","septiembre de 2012",8.12,"idealista_historico_ccaa","2026-04-22T13:48:15.40534+00:00"
"Baleares","04","2012-08-01","agosto de 2012",8.22,"idealista_historico_ccaa","2026-04-22T13:48:15.40534+00:00"
"Baleares","04","2012-07-01","julio de 2012",8.32,"idealista_historico_ccaa","2026-04-22T13:48:15.40534+00:00"
"Baleares","04","2012-06-01","junio de 2012",8.22,"idealista_historico_ccaa","2026-04-22T13:48:15.40534+00:00"
"Baleares","04","2012-05-01","mayo de 2012",8.12,"idealista_historico_ccaa","2026-04-22T13:48:15.40534+00:00"
"Baleares","04","2012-04-01","abril de 2012",8.12,"idealista_historico_ccaa","2026-04-22T13:48:15.40534+00:00"
"Baleares","04","2012-03-01","marzo de 2012",8.22,"idealista_historico_ccaa","2026-04-22T13:48:15.40534+00:00"
"Baleares","04","2012-02-01","febrero de 2012",8.12,"idealista_historico_ccaa","2026-04-22T13:48:15.40534+00:00"
"Baleares","04","2012-01-01","enero de 2012",8.32,"idealista_historico_ccaa","2026-04-22T13:48:15.40534+00:00"
"Baleares","04","2011-12-01","diciembre de 2011",8.22,"idealista_historico_ccaa","2026-04-22T13:48:15.40534+00:00"
"Baleares","04","2011-11-01","noviembre de 2011",8.32,"idealista_historico_ccaa","2026-04-22T13:48:15.40534+00:00"
"Baleares","04","2011-10-01","octubre de 2011",8.32,"idealista_historico_ccaa","2026-04-22T13:48:15.40534+00:00"
"Baleares","04","2011-09-01","septiembre de 2011",8.52,"idealista_historico_ccaa","2026-04-22T13:48:15.40534+00:00"
"Baleares","04","2011-08-01","agosto de 2011",8.52,"idealista_historico_ccaa","2026-04-22T13:48:15.40534+00:00"
"Baleares","04","2011-07-01","julio de 2011",8.72,"idealista_historico_ccaa","2026-04-22T13:48:15.40534+00:00"
"Baleares","04","2011-06-01","junio de 2011",8.92,"idealista_historico_ccaa","2026-04-22T13:48:15.40534+00:00"
"Baleares","04","2011-05-01","mayo de 2011",9.02,"idealista_historico_ccaa","2026-04-22T13:48:15.40534+00:00"
"Baleares","04","2011-04-01","abril de 2011",9.12,"idealista_historico_ccaa","2026-04-22T13:48:15.40534+00:00"
"Baleares","04","2011-03-01","marzo de 2011",9.02,"idealista_historico_ccaa","2026-04-22T13:48:15.40534+00:00"
"Baleares","04","2011-02-01","febrero de 2011",9.02,"idealista_historico_ccaa","2026-04-22T13:48:15.40534+00:00"
"Baleares","04","2011-01-01","enero de 2011",9.22,"idealista_historico_ccaa","2026-04-22T13:48:15.40534+00:00"
"Baleares","04","2010-12-01","diciembre de 2010",9.32,"idealista_historico_ccaa","2026-04-22T13:48:15.40534+00:00"
"Baleares","04","2010-11-01","noviembre de 2010",9.32,"idealista_historico_ccaa","2026-04-22T13:48:15.40534+00:00"
"Baleares","04","2010-10-01","octubre de 2010",9.42,"idealista_historico_ccaa","2026-04-22T13:48:15.40534+00:00"
"Baleares","04","2010-09-01","septiembre de 2010",9.52,"idealista_historico_ccaa","2026-04-22T13:48:15.40534+00:00"
"Baleares","04","2010-08-01","agosto de 2010",9.72,"idealista_historico_ccaa","2026-04-22T13:48:15.40534+00:00"
"Baleares","04","2010-07-01","julio de 2010",9.92,"idealista_historico_ccaa","2026-04-22T13:48:15.40534+00:00"
"Baleares","04","2010-06-01","junio de 2010",9.72,"idealista_historico_ccaa","2026-04-22T13:48:15.40534+00:00"
"Baleares","04","2010-05-01","mayo de 2010",9.72,"idealista_historico_ccaa","2026-04-22T13:48:15.40534+00:00"
"Baleares","04","2010-04-01","abril de 2010",9.72,"idealista_historico_ccaa","2026-04-22T13:48:15.40534+00:00"
"Baleares","04","2010-03-01","marzo de 2010",10.02,"idealista_historico_ccaa","2026-04-22T13:48:15.40534+00:00"
"Baleares","04","2010-02-01","febrero de 2010",10.22,"idealista_historico_ccaa","2026-04-22T13:48:15.40534+00:00"
"Baleares","04","2010-01-01","enero de 2010",10.32,"idealista_historico_ccaa","2026-04-22T13:48:15.40534+00:00"
"Baleares","04","2009-12-01","diciembre de 2009",10.22,"idealista_historico_ccaa","2026-04-22T13:48:15.40534+00:00"
"Baleares","04","2009-11-01","noviembre de 2009",10.32,"idealista_historico_ccaa","2026-04-22T13:48:15.40534+00:00"
"Baleares","04","2009-10-01","octubre de 2009",10.62,"idealista_historico_ccaa","2026-04-22T13:48:15.40534+00:00"
"Baleares","04","2009-09-01","septiembre de 2009",10.72,"idealista_historico_ccaa","2026-04-22T13:48:15.40534+00:00"
"Baleares","04","2009-08-01","agosto de 2009",10.72,"idealista_historico_ccaa","2026-04-22T13:48:15.40534+00:00"
"Baleares","04","2009-07-01","julio de 2009",10.82,"idealista_historico_ccaa","2026-04-22T13:48:15.40534+00:00"
"Baleares","04","2009-06-01","junio de 2009",10.92,"idealista_historico_ccaa","2026-04-22T13:48:15.40534+00:00"
"Baleares","04","2009-05-01","mayo de 2009",11.02,"idealista_historico_ccaa","2026-04-22T13:48:15.40534+00:00"
"Baleares","04","2009-04-01","abril de 2009",10.62,"idealista_historico_ccaa","2026-04-22T13:48:15.40534+00:00"
"Baleares","04","2009-03-01","marzo de 2009",10.82,"idealista_historico_ccaa","2026-04-22T13:48:15.40534+00:00"
"Baleares","04","2009-02-01","febrero de 2009",10.42,"idealista_historico_ccaa","2026-04-22T13:48:15.40534+00:00"
"Baleares","04","2009-01-01","enero de 2009",10.82,"idealista_historico_ccaa","2026-04-22T13:48:15.40534+00:00"
"Baleares","04","2008-12-01","diciembre de 2008",11.12,"idealista_historico_ccaa","2026-04-22T13:48:15.40534+00:00"
"Baleares","04","2008-11-01","noviembre de 2008",11.32,"idealista_historico_ccaa","2026-04-22T13:48:15.40534+00:00"
"Baleares","04","2008-10-01","octubre de 2008",11.42,"idealista_historico_ccaa","2026-04-22T13:48:15.40534+00:00"
"Baleares","04","2008-09-01","septiembre de 2008",12.82,"idealista_historico_ccaa","2026-04-22T13:48:15.40534+00:00"
"Baleares","04","2008-08-01","agosto de 2008",13.02,"idealista_historico_ccaa","2026-04-22T13:48:15.40534+00:00"
"Baleares","04","2008-07-01","julio de 2008",13.22,"idealista_historico_ccaa","2026-04-22T13:48:15.40534+00:00"
"Baleares","04","2008-06-01","junio de 2008",12.52,"idealista_historico_ccaa","2026-04-22T13:48:15.40534+00:00"
"Baleares","04","2008-05-01","mayo de 2008",12.62,"idealista_historico_ccaa","2026-04-22T13:48:15.40534+00:00"
"Baleares","04","2008-04-01","abril de 2008",12.52,"idealista_historico_ccaa","2026-04-22T13:48:15.40534+00:00"
"Baleares","04","2008-03-01","marzo de 2008",12.62,"idealista_historico_ccaa","2026-04-22T13:48:15.40534+00:00"
"Baleares","04","2008-02-01","febrero de 2008",13.92,"idealista_historico_ccaa","2026-04-22T13:48:15.40534+00:00"
"Baleares","04","2008-01-01","enero de 2008",13.32,"idealista_historico_ccaa","2026-04-22T13:48:15.40534+00:00"
"Baleares","04","2007-12-01","diciembre de 2007",13.02,"idealista_historico_ccaa","2026-04-22T13:48:15.40534+00:00"
"Baleares","04","2007-11-01","noviembre de 2007",14.02,"idealista_historico_ccaa","2026-04-22T13:48:15.40534+00:00"
"Baleares","04","2007-10-01","octubre de 2007",15.02,"idealista_historico_ccaa","2026-04-22T13:48:15.40534+00:00"
"Baleares","04","2007-09-01","septiembre de 2007",13.92,"idealista_historico_ccaa","2026-04-22T13:48:15.40534+00:00"
"Baleares","04","2007-08-01","agosto de 2007",13.42,"idealista_historico_ccaa","2026-04-22T13:48:15.40534+00:00"
"Baleares","04","2007-07-01","julio de 2007",14.22,"idealista_historico_ccaa","2026-04-22T13:48:15.40534+00:00"
"Baleares","04","2007-06-01","junio de 2007",14.82,"idealista_historico_ccaa","2026-04-22T13:48:15.40534+00:00"
"Baleares","04","2007-05-01","mayo de 2007",14.72,"idealista_historico_ccaa","2026-04-22T13:48:15.40534+00:00"
"Baleares","04","2007-04-01","abril de 2007",14.42,"idealista_historico_ccaa","2026-04-22T13:48:15.40534+00:00"
"Baleares","04","2007-03-01","marzo de 2007",13.62,"idealista_historico_ccaa","2026-04-22T13:48:15.40534+00:00"
"Baleares","04","2007-02-01","febrero de 2007",13.22,"idealista_historico_ccaa","2026-04-22T13:48:15.40534+00:00"
"Extremadura","11","2026-03-01","marzo de 2026",7.52,"idealista_historico_ccaa","2026-04-22T13:49:27.177024+00:00"
"Extremadura","11","2026-02-01","febrero de 2026",7.42,"idealista_historico_ccaa","2026-04-22T13:49:27.177024+00:00"
"Extremadura","11","2026-01-01","enero de 2026",7.32,"idealista_historico_ccaa","2026-04-22T13:49:27.177024+00:00"
"Extremadura","11","2025-12-01","diciembre de 2025",7.32,"idealista_historico_ccaa","2026-04-22T13:49:27.177024+00:00"
"Extremadura","11","2025-11-01","noviembre de 2025",7.22,"idealista_historico_ccaa","2026-04-22T13:49:27.177024+00:00"
"Extremadura","11","2025-10-01","octubre de 2025",7.22,"idealista_historico_ccaa","2026-04-22T13:49:27.177024+00:00"
"Extremadura","11","2025-09-01","septiembre de 2025",7.32,"idealista_historico_ccaa","2026-04-22T13:49:27.177024+00:00"
"Extremadura","11","2025-08-01","agosto de 2025",7.32,"idealista_historico_ccaa","2026-04-22T13:49:27.177024+00:00"
"Extremadura","11","2025-07-01","julio de 2025",7.32,"idealista_historico_ccaa","2026-04-22T13:49:27.177024+00:00"
"Extremadura","11","2025-06-01","junio de 2025",7.32,"idealista_historico_ccaa","2026-04-22T13:49:27.177024+00:00"
"Extremadura","11","2025-05-01","mayo de 2025",7.12,"idealista_historico_ccaa","2026-04-22T13:49:27.177024+00:00"
"Extremadura","11","2025-04-01","abril de 2025",7.02,"idealista_historico_ccaa","2026-04-22T13:49:27.177024+00:00"
"Extremadura","11","2025-03-01","marzo de 2025",6.92,"idealista_historico_ccaa","2026-04-22T13:49:27.177024+00:00"
"Extremadura","11","2025-02-01","febrero de 2025",6.82,"idealista_historico_ccaa","2026-04-22T13:49:27.177024+00:00"
"Extremadura","11","2025-01-01","enero de 2025",6.82,"idealista_historico_ccaa","2026-04-22T13:49:27.177024+00:00"
"Extremadura","11","2024-12-01","diciembre de 2024",6.92,"idealista_historico_ccaa","2026-04-22T13:49:27.177024+00:00"
"Extremadura","11","2024-11-01","noviembre de 2024",7.02,"idealista_historico_ccaa","2026-04-22T13:49:27.177024+00:00"
"Extremadura","11","2024-10-01","octubre de 2024",6.92,"idealista_historico_ccaa","2026-04-22T13:49:27.177024+00:00"
"Extremadura","11","2024-09-01","septiembre de 2024",7.12,"idealista_historico_ccaa","2026-04-22T13:49:27.177024+00:00"
"Extremadura","11","2024-08-01","agosto de 2024",7.32,"idealista_historico_ccaa","2026-04-22T13:49:27.177024+00:00"
"Extremadura","11","2024-07-01","julio de 2024",7.12,"idealista_historico_ccaa","2026-04-22T13:49:27.177024+00:00"
"Extremadura","11","2024-06-01","junio de 2024",6.72,"idealista_historico_ccaa","2026-04-22T13:49:27.177024+00:00"
"Extremadura","11","2024-05-01","mayo de 2024",6.52,"idealista_historico_ccaa","2026-04-22T13:49:27.177024+00:00"
"Extremadura","11","2024-04-01","abril de 2024",6.52,"idealista_historico_ccaa","2026-04-22T13:49:27.177024+00:00"
"Extremadura","11","2024-03-01","marzo de 2024",6.62,"idealista_historico_ccaa","2026-04-22T13:49:27.177024+00:00"
"Extremadura","11","2024-02-01","febrero de 2024",6.52,"idealista_historico_ccaa","2026-04-22T13:49:27.177024+00:00"
"Extremadura","11","2024-01-01","enero de 2024",6.42,"idealista_historico_ccaa","2026-04-22T13:49:27.177024+00:00"
"Extremadura","11","2023-12-01","diciembre de 2023",6.32,"idealista_historico_ccaa","2026-04-22T13:49:27.177024+00:00"
"Extremadura","11","2023-11-01","noviembre de 2023",6.22,"idealista_historico_ccaa","2026-04-22T13:49:27.177024+00:00"
"Extremadura","11","2023-10-01","octubre de 2023",6.12,"idealista_historico_ccaa","2026-04-22T13:49:27.177024+00:00"
"Extremadura","11","2023-09-01","septiembre de 2023",6.12,"idealista_historico_ccaa","2026-04-22T13:49:27.177024+00:00"
"Extremadura","11","2023-08-01","agosto de 2023",6.12,"idealista_historico_ccaa","2026-04-22T13:49:27.177024+00:00"
"Extremadura","11","2023-07-01","julio de 2023",6.12,"idealista_historico_ccaa","2026-04-22T13:49:27.177024+00:00"
"Extremadura","11","2023-06-01","junio de 2023",6.12,"idealista_historico_ccaa","2026-04-22T13:49:27.177024+00:00"
"Extremadura","11","2023-05-01","mayo de 2023",6.12,"idealista_historico_ccaa","2026-04-22T13:49:27.177024+00:00"
"Extremadura","11","2023-04-01","abril de 2023",6.02,"idealista_historico_ccaa","2026-04-22T13:49:27.177024+00:00"
"Extremadura","11","2023-03-01","marzo de 2023",5.82,"idealista_historico_ccaa","2026-04-22T13:49:27.177024+00:00"
"Extremadura","11","2023-02-01","febrero de 2023",5.82,"idealista_historico_ccaa","2026-04-22T13:49:27.177024+00:00"
"Extremadura","11","2023-01-01","enero de 2023",5.82,"idealista_historico_ccaa","2026-04-22T13:49:27.177024+00:00"
"Extremadura","11","2022-12-01","diciembre de 2022",5.82,"idealista_historico_ccaa","2026-04-22T13:49:27.177024+00:00"
"Extremadura","11","2022-11-01","noviembre de 2022",5.82,"idealista_historico_ccaa","2026-04-22T13:49:27.177024+00:00"
"Extremadura","11","2022-10-01","octubre de 2022",5.72,"idealista_historico_ccaa","2026-04-22T13:49:27.177024+00:00"
"Extremadura","11","2022-09-01","septiembre de 2022",5.72,"idealista_historico_ccaa","2026-04-22T13:49:27.177024+00:00"
"Extremadura","11","2022-08-01","agosto de 2022",5.72,"idealista_historico_ccaa","2026-04-22T13:49:27.177024+00:00"
"Extremadura","11","2022-07-01","julio de 2022",5.72,"idealista_historico_ccaa","2026-04-22T13:49:27.177024+00:00"
"Extremadura","11","2022-06-01","junio de 2022",5.72,"idealista_historico_ccaa","2026-04-22T13:49:27.177024+00:00"
"Extremadura","11","2022-05-01","mayo de 2022",5.62,"idealista_historico_ccaa","2026-04-22T13:49:27.177024+00:00"
"Extremadura","11","2022-04-01","abril de 2022",5.52,"idealista_historico_ccaa","2026-04-22T13:49:27.177024+00:00"
"Extremadura","11","2022-03-01","marzo de 2022",5.52,"idealista_historico_ccaa","2026-04-22T13:49:27.177024+00:00"
"Extremadura","11","2022-02-01","febrero de 2022",5.42,"idealista_historico_ccaa","2026-04-22T13:49:27.177024+00:00"
"Extremadura","11","2022-01-01","enero de 2022",5.52,"idealista_historico_ccaa","2026-04-22T13:49:27.177024+00:00"
"Extremadura","11","2021-12-01","diciembre de 2021",5.42,"idealista_historico_ccaa","2026-04-22T13:49:27.177024+00:00"
"Extremadura","11","2021-11-01","noviembre de 2021",5.42,"idealista_historico_ccaa","2026-04-22T13:49:27.177024+00:00"
"Extremadura","11","2021-10-01","octubre de 2021",5.42,"idealista_historico_ccaa","2026-04-22T13:49:27.177024+00:00"
"Extremadura","11","2021-09-01","septiembre de 2021",5.52,"idealista_historico_ccaa","2026-04-22T13:49:27.177024+00:00"
"Extremadura","11","2021-08-01","agosto de 2021",5.52,"idealista_historico_ccaa","2026-04-22T13:49:27.177024+00:00"
"Extremadura","11","2021-07-01","julio de 2021",5.42,"idealista_historico_ccaa","2026-04-22T13:49:27.177024+00:00"
"Extremadura","11","2021-06-01","junio de 2021",5.42,"idealista_historico_ccaa","2026-04-22T13:49:27.177024+00:00"
"Extremadura","11","2021-05-01","mayo de 2021",5.32,"idealista_historico_ccaa","2026-04-22T13:49:27.177024+00:00"
"Extremadura","11","2021-04-01","abril de 2021",5.32,"idealista_historico_ccaa","2026-04-22T13:49:27.177024+00:00"
"Extremadura","11","2021-03-01","marzo de 2021",5.32,"idealista_historico_ccaa","2026-04-22T13:49:27.177024+00:00"
"Extremadura","11","2021-02-01","febrero de 2021",5.32,"idealista_historico_ccaa","2026-04-22T13:49:27.177024+00:00"
"Extremadura","11","2021-01-01","enero de 2021",5.32,"idealista_historico_ccaa","2026-04-22T13:49:27.177024+00:00"
"Extremadura","11","2020-12-01","diciembre de 2020",5.22,"idealista_historico_ccaa","2026-04-22T13:49:27.177024+00:00"
"Extremadura","11","2020-11-01","noviembre de 2020",5.22,"idealista_historico_ccaa","2026-04-22T13:49:27.177024+00:00"
"Extremadura","11","2020-10-01","octubre de 2020",5.22,"idealista_historico_ccaa","2026-04-22T13:49:27.177024+00:00"
"Extremadura","11","2020-09-01","septiembre de 2020",5.22,"idealista_historico_ccaa","2026-04-22T13:49:27.177024+00:00"
"Extremadura","11","2020-08-01","agosto de 2020",5.22,"idealista_historico_ccaa","2026-04-22T13:49:27.177024+00:00"
"Extremadura","11","2020-07-01","julio de 2020",5.22,"idealista_historico_ccaa","2026-04-22T13:49:27.177024+00:00"
"Extremadura","11","2020-06-01","junio de 2020",5.12,"idealista_historico_ccaa","2026-04-22T13:49:27.177024+00:00"
"Extremadura","11","2020-05-01","mayo de 2020",5.02,"idealista_historico_ccaa","2026-04-22T13:49:27.177024+00:00"
"Extremadura","11","2020-04-01","abril de 2020",5.02,"idealista_historico_ccaa","2026-04-22T13:49:27.177024+00:00"
"Extremadura","11","2020-03-01","marzo de 2020",5.12,"idealista_historico_ccaa","2026-04-22T13:49:27.177024+00:00"
"Extremadura","11","2020-02-01","febrero de 2020",5.02,"idealista_historico_ccaa","2026-04-22T13:49:27.177024+00:00"
"Extremadura","11","2020-01-01","enero de 2020",5.02,"idealista_historico_ccaa","2026-04-22T13:49:27.177024+00:00"
"Extremadura","11","2019-12-01","diciembre de 2019",5.02,"idealista_historico_ccaa","2026-04-22T13:49:27.177024+00:00"
"Extremadura","11","2019-11-01","noviembre de 2019",5.02,"idealista_historico_ccaa","2026-04-22T13:49:27.177024+00:00"
"Extremadura","11","2019-10-01","octubre de 2019",4.92,"idealista_historico_ccaa","2026-04-22T13:49:27.177024+00:00"
"Extremadura","11","2019-09-01","septiembre de 2019",4.92,"idealista_historico_ccaa","2026-04-22T13:49:27.177024+00:00"
"Extremadura","11","2019-08-01","agosto de 2019",5.02,"idealista_historico_ccaa","2026-04-22T13:49:27.177024+00:00"
"Extremadura","11","2019-07-01","julio de 2019",5.12,"idealista_historico_ccaa","2026-04-22T13:49:27.177024+00:00"
"Extremadura","11","2019-06-01","junio de 2019",5.22,"idealista_historico_ccaa","2026-04-22T13:49:27.177024+00:00"
"Extremadura","11","2019-05-01","mayo de 2019",5.12,"idealista_historico_ccaa","2026-04-22T13:49:27.177024+00:00"
"Extremadura","11","2019-04-01","abril de 2019",5.02,"idealista_historico_ccaa","2026-04-22T13:49:27.177024+00:00"
"Extremadura","11","2019-03-01","marzo de 2019",5.02,"idealista_historico_ccaa","2026-04-22T13:49:27.177024+00:00"
"Extremadura","11","2019-02-01","febrero de 2019",4.92,"idealista_historico_ccaa","2026-04-22T13:49:27.177024+00:00"
"Extremadura","11","2019-01-01","enero de 2019",4.92,"idealista_historico_ccaa","2026-04-22T13:49:27.177024+00:00"
"Extremadura","11","2018-12-01","diciembre de 2018",4.82,"idealista_historico_ccaa","2026-04-22T13:49:27.177024+00:00"
"Extremadura","11","2018-11-01","noviembre de 2018",4.72,"idealista_historico_ccaa","2026-04-22T13:49:27.177024+00:00"
"Extremadura","11","2018-10-01","octubre de 2018",4.72,"idealista_historico_ccaa","2026-04-22T13:49:27.177024+00:00"
"Extremadura","11","2018-09-01","septiembre de 2018",4.82,"idealista_historico_ccaa","2026-04-22T13:49:27.177024+00:00"
"Extremadura","11","2018-08-01","agosto de 2018",4.82,"idealista_historico_ccaa","2026-04-22T13:49:27.177024+00:00"
"Extremadura","11","2018-07-01","julio de 2018",4.82,"idealista_historico_ccaa","2026-04-22T13:49:27.177024+00:00"
"Extremadura","11","2018-06-01","junio de 2018",4.82,"idealista_historico_ccaa","2026-04-22T13:49:27.177024+00:00"
"Extremadura","11","2018-05-01","mayo de 2018",4.82,"idealista_historico_ccaa","2026-04-22T13:49:27.177024+00:00"
"Extremadura","11","2018-04-01","abril de 2018",4.72,"idealista_historico_ccaa","2026-04-22T13:49:27.177024+00:00"
"Extremadura","11","2018-03-01","marzo de 2018",4.72,"idealista_historico_ccaa","2026-04-22T13:49:27.177024+00:00"
"Extremadura","11","2018-02-01","febrero de 2018",4.62,"idealista_historico_ccaa","2026-04-22T13:49:27.177024+00:00"
"Extremadura","11","2018-01-01","enero de 2018",4.72,"idealista_historico_ccaa","2026-04-22T13:49:27.177024+00:00"
"Extremadura","11","2017-12-01","diciembre de 2017",4.72,"idealista_historico_ccaa","2026-04-22T13:49:27.177024+00:00"
"Extremadura","11","2017-11-01","noviembre de 2017",4.62,"idealista_historico_ccaa","2026-04-22T13:49:27.177024+00:00"
"Extremadura","11","2017-10-01","octubre de 2017",4.62,"idealista_historico_ccaa","2026-04-22T13:49:27.177024+00:00"
"Extremadura","11","2017-09-01","septiembre de 2017",4.72,"idealista_historico_ccaa","2026-04-22T13:49:27.177024+00:00"
"Extremadura","11","2017-08-01","agosto de 2017",4.72,"idealista_historico_ccaa","2026-04-22T13:49:27.177024+00:00"
"Extremadura","11","2017-07-01","julio de 2017",4.82,"idealista_historico_ccaa","2026-04-22T13:49:27.177024+00:00"
"Extremadura","11","2017-06-01","junio de 2017",4.72,"idealista_historico_ccaa","2026-04-22T13:49:27.177024+00:00"
"Extremadura","11","2017-05-01","mayo de 2017",4.62,"idealista_historico_ccaa","2026-04-22T13:49:27.177024+00:00"
"Extremadura","11","2017-04-01","abril de 2017",4.62,"idealista_historico_ccaa","2026-04-22T13:49:27.177024+00:00"
"Extremadura","11","2017-03-01","marzo de 2017",4.52,"idealista_historico_ccaa","2026-04-22T13:49:27.177024+00:00"
"Extremadura","11","2017-02-01","febrero de 2017",4.52,"idealista_historico_ccaa","2026-04-22T13:49:27.177024+00:00"
"Extremadura","11","2017-01-01","enero de 2017",4.42,"idealista_historico_ccaa","2026-04-22T13:49:27.177024+00:00"
"Extremadura","11","2016-12-01","diciembre de 2016",4.42,"idealista_historico_ccaa","2026-04-22T13:49:27.177024+00:00"
"Extremadura","11","2016-11-01","noviembre de 2016",4.42,"idealista_historico_ccaa","2026-04-22T13:49:27.177024+00:00"
"Extremadura","11","2016-10-01","octubre de 2016",4.42,"idealista_historico_ccaa","2026-04-22T13:49:27.177024+00:00"
"Extremadura","11","2016-09-01","septiembre de 2016",4.42,"idealista_historico_ccaa","2026-04-22T13:49:27.177024+00:00"
"Extremadura","11","2016-08-01","agosto de 2016",4.42,"idealista_historico_ccaa","2026-04-22T13:49:27.177024+00:00"
"Extremadura","11","2016-07-01","julio de 2016",4.42,"idealista_historico_ccaa","2026-04-22T13:49:27.177024+00:00"
"Extremadura","11","2016-06-01","junio de 2016",4.42,"idealista_historico_ccaa","2026-04-22T13:49:27.177024+00:00"
"Extremadura","11","2016-05-01","mayo de 2016",4.42,"idealista_historico_ccaa","2026-04-22T13:49:27.177024+00:00"
"Extremadura","11","2016-04-01","abril de 2016",4.42,"idealista_historico_ccaa","2026-04-22T13:49:27.177024+00:00"
"Extremadura","11","2016-03-01","marzo de 2016",4.32,"idealista_historico_ccaa","2026-04-22T13:49:27.177024+00:00"
"Extremadura","11","2016-02-01","febrero de 2016",4.32,"idealista_historico_ccaa","2026-04-22T13:49:27.177024+00:00"
"Extremadura","11","2016-01-01","enero de 2016",4.32,"idealista_historico_ccaa","2026-04-22T13:49:27.177024+00:00"
"Extremadura","11","2015-12-01","diciembre de 2015",4.32,"idealista_historico_ccaa","2026-04-22T13:49:27.177024+00:00"
"Extremadura","11","2015-11-01","noviembre de 2015",4.32,"idealista_historico_ccaa","2026-04-22T13:49:27.177024+00:00"
"Extremadura","11","2015-10-01","octubre de 2015",4.32,"idealista_historico_ccaa","2026-04-22T13:49:27.177024+00:00"
"Extremadura","11","2015-09-01","septiembre de 2015",4.32,"idealista_historico_ccaa","2026-04-22T13:49:27.177024+00:00"
"Extremadura","11","2015-08-01","agosto de 2015",4.42,"idealista_historico_ccaa","2026-04-22T13:49:27.177024+00:00"
"Extremadura","11","2015-07-01","julio de 2015",4.32,"idealista_historico_ccaa","2026-04-22T13:49:27.177024+00:00"
"Extremadura","11","2015-06-01","junio de 2015",4.32,"idealista_historico_ccaa","2026-04-22T13:49:27.177024+00:00"
"Extremadura","11","2015-05-01","mayo de 2015",4.22,"idealista_historico_ccaa","2026-04-22T13:49:27.177024+00:00"
"Extremadura","11","2015-04-01","abril de 2015",4.22,"idealista_historico_ccaa","2026-04-22T13:49:27.177024+00:00"
"Extremadura","11","2015-03-01","marzo de 2015",4.22,"idealista_historico_ccaa","2026-04-22T13:49:27.177024+00:00"
"Extremadura","11","2015-02-01","febrero de 2015",4.22,"idealista_historico_ccaa","2026-04-22T13:49:27.177024+00:00"
"Extremadura","11","2015-01-01","enero de 2015",4.22,"idealista_historico_ccaa","2026-04-22T13:49:27.177024+00:00"
"Extremadura","11","2014-12-01","diciembre de 2014",4.32,"idealista_historico_ccaa","2026-04-22T13:49:27.177024+00:00"
"Extremadura","11","2014-11-01","noviembre de 2014",4.32,"idealista_historico_ccaa","2026-04-22T13:49:27.177024+00:00"
"Extremadura","11","2014-10-01","octubre de 2014",4.32,"idealista_historico_ccaa","2026-04-22T13:49:27.177024+00:00"
"Extremadura","11","2014-09-01","septiembre de 2014",4.32,"idealista_historico_ccaa","2026-04-22T13:49:27.177024+00:00"
"Extremadura","11","2014-08-01","agosto de 2014",4.32,"idealista_historico_ccaa","2026-04-22T13:49:27.177024+00:00"
"Extremadura","11","2014-07-01","julio de 2014",4.42,"idealista_historico_ccaa","2026-04-22T13:49:27.177024+00:00"
"Extremadura","11","2014-06-01","junio de 2014",4.32,"idealista_historico_ccaa","2026-04-22T13:49:27.177024+00:00"
"Extremadura","11","2014-05-01","mayo de 2014",4.32,"idealista_historico_ccaa","2026-04-22T13:49:27.177024+00:00"
"Extremadura","11","2014-04-01","abril de 2014",4.32,"idealista_historico_ccaa","2026-04-22T13:49:27.177024+00:00"
"Extremadura","11","2014-03-01","marzo de 2014",4.42,"idealista_historico_ccaa","2026-04-22T13:49:27.177024+00:00"
"Extremadura","11","2014-02-01","febrero de 2014",4.42,"idealista_historico_ccaa","2026-04-22T13:49:27.177024+00:00"
"Extremadura","11","2014-01-01","enero de 2014",4.52,"idealista_historico_ccaa","2026-04-22T13:49:27.177024+00:00"
"Extremadura","11","2013-12-01","diciembre de 2013",4.52,"idealista_historico_ccaa","2026-04-22T13:49:27.177024+00:00"
"Extremadura","11","2013-11-01","noviembre de 2013",4.52,"idealista_historico_ccaa","2026-04-22T13:49:27.177024+00:00"
"Extremadura","11","2013-10-01","octubre de 2013",4.52,"idealista_historico_ccaa","2026-04-22T13:49:27.177024+00:00"
"Extremadura","11","2013-09-01","septiembre de 2013",4.52,"idealista_historico_ccaa","2026-04-22T13:49:27.177024+00:00"
"Extremadura","11","2013-08-01","agosto de 2013",4.52,"idealista_historico_ccaa","2026-04-22T13:49:27.177024+00:00"
"Extremadura","11","2013-07-01","julio de 2013",4.52,"idealista_historico_ccaa","2026-04-22T13:49:27.177024+00:00"
"Extremadura","11","2013-06-01","junio de 2013",4.52,"idealista_historico_ccaa","2026-04-22T13:49:27.177024+00:00"
"Extremadura","11","2013-05-01","mayo de 2013",4.52,"idealista_historico_ccaa","2026-04-22T13:49:27.177024+00:00"
"Extremadura","11","2013-04-01","abril de 2013",4.52,"idealista_historico_ccaa","2026-04-22T13:49:27.177024+00:00"
"Extremadura","11","2013-03-01","marzo de 2013",4.52,"idealista_historico_ccaa","2026-04-22T13:49:27.177024+00:00"
"Extremadura","11","2013-02-01","febrero de 2013",4.62,"idealista_historico_ccaa","2026-04-22T13:49:27.177024+00:00"
"Extremadura","11","2013-01-01","enero de 2013",4.62,"idealista_historico_ccaa","2026-04-22T13:49:27.177024+00:00"
"Extremadura","11","2012-12-01","diciembre de 2012",4.62,"idealista_historico_ccaa","2026-04-22T13:49:27.177024+00:00"
"Extremadura","11","2012-11-01","noviembre de 2012",4.72,"idealista_historico_ccaa","2026-04-22T13:49:27.177024+00:00"
"Extremadura","11","2012-10-01","octubre de 2012",4.72,"idealista_historico_ccaa","2026-04-22T13:49:27.177024+00:00"
"Extremadura","11","2012-09-01","septiembre de 2012",4.82,"idealista_historico_ccaa","2026-04-22T13:49:27.177024+00:00"
"Extremadura","11","2012-08-01","agosto de 2012",4.82,"idealista_historico_ccaa","2026-04-22T13:49:27.177024+00:00"
"Extremadura","11","2012-07-01","julio de 2012",4.82,"idealista_historico_ccaa","2026-04-22T13:49:27.177024+00:00"
"Extremadura","11","2012-06-01","junio de 2012",4.92,"idealista_historico_ccaa","2026-04-22T13:49:27.177024+00:00"
"Extremadura","11","2012-05-01","mayo de 2012",4.92,"idealista_historico_ccaa","2026-04-22T13:49:27.177024+00:00"
"Extremadura","11","2012-04-01","abril de 2012",4.92,"idealista_historico_ccaa","2026-04-22T13:49:27.177024+00:00"
"Extremadura","11","2012-03-01","marzo de 2012",4.92,"idealista_historico_ccaa","2026-04-22T13:49:27.177024+00:00"
"Extremadura","11","2012-02-01","febrero de 2012",4.92,"idealista_historico_ccaa","2026-04-22T13:49:27.177024+00:00"
"Extremadura","11","2012-01-01","enero de 2012",4.82,"idealista_historico_ccaa","2026-04-22T13:49:27.177024+00:00"
"Extremadura","11","2011-12-01","diciembre de 2011",4.82,"idealista_historico_ccaa","2026-04-22T13:49:27.177024+00:00"
"Extremadura","11","2011-11-01","noviembre de 2011",4.82,"idealista_historico_ccaa","2026-04-22T13:49:27.177024+00:00"
"Extremadura","11","2011-10-01","octubre de 2011",4.92,"idealista_historico_ccaa","2026-04-22T13:49:27.177024+00:00"
"Extremadura","11","2011-09-01","septiembre de 2011",4.92,"idealista_historico_ccaa","2026-04-22T13:49:27.177024+00:00"
"Extremadura","11","2011-08-01","agosto de 2011",4.92,"idealista_historico_ccaa","2026-04-22T13:49:27.177024+00:00"
"Extremadura","11","2011-07-01","julio de 2011",4.92,"idealista_historico_ccaa","2026-04-22T13:49:27.177024+00:00"
"Extremadura","11","2011-06-01","junio de 2011",4.82,"idealista_historico_ccaa","2026-04-22T13:49:27.177024+00:00"
"Extremadura","11","2011-05-01","mayo de 2011",4.82,"idealista_historico_ccaa","2026-04-22T13:49:27.177024+00:00"
"Extremadura","11","2011-04-01","abril de 2011",4.82,"idealista_historico_ccaa","2026-04-22T13:49:27.177024+00:00"
"Extremadura","11","2011-03-01","marzo de 2011",4.72,"idealista_historico_ccaa","2026-04-22T13:49:27.177024+00:00"
"Extremadura","11","2011-02-01","febrero de 2011",4.82,"idealista_historico_ccaa","2026-04-22T13:49:27.177024+00:00"
"Extremadura","11","2011-01-01","enero de 2011",4.72,"idealista_historico_ccaa","2026-04-22T13:49:27.177024+00:00"
"Extremadura","11","2010-12-01","diciembre de 2010",4.82,"idealista_historico_ccaa","2026-04-22T13:49:27.177024+00:00"
"Extremadura","11","2010-11-01","noviembre de 2010",4.92,"idealista_historico_ccaa","2026-04-22T13:49:27.177024+00:00"
"Extremadura","11","2010-10-01","octubre de 2010",5.02,"idealista_historico_ccaa","2026-04-22T13:49:27.177024+00:00"
"Extremadura","11","2010-09-01","septiembre de 2010",5.02,"idealista_historico_ccaa","2026-04-22T13:49:27.177024+00:00"
"Extremadura","11","2010-08-01","agosto de 2010",4.82,"idealista_historico_ccaa","2026-04-22T13:49:27.177024+00:00"
"Extremadura","11","2010-07-01","julio de 2010",4.82,"idealista_historico_ccaa","2026-04-22T13:49:27.177024+00:00"
"Extremadura","11","2010-06-01","junio de 2010",4.92,"idealista_historico_ccaa","2026-04-22T13:49:27.177024+00:00"
"Extremadura","11","2010-05-01","mayo de 2010",5.12,"idealista_historico_ccaa","2026-04-22T13:49:27.177024+00:00"
"Extremadura","11","2010-04-01","abril de 2010",4.92,"idealista_historico_ccaa","2026-04-22T13:49:27.177024+00:00"
"Extremadura","11","2010-03-01","marzo de 2010",4.92,"idealista_historico_ccaa","2026-04-22T13:49:27.177024+00:00"
"Extremadura","11","2010-02-01","febrero de 2010",4.92,"idealista_historico_ccaa","2026-04-22T13:49:27.177024+00:00"
"Extremadura","11","2010-01-01","enero de 2010",5.02,"idealista_historico_ccaa","2026-04-22T13:49:27.177024+00:00"
"Extremadura","11","2009-12-01","diciembre de 2009",5.02,"idealista_historico_ccaa","2026-04-22T13:49:27.177024+00:00"
"Extremadura","11","2009-11-01","noviembre de 2009",5.32,"idealista_historico_ccaa","2026-04-22T13:49:27.177024+00:00"
"Extremadura","11","2009-10-01","octubre de 2009",5.42,"idealista_historico_ccaa","2026-04-22T13:49:27.177024+00:00"
"Extremadura","11","2009-09-01","septiembre de 2009",5.42,"idealista_historico_ccaa","2026-04-22T13:49:27.177024+00:00"
"Extremadura","11","2009-08-01","agosto de 2009",5.42,"idealista_historico_ccaa","2026-04-22T13:49:27.177024+00:00"
"Extremadura","11","2009-07-01","julio de 2009",5.42,"idealista_historico_ccaa","2026-04-22T13:49:27.177024+00:00"
"Asturias","03","2026-03-01","marzo de 2026",10.52,"idealista_historico_ccaa","2026-04-22T13:51:33.330424+00:00"
"Asturias","03","2026-02-01","febrero de 2026",10.42,"idealista_historico_ccaa","2026-04-22T13:51:33.330424+00:00"
"Asturias","03","2026-01-01","enero de 2026",10.32,"idealista_historico_ccaa","2026-04-22T13:51:33.330424+00:00"
"Asturias","03","2025-12-01","diciembre de 2025",10.22,"idealista_historico_ccaa","2026-04-22T13:51:33.330424+00:00"
"Asturias","03","2025-11-01","noviembre de 2025",10.02,"idealista_historico_ccaa","2026-04-22T13:51:33.330424+00:00"
"Asturias","03","2025-10-01","octubre de 2025",9.92,"idealista_historico_ccaa","2026-04-22T13:51:33.330424+00:00"
"Asturias","03","2025-09-01","septiembre de 2025",9.92,"idealista_historico_ccaa","2026-04-22T13:51:33.330424+00:00"
"Asturias","03","2025-08-01","agosto de 2025",10.02,"idealista_historico_ccaa","2026-04-22T13:51:33.330424+00:00"
"Asturias","03","2025-07-01","julio de 2025",10.02,"idealista_historico_ccaa","2026-04-22T13:51:33.330424+00:00"
"Asturias","03","2025-06-01","junio de 2025",9.82,"idealista_historico_ccaa","2026-04-22T13:51:33.330424+00:00"
"Asturias","03","2025-05-01","mayo de 2025",9.82,"idealista_historico_ccaa","2026-04-22T13:51:33.330424+00:00"
"Asturias","03","2025-04-01","abril de 2025",9.72,"idealista_historico_ccaa","2026-04-22T13:51:33.330424+00:00"
"Asturias","03","2025-03-01","marzo de 2025",9.72,"idealista_historico_ccaa","2026-04-22T13:51:33.330424+00:00"
"Asturias","03","2025-02-01","febrero de 2025",9.62,"idealista_historico_ccaa","2026-04-22T13:51:33.330424+00:00"
"Asturias","03","2025-01-01","enero de 2025",9.52,"idealista_historico_ccaa","2026-04-22T13:51:33.330424+00:00"
"Asturias","03","2024-12-01","diciembre de 2024",9.42,"idealista_historico_ccaa","2026-04-22T13:51:33.330424+00:00"
"Asturias","03","2024-11-01","noviembre de 2024",9.42,"idealista_historico_ccaa","2026-04-22T13:51:33.330424+00:00"
"Asturias","03","2024-10-01","octubre de 2024",9.22,"idealista_historico_ccaa","2026-04-22T13:51:33.330424+00:00"
"Asturias","03","2024-09-01","septiembre de 2024",9.22,"idealista_historico_ccaa","2026-04-22T13:51:33.330424+00:00"
"Asturias","03","2024-08-01","agosto de 2024",9.12,"idealista_historico_ccaa","2026-04-22T13:51:33.330424+00:00"
"Asturias","03","2024-07-01","julio de 2024",9.02,"idealista_historico_ccaa","2026-04-22T13:51:33.330424+00:00"
"Asturias","03","2024-06-01","junio de 2024",9.02,"idealista_historico_ccaa","2026-04-22T13:51:33.330424+00:00"
"Asturias","03","2024-05-01","mayo de 2024",8.92,"idealista_historico_ccaa","2026-04-22T13:51:33.330424+00:00"
"Asturias","03","2024-04-01","abril de 2024",8.62,"idealista_historico_ccaa","2026-04-22T13:51:33.330424+00:00"
"Asturias","03","2024-03-01","marzo de 2024",8.62,"idealista_historico_ccaa","2026-04-22T13:51:33.330424+00:00"
"Asturias","03","2024-02-01","febrero de 2024",8.52,"idealista_historico_ccaa","2026-04-22T13:51:33.330424+00:00"
"Asturias","03","2024-01-01","enero de 2024",8.42,"idealista_historico_ccaa","2026-04-22T13:51:33.330424+00:00"
"Asturias","03","2023-12-01","diciembre de 2023",8.42,"idealista_historico_ccaa","2026-04-22T13:51:33.330424+00:00"
"Asturias","03","2023-11-01","noviembre de 2023",8.42,"idealista_historico_ccaa","2026-04-22T13:51:33.330424+00:00"
"Asturias","03","2023-10-01","octubre de 2023",8.32,"idealista_historico_ccaa","2026-04-22T13:51:33.330424+00:00"
"Asturias","03","2023-09-01","septiembre de 2023",8.22,"idealista_historico_ccaa","2026-04-22T13:51:33.330424+00:00"
"Asturias","03","2023-08-01","agosto de 2023",8.22,"idealista_historico_ccaa","2026-04-22T13:51:33.330424+00:00"
"Asturias","03","2023-07-01","julio de 2023",8.12,"idealista_historico_ccaa","2026-04-22T13:51:33.330424+00:00"
"Asturias","03","2023-06-01","junio de 2023",8.12,"idealista_historico_ccaa","2026-04-22T13:51:33.330424+00:00"
"Asturias","03","2023-05-01","mayo de 2023",8.02,"idealista_historico_ccaa","2026-04-22T13:51:33.330424+00:00"
"Asturias","03","2023-04-01","abril de 2023",8.12,"idealista_historico_ccaa","2026-04-22T13:51:33.330424+00:00"
"Asturias","03","2023-03-01","marzo de 2023",8.02,"idealista_historico_ccaa","2026-04-22T13:51:33.330424+00:00"
"Asturias","03","2023-02-01","febrero de 2023",8.02,"idealista_historico_ccaa","2026-04-22T13:51:33.330424+00:00"
"Asturias","03","2023-01-01","enero de 2023",7.92,"idealista_historico_ccaa","2026-04-22T13:51:33.330424+00:00"
"Asturias","03","2022-12-01","diciembre de 2022",7.82,"idealista_historico_ccaa","2026-04-22T13:51:33.330424+00:00"
"Asturias","03","2022-11-01","noviembre de 2022",7.82,"idealista_historico_ccaa","2026-04-22T13:51:33.330424+00:00"
"Asturias","03","2022-10-01","octubre de 2022",7.82,"idealista_historico_ccaa","2026-04-22T13:51:33.330424+00:00"
"Asturias","03","2022-09-01","septiembre de 2022",7.72,"idealista_historico_ccaa","2026-04-22T13:51:33.330424+00:00"
"Asturias","03","2022-08-01","agosto de 2022",7.82,"idealista_historico_ccaa","2026-04-22T13:51:33.330424+00:00"
"Asturias","03","2022-07-01","julio de 2022",7.72,"idealista_historico_ccaa","2026-04-22T13:51:33.330424+00:00"
"Asturias","03","2022-06-01","junio de 2022",7.72,"idealista_historico_ccaa","2026-04-22T13:51:33.330424+00:00"
"Asturias","03","2022-05-01","mayo de 2022",7.72,"idealista_historico_ccaa","2026-04-22T13:51:33.330424+00:00"
"Asturias","03","2022-04-01","abril de 2022",7.72,"idealista_historico_ccaa","2026-04-22T13:51:33.330424+00:00"
"Asturias","03","2022-03-01","marzo de 2022",7.72,"idealista_historico_ccaa","2026-04-22T13:51:33.330424+00:00"
"Asturias","03","2022-02-01","febrero de 2022",7.62,"idealista_historico_ccaa","2026-04-22T13:51:33.330424+00:00"
"Asturias","03","2022-01-01","enero de 2022",7.52,"idealista_historico_ccaa","2026-04-22T13:51:33.330424+00:00"
"Asturias","03","2021-12-01","diciembre de 2021",7.52,"idealista_historico_ccaa","2026-04-22T13:51:33.330424+00:00"
"Asturias","03","2021-11-01","noviembre de 2021",7.52,"idealista_historico_ccaa","2026-04-22T13:51:33.330424+00:00"
"Asturias","03","2021-10-01","octubre de 2021",7.52,"idealista_historico_ccaa","2026-04-22T13:51:33.330424+00:00"
"Asturias","03","2021-09-01","septiembre de 2021",7.52,"idealista_historico_ccaa","2026-04-22T13:51:33.330424+00:00"
"Asturias","03","2021-08-01","agosto de 2021",7.52,"idealista_historico_ccaa","2026-04-22T13:51:33.330424+00:00"
"Asturias","03","2021-07-01","julio de 2021",7.52,"idealista_historico_ccaa","2026-04-22T13:51:33.330424+00:00"
"Asturias","03","2021-06-01","junio de 2021",7.52,"idealista_historico_ccaa","2026-04-22T13:51:33.330424+00:00"
"Asturias","03","2021-05-01","mayo de 2021",7.52,"idealista_historico_ccaa","2026-04-22T13:51:33.330424+00:00"
"Asturias","03","2021-04-01","abril de 2021",7.52,"idealista_historico_ccaa","2026-04-22T13:51:33.330424+00:00"
"Asturias","03","2021-03-01","marzo de 2021",7.42,"idealista_historico_ccaa","2026-04-22T13:51:33.330424+00:00"
"Asturias","03","2021-02-01","febrero de 2021",7.42,"idealista_historico_ccaa","2026-04-22T13:51:33.330424+00:00"
"Asturias","03","2021-01-01","enero de 2021",7.32,"idealista_historico_ccaa","2026-04-22T13:51:33.330424+00:00"
"Asturias","03","2020-12-01","diciembre de 2020",7.32,"idealista_historico_ccaa","2026-04-22T13:51:33.330424+00:00"
"Asturias","03","2020-11-01","noviembre de 2020",7.32,"idealista_historico_ccaa","2026-04-22T13:51:33.330424+00:00"
"Asturias","03","2020-10-01","octubre de 2020",7.32,"idealista_historico_ccaa","2026-04-22T13:51:33.330424+00:00"
"Asturias","03","2020-09-01","septiembre de 2020",7.42,"idealista_historico_ccaa","2026-04-22T13:51:33.330424+00:00"
"Asturias","03","2020-08-01","agosto de 2020",7.32,"idealista_historico_ccaa","2026-04-22T13:51:33.330424+00:00"
"Asturias","03","2020-07-01","julio de 2020",7.32,"idealista_historico_ccaa","2026-04-22T13:51:33.330424+00:00"
"Asturias","03","2020-06-01","junio de 2020",7.32,"idealista_historico_ccaa","2026-04-22T13:51:33.330424+00:00"
"Asturias","03","2020-05-01","mayo de 2020",7.22,"idealista_historico_ccaa","2026-04-22T13:51:33.330424+00:00"
"Asturias","03","2020-04-01","abril de 2020",7.22,"idealista_historico_ccaa","2026-04-22T13:51:33.330424+00:00"
"Asturias","03","2020-03-01","marzo de 2020",7.22,"idealista_historico_ccaa","2026-04-22T13:51:33.330424+00:00"
"Asturias","03","2020-02-01","febrero de 2020",7.22,"idealista_historico_ccaa","2026-04-22T13:51:33.330424+00:00"
"Asturias","03","2020-01-01","enero de 2020",7.12,"idealista_historico_ccaa","2026-04-22T13:51:33.330424+00:00"
"Asturias","03","2019-12-01","diciembre de 2019",7.22,"idealista_historico_ccaa","2026-04-22T13:51:33.330424+00:00"
"Asturias","03","2019-11-01","noviembre de 2019",7.12,"idealista_historico_ccaa","2026-04-22T13:51:33.330424+00:00"
"Asturias","03","2019-10-01","octubre de 2019",7.12,"idealista_historico_ccaa","2026-04-22T13:51:33.330424+00:00"
"Asturias","03","2019-09-01","septiembre de 2019",7.12,"idealista_historico_ccaa","2026-04-22T13:51:33.330424+00:00"
"Asturias","03","2019-08-01","agosto de 2019",7.12,"idealista_historico_ccaa","2026-04-22T13:51:33.330424+00:00"
"Asturias","03","2019-07-01","julio de 2019",7.12,"idealista_historico_ccaa","2026-04-22T13:51:33.330424+00:00"
"Asturias","03","2019-06-01","junio de 2019",7.12,"idealista_historico_ccaa","2026-04-22T13:51:33.330424+00:00"
"Asturias","03","2019-05-01","mayo de 2019",7.12,"idealista_historico_ccaa","2026-04-22T13:51:33.330424+00:00"
"Asturias","03","2019-04-01","abril de 2019",7.02,"idealista_historico_ccaa","2026-04-22T13:51:33.330424+00:00"
"Asturias","03","2019-03-01","marzo de 2019",7.02,"idealista_historico_ccaa","2026-04-22T13:51:33.330424+00:00"
"Asturias","03","2019-02-01","febrero de 2019",6.92,"idealista_historico_ccaa","2026-04-22T13:51:33.330424+00:00"
"Asturias","03","2019-01-01","enero de 2019",6.92,"idealista_historico_ccaa","2026-04-22T13:51:33.330424+00:00"
"Asturias","03","2018-12-01","diciembre de 2018",6.92,"idealista_historico_ccaa","2026-04-22T13:51:33.330424+00:00"
"Asturias","03","2018-11-01","noviembre de 2018",6.82,"idealista_historico_ccaa","2026-04-22T13:51:33.330424+00:00"
"Asturias","03","2018-10-01","octubre de 2018",6.82,"idealista_historico_ccaa","2026-04-22T13:51:33.330424+00:00"
"Asturias","03","2018-09-01","septiembre de 2018",6.82,"idealista_historico_ccaa","2026-04-22T13:51:33.330424+00:00"
"Asturias","03","2018-08-01","agosto de 2018",6.82,"idealista_historico_ccaa","2026-04-22T13:51:33.330424+00:00"
"Asturias","03","2018-07-01","julio de 2018",6.72,"idealista_historico_ccaa","2026-04-22T13:51:33.330424+00:00"
"Asturias","03","2018-06-01","junio de 2018",6.72,"idealista_historico_ccaa","2026-04-22T13:51:33.330424+00:00"
"Asturias","03","2018-05-01","mayo de 2018",6.72,"idealista_historico_ccaa","2026-04-22T13:51:33.330424+00:00"
"Asturias","03","2018-04-01","abril de 2018",6.72,"idealista_historico_ccaa","2026-04-22T13:51:33.330424+00:00"
"Asturias","03","2018-03-01","marzo de 2018",6.72,"idealista_historico_ccaa","2026-04-22T13:51:33.330424+00:00"
"Asturias","03","2018-02-01","febrero de 2018",6.72,"idealista_historico_ccaa","2026-04-22T13:51:33.330424+00:00"
"Asturias","03","2018-01-01","enero de 2018",6.62,"idealista_historico_ccaa","2026-04-22T13:51:33.330424+00:00"
"Asturias","03","2017-12-01","diciembre de 2017",6.62,"idealista_historico_ccaa","2026-04-22T13:51:33.330424+00:00"
"Asturias","03","2017-11-01","noviembre de 2017",6.62,"idealista_historico_ccaa","2026-04-22T13:51:33.330424+00:00"
"Asturias","03","2017-10-01","octubre de 2017",6.62,"idealista_historico_ccaa","2026-04-22T13:51:33.330424+00:00"
"Asturias","03","2017-09-01","septiembre de 2017",6.62,"idealista_historico_ccaa","2026-04-22T13:51:33.330424+00:00"
"Asturias","03","2017-08-01","agosto de 2017",6.62,"idealista_historico_ccaa","2026-04-22T13:51:33.330424+00:00"
"Asturias","03","2017-07-01","julio de 2017",6.52,"idealista_historico_ccaa","2026-04-22T13:51:33.330424+00:00"
"Asturias","03","2017-06-01","junio de 2017",6.42,"idealista_historico_ccaa","2026-04-22T13:51:33.330424+00:00"
"Asturias","03","2017-05-01","mayo de 2017",6.32,"idealista_historico_ccaa","2026-04-22T13:51:33.330424+00:00"
"Asturias","03","2017-04-01","abril de 2017",6.32,"idealista_historico_ccaa","2026-04-22T13:51:33.330424+00:00"
"Asturias","03","2017-03-01","marzo de 2017",6.32,"idealista_historico_ccaa","2026-04-22T13:51:33.330424+00:00"
"Asturias","03","2017-02-01","febrero de 2017",6.32,"idealista_historico_ccaa","2026-04-22T13:51:33.330424+00:00"
"Asturias","03","2017-01-01","enero de 2017",6.32,"idealista_historico_ccaa","2026-04-22T13:51:33.330424+00:00"
"Asturias","03","2016-12-01","diciembre de 2016",6.32,"idealista_historico_ccaa","2026-04-22T13:51:33.330424+00:00"
"Asturias","03","2016-11-01","noviembre de 2016",6.32,"idealista_historico_ccaa","2026-04-22T13:51:33.330424+00:00"
"Asturias","03","2016-10-01","octubre de 2016",6.32,"idealista_historico_ccaa","2026-04-22T13:51:33.330424+00:00"
"Asturias","03","2016-09-01","septiembre de 2016",6.22,"idealista_historico_ccaa","2026-04-22T13:51:33.330424+00:00"
"Asturias","03","2016-08-01","agosto de 2016",6.22,"idealista_historico_ccaa","2026-04-22T13:51:33.330424+00:00"
"Asturias","03","2016-07-01","julio de 2016",6.22,"idealista_historico_ccaa","2026-04-22T13:51:33.330424+00:00"
"Asturias","03","2016-06-01","junio de 2016",6.22,"idealista_historico_ccaa","2026-04-22T13:51:33.330424+00:00"
"Asturias","03","2016-05-01","mayo de 2016",6.22,"idealista_historico_ccaa","2026-04-22T13:51:33.330424+00:00"
"Asturias","03","2016-04-01","abril de 2016",6.12,"idealista_historico_ccaa","2026-04-22T13:51:33.330424+00:00"
"Asturias","03","2016-03-01","marzo de 2016",6.12,"idealista_historico_ccaa","2026-04-22T13:51:33.330424+00:00"
"Asturias","03","2016-02-01","febrero de 2016",6.12,"idealista_historico_ccaa","2026-04-22T13:51:33.330424+00:00"
"Asturias","03","2016-01-01","enero de 2016",6.02,"idealista_historico_ccaa","2026-04-22T13:51:33.330424+00:00"
"Asturias","03","2015-12-01","diciembre de 2015",6.02,"idealista_historico_ccaa","2026-04-22T13:51:33.330424+00:00"
"Asturias","03","2015-11-01","noviembre de 2015",6.02,"idealista_historico_ccaa","2026-04-22T13:51:33.330424+00:00"
"Asturias","03","2015-10-01","octubre de 2015",6.02,"idealista_historico_ccaa","2026-04-22T13:51:33.330424+00:00"
"Asturias","03","2015-09-01","septiembre de 2015",6.02,"idealista_historico_ccaa","2026-04-22T13:51:33.330424+00:00"
"Asturias","03","2015-08-01","agosto de 2015",6.02,"idealista_historico_ccaa","2026-04-22T13:51:33.330424+00:00"
"Asturias","03","2015-07-01","julio de 2015",6.02,"idealista_historico_ccaa","2026-04-22T13:51:33.330424+00:00"
"Asturias","03","2015-06-01","junio de 2015",6.02,"idealista_historico_ccaa","2026-04-22T13:51:33.330424+00:00"
"Asturias","03","2015-05-01","mayo de 2015",6.02,"idealista_historico_ccaa","2026-04-22T13:51:33.330424+00:00"
"Asturias","03","2015-04-01","abril de 2015",6.02,"idealista_historico_ccaa","2026-04-22T13:51:33.330424+00:00"
"Asturias","03","2015-03-01","marzo de 2015",6.02,"idealista_historico_ccaa","2026-04-22T13:51:33.330424+00:00"
"Asturias","03","2015-02-01","febrero de 2015",5.92,"idealista_historico_ccaa","2026-04-22T13:51:33.330424+00:00"
"Asturias","03","2015-01-01","enero de 2015",6.02,"idealista_historico_ccaa","2026-04-22T13:51:33.330424+00:00"
"Asturias","03","2014-12-01","diciembre de 2014",6.02,"idealista_historico_ccaa","2026-04-22T13:51:33.330424+00:00"
"Asturias","03","2014-11-01","noviembre de 2014",6.02,"idealista_historico_ccaa","2026-04-22T13:51:33.330424+00:00"
"Asturias","03","2014-10-01","octubre de 2014",6.02,"idealista_historico_ccaa","2026-04-22T13:51:33.330424+00:00"
"Asturias","03","2014-09-01","septiembre de 2014",6.02,"idealista_historico_ccaa","2026-04-22T13:51:33.330424+00:00"
"Asturias","03","2014-08-01","agosto de 2014",6.02,"idealista_historico_ccaa","2026-04-22T13:51:33.330424+00:00"
"Asturias","03","2014-07-01","julio de 2014",6.02,"idealista_historico_ccaa","2026-04-22T13:51:33.330424+00:00"
"Asturias","03","2014-06-01","junio de 2014",6.02,"idealista_historico_ccaa","2026-04-22T13:51:33.330424+00:00"
"Asturias","03","2014-05-01","mayo de 2014",6.02,"idealista_historico_ccaa","2026-04-22T13:51:33.330424+00:00"
"Asturias","03","2014-04-01","abril de 2014",6.02,"idealista_historico_ccaa","2026-04-22T13:51:33.330424+00:00"
"Asturias","03","2014-03-01","marzo de 2014",6.02,"idealista_historico_ccaa","2026-04-22T13:51:33.330424+00:00"
"Asturias","03","2014-02-01","febrero de 2014",6.02,"idealista_historico_ccaa","2026-04-22T13:51:33.330424+00:00"
"Asturias","03","2014-01-01","enero de 2014",6.02,"idealista_historico_ccaa","2026-04-22T13:51:33.330424+00:00"
"Asturias","03","2013-12-01","diciembre de 2013",6.02,"idealista_historico_ccaa","2026-04-22T13:51:33.330424+00:00"
"Asturias","03","2013-11-01","noviembre de 2013",6.12,"idealista_historico_ccaa","2026-04-22T13:51:33.330424+00:00"
"Asturias","03","2013-10-01","octubre de 2013",6.22,"idealista_historico_ccaa","2026-04-22T13:51:33.330424+00:00"
"Asturias","03","2013-09-01","septiembre de 2013",6.22,"idealista_historico_ccaa","2026-04-22T13:51:33.330424+00:00"
"Asturias","03","2013-08-01","agosto de 2013",6.32,"idealista_historico_ccaa","2026-04-22T13:51:33.330424+00:00"
"Asturias","03","2013-07-01","julio de 2013",6.32,"idealista_historico_ccaa","2026-04-22T13:51:33.330424+00:00"
"Asturias","03","2013-06-01","junio de 2013",6.32,"idealista_historico_ccaa","2026-04-22T13:51:33.330424+00:00"
"Asturias","03","2013-05-01","mayo de 2013",6.22,"idealista_historico_ccaa","2026-04-22T13:51:33.330424+00:00"
"Asturias","03","2013-04-01","abril de 2013",6.22,"idealista_historico_ccaa","2026-04-22T13:51:33.330424+00:00"
"Asturias","03","2013-03-01","marzo de 2013",6.32,"idealista_historico_ccaa","2026-04-22T13:51:33.330424+00:00"
"Asturias","03","2013-02-01","febrero de 2013",6.42,"idealista_historico_ccaa","2026-04-22T13:51:33.330424+00:00"
"Asturias","03","2013-01-01","enero de 2013",6.42,"idealista_historico_ccaa","2026-04-22T13:51:33.330424+00:00"
"Asturias","03","2012-12-01","diciembre de 2012",6.42,"idealista_historico_ccaa","2026-04-22T13:51:33.330424+00:00"
"Asturias","03","2012-11-01","noviembre de 2012",6.52,"idealista_historico_ccaa","2026-04-22T13:51:33.330424+00:00"
"Asturias","03","2012-10-01","octubre de 2012",6.52,"idealista_historico_ccaa","2026-04-22T13:51:33.330424+00:00"
"Asturias","03","2012-09-01","septiembre de 2012",6.62,"idealista_historico_ccaa","2026-04-22T13:51:33.330424+00:00"
"Asturias","03","2012-08-01","agosto de 2012",6.62,"idealista_historico_ccaa","2026-04-22T13:51:33.330424+00:00"
"Asturias","03","2012-07-01","julio de 2012",6.82,"idealista_historico_ccaa","2026-04-22T13:51:33.330424+00:00"
"Asturias","03","2012-06-01","junio de 2012",6.82,"idealista_historico_ccaa","2026-04-22T13:51:33.330424+00:00"
"Asturias","03","2012-05-01","mayo de 2012",6.82,"idealista_historico_ccaa","2026-04-22T13:51:33.330424+00:00"
"Asturias","03","2012-04-01","abril de 2012",6.82,"idealista_historico_ccaa","2026-04-22T13:51:33.330424+00:00"
"Asturias","03","2012-03-01","marzo de 2012",6.72,"idealista_historico_ccaa","2026-04-22T13:51:33.330424+00:00"
"Asturias","03","2012-02-01","febrero de 2012",6.72,"idealista_historico_ccaa","2026-04-22T13:51:33.330424+00:00"
"Asturias","03","2012-01-01","enero de 2012",6.82,"idealista_historico_ccaa","2026-04-22T13:51:33.330424+00:00"
"Asturias","03","2011-12-01","diciembre de 2011",6.82,"idealista_historico_ccaa","2026-04-22T13:51:33.330424+00:00"
"Asturias","03","2011-11-01","noviembre de 2011",6.82,"idealista_historico_ccaa","2026-04-22T13:51:33.330424+00:00"
"Asturias","03","2011-10-01","octubre de 2011",6.92,"idealista_historico_ccaa","2026-04-22T13:51:33.330424+00:00"
"Asturias","03","2011-09-01","septiembre de 2011",7.02,"idealista_historico_ccaa","2026-04-22T13:51:33.330424+00:00"
"Asturias","03","2011-08-01","agosto de 2011",7.22,"idealista_historico_ccaa","2026-04-22T13:51:33.330424+00:00"
"Asturias","03","2011-07-01","julio de 2011",7.32,"idealista_historico_ccaa","2026-04-22T13:51:33.330424+00:00"
"Asturias","03","2011-06-01","junio de 2011",7.32,"idealista_historico_ccaa","2026-04-22T13:51:33.330424+00:00"
"Asturias","03","2011-05-01","mayo de 2011",7.22,"idealista_historico_ccaa","2026-04-22T13:51:33.330424+00:00"
"Asturias","03","2011-04-01","abril de 2011",7.42,"idealista_historico_ccaa","2026-04-22T13:51:33.330424+00:00"
"Asturias","03","2011-03-01","marzo de 2011",7.42,"idealista_historico_ccaa","2026-04-22T13:51:33.330424+00:00"
"Asturias","03","2011-02-01","febrero de 2011",7.22,"idealista_historico_ccaa","2026-04-22T13:51:33.330424+00:00"
"Asturias","03","2011-01-01","enero de 2011",7.32,"idealista_historico_ccaa","2026-04-22T13:51:33.330424+00:00"
"Asturias","03","2010-12-01","diciembre de 2010",7.32,"idealista_historico_ccaa","2026-04-22T13:51:33.330424+00:00"
"Asturias","03","2010-11-01","noviembre de 2010",7.42,"idealista_historico_ccaa","2026-04-22T13:51:33.330424+00:00"
"Asturias","03","2010-10-01","octubre de 2010",7.32,"idealista_historico_ccaa","2026-04-22T13:51:33.330424+00:00"
"Asturias","03","2010-09-01","septiembre de 2010",7.32,"idealista_historico_ccaa","2026-04-22T13:51:33.330424+00:00"
"Asturias","03","2010-08-01","agosto de 2010",7.62,"idealista_historico_ccaa","2026-04-22T13:51:33.330424+00:00"
"Asturias","03","2010-07-01","julio de 2010",7.72,"idealista_historico_ccaa","2026-04-22T13:51:33.330424+00:00"
"Asturias","03","2010-06-01","junio de 2010",7.82,"idealista_historico_ccaa","2026-04-22T13:51:33.330424+00:00"
"Asturias","03","2010-05-01","mayo de 2010",7.52,"idealista_historico_ccaa","2026-04-22T13:51:33.330424+00:00"
"Asturias","03","2010-04-01","abril de 2010",7.62,"idealista_historico_ccaa","2026-04-22T13:51:33.330424+00:00"
"Asturias","03","2010-03-01","marzo de 2010",7.62,"idealista_historico_ccaa","2026-04-22T13:51:33.330424+00:00"
"Asturias","03","2010-02-01","febrero de 2010",7.92,"idealista_historico_ccaa","2026-04-22T13:51:33.330424+00:00"
"Asturias","03","2010-01-01","enero de 2010",7.92,"idealista_historico_ccaa","2026-04-22T13:51:33.330424+00:00"
"Asturias","03","2009-12-01","diciembre de 2009",8.02,"idealista_historico_ccaa","2026-04-22T13:51:33.330424+00:00"
"Asturias","03","2009-11-01","noviembre de 2009",8.02,"idealista_historico_ccaa","2026-04-22T13:51:33.330424+00:00"
"Asturias","03","2009-10-01","octubre de 2009",7.82,"idealista_historico_ccaa","2026-04-22T13:51:33.330424+00:00"
"Asturias","03","2009-09-01","septiembre de 2009",7.72,"idealista_historico_ccaa","2026-04-22T13:51:33.330424+00:00"
"Asturias","03","2009-08-01","agosto de 2009",7.72,"idealista_historico_ccaa","2026-04-22T13:51:33.330424+00:00"
"Asturias","03","2009-07-01","julio de 2009",7.92,"idealista_historico_ccaa","2026-04-22T13:51:33.330424+00:00"
"Asturias","03","2009-06-01","junio de 2009",8.12,"idealista_historico_ccaa","2026-04-22T13:51:33.330424+00:00"
"Asturias","03","2009-05-01","mayo de 2009",8.32,"idealista_historico_ccaa","2026-04-22T13:51:33.330424+00:00"
"Asturias","03","2009-04-01","abril de 2009",8.42,"idealista_historico_ccaa","2026-04-22T13:51:33.330424+00:00"
"Asturias","03","2009-03-01","marzo de 2009",8.42,"idealista_historico_ccaa","2026-04-22T13:51:33.330424+00:00"
"Asturias","03","2009-02-01","febrero de 2009",8.92,"idealista_historico_ccaa","2026-04-22T13:51:33.330424+00:00"
"Asturias","03","2009-01-01","enero de 2009",9.32,"idealista_historico_ccaa","2026-04-22T13:51:33.330424+00:00"
"Asturias","03","2008-12-01","diciembre de 2008",9.32,"idealista_historico_ccaa","2026-04-22T13:51:33.330424+00:00"
"Asturias","03","2008-11-01","noviembre de 2008",9.32,"idealista_historico_ccaa","2026-04-22T13:51:33.330424+00:00"
"Asturias","03","2008-10-01","octubre de 2008",9.22,"idealista_historico_ccaa","2026-04-22T13:51:33.330424+00:00"
"Asturias","03","2008-09-01","septiembre de 2008",8.92,"idealista_historico_ccaa","2026-04-22T13:51:33.330424+00:00"
"Asturias","03","2008-08-01","agosto de 2008",9.52,"idealista_historico_ccaa","2026-04-22T13:51:33.330424+00:00"
"Asturias","03","2008-07-01","julio de 2008",9.02,"idealista_historico_ccaa","2026-04-22T13:51:33.330424+00:00"
"Asturias","03","2008-06-01","junio de 2008",9.82,"idealista_historico_ccaa","2026-04-22T13:51:33.330424+00:00"
"Asturias","03","2008-05-01","mayo de 2008",9.52,"idealista_historico_ccaa","2026-04-22T13:51:33.330424+00:00"
"Asturias","03","2008-04-01","abril de 2008",9.32,"idealista_historico_ccaa","2026-04-22T13:51:33.330424+00:00"
"Asturias","03","2008-03-01","marzo de 2008",10.22,"idealista_historico_ccaa","2026-04-22T13:51:33.330424+00:00"
"Asturias","03","2008-02-01","febrero de 2008",12.52,"idealista_historico_ccaa","2026-04-22T13:51:33.330424+00:00"
"Asturias","03","2008-01-01","enero de 2008",11.52,"idealista_historico_ccaa","2026-04-22T13:51:33.330424+00:00"
"Cantabria","06","2026-02-01","febrero de 2026",11.12,"idealista_historico_ccaa","2026-04-22T13:54:44.185787+00:00"
"Cantabria","06","2026-01-01","enero de 2026",11.22,"idealista_historico_ccaa","2026-04-22T13:54:44.185787+00:00"
"Cantabria","06","2025-12-01","diciembre de 2025",10.92,"idealista_historico_ccaa","2026-04-22T13:54:44.185787+00:00"
"Cantabria","06","2025-11-01","noviembre de 2025",10.82,"idealista_historico_ccaa","2026-04-22T13:54:44.185787+00:00"
"Cantabria","06","2025-10-01","octubre de 2025",11.12,"idealista_historico_ccaa","2026-04-22T13:54:44.185787+00:00"
"Cantabria","06","2025-09-01","septiembre de 2025",11.52,"idealista_historico_ccaa","2026-04-22T13:54:44.185787+00:00"
"Cantabria","06","2025-08-01","agosto de 2025",12.12,"idealista_historico_ccaa","2026-04-22T13:54:44.185787+00:00"
"Cantabria","06","2025-07-01","julio de 2025",12.02,"idealista_historico_ccaa","2026-04-22T13:54:44.185787+00:00"
"Cantabria","06","2025-06-01","junio de 2025",12.12,"idealista_historico_ccaa","2026-04-22T13:54:44.185787+00:00"
"Cantabria","06","2025-05-01","mayo de 2025",11.92,"idealista_historico_ccaa","2026-04-22T13:54:44.185787+00:00"
"Cantabria","06","2025-04-01","abril de 2025",11.52,"idealista_historico_ccaa","2026-04-22T13:54:44.185787+00:00"
"Cantabria","06","2025-03-01","marzo de 2025",10.92,"idealista_historico_ccaa","2026-04-22T13:54:44.185787+00:00"
"Cantabria","06","2025-02-01","febrero de 2025",10.62,"idealista_historico_ccaa","2026-04-22T13:54:44.185787+00:00"
"Cantabria","06","2025-01-01","enero de 2025",10.52,"idealista_historico_ccaa","2026-04-22T13:54:44.185787+00:00"
"Cantabria","06","2024-12-01","diciembre de 2024",10.42,"idealista_historico_ccaa","2026-04-22T13:54:44.185787+00:00"
"Cantabria","06","2024-11-01","noviembre de 2024",10.42,"idealista_historico_ccaa","2026-04-22T13:54:44.185787+00:00"
"Cantabria","06","2024-10-01","octubre de 2024",10.62,"idealista_historico_ccaa","2026-04-22T13:54:44.185787+00:00"
"Cantabria","06","2024-09-01","septiembre de 2024",11.02,"idealista_historico_ccaa","2026-04-22T13:54:44.185787+00:00"
"Cantabria","06","2024-08-01","agosto de 2024",11.52,"idealista_historico_ccaa","2026-04-22T13:54:44.185787+00:00"
"Cantabria","06","2024-07-01","julio de 2024",11.52,"idealista_historico_ccaa","2026-04-22T13:54:44.185787+00:00"
"Cantabria","06","2024-06-01","junio de 2024",11.92,"idealista_historico_ccaa","2026-04-22T13:54:44.185787+00:00"
"Cantabria","06","2024-05-01","mayo de 2024",11.32,"idealista_historico_ccaa","2026-04-22T13:54:44.185787+00:00"
"Cantabria","06","2024-04-01","abril de 2024",10.82,"idealista_historico_ccaa","2026-04-22T13:54:44.185787+00:00"
"Cantabria","06","2024-03-01","marzo de 2024",10.22,"idealista_historico_ccaa","2026-04-22T13:54:44.185787+00:00"
"Cantabria","06","2024-02-01","febrero de 2024",9.92,"idealista_historico_ccaa","2026-04-22T13:54:44.185787+00:00"
"Cantabria","06","2024-01-01","enero de 2024",9.52,"idealista_historico_ccaa","2026-04-22T13:54:44.185787+00:00"
"Cantabria","06","2023-12-01","diciembre de 2023",9.32,"idealista_historico_ccaa","2026-04-22T13:54:44.185787+00:00"
"Cantabria","06","2023-11-01","noviembre de 2023",9.22,"idealista_historico_ccaa","2026-04-22T13:54:44.185787+00:00"
"Cantabria","06","2023-10-01","octubre de 2023",9.42,"idealista_historico_ccaa","2026-04-22T13:54:44.185787+00:00"
"Cantabria","06","2023-09-01","septiembre de 2023",9.92,"idealista_historico_ccaa","2026-04-22T13:54:44.185787+00:00"
"Cantabria","06","2023-08-01","agosto de 2023",10.62,"idealista_historico_ccaa","2026-04-22T13:54:44.185787+00:00"
"Cantabria","06","2023-07-01","julio de 2023",10.72,"idealista_historico_ccaa","2026-04-22T13:54:44.185787+00:00"
"Cantabria","06","2023-06-01","junio de 2023",10.12,"idealista_historico_ccaa","2026-04-22T13:54:44.185787+00:00"
"Cantabria","06","2023-05-01","mayo de 2023",9.82,"idealista_historico_ccaa","2026-04-22T13:54:44.185787+00:00"
"Cantabria","06","2023-04-01","abril de 2023",9.52,"idealista_historico_ccaa","2026-04-22T13:54:44.185787+00:00"
"Cantabria","06","2023-03-01","marzo de 2023",8.82,"idealista_historico_ccaa","2026-04-22T13:54:44.185787+00:00"
"Cantabria","06","2023-02-01","febrero de 2023",8.72,"idealista_historico_ccaa","2026-04-22T13:54:44.185787+00:00"
"Cantabria","06","2023-01-01","enero de 2023",8.62,"idealista_historico_ccaa","2026-04-22T13:54:44.185787+00:00"
"Cantabria","06","2022-12-01","diciembre de 2022",8.62,"idealista_historico_ccaa","2026-04-22T13:54:44.185787+00:00"
"Cantabria","06","2022-11-01","noviembre de 2022",8.52,"idealista_historico_ccaa","2026-04-22T13:54:44.185787+00:00"
"Cantabria","06","2022-10-01","octubre de 2022",8.62,"idealista_historico_ccaa","2026-04-22T13:54:44.185787+00:00"
"Cantabria","06","2022-09-01","septiembre de 2022",9.22,"idealista_historico_ccaa","2026-04-22T13:54:44.185787+00:00"
"Cantabria","06","2022-08-01","agosto de 2022",9.72,"idealista_historico_ccaa","2026-04-22T13:54:44.185787+00:00"
"Cantabria","06","2022-07-01","julio de 2022",9.32,"idealista_historico_ccaa","2026-04-22T13:54:44.185787+00:00"
"Cantabria","06","2022-06-01","junio de 2022",9.02,"idealista_historico_ccaa","2026-04-22T13:54:44.185787+00:00"
"Cantabria","06","2022-05-01","mayo de 2022",8.72,"idealista_historico_ccaa","2026-04-22T13:54:44.185787+00:00"
"Cantabria","06","2022-04-01","abril de 2022",8.52,"idealista_historico_ccaa","2026-04-22T13:54:44.185787+00:00"
"Cantabria","06","2022-03-01","marzo de 2022",8.42,"idealista_historico_ccaa","2026-04-22T13:54:44.185787+00:00"
"Cantabria","06","2022-02-01","febrero de 2022",8.22,"idealista_historico_ccaa","2026-04-22T13:54:44.185787+00:00"
"Cantabria","06","2022-01-01","enero de 2022",8.12,"idealista_historico_ccaa","2026-04-22T13:54:44.185787+00:00"
"Cantabria","06","2021-12-01","diciembre de 2021",8.12,"idealista_historico_ccaa","2026-04-22T13:54:44.185787+00:00"
"Cantabria","06","2021-11-01","noviembre de 2021",8.22,"idealista_historico_ccaa","2026-04-22T13:54:44.185787+00:00"
"Cantabria","06","2021-10-01","octubre de 2021",8.12,"idealista_historico_ccaa","2026-04-22T13:54:44.185787+00:00"
"Cantabria","06","2021-09-01","septiembre de 2021",8.42,"idealista_historico_ccaa","2026-04-22T13:54:44.185787+00:00"
"Cantabria","06","2021-08-01","agosto de 2021",8.72,"idealista_historico_ccaa","2026-04-22T13:54:44.185787+00:00"
"Cantabria","06","2021-07-01","julio de 2021",8.52,"idealista_historico_ccaa","2026-04-22T13:54:44.185787+00:00"
"Cantabria","06","2021-06-01","junio de 2021",8.12,"idealista_historico_ccaa","2026-04-22T13:54:44.185787+00:00"
"Cantabria","06","2021-05-01","mayo de 2021",7.92,"idealista_historico_ccaa","2026-04-22T13:54:44.185787+00:00"
"Cantabria","06","2021-04-01","abril de 2021",7.82,"idealista_historico_ccaa","2026-04-22T13:54:44.185787+00:00"
"Cantabria","06","2021-03-01","marzo de 2021",7.82,"idealista_historico_ccaa","2026-04-22T13:54:44.185787+00:00"
"Cantabria","06","2021-02-01","febrero de 2021",7.82,"idealista_historico_ccaa","2026-04-22T13:54:44.185787+00:00"
"Cantabria","06","2021-01-01","enero de 2021",7.92,"idealista_historico_ccaa","2026-04-22T13:54:44.185787+00:00"
"Cantabria","06","2020-12-01","diciembre de 2020",7.82,"idealista_historico_ccaa","2026-04-22T13:54:44.185787+00:00"
"Cantabria","06","2020-11-01","noviembre de 2020",7.62,"idealista_historico_ccaa","2026-04-22T13:54:44.185787+00:00"
"Cantabria","06","2020-10-01","octubre de 2020",7.82,"idealista_historico_ccaa","2026-04-22T13:54:44.185787+00:00"
"Cantabria","06","2020-09-01","septiembre de 2020",7.82,"idealista_historico_ccaa","2026-04-22T13:54:44.185787+00:00"
"Cantabria","06","2020-08-01","agosto de 2020",8.02,"idealista_historico_ccaa","2026-04-22T13:54:44.185787+00:00"
"Cantabria","06","2020-07-01","julio de 2020",8.02,"idealista_historico_ccaa","2026-04-22T13:54:44.185787+00:00"
"Melilla","19","2013-05-01","mayo de 2013",9.42,"idealista_historico_ccaa","2026-04-22T14:04:08.580394+00:00"
"Cantabria","06","2020-06-01","junio de 2020",7.72,"idealista_historico_ccaa","2026-04-22T13:54:44.185787+00:00"
"Cantabria","06","2020-05-01","mayo de 2020",7.52,"idealista_historico_ccaa","2026-04-22T13:54:44.185787+00:00"
"Cantabria","06","2020-04-01","abril de 2020",7.52,"idealista_historico_ccaa","2026-04-22T13:54:44.185787+00:00"
"Cantabria","06","2020-03-01","marzo de 2020",7.52,"idealista_historico_ccaa","2026-04-22T13:54:44.185787+00:00"
"Cantabria","06","2020-02-01","febrero de 2020",7.52,"idealista_historico_ccaa","2026-04-22T13:54:44.185787+00:00"
"Cantabria","06","2020-01-01","enero de 2020",7.52,"idealista_historico_ccaa","2026-04-22T13:54:44.185787+00:00"
"Cantabria","06","2019-12-01","diciembre de 2019",7.62,"idealista_historico_ccaa","2026-04-22T13:54:44.185787+00:00"
"Cantabria","06","2019-11-01","noviembre de 2019",7.52,"idealista_historico_ccaa","2026-04-22T13:54:44.185787+00:00"
"Cantabria","06","2019-10-01","octubre de 2019",7.42,"idealista_historico_ccaa","2026-04-22T13:54:44.185787+00:00"
"Cantabria","06","2019-09-01","septiembre de 2019",7.42,"idealista_historico_ccaa","2026-04-22T13:54:44.185787+00:00"
"Cantabria","06","2019-08-01","agosto de 2019",7.42,"idealista_historico_ccaa","2026-04-22T13:54:44.185787+00:00"
"Cantabria","06","2019-07-01","julio de 2019",7.32,"idealista_historico_ccaa","2026-04-22T13:54:44.185787+00:00"
"Cantabria","06","2019-06-01","junio de 2019",7.32,"idealista_historico_ccaa","2026-04-22T13:54:44.185787+00:00"
"Cantabria","06","2019-05-01","mayo de 2019",7.22,"idealista_historico_ccaa","2026-04-22T13:54:44.185787+00:00"
"Cantabria","06","2019-04-01","abril de 2019",7.12,"idealista_historico_ccaa","2026-04-22T13:54:44.185787+00:00"
"Cantabria","06","2019-03-01","marzo de 2019",7.22,"idealista_historico_ccaa","2026-04-22T13:54:44.185787+00:00"
"Cantabria","06","2019-02-01","febrero de 2019",7.22,"idealista_historico_ccaa","2026-04-22T13:54:44.185787+00:00"
"Cantabria","06","2019-01-01","enero de 2019",7.22,"idealista_historico_ccaa","2026-04-22T13:54:44.185787+00:00"
"Cantabria","06","2018-12-01","diciembre de 2018",7.32,"idealista_historico_ccaa","2026-04-22T13:54:44.185787+00:00"
"Cantabria","06","2018-11-01","noviembre de 2018",7.22,"idealista_historico_ccaa","2026-04-22T13:54:44.185787+00:00"
"Cantabria","06","2018-10-01","octubre de 2018",7.12,"idealista_historico_ccaa","2026-04-22T13:54:44.185787+00:00"
"Cantabria","06","2018-09-01","septiembre de 2018",7.12,"idealista_historico_ccaa","2026-04-22T13:54:44.185787+00:00"
"Cantabria","06","2018-08-01","agosto de 2018",7.22,"idealista_historico_ccaa","2026-04-22T13:54:44.185787+00:00"
"Cantabria","06","2018-07-01","julio de 2018",7.12,"idealista_historico_ccaa","2026-04-22T13:54:44.185787+00:00"
"Cantabria","06","2018-06-01","junio de 2018",7.12,"idealista_historico_ccaa","2026-04-22T13:54:44.185787+00:00"
"Cantabria","06","2018-05-01","mayo de 2018",7.12,"idealista_historico_ccaa","2026-04-22T13:54:44.185787+00:00"
"Cantabria","06","2018-04-01","abril de 2018",7.02,"idealista_historico_ccaa","2026-04-22T13:54:44.185787+00:00"
"Cantabria","06","2018-03-01","marzo de 2018",7.02,"idealista_historico_ccaa","2026-04-22T13:54:44.185787+00:00"
"Cantabria","06","2018-02-01","febrero de 2018",6.92,"idealista_historico_ccaa","2026-04-22T13:54:44.185787+00:00"
"Cantabria","06","2018-01-01","enero de 2018",6.72,"idealista_historico_ccaa","2026-04-22T13:54:44.185787+00:00"
"Cantabria","06","2017-12-01","diciembre de 2017",6.82,"idealista_historico_ccaa","2026-04-22T13:54:44.185787+00:00"
"Cantabria","06","2017-11-01","noviembre de 2017",6.72,"idealista_historico_ccaa","2026-04-22T13:54:44.185787+00:00"
"Cantabria","06","2017-10-01","octubre de 2017",6.92,"idealista_historico_ccaa","2026-04-22T13:54:44.185787+00:00"
"Cantabria","06","2017-09-01","septiembre de 2017",7.02,"idealista_historico_ccaa","2026-04-22T13:54:44.185787+00:00"
"Cantabria","06","2017-08-01","agosto de 2017",7.02,"idealista_historico_ccaa","2026-04-22T13:54:44.185787+00:00"
"Cantabria","06","2017-07-01","julio de 2017",6.92,"idealista_historico_ccaa","2026-04-22T13:54:44.185787+00:00"
"Cantabria","06","2017-06-01","junio de 2017",6.82,"idealista_historico_ccaa","2026-04-22T13:54:44.185787+00:00"
"Cantabria","06","2017-05-01","mayo de 2017",6.72,"idealista_historico_ccaa","2026-04-22T13:54:44.185787+00:00"
"Cantabria","06","2017-04-01","abril de 2017",6.62,"idealista_historico_ccaa","2026-04-22T13:54:44.185787+00:00"
"Cantabria","06","2017-03-01","marzo de 2017",6.62,"idealista_historico_ccaa","2026-04-22T13:54:44.185787+00:00"
"Cantabria","06","2017-02-01","febrero de 2017",6.62,"idealista_historico_ccaa","2026-04-22T13:54:44.185787+00:00"
"Cantabria","06","2017-01-01","enero de 2017",6.62,"idealista_historico_ccaa","2026-04-22T13:54:44.185787+00:00"
"Cantabria","06","2016-12-01","diciembre de 2016",6.62,"idealista_historico_ccaa","2026-04-22T13:54:44.185787+00:00"
"Cantabria","06","2016-11-01","noviembre de 2016",6.62,"idealista_historico_ccaa","2026-04-22T13:54:44.185787+00:00"
"Cantabria","06","2016-10-01","octubre de 2016",6.62,"idealista_historico_ccaa","2026-04-22T13:54:44.185787+00:00"
"Cantabria","06","2016-09-01","septiembre de 2016",6.62,"idealista_historico_ccaa","2026-04-22T13:54:44.185787+00:00"
"Cantabria","06","2016-08-01","agosto de 2016",6.62,"idealista_historico_ccaa","2026-04-22T13:54:44.185787+00:00"
"Cantabria","06","2016-07-01","julio de 2016",6.52,"idealista_historico_ccaa","2026-04-22T13:54:44.185787+00:00"
"Cantabria","06","2016-06-01","junio de 2016",6.32,"idealista_historico_ccaa","2026-04-22T13:54:44.185787+00:00"
"Cantabria","06","2016-05-01","mayo de 2016",6.32,"idealista_historico_ccaa","2026-04-22T13:54:44.185787+00:00"
"Cantabria","06","2016-04-01","abril de 2016",6.32,"idealista_historico_ccaa","2026-04-22T13:54:44.185787+00:00"
"Cantabria","06","2016-03-01","marzo de 2016",6.32,"idealista_historico_ccaa","2026-04-22T13:54:44.185787+00:00"
"Cantabria","06","2016-02-01","febrero de 2016",6.22,"idealista_historico_ccaa","2026-04-22T13:54:44.185787+00:00"
"Cantabria","06","2016-01-01","enero de 2016",6.12,"idealista_historico_ccaa","2026-04-22T13:54:44.185787+00:00"
"Cantabria","06","2015-12-01","diciembre de 2015",6.02,"idealista_historico_ccaa","2026-04-22T13:54:44.185787+00:00"
"Cantabria","06","2015-11-01","noviembre de 2015",6.02,"idealista_historico_ccaa","2026-04-22T13:54:44.185787+00:00"
"Cantabria","06","2015-10-01","octubre de 2015",6.02,"idealista_historico_ccaa","2026-04-22T13:54:44.185787+00:00"
"Cantabria","06","2015-09-01","septiembre de 2015",6.02,"idealista_historico_ccaa","2026-04-22T13:54:44.185787+00:00"
"Cantabria","06","2013-01-01","enero de 2013",6.42,"idealista_historico_ccaa","2026-04-22T13:54:44.185787+00:00"
"Cantabria","06","2012-12-01","diciembre de 2012",6.52,"idealista_historico_ccaa","2026-04-22T13:54:44.185787+00:00"
"Cantabria","06","2012-11-01","noviembre de 2012",6.62,"idealista_historico_ccaa","2026-04-22T13:54:44.185787+00:00"
"Cantabria","06","2012-10-01","octubre de 2012",6.72,"idealista_historico_ccaa","2026-04-22T13:54:44.185787+00:00"
"Cantabria","06","2012-09-01","septiembre de 2012",6.82,"idealista_historico_ccaa","2026-04-22T13:54:44.185787+00:00"
"Cantabria","06","2012-08-01","agosto de 2012",6.82,"idealista_historico_ccaa","2026-04-22T13:54:44.185787+00:00"
"Cantabria","06","2012-07-01","julio de 2012",6.92,"idealista_historico_ccaa","2026-04-22T13:54:44.185787+00:00"
"Cantabria","06","2012-06-01","junio de 2012",6.92,"idealista_historico_ccaa","2026-04-22T13:54:44.185787+00:00"
"Cantabria","06","2012-05-01","mayo de 2012",6.92,"idealista_historico_ccaa","2026-04-22T13:54:44.185787+00:00"
"Cantabria","06","2012-04-01","abril de 2012",6.92,"idealista_historico_ccaa","2026-04-22T13:54:44.185787+00:00"
"Cantabria","06","2012-03-01","marzo de 2012",7.02,"idealista_historico_ccaa","2026-04-22T13:54:44.185787+00:00"
"Cantabria","06","2012-02-01","febrero de 2012",7.02,"idealista_historico_ccaa","2026-04-22T13:54:44.185787+00:00"
"Cantabria","06","2012-01-01","enero de 2012",7.02,"idealista_historico_ccaa","2026-04-22T13:54:44.185787+00:00"
"Cantabria","06","2011-12-01","diciembre de 2011",7.12,"idealista_historico_ccaa","2026-04-22T13:54:44.185787+00:00"
"Cantabria","06","2011-11-01","noviembre de 2011",7.12,"idealista_historico_ccaa","2026-04-22T13:54:44.185787+00:00"
"Cantabria","06","2011-10-01","octubre de 2011",7.12,"idealista_historico_ccaa","2026-04-22T13:54:44.185787+00:00"
"Cantabria","06","2011-09-01","septiembre de 2011",7.12,"idealista_historico_ccaa","2026-04-22T13:54:44.185787+00:00"
"Cantabria","06","2011-08-01","agosto de 2011",7.22,"idealista_historico_ccaa","2026-04-22T13:54:44.185787+00:00"
"Cantabria","06","2011-07-01","julio de 2011",7.32,"idealista_historico_ccaa","2026-04-22T13:54:44.185787+00:00"
"Cantabria","06","2011-06-01","junio de 2011",7.62,"idealista_historico_ccaa","2026-04-22T13:54:44.185787+00:00"
"Cantabria","06","2011-05-01","mayo de 2011",7.62,"idealista_historico_ccaa","2026-04-22T13:54:44.185787+00:00"
"Cantabria","06","2011-04-01","abril de 2011",7.62,"idealista_historico_ccaa","2026-04-22T13:54:44.185787+00:00"
"Cantabria","06","2011-03-01","marzo de 2011",7.82,"idealista_historico_ccaa","2026-04-22T13:54:44.185787+00:00"
"Cantabria","06","2011-02-01","febrero de 2011",7.92,"idealista_historico_ccaa","2026-04-22T13:54:44.185787+00:00"
"Cantabria","06","2011-01-01","enero de 2011",8.02,"idealista_historico_ccaa","2026-04-22T13:54:44.185787+00:00"
"Cantabria","06","2010-12-01","diciembre de 2010",7.92,"idealista_historico_ccaa","2026-04-22T13:54:44.185787+00:00"
"Cantabria","06","2010-11-01","noviembre de 2010",8.02,"idealista_historico_ccaa","2026-04-22T13:54:44.185787+00:00"
"Cantabria","06","2010-10-01","octubre de 2010",8.22,"idealista_historico_ccaa","2026-04-22T13:54:44.185787+00:00"
"Cantabria","06","2010-09-01","septiembre de 2010",8.22,"idealista_historico_ccaa","2026-04-22T13:54:44.185787+00:00"
"Cantabria","06","2010-08-01","agosto de 2010",8.42,"idealista_historico_ccaa","2026-04-22T13:54:44.185787+00:00"
"Cantabria","06","2010-07-01","julio de 2010",8.52,"idealista_historico_ccaa","2026-04-22T13:54:44.185787+00:00"
"Cantabria","06","2010-06-01","junio de 2010",8.62,"idealista_historico_ccaa","2026-04-22T13:54:44.185787+00:00"
"Cantabria","06","2010-05-01","mayo de 2010",8.72,"idealista_historico_ccaa","2026-04-22T13:54:44.185787+00:00"
"Cantabria","06","2010-04-01","abril de 2010",8.72,"idealista_historico_ccaa","2026-04-22T13:54:44.185787+00:00"
"Cantabria","06","2010-03-01","marzo de 2010",8.62,"idealista_historico_ccaa","2026-04-22T13:54:44.185787+00:00"
"Cantabria","06","2010-02-01","febrero de 2010",8.52,"idealista_historico_ccaa","2026-04-22T13:54:44.185787+00:00"
"Cantabria","06","2010-01-01","enero de 2010",8.62,"idealista_historico_ccaa","2026-04-22T13:54:44.185787+00:00"
"Cantabria","06","2009-12-01","diciembre de 2009",8.42,"idealista_historico_ccaa","2026-04-22T13:54:44.185787+00:00"
"Cantabria","06","2009-11-01","noviembre de 2009",8.72,"idealista_historico_ccaa","2026-04-22T13:54:44.185787+00:00"
"Cantabria","06","2009-10-01","octubre de 2009",8.82,"idealista_historico_ccaa","2026-04-22T13:54:44.185787+00:00"
"Cantabria","06","2009-09-01","septiembre de 2009",9.02,"idealista_historico_ccaa","2026-04-22T13:54:44.185787+00:00"
"Cantabria","06","2009-08-01","agosto de 2009",9.32,"idealista_historico_ccaa","2026-04-22T13:54:44.185787+00:00"
"Cantabria","06","2009-07-01","julio de 2009",9.52,"idealista_historico_ccaa","2026-04-22T13:54:44.185787+00:00"
"Cantabria","06","2009-06-01","junio de 2009",10.22,"idealista_historico_ccaa","2026-04-22T13:54:44.185787+00:00"
"Cantabria","06","2009-05-01","mayo de 2009",10.02,"idealista_historico_ccaa","2026-04-22T13:54:44.185787+00:00"
"Cantabria","06","2009-04-01","abril de 2009",9.92,"idealista_historico_ccaa","2026-04-22T13:54:44.185787+00:00"
"Cantabria","06","2009-03-01","marzo de 2009",10.12,"idealista_historico_ccaa","2026-04-22T13:54:44.185787+00:00"
"Cantabria","06","2009-02-01","febrero de 2009",9.82,"idealista_historico_ccaa","2026-04-22T13:54:44.185787+00:00"
"Cantabria","06","2009-01-01","enero de 2009",10.42,"idealista_historico_ccaa","2026-04-22T13:54:44.185787+00:00"
"Cantabria","06","2008-12-01","diciembre de 2008",10.22,"idealista_historico_ccaa","2026-04-22T13:54:44.185787+00:00"
"Cantabria","06","2008-11-01","noviembre de 2008",10.12,"idealista_historico_ccaa","2026-04-22T13:54:44.185787+00:00"
"Cantabria","06","2008-10-01","octubre de 2008",10.62,"idealista_historico_ccaa","2026-04-22T13:54:44.185787+00:00"
"Cantabria","06","2008-09-01","septiembre de 2008",11.12,"idealista_historico_ccaa","2026-04-22T13:54:44.185787+00:00"
"Cantabria","06","2008-08-01","agosto de 2008",10.82,"idealista_historico_ccaa","2026-04-22T13:54:44.185787+00:00"
"Cantabria","06","2008-07-01","julio de 2008",10.82,"idealista_historico_ccaa","2026-04-22T13:54:44.185787+00:00"
"Cantabria","06","2008-06-01","junio de 2008",11.72,"idealista_historico_ccaa","2026-04-22T13:54:44.185787+00:00"
"Cantabria","06","2008-05-01","mayo de 2008",11.92,"idealista_historico_ccaa","2026-04-22T13:54:44.185787+00:00"
"Cantabria","06","2008-04-01","abril de 2008",12.12,"idealista_historico_ccaa","2026-04-22T13:54:44.185787+00:00"
"Cantabria","06","2008-03-01","marzo de 2008",12.42,"idealista_historico_ccaa","2026-04-22T13:54:44.185787+00:00"
"Cantabria","06","2008-02-01","febrero de 2008",12.92,"idealista_historico_ccaa","2026-04-22T13:54:44.185787+00:00"
"Cantabria","06","2008-01-01","enero de 2008",13.62,"idealista_historico_ccaa","2026-04-22T13:54:44.185787+00:00"
"Cantabria","06","2007-12-01","diciembre de 2007",13.42,"idealista_historico_ccaa","2026-04-22T13:54:44.185787+00:00"
"Cantabria","06","2007-11-01","noviembre de 2007",13.42,"idealista_historico_ccaa","2026-04-22T13:54:44.185787+00:00"
"Cantabria","06","2007-10-01","octubre de 2007",12.92,"idealista_historico_ccaa","2026-04-22T13:54:44.185787+00:00"
"Cantabria","06","2007-09-01","septiembre de 2007",12.92,"idealista_historico_ccaa","2026-04-22T13:54:44.185787+00:00"
"Cantabria","06","2007-08-01","agosto de 2007",13.92,"idealista_historico_ccaa","2026-04-22T13:54:44.185787+00:00"
"Cantabria","06","2007-07-01","julio de 2007",14.82,"idealista_historico_ccaa","2026-04-22T13:54:44.185787+00:00"
"Cantabria","06","2007-06-01","junio de 2007",14.32,"idealista_historico_ccaa","2026-04-22T13:54:44.185787+00:00"
"Cataluña","09","2026-03-01","marzo de 2026",17.72,"idealista_historico_ccaa","2026-04-22T13:56:08.618983+00:00"
"Cataluña","09","2026-02-01","febrero de 2026",18.22,"idealista_historico_ccaa","2026-04-22T13:56:08.618983+00:00"
"Cataluña","09","2026-01-01","enero de 2026",18.72,"idealista_historico_ccaa","2026-04-22T13:56:08.618983+00:00"
"Cataluña","09","2025-12-01","diciembre de 2025",18.62,"idealista_historico_ccaa","2026-04-22T13:56:08.618983+00:00"
"Cataluña","09","2025-11-01","noviembre de 2025",18.72,"idealista_historico_ccaa","2026-04-22T13:56:08.618983+00:00"
"Cataluña","09","2025-10-01","octubre de 2025",19.12,"idealista_historico_ccaa","2026-04-22T13:56:08.618983+00:00"
"Cataluña","09","2025-09-01","septiembre de 2025",19.12,"idealista_historico_ccaa","2026-04-22T13:56:08.618983+00:00"
"Cataluña","09","2025-08-01","agosto de 2025",18.52,"idealista_historico_ccaa","2026-04-22T13:56:08.618983+00:00"
"Cataluña","09","2025-07-01","julio de 2025",18.72,"idealista_historico_ccaa","2026-04-22T13:56:08.618983+00:00"
"Cataluña","09","2025-06-01","junio de 2025",19.22,"idealista_historico_ccaa","2026-04-22T13:56:08.618983+00:00"
"Cataluña","09","2025-05-01","mayo de 2025",19.12,"idealista_historico_ccaa","2026-04-22T13:56:08.618983+00:00"
"Cataluña","09","2025-04-01","abril de 2025",18.72,"idealista_historico_ccaa","2026-04-22T13:56:08.618983+00:00"
"Cataluña","09","2025-03-01","marzo de 2025",18.42,"idealista_historico_ccaa","2026-04-22T13:56:08.618983+00:00"
"Cataluña","09","2025-02-01","febrero de 2025",18.42,"idealista_historico_ccaa","2026-04-22T13:56:08.618983+00:00"
"Cataluña","09","2025-01-01","enero de 2025",18.42,"idealista_historico_ccaa","2026-04-22T13:56:08.618983+00:00"
"Cataluña","09","2024-12-01","diciembre de 2024",18.02,"idealista_historico_ccaa","2026-04-22T13:56:08.618983+00:00"
"Cataluña","09","2024-11-01","noviembre de 2024",17.82,"idealista_historico_ccaa","2026-04-22T13:56:08.618983+00:00"
"Cataluña","09","2024-10-01","octubre de 2024",17.82,"idealista_historico_ccaa","2026-04-22T13:56:08.618983+00:00"
"Cataluña","09","2024-09-01","septiembre de 2024",17.42,"idealista_historico_ccaa","2026-04-22T13:56:08.618983+00:00"
"Cataluña","09","2024-08-01","agosto de 2024",17.02,"idealista_historico_ccaa","2026-04-22T13:56:08.618983+00:00"
"Cataluña","09","2024-07-01","julio de 2024",16.72,"idealista_historico_ccaa","2026-04-22T13:56:08.618983+00:00"
"Cataluña","09","2024-06-01","junio de 2024",17.42,"idealista_historico_ccaa","2026-04-22T13:56:08.618983+00:00"
"Cataluña","09","2024-05-01","mayo de 2024",17.12,"idealista_historico_ccaa","2026-04-22T13:56:08.618983+00:00"
"Cataluña","09","2024-04-01","abril de 2024",16.82,"idealista_historico_ccaa","2026-04-22T13:56:08.618983+00:00"
"Cataluña","09","2024-03-01","marzo de 2024",16.52,"idealista_historico_ccaa","2026-04-22T13:56:08.618983+00:00"
"Cataluña","09","2024-02-01","febrero de 2024",16.42,"idealista_historico_ccaa","2026-04-22T13:56:08.618983+00:00"
"Cataluña","09","2024-01-01","enero de 2024",16.42,"idealista_historico_ccaa","2026-04-22T13:56:08.618983+00:00"
"Cataluña","09","2023-12-01","diciembre de 2023",16.02,"idealista_historico_ccaa","2026-04-22T13:56:08.618983+00:00"
"Cataluña","09","2023-11-01","noviembre de 2023",15.92,"idealista_historico_ccaa","2026-04-22T13:56:08.618983+00:00"
"Cataluña","09","2023-10-01","octubre de 2023",16.12,"idealista_historico_ccaa","2026-04-22T13:56:08.618983+00:00"
"Cataluña","09","2023-09-01","septiembre de 2023",16.02,"idealista_historico_ccaa","2026-04-22T13:56:08.618983+00:00"
"Cataluña","09","2023-08-01","agosto de 2023",15.62,"idealista_historico_ccaa","2026-04-22T13:56:08.618983+00:00"
"Cataluña","09","2023-07-01","julio de 2023",15.32,"idealista_historico_ccaa","2026-04-22T13:56:08.618983+00:00"
"Cataluña","09","2023-06-01","junio de 2023",15.12,"idealista_historico_ccaa","2026-04-22T13:56:08.618983+00:00"
"Cataluña","09","2023-05-01","mayo de 2023",14.92,"idealista_historico_ccaa","2026-04-22T13:56:08.618983+00:00"
"Cataluña","09","2023-04-01","abril de 2023",14.82,"idealista_historico_ccaa","2026-04-22T13:56:08.618983+00:00"
"Cataluña","09","2023-03-01","marzo de 2023",14.72,"idealista_historico_ccaa","2026-04-22T13:56:08.618983+00:00"
"Cataluña","09","2023-02-01","febrero de 2023",14.82,"idealista_historico_ccaa","2026-04-22T13:56:08.618983+00:00"
"Cataluña","09","2023-01-01","enero de 2023",14.92,"idealista_historico_ccaa","2026-04-22T13:56:08.618983+00:00"
"Cataluña","09","2022-12-01","diciembre de 2022",14.62,"idealista_historico_ccaa","2026-04-22T13:56:08.618983+00:00"
"Cataluña","09","2022-11-01","noviembre de 2022",14.32,"idealista_historico_ccaa","2026-04-22T13:56:08.618983+00:00"
"Cataluña","09","2022-10-01","octubre de 2022",14.12,"idealista_historico_ccaa","2026-04-22T13:56:08.618983+00:00"
"Cataluña","09","2022-09-01","septiembre de 2022",14.02,"idealista_historico_ccaa","2026-04-22T13:56:08.618983+00:00"
"Cataluña","09","2022-08-01","agosto de 2022",13.92,"idealista_historico_ccaa","2026-04-22T13:56:08.618983+00:00"
"Cataluña","09","2022-07-01","julio de 2022",13.82,"idealista_historico_ccaa","2026-04-22T13:56:08.618983+00:00"
"Cataluña","09","2022-06-01","junio de 2022",13.62,"idealista_historico_ccaa","2026-04-22T13:56:08.618983+00:00"
"Cataluña","09","2022-05-01","mayo de 2022",13.42,"idealista_historico_ccaa","2026-04-22T13:56:08.618983+00:00"
"Cataluña","09","2022-04-01","abril de 2022",13.32,"idealista_historico_ccaa","2026-04-22T13:56:08.618983+00:00"
"Cataluña","09","2022-03-01","marzo de 2022",13.22,"idealista_historico_ccaa","2026-04-22T13:56:08.618983+00:00"
"Cataluña","09","2022-02-01","febrero de 2022",13.22,"idealista_historico_ccaa","2026-04-22T13:56:08.618983+00:00"
"Cataluña","09","2022-01-01","enero de 2022",13.02,"idealista_historico_ccaa","2026-04-22T13:56:08.618983+00:00"
"Cataluña","09","2021-12-01","diciembre de 2021",13.02,"idealista_historico_ccaa","2026-04-22T13:56:08.618983+00:00"
"Cataluña","09","2021-11-01","noviembre de 2021",12.92,"idealista_historico_ccaa","2026-04-22T13:56:08.618983+00:00"
"Cataluña","09","2021-10-01","octubre de 2021",13.02,"idealista_historico_ccaa","2026-04-22T13:56:08.618983+00:00"
"Cataluña","09","2021-09-01","septiembre de 2021",13.02,"idealista_historico_ccaa","2026-04-22T13:56:08.618983+00:00"
"Cataluña","09","2021-08-01","agosto de 2021",13.02,"idealista_historico_ccaa","2026-04-22T13:56:08.618983+00:00"
"Cataluña","09","2021-07-01","julio de 2021",13.02,"idealista_historico_ccaa","2026-04-22T13:56:08.618983+00:00"
"Cataluña","09","2021-06-01","junio de 2021",13.02,"idealista_historico_ccaa","2026-04-22T13:56:08.618983+00:00"
"Cataluña","09","2021-05-01","mayo de 2021",13.02,"idealista_historico_ccaa","2026-04-22T13:56:08.618983+00:00"
"Cataluña","09","2021-04-01","abril de 2021",13.02,"idealista_historico_ccaa","2026-04-22T13:56:08.618983+00:00"
"Cataluña","09","2021-03-01","marzo de 2021",13.02,"idealista_historico_ccaa","2026-04-22T13:56:08.618983+00:00"
"Cataluña","09","2021-02-01","febrero de 2021",13.12,"idealista_historico_ccaa","2026-04-22T13:56:08.618983+00:00"
"Cataluña","09","2021-01-01","enero de 2021",13.12,"idealista_historico_ccaa","2026-04-22T13:56:08.618983+00:00"
"Cataluña","09","2020-12-01","diciembre de 2020",13.32,"idealista_historico_ccaa","2026-04-22T13:56:08.618983+00:00"
"Cataluña","09","2020-11-01","noviembre de 2020",13.62,"idealista_historico_ccaa","2026-04-22T13:56:08.618983+00:00"
"Cataluña","09","2020-10-01","octubre de 2020",13.82,"idealista_historico_ccaa","2026-04-22T13:56:08.618983+00:00"
"Cataluña","09","2020-09-01","septiembre de 2020",13.92,"idealista_historico_ccaa","2026-04-22T13:56:08.618983+00:00"
"Cataluña","09","2020-08-01","agosto de 2020",14.02,"idealista_historico_ccaa","2026-04-22T13:56:08.618983+00:00"
"Cataluña","09","2020-07-01","julio de 2020",14.02,"idealista_historico_ccaa","2026-04-22T13:56:08.618983+00:00"
"Cataluña","09","2020-06-01","junio de 2020",14.22,"idealista_historico_ccaa","2026-04-22T13:56:08.618983+00:00"
"Cataluña","09","2020-05-01","mayo de 2020",14.32,"idealista_historico_ccaa","2026-04-22T13:56:08.618983+00:00"
"Cataluña","09","2020-04-01","abril de 2020",14.12,"idealista_historico_ccaa","2026-04-22T13:56:08.618983+00:00"
"Cataluña","09","2020-03-01","marzo de 2020",13.92,"idealista_historico_ccaa","2026-04-22T13:56:08.618983+00:00"
"Cataluña","09","2020-02-01","febrero de 2020",13.82,"idealista_historico_ccaa","2026-04-22T13:56:08.618983+00:00"
"Cataluña","09","2020-01-01","enero de 2020",13.62,"idealista_historico_ccaa","2026-04-22T13:56:08.618983+00:00"
"Cataluña","09","2019-12-01","diciembre de 2019",13.52,"idealista_historico_ccaa","2026-04-22T13:56:08.618983+00:00"
"Cataluña","09","2019-11-01","noviembre de 2019",13.62,"idealista_historico_ccaa","2026-04-22T13:56:08.618983+00:00"
"Cataluña","09","2019-10-01","octubre de 2019",13.72,"idealista_historico_ccaa","2026-04-22T13:56:08.618983+00:00"
"Cataluña","09","2019-09-01","septiembre de 2019",13.72,"idealista_historico_ccaa","2026-04-22T13:56:08.618983+00:00"
"Cataluña","09","2019-08-01","agosto de 2019",13.62,"idealista_historico_ccaa","2026-04-22T13:56:08.618983+00:00"
"Cataluña","09","2019-07-01","julio de 2019",13.72,"idealista_historico_ccaa","2026-04-22T13:56:08.618983+00:00"
"Cataluña","09","2019-06-01","junio de 2019",13.72,"idealista_historico_ccaa","2026-04-22T13:56:08.618983+00:00"
"Cataluña","09","2019-05-01","mayo de 2019",13.62,"idealista_historico_ccaa","2026-04-22T13:56:08.618983+00:00"
"Cataluña","09","2019-04-01","abril de 2019",13.52,"idealista_historico_ccaa","2026-04-22T13:56:08.618983+00:00"
"Cataluña","09","2019-03-01","marzo de 2019",13.42,"idealista_historico_ccaa","2026-04-22T13:56:08.618983+00:00"
"Cataluña","09","2019-02-01","febrero de 2019",13.32,"idealista_historico_ccaa","2026-04-22T13:56:08.618983+00:00"
"Cataluña","09","2019-01-01","enero de 2019",13.32,"idealista_historico_ccaa","2026-04-22T13:56:08.618983+00:00"
"Cataluña","09","2018-12-01","diciembre de 2018",13.32,"idealista_historico_ccaa","2026-04-22T13:56:08.618983+00:00"
"Cataluña","09","2018-11-01","noviembre de 2018",13.32,"idealista_historico_ccaa","2026-04-22T13:56:08.618983+00:00"
"Cataluña","09","2018-10-01","octubre de 2018",13.32,"idealista_historico_ccaa","2026-04-22T13:56:08.618983+00:00"
"Cataluña","09","2018-09-01","septiembre de 2018",13.22,"idealista_historico_ccaa","2026-04-22T13:56:08.618983+00:00"
"Cataluña","09","2018-08-01","agosto de 2018",13.22,"idealista_historico_ccaa","2026-04-22T13:56:08.618983+00:00"
"Cataluña","09","2018-07-01","julio de 2018",13.32,"idealista_historico_ccaa","2026-04-22T13:56:08.618983+00:00"
"Cataluña","09","2018-06-01","junio de 2018",13.32,"idealista_historico_ccaa","2026-04-22T13:56:08.618983+00:00"
"Cataluña","09","2018-05-01","mayo de 2018",13.42,"idealista_historico_ccaa","2026-04-22T13:56:08.618983+00:00"
"Cataluña","09","2018-04-01","abril de 2018",13.42,"idealista_historico_ccaa","2026-04-22T13:56:08.618983+00:00"
"Cataluña","09","2018-03-01","marzo de 2018",13.32,"idealista_historico_ccaa","2026-04-22T13:56:08.618983+00:00"
"Cataluña","09","2018-02-01","febrero de 2018",13.22,"idealista_historico_ccaa","2026-04-22T13:56:08.618983+00:00"
"Cataluña","09","2018-01-01","enero de 2018",13.02,"idealista_historico_ccaa","2026-04-22T13:56:08.618983+00:00"
"Cataluña","09","2017-12-01","diciembre de 2017",13.02,"idealista_historico_ccaa","2026-04-22T13:56:08.618983+00:00"
"Cataluña","09","2017-11-01","noviembre de 2017",12.92,"idealista_historico_ccaa","2026-04-22T13:56:08.618983+00:00"
"Cataluña","09","2017-10-01","octubre de 2017",12.92,"idealista_historico_ccaa","2026-04-22T13:56:08.618983+00:00"
"Cataluña","09","2017-09-01","septiembre de 2017",12.82,"idealista_historico_ccaa","2026-04-22T13:56:08.618983+00:00"
"Cataluña","09","2017-08-01","agosto de 2017",12.62,"idealista_historico_ccaa","2026-04-22T13:56:08.618983+00:00"
"Cataluña","09","2017-07-01","julio de 2017",12.62,"idealista_historico_ccaa","2026-04-22T13:56:08.618983+00:00"
"Cataluña","09","2017-06-01","junio de 2017",12.52,"idealista_historico_ccaa","2026-04-22T13:56:08.618983+00:00"
"Cataluña","09","2017-05-01","mayo de 2017",12.42,"idealista_historico_ccaa","2026-04-22T13:56:08.618983+00:00"
"Cataluña","09","2017-04-01","abril de 2017",12.42,"idealista_historico_ccaa","2026-04-22T13:56:08.618983+00:00"
"Cataluña","09","2017-03-01","marzo de 2017",12.32,"idealista_historico_ccaa","2026-04-22T13:56:08.618983+00:00"
"Cataluña","09","2017-02-01","febrero de 2017",12.22,"idealista_historico_ccaa","2026-04-22T13:56:08.618983+00:00"
"Cataluña","09","2017-01-01","enero de 2017",11.92,"idealista_historico_ccaa","2026-04-22T13:56:08.618983+00:00"
"Cataluña","09","2016-12-01","diciembre de 2016",11.82,"idealista_historico_ccaa","2026-04-22T13:56:08.618983+00:00"
"Cataluña","09","2016-11-01","noviembre de 2016",11.52,"idealista_historico_ccaa","2026-04-22T13:56:08.618983+00:00"
"Cataluña","09","2016-10-01","octubre de 2016",11.42,"idealista_historico_ccaa","2026-04-22T13:56:08.618983+00:00"
"Cataluña","09","2016-09-01","septiembre de 2016",11.12,"idealista_historico_ccaa","2026-04-22T13:56:08.618983+00:00"
"Cataluña","09","2016-08-01","agosto de 2016",10.92,"idealista_historico_ccaa","2026-04-22T13:56:08.618983+00:00"
"Cataluña","09","2016-07-01","julio de 2016",10.82,"idealista_historico_ccaa","2026-04-22T13:56:08.618983+00:00"
"Cataluña","09","2016-06-01","junio de 2016",10.62,"idealista_historico_ccaa","2026-04-22T13:56:08.618983+00:00"
"Cataluña","09","2016-05-01","mayo de 2016",10.52,"idealista_historico_ccaa","2026-04-22T13:56:08.618983+00:00"
"Cataluña","09","2016-04-01","abril de 2016",10.42,"idealista_historico_ccaa","2026-04-22T13:56:08.618983+00:00"
"Cataluña","09","2016-03-01","marzo de 2016",10.32,"idealista_historico_ccaa","2026-04-22T13:56:08.618983+00:00"
"Cataluña","09","2016-02-01","febrero de 2016",10.32,"idealista_historico_ccaa","2026-04-22T13:56:08.618983+00:00"
"Cataluña","09","2016-01-01","enero de 2016",10.12,"idealista_historico_ccaa","2026-04-22T13:56:08.618983+00:00"
"Cataluña","09","2015-12-01","diciembre de 2015",10.02,"idealista_historico_ccaa","2026-04-22T13:56:08.618983+00:00"
"Cataluña","09","2015-11-01","noviembre de 2015",9.92,"idealista_historico_ccaa","2026-04-22T13:56:08.618983+00:00"
"Cataluña","09","2015-10-01","octubre de 2015",9.82,"idealista_historico_ccaa","2026-04-22T13:56:08.618983+00:00"
"Cataluña","09","2015-09-01","septiembre de 2015",9.72,"idealista_historico_ccaa","2026-04-22T13:56:08.618983+00:00"
"Cataluña","09","2015-08-01","agosto de 2015",9.72,"idealista_historico_ccaa","2026-04-22T13:56:08.618983+00:00"
"Cataluña","09","2015-07-01","julio de 2015",9.52,"idealista_historico_ccaa","2026-04-22T13:56:08.618983+00:00"
"Cataluña","09","2015-06-01","junio de 2015",9.42,"idealista_historico_ccaa","2026-04-22T13:56:08.618983+00:00"
"Cataluña","09","2015-05-01","mayo de 2015",9.52,"idealista_historico_ccaa","2026-04-22T13:56:08.618983+00:00"
"Cataluña","09","2015-04-01","abril de 2015",9.52,"idealista_historico_ccaa","2026-04-22T13:56:08.618983+00:00"
"Cataluña","09","2015-03-01","marzo de 2015",9.42,"idealista_historico_ccaa","2026-04-22T13:56:08.618983+00:00"
"Cataluña","09","2015-02-01","febrero de 2015",9.42,"idealista_historico_ccaa","2026-04-22T13:56:08.618983+00:00"
"Cataluña","09","2015-01-01","enero de 2015",9.32,"idealista_historico_ccaa","2026-04-22T13:56:08.618983+00:00"
"Cataluña","09","2014-12-01","diciembre de 2014",9.12,"idealista_historico_ccaa","2026-04-22T13:56:08.618983+00:00"
"Cataluña","09","2014-11-01","noviembre de 2014",9.02,"idealista_historico_ccaa","2026-04-22T13:56:08.618983+00:00"
"Cataluña","09","2014-10-01","octubre de 2014",8.92,"idealista_historico_ccaa","2026-04-22T13:56:08.618983+00:00"
"Cataluña","09","2014-09-01","septiembre de 2014",8.82,"idealista_historico_ccaa","2026-04-22T13:56:08.618983+00:00"
"Cataluña","09","2014-08-01","agosto de 2014",8.82,"idealista_historico_ccaa","2026-04-22T13:56:08.618983+00:00"
"Cataluña","09","2014-07-01","julio de 2014",8.72,"idealista_historico_ccaa","2026-04-22T13:56:08.618983+00:00"
"Cataluña","09","2014-06-01","junio de 2014",8.72,"idealista_historico_ccaa","2026-04-22T13:56:08.618983+00:00"
"Cataluña","09","2014-05-01","mayo de 2014",8.62,"idealista_historico_ccaa","2026-04-22T13:56:08.618983+00:00"
"Cataluña","09","2014-04-01","abril de 2014",8.62,"idealista_historico_ccaa","2026-04-22T13:56:08.618983+00:00"
"Cataluña","09","2014-03-01","marzo de 2014",8.62,"idealista_historico_ccaa","2026-04-22T13:56:08.618983+00:00"
"Cataluña","09","2014-02-01","febrero de 2014",8.62,"idealista_historico_ccaa","2026-04-22T13:56:08.618983+00:00"
"Cataluña","09","2014-01-01","enero de 2014",8.52,"idealista_historico_ccaa","2026-04-22T13:56:08.618983+00:00"
"Cataluña","09","2013-12-01","diciembre de 2013",8.62,"idealista_historico_ccaa","2026-04-22T13:56:08.618983+00:00"
"Cataluña","09","2013-11-01","noviembre de 2013",8.62,"idealista_historico_ccaa","2026-04-22T13:56:08.618983+00:00"
"Cataluña","09","2013-10-01","octubre de 2013",8.62,"idealista_historico_ccaa","2026-04-22T13:56:08.618983+00:00"
"Cataluña","09","2013-09-01","septiembre de 2013",8.72,"idealista_historico_ccaa","2026-04-22T13:56:08.618983+00:00"
"Cataluña","09","2013-08-01","agosto de 2013",8.72,"idealista_historico_ccaa","2026-04-22T13:56:08.618983+00:00"
"Cataluña","09","2013-07-01","julio de 2013",8.72,"idealista_historico_ccaa","2026-04-22T13:56:08.618983+00:00"
"Cataluña","09","2013-06-01","junio de 2013",8.72,"idealista_historico_ccaa","2026-04-22T13:56:08.618983+00:00"
"Cataluña","09","2013-05-01","mayo de 2013",8.82,"idealista_historico_ccaa","2026-04-22T13:56:08.618983+00:00"
"Cataluña","09","2013-04-01","abril de 2013",8.82,"idealista_historico_ccaa","2026-04-22T13:56:08.618983+00:00"
"Cataluña","09","2013-03-01","marzo de 2013",8.92,"idealista_historico_ccaa","2026-04-22T13:56:08.618983+00:00"
"Cataluña","09","2013-02-01","febrero de 2013",9.02,"idealista_historico_ccaa","2026-04-22T13:56:08.618983+00:00"
"Cataluña","09","2013-01-01","enero de 2013",9.02,"idealista_historico_ccaa","2026-04-22T13:56:08.618983+00:00"
"Cataluña","09","2012-12-01","diciembre de 2012",9.12,"idealista_historico_ccaa","2026-04-22T13:56:08.618983+00:00"
"Cataluña","09","2012-11-01","noviembre de 2012",9.22,"idealista_historico_ccaa","2026-04-22T13:56:08.618983+00:00"
"Cataluña","09","2012-10-01","octubre de 2012",9.32,"idealista_historico_ccaa","2026-04-22T13:56:08.618983+00:00"
"Cataluña","09","2012-09-01","septiembre de 2012",9.42,"idealista_historico_ccaa","2026-04-22T13:56:08.618983+00:00"
"Cataluña","09","2012-08-01","agosto de 2012",9.42,"idealista_historico_ccaa","2026-04-22T13:56:08.618983+00:00"
"Cataluña","09","2012-07-01","julio de 2012",9.42,"idealista_historico_ccaa","2026-04-22T13:56:08.618983+00:00"
"Cataluña","09","2012-06-01","junio de 2012",9.42,"idealista_historico_ccaa","2026-04-22T13:56:08.618983+00:00"
"Cataluña","09","2012-05-01","mayo de 2012",9.52,"idealista_historico_ccaa","2026-04-22T13:56:08.618983+00:00"
"Cataluña","09","2012-04-01","abril de 2012",9.52,"idealista_historico_ccaa","2026-04-22T13:56:08.618983+00:00"
"Cataluña","09","2012-03-01","marzo de 2012",9.62,"idealista_historico_ccaa","2026-04-22T13:56:08.618983+00:00"
"Cataluña","09","2012-02-01","febrero de 2012",9.72,"idealista_historico_ccaa","2026-04-22T13:56:08.618983+00:00"
"Cataluña","09","2012-01-01","enero de 2012",9.72,"idealista_historico_ccaa","2026-04-22T13:56:08.618983+00:00"
"Cataluña","09","2011-12-01","diciembre de 2011",9.72,"idealista_historico_ccaa","2026-04-22T13:56:08.618983+00:00"
"Cataluña","09","2011-11-01","noviembre de 2011",9.72,"idealista_historico_ccaa","2026-04-22T13:56:08.618983+00:00"
"Cataluña","09","2011-10-01","octubre de 2011",9.72,"idealista_historico_ccaa","2026-04-22T13:56:08.618983+00:00"
"Cataluña","09","2011-09-01","septiembre de 2011",9.72,"idealista_historico_ccaa","2026-04-22T13:56:08.618983+00:00"
"Cataluña","09","2011-08-01","agosto de 2011",9.82,"idealista_historico_ccaa","2026-04-22T13:56:08.618983+00:00"
"Cataluña","09","2011-07-01","julio de 2011",9.82,"idealista_historico_ccaa","2026-04-22T13:56:08.618983+00:00"
"Cataluña","09","2011-06-01","junio de 2011",9.82,"idealista_historico_ccaa","2026-04-22T13:56:08.618983+00:00"
"Cataluña","09","2011-05-01","mayo de 2011",9.82,"idealista_historico_ccaa","2026-04-22T13:56:08.618983+00:00"
"Cataluña","09","2011-04-01","abril de 2011",9.92,"idealista_historico_ccaa","2026-04-22T13:56:08.618983+00:00"
"Cataluña","09","2011-03-01","marzo de 2011",9.92,"idealista_historico_ccaa","2026-04-22T13:56:08.618983+00:00"
"Cataluña","09","2011-02-01","febrero de 2011",9.82,"idealista_historico_ccaa","2026-04-22T13:56:08.618983+00:00"
"Cataluña","09","2011-01-01","enero de 2011",9.82,"idealista_historico_ccaa","2026-04-22T13:56:08.618983+00:00"
"Cataluña","09","2010-12-01","diciembre de 2010",9.82,"idealista_historico_ccaa","2026-04-22T13:56:08.618983+00:00"
"Cataluña","09","2010-11-01","noviembre de 2010",9.82,"idealista_historico_ccaa","2026-04-22T13:56:08.618983+00:00"
"Cataluña","09","2010-10-01","octubre de 2010",9.72,"idealista_historico_ccaa","2026-04-22T13:56:08.618983+00:00"
"Cataluña","09","2010-09-01","septiembre de 2010",9.72,"idealista_historico_ccaa","2026-04-22T13:56:08.618983+00:00"
"Cataluña","09","2010-08-01","agosto de 2010",9.72,"idealista_historico_ccaa","2026-04-22T13:56:08.618983+00:00"
"Cataluña","09","2010-07-01","julio de 2010",9.92,"idealista_historico_ccaa","2026-04-22T13:56:08.618983+00:00"
"Cataluña","09","2010-06-01","junio de 2010",9.82,"idealista_historico_ccaa","2026-04-22T13:56:08.618983+00:00"
"Cataluña","09","2010-05-01","mayo de 2010",9.82,"idealista_historico_ccaa","2026-04-22T13:56:08.618983+00:00"
"Cataluña","09","2010-04-01","abril de 2010",9.72,"idealista_historico_ccaa","2026-04-22T13:56:08.618983+00:00"
"Cataluña","09","2010-03-01","marzo de 2010",9.72,"idealista_historico_ccaa","2026-04-22T13:56:08.618983+00:00"
"Cataluña","09","2010-02-01","febrero de 2010",9.62,"idealista_historico_ccaa","2026-04-22T13:56:08.618983+00:00"
"Cataluña","09","2010-01-01","enero de 2010",9.62,"idealista_historico_ccaa","2026-04-22T13:56:08.618983+00:00"
"Cataluña","09","2009-12-01","diciembre de 2009",9.52,"idealista_historico_ccaa","2026-04-22T13:56:08.618983+00:00"
"Cataluña","09","2009-11-01","noviembre de 2009",9.62,"idealista_historico_ccaa","2026-04-22T13:56:08.618983+00:00"
"Cataluña","09","2009-10-01","octubre de 2009",9.62,"idealista_historico_ccaa","2026-04-22T13:56:08.618983+00:00"
"Cataluña","09","2009-09-01","septiembre de 2009",9.72,"idealista_historico_ccaa","2026-04-22T13:56:08.618983+00:00"
"Cataluña","09","2009-08-01","agosto de 2009",9.82,"idealista_historico_ccaa","2026-04-22T13:56:08.618983+00:00"
"Cataluña","09","2009-07-01","julio de 2009",9.82,"idealista_historico_ccaa","2026-04-22T13:56:08.618983+00:00"
"Cataluña","09","2009-06-01","junio de 2009",9.72,"idealista_historico_ccaa","2026-04-22T13:56:08.618983+00:00"
"Cataluña","09","2009-05-01","mayo de 2009",9.92,"idealista_historico_ccaa","2026-04-22T13:56:08.618983+00:00"
"Cataluña","09","2009-04-01","abril de 2009",9.92,"idealista_historico_ccaa","2026-04-22T13:56:08.618983+00:00"
"Cataluña","09","2009-03-01","marzo de 2009",9.72,"idealista_historico_ccaa","2026-04-22T13:56:08.618983+00:00"
"Cataluña","09","2009-02-01","febrero de 2009",9.92,"idealista_historico_ccaa","2026-04-22T13:56:08.618983+00:00"
"Cataluña","09","2009-01-01","enero de 2009",10.12,"idealista_historico_ccaa","2026-04-22T13:56:08.618983+00:00"
"Cataluña","09","2008-12-01","diciembre de 2008",10.12,"idealista_historico_ccaa","2026-04-22T13:56:08.618983+00:00"
"Cataluña","09","2008-11-01","noviembre de 2008",10.22,"idealista_historico_ccaa","2026-04-22T13:56:08.618983+00:00"
"Cataluña","09","2008-10-01","octubre de 2008",10.12,"idealista_historico_ccaa","2026-04-22T13:56:08.618983+00:00"
"Cataluña","09","2008-09-01","septiembre de 2008",10.02,"idealista_historico_ccaa","2026-04-22T13:56:08.618983+00:00"
"Cataluña","09","2008-08-01","agosto de 2008",10.32,"idealista_historico_ccaa","2026-04-22T13:56:08.618983+00:00"
"Cataluña","09","2008-07-01","julio de 2008",10.82,"idealista_historico_ccaa","2026-04-22T13:56:08.618983+00:00"
"Cataluña","09","2008-06-01","junio de 2008",10.92,"idealista_historico_ccaa","2026-04-22T13:56:08.618983+00:00"
"Cataluña","09","2008-05-01","mayo de 2008",10.92,"idealista_historico_ccaa","2026-04-22T13:56:08.618983+00:00"
"Cataluña","09","2008-04-01","abril de 2008",10.92,"idealista_historico_ccaa","2026-04-22T13:56:08.618983+00:00"
"Cataluña","09","2008-03-01","marzo de 2008",11.22,"idealista_historico_ccaa","2026-04-22T13:56:08.618983+00:00"
"Cataluña","09","2008-02-01","febrero de 2008",11.32,"idealista_historico_ccaa","2026-04-22T13:56:08.618983+00:00"
"Cataluña","09","2008-01-01","enero de 2008",10.52,"idealista_historico_ccaa","2026-04-22T13:56:08.618983+00:00"
"Cataluña","09","2007-12-01","diciembre de 2007",10.32,"idealista_historico_ccaa","2026-04-22T13:56:08.618983+00:00"
"Cataluña","09","2007-11-01","noviembre de 2007",11.32,"idealista_historico_ccaa","2026-04-22T13:56:08.618983+00:00"
"Cataluña","09","2007-10-01","octubre de 2007",11.42,"idealista_historico_ccaa","2026-04-22T13:56:08.618983+00:00"
"Cataluña","09","2007-09-01","septiembre de 2007",11.52,"idealista_historico_ccaa","2026-04-22T13:56:08.618983+00:00"
"Cataluña","09","2007-08-01","agosto de 2007",11.72,"idealista_historico_ccaa","2026-04-22T13:56:08.618983+00:00"
"Cataluña","09","2007-07-01","julio de 2007",10.92,"idealista_historico_ccaa","2026-04-22T13:56:08.618983+00:00"
"Cataluña","09","2007-06-01","junio de 2007",10.62,"idealista_historico_ccaa","2026-04-22T13:56:08.618983+00:00"
"Cataluña","09","2007-05-01","mayo de 2007",11.12,"idealista_historico_ccaa","2026-04-22T13:56:08.618983+00:00"
"Cataluña","09","2007-04-01","abril de 2007",11.72,"idealista_historico_ccaa","2026-04-22T13:56:08.618983+00:00"
"Cataluña","09","2007-03-01","marzo de 2007",12.12,"idealista_historico_ccaa","2026-04-22T13:56:08.618983+00:00"
"Cataluña","09","2007-02-01","febrero de 2007",11.12,"idealista_historico_ccaa","2026-04-22T13:56:08.618983+00:00"
"Cataluña","09","2007-01-01","enero de 2007",10.82,"idealista_historico_ccaa","2026-04-22T13:56:08.618983+00:00"
"Cataluña","09","2006-12-01","diciembre de 2006",10.62,"idealista_historico_ccaa","2026-04-22T13:56:08.618983+00:00"
"Cataluña","09","2006-11-01","noviembre de 2006",11.02,"idealista_historico_ccaa","2026-04-22T13:56:08.618983+00:00"
"Cataluña","09","2006-10-01","octubre de 2006",11.32,"idealista_historico_ccaa","2026-04-22T13:56:08.618983+00:00"
"Cataluña","09","2006-09-01","septiembre de 2006",11.52,"idealista_historico_ccaa","2026-04-22T13:56:08.618983+00:00"
"Cataluña","09","2006-08-01","agosto de 2006",12.12,"idealista_historico_ccaa","2026-04-22T13:56:08.618983+00:00"
"Cataluña","09","2006-07-01","julio de 2006",11.92,"idealista_historico_ccaa","2026-04-22T13:56:08.618983+00:00"
"Cataluña","09","2006-06-01","junio de 2006",12.02,"idealista_historico_ccaa","2026-04-22T13:56:08.618983+00:00"
"Aragón","02","2026-03-01","marzo de 2026",10.72,"idealista_historico_ccaa","2026-04-22T13:57:37.969448+00:00"
"Aragón","02","2026-02-01","febrero de 2026",10.52,"idealista_historico_ccaa","2026-04-22T13:57:37.969448+00:00"
"Aragón","02","2026-01-01","enero de 2026",10.52,"idealista_historico_ccaa","2026-04-22T13:57:37.969448+00:00"
"Aragón","02","2025-12-01","diciembre de 2025",10.42,"idealista_historico_ccaa","2026-04-22T13:57:37.969448+00:00"
"Aragón","02","2025-11-01","noviembre de 2025",10.22,"idealista_historico_ccaa","2026-04-22T13:57:37.969448+00:00"
"Aragón","02","2025-10-01","octubre de 2025",10.12,"idealista_historico_ccaa","2026-04-22T13:57:37.969448+00:00"
"Aragón","02","2025-09-01","septiembre de 2025",10.02,"idealista_historico_ccaa","2026-04-22T13:57:37.969448+00:00"
"Aragón","02","2025-08-01","agosto de 2025",10.22,"idealista_historico_ccaa","2026-04-22T13:57:37.969448+00:00"
"Aragón","02","2025-07-01","julio de 2025",10.12,"idealista_historico_ccaa","2026-04-22T13:57:37.969448+00:00"
"Aragón","02","2025-06-01","junio de 2025",10.02,"idealista_historico_ccaa","2026-04-22T13:57:37.969448+00:00"
"Aragón","02","2025-05-01","mayo de 2025",10.12,"idealista_historico_ccaa","2026-04-22T13:57:37.969448+00:00"
"Aragón","02","2025-04-01","abril de 2025",9.92,"idealista_historico_ccaa","2026-04-22T13:57:37.969448+00:00"
"Aragón","02","2025-03-01","marzo de 2025",9.92,"idealista_historico_ccaa","2026-04-22T13:57:37.969448+00:00"
"Aragón","02","2025-02-01","febrero de 2025",9.82,"idealista_historico_ccaa","2026-04-22T13:57:37.969448+00:00"
"Aragón","02","2025-01-01","enero de 2025",9.52,"idealista_historico_ccaa","2026-04-22T13:57:37.969448+00:00"
"Aragón","02","2024-12-01","diciembre de 2024",9.42,"idealista_historico_ccaa","2026-04-22T13:57:37.969448+00:00"
"Aragón","02","2024-11-01","noviembre de 2024",9.42,"idealista_historico_ccaa","2026-04-22T13:57:37.969448+00:00"
"Aragón","02","2024-10-01","octubre de 2024",9.32,"idealista_historico_ccaa","2026-04-22T13:57:37.969448+00:00"
"Aragón","02","2024-09-01","septiembre de 2024",9.32,"idealista_historico_ccaa","2026-04-22T13:57:37.969448+00:00"
"Aragón","02","2024-08-01","agosto de 2024",9.32,"idealista_historico_ccaa","2026-04-22T13:57:37.969448+00:00"
"Aragón","02","2024-07-01","julio de 2024",9.32,"idealista_historico_ccaa","2026-04-22T13:57:37.969448+00:00"
"Aragón","02","2024-06-01","junio de 2024",9.22,"idealista_historico_ccaa","2026-04-22T13:57:37.969448+00:00"
"Aragón","02","2024-05-01","mayo de 2024",9.12,"idealista_historico_ccaa","2026-04-22T13:57:37.969448+00:00"
"Aragón","02","2024-04-01","abril de 2024",8.92,"idealista_historico_ccaa","2026-04-22T13:57:37.969448+00:00"
"Aragón","02","2024-03-01","marzo de 2024",8.82,"idealista_historico_ccaa","2026-04-22T13:57:37.969448+00:00"
"Aragón","02","2024-02-01","febrero de 2024",8.72,"idealista_historico_ccaa","2026-04-22T13:57:37.969448+00:00"
"Aragón","02","2024-01-01","enero de 2024",8.72,"idealista_historico_ccaa","2026-04-22T13:57:37.969448+00:00"
"Aragón","02","2023-12-01","diciembre de 2023",8.72,"idealista_historico_ccaa","2026-04-22T13:57:37.969448+00:00"
"Aragón","02","2023-11-01","noviembre de 2023",8.62,"idealista_historico_ccaa","2026-04-22T13:57:37.969448+00:00"
"Aragón","02","2023-10-01","octubre de 2023",8.52,"idealista_historico_ccaa","2026-04-22T13:57:37.969448+00:00"
"Aragón","02","2023-09-01","septiembre de 2023",8.52,"idealista_historico_ccaa","2026-04-22T13:57:37.969448+00:00"
"Aragón","02","2023-08-01","agosto de 2023",8.52,"idealista_historico_ccaa","2026-04-22T13:57:37.969448+00:00"
"Aragón","02","2023-07-01","julio de 2023",8.52,"idealista_historico_ccaa","2026-04-22T13:57:37.969448+00:00"
"Aragón","02","2023-06-01","junio de 2023",8.52,"idealista_historico_ccaa","2026-04-22T13:57:37.969448+00:00"
"Aragón","02","2023-05-01","mayo de 2023",8.42,"idealista_historico_ccaa","2026-04-22T13:57:37.969448+00:00"
"Aragón","02","2023-04-01","abril de 2023",8.32,"idealista_historico_ccaa","2026-04-22T13:57:37.969448+00:00"
"Aragón","02","2023-03-01","marzo de 2023",8.42,"idealista_historico_ccaa","2026-04-22T13:57:37.969448+00:00"
"Aragón","02","2023-02-01","febrero de 2023",8.32,"idealista_historico_ccaa","2026-04-22T13:57:37.969448+00:00"
"Aragón","02","2023-01-01","enero de 2023",8.22,"idealista_historico_ccaa","2026-04-22T13:57:37.969448+00:00"
"Aragón","02","2022-12-01","diciembre de 2022",8.22,"idealista_historico_ccaa","2026-04-22T13:57:37.969448+00:00"
"Aragón","02","2022-11-01","noviembre de 2022",8.22,"idealista_historico_ccaa","2026-04-22T13:57:37.969448+00:00"
"Aragón","02","2022-10-01","octubre de 2022",8.22,"idealista_historico_ccaa","2026-04-22T13:57:37.969448+00:00"
"Aragón","02","2022-09-01","septiembre de 2022",8.22,"idealista_historico_ccaa","2026-04-22T13:57:37.969448+00:00"
"Aragón","02","2022-08-01","agosto de 2022",8.22,"idealista_historico_ccaa","2026-04-22T13:57:37.969448+00:00"
"Aragón","02","2022-07-01","julio de 2022",8.22,"idealista_historico_ccaa","2026-04-22T13:57:37.969448+00:00"
"Aragón","02","2022-06-01","junio de 2022",8.22,"idealista_historico_ccaa","2026-04-22T13:57:37.969448+00:00"
"Aragón","02","2022-05-01","mayo de 2022",8.12,"idealista_historico_ccaa","2026-04-22T13:57:37.969448+00:00"
"Aragón","02","2022-04-01","abril de 2022",8.02,"idealista_historico_ccaa","2026-04-22T13:57:37.969448+00:00"
"Aragón","02","2022-03-01","marzo de 2022",8.02,"idealista_historico_ccaa","2026-04-22T13:57:37.969448+00:00"
"Aragón","02","2022-02-01","febrero de 2022",7.92,"idealista_historico_ccaa","2026-04-22T13:57:37.969448+00:00"
"Aragón","02","2022-01-01","enero de 2022",7.92,"idealista_historico_ccaa","2026-04-22T13:57:37.969448+00:00"
"Aragón","02","2021-12-01","diciembre de 2021",7.92,"idealista_historico_ccaa","2026-04-22T13:57:37.969448+00:00"
"Aragón","02","2021-11-01","noviembre de 2021",7.92,"idealista_historico_ccaa","2026-04-22T13:57:37.969448+00:00"
"Aragón","02","2021-10-01","octubre de 2021",7.82,"idealista_historico_ccaa","2026-04-22T13:57:37.969448+00:00"
"Aragón","02","2021-09-01","septiembre de 2021",7.82,"idealista_historico_ccaa","2026-04-22T13:57:37.969448+00:00"
"Aragón","02","2021-08-01","agosto de 2021",7.92,"idealista_historico_ccaa","2026-04-22T13:57:37.969448+00:00"
"Aragón","02","2021-07-01","julio de 2021",7.92,"idealista_historico_ccaa","2026-04-22T13:57:37.969448+00:00"
"Aragón","02","2021-06-01","junio de 2021",7.92,"idealista_historico_ccaa","2026-04-22T13:57:37.969448+00:00"
"Aragón","02","2021-05-01","mayo de 2021",7.92,"idealista_historico_ccaa","2026-04-22T13:57:37.969448+00:00"
"Aragón","02","2021-04-01","abril de 2021",7.92,"idealista_historico_ccaa","2026-04-22T13:57:37.969448+00:00"
"Aragón","02","2021-03-01","marzo de 2021",7.92,"idealista_historico_ccaa","2026-04-22T13:57:37.969448+00:00"
"Aragón","02","2021-02-01","febrero de 2021",7.82,"idealista_historico_ccaa","2026-04-22T13:57:37.969448+00:00"
"Aragón","02","2021-01-01","enero de 2021",7.82,"idealista_historico_ccaa","2026-04-22T13:57:37.969448+00:00"
"Aragón","02","2020-12-01","diciembre de 2020",7.82,"idealista_historico_ccaa","2026-04-22T13:57:37.969448+00:00"
"Aragón","02","2020-11-01","noviembre de 2020",7.72,"idealista_historico_ccaa","2026-04-22T13:57:37.969448+00:00"
"Aragón","02","2020-10-01","octubre de 2020",7.82,"idealista_historico_ccaa","2026-04-22T13:57:37.969448+00:00"
"Aragón","02","2020-09-01","septiembre de 2020",7.82,"idealista_historico_ccaa","2026-04-22T13:57:37.969448+00:00"
"Aragón","02","2020-08-01","agosto de 2020",7.82,"idealista_historico_ccaa","2026-04-22T13:57:37.969448+00:00"
"Aragón","02","2020-07-01","julio de 2020",7.82,"idealista_historico_ccaa","2026-04-22T13:57:37.969448+00:00"
"Aragón","02","2020-06-01","junio de 2020",7.82,"idealista_historico_ccaa","2026-04-22T13:57:37.969448+00:00"
"Aragón","02","2020-05-01","mayo de 2020",7.72,"idealista_historico_ccaa","2026-04-22T13:57:37.969448+00:00"
"Aragón","02","2020-04-01","abril de 2020",7.72,"idealista_historico_ccaa","2026-04-22T13:57:37.969448+00:00"
"Aragón","02","2020-03-01","marzo de 2020",7.72,"idealista_historico_ccaa","2026-04-22T13:57:37.969448+00:00"
"Aragón","02","2020-02-01","febrero de 2020",7.62,"idealista_historico_ccaa","2026-04-22T13:57:37.969448+00:00"
"Aragón","02","2020-01-01","enero de 2020",7.62,"idealista_historico_ccaa","2026-04-22T13:57:37.969448+00:00"
"Aragón","02","2019-12-01","diciembre de 2019",7.72,"idealista_historico_ccaa","2026-04-22T13:57:37.969448+00:00"
"Aragón","02","2019-11-01","noviembre de 2019",7.72,"idealista_historico_ccaa","2026-04-22T13:57:37.969448+00:00"
"Aragón","02","2019-10-01","octubre de 2019",7.62,"idealista_historico_ccaa","2026-04-22T13:57:37.969448+00:00"
"Aragón","02","2019-09-01","septiembre de 2019",7.52,"idealista_historico_ccaa","2026-04-22T13:57:37.969448+00:00"
"Aragón","02","2019-08-01","agosto de 2019",7.62,"idealista_historico_ccaa","2026-04-22T13:57:37.969448+00:00"
"Aragón","02","2019-07-01","julio de 2019",7.52,"idealista_historico_ccaa","2026-04-22T13:57:37.969448+00:00"
"Aragón","02","2019-06-01","junio de 2019",7.42,"idealista_historico_ccaa","2026-04-22T13:57:37.969448+00:00"
"Aragón","02","2019-05-01","mayo de 2019",7.32,"idealista_historico_ccaa","2026-04-22T13:57:37.969448+00:00"
"Aragón","02","2019-04-01","abril de 2019",7.32,"idealista_historico_ccaa","2026-04-22T13:57:37.969448+00:00"
"Aragón","02","2019-03-01","marzo de 2019",7.22,"idealista_historico_ccaa","2026-04-22T13:57:37.969448+00:00"
"Aragón","02","2019-02-01","febrero de 2019",7.12,"idealista_historico_ccaa","2026-04-22T13:57:37.969448+00:00"
"Aragón","02","2019-01-01","enero de 2019",7.12,"idealista_historico_ccaa","2026-04-22T13:57:37.969448+00:00"
"Aragón","02","2018-12-01","diciembre de 2018",7.22,"idealista_historico_ccaa","2026-04-22T13:57:37.969448+00:00"
"Aragón","02","2018-11-01","noviembre de 2018",7.12,"idealista_historico_ccaa","2026-04-22T13:57:37.969448+00:00"
"Aragón","02","2018-10-01","octubre de 2018",7.12,"idealista_historico_ccaa","2026-04-22T13:57:37.969448+00:00"
"Aragón","02","2018-09-01","septiembre de 2018",7.12,"idealista_historico_ccaa","2026-04-22T13:57:37.969448+00:00"
"Aragón","02","2018-08-01","agosto de 2018",7.12,"idealista_historico_ccaa","2026-04-22T13:57:37.969448+00:00"
"Aragón","02","2018-07-01","julio de 2018",7.22,"idealista_historico_ccaa","2026-04-22T13:57:37.969448+00:00"
"Aragón","02","2018-06-01","junio de 2018",7.12,"idealista_historico_ccaa","2026-04-22T13:57:37.969448+00:00"
"Aragón","02","2018-05-01","mayo de 2018",7.02,"idealista_historico_ccaa","2026-04-22T13:57:37.969448+00:00"
"Aragón","02","2018-04-01","abril de 2018",6.92,"idealista_historico_ccaa","2026-04-22T13:57:37.969448+00:00"
"Aragón","02","2018-03-01","marzo de 2018",6.92,"idealista_historico_ccaa","2026-04-22T13:57:37.969448+00:00"
"Aragón","02","2018-02-01","febrero de 2018",6.82,"idealista_historico_ccaa","2026-04-22T13:57:37.969448+00:00"
"Aragón","02","2018-01-01","enero de 2018",6.82,"idealista_historico_ccaa","2026-04-22T13:57:37.969448+00:00"
"Aragón","02","2017-12-01","diciembre de 2017",6.82,"idealista_historico_ccaa","2026-04-22T13:57:37.969448+00:00"
"Aragón","02","2017-11-01","noviembre de 2017",6.72,"idealista_historico_ccaa","2026-04-22T13:57:37.969448+00:00"
"Aragón","02","2017-10-01","octubre de 2017",6.72,"idealista_historico_ccaa","2026-04-22T13:57:37.969448+00:00"
"Aragón","02","2017-09-01","septiembre de 2017",6.72,"idealista_historico_ccaa","2026-04-22T13:57:37.969448+00:00"
"Aragón","02","2017-08-01","agosto de 2017",6.72,"idealista_historico_ccaa","2026-04-22T13:57:37.969448+00:00"
"Aragón","02","2017-07-01","julio de 2017",6.62,"idealista_historico_ccaa","2026-04-22T13:57:37.969448+00:00"
"Aragón","02","2017-06-01","junio de 2017",6.52,"idealista_historico_ccaa","2026-04-22T13:57:37.969448+00:00"
"Aragón","02","2017-05-01","mayo de 2017",6.42,"idealista_historico_ccaa","2026-04-22T13:57:37.969448+00:00"
"Aragón","02","2017-04-01","abril de 2017",6.42,"idealista_historico_ccaa","2026-04-22T13:57:37.969448+00:00"
"Aragón","02","2017-03-01","marzo de 2017",6.42,"idealista_historico_ccaa","2026-04-22T13:57:37.969448+00:00"
"Aragón","02","2017-02-01","febrero de 2017",6.42,"idealista_historico_ccaa","2026-04-22T13:57:37.969448+00:00"
"Aragón","02","2017-01-01","enero de 2017",6.42,"idealista_historico_ccaa","2026-04-22T13:57:37.969448+00:00"
"Aragón","02","2016-12-01","diciembre de 2016",6.42,"idealista_historico_ccaa","2026-04-22T13:57:37.969448+00:00"
"Aragón","02","2016-11-01","noviembre de 2016",6.42,"idealista_historico_ccaa","2026-04-22T13:57:37.969448+00:00"
"Aragón","02","2016-10-01","octubre de 2016",6.42,"idealista_historico_ccaa","2026-04-22T13:57:37.969448+00:00"
"Aragón","02","2016-09-01","septiembre de 2016",6.32,"idealista_historico_ccaa","2026-04-22T13:57:37.969448+00:00"
"Aragón","02","2016-08-01","agosto de 2016",6.32,"idealista_historico_ccaa","2026-04-22T13:57:37.969448+00:00"
"Aragón","02","2016-07-01","julio de 2016",6.32,"idealista_historico_ccaa","2026-04-22T13:57:37.969448+00:00"
"Aragón","02","2016-06-01","junio de 2016",6.22,"idealista_historico_ccaa","2026-04-22T13:57:37.969448+00:00"
"Aragón","02","2016-05-01","mayo de 2016",6.22,"idealista_historico_ccaa","2026-04-22T13:57:37.969448+00:00"
"Aragón","02","2016-04-01","abril de 2016",6.12,"idealista_historico_ccaa","2026-04-22T13:57:37.969448+00:00"
"Aragón","02","2016-03-01","marzo de 2016",6.12,"idealista_historico_ccaa","2026-04-22T13:57:37.969448+00:00"
"Aragón","02","2016-02-01","febrero de 2016",6.12,"idealista_historico_ccaa","2026-04-22T13:57:37.969448+00:00"
"Aragón","02","2016-01-01","enero de 2016",6.12,"idealista_historico_ccaa","2026-04-22T13:57:37.969448+00:00"
"Aragón","02","2015-12-01","diciembre de 2015",6.12,"idealista_historico_ccaa","2026-04-22T13:57:37.969448+00:00"
"Aragón","02","2015-11-01","noviembre de 2015",6.02,"idealista_historico_ccaa","2026-04-22T13:57:37.969448+00:00"
"Aragón","02","2015-10-01","octubre de 2015",6.02,"idealista_historico_ccaa","2026-04-22T13:57:37.969448+00:00"
"Aragón","02","2015-09-01","septiembre de 2015",6.02,"idealista_historico_ccaa","2026-04-22T13:57:37.969448+00:00"
"Aragón","02","2015-08-01","agosto de 2015",6.02,"idealista_historico_ccaa","2026-04-22T13:57:37.969448+00:00"
"Aragón","02","2015-07-01","julio de 2015",6.02,"idealista_historico_ccaa","2026-04-22T13:57:37.969448+00:00"
"Aragón","02","2015-06-01","junio de 2015",5.92,"idealista_historico_ccaa","2026-04-22T13:57:37.969448+00:00"
"Aragón","02","2015-05-01","mayo de 2015",5.92,"idealista_historico_ccaa","2026-04-22T13:57:37.969448+00:00"
"Aragón","02","2015-04-01","abril de 2015",5.92,"idealista_historico_ccaa","2026-04-22T13:57:37.969448+00:00"
"Aragón","02","2015-03-01","marzo de 2015",5.92,"idealista_historico_ccaa","2026-04-22T13:57:37.969448+00:00"
"Aragón","02","2015-02-01","febrero de 2015",5.92,"idealista_historico_ccaa","2026-04-22T13:57:37.969448+00:00"
"Aragón","02","2015-01-01","enero de 2015",5.92,"idealista_historico_ccaa","2026-04-22T13:57:37.969448+00:00"
"Aragón","02","2014-12-01","diciembre de 2014",5.82,"idealista_historico_ccaa","2026-04-22T13:57:37.969448+00:00"
"Aragón","02","2014-11-01","noviembre de 2014",5.82,"idealista_historico_ccaa","2026-04-22T13:57:37.969448+00:00"
"Aragón","02","2014-10-01","octubre de 2014",5.82,"idealista_historico_ccaa","2026-04-22T13:57:37.969448+00:00"
"Aragón","02","2014-09-01","septiembre de 2014",5.82,"idealista_historico_ccaa","2026-04-22T13:57:37.969448+00:00"
"Aragón","02","2014-08-01","agosto de 2014",5.82,"idealista_historico_ccaa","2026-04-22T13:57:37.969448+00:00"
"Aragón","02","2014-07-01","julio de 2014",5.82,"idealista_historico_ccaa","2026-04-22T13:57:37.969448+00:00"
"Aragón","02","2014-06-01","junio de 2014",5.82,"idealista_historico_ccaa","2026-04-22T13:57:37.969448+00:00"
"Aragón","02","2014-05-01","mayo de 2014",5.82,"idealista_historico_ccaa","2026-04-22T13:57:37.969448+00:00"
"Aragón","02","2014-04-01","abril de 2014",5.92,"idealista_historico_ccaa","2026-04-22T13:57:37.969448+00:00"
"Aragón","02","2014-03-01","marzo de 2014",5.92,"idealista_historico_ccaa","2026-04-22T13:57:37.969448+00:00"
"Aragón","02","2014-02-01","febrero de 2014",5.92,"idealista_historico_ccaa","2026-04-22T13:57:37.969448+00:00"
"Aragón","02","2014-01-01","enero de 2014",6.02,"idealista_historico_ccaa","2026-04-22T13:57:37.969448+00:00"
"Aragón","02","2013-12-01","diciembre de 2013",6.02,"idealista_historico_ccaa","2026-04-22T13:57:37.969448+00:00"
"Aragón","02","2013-11-01","noviembre de 2013",6.12,"idealista_historico_ccaa","2026-04-22T13:57:37.969448+00:00"
"Aragón","02","2013-10-01","octubre de 2013",6.12,"idealista_historico_ccaa","2026-04-22T13:57:37.969448+00:00"
"Aragón","02","2013-09-01","septiembre de 2013",6.12,"idealista_historico_ccaa","2026-04-22T13:57:37.969448+00:00"
"Aragón","02","2013-08-01","agosto de 2013",6.12,"idealista_historico_ccaa","2026-04-22T13:57:37.969448+00:00"
"Aragón","02","2013-07-01","julio de 2013",6.12,"idealista_historico_ccaa","2026-04-22T13:57:37.969448+00:00"
"Aragón","02","2013-06-01","junio de 2013",6.12,"idealista_historico_ccaa","2026-04-22T13:57:37.969448+00:00"
"Aragón","02","2013-05-01","mayo de 2013",6.12,"idealista_historico_ccaa","2026-04-22T13:57:37.969448+00:00"
"Aragón","02","2013-04-01","abril de 2013",6.12,"idealista_historico_ccaa","2026-04-22T13:57:37.969448+00:00"
"Aragón","02","2013-03-01","marzo de 2013",6.22,"idealista_historico_ccaa","2026-04-22T13:57:37.969448+00:00"
"Aragón","02","2013-02-01","febrero de 2013",6.32,"idealista_historico_ccaa","2026-04-22T13:57:37.969448+00:00"
"Aragón","02","2013-01-01","enero de 2013",6.32,"idealista_historico_ccaa","2026-04-22T13:57:37.969448+00:00"
"Aragón","02","2012-12-01","diciembre de 2012",6.32,"idealista_historico_ccaa","2026-04-22T13:57:37.969448+00:00"
"Aragón","02","2012-11-01","noviembre de 2012",6.42,"idealista_historico_ccaa","2026-04-22T13:57:37.969448+00:00"
"Aragón","02","2012-10-01","octubre de 2012",6.42,"idealista_historico_ccaa","2026-04-22T13:57:37.969448+00:00"
"Aragón","02","2012-09-01","septiembre de 2012",6.52,"idealista_historico_ccaa","2026-04-22T13:57:37.969448+00:00"
"Aragón","02","2012-08-01","agosto de 2012",6.52,"idealista_historico_ccaa","2026-04-22T13:57:37.969448+00:00"
"Aragón","02","2012-07-01","julio de 2012",6.62,"idealista_historico_ccaa","2026-04-22T13:57:37.969448+00:00"
"Aragón","02","2012-06-01","junio de 2012",6.62,"idealista_historico_ccaa","2026-04-22T13:57:37.969448+00:00"
"Aragón","02","2012-05-01","mayo de 2012",6.82,"idealista_historico_ccaa","2026-04-22T13:57:37.969448+00:00"
"Aragón","02","2012-04-01","abril de 2012",6.82,"idealista_historico_ccaa","2026-04-22T13:57:37.969448+00:00"
"Aragón","02","2012-03-01","marzo de 2012",6.92,"idealista_historico_ccaa","2026-04-22T13:57:37.969448+00:00"
"Aragón","02","2012-02-01","febrero de 2012",7.02,"idealista_historico_ccaa","2026-04-22T13:57:37.969448+00:00"
"Aragón","02","2012-01-01","enero de 2012",7.02,"idealista_historico_ccaa","2026-04-22T13:57:37.969448+00:00"
"Aragón","02","2011-12-01","diciembre de 2011",7.02,"idealista_historico_ccaa","2026-04-22T13:57:37.969448+00:00"
"Aragón","02","2011-11-01","noviembre de 2011",7.02,"idealista_historico_ccaa","2026-04-22T13:57:37.969448+00:00"
"Aragón","02","2011-10-01","octubre de 2011",7.02,"idealista_historico_ccaa","2026-04-22T13:57:37.969448+00:00"
"Aragón","02","2011-09-01","septiembre de 2011",7.02,"idealista_historico_ccaa","2026-04-22T13:57:37.969448+00:00"
"Aragón","02","2011-08-01","agosto de 2011",7.02,"idealista_historico_ccaa","2026-04-22T13:57:37.969448+00:00"
"Aragón","02","2011-07-01","julio de 2011",7.02,"idealista_historico_ccaa","2026-04-22T13:57:37.969448+00:00"
"Aragón","02","2011-06-01","junio de 2011",6.92,"idealista_historico_ccaa","2026-04-22T13:57:37.969448+00:00"
"Aragón","02","2011-05-01","mayo de 2011",6.92,"idealista_historico_ccaa","2026-04-22T13:57:37.969448+00:00"
"Aragón","02","2011-04-01","abril de 2011",6.92,"idealista_historico_ccaa","2026-04-22T13:57:37.969448+00:00"
"Aragón","02","2011-03-01","marzo de 2011",6.82,"idealista_historico_ccaa","2026-04-22T13:57:37.969448+00:00"
"Aragón","02","2011-02-01","febrero de 2011",6.82,"idealista_historico_ccaa","2026-04-22T13:57:37.969448+00:00"
"Aragón","02","2011-01-01","enero de 2011",6.92,"idealista_historico_ccaa","2026-04-22T13:57:37.969448+00:00"
"Aragón","02","2010-12-01","diciembre de 2010",6.72,"idealista_historico_ccaa","2026-04-22T13:57:37.969448+00:00"
"Aragón","02","2010-11-01","noviembre de 2010",6.82,"idealista_historico_ccaa","2026-04-22T13:57:37.969448+00:00"
"Aragón","02","2010-10-01","octubre de 2010",6.82,"idealista_historico_ccaa","2026-04-22T13:57:37.969448+00:00"
"Aragón","02","2010-09-01","septiembre de 2010",6.82,"idealista_historico_ccaa","2026-04-22T13:57:37.969448+00:00"
"Aragón","02","2010-08-01","agosto de 2010",6.92,"idealista_historico_ccaa","2026-04-22T13:57:37.969448+00:00"
"Aragón","02","2010-07-01","julio de 2010",7.02,"idealista_historico_ccaa","2026-04-22T13:57:37.969448+00:00"
"Aragón","02","2010-06-01","junio de 2010",7.02,"idealista_historico_ccaa","2026-04-22T13:57:37.969448+00:00"
"Aragón","02","2010-05-01","mayo de 2010",7.12,"idealista_historico_ccaa","2026-04-22T13:57:37.969448+00:00"
"Aragón","02","2010-04-01","abril de 2010",7.02,"idealista_historico_ccaa","2026-04-22T13:57:37.969448+00:00"
"Aragón","02","2010-03-01","marzo de 2010",6.92,"idealista_historico_ccaa","2026-04-22T13:57:37.969448+00:00"
"Aragón","02","2010-02-01","febrero de 2010",7.02,"idealista_historico_ccaa","2026-04-22T13:57:37.969448+00:00"
"Aragón","02","2010-01-01","enero de 2010",6.82,"idealista_historico_ccaa","2026-04-22T13:57:37.969448+00:00"
"Aragón","02","2009-12-01","diciembre de 2009",6.92,"idealista_historico_ccaa","2026-04-22T13:57:37.969448+00:00"
"Aragón","02","2009-11-01","noviembre de 2009",7.12,"idealista_historico_ccaa","2026-04-22T13:57:37.969448+00:00"
"Aragón","02","2009-10-01","octubre de 2009",7.02,"idealista_historico_ccaa","2026-04-22T13:57:37.969448+00:00"
"Aragón","02","2009-09-01","septiembre de 2009",7.12,"idealista_historico_ccaa","2026-04-22T13:57:37.969448+00:00"
"Aragón","02","2009-08-01","agosto de 2009",7.22,"idealista_historico_ccaa","2026-04-22T13:57:37.969448+00:00"
"Aragón","02","2009-07-01","julio de 2009",7.02,"idealista_historico_ccaa","2026-04-22T13:57:37.969448+00:00"
"Aragón","02","2009-06-01","junio de 2009",7.52,"idealista_historico_ccaa","2026-04-22T13:57:37.969448+00:00"
"Aragón","02","2009-05-01","mayo de 2009",7.82,"idealista_historico_ccaa","2026-04-22T13:57:37.969448+00:00"
"Aragón","02","2009-04-01","abril de 2009",7.62,"idealista_historico_ccaa","2026-04-22T13:57:37.969448+00:00"
"Aragón","02","2009-03-01","marzo de 2009",7.82,"idealista_historico_ccaa","2026-04-22T13:57:37.969448+00:00"
"Aragón","02","2009-02-01","febrero de 2009",7.62,"idealista_historico_ccaa","2026-04-22T13:57:37.969448+00:00"
"Aragón","02","2009-01-01","enero de 2009",7.52,"idealista_historico_ccaa","2026-04-22T13:57:37.969448+00:00"
"Aragón","02","2008-12-01","diciembre de 2008",7.62,"idealista_historico_ccaa","2026-04-22T13:57:37.969448+00:00"
"Aragón","02","2008-11-01","noviembre de 2008",7.62,"idealista_historico_ccaa","2026-04-22T13:57:37.969448+00:00"
"Aragón","02","2008-10-01","octubre de 2008",7.72,"idealista_historico_ccaa","2026-04-22T13:57:37.969448+00:00"
"Aragón","02","2008-09-01","septiembre de 2008",7.92,"idealista_historico_ccaa","2026-04-22T13:57:37.969448+00:00"
"Aragón","02","2008-08-01","agosto de 2008",7.82,"idealista_historico_ccaa","2026-04-22T13:57:37.969448+00:00"
"Aragón","02","2008-07-01","julio de 2008",7.92,"idealista_historico_ccaa","2026-04-22T13:57:37.969448+00:00"
"Aragón","02","2008-06-01","junio de 2008",8.12,"idealista_historico_ccaa","2026-04-22T13:57:37.969448+00:00"
"Aragón","02","2008-05-01","mayo de 2008",7.92,"idealista_historico_ccaa","2026-04-22T13:57:37.969448+00:00"
"Aragón","02","2008-04-01","abril de 2008",8.62,"idealista_historico_ccaa","2026-04-22T13:57:37.969448+00:00"
"Navarra","15","2026-03-01","marzo de 2026",10.72,"idealista_historico_ccaa","2026-04-22T14:02:42.591894+00:00"
"Navarra","15","2026-02-01","febrero de 2026",10.92,"idealista_historico_ccaa","2026-04-22T14:02:42.591894+00:00"
"Navarra","15","2026-01-01","enero de 2026",11.22,"idealista_historico_ccaa","2026-04-22T14:02:42.591894+00:00"
"Navarra","15","2025-12-01","diciembre de 2025",11.12,"idealista_historico_ccaa","2026-04-22T14:02:42.591894+00:00"
"Navarra","15","2025-11-01","noviembre de 2025",10.72,"idealista_historico_ccaa","2026-04-22T14:02:42.591894+00:00"
"Navarra","15","2025-10-01","octubre de 2025",10.62,"idealista_historico_ccaa","2026-04-22T14:02:42.591894+00:00"
"Navarra","15","2025-09-01","septiembre de 2025",10.72,"idealista_historico_ccaa","2026-04-22T14:02:42.591894+00:00"
"Navarra","15","2025-08-01","agosto de 2025",10.82,"idealista_historico_ccaa","2026-04-22T14:02:42.591894+00:00"
"Navarra","15","2025-07-01","julio de 2025",10.62,"idealista_historico_ccaa","2026-04-22T14:02:42.591894+00:00"
"Navarra","15","2025-06-01","junio de 2025",10.52,"idealista_historico_ccaa","2026-04-22T14:02:42.591894+00:00"
"Navarra","15","2025-05-01","mayo de 2025",10.42,"idealista_historico_ccaa","2026-04-22T14:02:42.591894+00:00"
"Navarra","15","2025-04-01","abril de 2025",10.52,"idealista_historico_ccaa","2026-04-22T14:02:42.591894+00:00"
"Navarra","15","2025-03-01","marzo de 2025",10.52,"idealista_historico_ccaa","2026-04-22T14:02:42.591894+00:00"
"Navarra","15","2025-02-01","febrero de 2025",10.62,"idealista_historico_ccaa","2026-04-22T14:02:42.591894+00:00"
"Navarra","15","2025-01-01","enero de 2025",10.52,"idealista_historico_ccaa","2026-04-22T14:02:42.591894+00:00"
"Navarra","15","2024-12-01","diciembre de 2024",10.52,"idealista_historico_ccaa","2026-04-22T14:02:42.591894+00:00"
"Navarra","15","2024-11-01","noviembre de 2024",10.32,"idealista_historico_ccaa","2026-04-22T14:02:42.591894+00:00"
"Navarra","15","2024-10-01","octubre de 2024",10.32,"idealista_historico_ccaa","2026-04-22T14:02:42.591894+00:00"
"Navarra","15","2024-09-01","septiembre de 2024",10.22,"idealista_historico_ccaa","2026-04-22T14:02:42.591894+00:00"
"Navarra","15","2024-08-01","agosto de 2024",10.12,"idealista_historico_ccaa","2026-04-22T14:02:42.591894+00:00"
"Navarra","15","2024-07-01","julio de 2024",10.02,"idealista_historico_ccaa","2026-04-22T14:02:42.591894+00:00"
"Navarra","15","2024-06-01","junio de 2024",10.02,"idealista_historico_ccaa","2026-04-22T14:02:42.591894+00:00"
"Navarra","15","2024-05-01","mayo de 2024",10.22,"idealista_historico_ccaa","2026-04-22T14:02:42.591894+00:00"
"Navarra","15","2024-04-01","abril de 2024",10.12,"idealista_historico_ccaa","2026-04-22T14:02:42.591894+00:00"
"Navarra","15","2024-03-01","marzo de 2024",10.02,"idealista_historico_ccaa","2026-04-22T14:02:42.591894+00:00"
"Navarra","15","2024-02-01","febrero de 2024",9.92,"idealista_historico_ccaa","2026-04-22T14:02:42.591894+00:00"
"Navarra","15","2024-01-01","enero de 2024",9.82,"idealista_historico_ccaa","2026-04-22T14:02:42.591894+00:00"
"Navarra","15","2023-12-01","diciembre de 2023",9.82,"idealista_historico_ccaa","2026-04-22T14:02:42.591894+00:00"
"Navarra","15","2023-11-01","noviembre de 2023",9.72,"idealista_historico_ccaa","2026-04-22T14:02:42.591894+00:00"
"Navarra","15","2023-10-01","octubre de 2023",9.62,"idealista_historico_ccaa","2026-04-22T14:02:42.591894+00:00"
"Navarra","15","2023-09-01","septiembre de 2023",9.62,"idealista_historico_ccaa","2026-04-22T14:02:42.591894+00:00"
"Navarra","15","2023-08-01","agosto de 2023",9.72,"idealista_historico_ccaa","2026-04-22T14:02:42.591894+00:00"
"Navarra","15","2023-07-01","julio de 2023",9.72,"idealista_historico_ccaa","2026-04-22T14:02:42.591894+00:00"
"Navarra","15","2023-06-01","junio de 2023",9.72,"idealista_historico_ccaa","2026-04-22T14:02:42.591894+00:00"
"Navarra","15","2023-05-01","mayo de 2023",9.52,"idealista_historico_ccaa","2026-04-22T14:02:42.591894+00:00"
"Navarra","15","2023-04-01","abril de 2023",9.52,"idealista_historico_ccaa","2026-04-22T14:02:42.591894+00:00"
"Navarra","15","2023-03-01","marzo de 2023",9.62,"idealista_historico_ccaa","2026-04-22T14:02:42.591894+00:00"
"Navarra","15","2023-02-01","febrero de 2023",9.42,"idealista_historico_ccaa","2026-04-22T14:02:42.591894+00:00"
"Navarra","15","2023-01-01","enero de 2023",9.32,"idealista_historico_ccaa","2026-04-22T14:02:42.591894+00:00"
"Navarra","15","2022-12-01","diciembre de 2022",9.32,"idealista_historico_ccaa","2026-04-22T14:02:42.591894+00:00"
"Navarra","15","2022-11-01","noviembre de 2022",9.32,"idealista_historico_ccaa","2026-04-22T14:02:42.591894+00:00"
"Navarra","15","2022-10-01","octubre de 2022",9.42,"idealista_historico_ccaa","2026-04-22T14:02:42.591894+00:00"
"Navarra","15","2022-09-01","septiembre de 2022",9.32,"idealista_historico_ccaa","2026-04-22T14:02:42.591894+00:00"
"Navarra","15","2022-08-01","agosto de 2022",9.42,"idealista_historico_ccaa","2026-04-22T14:02:42.591894+00:00"
"Navarra","15","2022-07-01","julio de 2022",9.32,"idealista_historico_ccaa","2026-04-22T14:02:42.591894+00:00"
"Navarra","15","2022-06-01","junio de 2022",9.32,"idealista_historico_ccaa","2026-04-22T14:02:42.591894+00:00"
"Navarra","15","2022-05-01","mayo de 2022",9.22,"idealista_historico_ccaa","2026-04-22T14:02:42.591894+00:00"
"Navarra","15","2022-04-01","abril de 2022",9.12,"idealista_historico_ccaa","2026-04-22T14:02:42.591894+00:00"
"Navarra","15","2022-03-01","marzo de 2022",9.12,"idealista_historico_ccaa","2026-04-22T14:02:42.591894+00:00"
"Navarra","15","2022-02-01","febrero de 2022",9.02,"idealista_historico_ccaa","2026-04-22T14:02:42.591894+00:00"
"Navarra","15","2022-01-01","enero de 2022",9.02,"idealista_historico_ccaa","2026-04-22T14:02:42.591894+00:00"
"Navarra","15","2021-12-01","diciembre de 2021",9.02,"idealista_historico_ccaa","2026-04-22T14:02:42.591894+00:00"
"Navarra","15","2021-11-01","noviembre de 2021",8.92,"idealista_historico_ccaa","2026-04-22T14:02:42.591894+00:00"
"Navarra","15","2021-10-01","octubre de 2021",8.92,"idealista_historico_ccaa","2026-04-22T14:02:42.591894+00:00"
"Navarra","15","2021-09-01","septiembre de 2021",8.92,"idealista_historico_ccaa","2026-04-22T14:02:42.591894+00:00"
"Navarra","15","2021-08-01","agosto de 2021",8.92,"idealista_historico_ccaa","2026-04-22T14:02:42.591894+00:00"
"Navarra","15","2021-07-01","julio de 2021",8.92,"idealista_historico_ccaa","2026-04-22T14:02:42.591894+00:00"
"Navarra","15","2021-06-01","junio de 2021",8.92,"idealista_historico_ccaa","2026-04-22T14:02:42.591894+00:00"
"Navarra","15","2021-05-01","mayo de 2021",8.82,"idealista_historico_ccaa","2026-04-22T14:02:42.591894+00:00"
"Navarra","15","2021-04-01","abril de 2021",8.92,"idealista_historico_ccaa","2026-04-22T14:02:42.591894+00:00"
"Navarra","15","2021-03-01","marzo de 2021",8.82,"idealista_historico_ccaa","2026-04-22T14:02:42.591894+00:00"
"Navarra","15","2021-02-01","febrero de 2021",8.82,"idealista_historico_ccaa","2026-04-22T14:02:42.591894+00:00"
"Navarra","15","2021-01-01","enero de 2021",8.72,"idealista_historico_ccaa","2026-04-22T14:02:42.591894+00:00"
"Navarra","15","2020-12-01","diciembre de 2020",8.72,"idealista_historico_ccaa","2026-04-22T14:02:42.591894+00:00"
"Navarra","15","2020-11-01","noviembre de 2020",8.52,"idealista_historico_ccaa","2026-04-22T14:02:42.591894+00:00"
"Navarra","15","2020-10-01","octubre de 2020",8.52,"idealista_historico_ccaa","2026-04-22T14:02:42.591894+00:00"
"Navarra","15","2020-09-01","septiembre de 2020",8.62,"idealista_historico_ccaa","2026-04-22T14:02:42.591894+00:00"
"Navarra","15","2020-08-01","agosto de 2020",8.42,"idealista_historico_ccaa","2026-04-22T14:02:42.591894+00:00"
"Navarra","15","2020-07-01","julio de 2020",8.42,"idealista_historico_ccaa","2026-04-22T14:02:42.591894+00:00"
"Navarra","15","2020-06-01","junio de 2020",8.52,"idealista_historico_ccaa","2026-04-22T14:02:42.591894+00:00"
"Navarra","15","2020-05-01","mayo de 2020",8.52,"idealista_historico_ccaa","2026-04-22T14:02:42.591894+00:00"
"Navarra","15","2020-04-01","abril de 2020",8.52,"idealista_historico_ccaa","2026-04-22T14:02:42.591894+00:00"
"Navarra","15","2020-03-01","marzo de 2020",8.42,"idealista_historico_ccaa","2026-04-22T14:02:42.591894+00:00"
"Navarra","15","2020-02-01","febrero de 2020",8.42,"idealista_historico_ccaa","2026-04-22T14:02:42.591894+00:00"
"Navarra","15","2020-01-01","enero de 2020",8.32,"idealista_historico_ccaa","2026-04-22T14:02:42.591894+00:00"
"Navarra","15","2019-12-01","diciembre de 2019",8.32,"idealista_historico_ccaa","2026-04-22T14:02:42.591894+00:00"
"Navarra","15","2019-11-01","noviembre de 2019",8.42,"idealista_historico_ccaa","2026-04-22T14:02:42.591894+00:00"
"Navarra","15","2019-10-01","octubre de 2019",8.32,"idealista_historico_ccaa","2026-04-22T14:02:42.591894+00:00"
"Navarra","15","2019-09-01","septiembre de 2019",8.22,"idealista_historico_ccaa","2026-04-22T14:02:42.591894+00:00"
"Navarra","15","2019-08-01","agosto de 2019",8.32,"idealista_historico_ccaa","2026-04-22T14:02:42.591894+00:00"
"Navarra","15","2019-07-01","julio de 2019",8.22,"idealista_historico_ccaa","2026-04-22T14:02:42.591894+00:00"
"Navarra","15","2019-06-01","junio de 2019",8.12,"idealista_historico_ccaa","2026-04-22T14:02:42.591894+00:00"
"Navarra","15","2019-05-01","mayo de 2019",7.82,"idealista_historico_ccaa","2026-04-22T14:02:42.591894+00:00"
"Navarra","15","2019-04-01","abril de 2019",7.52,"idealista_historico_ccaa","2026-04-22T14:02:42.591894+00:00"
"Navarra","15","2019-03-01","marzo de 2019",7.62,"idealista_historico_ccaa","2026-04-22T14:02:42.591894+00:00"
"Navarra","15","2019-02-01","febrero de 2019",7.62,"idealista_historico_ccaa","2026-04-22T14:02:42.591894+00:00"
"Navarra","15","2019-01-01","enero de 2019",7.72,"idealista_historico_ccaa","2026-04-22T14:02:42.591894+00:00"
"Navarra","15","2018-12-01","diciembre de 2018",7.72,"idealista_historico_ccaa","2026-04-22T14:02:42.591894+00:00"
"Navarra","15","2018-11-01","noviembre de 2018",7.72,"idealista_historico_ccaa","2026-04-22T14:02:42.591894+00:00"
"Navarra","15","2018-10-01","octubre de 2018",7.72,"idealista_historico_ccaa","2026-04-22T14:02:42.591894+00:00"
"Navarra","15","2018-09-01","septiembre de 2018",7.62,"idealista_historico_ccaa","2026-04-22T14:02:42.591894+00:00"
"Navarra","15","2018-08-01","agosto de 2018",7.52,"idealista_historico_ccaa","2026-04-22T14:02:42.591894+00:00"
"Navarra","15","2018-07-01","julio de 2018",7.52,"idealista_historico_ccaa","2026-04-22T14:02:42.591894+00:00"
"Navarra","15","2018-06-01","junio de 2018",7.42,"idealista_historico_ccaa","2026-04-22T14:02:42.591894+00:00"
"Navarra","15","2018-05-01","mayo de 2018",7.32,"idealista_historico_ccaa","2026-04-22T14:02:42.591894+00:00"
"Navarra","15","2018-04-01","abril de 2018",7.22,"idealista_historico_ccaa","2026-04-22T14:02:42.591894+00:00"
"Navarra","15","2018-03-01","marzo de 2018",7.22,"idealista_historico_ccaa","2026-04-22T14:02:42.591894+00:00"
"Navarra","15","2018-02-01","febrero de 2018",7.12,"idealista_historico_ccaa","2026-04-22T14:02:42.591894+00:00"
"Navarra","15","2018-01-01","enero de 2018",7.12,"idealista_historico_ccaa","2026-04-22T14:02:42.591894+00:00"
"Navarra","15","2017-12-01","diciembre de 2017",7.02,"idealista_historico_ccaa","2026-04-22T14:02:42.591894+00:00"
"Navarra","15","2017-11-01","noviembre de 2017",7.02,"idealista_historico_ccaa","2026-04-22T14:02:42.591894+00:00"
"Navarra","15","2017-10-01","octubre de 2017",7.12,"idealista_historico_ccaa","2026-04-22T14:02:42.591894+00:00"
"Navarra","15","2017-09-01","septiembre de 2017",7.02,"idealista_historico_ccaa","2026-04-22T14:02:42.591894+00:00"
"Navarra","15","2017-08-01","agosto de 2017",7.02,"idealista_historico_ccaa","2026-04-22T14:02:42.591894+00:00"
"Navarra","15","2017-07-01","julio de 2017",6.92,"idealista_historico_ccaa","2026-04-22T14:02:42.591894+00:00"
"Navarra","15","2017-06-01","junio de 2017",6.92,"idealista_historico_ccaa","2026-04-22T14:02:42.591894+00:00"
"Navarra","15","2017-05-01","mayo de 2017",6.72,"idealista_historico_ccaa","2026-04-22T14:02:42.591894+00:00"
"Navarra","15","2017-04-01","abril de 2017",6.82,"idealista_historico_ccaa","2026-04-22T14:02:42.591894+00:00"
"Navarra","15","2017-03-01","marzo de 2017",6.82,"idealista_historico_ccaa","2026-04-22T14:02:42.591894+00:00"
"Navarra","15","2017-02-01","febrero de 2017",6.72,"idealista_historico_ccaa","2026-04-22T14:02:42.591894+00:00"
"Navarra","15","2017-01-01","enero de 2017",6.62,"idealista_historico_ccaa","2026-04-22T14:02:42.591894+00:00"
"Navarra","15","2016-12-01","diciembre de 2016",6.62,"idealista_historico_ccaa","2026-04-22T14:02:42.591894+00:00"
"Navarra","15","2016-11-01","noviembre de 2016",6.52,"idealista_historico_ccaa","2026-04-22T14:02:42.591894+00:00"
"Navarra","15","2016-10-01","octubre de 2016",6.62,"idealista_historico_ccaa","2026-04-22T14:02:42.591894+00:00"
"Navarra","15","2016-09-01","septiembre de 2016",6.62,"idealista_historico_ccaa","2026-04-22T14:02:42.591894+00:00"
"Navarra","15","2016-08-01","agosto de 2016",6.62,"idealista_historico_ccaa","2026-04-22T14:02:42.591894+00:00"
"Navarra","15","2016-07-01","julio de 2016",6.72,"idealista_historico_ccaa","2026-04-22T14:02:42.591894+00:00"
"Navarra","15","2016-06-01","junio de 2016",6.72,"idealista_historico_ccaa","2026-04-22T14:02:42.591894+00:00"
"Navarra","15","2016-05-01","mayo de 2016",6.62,"idealista_historico_ccaa","2026-04-22T14:02:42.591894+00:00"
"Navarra","15","2016-04-01","abril de 2016",6.52,"idealista_historico_ccaa","2026-04-22T14:02:42.591894+00:00"
"Navarra","15","2016-03-01","marzo de 2016",6.62,"idealista_historico_ccaa","2026-04-22T14:02:42.591894+00:00"
"Navarra","15","2016-02-01","febrero de 2016",6.52,"idealista_historico_ccaa","2026-04-22T14:02:42.591894+00:00"
"Navarra","15","2016-01-01","enero de 2016",6.42,"idealista_historico_ccaa","2026-04-22T14:02:42.591894+00:00"
"Navarra","15","2015-12-01","diciembre de 2015",6.32,"idealista_historico_ccaa","2026-04-22T14:02:42.591894+00:00"
"Navarra","15","2015-11-01","noviembre de 2015",6.42,"idealista_historico_ccaa","2026-04-22T14:02:42.591894+00:00"
"Navarra","15","2015-10-01","octubre de 2015",6.42,"idealista_historico_ccaa","2026-04-22T14:02:42.591894+00:00"
"Navarra","15","2015-09-01","septiembre de 2015",6.42,"idealista_historico_ccaa","2026-04-22T14:02:42.591894+00:00"
"Navarra","15","2015-08-01","agosto de 2015",6.42,"idealista_historico_ccaa","2026-04-22T14:02:42.591894+00:00"
"Navarra","15","2015-07-01","julio de 2015",6.42,"idealista_historico_ccaa","2026-04-22T14:02:42.591894+00:00"
"Navarra","15","2015-06-01","junio de 2015",6.42,"idealista_historico_ccaa","2026-04-22T14:02:42.591894+00:00"
"Navarra","15","2015-05-01","mayo de 2015",6.32,"idealista_historico_ccaa","2026-04-22T14:02:42.591894+00:00"
"Navarra","15","2015-04-01","abril de 2015",6.32,"idealista_historico_ccaa","2026-04-22T14:02:42.591894+00:00"
"Navarra","15","2015-03-01","marzo de 2015",6.22,"idealista_historico_ccaa","2026-04-22T14:02:42.591894+00:00"
"Navarra","15","2015-02-01","febrero de 2015",6.32,"idealista_historico_ccaa","2026-04-22T14:02:42.591894+00:00"
"Navarra","15","2015-01-01","enero de 2015",6.32,"idealista_historico_ccaa","2026-04-22T14:02:42.591894+00:00"
"Navarra","15","2014-12-01","diciembre de 2014",6.32,"idealista_historico_ccaa","2026-04-22T14:02:42.591894+00:00"
"Navarra","15","2014-11-01","noviembre de 2014",6.32,"idealista_historico_ccaa","2026-04-22T14:02:42.591894+00:00"
"Navarra","15","2014-10-01","octubre de 2014",6.32,"idealista_historico_ccaa","2026-04-22T14:02:42.591894+00:00"
"Navarra","15","2014-09-01","septiembre de 2014",6.32,"idealista_historico_ccaa","2026-04-22T14:02:42.591894+00:00"
"Navarra","15","2014-08-01","agosto de 2014",6.42,"idealista_historico_ccaa","2026-04-22T14:02:42.591894+00:00"
"Navarra","15","2014-07-01","julio de 2014",6.42,"idealista_historico_ccaa","2026-04-22T14:02:42.591894+00:00"
"Navarra","15","2014-06-01","junio de 2014",6.32,"idealista_historico_ccaa","2026-04-22T14:02:42.591894+00:00"
"Navarra","15","2014-05-01","mayo de 2014",6.32,"idealista_historico_ccaa","2026-04-22T14:02:42.591894+00:00"
"Navarra","15","2014-04-01","abril de 2014",6.32,"idealista_historico_ccaa","2026-04-22T14:02:42.591894+00:00"
"Navarra","15","2014-03-01","marzo de 2014",6.32,"idealista_historico_ccaa","2026-04-22T14:02:42.591894+00:00"
"Navarra","15","2014-02-01","febrero de 2014",6.32,"idealista_historico_ccaa","2026-04-22T14:02:42.591894+00:00"
"Navarra","15","2014-01-01","enero de 2014",6.32,"idealista_historico_ccaa","2026-04-22T14:02:42.591894+00:00"
"Navarra","15","2013-12-01","diciembre de 2013",6.32,"idealista_historico_ccaa","2026-04-22T14:02:42.591894+00:00"
"Navarra","15","2013-11-01","noviembre de 2013",6.42,"idealista_historico_ccaa","2026-04-22T14:02:42.591894+00:00"
"Navarra","15","2013-10-01","octubre de 2013",6.42,"idealista_historico_ccaa","2026-04-22T14:02:42.591894+00:00"
"Navarra","15","2013-09-01","septiembre de 2013",6.42,"idealista_historico_ccaa","2026-04-22T14:02:42.591894+00:00"
"Navarra","15","2013-08-01","agosto de 2013",6.42,"idealista_historico_ccaa","2026-04-22T14:02:42.591894+00:00"
"Navarra","15","2013-07-01","julio de 2013",6.52,"idealista_historico_ccaa","2026-04-22T14:02:42.591894+00:00"
"Navarra","15","2013-06-01","junio de 2013",6.52,"idealista_historico_ccaa","2026-04-22T14:02:42.591894+00:00"
"Navarra","15","2013-05-01","mayo de 2013",6.62,"idealista_historico_ccaa","2026-04-22T14:02:42.591894+00:00"
"Navarra","15","2013-04-01","abril de 2013",6.52,"idealista_historico_ccaa","2026-04-22T14:02:42.591894+00:00"
"Navarra","15","2013-03-01","marzo de 2013",6.62,"idealista_historico_ccaa","2026-04-22T14:02:42.591894+00:00"
"Navarra","15","2013-02-01","febrero de 2013",6.72,"idealista_historico_ccaa","2026-04-22T14:02:42.591894+00:00"
"Navarra","15","2013-01-01","enero de 2013",6.72,"idealista_historico_ccaa","2026-04-22T14:02:42.591894+00:00"
"Navarra","15","2012-12-01","diciembre de 2012",6.82,"idealista_historico_ccaa","2026-04-22T14:02:42.591894+00:00"
"Navarra","15","2012-11-01","noviembre de 2012",6.92,"idealista_historico_ccaa","2026-04-22T14:02:42.591894+00:00"
"Navarra","15","2012-10-01","octubre de 2012",7.02,"idealista_historico_ccaa","2026-04-22T14:02:42.591894+00:00"
"Navarra","15","2012-09-01","septiembre de 2012",7.12,"idealista_historico_ccaa","2026-04-22T14:02:42.591894+00:00"
"Navarra","15","2012-08-01","agosto de 2012",7.12,"idealista_historico_ccaa","2026-04-22T14:02:42.591894+00:00"
"Navarra","15","2012-07-01","julio de 2012",7.32,"idealista_historico_ccaa","2026-04-22T14:02:42.591894+00:00"
"Navarra","15","2012-06-01","junio de 2012",7.32,"idealista_historico_ccaa","2026-04-22T14:02:42.591894+00:00"
"Navarra","15","2012-05-01","mayo de 2012",7.52,"idealista_historico_ccaa","2026-04-22T14:02:42.591894+00:00"
"Navarra","15","2012-04-01","abril de 2012",7.62,"idealista_historico_ccaa","2026-04-22T14:02:42.591894+00:00"
"Navarra","15","2012-03-01","marzo de 2012",7.62,"idealista_historico_ccaa","2026-04-22T14:02:42.591894+00:00"
"Navarra","15","2012-02-01","febrero de 2012",7.52,"idealista_historico_ccaa","2026-04-22T14:02:42.591894+00:00"
"Navarra","15","2012-01-01","enero de 2012",7.42,"idealista_historico_ccaa","2026-04-22T14:02:42.591894+00:00"
"Navarra","15","2011-12-01","diciembre de 2011",7.32,"idealista_historico_ccaa","2026-04-22T14:02:42.591894+00:00"
"Navarra","15","2011-11-01","noviembre de 2011",7.32,"idealista_historico_ccaa","2026-04-22T14:02:42.591894+00:00"
"Navarra","15","2011-10-01","octubre de 2011",7.32,"idealista_historico_ccaa","2026-04-22T14:02:42.591894+00:00"
"Navarra","15","2011-09-01","septiembre de 2011",7.42,"idealista_historico_ccaa","2026-04-22T14:02:42.591894+00:00"
"Navarra","15","2011-08-01","agosto de 2011",7.42,"idealista_historico_ccaa","2026-04-22T14:02:42.591894+00:00"
"Navarra","15","2011-07-01","julio de 2011",7.32,"idealista_historico_ccaa","2026-04-22T14:02:42.591894+00:00"
"Navarra","15","2011-06-01","junio de 2011",7.12,"idealista_historico_ccaa","2026-04-22T14:02:42.591894+00:00"
"Navarra","15","2011-05-01","mayo de 2011",6.72,"idealista_historico_ccaa","2026-04-22T14:02:42.591894+00:00"
"Navarra","15","2011-04-01","abril de 2011",6.72,"idealista_historico_ccaa","2026-04-22T14:02:42.591894+00:00"
"Navarra","15","2011-03-01","marzo de 2011",6.82,"idealista_historico_ccaa","2026-04-22T14:02:42.591894+00:00"
"Navarra","15","2011-02-01","febrero de 2011",6.62,"idealista_historico_ccaa","2026-04-22T14:02:42.591894+00:00"
"Navarra","15","2011-01-01","enero de 2011",6.72,"idealista_historico_ccaa","2026-04-22T14:02:42.591894+00:00"
"Navarra","15","2010-12-01","diciembre de 2010",6.62,"idealista_historico_ccaa","2026-04-22T14:02:42.591894+00:00"
"Navarra","15","2010-11-01","noviembre de 2010",6.52,"idealista_historico_ccaa","2026-04-22T14:02:42.591894+00:00"
"Navarra","15","2010-10-01","octubre de 2010",6.52,"idealista_historico_ccaa","2026-04-22T14:02:42.591894+00:00"
"Navarra","15","2010-09-01","septiembre de 2010",6.62,"idealista_historico_ccaa","2026-04-22T14:02:42.591894+00:00"
"Navarra","15","2010-08-01","agosto de 2010",6.62,"idealista_historico_ccaa","2026-04-22T14:02:42.591894+00:00"
"Navarra","15","2010-07-01","julio de 2010",6.82,"idealista_historico_ccaa","2026-04-22T14:02:42.591894+00:00"
"Navarra","15","2010-06-01","junio de 2010",6.42,"idealista_historico_ccaa","2026-04-22T14:02:42.591894+00:00"
"Melilla","19","2026-03-01","marzo de 2026",10.92,"idealista_historico_ccaa","2026-04-22T14:04:08.580394+00:00"
"Melilla","19","2026-02-01","febrero de 2026",10.92,"idealista_historico_ccaa","2026-04-22T14:04:08.580394+00:00"
"Melilla","19","2026-01-01","enero de 2026",10.62,"idealista_historico_ccaa","2026-04-22T14:04:08.580394+00:00"
"Melilla","19","2025-12-01","diciembre de 2025",10.42,"idealista_historico_ccaa","2026-04-22T14:04:08.580394+00:00"
"Melilla","19","2025-11-01","noviembre de 2025",10.32,"idealista_historico_ccaa","2026-04-22T14:04:08.580394+00:00"
"Melilla","19","2025-10-01","octubre de 2025",10.32,"idealista_historico_ccaa","2026-04-22T14:04:08.580394+00:00"
"Melilla","19","2025-09-01","septiembre de 2025",10.22,"idealista_historico_ccaa","2026-04-22T14:04:08.580394+00:00"
"Melilla","19","2025-08-01","agosto de 2025",10.22,"idealista_historico_ccaa","2026-04-22T14:04:08.580394+00:00"
"Melilla","19","2025-07-01","julio de 2025",10.32,"idealista_historico_ccaa","2026-04-22T14:04:08.580394+00:00"
"Melilla","19","2025-06-01","junio de 2025",10.32,"idealista_historico_ccaa","2026-04-22T14:04:08.580394+00:00"
"Melilla","19","2025-05-01","mayo de 2025",10.22,"idealista_historico_ccaa","2026-04-22T14:04:08.580394+00:00"
"Melilla","19","2025-04-01","abril de 2025",10.22,"idealista_historico_ccaa","2026-04-22T14:04:08.580394+00:00"
"Melilla","19","2025-03-01","marzo de 2025",10.02,"idealista_historico_ccaa","2026-04-22T14:04:08.580394+00:00"
"Melilla","19","2025-02-01","febrero de 2025",10.02,"idealista_historico_ccaa","2026-04-22T14:04:08.580394+00:00"
"Melilla","19","2025-01-01","enero de 2025",10.02,"idealista_historico_ccaa","2026-04-22T14:04:08.580394+00:00"
"Melilla","19","2024-12-01","diciembre de 2024",10.02,"idealista_historico_ccaa","2026-04-22T14:04:08.580394+00:00"
"Melilla","19","2024-11-01","noviembre de 2024",9.92,"idealista_historico_ccaa","2026-04-22T14:04:08.580394+00:00"
"Melilla","19","2024-10-01","octubre de 2024",9.82,"idealista_historico_ccaa","2026-04-22T14:04:08.580394+00:00"
"Melilla","19","2024-09-01","septiembre de 2024",9.92,"idealista_historico_ccaa","2026-04-22T14:04:08.580394+00:00"
"Melilla","19","2024-08-01","agosto de 2024",10.22,"idealista_historico_ccaa","2026-04-22T14:04:08.580394+00:00"
"Melilla","19","2024-07-01","julio de 2024",10.42,"idealista_historico_ccaa","2026-04-22T14:04:08.580394+00:00"
"Melilla","19","2024-06-01","junio de 2024",10.02,"idealista_historico_ccaa","2026-04-22T14:04:08.580394+00:00"
"Melilla","19","2024-05-01","mayo de 2024",9.82,"idealista_historico_ccaa","2026-04-22T14:04:08.580394+00:00"
"Melilla","19","2024-04-01","abril de 2024",9.92,"idealista_historico_ccaa","2026-04-22T14:04:08.580394+00:00"
"Melilla","19","2024-03-01","marzo de 2024",9.92,"idealista_historico_ccaa","2026-04-22T14:04:08.580394+00:00"
"Melilla","19","2024-02-01","febrero de 2024",9.92,"idealista_historico_ccaa","2026-04-22T14:04:08.580394+00:00"
"Melilla","19","2024-01-01","enero de 2024",9.42,"idealista_historico_ccaa","2026-04-22T14:04:08.580394+00:00"
"Melilla","19","2023-12-01","diciembre de 2023",9.62,"idealista_historico_ccaa","2026-04-22T14:04:08.580394+00:00"
"Melilla","19","2023-11-01","noviembre de 2023",9.32,"idealista_historico_ccaa","2026-04-22T14:04:08.580394+00:00"
"Melilla","19","2023-10-01","octubre de 2023",9.42,"idealista_historico_ccaa","2026-04-22T14:04:08.580394+00:00"
"Melilla","19","2023-09-01","septiembre de 2023",9.42,"idealista_historico_ccaa","2026-04-22T14:04:08.580394+00:00"
"Melilla","19","2023-08-01","agosto de 2023",9.42,"idealista_historico_ccaa","2026-04-22T14:04:08.580394+00:00"
"Melilla","19","2023-07-01","julio de 2023",9.32,"idealista_historico_ccaa","2026-04-22T14:04:08.580394+00:00"
"Melilla","19","2023-06-01","junio de 2023",9.42,"idealista_historico_ccaa","2026-04-22T14:04:08.580394+00:00"
"Melilla","19","2023-05-01","mayo de 2023",9.42,"idealista_historico_ccaa","2026-04-22T14:04:08.580394+00:00"
"Melilla","19","2023-04-01","abril de 2023",9.92,"idealista_historico_ccaa","2026-04-22T14:04:08.580394+00:00"
"Melilla","19","2023-03-01","marzo de 2023",9.72,"idealista_historico_ccaa","2026-04-22T14:04:08.580394+00:00"
"Melilla","19","2023-02-01","febrero de 2023",9.52,"idealista_historico_ccaa","2026-04-22T14:04:08.580394+00:00"
"Melilla","19","2023-01-01","enero de 2023",9.32,"idealista_historico_ccaa","2026-04-22T14:04:08.580394+00:00"
"Melilla","19","2022-12-01","diciembre de 2022",9.22,"idealista_historico_ccaa","2026-04-22T14:04:08.580394+00:00"
"Melilla","19","2022-11-01","noviembre de 2022",9.02,"idealista_historico_ccaa","2026-04-22T14:04:08.580394+00:00"
"Melilla","19","2022-10-01","octubre de 2022",9.12,"idealista_historico_ccaa","2026-04-22T14:04:08.580394+00:00"
"Melilla","19","2022-09-01","septiembre de 2022",9.12,"idealista_historico_ccaa","2026-04-22T14:04:08.580394+00:00"
"Melilla","19","2022-08-01","agosto de 2022",9.12,"idealista_historico_ccaa","2026-04-22T14:04:08.580394+00:00"
"Melilla","19","2022-07-01","julio de 2022",9.22,"idealista_historico_ccaa","2026-04-22T14:04:08.580394+00:00"
"Melilla","19","2022-06-01","junio de 2022",9.12,"idealista_historico_ccaa","2026-04-22T14:04:08.580394+00:00"
"Melilla","19","2022-05-01","mayo de 2022",9.22,"idealista_historico_ccaa","2026-04-22T14:04:08.580394+00:00"
"Melilla","19","2022-04-01","abril de 2022",9.02,"idealista_historico_ccaa","2026-04-22T14:04:08.580394+00:00"
"Melilla","19","2022-03-01","marzo de 2022",9.12,"idealista_historico_ccaa","2026-04-22T14:04:08.580394+00:00"
"Melilla","19","2022-02-01","febrero de 2022",9.12,"idealista_historico_ccaa","2026-04-22T14:04:08.580394+00:00"
"Melilla","19","2022-01-01","enero de 2022",9.02,"idealista_historico_ccaa","2026-04-22T14:04:08.580394+00:00"
"Melilla","19","2021-12-01","diciembre de 2021",9.02,"idealista_historico_ccaa","2026-04-22T14:04:08.580394+00:00"
"Melilla","19","2021-11-01","noviembre de 2021",9.12,"idealista_historico_ccaa","2026-04-22T14:04:08.580394+00:00"
"Melilla","19","2021-10-01","octubre de 2021",9.12,"idealista_historico_ccaa","2026-04-22T14:04:08.580394+00:00"
"Melilla","19","2021-09-01","septiembre de 2021",9.02,"idealista_historico_ccaa","2026-04-22T14:04:08.580394+00:00"
"Melilla","19","2021-08-01","agosto de 2021",9.02,"idealista_historico_ccaa","2026-04-22T14:04:08.580394+00:00"
"Melilla","19","2021-07-01","julio de 2021",9.22,"idealista_historico_ccaa","2026-04-22T14:04:08.580394+00:00"
"Melilla","19","2021-06-01","junio de 2021",9.22,"idealista_historico_ccaa","2026-04-22T14:04:08.580394+00:00"
"Melilla","19","2021-05-01","mayo de 2021",9.22,"idealista_historico_ccaa","2026-04-22T14:04:08.580394+00:00"
"Melilla","19","2021-04-01","abril de 2021",8.92,"idealista_historico_ccaa","2026-04-22T14:04:08.580394+00:00"
"Melilla","19","2021-03-01","marzo de 2021",8.72,"idealista_historico_ccaa","2026-04-22T14:04:08.580394+00:00"
"Melilla","19","2021-02-01","febrero de 2021",8.42,"idealista_historico_ccaa","2026-04-22T14:04:08.580394+00:00"
"Melilla","19","2021-01-01","enero de 2021",8.32,"idealista_historico_ccaa","2026-04-22T14:04:08.580394+00:00"
"Melilla","19","2020-12-01","diciembre de 2020",8.52,"idealista_historico_ccaa","2026-04-22T14:04:08.580394+00:00"
"Melilla","19","2020-11-01","noviembre de 2020",8.72,"idealista_historico_ccaa","2026-04-22T14:04:08.580394+00:00"
"Melilla","19","2020-10-01","octubre de 2020",8.72,"idealista_historico_ccaa","2026-04-22T14:04:08.580394+00:00"
"Melilla","19","2020-09-01","septiembre de 2020",8.62,"idealista_historico_ccaa","2026-04-22T14:04:08.580394+00:00"
"Melilla","19","2020-08-01","agosto de 2020",8.52,"idealista_historico_ccaa","2026-04-22T14:04:08.580394+00:00"
"Melilla","19","2020-07-01","julio de 2020",8.42,"idealista_historico_ccaa","2026-04-22T14:04:08.580394+00:00"
"Melilla","19","2020-06-01","junio de 2020",8.52,"idealista_historico_ccaa","2026-04-22T14:04:08.580394+00:00"
"Melilla","19","2020-05-01","mayo de 2020",8.32,"idealista_historico_ccaa","2026-04-22T14:04:08.580394+00:00"
"Melilla","19","2020-04-01","abril de 2020",8.42,"idealista_historico_ccaa","2026-04-22T14:04:08.580394+00:00"
"Melilla","19","2020-03-01","marzo de 2020",8.42,"idealista_historico_ccaa","2026-04-22T14:04:08.580394+00:00"
"Melilla","19","2020-02-01","febrero de 2020",8.62,"idealista_historico_ccaa","2026-04-22T14:04:08.580394+00:00"
"Melilla","19","2020-01-01","enero de 2020",8.42,"idealista_historico_ccaa","2026-04-22T14:04:08.580394+00:00"
"Melilla","19","2019-12-01","diciembre de 2019",8.52,"idealista_historico_ccaa","2026-04-22T14:04:08.580394+00:00"
"Melilla","19","2019-11-01","noviembre de 2019",8.42,"idealista_historico_ccaa","2026-04-22T14:04:08.580394+00:00"
"Melilla","19","2019-10-01","octubre de 2019",8.42,"idealista_historico_ccaa","2026-04-22T14:04:08.580394+00:00"
"Melilla","19","2019-09-01","septiembre de 2019",8.42,"idealista_historico_ccaa","2026-04-22T14:04:08.580394+00:00"
"Melilla","19","2019-08-01","agosto de 2019",8.42,"idealista_historico_ccaa","2026-04-22T14:04:08.580394+00:00"
"Melilla","19","2019-07-01","julio de 2019",8.52,"idealista_historico_ccaa","2026-04-22T14:04:08.580394+00:00"
"Melilla","19","2019-06-01","junio de 2019",8.52,"idealista_historico_ccaa","2026-04-22T14:04:08.580394+00:00"
"Melilla","19","2019-05-01","mayo de 2019",8.32,"idealista_historico_ccaa","2026-04-22T14:04:08.580394+00:00"
"Melilla","19","2019-04-01","abril de 2019",8.22,"idealista_historico_ccaa","2026-04-22T14:04:08.580394+00:00"
"Melilla","19","2019-03-01","marzo de 2019",8.52,"idealista_historico_ccaa","2026-04-22T14:04:08.580394+00:00"
"Melilla","19","2019-02-01","febrero de 2019",8.52,"idealista_historico_ccaa","2026-04-22T14:04:08.580394+00:00"
"Melilla","19","2019-01-01","enero de 2019",8.52,"idealista_historico_ccaa","2026-04-22T14:04:08.580394+00:00"
"Melilla","19","2018-12-01","diciembre de 2018",8.52,"idealista_historico_ccaa","2026-04-22T14:04:08.580394+00:00"
"Melilla","19","2018-11-01","noviembre de 2018",8.52,"idealista_historico_ccaa","2026-04-22T14:04:08.580394+00:00"
"Melilla","19","2018-10-01","octubre de 2018",8.22,"idealista_historico_ccaa","2026-04-22T14:04:08.580394+00:00"
"Melilla","19","2018-09-01","septiembre de 2018",8.12,"idealista_historico_ccaa","2026-04-22T14:04:08.580394+00:00"
"Melilla","19","2018-08-01","agosto de 2018",8.22,"idealista_historico_ccaa","2026-04-22T14:04:08.580394+00:00"
"Melilla","19","2018-07-01","julio de 2018",8.22,"idealista_historico_ccaa","2026-04-22T14:04:08.580394+00:00"
"Melilla","19","2018-06-01","junio de 2018",8.32,"idealista_historico_ccaa","2026-04-22T14:04:08.580394+00:00"
"Melilla","19","2018-05-01","mayo de 2018",8.42,"idealista_historico_ccaa","2026-04-22T14:04:08.580394+00:00"
"Melilla","19","2018-04-01","abril de 2018",8.12,"idealista_historico_ccaa","2026-04-22T14:04:08.580394+00:00"
"Melilla","19","2018-03-01","marzo de 2018",7.92,"idealista_historico_ccaa","2026-04-22T14:04:08.580394+00:00"
"Melilla","19","2018-02-01","febrero de 2018",8.12,"idealista_historico_ccaa","2026-04-22T14:04:08.580394+00:00"
"Melilla","19","2018-01-01","enero de 2018",8.32,"idealista_historico_ccaa","2026-04-22T14:04:08.580394+00:00"
"Melilla","19","2017-12-01","diciembre de 2017",8.52,"idealista_historico_ccaa","2026-04-22T14:04:08.580394+00:00"
"Melilla","19","2017-11-01","noviembre de 2017",8.12,"idealista_historico_ccaa","2026-04-22T14:04:08.580394+00:00"
"Melilla","19","2017-10-01","octubre de 2017",8.12,"idealista_historico_ccaa","2026-04-22T14:04:08.580394+00:00"
"Melilla","19","2017-09-01","septiembre de 2017",8.32,"idealista_historico_ccaa","2026-04-22T14:04:08.580394+00:00"
"Melilla","19","2017-08-01","agosto de 2017",8.32,"idealista_historico_ccaa","2026-04-22T14:04:08.580394+00:00"
"Melilla","19","2017-07-01","julio de 2017",8.52,"idealista_historico_ccaa","2026-04-22T14:04:08.580394+00:00"
"Melilla","19","2017-06-01","junio de 2017",8.42,"idealista_historico_ccaa","2026-04-22T14:04:08.580394+00:00"
"Melilla","19","2017-05-01","mayo de 2017",8.32,"idealista_historico_ccaa","2026-04-22T14:04:08.580394+00:00"
"Melilla","19","2017-04-01","abril de 2017",8.32,"idealista_historico_ccaa","2026-04-22T14:04:08.580394+00:00"
"Melilla","19","2017-03-01","marzo de 2017",8.32,"idealista_historico_ccaa","2026-04-22T14:04:08.580394+00:00"
"Melilla","19","2017-02-01","febrero de 2017",8.42,"idealista_historico_ccaa","2026-04-22T14:04:08.580394+00:00"
"Melilla","19","2017-01-01","enero de 2017",8.42,"idealista_historico_ccaa","2026-04-22T14:04:08.580394+00:00"
"Melilla","19","2016-12-01","diciembre de 2016",8.22,"idealista_historico_ccaa","2026-04-22T14:04:08.580394+00:00"
"Melilla","19","2016-11-01","noviembre de 2016",8.12,"idealista_historico_ccaa","2026-04-22T14:04:08.580394+00:00"
"Melilla","19","2016-10-01","octubre de 2016",8.12,"idealista_historico_ccaa","2026-04-22T14:04:08.580394+00:00"
"Melilla","19","2016-09-01","septiembre de 2016",8.22,"idealista_historico_ccaa","2026-04-22T14:04:08.580394+00:00"
"Melilla","19","2016-08-01","agosto de 2016",7.92,"idealista_historico_ccaa","2026-04-22T14:04:08.580394+00:00"
"Melilla","19","2016-07-01","julio de 2016",8.02,"idealista_historico_ccaa","2026-04-22T14:04:08.580394+00:00"
"Melilla","19","2016-06-01","junio de 2016",8.32,"idealista_historico_ccaa","2026-04-22T14:04:08.580394+00:00"
"Melilla","19","2016-05-01","mayo de 2016",8.42,"idealista_historico_ccaa","2026-04-22T14:04:08.580394+00:00"
"Melilla","19","2016-04-01","abril de 2016",8.72,"idealista_historico_ccaa","2026-04-22T14:04:08.580394+00:00"
"Melilla","19","2016-03-01","marzo de 2016",8.52,"idealista_historico_ccaa","2026-04-22T14:04:08.580394+00:00"
"Melilla","19","2016-02-01","febrero de 2016",8.22,"idealista_historico_ccaa","2026-04-22T14:04:08.580394+00:00"
"Melilla","19","2016-01-01","enero de 2016",8.42,"idealista_historico_ccaa","2026-04-22T14:04:08.580394+00:00"
"Melilla","19","2015-12-01","diciembre de 2015",8.42,"idealista_historico_ccaa","2026-04-22T14:04:08.580394+00:00"
"Melilla","19","2015-11-01","noviembre de 2015",8.42,"idealista_historico_ccaa","2026-04-22T14:04:08.580394+00:00"
"Melilla","19","2015-10-01","octubre de 2015",8.42,"idealista_historico_ccaa","2026-04-22T14:04:08.580394+00:00"
"Melilla","19","2015-09-01","septiembre de 2015",8.42,"idealista_historico_ccaa","2026-04-22T14:04:08.580394+00:00"
"Melilla","19","2015-08-01","agosto de 2015",8.52,"idealista_historico_ccaa","2026-04-22T14:04:08.580394+00:00"
"Melilla","19","2015-07-01","julio de 2015",8.42,"idealista_historico_ccaa","2026-04-22T14:04:08.580394+00:00"
"Melilla","19","2015-06-01","junio de 2015",8.52,"idealista_historico_ccaa","2026-04-22T14:04:08.580394+00:00"
"Melilla","19","2015-05-01","mayo de 2015",8.42,"idealista_historico_ccaa","2026-04-22T14:04:08.580394+00:00"
"Melilla","19","2015-04-01","abril de 2015",8.52,"idealista_historico_ccaa","2026-04-22T14:04:08.580394+00:00"
"Melilla","19","2015-03-01","marzo de 2015",8.62,"idealista_historico_ccaa","2026-04-22T14:04:08.580394+00:00"
"Melilla","19","2015-02-01","febrero de 2015",8.32,"idealista_historico_ccaa","2026-04-22T14:04:08.580394+00:00"
"Melilla","19","2015-01-01","enero de 2015",8.12,"idealista_historico_ccaa","2026-04-22T14:04:08.580394+00:00"
"Melilla","19","2014-12-01","diciembre de 2014",8.12,"idealista_historico_ccaa","2026-04-22T14:04:08.580394+00:00"
"Melilla","19","2014-11-01","noviembre de 2014",8.22,"idealista_historico_ccaa","2026-04-22T14:04:08.580394+00:00"
"Melilla","19","2014-10-01","octubre de 2014",8.42,"idealista_historico_ccaa","2026-04-22T14:04:08.580394+00:00"
"Melilla","19","2014-09-01","septiembre de 2014",8.42,"idealista_historico_ccaa","2026-04-22T14:04:08.580394+00:00"
"Melilla","19","2014-08-01","agosto de 2014",8.42,"idealista_historico_ccaa","2026-04-22T14:04:08.580394+00:00"
"Melilla","19","2014-07-01","julio de 2014",8.42,"idealista_historico_ccaa","2026-04-22T14:04:08.580394+00:00"
"Melilla","19","2014-06-01","junio de 2014",8.32,"idealista_historico_ccaa","2026-04-22T14:04:08.580394+00:00"
"Melilla","19","2014-04-01","abril de 2014",8.92,"idealista_historico_ccaa","2026-04-22T14:04:08.580394+00:00"
"Melilla","19","2014-03-01","marzo de 2014",8.92,"idealista_historico_ccaa","2026-04-22T14:04:08.580394+00:00"
"Melilla","19","2014-02-01","febrero de 2014",8.72,"idealista_historico_ccaa","2026-04-22T14:04:08.580394+00:00"
"Melilla","19","2014-01-01","enero de 2014",8.72,"idealista_historico_ccaa","2026-04-22T14:04:08.580394+00:00"
"Melilla","19","2013-12-01","diciembre de 2013",9.12,"idealista_historico_ccaa","2026-04-22T14:04:08.580394+00:00"
"Melilla","19","2013-11-01","noviembre de 2013",8.72,"idealista_historico_ccaa","2026-04-22T14:04:08.580394+00:00"
"Melilla","19","2013-10-01","octubre de 2013",9.02,"idealista_historico_ccaa","2026-04-22T14:04:08.580394+00:00"
"Melilla","19","2013-09-01","septiembre de 2013",9.32,"idealista_historico_ccaa","2026-04-22T14:04:08.580394+00:00"
"Melilla","19","2013-08-01","agosto de 2013",9.22,"idealista_historico_ccaa","2026-04-22T14:04:08.580394+00:00"
"Melilla","19","2013-07-01","julio de 2013",9.32,"idealista_historico_ccaa","2026-04-22T14:04:08.580394+00:00"
"Melilla","19","2013-06-01","junio de 2013",9.62,"idealista_historico_ccaa","2026-04-22T14:04:08.580394+00:00"
