ccaa_id3,anio,concepto,importe_eur,codigo,denominacion
and,2015,direccion,2642963767.0,01A,ADMON. G. FINANC. Y AMORTIZACION DEUDA PUBLICA
and,2015,direccion,61804398.0,11A,D.Y S. GRALES. DE LA PRESIDENCIA
and,2015,direccion,38463769.0,11B,ACTIVIDAD LEGISLATIVA
and,2015,direccion,15145972.0,11C,CONTROL EXTERNO DEL SECTOR PUBLICO
and,2015,direccion,3458934.0,11D,ALTO ASESORAMIENTO DE LA COMUNIDAD AUTONOMA
and,2015,direccion,1661051.0,11F,ASESORAMIENTO EN MATERIA ECONOMICA Y SOCIAL
and,2015,direccion,4433644.0,11H,AUTORIDAD Y ASESORAMIENTO AUDIOVISUAL DE LA CAA
and,2015,direccion,60000.0,11I,AUT. MAT. TRANSPARENCIA Y PROTECCION DE DATOS AND.
and,2015,direccion,13692243.0,12A,MODERNIZACION Y GESTION DE LA FUNCION PUBLICA
and,2015,direccion,5091881.0,12C,ACCION SOCIAL DEL PERSONAL
and,2015,direccion,5242221.0,12D,COBERTURA INFORMATIVA
and,2015,,3777977.0,12E,B.O.J.A.
and,2015,direccion,9922379.0,14A,D.Y S. GRALES. DE JUSTICIA E INTERIOR
and,2015,direccion,383523054.0,14B,ADMINISTRACION DE JUSTICIA
and,2015,,7513017.0,22A,D.Y S. GRALES. DE ADMON. LOCAL Y RELAC. INSTITUC.
and,2015,,40219522.0,22B,"INTERIOR, EMERGENCIAS Y PROTECCION CIVIL"
and,2015,salud_mental,32430242.0,31B,PLAN SOBRE DROGODEPENDENCIAS
and,2015,empleo,124984997.0,31C,"SEGURIDAD, SALUD Y RELACIONES LABORALES"
and,2015,discapacidad,132779065.0,31E,ATENCION A LA INFANCIA
and,2015,,24702410.0,31F,PENSIONES ASISTENCIALES
and,2015,diversidad,49546688.0,31G,BIENESTAR SOCIAL
and,2015,,2804992.0,31H,VOLUNTARIADO
and,2015,,1032871.0,31I,MEMORIA DEMOCRATICA
and,2015,diversidad,2588349.0,31J,COORDINACION DE POLITICAS MIGRATORIAS
and,2015,empleo,2926344.0,31M,CONSEJO ANDALUZ DE RELACIONES LABORALES
and,2015,,77691310.0,31N,JUSTICIA JUVENIL Y COOPERACION
and,2015,diversidad,390377946.0,31P,SERVICIO DE APOYO A LAS FAMILIAS
and,2015,dependencia,1094401749.0,31R,"ATENC. DEPENDENCIA, ENVEJECIMIENTO A. Y DISCAP."
and,2015,igualdad,4045206.0,31T,PROTECC. CONTRA VIOLENCIA DE GENERO Y ASIST. VICT.
and,2015,empleo,327880919.0,32D,FORMACION PROFESIONAL PARA EL EMPLEO
and,2015,diversidad,152235281.0,32E,INCLUSION SOCIAL
and,2015,empleo,348374200.0,32L,"EMPLEABILIDAD, INTERMEDIACION Y FOMENTO EMPLEO"
and,2015,sanidad,114964763.0,41A,"D.Y S. GRALES. DE IGUALDAD, SALUD Y POLIT. SOC."
and,2015,sanidad,462322208.0,41C,ATENCION SANITARIA
and,2015,sanidad,21887157.0,41D,SALUD PUBLICA Y PARTICIPACION
and,2015,sanidad,7752971824.0,41H,PLANIFICACION Y FINANCIACION
and,2015,sanidad,10515122.0,41J,INSPECCION DE SERVICIOS SANITARIOS
and,2015,sanidad,25635368.0,41K,POLITICA DE CALIDAD Y MODERNIZACION
and,2015,educacion,103432399.0,42A,"D.Y S. GRALES. DE EDUCACION, CULTURA Y DEPORTE"
and,2015,educacion,31925498.0,42B,FORMACION DEL PROFESORADO
and,2015,educacion,1848263632.0,42C,EDUCACION INFANTIL Y PRIMARIA
and,2015,educacion,2355742797.0,42D,EDUCACION SECUNDARIA Y FORMACION PROFESIONAL
and,2015,educacion,299374564.0,42E,EDUCACION ESPECIAL
and,2015,educacion,274415529.0,42F,EDUCACION COMPENSATORIA
and,2015,educacion,95285074.0,42G,EDUCACION DE PERSONAS ADULTAS
and,2015,educacion,158665717.0,42H,ENSEÑANZAS DE REGIMEN ESPECIAL
and,2015,educacion,267700281.0,42I,EDUCACION PARA LA PRIMERA INFANCIA
and,2015,educacion,1152598389.0,42J,UNIVERSIDADES
and,2015,vivienda,192176379.0,43A,"VIVIENDA, REHABILITACION Y SUELO"
and,2015,vivienda,13265183.0,43B,ACT. MATERIA ORDENAC. TERRIT. Y CAMBIO CLIMATICO
and,2015,,84647666.0,44A,D.Y S. GRALES. DE MEDIO AMBIENTE Y ORDENAC. T.
and,2015,,26654929.0,44B,PREVENCION Y CALIDAD AMBIENTAL
and,2015,,26333936.0,44D,ESPACIOS NATURALES Y PARTICIPACION CIUDADANA
and,2015,,227151314.0,44E,GESTION DEL MEDIO NATURAL
and,2015,,9879708.0,44F,SOSTENIBILIDAD E INFORMACION AMBIENTAL
and,2015,,13092911.0,44H,CONSUMO
and,2015,,18805935.0,44J,ADMON. Y GESTION DEL SERVICIO DE TIEMPO LIBRE
and,2015,,46596235.0,45B,PLANIFICACION Y TUTELA DEL PATRIMONIO CULTURAL
and,2015,,15836962.0,45D,"MUSEOS, ESPACIOS CULTURALES, DIFUSION Y PROM. ARTE"
and,2015,,26120126.0,45E,COOPERACION E INSTITUCIONES CULTURALES
and,2015,,21947288.0,45H,INDUSTRIAS CREATIVAS Y DEL LIBRO
and,2015,,6449853.0,45J,PATRIMONIO HISTORICO
and,2015,,11248051.0,46A,INFRAESTRUCTURA CENTROS Y ORDENACION DEPORTIVA
and,2015,,21244523.0,46B,ACTIVIDADES Y PROMOCION DEL DEPORTE
and,2015,vivienda,48306851.0,51A,D.Y S. GRALES. DE FOMENTO Y VIVIENDA
and,2015,,471677679.0,51B,MOVILIDAD E INFRAESTRUCTURAS VIARIAS Y DE TRANSP.
and,2015,,323917959.0,51D,ACTUACIONES EN MATERIA DE AGUA
and,2015,direccion,146515874.0,52C,COMUNICACION SOCIAL
and,2015,idi,350039500.0,54A,INVESTIGACION CIENTIFICA E INNOVACION
and,2015,idi,37864869.0,54C,INNOVACION Y EVALUACION EDUCATIVA
and,2015,direccion,39096312.0,61A,D.Y S.GRALES. DE HACIENDA Y ADMON. PUBLICA
and,2015,direccion,2698027.0,61D,POLITICA PRESUPUESTARIA
and,2015,direccion,16093483.0,61E,CONTROL INTERNO Y CONTABILIDAD PUBLICA
and,2015,direccion,5014044.0,61F,GESTION DE LA TESORERIA
and,2015,direccion,80695727.0,61G,GESTION Y ADMON. DEL PATRIMONIO DE LA CA
and,2015,direccion,2301244.0,61H,"FINANCIACION, TRIBUTOS Y JUEGO"
and,2015,direccion,43943836.0,61I,GESTION DE TECNOLOGIAS CORPORATIVAS
and,2015,direccion,61790593.0,61J,"D.Y S.GRALES DE ECONOMIA, INNOVAC., CIENCIA Y EMP."
and,2015,direccion,22478099.0,61K,COORDINACION DE FONDOS EUROPEOS
and,2015,direccion,65730012.0,61L,COORDINACION Y CONTROL DE LA HACIENDA DE LA CA
and,2015,direccion,1051413.0,61M,"COORD. POLIT. FRA, TESOR., ENDEUD. Y PATRIM. CAA"
and,2015,direccion,19102057.0,63A,REGULACION Y COOPERACION CON INSTITUC. FINANC.
and,2015,direccion,16000000.0,63B,IMPREVISTOS Y FUNCIONES NO CLASIFICADAS
and,2015,soberania,247218312.0,71A,"D.Y S. GRALES. DE AGRICULTURA, PESCA Y DES. RURAL"
and,2015,soberania,28164287.0,71B,ORDENAC. Y MEJORA DE LA PRODUC. AGRIC. Y GANAD.
and,2015,soberania,171293327.0,71C,REFORMA Y MEJORA DE LAS ESTRUCTURAS AGRARIAS
and,2015,soberania,71006899.0,71E,INCENTIVACION DEL SECTOR AGROINDUSTRIAL
and,2015,soberania,1696443623.0,71F,APOYO AL SECTOR PRODUCTOR AGRICOLA Y GANADERO
and,2015,soberania,91981587.0,71H,DESARROLLO RURAL
and,2015,soberania,14333718.0,71P,PESCA
and,2015,idi,166659426.0,72A,ENERGIA E INFRAESTRUCT. Y SERVICIOS TECNOLOGICOS
and,2015,empleo,195389761.0,72C,EMPRENDEDORES E INTERNAC. DE LA ECONOMIA ANDAL.
and,2015,turismo,17680438.0,75A,D.Y S. GRALES. DE TURISMO Y COMERCIO
and,2015,turismo,66284051.0,75B,"PLANIFICACION, ORDENACION Y PROMOCION TURISTICA"
and,2015,turismo,16559314.0,75D,"CALIDAD, INNOVACION Y FOMENTO DEL TURISMO"
and,2015,empleo,17099334.0,76A,ORDENACION Y PROMOCION COMERCIAL
and,2015,direccion,92269647.0,81A,COOP. ECONOMICA Y COORDINACION CON LAS CC.LL.
and,2015,direccion,3037036566.0,81B,COOPERACION ECONOMICA Y RELAC. FINANCIERAS CC.LL.
and,2015,direccion,7274522.0,82A,ACCION EXTERIOR
and,2015,,42108111.0,82B,COOPERACION PARA EL DESARROLLO
and,2016,direccion,2997568478.0,01A,
and,2016,direccion,78985132.0,11A,
and,2016,direccion,39977605.0,11B,
and,2016,direccion,15339971.0,11C,
and,2016,direccion,3702401.0,11D,
and,2016,direccion,1580768.0,11F,
and,2016,direccion,4425124.0,11H,
and,2016,direccion,1241806.0,11I,
and,2016,direccion,12290156.0,12A,
and,2016,direccion,5143106.0,12C,
and,2016,direccion,4118378.0,12D,
and,2016,,2886723.0,12E,
and,2016,direccion,10875615.0,14A,
and,2016,direccion,400054713.0,14B,
and,2016,,39899325.0,22B,
and,2016,,126623471.0,31A,
and,2016,salud_mental,34632142.0,31B,
and,2016,empleo,133386594.0,31C,
and,2016,discapacidad,140170311.0,31E,
and,2016,,23612583.0,31F,
and,2016,diversidad,58904643.0,31G,
and,2016,,3176176.0,31H,
and,2016,,1164700.0,31I,
and,2016,diversidad,2764143.0,31J,
and,2016,empleo,2885619.0,31M,
and,2016,,81865884.0,31N,
and,2016,diversidad,412620051.0,31P,
and,2016,dependencia,1136809504.0,31R,
and,2016,igualdad,4190854.0,31T,
and,2016,empleo,16310671.0,32A,
and,2016,empleo,238730033.0,32D,
and,2016,diversidad,163525191.0,32E,
and,2016,,742150321.0,32L,
and,2016,sanidad,50921614.0,41A,
and,2016,sanidad,497828617.0,41C,
and,2016,sanidad,21785264.0,41D,
and,2016,sanidad,8045074123.0,41H,
and,2016,sanidad,11609375.0,41J,
and,2016,sanidad,30565990.0,41K,
and,2016,educacion,73439298.0,42A,
and,2016,educacion,31558491.0,42B,
and,2016,educacion,1939086578.0,42C,
and,2016,educacion,2447542915.0,42D,
and,2016,educacion,304475705.0,42E,
and,2016,educacion,283190324.0,42F,
and,2016,educacion,98731101.0,42G,
and,2016,educacion,165379586.0,42H,
and,2016,educacion,278408570.0,42I,
and,2016,educacion,1186412300.0,42J,
and,2016,vivienda,240878749.0,43A,
and,2016,vivienda,22170108.0,43B,
and,2016,,92450473.0,44A,
and,2016,,33282157.0,44B,
and,2016,,35045278.0,44D,
and,2016,,274161480.0,44E,
and,2016,,17585176.0,44F,
and,2016,,15214624.0,44H,
and,2016,,17711066.0,44J,
and,2016,,23343356.0,45A,
and,2016,,31530478.0,45B,
and,2016,,30105362.0,45D,
and,2016,,24771891.0,45E,
and,2016,,23942727.0,45H,
and,2016,,6449853.0,45J,
and,2016,,19311064.0,46A,
and,2016,,21812807.0,46B,
and,2016,,42110110.0,51A,
and,2016,,472893571.0,51B,
and,2016,,265776801.0,51D,
and,2016,direccion,145956451.0,52C,
and,2016,idi,328606423.0,54A,
and,2016,idi,41566839.0,54C,
and,2016,direccion,42150738.0,61A,
and,2016,direccion,2417540.0,61D,
and,2016,direccion,16605015.0,61E,
and,2016,direccion,5030974.0,61F,
and,2016,direccion,85980484.0,61G,
and,2016,direccion,2313752.0,61H,
and,2016,direccion,50151971.0,61I,
and,2016,direccion,50195573.0,61J,
and,2016,direccion,18161008.0,61K,
and,2016,direccion,69441999.0,61L,
and,2016,direccion,758379.0,61M,
and,2016,direccion,19134493.0,63A,
and,2016,direccion,16000000.0,63B,
and,2016,soberania,254964658.0,71A,
and,2016,soberania,111999224.0,71B,
and,2016,soberania,56474871.0,71E,
and,2016,soberania,1797285818.0,71F,
and,2016,soberania,53524474.0,71H,
and,2016,soberania,30385966.0,71P,
and,2016,idi,281344074.0,72A,
and,2016,empleo,147374730.0,72C,
and,2016,turismo,23752155.0,75A,
and,2016,turismo,67431726.0,75B,
and,2016,turismo,10504050.0,75D,
and,2016,empleo,17279953.0,76A,
and,2016,direccion,90815484.0,81A,
and,2016,direccion,3126129006.0,81B,
and,2016,direccion,6261242.0,82A,
and,2016,,42108111.0,82B,
and,2017,direccion,78573184.0,11A,D.S.G. DE LA PRESIDENCIA Y ADMINISTRACIÓN 56.450.650 14.143.344 2.508.505 73.102.499 5.278.436 192.249 5.470.685
and,2017,direccion,4079253.0,12D,COBERTURA INFORMATIVA 2.932.073 1.117.180 30.000 4.079.253
and,2017,,3068013.0,12E,B.O.J.A. 2.138.063 564.000 2.702.063 365.950 365.950
and,2017,direccion,148417532.0,52C,COMUNICACION SOCIAL 1.629.145 1.849.387 140.679.000 144.157.532 4.260.000 4.260.000
and,2017,direccion,82951415.0,81A,COOP. ECONOMICA Y COORDINACION CON LAS 5.179.051 170.620 836.000 6.185.671 488.479 76.277.265 76.765.744
and,2017,direccion,5920106.0,82A,ACCION EXTERIOR 1.637.333 169.347 4.113.426 5.920.106
and,2017,direccion,40191255.0,11B,ACTIVIDAD LEGISLATIVA 18.017.847 7.985.479 11.025.422 37.028.748 3.012.507 3.012.507 150.000 150.000
and,2017,direccion,5268493.0,11C,CONTROL EXTERNO DEL SECTOR PUBLICO 4.522.850 650.701 43.542 5.217.093 51.400 51.400
and,2017,direccion,4162050097.0,01A,ADMON. G. FINANC. Y AMORTIZACION DEUDA 486.353 479.563.744 480.050.097 3.682.000.000 3.682.000.000
and,2017,direccion,10408549.0,11C,CONTROL EXTERNO DEL SECTOR PUBLICO 8.132.441 1.765.300 73.383 9.971.124 410.361 410.361 27.064 27.064
and,2017,direccion,3762607.0,11D,ALTO ASESORAMIENTO DE LA COMUNIDAD 3.251.607 486.000 3.737.607 25.000 25.000
and,2017,direccion,4524158.0,11H,AUTORIDAD Y ASESORAMIENTO AUDIOVISUAL DE LA 2.826.194 1.078.898 4.066 3.909.158 615.000 615.000
and,2017,direccion,1313509.0,11I,AUT. MAT. TRANSPARENCIA Y PROTECCION DE 696.060 320.449 1.016.509 297.000 297.000
and,2017,educacion,1196495841.0,42J,UNIVERSIDADES 3.527.567 228.420 127.587 719.596.370 723.479.944 1.626.562 466.319.217 467.945.779 5.070.118 5.070.118
and,2017,idi,339071879.0,54A,INVESTIGACION CIENTIFICA E INNOVACION 1.207.448 266.966 9.609.175 11.083.589 758.623 305.096.477 305.855.100 22.133.190 22.133.190
and,2017,direccion,52380226.0,61J,D.S.G. DE ECONOMIA Y CONOCIMIENTO 44.620.895 6.171.081 4.334 50.796.310 1.583.916 1.583.916
and,2017,direccion,19745541.0,61K,COORDINACION DE FONDOS EUROPEOS 2.588.101 15.447 2.603.548 17.141.993 17.141.993
and,2017,empleo,148386500.0,72C,EMPRENDEDORES E INTERNAC. DE LA ECONOMIA 7.756.365 17.848 75.318.843 83.093.056 2.748.109 62.545.335 65.293.444
and,2017,direccion,13580724.0,12A,MODERNIZACION Y GESTION DE LA FUNCION 13.133.122 447.602 13.580.724
and,2017,direccion,388839.0,12C,ACCION SOCIAL DEL PERSONAL 388.839 388.839
and,2017,direccion,41447063.0,61A,D.S.G. DE HACIENDA Y ADMINISTRACION PUBLICA 26.845.966 3.801.759 10.352.107 40.999.832 82.200 365.031 447.231
and,2017,direccion,2333688.0,61D,POLITICA PRESUPUESTARIA 2.310.488 23.200 2.333.688
and,2017,direccion,17228065.0,61E,CONTROL INTERNO Y CONTABILIDAD PUBLICA 14.957.597 2.012.801 16.970.398 257.667 257.667
and,2017,direccion,5305886.0,61F,GESTION DE LA TESORERIA 5.277.274 5.250 23.362 5.305.886
and,2017,direccion,3670745.0,61G,GESTION Y ADMINISTRACION DEL PATRIMONIO DE LA 3.630.151 40.594 3.670.745
and,2017,direccion,1865718.0,61H,FINANCIACION Y TRIBUTOS 1.850.669 15.049 1.865.718
and,2017,direccion,5267875.0,61I,GESTION DE TECNOLOGIAS CORPORATIVAS 5.202.602 65.273 5.267.875
and,2017,direccion,71803183.0,61L,COORDINACION Y CONTROL DE LA HACIENDA DE LA 813.037 906.811 70.083.335 71.803.183
and,2017,direccion,924361.0,61M,"COOR. POLIT. FINAN,TRIBUT, TESORER Y ENDEUD. 715.577 208.784 924.361"
and,2017,direccion,19074842.0,63A,REGULACION Y COOPERACION CON INSTITUC. 1.069.696 5.146 1.074.842 18.000.000 18.000.000
and,2017,direccion,585416.0,81B,COOPERACION ECONOMICA Y RELAC. FINANCIERAS 555.494 29.922 585.416
and,2017,diversidad,232161787.0,31P,SERVICIO DE APOYO A LAS FAMILIAS 85.823.631 146.338.156 232.161.787
and,2017,educacion,75049762.0,42A,D.S.G. DE EDUCACION 69.436.804 4.611.717 1.000 74.049.521 1.000.241 1.000.241
and,2017,educacion,32808801.0,42B,FORMACION DEL PROFESORADO 28.175.031 4.633.770 32.808.801
and,2017,educacion,1982081595.0,42C,EDUCACION INFANTIL Y PRIMARIA 1.526.977.613 23.294.549 5.000 348.745.380 1.899.022.542 15.000.000 68.059.053 83.059.053
and,2017,educacion,2559869596.0,42D,EDUCACION SECUNDARIA Y FORMACION 1.912.779.592 109.925.106 20.051 453.788.213 2.476.512.962 10.000.000 73.356.634 83.356.634
and,2017,educacion,318889209.0,42E,EDUCACION ESPECIAL 223.462.744 531.494 2.000 94.892.971 318.889.209
and,2017,educacion,292183741.0,42F,EDUCACION COMPENSATORIA 125.778.496 16.489.676 1.000 149.914.569 292.183.741
and,2017,educacion,101112243.0,42G,EDUCACION DE PERSONAS ADULTAS 98.612.321 2.499.422 500 101.112.243
and,2017,educacion,171917394.0,42H,ENSEÑANZAS DE REGIMEN ESPECIAL 163.436.809 7.460.209 1.000 1.019.376 171.917.394
and,2017,educacion,288776819.0,42I,EDUCACION PARA LA PRIMERA INFANCIA 96.287.424 11.194.011 175.385.433 282.866.868 5.909.951 5.909.951
and,2017,idi,48506265.0,54C,INNOVACION Y EVALUACION EDUCATIVA 15.218.825 10.971.871 26.190.696 22.092.973 222.596 22.315.569
and,2017,diversidad,29282454.0,31P,SERVICIO DE APOYO A LAS FAMILIAS 28.902.454 380.000 29.282.454
and,2017,sanidad,72609984.0,41A,D.S.G. DE SALUD 65.243.987 6.819.497 31.500 72.094.984 515.000 515.000
and,2017,sanidad,517381643.0,41C,ATENCION SANITARIA 241.622 513.086.442 513.328.064 4.053.579 4.053.579
and,2017,sanidad,20667629.0,41D,SALUD PUBLICA Y PARTICIPACION 16.332.066 1.476.317 2.799.246 20.607.629 60.000 60.000
and,2017,sanidad,8478571153.0,41H,PLANIFICACION Y FINANCIACION 1.440.038 8.358.159.731 8.359.599.769 118.971.384 118.971.384
and,2017,sanidad,11579923.0,41J,INSPECCION DE SERVICIOS SANITARIOS 11.444.881 85.042 11.529.923 50.000 50.000
and,2017,sanidad,29160585.0,41K,POLITICA DE CALIDAD Y MODERNIZACION 3.446.061 847.678 22.023.546 26.317.285 2.843.300 2.843.300
and,2017,,14712423.0,44H,CONSUMO 10.923.487 817.640 2.440.893 14.182.020 530.403 530.403
and,2017,igualdad,112118503.0,31A,D.S.G. DE IGUALDAD Y POLÍTICAS SOCIALES 45.285.459 4.413.104 9.100 56.191.165 105.898.828 1.447.000 4.772.675 6.219.675
and,2017,salud_mental,36175436.0,31B,PLAN SOBRE DROGODEPENDENCIAS 3.679.290 7.973.102 22.222.379 33.874.771 76.040 2.224.625 2.300.665
and,2017,discapacidad,143159588.0,31E,ATENCION A LA INFANCIA 45.341.985 63.212.435 30.900 34.474.268 143.059.588 100.000 100.000
and,2017,diversidad,52782169.0,31G,BIENESTAR SOCIAL 2.079.014 57.832 50.645.323 52.782.169
and,2017,,2682974.0,31H,VOLUNTARIADO 1.544.345 129.412 831.550 2.505.307 177.667 177.667
and,2017,diversidad,169633992.0,31P,SERVICIO DE APOYO A LAS FAMILIAS 169.633.992 169.633.992
and,2017,dependencia,1164914040.0,31R,"ATENC. DEPENDENCIA, ENVEJECIMIENTO A. Y 131.373.498 23.126.246 30.000 999.239.002 1.153.768.746 6.082.002 5.063.292 11.145.294"
and,2017,igualdad,4199158.0,31T,PROTECC. CONTRA VIOLENCIA DE GENERO Y ASIST. 519.158 2.690.000 990.000 4.199.158
and,2017,diversidad,188566059.0,32E,INCLUSION SOCIAL 161.675.008 161.675.008 26.891.051 26.891.051
and,2017,,42576641.0,82B,COOPERACION PARA EL DESARROLLO 42.464.733 42.464.733 111.908 111.908
and,2017,direccion,1588274.0,11F,ASESORAMIENTO EN MATERIA ECONOMICA Y SOCIAL 732.968 821.615 10.993 1.565.576 22.698 22.698
and,2017,empleo,131531598.0,31C,"SEGURIDAD, SALUD Y RELACIONES LABORALES 21.706.217 1.183.673 104.642.540 127.532.430 730.000 3.269.168 3.999.168"
and,2017,empleo,2751180.0,31M,CONSEJO ANDALUZ DE RELACIONES LABORALES 1.411.450 1.299.516 18.150 2.729.116 22.064 22.064
and,2017,empleo,16380061.0,32A,"D.S.G. DE EMPLEO, EMPRESA Y COMERCIO 10.214.536 5.442.925 15.657.461 722.600 722.600"
and,2017,empleo,232600285.0,32D,FORMACION PROFESIONAL PARA EL EMPLEO 17.730.493 28.516.326 56.583.387 102.830.206 25.252.341 104.517.738 129.770.079
and,2017,,755806323.0,32L,"EMPLEABILIDAD, INTERMEDIACION Y FOMENTO 414.677.944 414.677.944 341.128.379 341.128.379"
and,2017,,16885448.0,44J,ADMON. Y GESTION DEL SERVICIO DE TIEMPO LIBRE 13.042.410 3.552.817 16.595.227 290.221 290.221
and,2017,idi,296191082.0,72A,ENERGIA E INFRAESTRUCT. Y SERVICIOS 15.493.493 1.751.005 24.231.405 41.475.903 29.511.944 225.203.235 254.715.179
and,2017,empleo,18358863.0,76A,ORDENACION Y PROMOCION COMERCIAL 5.779.480 224.000 1.240.000 7.243.480 3.663.196 7.452.187 11.115.383
and,2017,vivienda,268505620.0,43A,"VIVIENDA, REHABILITACION Y SUELO 13.144.106 2.847.961 372.608 59.276.644 75.641.319 15.158.428 143.726.866 158.885.294 3.979.007 30.000.000 33.979.007"
and,2017,vivienda,45872981.0,51A,D.S.G. DE FOMENTO Y VIVIENDA 33.991.212 7.379.842 31.103 41.402.157 4.470.824 4.470.824
and,2017,,518196819.0,51B,MOVILIDAD E INFRAESTRUCTURAS VIARIAS Y DE 31.211.926 298.249 7.861.046 165.115.368 204.486.589 246.809.864 66.900.366 313.710.230
and,2017,,18325175.0,46A,INFRAESTRUCTURA CENTROS Y ORDENACION 5.834.438 459.000 100.000 6.393.438 4.916.882 7.014.855 11.931.737
and,2017,,21793489.0,46B,ACTIVIDADES Y PROMOCION DEL DEPORTE 5.375.071 1.169.132 10.304.500 16.848.703 175.000 4.769.786 4.944.786
and,2017,turismo,32062525.0,75A,D.S.G. DE TURISMO Y DEPORTE 26.770.359 4.556.393 31.326.752 735.773 735.773
and,2017,turismo,68173746.0,75B,"PLANIFICACION, ORDENACION Y PROMOCION 7.200.612 21.687.337 28.887.949 1.982.591 37.303.206 39.285.797"
and,2017,turismo,15959831.0,75D,"CALIDAD, INNOVACION Y FOMENTO DEL TURISMO 1.186.816 2.664.247 3.851.063 498.859 11.609.909 12.108.768"
and,2017,,1313426.0,31I,MEMORIA DEMOCRATICA 547.015 310.000 300.000 1.157.015 156.411 156.411
and,2017,,22904050.0,45A,D.S.G. DE CULTURA 17.068.413 2.192.000 19.260.413 3.643.637 3.643.637
and,2017,,14069003.0,45B,PLANIFICACION Y TUTELA DEL PATRIMONIO 2.552.977 2.592.149 857.570 6.002.696 7.991.307 75.000 8.066.307
and,2017,,35839005.0,45D,"MUSEOS, ESPACIOS CULTURALES, DIFUSION Y 20.880.399 7.758.961 150.000 28.789.360 3.549.645 3.500.000 7.049.645"
and,2017,,36699262.0,45E,PROGRAMAS E INSTITUCIONES CULTURALES 1.341.174 1.020.000 24.446.167 26.807.341 5.384.014 4.507.907 9.891.921
and,2017,,48087654.0,45H,INDUSTRIAS CREATIVAS Y DEL LIBRO 17.552.025 3.412.109 20.875.939 41.840.073 2.997.108 3.250.473 6.247.581
and,2017,,6449853.0,45J,PATRIMONIO HISTORICO 6.199.853 6.199.853 250.000 250.000
and,2017,direccion,11663107.0,14A,D.S.G. DE JUSTICIA E INTERIOR 7.488.187 1.558.345 9.046.532 2.616.575 2.616.575
and,2017,direccion,431416842.0,14B,ADMINISTRACION DE JUSTICIA 290.952.601 78.733.798 43.440.741 413.127.140 18.289.702 18.289.702
and,2017,,40201492.0,22B,"INTERIOR, EMERGENCIAS Y PROTECCION CIVIL 16.483.747 13.332.513 280.000 30.096.260 10.105.232 10.105.232"
and,2017,diversidad,3257191.0,31J,COORDINACION DE POLITICAS MIGRATORIAS 1.196.191 200.000 1.700.000 3.096.191 161.000 161.000
and,2017,,82054722.0,31N,JUSTICIA JUVENIL Y ASISTENCIA A VICTIMAS 6.690.500 73.030.665 2.200.000 81.921.165 133.557 133.557
and,2017,soberania,250897479.0,71A,"D.S.G. DE AGRICULTURA, PESCA Y DESARROLLO 67.344.044 8.986.186 40.000 149.024.452 225.394.682 6.838.394 18.664.403 25.502.797"
and,2017,soberania,147664511.0,71B,ORDENACION Y MEJORA DE LA PRODUC. AGRIC. Y 1.753.000 6.063.639 7.816.639 10.879.617 128.968.255 139.847.872
and,2017,soberania,56302304.0,71E,INCENTIVACION DEL SECTOR AGROINDUSTRIAL 2.073.536 500.000 2.573.536 6.092.836 47.635.932 53.728.768
and,2017,soberania,134008817.0,71F,APOYO AL SECTOR PRODUCTOR AGRICOLA Y 3.391.280 250.000 150.000 3.791.280 16.441.306 113.776.231 130.217.537
and,2017,soberania,68509623.0,71H,DESARROLLO RURAL 847.591 5.701.261 6.548.852 2.531.070 59.429.701 61.960.771
and,2017,soberania,31816211.0,71P,PESCA 707.436 20.000 773.240 1.500.676 1.945.609 28.369.926 30.315.535
and,2017,vivienda,21225519.0,43B,ACTUACIONES EN MATERIA ORDEN. TERRIT. Y 10.853.032 350.748 60.000 11.263.780 6.230.723 3.731.016 9.961.739
and,2017,,100574648.0,44A,D.S.G. DE M. AMBIENTE Y ORDENACIÓN DEL 75.566.665 14.115.055 500.000 90.181.720 10.392.928 10.392.928
and,2017,,29425589.0,44B,PREVENCION Y CALIDAD AMBIENTAL 9.195.183 30.000 875.000 10.100.183 14.420.879 4.904.527 19.325.406
and,2017,,199054659.0,44E,GESTION DEL MEDIO NATURAL 23.250.764 2.033.260 500.000 6.000 25.790.024 152.132.361 21.132.274 173.264.635
and,2017,,148996775.0,44F,SOSTENIBILIDAD E INFORMACION AMBIENTAL 1.244.518 866.114 131.660.689 133.771.321 14.099.904 1.125.550 15.225.454
and,2017,,6962285.0,44G,DINAMIZ. SOC-ECON Y POLITICAS FOMENT. MED. 110.343 1.336.327 1.446.670 2.590.385 2.925.230 5.515.615
and,2017,,276054980.0,51D,ACTUACIONES EN MATERIA DE AGUA 28.111.579 16.308.832 2.029.026 46.449.437 229.505.543 100.000 229.605.543
and,2017,direccion,5796494.0,12C,ACCION SOCIAL DEL PERSONAL 5.796.494 5.796.494
and,2017,direccion,92453947.0,61G,GESTION Y ADMINISTRACION DEL PATRIMONIO DE LA 1.740.000 71.479.955 91.740 73.311.695 19.142.252 19.142.252
and,2017,direccion,43950303.0,61I,GESTION DE TECNOLOGIAS CORPORATIVAS 780.000 780.000 43.170.303 43.170.303
and,2017,direccion,16000000.0,63B,IMPREVISTOS Y FUNCIONES NO CLASIFICADAS 16.000.000 16.000.000
and,2017,direccion,2653530358.0,81B,COOPERACION ECONOMICA Y RELAC. FINANCIERAS 2.649.279.132 2.649.279.132 4.251.226 4.251.226
and,2017,soberania,1401100000.0,71F,APOYO AL SECTOR PRODUCTOR AGRICOLA Y 1.401.100.000 1.401.100.000
and,2017,,22618890.0,31F,PENSIONES ASISTENCIALES 22.618.890 22.618.890
and,2017,direccion,480000000.0,81B,COOPERACION ECONOMICA Y RELAC. FINANCIERAS 480.000.000 480.000.000
and,2018,direccion,79857279.0,11A,"D.S.G. PRESIDENCIA, ADMÓN LOCAL Y M. 57.576.095 13.000.999 2.523.850 73.100.944 6.564.086 192.249 6.756.335"
and,2018,direccion,4124445.0,12D,COBERTURA INFORMATIVA 2.977.265 1.097.180 50.000 4.124.445
and,2018,,3032888.0,12E,B.O.J.A. 2.102.938 564.000 2.666.938 365.950 365.950
and,2018,,1724752.0,31I,MEMORIA DEMOCRATICA 558.341 700.000 310.000 1.568.341 156.411 156.411
and,2018,direccion,149189825.0,52C,COMUNICACION SOCIAL 1.513.255 1.566.650 141.437.920 144.517.825 4.672.000 4.672.000
and,2018,direccion,83067594.0,81A,COOP. ECONOMICA Y COORDINACION CON LAS 5.201.955 145.620 900.000 6.247.575 1.258.703 75.561.316 76.820.019
and,2018,direccion,6455990.0,82A,ACCION EXTERIOR 1.641.181 132.896 4.534.077 6.308.154 147.836 147.836
and,2018,direccion,40340321.0,11B,ACTIVIDAD LEGISLATIVA 18.827.770 7.985.479 3.800 11.025.422 37.842.471 2.347.850 2.347.850 150.000 150.000
and,2018,direccion,5501954.0,11C,CONTROL EXTERNO DEL SECTOR PUBLICO 4.739.240 666.922 44.392 5.450.554 51.400 51.400
and,2018,direccion,4556261169.0,01A,ADMON. G. FINANC. Y AMORTIZACION DEUDA 486.353 518.004.816 518.491.169 43.620.000 3.994.150.000 4.037.770.000
and,2018,direccion,10589913.0,11C,CONTROL EXTERNO DEL SECTOR PUBLICO 8.254.428 1.824.000 73.383 10.151.811 410.361 410.361 27.741 27.741
and,2018,direccion,3831295.0,11D,ALTO ASESORAMIENTO DE LA COMUNIDAD 3.320.295 481.000 3.801.295 30.000 30.000
and,2018,direccion,4566551.0,11H,AUTORIDAD Y ASESORAMIENTO AUDIOVISUAL DE LA 2.868.587 1.108.898 4.066 3.981.551 585.000 585.000
and,2018,direccion,2660590.0,11I,AUT. MAT. TRANSPARENCIA Y PROTECCION DE 1.791.996 501.594 2.293.590 367.000 367.000
and,2018,educacion,1248568778.0,42J,UNIVERSIDADES 1.733.223 178.420 114.194 756.479.726 758.505.563 1.704.990 483.274.714 484.979.704 5.083.511 5.083.511
and,2018,idi,355703750.0,54A,INVESTIGACION CIENTIFICA E INNOVACION 1.821.466 1.225.448 4.158.855 10.069.858 17.275.627 1.892.562 300.134.032 302.026.594 36.401.529 36.401.529
and,2018,direccion,53957090.0,61J,D.S.G. DE ECONOMIA Y CONOCIMIENTO 45.757.301 6.544.100 16.500 52.317.901 1.639.189 1.639.189
and,2018,direccion,25525137.0,61K,COORDINACION DE FONDOS EUROPEOS 2.571.471 15.754 2.587.225 22.937.912 22.937.912
and,2018,empleo,137487434.0,72C,EMPRENDIMIENTO E INTERNACIONALIZ. ECON. 7.486.861 17.848 78.904.030 86.408.739 2.562.552 48.516.143 51.078.695
and,2018,direccion,9995236.0,12A,MODERNIZACION Y GESTION DE LA FUNCION 9.414.486 580.750 9.995.236
and,2018,direccion,376813.0,12C,ACCION SOCIAL DEL PERSONAL 376.813 376.813
and,2018,direccion,43475122.0,61A,D.S.G. DE HACIENDA Y ADMINISTRACION PUBLICA 27.991.608 4.042.025 10.994.258 43.027.891 82.200 365.031 447.231
and,2018,direccion,2500143.0,61D,POLITICA PRESUPUESTARIA 2.464.143 36.000 2.500.143
and,2018,direccion,20976205.0,61E,CONTROL INTERNO Y CONTABILIDAD PUBLICA 18.589.515 2.150.338 20.739.853 236.352 236.352
and,2018,direccion,6428584.0,61F,GESTION DE LA TESORERIA 5.498.922 906.300 23.362 6.428.584
and,2018,direccion,3576733.0,61G,GESTION Y ADMINISTRACION DEL PATRIMONIO DE LA 3.531.139 45.594 3.576.733
and,2018,direccion,1852154.0,61H,FINANCIACION Y TRIBUTOS 1.823.745 28.409 1.852.154
and,2018,direccion,4992958.0,61I,GESTION DE TECNOLOGIAS CORPORATIVAS 4.927.685 65.273 4.992.958
and,2018,direccion,74874531.0,61L,COORDINACION Y CONTROL DE LA HACIENDA DE LA 981.403 906.811 72.891.317 74.779.531 95.000 95.000
and,2018,direccion,917489.0,61M,"COOR. POLIT. FINAN,TRIBUT, TESORER Y ENDEUD. 708.705 208.784 917.489"
and,2018,direccion,19070629.0,63A,REGULACION Y COOPERACION CON INSTITUC. 1.065.483 5.146 1.070.629 18.000.000 18.000.000
and,2018,direccion,558045.0,81B,COOPERACION ECONOMICA Y RELAC. FINANCIERAS 528.123 29.922 558.045
and,2018,diversidad,196493621.0,31P,SERVICIO DE APOYO A LAS FAMILIAS 58.067.110 138.426.511 196.493.621
and,2018,educacion,77029170.0,42A,D.S.G. DE EDUCACION 71.381.212 4.611.717 1.000 75.993.929 1.035.241 1.035.241
and,2018,educacion,34443360.0,42B,FORMACION DEL PROFESORADO 28.999.030 5.444.330 34.443.360
and,2018,educacion,2019024268.0,42C,EDUCACION INFANTIL Y PRIMARIA 1.562.320.070 21.688.564 5.000 357.832.834 1.941.846.468 15.000.000 62.177.800 77.177.800
and,2018,educacion,2717316168.0,42D,EDUCACION SECUNDARIA Y FORMACION 2.064.625.827 113.412.747 20.051 450.452.414 2.628.511.039 10.242.000 78.563.129 88.805.129
and,2018,educacion,338800476.0,42E,EDUCACION ESPECIAL 226.186.658 531.494 2.000 112.080.324 338.800.476
and,2018,educacion,306235704.0,42F,EDUCACION COMPENSATORIA 137.934.072 17.823.598 1.000 150.477.034 306.235.704
and,2018,educacion,105140379.0,42G,EDUCACION DE PERSONAS ADULTAS 102.744.234 2.395.695 450 105.140.379
and,2018,educacion,180864536.0,42H,ENSEÑANZAS DE REGIMEN ESPECIAL 172.048.643 7.679.963 1.000 1.134.930 180.864.536
and,2018,educacion,302322753.0,42I,EDUCACION PARA LA PRIMERA INFANCIA 101.834.401 11.194.011 184.645.850 297.674.262 4.648.491 4.648.491
and,2018,idi,51457891.0,54C,INNOVACION Y EVALUACION EDUCATIVA 16.557.356 13.581.198 30.138.554 21.048.592 270.745 21.319.337
and,2018,diversidad,38337875.0,31P,SERVICIO DE APOYO A LAS FAMILIAS 34.527.353 3.810.522 38.337.875
and,2018,sanidad,76298692.0,41A,D.S.G. DE SALUD 66.281.728 9.817.762 31.500 76.130.990 167.702 167.702
and,2018,sanidad,570197434.0,41C,ATENCION SANITARIA 466.992 563.453.442 563.920.434 6.277.000 6.277.000
and,2018,sanidad,20317173.0,41D,SALUD PUBLICA Y PARTICIPACION 16.561.961 1.458.210 1.796.396 19.816.567 212.856 287.750 500.606
and,2018,sanidad,8915153972.0,41H,PLANIFICACION Y FINANCIACION 1.488.380 8.809.879.184 8.811.367.564 103.786.408 103.786.408
and,2018,sanidad,12030391.0,41J,INSPECCION DE SERVICIOS SANITARIOS 11.896.049 85.042 11.981.091 49.300 49.300
and,2018,sanidad,33556234.0,41K,POLITICA DE CALIDAD Y MODERNIZACION 3.366.012 764.478 23.689.460 27.819.950 1.499.491 4.236.793 5.736.284
and,2018,,14094579.0,44H,CONSUMO 10.868.848 632.640 2.293.091 13.794.579 300.000 300.000
and,2018,igualdad,114039623.0,31A,D.S.G. DE IGUALDAD Y POLÍTICAS SOCIALES 44.648.233 5.813.588 9.100 59.952.858 110.423.779 630.050 2.985.794 3.615.844
and,2018,salud_mental,38267726.0,31B,PLAN SOBRE DROGODEPENDENCIAS 3.742.078 8.534.701 25.130.947 37.407.726 110.000 750.000 860.000
and,2018,discapacidad,153480255.0,31E,ATENCION A LA INFANCIA 46.951.031 66.465.435 30.900 39.632.889 153.080.255 400.000 400.000
and,2018,diversidad,94006923.0,31G,BIENESTAR SOCIAL 2.082.295 129.235 82.789.443 85.000.973 1.505.950 7.500.000 9.005.950
and,2018,,2684028.0,31H,VOLUNTARIADO 1.552.546 142.332 989.150 2.684.028
and,2018,diversidad,171633992.0,31P,SERVICIO DE APOYO A LAS FAMILIAS 171.633.992 171.633.992
and,2018,dependencia,1196024692.0,31R,"ATENC. DEPENDENCIA, ENVEJECIMIENTO A. Y 133.766.962 26.839.903 30.000 1.027.495.157 1.188.132.022 5.696.737 2.195.933 7.892.670"
and,2018,diversidad,240273855.0,32E,INCLUSION SOCIAL 235.231.577 235.231.577 5.042.278 5.042.278
and,2018,,43176641.0,82B,COOPERACION PARA EL DESARROLLO 43.064.733 43.064.733 111.908 111.908
and,2018,direccion,12404893.0,14A,D.S.G. DE JUSTICIA E INTERIOR 7.825.646 1.617.598 9.443.244 2.961.649 2.961.649
and,2018,direccion,452063855.0,14B,ADMINISTRACION DE JUSTICIA 302.463.464 82.397.293 43.984.351 428.845.108 23.218.747 23.218.747
and,2018,,41084200.0,22B,"INTERIOR, EMERGENCIAS Y PROTECCION CIVIL 16.288.185 15.991.615 530.000 32.809.800 8.274.400 8.274.400"
and,2018,diversidad,4917755.0,31J,COORDINACION DE POLITICAS MIGRATORIAS 1.195.513 272.000 2.290.242 3.757.755 160.000 1.000.000 1.160.000
and,2018,,83401571.0,31N,JUSTICIA JUVENIL Y ASISTENCIA A VICTIMAS 6.505.584 73.062.430 3.700.000 83.268.014 133.557 133.557
and,2018,igualdad,4205365.0,31T,PROTECCIÓN CONTRA LA VIOLENCIA DE GÉNERO 544.123 2.171.242 1.490.000 4.205.365
and,2018,direccion,1590518.0,11F,ASESORAMIENTO EN MATERIA ECONOMICA Y SOCIAL 735.212 821.615 10.993 1.567.820 22.698 22.698
and,2018,empleo,132874694.0,31C,"SEGURIDAD, SALUD Y RELACIONES LABORALES 21.778.041 1.273.673 105.192.980 128.244.694 730.000 3.900.000 4.630.000"
and,2018,empleo,3279731.0,31M,CONSEJO ANDALUZ DE RELACIONES LABORALES 1.790.001 1.449.516 18.150 3.257.667 22.064 22.064
and,2018,empleo,17786256.0,32A,"D.S.G. DE EMPLEO, EMPRESA Y COMERCIO 11.280.731 5.692.925 16.973.656 812.600 812.600"
and,2018,empleo,239175780.0,32D,FORMACION PROFESIONAL PARA EL EMPLEO 17.778.887 6.275.369 52.469.998 76.524.254 5.844.821 156.806.705 162.651.526
and,2018,,765623751.0,32L,"EMPLEABILIDAD, INTERMEDIACION Y FOMENTO 479.082.310 479.082.310 286.541.441 286.541.441"
and,2018,,16990172.0,44J,ADMON. Y GESTION DEL SERVICIO DE TIEMPO LIBRE 13.087.134 3.612.817 16.699.951 290.221 290.221
and,2018,idi,327334093.0,72A,ENERGIA E INFRAESTRUCT. Y SERVICIOS 15.532.968 1.376.005 24.413.842 41.322.815 37.235.222 248.776.056 286.011.278
and,2018,empleo,19347075.0,76A,ORDENACION Y PROMOCION COMERCIAL 5.794.739 284.000 925.000 7.003.739 3.112.876 9.230.460 12.343.336
and,2018,vivienda,254264177.0,43A,"VIVIENDA, REHABILITACION Y SUELO 13.028.857 3.009.080 372.608 61.133.997 77.544.542 20.450.474 123.479.123 143.929.597 2.790.038 30.000.000 32.790.038"
and,2018,vivienda,58139120.0,51A,D.S.G. DE FOMENTO Y VIVIENDA 41.607.351 7.379.842 4.731.103 53.718.296 4.420.824 4.420.824
and,2018,,545539509.0,51B,MOVILIDAD E INFRAESTRUCTURAS VIARIAS Y DE 24.886.245 632.251 184.023.007 209.541.503 241.376.700 94.621.306 335.998.006
and,2018,,20507494.0,46A,INFRAESTRUCTURA CENTROS Y ORDENACION 5.709.701 1.650.792 215.264 7.575.757 5.916.882 7.014.855 12.931.737
and,2018,,22499947.0,46B,ACTIVIDADES Y PROMOCION DEL DEPORTE 5.611.561 1.219.132 10.664.468 17.495.161 185.000 4.819.786 5.004.786
and,2018,turismo,32196689.0,75A,D.S.G. DE TURISMO Y DEPORTE 26.954.523 4.506.393 31.460.916 735.773 735.773
and,2018,turismo,74252865.0,75B,"PLANIFICACION, ORDENACION Y PROMOCION 7.564.803 14.119 21.901.662 29.480.584 3.934.616 40.837.665 44.772.281"
and,2018,turismo,12275420.0,75D,"CALIDAD, INNOVACION Y FOMENTO DEL TURISMO 1.222.217 3.077.259 4.299.476 285.062 7.690.882 7.975.944"
and,2018,,22896998.0,45A,D.S.G. DE CULTURA 16.177.465 2.215.989 18.393.454 4.503.544 4.503.544
and,2018,,12001671.0,45B,PLANIFICACION Y TUTELA DEL PATRIMONIO 3.324.746 64.566 50.000 3.439.312 8.112.359 450.000 8.562.359
and,2018,,36417672.0,45D,"MUSEOS, ESPACIOS CULTURALES, DIFUSION Y 21.417.992 9.075.140 30.493.132 5.049.540 875.000 5.924.540"
and,2018,,33140109.0,45E,PROGRAMAS E INSTITUCIONES CULTURALES 1.367.529 8.500 24.690.629 26.066.658 6.053.855 1.019.596 7.073.451
and,2018,,60897812.0,45H,INDUSTRIAS CREATIVAS Y DEL LIBRO 17.998.181 4.183.569 2.000 23.904.323 46.088.073 5.253.813 9.555.926 14.809.739
and,2018,,6511852.0,45J,PATRIMONIO HISTORICO 6.261.852 6.261.852 250.000 250.000
and,2018,soberania,267074495.0,71A,"D.S.G. DE AGRICULTURA, PESCA Y DESARROLLO 68.343.271 8.727.147 40.000 153.882.750 230.993.168 8.300.243 27.781.084 36.081.327"
and,2018,soberania,162492497.0,71B,ORDENACION Y MEJORA DE LA PRODUC. AGRIC. Y 1.725.170 7.880.000 9.605.170 8.137.238 144.750.089 152.887.327
and,2018,soberania,58630006.0,71E,INCENTIVACION DEL SECTOR AGROINDUSTRIAL 2.030.417 1.500.000 3.530.417 5.184.102 49.915.487 55.099.589
and,2018,soberania,139452031.0,71F,APOYO AL SECTOR PRODUCTOR AGRICOLA Y 34.501 3.741.280 250.000 150.000 4.175.781 15.979.474 119.296.776 135.276.250
and,2018,soberania,35004109.0,71H,DESARROLLO RURAL 923.872 1.200.000 8.872.620 10.996.492 954.420 23.053.197 24.007.617
and,2018,soberania,61635063.0,71P,PESCA 705.135 20.000 1.422.888 2.148.023 2.889.650 56.597.390 59.487.040
and,2018,vivienda,23445368.0,43B,ACTUACIONES EN MATERIA ORDEN. TERRIT. Y 10.938.861 250.748 60.000 11.249.609 8.597.498 3.598.261 12.195.759
and,2018,,100472791.0,44A,D.S.G. DE M. AMBIENTE Y ORDENACIÓN DEL 78.043.888 12.823.913 500.000 91.367.801 9.104.990 9.104.990
and,2018,,30973897.0,44B,PREVENCION Y CALIDAD AMBIENTAL 9.381.157 39.250 918.750 10.339.157 15.434.688 5.200.052 20.634.740
and,2018,,202752795.0,44E,GESTION DEL MEDIO NATURAL 23.339.013 1.993.011 500.000 61.000 25.893.024 140.951.559 35.908.212 176.859.771
and,2018,,159812846.0,44F,SOSTENIBILIDAD E INFORMACION AMBIENTAL 1.283.952 844.744 142.675.400 144.804.096 13.956.736 1.052.014 15.008.750
and,2018,,8510963.0,44G,DINAMIZ. SOC-ECON Y POLITICAS FOMENT. MED. 111.194 10.000 1.236.327 1.357.521 2.697.105 4.456.337 7.153.442
and,2018,,275105523.0,51D,ACTUACIONES EN MATERIA DE AGUA 28.459.000 19.000.000 2.029.026 55.200 49.543.226 225.562.297 225.562.297
and,2018,direccion,4000000.0,12A,MODERNIZACION Y GESTION DE LA FUNCION 4.000.000 4.000.000
and,2018,direccion,5796494.0,12C,ACCION SOCIAL DEL PERSONAL 5.796.494 5.796.494
and,2018,direccion,93109414.0,61G,GESTION Y ADMINISTRACION DEL PATRIMONIO DE LA 3.328.747 72.627.175 91.740 76.047.662 17.061.752 17.061.752
and,2018,direccion,47768090.0,61I,GESTION DE TECNOLOGIAS CORPORATIVAS 780.000 780.000 46.988.090 46.988.090
and,2018,direccion,16000000.0,63B,IMPREVISTOS Y FUNCIONES NO CLASIFICADAS 16.000.000 16.000.000
and,2018,direccion,2653530358.0,81B,COOPERACION ECONOMICA Y RELAC. FINANCIERAS 2.649.279.132 2.649.279.132 4.251.226 4.251.226
and,2018,soberania,1401000000.0,71F,APOYO AL SECTOR PRODUCTOR AGRICOLA Y 1.401.000.000 1.401.000.000
and,2018,,21625428.0,31F,PENSIONES ASISTENCIALES 21.625.428 21.625.428
and,2018,direccion,480000000.0,81B,COOPERACION ECONOMICA Y RELAC. FINANCIERAS 480.000.000 480.000.000
and,2019,direccion,79838778.0,11A,"D.S.G. PRESIDENCIA, ADMÓN LOCAL Y M. 57.758.835 13.000.999 2.523.850 73.283.684 6.362.845 192.249 6.555.094"
and,2019,direccion,4054185.0,12D,COBERTURA INFORMATIVA 2.907.005 1.097.180 50.000 4.054.185
and,2019,,3150203.0,12E,B.O.J.A. 2.220.253 564.000 2.784.253 365.950 365.950
and,2019,,1759667.0,31I,MEMORIA DEMOCRATICA 593.256 700.000 310.000 1.603.256 156.411 156.411
and,2019,direccion,149480698.0,52C,COMUNICACION SOCIAL 1.804.128 1.566.650 141.437.920 144.808.698 4.672.000 4.672.000
and,2019,direccion,84013814.0,81A,COOP. ECONOMICA Y COORDINACION CON LAS 5.555.432 145.620 900.000 6.601.052 1.851.446 75.561.316 77.412.762
and,2019,direccion,6512332.0,82A,ACCION EXTERIOR 1.639.769 132.896 4.534.077 6.306.742 205.590 205.590
and,2019,direccion,40340321.0,11B,ACTIVIDAD LEGISLATIVA 18.827.770 7.985.479 3.800 11.025.422 37.842.471 2.347.850 2.347.850 150.000 150.000
and,2019,direccion,5501954.0,11C,CONTROL EXTERNO DEL SECTOR PUBLICO 4.739.240 666.922 44.392 5.450.554 51.400 51.400
and,2019,direccion,4674124639.0,01A,ADMON. G. FINANC. Y AMORTIZACION DEUDA 486.353 495.165.848 495.652.201 43.620.000 4.134.852.438 4.178.472.438
and,2019,direccion,10589913.0,11C,CONTROL EXTERNO DEL SECTOR PUBLICO 8.254.428 1.824.000 73.383 10.151.811 410.361 410.361 27.741 27.741
and,2019,direccion,3981295.0,11D,ALTO ASESORAMIENTO DE LA COMUNIDAD 3.470.295 481.000 3.951.295 30.000 30.000
and,2019,direccion,4566551.0,11H,AUTORIDAD Y ASESORAMIENTO AUDIOVISUAL DE LA 2.868.587 1.108.898 4.066 3.981.551 585.000 585.000
and,2019,direccion,3660590.0,11I,AUT. MAT. TRANSPARENCIA Y PROTECCION DE 2.791.996 501.594 3.293.590 367.000 367.000
and,2019,direccion,10629580.0,12A,MODERNIZACION Y GESTION DE LA FUNCION 10.048.830 580.750 10.629.580
and,2019,direccion,374871.0,12C,ACCION SOCIAL DEL PERSONAL 374.871 374.871
and,2019,direccion,42923524.0,61A,"D.S.G. ECONOMÍA, HACIENDA Y ADMINISTRACIÓN 27.440.010 4.042.025 10.994.258 42.476.293 82.200 365.031 447.231"
and,2019,direccion,18537270.0,61B,POLÍTICA ECONÓMICA Y PLANIFICACIÓN 1.622.380 17.848 11.039.920 12.680.148 415.276 5.441.846 5.857.122
and,2019,direccion,2681367.0,61D,POLITICA PRESUPUESTARIA 2.645.367 36.000 2.681.367
and,2019,direccion,22986775.0,61E,CONTROL INTERNO Y CONTABILIDAD PUBLICA 20.376.022 2.161.553 22.537.575 449.200 449.200
and,2019,direccion,6527512.0,61F,GESTION DE LA TESORERIA 5.597.850 906.300 23.362 6.527.512
and,2019,direccion,3904405.0,61G,GESTION Y ADMINISTRACION DEL PATRIMONIO DE LA 3.858.811 45.594 3.904.405
and,2019,direccion,1804056.0,61H,FINANCIACION Y TRIBUTOS 1.775.647 28.409 1.804.056
and,2019,direccion,5027979.0,61I,GESTION DE TECNOLOGIAS CORPORATIVAS 4.962.706 65.273 5.027.979
and,2019,direccion,27986584.0,61K,COORDINACION DE FONDOS EUROPEOS 2.584.452 40.754 2.625.206 25.361.378 25.361.378
and,2019,direccion,79666283.0,61L,COORDINACION Y CONTROL DE LA HACIENDA DE LA 783.346 906.811 77.881.126 79.571.283 95.000 95.000
and,2019,direccion,888631.0,61M,"COOR. POLIT. FINAN,TRIBUT, TESORER Y ENDEUD. 679.847 208.784 888.631"
and,2019,direccion,19108830.0,63A,REGULACION Y COOPERACION CON INSTITUC. 1.103.684 5.146 1.108.830 18.000.000 18.000.000
and,2019,direccion,661477.0,81B,COOPERACION ECONOMICA Y RELAC. FINANCIERAS 631.555 29.922 661.477
and,2019,educacion,1248640849.0,42J,UNIVERSIDADES 1.753.922 178.420 114.194 756.517.516 758.564.052 1.704.990 483.274.714 484.979.704 5.097.093 5.097.093
and,2019,idi,394827473.0,54A,INVESTIGACION CIENTIFICA E INNOVACION 2.020.469 1.225.448 4.158.855 9.190.148 16.594.920 6.850.754 332.834.039 339.684.793 38.547.760 38.547.760
and,2019,direccion,48419876.0,61J,"D.S.G. CONOCIMIENTO, INVESTIGACIÓN Y 40.220.087 6.544.100 16.500 46.780.687 1.639.189 1.639.189"
and,2019,empleo,109658308.0,72C,EMPRENDIMIENTO E INTERNACIONALIZ. ECON. 5.900.133 66.611.435 72.511.568 1.989.258 35.157.482 37.146.740
and,2019,diversidad,202123117.0,31P,SERVICIO DE APOYO A LAS FAMILIAS 66.196.123 135.926.994 202.123.117
and,2019,educacion,79513704.0,42A,D.S.G. DE EDUCACION 73.893.121 4.611.717 1.000 78.505.838 1.007.866 1.007.866
and,2019,educacion,33010163.0,42B,FORMACION DEL PROFESORADO 27.430.953 5.579.210 33.010.163
and,2019,educacion,1978200230.0,42C,EDUCACION INFANTIL Y PRIMARIA 1.533.431.670 21.688.564 5.000 357.832.834 1.912.958.068 15.000.000 50.242.162 65.242.162
and,2019,educacion,2728555451.0,42D,EDUCACION SECUNDARIA Y FORMACION 2.101.384.834 113.521.987 20.051 453.238.850 2.668.165.722 10.201.155 50.188.574 60.389.729
and,2019,educacion,343761367.0,42E,EDUCACION ESPECIAL 227.753.387 531.494 2.000 115.474.486 343.761.367
and,2019,educacion,291841679.0,42F,EDUCACION COMPENSATORIA 138.974.703 17.823.598 1.000 135.042.378 291.841.679
and,2019,educacion,99736688.0,42G,EDUCACION DE PERSONAS ADULTAS 97.340.543 2.395.695 450 99.736.688
and,2019,educacion,188873983.0,42H,ENSEÑANZAS DE REGIMEN ESPECIAL 180.058.090 7.679.963 1.000 1.134.930 188.873.983
and,2019,educacion,304187119.0,42I,EDUCACION PARA LA PRIMERA INFANCIA 103.698.767 11.194.011 184.645.850 299.538.628 4.648.491 4.648.491
and,2019,idi,61650943.0,54C,INNOVACION Y EVALUACION EDUCATIVA 16.607.356 11.961.286 28.568.642 32.811.556 270.745 33.082.301
and,2019,diversidad,38337875.0,31P,SERVICIO DE APOYO A LAS FAMILIAS 34.527.353 3.810.522 38.337.875
and,2019,sanidad,69391149.0,41A,D.S.G. DE SALUD 59.374.185 9.817.762 31.500 69.223.447 167.702 167.702
and,2019,sanidad,569313434.0,41C,ATENCION SANITARIA 466.992 563.453.442 563.920.434 5.393.000 5.393.000
and,2019,sanidad,20589916.0,41D,SALUD PUBLICA Y PARTICIPACION 16.752.092 1.494.410 1.680.976 19.927.478 320.688 341.750 662.438
and,2019,sanidad,8902356411.0,41H,PLANIFICACION Y FINANCIACION 1.444.182 8.825.049.516 8.826.493.698 75.862.713 75.862.713
and,2019,sanidad,10316896.0,41J,INSPECCION DE SERVICIOS SANITARIOS 10.182.854 94.042 10.276.896 40.000 40.000
and,2019,sanidad,41296216.0,41K,POLITICA DE CALIDAD Y MODERNIZACION 3.757.622 215.326 24.244.460 28.217.408 1.888.193 11.190.615 13.078.808
and,2019,,13689130.0,44H,CONSUMO 10.463.399 632.640 2.293.091 13.389.130 300.000 300.000
and,2019,igualdad,113350298.0,31A,D.S.G. DE IGUALDAD Y POLÍTICAS SOCIALES 44.549.008 5.813.588 9.100 58.939.432 109.311.128 1.053.376 2.985.794 4.039.170
and,2019,salud_mental,38229327.0,31B,PLAN SOBRE DROGODEPENDENCIAS 3.877.471 8.534.701 24.647.947 37.060.119 115.000 1.054.208 1.169.208
and,2019,discapacidad,155425426.0,31E,ATENCION A LA INFANCIA 47.274.202 67.807.435 30.900 39.632.889 154.745.426 680.000 680.000
and,2019,diversidad,97298520.0,31G,ACCIÓN COMUNITARIA E INSERCIÓN 2.054.569 129.235 85.227.079 87.410.883 2.387.637 7.500.000 9.887.637
and,2019,,2667532.0,31H,VOLUNTARIADO 1.536.050 142.332 989.150 2.667.532
and,2019,diversidad,171633992.0,31P,SERVICIO DE APOYO A LAS FAMILIAS 171.633.992 171.633.992
and,2019,dependencia,1195006504.0,31R,"ATENC. DEPENDENCIA, ENVEJECIMIENTO A. Y 133.451.845 24.617.352 30.000 1.026.065.578 1.184.164.775 8.340.876 2.500.853 10.841.729"
and,2019,diversidad,244885634.0,32E,INCLUSION SOCIAL 241.532.892 241.532.892 3.352.742 3.352.742
and,2019,,43176641.0,82B,COOPERACION PARA EL DESARROLLO 43.064.733 43.064.733 111.908 111.908
and,2019,direccion,12094097.0,14A,D.S.G. DE JUSTICIA E INTERIOR 7.229.460 1.617.598 8.847.058 3.247.039 3.247.039
and,2019,direccion,452921586.0,14B,ADMINISTRACION DE JUSTICIA 303.826.591 82.397.293 43.984.351 430.208.235 22.713.351 22.713.351
and,2019,,42052579.0,22B,"INTERIOR, EMERGENCIAS Y PROTECCION CIVIL 17.256.564 15.991.615 530.000 33.778.179 8.274.400 8.274.400"
and,2019,diversidad,4972084.0,31J,COORDINACION DE POLITICAS MIGRATORIAS 1.250.352 272.000 2.289.732 3.812.084 160.000 1.000.000 1.160.000
and,2019,,83871638.0,31N,JUSTICIA JUVENIL Y ASISTENCIA A VICTIMAS 6.975.651 73.062.430 3.700.000 83.738.081 133.557 133.557
and,2019,igualdad,4324988.0,31T,PROTECCIÓN CONTRA LA VIOLENCIA DE GÉNERO 663.746 2.171.242 1.490.000 4.324.988
and,2019,direccion,1646072.0,11F,ASESORAMIENTO EN MATERIA ECONOMICA Y SOCIAL 790.766 821.615 10.993 1.623.374 22.698 22.698
and,2019,empleo,133947423.0,31C,"SEGURIDAD, SALUD Y RELACIONES LABORALES 22.920.770 1.273.673 105.122.980 129.317.423 730.000 3.900.000 4.630.000"
and,2019,empleo,3123289.0,31M,CONSEJO ANDALUZ DE RELACIONES LABORALES 1.633.559 1.449.516 18.150 3.101.225 22.064 22.064
and,2019,empleo,15900796.0,32A,"D.S.G. DE EMPLEO, EMPRESA Y COMERCIO 9.395.271 5.692.925 15.088.196 812.600 812.600"
and,2019,empleo,245667931.0,32D,FORMACION PROFESIONAL PARA EL EMPLEO 18.391.761 5.423.479 116.525.934 140.341.174 7.022.828 98.303.929 105.326.757
and,2019,,532819071.0,32L,"EMPLEABILIDAD, INTERMEDIACION Y FOMENTO 462.836.427 462.836.427 69.982.644 69.982.644"
and,2019,,16698931.0,44J,ADMON. Y GESTION DEL SERVICIO DE TIEMPO LIBRE 12.795.893 3.612.817 16.408.710 290.221 290.221
and,2019,idi,357973460.0,72A,ENERGIA E INFRAESTRUCT. Y SERVICIOS 15.328.318 1.394.505 25.293.552 42.016.375 57.216.744 258.740.341 315.957.085
and,2019,empleo,21882096.0,76A,ORDENACION Y PROMOCION COMERCIAL 6.145.319 284.000 925.000 7.354.319 3.179.076 11.348.701 14.527.777
and,2019,vivienda,245339329.0,43A,"VIVIENDA, REHABILITACION Y SUELO 13.229.168 3.102.158 372.608 49.614.338 66.318.272 17.477.745 128.753.274 146.231.019 2.790.038 30.000.000 32.790.038"
and,2019,vivienda,53361957.0,51A,D.S.G. DE FOMENTO Y VIVIENDA 36.830.188 7.379.842 4.731.103 48.941.133 4.420.824 4.420.824
and,2019,,549729942.0,51B,MOVILIDAD E INFRAESTRUCTURAS VIARIAS Y DE 24.286.234 667.039 183.737.518 208.690.791 248.860.791 92.178.360 341.039.151
and,2019,,19805877.0,46A,INFRAESTRUCTURA CENTROS Y ORDENACION 6.070.723 1.650.792 215.264 7.936.779 4.854.243 7.014.855 11.869.098
and,2019,,24592940.0,46B,ACTIVIDADES Y PROMOCION DEL DEPORTE 5.359.472 3.564.214 10.664.468 19.588.154 185.000 4.819.786 5.004.786
and,2019,turismo,31279291.0,75A,D.S.G. DE TURISMO Y DEPORTE 26.037.125 4.506.393 30.543.518 735.773 735.773
and,2019,turismo,73234769.0,75B,"PLANIFICACION, ORDENACION Y PROMOCION 7.851.197 8.460 21.901.662 29.761.319 3.688.298 39.785.152 43.473.450"
and,2019,turismo,15794002.0,75D,"CALIDAD, INNOVACION Y FOMENTO DEL TURISMO 1.249.886 3.077.259 4.327.145 474.009 10.992.848 11.466.857"
and,2019,,21244759.0,45A,D.S.G. DE CULTURA 14.320.440 2.215.989 16.536.429 4.708.330 4.708.330
and,2019,,11240598.0,45B,PLANIFICACION Y TUTELA DEL PATRIMONIO 2.945.319 64.566 50.000 3.059.885 7.730.713 450.000 8.180.713
and,2019,,34698009.0,45D,"MUSEOS, ESPACIOS CULTURALES, DIFUSION Y 19.895.869 9.075.140 28.971.009 4.852.000 875.000 5.727.000"
and,2019,,34870853.0,45E,PROGRAMAS E INSTITUCIONES CULTURALES 1.395.468 8.500 24.690.629 26.094.597 7.756.660 1.019.596 8.776.256
and,2019,,63035396.0,45H,INDUSTRIAS CREATIVAS Y DEL LIBRO 16.843.680 4.183.569 2.000 25.479.323 46.508.572 9.168.393 7.358.431 16.526.824
and,2019,,6511852.0,45J,PATRIMONIO HISTORICO 6.261.852 6.261.852 250.000 250.000
and,2019,soberania,265652466.0,71A,"D.S.G. DE AGRICULTURA, PESCA Y DESARROLLO 68.011.550 8.727.147 40.000 146.118.508 222.897.205 9.430.119 33.325.142 42.755.261"
and,2019,soberania,154510353.0,71B,ORDENACION Y MEJORA DE LA PRODUC. AGRIC. Y 1.844.946 7.917.068 9.762.014 6.785.910 137.962.429 144.748.339
and,2019,soberania,121760422.0,71E,INCENTIVACION DEL SECTOR AGROINDUSTRIAL 2.289.749 1.500.000 3.789.749 5.538.323 112.432.350 117.970.673
and,2019,soberania,145181903.0,71F,APOYO AL SECTOR PRODUCTOR AGRICOLA Y 94.742 3.741.280 250.000 150.000 4.236.022 15.790.034 125.155.847 140.945.881
and,2019,soberania,86280404.0,71H,DESARROLLO RURAL 888.350 1.200.000 6.500.000 8.588.350 9.352.261 68.339.793 77.692.054
and,2019,soberania,54033775.0,71P,PESCA 752.805 40.000 1.607.789 2.400.594 2.061.920 49.571.261 51.633.181
and,2019,vivienda,39750647.0,43B,ACTUACIONES EN MATERIA ORDEN. TERRIT. Y 11.657.584 250.748 60.000 11.968.332 21.468.020 6.314.295 27.782.315
and,2019,,94829960.0,44A,D.S.G. DE M. AMBIENTE Y ORDENACIÓN DEL 71.872.841 12.823.913 500.000 85.196.754 9.633.206 9.633.206
and,2019,,38205830.0,44B,PREVENCION Y CALIDAD AMBIENTAL 9.026.125 45.000 918.750 9.989.875 24.829.536 3.386.419 28.215.955
and,2019,,207292881.0,44E,GESTION DEL MEDIO NATURAL 22.995.609 3.916.108 500.000 61.000 27.472.717 168.078.150 11.742.014 179.820.164
and,2019,,160030045.0,44F,SOSTENIBILIDAD E INFORMACION AMBIENTAL 1.277.869 935.347 142.675.400 144.888.616 13.758.543 1.382.886 15.141.429
and,2019,,9344499.0,44G,DINAMIZ. SOC-ECON Y POLITICAS FOMENT. MED. 28.438 22.000 1.236.327 1.286.765 3.959.102 4.098.632 8.057.734
and,2019,,310086873.0,51D,ACTUACIONES EN MATERIA DE AGUA 29.652.752 19.088.294 2.029.026 55.200 50.825.272 259.261.601 259.261.601
and,2019,direccion,10485461.0,12A,MODERNIZACION Y GESTION DE LA FUNCION 10.485.461 10.485.461
and,2019,direccion,1000000.0,12C,ACCION SOCIAL DEL PERSONAL 1.000.000 1.000.000
and,2019,direccion,96080667.0,61G,GESTION Y ADMINISTRACION DEL PATRIMONIO DE LA 6.300.000 72.627.175 91.740 79.018.915 17.061.752 17.061.752
and,2019,direccion,48821011.0,61I,GESTION DE TECNOLOGIAS CORPORATIVAS 780.000 780.000 48.041.011 48.041.011
and,2019,direccion,16000000.0,63B,IMPREVISTOS Y FUNCIONES NO CLASIFICADAS 16.000.000 16.000.000
and,2019,direccion,2653530358.0,81B,COOPERACION ECONOMICA Y RELAC. FINANCIERAS 2.649.279.132 2.649.279.132 4.251.226 4.251.226
and,2019,soberania,1401000000.0,71F,APOYO AL SECTOR PRODUCTOR AGRICOLA Y 1.401.000.000 1.401.000.000
and,2019,,21310722.0,31F,PENSIONES ASISTENCIALES 21.310.722 21.310.722
and,2019,direccion,480000000.0,81B,COOPERACION ECONOMICA Y RELAC. FINANCIERAS 480.000.000 480.000.000
and,2020,direccion,5503333408.0,01A,"ADMON,GESTIÓN FINANCIERA Y AMORTIZACIÓN D. PUBLICA"
and,2020,direccion,112930996.0,11A,"D.S.G. PRESIDENCIA, ADMON. PÚBLICA E INTERIOR"
and,2020,direccion,41380575.0,11B,ACTIVIDAD LEGISLATIVA
and,2020,direccion,18269047.0,11C,CONTROL EXTERNO DEL SECTOR PÚBLICO
and,2020,direccion,3917323.0,11D,ALTO ASESORAMIENTO DE LA COMUNIDAD AUTÓNOMA
and,2020,direccion,49434298.0,11E,"D.S.G. TURISMO, REGENERACIÓN, JUSTICIA Y ADMON.LOC"
and,2020,direccion,1805748.0,11F,ASESORAMIENTO EN MATERIA ECONÓMICA Y SOCIAL
and,2020,direccion,4498808.0,11H,AUTORIDAD Y ASESORAMIENTO AUDIOVISUAL DE LA CAA
and,2020,direccion,3993534.0,11I,AUT. MAT. TRANSPARENCIA Y PROTECCIÓN DE DATOS AND.
and,2020,direccion,20698721.0,12A,PLANIFICACIÓN Y GESTIÓN DE LOS RECURSOS HUMANOS
and,2020,direccion,3116981.0,12C,ACCIÓN SOCIAL DEL PERSONAL
and,2020,,1483065.0,12F,TRANSPARENCIA Y RACIONALIZACIÓN
and,2020,empleo,59104757.0,12J,"D.S.G. EMPLEO, FORMACIÓN Y TRABAJO AUTÓNOMO"
and,2020,,31986451.0,12K,"D.S.G. HACIENDA, INDUSTRIA Y ENERGÍA"
and,2020,educacion,98992757.0,12L,D.S.G. DE EDUCACIÓN Y DEPORTE
and,2020,soberania,380292644.0,12M,"D.S.G. AGRIC., GANADERÍA, PESCA Y DESA. SOSTENIBLE"
and,2020,,14267865.0,12N,"D.S.G. ECONOMÍA, CONOCIMIENTO, EMPRESAS Y UNIVERS."
and,2020,,74777849.0,12O,D.S.G. SALUD Y FAMILIAS
and,2020,igualdad,133337744.0,12P,"D.S.G. IGUALDAD, POLÍTICAS SOCIALES Y CONCILIACIÓN"
and,2020,,49539270.0,12Q,"D.S.G. FOMENTO, INFRAES. Y ORDENACIÓN TERRITORIO"
and,2020,,27529372.0,12R,D.S.G. CULTURA Y PATRIMONIO HISTÓRICO
and,2020,direccion,514340652.0,14B,ADMINISTRACIÓN DE JUSTICIA
and,2020,direccion,87548550.0,14C,JUSTICIA JUVENIL Y ASISTENCIA A VÍCTIMAS
and,2020,,48843071.0,22B,"INTERIOR, EMERGENCIAS Y PROTECCIÓN CIVIL"
and,2020,salud_mental,7873415.0,31B,PLAN SOBRE ADICCIONES
and,2020,empleo,103260658.0,31C,"SEGURIDAD, SALUD Y RELACIONES LABORALES"
and,2020,discapacidad,192851292.0,31E,ATENCIÓN A LA INFANCIA
and,2020,,21111294.0,31F,PENSIONES ASISTENCIALES
and,2020,diversidad,245971651.0,31G,ACCIÓN COMUNITARIA E INSERCIÓN
and,2020,,1842630.0,31H,VOLUNTARIADO
and,2020,,1597354.0,31I,MEMORIA DEMOCRÁTICA
and,2020,diversidad,5499362.0,31J,COORDINACIÓN DE POLÍTICAS MIGRATORIAS
and,2020,empleo,3578651.0,31M,CONSEJO ANDALUZ DE RELACIONES LABORALES
and,2020,diversidad,262939052.0,31P,SERVICIO DE APOYO A FAMILIAS
and,2020,dependencia,1509239704.0,31R,"ATENC. DEPENDENCIA, ENVEJECIMIENTO ACTI. Y DISCAP."
and,2020,igualdad,2035734.0,31T,PROTECCIÓN CONTRA LA VIOLENCIA DE GÉNERO
and,2020,empleo,213194401.0,32D,FORMACIÓN PROFESIONAL PARA EL EMPLEO
and,2020,diversidad,45656848.0,32E,PROYECTOS DE INTERÉS SOCIAL
and,2020,empleo,641674462.0,32L,"EMPLEABILIDAD, INTERMEDIACIÓN Y FOMENTO DEL EMPLEO"
and,2020,sanidad,724826093.0,41C,ATENCIÓN SANITARIA
and,2020,sanidad,25069330.0,41D,SALUD PÚBLICA Y PARTICIPACIÓN
and,2020,sanidad,9962302670.0,41H,PLANIFICACIÓN Y FINANCIACIÓN
and,2020,sanidad,11517397.0,41J,INSPECCIÓN DE SERVICIOS SANITARIOS
and,2020,sanidad,42169767.0,41K,POLÍTICA DE CALIDAD Y MODERNIZACIÓN
and,2020,educacion,23895892.0,42B,FORMACIÓN DEL PROFESORADO
and,2020,educacion,2047315233.0,42C,EDUCACIÓN INFANTIL Y PRIMARIA
and,2020,educacion,2992865018.0,42D,EDUCACIÓN SECUNDARIA Y FORMACION PROFESIONAL
and,2020,educacion,416355268.0,42E,EDUCACIÓN ESPECIAL
and,2020,educacion,302499748.0,42F,EDUCACIÓN COMPENSATORIA
and,2020,educacion,91691232.0,42G,EDUCACIÓN DE PERSONAS ADULTAS
and,2020,educacion,229417569.0,42H,ENSEÑANZAS DE REGIMEN ESPECIAL
and,2020,educacion,336486479.0,42I,EDUCACIÓN PARA LA PRIMERA INFANCIA
and,2020,educacion,1348372131.0,42J,UNIVERSIDADES
and,2020,vivienda,295655976.0,43A,"VIVIENDA, REHABILITACIÓN Y SUELO"
and,2020,vivienda,22643046.0,43B,ACTUACIONES EN MATERIA ORDENA. TERRIT. Y URBANISMO
and,2020,,45607473.0,44B,PREVENCIÓN Y CALIDAD AMBIENTAL
and,2020,,215229286.0,44E,GESTIÓN DEL MEDIO NATURAL
and,2020,,180676216.0,44F,INFORMACIÓN AMBIENTAL Y DINAMIZACIÓN SOC-ECO. SOST
and,2020,,14003260.0,44H,CONSUMO
and,2020,,18629719.0,44J,ADMON. Y GESTIÓN DEL SERVICIO DE TIEMPO LIBRE
and,2020,,31554334.0,45B,PLANIFICACIÓN Y TUTELA DEL PATRIMONIO CULTURAL
and,2020,,30897451.0,45D,"MUSEOS, ESPACIOS CULTURALES, DIFUSIÓN Y PROM. ARTE"
and,2020,,30331873.0,45E,PROGRAMAS E INSTITUCIONES CULTURALES
and,2020,,60574418.0,45H,INDUSTRIAS CREATIVAS Y DEL LIBRO
and,2020,,6511852.0,45J,PATRIMONIO HISTÓRICO
and,2020,,29492041.0,46A,"INFRAESTRUCTURAS, CENTROS Y ORDENACIÓN DEPORTIVA"
and,2020,,15751275.0,46B,ACTIVIDADES Y PROMOCIÓN DEL DEPORTE
and,2020,,596159680.0,51B,"MOVILIDAD, INFRAESTRUCTURAS VIARIAS Y TRANSPORTES"
and,2020,,325531593.0,51D,ACTUACIONES EN MATERIA DE AGUA
and,2020,direccion,160970284.0,52C,COMUNICACIÓN SOCIAL
and,2020,idi,406903762.0,54A,INVESTIGACIÓN CIENTÍFICA E INNOVACIÓN
and,2020,idi,69654179.0,54C,INNOVACIÓN Y EVALUACIÓN EDUCATIVA
and,2020,direccion,19599999.0,61B,POLÍTICA ECONÓMICA Y PLANIFICACIÓN
and,2020,direccion,2997424.0,61D,POLÍTICA PRESUPUESTARIA
and,2020,direccion,26139239.0,61E,CONTROL INTERNO Y CONTABILIDAD PÚBLICA
and,2020,direccion,6192626.0,61F,GESTION DE LA TESORERIA
and,2020,direccion,98731101.0,61G,GESTIÓN Y ADMINISTRACIÓN PATRIMONIO
and,2020,direccion,2035355.0,61H,FINANCIACIÓN Y TRIBUTOS
and,2020,direccion,55804887.0,61I,GESTIÓN DE TECNOLOGÍAS CORPORATIVAS
and,2020,direccion,25249458.0,61K,COORDINACIÓN DE FONDOS EUROPEOS
and,2020,direccion,89019640.0,61L,COORDINACIÓN DE LA HACIENDA DE LA COMUNI. AUTÓNOMA
and,2020,direccion,63000000.0,63B,IMPREVISTOS Y FUNCIONES NO CLASIFICADAS
and,2020,soberania,283056815.0,71B,ORDENACIÓN Y MEJORA DE LA PRODUC. AGRIC. Y GANAD.
and,2020,soberania,103611701.0,71E,INCENTIVACIÓN DEL SECTOR AGROINDUSTRIAL
and,2020,soberania,1692143934.0,71F,APOYO AL SECTOR PRODUCTOR AGRÍCOLA Y GANADERO
and,2020,soberania,65731960.0,71H,DESARROLLO RURAL
and,2020,soberania,52216509.0,71P,PESCA
and,2020,idi,229300649.0,72A,"EMPRESA, EMPRENDI. INNOVADOR Y ECONOMÍA DIGITAL"
and,2020,empleo,104031579.0,72C,TRABAJO AUTÓNOMO Y ECONOMÍA SOCIAL
and,2020,,194439038.0,73A,"ORDENAC. ACTIVIDAD INDUSTRIAL, ENERGÉTICA Y MINERA"
and,2020,turismo,73686028.0,75B,"PLANIFICACIÓN, ORDENACIÓN Y PROMOCIÓN TURÍSTICA"
and,2020,turismo,13003799.0,75D,"CALIDAD, INNOVACIÓN Y FOMENTO DEL TURISMO"
and,2020,empleo,20959315.0,76A,ORDENACIÓN Y PROMOCIÓN COMERCIAL
and,2020,direccion,80739459.0,81A,COOPERACIÓN ECONÓMICA Y COORDINACIÓN CON CC.LL.
and,2020,direccion,3255010669.0,81B,COOPER. ECONÓMICA Y RELAC. FINANCIERAS CON CC.LL.
and,2020,direccion,30833668.0,82A,ACCIÓN EXTERIOR
and,2020,,35102794.0,82B,COOPERACIÓN PARA EL DESARROLLO
and,2021,direccion,4787945466.0,01A,"ADMON,GESTIÓN FINANCIERA Y AMORTIZACIÓN D. PUBLICA"
and,2021,direccion,259330875.0,11A,"D.S.G. PRESIDENCIA, ADMON. PÚBLICA E INTERIOR"
and,2021,direccion,42562910.0,11B,ACTIVIDAD LEGISLATIVA
and,2021,direccion,18903809.0,11C,CONTROL EXTERNO DEL SECTOR PÚBLICO
and,2021,direccion,3661445.0,11D,ALTO ASESORAMIENTO DE LA COMUNIDAD AUTÓNOMA
and,2021,direccion,37239951.0,11E,"D.S.G. TURISMO, REGENERACIÓN, JUSTICIA Y ADMON.LOC"
and,2021,direccion,1862271.0,11F,ASESORAMIENTO EN MATERIA ECONÓMICA Y SOCIAL
and,2021,direccion,4286962.0,11H,AUTORIDAD Y ASESORAMIENTO AUDIOVISUAL DE LA CAA
and,2021,direccion,3831881.0,11I,AUT. MAT. TRANSPARENCIA Y PROTECCIÓN DE DATOS AND.
and,2021,direccion,29671799.0,12A,PLANIFICACIÓN Y GESTIÓN DE LOS RECURSOS HUMANOS
and,2021,direccion,5091426.0,12C,ACCIÓN SOCIAL DEL PERSONAL
and,2021,,1621101.0,12F,TRANSPARENCIA Y RACIONALIZACIÓN
and,2021,empleo,806230899.0,12J,"D.S.G. EMPLEO, FORMACIÓN Y TRABAJO AUTÓNOMO"
and,2021,,39629040.0,12K,D.S.G. HACIENDA Y FINANCIACIÓN EUROPEA
and,2021,educacion,582958671.0,12L,D.S.G. DE EDUCACIÓN Y DEPORTE
and,2021,soberania,536054668.0,12M,"D.S.G. AGRIC., GANADERÍA, PESCA Y DESA. SOSTENIBLE"
and,2021,,265971118.0,12N,"D.S.G. TRANSF. ECÓNOM. , INDUSTRIA, CONOC. Y UNIV."
and,2021,,54099174.0,12O,D.S.G. SALUD Y FAMILIAS
and,2021,igualdad,138181989.0,12P,"D.S.G. IGUALDAD, POLÍTICAS SOCIALES Y CONCILIACIÓN"
and,2021,,54641570.0,12Q,"D.S.G. FOMENTO, INFRAES. Y ORDENACIÓN TERRITORIO"
and,2021,,33943422.0,12R,D.S.G. CULTURA Y PATRIMONIO HISTÓRICO
and,2021,direccion,526475509.0,14B,ADMINISTRACIÓN DE JUSTICIA
and,2021,direccion,88106358.0,14C,JUSTICIA JUVENIL Y ASISTENCIA A VÍCTIMAS
and,2021,,50143443.0,22B,"INTERIOR, EMERGENCIAS Y PROTECCIÓN CIVIL"
and,2021,salud_mental,31641238.0,31B,PLAN SOBRE ADICCIONES
and,2021,empleo,92040096.0,31C,"SEGURIDAD, SALUD Y RELACIONES LABORALES"
and,2021,discapacidad,194332129.0,31E,ATENCIÓN A LA INFANCIA
and,2021,,20864669.0,31F,PENSIONES ASISTENCIALES
and,2021,diversidad,237619143.0,31G,ACCIÓN COMUNITARIA E INSERCIÓN
and,2021,,1824691.0,31H,VOLUNTARIADO
and,2021,,1387877.0,31I,MEMORIA DEMOCRÁTICA
and,2021,diversidad,4023798.0,31J,COORDINACIÓN DE POLÍTICAS MIGRATORIAS
and,2021,empleo,3591696.0,31M,CONSEJO ANDALUZ DE RELACIONES LABORALES
and,2021,diversidad,233278823.0,31P,SERVICIO DE APOYO A FAMILIAS
and,2021,dependencia,1610002176.0,31R,"ATENC. DEPENDENCIA, ENVEJECIMIENTO ACTI. Y DISCAP."
and,2021,igualdad,2119543.0,31T,PROTECCIÓN CONTRA LA VIOLENCIA DE GÉNERO
and,2021,empleo,214807519.0,32D,FORMACIÓN PROFESIONAL PARA EL EMPLEO
and,2021,diversidad,45752848.0,32E,PROYECTOS DE INTERÉS SOCIAL
and,2021,sanidad,22779610.0,41D,SALUD PÚBLICA Y PARTICIPACIÓN
and,2021,sanidad,11388067932.0,41H,PLANIFICACIÓN Y FINANCIACIÓN
and,2021,sanidad,10808021.0,41J,INSPECCIÓN DE SERVICIOS SANITARIOS
and,2021,sanidad,31935867.0,41K,POLÍTICA DE CALIDAD Y MODERNIZACIÓN
and,2021,educacion,24187299.0,42B,FORMACIÓN DEL PROFESORADO
and,2021,educacion,2121099828.0,42C,EDUCACIÓN INFANTIL Y PRIMARIA
and,2021,educacion,3242708708.0,42D,EDUCACIÓN SECUNDARIA Y FORMACION PROFESIONAL
and,2021,educacion,426064293.0,42E,EDUCACIÓN ESPECIAL
and,2021,educacion,254833537.0,42F,EDUCACIÓN COMPENSATORIA
and,2021,educacion,93445898.0,42G,EDUCACIÓN DE PERSONAS ADULTAS
and,2021,educacion,240096939.0,42H,ENSEÑANZAS DE REGIMEN ESPECIAL
and,2021,educacion,122097425.0,42I,EDUCACIÓN PARA LA PRIMERA INFANCIA
and,2021,educacion,1393310438.0,42J,UNIVERSIDADES
and,2021,vivienda,287076392.0,43A,"VIVIENDA, REHABILITACIÓN Y SUELO"
and,2021,vivienda,22595888.0,43B,ACTUACIONES EN MATERIA ORDENA. TERRIT. Y URBANISMO
and,2021,,52788870.0,44B,PREVENCIÓN Y CALIDAD AMBIENTAL
and,2021,,270899605.0,44E,GESTIÓN DEL MEDIO NATURAL
and,2021,,37083078.0,44F,INFORMACIÓN AMBIENTAL Y DINAMIZACIÓN SOC-ECO. SOST
and,2021,,13166398.0,44H,CONSUMO
and,2021,,18762365.0,44J,ADMON. Y GESTIÓN DEL SERVICIO DE TIEMPO LIBRE
and,2021,,36656218.0,45B,PLANIFICACIÓN Y TUTELA DEL PATRIMONIO CULTURAL
and,2021,,31815357.0,45D,"MUSEOS, ESPACIOS CULTURALES, DIFUSIÓN Y PROM. ARTE"
and,2021,,33363151.0,45E,PROGRAMAS E INSTITUCIONES CULTURALES
and,2021,,52194571.0,45H,INDUSTRIAS CREATIVAS Y DEL LIBRO
and,2021,,32652139.0,46A,"INFRAESTRUCTURAS, CENTROS Y ORDENACIÓN DEPORTIVA"
and,2021,,14422298.0,46B,ACTIVIDADES Y PROMOCIÓN DEL DEPORTE
and,2021,,642256350.0,51B,"MOVILIDAD, INFRAESTRUCTURAS VIARIAS Y TRANSPORTES"
and,2021,,356231973.0,51D,ACTUACIONES EN MATERIA DE AGUA
and,2021,direccion,161597374.0,52C,COMUNICACIÓN SOCIAL
and,2021,idi,345943274.0,54A,INVESTIGACIÓN CIENTÍFICA E INNOVACIÓN
and,2021,idi,58693251.0,54C,INNOVACIÓN Y EVALUACIÓN EDUCATIVA
and,2021,direccion,15239455.0,61B,POLÍTICA ECONÓMICA Y PLANIFICACIÓN
and,2021,direccion,3222646.0,61D,POLÍTICA PRESUPUESTARIA
and,2021,direccion,26097723.0,61E,CONTROL INTERNO Y CONTABILIDAD PÚBLICA
and,2021,direccion,7190929.0,61F,GESTION DE LA TESORERIA
and,2021,direccion,82532806.0,61G,GESTIÓN Y ADMINISTRACIÓN PATRIMONIO
and,2021,direccion,1932185.0,61H,FINANCIACIÓN Y TRIBUTOS
and,2021,direccion,24332117.0,61K,COORDINACIÓN DE FONDOS EUROPEOS
and,2021,direccion,93629435.0,61L,COORDINACIÓN DE LA HACIENDA DE LA COMUNI. AUTÓNOMA
and,2021,direccion,3019501.0,61N,DEFENSA DE LA COMPETENCIA
and,2021,direccion,489275599.0,63B,IMPREVISTOS Y FUNCIONES NO CLASIFICADAS
and,2021,soberania,270906279.0,71B,ORDENACIÓN Y MEJORA DE LA PRODUC. AGRIC. Y GANAD.
and,2021,soberania,128634387.0,71E,INCENTIVACIÓN DEL SECTOR AGROINDUSTRIAL
and,2021,soberania,1730951141.0,71F,APOYO AL SECTOR PRODUCTOR AGRÍCOLA Y GANADERO
and,2021,soberania,90605187.0,71H,DESARROLLO RURAL
and,2021,soberania,66860944.0,71P,PESCA
and,2021,idi,29035309.0,72A,"EMPRESA, EMPRENDI. INNOVADOR Y ECONOMÍA DIGITAL"
and,2021,empleo,103298981.0,72C,TRABAJO AUTÓNOMO Y ECONOMÍA SOCIAL
and,2021,,170074882.0,73A,ORDENAC. ACTIVIDAD ENERGÉTICA
and,2021,,11149924.0,73B,ORDENAC. ACTIVIDAD INDUSTRIAL Y MINERA
and,2021,turismo,85418977.0,75B,"PLANIFICACIÓN, ORDENACIÓN Y PROMOCIÓN TURÍSTICA"
and,2021,turismo,15716185.0,75D,"CALIDAD, INNOVACIÓN Y FOMENTO DEL TURISMO"
and,2021,empleo,25419254.0,76A,ORDENACIÓN Y PROMOCIÓN COMERCIAL
and,2021,direccion,73432652.0,81A,COOPERACIÓN ECONÓMICA Y COORDINACIÓN CON CC.LL.
and,2021,direccion,3265063612.0,81B,COOPER. ECONÓMICA Y RELAC. FINANCIERAS CON CC.LL.
and,2021,direccion,32217559.0,82A,ACCIÓN EXTERIOR
and,2022,direccion,258494663.0,11A,"D.S.G. PRESIDENCIA, ADMON. PÚBLICA E 69.722.040 19.798.519 100.099.573 189.620.132 6.565.255 62.309.276 68.874.531"
and,2022,direccion,26109098.0,12A,PLANIFICACIÓN Y GESTIÓN DE LOS RECURSOS 22.069.109 2.576.800 1.463.189 26.109.098
and,2022,direccion,481870.0,12C,ACCIÓN SOCIAL DEL PERSONAL 481.870 481.870
and,2022,,50193611.0,22B,"INTERIOR, EMERGENCIAS Y PROTECCIÓN CIVIL 18.022.595 23.960.905 1.815.665 43.799.165 5.894.446 500.000 6.394.446"
and,2022,diversidad,3741220.0,31J,COORDINACIÓN DE POLÍTICAS MIGRATORIAS 1.214.220 192.000 1.215.000 2.621.220 120.000 1.000.000 1.120.000
and,2022,direccion,164709107.0,52C,COMUNICACIÓN SOCIAL 2.048.422 2.017.457 141.080.787 145.146.666 16.072.441 3.490.000 19.562.441
and,2022,direccion,31889680.0,82A,ACCIÓN EXTERIOR 2.156.837 586.541 28.749.638 31.493.016 396.664 396.664
and,2022,direccion,42562910.0,11B,ACTIVIDAD LEGISLATIVA 21.527.300 8.349.450 1.900 11.343.790 41.222.440 1.190.470 1.190.470 150.000 150.000
and,2022,direccion,6257380.0,11C,CONTROL EXTERNO DEL SECTOR PÚBLICO 5.385.020 745.160 700 50.100 6.180.980 76.400 76.400
and,2022,direccion,12646429.0,11C,CONTROL EXTERNO DEL SECTOR PÚBLICO 9.380.265 2.695.200 107.660 12.183.125 435.563 435.563 27.741 27.741
and,2022,direccion,3651258.0,11D,ALTO ASESORAMIENTO DE LA COMUNIDAD 3.262.058 359.200 3.621.258 30.000 30.000
and,2022,direccion,4248354.0,11H,AUTORIDAD Y ASESORAMIENTO AUDIOVISUAL 2.741.974 891.380 3.633.354 615.000 615.000
and,2022,direccion,3887887.0,11I,AUT. MAT. TRANSPARENCIA Y PROTECCIÓN DE 3.067.627 345.300 3.412.927 474.960 474.960
and,2022,direccion,3085034.0,61N,DEFENSA DE LA COMPETENCIA 2.618.296 410.738 20.000 3.049.034 36.000 36.000
and,2022,direccion,40121554.0,11E,"D.S.G. TURISMO, REGENERACIÓN, JUSTICIA Y 23.297.195 11.888.508 35.185.703 4.935.851 4.935.851"
and,2022,,1470438.0,12F,TRANSPARENCIA Y RACIONALIZACIÓN 1.378.438 92.000 1.470.438
and,2022,direccion,545223372.0,14B,ADMINISTRACIÓN DE JUSTICIA 374.284.775 94.945.771 49.544.400 518.774.946 26.448.426 26.448.426
and,2022,direccion,92792119.0,14C,JUSTICIA JUVENIL Y ASISTENCIA A VÍCTIMAS 7.838.230 84.383.889 450.000 92.672.119 120.000 120.000
and,2022,turismo,95845245.0,75B,"PLANIFICACIÓN, ORDENACIÓN Y PROMOCIÓN 7.879.840 40.181 31.178.856 39.098.877 4.373.206 52.373.162 56.746.368"
and,2022,turismo,22454037.0,75D,"CALIDAD, INNOVACIÓN Y FOMENTO DEL 2.620.922 149.001 3.695.418 6.465.341 564.365 15.424.331 15.988.696"
and,2022,direccion,60113325.0,81A,COOPERACIÓN ECONÓMICA Y COORDINACIÓN 5.619.360 70.000 4.165.000 9.854.360 288.654 49.970.311 50.258.965
and,2022,direccion,1867715.0,11F,ASESORAMIENTO EN MATERIA ECONÓMICA Y 932.307 814.415 10.993 1.757.715 110.000 110.000
and,2022,empleo,554114244.0,12J,"D.S.G. EMPLEO, FORMACIÓN Y TRABAJO 42.101.964 9.716.081 45.500 467.287.323 519.150.868 5.519.866 29.443.510 34.963.376"
and,2022,empleo,53475890.0,31C,"SEGURIDAD, SALUD Y RELACIONES 27.185.038 2.840.927 20.000 16.408.544 46.454.509 1.325.250 5.696.131 7.021.381"
and,2022,empleo,3497407.0,31M,CONSEJO ANDALUZ DE RELACIONES 1.857.016 1.574.191 3.431.207 66.200 66.200
and,2022,empleo,189447434.0,32D,FORMACIÓN PROFESIONAL PARA EL EMPLEO 27.950.686 53.623.452 25.500 89.877.588 171.477.226 6.578.306 11.391.902 17.970.208
and,2022,,18618777.0,44J,ADMON. Y GESTIÓN DEL SERVICIO DE TIEMPO 14.590.012 3.336.765 1.500 17.928.277 690.500 690.500
and,2022,empleo,104032471.0,72C,TRABAJO AUTÓNOMO Y ECONOMÍA SOCIAL 7.498.403 315.000 62.828.983 70.642.386 625.000 32.765.085 33.390.085
and,2022,,38778123.0,12K,D.S.G. HACIENDA Y FINANCIACIÓN EUROPEA 28.680.411 9.312.967 37.993.378 784.745 784.745
and,2022,direccion,1705164.0,61C,POLÍTICA ESTRATÉGICA DE CONTRATACIÓN 1.705.164 1.705.164
and,2022,direccion,3623180.0,61D,POLÍTICA PRESUPUESTARIA 3.517.180 106.000 3.623.180
and,2022,direccion,23802053.0,61E,CONTROL INTERNO Y CONTABILIDAD PÚBLICA 21.348.048 1.572.699 22.920.747 881.306 881.306
and,2022,direccion,9108871.0,61F,GESTION DE LA TESORERIA 7.453.209 1.632.300 23.362 9.108.871
and,2022,direccion,4581142.0,61G,GESTIÓN Y ADMINISTRACIÓN PATRIMONIO 4.569.954 11.188 4.581.142
and,2022,direccion,2183754.0,61H,FINANCIACIÓN Y TRIBUTOS 2.118.654 65.100 2.183.754
and,2022,direccion,33056835.0,61K,COORDINACIÓN DE FONDOS EUROPEOS 6.690.336 78.905 6.769.241 26.287.594 26.287.594
and,2022,direccion,85325835.0,61L,COORDINACIÓN DE LA HACIENDA DE LA 2.389.684 1.297.801 76.518.350 80.205.835 5.120.000 5.120.000
and,2022,,109505107.0,73A,ORDENACIÓN ACTIVIDAD ENERGÉTICA 9.554.387 732.512 9.689.988 19.976.887 4.312.030 85.216.190 89.528.220
and,2022,direccion,746016.0,81B,COOPER. ECONÓMICA Y RELAC. FINANCIERAS 746.016 746.016
and,2022,educacion,561395992.0,12L,D.S.G. DE EDUCACIÓN Y DEPORTE 81.586.339 6.049.465 2.000 398.142.097 485.779.901 765.366 74.850.725 75.616.091
and,2022,diversidad,112347676.0,31P,SERVICIO DE APOYO A FAMILIAS 53.771.503 58.576.173 112.347.676
and,2022,educacion,24660851.0,42B,FORMACIÓN DEL PROFESORADO 19.127.143 5.533.708 24.660.851
and,2022,educacion,2174980747.0,42C,EDUCACIÓN INFANTIL Y PRIMARIA 1.769.262.772 15.839.665 18.000 389.860.310 2.174.980.747
and,2022,educacion,3201565133.0,42D,EDUCACIÓN SECUNDARIA Y FORMACION 2.566.644.386 104.124.001 45.000 529.340.665 3.200.154.052 1.411.081 1.411.081
and,2022,educacion,433317608.0,42E,EDUCACIÓN ESPECIAL 307.507.079 282.704 6.000 125.419.825 433.215.608 102.000 102.000
and,2022,educacion,305460324.0,42F,EDUCACIÓN COMPENSATORIA 194.980.680 22.817.726 2.500 87.659.418 305.460.324
and,2022,educacion,97871017.0,42G,EDUCACIÓN DE PERSONAS ADULTAS 96.400.211 1.469.856 500 450 97.871.017
and,2022,educacion,252864079.0,42H,ENSEÑANZAS DE REGIMEN ESPECIAL 247.911.803 4.578.741 2.000 371.535 252.864.079
and,2022,educacion,120451634.0,42I,EDUCACIÓN PARA LA PRIMERA INFANCIA 114.909.951 5.189.923 5.000 120.104.874 346.760 346.760
and,2022,,32710664.0,46A,"INFRAESTRUCTURAS, CENTROS Y 5.829.583 3.020.849 200.000 12.660.925 21.711.357 8.698.012 2.301.295 10.999.307"
and,2022,,15166261.0,46B,ACTIVIDADES Y PROMOCIÓN DEL DEPORTE 4.735.747 1.425.361 3.920.422 10.081.530 350.000 4.734.731 5.084.731
and,2022,idi,84027874.0,54C,INNOVACIÓN Y EVALUACIÓN EDUCATIVA 38.175.865 19.671.367 500 11.039.209 68.886.941 14.680.653 460.280 15.140.933
and,2022,soberania,570305527.0,12M,"D.S.G. AGRIC., GANADERÍA, PESCA Y DESA. 130.677.634 31.810.497 229.000 339.869.278 502.586.409 9.946.615 57.772.503 67.719.118"
and,2022,,50634649.0,44B,PREVENCIÓN Y CALIDAD AMBIENTAL 10.960.325 190.000 209.419 11.359.744 39.274.905 39.274.905
and,2022,,282533307.0,44E,GESTIÓN DEL MEDIO NATURAL 27.250.397 3.317.175 500.000 1.092.772 32.160.344 185.734.616 64.638.347 250.372.963
and,2022,,34318344.0,44F,INFORMACIÓN AMBIENTAL Y DINAMIZACIÓN 2.632.980 1.912.063 800.000 5.345.043 28.473.301 500.000 28.973.301
and,2022,,354330559.0,51D,ACTUACIONES EN MATERIA DE AGUA 31.995.427 13.358.435 1.500.000 46.853.862 306.514.697 962.000 307.476.697
and,2022,soberania,288077877.0,71B,ORDENACIÓN Y MEJORA DE LA PRODUC. 5.752.107 3.718.891 12.225.651 21.696.649 56.735.613 209.645.615 266.381.228
and,2022,soberania,139818299.0,71E,INCENTIVACIÓN DEL SECTOR 3.569.068 912.500 4.481.568 17.410.478 117.926.253 135.336.731
and,2022,soberania,128722013.0,71F,APOYO AL SECTOR PRODUCTOR AGRÍCOLA Y 9.333.630 5.392.866 250.000 55.000 15.031.496 6.541.108 107.149.409 113.690.517
and,2022,soberania,59648692.0,71H,DESARROLLO RURAL 1.609.723 106.000 12.174.660 13.890.383 96.398 45.661.911 45.758.309
and,2022,soberania,67884371.0,71P,PESCA 3.051.024 4.774.035 7.825.059 3.590.999 56.468.313 60.059.312
and,2022,,149861540.0,12N,"D.S.G. TRANSF. ECÓNOM. , INDUSTRIA, CONOC. 9.180.536 3.661.828 4.550 29.898.050 42.744.964 2.495.558 104.621.018 107.116.576"
and,2022,educacion,1572012360.0,42J,UNIVERSIDADES 1.811.330 67.058 58.700 1.408.394.365 1.410.331.453 1.915.033 155.210.232 157.125.265 4.555.642 4.555.642
and,2022,idi,157411860.0,54A,INVESTIGACIÓN CIENTÍFICA E INNOVACIÓN 2.464.637 922.717 1.237.440 12.829.382 17.454.176 4.290.794 113.474.450 117.765.244 22.192.440 22.192.440
and,2022,direccion,14397000.0,61B,POLÍTICA ECONÓMICA Y PLANIFICACIÓN 1.713.401 7.393.946 9.107.347 364.188 4.925.465 5.289.653
and,2022,idi,36882346.0,72A,"EMPRESA, EMPRENDI. INNOVADOR Y 6.670.758 3.449.023 1.455.364 11.575.145 6.469.328 18.837.873 25.307.201"
and,2022,,21541336.0,73B,ORDENACIÓN ACTIVIDAD INDUSTRIAL Y 7.412.732 354.000 7.766.732 8.974.604 4.800.000 13.774.604
and,2022,empleo,24917413.0,76A,ORDENACIÓN Y PROMOCIÓN COMERCIAL 7.541.014 198.000 2.169.800 9.908.814 4.398.455 10.610.144 15.008.599
and,2022,sanidad,53715143.0,41H,D.S.G. SALUD Y FAMILIAS 44.720.176 8.468.010 30.000 53.218.186 496.957 496.957
and,2022,salud_mental,32325730.0,31B,PLAN SOBRE ADICCIONES 4.156.995 10.961.777 16.903.958 32.022.730 303.000 303.000
and,2022,diversidad,66933842.0,31P,SERVICIO DE APOYO A FAMILIAS 1.773.083 54.415.671 10.674.088 66.862.842 71.000 71.000
and,2022,sanidad,27619704.0,41D,SALUD PÚBLICA Y PARTICIPACIÓN 20.494.893 4.770.267 2.072.646 27.337.806 175.000 106.898 281.898
and,2022,sanidad,12086127606.0,41H,PLANIFICACIÓN Y FINANCIACIÓN 1.123.742 12.028.267.744 12.029.391.486 56.736.120 56.736.120
and,2022,sanidad,11194580.0,41J,INSPECCIÓN DE SERVICIOS SANITARIOS 11.044.580 110.000 11.154.580 40.000 40.000
and,2022,sanidad,35843907.0,41K,POLÍTICA DE CALIDAD Y MODERNIZACIÓN 3.238.118 1.656.000 19.842.259 24.736.377 1.305.119 9.802.411 11.107.530
and,2022,,13381145.0,44H,CONSUMO 10.770.168 558.824 1.627.153 12.956.145 425.000 425.000
and,2022,igualdad,159224170.0,12P,"D.S.G. IGUALDAD, POLÍTICAS SOCIALES Y 79.612.037 15.699.179 9.100 61.745.853 157.066.169 1.321.499 836.502 2.158.001"
and,2022,discapacidad,203115125.0,31E,ATENCIÓN A LA INFANCIA 57.277.455 102.512.409 30.900 40.615.209 200.435.973 2.679.152 2.679.152
and,2022,diversidad,189361290.0,31G,ACCIÓN COMUNITARIA E INSERCIÓN 3.249.735 3.710.659 180.112.172 187.072.566 2.288.724 2.288.724
and,2022,,1791937.0,31H,VOLUNTARIADO 671.096 131.691 989.150 1.791.937
and,2022,dependencia,1762584911.0,31R,"ATENC. DEPENDENCIA, ENVEJECIMIENTO ACTI. 151.157.385 26.237.158 30.000 1.570.941.286 1.748.365.829 11.942.507 2.276.575 14.219.082"
and,2022,igualdad,1936563.0,31T,PROTECCIÓN CONTRA LA VIOLENCIA DE 702.107 654.456 580.000 1.936.563
and,2022,diversidad,45861848.0,32E,PROYECTOS DE INTERÉS SOCIAL 258.000 37.403.848 37.661.848 8.200.000 8.200.000
and,2022,,50417325.0,12Q,"D.S.G. FOMENTO, INFRAES. Y ORDENACIÓN 35.964.170 9.170.028 96.103 45.230.301 5.187.024 5.187.024"
and,2022,vivienda,222962415.0,43A,"VIVIENDA, REHABILITACIÓN Y SUELO 15.284.638 135.000 50.000 37.184.211 52.653.849 3.032.143 127.275.323 130.307.466 1.100 40.000.000 40.001.100"
and,2022,vivienda,23815131.0,43B,ACTUACIONES EN MATERIA ORDENA. TERRIT. Y 13.290.729 2.963.486 64.800 16.319.015 6.636.116 860.000 7.496.116
and,2022,,629676918.0,51B,"MOVILIDAD, INFRAESTRUCTURAS VIARIAS Y 33.181.005 2.552.013 1.984.619 210.031.864 247.749.501 270.438.901 111.488.516 381.927.417"
and,2022,,46093287.0,12R,D.S.G. CULTURA Y PATRIMONIO HISTÓRICO 24.684.437 6.809.274 25.000 7.226.467 38.745.178 6.587.882 760.227 7.348.109
and,2022,,1390129.0,31I,MEMORIA DEMOCRÁTICA 339.129 411.000 328.000 1.078.129 312.000 312.000
and,2022,,38452347.0,45B,PLANIFICACIÓN Y TUTELA DEL PATRIMONIO 4.002.468 7.769.470 75.000 1.069.986 12.916.924 18.818.376 6.717.047 25.535.423
and,2022,,31076249.0,45D,"MUSEOS, ESPACIOS CULTURALES, DIFUSIÓN Y 22.352.552 5.497.085 27.849.637 3.226.612 3.226.612"
and,2022,,33087464.0,45E,PROGRAMAS E INSTITUCIONES CULTURALES 2.063.981 5.000 30.670.558 32.739.539 347.925 347.925
and,2022,,56094663.0,45H,INDUSTRIAS CREATIVAS Y DEL LIBRO 18.652.535 553.757 21.598.171 40.804.463 6.870.386 8.419.814 15.290.200
and,2022,direccion,5063954775.0,01A,"ADMON,GESTIÓN FINANCIERA Y 731.143 404.988.681 405.719.824 4.658.234.951 4.658.234.951"
and,2022,direccion,5000000.0,12A,PLANIFICACIÓN Y GESTIÓN DE LOS RECURSOS 5.000.000 5.000.000
and,2022,direccion,4700000.0,12C,ACCIÓN SOCIAL DEL PERSONAL 700.000 700.000 4.000.000 4.000.000
and,2022,direccion,10763982.0,61C,POLÍTICA ESTRATÉGICA DE CONTRATACIÓN 8.842.929 1.921.053 10.763.982
and,2022,direccion,69162463.0,61G,GESTIÓN Y ADMINISTRACIÓN PATRIMONIO 64.743.718 120.000 64.863.718 4.298.745 4.298.745
and,2022,direccion,16000000.0,63B,IMPREVISTOS Y FUNCIONES NO CLASIFICADAS 16.000.000 16.000.000
and,2022,direccion,2754364512.0,81B,COOPER. ECONÓMICA Y RELAC. FINANCIERAS 2.749.951.739 2.749.951.739 4.412.773 4.412.773
and,2022,soberania,1568260000.0,71F,APOYO AL SECTOR PRODUCTOR AGRÍCOLA Y 1.568.240.000 1.568.240.000 20.000 20.000
and,2022,,19905135.0,31F,PENSIONES ASISTENCIALES 19.905.135 19.905.135
and,2022,direccion,510000000.0,81B,COOPER. ECONÓMICA Y RELAC. FINANCIERAS 510.000.000 510.000.000
and,2023,direccion,412691284.0,11A,"D.S.G. PRESIDENCIA, INT.,DIALOGO SOC. Y 74.317.791 21.078.879 200.000 116.534.748 212.131.418 6.904.369 193.655.497 200.559.866"
and,2023,,54557758.0,22B,"INTERIOR, EMERGENCIAS Y PROTECCIÓN CIVIL 18.551.264 25.843.831 1.815.665 46.210.760 7.846.998 500.000 8.346.998"
and,2023,direccion,173588349.0,52C,COMUNICACIÓN SOCIAL 2.104.100 3.011.788 151.421.643 156.537.531 14.278.260 2.772.558 17.050.818
and,2023,direccion,27950483.0,82A,ACCIÓN EXTERIOR 2.179.927 514.352 24.757.368 27.451.647 106.068 392.768 498.836
and,2023,direccion,44667791.0,11B,ACTIVIDAD LEGISLATIVA 22.287.390 9.436.600 1.900 11.075.771 42.801.661 1.716.130 1.716.130 150.000 150.000
and,2023,direccion,7180897.0,11C,CONTROL EXTERNO DEL SECTOR PÚBLICO 6.206.840 837.440 700 56.517 7.101.497 79.400 79.400
and,2023,direccion,1797670.0,11J,INVEST.PREVENC. Y LUCHA CONTRA FRAUDE Y 1.252.170 316.500 3.000 1.571.670 226.000 226.000
and,2023,direccion,13562931.0,11C,CONTROL EXTERNO DEL SECTOR PÚBLICO 10.150.458 2.720.252 89.167 10.000 12.969.877 565.313 565.313 27.741 27.741
and,2023,direccion,3769960.0,11D,ALTO ASESORAMIENTO DE LA COMUNIDAD 3.370.770 369.190 3.739.960 30.000 30.000
and,2023,direccion,4350371.0,11H,AUTORIDAD Y ASESORAMIENTO AUDIOVISUAL 2.850.092 885.279 3.735.371 615.000 615.000
and,2023,direccion,4146137.0,11I,AUT. MAT. TRANSPARENCIA Y PROTECCIÓN DE 3.307.577 363.600 3.671.177 474.960 474.960
and,2023,direccion,3145297.0,61N,DEFENSA DE LA COMPETENCIA 2.717.729 392.568 3.110.297 35.000 35.000
and,2023,direccion,303978139.0,12S,DIRECCIÓN Y SERVICIOS GENERALES 28.759.184 8.966.482 45.333.639 83.059.305 784.745 220.134.089 220.918.834
and,2023,direccion,15534768.0,61B,POLÍTICA ECONÓMICA Y FINANCIERA Y 1.791.379 7.959 9.230.564 11.029.902 364.188 4.140.678 4.504.866
and,2023,direccion,3332618.0,61C,POLÍTICA ESTRATÉGICA DE CONTRATACIÓN 3.324.598 8.020 3.332.618
and,2023,direccion,3840390.0,61D,POLÍTICA PRESUPUESTARIA 3.734.390 106.000 3.840.390
and,2023,direccion,24684312.0,61E,CONTROL INTERNO Y CONTABILIDAD PÚBLICA 22.896.173 1.507.872 24.404.045 280.267 280.267
and,2023,direccion,10080669.0,61F,GESTION DE LA TESORERÍA 8.068.369 2.012.300 10.080.669
and,2023,direccion,4720382.0,61G,GESTIÓN Y ADMINISTRACIÓN PATRIMONIO 4.713.173 7.209 4.720.382
and,2023,direccion,2420814.0,61H,FINANCIACIÓN Y TRIBUTOS 2.360.314 60.500 2.420.814
and,2023,direccion,130939280.0,61K,COORDINACIÓN DE FONDOS EUROPEOS 8.086.613 32.953.470 41.040.083 14.899.197 14.899.197 75.000.000 75.000.000
and,2023,direccion,86760336.0,61L,COORDINACIÓN DE LA HACIENDA DE LA 2.315.807 1.630.686 82.693.843 86.640.336 120.000 120.000
and,2023,direccion,786370.0,81B,COOPER. ECONÓMICA Y RELAC. FINANCIERAS 786.370 786.370
and,2023,direccion,1077636593.0,12S,DIRECCIÓN Y SERVICIOS GENERALES 123.416.581 6.519.068 2.000 433.704.991 563.642.640 718.069 513.275.884 513.993.953
and,2023,diversidad,161005215.0,31P,APOYO A FAMILIAS 91.260.543 69.744.672 161.005.215
and,2023,educacion,26098552.0,42B,FORMACIÓN DEL PROFESORADO 19.881.285 6.217.267 26.098.552
and,2023,educacion,2256615664.0,42C,EDUCACIÓN INFANTIL Y PRIMARIA 1.819.503.185 21.698.429 18.000 415.396.050 2.256.615.664
and,2023,educacion,3535896579.0,42D,EDUCACIÓN SECUNDARIA Y FORMACION 2.758.177.447 187.755.611 45.000 586.437.977 3.532.416.035 3.480.544 3.480.544
and,2023,educacion,464698377.0,42E,EDUCACIÓN ESPECIAL 324.231.625 567.270 6.000 139.861.461 464.666.356 32.021 32.021
and,2023,educacion,345111467.0,42F,EDUCACIÓN COMPENSATORIA 191.099.430 29.939.469 2.500 124.041.403 345.082.802 28.665 28.665
and,2023,educacion,102146756.0,42G,EDUCACIÓN DE PERSONAS ADULTAS 99.670.832 2.474.974 500 450 102.146.756
and,2023,educacion,273839420.0,42H,ENSEÑANZAS DE REGIMEN ESPECIAL 260.997.882 12.376.268 2.000 371.535 273.747.685 91.735 91.735
and,2023,educacion,172633247.0,42I,EDUCACIÓN PARA LA PRIMERA INFANCIA 114.764.997 5.284.346 5.000 120.054.343 52.578.904 52.578.904
and,2023,idi,84349672.0,54C,INNOVACIÓN Y EVALUACIÓN EDUCATIVA 20.149.778 29.996.712 500 11.767.607 61.914.597 21.974.795 460.280 22.435.075
and,2023,direccion,1828207.0,11F,ASESORAMIENTO EN MATERIA ECONÓMICA Y 889.999 807.215 10.993 1.708.207 120.000 120.000
and,2023,direccion,382511041.0,12S,DIRECCIÓN Y SERVICIOS GENERALES 42.999.809 12.211.609 55.500 297.886.533 353.153.451 5.837.048 23.520.542 29.357.590
and,2023,empleo,53702401.0,31C,"SEGURIDAD, SALUD Y RELACIONES 27.401.839 2.780.927 10.000 17.255.357 47.448.123 1.325.250 4.929.028 6.254.278"
and,2023,empleo,3494211.0,31M,CONSEJO ANDALUZ DE RELACIONES 1.920.820 1.524.191 3.445.011 49.200 49.200
and,2023,empleo,252029560.0,32D,FORMACIÓN PROFESIONAL PARA EL EMPLEO 32.410.791 80.231.401 75.500 127.526.840 240.244.532 10.928.576 856.452 11.785.028
and,2023,empleo,271111693.0,32K,POLÍTICAS ACTIVAS DE EMPLEO 7.978.536 261.609.367 269.587.903 1.523.790 1.523.790
and,2023,,18477808.0,44J,ADMON. Y GESTIÓN DEL SERVICIO DE TIEMPO 14.773.065 2.998.743 1.500 17.773.308 704.500 704.500
and,2023,empleo,87339443.0,72C,TRABAJO AUTÓNOMO Y ECONOMÍA SOCIAL 9.500.578 83.000 5.000 31.715.286 41.303.864 225.000 45.810.579 46.035.579
and,2023,empleo,28755990.0,76A,ORDENACIÓN Y PROMOCIÓN COMERCIAL 8.349.787 681.973 2.150.000 11.181.760 3.332.122 14.242.108 17.574.230
and,2023,sanidad,13510444686.0,41H,DIRECCIÓN Y SERVICIOS GENERALES 49.219.428 8.411.966 30.000 13.036.738.280 13.094.399.674 1.816.957 414.228.055 416.045.012
and,2023,salud_mental,33167180.0,31B,PLAN SOBRE ADICCIONES 4.294.056 10.984.898 17.770.226 33.049.180 118.000 118.000
and,2023,sanidad,93312254.0,41D,SALUD PÚBLICA 22.969.581 58.308.873 10.960.027 92.238.481 996.000 77.773 1.073.773
and,2023,sanidad,11684588.0,41J,INSPECCIÓN DE SERVICIOS SANITARIOS 11.534.588 110.000 11.644.588 40.000 40.000
and,2023,sanidad,29495498.0,41K,POLÍTICA DE CALIDAD Y MODERNIZACIÓN 3.388.890 1.656.000 20.439.952 25.484.842 4.010.656 4.010.656
and,2023,,13861821.0,44H,CONSUMO 11.085.844 523.824 1.627.153 13.236.821 625.000 625.000
and,2023,direccion,334386796.0,12S,DIRECCIÓN Y SERVICIOS GENERALES 71.455.679 26.116.866 114.500 169.940.643 267.627.688 6.987.558 59.771.550 66.759.108
and,2023,,433990156.0,51D,ACTUACIONES EN MATERIA DE AGUA 32.625.593 13.309.757 1.500.000 47.435.350 379.138.806 7.416.000 386.554.806
and,2023,soberania,413609918.0,71B,ORDENACIÓN Y MEJORA DE LA PRODUC. 8.892.222 2.805.000 12.632.235 24.329.457 101.918.196 287.362.265 389.280.461
and,2023,soberania,144151577.0,71E,INCENTIVACIÓN DEL SECTOR 4.420.614 1.874.200 6.294.814 30.848.483 107.008.280 137.856.763
and,2023,soberania,192567158.0,71F,APOYO AL SECTOR PRODUCTOR AGRÍCOLA Y 9.644.100 6.042.758 250.000 15.936.858 7.410.666 169.219.634 176.630.300
and,2023,soberania,68420037.0,71H,DESARROLLO RURAL 1.506.123 106.000 9.433.034 11.045.157 248.501 57.126.379 57.374.880
and,2023,soberania,71655117.0,71P,PESCA 4.512.932 15.897.549 20.410.481 2.122.359 49.122.277 51.244.636
and,2023,direccion,12939863.0,12S,DIRECCIÓN Y SERVICIOS GENERALES 8.504.238 3.542.114 1.500 12.047.852 892.011 892.011
and,2023,educacion,1631546564.0,42J,UNIVERSIDADES 1.526.118 1.585.029 44.333 1.467.828.177 1.470.983.657 768.499 155.210.232 155.978.731 4.584.176 4.584.176
and,2023,idi,219773195.0,54A,INVESTIGACIÓN CIENTÍFICA E INNOVACIÓN 4.377.358 2.164.355 972.652 11.821.326 19.335.691 508.103 177.472.173 177.980.276 22.457.228 22.457.228
and,2023,idi,55408571.0,72A,INNOVACIÓN Y EMPRENDIMIENTO 7.242.560 1.046.414 37.251.125 45.540.099 2.087.412 7.781.060 9.868.472
and,2023,direccion,51822220.0,12S,DIRECCIÓN Y SERVICIOS GENERALES 28.317.053 9.119.693 25.000 7.786.233 45.247.979 5.232.817 1.341.424 6.574.241
and,2023,,1326544.0,31I,MEMORIA DEMOCRÁTICA 358.544 251.881 404.119 1.014.544 312.000 312.000
and,2023,,41095394.0,45B,PLANIFICACIÓN Y TUTELA DEL PATRIMONIO 4.393.942 7.931.616 25.000 1.867.623 14.218.181 22.515.692 4.361.521 26.877.213
and,2023,,31697496.0,45D,"MUSEOS, ESPACIOS CULTURALES, DIFUSIÓN Y 23.328.255 5.642.629 28.970.884 2.726.612 2.726.612"
and,2023,,36767000.0,45E,PROGRAMAS E INSTITUCIONES CULTURALES 2.190.783 34.228.292 36.419.075 347.925 347.925
and,2023,,61814510.0,45H,INDUSTRIAS CREATIVAS Y DEL LIBRO 19.802.581 1.031.452 23.109.122 43.943.155 9.867.209 8.004.146 17.871.355
and,2023,,33845207.0,46A,"INFRAESTRUCTURAS, CENTROS Y 6.945.654 2.269.653 50.000 12.198.049 21.463.356 6.839.638 5.542.213 12.381.851"
and,2023,,16179321.0,46B,ACTIVIDADES Y PROMOCIÓN DEL DEPORTE 5.551.631 1.527.530 2.719.429 9.798.590 350.000 6.030.731 6.380.731
and,2023,turismo,188256103.0,75B,"PLANIFICACIÓN, ORDENACIÓN Y PROMOCIÓN 8.778.082 4.000 28.753.850 37.535.932 5.289.259 145.430.912 150.720.171"
and,2023,turismo,10372716.0,75D,"CALIDAD, INNOVACIÓN Y FOMENTO DEL 2.298.122 113.059 3.655.418 6.066.599 582.745 3.723.372 4.306.117"
and,2023,direccion,55704577.0,12S,DIRECCIÓN Y SERVICIOS GENERALES 39.031.438 11.336.688 96.103 21.630 50.485.859 5.218.718 5.218.718
and,2023,vivienda,398021221.0,43A,"VIVIENDA, REHABILITACIÓN Y SUELO 16.563.268 135.000 50.000 77.244.708 93.992.976 3.587.185 257.441.060 261.028.245 43.000.000 43.000.000"
and,2023,vivienda,20581511.0,43B,ACTUACIONES EN MATERIA ORDENA. TERRIT. Y 13.338.198 3.143.552 10.800 16.492.550 3.228.961 860.000 4.088.961
and,2023,,1015983290.0,51B,"MOVILIDAD, INFRAESTRUCTURAS VIARIAS Y 35.754.993 2.678.358 1.846.469 225.014.240 265.294.060 562.523.942 188.165.288 750.689.230"
and,2023,direccion,186500559.0,12S,DIRECCIÓN Y SERVICIOS GENERALES 88.898.697 19.743.705 9.100 57.447.372 166.098.874 8.301.377 12.100.308 20.401.685
and,2023,,4500000.0,31D,ATENCIÓN A LAS FAMILIAS 4.500.000 4.500.000
and,2023,discapacidad,222481616.0,31E,ATENCIÓN A LA INFANCIA 59.119.146 107.478.256 30.900 45.496.964 212.125.266 10.356.350 10.356.350
and,2023,diversidad,196844974.0,31G,ACCIÓN COMUNITARIA E INSERCIÓN 4.397.697 4.760.016 181.650.689 190.808.402 1.713.207 4.323.365 6.036.572
and,2023,,1751648.0,31H,VOLUNTARIADO 614.900 147.598 989.150 1.751.648
and,2023,diversidad,10579800.0,31J,COORDINACIÓN DE POLÍTICAS MIGRATORIAS 1.344.570 4.613.380 3.501.850 9.459.800 120.000 1.000.000 1.120.000
and,2023,dependencia,2041969111.0,31R,"ATENC. DEPENDENCIA, ENVEJECIMIENTO ACTI. 154.641.574 26.877.221 30.000 1.723.309.347 1.904.858.142 58.395.596 78.715.373 137.110.969"
and,2023,igualdad,2327667.0,31T,PROTECCIÓN CONTRA LA VIOLENCIA DE 655.092 892.575 780.000 2.327.667
and,2023,diversidad,50980508.0,32E,PROYECTOS DE INTERÉS SOCIAL 162.000 38.011.921 38.173.921 1.717.500 11.089.087 12.806.587
and,2023,direccion,131586638.0,12S,DIRECCIÓN Y SERVICIOS GENERALES 68.249.673 19.559.261 114.500 103.456 88.026.890 13.879.752 29.679.996 43.559.748
and,2023,,66597215.0,44B,PREVENCIÓN Y CALIDAD AMBIENTAL 11.000.274 16.800 209.419 11.226.493 31.603.942 23.766.780 55.370.722
and,2023,,527451177.0,44E,GESTIÓN DEL MEDIO NATURAL 30.223.858 2.498.267 200.000 197.339.341 230.261.466 202.269.024 94.920.687 297.189.711
and,2023,,16833210.0,44F,"INFORMACIÓN, PLANIFICACIÓN Y SENSIBILIZ. 1.310.666 2.027.981 3.338.647 13.294.563 200.000 13.494.563"
and,2023,direccion,2354536.0,12S,DIRECCIÓN Y SERVICIOS GENERALES 1.517.483 689.943 3.050 2.210.476 144.060 144.060
and,2023,,232796660.0,73A,ORDENACIÓN ACTIVIDAD ENERGÉTICA 12.771.850 437.815 11.644.205 24.853.870 1.754.313 206.188.477 207.942.790
and,2023,,125742765.0,73B,ORDENACIÓN ACTIVIDAD INDUSTRIAL Y 10.685.014 940.380 3.005.685 14.631.079 20.461.617 90.650.069 111.111.686
and,2023,direccion,42373452.0,12A,PLANIFICACIÓN Y GESTIÓN DE LOS RECURSOS 24.806.751 2.076.903 15.000 14.871.076 41.769.730 603.722 603.722
and,2023,direccion,497084.0,12C,ACCIÓN SOCIAL DEL PERSONAL 497.084 497.084
and,2023,direccion,43974112.0,12S,DIRECCIÓN Y SERVICIOS GENERALES 24.844.054 15.956.535 40.800.589 3.173.523 3.173.523
and,2023,direccion,591233531.0,14B,ADMINISTRACIÓN DE JUSTICIA 390.525.278 114.919.285 49.416.522 554.861.085 36.372.446 36.372.446
and,2023,direccion,87398997.0,14C,JUSTICIA JUVENIL Y ASISTENCIA A VÍCTIMAS 3.102.530 83.746.467 450.000 87.298.997 100.000 100.000
and,2023,direccion,80239220.0,81A,COOPERACIÓN ECONÓMICA Y COORDINACIÓN 5.684.366 35.000 3.105.000 8.824.366 337.534 71.077.320 71.414.854
and,2023,direccion,5164176330.0,01A,"ADMON,GESTIÓN FINANCIERA Y 731.143 530.183.920 530.915.063 4.633.261.267 4.633.261.267"
and,2023,direccion,4000000.0,12A,PLANIFICACIÓN Y GESTIÓN DE LOS RECURSOS 4.000.000 4.000.000
and,2023,direccion,7700000.0,12C,ACCIÓN SOCIAL DEL PERSONAL 700.000 700.000 7.000.000 7.000.000
and,2023,direccion,10948124.0,61C,POLÍTICA ESTRATÉGICA DE CONTRATACIÓN 8.461.279 2.486.845 10.948.124
and,2023,direccion,87162725.0,61G,GESTIÓN Y ADMINISTRACIÓN PATRIMONIO 70.909.265 120.000 71.029.265 16.133.460 16.133.460
and,2023,direccion,16000000.0,63B,IMPREVISTOS Y FUNCIONES NO CLASIFICADAS 16.000.000 16.000.000
and,2023,direccion,2952951739.0,81B,COOPER. ECONÓMICA Y RELAC. FINANCIERAS 2.949.951.739 2.949.951.739 3.000.000 3.000.000
and,2023,soberania,1569260000.0,71F,APOYO AL SECTOR PRODUCTOR AGRÍCOLA Y 1.569.240.000 1.569.240.000 20.000 20.000
and,2023,,20884573.0,31F,PENSIONES ASISTENCIALES 20.884.573 20.884.573
and,2024,direccion,470477910.0,11A,"D.S.G. PRESIDENCIA, INT.,DIALOGO SOC. Y 72.530.380 14.548.444 200.000 194.191.898 281.470.722 1.864.641 187.142.547 189.007.188"
and,2024,,52603099.0,22B,"INTERIOR, EMERGENCIAS Y PROTECCIÓN CIVIL 18.536.658 27.194.491 1.022.500 46.753.649 5.349.450 500.000 5.849.450"
and,2024,direccion,183133598.0,52C,COMUNICACIÓN SOCIAL 2.225.216 2.975.738 160.588.874 165.789.828 14.128.260 3.215.510 17.343.770
and,2024,direccion,29201698.0,82A,ACCIÓN EXTERIOR 2.521.025 584.352 25.581.663 28.687.040 84.518 430.140 514.658
and,2024,direccion,48270550.0,11B,ACTIVIDAD LEGISLATIVA 23.275.600 9.785.940 600 11.100.820 44.162.960 3.957.590 3.957.590 150.000 150.000
and,2024,direccion,7598740.0,11C,CONTROL EXTERNO DEL SECTOR PÚBLICO 6.457.100 980.680 700 60.930 7.499.410 99.330 99.330
and,2024,direccion,2047450.0,11J,INVEST.PREVENC. Y LUCHA CONTRA FRAUDE Y 1.432.570 549.380 500 1.982.450 65.000 65.000
and,2024,direccion,14516799.0,11C,CONTROL EXTERNO DEL SECTOR PÚBLICO 10.734.966 2.918.890 89.167 10.000 13.753.023 736.035 736.035 27.741 27.741
and,2024,direccion,3827253.0,11D,ALTO ASESORAMIENTO DE LA COMUNIDAD 3.449.650 347.603 3.797.253 30.000 30.000
and,2024,direccion,4715058.0,11H,AUTORIDAD Y ASESORAMIENTO AUDIOVISUAL 3.045.971 1.004.087 4.050.058 665.000 665.000
and,2024,direccion,4311270.0,11I,AUT. MAT. TRANSPARENCIA Y PROTECCIÓN DE 3.469.693 356.577 3.826.270 485.000 485.000
and,2024,direccion,3241152.0,61N,DEFENSA DE LA COMPETENCIA 2.833.374 372.778 3.206.152 35.000 35.000
and,2024,direccion,44838249.0,12S,DIRECCIÓN Y SERVICIOS GENERALES 31.661.559 11.520.690 43.182.249 1.656.000 1.656.000
and,2024,direccion,173514877.0,61B,POLÍTICA ECONÓMICA Y FINANCIERA Y 1.935.114 15.257 57.891.570 59.841.941 364.188 113.308.748 113.672.936
and,2024,direccion,2904145.0,61C,POLÍTICA ESTRATÉGICA DE CONTRATACIÓN 2.892.145 12.000 2.904.145
and,2024,direccion,3673794.0,61D,POLÍTICA PRESUPUESTARIA 3.607.794 66.000 3.673.794
and,2024,direccion,25927325.0,61E,CONTROL INTERNO Y CONTABILIDAD PÚBLICA 24.127.790 1.799.535 25.927.325
and,2024,direccion,44769975.0,61F,GESTION DE LA TESORERÍA 8.656.654 13.321 100.000 8.769.975 36.000.000 36.000.000
and,2024,direccion,4777182.0,61G,GESTIÓN Y ADMINISTRACIÓN PATRIMONIO 4.767.232 9.950 4.777.182
and,2024,direccion,2685531.0,61H,FINANCIACIÓN Y TRIBUTOS 2.537.027 148.504 2.685.531
and,2024,direccion,249615500.0,61K,COORDINACIÓN DE FONDOS EUROPEOS 10.006.543 55.932.312 65.938.855 8.676.645 8.676.645 175.000.000 175.000.000
and,2024,direccion,81330192.0,61L,COORDINACIÓN DE LA HACIENDA DE LA C. 2.335.879 1.618.687 77.255.626 81.210.192 120.000 120.000
and,2024,direccion,833715.0,81B,COOPER. ECONÓMICA Y RELAC. FINANCIERAS 833.715 833.715
and,2024,direccion,971029076.0,12S,DIRECCIÓN Y SERVICIOS GENERALES 112.344.188 6.289.311 2.000 506.588.889 625.224.388 1.200.000 344.604.688 345.804.688
and,2024,diversidad,183856487.0,31P,APOYO A FAMILIAS 5.894.187 106.055.116 71.907.184 183.856.487
and,2024,educacion,30365745.0,42B,FORMACIÓN DEL PROFESORADO 20.793.439 9.572.306 30.365.745
and,2024,educacion,2345929875.0,42C,EDUCACIÓN INFANTIL Y PRIMARIA 1.895.728.873 23.378.301 18.000 426.804.701 2.345.929.875
and,2024,educacion,3763663279.0,42D,EDUCACIÓN SECUNDARIA Y FORMACION 2.947.224.277 197.930.105 45.000 610.238.046 3.755.437.428 8.225.851 8.225.851
and,2024,educacion,530149654.0,42E,EDUCACIÓN ESPECIAL 383.471.976 496.330 6.000 146.175.348 530.149.654
and,2024,educacion,396796198.0,42F,EDUCACIÓN COMPENSATORIA 276.161.255 27.128.984 2.500 93.470.126 396.762.865 33.333 33.333
and,2024,educacion,105789565.0,42G,EDUCACIÓN DE PERSONAS ADULTAS 103.480.774 2.307.841 500 450 105.789.565
and,2024,educacion,294420666.0,42H,ENSEÑANZAS DE REGIMEN ESPECIAL 282.836.970 11.103.494 2.000 371.535 294.313.999 106.667 106.667
and,2024,educacion,155755178.0,42I,EDUCACIÓN PARA LA PRIMERA INFANCIA 118.498.852 4.701.253 5.000 123.205.105 32.550.073 32.550.073
and,2024,idi,73902836.0,54C,INNOVACIÓN Y EVALUACIÓN EDUCATIVA 16.925.747 19.020.153 500 13.018.621 48.965.021 24.937.815 24.937.815
and,2024,direccion,1757862.0,11F,ASESORAMIENTO EN MATERIA ECONÓMICA Y 889.654 831.735 10.473 1.731.862 26.000 26.000
and,2024,direccion,447823870.0,12S,DIRECCIÓN Y SERVICIOS GENERALES 45.177.173 10.721.282 25.000 360.463.865 416.387.320 6.623.050 24.813.500 31.436.550
and,2024,empleo,51324621.0,31C,"SEGURIDAD, SALUD Y RELACIONES 28.308.288 1.333.555 5.000 15.268.118 44.914.961 1.529.250 4.880.410 6.409.660"
and,2024,empleo,3621218.0,31M,CONSEJO ANDALUZ DE RELACIONES 1.989.827 1.524.191 41.000 3.555.018 66.200 66.200
and,2024,empleo,287088854.0,32D,FORMACIÓN PROFESIONAL PARA EL EMPLEO 34.949.564 65.471.979 75.500 163.323.136 263.820.179 15.000.423 8.268.252 23.268.675
and,2024,empleo,335314784.0,32K,POLÍTICAS ACTIVAS DE EMPLEO 13.034.876 10.000 320.469.908 333.514.784 1.800.000 1.800.000
and,2024,,19099517.0,44J,ADMON. Y GESTIÓN DEL SERVICIO DE TIEMPO 15.190.267 3.502.000 1.500 18.693.767 405.750 405.750
and,2024,empleo,80226157.0,72C,TRABAJO AUTÓNOMO Y ECONOMÍA SOCIAL 12.925.626 284.647 25.514.000 38.724.273 125.000 41.376.884 41.501.884
and,2024,empleo,23648246.0,76A,ORDENACIÓN Y PROMOCIÓN COMERCIAL 9.562.690 603.879 2.730.000 12.896.569 1.154.000 9.597.677 10.751.677
and,2024,sanidad,13918889965.0,41H,DIRECCIÓN Y SERVICIOS GENERALES 49.845.844 8.915.472 34.326 13.313.368.641 13.372.164.283 963.695 545.761.987 546.725.682
and,2024,salud_mental,33795836.0,31B,PLAN SOBRE ADICCIONES 4.537.361 11.524.918 17.499.557 33.561.836 234.000 234.000
and,2024,sanidad,93587562.0,41D,SALUD PÚBLICA 19.649.973 59.521.856 10.626.655 89.798.484 3.261.305 527.773 3.789.078
and,2024,sanidad,12232637.0,41J,INSPECCIÓN DE SERVICIOS SANITARIOS 12.135.460 57.177 12.192.637 40.000 40.000
and,2024,sanidad,30850244.0,41K,POLÍTICA DE CALIDAD Y MODERNIZACIÓN 3.495.662 1.643.424 20.567.540 25.706.626 5.143.618 5.143.618
and,2024,,14569675.0,44H,CONSUMO 11.683.011 425.537 1.627.153 13.735.701 833.974 833.974
and,2024,direccion,346938056.0,12S,DIRECCIÓN Y SERVICIOS GENERALES 72.514.980 33.478.205 30.000 183.392.847 289.416.032 8.217.408 49.304.616 57.522.024
and,2024,,479941984.0,51D,ACTUACIONES EN MATERIA DE AGUA 39.070.152 12.979.084 1.539.500 53.588.736 415.523.748 10.829.500 426.353.248
and,2024,soberania,535234628.0,71B,ORDENACIÓN Y MEJORA DE LA PRODUC. 11.933.280 3.392.000 25.000 16.756.789 32.107.069 98.689.006 404.438.553 503.127.559
and,2024,soberania,176379425.0,71E,INCENTIVACIÓN DEL SECTOR 5.073.487 1.758.829 6.832.316 20.196.787 149.350.322 169.547.109
and,2024,soberania,155113040.0,71F,APOYO AL SECTOR PRODUCTOR AGRÍCOLA Y 14.250.159 5.846.432 250.000 20.346.591 6.666.187 128.100.262 134.766.449
and,2024,soberania,117685177.0,71H,DESARROLLO RURAL 3.652.971 112.000 20.000 23.087.004 26.871.975 90.813.202 90.813.202
and,2024,soberania,42886402.0,71P,PESCA 3.935.045 120.000 18.940.500 22.995.545 3.150.857 16.740.000 19.890.857
and,2024,direccion,10760085.0,12S,DIRECCIÓN Y SERVICIOS GENERALES 7.320.747 2.506.839 1.500 9.829.086 930.999 930.999
and,2024,educacion,1696223996.0,42J,UNIVERSIDADES 1.787.165 10.000 29.762 1.536.171.256 1.537.998.183 155.260.232 155.260.232 2.965.581 2.965.581
and,2024,idi,160480958.0,54A,INVESTIGACIÓN CIENTÍFICA E INNOVACIÓN 4.427.789 673.875 704.603 14.227.053 20.033.320 31.114 118.391.174 118.422.288 22.025.350 22.025.350
and,2024,idi,103779733.0,72A,INNOVACIÓN Y EMPRENDIMIENTO 1.574.427 720.597 39.271.489 41.566.513 2.703.269 59.509.951 62.213.220
and,2024,direccion,43267558.0,12S,DIRECCIÓN Y SERVICIOS GENERALES 33.204.765 9.202.249 25.000 42.432.014 835.544 835.544
and,2024,,1237417.0,31I,MEMORIA DEMOCRÁTICA 280.257 242.881 102.279 625.417 612.000 612.000
and,2024,,29070473.0,45B,"ARCHIVOS, BIBLIOTECAS E INDUSTRIAS 5.882.960 4.666.510 15.318.843 25.868.313 2.326.320 875.840 3.202.160"
and,2024,,45488236.0,45D,MUSEOS Y CONJUNTOS CULTURALES 25.036.092 10.422.290 4.378.557 39.836.939 5.651.297 5.651.297
and,2024,,79860687.0,45E,"PLANIFI., INFRAES. CULTURALES Y CONSER. 1.825.591 77.066 25.000 47.292.012 49.219.669 16.998.732 13.642.286 30.641.018"
and,2024,idi,24072321.0,45H,"TUTELA, INVESTIGACIÓN Y DIFUSIÓN 20.822.024 100.000 1.008.752 21.930.776 1.275.774 865.771 2.141.545"
and,2024,,39444479.0,46A,"INFRAESTRUCTURAS, CENTROS Y 7.470.143 2.386.879 50.000 13.626.995 23.534.017 10.251.062 5.659.400 15.910.462"
and,2024,,16938158.0,46B,ACTIVIDADES Y PROMOCIÓN DEL DEPORTE 5.870.011 1.615.718 8.702.429 16.188.158 350.000 400.000 750.000
and,2024,turismo,132044860.0,75B,"PLANIFICACIÓN, ORDENACIÓN Y PROMOCIÓN 8.181.936 86.780 28.968.121 37.236.837 94.808.023 94.808.023"
and,2024,turismo,45129429.0,75D,"CALIDAD, INNOVACIÓN Y FOMENTO DEL 2.297.252 116.862 3.844.766 6.258.880 9.000 38.861.549 38.870.549"
and,2024,direccion,59762318.0,12S,DIRECCIÓN Y SERVICIOS GENERALES 43.592.687 10.484.513 96.103 16.451 54.189.754 5.570.024 2.540 5.572.564
and,2024,vivienda,428084391.0,43A,"VIVIENDA, REHABILITACIÓN Y SUELO 18.134.314 50.000 60.075.714 78.260.028 929.476 298.894.887 299.824.363 50.000.000 50.000.000"
and,2024,vivienda,20150909.0,43B,ACTUACIONES EN MATERIA ORDENA. TERRIT. Y 13.094.061 3.520.056 16.614.117 2.856.792 680.000 3.536.792
and,2024,,251556317.0,51A,INFRAESTRUCTURAS VIARIAS 20.151.722 1.674.422 1.796.469 23.622.613 227.933.704 227.933.704
and,2024,,765123494.0,51B,MOVILIDAD E INFRAESTRUCTURAS DEL 15.710.073 1.705.592 60.000 231.263.208 248.738.873 341.607.925 174.776.696 516.384.621
and,2024,direccion,174874252.0,12S,DIRECCIÓN Y SERVICIOS GENERALES 93.714.422 11.788.826 9.100 62.892.163 168.404.511 4.013.886 2.455.855 6.469.741
and,2024,,5360394.0,31D,ATENCIÓN A LAS FAMILIAS 510.394 4.850.000 5.360.394
and,2024,discapacidad,252376683.0,31E,ATENCIÓN A LA INFANCIA 58.804.041 122.108.168 30.900 50.115.070 231.058.179 13.421.504 7.897.000 21.318.504
and,2024,diversidad,209930312.0,31G,ACCIÓN COMUNITARIA E INSERCIÓN 4.171.391 29.754.746 176.004.175 209.930.312
and,2024,,1681639.0,31H,VOLUNTARIADO 544.891 147.598 989.150 1.681.639
and,2024,diversidad,10622729.0,31J,COORDINACIÓN DE POLÍTICAS MIGRATORIAS 1.369.873 4.612.006 4.480.850 10.462.729 160.000 160.000
and,2024,dependencia,2229589384.0,31R,"ATENC. DEPENDENCIA, ENVEJECIMIENTO ACTI. 156.291.105 31.752.398 30.000 1.892.139.891 2.080.213.394 74.164.698 75.211.292 149.375.990"
and,2024,igualdad,2309609.0,31T,PROTECCIÓN CONTRA LA VIOLENCIA DE 650.034 769.575 890.000 2.309.609
and,2024,diversidad,58203748.0,32E,PROYECTOS DE INTERÉS SOCIAL 522.000 40.418.848 40.940.848 9.062.900 8.200.000 17.262.900
and,2024,direccion,123597408.0,12S,DIRECCIÓN Y SERVICIOS GENERALES 93.910.681 12.599.555 114.500 106.624.736 15.972.672 1.000.000 16.972.672
and,2024,,100853407.0,44B,PREVENCIÓN Y CALIDAD AMBIENTAL 10.987.970 49.638 235.072 11.272.680 21.304.076 68.276.651 89.580.727
and,2024,,636291184.0,44E,GESTIÓN DEL MEDIO NATURAL 32.797.096 2.642.402 450.000 202.976.909 238.866.407 257.297.391 140.127.386 397.424.777
and,2024,,10537077.0,44F,"INFORMACIÓN, PLANIFICACIÓN Y SENSIBILIZ. 1.365.459 189.903 1.555.362 8.981.715 8.981.715"
and,2024,direccion,9118975.0,12S,DIRECCIÓN Y SERVICIOS GENERALES 7.550.402 1.171.463 3.050 8.724.915 394.060 394.060
and,2024,,119600609.0,73A,ORDENACIÓN ACTIVIDAD ENERGÉTICA 13.628.194 586.932 15.978.972 30.194.098 222.105 89.184.406 89.406.511
and,2024,,126956001.0,73B,ORDENACIÓN ACTIVIDAD INDUSTRIAL Y 17.079.930 673.322 600.000 18.353.252 15.853.327 92.749.422 108.602.749
and,2024,direccion,43468816.0,12A,PLANIFICACIÓN Y GESTIÓN DE LOS RECURSOS 26.009.033 1.911.222 15.000 14.512.539 42.447.794 1.021.022 1.021.022
and,2024,direccion,488290.0,12C,ACCIÓN SOCIAL DEL PERSONAL 488.290 488.290
and,2024,direccion,42367907.0,12S,DIRECCIÓN Y SERVICIOS GENERALES 23.756.063 15.504.303 39.260.366 3.107.541 3.107.541
and,2024,direccion,646921556.0,14B,ADMINISTRACIÓN DE JUSTICIA 416.271.357 104.556.449 53.172.000 573.999.806 72.921.750 72.921.750
and,2024,direccion,89863835.0,14C,JUSTICIA JUVENIL Y ASISTENCIA A VÍCTIMAS 3.109.666 85.946.169 468.000 89.523.835 340.000 340.000
and,2024,direccion,82470128.0,81A,COOPERACIÓN ECONÓMICA Y COORDINACIÓN 6.157.816 54.000 3.105.000 9.316.816 2.450.573 70.702.739 73.153.312
and,2024,direccion,4137406767.0,01A,"ADMON,GESTIÓN FINANCIERA Y 776.143 717.613.347 718.389.490 3.419.017.277 3.419.017.277"
and,2024,direccion,4000000.0,12A,PLANIFICACIÓN Y GESTIÓN DE LOS RECURSOS 4.000.000 4.000.000
and,2024,direccion,7700000.0,12C,ACCIÓN SOCIAL DEL PERSONAL 700.000 700.000 7.000.000 7.000.000
and,2024,direccion,10926703.0,61C,POLÍTICA ESTRATÉGICA DE CONTRATACIÓN 8.680.650 2.246.053 10.926.703
and,2024,direccion,393701386.0,61G,GESTIÓN Y ADMINISTRACIÓN PATRIMONIO 39.532.920 50.000 39.582.920 354.118.466 354.118.466
and,2024,direccion,16000000.0,63B,IMPREVISTOS Y FUNCIONES NO CLASIFICADAS 16.000.000 16.000.000
and,2024,direccion,3152951739.0,81B,COOPER. ECONÓMICA Y RELAC. FINANCIERAS 3.149.951.739 3.149.951.739 3.000.000 3.000.000
and,2024,soberania,1569260000.0,71F,APOYO AL SECTOR PRODUCTOR AGRÍCOLA Y 1.569.240.000 1.569.240.000 20.000 20.000
and,2025,direccion,620876151.0,11A,"D.S.G. PRESIDENCIA, INT.,DIALOGO SOC. Y 66.444.601 14.849.518 200.000 258.313.833 339.807.952 4.161.417 276.906.782 281.068.199"
and,2025,,275490591.0,22B,"INTERIOR, EMERGENCIAS Y PROTECCIÓN CIVIL 11.049.700 4.300.076 181.822.581 197.172.357 460.200 77.858.034 78.318.234"
and,2025,direccion,194685035.0,52C,COMUNICACIÓN SOCIAL 2.424.883 975.738 170.994.665 174.395.286 17.297.424 2.992.325 20.289.749
and,2025,direccion,50162810.0,11B,ACTIVIDAD LEGISLATIVA 24.345.410 10.305.320 600 13.047.340 47.698.670 2.314.140 2.314.140 150.000 150.000
and,2025,direccion,7999990.0,11C,CONTROL EXTERNO DEL SECTOR PÚBLICO 6.810.530 1.024.640 700 64.320 7.900.190 99.800 99.800
and,2025,direccion,2444490.0,11J,INVEST.PREVENC. Y LUCHA CONTRA FRAUDE Y 1.790.400 603.990 100 2.394.490 49.000 49.000 1.000 1.000
and,2025,direccion,15866008.0,11C,CONTROL EXTERNO DEL SECTOR PÚBLICO 11.537.538 3.155.588 89.167 10.000 14.792.293 1.045.974 1.045.974 27.741 27.741
and,2025,direccion,4101581.0,11D,ALTO ASESORAMIENTO DE LA COMUNIDAD 3.696.514 375.067 4.071.581 30.000 30.000
and,2025,direccion,4618699.0,11H,AUTORIDAD Y ASESORAMIENTO AUDIOVISUAL 3.160.658 1.009.763 4.170.421 448.278 448.278
and,2025,direccion,4371436.0,11I,AUT. MAT. TRANSPARENCIA Y PROTECCIÓN DE 3.519.896 365.540 3.885.436 486.000 486.000
and,2025,direccion,3212163.0,61N,DEFENSA DE LA COMPETENCIA 2.770.849 406.314 3.177.163 35.000 35.000
and,2025,direccion,46700627.0,12S,DIRECCIÓN Y SERVICIOS GENERALES 30.819.575 13.218.484 256.568 44.294.627 1.906.000 500.000 2.406.000
and,2025,direccion,132034649.0,61B,POLÍTICA ECONÓMICA Y FINANCIERA Y 2.198.848 32.802 60.734.164 62.965.814 358.188 68.710.647 69.068.835
and,2025,direccion,2953186.0,61C,POLÍTICA ESTRATÉGICA DE CONTRATACIÓN 2.941.186 12.000 2.953.186
and,2025,direccion,3937149.0,61D,POLÍTICA PRESUPUESTARIA 3.931.149 6.000 3.937.149
and,2025,direccion,31892597.0,61E,CONTROL INTERNO Y CONTABILIDAD PÚBLICA 30.108.624 1.783.973 31.892.597
and,2025,direccion,8709965.0,61F,GESTION DE LA TESORERÍA 8.596.644 13.321 100.000 8.709.965
and,2025,direccion,5352446.0,61G,GESTIÓN Y ADMINISTRACIÓN PATRIMONIO 5.342.266 10.180 5.352.446
and,2025,direccion,2746587.0,61H,FINANCIACIÓN Y TRIBUTOS 2.591.739 154.848 2.746.587
and,2025,direccion,46164368.0,61K,COORDINACIÓN DE FONDOS EUROPEOS 10.370.289 26.991.636 37.361.925 8.802.443 8.802.443
and,2025,direccion,78855574.0,61L,COORDINACIÓN DE LA HACIENDA DE LA C. 1.823.648 806.440 76.080.486 78.710.574 145.000 145.000
and,2025,direccion,838788.0,81B,COOPER. ECONÓMICA Y RELAC. FINANCIERAS 838.788 838.788
and,2025,direccion,992848445.0,12S,DIRECCIÓN Y SERVICIOS GENERALES 104.974.919 7.358.786 3.338 536.614.437 648.951.480 1.200.000 342.696.965 343.896.965
and,2025,diversidad,129355976.0,31P,APOYO A FAMILIAS 5.856.768 63.382.315 60.116.893 129.355.976
and,2025,educacion,31155433.0,42B,FORMACIÓN DEL PROFESORADO 21.898.751 9.256.682 31.155.433
and,2025,educacion,2454864959.0,42C,EDUCACIÓN INFANTIL Y PRIMARIA 1.968.497.486 25.459.198 30.040 460.778.235 2.454.764.959 100.000 100.000
and,2025,educacion,4006641615.0,42D,EDUCACIÓN SECUNDARIA Y FORMACION 3.130.807.628 178.487.804 75.100 696.637.750 4.006.008.282 633.333 633.333
and,2025,educacion,546918458.0,42E,EDUCACIÓN ESPECIAL 408.426.735 525.218 10.013 137.956.492 546.918.458
and,2025,educacion,360551717.0,42F,EDUCACIÓN COMPENSATORIA 239.523.203 27.354.891 4.172 93.602.784 360.485.050 66.667 66.667
and,2025,educacion,110837245.0,42G,EDUCACIÓN DE PERSONAS ADULTAS 108.606.736 2.229.125 834 550 110.837.245
and,2025,educacion,314731917.0,42H,ENSEÑANZAS DE REGIMEN ESPECIAL 299.829.788 14.201.405 3.338 415.452 314.449.983 281.934 281.934
and,2025,educacion,129580357.0,42I,EDUCACIÓN PARA LA PRIMERA INFANCIA 122.417.734 4.841.115 8.345 127.267.194 66.666 2.246.497 2.313.163
and,2025,idi,82062196.0,54C,INNOVACIÓN Y EVALUACIÓN EDUCATIVA 3.892.374 17.657.262 835 12.725.525 34.275.996 47.493.104 293.096 47.786.200
and,2025,direccion,346065457.0,12S,DIRECCIÓN Y SERVICIOS GENERALES 75.006.120 33.621.627 30.000 181.029.250 289.686.997 8.125.301 48.253.159 56.378.460
and,2025,,565671871.0,51D,ACTUACIONES EN MATERIA DE AGUA 46.557.309 12.716.547 1.539.500 60.813.356 490.159.015 14.699.500 504.858.515
and,2025,soberania,464906289.0,71B,ORDENACIÓN Y MEJORA DE LA PRODUC. 9.851.418 2.777.000 25.000 17.957.983 30.611.401 105.296.135 328.998.753 434.294.888
and,2025,soberania,207617412.0,71E,INCENTIVACIÓN DEL SECTOR 5.597.159 1.194.068 50.000 6.841.227 15.413.083 185.363.102 200.776.185
and,2025,soberania,209392570.0,71F,APOYO AL SECTOR PRODUCTOR AGRÍCOLA Y 12.078.830 5.846.432 250.000 18.175.262 5.670.421 185.546.887 191.217.308
and,2025,soberania,126932059.0,71H,DESARROLLO RURAL 1.750.087 119.000 20.000 16.988.807 18.877.894 108.054.165 108.054.165
and,2025,soberania,51028870.0,71P,PESCA 3.925.870 33.000 21.043.000 25.001.870 2.832.000 23.195.000 26.027.000
and,2025,sanidad,14936264372.0,41H,DIRECCIÓN Y SERVICIOS GENERALES 49.114.621 7.137.246 39.326 14.309.953.219 14.366.244.412 273.135 569.746.825 570.019.960
and,2025,salud_mental,33157283.0,31B,PLAN SOBRE ADICCIONES 4.736.798 10.930.283 17.340.102 33.007.183 150.100 150.100
and,2025,sanidad,92773440.0,41D,SALUD PÚBLICA 20.869.272 59.774.443 9.643.725 90.287.440 2.486.000 2.486.000
and,2025,sanidad,12504751.0,41J,INSPECCIÓN DE SERVICIOS SANITARIOS 12.406.774 57.977 12.464.751 40.000 40.000
and,2025,,14779335.0,44H,CONSUMO 11.878.077 466.105 1.667.153 14.011.335 768.000 768.000
and,2025,direccion,1721286.0,11F,ASESORAMIENTO EN MATERIA ECONÓMICA Y 828.464 831.735 11.087 1.671.286 50.000 50.000
and,2025,direccion,476928254.0,12S,DIRECCIÓN Y SERVICIOS GENERALES 48.172.954 10.703.302 30.000 392.688.767 451.595.023 1.335.000 23.998.231 25.333.231
and,2025,empleo,58494568.0,31C,"SEGURIDAD, SALUD Y RELACIONES 29.940.646 8.420.635 50.000 14.227.627 52.638.908 975.250 4.880.410 5.855.660"
and,2025,empleo,3838680.0,31M,CONSEJO ANDALUZ DE RELACIONES 2.219.229 1.572.191 41.260 3.832.680 6.000 6.000
and,2025,empleo,283572005.0,32D,FORMACIÓN PROFESIONAL PARA EL EMPLEO 36.120.073 39.639.006 32.000 194.827.765 270.618.844 7.978.161 4.975.000 12.953.161
and,2025,empleo,311292119.0,32K,POLÍTICAS ACTIVAS DE EMPLEO 9.893.037 5.000 297.885.067 307.783.104 3.509.015 3.509.015
and,2025,empleo,98528623.0,72C,TRABAJO AUTÓNOMO Y ECONOMÍA SOCIAL 10.992.832 220.000 33.364.000 44.576.832 20.000 53.931.791 53.951.791
and,2025,empleo,25480518.0,76A,ORDENACIÓN Y PROMOCIÓN COMERCIAL 8.371.844 190.523 4.346.474 12.908.841 974.000 11.597.677 12.571.677
and,2025,direccion,10288582.0,12S,DIRECCIÓN Y SERVICIOS GENERALES 7.231.454 2.124.429 1.500 200 9.357.583 930.999 930.999
and,2025,educacion,1738053265.0,42J,UNIVERSIDADES 1.934.451 24.653 14.986 1.576.809.153 1.578.783.243 158.210.232 158.210.232 1.059.790 1.059.790
and,2025,idi,176843390.0,54A,INVESTIGACIÓN CIENTÍFICA E INNOVACIÓN 3.380.849 521.675 31.414.498 35.317.022 65.265 141.461.103 141.526.368
and,2025,idi,92960577.0,72A,INNOVACIÓN Y EMPRENDIMIENTO 1.740.893 771.260 40.903.139 43.415.292 1.000.000 48.545.285 49.545.285
and,2025,direccion,3967319.0,12S,DIRECCIÓN Y SERVICIOS GENERALES 987.100 2.910.219 3.897.319 70.000 70.000
and,2025,turismo,107589558.0,75B,"PLANIFICACIÓN, ORDENACIÓN Y PROMOCIÓN 8.718.846 4.771.570 42.824.592 56.315.008 28.000 51.246.550 51.274.550"
and,2025,turismo,38928418.0,75D,"CALIDAD, INNOVACIÓN Y FOMENTO DEL 2.730.545 158.000 4.051.779 6.940.324 1.906.000 30.082.094 31.988.094"
and,2025,direccion,10750090.0,82A,ACCIÓN EXTERIOR 2.536.291 584.352 4.079.133 7.199.776 3.550.314 3.550.314
and,2025,direccion,59153434.0,12S,DIRECCIÓN Y SERVICIOS GENERALES 41.629.361 10.353.560 96.103 16.242 52.095.266 560.000 6.498.168 7.058.168
and,2025,vivienda,465192511.0,43A,"VIVIENDA, REHABILITACIÓN Y SUELO 16.864.460 1.705.325 50.000 45.571.581 64.191.366 969.576 350.031.569 351.001.145 50.000.000 50.000.000"
and,2025,vivienda,23681271.0,43B,ACTUACIONES EN MATERIA ORDENA. TERRIT. Y 13.651.892 3.697.310 17.349.202 1.167.069 5.165.000 6.332.069
and,2025,,244612713.0,51A,INFRAESTRUCTURAS VIARIAS 18.766.314 1.674.422 1.796.469 22.237.205 222.375.508 222.375.508
and,2025,,773200886.0,51B,MOVILIDAD E INFRAESTRUCTURAS DEL 16.330.145 4.342.685 60.000 268.779.999 289.512.829 298.325.173 185.362.884 483.688.057
and,2025,direccion,189954404.0,12S,DIRECCIÓN Y SERVICIOS GENERALES 90.610.166 11.853.853 9.100 82.888.775 185.361.894 2.848.606 1.743.904 4.592.510
and,2025,,4060394.0,31D,ATENCIÓN A LAS FAMILIAS 460.394 3.600.000 4.060.394
and,2025,discapacidad,265377200.0,31E,ATENCIÓN A LA INFANCIA 60.299.069 148.646.269 30.900 50.113.575 259.089.813 2.150.387 4.137.000 6.287.387
and,2025,diversidad,154643910.0,31G,ACCIÓN COMUNITARIA E INSERCIÓN 4.138.494 25.646.466 124.858.950 154.643.910
and,2025,,1687987.0,31H,VOLUNTARIADO 569.234 129.603 989.150 1.687.987
and,2025,diversidad,10872167.0,31J,COORDINACIÓN DE POLÍTICAS MIGRATORIAS 1.444.261 4.612.006 4.155.050 10.211.317 160.000 500.850 660.850
and,2025,dependencia,2616898816.0,31R,"ATENC. DEPENDENCIA, ENVEJECIMIENTO ACTI. 166.474.871 30.644.852 30.000 2.293.987.109 2.491.136.832 37.717.937 88.044.047 125.761.984"
and,2025,igualdad,2721054.0,31T,PROTECCIÓN CONTRA LA VIOLENCIA DE 653.629 777.425 1.290.000 2.721.054
and,2025,diversidad,84808118.0,32E,PROYECTOS DE INTERÉS SOCIAL 1.194.870 73.232.070 74.426.940 960.008 9.421.170 10.381.178
and,2025,direccion,46001846.0,12S,DIRECCIÓN Y SERVICIOS GENERALES 38.039.340 7.310.884 25.000 45.375.224 162.551 464.071 626.622
and,2025,,1294768.0,31I,MEMORIA DEMOCRÁTICA 287.608 225.439 165.721 678.768 616.000 616.000
and,2025,idi,67946807.0,45B,INNOVACIÓN Y PROMOCIÓN CULTURAL 4.928.170 564.715 55.558.349 61.051.234 430.859 6.464.714 6.895.573
and,2025,,50210265.0,45D,MUSEOS Y CONJUNTOS CULTURALES 25.379.263 10.496.148 4.378.557 40.253.968 9.956.297 9.956.297
and,2025,,55408770.0,45E,"CONSERVACIÓN, INFRAEST. CULT, ARCHIVOS Y 2.188.092 4.449.209 10.754.065 17.391.366 26.583.605 11.433.799 38.017.404"
and,2025,idi,23602608.0,45H,"TUTELA, INVESTIGACIÓN Y DIFUSIÓN 21.497.849 75.000 21.572.849 1.225.774 803.985 2.029.759"
and,2025,,47823817.0,46A,"INFRAESTRUCTURAS, CENTROS Y 7.686.196 2.413.569 50.000 13.538.531 23.688.296 12.135.521 2.000.000 14.135.521 10.000.000 10.000.000"
and,2025,,17482997.0,46B,ACTIVIDADES Y PROMOCIÓN DEL DEPORTE 6.006.850 1.467.718 9.402.429 16.876.997 299.000 307.000 606.000
and,2025,direccion,234058868.0,12S,DIRECCIÓN Y SERVICIOS GENERALES 81.326.738 11.824.370 114.500 92.021.529 185.287.137 8.354.379 40.417.352 48.771.731
and,2025,,151749067.0,44B,PREVENCIÓN Y CALIDAD AMBIENTAL 12.022.576 106.329 235.072 12.363.977 45.825.001 93.560.089 139.385.090
and,2025,,88021734.0,44D,ESPACIOS NATURALES PROTEGIDOS 14.199.982 1.791.016 175.000 16.165.998 59.142.336 12.713.400 71.855.736
and,2025,,305036397.0,44E,GESTIÓN FORESTAL Y BIODIVERSIDAD 19.760.981 41.944 275.000 20.000 20.097.925 195.624.623 89.313.849 284.938.472
and,2025,,24977698.0,44F,"INFORMACIÓN, PLANIFICACIÓN Y SENSIBILIZ. 1.349.841 221.902 1.571.743 21.775.035 1.630.920 23.405.955"
and,2025,direccion,8087121.0,12S,DIRECCIÓN Y SERVICIOS GENERALES 6.288.111 1.533.855 3.050 7.825.016 262.105 262.105
and,2025,,192235950.0,73A,ORDENACIÓN DE LA ACTIVIDAD ENERGÉTICA 14.672.331 269.037 15.271.610 30.212.978 482.105 161.540.867 162.022.972
and,2025,,166865809.0,73B,ORDENACIÓN DE LA ACTIVIDAD INDUSTRIAL Y 17.124.388 963.682 20.000 18.108.070 16.208.771 132.548.968 148.757.739
and,2025,direccion,45106589.0,12A,PLANIFICACIÓN Y GESTIÓN DE LOS RECURSOS 28.354.011 1.911.222 15.000 14.110.699 44.390.932 715.657 715.657
and,2025,direccion,516108.0,12C,ACCIÓN SOCIAL DEL PERSONAL 516.108 516.108
and,2025,direccion,34163809.0,12S,DIRECCIÓN Y SERVICIOS GENERALES 25.415.074 7.803.535 33.218.609 945.200 945.200
and,2025,direccion,661535359.0,14B,ADMINISTRACIÓN DE JUSTICIA 439.667.825 112.478.472 53.677.725 605.824.022 55.711.337 55.711.337
and,2025,direccion,92196638.0,14C,JUSTICIA JUVENIL Y ASISTENCIA A VÍCTIMAS 3.259.887 88.588.751 248.000 92.096.638 100.000 100.000
and,2025,direccion,83397382.0,81A,COOPERACIÓN ECONÓMICA Y COORDINACIÓN 6.730.497 54.000 3.105.000 9.889.497 1.796.143 71.711.742 73.507.885
and,2025,direccion,4297159587.0,01A,"ADMON,GESTIÓN FINANCIERA Y 778.888 801.318.852 802.097.740 3.495.061.847 3.495.061.847"
and,2025,direccion,4000000.0,12A,PLANIFICACIÓN Y GESTIÓN DE LOS RECURSOS 4.000.000 4.000.000
and,2025,direccion,7700000.0,12C,ACCIÓN SOCIAL DEL PERSONAL 700.000 700.000 7.000.000 7.000.000
and,2025,direccion,11244308.0,61C,POLÍTICA ESTRATÉGICA DE CONTRATACIÓN 8.680.650 2.563.658 11.244.308
and,2025,direccion,71090526.0,61G,GESTIÓN Y ADMINISTRACIÓN PATRIMONIO 37.514.026 50.000 37.564.026 33.526.500 33.526.500
and,2025,direccion,16000000.0,63B,IMPREVISTOS Y FUNCIONES NO CLASIFICADAS 16.000.000 16.000.000
and,2025,direccion,3352951739.0,81B,COOPER. ECONÓMICA Y RELAC. FINANCIERAS 3.349.411.739 3.349.411.739 3.540.000 3.540.000
and,2025,soberania,1568700395.0,71F,APOYO AL SECTOR PRODUCTOR AGRÍCOLA Y 1.568.700.395 1.568.700.395
and,2025,,22655752.0,31F,PENSIONES ASISTENCIALES 22.655.752 22.655.752
and,2025,direccion,535000000.0,81B,COOPER. ECONÓMICA Y RELAC. FINANCIERAS 535.000.000 535.000.000
and,2026,direccion,87391701.0,11A,D.S.G. PRESIDENCIA Y EMERGENCIAS 65.984.139 14.482.560 439.439 3.384.720 84.290.858 2.941.693 159.150 3.100.843
and,2026,,311323690.0,22B,"INTERIOR, EMERGENCIAS Y PROTECCIÓN CIVIL 10.914.428 19.692.646 226.972.292 257.579.366 677.000 53.067.324 53.744.324"
and,2026,direccion,196393406.0,52C,COMUNICACIÓN SOCIAL 2.253.717 1.355.945 173.741.085 177.350.747 17.189.596 1.853.063 19.042.659
and,2026,direccion,50878290.0,11B,ACTIVIDAD LEGISLATIVA 25.249.070 10.025.620 600 13.412.630 48.687.920 1.965.370 1.965.370 225.000 225.000
and,2026,direccion,8508860.0,11C,CONTROL EXTERNO DEL SECTOR PÚBLICO 7.133.270 1.107.740 67.850 8.308.860 200.000 200.000
and,2026,direccion,2747050.0,11J,INVEST.PREVENC. Y LUCHA CONTRA FRAUDE Y 2.113.610 591.540 100 2.705.250 40.800 40.800 1.000 1.000
and,2026,direccion,16372218.0,11C,CONTROL EXTERNO DEL SECTOR PÚBLICO 11.876.435 2.700.046 900 182.458 10.000 14.769.839 1.574.638 1.574.638 27.741 27.741
and,2026,direccion,4269014.0,11D,ALTO ASESORAMIENTO DE LA COMUNIDAD 3.724.792 379.222 4.104.014 165.000 165.000
and,2026,direccion,4463113.0,11H,AUTORIDAD Y ASESORAMIENTO AUDIOVISUAL 2.997.256 1.017.579 4.014.835 448.278 448.278
and,2026,direccion,4713195.0,11I,AUT. MAT. TRANSPARENCIA Y PROTECCIÓN DE 3.480.037 370.826 3.850.863 862.332 862.332
and,2026,direccion,3030314.0,61N,DEFENSA DE LA COMPETENCIA 2.541.433 434.881 2.976.314 54.000 54.000
and,2026,direccion,44158620.0,12S,DIRECCIÓN Y SERVICIOS GENERALES 29.205.704 13.342.175 259.482 42.807.361 1.351.259 1.351.259
and,2026,direccion,390347004.0,61B,POLÍTICA ECONÓMICA Y FINANCIERA Y 1.806.502 15.257 65.435.032 67.256.791 100.000 322.990.213 323.090.213
and,2026,direccion,2997078.0,61C,POLÍTICA ESTRATÉGICA DE CONTRATACIÓN 2.985.078 12.000 2.997.078
and,2026,direccion,3760237.0,61D,POLÍTICA PRESUPUESTARIA 3.754.237 6.000 3.760.237
and,2026,direccion,31836146.0,61E,CONTROL INTERNO Y CONTABILIDAD PÚBLICA 29.209.793 2.626.353 31.836.146
and,2026,direccion,8103694.0,61F,GESTION DE LA TESORERÍA 7.990.373 13.321 100.000 8.103.694
and,2026,direccion,4944087.0,61G,GESTIÓN Y ADMINISTRACIÓN PATRIMONIO 4.931.043 13.044 4.944.087
and,2026,direccion,2680160.0,61H,FINANCIACIÓN Y TRIBUTOS 2.539.160 141.000 2.680.160
and,2026,direccion,35823985.0,61K,COORDINACIÓN DE FONDOS EUROPEOS 10.263.315 21.030.065 31.293.380 4.530.605 4.530.605
and,2026,direccion,76557503.0,61L,COORDINACIÓN DE LA HACIENDA DE LA C. 1.599.294 838.055 73.975.154 76.412.503 145.000 145.000
and,2026,direccion,864619.0,81B,COOPER. ECONÓMICA Y RELAC. FINANCIERAS 864.619 864.619
and,2026,direccion,875372074.0,12S,DIRECCIÓN Y SERVICIOS GENERALES 112.812.808 7.736.490 3.338 568.013.749 688.566.385 1.200.000 185.605.689 186.805.689
and,2026,diversidad,127514498.0,31P,APOYO A FAMILIAS 5.923.165 62.732.315 58.859.018 127.514.498
and,2026,educacion,35064604.0,42B,FORMACIÓN DEL PROFESORADO 22.630.513 12.434.091 35.064.604
and,2026,educacion,2488575402.0,42C,EDUCACIÓN INFANTIL Y PRIMARIA 1.983.787.588 27.133.825 30.040 477.548.949 2.488.500.402 75.000 75.000
and,2026,educacion,4098634907.0,42D,EDUCACIÓN SECUNDARIA Y FORMACION 3.179.556.563 209.002.148 75.100 708.717.953 4.097.351.764 1.283.143 1.283.143
and,2026,educacion,592253187.0,42E,EDUCACIÓN ESPECIAL 427.033.834 897.429 10.013 164.311.911 592.253.187
and,2026,educacion,413400416.0,42F,EDUCACIÓN COMPENSATORIA 276.763.811 30.087.174 4.172 104.978.972 411.834.129 1.566.287 1.566.287
and,2026,educacion,121421451.0,42G,EDUCACIÓN DE PERSONAS ADULTAS 110.547.829 10.872.238 834 550 121.421.451
and,2026,educacion,319296836.0,42H,ENSEÑANZAS DE REGIMEN ESPECIAL 306.342.969 12.360.763 3.338 421.535 319.128.605 168.231 168.231
and,2026,educacion,134143239.0,42I,EDUCACIÓN PARA LA PRIMERA INFANCIA 119.842.795 13.571.585 8.345 133.422.725 55.939 664.575 720.514
and,2026,idi,124902452.0,54C,INNOVACIÓN Y EVALUACIÓN EDUCATIVA 42.129.713 14.241.998 835 13.068.621 69.441.167 55.461.285 55.461.285
and,2026,direccion,328520224.0,12S,DIRECCIÓN Y SERVICIOS GENERALES 78.376.014 27.474.917 30.000 186.305.191 292.186.122 13.436.488 22.897.614 36.334.102
and,2026,,736001515.0,51D,ACTUACIONES EN MATERIA DE AGUA 46.335.845 12.915.461 789.809 60.041.115 659.554.375 16.406.025 675.960.400
and,2026,soberania,372390672.0,71B,ORDENACIÓN Y MEJORA DE LA PRODUC. 6.189.409 2.942.000 25.000 39.247.500 48.403.909 137.252.715 186.734.048 323.986.763
and,2026,soberania,129425321.0,71E,INCENTIVACIÓN DEL SECTOR 3.256.710 1.011.330 4.268.040 21.100.197 104.057.084 125.157.281
and,2026,soberania,269532565.0,71F,APOYO AL SECTOR PRODUCTOR AGRÍCOLA Y 9.660.885 5.451.428 200.000 15.312.313 5.376.215 248.844.037 254.220.252
and,2026,soberania,80109764.0,71H,DESARROLLO RURAL 831.576 80.000 20.000 2.500.000 3.431.576 76.678.188 76.678.188
and,2026,soberania,60607446.0,71P,PESCA 4.528.968 209.000 19.413.000 24.150.968 3.415.000 33.041.478 36.456.478
and,2026,sanidad,15842909607.0,41H,DIRECCIÓN Y SERVICIOS GENERALES 47.175.252 7.663.845 39.326 15.306.681.909 15.361.560.332 1.253.135 480.096.140 481.349.275
and,2026,salud_mental,36381544.0,31B,PLAN SOBRE ADICCIONES 4.640.470 13.479.746 18.093.328 36.213.544 168.000 168.000
and,2026,sanidad,96060741.0,41D,SALUD PÚBLICA 20.273.495 63.170.886 10.179.995 93.624.376 2.436.365 2.436.365
and,2026,sanidad,11840931.0,41J,INSPECCIÓN DE SERVICIOS SANITARIOS 11.744.134 61.797 11.805.931 35.000 35.000
and,2026,,14269627.0,44H,CONSUMO 11.267.937 466.537 1.667.153 13.401.627 868.000 868.000
and,2026,direccion,1758307.0,11F,ASESORAMIENTO EN MATERIA ECONÓMICA Y 828.307 861.000 16.000 1.705.307 53.000 53.000
and,2026,direccion,458629586.0,12S,DIRECCIÓN Y SERVICIOS GENERALES 46.737.602 10.643.704 30.000 377.154.163 434.565.469 1.458.000 22.606.117 24.064.117
and,2026,empleo,57496698.0,31C,"SEGURIDAD, SALUD Y RELACIONES 29.516.972 8.664.020 25.000 11.979.353 50.185.345 975.250 6.336.103 7.311.353"
and,2026,empleo,3733569.0,31M,CONSEJO ANDALUZ DE RELACIONES 2.101.118 1.564.191 54.260 3.719.569 14.000 14.000
and,2026,empleo,325729692.0,32D,FORMACIÓN PROFESIONAL PARA EL EMPLEO 32.409.664 21.343.090 50.000 253.588.070 307.390.824 13.078.925 5.259.943 18.338.868
and,2026,empleo,261902973.0,32K,POLÍTICAS ACTIVAS DE EMPLEO 8.689.236 5.000 252.207.937 260.902.173 1.000.800 1.000.800
and,2026,empleo,112588056.0,72C,TRABAJO AUTÓNOMO Y ECONOMÍA SOCIAL 9.805.665 240.000 2.000 23.088.600 33.136.265 20.000 79.431.791 79.451.791
and,2026,empleo,20599550.0,76A,ORDENACIÓN Y PROMOCIÓN COMERCIAL 8.159.155 213.000 5.657.050 14.029.205 974.000 5.596.345 6.570.345
and,2026,direccion,10632330.0,12S,DIRECCIÓN Y SERVICIOS GENERALES 6.802.305 2.113.054 1.500 8.916.859 1.715.471 1.715.471
and,2026,educacion,1795691998.0,42J,UNIVERSIDADES 1.606.450 24.653 1.638.850.663 1.640.481.766 155.210.232 155.210.232
and,2026,idi,158726479.0,54A,INVESTIGACIÓN CIENTÍFICA E INNOVACIÓN 3.247.342 456.973 49.813.168 53.517.483 105.208.996 105.208.996
and,2026,idi,91633471.0,72A,INNOVACIÓN Y EMPRENDIMIENTO 2.058.259 674.834 42.700.003 45.433.096 1.769.194 44.431.181 46.200.375
and,2026,direccion,32927976.0,12S,DIRECCIÓN Y SERVICIOS GENERALES 27.502.469 4.125.507 31.627.976 1.300.000 1.300.000
and,2026,turismo,110985910.0,75B,"PLANIFICACIÓN, ORDENACIÓN Y PROMOCIÓN 7.731.449 3.185.247 49.286.061 60.202.757 65.572 50.717.581 50.783.153"
and,2026,turismo,49845191.0,75D,"CALIDAD, INNOVACIÓN Y FOMENTO DEL 3.954.426 3.745.907 4.126.779 11.827.112 26.909 37.991.170 38.018.079"
and,2026,direccion,4962170.0,82A,ACCIÓN EXTERIOR 2.066.089 584.352 2.311.729 4.962.170
and,2026,direccion,52742992.0,12S,DIRECCIÓN Y SERVICIOS GENERALES 38.785.503 11.189.067 50.000 23.246 50.047.816 560.000 2.135.176 2.695.176
and,2026,vivienda,695476034.0,43A,"VIVIENDA, REHABILITACIÓN Y SUELO 16.129.325 8.861.311 25.000 82.446.011 107.461.647 975.576 537.038.811 538.014.387 50.000.000 50.000.000"
and,2026,vivienda,23870379.0,43B,ACTUACIONES EN MATERIA ORDENA. TERRIT. Y 12.958.994 4.547.310 17.506.304 364.075 6.000.000 6.364.075
and,2026,,237096533.0,51A,INFRAESTRUCTURAS VIARIAS 17.662.097 1.712.531 840.000 60.000 20.274.628 216.821.905 216.821.905
and,2026,,729204392.0,51B,MOVILIDAD E INFRAESTRUCTURAS DEL 15.654.524 11.298.529 25.000 278.686.715 305.664.768 302.912.537 120.627.087 423.539.624
and,2026,direccion,200921509.0,12S,DIRECCIÓN Y SERVICIOS GENERALES 93.212.641 10.732.310 18.100 89.878.426 193.841.477 4.680.275 2.399.757 7.080.032
and,2026,,3486394.0,31D,ATENCIÓN A LAS FAMILIAS 486.394 3.000.000 3.486.394
and,2026,discapacidad,268836077.0,31E,ATENCIÓN A LA INFANCIA 58.426.859 153.585.652 30.900 53.583.278 265.626.689 3.209.388 3.209.388
and,2026,diversidad,163194367.0,31G,ACCIÓN COMUNITARIA E INSERCIÓN 3.733.603 31.782.900 126.921.448 162.437.951 756.416 756.416
and,2026,,1532252.0,31H,VOLUNTARIADO 413.499 129.603 989.150 1.532.252
and,2026,diversidad,10709103.0,31J,COORDINACIÓN DE POLÍTICAS MIGRATORIAS 1.281.197 4.772.006 4.655.900 10.709.103
and,2026,dependencia,2913064494.0,31R,"ATENC. DEPENDENCIA, ENVEJECIMIENTO ACTI. 162.330.682 33.671.847 35.000 2.595.494.542 2.791.532.071 52.565.051 68.967.372 121.532.423"
and,2026,igualdad,1971376.0,31T,PROTECCIÓN CONTRA LA VIOLENCIA DE 503.951 777.425 690.000 1.971.376
and,2026,diversidad,99440204.0,32E,PROYECTOS DE INTERÉS SOCIAL 4.308.645 2.064.820 80.826.739 87.200.204 12.240.000 12.240.000
and,2026,direccion,18406692.0,12S,DIRECCIÓN Y SERVICIOS GENERALES 10.651.052 5.845.685 20.000 1.767.404 18.284.141 122.551 122.551
and,2026,,1267570.0,31I,MEMORIA DEMOCRÁTICA 260.410 225.439 165.721 651.570 616.000 616.000
and,2026,idi,68041329.0,45B,INNOVACIÓN Y PROMOCIÓN CULTURAL 4.443.605 1.028.807 60.145.108 65.617.520 430.859 1.992.950 2.423.809
and,2026,,49318627.0,45D,MUSEOS Y CONJUNTOS CULTURALES 23.362.180 13.650.815 4.628.557 41.641.552 7.677.075 7.677.075
and,2026,,55419913.0,45E,"CONSERVACIÓN, INFRAEST. CULT, ARCHIVOS Y 1.996.392 5.571.786 5.000 11.163.891 18.737.069 25.699.172 10.983.672 36.682.844"
and,2026,idi,28424675.0,45H,"TUTELA, INVESTIGACIÓN Y DIFUSIÓN 25.717.416 337.500 26.054.916 1.585.774 783.985 2.369.759"
and,2026,,47311412.0,46A,"INFRAESTRUCTURAS, CENTROS Y 7.625.131 2.938.108 45.000 22.233.531 32.841.770 9.535.546 4.934.096 14.469.642"
and,2026,,18680052.0,46B,ACTIVIDADES Y PROMOCIÓN DEL DEPORTE 5.430.762 1.964.718 10.578.572 17.974.052 299.000 407.000 706.000
and,2026,direccion,196693566.0,12S,DIRECCIÓN Y SERVICIOS GENERALES 82.283.682 12.620.317 126.000 85.914.007 180.944.006 6.918.188 8.831.372 15.749.560
and,2026,,175895908.0,44B,PREVENCIÓN Y CALIDAD AMBIENTAL 12.193.365 113.544 6.000 235.072 12.547.981 47.542.702 115.805.225 163.347.927
and,2026,,73271474.0,44D,ESPACIOS NATURALES PROTEGIDOS 12.044.091 2.882.028 100.000 15.026.119 50.515.574 7.729.781 58.245.355
and,2026,,186901375.0,44E,GESTIÓN FORESTAL Y BIODIVERSIDAD 18.848.663 60.007 250.000 20.000 19.178.670 114.782.720 52.939.985 167.722.705
and,2026,,22591714.0,44F,"INFORMACIÓN, PLANIFICACIÓN Y SENSIBILIZ. 1.445.945 264.099 1.710.044 16.341.320 4.540.350 20.881.670"
and,2026,direccion,503303961.0,12S,DIRECCIÓN Y SERVICIOS GENERALES 7.356.114 1.541.101 3.050 229.679.395 238.579.660 162.105 264.562.196 264.724.301
and,2026,,459450270.0,73A,ORDENACIÓN DE LA ACTIVIDAD ENERGÉTICA 14.291.703 176.046 16.901.835 31.369.584 375.096 427.705.590 428.080.686
and,2026,,162891948.0,73B,ORDENACIÓN DE LA ACTIVIDAD INDUSTRIAL Y 16.567.313 862.472 215.000 17.644.785 13.361.272 131.885.891 145.247.163
and,2026,direccion,42553605.0,12A,PLANIFICACIÓN Y GESTIÓN DE LOS RECURSOS 24.642.817 1.911.222 15.000 14.579.385 41.148.424 1.405.181 1.405.181
and,2026,direccion,512236.0,12C,ACCIÓN SOCIAL DEL PERSONAL 512.236 512.236
and,2026,direccion,36577593.0,12S,DIRECCIÓN Y SERVICIOS GENERALES 26.006.655 8.080.738 34.087.393 2.490.200 2.490.200
and,2026,direccion,658279441.0,14B,ADMINISTRACIÓN DE JUSTICIA 455.624.151 111.685.130 54.605.511 621.914.792 36.364.649 36.364.649
and,2026,direccion,93183716.0,14C,JUSTICIA JUVENIL Y ASISTENCIA A VÍCTIMAS 3.764.138 89.059.598 259.980 93.083.716 100.000 100.000
and,2026,direccion,86034753.0,81A,COOPERACIÓN ECONÓMICA Y COORDINACIÓN 7.270.917 70.000 3.105.000 10.445.917 2.307.626 73.281.210 75.588.836
and,2026,direccion,4415861223.0,01A,"ADMON,GESTIÓN FINANCIERA Y 845.573 819.902.215 820.747.788 3.595.113.435 3.595.113.435"
and,2026,direccion,4000000.0,12A,PLANIFICACIÓN Y GESTIÓN DE LOS RECURSOS 4.000.000 4.000.000
and,2026,direccion,10550000.0,12C,ACCIÓN SOCIAL DEL PERSONAL 3.550.000 3.550.000 7.000.000 7.000.000
and,2026,direccion,11674675.0,61C,POLÍTICA ESTRATÉGICA DE CONTRATACIÓN 9.243.050 2.431.625 11.674.675
and,2026,direccion,65305951.0,61G,GESTIÓN Y ADMINISTRACIÓN PATRIMONIO 38.959.923 50.000 39.009.923 26.296.028 26.296.028
and,2026,direccion,438150000.0,63B,IMPREVISTOS Y FUNCIONES NO CLASIFICADAS 10.000.000 500.000 16.000.000 26.500.000 411.650.000 411.650.000
and,2026,direccion,3552951739.0,81B,COOPER. ECONÓMICA Y RELAC. FINANCIERAS 3.549.914.552 3.549.914.552 3.037.187 3.037.187
and,2026,soberania,1568444018.0,71F,APOYO AL SECTOR PRODUCTOR AGRÍCOLA Y 1.568.444.018 1.568.444.018
and,2026,,23226209.0,31F,PENSIONES ASISTENCIALES 23.226.209 23.226.209
and,2026,direccion,545000000.0,81B,COOPER. ECONÓMICA Y RELAC. FINANCIERAS 545.000.000 545.000.000
