"ccaa","periodo","genero","avs_65","mort_cancer","mort_cardio","mort_diabetes","mort_ictus","mort_epoc","mort_evitable_idx","mort_evitable_idx_0_100","med_ae","med_ap","enf_ae","enf_ap","camas","gasto_farmacia_pct","pct_pib_sanidad","imp_sanidad_eur","pib_regional_eur","origen_pib","espera_quir","espera_ae","reingresos_psiq","poblacion_total"
"Andalucía",1990,"total",NA,6.33376979056384,64.9854710151461,17.2067629965151,46.1674268631855,25.9388252780534,1.70612550021358,46.6418992266256,NA,NA,NA,NA,NA,NA,NA,NA,NA,NA,NA,NA,NA,6917330
"Andalucía",1990,"hombres",NA,12.4129401174158,99.4083785904656,17.1873223496528,58.008560122482,47.331531727277,2.389709327097,69.1719133435827,NA,NA,NA,NA,NA,NA,NA,NA,NA,NA,NA,NA,NA,3405402
"Andalucía",1990,"mujeres",NA,0.884885137023224,35.7555555497012,16.9951699522321,36.1714645152704,8.85254777363821,1.13829245600716,27.92687701732,NA,NA,NA,NA,NA,NA,NA,NA,NA,NA,NA,NA,NA,3511928
"Andalucía",1991,"total",NA,6.36820193205821,67.598021774228,15.5616305583919,48.4434582239252,24.6627612386764,1.67931363118431,45.7582156695036,NA,NA,NA,NA,NA,NA,NA,NA,NA,NA,NA,NA,NA,6960261
"Andalucía",1991,"hombres",NA,12.108867363082,103.744917690511,14.7464075657443,60.8498154079138,46.8695183675627,2.37100244498939,68.5553593799084,NA,NA,NA,NA,NA,NA,NA,NA,NA,NA,NA,NA,NA,3426453
"Andalucía",1991,"mujeres",NA,1.26791902484048,36.5415079801054,16.092607630462,38.0769510977002,6.57554760079434,1.10018037669541,26.6707535527918,NA,NA,NA,NA,NA,NA,NA,NA,NA,NA,NA,NA,NA,3533808
"Andalucía",1992,"total",NA,6.29944619233311,65.8342172580645,13.1075813162602,42.1774924278014,21.9042660253579,1.49858445779997,39.8016223921885,NA,NA,NA,NA,NA,NA,NA,NA,NA,NA,NA,NA,NA,7003060
"Andalucía",1992,"hombres",NA,12.3417485460269,101.220391012135,12.8699151055732,52.114490784632,40.0418400896578,2.10779189965694,59.880289741253,NA,NA,NA,NA,NA,NA,NA,NA,NA,NA,NA,NA,NA,3447924
"Andalucía",1992,"mujeres",NA,0.852101922919377,34.932889597599,13.14987808147,33.6718128248178,7.0506590443619,0.980537577751089,22.7274859633619,NA,NA,NA,NA,NA,NA,NA,NA,NA,NA,NA,NA,NA,3555136
"Andalucía",1993,"total",NA,5.77377998508623,65.2878727512023,12.613317449009,41.5800276446977,24.2947905573512,1.5168884972223,40.4048991965308,NA,NA,NA,NA,NA,NA,NA,NA,NA,NA,NA,NA,NA,7044291
"Andalucía",1993,"hombres",NA,10.9901765078754,101.672058993729,12.9251662731519,53.8366919391672,44.3380416309565,2.19925072275478,62.8946509570665,NA,NA,NA,NA,NA,NA,NA,NA,NA,NA,NA,NA,NA,3468353
"Andalucía",1993,"mujeres",NA,1.05684896424249,33.6017739339423,12.235704753221,31.0404346554298,7.5928724221271,0.933765462551962,21.1859392294074,NA,NA,NA,NA,NA,NA,NA,NA,NA,NA,NA,NA,NA,3575938
"Andalucía",1994,"total",NA,6.04090194208923,61.1670317370398,12.4552640392725,38.3891349043468,22.070599382246,1.42128616138958,37.2539733097301,NA,NA,NA,NA,NA,NA,NA,NA,NA,NA,NA,NA,NA,7082318
"Andalucía",1994,"hombres",NA,11.423801427944,91.6714944115341,12.4607124887489,48.641747913554,40.3436465370074,2.0136003765425,56.775862365987,NA,NA,NA,NA,NA,NA,NA,NA,NA,NA,NA,NA,NA,3487474
"Andalucía",1994,"mujeres",NA,1.15935118501989,34.3375244338575,12.3148964504246,29.6406141524243,6.75032522943737,0.912039016353415,20.4698644477727,NA,NA,NA,NA,NA,NA,NA,NA,NA,NA,NA,NA,NA,3594844
"Andalucía",1995,"total",NA,6.19817954584847,63.3096922009463,11.7903397797562,38.9688908787821,22.2073363020413,1.42459061780397,37.3628837999104,NA,NA,NA,NA,NA,NA,NA,NA,NA,NA,NA,NA,NA,7112623
"Andalucía",1995,"hombres",NA,11.9683404322939,98.5260210334663,12.8424807820712,50.5416520704685,41.668753703917,2.10374699872013,59.746975184027,NA,NA,NA,NA,NA,NA,NA,NA,NA,NA,NA,NA,NA,3502621
"Andalucía",1995,"mujeres",NA,0.960857060657647,32.4831368095229,10.8543497066469,28.8901486539131,5.89565119057801,0.842205029469758,18.1682290835988,NA,NA,NA,NA,NA,NA,NA,NA,NA,NA,NA,NA,NA,3610002
"Andalucía",1996,"total",NA,5.473046444519,62.9595213526301,10.9251953810114,37.4953781246994,22.0140699308966,1.3815336464413,35.943783267563,1.26,NA,2.46,NA,3.05,NA,NA,NA,NA,NA,NA,NA,NA,7137487
"Andalucía",1996,"hombres",NA,10.2862052757908,98.9740332424314,11.6609142203951,49.6282225191089,41.0969572137269,2.05427532811216,58.1164546928257,NA,NA,NA,NA,NA,NA,NA,NA,NA,NA,NA,NA,NA,3514843
"Andalucía",1996,"mujeres",NA,1.17362767449141,31.3581215227649,10.17007755635,26.978376878573,5.91377548403852,0.800542296816074,16.7950808054746,NA,NA,NA,NA,NA,NA,NA,NA,NA,NA,NA,NA,NA,3622644
"Andalucía",1997,"total",NA,5.95406751038886,59.2845750227051,10.2888954127189,35.2680770276667,19.5248186935561,1.28153052969198,32.6478134925404,1.26,NA,2.34,NA,3.02,NA,NA,NA,NA,NA,NA,NA,11.1845449923742,7162605
"Andalucía",1997,"hombres",NA,11.3539992501541,91.2872925109424,11.3556578951625,45.8994057333069,35.2350367719147,1.86925329904466,52.0183745994976,NA,NA,NA,NA,NA,NA,NA,NA,NA,NA,NA,NA,11.2188813449725,3527014
"Andalucía",1997,"mujeres",NA,1.0763386406057,31.1925500178605,9.29741698942403,26.0625221740129,6.27887111532638,0.774486678969806,15.9363222819167,NA,NA,NA,NA,NA,NA,NA,NA,NA,NA,NA,NA,11.126335982461,3635591
"Andalucía",1998,"total",NA,5.75986131511117,60.7318462638526,11.8252218482137,33.4121187196633,21.2233718364645,1.33921853593653,34.5491334827961,1.27,NA,2.33,NA,3.01,NA,NA,NA,NA,NA,NA,NA,11.3119936771389,7189460
"Andalucía",1998,"hombres",NA,10.8165985560951,94.6167652908744,13.6602952766188,43.7236613855276,40.2040456977769,2.00902148522218,56.6249481956546,NA,NA,NA,NA,NA,NA,NA,NA,NA,NA,NA,NA,11.4290281329923,3539767
"Andalucía",1998,"mujeres",NA,1.1830362137051,30.8090749885027,10.2362370018006,24.4044245502001,5.11274491003545,0.760383082326436,15.4714864871266,NA,NA,NA,NA,NA,NA,NA,NA,NA,NA,NA,NA,11.1226073460942,3649693
"Andalucía",1999,"total",NA,165.918791460728,58.3045078149873,10.5771921289864,36.651862814797,21.6236550124754,1.63670103791503,44.3537612483186,1.3,NA,2.39,NA,2.98,NA,NA,NA,NA,NA,NA,NA,12.8283957518167,7222374
"Andalucía",1999,"hombres",NA,240.40895278923,90.9805610248653,11.8692701638661,49.0387500769209,40.3275556215603,2.43341868305941,70.6125156049995,NA,NA,NA,NA,NA,NA,NA,NA,NA,NA,NA,NA,12.2354694485842,3555111
"Andalucía",1999,"mujeres",NA,101.106773746411,29.5949455998826,9.42129926434588,25.86307847125,5.76076429270235,0.948032927085771,21.6561758920058,NA,NA,NA,NA,NA,NA,NA,NA,NA,NA,NA,NA,13.817097415507,3667263
"Andalucía",2000,"total",NA,162.652112409878,56.2861029728184,10.0584660833302,32.2042125677689,16.2296319610438,1.47057899613892,38.8785996087911,1.3,NA,2.45,NA,2.96,NA,NA,NA,NA,NA,NA,NA,15.0556424169962,7272684
"Andalucía",2000,"hombres",NA,233.153475604316,88.6921191911239,10.6035909522542,41.9372493618212,31.048496503985,2.14699675697963,61.1724297161858,NA,NA,NA,NA,NA,NA,NA,NA,NA,NA,NA,NA,13.5239567233385,3580363
"Andalucía",2000,"mujeres",NA,101.269468362155,27.654845714716,9.54211072575788,23.7051581780471,3.71414875879105,0.884615515620667,19.5660223228615,NA,NA,NA,NA,NA,NA,NA,NA,NA,NA,NA,NA,17.3063820122644,3692321
"Andalucía",2001,"total",NA,163.971940813315,53.2593536790682,10.521665094893,32.3771665719849,15.8833282829435,1.46378798608658,38.6547769460384,1.3,NA,2.43,NA,2.89,NA,NA,NA,NA,NA,NA,NA,15.5729498498225,7332091
"Andalucía",2001,"hombres",NA,236.333215424533,83.0418537209829,11.7299661801207,41.8837339611457,29.2673481883799,2.11931599203849,60.260108504996,NA,NA,NA,NA,NA,NA,NA,NA,NA,NA,NA,NA,15.5454143971736,3610650
"Andalucía",2001,"mujeres",NA,100.988376866202,26.8656842162539,9.38692234944831,24.0467398709756,4.53720907944006,0.893101708804211,19.8457159678914,NA,NA,NA,NA,NA,NA,NA,NA,NA,NA,NA,NA,15.6175488793515,3721441
"Andalucía",2002,"total",NA,162.236299194736,51.0377344176894,9.99783634055008,32.2859290046112,16.8521513394024,1.45038942647231,38.2131782343886,1.3,NA,2.45,NA,2.8,24.9950950181577,NA,NA,NA,NA,NA,NA,16.0480147737765,7406489
"Andalucía",2002,"hombres",NA,233.175524058414,80.1389313090565,11.618813640105,42.0576821700646,31.7676971702605,2.13864169859425,60.897058099761,NA,NA,NA,NA,NA,NA,NA,NA,NA,NA,NA,NA,16.4351851851852,3647836
"Andalucía",2002,"mujeres",NA,100.051411344682,25.1233095292158,8.54184751734067,23.6987868999303,4.08079720412764,0.848892286990234,18.388632200839,NA,NA,NA,NA,NA,NA,NA,NA,NA,NA,NA,NA,15.4712643678161,3758653
"Andalucía",2003,"total",NA,157.578622060712,52.2591486870966,9.6303879692074,30.6278070307456,15.7766994974808,1.4044526748376,36.6991639729108,1.3,NA,2.46,NA,2.72,25.5365736365773,NA,NA,NA,NA,NA,NA,14.6664281881595,7502868
"Andalucía",2003,"hombres",NA,225.120811289691,82.3001610489306,10.3484276806117,40.4659640603949,30.2420801326189,2.06145900514957,58.3532191373599,NA,NA,NA,NA,NA,NA,NA,NA,NA,NA,NA,NA,15.2932442464736,3696578
"Andalucía",2003,"mujeres",NA,98.2774279038582,25.4488518349049,8.93067634188307,22.0927790786132,3.44676084953987,0.830743120592541,17.7904598054865,NA,NA,NA,NA,NA,NA,NA,NA,NA,NA,NA,NA,13.7171126602204,3806290
"Andalucía",2004,"total",NA,159.443695371156,47.0024246316005,8.75351120056706,28.5330571351637,13.7701739864338,1.30165755908116,33.3111736225453,1.34,0.76,2.51,0.56,2.67,24.1661565320912,NA,NA,NA,NA,NA,NA,12.2148966500356,7611849
"Andalucía",2004,"hombres",NA,229.850074109808,73.0688239800841,10.8367915096859,37.9356819601927,25.6822833796217,1.92891294419445,53.9846771867981,NA,NA,NA,NA,NA,NA,NA,NA,NA,NA,NA,NA,13.1426878056008,3753671
"Andalucía",2004,"mujeres",NA,97.4367978913178,23.665273096045,6.88156791814279,20.2667595853146,3.53313681563389,0.75063849976388,15.1503180011793,NA,NA,NA,NA,NA,NA,NA,NA,NA,NA,NA,NA,10.8156424581006,3858178
"Andalucía",2005,"total",NA,150.060198262524,47.0449371952402,8.98175648956387,29.7927987172872,16.1825133403821,1.34332845819755,34.6845910564231,1.34,0.74,2.52,0.56,2.59,23.1453665527443,NA,NA,NA,NA,NA,NA,12.2764754933753,7732086
"Andalucía",2005,"hombres",NA,214.745888797667,74.1043806275557,10.9744416900458,39.0134080947313,30.1594877283867,1.99638710383266,56.2085357823261,NA,NA,NA,NA,NA,NA,NA,NA,NA,NA,NA,NA,12.3845310787537,3818870
"Andalucía",2005,"mujeres",NA,92.932072036586,22.7552140208925,7.1339879113561,21.7019232784642,4.18829638305516,0.768623851835654,15.7430912941388,NA,NA,NA,NA,NA,NA,NA,NA,NA,NA,NA,NA,12.119836586473,3913216
"Andalucía",2006,"total",17.0062111243155,148.106392650562,41.1953272323739,8.24508216947182,25.1769254854672,11.189494441606,1.15797872748843,28.5757103526628,1.37,0.73,2.57,0.57,2.54,21.5174712956384,NA,NA,NA,NA,NA,NA,12.541094565848,7848514
"Andalucía",2006,"hombres",15.453082080604,207.85411046734,66.208565751523,10.0702499046114,32.733403611994,20.7375416235957,1.6941767261078,46.2480835178618,NA,NA,NA,NA,NA,NA,NA,NA,NA,NA,NA,NA,12.5020644095789,3881767
"Andalucía",2006,"mujeres",18.5199428053393,95.2036349425621,18.7365158443331,6.59159920702153,18.3554833815399,2.96686391859037,0.683194727477965,12.9274609323832,NA,NA,NA,NA,NA,NA,NA,NA,NA,NA,NA,NA,12.5962211336599,3966747
"Andalucía",2007,"total",16.8504467882055,147.324037487294,40.6141630186495,8.02899393435784,25.7295848703069,13.356510887788,1.1901067207473,29.6346062966646,1.4,0.75,2.6,0.55,2.52,21.3252389091031,NA,NA,NA,NA,NA,NA,13.8998365856003,7989013
"Andalucía",2007,"hombres",15.3130392028938,206.468183123085,63.862492250737,9.68385452628537,34.7002442912455,24.8240103397609,1.75752738059396,48.3360368657328,NA,NA,NA,NA,NA,NA,NA,NA,NA,NA,NA,NA,14.3905285976322,3958167
"Andalucía",2007,"mujeres",18.3623933603356,94.9649647643324,19.6060654591196,6.54611642361577,17.8473635242828,3.44927579029396,0.689698665842109,13.1418220939514,NA,NA,NA,NA,NA,NA,NA,NA,NA,NA,NA,NA,13.2319564230595,4030846
"Andalucía",2008,"total",15.8388508848215,143.318380540796,38.2457786949434,7.07395299961074,23.7604638134955,11.3288758067777,1.09114014677174,26.3727995933929,1.43,0.73,2.61,0.53,2.41,19.5002984868552,NA,NA,NA,NA,NA,NA,13.3474576271186,8105608
"Andalucía",2008,"hombres",15.0701376436476,199.563053362902,60.9212826493343,8.98490522725913,32.6904021504062,20.494870974604,1.61672480642983,43.6953712167446,NA,NA,NA,NA,NA,NA,NA,NA,NA,NA,NA,NA,13.584205197435,4015933
"Andalucía",2008,"mujeres",16.6128067432232,93.2995673021748,17.5965745835837,5.37784958444097,15.7618028685033,3.35411796894876,0.623574835996478,10.9624685731382,NA,NA,NA,NA,NA,NA,NA,NA,NA,NA,NA,NA,13.0327501121579,4089675
"Andalucía",2009,"total",14.7774301626171,143.193726636525,36.2087455075812,6.92282296599996,23.0093776950134,12.4804085950482,1.08799934522743,26.2692829501533,1.43,0.72,2.63,0.55,2.38,20.7570140343792,NA,NA,NA,NA,NA,NA,14.1135972461274,8177362
"Andalucía",2009,"hombres",14.6902235690357,200.243220170979,58.5595069780278,8.96975992086847,30.2165675087211,23.2436995243477,1.62718791967347,44.0402215186619,NA,NA,NA,NA,NA,NA,NA,NA,NA,NA,NA,NA,14.0095820254419,4048854
"Andalucía",2009,"mujeres",14.8993859537029,92.5006418478792,15.8156359172486,5.06403425575114,16.5716200073102,3.11629673577702,0.607981522824285,10.4485337021198,NA,NA,NA,NA,NA,NA,NA,NA,NA,NA,NA,NA,14.2565266742338,4128508
"Andalucía",2010,"total",14.9928990879857,138.942199050257,34.5550991135873,6.67024459377068,19.4615851301505,11.1631704856224,1.00714725710605,23.6045056176276,1.56090484415773,0.73,2.9080652535906,0.57,2.30482286825126,22.7933759534416,NA,NA,NA,NA,NA,NA,13.2774765894529,8238799
"Andalucía",2010,"hombres",14.9319135694141,193.226557420916,53.8988589249885,8.76533670354319,26.6215543561931,20.2770950027216,1.49694226239271,39.7474978148458,NA,NA,NA,NA,NA,NA,NA,NA,NA,NA,NA,NA,12.9993112947658,4079398
"Andalucía",2010,"mujeres",15.1008170352179,90.2483848751845,16.8282765343693,4.82593948126572,13.0180992649076,3.19913247732254,0.569993737522788,9.1965068029219,NA,NA,NA,NA,NA,NA,NA,NA,NA,NA,NA,NA,13.6499884712935,4159401
"Andalucía",2011,"total",17.010059741429,139.721200887538,33.4594652018244,4.53262657353976,17.7902315286979,10.556588889868,0.921392894139016,20.7781558237092,1.54779352064444,0.71,2.75268082891894,0.59,2.27314414406027,21.2224866009345,NA,NA,NA,NA,NA,NA,12.6095951137819,8270496
"Andalucía",2011,"hombres",15.957374891274,192.677968670627,52.4752604765128,6.09537608886468,24.1759319702436,19.1337578633591,1.37655766621509,35.7797815748175,NA,NA,NA,NA,NA,NA,NA,NA,NA,NA,NA,NA,12.5367965367965,4091966
"Andalucía",2011,"mujeres",17.8609030599546,92.3289926173791,15.9902725084645,3.13298258248262,12.0304914966094,2.98081319152233,0.512777359927767,7.31073106592981,NA,NA,NA,NA,NA,NA,NA,NA,NA,NA,NA,NA,12.7056672760512,4178530
"Andalucía",2012,"total",15.5467658746347,141.742090112719,31.1901282721671,4.86039330754428,18.014577589667,11.0906232163577,0.932226403339555,21.1352138839286,1.53750926150514,0.73,2.63051447397482,0.6,2.21733898355937,18.5636926963065,NA,NA,NA,NA,62,49,12.2421617161716,8299110
"Andalucía",2012,"hombres",15.2316925695442,195.775183811927,49.0179471501974,6.60685628027643,24.9278314664604,19.909001409907,1.39675730769394,36.445534902761,NA,NA,NA,NA,NA,NA,NA,NA,NA,NA,NA,NA,12.2358993202278,4102725
"Andalucía",2012,"mujeres",15.8749251282025,92.7897802936018,14.7892850409786,3.25286396385112,11.7068558610689,3.26886237447462,0.511761502439963,7.27724975370307,NA,NA,NA,NA,NA,NA,NA,NA,NA,NA,NA,NA,12.2501763461086,4196385
"Andalucía",2013,"total",15.8823826678483,137.270054455197,28.94815735172,4.18641114505732,16.8536307707087,10.37040147037,0.870432037941882,19.0985537553451,1.54042773366015,0.72,2.60672180144565,0.61,2.19434353887073,21.2539127393448,NA,NA,NA,NA,57,49,13.08447181066,8387276
"Andalucía",2013,"hombres",15.4641123006362,187.590538022198,45.9863629397116,5.17762588306966,22.8380988469759,18.3117906438364,1.28023484331492,32.6051093921532,NA,NA,NA,NA,NA,NA,NA,NA,NA,NA,NA,NA,12.8544423440454,4151348
"Andalucía",2013,"mujeres",16.3012502751989,91.6070235976265,13.1899434359793,3.26777307496841,11.4126598709975,3.3144065197071,0.498877600793296,6.85261348443333,NA,NA,NA,NA,NA,NA,NA,NA,NA,NA,NA,NA,13.3770491803279,4235928
"Andalucía",2014,"total",16.1537164745701,131.099317510054,27.8609941821348,4.70918253289607,16.5775100034429,9.32066740889506,0.845357728454678,18.2721378506634,1.53287330451808,0.724703236456561,2.66691833243308,0.61320107742457,2.17371539342497,19.8058136416655,NA,NA,NA,NA,59,49,12.3856303573148,8390854
"Andalucía",2014,"hombres",15.5983301608287,179.544452569718,45.0323715806661,6.47331522848398,21.8451205325926,16.392057979188,1.25018882640798,31.614832620747,NA,NA,NA,NA,NA,NA,NA,NA,NA,NA,NA,NA,12.6758117728772,4150524
"Andalucía",2014,"mujeres",16.6837544753406,86.9076222814289,11.9453862896376,3.10357953076872,11.6989382952666,3.03446834047689,0.476844183662589,6.12642134898907,NA,NA,NA,NA,NA,NA,NA,NA,NA,NA,NA,NA,12.0242214532872,4240330
"Andalucía",2015,"total",16.4094017023382,130.148716517724,26.701522174471,5.00580551865011,16.7117203030794,9.64884103914628,0.851549493570684,18.4762101970039,1.53947228366485,0.726908662913859,2.6007913816222,0.58794441869451,2.2019335200385,18.2693245996963,5.7295,8388296442,146406094000,"real",60,49,13.3566978193146,8398339
"Andalucía",2015,"hombres",15.2245284240828,178.725266357616,43.5647148722652,6.68783555253335,21.8526260230776,16.7972104340853,1.25289562748946,31.7040451857305,NA,NA,NA,NA,NA,NA,NA,NA,NA,NA,NA,NA,13.3055410804238,4152739
"Andalucía",2015,"mujeres",16.3799534667088,85.8259708686788,11.0115354887294,3.48076394353944,11.9938438872133,3.23299522006279,0.485455436233106,6.41023678514848,NA,NA,NA,NA,NA,NA,NA,NA,NA,NA,NA,NA,13.421926910299,4245600
"Andalucía",2016,"total",16.21,129.071344684976,26.764638637975,4.48027939231355,15.2288373443633,10.1412340304697,0.830383878772328,17.7786196727003,1.58702036747529,0.725536004861862,2.69334180822992,0.571684131474673,2.17183106669115,18.3979798959715,5.7756,8657784983,149901897000,"real",75.71,54.38,13.1074947415034,8404021
"Andalucía",2016,"hombres",15.6816788938795,173.1517358421,43.1734375473532,6.19584321196409,19.867013034736,17.9753865526165,1.22829410459003,30.8932116984172,NA,NA,NA,NA,NA,NA,NA,NA,NA,NA,NA,NA,13.0940642871229,4154783
"Andalucía",2016,"mujeres",16.738218552049,88.8069467903871,11.5133852342383,2.88750559740318,10.9325869958354,3.08178081450083,0.46586258525859,5.76448246550661,NA,NA,NA,NA,NA,NA,NA,NA,NA,NA,NA,NA,13.1246845027764,4249238
"Andalucía",2017,"total",16.16,131.027848328775,28.0408599260402,4.62473979158046,15.4607975793693,9.01347653989945,0.827928399869992,17.6976903526113,1.58872757915642,0.738923071428458,2.85982864829272,0.571684131474673,2.19839434979449,19.0476071969984,5.8231,9129970917,156789484000,"real",77.97,56.47,13.31,8403349
"Andalucía",2017,"hombres",15.6660051668759,176.442428842802,45.2223421852288,5.91029325721288,20.6842624918113,15.5529493598462,1.20536105660555,30.137368926082,NA,NA,NA,NA,NA,NA,NA,NA,NA,NA,NA,NA,13.8,4152246
"Andalucía",2017,"mujeres",16.6643059698502,89.5069983297463,12.0757105801807,3.43247155295816,10.6697213508211,3.12336756282949,0.48235420429162,6.3080243034106,NA,NA,NA,NA,NA,NA,NA,NA,NA,NA,NA,NA,12.67,4251103
"Andalucía",2018,"total",16.09,128.978465651773,26.5575408230885,4.36681126600024,15.6395655002481,9.13672611917612,0.813038641946005,17.2069437272048,1.61910055626913,0.745601026754747,2.88984881415072,0.573520581452301,2.19421497239118,18.767410243414,5.9468,9627553896,161894301000,"real",213.76,175.83,13.1745553210733,8406223
"Andalucía",2018,"hombres",15.5528806934887,172.050055185668,43.2541122551608,6.04221543461168,20.5991405480217,15.4743627674915,1.1872259187908,29.5396588941723,NA,NA,NA,NA,NA,NA,NA,NA,NA,NA,NA,NA,12.7900797165633,4150910
"Andalucía",2018,"mujeres",16.6369365228725,89.6265889492802,11.002762569977,2.82073112098068,11.0268442291068,3.41783227371036,0.469523859147472,5.88515318526111,NA,NA,NA,NA,NA,NA,NA,NA,NA,NA,NA,NA,13.6785880167209,4255313
"Andalucía",2019,"total",18.1675158128124,126.132611408549,24.997145461793,4.58621945606148,14.2554416367428,8.81926571471751,0.785585175420464,16.3021139696024,1.47296986661597,0.760314409222813,2.86959245229597,0.604408607459594,2.18092814146571,18.5428299289346,5.7745,9613264022,166478730000,"real",160.96,130.79,13.1515092691449,8448442
"Andalucía",2019,"hombres",17.4223147126731,168.028962619149,40.7823589420369,6.15494227699246,19.331416678376,14.2546044926325,1.13548455353522,27.8343322849202,NA,NA,NA,NA,NA,NA,NA,NA,NA,NA,NA,NA,12.428694900605,4169754
"Andalucía",2019,"mujeres",18.8061008913975,87.8981919794567,10.3686433309461,3.14308267965457,9.54840140436503,3.89943961281449,0.464691276586938,5.72587768893086,NA,NA,NA,NA,NA,NA,NA,NA,NA,NA,NA,NA,14.0770252324037,4278688
"Andalucía",2020,"total",17.5886085212495,124.48554154376,25.7432665964264,4.82485483161288,14.6895786269661,7.6879899231853,0.777638892096081,16.0402150357264,1.51402069456333,0.751851238667962,3.03582192061005,0.598264127021137,2.19269523622814,17.3570947565674,7.1557,10765885257,150452909000,"real",187.77,111.89,15.1768223528199,8483769
"Andalucía",2020,"hombres",16.8447518506545,165.031661584045,42.3458710039209,6.7779628541794,20.0137990601064,12.3095745676494,1.12786717602165,27.5832736492919,NA,NA,NA,NA,NA,NA,NA,NA,NA,NA,NA,NA,13.8786084381939,4185178
"Andalucía",2020,"mujeres",18.239910610622,87.4226242899454,10.3164603900565,3.03363688376462,9.75744180007342,3.50070984344441,0.455948610726676,5.43773104545396,NA,NA,NA,NA,NA,NA,NA,NA,NA,NA,NA,NA,16.8102444703143,4298591
"Andalucía",2021,"total",17.5769350645126,124.9049277461,25.2548189333996,5.89985320680043,14.3379750212392,6.88670857910576,0.785995460440563,16.3156364183955,1.55773500953557,0.749066089711131,3.41567691714807,0.608750771405293,2.30131173474885,17.2507486601139,6.8875,11453591430,166296356000,"real",127.97,105.04,15.8447937131631,8502764
"Andalucía",2021,"hombres",16.8307882616916,163.54491715054,40.9400879457074,8.5639814014592,19.3721957943183,11.0835336118135,1.13552101011217,27.8355338452279,NA,NA,NA,NA,NA,NA,NA,NA,NA,NA,NA,NA,15.5571767280686,4194043
"Andalucía",2021,"mujeres",18.2396954238672,89.6440277133978,10.6275636192507,3.43429366213799,9.67249741980988,3.08651071713959,0.464216914948584,5.71024335998925,NA,NA,NA,NA,NA,NA,NA,NA,NA,NA,NA,NA,16.1805407707047,4308722
"Andalucía",2022,"total",17.6998639345225,123.276803926647,24.4081371386862,5.20198666733919,14.3956877235531,7.42782715593938,0.770195139303184,15.7948788400593,1.61248500007144,0.747545756650328,3.3317819060163,0.697749083139597,2.40397059205886,17.8942745080059,6.6252,12214500940,184364390000,"real",134.2,123.28,14.1576391483003,8543098
"Andalucía",2022,"hombres",16.9353764327918,161.81009089059,39.2522706179473,7.51698580736268,19.9583384263221,11.7246259132074,1.11279860370541,27.0866335392484,NA,NA,NA,NA,NA,NA,NA,NA,NA,NA,NA,NA,13.9755298983285,4210988
"Andalucía",2022,"mujeres",18.3597019440232,88.3890584887528,10.6231912262561,3.07991310734298,9.28879460514928,3.55355481630308,0.456999347447612,5.4723619308332,NA,NA,NA,NA,NA,NA,NA,NA,NA,NA,NA,NA,14.3730886850153,4332110
"Andalucía",2023,"total",17.0967104166132,119.537931999043,21.4065028851483,5.25124040975633,14.0999874654171,7.92516473742104,0.753199599552773,15.2347284452675,1.63763176400987,0.756602046167658,3.20933501266944,0.736691466005351,2.31645129243145,16.9294077251441,6.8428,13644937026,199406067000,"real",173.81,142.66,14.0239341810022,8600224
"Andalucía",2023,"hombres",16.7630064927266,155.208413464643,34.6335922325402,7.84713825207657,19.0472450987935,11.9846041639791,1.07844152177145,25.9542697960648,NA,NA,NA,NA,NA,NA,NA,NA,NA,NA,NA,NA,14.1309953584322,4226795
"Andalucía",2023,"mujeres",17.5711255215331,87.2048172466034,9.11330505116253,2.88403147210753,9.53268084421685,4.25667693599928,0.455713085507361,5.42996844735351,NA,NA,NA,NA,NA,NA,NA,NA,NA,NA,NA,NA,13.8962902234064,4373429
"Andalucía",2024,"total",NA,114.326013965165,21.5644875873927,4.55407180940162,12.9568561262358,7.30150114911467,0.704614739280822,13.6334360437371,1.63163139427217,0.755149875523584,3.1807905650851,0.733775493354799,2.16891537459219,NA,6.6188,14055560408,212359142000,"real",175.68,150,11.8615209988649,8645335
"Andalucía",2024,"hombres",NA,145.970829423063,35.1176140153764,6.89111410042943,17.8384129419415,11.5216511831281,1.01953056146694,24.0126428658969,NA,NA,NA,NA,NA,NA,NA,NA,NA,NA,NA,NA,12.1323529411765,4248210
"Andalucía",2024,"mujeres",NA,85.5829585920964,8.96433717791824,2.40349579756811,8.46894489392144,3.4881715634881,0.416061800076746,4.12311479550491,NA,NA,NA,NA,NA,NA,NA,NA,NA,NA,NA,NA,11.5432098765432,4397125
"Andalucía",2025,"total",NA,NA,NA,NA,NA,NA,NA,NA,NA,NA,NA,NA,NA,NA,6.7719,15041542563,222116470593.182,"proyeccion",173,136,NA,8708421
"Andalucía",2025,"hombres",NA,NA,NA,NA,NA,NA,NA,NA,NA,NA,NA,NA,NA,NA,NA,NA,NA,NA,NA,NA,NA,4286449
"Andalucía",2025,"mujeres",NA,NA,NA,NA,NA,NA,NA,NA,NA,NA,NA,NA,NA,NA,NA,NA,NA,NA,NA,NA,NA,4421972
"Aragón",1990,"total",NA,4.30128866957339,45.2857477653685,8.25222539664854,30.2630158705095,14.5439888835505,1.01459278930842,23.8499004602652,NA,NA,NA,NA,NA,NA,NA,NA,NA,NA,NA,NA,NA,1190986
"Aragón",1990,"hombres",NA,7.31247774835692,74.1160881401052,7.2249214351941,41.2659123612327,25.9076607218945,1.45622550971422,38.4055277790339,NA,NA,NA,NA,NA,NA,NA,NA,NA,NA,NA,NA,NA,587767
"Aragón",1990,"mujeres",NA,1.60818620171404,19.5928365273644,9.00353475351258,20.7110662001372,4.96660840154903,0.628671011756839,11.1304317508906,NA,NA,NA,NA,NA,NA,NA,NA,NA,NA,NA,NA,NA,603219
"Aragón",1991,"total",NA,4.05054096721111,45.2535431775535,9.54493360876368,31.8362936392878,14.9101386042683,1.06847799590832,25.625885230013,NA,NA,NA,NA,NA,NA,NA,NA,NA,NA,NA,NA,NA,1190442
"Aragón",1991,"hombres",NA,7.63514642553817,73.6768112195335,8.98888836259811,41.2520980827805,27.2579525709139,1.52222275003496,40.5807090774062,NA,NA,NA,NA,NA,NA,NA,NA,NA,NA,NA,NA,NA,587375
"Aragón",1991,"mujeres",NA,0.752517961492852,19.5695541699929,9.87789904305436,23.7362674569738,4.21295778234539,0.665877717297012,12.3567152995921,NA,NA,NA,NA,NA,NA,NA,NA,NA,NA,NA,NA,NA,603067
"Aragón",1992,"total",NA,3.9905053582486,41.6980735496315,9.77965781750526,27.0853358089899,15.8529480533984,1.02419836699664,24.1664875303599,NA,NA,NA,NA,NA,NA,NA,NA,NA,NA,NA,NA,NA,1192325
"Aragón",1992,"hombres",NA,7.46057263789118,70.8399349321966,8.90242810465661,35.413402952216,27.9766101189387,1.45910503378648,38.5004330641605,NA,NA,NA,NA,NA,NA,NA,NA,NA,NA,NA,NA,NA,588258
"Aragón",1992,"mujeres",NA,0.611928902445941,15.3481651120043,10.608332527725,19.4689475533757,5.40532603270635,0.639339015985918,11.4820349872876,NA,NA,NA,NA,NA,NA,NA,NA,NA,NA,NA,NA,NA,604067
"Aragón",1993,"total",NA,3.20694447609492,46.0920385578233,8.7855690792735,26.4425605102954,12.1348548402467,0.952193398623389,21.7932995025849,NA,NA,NA,NA,NA,NA,NA,NA,NA,NA,NA,NA,NA,1193984
"Aragón",1993,"hombres",NA,6.37748344991794,74.7742577901329,7.8836741006147,35.8192259354369,22.5405750809736,1.364275912554,35.3749913026032,NA,NA,NA,NA,NA,NA,NA,NA,NA,NA,NA,NA,NA,589103
"Aragón",1993,"mujeres",NA,0.166884506575917,19.4573018546658,9.54935854437222,18.0165701519141,2.98150692170798,0.578906271373517,9.49025206952697,NA,NA,NA,NA,NA,NA,NA,NA,NA,NA,NA,NA,NA,604881
"Aragón",1994,"total",NA,5.18472148757969,44.4677674993799,11.4190112981275,26.5833201457029,14.1118788860216,1.04907637005315,24.9864334360732,NA,NA,NA,NA,NA,NA,NA,NA,NA,NA,NA,NA,NA,1195292
"Aragón",1994,"hombres",NA,8.69877306017124,69.1024890320653,10.4927346494118,34.7498553880745,24.3173345863227,1.42338269929385,37.323072411731,NA,NA,NA,NA,NA,NA,NA,NA,NA,NA,NA,NA,NA,589743
"Aragón",1994,"mujeres",NA,1.88930107949947,21.6492683461273,12.1987472641282,19.3475393261377,5.17811734640689,0.712363300166349,13.8888183088983,NA,NA,NA,NA,NA,NA,NA,NA,NA,NA,NA,NA,NA,605549
"Aragón",1995,"total",NA,3.93765315952728,44.2805556447062,8.95769650801196,27.6623670218282,17.7712689503331,1.05591854541512,25.2119424394073,NA,NA,NA,NA,NA,NA,NA,NA,NA,NA,NA,NA,NA,1196133
"Aragón",1995,"hombres",NA,7.37086896406288,67.7023426531204,9.94287016083101,36.9452041756862,31.8103810610189,1.54829375011654,41.4399745789894,NA,NA,NA,NA,NA,NA,NA,NA,NA,NA,NA,NA,NA,590104
"Aragón",1995,"mujeres",NA,0.672393375653915,22.769427702347,8.05086591037973,19.1644954931029,5.37127654944363,0.612139402534291,10.5855718895066,NA,NA,NA,NA,NA,NA,NA,NA,NA,NA,NA,NA,NA,606029
"Aragón",1996,"total",NA,4.36502941106365,43.4590787707131,7.73208758446908,24.9351871712308,14.6030609732751,0.940252570655153,21.3997456879503,1.65,NA,2.88,NA,4.51,NA,NA,NA,NA,NA,NA,NA,NA,1196098
"Aragón",1996,"hombres",NA,8.88989311598085,68.7658522691409,9.25451396748333,31.3899514875272,25.0132712410615,1.36938356833212,35.5433328464784,NA,NA,NA,NA,NA,NA,NA,NA,NA,NA,NA,NA,NA,590051
"Aragón",1996,"mujeres",NA,0.156735095119395,20.0042017369146,6.28088896497614,19.1196588634401,5.41022081554995,0.550873939888532,8.56634369245585,NA,NA,NA,NA,NA,NA,NA,NA,NA,NA,NA,NA,NA,606047
"Aragón",1997,"total",NA,4.45223093921838,42.1072579943228,7.99962745632409,26.4163578420772,13.1970510782623,0.930176425851052,21.0676493513299,1.66,NA,2.89,NA,4.39,NA,NA,NA,NA,NA,NA,NA,6.38641875505255,1195847
"Aragón",1997,"hombres",NA,8.33759911990608,70.3981556228455,10.5736659819784,35.737195934362,21.9255515590531,1.40082905074477,36.5797341403791,NA,NA,NA,NA,NA,NA,NA,NA,NA,NA,NA,NA,6.53266331658292,589892
"Aragón",1997,"mujeres",NA,0.68206876776785,15.9303403750326,5.6052364962836,17.7548711442258,5.42906344901176,0.498932325767666,6.85441714683231,NA,NA,NA,NA,NA,NA,NA,NA,NA,NA,NA,NA,6.25,605955
"Aragón",1998,"total",NA,2.91506976432868,39.7598148809766,7.30817319598072,21.9314685628349,13.4879231795364,0.857711244876792,18.6792933280731,1.69,NA,2.95,NA,4.39,NA,NA,NA,NA,NA,NA,NA,6.85483870967742,1195697
"Aragón",1998,"hombres",NA,5.48403728832609,66.2575981477312,7.02799735290058,29.7493571083416,25.1925640928329,1.27923893579735,32.5722856044223,NA,NA,NA,NA,NA,NA,NA,NA,NA,NA,NA,NA,7.80730897009967,589872
"Aragón",1998,"mujeres",NA,0.470830411337149,15.1166409455961,7.51498385456558,14.841265347373,2.96044280702768,0.47208095121505,5.96943154018293,NA,NA,NA,NA,NA,NA,NA,NA,NA,NA,NA,NA,5.95611285266458,605825
"Aragón",1999,"total",NA,154.320132477082,40.2414960029181,7.77756986758438,23.5096646527948,16.7967860994949,1.23192043480072,31.0127307209959,1.73,NA,3.07,NA,4.29,NA,NA,NA,NA,NA,NA,NA,7.41496598639456,1195810
"Aragón",1999,"hombres",NA,216.20021090193,66.0167270079654,9.01835366606083,32.4490049474491,29.7754459544325,1.83355535338638,50.841817770624,NA,NA,NA,NA,NA,NA,NA,NA,NA,NA,NA,NA,8.26666666666667,590032
"Aragón",1999,"mujeres",NA,97.2000812151655,16.2079890161064,6.55768719880881,15.5214896218341,5.06683537935447,0.680166002212441,12.8276381742882,NA,NA,NA,NA,NA,NA,NA,NA,NA,NA,NA,NA,6.52777777777778,605778
"Aragón",2000,"total",NA,143.551251662091,40.7509956781898,6.94440950401522,22.0046337649601,11.7133602096735,1.09166590190419,26.3901277835729,1.79,NA,3.16,NA,4.23,NA,NA,NA,NA,NA,NA,NA,11.1375818939845,1197224
"Aragón",2000,"hombres",NA,202.186886290395,69.665396337784,7.62947840842586,28.2749594790121,20.6156056703035,1.59488864618826,42.9756804061154,NA,NA,NA,NA,NA,NA,NA,NA,NA,NA,NA,NA,10.3990326481258,590874
"Aragón",2000,"mujeres",NA,89.6792236466203,13.8750971253526,6.28778029131692,16.2881445426183,3.80507258760435,0.631952052800767,11.2385705015907,NA,NA,NA,NA,NA,NA,NA,NA,NA,NA,NA,NA,11.8544600938967,606350
"Aragón",2001,"total",NA,149.723359874204,36.3051208919029,6.84469819151783,21.6647537740464,9.54316612468055,1.03572178287226,24.5462839973667,1.81,NA,3.17,NA,4.19,NA,NA,NA,NA,NA,NA,NA,9.2157985117344,1201038
"Aragón",2001,"hombres",NA,208.938926440534,59.1159744361859,7.2549488517931,26.1669202931685,16.8655946893712,1.45478956203339,38.3582008525504,NA,NA,NA,NA,NA,NA,NA,NA,NA,NA,NA,NA,9.04977375565611,593168
"Aragón",2001,"mujeres",NA,95.3649844282605,14.894910750587,6.46101167759013,17.6635184987366,2.91219223995683,0.651058891212052,11.8683064932968,NA,NA,NA,NA,NA,NA,NA,NA,NA,NA,NA,NA,9.38586326767092,607870
"Aragón",2002,"total",NA,146.003268014048,35.2585334042536,6.07503587587236,19.1038015779592,9.38327536153624,0.975471360201074,22.5605101683935,1.87,NA,3.22,NA,4.16,23.8847956613414,NA,NA,NA,NA,NA,NA,10.077519379845,1209888
"Aragón",2002,"hombres",NA,197.94281008614,57.4726469957039,7.66645646863591,26.1310097285783,17.1317640771813,1.43940109519573,37.8510174443771,NA,NA,NA,NA,NA,NA,NA,NA,NA,NA,NA,NA,11.5146147032772,598069
"Aragón",2002,"mujeres",NA,98.4777378032534,14.8102561056787,4.59990548971967,12.6442558165916,2.49708271470144,0.552992653125633,8.63617366394492,NA,NA,NA,NA,NA,NA,NA,NA,NA,NA,NA,NA,8.71751886001676,611819
"Aragón",2003,"total",NA,146.556294325043,32.7390289230792,5.35774031866565,19.8813286075182,9.88155315229184,0.960289995425528,22.0601525688477,1.96,NA,3.29,NA,4.12,22.7290358641529,NA,NA,NA,NA,NA,NA,10.2232667450059,1222496
"Aragón",2003,"hombres",NA,200.784957326742,54.2020404175981,5.16702667150465,26.5720479789361,17.964977931399,1.38140830351148,35.9396521312381,NA,NA,NA,NA,NA,NA,NA,NA,NA,NA,NA,NA,9.25644916540212,604712
"Aragón",2003,"mujeres",NA,96.5451584612879,12.7568162749658,5.45242860030998,13.7275064822059,2.67219176188165,0.573151210150857,9.3005729029182,NA,NA,NA,NA,NA,NA,NA,NA,NA,NA,NA,NA,11.2550607287449,617784
"Aragón",2004,"total",NA,149.319512653361,34.1074844967291,5.8762159403528,17.996712411641,7.62751406986398,0.92952826845952,21.0462869454231,1.97,0.85,3.33,0.68,4.05,22.2456324172367,NA,NA,NA,NA,NA,NA,12.6324048646528,1236182
"Aragón",2004,"hombres",NA,210.261431833462,56.067595133151,7.05851472085455,23.4143502006742,12.1533691214199,1.32803770156086,34.1806280465695,NA,NA,NA,NA,NA,NA,NA,NA,NA,NA,NA,NA,12.7871362940276,612243
"Aragón",2004,"mujeres",NA,92.924005476049,13.3862438862177,4.76935564453965,13.1331890655152,3.58495852869587,0.562144766771577,8.9378151620816,NA,NA,NA,NA,NA,NA,NA,NA,NA,NA,NA,NA,12.4698310539019,623939
"Aragón",2005,"total",NA,140.539540089218,30.7895895044793,5.31007645742375,16.3656789561219,9.68490591140252,0.899082129169118,20.0428226722161,2,0.83,3.32,0.68,3.99,22.4730930796835,NA,NA,NA,NA,NA,NA,12.0363636363636,1251176
"Aragón",2005,"hombres",NA,191.374145863385,51.8157644096,6.57083645685076,20.7586130835589,16.9639205392652,1.31212933434226,33.6563094130422,NA,NA,NA,NA,NA,NA,NA,NA,NA,NA,NA,NA,12.6770538243626,620849
"Aragón",2005,"mujeres",NA,93.6336406410924,11.2958954606261,4.16222476834891,12.3800829819878,3.25836587760442,0.523442869378356,7.66225207774464,NA,NA,NA,NA,NA,NA,NA,NA,NA,NA,NA,NA,11.3602391629297,630327
"Aragón",2006,"total",18.3701047808953,140.194765518835,32.1937036743161,4.49766432467174,19.5017177901154,8.6232952081466,0.898079930942923,20.0097915510922,2.07,0.83,3.61,0.67,3.96,21.4347596937067,NA,NA,NA,NA,NA,NA,11.2185018985157,1265909
"Aragón",2006,"hombres",17.3216607538797,195.176911928894,54.5718573846298,5.24679803365016,25.9640599513791,15.7332448654009,1.33084116243614,34.2730263898485,NA,NA,NA,NA,NA,NA,NA,NA,NA,NA,NA,NA,11.2925170068027,629068
"Aragón",2006,"mujeres",19.4672315293835,89.4629748568687,11.0629867539002,3.80576420049939,13.5672846369078,2.0931882588419,0.49685690878536,6.78601416233937,NA,NA,NA,NA,NA,NA,NA,NA,NA,NA,NA,NA,11.1422564821303,636841
"Aragón",2007,"total",18.4991312703956,140.884817018707,32.0997743179793,4.8876150513637,18.2485360930004,8.5381066789276,0.895109748538307,19.9118982878606,2.1,0.85,3.7,0.7,3.83,20.7742451266542,NA,NA,NA,NA,NA,NA,11.2223756906077,1286285
"Aragón",2007,"hombres",17.3171011774659,195.235106857898,53.4899978926078,7.48818280328721,23.3170129606637,14.7547245878003,1.33947490642123,34.5575831131301,NA,NA,NA,NA,NA,NA,NA,NA,NA,NA,NA,NA,11.690046760187,640328
"Aragón",2007,"mujeres",19.7106038288274,90.1330837901529,11.9997597602348,2.55131589578358,13.4678276896248,2.87485082631912,0.483760037038391,6.3543586817051,NA,NA,NA,NA,NA,NA,NA,NA,NA,NA,NA,NA,10.7219442458899,645957
"Aragón",2008,"total",18.7543435458274,129.504230783353,27.208754059637,6.32770988812922,17.6633893552281,6.89732994958969,0.849189223501494,18.3984188334763,2.18,0.84,3.85,0.69,3.84,20.3998482800607,NA,NA,NA,NA,NA,NA,11.1752717391304,1306631
"Aragón",2008,"hombres",17.4915968070337,180.251326206717,43.7031747105337,8.17822597231154,22.7859552597186,10.9235888941714,1.20346134311233,30.0747568949935,NA,NA,NA,NA,NA,NA,NA,NA,NA,NA,NA,NA,11.6370808678501,651353
"Aragón",2008,"mujeres",20.0341569591308,82.5267421202435,11.6687703088534,4.6009002247557,12.7077392313878,3.30089999961477,0.519516752044731,7.53285247015782,NA,NA,NA,NA,NA,NA,NA,NA,NA,NA,NA,NA,10.6816584680253,655278
"Aragón",2009,"total",18.9979582298723,139.671039262008,27.6827332720789,5.25417276072677,15.9785560660798,8.85720748753334,0.860780962756726,18.7804671482399,2.2,0.86,3.99,0.7,3.83,19.910381874241,NA,NA,NA,NA,NA,NA,9.84493328525063,1318936
"Aragón",2009,"hombres",17.1274444188498,198.979721248293,48.2246809037622,7.42978167469774,21.9957313451102,15.9878375631059,1.32386719827058,34.0431738027595,NA,NA,NA,NA,NA,NA,NA,NA,NA,NA,NA,NA,9.74930362116992,658250
"Aragón",2009,"mujeres",20.8443374741401,84.9286937546349,8.5142928956625,3.28351712222893,10.4659402289156,2.36965806715533,0.435150273707557,4.75224550846235,NA,NA,NA,NA,NA,NA,NA,NA,NA,NA,NA,NA,9.94764397905759,660686
"Aragón",2010,"total",19.3379290514602,146.974093001452,24.7854768281883,4.44555031683927,14.3789225628525,7.77779449091542,0.803866954862263,16.904657114581,2.14294199892168,0.88,3.86323552257628,0.71,3.80916697889347,20.1995631930208,NA,NA,NA,NA,NA,NA,9.20334667151692,1313159
"Aragón",2010,"hombres",17.4718042609354,199.894230494283,41.9446646396484,5.14569100251525,18.2465403380532,12.6593839354586,1.13900459761438,27.9503482579098,NA,NA,NA,NA,NA,NA,NA,NA,NA,NA,NA,NA,9.70042796005706,652189
"Aragón",2010,"mujeres",21.1774171822561,97.9739515537038,8.26550612503387,3.75198609628162,10.9609377790562,3.31427181638887,0.49143317612731,6.60725514472252,NA,NA,NA,NA,NA,NA,NA,NA,NA,NA,NA,NA,8.68596881959911,660970
"Aragón",2011,"total",18.9938857382199,142.468373000241,25.1054377715792,5.53277253157661,12.3704310491987,7.90180496045754,0.807286635134082,17.0173652299131,2.18467081708513,0.88,4.09720796941157,0.71,3.76882321193739,17.8419621561691,NA,NA,NA,NA,NA,NA,8.91458411040657,1315527
"Aragón",2011,"hombres",17.5157997831264,197.950634191792,42.3730142793165,7.30121459854095,15.7882654478612,14.8286983209114,1.20560716226066,30.1454802412795,NA,NA,NA,NA,NA,NA,NA,NA,NA,NA,NA,NA,8.8455772113943,652007
"Aragón",2011,"mujeres",20.4675937208944,91.1967551792068,8.94524951172524,3.86570752042256,9.17558162961123,1.68162082855705,0.439958472060223,4.91071733371981,NA,NA,NA,NA,NA,NA,NA,NA,NA,NA,NA,NA,8.98292501855976,663520
"Aragón",2012,"total",19.1047498411304,140.607490269236,22.7474749499931,4.60830577944181,11.4758664686503,6.91225775021671,0.741433727205838,14.8469409353093,2.1815288080712,0.9,4.02767233467792,0.72,3.68466466045289,15.9730864982055,NA,NA,NA,NA,114,41,9.69811320754717,1311924
"Aragón",2012,"hombres",17.5536090342249,195.17223313101,36.1563506672874,5.73777778928934,16.0968936901054,12.0745354676962,1.08186274047589,26.0670286160906,NA,NA,NA,NA,NA,NA,NA,NA,NA,NA,NA,NA,10.2857142857143,649086
"Aragón",2012,"mujeres",20.6714101582108,90.1706953246386,9.74788028945818,3.54054284277925,7.11139650337953,2.21513722802862,0.423143509462911,4.35651852181877,NA,NA,NA,NA,NA,NA,NA,NA,NA,NA,NA,NA,9.04,662838
"Aragón",2013,"total",19.2626591546129,136.23741823955,21.9641949481484,4.46183885990711,11.3618676166328,6.23945087064445,0.712440012496444,13.89134664531,2.05801242598984,0.89,3.91074803919439,0.72,3.62605756890821,18.0833726434534,NA,NA,NA,NA,137,63,10.6881968473664,1334507
"Aragón",2013,"hombres",17.8923021239996,185.341866727767,36.8259857193983,7.49837678666144,15.588950652829,11.6799841342474,1.10007723951743,26.6673542885253,NA,NA,NA,NA,NA,NA,NA,NA,NA,NA,NA,NA,11.8430792005922,663295
"Aragón",2013,"mujeres",20.6565430323488,90.3242668152446,7.61576153571873,1.6627722073377,7.38278312415652,1.260891902613,0.350081755618995,1.94850024991517,NA,NA,NA,NA,NA,NA,NA,NA,NA,NA,NA,NA,9.44,671212
"Aragón",2014,"total",18.9553577740656,134.527496489342,23.9078628214365,5.15872223171148,10.61755633179,7.10436519548682,0.745268209599725,14.97332037711,2.15057648547476,0.876037586036642,4.29964749213576,0.729773360099429,3.67336830560618,16.040093725314,NA,NA,NA,NA,121,NA,8.80952380952381,1328336
"Aragón",2014,"hombres",17.8413879479971,181.684932737813,40.4341404210542,6.77321030616456,13.710596171061,11.8766399465093,1.07978889624538,25.9986774674059,NA,NA,NA,NA,NA,NA,NA,NA,NA,NA,NA,NA,9.42788074133763,659324
"Aragón",2014,"mujeres",20.1188172505325,90.7635154615968,7.94111656819045,3.65672645624695,7.70753116452817,2.75189856594518,0.432130505109019,4.6527179502034,NA,NA,NA,NA,NA,NA,NA,NA,NA,NA,NA,NA,8.20953870211102,669012
"Aragón",2015,"total",19.2222513691199,138.435536224494,18.6556522055828,5.53672077687724,9.7796175627181,8.08455568236368,0.741567372833143,14.8513457175049,2.20866559094092,0.879354023742559,4.36969477920149,0.738223131043136,3.67556434014509,16.0203442155454,4.6166,1535750491.04,33265930000,"real",108,61,9.38242280285036,1321730
"Aragón",2015,"hombres",17.7364470912522,189.661015297896,33.2332147279432,8.77661477008862,12.5093727112726,13.4944963244762,1.12168585672196,27.3795455831696,NA,NA,NA,NA,NA,NA,NA,NA,NA,NA,NA,NA,9.09090909090909,655188
"Aragón",2015,"mujeres",20.7224048388944,90.7401740537572,4.71811902241341,2.53797418982595,7.37293306341108,3.22275452288419,0.390374735106655,3.27650328475885,NA,NA,NA,NA,NA,NA,NA,NA,NA,NA,NA,NA,9.68523002421308,666542
"Aragón",2016,"total",20.4213496664235,139.817779218592,21.5442682056457,2.92299858159372,11.6302087116067,7.84388982237353,0.707688239519615,13.7347345254232,2.17624881828778,0.881221403785696,4.47323160800185,0.740247185558632,3.70858312230199,16.1609903079508,5.0806,1754952441.55,34542128000,"real",99.26,79.42,8.02238805970149,1316742
"Aragón",2016,"hombres",18.6687440954198,189.055209604759,35.992124068303,4.37868793057892,16.254241201078,12.5131733676122,1.04371897448618,24.8098608007839,NA,NA,NA,NA,NA,NA,NA,NA,NA,NA,NA,NA,7.55597014925373,651553
"Aragón",2016,"mujeres",22.1274743591912,94.1252954272516,7.79362211165857,1.51239000941616,7.40404596416455,3.63528633017303,0.395174352175714,3.43469228231734,NA,NA,NA,NA,NA,NA,NA,NA,NA,NA,NA,NA,8.48880597014925,665189
"Aragón",2017,"total",20.1827044238398,135.574555338228,20.9146672006099,4.17910292312271,10.5549226269177,8.00361626750607,0.720335787613684,14.1515808958288,2.21386228910169,0.880439680638415,4.51436388508892,0.740247185558632,3.74981000151999,16.2833233264935,5.1297,1845830789.42,35983544000,"real",88.8,90.97,8.54,1315713
"Aragón",2017,"hombres",18.6611842412682,182.462523804205,33.0110371725183,6.35055396374815,14.3331340141402,13.5188754679353,1.06319082408979,25.4516270761108,NA,NA,NA,NA,NA,NA,NA,NA,NA,NA,NA,NA,7.31,650322
"Aragón",2017,"mujeres",21.6472107102659,92.0147921336663,9.12721681108924,2.14061431223835,7.01886142662056,2.95532683256712,0.399245448789595,3.56887021423304,NA,NA,NA,NA,NA,NA,NA,NA,NA,NA,NA,NA,9.71,665391
"Aragón",2018,"total",20.2390882580503,127.70274694209,20.9597000375575,3.86698834956597,9.96587530517107,7.03682735606563,0.675433859890538,12.6716730546891,2.28939712035937,0.880067280339343,4.55827856788446,0.736070197046222,3.74828941079748,16.1558574427333,5.2219,1943284163.95,37213896000,"real",89.83,89.8,9.02777777777778,1315733
"Aragón",2018,"hombres",18.7336690111241,174.614547381198,34.4101328536756,5.43254595177395,11.4682702006584,11.4038384117305,0.968639792963252,22.3353507947278,NA,NA,NA,NA,NA,NA,NA,NA,NA,NA,NA,NA,8.67834394904459,649718
"Aragón",2018,"mujeres",21.6924296128758,83.8230149476665,7.98262537647595,2.43374026081822,8.50010511232135,3.05058056804637,0.40085279254928,3.62184612760655,NA,NA,NA,NA,NA,NA,NA,NA,NA,NA,NA,NA,9.3562874251497,666015
"Aragón",2019,"total",19.4403369889043,124.071234668785,18.2282709581829,4.11957921610003,10.9211190708604,6.5101870234023,0.660079471120943,12.1656128143329,2.30007090500919,0.884106410650235,4.96184041917773,0.768721736485857,3.62604743462052,15.6010997668198,5.0521,1943284163.95,38465053000,"real",112.66,100.37,8.53559870550162,1324279
"Aragón",2019,"hombres",18.0752291159864,158.42222887651,30.5155287433788,5.56839942067755,14.239868759802,10.2491647672786,0.926980856357835,20.9623276293077,NA,NA,NA,NA,NA,NA,NA,NA,NA,NA,NA,NA,9.52006294256491,653769
"Aragón",2019,"mujeres",20.3122237245802,92.5279359296517,6.43600465193399,2.71521734884429,7.88058118262815,3.11005613743584,0.410903556803799,3.95310595505584,NA,NA,NA,NA,NA,NA,NA,NA,NA,NA,NA,NA,7.49375520399667,670509
"Aragón",2020,"total",17.9059044026675,126.416518565719,20.4093724104835,4.21828054774387,9.77437899998666,7.46034456384659,0.684223374832323,12.9613637816076,2.34128885810903,0.880413649835826,3.75943238204546,0.768554698646659,3.64976662224953,14.9575360912217,5.5941,2011375281.29,35955571000,"real",180.39,146.97,9.13461538461538,1331116
"Aragón",2020,"hombres",16.7936483863387,169.082355386014,35.3243829357383,6.18249927701707,11.3258430627956,11.808422500822,0.987841125146945,22.968201175544,NA,NA,NA,NA,NA,NA,NA,NA,NA,NA,NA,NA,9.40959409594096,657187
"Aragón",2020,"mujeres",18.5635099566086,87.0431565213171,6.20697736679078,2.36163035067482,8.30021994994171,3.45352318444373,0.400152844489281,3.59877677012216,NA,NA,NA,NA,NA,NA,NA,NA,NA,NA,NA,NA,8.83534136546185,673929
"Aragón",2021,"total",18.9131058724121,128.255213011999,16.9451107779222,3.14555466757998,10.2090053475726,5.3424568444885,0.609187923815741,10.4882950749014,2.42487272273236,0.880264352020896,4.87639239846179,0.827993921479208,3.69631305144918,14.7729041810262,5.9194,2295688201.41,38782157000,"real",183.2,159.59,7.65724703737466,1312793
"Aragón",2021,"hombres",17.5565827655069,162.263914718666,28.694064863536,5.52548142202005,11.7552899196141,9.15853869844631,0.880161816931989,19.4192343352258,NA,NA,NA,NA,NA,NA,NA,NA,NA,NA,NA,NA,8.34114339268978,647016
"Aragón",2021,"mujeres",19.7928440172955,97.181291060581,5.64395314818214,0.924429489144123,8.78939668278685,1.85677111909787,0.357206613993388,2.18332610951493,NA,NA,NA,NA,NA,NA,NA,NA,NA,NA,NA,NA,7.00976042590949,665777
"Aragón",2022,"total",18.6073483503225,120.723470391162,20.2833303897091,3.62906699034928,8.28188999118214,6.50151196987984,0.626761392670267,11.0674932446145,2.36331143336473,0.880624311542641,4.80111772696418,0.824270366691362,3.66697148747232,15.1114601010652,5.0057,2185911149.5,43668835000,"real",127.78,79.91,9.28888888888889,1334478
"Aragón",2022,"hombres",17.4066143160182,157.00395500836,31.5259766076427,5.34396940429535,11.0450955830464,10.2429468172859,0.89289820604943,19.8390087876484,NA,NA,NA,NA,NA,NA,NA,NA,NA,NA,NA,NA,9.18091809180918,659544
"Aragón",2022,"mujeres",19.3284806568834,87.0327366398424,9.60840257198104,1.99736269330518,5.62616111204221,3.05161000219532,0.376853968688699,2.8308767993321,NA,NA,NA,NA,NA,NA,NA,NA,NA,NA,NA,NA,9.39420544337138,674934
"Aragón",2023,"total",20.6822026079859,119.180515503673,19.2978673502245,3.13653354876933,10.0089703544816,7.4787811316314,0.639322082156496,11.4814768707832,2.36902426920623,0.876989231942062,5.02605335917007,0.813709024204307,3.5136588132429,14.8404996063818,5.3048,2481490321.17,46778120000,"real",146.41,106.18,7.68206039076377,1354144
"Aragón",2023,"hombres",19.1614912274013,152.736557274685,31.576341448596,4.53755199867556,13.1173777400205,11.4337428583158,0.905076053527647,20.2403744502172,NA,NA,NA,NA,NA,NA,NA,NA,NA,NA,NA,NA,8.05860805860806,668838
"Aragón",2023,"mujeres",22.0471124266966,88.03191780819,7.48301185123679,1.79888791583164,7.22814506508348,3.83796253739896,0.390900621186287,3.29383579078381,NA,NA,NA,NA,NA,NA,NA,NA,NA,NA,NA,NA,7.32758620689655,685306
"Aragón",2024,"total",NA,112.40373606692,18.1436820820278,3.55850759213597,9.85602035084155,7.82006704193259,0.635084534169056,11.3418129228903,2.43435472915857,0.866487278257359,5.08077934943483,0.81933150801206,3.54438489350532,NA,5.4488,2704508197.54,49634925000,"real",144.47,128.43,7.33573357335734,1348612
"Aragón",2024,"hombres",NA,146.840516233324,28.8333733031555,5.33221431019979,12.5196716854243,10.3738958377965,0.874902193128385,19.2458841272705,NA,NA,NA,NA,NA,NA,NA,NA,NA,NA,NA,NA,6.06635071090047,667988
"Aragón",2024,"mujeres",NA,80.3823961679888,7.9268021601459,1.88661583216896,7.37565690122681,5.45447515348377,0.410088368432702,3.92623843012836,NA,NA,NA,NA,NA,NA,NA,NA,NA,NA,NA,NA,8.48329048843188,680624
"Aragón",2025,"total",NA,NA,NA,NA,NA,NA,NA,NA,NA,NA,NA,NA,NA,NA,5.2305,2704508197.54,51706151620.8324,"proyeccion",132,138,NA,1374302
"Aragón",2025,"hombres",NA,NA,NA,NA,NA,NA,NA,NA,NA,NA,NA,NA,NA,NA,NA,NA,NA,NA,NA,NA,NA,682688
"Aragón",2025,"mujeres",NA,NA,NA,NA,NA,NA,NA,NA,NA,NA,NA,NA,NA,NA,NA,NA,NA,NA,NA,NA,NA,691614
"Canarias",1990,"total",NA,8.52181115536039,76.4559553856946,24.8170640993888,37.4527053440365,16.0778840428359,1.71481894561828,46.9284236293253,NA,NA,NA,NA,NA,NA,NA,NA,NA,NA,NA,NA,NA,1490047
"Canarias",1990,"hombres",NA,16.807649741569,121.426992465364,22.0711772829542,44.5387223251307,27.814876309392,2.18083142481665,62.2875753852783,NA,NA,NA,NA,NA,NA,NA,NA,NA,NA,NA,NA,NA,740310
"Canarias",1990,"mujeres",NA,0.996889100880129,37.5746599691856,27.0741381757962,31.0136853675406,6.44741992803509,1.31401434328419,33.7184368016697,NA,NA,NA,NA,NA,NA,NA,NA,NA,NA,NA,NA,NA,749737
"Canarias",1991,"total",NA,8.29864654168526,79.3201382543173,26.5411823670895,37.5741068027887,13.8059018479696,1.73672210284317,47.650322571453,NA,NA,NA,NA,NA,NA,NA,NA,NA,NA,NA,NA,NA,1499710
"Canarias",1991,"hombres",NA,16.3992053646727,119.218935142485,23.0124496130823,45.1072150607494,24.1140162780833,2.13414394194199,60.7488180202203,NA,NA,NA,NA,NA,NA,NA,NA,NA,NA,NA,NA,NA,744435
"Canarias",1991,"mujeres",NA,0.963691412507956,44.2960369384616,29.3677345938641,30.7329603285663,5.10167410207477,1.3841703382527,36.030685124214,NA,NA,NA,NA,NA,NA,NA,NA,NA,NA,NA,NA,NA,755275
"Canarias",1992,"total",NA,8.65717990800513,84.0311750767645,19.7576364194877,36.1758605316539,15.7321243597689,1.61007041305836,43.4760512581632,NA,NA,NA,NA,NA,NA,NA,NA,NA,NA,NA,NA,NA,1513441
"Canarias",1992,"hombres",NA,16.5874448465565,125.969372246399,20.224038844738,46.0914808654437,26.765315858064,2.15595293852246,61.4676135526934,NA,NA,NA,NA,NA,NA,NA,NA,NA,NA,NA,NA,NA,751210
"Canarias",1992,"mujeres",NA,1.50562033265601,47.173211406,19.3097214571214,27.6959659888396,6.46856283279516,1.13867863338177,27.9396049101685,NA,NA,NA,NA,NA,NA,NA,NA,NA,NA,NA,NA,NA,762231
"Canarias",1993,"total",NA,8.21676156352529,77.6405473038051,25.8885877894483,33.529538181647,15.452674015001,1.69916525192984,46.4124986967665,NA,NA,NA,NA,NA,NA,NA,NA,NA,NA,NA,NA,NA,1527452
"Canarias",1993,"hombres",NA,16.2992913609349,123.324819152464,26.11480418407,39.2253096166977,26.4944409091496,2.219047070961,63.547112274918,NA,NA,NA,NA,NA,NA,NA,NA,NA,NA,NA,NA,NA,758067
"Canarias",1993,"mujeres",NA,0.907322420493843,37.5637952437625,25.6194549456858,28.4518413986864,6.18787823178491,1.24728022468609,31.5189689749471,NA,NA,NA,NA,NA,NA,NA,NA,NA,NA,NA,NA,NA,769385
"Canarias",1994,"total",NA,8.28057988111219,76.5824366448756,25.5942941980003,32.0817934207648,11.9614784999722,1.61219909785107,43.5462098788682,NA,NA,NA,NA,NA,NA,NA,NA,NA,NA,NA,NA,NA,1542442
"Canarias",1994,"hombres",NA,16.7349032793324,117.906258630741,27.5528002454097,38.4087933704732,21.1097318049821,2.12646383371765,60.4956918637647,NA,NA,NA,NA,NA,NA,NA,NA,NA,NA,NA,NA,NA,765372
"Canarias",1994,"mujeres",NA,0.513980979039285,39.9470916179277,23.7391553469497,26.6072278345671,4.23572113087597,1.160612050899,28.662501191301,NA,NA,NA,NA,NA,NA,NA,NA,NA,NA,NA,NA,NA,777070
"Canarias",1995,"total",NA,8.33130358658692,70.6880278921953,20.1755953870415,32.9342735323266,12.1060622986761,1.45217258840755,38.2719488810801,NA,NA,NA,NA,NA,NA,NA,NA,NA,NA,NA,NA,NA,1558964
"Canarias",1995,"hombres",NA,15.9975557518824,104.247912230661,24.4003850417237,42.7612710767853,19.5895911044392,1.98515594394024,55.8383716839744,NA,NA,NA,NA,NA,NA,NA,NA,NA,NA,NA,NA,NA,773451
"Canarias",1995,"mujeres",NA,1.3591131218192,40.3586643994029,16.3101325163478,24.3596785037962,5.66086437049804,0.977621267792702,22.6313682643352,NA,NA,NA,NA,NA,NA,NA,NA,NA,NA,NA,NA,NA,785513
"Canarias",1996,"total",NA,8.45847682294963,75.885570675104,19.7034850781989,34.3654833841599,14.5017478202597,1.52421642250448,40.646417871436,1.38,NA,2.26,NA,4.77,NA,NA,NA,NA,NA,NA,NA,NA,1577514
"Canarias",1996,"hombres",NA,17.0514809230069,117.763435430205,18.9906540701838,43.8899873587289,25.122533585727,2.03012708991437,57.3205608666416,NA,NA,NA,NA,NA,NA,NA,NA,NA,NA,NA,NA,NA,782473
"Canarias",1996,"mujeres",NA,0.567701508790016,38.5833254514586,20.3316518098951,26.02691682622,5.63256337883741,1.08446213831534,26.1527013130084,NA,NA,NA,NA,NA,NA,NA,NA,NA,NA,NA,NA,NA,795041
"Canarias",1997,"total",NA,7.34085071766771,80.4011608875125,17.4338676029503,30.8158114251284,11.9959039471656,1.41205068699186,36.9495843520422,1.47,NA,2.33,NA,4.73,NA,NA,NA,NA,NA,NA,NA,3.65384615384615,1600482
"Canarias",1997,"hombres",NA,13.7052001210311,127.838486413992,20.1582746834511,38.6059193861662,20.1135888578957,1.97266123955372,55.4265628389656,NA,NA,NA,NA,NA,NA,NA,NA,NA,NA,NA,NA,3.3210332103321,793932
"Canarias",1997,"mujeres",NA,1.40695529964093,37.7184125069762,15.0207644081155,23.825559875481,5.03515861372432,0.914251560961263,20.5427869764938,NA,NA,NA,NA,NA,NA,NA,NA,NA,NA,NA,NA,4.27586206896552,806550
"Canarias",1998,"total",NA,8.72075818705808,78.2801456032501,19.1972942162541,30.0070418379924,14.8093521847977,1.48785790388782,39.4480894360784,1.45,NA,2.37,NA,4.67,NA,NA,NA,NA,NA,NA,NA,4.09572020248504,1628238
"Canarias",1998,"hombres",NA,16.4280857595119,121.18395983071,22.3075239864992,39.918803577534,25.9781156973138,2.1083278037524,59.897952427761,NA,NA,NA,NA,NA,NA,NA,NA,NA,NA,NA,NA,3.82352941176471,808160
"Canarias",1998,"mujeres",NA,1.60270938791968,39.7065869044488,16.4664063214893,21.7066425768509,5.04987101679966,0.942097296707446,21.460545406091,NA,NA,NA,NA,NA,NA,NA,NA,NA,NA,NA,NA,4.55104551045511,820078
"Canarias",1999,"total",NA,171.123883299091,73.7637349461875,19.3145822702125,26.7070906491944,13.4176115393345,1.7183018724973,47.0432162687451,1.65,NA,2.83,NA,4.91,NA,NA,NA,NA,NA,NA,NA,5.17418032786885,1660950
"Canarias",1999,"hombres",NA,233.398303237334,109.049192317959,21.2852769791225,32.0603438060725,22.1511628334827,2.28488974745602,65.7171993550852,NA,NA,NA,NA,NA,NA,NA,NA,NA,NA,NA,NA,4.51930977814297,824964
"Canarias",1999,"mujeres",NA,115.188011845551,41.8532439263147,17.6024639738994,21.7989185755559,5.9064045830747,1.2143657607932,30.4341520044524,NA,NA,NA,NA,NA,NA,NA,NA,NA,NA,NA,NA,6.25850340136055,835986
"Canarias",2000,"total",NA,167.24312466544,72.933945483115,18.670825885161,27.2789635251499,11.5807685425698,1.66415303979453,45.2585427331348,1.41,NA,2.43,NA,4.52,NA,NA,NA,NA,NA,NA,NA,7.97514241325738,1706537
"Canarias",2000,"hombres",NA,225.551884702372,112.353600725241,18.6678029890288,34.1867186980733,18.7921991766245,2.1852003129896,62.4315681310702,NA,NA,NA,NA,NA,NA,NA,NA,NA,NA,NA,NA,8.09748427672956,849027
"Canarias",2000,"mujeres",NA,115.445193997179,37.078201508933,18.4806453018585,21.1907436039002,5.41133407985864,1.19621034903338,29.8357737702674,NA,NA,NA,NA,NA,NA,NA,NA,NA,NA,NA,NA,7.73899848254932,857510
"Canarias",2001,"total",NA,164.346123549657,69.7348844067233,17.6943213071796,23.8710468829896,12.5877045872639,1.59982424564495,43.1383512023831,1.51,NA,2.54,NA,4.39,NA,NA,NA,NA,NA,NA,NA,7.00657894736842,1756714
"Canarias",2001,"hombres",NA,226.081475454555,104.860994340172,21.8809379970421,31.4450540185834,21.4916793446236,2.24554351427543,64.4203998198339,NA,NA,NA,NA,NA,NA,NA,NA,NA,NA,NA,NA,6.57963446475196,875531
"Canarias",2001,"mujeres",NA,108.870390972833,37.6015317808426,13.872760466724,16.9814063092548,4.90126956993661,1.01944248446054,24.0097399648632,NA,NA,NA,NA,NA,NA,NA,NA,NA,NA,NA,NA,7.73333333333333,881183
"Canarias",2002,"total",NA,160.387788120798,64.3485905255444,17.464289328168,24.1373951622577,9.68581469260229,1.50950415310575,40.1615210318529,1.53,NA,2.53,NA,4.22,20.0646959550907,NA,NA,NA,NA,NA,NA,8.43373493975904,1801281
"Canarias",2002,"hombres",NA,223.558318858752,101.890678468457,20.484222026452,33.1213760128745,16.9722728496677,2.12788328715345,60.5424751618612,NA,NA,NA,NA,NA,NA,NA,NA,NA,NA,NA,NA,8.3623693379791,898776
"Canarias",2002,"mujeres",NA,103.356425148352,30.032181263309,14.6771807571076,16.340595265225,3.32992115550513,0.954179507596811,21.858759013839,NA,NA,NA,NA,NA,NA,NA,NA,NA,NA,NA,NA,8.55457227138643,902505
"Canarias",2003,"total",NA,161.838542899609,62.2265277736984,17.683447825496,21.9811015187063,9.4268980066899,1.48053423130548,39.2067109245061,1.55,NA,2.64,NA,4.13,20.5548773425293,NA,NA,NA,NA,NA,NA,6.51210364814183,1844117
"Canarias",2003,"hombres",NA,220.456998280345,95.6098978370873,22.442031798913,30.8235715433587,16.2251365386627,2.10165085881838,59.6778891996599,NA,NA,NA,NA,NA,NA,NA,NA,NA,NA,NA,NA,6.12015721504773,920892
"Canarias",2003,"mujeres",NA,108.868321885619,31.5221065896722,13.4096571067573,14.1025042958202,3.54233690786457,0.922439925874842,20.812664597705,NA,NA,NA,NA,NA,NA,NA,NA,NA,NA,NA,NA,7.11805555555556,923225
"Canarias",2004,"total",NA,163.48567055954,53.9575532579835,17.924256788697,21.22569238906,9.04816372992588,1.42984323162385,37.5360029681218,1.6,0.64,2.65,0.54,4.01,21.0703685475388,NA,NA,NA,NA,NA,NA,6.4621409921671,1886739
"Canarias",2004,"hombres",NA,221.626529696508,82.4695518938599,19.3554270743464,24.1118181237777,15.1993312029359,1.8689124418841,52.0071404006515,NA,NA,NA,NA,NA,NA,NA,NA,NA,NA,NA,NA,5.99684376643872,942662
"Canarias",2004,"mujeres",NA,111.195930064874,27.3910321238375,16.5975426632812,18.5909641902452,3.70447853733543,1.03163281408389,24.4115170223408,NA,NA,NA,NA,NA,NA,NA,NA,NA,NA,NA,NA,7.22269991401548,944077
"Canarias",2005,"total",NA,157.751575643046,57.0859050961591,16.8967772079044,17.2297670133753,8.24996405939642,1.35758088242639,35.1543320105657,1.58,0.65,2.77,0.56,3.95,20.1654660845939,NA,NA,NA,NA,NA,NA,6.73818303721086,1931046
"Canarias",2005,"hombres",NA,213.471572005345,86.7232567144365,19.8793974585495,23.3233010132101,14.6105380413121,1.87274388674709,52.1334197294723,NA,NA,NA,NA,NA,NA,NA,NA,NA,NA,NA,NA,5.84415584415584,965642
"Canarias",2005,"mujeres",NA,107.248998959396,29.8989171894458,14.1965851039222,11.6375172977884,2.56142529766102,0.88955211316878,19.7287260148956,NA,NA,NA,NA,NA,NA,NA,NA,NA,NA,NA,NA,8.19383259911894,965404
"Canarias",2006,"total",17.9738658151166,152.086603345858,51.7208315700011,16.0590144802343,17.9821620548238,7.49507399117259,1.29002309986475,32.9277173146572,1.57,0.68,2.73,0.57,3.59,19.9559283886805,NA,NA,NA,NA,NA,NA,7.21975934135529,1972686
"Canarias",2006,"hombres",16.3758168373988,210.856389126206,76.2523640856971,18.1699183735793,21.3833922339678,12.7830324616584,1.71570978601472,46.9577845444296,NA,NA,NA,NA,NA,NA,NA,NA,NA,NA,NA,NA,6.24679979518689,987031
"Canarias",2006,"mujeres",19.4405211580627,97.5861051521873,28.5041376268969,13.9557500383817,14.8844889814521,2.80230442846408,0.893093896362971,19.8454584802146,NA,NA,NA,NA,NA,NA,NA,NA,NA,NA,NA,NA,8.79668049792531,985655
"Canarias",2007,"total",17.9813054515521,148.057271960045,49.0335721092493,20.9058200673403,14.2994515324716,8.83224840153062,1.37769349423776,35.817216956374,1.62,0.69,2.92,0.61,3.47,19.3867634733111,NA,NA,NA,NA,NA,NA,6.32508833922261,2019299
"Canarias",2007,"hombres",16.327374050832,202.223022423528,75.9208910261027,24.4785870195546,19.3231803723629,14.7788620159133,1.87209055903395,52.111886916639,NA,NA,NA,NA,NA,NA,NA,NA,NA,NA,NA,NA,5.58690744920993,1010755
"Canarias",2007,"mujeres",19.5359484363704,97.6977439686366,23.6350184131818,17.5314172340844,9.60751961747892,3.51273855196096,0.917822813739467,20.6604907201224,NA,NA,NA,NA,NA,NA,NA,NA,NA,NA,NA,NA,7.56143667296786,1008544
"Canarias",2008,"total",17.6168765624688,153.427060452955,46.4944092881172,16.86783912576,16.0721819818069,7.76783610320368,1.27002586868696,32.2686351611343,1.62,0.71,2.93,0.58,3.36,18.622176106801,NA,NA,NA,NA,NA,NA,6.28803245436106,2061499
"Canarias",2008,"hombres",16.4268006945811,206.914399061226,72.4389177662263,20.1744838761245,20.1526181089347,13.2950313727413,1.73472985849229,47.5846608463147,NA,NA,NA,NA,NA,NA,NA,NA,NA,NA,NA,NA,5.90883511536297,1031387
"Canarias",2008,"mujeres",18.7364639459412,103.278442376684,21.7224898295104,13.6410384127425,12.3727363461079,2.69610790417847,0.831729970484585,17.8229850659223,NA,NA,NA,NA,NA,NA,NA,NA,NA,NA,NA,NA,6.85859441151566,1030112
"Canarias",2009,"total",17.4114894120075,141.81119286957,36.846204973463,19.7325900951715,15.7445099095153,7.8264207415518,1.26492001722853,32.1003530852373,1.64,0.72,2.96,0.6,3.31,19.0258044821042,NA,NA,NA,NA,NA,NA,6.01423487544484,2085969
"Canarias",2009,"hombres",16.7379103542333,185.615494196799,57.0131808079644,23.8767534235873,18.7712515878621,12.0975152096954,1.66862033614726,45.4057788816995,NA,NA,NA,NA,NA,NA,NA,NA,NA,NA,NA,NA,5.96221959858323,1042655
"Canarias",2009,"mujeres",18.034825605495,100.603421906748,17.6706026173712,15.7383122087098,12.8707341880941,3.90184919006211,0.882905865833191,19.5096745388268,NA,NA,NA,NA,NA,NA,NA,NA,NA,NA,NA,NA,6.09318996415771,1043314
"Canarias",2010,"total",17.9870951259382,146.691636656327,35.5031509364686,17.3393841166852,11.2181345794098,8.3829346657737,1.17102619477769,29.0057375280538,1.71044739741019,0.74,3.07966555711408,0.6,3.28086655021542,19.8054386178305,NA,NA,NA,NA,NA,NA,6.20641562064156,2092438
"Canarias",2010,"hombres",17.1044183351223,198.174811215506,53.7200587333615,20.7882401649032,14.5049825220329,14.5605661067703,1.59579041319939,43.0054014479131,NA,NA,NA,NA,NA,NA,NA,NA,NA,NA,NA,NA,5.62060889929742,1044156
"Canarias",2010,"mujeres",18.8306707200528,98.3075487988754,17.9481087699465,14.1628593697033,8.14277099522989,2.8069822457114,0.775108438276573,15.9568146420457,NA,NA,NA,NA,NA,NA,NA,NA,NA,NA,NA,NA,7.06896551724138,1048282
"Canarias",2011,"total",16.6013150542903,140.521775692477,31.9075055358669,20.5448010076508,10.5058933887442,9.38024014239642,1.23096071540063,30.9810996455051,1.72754605405226,0.75,3.00944217822675,0.61,3.18456978645348,19.0772841747547,NA,NA,NA,NA,NA,NA,6.95108495770504,2107023
"Canarias",2011,"hombres",16.6602405049626,193.972140228764,49.4091032918018,27.6956731836083,13.3509179481492,14.7151220912556,1.73109158088555,47.4647480534463,NA,NA,NA,NA,NA,NA,NA,NA,NA,NA,NA,NA,6.32911392405063,1049821
"Canarias",2011,"mujeres",16.6173916729985,90.0849704813214,14.9643894979128,13.8230427502059,7.87135575192814,4.4508240382891,0.759574559522795,15.4448386504407,NA,NA,NA,NA,NA,NA,NA,NA,NA,NA,NA,NA,7.81387181738367,1057202
"Canarias",2012,"total",17.1629745983982,142.017425596355,34.9041390761066,15.7430506244814,10.6639751159648,8.59820126216027,1.11639696124705,27.2052306198444,1.72186504576238,0.77,2.8935065131007,0.62,3.11793361106973,18.0402216703209,NA,NA,NA,NA,191,107,5.84816563748638,2120947
"Canarias",2012,"hombres",15.8385949504457,187.20963164236,52.1508999661082,20.539133733125,14.5947068244633,12.6367539151402,1.52791707863337,40.7683865774632,NA,NA,NA,NA,NA,NA,NA,NA,NA,NA,NA,NA,5.6875,1055598
"Canarias",2012,"mujeres",18.4128479302631,99.4438643419245,18.2245783017171,11.2788685003713,6.93804079237166,4.84140761643282,0.728277584155249,14.4133319513083,NA,NA,NA,NA,NA,NA,NA,NA,NA,NA,NA,NA,6.07111882046834,1065349
"Canarias",2013,"total",16.9490219692931,138.5119894264,29.8312963864583,14.164597582605,10.3588122898416,7.50820535223622,1.01965990172845,24.0169057489596,1.73352886716853,0.77,3.00272811437591,0.62,3.1113404565323,17.2280252285234,NA,NA,NA,NA,201,114,6.30891950688905,2108452
"Canarias",2013,"hombres",15.4687663929404,177.031464335107,49.1141440924317,19.1412979468152,12.5204542395731,11.4517262694867,1.41555921954885,37.0652209205653,NA,NA,NA,NA,NA,NA,NA,NA,NA,NA,NA,NA,6.26939788950962,1050503
"Canarias",2013,"mujeres",18.3066317813694,102.018529181025,11.2040653811406,9.41277174521857,8.2430209254832,3.84148645986225,0.642165009859539,11.5751759882347,NA,NA,NA,NA,NA,NA,NA,NA,NA,NA,NA,NA,6.36442894507411,1057949
"Canarias",2014,"total",16.3094245869984,133.557099303015,31.513275459992,14.3379442839516,11.7090145012011,8.38716515881919,1.05221960394328,25.0900302461974,1.78397863566447,0.76455470862285,3.06640495984751,0.615348204248269,3.1197214332223,17.507466062118,NA,NA,NA,NA,179,120,7.27139184722732,2118424
"Canarias",2014,"hombres",14.5906057757277,178.335075111752,50.6171418109315,18.244211879111,14.3965827857308,13.6811036902202,1.45991532792484,38.5271392816837,NA,NA,NA,NA,NA,NA,NA,NA,NA,NA,NA,NA,6.88524590163935,1054529
"Canarias",2014,"mujeres",17.8969910539412,91.0556047059078,13.1033396291554,10.6035695043653,9.13194828850322,3.39637224441484,0.663348984241049,12.2733716199901,NA,NA,NA,NA,NA,NA,NA,NA,NA,NA,NA,NA,7.76293823038397,1063895
"Canarias",2015,"total",17.14353230183,128.777867574657,30.3124413736302,11.4569820971967,12.0493909148102,9.6340747791396,0.987641770708146,22.9616307182807,1.83214779827187,0.760048810661523,3.15782147469087,0.61089944727902,3.150767517562,16.9976988297341,6.2057,2459743096,39636569000,"real",176,111,5.68457538994801,2127774
"Canarias",2015,"hombres",15.4866189552162,163.949947941818,46.7537860059085,13.8646304872242,14.5442171129477,15.4047288908485,1.33030639402123,34.2554011338618,NA,NA,NA,NA,NA,NA,NA,NA,NA,NA,NA,NA,6.26920712968654,1058321
"Canarias",2015,"mujeres",18.529834105291,95.6107914678392,14.3609501071118,9.14603719656573,9.73199367682765,4.21571722749024,0.661724738491872,12.219838639514,NA,NA,NA,NA,NA,NA,NA,NA,NA,NA,NA,NA,4.92845786963434,1069453
"Canarias",2016,"total",18.4236419589482,131.835009855225,33.171019601074,8.02050319333993,12.3885015286325,7.08566841267366,0.881693546363473,19.4697181008701,1.87663505330204,0.754338585202821,3.28691229111931,0.60699119862762,3.10438385683048,17.4516600583943,6.0901,2495715117,40979670000,"real",181.58,116.57,9.689557855127,2142274
"Canarias",2016,"hombres",16.5367766668872,172.993558803431,50.4960903293331,10.1740276152994,15.1081766477443,9.83535862663625,1.18485534679588,29.4615279928691,NA,NA,NA,NA,NA,NA,NA,NA,NA,NA,NA,NA,9.16530278232406,1064553
"Canarias",2016,"mujeres",19.9005289224614,93.3280128289082,16.3811773484907,5.91961523553426,9.85482777529032,4.54064807197536,0.593204028525648,9.96148713655157,NA,NA,NA,NA,NA,NA,NA,NA,NA,NA,NA,NA,10.3982300884956,1077721
"Canarias",2017,"total",18.5265849989771,129.095761995548,31.2531308360181,5.71601104539716,11.4044518246738,7.96374253700156,0.812452950166722,17.1876401048304,1.90512557833344,0.749989125157685,3.42330864051422,0.60699119862762,3.10755984895835,17.6235969150398,5.9406,2556566464,43035839000,"real",176.59,122.57,7.41,2164345
"Canarias",2017,"hombres",16.6797003370116,164.42686010153,48.418815522759,7.81267030393307,14.4144445196532,12.1709249984719,1.12989956734538,27.6502585652802,NA,NA,NA,NA,NA,NA,NA,NA,NA,NA,NA,NA,7.26,1074860
"Canarias",2017,"mujeres",19.9323906358075,95.9966727274509,14.8149876903228,3.70953241687313,8.51832527722053,4.01991558552532,0.511304588221625,7.26219046852901,NA,NA,NA,NA,NA,NA,NA,NA,NA,NA,NA,NA,7.63,1089485
"Canarias",2018,"total",18.239822674165,123.595921777824,34.1606383499177,5.27758795598338,10.717794094988,9.04536678337157,0.818792751881321,17.3965915406474,1.9372840830638,0.747397068762011,3.53965561120171,0.906354701616283,3.10970647861608,17.288294826546,6.1412,2739535209,44609266000,"real",139.82,116.53,9.84352773826458,2188314
"Canarias",2018,"hombres",16.439084352745,155.85939361123,53.0114256261278,7.33478892510152,14.0053561670213,12.7767647978667,1.13339814190786,27.7655669315433,NA,NA,NA,NA,NA,NA,NA,NA,NA,NA,NA,NA,9.04255319148936,1085955
"Canarias",2018,"mujeres",19.6324872575618,93.2039324233464,15.9609992686959,3.3052259277887,7.53892449910217,5.61627139295447,0.519754524266329,7.54068912646617,NA,NA,NA,NA,NA,NA,NA,NA,NA,NA,NA,NA,10.9882515549413,1102359
"Canarias",2019,"total",18.8643201866321,122.535561933876,29.7412852555729,4.52057052702093,10.9044059355315,8.44362381628897,0.764403430850521,15.6039918294717,1.99087351151801,0.740749076387669,3.64798293434036,0.898292803334056,2.8845144723442,16.9966926243875,6.1896,2832787821,45766832000,"real",133.1,121.83,9.31553535927293,2220215
"Canarias",2019,"hombres",18.6828178871242,153.05975346784,47.3215316817851,6.11749769130116,13.5746145748425,12.1766183394953,1.05089048789402,25.0462243482587,NA,NA,NA,NA,NA,NA,NA,NA,NA,NA,NA,NA,8.80316518298714,1100922
"Canarias",2019,"mujeres",19.2361818217377,93.8355731780877,12.8600750175151,2.98210570071807,8.37522324955101,4.98432342423222,0.492816617436529,6.65285153100448,NA,NA,NA,NA,NA,NA,NA,NA,NA,NA,NA,NA,10.0066711140761,1119293
"Canarias",2020,"total",18.7621109705048,120.908980394935,30.0552809918592,5.03051537838811,11.3922779779983,8.74872989189813,0.786023187228148,16.3165502564518,1.99555977924538,0.752148753338967,3.83607271696867,0.635461163939256,2.76366539644096,16.3019694850375,7.9033,2970650193,37587399000,"real",150.58,133.54,11.0482430017868,2244545
"Canarias",2020,"hombres",18.6067220675174,152.275822762564,46.8551290133049,6.55481627299465,15.8431799285586,12.1016508506443,1.07881585633141,25.9666073654874,NA,NA,NA,NA,NA,NA,NA,NA,NA,NA,NA,NA,10.0103199174407,1111831
"Canarias",2020,"mujeres",19.1185435255973,91.5128716942141,13.934373169709,3.5695374127302,7.20103233590868,5.62292837850156,0.508785039445791,7.17914949058971,NA,NA,NA,NA,NA,NA,NA,NA,NA,NA,NA,NA,12.4647887323944,1132714
"Canarias",2021,"total",18.7880221134916,116.307967070688,30.8981201366236,4.76694735719314,11.4352583979679,7.43180129630075,0.753222795075232,15.2354929388495,2.09136942852373,0.749968209440062,4.08346780924823,0.696502267726609,2.82544098825886,15.9932514773449,7.4588,3088468435,41407275000,"real",144.23,117.76,11.859994214637,2246227
"Canarias",2021,"hombres",18.6299060440758,144.63752409463,47.3425078610155,6.58015738153813,15.343009252561,11.1532061550335,1.04660217936118,24.9048874002751,NA,NA,NA,NA,NA,NA,NA,NA,NA,NA,NA,NA,11.8984664198837,1111506
"Canarias",2021,"mujeres",19.1739432989098,89.8114981463835,15.0995916267185,3.07098314519877,7.74094706444051,3.93855849541161,0.475891973130367,6.0950377558004,NA,NA,NA,NA,NA,NA,NA,NA,NA,NA,NA,NA,11.8135376756066,1134720
"Canarias",2022,"total",17.6438289272149,114.459341892488,35.6029994888802,4.82000808344407,10.9376861735614,8.92418466410095,0.797898768593627,16.7079536298042,2.16345229152177,0.753338975821588,4.17436196285654,0.683205454956627,2.794403940817,15.8402968492847,6.5948,3225421670,48908196000,"real",156.76,121.09,11.1932129173508,2197327
"Canarias",2022,"hombres",17.1935015885403,140.473827355022,56.1679745366139,6.80734870891447,13.4959704168854,12.3577124407266,1.0962072064933,26.5398031452158,NA,NA,NA,NA,NA,NA,NA,NA,NA,NA,NA,NA,9.89065606361829,1085668
"Canarias",2022,"mujeres",18.2051600501543,90.3739565275789,15.961912637269,2.95026646825893,8.55679687048958,5.73077848015919,0.517232968624704,7.45758200489849,NA,NA,NA,NA,NA,NA,NA,NA,NA,NA,NA,NA,12.78928136419,1111659
"Canarias",2023,"total",18.1780458704888,113.602668885287,32.7927627774537,3.98580332657687,10.6144908783181,9.32527961731556,0.76303168696402,15.5587809746909,2.26808545264827,0.762567665531518,4.32397341597047,0.898992479229322,2.89928306920291,15.3159635298678,6.6228,3575652999,53990089000,"real",146.52,148.66,11.0377607604964,2224343
"Canarias",2023,"hombres",17.8453084095633,137.80640570132,52.6724030623758,5.0562986374906,14.3343658212462,12.1112248051075,1.03101843287209,24.3912678344127,NA,NA,NA,NA,NA,NA,NA,NA,NA,NA,NA,NA,10.1694915254237,1098051
"Canarias",2023,"mujeres",18.2753281172649,91.089706482111,13.8406823770806,2.99806744646784,7.13702809986979,6.74168571255627,0.511358330590096,7.26396174554394,NA,NA,NA,NA,NA,NA,NA,NA,NA,NA,NA,NA,12.0789779326365,1126292
"Canarias",2024,"total",NA,114.087776683283,29.9391068923984,4.16174207085183,10.0580753254664,9.21045860324909,0.745127551850542,14.9686844846999,2.28610626590632,0.75445254285221,4.20387316847923,1.11640462169296,2.90222947631307,NA,7.0655,4108181841,58144618000,"real",122.28,156.64,9.64786716289722,2247927
"Canarias",2024,"hombres",NA,140.46615672396,46.4436985104431,5.52305340736695,11.8153113124548,11.4716562905155,0.977714041633407,22.6344259667831,NA,NA,NA,NA,NA,NA,NA,NA,NA,NA,NA,NA,9.21325051759834,1109977
"Canarias",2024,"mujeres",NA,89.8503123012562,14.2650386367353,2.85803094096602,8.48529521835556,7.12381123458069,0.527487521995285,7.7955584506778,NA,NA,NA,NA,NA,NA,NA,NA,NA,NA,NA,NA,10.1857783472133,1137950
"Canarias",2025,"total",NA,NA,NA,NA,NA,NA,NA,NA,NA,NA,NA,NA,NA,NA,7.0562,4308657056,61062044154.199,"proyeccion",106,162,NA,2265555
"Canarias",2025,"hombres",NA,NA,NA,NA,NA,NA,NA,NA,NA,NA,NA,NA,NA,NA,NA,NA,NA,NA,NA,NA,NA,1118110
"Canarias",2025,"mujeres",NA,NA,NA,NA,NA,NA,NA,NA,NA,NA,NA,NA,NA,NA,NA,NA,NA,NA,NA,NA,NA,1147445
"Cantabria",1990,"total",NA,4.78558081053272,51.2974213777005,9.24665552724498,30.0899570063014,17.278160730024,1.11932216224855,27.3016413558314,NA,NA,NA,NA,NA,NA,NA,NA,NA,NA,NA,NA,NA,527599
"Cantabria",1990,"hombres",NA,8.72894208856983,88.3650079725571,11.6050529613837,33.013189275305,29.3057231057397,1.62733653481114,44.0451196760174,NA,NA,NA,NA,NA,NA,NA,NA,NA,NA,NA,NA,NA,258016
"Cantabria",1990,"mujeres",NA,1.43594328244538,19.2162266278841,7.11034645722971,27.6457723705853,7.34359853128776,0.686283371314385,13.0292585269139,NA,NA,NA,NA,NA,NA,NA,NA,NA,NA,NA,NA,NA,269583
"Cantabria",1991,"total",NA,6.96782738468598,50.6697954505579,5.82386211662912,27.2618937481408,18.8801168800451,1.03248065027549,24.4394605760271,NA,NA,NA,NA,NA,NA,NA,NA,NA,NA,NA,NA,NA,527738
"Cantabria",1991,"hombres",NA,13.7922311161679,87.9910616696978,5.79115848269612,35.9360373243027,34.422752537214,1.60259250151345,43.2295892354434,NA,NA,NA,NA,NA,NA,NA,NA,NA,NA,NA,NA,NA,257997
"Cantabria",1991,"mujeres",NA,0.953194204969505,18.7150758002324,5.74715281784013,20.1156798545753,6.19918855201036,0.554785595988485,8.69526667700686,NA,NA,NA,NA,NA,NA,NA,NA,NA,NA,NA,NA,NA,269741
"Cantabria",1992,"total",NA,6.77766027892933,48.6793260444066,9.33621114855622,30.3452217375547,17.7059546389128,1.12057722223279,27.3430064643236,NA,NA,NA,NA,NA,NA,NA,NA,NA,NA,NA,NA,NA,527994
"Cantabria",1992,"hombres",NA,13.6998966464203,80.3676816832278,11.0895265213581,34.8101257629133,32.5926606312943,1.65266188819769,44.8798096538614,NA,NA,NA,NA,NA,NA,NA,NA,NA,NA,NA,NA,NA,258055
"Cantabria",1992,"mujeres",NA,0.466487535453053,20.9573943229131,7.76179011950262,26.3588859249232,5.46486989832662,0.66613369361762,12.3651519388016,NA,NA,NA,NA,NA,NA,NA,NA,NA,NA,NA,NA,NA,269939
"Cantabria",1993,"total",NA,6.16803123699638,50.6119743261396,8.69516744540275,27.2053454708371,15.3228437422209,1.04255405627457,24.7714666452752,NA,NA,NA,NA,NA,NA,NA,NA,NA,NA,NA,NA,NA,528254
"Cantabria",1993,"hombres",NA,13.0439747839942,81.9449133418608,9.24985649943093,35.9319144368109,26.7795761320144,1.52514638410447,40.6770681693982,NA,NA,NA,NA,NA,NA,NA,NA,NA,NA,NA,NA,NA,258058
"Cantabria",1993,"mujeres",NA,0,22.9895529873385,8.11777725636446,20.1694345563955,5.96368384648613,0.63371290134149,11.2966057284644,NA,NA,NA,NA,NA,NA,NA,NA,NA,NA,NA,NA,NA,270196
"Cantabria",1994,"total",NA,6.27429345524062,41.1775955717689,7.94157958898513,30.9017694755872,18.8602148144958,1.06737764779249,25.589619219016,NA,NA,NA,NA,NA,NA,NA,NA,NA,NA,NA,NA,NA,528653
"Cantabria",1994,"hombres",NA,12.6010742997839,65.2561256824382,8.3260360765794,40.8196590870381,34.2143540653466,1.58224388596562,42.558925920246,NA,NA,NA,NA,NA,NA,NA,NA,NA,NA,NA,NA,NA,258165
"Cantabria",1994,"mujeres",NA,0.423338122698628,20.3335517189686,7.48072459340969,22.1949980870266,6.03418692656,0.624459420675701,10.9916233081199,NA,NA,NA,NA,NA,NA,NA,NA,NA,NA,NA,NA,NA,270488
"Cantabria",1995,"total",NA,10.4259811192509,43.9900567303036,7.33898719977844,30.8186399456997,17.9693267152004,1.05959392098096,25.3330779316866,NA,NA,NA,NA,NA,NA,NA,NA,NA,NA,NA,NA,NA,528922
"Cantabria",1995,"hombres",NA,19.8364517810482,71.3896785925872,10.4048948830753,37.5744710097097,33.795321082237,1.64432014445748,44.6048768704401,NA,NA,NA,NA,NA,NA,NA,NA,NA,NA,NA,NA,NA,258234
"Cantabria",1995,"mujeres",NA,1.78088171416835,19.4618787770601,4.82830395917425,24.647830120797,4.66177046953587,0.555152182426884,8.70734887864389,NA,NA,NA,NA,NA,NA,NA,NA,NA,NA,NA,NA,NA,270688
"Cantabria",1996,"total",NA,8.92214366521046,41.6613545216685,7.52299217580416,28.7751925979993,16.6473062252645,1.00592973906775,23.5643778417621,1.3,NA,2.51,NA,4.29,NA,NA,NA,NA,NA,NA,NA,NA,528769
"Cantabria",1996,"hombres",NA,17.7733113240453,72.3003443645163,8.04512330882653,31.8778131214857,29.3152369231554,1.45331298010462,38.3095346752776,NA,NA,NA,NA,NA,NA,NA,NA,NA,NA,NA,NA,NA,258051
"Cantabria",1996,"mujeres",NA,0.846067829257872,14.7812917544477,6.96793181564483,26.1678545060541,6.07968224497718,0.620807534903868,10.8712620082219,NA,NA,NA,NA,NA,NA,NA,NA,NA,NA,NA,NA,NA,270718
"Cantabria",1997,"total",NA,7.07090105586638,35.9282089922054,5.48329093806186,28.4413734341768,13.1199107537563,0.855047828547784,18.5915106668515,1.39,NA,2.76,NA,4.22,NA,NA,NA,NA,NA,NA,NA,8.32049306625578,528680
"Cantabria",1997,"hombres",NA,12.9169873730265,57.6946186893292,5.82658526328497,35.3804043777228,24.4179148443552,1.2567786924695,31.8320258449809,NA,NA,NA,NA,NA,NA,NA,NA,NA,NA,NA,NA,8.55263157894737,257941
"Cantabria",1997,"mujeres",NA,1.65885956774145,16.3975534743326,5.11466579205033,22.2485810100071,3.54528905417788,0.502649839882945,6.9769414696781,NA,NA,NA,NA,NA,NA,NA,NA,NA,NA,NA,NA,8.11594202898551,270739
"Cantabria",1998,"total",NA,7.91333666011202,36.1585089763972,7.30313065691058,24.6771815423409,15.4735099202613,0.907678628536747,20.3261518624225,1.39,NA,2.77,NA,4.17,NA,NA,NA,NA,NA,NA,NA,8.54430379746835,529200
"Cantabria",1998,"hombres",NA,15.1090454597641,60.6343133354304,9.71347830895582,31.5944189301532,25.2218733143224,1.35309707810152,35.0065517811861,NA,NA,NA,NA,NA,NA,NA,NA,NA,NA,NA,NA,10.062893081761,258140
"Cantabria",1998,"mujeres",NA,1.26029286282885,14.39715129276,5.09598787240737,18.2747899356633,7.37050962260192,0.516700576611574,7.44003507195498,NA,NA,NA,NA,NA,NA,NA,NA,NA,NA,NA,NA,7.00636942675159,271060
"Cantabria",1999,"total",NA,163.592755631595,39.3933684225148,5.99494211297773,21.9518518507784,13.3376348894655,1.12518153360707,27.4947584458391,1.43,NA,2.76,NA,3.96,NA,NA,NA,NA,NA,NA,NA,6.05590062111801,530370
"Cantabria",1999,"hombres",NA,242.935303207401,69.4769796355445,9.29686011906801,28.0635649211998,23.2967504594988,1.75741607377267,48.3323683408844,NA,NA,NA,NA,NA,NA,NA,NA,NA,NA,NA,NA,6.14035087719298,258588
"Cantabria",1999,"mujeres",NA,93.473172500643,12.7007018266715,3.05137390696931,16.5158091089462,5.0622212976063,0.573832212443209,9.32301783308914,NA,NA,NA,NA,NA,NA,NA,NA,NA,NA,NA,NA,5.96026490066225,271782
"Cantabria",2000,"total",NA,166.278932498167,36.6099317385942,6.83004660358736,18.3446237028707,11.9992003945066,1.07797831386354,25.9390030792497,1.44,NA,2.84,NA,3.82,NA,NA,NA,NA,NA,NA,NA,6.80173661360347,532062
"Cantabria",2000,"hombres",NA,256.493973943808,57.1035319302107,7.34167665498983,24.7883491555352,24.8830788253452,1.65943713525485,45.1031127892497,NA,NA,NA,NA,NA,NA,NA,NA,NA,NA,NA,NA,6.97050938337802,259291
"Cantabria",2000,"mujeres",NA,87.1092381657548,18.1568803389785,6.21751756593497,12.7240289683794,1.13698961311526,0.568841910557837,9.1585441174983,NA,NA,NA,NA,NA,NA,NA,NA,NA,NA,NA,NA,6.60377358490566,272771
"Cantabria",2001,"total",NA,169.948983915161,20.4411870100607,5.13384151472264,17.9364646092625,8.1642736721861,0.882165290588119,19.4852661633358,1.49,NA,2.97,NA,3.89,NA,NA,NA,NA,NA,NA,NA,6.94864048338369,533988
"Cantabria",2001,"hombres",NA,258.020681853182,34.4235350414522,4.58528975894795,23.8014948062905,15.4930162800012,1.29582108291175,33.118811127532,NA,NA,NA,NA,NA,NA,NA,NA,NA,NA,NA,NA,6.52818991097923,260132
"Cantabria",2001,"mujeres",NA,92.4817787424048,7.9263363085093,5.52419162130287,12.8904247535723,1.87391824905892,0.518525750327272,7.50019037107618,NA,NA,NA,NA,NA,NA,NA,NA,NA,NA,NA,NA,7.38461538461539,273856
"Cantabria",2002,"total",NA,175.698652595896,29.2886645772369,4.55889265322355,19.9970418770191,8.65688914477954,0.956315217338651,21.9291491675276,1.6,NA,2.98,NA,3.86,19.4033745691367,NA,NA,NA,NA,NA,NA,5.26315789473684,537245
"Cantabria",2002,"hombres",NA,260.590815066961,50.1516255020672,4.58604468681563,28.5455301761419,12.8304059640156,1.38935621837908,36.2016048386095,NA,NA,NA,NA,NA,NA,NA,NA,NA,NA,NA,NA,5.32915360501567,261741
"Cantabria",2002,"mujeres",NA,100.219145569759,10.6294771450667,4.56039601001874,12.39220732988,5.1106671094657,0.574097459861865,9.33176003536454,NA,NA,NA,NA,NA,NA,NA,NA,NA,NA,NA,NA,5.19031141868512,275504
"Cantabria",2003,"total",NA,152.405464828059,23.5550716057785,6.29845553889181,22.1960448344097,11.6925084750176,0.997643600328331,23.2912777252404,1.61,NA,3.12,NA,3.85,18.8566360257502,NA,NA,NA,NA,NA,NA,7.62331838565022,542367
"Cantabria",2003,"hombres",NA,223.223012118096,38.8160863785064,8.70415081276324,30.6692214980876,19.9974750345607,1.50302425864357,39.9479523253275,NA,NA,NA,NA,NA,NA,NA,NA,NA,NA,NA,NA,8.76712328767123,264431
"Cantabria",2003,"mujeres",NA,90.0902853123532,9.7408765562738,4.10150158297735,14.5727032798504,4.72614026278013,0.552939040389634,8.63440665944394,NA,NA,NA,NA,NA,NA,NA,NA,NA,NA,NA,NA,6.25,277936
"Cantabria",2004,"total",NA,154.228435366575,23.7426617750221,6.31681008621042,18.910819741172,7.53247955497965,0.899579427000288,20.0592129475795,1.67,0.71,3.13,0.6,3.77,17.2857757673631,NA,NA,NA,NA,NA,NA,5.61151079136691,548108
"Cantabria",2004,"hombres",NA,225.165829311635,40.6823989676552,9.0699184510731,26.9378764813157,13.4444133808653,1.37822516387345,35.8347400807173,NA,NA,NA,NA,NA,NA,NA,NA,NA,NA,NA,NA,5.79345088161209,267412
"Cantabria",2004,"mujeres",NA,90.7137659921134,8.54345301500467,3.8903268831327,11.8225606595469,2.31608611010358,0.474099231304705,6.03595136865694,NA,NA,NA,NA,NA,NA,NA,NA,NA,NA,NA,NA,5.36912751677852,280696
"Cantabria",2005,"total",NA,142.569546962376,24.0823111928599,5.57974288893901,17.0655565416368,8.62723206793765,0.861195016832481,18.7941138200965,1.67,0.76,3.15,0.63,3.77,18.1726812153797,NA,NA,NA,NA,NA,NA,6.06060606060606,554148
"Cantabria",2005,"hombres",NA,208.187936507263,41.6329659877778,8.55076848386308,22.7142283760257,14.7423889809485,1.31893124867842,33.8804914664924,NA,NA,NA,NA,NA,NA,NA,NA,NA,NA,NA,NA,5.88235294117647,270552
"Cantabria",2005,"mujeres",NA,83.9064187582412,8.26079488549559,2.97450974835459,12.0319762324274,3.45220291036146,0.457681011777222,5.49482868087196,NA,NA,NA,NA,NA,NA,NA,NA,NA,NA,NA,NA,6.25,283596
"Cantabria",2006,"total",19.3409586559018,154.079048869893,21.3023696713219,5.86200366142245,20.8691248460019,7.07316720538941,0.885389253399759,19.5915236913846,1.7,0.76,3.14,0.65,3.64,17.9254740698099,NA,NA,NA,NA,NA,NA,7.50750750750751,560190
"Cantabria",2006,"hombres",16.9112033326727,215.837876189171,37.9843497522831,10.3556077532072,26.0925160375435,14.3449812486039,1.38530993867933,36.0682448391896,NA,NA,NA,NA,NA,NA,NA,NA,NA,NA,NA,NA,7.26744186046512,273688
"Cantabria",2006,"mujeres",21.5768181710126,99.1459540735133,6.23769291837632,1.79634139401899,16.3874407154254,0.893717313475617,0.444237418134046,5.05174570750162,NA,NA,NA,NA,NA,NA,NA,NA,NA,NA,NA,NA,7.7639751552795,286502
"Cantabria",2007,"total",19.2762349357625,149.526855724572,23.6288822994852,5.5288402826979,18.6021460760537,7.9137878664015,0.873426883264293,19.1972598755581,1.83,0.76,3.28,0.65,3.72,17.731969446227,NA,NA,NA,NA,NA,NA,6.65722379603399,567088
"Cantabria",2007,"hombres",16.8933831328386,219.706311717777,43.1932109643087,8.288170749024,27.7159010413452,15.5977678973743,1.40626779390124,36.7589878840675,NA,NA,NA,NA,NA,NA,NA,NA,NA,NA,NA,NA,6.02409638554217,277260
"Cantabria",2007,"mujeres",21.4774367539151,86.5203287653003,5.8841057482337,3.1189003187537,10.5089508660536,1.27094051693617,0.400990875607432,3.62639716162334,NA,NA,NA,NA,NA,NA,NA,NA,NA,NA,NA,NA,7.56013745704467,289828
"Cantabria",2008,"total",18.7257836323388,147.243938475856,23.546447434616,4.80358550170585,18.7306631063966,5.48108246255984,0.809912843286809,17.1039215591124,1.81,0.77,3.36,0.66,3.61,20.3636475819194,NA,NA,NA,NA,NA,NA,7.78267254038179,573758
"Cantabria",2008,"hombres",16.3214620695979,215.765002017127,37.6910481540862,5.09770568596663,23.683074132883,11.3071722974153,1.17424489052535,29.1118214606766,NA,NA,NA,NA,NA,NA,NA,NA,NA,NA,NA,NA,7.90190735694823,280573
"Cantabria",2008,"mujeres",20.9054443085524,85.7133795128924,10.6781922618544,4.5734704569901,14.3139999421667,0.395715195859236,0.485480530039285,6.4110638436382,NA,NA,NA,NA,NA,NA,NA,NA,NA,NA,NA,NA,7.64331210191083,293185
"Cantabria",2009,"total",18.0692174521369,144.206893897661,18.4905965262017,3.01697229726201,15.0203146862037,5.75600073012623,0.698885079955858,13.4445940899049,1.8,0.76,3.3,0.65,3.52,20.7114373035654,NA,NA,NA,NA,NA,NA,9.82658959537572,577883
"Cantabria",2009,"hombres",15.521391849712,208.903327753937,31.1070153912604,3.9400546025608,17.4243773834625,10.4861680139784,1.01986848217093,24.0237802830385,NA,NA,NA,NA,NA,NA,NA,NA,NA,NA,NA,NA,11.3888888888889,282768
"Cantabria",2009,"mujeres",20.3683632955,85.4250037239275,6.78713245000223,2.11374255344117,12.6378040372344,1.596065746987,0.404675613577431,3.74784122629622,NA,NA,NA,NA,NA,NA,NA,NA,NA,NA,NA,NA,8.13253012048193,295115
"Cantabria",2010,"total",18.4052364604057,151.765941580359,21.1780404650462,0.591498065228327,15.8447206415359,6.19758868888622,0.682033051925957,12.8891736506238,1.70447480762057,0.77,3.26216100465579,0.66,3.40204191591948,18.7707750846782,NA,NA,NA,NA,NA,NA,5.77716643741403,579064
"Cantabria",2010,"hombres",15.8034111834845,219.840116100304,33.4972939683049,0.732046164497336,22.9123668430428,10.0077948250933,1.01769470461749,23.9521354648902,NA,NA,NA,NA,NA,NA,NA,NA,NA,NA,NA,NA,5.0251256281407,282745
"Cantabria",2010,"mujeres",20.7380006731498,90.6525374932965,10.0513495304879,0.436134798957717,9.40433656724843,2.93255383437195,0.381297554789019,2.97733148950017,NA,NA,NA,NA,NA,NA,NA,NA,NA,NA,NA,NA,6.68693009118541,296319
"Cantabria",2011,"total",18.3448848631444,152.72131893983,18.7235409937365,1.71618634938478,18.1645184604443,6.62347878831758,0.728729660509552,14.4282317869156,1.71367307060471,0.78,3.27863182832143,0.67,3.29419495408878,19.5335318095682,NA,NA,NA,NA,NA,NA,6.71834625322997,578290
"Cantabria",2011,"hombres",17.0056195040434,209.234442355752,32.4449185453419,1.65482125426117,27.5972077679084,12.0341645466408,1.09549501458094,26.5163302466357,NA,NA,NA,NA,NA,NA,NA,NA,NA,NA,NA,NA,6.80100755667506,281718
"Cantabria",2011,"mujeres",19.6855173679134,101.869970836405,6.25899819229494,1.71555596526367,9.67390804195429,1.94749945304355,0.399885988661873,3.58998155683268,NA,NA,NA,NA,NA,NA,NA,NA,NA,NA,NA,NA,6.63129973474801,296572
"Cantabria",2012,"total",18.3609965160611,149.31359132706,17.8887895364516,1.24500460664098,11.0642473163512,5.53601396340372,0.617705677890522,10.7690289249466,1.69205030475937,0.79,3.21108933091348,0.66,3.26645294006716,12.9986392844226,NA,NA,NA,NA,139,60,6.93717277486911,577997
"Cantabria",2012,"hombres",16.7698175946731,206.131917328551,30.7641423826063,1.49683895298085,17.6349878663951,9.37564859681654,0.933563810634332,21.1792930502963,NA,NA,NA,NA,NA,NA,NA,NA,NA,NA,NA,NA,9.13978494623656,281579
"Cantabria",2012,"mujeres",19.7349223600252,98.3297841897072,6.07848971956458,0.940437397433546,5.14650027912121,2.26427741111823,0.333595360665342,1.40513059072209,NA,NA,NA,NA,NA,NA,NA,NA,NA,NA,NA,NA,4.8469387755102,296418
"Cantabria",2013,"total",18.4120076745149,143.90364312313,17.9485942574108,0.929063321999371,12.0025732675194,6.9666948388166,0.633277487212487,11.2822550576507,1.67042498126507,0.79,3.16412137855093,0.65,3.16242206524343,15.5051556236198,NA,NA,NA,NA,101,72,6.23342175066313,588531
"Cantabria",2013,"hombres",17.4038451479706,192.32695982296,28.8987059726938,1.91313014677611,17.0088495092186,12.2659161791351,0.950716962142559,21.7446381190827,NA,NA,NA,NA,NA,NA,NA,NA,NA,NA,NA,NA,6.76056338028169,287916
"Cantabria",2013,"mujeres",19.2392512213744,100.248923753449,7.79164319773465,0,7.56869957073547,2.33876533151449,0.347765002931229,1.87214316142342,NA,NA,NA,NA,NA,NA,NA,NA,NA,NA,NA,NA,5.76441102756892,300615
"Cantabria",2014,"total",18.0672534552646,147.889867560958,17.1924956794575,1.86140451255783,10.1035866301166,7.85261322213597,0.656952791122207,12.0625615984609,1.75679778404691,0.78328843538135,3.23216679686301,0.661561178531546,3.24240057036231,16.0413259718453,NA,NA,NA,NA,99,67,6.37119113573407,586237
"Cantabria",2014,"hombres",17.6010647624892,206.676442027833,31.0949470142536,2.69048839961998,14.2040077176722,12.7890444553971,0.991568454557261,23.0910489974649,NA,NA,NA,NA,NA,NA,NA,NA,NA,NA,NA,NA,6.68604651162791,286749
"Cantabria",2014,"mujeres",18.4250858426164,94.2765118937512,4.49794053169237,1.13520242930934,6.45490590878086,3.48009504539763,0.355555812930888,2.12891790121663,NA,NA,NA,NA,NA,NA,NA,NA,NA,NA,NA,NA,6.08465608465609,299488
"Cantabria",2015,"total",18.3035322426767,148.217764269457,16.9137749858328,2.90976599038355,11.1253056552223,5.30489554668572,0.649248719980023,11.8086456560917,1.71791288143489,0.781453963012355,3.36046368232828,0.71089378576519,3.30051657280662,14.8021743954696,6.358,791173926,12443843000,"real",101,67,7.55494505494506,583551
"Cantabria",2015,"hombres",17.8770335414526,197.90872590177,30.1299491029068,4.5887249774451,12.6730974947434,8.70217881622086,0.933220533171004,21.1679790814886,NA,NA,NA,NA,NA,NA,NA,NA,NA,NA,NA,NA,7.34463276836158,285161
"Cantabria",2015,"mujeres",19.0543392421806,103.404054361585,4.7606614125342,1.42955091391409,9.66591122261595,2.25955577633189,0.392403449775832,3.34336702310125,NA,NA,NA,NA,NA,NA,NA,NA,NA,NA,NA,NA,7.75401069518717,298390
"Cantabria",2016,"total",18.833709878552,160.66534030459,19.41071631337,2.12443665593468,11.4733988537421,6.18345473980299,0.685207962398056,12.9938144787759,1.78366254549458,0.786074643528398,3.51572443875691,0.646482060122832,3.29212161241718,15.3122386179759,6.2946,807838982,12833899000,"real",88.59,75.43,6.64160401002506,581427
"Cantabria",2016,"hombres",18.345388203822,220.204939774207,30.9695568608777,2.75774014596283,15.1032148166481,8.29168511234327,0.950358743452309,21.7328317072998,NA,NA,NA,NA,NA,NA,NA,NA,NA,NA,NA,NA,7.92079207920792,283941
"Cantabria",2016,"mujeres",20.067485646478,106.320172790026,8.737226773007,1.52054629349181,8.16921786728265,4.35371954214369,0.443545668389001,5.02894655557857,NA,NA,NA,NA,NA,NA,NA,NA,NA,NA,NA,NA,5.32994923857868,297486
"Cantabria",2017,"total",18.907375215895,142.790271554925,16.7816300186691,3.08139149062439,12.8442059789135,5.68256456469386,0.665798635902016,12.3541088819509,1.83494766267947,0.828415536059038,3.53046684442364,0.646482060122832,3.26538059671947,16.9953625563841,6.2103,827085351,13318023000,"real",85.5,77.14,8.59,581107
"Cantabria",2017,"hombres",18.441663748923,185.748160936958,27.5097123000417,4.57833222942713,16.4184221870376,7.07407679150602,0.904038775968062,20.2061871609024,NA,NA,NA,NA,NA,NA,NA,NA,NA,NA,NA,NA,8.83,283604
"Cantabria",2017,"mujeres",20.1069119663416,103.467645262653,6.63378163522978,1.72972432082677,9.6669152525678,4.48346471848811,0.448561789153486,5.19427122709902,NA,NA,NA,NA,NA,NA,NA,NA,NA,NA,NA,NA,8.33,297503
"Cantabria",2018,"total",18.7207653201776,137.494930253438,18.5056588290431,2.45431555163955,10.2737054437731,7.75884260811905,0.65968943911033,12.1527578778063,1.88981582040898,0.800493047044906,3.61784412978112,0.765073000715485,3.28049995783198,16.7057527539627,6.1644,853389380,13843935000,"real",86.93,66.63,8.55018587360595,580971
"Cantabria",2018,"hombres",18.1690337953349,188.789069540462,32.9294111474887,3.25261077859309,14.3831906741727,12.2664613850667,0.974964577887103,22.5438072970865,NA,NA,NA,NA,NA,NA,NA,NA,NA,NA,NA,NA,7.2992700729927,283345
"Cantabria",2018,"mujeres",20.0138321314966,90.9817991030937,5.09349165561502,1.69844930188481,6.43211030825302,3.73495936610538,0.371089710002679,2.64089449655891,NA,NA,NA,NA,NA,NA,NA,NA,NA,NA,NA,NA,9.84848484848485,297627
"Cantabria",2019,"total",18.2979318666252,137.198355898023,16.3276450529461,3.24890780621386,10.220649280904,8.39451067726147,0.677545222823239,12.7412607699172,2.07950229432691,0.798070474400695,4.31024111915033,0.640579848632044,3.28423874748655,15.9004359563579,6.143,876879573,14274351000,"real",100.51,72.8,7.72151898734177,581877
"Cantabria",2019,"hombres",16.8818928662855,169.227099926777,27.8972594877785,4.66323094797414,14.3629081267778,10.6812461361265,0.918423261255819,20.6802806719731,NA,NA,NA,NA,NA,NA,NA,NA,NA,NA,NA,NA,7.10659898477157,283581
"Cantabria",2019,"mujeres",19.5514816926859,108.924107563678,5.65391181823457,1.96154603382965,6.30164253254702,6.39601224049382,0.459129444020443,5.54256708193392,NA,NA,NA,NA,NA,NA,NA,NA,NA,NA,NA,NA,8.33333333333333,298296
"Cantabria",2020,"total",17.7674761637921,127.949327326325,14.0517991680566,3.58628677521418,10.9149595577745,6.62241415404137,0.632424397786524,11.2541383643439,2.3507997698998,0.795356531821331,4.93513406770784,0.641587602335874,3.48412909651329,15.4946045073323,7.1073,923332337,12991241000,"real",144.92,66.31,7.24233983286908,582327
"Cantabria",2020,"hombres",16.4936524885937,165.780163697989,22.6006678834212,6.84571210208665,15.2517260934369,9.00143980660586,0.917957783522887,20.6649391447431,NA,NA,NA,NA,NA,NA,NA,NA,NA,NA,NA,NA,7.16332378223496,283778
"Cantabria",2020,"mujeres",18.8984879278827,93.783325907212,6.14376034661512,0.658616181540964,6.96109005450157,4.4880887327416,0.373793903963304,2.73002113430522,NA,NA,NA,NA,NA,NA,NA,NA,NA,NA,NA,NA,7.31707317073171,298549
"Cantabria",2021,"total",18.3675834753118,120.795055803867,13.7633802955711,3.36592657696167,9.63925416698391,5.74204406217531,0.584131935901222,9.66248302489706,2.24776080535625,0.804907646974904,4.38244827751622,0.648153203690951,3.33566332929011,15.6927483027903,7.0195,997231051,14206538000,"real",146.3,70.3,9.36599423631124,583485
"Cantabria",2021,"hombres",16.9472460920601,158.806611387266,24.286754263915,3.7243426115345,13.8624036422772,8.65608210034275,0.815135024443209,17.2760377071953,NA,NA,NA,NA,NA,NA,NA,NA,NA,NA,NA,NA,9.32944606413994,284341
"Cantabria",2021,"mujeres",19.6395435598033,86.5604353330313,4.01128532961434,3.02962558726238,5.69509343443277,3.09025696701808,0.372368944273091,2.68305635738391,NA,NA,NA,NA,NA,NA,NA,NA,NA,NA,NA,NA,9.4017094017094,299144
"Cantabria",2022,"total",17.6418094710709,126.490009415826,17.6621829557654,5.56458906068756,9.70224580581655,6.63743083061529,0.688596904970645,13.1055095204068,2.20425780589203,0.790652419729495,4.1197407519424,0.685465845042644,3.24658126449214,16.0580427619042,6.5835,1024213022,15557155000,"real",153.54,91.33,6.80907877169559,586319
"Cantabria",2022,"hombres",16.4634293841885,160.493869592722,28.4764741440766,7.41707165938304,12.7389402404217,9.86587433121732,0.945443841636495,21.5708430777581,NA,NA,NA,NA,NA,NA,NA,NA,NA,NA,NA,NA,6.47249190938511,284354
"Cantabria",2022,"mujeres",18.6772733207324,95.6794878588296,7.44905495541118,3.83005622540635,7.01863303733569,3.72543226729341,0.453021638384549,5.34126192843474,NA,NA,NA,NA,NA,NA,NA,NA,NA,NA,NA,NA,7.04545454545455,301965
"Cantabria",2023,"total",19.6597493894854,120.538127596181,13.8875855278016,4.92479954976769,7.03011156660834,6.99300008764271,0.619905737783797,10.8415399740737,2.25529842400629,0.788741026547317,4.16441108541116,0.703424668267364,3.11397487438039,15.6632846492429,6.4553,1080659864,16740663000,"real",173.01,89.9,6.6579634464752,589279
"Cantabria",2023,"hombres",18.1434061594914,154.023740043672,22.290353992776,7.60344065289138,7.650341653258,9.43732320190233,0.846390472630525,18.3061757256774,NA,NA,NA,NA,NA,NA,NA,NA,NA,NA,NA,NA,6.59340659340659,285492
"Cantabria",2023,"mujeres",21.0430092112504,90.5839460531448,6.11067766328765,2.47216184443543,6.51803781206861,4.81692335908525,0.415011475083801,4.08849748013287,NA,NA,NA,NA,NA,NA,NA,NA,NA,NA,NA,NA,6.71641791044776,303787
"Cantabria",2024,"total",NA,120.069724354903,17.4664821783407,4.35774876750171,8.09989239691478,7.95738067489794,0.651427694474571,11.8804617585096,2.3010037515998,0.813397046557051,4.07282736047312,0.671786520404868,3.07364057340811,NA,6.5181,1153704317,17700122000,"real",150.8,76.76,5.57432432432433,591481
"Cantabria",2024,"hombres",NA,147.243492396354,28.8065967295656,6.43035423566405,10.4045677736005,9.55316801271208,0.868838157227087,19.0460215660322,NA,NA,NA,NA,NA,NA,NA,NA,NA,NA,NA,NA,6.10169491525424,286394
"Cantabria",2024,"mujeres",NA,95.8618893994387,6.91172112475092,2.40721310251825,5.9541207832767,6.51782233791786,0.451359824895855,5.28649076521002,NA,NA,NA,NA,NA,NA,NA,NA,NA,NA,NA,NA,5.05050505050505,305087
"Cantabria",2025,"total",NA,NA,NA,NA,NA,NA,NA,NA,NA,NA,NA,NA,NA,NA,6.6596,1225308481,18399077585.3196,"proyeccion",137,61,NA,594803
"Cantabria",2025,"hombres",NA,NA,NA,NA,NA,NA,NA,NA,NA,NA,NA,NA,NA,NA,NA,NA,NA,NA,NA,NA,NA,288128
"Cantabria",2025,"mujeres",NA,NA,NA,NA,NA,NA,NA,NA,NA,NA,NA,NA,NA,NA,NA,NA,NA,NA,NA,NA,NA,306675
"Castilla y León",1990,"total",NA,3.86639144706026,40.5712358313907,8.269522496465,30.4654242449767,11.3802207430037,0.935924167788398,21.2570872840256,NA,NA,NA,NA,NA,NA,NA,NA,NA,NA,NA,NA,NA,2554531
"Castilla y León",1990,"hombres",NA,7.0031581498951,66.7776323999943,8.09706148283664,37.8098420060421,18.6669798813851,1.27966846572175,32.5864423396751,NA,NA,NA,NA,NA,NA,NA,NA,NA,NA,NA,NA,NA,1264360
"Castilla y León",1990,"mujeres",NA,0.957152367006871,17.3382254608908,8.33116897839006,23.9270564949462,5.30350014233108,0.634884409429123,11.3352170775257,NA,NA,NA,NA,NA,NA,NA,NA,NA,NA,NA,NA,NA,1290171
"Castilla y León",1991,"total",NA,5.33579209821226,44.2458752145971,6.89287383563422,33.1225562842054,12.5476948766652,0.970004296694795,22.3803230236269,NA,NA,NA,NA,NA,NA,NA,NA,NA,NA,NA,NA,NA,2543614
"Castilla y León",1991,"hombres",NA,10.130666336167,71.1312118434502,7.26082671418158,41.2232142777893,21.1902581508308,1.36496473459815,35.3976939613973,NA,NA,NA,NA,NA,NA,NA,NA,NA,NA,NA,NA,NA,1258243
"Castilla y León",1991,"mujeres",NA,0.942188377455153,20.0362080684747,6.64093969739213,25.76884995561,5.15900905945262,0.622367259014709,10.9226684412793,NA,NA,NA,NA,NA,NA,NA,NA,NA,NA,NA,NA,NA,1285371
"Castilla y León",1992,"total",NA,4.79048304633731,39.7486788904005,7.48269757756618,27.6614054589444,13.1204113120842,0.915347871575075,20.5789199167923,NA,NA,NA,NA,NA,NA,NA,NA,NA,NA,NA,NA,NA,2535612
"Castilla y León",1992,"hombres",NA,8.91715416116771,62.6900196473783,7.39465601206022,32.3265404417304,23.0778944187383,1.26430380169345,32.080043440453,NA,NA,NA,NA,NA,NA,NA,NA,NA,NA,NA,NA,NA,1253799
"Castilla y León",1992,"mujeres",NA,0.922812857490574,18.931673100951,7.47843171267902,23.2409193914408,4.57645978829762,0.602880873709132,10.2804230885408,NA,NA,NA,NA,NA,NA,NA,NA,NA,NA,NA,NA,NA,1281813
"Castilla y León",1993,"total",NA,4.95338952234991,38.2908934268254,8.28448270775261,28.7095338706936,11.5710085585659,0.911759402742993,20.4606487549163,NA,NA,NA,NA,NA,NA,NA,NA,NA,NA,NA,NA,NA,2527278
"Castilla y León",1993,"hombres",NA,9.43419981518753,62.5939792424454,7.98469560333423,35.8293938723359,19.9523618538392,1.260676816304,31.9605028240536,NA,NA,NA,NA,NA,NA,NA,NA,NA,NA,NA,NA,NA,1249161
"Castilla y León",1993,"mujeres",NA,0.721720059811696,16.1160504781963,8.5292665371536,22.1421259495145,4.17054721783469,0.595910565048072,10.0506909820204,NA,NA,NA,NA,NA,NA,NA,NA,NA,NA,NA,NA,NA,1278117
"Castilla y León",1994,"total",NA,5.40853797053546,41.4606337176477,6.07813855876342,24.6551546484366,11.6609706288435,0.836036802607923,17.9649325268219,NA,NA,NA,NA,NA,NA,NA,NA,NA,NA,NA,NA,NA,2519786
"Castilla y León",1994,"hombres",NA,9.78218938919196,67.0971440324683,6.22886591994553,30.5943233034813,20.3284615274808,1.19701443237841,29.8622752882998,NA,NA,NA,NA,NA,NA,NA,NA,NA,NA,NA,NA,NA,1245119
"Castilla y León",1994,"mujeres",NA,1.17983687312781,17.9910263084926,5.89675471698041,19.1656251519533,4.06789338352928,0.509356778160165,7.19799323849519,NA,NA,NA,NA,NA,NA,NA,NA,NA,NA,NA,NA,NA,1274667
"Castilla y León",1995,"total",NA,5.28692869295268,36.3684762851369,6.30239772001567,25.2544127412846,11.9354428102801,0.823652463694404,17.5567611810737,NA,NA,NA,NA,NA,NA,NA,NA,NA,NA,NA,NA,NA,2511502
"Castilla y León",1995,"hombres",NA,9.43051396721959,60.1614832238027,7.05700618226649,31.4839856739529,21.4744879459299,1.2069973793609,30.1912999486253,NA,NA,NA,NA,NA,NA,NA,NA,NA,NA,NA,NA,NA,1240730
"Castilla y León",1995,"mujeres",NA,1.32899342209104,14.5706672408264,5.53677780867971,19.7129131827215,3.49135191061229,0.476904186842187,6.12839897401506,NA,NA,NA,NA,NA,NA,NA,NA,NA,NA,NA,NA,NA,1270772
"Castilla y León",1996,"total",NA,5.77619742227999,38.0039323427124,6.74908004330766,21.8304523030778,11.3013275924931,0.800828413477046,16.8045108302313,1.37,NA,2.34,NA,4.41,NA,NA,NA,NA,NA,NA,NA,NA,2501934
"Castilla y León",1996,"hombres",NA,10.6388408456679,60.5363040022287,6.51983974763564,27.2237802445654,20.0136328718111,1.13117696510952,27.6923598973001,NA,NA,NA,NA,NA,NA,NA,NA,NA,NA,NA,NA,NA,1235576
"Castilla y León",1996,"mujeres",NA,1.10564165103708,17.0035770125368,6.98240725147142,16.9649458233308,3.57731207279694,0.501505670568235,6.9392311702257,NA,NA,NA,NA,NA,NA,NA,NA,NA,NA,NA,NA,NA,1266358
"Castilla y León",1997,"total",NA,5.25732009613051,36.5066167184612,5.71794230164082,21.0172428156729,11.0090410783599,0.75229625039802,15.2049552581195,1.39,NA,2.41,NA,4.4,NA,NA,NA,NA,NA,NA,NA,9.88604866030182,2491799
"Castilla y León",1997,"hombres",NA,9.78795375231083,61.2063781273057,6.53484350423342,28.7053315052095,19.041295620417,1.13156254072623,27.7050679570084,NA,NA,NA,NA,NA,NA,NA,NA,NA,NA,NA,NA,9.84943538268507,1230199
"Castilla y León",1997,"mujeres",NA,0.922572208717844,13.7977845332896,5.00095930240299,13.9837427834224,3.99731695721116,0.410851661543215,3.95139555626114,NA,NA,NA,NA,NA,NA,NA,NA,NA,NA,NA,NA,9.92135511191773,1261600
"Castilla y León",1998,"total",NA,5.41958578523685,34.9087524182878,6.76751367189124,19.2683759989896,11.3811383008998,0.759698245492759,15.4489151755717,1.41,NA,2.4,NA,4.28,NA,NA,NA,NA,NA,NA,NA,10.0145560407569,2480851
"Castilla y León",1998,"hombres",NA,10.0530081992562,57.7664792526518,7.90086548161976,24.651408009271,20.7355042700891,1.13698873788035,27.8839082011393,NA,NA,NA,NA,NA,NA,NA,NA,NA,NA,NA,NA,9.50118764845606,1224325
"Castilla y León",1998,"mujeres",NA,1.01765800360474,13.6999007517205,5.73731619382612,14.3345161371189,3.11158574091067,0.4175622702486,4.17256829751075,NA,NA,NA,NA,NA,NA,NA,NA,NA,NA,NA,NA,10.5082809822958,1256526
"Castilla y León",1999,"total",NA,156.737181976553,36.079598768011,6.14794574109534,18.8976471093254,11.8433169418493,1.04225398419606,24.7615766685098,1.44,NA,2.47,NA,4.33,NA,NA,NA,NA,NA,NA,NA,9.46629213483146,2469759
"Castilla y León",1999,"hombres",NA,217.286040604229,61.9847686781129,7.06326867130486,25.6220096210872,21.4004330182522,1.55379924027075,41.6214282149842,NA,NA,NA,NA,NA,NA,NA,NA,NA,NA,NA,NA,9.82495765104461,1218155
"Castilla y León",1999,"mujeres",NA,100.895157868054,12.2388800169582,5.21769162391128,12.8807426982906,3.48224413719288,0.578096894753261,9.46357609218058,NA,NA,NA,NA,NA,NA,NA,NA,NA,NA,NA,NA,9.11123532699833,1251604
"Castilla y León",2000,"total",NA,152.112373913398,35.6929851323986,5.37951814846848,18.477675943763,11.4551036399669,1.00101057537984,23.4022487465823,1.49,NA,2.54,NA,4.38,NA,NA,NA,NA,NA,NA,NA,10.1665709362435,2461528
"Castilla y León",2000,"hombres",NA,212.265541823731,59.8008010326658,7.25256578589177,22.5511842842513,20.2027146612693,1.48648149005897,39.4027246662064,NA,NA,NA,NA,NA,NA,NA,NA,NA,NA,NA,NA,9.84251968503937,1213573
"Castilla y León",2000,"mujeres",NA,96.8553220506384,13.3155050725528,3.69124170959636,14.7090601059923,3.74157933577905,0.559817481151122,8.86111092213184,NA,NA,NA,NA,NA,NA,NA,NA,NA,NA,NA,NA,10.5046948356808,1247955
"Castilla y León",2001,"total",NA,148.57619037353,32.9492311069418,5.8731659186005,18.1788685693872,9.07663955443451,0.948075346362613,21.6575739749745,1.49,NA,2.59,NA,4.37,NA,NA,NA,NA,NA,NA,NA,10.1417666303162,2456655
"Castilla y León",2001,"hombres",NA,205.852224133308,55.6356643496849,7.40791366800732,24.3292283980661,16.2804710600108,1.40548284373041,36.7331169700198,NA,NA,NA,NA,NA,NA,NA,NA,NA,NA,NA,NA,9.86286919831224,1210752
"Castilla y León",2001,"mujeres",NA,96.2963783276908,11.8590032596986,4.46539112326874,12.4666643769345,2.72300577862188,0.531080195089811,7.91396817945431,NA,NA,NA,NA,NA,NA,NA,NA,NA,NA,NA,NA,10.4401805869074,1245903
"Castilla y León",2002,"total",NA,150.881452390957,29.6718950700767,5.26680684918139,16.6096920510694,9.82872194977715,0.916234844046005,20.608153350214,1.47,NA,2.63,NA,4.21,23.0696620770281,NA,NA,NA,NA,NA,NA,10.9241379310345,2456598
"Castilla y León",2002,"hombres",NA,214.90230719383,48.0865993476702,7.29820011467269,20.6790320353041,17.3416665637882,1.36023651029552,35.2418579745044,NA,NA,NA,NA,NA,NA,NA,NA,NA,NA,NA,NA,10.4706504494976,1210647
"Castilla y León",2002,"mujeres",NA,91.6069876275932,12.2567297148003,3.35439182516383,12.8832762459637,3.14025945726847,0.507270696947794,7.12923877515728,NA,NA,NA,NA,NA,NA,NA,NA,NA,NA,NA,NA,11.4186851211073,1245951
"Castilla y León",2003,"total",NA,153.720790806456,32.1517403978852,5.40708159274106,14.6995187874019,8.43801485046771,0.896658283252263,19.9629359332729,1.48,NA,2.68,NA,4.17,24.4530051764611,NA,NA,NA,NA,NA,NA,11.5665796344648,2460407
"Castilla y León",2003,"hombres",NA,215.225846602394,53.8408698337668,6.57355193293661,20.460182554259,15.2797883545728,1.3371766723548,34.4818363737772,NA,NA,NA,NA,NA,NA,NA,NA,NA,NA,NA,NA,11.0208227526663,1212941
"Castilla y León",2003,"mujeres",NA,96.6205588085722,11.9166309393389,4.34616706572104,9.39204662472171,2.32397715627832,0.492147782075888,6.63080760672694,NA,NA,NA,NA,NA,NA,NA,NA,NA,NA,NA,NA,12.1440085975282,1247466
"Castilla y León",2004,"total",NA,145.668148000407,29.2418848569042,4.39050528466829,13.4321656347921,8.70517135443446,0.831410232936113,17.8124469414122,1.55,1.07,2.78,0.81,4.12,24.2058949694511,NA,NA,NA,NA,NA,NA,10.6542480690595,2465737
"Castilla y León",2004,"hombres",NA,209.556391421801,48.2368563398586,5.37577015643393,18.1493328411516,15.6630969746266,1.24860581554402,31.5626586872661,NA,NA,NA,NA,NA,NA,NA,NA,NA,NA,NA,NA,10.3478260869565,1215976
"Castilla y León",2004,"mujeres",NA,85.9539548730706,11.4181610903803,3.44411132433588,9.04078544853027,2.47627397172234,0.445285965320897,5.08630442874838,NA,NA,NA,NA,NA,NA,NA,NA,NA,NA,NA,NA,10.9895337773549,1249761
"Castilla y León",2005,"total",NA,146.602460391419,30.9133284948664,5.07508645337019,16.9408055026444,9.30379596871765,0.904423076673535,20.2188532012312,1.56,1.08,2.8,0.8,3.97,21.7418368285334,NA,NA,NA,NA,NA,NA,10.748959778086,2473223
"Castilla y León",2005,"hombres",NA,203.511414262917,53.2929029340494,6.15238268506363,21.7476119054131,16.6435775218615,1.33696614757997,34.474897757089,NA,NA,NA,NA,NA,NA,NA,NA,NA,NA,NA,NA,10.761154855643,1220128
"Castilla y León",2005,"mujeres",NA,93.1529787011123,9.87311355040991,4.08265706428278,12.4739177447726,2.71729740958327,0.504254485000981,7.02982843941068,NA,NA,NA,NA,NA,NA,NA,NA,NA,NA,NA,NA,10.7352941176471,1253095
"Castilla y León",2006,"total",19.3333589799923,148.557759789626,27.0702117956248,4.57656231433125,14.8567955924362,8.14747793255398,0.833929052678483,17.8954638913778,1.61,1.09,2.92,0.87,3.98,20.0850314824796,NA,NA,NA,NA,NA,NA,11.0883424408015,2479986
"Castilla y León",2006,"hombres",17.0837060970633,204.582731169538,44.9726927382979,5.05037648604979,19.1451176680496,15.3106170901296,1.2163724280433,30.5002890891738,NA,NA,NA,NA,NA,NA,NA,NA,NA,NA,NA,NA,9.89384288747346,1223911
"Castilla y León",2006,"mujeres",21.4168106891471,96.3770512895889,9.95937451895683,4.07688050168395,10.9569259206541,1.73042532447191,0.479066913569596,6.19967957162924,NA,NA,NA,NA,NA,NA,NA,NA,NA,NA,NA,NA,12.4693176239568,1256075
"Castilla y León",2007,"total",19.2091465901871,146.761243597255,28.1556087721014,4.42882272138955,15.1653903295809,7.62842398865571,0.826965076688925,17.6659405012908,1.66,1.08,3.01,0.84,3.6,21.7757250121247,NA,NA,NA,NA,NA,NA,11.3924050632911,2492034
"Castilla y León",2007,"hombres",16.9153784284143,202.716900706828,45.9273572878335,5.92035528454833,20.3342442486455,13.5034792122198,1.22110152172942,30.6561537297909,NA,NA,NA,NA,NA,NA,NA,NA,NA,NA,NA,NA,11.4806017418844,1230528
"Castilla y León",2007,"mujeres",21.3727443120566,94.0836320612219,11.1718476486486,3.0222788215391,10.3953436237659,2.33433551825764,0.459422151736797,5.55221433911329,NA,NA,NA,NA,NA,NA,NA,NA,NA,NA,NA,NA,11.288056206089,1261506
"Castilla y León",2008,"total",19.2214741530787,142.267488345364,23.7127216226783,4.46090139742944,13.7965933368408,7.61912109154689,0.780937635232606,16.1489372238638,1.67,1.09,3.05,0.86,3.57,19.6873904691123,NA,NA,NA,NA,NA,NA,9.98946259220232,2506454
"Castilla y León",2008,"hombres",17.3104370589102,195.902667248854,40.5203307245803,5.77735385338218,18.326793329403,13.5313010804084,1.15522340999694,28.4848987513077,NA,NA,NA,NA,NA,NA,NA,NA,NA,NA,NA,NA,9.95934959349593,1238620
"Castilla y León",2008,"mujeres",20.9965125953369,91.4772406488967,7.64722138665315,3.19889704689643,9.62005823961272,2.28517560783978,0.430900995844186,4.61219495945343,NA,NA,NA,NA,NA,NA,NA,NA,NA,NA,NA,NA,10.0218818380744,1267834
"Castilla y León",2009,"total",19.3492635988069,138.589564329072,25.4909931204813,3.70817276042381,12.7850851053924,6.24492022523586,0.731372388632912,14.5153325923838,1.79,1.08,3.2,0.85,3.59,21.2646814951831,NA,NA,NA,NA,NA,NA,12.0372422966083,2510617
"Castilla y León",2009,"hombres",17.5753426228381,192.020846899026,41.6595969237839,4.86577210225269,15.5408560561172,11.4739946161006,1.06867927864853,25.6325192415273,NA,NA,NA,NA,NA,NA,NA,NA,NA,NA,NA,NA,13.574097135741,1241756
"Castilla y León",2009,"mujeres",21.020401604068,87.5912590615294,9.8333093171204,2.60681904436776,10.2289533032379,1.39156007082773,0.411329545585761,3.96714597896194,NA,NA,NA,NA,NA,NA,NA,NA,NA,NA,NA,NA,10.2759276879163,1268861
"Castilla y León",2010,"total",19.6098293617134,134.930470585014,23.5340696568671,5.09968271556094,11.9004626971846,6.47999036098333,0.744323718411634,14.9421912032411,1.83447702575041,1.09,3.23087596778984,0.86,3.60041667518374,20.9352848261364,NA,NA,NA,NA,NA,NA,11.3183279742765,2495011
"Castilla y León",2010,"hombres",17.6432740090669,185.773657503792,38.9473116869011,6.75717776810789,17.1591868999105,11.8559365761843,1.11218308598289,27.0663468934381,NA,NA,NA,NA,NA,NA,NA,NA,NA,NA,NA,NA,10.9426229508197,1231241
"Castilla y León",2010,"mujeres",21.4898188567125,86.7377023050242,8.55493521523194,3.55160432007931,6.86006247363959,1.51061767897136,0.395776563187493,3.45454035663273,NA,NA,NA,NA,NA,NA,NA,NA,NA,NA,NA,NA,11.7303370786517,1263770
"Castilla y León",2011,"total",20.5450690370209,137.157440663368,22.8178400080826,4.6482873890653,10.2639866566093,5.97436233596432,0.708455564575297,13.7600245391084,1.84513655741724,1.1,3.17977057178298,0.87,3.68544186048384,21.1851784560392,NA,NA,NA,NA,NA,NA,12.6775056596007,2483838
"Castilla y León",2011,"hombres",19.0908821316998,183.49370650996,38.7820901021658,6.47433718984545,12.422702767246,10.8067859032168,1.03557220994579,24.5413542725657,NA,NA,NA,NA,NA,NA,NA,NA,NA,NA,NA,NA,12.4253285543608,1225087
"Castilla y León",2011,"mujeres",21.8091820895202,92.3381418613026,7.41367444280184,2.87895040977475,8.16248291318194,1.44403949340949,0.394501822419547,3.41252659567493,NA,NA,NA,NA,NA,NA,NA,NA,NA,NA,NA,NA,12.9471890971039,1258751
"Castilla y León",2012,"total",19.6478499363268,134.203891497361,20.4540783776753,5.20079992456373,10.2643590546509,7.03363685361161,0.721806862616979,14.2000655721594,1.88900294835159,1.1,3.20559303673732,0.87,3.62042019073947,17.860359476042,NA,NA,NA,NA,97,39,10.299548625359,2468490
"Castilla y León",2012,"hombres",18.1553054502648,181.106538221413,33.5948844407189,7.61684473264861,13.1090829643724,13.06090604159,1.07636305553935,25.8857663123526,NA,NA,NA,NA,NA,NA,NA,NA,NA,NA,NA,NA,9.34991974317817,1216784
"Castilla y León",2012,"mujeres",21.0359072584515,89.1213676875378,7.64373512695159,2.90123616746606,7.60110105597977,1.45740814488923,0.384985535946631,3.09888244532501,NA,NA,NA,NA,NA,NA,NA,NA,NA,NA,NA,NA,11.2930310663308,1251706
"Castilla y León",2013,"total",19.5014575902115,138.512530037494,21.6034658230985,5.05848346126262,10.1553730161858,5.99000839911972,0.713913547269109,13.9399123923689,1.80498645462199,1.1,3.06735982827892,0.88,3.44718898495446,16.7828041624839,NA,NA,NA,NA,84,46,11.622125543816,2506329
"Castilla y León",2013,"hombres",18.0093542792981,184.003704788129,35.8254860735578,6.84879410121234,11.854224496783,10.1977944858745,1.01365135354302,23.8188719890661,NA,NA,NA,NA,NA,NA,NA,NA,NA,NA,NA,NA,10.6967213114754,1241110
"Castilla y León",2013,"mujeres",20.9136060574396,94.6948100290188,7.55325040526587,3.31940139511981,8.56736883110607,2.02362302823299,0.424819182531248,4.4117464783624,NA,NA,NA,NA,NA,NA,NA,NA,NA,NA,NA,NA,12.5680770842061,1265219
"Castilla y León",2014,"total",19.3450825797373,132.075177673248,21.3358008617469,5.61430116653649,10.6369376807496,6.90443508777745,0.734647823754312,14.6232865793305,1.86054895851105,1.09875235208203,3.13726216036129,0.882761870703168,3.44547593679284,18.4758071041104,NA,NA,NA,NA,79,46,13.6975296244226,2485344
"Castilla y León",2014,"hombres",17.921653684197,177.163723303866,36.3553193012503,8.29793060418717,13.3480831734418,11.5255933141967,1.07776235270534,25.9318852865935,NA,NA,NA,NA,NA,NA,NA,NA,NA,NA,NA,NA,11.361804995971,1229989
"Castilla y León",2014,"mujeres",20.7037508127873,88.226187716955,6.56450175491492,3.03325071770141,8.00249442818252,2.51026718183596,0.402507266469488,3.67637538841186,NA,NA,NA,NA,NA,NA,NA,NA,NA,NA,NA,NA,16.0192230676812,1255355
"Castilla y León",2015,"total",19.5073459881755,131.079260277413,22.7845358724929,4.02769474167801,9.27667433153106,6.39649460509988,0.678468667617886,12.7716962826392,1.93762690584342,1.10136695613281,3.24627529955558,0.888660208116318,3.47783347520158,16.9295512586133,6.1156,3252486438,53183396000,"real",80,47,13.4506472491909,2464417
"Castilla y León",2015,"hombres",17.6841693046725,174.019463223947,38.9536248802449,6.09135081693771,11.8153163498791,10.9736573439209,1.00568345417949,23.5562606192779,NA,NA,NA,NA,NA,NA,NA,NA,NA,NA,NA,NA,11.1958266452648,1218853
"Castilla y León",2015,"mujeres",21.2834619179292,89.2673730574588,6.74556428497855,1.98641732483184,6.81554117784358,2.04875450138726,0.35936406871522,2.25443294883438,NA,NA,NA,NA,NA,NA,NA,NA,NA,NA,NA,NA,15.742251223491,1245564
"Castilla y León",2016,"total",20.3325745234776,128.850925584471,19.907070278532,4.35621024702554,9.64148116675268,5.27150202537171,0.650927954363976,11.8639909888633,1.96245234526558,1.09921062066339,3.26938995802169,0.899561819485945,3.42733545536792,17.4138530905529,6.0132,3285027920,54630532000,"real",107.04,59.22,13.9540507859734,2444111
"Castilla y León",2016,"hombres",17.8416444536145,169.465515492449,32.4221227147639,6.11888248902102,12.5371874753503,8.34731492974474,0.92355446178479,20.8493982195337,NA,NA,NA,NA,NA,NA,NA,NA,NA,NA,NA,NA,10.6045589692765,1208103
"Castilla y León",2016,"mujeres",22.8047474625396,89.0428620004819,7.47115380640732,2.61129778923319,6.8471264096201,2.31771646760151,0.383799108242564,3.05977936554144,NA,NA,NA,NA,NA,NA,NA,NA,NA,NA,NA,NA,17.1469059990553,1236008
"Castilla y León",2017,"total",20.2949810121082,127.835530219833,20.6134243288706,4.0664490450206,7.96378653616982,6.28510685974956,0.646461642523089,11.7167872884998,2.03103497366298,1.10777404978737,3.41999550217773,0.899561819485945,3.47405189826669,17.4828990927753,6.1681,3446716392,55879293000,"real",77.76,70.45,11.86,2423871
"Castilla y León",2017,"hombres",17.860367397463,165.523328708487,33.5215466576409,5.94542249425438,10.2134448663001,10.8848135839486,0.938365801252923,21.3375602768918,NA,NA,NA,NA,NA,NA,NA,NA,NA,NA,NA,NA,10.57,1197430
"Castilla y León",2017,"mujeres",22.7077410231042,91.086315711109,7.75454338378912,2.24454603673825,5.76019379683007,1.83012378072563,0.360988013560425,2.30795601191565,NA,NA,NA,NA,NA,NA,NA,NA,NA,NA,NA,NA,13.16,1226441
"Castilla y León",2018,"total",20.2658734113099,125.511230733927,19.3563076251861,4.14825546132482,9.90740377834853,5.5414292125988,0.643413478256944,11.6163238467882,2.03333305680225,1.10571884100523,3.53406724682888,0.898743295699347,3.52286773794808,17.4537276663035,6.0777,3544930466,58326859000,"real",65.39,61.86,12.7168853152772,2410369
"Castilla y León",2018,"hombres",17.9537619068952,161.231624344989,32.4492119662778,6.09318958912182,12.1408736503467,8.86837189576175,0.912421833640654,20.4824815966087,NA,NA,NA,NA,NA,NA,NA,NA,NA,NA,NA,NA,11.6966580976864,1190354
"Castilla y León",2018,"mujeres",22.5331487749336,90.4125257102299,6.24941081491644,2.20630043953019,7.68570626594562,2.32428697121867,0.377572230592463,2.85454975675891,NA,NA,NA,NA,NA,NA,NA,NA,NA,NA,NA,NA,13.7123745819398,1220015
"Castilla y León",2019,"total",20.1169222381569,117.7678942228,19.2696358812536,4.70802842114849,8.34082095925215,6.28261057439885,0.639819197012148,11.4978611155168,2.09470758581309,1.11873935829352,3.57636047782473,0.888182518275401,3.50227783322415,17.1252987525241,5.943,3544930466,59649198000,"real",93.67,65.79,11.3865546218487,2402729
"Castilla y León",2019,"hombres",18.136475681879,156.525339647437,31.4921776288473,7.66225928437217,10.6285489799581,9.30372728277221,0.930769403643213,21.0871931110021,NA,NA,NA,NA,NA,NA,NA,NA,NA,NA,NA,NA,11.096884336321,1186035
"Castilla y León",2019,"mujeres",22.1011486603578,79.8084247357914,7.06118621513622,1.81660027377564,6.10577425050149,3.30251207958402,0.353277984603296,2.05384370788672,NA,NA,NA,NA,NA,NA,NA,NA,NA,NA,NA,NA,11.6673562267273,1216694
"Castilla y León",2020,"total",18.2815598698014,121.611570024031,20.1037323981759,5.4265079610953,8.01251605119704,4.83642391826698,0.642203972371145,11.576460140817,2.1180912171769,1.11537603889961,3.87152783585859,0.877232862892314,3.54367324271611,15.9980971854647,6.4695,3544930466,54794589000,"real",151.85,113.5,10.7350340995201,2391406
"Castilla y León",2020,"hombres",16.4587844295554,158.638621055931,32.9676409250376,8.15543426919628,10.1742009561529,7.25752304256105,0.916237805189879,20.6082509455793,NA,NA,NA,NA,NA,NA,NA,NA,NA,NA,NA,NA,10.2985074626866,1180232
"Castilla y León",2020,"mujeres",20.1829722857197,85.1076339531524,7.24022640811079,2.74530896034213,5.87021377454805,2.48936717193835,0.371834544062059,2.66544323690746,NA,NA,NA,NA,NA,NA,NA,NA,NA,NA,NA,NA,11.1852231913802,1211174
"Castilla y León",2021,"total",19.9209731299405,118.208222095187,21.0578771622535,5.8159045085762,8.6065779886158,4.76007944975894,0.65547720847788,12.0139283562747,2.27439585834699,1.1085437140503,3.99952427640213,0.892813049885767,3.59608376937828,16.7197087835297,7.2596,4316967631,59465900000,"real",143.55,76.88,10.1321585903084,2047255
"Castilla y León",2021,"hombres",17.8080641385484,154.293393534645,34.8473715293669,9.31183822747294,12.0477841454301,7.21984152374622,0.965577822798567,22.2344323289552,NA,NA,NA,NA,NA,NA,NA,NA,NA,NA,NA,NA,9.90338164251208,1027817
"Castilla y León",2021,"mujeres",22.091654622968,82.6892446490315,7.26160464990145,2.37324274356754,5.18009305074133,2.36896954733036,0.349086595355092,1.91570109067147,NA,NA,NA,NA,NA,NA,NA,NA,NA,NA,NA,NA,10.3670634920635,1019438
"Castilla y León",2022,"total",19.5477076064633,116.868623837928,19.0570457041299,5.4868308814975,8.76896434047199,5.63985108248479,0.649981832587092,11.8328080729556,2.1654332044876,1.09724448102887,3.99542418079705,0.887566162156133,3.58801128634729,16.8316061144226,6.5941,4316967631,65467208000,"real",123.48,94.86,12.6763668430335,2378252
"Castilla y León",2022,"hombres",17.6313729535597,149.688231247226,30.9861923766717,8.11844668320071,10.7757794464257,9.14414622896118,0.925292013379374,20.9066656100356,NA,NA,NA,NA,NA,NA,NA,NA,NA,NA,NA,NA,13.2100991884581,1171065
"Castilla y León",2022,"mujeres",21.5002992589887,84.6570464073959,7.20647079798006,2.87328856500766,6.80113935794852,2.22242599769464,0.378588255900654,2.8880366001225,NA,NA,NA,NA,NA,NA,NA,NA,NA,NA,NA,NA,12.1656600517688,1207187
"Castilla y León",2023,"total",19.8513271720884,116.030017027286,18.7731770759842,5.84201076217934,8.90076009373533,5.82842376684981,0.660356790853899,12.1747529040376,2.28635962045591,1.08896283612789,4.24298003693415,0.885643825585027,3.48113984046664,16.5139670209038,6.7102,4690046743,69893920000,"real",116.47,89.54,11.0332027222108,2383702
"Castilla y León",2023,"hombres",18.6704593695305,145.765509420813,31.6849111279303,8.31812814966934,11.25257436538,8.94514948023897,0.928083447224023,20.9986675583749,NA,NA,NA,NA,NA,NA,NA,NA,NA,NA,NA,NA,11.9686339248865,1170843
"Castilla y León",2023,"mujeres",20.7925627298789,86.9889789111587,5.99255274234394,3.40907975216919,6.6111940157856,2.80959279634581,0.398058916554261,3.52976368923789,NA,NA,NA,NA,NA,NA,NA,NA,NA,NA,NA,NA,10.0989282769992,1212859
"Castilla y León",2024,"total",NA,106.46015665189,17.684707414756,3.54299686117313,10.3548849838846,7.43208952575971,0.619089088906041,10.8146243127885,2.37516277478245,1.08810990295722,4.31068199967121,0.878116262764613,3.44101602419169,NA,6.5044,4812765002,73992645000,"real",94.76,88.94,11.7111650485437,2390573
"Castilla y León",2024,"hombres",NA,139.852369184637,29.1500096082912,5.74696229743071,13.9257189015566,11.2163456436112,0.902055518414448,20.1408216286542,NA,NA,NA,NA,NA,NA,NA,NA,NA,NA,NA,NA,11.2788259958071,1174709
"Castilla y León",2024,"mujeres",NA,74.1583457440156,6.27522143378516,1.4203664743265,6.84127116771702,3.78704481231382,0.343511397512518,1.73194998194396,NA,NA,NA,NA,NA,NA,NA,NA,NA,NA,NA,NA,12.1141070730754,1215864
"Castilla y León",2025,"total",NA,NA,NA,NA,NA,NA,NA,NA,NA,NA,NA,NA,NA,NA,6.2314,4812765002,77233592986.7985,"proyeccion",87,102,NA,2408383
"Castilla y León",2025,"hombres",NA,NA,NA,NA,NA,NA,NA,NA,NA,NA,NA,NA,NA,NA,NA,NA,NA,NA,NA,NA,NA,1186809
"Castilla y León",2025,"mujeres",NA,NA,NA,NA,NA,NA,NA,NA,NA,NA,NA,NA,NA,NA,NA,NA,NA,NA,NA,NA,NA,1221574
"Castilla-La Mancha",1990,"total",NA,2.40390387479373,46.3488260797195,11.7980730520407,43.3244512856522,16.0367432907772,1.26026425564956,31.9469053733778,NA,NA,NA,NA,NA,NA,NA,NA,NA,NA,NA,NA,NA,1658857
"Castilla-La Mancha",1990,"hombres",NA,4.19563998357214,68.2808689381022,9.8857202615787,53.4433027117329,26.8568309254897,1.62065423709306,43.8248800272704,NA,NA,NA,NA,NA,NA,NA,NA,NA,NA,NA,NA,NA,823042
"Castilla-La Mancha",1990,"mujeres",NA,0.738709865182874,26.4002455239243,13.2706841600203,34.5142026866529,6.82554775596694,0.940197788339038,21.3979401356436,NA,NA,NA,NA,NA,NA,NA,NA,NA,NA,NA,NA,NA,835815
"Castilla-La Mancha",1991,"total",NA,3.60415490119929,47.3298319290547,11.1179383291378,40.9013361268811,18.2935715618018,1.26552188149267,32.1201897312116,NA,NA,NA,NA,NA,NA,NA,NA,NA,NA,NA,NA,NA,1662139
"Castilla-La Mancha",1991,"hombres",NA,6.14572161529975,71.3807459826445,9.54199029941496,48.0417123682086,30.536579195689,1.64290792232357,44.5583319064401,NA,NA,NA,NA,NA,NA,NA,NA,NA,NA,NA,NA,NA,824747
"Castilla-La Mancha",1991,"mujeres",NA,1.22195571467055,25.534706119723,12.3866208482317,34.3324849900012,7.58495031632403,0.924946285825395,20.8952708894974,NA,NA,NA,NA,NA,NA,NA,NA,NA,NA,NA,NA,NA,837392
"Castilla-La Mancha",1992,"total",NA,2.95524617758909,48.6659175293356,10.9174927352405,37.6659855953639,19.3915281535368,1.25376642657657,31.7327455659239,NA,NA,NA,NA,NA,NA,NA,NA,NA,NA,NA,NA,NA,1669966
"Castilla-La Mancha",1992,"hombres",NA,5.45240014898849,73.7092750196306,10.3252426417529,45.3313081086952,33.1007332213145,1.69179859027366,46.1697033224738,NA,NA,NA,NA,NA,NA,NA,NA,NA,NA,NA,NA,NA,828815
"Castilla-La Mancha",1992,"mujeres",NA,0.643722498699232,25.4206649382353,11.378746125644,30.651805672758,7.14679319404,0.854117342852116,18.5608430953927,NA,NA,NA,NA,NA,NA,NA,NA,NA,NA,NA,NA,NA,841151
"Castilla-La Mancha",1993,"total",NA,3.17623959225667,47.2938303840003,10.2840084062941,32.6999932979289,22.0571084321526,1.22736666425831,30.8626444981055,NA,NA,NA,NA,NA,NA,NA,NA,NA,NA,NA,NA,NA,1678591
"Castilla-La Mancha",1993,"hombres",NA,5.78020906106308,70.9982808373685,9.70840328134054,36.9127685536087,37.3694416603788,1.65218646258608,44.8641402577759,NA,NA,NA,NA,NA,NA,NA,NA,NA,NA,NA,NA,NA,833300
"Castilla-La Mancha",1993,"mujeres",NA,0.695023649556443,25.5155012506769,10.7467949572776,28.8736166548407,8.32160744078273,0.841318673106362,18.1390159562622,NA,NA,NA,NA,NA,NA,NA,NA,NA,NA,NA,NA,NA,845291
"Castilla-La Mancha",1994,"total",NA,3.67076544811187,44.8106938462819,11.3277418183287,31.1949011463726,19.5866420393204,1.18420798848145,29.4401919234811,NA,NA,NA,NA,NA,NA,NA,NA,NA,NA,NA,NA,NA,1687817
"Castilla-La Mancha",1994,"hombres",NA,6.84937688375714,70.6367401900541,11.1656899014795,38.7848234348272,34.1557125009896,1.65279021625714,44.8840391760903,NA,NA,NA,NA,NA,NA,NA,NA,NA,NA,NA,NA,NA,838116
"Castilla-La Mancha",1994,"mujeres",NA,0.710771760933653,20.8704619513958,11.3960047419083,24.1714313689774,6.43709735354657,0.753914856475052,15.2583023624996,NA,NA,NA,NA,NA,NA,NA,NA,NA,NA,NA,NA,NA,849701
"Castilla-La Mancha",1995,"total",NA,2.9395203442954,42.8715912296071,10.5906688994968,28.4367205907229,18.4826182090115,1.10745912109044,26.910651291042,NA,NA,NA,NA,NA,NA,NA,NA,NA,NA,NA,NA,NA,1697263
"Castilla-La Mancha",1995,"hombres",NA,5.0651601079655,66.7617608833127,8.89706871042327,33.9315809193931,31.1578894355585,1.47146451953001,38.9077852824678,NA,NA,NA,NA,NA,NA,NA,NA,NA,NA,NA,NA,NA,843052
"Castilla-La Mancha",1995,"mujeres",NA,0.919567342427604,20.8289741958499,12.1295748197111,23.2975369890869,7.07324081647192,0.77508431710136,15.9560196401795,NA,NA,NA,NA,NA,NA,NA,NA,NA,NA,NA,NA,NA,854211
"Castilla-La Mancha",1996,"total",NA,2.96565576407564,43.3526207210705,10.6422191931211,27.2539679352538,16.5534619030917,1.06704793124382,25.5787521999264,1.1,NA,1.86,NA,3.02,NA,NA,NA,NA,NA,NA,NA,NA,1704208
"Castilla-La Mancha",1996,"hombres",NA,5.44507830597404,68.0547764005743,11.4102195605304,34.7249679287676,28.6739298075519,1.50879802476709,40.1382479806007,NA,NA,NA,NA,NA,NA,NA,NA,NA,NA,NA,NA,NA,846758
"Castilla-La Mancha",1996,"mujeres",NA,0.67087568003202,20.4734841009672,9.96823065552234,20.334048082362,5.53319404642071,0.6623593379933,12.240754195388,NA,NA,NA,NA,NA,NA,NA,NA,NA,NA,NA,NA,NA,857450
"Castilla-La Mancha",1997,"total",NA,3.78127532707007,44.1286480030745,9.21164276565285,27.6139806324312,16.4863254868065,1.03885308755196,24.6494876365748,1.15,NA,1.88,NA,3.04,NA,NA,NA,NA,NA,NA,NA,10.4056437389771,1709823
"Castilla-La Mancha",1997,"hombres",NA,6.61963277554703,69.1541000123752,9.64956746053025,33.6845073168009,27.3828680968456,1.44012602758202,37.8749102520398,NA,NA,NA,NA,NA,NA,NA,NA,NA,NA,NA,NA,9.00109769484084,849694
"Castilla-La Mancha",1997,"mujeres",NA,1.06894030712697,20.760076004251,8.77180112586058,22.0071456644513,6.55048677957093,0.667927039156172,12.4242582235193,NA,NA,NA,NA,NA,NA,NA,NA,NA,NA,NA,NA,12.0253164556962,860129
"Castilla-La Mancha",1998,"total",NA,3.58759964911555,37.9587733248172,9.93521270014438,27.7807855814906,15.8355656098251,1.01303560978847,23.7985778935405,1.14,NA,1.91,NA,2.99,NA,NA,NA,NA,NA,NA,NA,11.4255205552589,1716276
"Castilla-La Mancha",1998,"hombres",NA,5.2478965772305,60.1657960631579,9.94369837851459,35.8466331728328,27.5390588910878,1.41866146200674,37.1674667075804,NA,NA,NA,NA,NA,NA,NA,NA,NA,NA,NA,NA,11.4897760467381,852956
"Castilla-La Mancha",1998,"mujeres",NA,1.97617264660646,17.2765132753992,9.90993266531201,20.3494972016662,5.2326767510845,0.640549190030597,11.5219207148873,NA,NA,NA,NA,NA,NA,NA,NA,NA,NA,NA,NA,11.3475177304965,863320
"Castilla-La Mancha",1999,"total",NA,136.221010546909,41.7745609713452,7.40159725877021,24.6625145846262,14.5984730286519,1.17026067340452,28.9805069613464,1.2,NA,2.01,NA,2.93,NA,NA,NA,NA,NA,NA,NA,12.0182555780933,1724184
"Castilla-La Mancha",1999,"hombres",NA,190.459123500056,66.3434598127039,8.08026872041163,30.256217794073,26.2731065379461,1.68140979659553,45.8273024946288,NA,NA,NA,NA,NA,NA,NA,NA,NA,NA,NA,NA,10.4477611940299,857000
"Castilla-La Mancha",1999,"mujeres",NA,86.4782629938129,18.7464614389929,6.71350710974875,19.5251392699416,4.0591604099525,0.699829494309294,13.4757207314057,NA,NA,NA,NA,NA,NA,NA,NA,NA,NA,NA,NA,13.8888888888889,867184
"Castilla-La Mancha",2000,"total",NA,135.526298440464,39.6882062589223,8.33630725121239,24.2294506700037,12.5752455120846,1.14237571178831,28.0614556992233,1.21,NA,2.05,NA,2.86,NA,NA,NA,NA,NA,NA,NA,10.2061855670103,1734696
"Castilla-La Mancha",2000,"hombres",NA,185.121945901534,59.587278940887,9.08616559420617,27.9463394611434,21.4284594117149,1.55401687054178,41.6286010193801,NA,NA,NA,NA,NA,NA,NA,NA,NA,NA,NA,NA,8.81782945736434,862555
"Castilla-La Mancha",2000,"mujeres",NA,89.8311815576518,20.9604421288402,7.62217686963099,20.7467852050285,4.59253215598924,0.762725323140098,15.5486836303618,NA,NA,NA,NA,NA,NA,NA,NA,NA,NA,NA,NA,11.784140969163,872141
"Castilla-La Mancha",2001,"total",NA,138.031784803791,38.7180786584463,7.79190423204518,26.149415395451,11.8065219901993,1.13349540236226,27.7687725068139,1.24,NA,2.17,NA,2.8,NA,NA,NA,NA,NA,NA,NA,11.3460546673543,1750380
"Castilla-La Mancha",2001,"hombres",NA,189.468114608869,61.5384174477825,9.61822074566437,32.8183091337484,20.4353052565362,1.61735011600612,43.7159805890372,NA,NA,NA,NA,NA,NA,NA,NA,NA,NA,NA,NA,10.1058710298364,871139
"Castilla-La Mancha",2001,"mujeres",NA,91.1621652834372,17.5549643154832,6.12936752586789,20.0254020671665,3.98963951789235,0.690903818991465,13.1815423395165,NA,NA,NA,NA,NA,NA,NA,NA,NA,NA,NA,NA,12.7777777777778,879241
"Castilla-La Mancha",2002,"total",NA,135.340319603961,31.3482570378163,7.51382376577879,21.2256571012738,14.3479450004527,1.07545876626904,25.8559621402457,1.36,NA,2.31,NA,2.76,25.4902309187706,NA,NA,NA,NA,NA,NA,11.4126097366321,1775307
"Castilla-La Mancha",2002,"hombres",NA,185.793686533887,48.4865135516082,8.65091734726272,27.7227078942588,26.0358750051743,1.55870021335931,41.7829577721935,NA,NA,NA,NA,NA,NA,NA,NA,NA,NA,NA,NA,11.0602593440122,884608
"Castilla-La Mancha",2002,"mujeres",NA,88.8091713901426,15.403973078659,6.4162699851926,15.2074146301879,3.74080665015361,0.630448404025979,11.1890122370581,NA,NA,NA,NA,NA,NA,NA,NA,NA,NA,NA,NA,11.7991631799163,890699
"Castilla-La Mancha",2003,"total",NA,133.068315943821,30.8525180631425,7.2226593077221,21.0990165918414,11.7994212461469,1.01625130042132,23.9045627815744,1.44,NA,2.4,NA,2.68,27.2557704787528,NA,NA,NA,NA,NA,NA,14.0568682418903,1806711
"Castilla-La Mancha",2003,"hombres",NA,183.32924769498,49.0383362483704,7.93383901725767,29.0293666594648,21.2077381938986,1.46923276945675,38.83422976714,NA,NA,NA,NA,NA,NA,NA,NA,NA,NA,NA,NA,13.2660977501939,901177
"Castilla-La Mancha",2003,"mujeres",NA,87.0322436999811,13.8601880385989,6.53583963894078,13.7810051398039,3.34264917021627,0.600786046422255,10.211380366215,NA,NA,NA,NA,NA,NA,NA,NA,NA,NA,NA,NA,14.9006622516556,905534
"Castilla-La Mancha",2004,"total",NA,133.750175994234,31.4463629979449,6.73992289284861,19.7114085905902,10.015413017612,0.964579830623475,22.2015398336837,1.51,0.79,2.43,0.7,2.64,26.2415030694027,NA,NA,NA,NA,NA,NA,13.261421319797,1839900
"Castilla-La Mancha",2004,"hombres",NA,187.772112866372,50.0748083560187,8.75436510149857,24.6023793794669,18.0531134611545,1.40731588866847,36.7935316941653,NA,NA,NA,NA,NA,NA,NA,NA,NA,NA,NA,NA,12.0157215047726,919060
"Castilla-La Mancha",2004,"mujeres",NA,84.0870084755812,13.8952350456439,4.8412398289203,15.1302718656972,2.79874184546136,0.556114438136216,8.73906354751519,NA,NA,NA,NA,NA,NA,NA,NA,NA,NA,NA,NA,14.8796498905908,920840
"Castilla-La Mancha",2005,"total",NA,128.848944933221,30.8068849622241,8.70468805575187,18.5831312555517,12.3416471894263,1.0304122097077,24.3712875248814,1.58,0.78,2.53,0.7,2.58,23.6902792203993,NA,NA,NA,NA,NA,NA,16.2009512485137,1874753
"Castilla-La Mancha",2005,"hombres",NA,180.768444253607,49.4257078429258,8.94933339529138,22.2928346085643,21.9479608733032,1.43923463861868,37.8455312569,NA,NA,NA,NA,NA,NA,NA,NA,NA,NA,NA,NA,14.2621145374449,938414
"Castilla-La Mancha",2005,"mujeres",NA,81.1884165382098,13.2748044054715,8.4618227304962,15.0992461510954,3.59903674745055,0.652727200700446,11.9232917560353,NA,NA,NA,NA,NA,NA,NA,NA,NA,NA,NA,NA,18.4754521963824,936339
"Castilla-La Mancha",2006,"total",17.4878266237783,123.537382403073,28.5967512180165,6.37609852559238,16.8987143987799,7.48399665440536,0.849363704321478,18.4041694893326,1.58,0.78,2.65,0.7,2.61,21.0058681575205,NA,NA,NA,NA,NA,NA,16.3540445486518,1909039
"Castilla-La Mancha",2006,"hombres",17.0918982218892,171.014327607724,46.7470498368046,7.42111558129833,21.7899346969429,14.2625845118352,1.23082518481373,30.9766327375475,NA,NA,NA,NA,NA,NA,NA,NA,NA,NA,NA,NA,14.4637053087757,957400
"Castilla-La Mancha",2006,"mujeres",18.109359391102,79.6312675355506,11.4180212461828,5.34372564339886,12.3965661450655,1.36903776187608,0.495547967492331,6.74287319754409,NA,NA,NA,NA,NA,NA,NA,NA,NA,NA,NA,NA,18.5823754789272,951639
"Castilla-La Mancha",2007,"total",17.431720637849,132.851987699135,27.1683576164405,7.00046514801879,17.1114005475685,10.3094686081626,0.925275265641959,20.9061136268764,1.64,0.78,2.87,0.71,2.63,20.7512475196142,NA,NA,NA,NA,NA,NA,17.0731707317073,1951388
"Castilla-La Mancha",2007,"hombres",16.9798119063892,183.541744402134,43.4751687917034,8.86595232149888,21.9604211438097,18.5038558255206,1.34719931573795,34.8121693746927,NA,NA,NA,NA,NA,NA,NA,NA,NA,NA,NA,NA,15.256064690027,980776
"Castilla-La Mancha",2007,"mujeres",18.1218990989651,86.4437387512167,11.9170525525507,5.15787407322491,12.6246470342903,2.98534463729071,0.536339611869748,8.08731156418471,NA,NA,NA,NA,NA,NA,NA,NA,NA,NA,NA,NA,18.9520624303233,970612
"Castilla-La Mancha",2008,"total",17.3302773571025,125.160047109447,27.0761509128598,6.92582366523755,15.5145703393366,10.5659687639318,0.897023489678441,19.9749726515418,1.76,0.81,2.84,0.73,2.63,19.7564610408127,NA,NA,NA,NA,NA,NA,16.6167256878235,2001643
"Castilla-La Mancha",2008,"hombres",16.9250321181826,176.429553024193,43.5847204992857,10.868526703046,20.9743836036077,18.9984287431301,1.38411674501457,36.0289187623371,NA,NA,NA,NA,NA,NA,NA,NA,NA,NA,NA,NA,14.8051948051948,1008340
"Castilla-La Mancha",2008,"mujeres",17.7577718700034,78.0557593515019,11.4058270843767,3.3500692005446,10.5921542427346,3.06120331601197,0.452940488902054,5.33858734937905,NA,NA,NA,NA,NA,NA,NA,NA,NA,NA,NA,NA,18.6139747995418,993303
"Castilla-La Mancha",2009,"total",17.2891805184065,123.287276983152,25.3848558651897,6.05940767277859,15.0268495544696,9.03145632080411,0.831022500987362,17.7996678118667,2,0.81,2.86,0.72,2.64,18.9840589975993,NA,NA,NA,NA,NA,NA,15.0648662960021,2037771
"Castilla-La Mancha",2009,"hombres",17.1038558781621,170.294998523865,41.0676034654038,7.12718661959646,19.7861845196675,17.2850217547641,1.22228128148748,30.6950370429388,NA,NA,NA,NA,NA,NA,NA,NA,NA,NA,NA,NA,12.3237597911227,1028301
"Castilla-La Mancha",2009,"mujeres",17.3671001270785,80.114940088587,10.419050004089,5.07562064581807,10.6566527848331,1.64387133968655,0.471761864641145,5.95891487092907,NA,NA,NA,NA,NA,NA,NA,NA,NA,NA,NA,NA,17.8839957035446,1009470
"Castilla-La Mancha",2010,"total",17.5936720956724,122.869480034946,22.8685324389875,6.00943140310727,13.6812993980452,8.94726551675825,0.800344756608286,16.7885701428534,1.88625402796383,0.82,3.13705569818367,0.73,2.57564138520769,18.7470644801039,NA,NA,NA,NA,NA,NA,16.8875927889714,2039490
"Castilla-La Mancha",2010,"hombres",17.504071407595,173.066740988949,37.7332121659457,7.42564428648083,16.9881310048836,15.8687828736551,1.16507207908821,28.8094977908595,NA,NA,NA,NA,NA,NA,NA,NA,NA,NA,NA,NA,16.8172690763052,1026400
"Castilla-La Mancha",2010,"mujeres",17.5792520006997,75.8771999048235,8.61614170191742,4.57918605751731,10.5405393426314,2.74346675980014,0.458629425349956,5.52608713132395,NA,NA,NA,NA,NA,NA,NA,NA,NA,NA,NA,NA,16.9662921348315,1013090
"Castilla-La Mancha",2011,"total",18.4208221063876,130.489688620412,21.6590742464391,5.51156318403528,11.8089011949854,9.10202371408035,0.779750990121566,16.1098269786354,1.89495421993985,0.82,3.02087774123021,0.73,2.53785019497104,18.3167515865691,NA,NA,NA,NA,NA,NA,14.8360655737705,2045429
"Castilla-La Mancha",2011,"hombres",18.598371161652,178.540275040731,34.3679854465825,6.85167326860047,13.8391705956666,15.650920440448,1.10761442985362,26.9157700613951,NA,NA,NA,NA,NA,NA,NA,NA,NA,NA,NA,NA,13.6774880255455,1027897
"Castilla-La Mancha",2011,"mujeres",18.1254923706116,86.0253306853465,9.38234588847288,4.18532176495873,9.85336662107797,3.251472450449,0.474107859520202,6.03623574316862,NA,NA,NA,NA,NA,NA,NA,NA,NA,NA,NA,NA,16.0583941605839,1017532
"Castilla-La Mancha",2012,"total",17.8278331870431,130.200014132446,22.4856211077604,6.1605437367553,12.1460134253802,10.2852455893254,0.823817799021523,17.562210413644,1.76768974402267,0.82,2.86393144574215,0.74,2.30846969062983,19.5736901410969,NA,NA,NA,NA,157,67,14.3746462931522,2043343
"Castilla-La Mancha",2012,"hombres",17.3881675381566,179.032719129375,36.0903611977454,9.81209033495837,13.8568777937427,18.224564372598,1.23764456253671,31.2013903610097,NA,NA,NA,NA,NA,NA,NA,NA,NA,NA,NA,NA,15.2838427947598,1026626
"Castilla-La Mancha",2012,"mujeres",18.1368649326345,84.7119145142007,9.42031670236101,2.67806143895353,10.4702747478745,3.05361344342583,0.436076449772199,4.78277104021213,NA,NA,NA,NA,NA,NA,NA,NA,NA,NA,NA,NA,13.3960047003525,1016717
"Castilla-La Mancha",2013,"total",18.1107628004635,125.652016908707,19.9584342951959,5.314900989268,11.2749552448003,7.96865521327616,0.731516543768907,14.5200837540135,1.7199854149075,0.82,2.85033008367237,0.76,2.1925616028249,18.3756554588688,NA,NA,NA,NA,167,70,12.5632377740304,2083577
"Castilla-La Mancha",2013,"hombres",17.4307636337534,171.847808771436,32.3587157497887,7.48289755458164,16.1591470959539,14.43807708357,1.10173958011987,26.7221428247182,NA,NA,NA,NA,NA,NA,NA,NA,NA,NA,NA,NA,11.5506329113924,1049477
"Castilla-La Mancha",2013,"mujeres",18.6150005980143,81.7699689185936,7.89998716664322,3.23649530771837,6.58098006246296,2.04605156863244,0.381063968660206,2.96963280124468,NA,NA,NA,NA,NA,NA,NA,NA,NA,NA,NA,NA,13.7184115523466,1034100
"Castilla-La Mancha",2014,"total",18.2577489435972,121.379039325715,21.4158423726995,6.12931408731321,10.3581411083812,8.63712215755394,0.754720747747166,15.284863467405,1.74132265064134,0.819022200108623,2.79095324838903,0.74684586872405,2.20519165674274,18.6186925704436,NA,NA,NA,NA,110,44,13.5559921414538,2067578
"Castilla-La Mancha",2014,"hombres",17.2895164170769,172.14925966276,34.7604210726145,8.83764860497634,12.8708138904608,14.9169465246634,1.12627405940236,27.5307666435509,NA,NA,NA,NA,NA,NA,NA,NA,NA,NA,NA,NA,12.7302275189599,1040531
"Castilla-La Mancha",2014,"mujeres",19.0278202329764,72.6679038140955,8.35207827593949,3.54131039279931,7.96225250951041,2.8346823286821,0.400995255962377,3.6265415322987,NA,NA,NA,NA,NA,NA,NA,NA,NA,NA,NA,NA,14.4437973209086,1027047
"Castilla-La Mancha",2015,"total",18.3408148622739,122.14147238256,22.0595270927621,5.66719024588606,11.5277710060816,8.97540824587148,0.765179812026775,15.6295803208509,1.78938060763025,0.821621532463329,3.02544988785348,0.74275823606001,2.30084077043128,17.829356879464,6.3499,2412822220,37998035000,"real",118,42,13.7211855104281,2054037
"Castilla-La Mancha",2015,"hombres",17.2276532660395,166.90091688941,35.5233113183749,8.6653415444927,14.7312473896347,15.6446849675154,1.14674811595828,28.2055643276029,NA,NA,NA,NA,NA,NA,NA,NA,NA,NA,NA,NA,12.7044711014177,1033213
"Castilla-La Mancha",2015,"mujeres",19.340494180314,79.132077941765,8.76825970891883,2.80016987309573,8.40480506539159,2.6661933965341,0.398167742337875,3.53335044238313,NA,NA,NA,NA,NA,NA,NA,NA,NA,NA,NA,NA,14.7513812154696,1020824
"Castilla-La Mancha",2016,"total",19.3499084699106,123.590986183086,19.8557000668173,5.47059952880916,9.87358990733825,7.60084625906433,0.711034023544375,13.8450071186966,1.84498683935495,0.821521174785588,3.12654044652696,0.7545611726149,2.35555231387,18.7978843155238,6.7217,2630611680,39136242000,"real",162.28,42.24,13.9748953974895,2043290
"Castilla-La Mancha",2016,"hombres",17.80165982482,171.047679829046,31.8537222773425,8.50239227587606,12.1987997122099,13.9254264554745,1.07595330767822,25.872261567605,NA,NA,NA,NA,NA,NA,NA,NA,NA,NA,NA,NA,12.7546501328609,1026852
"Castilla-La Mancha",2016,"mujeres",20.8607795841597,77.9556140124772,7.95257083683132,2.54042888494338,7.57498561847474,1.66039438504858,0.359505835576896,2.25910539611774,NA,NA,NA,NA,NA,NA,NA,NA,NA,NA,NA,NA,15.0674068199841,1016438
"Castilla-La Mancha",2017,"total",18.9794704050016,124.19977423604,18.0912798762343,5.94017835717879,11.0484428814287,9.94027987025686,0.76569066754146,15.6464174394381,1.87921945260172,0.842300843849191,3.2444937788049,0.7545611726149,2.35086861644497,18.5968336144061,6.6839,2724969590,40768959000,"real",163.35,45.71,12.45,2034799
"Castilla-La Mancha",2017,"hombres",17.5147291298958,169.728570753316,30.2893550252504,8.5142524566993,15.1207537996351,17.6754637103535,1.15752501645205,28.5607566401078,NA,NA,NA,NA,NA,NA,NA,NA,NA,NA,NA,NA,12.27,1021888
"Castilla-La Mancha",2017,"mujeres",20.4224003593986,80.5195551476994,6.06795793620832,3.42396988287864,7.09310663867276,2.67005173119298,0.388891159618444,3.22760660906458,NA,NA,NA,NA,NA,NA,NA,NA,NA,NA,NA,NA,12.61,1012911
"Castilla-La Mancha",2018,"total",19.3157593968104,121.193961631374,17.2756621905681,4.1171601317593,9.97742289669895,8.03819916856108,0.666085132125051,12.3635514165685,1.90367671570957,0.823011462090388,3.35925570475185,0.747538795261138,2.33404749934386,18.2574720644198,6.6426,2809202270,42290925000,"real",133.74,41.38,12.1055651176133,2030260
"Castilla-La Mancha",2018,"hombres",17.9004071506379,166.837061719939,28.0820461906682,6.12443712326575,12.6223954349269,13.1947912362607,0.978012750518466,22.6442710145045,NA,NA,NA,NA,NA,NA,NA,NA,NA,NA,NA,NA,11.5985576923077,1018919
"Castilla-La Mancha",2018,"mujeres",20.7005294046056,76.7517846474787,6.49362034512715,2.13147400193242,7.40396433297891,3.18067162388806,0.362925033416325,2.3717976111197,NA,NA,NA,NA,NA,NA,NA,NA,NA,NA,NA,NA,12.5686059275521,1011341
"Castilla-La Mancha",2019,"total",20.2719969898921,115.156768434752,18.5794095224656,3.69129076329576,10.7006224237624,6.94602264988789,0.63946821532864,11.4862932258547,1.94536687774993,0.8309457800156,3.34479494184991,0.75475000836609,2.33581368427765,17.7326599663785,6.4738,2809202270,43393303000,"real",163,42.38,12.7858627858628,2038700
"Castilla-La Mancha",2019,"hombres",18.7276878132114,152.187805776718,30.7628515370817,4.87598657891266,14.2217642842332,10.6196360487441,0.90501652811531,20.238412571765,NA,NA,NA,NA,NA,NA,NA,NA,NA,NA,NA,NA,13.2201646090535,1023272
"Castilla-La Mancha",2019,"mujeres",21.7237217707505,79.2658293162614,6.51359145125215,2.54328083461107,7.30767874927703,3.47808523239996,0.382437242956933,3.01489409631183,NA,NA,NA,NA,NA,NA,NA,NA,NA,NA,NA,NA,12.3424369747899,1015428
"Castilla-La Mancha",2020,"total",17.8569668635551,111.4612513287,20.2748384153341,3.54383383846129,12.5961141802742,6.74010494177077,0.653143791872602,11.9370220472162,1.9886145332825,0.834279348056294,4.09175916766962,0.760590684206973,2.33954650974411,16.2619658731006,7.5532,3040499320,40254360000,"real",285.92,51.36,14.7341984093763,2043062
"Castilla-La Mancha",2020,"hombres",16.2495643873847,145.699012577391,34.0765032896644,5.37130661380499,16.3546394334527,9.92846274554426,0.932824951593596,21.1549412386185,NA,NA,NA,NA,NA,NA,NA,NA,NA,NA,NA,NA,14.5242070116861,1025615
"Castilla-La Mancha",2020,"mujeres",19.472451860801,78.1662274866977,6.54833438456763,1.74987881756893,8.8740875274913,3.69519117370479,0.379330359533739,2.91249534925045,NA,NA,NA,NA,NA,NA,NA,NA,NA,NA,NA,NA,14.9454240134341,1017447
"Castilla-La Mancha",2021,"total",19.7662370351519,114.876819412102,20.6052928366544,3.5553555268787,9.98847574825748,7.79005869442211,0.654214478168175,11.9723104440528,1.99929482615316,0.835635210689581,3.94682481313381,0.766041586284325,2.46566672624507,16.1456059406304,8.4252,3717533530,44123986000,"real",113.37,68.9,15.2530032763014,2379184
"Castilla-La Mancha",2021,"hombres",17.9718225313239,154.132825066962,33.886140781075,5.33866660837678,12.6934192720975,12.2266727031342,0.950404802734859,21.7343497600173,NA,NA,NA,NA,NA,NA,NA,NA,NA,NA,NA,NA,14.4674085850556,1173673
"Castilla-La Mancha",2021,"mujeres",21.5154122496048,76.8599849888777,7.33293420119709,1.7293299330731,7.3913797643521,3.57393221423265,0.364152292472337,2.41224643797856,NA,NA,NA,NA,NA,NA,NA,NA,NA,NA,NA,NA,15.9167226326394,1205512
"Castilla-La Mancha",2022,"total",19.8929629170353,111.758343141169,21.1947817108478,4.42783444968123,9.72360025653709,6.07287668480902,0.641925040333959,11.5672669117084,2.06360991310196,0.830789874615182,3.82985009066862,0.764306384343595,2.43289259121768,16.8008843514657,7.3418,3673248580,50032018000,"real",105.52,60.75,15.3078202995008,2069351
"Castilla-La Mancha",2022,"hombres",18.3202951873236,147.809885991679,33.9360523587964,5.63299760992307,13.0243171594492,9.34861048994265,0.900305173272277,20.0831325798327,NA,NA,NA,NA,NA,NA,NA,NA,NA,NA,NA,NA,15.411195577056,1037446
"Castilla-La Mancha",2022,"mujeres",21.377994590068,76.4426806314085,8.57462563055845,3.26275855828124,6.52281090148836,2.98008343878897,0.390736344433206,3.28842144740636,NA,NA,NA,NA,NA,NA,NA,NA,NA,NA,NA,NA,15.211810012837,1031905
"Castilla-La Mancha",2023,"total",19.9300395480216,111.054215579854,20.8617389151922,3.57581981767716,8.71441629148793,7.19214481730888,0.626260929136982,11.0509986319182,2.10858973880293,0.841209887171777,3.84141490440262,0.82756864575818,2.41925369804995,16.1637726340662,6.9958,3675941730,52544941000,"real",102.36,59.91,12.7644316959484,2089074
"Castilla-La Mancha",2023,"hombres",18.7720602594032,146.550426308521,35.2802989164995,4.84952268272349,11.898651632609,10.9307617902658,0.901444483008554,20.1206827140407,NA,NA,NA,NA,NA,NA,NA,NA,NA,NA,NA,NA,13.0467012601927,1047677
"Castilla-La Mancha",2023,"mujeres",21.1899774416687,76.698754230744,6.56035854049172,2.3248557427524,5.63547686415987,3.61565908973725,0.358271758383789,2.21843185252489,NA,NA,NA,NA,NA,NA,NA,NA,NA,NA,NA,NA,12.5,1041397
"Castilla-La Mancha",2024,"total",NA,109.867454480021,18.0218479691567,4.64570554023658,8.19924817085243,5.05296695812804,0.593902215385716,9.98449844722771,2.09032499147605,0.839911467705103,3.81882648737672,0.820822570711805,2.36489354185368,NA,7.0367,3909573620,55559897000,"real",113.21,59.88,13.7703780783906,2108763
"Castilla-La Mancha",2024,"hombres",NA,136.429619466515,29.2798666189047,7.00832023221251,10.0403357897443,7.41237676204874,0.825578539788216,17.6202420884289,NA,NA,NA,NA,NA,NA,NA,NA,NA,NA,NA,NA,12.5442948263643,1058635
"Castilla-La Mancha",2024,"mujeres",NA,83.9843434453181,6.89735246328368,2.3298912194161,6.3934828392764,2.74679499045704,0.366706250397265,2.49642149572543,NA,NA,NA,NA,NA,NA,NA,NA,NA,NA,NA,NA,14.945652173913,1050128
"Castilla-La Mancha",2025,"total",NA,NA,NA,NA,NA,NA,NA,NA,NA,NA,NA,NA,NA,NA,6.6246,3834163140,57877789156.0775,"proyeccion",92,64,NA,2138516
"Castilla-La Mancha",2025,"hombres",NA,NA,NA,NA,NA,NA,NA,NA,NA,NA,NA,NA,NA,NA,NA,NA,NA,NA,NA,NA,NA,1074307
"Castilla-La Mancha",2025,"mujeres",NA,NA,NA,NA,NA,NA,NA,NA,NA,NA,NA,NA,NA,NA,NA,NA,NA,NA,NA,NA,NA,1064209
"Cataluña",1990,"total",NA,5.71013781559541,50.4027821243686,9.86736889310999,37.6173428631864,20.2857530141286,1.25671490021573,31.8299233371075,NA,NA,NA,NA,NA,NA,NA,NA,NA,NA,NA,NA,NA,6057351
"Cataluña",1990,"hombres",NA,10.4205582755387,82.5430198005787,10.0553473461618,48.1635625383448,36.2672602049208,1.82530393994513,50.5698621537631,NA,NA,NA,NA,NA,NA,NA,NA,NA,NA,NA,NA,NA,2962522
"Cataluña",1990,"mujeres",NA,1.49159049035362,23.3353083974247,9.61360085570607,28.7822893264129,7.49713933806388,0.786849979008056,16.3438002143071,NA,NA,NA,NA,NA,NA,NA,NA,NA,NA,NA,NA,NA,3094829
"Cataluña",1991,"total",NA,5.73892523708634,48.8446836452819,10.2090862784372,35.1659993812768,18.568126132108,1.20354720458036,30.0775867748279,NA,NA,NA,NA,NA,NA,NA,NA,NA,NA,NA,NA,NA,6067168
"Cataluña",1991,"hombres",NA,10.4891016121057,80.9148924990847,10.5934532281591,44.0557943466132,32.9767738211843,1.73381892696576,47.5546377542735,NA,NA,NA,NA,NA,NA,NA,NA,NA,NA,NA,NA,NA,2967184
"Cataluña",1991,"mujeres",NA,1.43669625644218,21.5527775533303,9.80622821891547,27.7018075158858,7.01052087194171,0.762858916887877,15.5530867026771,NA,NA,NA,NA,NA,NA,NA,NA,NA,NA,NA,NA,NA,3099984
"Cataluña",1992,"total",NA,6.14872340921715,49.5916957104369,8.63444989750066,32.5303568468016,16.6628790709866,1.11014102342071,26.9990432262884,NA,NA,NA,NA,NA,NA,NA,NA,NA,NA,NA,NA,NA,6081457
"Cataluña",1992,"hombres",NA,11.1980404062227,80.1623364974832,9.67738876683018,42.9683859990508,29.5910538113064,1.6392615363974,44.438151874143,NA,NA,NA,NA,NA,NA,NA,NA,NA,NA,NA,NA,NA,2974943
"Cataluña",1992,"mujeres",NA,1.5710189021651,23.1337779985538,7.71625034754614,23.7875283416996,6.18634599176204,0.666405694904321,12.3741167395886,NA,NA,NA,NA,NA,NA,NA,NA,NA,NA,NA,NA,NA,3106514
"Cataluña",1993,"total",NA,6.03585951529719,48.6483709679824,8.24272189131886,30.6172832383904,18.423792021361,1.10603995806819,26.86387756459,NA,NA,NA,NA,NA,NA,NA,NA,NA,NA,NA,NA,NA,6094088
"Cataluña",1993,"hombres",NA,11.70266290139,79.4018973433708,9.68853071246622,39.4408337677995,32.298982411909,1.64800367503717,44.7262811411335,NA,NA,NA,NA,NA,NA,NA,NA,NA,NA,NA,NA,NA,2981638
"Cataluña",1993,"mujeres",NA,0.833072989709749,22.1432454344819,6.93299524263687,22.9703775976156,7.00624531914807,0.645530893010405,11.6861110219828,NA,NA,NA,NA,NA,NA,NA,NA,NA,NA,NA,NA,NA,3112450
"Cataluña",1994,"total",NA,5.90498721634482,45.2135304808263,7.83291249689187,30.0949756307548,15.1144015813291,1.01464429787272,23.8515981140646,NA,NA,NA,NA,NA,NA,NA,NA,NA,NA,NA,NA,NA,6102869
"Cataluña",1994,"hombres",NA,11.1100170934771,76.0916979591967,9.20964459387738,39.277390902288,27.33013968055,1.52986471148676,40.8325779669546,NA,NA,NA,NA,NA,NA,NA,NA,NA,NA,NA,NA,NA,2985995
"Cataluña",1994,"mujeres",NA,1.10997739465881,18.5718850200846,6.60020321197847,22.3620713871094,5.05905063508106,0.578506322190312,9.47707027617655,NA,NA,NA,NA,NA,NA,NA,NA,NA,NA,NA,NA,NA,3116874
"Cataluña",1995,"total",NA,5.61373537105657,44.5439105403089,7.94803179474295,28.2008598987752,16.7048187307024,1.02191948105253,24.0913784793958,NA,NA,NA,NA,NA,NA,NA,NA,NA,NA,NA,NA,NA,6112236
"Cataluña",1995,"hombres",NA,10.4419710147665,72.3261571966371,8.89047127176199,38.7484574221574,29.8619770729857,1.53748400563389,41.0836997722769,NA,NA,NA,NA,NA,NA,NA,NA,NA,NA,NA,NA,NA,2990391
"Cataluña",1995,"mujeres",NA,1.16156308953622,20.1742682361854,7.06746297277984,19.1015929048604,5.65555602993974,0.577777977648777,9.45306500841357,NA,NA,NA,NA,NA,NA,NA,NA,NA,NA,NA,NA,NA,3121845
"Cataluña",1996,"total",NA,4.64836412372931,43.5037612090933,7.21768893552729,22.819056048686,14.7750230433882,0.91020342181485,20.4093656921841,1.3,NA,2.42,NA,4.86,NA,NA,NA,NA,NA,NA,NA,NA,6126745
"Cataluña",1996,"hombres",NA,8.39440425989574,72.3607450650012,8.43670053677677,30.7707819705832,26.7793665992705,1.39173625233441,36.2800475935485,NA,NA,NA,NA,NA,NA,NA,NA,NA,NA,NA,NA,NA,2997383
"Cataluña",1996,"mujeres",NA,1.1910599103702,18.2258337252983,6.1057816450558,16.0635515951613,4.71345905876506,0.496729818767708,6.78182544432235,NA,NA,NA,NA,NA,NA,NA,NA,NA,NA,NA,NA,NA,3129362
"Cataluña",1997,"total",NA,5.76434498472937,41.9535012323858,7.59047256483058,23.7606721877537,14.6582876627334,0.920378959129331,20.7447378738054,1.33,NA,2.45,NA,4.73,NA,NA,NA,NA,NA,NA,NA,4.11303861219922,6144587
"Cataluña",1997,"hombres",NA,10.5772410712635,69.3560863552431,8.96469227521657,31.0398050116759,25.3805636739458,1.37134432081795,35.6079566416128,NA,NA,NA,NA,NA,NA,NA,NA,NA,NA,NA,NA,4.1699449252557,3005801
"Cataluña",1997,"mujeres",NA,1.34520048383479,18.0476973445531,6.40144525594432,17.45940662647,5.64352524029266,0.533057354085237,7.97913271133258,NA,NA,NA,NA,NA,NA,NA,NA,NA,NA,NA,NA,4.047976011994,3138786
"Cataluña",1998,"total",NA,5.86119458882959,40.9984717585369,7.74780707505668,22.4128653792479,13.9156574312835,0.893414815693359,19.8560355546855,1.32,NA,2.46,NA,4.66,NA,NA,NA,NA,NA,NA,NA,5.10150963040083,6168342
"Cataluña",1998,"hombres",NA,11.1468903026006,67.1295956404899,9.20937390992508,30.2375393750852,24.5804145684897,1.34475907480314,34.7317422777544,NA,NA,NA,NA,NA,NA,NA,NA,NA,NA,NA,NA,4.95049504950495,3017047
"Cataluña",1998,"mujeres",NA,0.953641613944174,18.0279610253,6.49349282778629,15.6583269985006,4.95652505046176,0.505240597225378,7.06232938730152,NA,NA,NA,NA,NA,NA,NA,NA,NA,NA,NA,NA,5.26893523600439,3151295
"Cataluña",1999,"total",NA,167.725490771911,40.608323140462,7.78429527008322,23.4586024230835,17.4413502738016,1.27010748518104,32.271325132271,1.4,NA,2.51,NA,4.69,NA,NA,NA,NA,NA,NA,NA,5.23472668810289,6199851
"Cataluña",1999,"hombres",NA,241.444593836883,67.0329513932852,9.83495602758475,31.738226820248,30.7610586878133,1.91786779153658,53.6206436396024,NA,NA,NA,NA,NA,NA,NA,NA,NA,NA,NA,NA,4.98648980594449,3032385
"Cataluña",1999,"mujeres",NA,102.701183370765,17.2490812558654,5.96606590805884,16.1883361317154,6.2139223813602,0.707433293888618,13.726331856373,NA,NA,NA,NA,NA,NA,NA,NA,NA,NA,NA,NA,5.50755939524838,3167466
"Cataluña",2000,"total",NA,158.481407804384,37.3453549119697,7.35828990396499,20.2425218853493,13.7965039158786,1.12991115981865,27.6506406377871,1.44,NA,2.54,NA,4.65,NA,NA,NA,NA,NA,NA,NA,5.98176291793313,6251210
"Cataluña",2000,"hombres",NA,228.346632663528,61.8751039574496,10.1353185724221,28.0484176326726,24.979628114365,1.73721296459014,47.6665007220376,NA,NA,NA,NA,NA,NA,NA,NA,NA,NA,NA,NA,5.7974335472044,3058798
"Cataluña",2000,"mujeres",NA,96.8600801963475,15.5983792325124,4.93839048185211,13.4748993430628,4.3291139616613,0.602298570800784,10.2612311588469,NA,NA,NA,NA,NA,NA,NA,NA,NA,NA,NA,NA,6.19010619010619,3192412
"Cataluña",2001,"total",NA,163.482843165995,36.3455934009369,7.30216781137238,21.243025290638,11.8785502257688,1.10946523089229,26.9767700030101,1.5,NA,2.61,NA,4.57,NA,NA,NA,NA,NA,NA,NA,5.900317615441,6314763
"Cataluña",2001,"hombres",NA,234.639238458001,60.0573249197279,9.15078070328696,27.9441294131684,21.8756277771994,1.6599871602374,45.1212408814222,NA,NA,NA,NA,NA,NA,NA,NA,NA,NA,NA,NA,5.81395348837209,3092380
"Cataluña",2001,"mujeres",NA,100.637912635684,15.4005297874478,5.71566037654755,15.3545664996372,3.3902664411569,0.630517080179234,11.1912757117652,NA,NA,NA,NA,NA,NA,NA,NA,NA,NA,NA,NA,6,3222383
"Cataluña",2002,"total",NA,156.483549132842,34.1273110432723,6.69410000621675,19.0244183558663,13.6497840643199,1.07684832221936,25.9017600569689,1.69,NA,2.72,NA,4.61,24.3663316988601,NA,NA,NA,NA,NA,NA,6.59587020648968,6418387
"Cataluña",2002,"hombres",NA,221.422565263998,57.187943979201,8.20378108009869,25.7392951092658,24.6878993312394,1.62118181599815,43.8422683265718,NA,NA,NA,NA,NA,NA,NA,NA,NA,NA,NA,NA,5.94360086767896,3147215
"Cataluña",2002,"mujeres",NA,99.0729389380283,13.6140873883269,5.40966144993533,13.2071946739028,4.25571358076549,0.603575842058646,10.3033283213881,NA,NA,NA,NA,NA,NA,NA,NA,NA,NA,NA,NA,7.3738680465718,3271172
"Cataluña",2003,"total",NA,155.79208149241,33.1294966820031,7.39121930807377,18.5264090083974,13.3620398977126,1.0779565452693,25.9382856153248,1.8,NA,2.68,NA,4.44,24.0486989374861,NA,NA,NA,NA,NA,NA,5.08064516129032,6565154
"Cataluña",2003,"hombres",NA,223.056119296331,55.0655006271176,9.92488765917961,24.657006791012,24.4622398812532,1.64187468548532,44.5242777939283,NA,NA,NA,NA,NA,NA,NA,NA,NA,NA,NA,NA,4.66122056703508,3223759
"Cataluña",2003,"mujeres",NA,95.9460429030329,13.6139102643508,5.16120791706344,13.1322419735604,3.83665628804201,0.583423607065044,9.63913744817197,NA,NA,NA,NA,NA,NA,NA,NA,NA,NA,NA,NA,5.61317876754118,3341395
"Cataluña",2004,"total",NA,154.852179594759,30.2229392653004,6.57069207081483,16.475827617235,11.5050563495164,0.987356272143854,22.9522210651688,1.9,0.63,2.73,0.61,4.47,24.1102889929499,NA,NA,NA,NA,NA,NA,5.86506346025384,6710823
"Cataluña",2004,"hombres",NA,220.873966465387,50.5437580327672,9.25627401330269,21.8609647323871,21.2160262714884,1.51279879625634,40.2701080899049,NA,NA,NA,NA,NA,NA,NA,NA,NA,NA,NA,NA,5.20048602673147,3301369
"Cataluña",2004,"mujeres",NA,96.1826804514873,11.9834735184801,4.16554290501247,11.6165070287081,3.14820024651924,0.522869973025374,7.6433701756097,NA,NA,NA,NA,NA,NA,NA,NA,NA,NA,NA,NA,6.67655786350148,3409454
"Cataluña",2005,"total",NA,150.17229676857,29.141879870528,7.40265870021242,17.2218711182396,12.8265830259998,1.02345545627797,24.1420021807642,1.9,0.64,2.83,0.63,4.35,22.96268809167,NA,NA,NA,NA,NA,NA,5.20715096481271,6860191
"Cataluña",2005,"hombres",NA,215.374627697822,47.8678969907744,10.0660082323151,23.6310777107378,22.6005312341775,1.54895497667282,41.4617677271912,NA,NA,NA,NA,NA,NA,NA,NA,NA,NA,NA,NA,4.71321695760599,3383731
"Cataluña",2005,"mujeres",NA,91.8826117700037,12.3027908200174,5.052863920362,11.5572055137149,4.4416762719789,0.560567939655198,8.88584503669993,NA,NA,NA,NA,NA,NA,NA,NA,NA,NA,NA,NA,5.85911784068466,3476460
"Cataluña",2006,"total",17.9979463277467,148.845006553705,28.24447179237,5.85172126074608,15.9936954611014,9.12729057909291,0.901324152500532,20.1167167804744,2,0.73,2.9,0.7,4.35,21.5273881797709,NA,NA,NA,NA,NA,NA,5.53435114503817,6999900
"Cataluña",2006,"hombres",16.2551324076797,213.289320635415,47.8093832621623,7.81764988536391,22.5335102157314,16.9631584181694,1.38051233002083,35.9101220361732,NA,NA,NA,NA,NA,NA,NA,NA,NA,NA,NA,NA,4.73271211378127,3460100
"Cataluña",2006,"mujeres",19.3966251449377,91.2074612133964,10.5154834398647,4.07477662067544,10.1586898365536,2.36456484124795,0.475312487965882,6.07593869519807,NA,NA,NA,NA,NA,NA,NA,NA,NA,NA,NA,NA,6.5377532228361,3539800
"Cataluña",2007,"total",17.9536289064291,147.120238878382,25.372188813116,6.23264716257449,15.0305756999257,10.2829248617156,0.902037527995475,20.1402286883629,2.05,0.72,2.98,0.65,4.26,19.8523852857862,NA,NA,NA,NA,NA,NA,6.33364250695641,7166031
"Cataluña",2007,"hombres",16.225090539096,210.14767802349,41.9662848894946,8.53280696950735,20.6979936137259,17.6930449769272,1.35469687835762,35.0592790707105,NA,NA,NA,NA,NA,NA,NA,NA,NA,NA,NA,NA,6.10339875538535,3550148
"Cataluña",2007,"mujeres",19.3536598133517,90.6423588622426,10.3701317721141,4.16837807743961,9.99501171196374,3.83778853101449,0.499343288249961,6.86796192387871,NA,NA,NA,NA,NA,NA,NA,NA,NA,NA,NA,NA,6.61917482932621,3615883
"Cataluña",2008,"total",18.1128936841827,141.359051171617,22.9512920998166,6.32962735938287,15.2998111776595,10.0976300576989,0.879526932236924,19.3983093797486,2.13,0.7,3.06,0.64,4.19,19.0084375855453,NA,NA,NA,NA,NA,NA,5.08092332183603,7270468
"Cataluña",2008,"hombres",16.4877678851828,196.82469807133,38.6208350130131,8.5796603243017,20.7885269682148,18.090980772894,1.31958652113491,33.9020883754805,NA,NA,NA,NA,NA,NA,NA,NA,NA,NA,NA,NA,4.75621414913958,3596661
"Cataluña",2008,"mujeres",19.5337514777674,91.7602306909497,8.65187475652441,4.34200794613727,10.3502305452789,3.10174443034566,0.487221632071971,6.46844825185966,NA,NA,NA,NA,NA,NA,NA,NA,NA,NA,NA,NA,5.48598688133572,3673807
"Cataluña",2009,"total",18.2061555306249,139.164348772609,20.0241166604151,5.51608489939055,13.606459754801,9.73720157931137,0.815621061667043,17.2920568479118,2.17,0.72,3.16,0.66,4.17,18.3701291980677,NA,NA,NA,NA,NA,NA,6.04189044038668,7288059
"Cataluña",2009,"hombres",16.476195099153,195.389506884146,34.1821145632811,7.23619602132229,19.2053009733452,17.318756243315,1.22924538986327,30.9245647963002,NA,NA,NA,NA,NA,NA,NA,NA,NA,NA,NA,NA,5.48810101991258,3598921
"Cataluña",2009,"mujeres",19.8440348107396,88.7884315460853,7.13681213402783,3.94099563126283,8.60252322466589,3.13216743568757,0.446359906556022,5.12170010406511,NA,NA,NA,NA,NA,NA,NA,NA,NA,NA,NA,NA,6.72672672672673,3689138
"Cataluña",2010,"total",18.5207429671309,142.064032112946,22.6923685528402,5.23481909518754,11.805304949411,8.75038354649547,0.794425282233008,16.5934721373198,1.83415010472467,0.72,3.25360854144636,0.67,4.1144079129071,17.3533212784129,NA,NA,NA,NA,NA,NA,5.25614450695884,7321095
"Cataluña",2010,"hombres",16.7022298640716,196.500192995591,38.968327486817,7.40605627310677,15.9873557097235,15.5510795589079,1.20079914918856,29.9870145226233,NA,NA,NA,NA,NA,NA,NA,NA,NA,NA,NA,NA,4.72882714400214,3603942
"Cataluña",2010,"mujeres",20.2668564786858,93.3303091465501,7.85270260513305,3.27911195291929,8.07335284593572,2.79191754022524,0.43115059004529,4.62042125248912,NA,NA,NA,NA,NA,NA,NA,NA,NA,NA,NA,NA,5.91165725672534,3717153
"Cataluña",2011,"total",18.998574516291,137.571739909178,18.4373174292126,4.78945613998241,11.7708699893415,8.21961220426817,0.741421861368192,14.846549853076,1.82798609744686,0.73,3.15276253885497,0.68,3.96008883327795,17.1827299923825,NA,NA,NA,NA,NA,NA,5.85438335809807,7303144
"Cataluña",2011,"hombres",16.7850940675643,190.663206401764,31.2215670985438,6.62632167903913,15.8379190121621,14.2579375908389,1.10312116806393,26.7676781265486,NA,NA,NA,NA,NA,NA,NA,NA,NA,NA,NA,NA,5.68927789934355,3581269
"Cataluña",2011,"mujeres",20.8385140871276,89.8333299222505,6.71290659185788,3.13055552118655,8.16044274562443,2.91589236880926,0.417329183685342,4.16488607427177,NA,NA,NA,NA,NA,NA,NA,NA,NA,NA,NA,NA,6.05074821080026,3721875
"Cataluña",2012,"total",18.2753485603097,136.734560891319,21.5669135233381,4.29101521953734,11.9199919974654,8.61839536677825,0.752846375414988,15.2230866472936,1.82569690687793,0.75,3.16509916089823,0.69,3.92725800187906,15.6668692522748,NA,NA,NA,NA,NA,NA,5.98438855160451,7289809
"Cataluña",2012,"hombres",16.4715659384778,189.446145316048,36.0704611253872,6.2775276449038,15.3807289174073,14.7798740727507,1.12340447201344,27.4361888582967,NA,NA,NA,NA,NA,NA,NA,NA,NA,NA,NA,NA,5.94580373585898,3561649
"Cataluña",2012,"mujeres",19.9192663809644,89.2268635008734,8.29051019479133,2.49805889215659,8.74016379786943,3.17471080953648,0.418938981612966,4.21794287375777,NA,NA,NA,NA,NA,NA,NA,NA,NA,NA,NA,NA,6.03144048764838,3728160
"Cataluña",2013,"total",18.0526932192822,135.648943568068,19.4223216699701,3.86702771435578,10.8163283092406,8.76665369449035,0.719772195821768,14.1330056596562,1.76391890971323,0.73,3.0700627032326,0.69,3.75988291061131,14.685520095957,NA,NA,NA,NA,NA,NA,5.39677713590757,7443579
"Cataluña",2013,"hombres",16.2776501959895,185.658112017133,33.3630993066542,5.06443476986217,14.7257692993499,15.1189605505031,1.06959101617309,25.6625688981918,NA,NA,NA,NA,NA,NA,NA,NA,NA,NA,NA,NA,5.21246458923513,3660700
"Cataluña",2013,"mujeres",19.6238662819411,90.5857202609173,6.64691104161563,2.76959064506779,7.23906908946714,3.1414719928975,0.404045178473336,3.72706292342174,NA,NA,NA,NA,NA,NA,NA,NA,NA,NA,NA,NA,5.61023622047244,3782879
"Cataluña",2014,"total",17.8510198261397,129.952890049369,18.2103887550919,3.32148931851204,9.86348931826472,7.62667922276576,0.659541175651013,12.1478713113018,1.83686408314284,0.720058928108713,3.15597798683049,0.675725213549548,3.81039799172411,15.0415042819234,NA,NA,NA,NA,NA,NA,5.34742732784082,7399605
"Cataluña",2014,"hombres",16.1106569896681,176.666104615663,31.5489277488784,4.79198502879947,13.011654781337,13.1601111831751,0.985292426693504,22.884199462985,NA,NA,NA,NA,NA,NA,NA,NA,NA,NA,NA,NA,5.58743581999396,3630698
"Cataluña",2014,"mujeres",19.3376673452285,87.863747031777,6.01539952785344,1.97283560138029,6.98490891149568,2.72303640856121,0.365433974476425,2.45448897285126,NA,NA,NA,NA,NA,NA,NA,NA,NA,NA,NA,NA,5.09288917360666,3768907
"Cataluña",2015,"total",17.8587118474859,127.646363261436,19.5182059913907,3.50282831179001,10.4554764861411,8.78654962014755,0.692637291588868,13.2386752916943,1.89727057684351,0.720846304746471,3.25578497221675,0.66953814661606,3.83022395145626,14.2173576040916,4.0006,8258548090.72,206434270000,"real",NA,NA,6.15878575598365,7396118
"Cataluña",2015,"hombres",16.3903433269914,175.018070249327,32.7751523200851,5.21600875608163,14.5628118863891,15.3176509620959,1.05175184252262,25.0746134516559,NA,NA,NA,NA,NA,NA,NA,NA,NA,NA,NA,NA,5.810147299509,3624306
"Cataluña",2015,"mujeres",19.1555863632963,85.1441331285205,7.38789028511597,1.99044182393563,6.75793588717902,3.02115270080728,0.371237668878937,2.64577102441067,NA,NA,NA,NA,NA,NA,NA,NA,NA,NA,NA,NA,6.55994978028876,3771812
"Cataluña",2016,"total",18.4414273268033,126.268580972283,16.9499594003819,4.26249092720346,10.1141654261466,8.17678173946944,0.681313326899089,12.8654524706047,1.93582750692764,0.733856983674087,3.3256696714514,0.72057159829268,3.85318131864427,14.4363035463338,3.9776,8531977179.82,214502547000,"real",173,138,7.24876441515651,7416534
"Cataluña",2016,"hombres",17.0914085969332,171.177718318417,29.9563075695314,6.4830434407722,14.436258567064,13.7537166356047,1.03309754424563,24.459792581129,NA,NA,NA,NA,NA,NA,NA,NA,NA,NA,NA,NA,6.41113392653434,3629960
"Cataluña",2016,"mujeres",19.6756990405788,86.145433260208,5.0576351433658,2.27336705766432,6.21113205404933,3.25236580784277,0.365955322943231,2.47167192519019,NA,NA,NA,NA,NA,NA,NA,NA,NA,NA,NA,NA,8.14094775212637,3786574
"Cataluña",2017,"total",18.2666440175016,124.318516706778,17.8585054206378,4.75291007375228,9.96435561017066,8.84209476996738,0.705053586494405,13.6478998644543,2.00566331780979,0.750740027565401,3.4059902531447,0.7545611726149,3.88824604521393,14.3027357825622,3.8615,8616575864.15,223139777000,"real",148,98,5.88,7453959
"Cataluña",2017,"hombres",16.9428398073171,167.227362700759,30.588451066307,7.04950469336833,13.9824923770095,14.385677614389,1.04989498125699,25.0134137730171,NA,NA,NA,NA,NA,NA,NA,NA,NA,NA,NA,NA,6.4,3644681
"Cataluña",2017,"mujeres",19.4919936143714,86.057809025326,6.27457296447548,2.72274365758621,6.35463083287282,3.97395524336979,0.397733508610322,3.51903867603191,NA,NA,NA,NA,NA,NA,NA,NA,NA,NA,NA,NA,5.3,3809278
"Cataluña",2018,"total",18.3018641404998,123.874729749235,17.011016638254,4.23587384087591,10.0528746418197,8.08516975063289,0.674265591378297,12.6331684777256,2.06278338326542,0.755222706098316,3.45305015882966,0.724874140739458,3.88449849884448,14.0347190695518,3.7285,8616575864.15,231101287000,"real",151,91,6.75932699341624,7516151
"Cataluña",2018,"hombres",16.9921855007489,169.241505107848,29.980822612895,6.47133891827827,13.535001827411,13.0330743494514,1.00816295482269,23.6379816640093,NA,NA,NA,NA,NA,NA,NA,NA,NA,NA,NA,NA,7.06783990916832,3673164
"Cataluña",2018,"mujeres",19.5226486115653,83.402640351148,5.16353116832432,2.25900851656278,6.93421676641525,3.7716695980795,0.37688756858279,2.83198420717064,NA,NA,NA,NA,NA,NA,NA,NA,NA,NA,NA,NA,6.43115942028985,3842988
"Cataluña",2019,"total",20.2711919955041,119.021034851302,15.5902611798319,3.57841574626371,9.1508040321458,7.09130436968471,0.614607544723897,10.6669185747083,2.0928048433859,0.77425137300272,3.53842496658621,0.753477500524246,3.83974365965942,13.5547487673153,3.8033,9134162335.42,240165818000,"real",155,101,7.23693947017907,7610226
"Cataluña",2019,"hombres",18.3239973616895,159.669708526173,27.5303085360995,5.35729045943395,12.1875379148688,11.5115299038657,0.908814010797773,20.3635725522679,NA,NA,NA,NA,NA,NA,NA,NA,NA,NA,NA,NA,7.18680089485459,3722215
"Cataluña",2019,"mujeres",21.9679204769251,82.8873364350591,4.72317518632946,2.01705397685157,6.41979622527797,3.23866509212189,0.353173246071512,2.05039166512785,NA,NA,NA,NA,NA,NA,NA,NA,NA,NA,NA,NA,7.2933039924552,3888011
"Cataluña",2020,"total",18.5259305302434,116.009853081908,15.759570080454,3.95800150970304,9.56047582209666,5.66161740245438,0.599113680848276,10.1562614202881,2.08895510705895,0.76990535334966,3.63006893604103,0.749248088553407,3.83136207135731,11.8352167656534,4.4189,9494241602.78,214857435000,"real",190,152,8.22497258342472,7656842
"Cataluña",2020,"hombres",16.6586598214058,151.670589560841,27.6000299624046,5.91177442519645,13.2529619793048,8.83592548179254,0.87289364611528,19.1796850880595,NA,NA,NA,NA,NA,NA,NA,NA,NA,NA,NA,NA,8.12043795620438,3745825
"Cataluña",2020,"mujeres",20.2036339006602,84.6639656737757,4.99012502739358,2.23593541598215,6.26124245473425,2.86537557227274,0.355698378477899,2.13361667210682,NA,NA,NA,NA,NA,NA,NA,NA,NA,NA,NA,NA,8.33602584814216,3911017
"Cataluña",2021,"total",19.7967397155912,114.051675464579,16.6081961253939,3.76082260377549,9.24514638187125,5.75050231699396,0.593539196825931,9.97253383812637,2.24592756743265,0.734725390131228,3.73707726826283,0.677122509012157,3.79112051225685,12.1064998788281,4.0432,9494241602.78,234820402000,"real",156,93,9.25271396112093,7662005
"Cataluña",2021,"hombres",17.7465780640101,150.646294421373,28.6376115078185,5.61525181123163,11.8578920161954,8.87962311964273,0.856301533184122,18.6328311048788,NA,NA,NA,NA,NA,NA,NA,NA,NA,NA,NA,NA,8.77458396369138,3748148
"Cataluña",2021,"mujeres",21.6221248164325,81.8190658454845,5.60579353660365,2.14871395055708,6.89298592283283,2.99922743512451,0.359956741279163,2.27396664859032,NA,NA,NA,NA,NA,NA,NA,NA,NA,NA,NA,NA,9.73205257836198,3913858
"Cataluña",2022,"total",19.7359011272221,112.089882053621,17.438886720237,3.2387598148132,9.33871163717934,5.80190601247863,0.582935367938872,9.62304573568186,2.33328884650319,0.760459257648482,3.87813617561377,0.756535449894304,3.79045950745167,12.5552808000638,4.0013,10354756810.75,258787407000,"real",154,94,9.38441151668474,7829317
"Cataluña",2022,"hombres",17.8225742213093,143.421493677707,30.290040785145,4.67353072353112,12.8231069286686,8.55423248564802,0.831674174269898,17.8211460968667,NA,NA,NA,NA,NA,NA,NA,NA,NA,NA,NA,NA,9.45757997218359,3850961
"Cataluña",2022,"mujeres",21.4159027577584,84.5517172669328,5.76080171899477,1.9830885307656,6.20979314824331,3.38148242528899,0.361643103088487,2.32954689182632,NA,NA,NA,NA,NA,NA,NA,NA,NA,NA,NA,NA,9.30524203661901,3978356
"Cataluña",2023,"total",20.0189851509822,111.139046535644,15.554350487336,3.67361041608611,9.33126021842659,6.22136391055322,0.58877775240106,9.81560296017018,2.244333490793,0.75561832748321,3.92959106281512,0.792444266126453,3.64867297885461,11.7305102214432,4.0015,11335301941,283274025000,"real",138,97,9.53467153284672,7970295
"Cataluña",2023,"hombres",18.6527735116453,141.347357712094,26.64428561901,5.74398960399252,12.0100278148552,9.31706825170858,0.839740624433018,18.087005569987,NA,NA,NA,NA,NA,NA,NA,NA,NA,NA,NA,NA,10.4708664803268,3922212
"Cataluña",2023,"mujeres",21.2071889295174,84.7962487347505,5.4357072942936,1.84644747413509,6.95462735862747,3.52458335988303,0.36652862790538,2.49056729454002,NA,NA,NA,NA,NA,NA,NA,NA,NA,NA,NA,NA,8.47704639300462,4048083
"Cataluña",2024,"total",NA,110.101316445377,14.7557213339546,3.29015462387076,9.3009297276644,7.00489946279012,0.585652042462425,9.71258371618949,2.2951196388592,0.760975838154634,3.93233059688108,0.787959923089197,3.60969753429262,NA,3.8858,11747006548.59,302303884000,"real",145,110,11.1878946741332,8067989
"Cataluña",2024,"hombres",NA,138.279204614343,24.6029828024105,5.18400309404958,12.6281187850572,9.8207642726512,0.82288784381667,17.5315603264572,NA,NA,NA,NA,NA,NA,NA,NA,NA,NA,NA,NA,11.9145065939063,3976012
"Cataluña",2024,"mujeres",NA,85.305532660339,5.74509272565543,1.60910528080774,6.26631523947184,4.49919738404572,0.373078089504812,2.70642884142071,NA,NA,NA,NA,NA,NA,NA,NA,NA,NA,NA,NA,10.3879849812265,4091977
"Cataluña",2025,"total",NA,NA,NA,NA,NA,NA,NA,NA,NA,NA,NA,NA,NA,NA,3.7354,11747006548.59,314476551469.544,"proyeccion",142,120,NA,8161273
"Cataluña",2025,"hombres",NA,NA,NA,NA,NA,NA,NA,NA,NA,NA,NA,NA,NA,NA,NA,NA,NA,NA,NA,NA,NA,4030095
"Cataluña",2025,"mujeres",NA,NA,NA,NA,NA,NA,NA,NA,NA,NA,NA,NA,NA,NA,NA,NA,NA,NA,NA,NA,NA,4131178
"Ceuta",1990,"total",NA,7.06002502478462,105.008004951731,22.681947979818,85.3981345827542,22.5256323957654,2.39510132765244,69.349626513285,NA,NA,NA,NA,NA,NA,NA,NA,NA,NA,NA,NA,NA,66712
"Ceuta",1990,"hombres",NA,14.5653895653896,160.479913117285,25.2788992195772,92.7376295645027,49.5323079036803,3.31723973292452,99.7420823782648,NA,NA,NA,NA,NA,NA,NA,NA,NA,NA,NA,NA,NA,32791
"Ceuta",1990,"mujeres",NA,0,56.3492538035873,21.9641190124029,79.820552279576,0,1.65331927951072,44.9014763975444,NA,NA,NA,NA,NA,NA,NA,NA,NA,NA,NA,NA,NA,33921
"Ceuta",1991,"total",NA,3.11127151444252,84.3213340072876,19.1985051159869,71.1731180015973,48.6009692904026,2.48934009795382,72.455611093018,NA,NA,NA,NA,NA,NA,NA,NA,NA,NA,NA,NA,NA,67851
"Ceuta",1991,"hombres",NA,7.3357883771769,111.579617234197,23.3845544259429,63.2192504733854,86.5147629013125,3.3250652191391,100,NA,NA,NA,NA,NA,NA,NA,NA,NA,NA,NA,NA,NA,33357
"Ceuta",1991,"mujeres",NA,0,60.976125835605,15.1373879468027,75.6290904549348,16.2079808097507,1.74074765494493,47.7829994168,NA,NA,NA,NA,NA,NA,NA,NA,NA,NA,NA,NA,NA,34494
"Ceuta",1992,"total",NA,2.56099832371019,94.3446642099298,22.7475407145882,48.60584726065,21.223664611008,1.94723440858892,54.5885282950558,NA,NA,NA,NA,NA,NA,NA,NA,NA,NA,NA,NA,NA,68379
"Ceuta",1992,"hombres",NA,5.60144211673405,173.850187430938,23.0771991768368,55.2047887603782,34.5926030962745,2.69731512174525,79.3101913766946,NA,NA,NA,NA,NA,NA,NA,NA,NA,NA,NA,NA,NA,33712
"Ceuta",1992,"mujeres",NA,0,28.7252925853725,22.7623766006758,42.6321433162688,9.84386605934354,1.32432262320434,34.0581840030939,NA,NA,NA,NA,NA,NA,NA,NA,NA,NA,NA,NA,NA,34667
"Ceuta",1993,"total",NA,2.72537719160107,92.1026015360606,12.5181907563133,40.3245435392786,47.0188775335706,2.03357673197541,57.4342564827126,NA,NA,NA,NA,NA,NA,NA,NA,NA,NA,NA,NA,NA,68919
"Ceuta",1993,"hombres",NA,0,126.934317530407,11.140932799919,58.1529204127102,88.2937363262289,3.06572703658626,91.4525582902976,NA,NA,NA,NA,NA,NA,NA,NA,NA,NA,NA,NA,NA,34068
"Ceuta",1993,"mujeres",NA,5.47127549797777,61.8240367170064,13.6357990969106,25.7521143883245,13.6357990969106,1.1866550201597,29.5208428342947,NA,NA,NA,NA,NA,NA,NA,NA,NA,NA,NA,NA,NA,34851
"Ceuta",1994,"total",NA,9.23100953781866,88.0430097371237,20.1572988940978,47.7916562914046,23.5359622781705,1.89026819087355,52.7109974951122,NA,NA,NA,NA,NA,NA,NA,NA,NA,NA,NA,NA,NA,69399
"Ceuta",1994,"hombres",NA,10.2521358139022,106.970748927197,10.2521358139022,58.1752637613601,41.6454223130505,2.15574659167556,61.4608126349553,NA,NA,NA,NA,NA,NA,NA,NA,NA,NA,NA,NA,NA,34388
"Ceuta",1994,"mujeres",NA,8.86619848857183,70.8198302751165,28.0715065484843,38.7803863402796,8.81867733958861,1.65608832461202,44.9927404426685,NA,NA,NA,NA,NA,NA,NA,NA,NA,NA,NA,NA,NA,35011
"Ceuta",1995,"total",NA,0,89.8428502724751,18.2543745302282,64.6961164298614,22.0698601339805,1.97436712996353,55.4827867189105,NA,NA,NA,NA,NA,NA,NA,NA,NA,NA,NA,NA,NA,69807
"Ceuta",1995,"hombres",NA,0,139.428964184183,4.78824008235773,66.4207985954816,41.5790754116165,2.25749405421866,64.8142737282523,NA,NA,NA,NA,NA,NA,NA,NA,NA,NA,NA,NA,NA,34669
"Ceuta",1995,"mujeres",NA,0,44.3763566282498,29.2157846937832,60.390388114875,6.67223156345709,1.69533591761171,46.2862889286985,NA,NA,NA,NA,NA,NA,NA,NA,NA,NA,NA,NA,NA,35138
"Ceuta",1996,"total",NA,0,96.2052440586154,29.5090037940454,41.6492800613722,27.5448287742238,2.16487648060933,61.7617216361263,1.57,NA,2.88,NA,3.73,NA,NA,NA,NA,NA,NA,NA,NA,70164
"Ceuta",1996,"hombres",NA,0,153.586718546708,41.6101797002271,35.4174192157576,41.3725835283628,2.96818651085267,88.2377522411662,NA,NA,NA,NA,NA,NA,NA,NA,NA,NA,NA,NA,NA,34920
"Ceuta",1996,"mujeres",NA,0,46.3730900363936,18.8226778384452,47.5493498896651,14.6836906486105,1.45296146182097,38.2979490999882,NA,NA,NA,NA,NA,NA,NA,NA,NA,NA,NA,NA,NA,35244
"Ceuta",1997,"total",NA,0,57.138912794683,23.275317312993,46.3839764294521,19.3320123342965,1.69434199933795,46.2535307037986,1.45,NA,3.04,NA,3.49,NA,NA,NA,NA,NA,NA,NA,11.2359550561798,70484
"Ceuta",1997,"hombres",NA,0,103.86949925244,28.0023461917245,40.3660245027006,31.3562082232987,2.22172024587032,63.6352165659727,NA,NA,NA,NA,NA,NA,NA,NA,NA,NA,NA,NA,13.1578947368421,35151
"Ceuta",1997,"mujeres",NA,0,18.7879823429989,18.7879823429989,51.6445330356058,8.49151391318104,1.23259943507187,31.0351096672097,NA,NA,NA,NA,NA,NA,NA,NA,NA,NA,NA,NA,7.8125,35333
"Ceuta",1998,"total",NA,2.35893564823552,79.2218433634763,16.6670149920648,40.2888446099542,25.7062323069713,1.70284523247412,46.5337859630127,1.5,NA,2.77,NA,3.04,NA,NA,NA,NA,NA,NA,NA,22.7906976744186,70772
"Ceuta",1998,"hombres",NA,4.85908649173955,111.780387542621,15.3920782104144,41.9345786152042,36.8038858783994,2.06207329379464,58.3734652744114,NA,NA,NA,NA,NA,NA,NA,NA,NA,NA,NA,NA,27.4074074074074,35374
"Ceuta",1998,"mujeres",NA,0,50.5806827898292,17.8615404034468,40.6928165807757,17.9521566120442,1.44073502243907,37.8949819128763,NA,NA,NA,NA,NA,NA,NA,NA,NA,NA,NA,NA,15,35398
"Ceuta",1999,"total",NA,170.007560063374,71.6904330931542,12.3382137494285,35.4337450877499,26.7008357673754,1.83869628874948,51.011256165375,1.55,NA,3.14,NA,3.24,NA,NA,NA,NA,NA,NA,NA,19.5652173913043,71036
"Ceuta",1999,"hombres",NA,242.914568259314,128.687443386713,22.3212310462129,49.7150283333348,47.2498607835838,3.03942193430862,90.5855770915682,NA,NA,NA,NA,NA,NA,NA,NA,NA,NA,NA,NA,21.8390804597701,35568
"Ceuta",1999,"mujeres",NA,108.853571333327,21.7477722090155,4.47010616502142,22.8806659025699,9.42858259240153,0.826295689776929,17.6438783986139,NA,NA,NA,NA,NA,NA,NA,NA,NA,NA,NA,NA,15.6862745098039,35468
"Ceuta",2000,"total",NA,148.921591177684,57.1168801785349,19.0386730367944,26.9718794728266,18.2466221427602,1.66119500605418,45.1610498737259,1.77,NA,3.45,NA,3.09,NA,NA,NA,NA,NA,NA,NA,21.9895287958115,71274
"Ceuta",2000,"hombres",NA,224.610038562385,94.4000259735456,20.8356428011148,37.6274097483346,26.6626060017196,2.3063537303185,66.4246236941052,NA,NA,NA,NA,NA,NA,NA,NA,NA,NA,NA,NA,29.1970802919708,35743
"Ceuta",2000,"mujeres",NA,84.2222413823946,26.7822087312317,17.2028327183228,17.7454633158885,11.1033777256202,1.11034789234937,27.0058613511468,NA,NA,NA,NA,NA,NA,NA,NA,NA,NA,NA,NA,3.7037037037037,35531
"Ceuta",2001,"total",NA,127.965737946844,77.7926623669955,14.3217210944646,34.7297985630474,13.3904371838909,1.60945306126555,43.4557041638347,1.71,NA,2.8,NA,3.17,NA,NA,NA,NA,NA,NA,NA,21.4723926380368,71509
"Ceuta",2001,"hombres",NA,180.702671637144,94.0137579071289,4.82679838463147,46.0258145527998,12.6362087826723,1.65570690515925,44.9801693645983,NA,NA,NA,NA,NA,NA,NA,NA,NA,NA,NA,NA,24.7422680412371,35949
"Ceuta",2001,"mujeres",NA,82.3029645696117,62.7724726965273,22.5121283674658,25.069918784054,13.1127777482324,1.54848470672736,41.4462682550075,NA,NA,NA,NA,NA,NA,NA,NA,NA,NA,NA,NA,16.6666666666667,35560
"Ceuta",2002,"total",NA,177.34172513519,61.2300140923539,20.6676420350444,34.2067970734943,17.4712306215456,1.83706774518169,50.9575815345113,1.76,NA,2.87,NA,3.22,NA,NA,NA,NA,NA,NA,NA,13.9705882352941,71474
"Ceuta",2002,"hombres",NA,243.335092514617,92.4227348533283,10.6714998348353,50.7596688169178,30.3900485672477,2.26380832158822,65.0223835860044,NA,NA,NA,NA,NA,NA,NA,NA,NA,NA,NA,NA,10.2564102564103,35977
"Ceuta",2002,"mujeres",NA,119.829133906073,34.7359807801761,29.5905968515997,20.9442493842322,7.30160049446921,1.50433635271466,39.9911972014962,NA,NA,NA,NA,NA,NA,NA,NA,NA,NA,NA,NA,18.9655172413793,35497
"Ceuta",2003,"total",NA,154.530112133707,49.8147223812236,22.7202755110301,26.5770834663831,26.8620696817267,1.86801580520169,51.9775884476677,1.76,NA,2.93,NA,3.19,NA,NA,NA,NA,NA,NA,NA,20.7207207207207,71414
"Ceuta",2003,"hombres",NA,216.212317028318,57.8183736564252,23.2761979501609,29.7832116999475,54.5774694751083,2.54809168399203,74.3919852592552,NA,NA,NA,NA,NA,NA,NA,NA,NA,NA,NA,NA,25.6756756756757,35923
"Ceuta",2003,"mujeres",NA,96.4511720530577,38.9635051660844,21.9524902647543,24.0812084927562,3.45411212047943,1.25391823409218,31.737748939812,NA,NA,NA,NA,NA,NA,NA,NA,NA,NA,NA,NA,10.8108108108108,35491
"Ceuta",2004,"total",NA,148.634881269925,47.4776890582612,25.9495248504368,23.5146075209796,12.1131073512026,1.64455713421007,44.6126877376102,1.75,0.62,2.81,0.54,2.59,NA,NA,NA,NA,NA,NA,NA,15.4411764705882,71405
"Ceuta",2004,"hombres",NA,215.479789641441,51.4655465901063,25.7597368286533,20.5330700769555,28.1192706985952,2.0328932732303,57.4117305911246,NA,NA,NA,NA,NA,NA,NA,NA,NA,NA,NA,NA,21.6867469879518,35877
"Ceuta",2004,"mujeres",NA,90.1705031526535,44.6039338247705,26.3510421121409,26.4764143073937,0,1.34996627958253,34.9033648243621,NA,NA,NA,NA,NA,NA,NA,NA,NA,NA,NA,NA,5.66037735849057,35528
"Ceuta",2005,"total",NA,141.69641246803,54.8659931254346,27.694116403546,25.9443135391845,23.0684006567452,1.92761796773703,53.9419964844182,1.74,0.63,2.84,0.54,2.59,NA,NA,NA,NA,NA,NA,NA,14.3884892086331,71383
"Ceuta",2005,"hombres",NA,189.723603217358,75.2783359524288,24.3934904930608,31.3495252672897,28.4208940039136,2.19273125099536,62.6797778354414,NA,NA,NA,NA,NA,NA,NA,NA,NA,NA,NA,NA,15.4761904761905,35839
"Ceuta",2005,"mujeres",NA,102.802618506298,35.0625649494754,30.713599427985,21.8795885086117,17.8984398535578,1.69229926238174,46.1862048095182,NA,NA,NA,NA,NA,NA,NA,NA,NA,NA,NA,NA,12.7272727272727,35544
"Ceuta",2006,"total",13.0810976433432,159.852305943576,52.0147818094953,12.9309378701832,27.0949708132413,14.8473413592816,1.44113737415536,37.9082428905229,1.69,0.65,3.61,0.53,2.54,NA,NA,NA,NA,NA,NA,NA,20.8,71539
"Ceuta",2006,"hombres",12.9358825354326,255.498623560197,70.6240782410248,7.62572532907461,33.4012831226284,23.6056437396394,1.80251219796689,49.8186766395285,NA,NA,NA,NA,NA,NA,NA,NA,NA,NA,NA,NA,29.3333333333333,35888
"Ceuta",2006,"mujeres",14.0466065793674,72.5502611582846,34.014191678299,17.8375206376516,22.4592382677004,6.57801240669549,1.11351417949954,27.1102179660728,NA,NA,NA,NA,NA,NA,NA,NA,NA,NA,NA,NA,8,35651
"Ceuta",2007,"total",13.1126236719097,126.058231590879,38.2349219518579,22.2360449034641,33.1873502396924,17.5094630740785,1.64201636878448,44.5289474871022,1.8,0.66,2.91,0.56,2.53,NA,NA,NA,NA,NA,NA,NA,13.7931034482759,71797
"Ceuta",2007,"hombres",13.1495162310731,167.392496393235,67.0316157415617,28.1481955315024,27.429548947676,24.4429679885734,2.09381703909765,59.4196969166411,NA,NA,NA,NA,NA,NA,NA,NA,NA,NA,NA,NA,19.4029850746269,35979
"Ceuta",2007,"mujeres",13.9426040048089,86.9060185586937,10.0736044094808,16.8683114089223,38.7802381680614,12.5010012283179,1.24300035191776,31.3779100585465,NA,NA,NA,NA,NA,NA,NA,NA,NA,NA,NA,NA,6.12244897959184,35818
"Ceuta",2008,"total",13.4754877533488,143.724344850406,45.2836221125687,25.5198905557586,25.7460605399681,11.7183363142355,1.62710237902638,44.0374022126591,1.81,0.66,2.9,0.55,2.72,NA,NA,NA,NA,NA,NA,NA,15.3846153846154,72353
"Ceuta",2008,"hombres",13.154710146345,180.929605159533,65.6685520318018,22.4176790723488,34.0277926388098,24.8869670203207,2.03796695784697,57.5789524906827,NA,NA,NA,NA,NA,NA,NA,NA,NA,NA,NA,NA,20.5882352941176,36170
"Ceuta",2008,"mujeres",14.5973837753291,109.118204906445,24.9697988089647,29.0884738725002,17.6838956236763,0,1.2603365731094,31.9492888607091,NA,NA,NA,NA,NA,NA,NA,NA,NA,NA,NA,NA,9.67741935483871,36183
"Ceuta",2009,"total",13.6711655702126,151.167971845673,47.4187895889367,14.1461356377524,16.8012851590731,18.5355318478185,1.39234263415141,36.3000331320588,1.93,0.63,3.1,0.53,2.55,NA,NA,NA,NA,NA,NA,NA,9.02255639097744,72596
"Ceuta",2009,"hombres",12.5739299070958,203.125174513515,77.2264885404707,7.65839998198071,10.3572205362969,33.6590943852749,1.68708387273235,46.014312500477,NA,NA,NA,NA,NA,NA,NA,NA,NA,NA,NA,NA,8.33333333333333,36292
"Ceuta",2009,"mujeres",14.9538127827563,101.260378838832,17.8278106227882,20.7928222476735,24.1408226819501,3.24706951975842,1.1126864643735,27.0829375759568,NA,NA,NA,NA,NA,NA,NA,NA,NA,NA,NA,NA,9.83606557377049,36304
"Ceuta",2010,"total",13.7610404661893,140.330470811214,38.1282259721982,16.1949959386111,17.3999313540728,26.9155157555032,1.52091335290926,40.5375530889721,1.49829618531139,0.67,2.82422201302059,0.56,2.33362945676819,NA,NA,NA,NA,NA,NA,NA,11.1940298507463,75419
"Ceuta",2010,"hombres",13.0747111443223,197.397976590871,45.8916184196775,21.6051744345639,12.5498171202871,50.2742771305921,2.16155189677615,61.6521477729822,NA,NA,NA,NA,NA,NA,NA,NA,NA,NA,NA,NA,10.8108108108108,37968
"Ceuta",2010,"mujeres",15.223405109241,86.0098626668359,29.9605648958014,11.7614689629655,21.8306621994567,4.41325742530562,0.918633926252336,20.6872239101815,NA,NA,NA,NA,NA,NA,NA,NA,NA,NA,NA,NA,11.6666666666667,37451
"Ceuta",2011,"total",15.2682584160771,127.130304475864,35.9813520645841,17.5581853511492,32.2924545957981,6.08697103501149,1.30874085456142,33.5446296244119,1.56568028808517,0.65,2.73994050414905,0.54,2.33547309639372,NA,NA,NA,NA,NA,NA,NA,13.7931034482759,76644
"Ceuta",2011,"hombres",14.4560749218871,161.198029962543,49.2075670341653,23.0150131015799,39.9428148684536,9.10974386570341,1.71252887477546,46.8529459389697,NA,NA,NA,NA,NA,NA,NA,NA,NA,NA,NA,NA,12.3456790123457,38396
"Ceuta",2011,"mujeres",16.0844828246859,91.3703871269987,22.0752028159449,12.9884442205359,24.3906925240473,2.62715426649853,0.910633331984083,20.4235349598013,NA,NA,NA,NA,NA,NA,NA,NA,NA,NA,NA,NA,15.625,38248
"Ceuta",2012,"total",15.2869007720966,122.098471098695,37.925935947059,31.0480819306144,21.6931257647796,8.77768893270327,1.5960604867074,43.0143027116775,1.52602651147753,0.65,2.71580989330747,0.53,2.35370190753314,NA,NA,NA,NA,NA,36,30,15.0793650793651,77325
"Ceuta",2012,"hombres",14.6081116407727,163.090522820318,52.7714062635807,32.362170342376,30.7877508575121,13.2503638221398,1.95533858821749,54.8556312811965,NA,NA,NA,NA,NA,NA,NA,NA,NA,NA,NA,NA,16.1764705882353,38817
"Ceuta",2012,"mujeres",16.6224075947568,84.386438409387,21.5195842820278,30.2789584096489,11.8535202001387,4.21034903793525,1.23930263039848,31.2560380733506,NA,NA,NA,NA,NA,NA,NA,NA,NA,NA,NA,NA,13.7931034482759,38508
"Ceuta",2013,"total",16.4096270721461,142.379973576162,33.8491809378338,7.91905901996657,14.9410065139437,10.3439440645225,0.983434923239984,22.8229786186872,1.3859603402118,0.64,2.51131275320429,0.52,2.13224667724893,NA,NA,NA,NA,NA,29,30,6.52173913043478,84499
"Ceuta",2013,"hombres",15.3334051292492,188.592599635657,43.4217749218164,12.9454469079279,20.8291199852308,13.1922518362783,1.35877342188906,35.1936365257874,NA,NA,NA,NA,NA,NA,NA,NA,NA,NA,NA,NA,8.24742268041237,43239
"Ceuta",2013,"mujeres",18.0532276859781,96.3805063804051,23.8828552861647,4.0351325541044,10.3674527162118,7.56176447665809,0.64937518679625,11.8128138342183,NA,NA,NA,NA,NA,NA,NA,NA,NA,NA,NA,NA,2.4390243902439,41260
"Ceuta",2014,"total",17.592404908635,126.757832383672,29.3112262188475,17.1779397623014,8.88447094417086,11.4678296291521,1.12432966095395,27.4666818557474,1.46587698454918,0.630252100840336,2.52981995720585,0.512079831932773,2.12788594531333,NA,NA,NA,NA,NA,30,30,3.7037037037037,84616
"Ceuta",2014,"hombres",16.266467385067,177.730704951143,48.5815121563031,20.6907484273478,17.5422679751957,23.4801129678174,1.7076039559739,46.6906271628954,NA,NA,NA,NA,NA,NA,NA,NA,NA,NA,NA,NA,1.72413793103448,43193
"Ceuta",2014,"mujeres",19.4777657440399,84.7337446786484,10.8557971125631,14.0383478659707,0,0,0.579186088678377,9.49947447588116,NA,NA,NA,NA,NA,NA,NA,NA,NA,NA,NA,NA,6,41423
"Ceuta",2015,"total",17.5520483891958,134.740277075042,23.5736980735391,7.5006518342163,12.6125161313489,6.22856523056032,0.808012452735034,17.041287213074,1.73972732437038,0.630575005583216,2.50899450861579,0.512342192036363,2.10660859685666,NA,NA,NA,NA,NA,28,31,12.5,84489
"Ceuta",2015,"hombres",16.5539653781111,192.497763320219,27.6254612226053,5.68036881171954,18.8932152340983,8.44280244279308,0.993099848289794,23.1415216989182,NA,NA,NA,NA,NA,NA,NA,NA,NA,NA,NA,NA,9.75609756097561,42947
"Ceuta",2015,"mujeres",18.6841756091628,79.9651521108153,18.4782992626961,8.66444200363276,6.31125929541614,4.26531830907272,0.610128273253898,10.5192877421989,NA,NA,NA,NA,NA,NA,NA,NA,NA,NA,NA,NA,15.7142857142857,41542
"Ceuta",2016,"total",17.7159483623454,139.293999833477,38.6419045132607,15.7872683452916,18.2627180151998,12.8504614062127,1.27993512836024,32.5952311857146,1.42777915442435,0.622632698593888,2.51336330489575,0.509344512792383,2.10036933460771,NA,NA,NA,NA,NA,37.1,37.79,8.54700854700855,84724
"Ceuta",2016,"hombres",16.4630233299272,211.137763789048,38.1224675422508,25.0714423347729,36.0240375729326,18.3401576655521,1.91716720929522,53.5975533803437,NA,NA,NA,NA,NA,NA,NA,NA,NA,NA,NA,NA,5.63380281690141,43067
"Ceuta",2016,"mujeres",18.7115975848649,66.7957526726555,38.6097446165923,8.62480630671791,0,7.80158942448727,0.69505564546513,13.3183810202812,NA,NA,NA,NA,NA,NA,NA,NA,NA,NA,NA,NA,13.0434782608696,41657
"Ceuta",2017,"total",17.4726099932557,152.186762386617,46.2083188505942,12.0143943381504,17.3413324002525,9.62816449021778,1.18655992481665,29.5177086182161,1.58855300471859,0.62688555420601,2.82409423061083,0.509344512792383,2.08276949507549,NA,NA,NA,NA,NA,74.98,36.72,11.45,85016
"Ceuta",2017,"hombres",16.3835555142678,196.059727574301,53.7177163563364,11.8786267419952,28.8955463143044,14.1125528256513,1.49768262136362,39.771899062228,NA,NA,NA,NA,NA,NA,NA,NA,NA,NA,NA,NA,13.95,43249
"Ceuta",2017,"mujeres",18.3050511915333,110.689700917263,38.2388099856418,11.7923368916609,6.92825271270168,4.26550729001017,0.864433678758109,18.9008558114,NA,NA,NA,NA,NA,NA,NA,NA,NA,NA,NA,NA,6.67,41767
"Ceuta",2018,"total",17.7202575998131,130.857479681035,21.2139863615827,7.20852097910865,19.866301204079,4.93668997679604,0.828834859839848,17.7275660680893,1.66054267947993,0.623538581449727,2.79112492933861,0.506625097427903,2.08451102317694,NA,NA,NA,NA,NA,81.05,30.56,14.7058823529412,84949
"Ceuta",2018,"hombres",16.8673760874161,133.58833339588,19.4921823045596,9.66782532813249,30.5872796194172,7.71523840398016,1.03916561106002,24.6597879959038,NA,NA,NA,NA,NA,NA,NA,NA,NA,NA,NA,NA,12.6984126984127,43163
"Ceuta",2018,"mujeres",18.3242642031066,127.311069109278,22.5711174370604,4.87161674397442,8.40791302778901,2.38055683159684,0.614630935065143,10.6676894892586,NA,NA,NA,NA,NA,NA,NA,NA,NA,NA,NA,NA,17.9487179487179,41786
"Ceuta",2019,"total",14.5100246410564,127.577983743001,26.5660354995943,3.49387427226926,21.5908927177907,15.6795071762901,0.957909271928003,21.9816870875148,1.47992043947717,0.633788869082987,2.66385679105891,0.514953456129927,2.11924606933131,NA,NA,NA,NA,NA,91.92,39.31,12.2950819672131,84469
"Ceuta",2019,"hombres",14.8569600573894,162.699352239448,32.1964854412033,7.04896317992777,17.2694525934173,28.7361683696945,1.32712654208837,34.1505974417324,NA,NA,NA,NA,NA,NA,NA,NA,NA,NA,NA,NA,9.85915492957746,42809
"Ceuta",2019,"mujeres",14.0206000973179,94.0084759959508,20.4302316017042,0,25.2769990927952,2.59675028712056,0.583732210557498,9.64930860899834,NA,NA,NA,NA,NA,NA,NA,NA,NA,NA,NA,NA,15.6862745098039,41660
"Ceuta",2020,"total",13.0875575984982,132.25415351919,47.1368178071594,21.8255964107377,15.787636382469,15.4774417481793,1.48839833768697,39.4659014155976,1.66668650817272,0.635088647790421,3.28575340182621,0.516009526329717,2.07145323158609,NA,NA,NA,NA,NA,126.36,16.61,12.5,83959
"Ceuta",2020,"hombres",13.4138112483002,147.13742964554,65.0469276107496,23.2148428965749,20.3338488581213,30.8932202606021,1.9593106059247,54.9865437040727,NA,NA,NA,NA,NA,NA,NA,NA,NA,NA,NA,NA,10.3896103896104,42481
"Ceuta",2020,"mujeres",12.7536627280476,115.927541392858,28.6528392038957,21.2228376713421,10.8691167707122,0,1.02689054872153,24.2552182607867,NA,NA,NA,NA,NA,NA,NA,NA,NA,NA,NA,NA,17.1428571428571,41478
"Ceuta",2021,"total",13.1560943213294,143.294298854657,32.4302853131398,13.1647909594199,24.1013562303378,14.5925152162001,1.27282039545895,32.3607390482468,1.59433768555313,0.640777476671695,3.35777179230128,0.547330761323739,2.05331368593963,NA,NA,NA,NA,NA,126.36,31.25,12.2448979591837,82838
"Ceuta",2021,"hombres",13.682547976607,168.189851872942,53.5493930429227,4.97862341008725,34.1833619243359,12.0129097029885,1.28383341682362,32.7237135907364,NA,NA,NA,NA,NA,NA,NA,NA,NA,NA,NA,NA,11.4754098360656,41837
"Ceuta",2021,"mujeres",12.8472285294524,117.810062495685,10.5385938038577,21.38531581086,13.5354779851634,16.859407311243,1.2471955666131,31.5161787574134,NA,NA,NA,NA,NA,NA,NA,NA,NA,NA,NA,NA,13.5135135135135,41001
"Ceuta",2022,"total",13.559754246938,107.216820788361,49.3607464689279,13.7464799671112,11.8177471512087,14.1143824998979,1.18539113190247,29.479186757662,1.72858742756975,0.645881830536755,3.65194526951356,0.551690730250145,2.02074304913084,NA,NA,NA,NA,NA,82.22,44.44,13.6690647482014,82792
"Ceuta",2022,"hombres",13.6661501374068,97.847460527271,56.2743866899364,10.6013634828337,15.1203047664139,28.1666656518963,1.39797202306953,36.4855703065899,NA,NA,NA,NA,NA,NA,NA,NA,NA,NA,NA,NA,12.1951219512195,41817
"Ceuta",2022,"mujeres",13.3415190051658,118.420082436645,41.5045232814572,16.9998683005162,8.06701103275034,0,0.968360244326736,22.326137243325,NA,NA,NA,NA,NA,NA,NA,NA,NA,NA,NA,NA,15.7894736842105,40975
"Ceuta",2023,"total",15.8359991727996,102.939573887184,36.5467422966908,8.91718285762012,13.0973824395921,1.2968935077511,0.776635624997531,16.0071486859906,1.62982458258382,0.650979860310572,3.50110465888375,0.556045297348613,2.02822614721541,NA,NA,NA,NA,NA,124.09,57.93,10.5263157894737,82831
"Ceuta",2023,"hombres",16.0495800508019,143.779902929795,45.3696050194741,7.44403824314201,17.3251652904816,2.56852613689388,0.92890169455284,21.025635902482,NA,NA,NA,NA,NA,NA,NA,NA,NA,NA,NA,NA,9.67741935483871,41783
"Ceuta",2023,"mujeres",16.9223361055193,63.0496743731686,27.4674983138682,10.1390775234155,8.84097813999976,0,0.617634821965853,10.7666936078717,NA,NA,NA,NA,NA,NA,NA,NA,NA,NA,NA,NA,11.5384615384615,41048
"Ceuta",2024,"total",NA,100.361615851568,19.0598728677622,6.53609705026364,14.8435649561331,15.1388823190405,0.866711456486405,18.9759283370444,1.64384876591354,0.651244827352283,3.15570967470993,0.556271623363408,1.96781896065562,NA,NA,NA,NA,NA,82.73,82.8,11.8181818181818,83341
"Ceuta",2024,"hombres",NA,109.368615266047,38.2672488407662,6.60156608320031,13.8421320509094,27.4861989598385,1.19345212098232,29.7448662407383,NA,NA,NA,NA,NA,NA,NA,NA,NA,NA,NA,NA,12.1212121212121,41993
"Ceuta",2024,"mujeres",NA,90.6648774509111,0,6.58578053852366,16.0238973828991,2.9743878169075,0.54728180181561,8.44795159728011,NA,NA,NA,NA,NA,NA,NA,NA,NA,NA,NA,NA,11.3636363636364,41348
"Ceuta",2025,"total",NA,NA,NA,NA,NA,NA,NA,NA,NA,NA,NA,NA,NA,NA,NA,NA,NA,NA,94,72,NA,83792
"Ceuta",2025,"hombres",NA,NA,NA,NA,NA,NA,NA,NA,NA,NA,NA,NA,NA,NA,NA,NA,NA,NA,NA,NA,NA,42296
"Ceuta",2025,"mujeres",NA,NA,NA,NA,NA,NA,NA,NA,NA,NA,NA,NA,NA,NA,NA,NA,NA,NA,NA,NA,NA,41496
"Comunidad Foral de Navarra",1990,"total",NA,3.8197076567395,40.3566786444628,8.25223855156694,32.7574983616801,19.4451900994341,1.09414965079103,26.4719888447667,NA,NA,NA,NA,NA,NA,NA,NA,NA,NA,NA,NA,NA,519300
"Comunidad Foral de Navarra",1990,"hombres",NA,6.03121840077813,66.3642737579523,6.82425992494746,46.7952101542971,35.2527012156477,1.61375027202416,43.5973345173444,NA,NA,NA,NA,NA,NA,NA,NA,NA,NA,NA,NA,NA,257783
"Comunidad Foral de Navarra",1990,"mujeres",NA,1.86909621195343,17.7818433481284,9.34461484772242,20.7006165006483,6.37762053720047,0.651721459317528,11.8901438571763,NA,NA,NA,NA,NA,NA,NA,NA,NA,NA,NA,NA,NA,261517
"Comunidad Foral de Navarra",1991,"total",NA,6.42878578938265,41.6547616116455,11.7615665539124,29.2945235612287,17.1911664428364,1.12347984073283,27.438672911086,NA,NA,NA,NA,NA,NA,NA,NA,NA,NA,NA,NA,NA,520842
"Comunidad Foral de Navarra",1991,"hombres",NA,11.2638175544837,62.5973750889833,12.1003310719864,35.6361773516691,28.7732608197625,1.51759143589229,40.4280671205447,NA,NA,NA,NA,NA,NA,NA,NA,NA,NA,NA,NA,NA,258524
"Comunidad Foral de Navarra",1991,"mujeres",NA,1.90081160888803,22.8892589754678,11.3467469953301,24.1585982155495,7.69751818040782,0.787554892375336,16.3670332217181,NA,NA,NA,NA,NA,NA,NA,NA,NA,NA,NA,NA,NA,262318
"Comunidad Foral de Navarra",1992,"total",NA,5.34982460457554,43.0572224035306,6.64436521084494,24.8960828598127,15.502882767204,0.927139996773929,20.9675726858467,NA,NA,NA,NA,NA,NA,NA,NA,NA,NA,NA,NA,NA,523618
"Comunidad Foral de Navarra",1992,"hombres",NA,9.7169641123251,70.4261359404733,7.39858132482469,37.3399540696083,28.0497354435117,1.44283665093319,37.9642487939508,NA,NA,NA,NA,NA,NA,NA,NA,NA,NA,NA,NA,NA,260018
"Comunidad Foral de Navarra",1992,"mujeres",NA,1.32723252565322,17.6463215762269,6.01630862086367,14.2244001593226,4.84105578146289,0.475692775419179,6.08847246407077,NA,NA,NA,NA,NA,NA,NA,NA,NA,NA,NA,NA,NA,263600
"Comunidad Foral de Navarra",1993,"total",NA,5.77385583197806,42.3280363794469,9.09416416989101,24.7262880115756,19.4133236480765,1.05133042037182,25.0607239378416,NA,NA,NA,NA,NA,NA,NA,NA,NA,NA,NA,NA,NA,526378
"Comunidad Foral de Navarra",1993,"hombres",NA,9.62858026822837,72.4645150073438,10.6881682992239,31.5725312913808,38.4249634507831,1.65848863637545,45.0718515272034,NA,NA,NA,NA,NA,NA,NA,NA,NA,NA,NA,NA,NA,261518
"Comunidad Foral de Navarra",1993,"mujeres",NA,1.99835151712857,14.6940438349735,7.61488279812059,18.6905796558941,3.09495376435178,0.515057894270776,7.38589444593027,NA,NA,NA,NA,NA,NA,NA,NA,NA,NA,NA,NA,NA,264860
"Comunidad Foral de Navarra",1994,"total",NA,4.91169146385085,41.9489867573626,9.96153804105311,24.7914751700824,15.350547883381,1.00101049270933,23.4022460218719,NA,NA,NA,NA,NA,NA,NA,NA,NA,NA,NA,NA,NA,529366
"Comunidad Foral de Navarra",1994,"hombres",NA,9.31234412026797,70.9729907251982,9.80669769489777,32.7091523042484,26.238690746105,1.43034836350092,37.5526514432228,NA,NA,NA,NA,NA,NA,NA,NA,NA,NA,NA,NA,NA,263122
"Comunidad Foral de Navarra",1994,"mujeres",NA,0.878602526944398,15.5057084567039,9.9772632735559,17.4137268850136,6.07349656300592,0.615974358708861,10.7119669464887,NA,NA,NA,NA,NA,NA,NA,NA,NA,NA,NA,NA,NA,266244
"Comunidad Foral de Navarra",1995,"total",NA,4.38788385942545,44.8131289062276,5.73608159631825,21.7332585410973,12.3929305039525,0.828031649258925,17.7010933152016,NA,NA,NA,NA,NA,NA,NA,NA,NA,NA,NA,NA,NA,532486
"Comunidad Foral de Navarra",1995,"hombres",NA,6.74046424949318,72.1749804454181,7.1387185767923,26.3326492811885,22.0263576471092,1.23007559661164,30.9519273069758,NA,NA,NA,NA,NA,NA,NA,NA,NA,NA,NA,NA,NA,264745
"Comunidad Foral de Navarra",1995,"mujeres",NA,2.23359013761855,19.3935477758879,4.26960720502018,17.6791157653633,3.92703081408104,0.460810533299292,5.59797354957525,NA,NA,NA,NA,NA,NA,NA,NA,NA,NA,NA,NA,NA,267741
"Comunidad Foral de Navarra",1996,"total",NA,6.55845742798357,47.8839170652999,5.6697846388926,22.8046115027619,12.6842576455951,0.863025949968698,18.8544589420608,1.59,NA,3.61,NA,4.81,NA,NA,NA,NA,NA,NA,NA,NA,535325
"Comunidad Foral de Navarra",1996,"hombres",NA,12.1663940022293,81.9852273634414,7.26025718332555,31.0796473205236,22.8930536835021,1.35933877134366,35.2122696921852,NA,NA,NA,NA,NA,NA,NA,NA,NA,NA,NA,NA,NA,266174
"Comunidad Foral de Navarra",1996,"mujeres",NA,1.23699040740429,15.9168056909304,4.24247029232079,15.2722164058331,3.80091515156478,0.413178121996509,4.02807259979835,NA,NA,NA,NA,NA,NA,NA,NA,NA,NA,NA,NA,NA,269151
"Comunidad Foral de Navarra",1997,"total",NA,3.64677195371146,46.8214593647981,5.57892395360819,21.0930478046129,12.2341973392998,0.824860965129081,17.5965917816714,1.62,NA,3.7,NA,4.85,NA,NA,NA,NA,NA,NA,NA,7.97619047619048,537963
"Comunidad Foral de Navarra",1997,"hombres",NA,7.10904084861137,79.0120256847045,6.94412787342505,32.1040609742492,22.3779341788957,1.32631050017729,34.123701785262,NA,NA,NA,NA,NA,NA,NA,NA,NA,NA,NA,NA,5.48245614035088,267492
"Comunidad Foral de Navarra",1997,"mujeres",NA,0.410252034234712,16.5554407171108,4.11826062447694,11.4208421798636,3.6393739629798,0.371637270004913,2.65894134625759,NA,NA,NA,NA,NA,NA,NA,NA,NA,NA,NA,NA,10.9375,270471
"Comunidad Foral de Navarra",1998,"total",NA,4.89952053446637,41.1760075404512,5.63645575573148,19.4242167824904,14.2750728774245,0.815735440664591,17.2958266276054,1.69,NA,3.75,NA,4.67,NA,NA,NA,NA,NA,NA,NA,10.1449275362319,540950
"Comunidad Foral de Navarra",1998,"hombres",NA,8.54530302560534,68.1812126088603,7.6244577436139,21.7448350943506,26.2909386807911,1.25154366993273,31.6594864620731,NA,NA,NA,NA,NA,NA,NA,NA,NA,NA,NA,NA,7.60626398210291,269035
"Comunidad Foral de Navarra",1998,"mujeres",NA,1.31143701546164,15.9848073474876,3.8376099115312,17.095419821306,3.77857474984091,0.42080923262344,4.27958386058499,NA,NA,NA,NA,NA,NA,NA,NA,NA,NA,NA,NA,13.1233595800525,271915
"Comunidad Foral de Navarra",1999,"total",NA,155.908957204209,37.6560091331412,5.55810324604623,16.8439600758216,12.4636780380382,1.02497179929097,24.1919788305114,1.83,NA,3.94,NA,4.28,NA,NA,NA,NA,NA,NA,NA,5.84577114427861,544682
"Comunidad Foral de Navarra",1999,"hombres",NA,228.158313806036,65.2143636572359,7.18583004537502,20.6213246191257,21.6405995850054,1.55085470361948,41.5243802016869,NA,NA,NA,NA,NA,NA,NA,NA,NA,NA,NA,NA,4.80349344978166,270985
"Comunidad Foral de Navarra",1999,"mujeres",NA,89.4374102465299,11.8296884671218,4.06667620193438,13.3814051604661,4.34977718638883,0.544407241737511,8.35320991880172,NA,NA,NA,NA,NA,NA,NA,NA,NA,NA,NA,NA,7.22543352601156,273697
"Comunidad Foral de Navarra",2000,"total",NA,163.682510549848,36.8653046955653,6.44168640687352,15.8667672438855,10.8912957636216,1.02147898228756,24.0768602257404,1.91,NA,4.11,NA,4.21,NA,NA,NA,NA,NA,NA,NA,8.05739514348786,549105
"Comunidad Foral de Navarra",2000,"hombres",NA,231.212714767295,60.7099148086944,7.81588345897574,22.0183841364202,21.7634903895719,1.56332659662255,41.9354372138247,NA,NA,NA,NA,NA,NA,NA,NA,NA,NA,NA,NA,7.48987854251012,273271
"Comunidad Foral de Navarra",2000,"mujeres",NA,101.317928434125,14.2885779199635,5.0349554166251,10.5119636729038,1.40461897673198,0.52710484486856,7.78294592134592,NA,NA,NA,NA,NA,NA,NA,NA,NA,NA,NA,NA,8.7378640776699,275834
"Comunidad Foral de Navarra",2001,"total",NA,158.281309491855,37.2560036878385,6.7428563455223,18.7118461990094,8.49987967344169,1.00805982076915,23.6345825027201,1.99,NA,4.04,NA,4.15,NA,NA,NA,NA,NA,NA,NA,8.23293172690763,553696
"Comunidad Foral de Navarra",2001,"hombres",NA,213.68591197126,63.1680209280782,7.96628644997858,26.0163715125195,14.5038979044715,1.46277600097307,38.6214232621203,NA,NA,NA,NA,NA,NA,NA,NA,NA,NA,NA,NA,7.35294117647059,275610
"Comunidad Foral de Navarra",2001,"mujeres",NA,107.289972377011,12.7814153260152,5.55999471547151,11.9583866689071,3.14854928236619,0.587295209288791,9.76674031021445,NA,NA,NA,NA,NA,NA,NA,NA,NA,NA,NA,NA,9.29203539823009,278086
"Comunidad Foral de Navarra",2002,"total",NA,153.789651041085,37.8464301381016,4.46427093289367,15.5084704422926,7.91146700315144,0.90345060151967,20.1868017130548,2.02,NA,4,NA,4.03,18.9524764242812,NA,NA,NA,NA,NA,NA,7.02106318956871,560235
"Comunidad Foral de Navarra",2002,"hombres",NA,214.721466833257,68.9430673833358,5.4993153121134,22.3278522256817,13.9713375109674,1.38900172569836,36.1899212311469,NA,NA,NA,NA,NA,NA,NA,NA,NA,NA,NA,NA,6.10412926391382,278951
"Comunidad Foral de Navarra",2002,"mujeres",NA,96.0743591343778,8.29312313119469,3.43902413152154,9.30299447364987,2.47061039355193,0.449422958481008,5.22265422321909,NA,NA,NA,NA,NA,NA,NA,NA,NA,NA,NA,NA,8.18181818181818,281284
"Comunidad Foral de Navarra",2003,"total",NA,140.152635630974,35.3662075885126,6.94344548112962,14.5147395001818,9.80269428363572,0.949414570545791,21.7017130235684,2.07,NA,4.03,NA,3.93,19.5926463081211,NA,NA,NA,NA,NA,NA,6.00632244467861,568823
"Comunidad Foral de Navarra",2003,"hombres",NA,202.56106213012,58.0118970291255,8.14692404955601,19.7722905712047,16.2827476615988,1.38684404629445,36.1188069866049,NA,NA,NA,NA,NA,NA,NA,NA,NA,NA,NA,NA,5.46139359698682,283332
"Comunidad Foral de Navarra",2003,"mujeres",NA,82.3093606083997,13.9488519978889,5.71173965890924,9.93565276378399,4.07499673606476,0.546250793020944,8.41397091812267,NA,NA,NA,NA,NA,NA,NA,NA,NA,NA,NA,NA,6.69856459330144,285491
"Comunidad Foral de Navarra",2004,"total",NA,138.244495427596,30.0707237313034,6.14765072008386,13.5872016930313,9.20940919138396,0.87680363204384,19.308553025982,2.1,0.75,4.02,0.7,3.9,19.2460513807983,NA,NA,NA,NA,NA,NA,7.57128810226155,576837
"Comunidad Foral de Navarra",2004,"hombres",NA,196.429971083643,52.0648539507135,7.37227527538545,18.8242249316743,16.4677279703777,1.31618777660039,33.790070274216,NA,NA,NA,NA,NA,NA,NA,NA,NA,NA,NA,NA,7.83645655877343,287373
"Comunidad Foral de Navarra",2004,"mujeres",NA,84.7405998465277,9.18650827123533,5.04863297816505,8.92429933185784,2.57635898243457,0.471978081007114,5.96604107489416,NA,NA,NA,NA,NA,NA,NA,NA,NA,NA,NA,NA,7.2093023255814,289464
"Comunidad Foral de Navarra",2005,"total",NA,137.96006108648,28.0347970963023,5.67926591787166,15.6427862023495,9.09796090435833,0.871149829383226,19.1222112069561,2.13,0.74,4.1,0.69,3.85,19.5725180741873,NA,NA,NA,NA,NA,NA,6.2200956937799,584457
"Comunidad Foral de Navarra",2005,"hombres",NA,186.979479370712,44.5778263255174,7.40826750252188,22.6154733222737,17.7261360421674,1.31587898538669,33.7798929263472,NA,NA,NA,NA,NA,NA,NA,NA,NA,NA,NA,NA,6.78807947019868,291192
"Comunidad Foral de Navarra",2005,"mujeres",NA,92.3041026108203,12.1313035913032,4.0917127849849,9.31389687125739,1.35440936919986,0.461358975709428,5.61604948226522,NA,NA,NA,NA,NA,NA,NA,NA,NA,NA,NA,NA,5.4421768707483,293265
"Comunidad Foral de Navarra",2006,"total",17.5239882604389,137.330956703361,26.3893892523187,4.90706528094093,16.6288009324732,8.25756422722557,0.83640025918808,17.9769115724924,2.15,0.75,4.25,0.7,3.6,19.2745521672521,NA,NA,NA,NA,NA,NA,8.04066543438078,591859
"Comunidad Foral de Navarra",2006,"hombres",15.3147954107791,188.806120730609,45.9496064600935,6.53294831913038,21.9053843684158,12.778734561531,1.21337815333285,30.4016017755724,NA,NA,NA,NA,NA,NA,NA,NA,NA,NA,NA,NA,8.65533230293663,294906
"Comunidad Foral de Navarra",2006,"mujeres",19.3224590320752,88.4501619702937,7.80126575673793,3.40740201653066,11.7644789442145,4.0593199855113,0.482523765433731,6.31361281322491,NA,NA,NA,NA,NA,NA,NA,NA,NA,NA,NA,NA,7.1264367816092,296953
"Comunidad Foral de Navarra",2007,"total",17.4315965636079,144.539779855534,24.9704502376242,6.65497177541103,9.92990428701007,9.88530212729288,0.849057105988665,18.3940644159022,2.22,0.77,4.35,0.7,3.86,18.406968077496,NA,NA,NA,NA,NA,NA,5.91182364729459,600646
"Comunidad Foral de Navarra",2007,"hombres",15.1814244903108,194.373580373401,43.0664404872323,8.02023879790981,15.3369586863166,16.7671101359223,1.2496508796646,31.5971026112794,NA,NA,NA,NA,NA,NA,NA,NA,NA,NA,NA,NA,7.36842105263158,299384
"Comunidad Foral de Navarra",2007,"mujeres",19.2857847965339,97.9654984535102,7.70085800064171,5.35346511880314,4.98778640299541,3.55874231760175,0.474902206679596,6.06241636946648,NA,NA,NA,NA,NA,NA,NA,NA,NA,NA,NA,NA,3.97196261682243,301262
"Comunidad Foral de Navarra",2008,"total",17.6162668373792,134.110406451705,24.1634647080272,6.47289282522179,12.4589473577499,7.10653391296698,0.797399036515777,16.6914831249065,2.27,0.75,4.34,0.71,3.86,17.6655710796699,NA,NA,NA,NA,NA,NA,7.33471074380165,610384
"Comunidad Foral de Navarra",2008,"hombres",15.8790630435757,189.836644181698,43.2935229461241,8.89963792181213,13.9453163184179,12.7135176554983,1.18196419562792,29.3662394941266,NA,NA,NA,NA,NA,NA,NA,NA,NA,NA,NA,NA,5.66037735849057,304285
"Comunidad Foral de Navarra",2008,"mujeres",19.0937710509263,81.3477185418137,5.83109461958381,4.05288348836842,11.1262679727903,1.94249570955727,0.432142340232414,4.65310802013582,NA,NA,NA,NA,NA,NA,NA,NA,NA,NA,NA,NA,9.36073059360731,306099
"Comunidad Foral de Navarra",2009,"total",18.1491348579275,138.515543279709,20.8753271942766,3.46434786762272,12.7335868098628,7.17439091340018,0.71462903935145,13.9634940601641,2.39,0.75,4.66,0.71,3.84,18.1975256317915,NA,NA,NA,NA,NA,NA,5.92592592592593,616901
"Comunidad Foral de Navarra",2009,"hombres",16.75562766676,189.776861243455,38.0416194093317,4.48978525737253,18.4865196532776,12.2838704506669,1.07723984080212,25.9146639889372,NA,NA,NA,NA,NA,NA,NA,NA,NA,NA,NA,NA,6.42978003384095,307697
"Comunidad Foral de Navarra",2009,"mujeres",19.3869908243561,90.5108133805472,4.30160556047822,2.48006478714656,7.2492689239323,2.49381434609362,0.372499182278248,2.68734882888389,NA,NA,NA,NA,NA,NA,NA,NA,NA,NA,NA,NA,5.31697341513292,309204
"Comunidad Foral de Navarra",2010,"total",18.5590416134022,118.864666914164,18.3120644961502,6.42880370206132,12.4252552137177,7.51416434993656,0.7412940554002,14.8423375382876,2.55206436873463,0.76,4.93495780393572,0.72,3.81842964261432,16.6223333007736,NA,NA,NA,NA,NA,NA,3.60738255033557,620674
"Comunidad Foral de Navarra",2010,"hombres",17.3582101997758,159.156697822233,31.5001810855946,8.24698503093772,14.7643571071888,11.6858090166995,1.03173180792841,24.4147797278449,NA,NA,NA,NA,NA,NA,NA,NA,NA,NA,NA,NA,4.01234567901235,308880
"Comunidad Foral de Navarra",2010,"mujeres",19.5676413630928,80.8284855757939,5.54539249849081,4.72710275453547,10.1442580344593,3.71218646678396,0.467333834726626,5.81297289196322,NA,NA,NA,NA,NA,NA,NA,NA,NA,NA,NA,NA,3.125,311794
"Comunidad Foral de Navarra",2011,"total",19.8874460574995,142.363158283981,19.1517960126112,4.58191408828718,12.7603313782349,7.57571577107098,0.747904419692376,15.0602063569517,2.34750830138024,0.77,4.47182668901777,0.72,3.81831377611643,15.7699604282131,NA,NA,NA,NA,NA,NA,4.03041825095057,622788
"Comunidad Foral de Navarra",2011,"hombres",18.3602131806928,187.690808406966,34.4157006793319,5.65111879868355,17.3624127799622,12.1434261889126,1.06926425980413,25.65179944269,NA,NA,NA,NA,NA,NA,NA,NA,NA,NA,NA,NA,4.03645833333333,309045
"Comunidad Foral de Navarra",2011,"mujeres",21.5333519538936,99.9983070516916,4.35439863168782,3.42706480594747,8.42494095702424,3.3588998155304,0.441184583837944,4.95112834781147,NA,NA,NA,NA,NA,NA,NA,NA,NA,NA,NA,NA,4.02193784277879,313743
"Comunidad Foral de Navarra",2012,"total",18.8117522154345,131.692263341551,20.7821895598407,3.64315867390125,8.59516332065323,4.59029527469639,0.621205495007347,10.8843782441491,2.27581096815789,0.77,4.32227664495104,0.73,3.54121960372983,14.8867196032201,NA,NA,NA,NA,134,62,6.57894736842105,623514
"Comunidad Foral de Navarra",2012,"hombres",17.4575101071074,179.93275102322,37.5279081740073,6.68008113404915,11.1806456385986,7.42410016374706,0.957222344294679,21.9590468659831,NA,NA,NA,NA,NA,NA,NA,NA,NA,NA,NA,NA,4.96688741721854,308640
"Comunidad Foral de Navarra",2012,"mujeres",20.0021047236074,85.6403351756578,4.53095039275162,0.831172180527009,6.32003166230781,1.9550675231957,0.304253575515064,0.438064361747045,NA,NA,NA,NA,NA,NA,NA,NA,NA,NA,NA,NA,8.3955223880597,314874
"Comunidad Foral de Navarra",2013,"total",18.8999490573543,134.669465595293,19.1107071955195,2.45533023125773,9.26254162429139,7.88770229517241,0.650043740495346,11.8348484753058,2.34374754714967,0.77,4.23538572150691,0.73,3.40337888963194,14.000433291928,NA,NA,NA,NA,125,115,6.32672332389046,637025
"Comunidad Foral de Navarra",2013,"hombres",17.2188475956202,183.460504534245,30.53639954594,3.07042198349815,11.4789026785364,13.7237458998372,0.943345746341058,21.5016926462149,NA,NA,NA,NA,NA,NA,NA,NA,NA,NA,NA,NA,5.73913043478261,316497
"Comunidad Foral de Navarra",2013,"mujeres",20.4206215466918,87.948063268085,7.92229818665465,1.87665821226508,7.09971877558043,2.35883576136242,0.368688270334141,2.56174623777132,NA,NA,NA,NA,NA,NA,NA,NA,NA,NA,NA,NA,7.02479338842975,320528
"Comunidad Foral de Navarra",2014,"total",18.8978584033678,142.871180161166,18.7875476657286,5.20331832583983,10.0653953192548,7.52173021648386,0.735429175753445,14.6490389024231,2.39240466534629,0.80359077341974,4.21578798453268,0.746999873883138,3.37325914049483,14.2898094121075,NA,NA,NA,NA,102,95,6.52173913043478,636004
"Comunidad Foral de Navarra",2014,"hombres",17.1589015247392,189.658173547173,28.7133674020419,8.63331163657805,14.8612858015968,13.1429352768379,1.10979329093043,26.987582425715,NA,NA,NA,NA,NA,NA,NA,NA,NA,NA,NA,NA,6.73400673400673,315501
"Comunidad Foral de Navarra",2014,"mujeres",20.4966531409832,98.1369390366025,9.0238219882917,1.89393213563455,5.45063215619923,2.29725770081393,0.377478407542237,2.85145747376017,NA,NA,NA,NA,NA,NA,NA,NA,NA,NA,NA,NA,6.27450980392157,320503
"Comunidad Foral de Navarra",2015,"total",18.9793613514355,119.426130284674,19.761675762098,5.23226741220805,11.7172671259882,6.67902545335431,0.69880505432186,13.4419565514015,2.33281248526272,0.804577870722556,4.2223277192828,0.751369314141706,3.32944531252456,13.9328776707041,4.9354,904884244,18334417000,"real",100,85,6.98729582577133,636258
"Comunidad Foral de Navarra",2015,"hombres",17.2083608221855,162.173894941987,33.3009982028105,7.15915277683061,15.6611677250973,8.99105199442054,0.982589418947618,22.7951119212994,NA,NA,NA,NA,NA,NA,NA,NA,NA,NA,NA,NA,6.83760683760684,315459
"Comunidad Foral de Navarra",2015,"mujeres",20.5790262958666,78.7550565753219,6.58318630067883,3.31559275574378,7.97700207389554,4.50072346606224,0.425509218021309,4.43448913072028,NA,NA,NA,NA,NA,NA,NA,NA,NA,NA,NA,NA,7.15667311411992,320799
"Comunidad Foral de Navarra",2016,"total",19.4151351904073,122.347903055954,15.820309581959,6.32663188150349,8.97614593218777,8.28722531350118,0.710916117986124,13.8411211082507,2.51769594003904,0.788551820598885,4.42907680304317,0.791080410159371,3.32924945400309,14.8750398370293,5.025,950290485,18911331000,"real",100,47,7.38916256157636,638214
"Comunidad Foral de Navarra",2016,"hombres",17.4584338411622,165.930215059118,26.1578886840452,8.18865782887711,11.8918915632419,12.8270248344412,1.00473627315534,23.5250427919887,NA,NA,NA,NA,NA,NA,NA,NA,NA,NA,NA,NA,7.13178294573643,316166
"Comunidad Foral de Navarra",2016,"mujeres",21.1512449376181,80.9600895538054,5.75204319592625,4.57047894875002,6.08997177676009,3.95385074783015,0.429275087990128,4.55860719821016,NA,NA,NA,NA,NA,NA,NA,NA,NA,NA,NA,NA,7.67888307155323,322048
"Comunidad Foral de Navarra",2017,"total",19.2925870953347,127.248219592513,19.7939573057468,5.10635639332977,10.7613983715938,8.91624770903755,0.739467937189748,14.782151109875,2.59589119097429,0.803737696721921,4.70037269134947,0.791080410159371,3.31662540385296,14.2134272734965,5.1075,1006123754,19698794000,"real",73.17,67.45,6.55,641346
"Comunidad Foral de Navarra",2017,"hombres",17.4509231470997,166.069508383662,34.4992663638484,7.85364835047138,13.3183597883534,13.9081697856236,1.07536079195738,25.8527330371891,NA,NA,NA,NA,NA,NA,NA,NA,NA,NA,NA,NA,7.55,317227
"Comunidad Foral de Navarra",2017,"mujeres",20.9056393674479,90.4752384495767,5.58885525923306,2.49698979285832,8.32583368683254,4.2348647864886,0.420253347972578,4.26126264153505,NA,NA,NA,NA,NA,NA,NA,NA,NA,NA,NA,NA,5.49,324119
"Comunidad Foral de Navarra",2018,"total",19.5352448493174,112.654794802441,14.4630723673664,2.86792374816588,11.3713168539346,5.46729709521901,0.572107658478064,9.26617882717334,2.53327927353536,0.795971257289875,4.62551725632082,0.794404384736154,3.3116784638764,14.0443587851461,5.0633,1024602853,20235995000,"real",77,62,6.72489082969432,646148
"Comunidad Foral de Navarra",2018,"hombres",17.7738142056001,147.765499763255,23.7585774334212,5.05612937542396,14.5933788830688,8.33626271303717,0.826818239698043,17.6611009492895,NA,NA,NA,NA,NA,NA,NA,NA,NA,NA,NA,NA,7.47028862478778,319340
"Comunidad Foral de Navarra",2018,"mujeres",21.0551991156302,79.5428793764148,5.21759127775706,0.689379038272991,8.19807149180606,2.75609520181948,0.324888212157269,1.11815455195344,NA,NA,NA,NA,NA,NA,NA,NA,NA,NA,NA,NA,5.93525179856115,326808
"Comunidad Foral de Navarra",2019,"total",19.6263430108581,116.370613312532,16.7898986508468,3.62991104543096,7.81768422688586,7.43119044859994,0.610352002794498,10.5266615704112,2.50251707550307,0.796827600989744,5.09698211458862,0.79216779045764,3.3576331368201,13.4985717933232,4.9726,1047750152,21070268000,"real",80,78,6.89320388349515,652561
"Comunidad Foral de Navarra",2019,"hombres",17.6369115049528,152.485197309571,28.6572016214904,6.00452117104531,10.1343915234253,10.1972785857714,0.875466004778714,19.264466609684,NA,NA,NA,NA,NA,NA,NA,NA,NA,NA,NA,NA,5.43478260869565,322434
"Comunidad Foral de Navarra",2019,"mujeres",21.4482593779892,81.9851832571334,5.26600266874903,1.37808675958634,5.63012545943569,4.76726617536447,0.356570968638417,2.16237608369853,NA,NA,NA,NA,NA,NA,NA,NA,NA,NA,NA,NA,8.57740585774059,330128
"Comunidad Foral de Navarra",2020,"total",18.2656009351371,117.342212810301,14.9904702840642,3.83846856211862,8.12460573545967,7.20200982148343,0.606563533678143,10.4017986650638,2.50451527891262,0.798708445103499,6.86535415458915,0.806447868021169,3.4281123471386,12.2217804156416,5.8569,1122231413,19160726000,"real",93,112,7.57420675537359,657203
"Comunidad Foral de Navarra",2020,"hombres",16.3744384050686,150.419966437716,24.8983176873312,5.54479656690426,10.0653938682829,12.0459247041903,0.86972511034895,19.0752543617345,NA,NA,NA,NA,NA,NA,NA,NA,NA,NA,NA,NA,8.98661567877629,324658
"Comunidad Foral de Navarra",2020,"mujeres",20.0733126759691,85.9638729154443,5.38115114971813,2.22705689543369,6.17897602956928,2.68302946945416,0.356209493801753,2.15046235365887,NA,NA,NA,NA,NA,NA,NA,NA,NA,NA,NA,NA,5.94713656387665,332545
"Comunidad Foral de Navarra",2021,"total",19.5681980207813,115.321672466512,16.8119529112654,3.90554434187445,9.38090902475147,6.02571187499043,0.606795879198628,10.4094564645182,2.5135535496522,0.806439272215336,6.87535301649263,0.807969517513657,3.35241969493285,12.4095138800078,5.8179,1211356190,20821017000,"real",82,109,7.14285714285714,656830
"Comunidad Foral de Navarra",2021,"hombres",17.257463334811,148.949068516403,29.2050988842138,4.90237146107596,12.9250158195463,9.20191811188249,0.85399981070054,18.5569693919345,NA,NA,NA,NA,NA,NA,NA,NA,NA,NA,NA,NA,8.60033726812816,324446
"Comunidad Foral de Navarra",2021,"mujeres",21.7871073540139,83.6170603554124,4.85047385237655,2.96914809349496,6.07764246414725,2.98748428798334,0.371898310922618,2.66754490785413,NA,NA,NA,NA,NA,NA,NA,NA,NA,NA,NA,NA,5.36082474226804,332384
"Comunidad Foral de Navarra",2022,"total",18.8633804541819,107.890439663105,16.2460851127772,3.22993215266032,9.89972784309399,7.51827856493448,0.602833402500917,10.2788585006305,2.55652457708556,0.860804936708667,6.90956672045643,0.825638838050942,3.25609365462139,12.4870377911355,5.248,1217768301,23204474000,"real",85,99,8.04066543438078,667958
"Comunidad Foral de Navarra",2022,"hombres",16.8460373632926,140.725947327753,27.2302781914749,4.93333238541364,11.9846128607555,10.5732831249169,0.842356252221972,18.1732131844628,NA,NA,NA,NA,NA,NA,NA,NA,NA,NA,NA,NA,8.58585858585858,330579
"Comunidad Foral de Navarra",2022,"mujeres",20.7804681428717,76.7331912226788,5.45331406574002,1.58450274568468,7.97555755951779,4.61824259534851,0.373256985637203,2.71232502010387,NA,NA,NA,NA,NA,NA,NA,NA,NA,NA,NA,NA,7.37704918032787,337379
"Comunidad Foral de Navarra",2023,"total",19.7438058816447,101.1759743446,16.5102290529945,3.43727292152194,9.57122954934108,6.45866442250464,0.575546889980155,9.3795313250621,2.65413547205378,0.804518586945365,5.56909051031719,0.81810332856358,3.23801563731854,12.019501285427,5.1484,1285836840,24975376000,"real",94,114,7.28070175438597,674796
"Comunidad Foral de Navarra",2023,"hombres",18.3911409768817,129.324054383216,29.2522655734761,4.9607727466187,12.4849600270667,7.10384874177024,0.77837255141064,16.0643954713423,NA,NA,NA,NA,NA,NA,NA,NA,NA,NA,NA,NA,6.36042402826855,333787
"Comunidad Foral de Navarra",2023,"mujeres",20.956301378837,74.6122078390491,4.03426393052084,1.95253289494791,6.7736044963604,5.90839067462952,0.380956001739384,2.96607435507521,NA,NA,NA,NA,NA,NA,NA,NA,NA,NA,NA,NA,8.18815331010453,341009
"Comunidad Foral de Navarra",2024,"total",NA,114.552167683093,16.3351473782298,3.84949382989804,9.06210132199154,7.23046615331029,0.618682965747563,10.8012390334213,2.88315295258668,0.786385328811117,5.94264553530099,0.93345739412312,3.16529636079088,NA,5.3171,1415375379,26619297000,"real",94,154,6.99734278122232,680505
"Comunidad Foral de Navarra",2024,"hombres",NA,144.122295856029,28.898786865879,5.5823898010257,11.8807907852698,10.0801130133526,0.865224406907448,18.9269171599379,NA,NA,NA,NA,NA,NA,NA,NA,NA,NA,NA,NA,6.50684931506849,337163
"Comunidad Foral de Navarra",2024,"mujeres",NA,86.8018700016439,4.0435497166521,2.19772964515163,6.2827013247312,4.46919551437768,0.381074925940795,2.9699939386453,NA,NA,NA,NA,NA,NA,NA,NA,NA,NA,NA,NA,7.52293577981651,343342
"Comunidad Foral de Navarra",2025,"total",NA,NA,NA,NA,NA,NA,NA,NA,NA,NA,NA,NA,NA,NA,5.2658,1460097315,27727717738.525,"proyeccion",96,152,NA,686508
"Comunidad Foral de Navarra",2025,"hombres",NA,NA,NA,NA,NA,NA,NA,NA,NA,NA,NA,NA,NA,NA,NA,NA,NA,NA,NA,NA,NA,340437
"Comunidad Foral de Navarra",2025,"mujeres",NA,NA,NA,NA,NA,NA,NA,NA,NA,NA,NA,NA,NA,NA,NA,NA,NA,NA,NA,NA,NA,346071
"Comunidad Valenciana",1990,"total",NA,4.64576395563802,65.3974923847038,15.1105990081357,48.7497230535811,23.1238991345305,1.62901974165399,44.1005959357529,NA,NA,NA,NA,NA,NA,NA,NA,NA,NA,NA,NA,NA,3848229
"Comunidad Valenciana",1990,"hombres",NA,8.59385265863259,104.513367166522,15.2047048116176,58.3765517568237,40.92338728619,2.25470492379315,64.7223476975454,NA,NA,NA,NA,NA,NA,NA,NA,NA,NA,NA,NA,NA,1884380
"Comunidad Valenciana",1990,"mujeres",NA,1.08401672741868,31.9433783297176,14.968091532925,40.52502394019,8.966234246782,1.11022561933289,27.0018313950844,NA,NA,NA,NA,NA,NA,NA,NA,NA,NA,NA,NA,NA,1963849
"Comunidad Valenciana",1991,"total",NA,5.24139713331793,64.6934249659448,13.8437489093254,45.2743623355464,20.6177377175771,1.517263854339,40.4172704680643,NA,NA,NA,NA,NA,NA,NA,NA,NA,NA,NA,NA,NA,3863453
"Comunidad Valenciana",1991,"hombres",NA,10.167118733085,103.418219019759,13.6272083698837,58.312128493345,36.6500659374978,2.13787968668217,60.8719432002252,NA,NA,NA,NA,NA,NA,NA,NA,NA,NA,NA,NA,NA,1891521
"Comunidad Valenciana",1991,"mujeres",NA,0.769727273295061,31.6623665355133,13.9060354866515,34.1052933092072,7.75832753046899,0.997707674553613,23.2933895265197,NA,NA,NA,NA,NA,NA,NA,NA,NA,NA,NA,NA,NA,1971932
"Comunidad Valenciana",1992,"total",NA,5.47718560061696,62.4547488909133,13.0137955252596,44.5193997046186,19.1305902128134,1.45134378808822,38.244632724436,NA,NA,NA,NA,NA,NA,NA,NA,NA,NA,NA,NA,NA,3875734
"Comunidad Valenciana",1992,"hombres",NA,10.2481695879667,101.876272913389,14.1105351707126,57.868859996846,34.4619561187439,2.10009422845999,59.6265847325703,NA,NA,NA,NA,NA,NA,NA,NA,NA,NA,NA,NA,NA,1897845
"Comunidad Valenciana",1992,"mujeres",NA,1.1421356302957,28.5312956832102,11.9331427384013,33.3198248397355,6.55729370846321,0.902536505539605,20.1566743248323,NA,NA,NA,NA,NA,NA,NA,NA,NA,NA,NA,NA,NA,1977889
"Comunidad Valenciana",1993,"total",NA,4.97875458534224,63.9462568482987,12.7377798980678,39.2970441906638,19.424974931467,1.40570436710232,36.740418085845,NA,NA,NA,NA,NA,NA,NA,NA,NA,NA,NA,NA,NA,3887772
"Comunidad Valenciana",1993,"hombres",NA,8.91272019235486,100.334717056078,12.011004341065,49.9301512056617,34.2663721063556,1.95460949179652,54.8316012324868,NA,NA,NA,NA,NA,NA,NA,NA,NA,NA,NA,NA,NA,1903986
"Comunidad Valenciana",1993,"mujeres",NA,1.37802782511397,32.4070390108297,13.1744321619815,30.1798676672944,7.27378328841576,0.937779269352822,21.3182289652521,NA,NA,NA,NA,NA,NA,NA,NA,NA,NA,NA,NA,NA,1983786
"Comunidad Valenciana",1994,"total",NA,5.33838195308176,60.8239091244644,12.8935343315278,40.8287244323356,17.9586188901267,1.38288746364047,35.9884032825624,NA,NA,NA,NA,NA,NA,NA,NA,NA,NA,NA,NA,NA,3899416
"Comunidad Valenciana",1994,"hombres",NA,10.1131945596182,99.7537204919905,13.2377796068551,53.4403901706268,32.8367427961119,1.99479689863401,56.1561247331387,NA,NA,NA,NA,NA,NA,NA,NA,NA,NA,NA,NA,NA,1909820
"Comunidad Valenciana",1994,"mujeres",NA,0.981265274141808,26.8099447171223,12.50521502095,29.9220518124273,5.58892392939966,0.857503780073701,18.6724555639854,NA,NA,NA,NA,NA,NA,NA,NA,NA,NA,NA,NA,NA,1989596
"Comunidad Valenciana",1995,"total",NA,4.8281921023086,57.5280708017509,12.3454639551752,35.4696216267972,17.9003690513213,1.29624450063026,33.132766412605,NA,NA,NA,NA,NA,NA,NA,NA,NA,NA,NA,NA,NA,3910988
"Comunidad Valenciana",1995,"hombres",NA,9.06839153729446,90.0976246038493,13.0172964881582,47.6894841722116,33.01921769168,1.88029031198981,52.3821398725835,NA,NA,NA,NA,NA,NA,NA,NA,NA,NA,NA,NA,NA,1915554
"Comunidad Valenciana",1995,"mujeres",NA,0.96152367278648,28.8966120738533,11.6489028288744,24.8698816185029,5.20209099985499,0.791352704696023,16.4922040666586,NA,NA,NA,NA,NA,NA,NA,NA,NA,NA,NA,NA,NA,1995434
"Comunidad Valenciana",1996,"total",NA,4.58042441543175,61.1343845751012,11.0911379781379,35.2236120976583,18.5813142673425,1.29314602789785,33.0306448707299,1.24,NA,2.26,NA,3,NA,NA,NA,NA,NA,NA,NA,NA,3922344
"Comunidad Valenciana",1996,"hombres",NA,8.39843648847993,99.3917154231355,11.8351359758458,47.4041719182144,33.2181064738277,1.90134366464952,53.0760303860486,NA,NA,NA,NA,NA,NA,NA,NA,NA,NA,NA,NA,NA,1921231
"Comunidad Valenciana",1996,"mujeres",NA,1.06190604646477,27.5095717879681,10.4223067183833,24.676490282205,6.25242586595687,0.768587726913002,15.7419006647159,NA,NA,NA,NA,NA,NA,NA,NA,NA,NA,NA,NA,NA,2001113
"Comunidad Valenciana",1997,"total",NA,5.58249321737453,59.3668151220791,9.55779271205776,31.4018681551682,18.1855163006675,1.20205667831688,30.0284610108218,1.24,NA,2.3,NA,2.92,NA,NA,NA,NA,NA,NA,NA,10.566534914361,3935217
"Comunidad Valenciana",1997,"hombres",NA,10.4876271447002,93.9091006742321,10.8126776145134,43.2390075779813,32.5548881632011,1.79669983739391,49.6271089625122,NA,NA,NA,NA,NA,NA,NA,NA,NA,NA,NA,NA,11.4311842706904,1927798
"Comunidad Valenciana",1997,"mujeres",NA,1.05748082097566,28.9535411142079,8.48246552014121,21.2019147623333,6.06821906363772,0.690141523416931,13.1564180908433,NA,NA,NA,NA,NA,NA,NA,NA,NA,NA,NA,NA,9.39054726368159,2007419
"Comunidad Valenciana",1998,"total",NA,4.10241109660827,55.9167121378273,11.2987394579894,30.9092618193002,17.9848513572753,1.21611859216112,30.4919229959691,1.31,NA,2.37,NA,2.94,NA,NA,NA,NA,NA,NA,NA,10.3456729590586,3954648
"Comunidad Valenciana",1998,"hombres",NA,7.53238655705303,88.4782571309642,12.7320156128548,41.8278573343462,31.4323202699722,1.77676032263926,48.9699290655627,NA,NA,NA,NA,NA,NA,NA,NA,NA,NA,NA,NA,10.8705258506407,1937610
"Comunidad Valenciana",1998,"mujeres",NA,0.894522566137562,27.1312682985174,9.98998656371055,21.3910066300334,6.71867727761783,0.731013983295479,14.5035200289579,NA,NA,NA,NA,NA,NA,NA,NA,NA,NA,NA,NA,9.69162995594714,2017038
"Comunidad Valenciana",1999,"total",NA,163.575031314806,57.7996028620456,9.72104807486375,29.8612032133416,18.6619315130061,1.49078544876893,39.5445774232215,1.4,NA,2.44,NA,2.93,NA,NA,NA,NA,NA,NA,NA,11.0343290236291,3988368
"Comunidad Valenciana",1999,"hombres",NA,230.072534787992,94.2945908053131,10.3522865404009,39.4301581055411,32.7542033793957,2.17059752640915,61.9502796996214,NA,NA,NA,NA,NA,NA,NA,NA,NA,NA,NA,NA,11.6167664670659,1954522
"Comunidad Valenciana",1999,"mujeres",NA,104.965926261276,25.4903040335623,9.03620278610978,21.6134557887148,6.71278320886206,0.897401296725856,19.9874246695343,NA,NA,NA,NA,NA,NA,NA,NA,NA,NA,NA,NA,10.2978293791015,2033846
"Comunidad Valenciana",2000,"total",NA,161.276165429871,54.1430746817452,8.17737940917525,27.1437904089491,14.6680049673696,1.33203539571295,34.3123867309323,1.43,NA,2.5,NA,2.82,NA,NA,NA,NA,NA,NA,NA,11.0858794384806,4041673
"Comunidad Valenciana",2000,"hombres",NA,232.279564257952,88.0792468631053,9.78996324635841,35.9344996893338,26.3393567699056,1.98224353585392,55.7423825854635,NA,NA,NA,NA,NA,NA,NA,NA,NA,NA,NA,NA,11.7269984917044,1982369
"Comunidad Valenciana",2000,"mujeres",NA,98.5705178528831,24.0933673538077,6.7370272580807,19.4696547383954,4.73249661998108,0.764171839846146,15.5963588978652,NA,NA,NA,NA,NA,NA,NA,NA,NA,NA,NA,NA,10.3102189781022,2059304
"Comunidad Valenciana",2001,"total",NA,161.056340685396,50.9935641571138,8.48810508637262,27.5284218573616,12.5144333964552,1.28898972692227,32.893658716331,1.45,NA,2.52,NA,2.71,NA,NA,NA,NA,NA,NA,NA,9.92789794786467,4118229
"Comunidad Valenciana",2001,"hombres",NA,226.23869927987,83.1711806004221,8.74485193145356,34.7982142309181,22.8641829883364,1.84639271333829,51.264920087511,NA,NA,NA,NA,NA,NA,NA,NA,NA,NA,NA,NA,10.5825577387108,2023740
"Comunidad Valenciana",2001,"mujeres",NA,103.344708566123,22.3874920458191,8.16270311412413,21.1438172646367,3.67243711628398,0.798316539873574,16.721722815769,NA,NA,NA,NA,NA,NA,NA,NA,NA,NA,NA,NA,9.17065390749601,2094489
"Comunidad Valenciana",2002,"total",NA,153.008069309234,47.5894661397643,8.88642284074919,24.3124646181164,15.6542940816442,1.28700842890824,32.828357767902,1.48,NA,2.55,NA,2.68,28.4343085034683,NA,NA,NA,NA,NA,NA,10.2255639097744,4223203
"Comunidad Valenciana",2002,"hombres",NA,217.215601623475,77.5205625825003,10.6164078200093,30.2012926150394,28.2176058814797,1.89183109795054,52.7625088345022,NA,NA,NA,NA,NA,NA,NA,NA,NA,NA,NA,NA,10.3448275862069,2080086
"Comunidad Valenciana",2002,"mujeres",NA,95.8585507949478,20.7600335928457,7.28003770272163,19.1528862593349,4.83214956716423,0.752866843951328,15.2237612630387,NA,NA,NA,NA,NA,NA,NA,NA,NA,NA,NA,NA,10.088781275222,2143117
"Comunidad Valenciana",2003,"total",NA,154.667729686654,48.4762067339157,8.72719048397034,24.2779734313853,12.9052775901611,1.24382363028251,31.4050442189093,1.48,NA,2.54,NA,2.6,28.1279066465764,NA,NA,NA,NA,NA,NA,10.9181141439206,4341845
"Comunidad Valenciana",2003,"hombres",NA,216.617866605375,79.1478095674048,10.5491408201444,31.840176985023,23.0418518159192,1.82577760874524,50.585473647677,NA,NA,NA,NA,NA,NA,NA,NA,NA,NA,NA,NA,10.6013639181649,2142666
"Comunidad Valenciana",2003,"mujeres",NA,99.1745166028713,20.8156413028413,7.0635659954374,17.5993876542524,4.07540981367704,0.725884467986708,14.3344580240146,NA,NA,NA,NA,NA,NA,NA,NA,NA,NA,NA,NA,11.2805959560128,2199179
"Comunidad Valenciana",2004,"total",NA,149.965768351538,43.9302741217767,8.12073489117075,23.393861361196,10.9249459892261,1.15167218056359,28.3678549505044,1.45,0.7,2.54,0.54,2.58,28.0515021925936,NA,NA,NA,NA,NA,NA,10.1777305180009,4459265
"Comunidad Valenciana",2004,"hombres",NA,210.820493258443,69.2896983784586,9.59040979261987,32.0459541131331,19.3027746235034,1.6735872726869,45.5694825065592,NA,NA,NA,NA,NA,NA,NA,NA,NA,NA,NA,NA,10.4694167852063,2204799
"Comunidad Valenciana",2004,"mujeres",NA,95.1499393403644,20.6762897624958,6.76046180124577,15.6835346277171,3.54022130588973,0.681899105063002,12.8847589401017,NA,NA,NA,NA,NA,NA,NA,NA,NA,NA,NA,NA,9.84354628422425,2254466
"Comunidad Valenciana",2005,"total",NA,150.189404854093,44.0028099411897,7.46708548060493,21.0197306948575,12.7416774671381,1.1436533952483,28.1035664473986,1.45,0.7,2.49,0.53,2.51,26.9088119939363,NA,NA,NA,NA,NA,NA,9.4810826977718,4579713
"Comunidad Valenciana",2005,"hombres",NA,204.429553179363,71.002995826386,9.39066704605368,27.0628172875616,22.2008792298303,1.66667919234642,45.341801362753,NA,NA,NA,NA,NA,NA,NA,NA,NA,NA,NA,NA,9.91573033707865,2269307
"Comunidad Valenciana",2005,"mujeres",NA,101.012970455901,19.3259574623689,5.68045158615722,15.5058284950812,4.41927172115482,0.67125525756081,12.5339518773067,NA,NA,NA,NA,NA,NA,NA,NA,NA,NA,NA,NA,8.98624880076751,2310406
"Comunidad Valenciana",2006,"total",16.7046197896498,140.615949395745,40.963316907942,6.82015949544843,19.6804971951056,9.91977072808949,1.03081585571005,24.3845911604762,1.43,0.68,2.53,0.62,2.49,26.4605182215578,NA,NA,NA,NA,NA,NA,9.40525587828492,4693379
"Comunidad Valenciana",2006,"hombres",15.598270130242,196.244989563229,66.3303752091693,9.37073719413807,25.7746813567691,17.5100121859592,1.53196460728549,40.9017877406924,NA,NA,NA,NA,NA,NA,NA,NA,NA,NA,NA,NA,9.97706422018349,2330304
"Comunidad Valenciana",2006,"mujeres",17.6321769930291,90.0457070027117,17.685787367908,4.5024377423253,14.1562512988009,3.14153567969485,0.576282613862552,9.40377980608915,NA,NA,NA,NA,NA,NA,NA,NA,NA,NA,NA,NA,8.74461742298774,2363075
"Comunidad Valenciana",2007,"total",16.7294270608888,139.706160317356,39.3550365151395,6.99940166113597,19.6249203088096,10.9925771642225,1.04243985155697,24.7677026096169,1.55,0.69,2.57,0.56,2.52,25.6617633551129,NA,NA,NA,NA,NA,NA,9.44212195473548,4824568
"Comunidad Valenciana",2007,"hombres",15.599567893454,193.652312765895,64.1656020731698,8.49986103489657,25.5224185563932,19.6218318892783,1.52633750913775,40.7163260669076,NA,NA,NA,NA,NA,NA,NA,NA,NA,NA,NA,NA,8.82669537136706,2401509
"Comunidad Valenciana",2007,"mujeres",17.6883802141789,90.5050647999,16.5004741752318,5.60179756723608,14.3078124424746,3.29523118582421,0.602652365750989,10.2728917700392,NA,NA,NA,NA,NA,NA,NA,NA,NA,NA,NA,NA,10.1521266687364,2423059
"Comunidad Valenciana",2008,"total",16.5855679786656,140.770629483095,36.240637920771,6.16966172163667,17.2754845689696,9.92158296754437,0.964742905804135,22.2069145748316,1.59,0.7,2.57,0.52,2.44,25.5671199774517,NA,NA,NA,NA,NA,NA,10.2517735429128,4950566
"Comunidad Valenciana",2008,"hombres",15.8917241748859,194.003151127167,57.1140710079297,7.61022585180901,22.7333575476454,16.7481250305849,1.38875745653912,36.1818704444115,NA,NA,NA,NA,NA,NA,NA,NA,NA,NA,NA,NA,10.8248763986469,2465428
"Comunidad Valenciana",2008,"mujeres",17.1199310879297,92.0869911074174,16.8339983982666,4.83951479954909,12.2344138676432,3.82320403697224,0.57685699645941,9.42271069284629,NA,NA,NA,NA,NA,NA,NA,NA,NA,NA,NA,NA,9.59354453078302,2485138
"Comunidad Valenciana",2009,"total",16.3884373564493,137.230313899386,34.8774817562621,6.61562215008324,16.6410302272832,9.90935616149612,0.955368815084968,21.8979570074775,1.64,0.7,2.64,0.56,2.43,25.2333204171153,NA,NA,NA,NA,NA,NA,9.57344671512824,5019136
"Comunidad Valenciana",2009,"hombres",15.9890980337866,190.384948284699,58.1318551234078,7.99813061133071,21.9116188795591,17.2528707555167,1.39802469369877,36.4873062605045,NA,NA,NA,NA,NA,NA,NA,NA,NA,NA,NA,NA,9.64597229348384,2498890
"Comunidad Valenciana",2009,"mujeres",16.6124941264492,88.7089919690199,13.3117460638186,5.32620800262057,11.8002321202307,3.27443276155135,0.549590996941255,8.52405959857204,NA,NA,NA,NA,NA,NA,NA,NA,NA,NA,NA,NA,9.49012673150604,2520246
"Comunidad Valenciana",2010,"total",16.6189955917153,139.001370243843,32.192025481701,4.75260231278867,15.4792382779289,9.02607479355696,0.869884647868609,19.0805125062791,1.64668687922379,0.72,2.65658002491471,0.58,2.46101341574916,23.5849433716447,NA,NA,NA,NA,NA,NA,9.65185762535724,4990631
"Comunidad Valenciana",2010,"hombres",16.2279328693143,189.058059659792,53.76037507386,6.29413765240406,20.3524364903073,15.3151429730467,1.27943442429616,32.5787286454432,NA,NA,NA,NA,NA,NA,NA,NA,NA,NA,NA,NA,9.89595935156061,2477456
"Comunidad Valenciana",2010,"mujeres",16.8202234639022,93.2307267244838,12.2112884526342,3.36229662290852,11.0420777664731,3.38756557443742,0.496541698619849,6.77562525435257,NA,NA,NA,NA,NA,NA,NA,NA,NA,NA,NA,NA,9.36886395511921,2513175
"Comunidad Valenciana",2011,"total",18.4495810617547,139.44468847392,31.7445464248979,4.47900659069155,14.5677169930823,9.06565264036841,0.853034912222742,18.5251676209281,1.64139588833229,0.71,2.65314679525901,0.57,2.38961167760497,22.2005731077254,NA,NA,NA,NA,NA,NA,9.67580423081737,5001234
"Comunidad Valenciana",2011,"hombres",17.0261319105319,189.637586107166,51.8592378580064,5.7012218459977,19.4749804055318,15.9044959817172,1.2563119146307,31.8166414679897,NA,NA,NA,NA,NA,NA,NA,NA,NA,NA,NA,NA,10.3655603655604,2480864
"Comunidad Valenciana",2011,"mujeres",19.6388322400413,93.6796633280687,13.0299208878602,3.36908109742456,10.0714111906677,2.91938888468582,0.484668103329138,6.38428733938406,NA,NA,NA,NA,NA,NA,NA,NA,NA,NA,NA,NA,8.92717306186374,2520370
"Comunidad Valenciana",2012,"total",17.4408898173193,133.150374095205,30.8251266549845,4.2690058271312,14.1100723870004,8.9959625896595,0.824938390233386,17.5991436101734,1.6685909406008,0.75,2.63917529064651,0.56,2.3179086780697,21.7986720081221,NA,NA,NA,NA,83,NA,9.12002049442808,5011414
"Comunidad Valenciana",2012,"hombres",16.5951181646084,182.408812752206,50.9056667990264,6.03607678017101,18.2837655994025,15.6842758743039,1.23039763778068,30.9625413557571,NA,NA,NA,NA,NA,NA,NA,NA,NA,NA,NA,NA,9.52858575727181,2483164
"Comunidad Valenciana",2012,"mujeres",18.1623761111736,88.3175931438939,12.1467937322631,2.66955848094872,10.262273721515,2.9741661472218,0.454531408117451,5.39102193160907,NA,NA,NA,NA,NA,NA,NA,NA,NA,NA,NA,NA,8.69337522911757,2528250
"Comunidad Valenciana",2013,"total",17.8849873044505,136.515182897731,28.6686704778028,4.38380261024958,13.2896148566178,9.00415078423593,0.814356992689774,17.2503948149867,1.63687891825124,0.74,2.64025711918567,0.65,2.33075136847626,20.3955083995281,NA,NA,NA,NA,68,NA,9.1457528957529,4967025
"Comunidad Valenciana",2013,"hombres",16.9162580100733,182.051606483666,47.6144796081382,5.80396375435217,16.2024700103045,15.0782701283896,1.17478757676497,29.1297076776389,NA,NA,NA,NA,NA,NA,NA,NA,NA,NA,NA,NA,9.07428571428572,2459935
"Comunidad Valenciana",2013,"mujeres",18.7682496454361,95.0894013166705,11.0295728167259,3.08072122927614,10.591852067212,3.52986742617197,0.48434038545398,6.37348619391611,NA,NA,NA,NA,NA,NA,NA,NA,NA,NA,NA,NA,9.22565806286736,2507090
"Comunidad Valenciana",2014,"total",18.1451196484051,133.80670837668,27.8381224683941,4.4853457268695,13.7749737846786,7.81739599236528,0.791661785284375,16.5023909519315,1.68390150944762,0.753030082417903,2.72605685486976,0.668889090940304,2.34586015108019,19.7913574854154,NA,NA,NA,NA,60,NA,8.44240066029949,4947346
"Comunidad Valenciana",2014,"hombres",16.9755338217489,180.200367078732,46.6415576526967,5.69354129028423,17.5967167696953,12.3553919575277,1.13020140494464,27.660206731262,NA,NA,NA,NA,NA,NA,NA,NA,NA,NA,NA,NA,8.40201465201465,2446999
"Comunidad Valenciana",2014,"mujeres",19.2845615378205,91.5449364006445,10.3388235675804,3.37206506914951,10.2424049366327,3.7285049440386,0.481149906074223,6.26833223526631,NA,NA,NA,NA,NA,NA,NA,NA,NA,NA,NA,NA,8.48529054218332,2500347
"Comunidad Valenciana",2015,"total",18.269500760591,132.402558083602,27.8440622398404,3.78651671414267,13.1515720282634,9.53585237287695,0.794448444663918,16.5942355402484,1.78058305382556,0.710032706230956,2.80034574270859,0.630563353846277,2.35702351674473,18.5923676043456,5.4147,5480479460,101214206000,"real",67,NA,9.34812414308862,4931279
"Comunidad Valenciana",2015,"hombres",16.8316233469458,179.488660274143,45.4631972409532,5.06349083410904,17.9756423069165,15.7554427798685,1.16792302300144,28.9034611119411,NA,NA,NA,NA,NA,NA,NA,NA,NA,NA,NA,NA,8.87672536887197,2436780
"Comunidad Valenciana",2015,"mujeres",19.5734275493581,89.5628404561166,11.4593942845813,2.62282706714381,8.76994256309048,3.92885965981825,0.453584116810415,5.35980046954246,NA,NA,NA,NA,NA,NA,NA,NA,NA,NA,NA,NA,9.86652708714996,2494499
"Comunidad Valenciana",2016,"total",19.1983479203533,132.995693140556,25.6667361034423,3.91200051967914,13.3828148725487,7.55091464460361,0.755029235424341,15.2950308111137,1.82402066181776,0.717692551955138,2.81040006298543,0.624343783603671,2.36256230565627,20.2783741130433,5.6587,5896703080,104205396000,"real",88,48,9.23414697145809,4927906
"Comunidad Valenciana",2016,"hombres",17.6322409586814,178.124963888785,43.7755965847382,5.09863757718636,17.8771996361937,11.7492758579152,1.08751880413352,26.2534449545722,NA,NA,NA,NA,NA,NA,NA,NA,NA,NA,NA,NA,9.27734375,2432471
"Comunidad Valenciana",2016,"mujeres",20.5373589988855,92.111332303967,8.87010070234581,2.83330937274063,9.25020452022118,3.80716079953178,0.451962118348048,5.30634155665184,NA,NA,NA,NA,NA,NA,NA,NA,NA,NA,NA,NA,9.18563202632301,2495435
"Comunidad Valenciana",2017,"total",18.9699146996554,128.700130714272,23.293074233154,4.26968039415,12.8191001147594,7.92462129746691,0.743609040397191,14.9186363660415,1.81957100637022,0.75754276215779,2.83614551132258,0.624343783603671,2.36882953777704,20.2080907270308,5.5883,6072586120,108666712000,"real",82,51,9.1,4932303
"Comunidad Valenciana",2017,"hombres",17.4136092651263,171.044841325183,39.0115779547402,5.641401487613,16.8865331523878,12.6992451792648,1.06785048193293,25.6052032036572,NA,NA,NA,NA,NA,NA,NA,NA,NA,NA,NA,NA,9.01,2432644
"Comunidad Valenciana",2017,"mujeres",20.3094040550619,90.5550606142691,8.75093151341981,3.02524181611064,9.10153391929046,3.69039047948525,0.449785862277284,5.23461504986776,NA,NA,NA,NA,NA,NA,NA,NA,NA,NA,NA,NA,9.2,2499659
"Comunidad Valenciana",2018,"total",18.9342691540601,126.291176053691,22.1586213031967,4.84532396384034,12.9847876846298,7.95755335150829,0.74954838966394,15.1143894215746,1.87959060855409,0.757333915790181,2.90537298991314,0.623550858563796,2.36883787909591,20.0131039412405,5.6573,6378603750,112749574000,"real",92,54,9.6875,4948458
"Comunidad Valenciana",2018,"hombres",17.4491820652358,169.788379640138,36.4498311459917,6.71972472272155,17.555130844183,12.3015972432729,1.07839192668988,25.9526352081122,NA,NA,NA,NA,NA,NA,NA,NA,NA,NA,NA,NA,9.60410557184751,2438510
"Comunidad Valenciana",2018,"mujeres",20.2025505158638,86.8271649910656,8.92834734731167,3.14849429192486,8.76909074516635,4.08553001841974,0.450324570591014,5.25237015968158,NA,NA,NA,NA,NA,NA,NA,NA,NA,NA,NA,NA,9.78260869565217,2509947
"Comunidad Valenciana",2019,"total",18.481013628095,123.274194226274,21.4368680431058,4.87207523553645,11.6964009149424,8.53266769800724,0.737699091246743,14.7238522992547,1.89262067957124,0.789054639989365,2.90873915898594,0.625917645593477,2.32027054354538,19.348321616981,5.6816,6624076700,116588528000,"real",90,57,10.0792133296913,4999621
"Comunidad Valenciana",2019,"hombres",17.7739314238855,164.333333901377,35.2396405411886,6.6819695822094,14.9224874812111,12.0796525476865,1.03081866543627,24.3846837653167,NA,NA,NA,NA,NA,NA,NA,NA,NA,NA,NA,NA,10.2464332036316,2462857
"Comunidad Valenciana",2019,"mujeres",19.0900319717386,86.3060843352211,8.67143952012012,3.20245731800513,8.73999014606842,5.39182542096204,0.471273980362406,5.94283485373857,NA,NA,NA,NA,NA,NA,NA,NA,NA,NA,NA,NA,9.89327949235651,2536764
"Comunidad Valenciana",2020,"total",17.9696116933958,123.933290175354,23.2821210214587,5.85482006249392,11.7109107019489,7.32730156636663,0.753859462101016,15.2564766375776,1.99353570235797,0.78704698147993,3.20732890440123,0.623873647859091,2.39045580883343,17.9945230691424,6.3668,6753056640,106067171000,"real",125.35,96.95,10.7433300042802,5037048
"Comunidad Valenciana",2020,"hombres",17.2495515378561,160.971822703289,39.2663523172036,7.88033357799475,15.0389840158623,10.5662662228169,1.05274010176173,25.1071851622972,NA,NA,NA,NA,NA,NA,NA,NA,NA,NA,NA,NA,10.3981141959141,2480152
"Comunidad Valenciana",2020,"mujeres",18.5986610405175,90.4606689219345,8.45874822352758,3.98379239333069,8.69050671599472,4.42139773033132,0.480850722798009,6.25847155224314,NA,NA,NA,NA,NA,NA,NA,NA,NA,NA,NA,NA,11.1563773111877,2556896
"Comunidad Valenciana",2021,"total",17.8422072170503,122.000177441312,26.0517683405343,4.91818726185172,12.6868882134624,6.58418290641814,0.738628188738517,14.7544741173587,2.09453105666914,0.783352795280026,3.33877753031428,0.631131465879043,2.38792378124227,17.6788528048936,6.4584,7516686070,116386906000,"real",100.44,95.23,10.9680879592384,5052186
"Comunidad Valenciana",2021,"hombres",17.0947366564233,160.960639342918,43.9922184501785,7.03708479873939,17.4506361248014,9.58589353248699,1.0644239468562,25.4922691630685,NA,NA,NA,NA,NA,NA,NA,NA,NA,NA,NA,NA,11.2731059619891,2486576
"Comunidad Valenciana",2021,"mujeres",18.5103711943653,86.7531656911792,9.43804290444456,2.99511413272148,8.30129681977316,3.89629281378788,0.441323039896031,4.95569167541023,NA,NA,NA,NA,NA,NA,NA,NA,NA,NA,NA,NA,10.6441802598839,2565610
"Comunidad Valenciana",2022,"total",17.9668140569209,122.08946813807,24.0649041559307,5.53314816074086,12.3207791329017,7.02378436831737,0.747305649050211,15.0404716726449,2.10546600595782,0.818277461001935,3.39232463540148,0.731416659090024,2.31560134447449,17.9488241297473,6.1328,7824377320,127583394000,"real",88.41,87,11.0922946655377,5158046
"Comunidad Valenciana",2022,"hombres",17.2817023033116,157.6264610381,39.4509073274228,7.74665655625785,15.4616710955438,10.7770470189728,1.05173016793522,25.0738990860713,NA,NA,NA,NA,NA,NA,NA,NA,NA,NA,NA,NA,11.6438356164384,2538679
"Comunidad Valenciana",2022,"mujeres",18.551064123553,90.0773476194112,9.828491126944,3.51837726172791,9.4745831544317,3.67410368748453,0.470815704970686,5.92773070609955,NA,NA,NA,NA,NA,NA,NA,NA,NA,NA,NA,NA,10.5132655591371,2619367
"Comunidad Valenciana",2023,"total",19.6994472603468,116.977888911336,25.5800798756414,4.43201471072264,11.6303568054186,7.47430995900445,0.718933887357534,14.1053761271969,2.08124051349921,0.818781762999534,3.31662114664887,0.754661502954925,2.19722354466922,16.8542915863725,5.9031,8244060650,139655905000,"real",88.18,93,10.9871244635193,5268012
"Comunidad Valenciana",2023,"hombres",17.9506067938158,151.330705561766,43.9093069890645,6.51300069136333,15.1154470805565,11.6133139778884,1.04408837849176,24.8220358656893,NA,NA,NA,NA,NA,NA,NA,NA,NA,NA,NA,NA,11.6222167849278,2589585
"Comunidad Valenciana",2023,"mujeres",21.2305501004784,86.0689915844031,8.59864016278211,2.54523432975457,8.43775665391184,3.75598688439254,0.42282020513749,4.34586284108243,NA,NA,NA,NA,NA,NA,NA,NA,NA,NA,NA,NA,10.3490658800393,2678427
"Comunidad Valenciana",2024,"total",NA,111.891972270374,21.8468390440725,3.60250309527424,10.5928817788442,7.17254118521548,0.652037238039747,11.9005515040364,2.12605330299366,0.814588779597901,3.49342811311417,0.825559672252418,2.1952614959752,NA,5.7215,8484087430,148283453000,"real",93,93,10.2809396948414,5360637
"Comunidad Valenciana",2024,"hombres",NA,140.39001673653,36.8938115011947,4.78206226426893,13.7010719371777,10.2349521596329,0.90275190765024,20.1637736920241,NA,NA,NA,NA,NA,NA,NA,NA,NA,NA,NA,NA,10.3161397670549,2637169
"Comunidad Valenciana",2024,"mujeres",NA,86.3543291140147,7.86157537165099,2.54057608367775,7.76293962883291,4.4326200303526,0.424084372965888,4.38752813200931,NA,NA,NA,NA,NA,NA,NA,NA,NA,NA,NA,NA,10.2443841026907,2723468
"Comunidad Valenciana",2025,"total",NA,NA,NA,NA,NA,NA,NA,NA,NA,NA,NA,NA,NA,NA,5.8169,8994839160,154631870325.761,"proyeccion",88,95,NA,5477618
"Comunidad Valenciana",2025,"hombres",NA,NA,NA,NA,NA,NA,NA,NA,NA,NA,NA,NA,NA,NA,NA,NA,NA,NA,NA,NA,NA,2699091
"Comunidad Valenciana",2025,"mujeres",NA,NA,NA,NA,NA,NA,NA,NA,NA,NA,NA,NA,NA,NA,NA,NA,NA,NA,NA,NA,NA,2778527
"Comunidad de Madrid",1990,"total",NA,4.47109377885263,42.579144760193,7.33700390008936,29.9759746904457,10.4333989648182,0.903586070592093,20.1912665935772,NA,NA,NA,NA,NA,NA,NA,NA,NA,NA,NA,NA,NA,4939272
"Comunidad de Madrid",1990,"hombres",NA,8.68559199540457,72.668600485601,7.73499009308565,38.6833927915192,19.2583796057634,1.3251159771296,34.0843318937152,NA,NA,NA,NA,NA,NA,NA,NA,NA,NA,NA,NA,NA,2380117
"Comunidad de Madrid",1990,"mujeres",NA,1.03800278886617,18.5544175859341,6.98786905244562,23.3787903651635,3.98192182994081,0.579703963415577,9.51654293871056,NA,NA,NA,NA,NA,NA,NA,NA,NA,NA,NA,NA,NA,2559155
"Comunidad de Madrid",1991,"total",NA,4.79154411488254,43.6963588457236,6.81463819530939,29.3659557461397,10.1445877514934,0.886235170283776,19.6194039872447,NA,NA,NA,NA,NA,NA,NA,NA,NA,NA,NA,NA,NA,4960060
"Comunidad de Madrid",1991,"hombres",NA,9.19701552293986,75.2859934107576,6.81095255370089,37.068390723846,18.2554567487771,1.28426699767974,32.7380038393133,NA,NA,NA,NA,NA,NA,NA,NA,NA,NA,NA,NA,NA,2389806
"Comunidad de Madrid",1991,"mujeres",NA,1.05422709403355,18.0682236984812,6.6831243477431,23.2884404951687,4.07796992053487,0.570015872545035,9.1972363438269,NA,NA,NA,NA,NA,NA,NA,NA,NA,NA,NA,NA,NA,2570254
"Comunidad de Madrid",1992,"total",NA,4.88419071579924,40.4737543924601,5.92949916706523,25.2305029685294,10.7463332846424,0.815767254665389,17.2968751747753,NA,NA,NA,NA,NA,NA,NA,NA,NA,NA,NA,NA,NA,4987690
"Comunidad de Madrid",1992,"hombres",NA,9.34105185072136,68.8333301262937,5.81484921187564,35.0961438510361,20.0750665366407,1.23495422401839,31.112720380221,NA,NA,NA,NA,NA,NA,NA,NA,NA,NA,NA,NA,NA,2403169
"Comunidad de Madrid",1992,"mujeres",NA,1.16395177925999,17.6538959415069,5.96527126243122,17.5443836385916,3.71811559672433,0.487392672442096,6.47408551506271,NA,NA,NA,NA,NA,NA,NA,NA,NA,NA,NA,NA,NA,2584521
"Comunidad de Madrid",1993,"total",NA,5.07324135612825,41.8254106569725,6.119563809655,23.9143340826482,10.0627686571362,0.80399354115972,16.9088292306501,NA,NA,NA,NA,NA,NA,NA,NA,NA,NA,NA,NA,NA,5013251
"Comunidad de Madrid",1993,"hombres",NA,9.69611741996913,71.679405546274,7.86716300938835,31.3756522570882,19.0267241380063,1.24956855557869,31.5943893188568,NA,NA,NA,NA,NA,NA,NA,NA,NA,NA,NA,NA,NA,2415215
"Comunidad de Madrid",1993,"mujeres",NA,1.09389791744567,17.6243926946557,4.74021488057839,17.9581467281513,3.22263903429836,0.451476287247076,5.29032920947085,NA,NA,NA,NA,NA,NA,NA,NA,NA,NA,NA,NA,NA,2598036
"Comunidad de Madrid",1994,"total",NA,5.13337288399216,38.1988064059666,5.75699757460662,22.2834068403357,10.6063462227893,0.767989665410982,15.7221893527254,NA,NA,NA,NA,NA,NA,NA,NA,NA,NA,NA,NA,NA,5031896
"Comunidad de Madrid",1994,"hombres",NA,10.1001308862356,66.7583678729249,6.07640664863626,30.1311583897839,19.511262274007,1.17338285474476,29.0834099074153,NA,NA,NA,NA,NA,NA,NA,NA,NA,NA,NA,NA,NA,2423720
"Comunidad de Madrid",1994,"mujeres",NA,0.991473612692031,15.0321904803619,5.43528861852104,16.0527194410789,3.76156430089801,0.445115605182251,5.08068958507053,NA,NA,NA,NA,NA,NA,NA,NA,NA,NA,NA,NA,NA,2608176
"Comunidad de Madrid",1995,"total",NA,4.97179295802422,38.8322571727405,6.28218591557862,22.2900636932121,12.4388937142015,0.815917974614704,17.3018427039243,NA,NA,NA,NA,NA,NA,NA,NA,NA,NA,NA,NA,NA,5047413
"Comunidad de Madrid",1995,"hombres",NA,9.8000759097334,66.1172369103471,7.73244107429555,29.1415230602899,23.3718964125274,1.26761148413012,32.1890602560384,NA,NA,NA,NA,NA,NA,NA,NA,NA,NA,NA,NA,NA,2430610
"Comunidad de Madrid",1995,"mujeres",NA,0.861452535446454,16.3959781275617,5.08862628698343,16.7232893015836,3.98531864811391,0.454008937853276,5.37380200632029,NA,NA,NA,NA,NA,NA,NA,NA,NA,NA,NA,NA,NA,2616803
"Comunidad de Madrid",1996,"total",NA,5.35904973422881,38.1509999123585,6.13417402237662,20.2233230980912,11.0733038855896,0.765606923153166,15.6436573357372,1.56,NA,2.82,NA,4.01,NA,NA,NA,NA,NA,NA,NA,NA,5065279
"Comunidad de Madrid",1996,"hombres",NA,9.80431928262836,65.8905631293595,7.26067062102355,27.4913060714684,20.6303171224887,1.19145723706846,29.6791175191135,NA,NA,NA,NA,NA,NA,NA,NA,NA,NA,NA,NA,NA,2438406
"Comunidad de Madrid",1996,"mujeres",NA,1.5247672936692,15.255082496227,5.19883006956751,14.3739146754756,3.63235911661624,0.422749558108504,4.34353440893149,NA,NA,NA,NA,NA,NA,NA,NA,NA,NA,NA,NA,NA,2626873
"Comunidad de Madrid",1997,"total",NA,5.14078608272398,34.791173290828,5.54517688323511,18.5948986764859,11.6895122071561,0.726056974389072,14.3401436056911,1.61,NA,2.86,NA,3.92,NA,NA,NA,NA,NA,NA,NA,8.52272727272727,5085500
"Comunidad de Madrid",1997,"hombres",NA,9.70273407791431,59.2825270860682,6.53721073577015,24.269224688062,21.9873774822785,1.1276610951651,27.5764814982422,NA,NA,NA,NA,NA,NA,NA,NA,NA,NA,NA,NA,8.76275827732138,2447174
"Comunidad de Madrid",1997,"mujeres",NA,1.3065875918853,14.633858879098,4.73803259452922,14.022624248075,3.57490641652321,0.402720915516517,3.68341697695791,NA,NA,NA,NA,NA,NA,NA,NA,NA,NA,NA,NA,8.2213191622382,2638326
"Comunidad de Madrid",1998,"total",NA,4.04826130479973,35.3720739371924,5.24494459099021,18.5238907078811,12.3532947239899,0.730201291280897,14.4767347806223,1.63,NA,2.92,NA,3.82,NA,NA,NA,NA,NA,NA,NA,9.42257577835688,5112133
"Comunidad de Madrid",1998,"hombres",NA,7.71493841760757,61.6631891146742,6.87472317835831,24.5327922962559,23.1111167397794,1.16750128222805,28.88956109675,NA,NA,NA,NA,NA,NA,NA,NA,NA,NA,NA,NA,9.58024691358025,2458968
"Comunidad de Madrid",1998,"mujeres",NA,0.857152727279967,13.5066210191104,3.87764467405508,13.5615060810524,3.91794195528367,0.375009918006673,2.77009934049747,NA,NA,NA,NA,NA,NA,NA,NA,NA,NA,NA,NA,9.22554767047208,2653165
"Comunidad de Madrid",1999,"total",NA,154.977002030896,36.0179474650685,4.71994662191573,17.1597789696402,12.5491130120463,0.997254694465634,23.2784599050519,1.65,NA,2.87,NA,3.73,NA,NA,NA,NA,NA,NA,NA,9.26726800939083,5157240
"Comunidad de Madrid",1999,"hombres",NA,224.710217155845,60.7822096927163,6.20151383775281,24.0996650377813,23.224042364692,1.55548629820911,41.6770314017077,NA,NA,NA,NA,NA,NA,NA,NA,NA,NA,NA,NA,9.46564885496183,2479554
"Comunidad de Madrid",1999,"mujeres",NA,98.0716221109168,15.5089883697935,3.53097499034549,11.5356953349862,4.08875398099325,0.545210898072314,8.37969736314463,NA,NA,NA,NA,NA,NA,NA,NA,NA,NA,NA,NA,9.00798175598632,2677686
"Comunidad de Madrid",2000,"total",NA,156.331872682928,33.3949256831983,4.53845864112097,16.6029201414391,10.5680165561432,0.941346259964909,21.435792233552,1.64,NA,2.86,NA,3.58,NA,NA,NA,NA,NA,NA,NA,9.688013136289,5230106
"Comunidad de Madrid",2000,"hombres",NA,227.339136617205,57.5918922710219,5.49223139701502,21.4785292914558,19.8829709877888,1.44203254560765,37.9377465514698,NA,NA,NA,NA,NA,NA,NA,NA,NA,NA,NA,NA,9.72927241962775,2514581
"Comunidad de Madrid",2000,"mujeres",NA,98.5790745249001,13.3288526359271,3.72303446666467,12.6661531673766,3.1497001017738,0.533930813922482,8.00792078631301,NA,NA,NA,NA,NA,NA,NA,NA,NA,NA,NA,NA,9.63665086887836,2715525
"Comunidad de Madrid",2001,"total",NA,153.756068762943,32.2421657735732,3.97142481387184,15.6916045085842,9.71719883146712,0.892164783515036,19.814836155992,1.59,NA,2.8,NA,3.4,NA,NA,NA,NA,NA,NA,NA,10.8316762194409,5350260
"Comunidad de Madrid",2001,"hombres",NA,222.045348104925,55.3246086667812,4.83158271697589,21.7314531240067,18.9053876626814,1.38829286164977,36.1665580145325,NA,NA,NA,NA,NA,NA,NA,NA,NA,NA,NA,NA,10.0524475524476,2573941
"Comunidad de Madrid",2001,"mujeres",NA,97.6911243165849,12.939450177,3.25689407089653,10.8086152272556,2.42069407002965,0.487621509847402,6.48162769170481,NA,NA,NA,NA,NA,NA,NA,NA,NA,NA,NA,NA,11.7291719103952,2776319
"Comunidad de Madrid",2002,"total",NA,145.708695632635,31.2029314895112,4.22525363827076,15.5549769669172,9.17003998430705,0.866875294466435,18.9813282190454,1.57,NA,2.8,NA,3.31,18.7227277377845,NA,NA,NA,NA,NA,NA,11.2826465467208,5499822
"Comunidad de Madrid",2002,"hombres",NA,210.443494376439,53.1195467661847,5.87396073446559,21.0403539111001,16.9518474938015,1.34043076838306,34.589087052584,NA,NA,NA,NA,NA,NA,NA,NA,NA,NA,NA,NA,9.77427597955707,2650558
"Comunidad de Madrid",2002,"mujeres",NA,92.1409300339451,12.8979357901591,2.83918760183878,11.0208568196065,2.96993640131007,0.47764344366016,6.15276389590171,NA,NA,NA,NA,NA,NA,NA,NA,NA,NA,NA,NA,13.090073998469,2849264
"Comunidad de Madrid",2003,"total",NA,148.589147537955,30.7051825154676,3.72401233134186,16.1015175909973,9.91738578026508,0.874889101468203,19.2454526435561,1.55,NA,2.86,NA,3.23,19.3564563155326,NA,NA,NA,NA,NA,NA,11.2411103464097,5639466
"Comunidad de Madrid",2003,"hombres",NA,216.132419326248,53.8726831892936,4.86041341642115,21.5633329457799,19.0324206004075,1.37021835240014,35.5708462195242,NA,NA,NA,NA,NA,NA,NA,NA,NA,NA,NA,NA,10.6738100144241,2723957
"Comunidad de Madrid",2003,"mujeres",NA,92.7157864482554,11.2921504692898,2.78070723102082,11.6622910422294,2.56419777241343,0.467633526395493,5.82285033093233,NA,NA,NA,NA,NA,NA,NA,NA,NA,NA,NA,NA,11.9534282018111,2915509
"Comunidad de Madrid",2004,"total",NA,141.377970463485,28.8182874622749,3.25353108901245,14.2687797917457,7.74122216679368,0.783658933831043,16.2386276077319,1.57,0.65,2.98,0.51,3.14,18.4314750112171,NA,NA,NA,NA,NA,NA,10.4161979752531,5763371
"Comunidad de Madrid",2004,"hombres",NA,200.588337299467,48.3420143829253,4.32573060059051,19.2219440124681,13.9599299971299,1.18682448343489,29.5264281185457,NA,NA,NA,NA,NA,NA,NA,NA,NA,NA,NA,NA,9.83505154639175,2787996
"Comunidad de Madrid",2004,"mujeres",NA,92.310140565107,12.3661201259535,2.3801237193938,10.1891600121376,2.74487085090747,0.451343151546051,5.28594123376749,NA,NA,NA,NA,NA,NA,NA,NA,NA,NA,NA,NA,11.1138613861386,2975375
"Comunidad de Madrid",2005,"total",NA,141.226249763327,26.4078245313129,3.77225256725467,13.5289112604806,8.03987529734357,0.781009931535656,16.1513200138952,1.61,0.64,3,0.51,3.18,17.9731278466916,NA,NA,NA,NA,NA,NA,10.7505297200848,5879766
"Comunidad de Madrid",2005,"hombres",NA,201.084267657643,46.165727788593,4.81710488613285,17.873846151676,15.4128044238183,1.19976368214619,29.9528869055489,NA,NA,NA,NA,NA,NA,NA,NA,NA,NA,NA,NA,10.3702188586623,2847706
"Comunidad de Madrid",2005,"mujeres",NA,91.7315321280443,9.81582499694255,2.90448880369025,9.93294554337898,2.1281529277874,0.436356318395102,4.79199513794079,NA,NA,NA,NA,NA,NA,NA,NA,NA,NA,NA,NA,11.2064737616479,3032060
"Comunidad de Madrid",2006,"total",19.00480899977,139.764329937451,25.1429650509627,2.89087396015898,13.2130323323067,6.80296687777854,0.724541363617655,14.290191089653,1.67,0.65,3.08,0.5,3.14,18.0726204712956,NA,NA,NA,NA,NA,NA,9.8450830713965,5987174
"Comunidad de Madrid",2006,"hombres",16.6241714583224,197.666761028909,43.0411567146099,4.20163826164641,17.9588098951635,12.4868752613788,1.11108524895606,27.030163644596,NA,NA,NA,NA,NA,NA,NA,NA,NA,NA,NA,NA,8.95023002927645,2902239
"Comunidad de Madrid",2006,"mujeres",20.8724648454616,91.7969797075552,10.0314834039243,1.79765949786639,9.23386347318246,2.19788970465431,0.40384970943467,3.72062052378123,NA,NA,NA,NA,NA,NA,NA,NA,NA,NA,NA,NA,10.8822103732428,3084935
"Comunidad de Madrid",2007,"total",19.0190089394018,135.1281495901,24.5704187283749,2.74653579613413,12.0944720174993,6.58743263727088,0.694260970459452,13.2921895886056,1.73,0.68,3.15,0.51,3.08,17.4511924526401,NA,NA,NA,NA,NA,NA,10.1780058971279,6112078
"Comunidad de Madrid",2007,"hombres",16.6012616125524,192.605860992997,42.7860525219218,3.68563225168446,15.2670844092856,12.5287069846539,1.06132677093289,25.3901903622972,NA,NA,NA,NA,NA,NA,NA,NA,NA,NA,NA,NA,9.65849570500733,2965126
"Comunidad de Madrid",2007,"mujeres",20.9408896463145,87.4960684593789,9.29487722241115,1.95860667782781,9.37310367038157,1.76523015523861,0.389648389192927,3.25256388911123,NA,NA,NA,NA,NA,NA,NA,NA,NA,NA,NA,NA,10.7436131386861,3146952
"Comunidad de Madrid",2008,"total",18.484569160813,131.59713166578,22.157350259231,2.46170467380655,11.4545017195872,7.62924837054249,0.678357542553402,12.7680337482533,1.9,0.69,3.35,0.51,3.1,16.6924852931442,NA,NA,NA,NA,NA,NA,9.85794231597073,6245883
"Comunidad de Madrid",2008,"hombres",16.4561043479272,183.689851696017,37.7709834604449,3.02026750362126,14.8509779066597,13.9535763843184,1.01970447197715,24.018374725101,NA,NA,NA,NA,NA,NA,NA,NA,NA,NA,NA,NA,10.2032520325203,3031261
"Comunidad de Madrid",2008,"mujeres",20.1277556280335,88.3191998983801,8.95173748900787,1.97700422807817,8.61289306743229,2.53349752746915,0.395447969655248,3.44371035067139,NA,NA,NA,NA,NA,NA,NA,NA,NA,NA,NA,NA,9.46935041171089,3214622
"Comunidad de Madrid",2009,"total",17.8393725171162,130.819188115665,21.4684271495428,2.50967219910645,9.48527747259582,7.64478283503701,0.655292708531698,12.0078474833392,1.92,0.69,3.39,0.51,3.03,16.342630942302,NA,NA,NA,NA,NA,NA,9.79743281187324,6300460
"Comunidad de Madrid",2009,"hombres",16.3800074447706,182.699265796268,35.8738364068721,3.46475831675364,12.3538665080053,14.4071166129084,1.00191425691605,23.432032888581,NA,NA,NA,NA,NA,NA,NA,NA,NA,NA,NA,NA,9.71250971250971,3057372
"Comunidad de Madrid",2009,"mujeres",19.0578866148994,87.8409666022104,9.19730319864935,1.69541049740869,7.07731010445484,2.14702302303494,0.367146737914482,2.51093937866962,NA,NA,NA,NA,NA,NA,NA,NA,NA,NA,NA,NA,9.88805970149254,3243088
"Comunidad de Madrid",2010,"total",18.1625361577404,124.675543826781,19.0209350112322,2.03013651093251,9.36630865603481,6.51553367727971,0.597327923098817,10.0974052190111,1.89381697537519,0.69,3.36175316937552,0.52,2.95883346410138,17.8993821251018,NA,NA,NA,NA,NA,NA,9.85576923076923,6358587
"Comunidad de Madrid",2010,"hombres",16.7429886149939,171.318286342498,32.6517896606347,3.02581049778752,11.8226591040322,11.1554564821989,0.890482559824,19.7593922996332,NA,NA,NA,NA,NA,NA,NA,NA,NA,NA,NA,NA,10.161258985817,3076814
"Comunidad de Madrid",2010,"mujeres",19.3667781019529,86.147067956996,7.46426646861544,1.21407052932123,7.30384884509733,2.79660371524151,0.355292763495682,2.12024814155357,NA,NA,NA,NA,NA,NA,NA,NA,NA,NA,NA,NA,9.53070084763283,3281773
"Comunidad de Madrid",2011,"total",20.431957645464,122.10492407582,17.3875994500729,2.78356441510256,8.26188385466449,6.64670628325332,0.593978662069959,9.98701802830534,1.97643687965613,0.69,3.44514936435574,0.52,2.95249190662203,14.8289637528888,NA,NA,NA,NA,NA,NA,9.76570001920492,6371567
"Comunidad de Madrid",2011,"hombres",18.9069834166726,167.353274544232,30.2646673632961,4.08406496755341,11.290560405535,11.6400404375251,0.899662392673197,20.0619473858567,NA,NA,NA,NA,NA,NA,NA,NA,NA,NA,NA,NA,10.0018835938972,3075319
"Comunidad de Madrid",2011,"mujeres",21.4244141674777,84.5580115567405,6.40521468426308,1.685346492586,5.68496955531035,2.52111637193065,0.337863300668051,1.54579621903247,NA,NA,NA,NA,NA,NA,NA,NA,NA,NA,NA,NA,9.52007835455436,3296248
"Comunidad de Madrid",2012,"total",19.0785664495596,123.092722458141,15.2975179980213,2.02442515152069,7.76752732831044,5.80843038534297,0.545733420527856,8.39691900859148,2.0201269704901,0.7,3.31661705060838,0.52,2.89111356416455,14.658596736446,NA,NA,NA,NA,36,36,9.52202436738519,6406528
"Comunidad de Madrid",2012,"hombres",17.8223668659958,170.911927593231,26.492722818095,3.08902050292426,10.2633080944138,10.1625988259416,0.824806052232957,17.5947819256212,NA,NA,NA,NA,NA,NA,NA,NA,NA,NA,NA,NA,9.80063350102478,3087988
"Comunidad de Madrid",2012,"mujeres",20.1074872644022,83.0963354498456,5.7643861410687,1.13269739467673,5.68887529829058,2.20931278022539,0.312152672839172,0.698408107787321,NA,NA,NA,NA,NA,NA,NA,NA,NA,NA,NA,NA,9.24005280030172,3318540
"Comunidad de Madrid",2013,"total",19.4927566154901,117.88945675161,17.7108225591454,2.23901637388225,7.52802782139402,5.41600542957366,0.545739349098337,8.39711440639257,1.94044077022884,0.69,3.24387606095845,0.51,2.85916857481371,15.4684438998952,NA,NA,NA,NA,39,NA,11.0083944320476,6392715
"Comunidad de Madrid",2013,"hombres",18.3106582041224,160.343391202497,30.422366252601,3.32024993455369,9.1507783126639,8.55570783120267,0.794255840628344,16.5878875673008,NA,NA,NA,NA,NA,NA,NA,NA,NA,NA,NA,NA,11.5916183682568,3074467
"Comunidad de Madrid",2013,"mujeres",20.4399867004017,82.5061535613469,6.80247333206181,1.31291312211344,6.18164318117719,2.81041478320896,0.336477285739672,1.5001150096846,NA,NA,NA,NA,NA,NA,NA,NA,NA,NA,NA,NA,10.4771573604061,3318248
"Comunidad de Madrid",2014,"total",19.8687812291093,116.908712981312,17.9326368669872,2.15019322254867,7.78293919088444,4.99030506337815,0.538078135420142,8.14461098905793,2.00028456718727,0.681488166159347,3.31785888134348,0.506101752418132,2.85649609316234,14.9912532223576,NA,NA,NA,NA,36,NA,9.9902577273935,6376752
"Comunidad de Madrid",2014,"hombres",18.8155637495958,156.189502476744,29.8320359131629,3.24462793698113,9.92499623640508,8.30900240041981,0.784496179626858,16.266222116053,NA,NA,NA,NA,NA,NA,NA,NA,NA,NA,NA,NA,10.6104651162791,3063927
"Comunidad de Madrid",2014,"mujeres",20.6856197455532,84.162588995099,7.68282757555877,1.22390954037739,5.92407395194238,2.23064558572558,0.329862876439372,1.28211287293054,NA,NA,NA,NA,NA,NA,NA,NA,NA,NA,NA,NA,9.40038016243304,3312825
"Comunidad de Madrid",2015,"total",19.4235058562498,112.916560563646,16.7741304187202,2.37007176301513,8.39823396765559,6.60465230145529,0.563177368636499,8.9718483467167,2.04254122499356,0.677880479308994,3.33861908965216,0.503167425838318,2.74869743862143,14.553734858451,3.4873,7191837009,206231525000,"real",43,36,9.95963495963496,6401164
"Comunidad de Madrid",2015,"hombres",18.2748386846409,149.807021083609,28.3808534793219,3.64523574291747,11.2913755405603,11.0319155114481,0.834269004298068,17.9066682447974,NA,NA,NA,NA,NA,NA,NA,NA,NA,NA,NA,NA,9.66209081309398,3074100
"Comunidad de Madrid",2015,"mujeres",20.3960326896346,82.0371701363908,6.79326641329397,1.30062143311679,5.94608877375391,2.95111905321526,0.335321261524524,1.46201398847469,NA,NA,NA,NA,NA,NA,NA,NA,NA,NA,NA,NA,10.2555127756388,3327064
"Comunidad de Madrid",2016,"total",19.9977220691347,112.092636118392,16.6451590050287,1.83873209061773,7.87857515334572,6.03022373782812,0.532483507982308,7.96021950670208,2.1307444000283,0.67555901710042,3.45169733532068,0.49611578556093,2.7728376706302,15.2558187812394,3.4576,7415379241,214469101000,"real",55.37,42.05,10.401821060966,6445564
"Comunidad de Madrid",2016,"hombres",18.6404188931733,150.834897773821,28.5683871335228,2.58740495813486,10.8240311529246,9.08287709399582,0.772510791216749,15.8711996484968,NA,NA,NA,NA,NA,NA,NA,NA,NA,NA,NA,NA,10.8771929824561,3095019
"Comunidad de Madrid",2016,"mujeres",21.2018477643144,79.817416156248,6.48639074782353,1.18432409441803,5.36191603760484,3.53492586609271,0.330682198441494,1.30911663684095,NA,NA,NA,NA,NA,NA,NA,NA,NA,NA,NA,NA,9.96387145845218,3350545
"Comunidad de Madrid",2017,"total",19.8517563255445,113.248371127449,16.3261983779089,2.20385573649111,7.39411507086511,6.45208798015365,0.544666943724909,8.36176935103542,2.14498486611946,0.677394632795534,3.62109356564495,0.49611578556093,2.7563662760354,15.4882284400152,3.3871,7599708222,224373156000,"real",51.41,37.14,12.15,6506437
"Comunidad de Madrid",2017,"hombres",18.5902964022909,146.173127736891,27.2736016323752,3.29685383407459,9.01447473338044,10.4338791951763,0.779876435822414,16.1139615021567,NA,NA,NA,NA,NA,NA,NA,NA,NA,NA,NA,NA,12.82,3122550
"Comunidad de Madrid",2017,"mujeres",20.9789615016879,86.0085609132801,6.97753910654764,1.28998747737297,6.01536401898941,3.18956631740952,0.348368668245298,1.89203916760877,NA,NA,NA,NA,NA,NA,NA,NA,NA,NA,NA,NA,11.54,3383887
"Comunidad de Madrid",2018,"total",20.1529845743231,108.025038892637,16.5390461785565,1.66396377293769,6.59588381037097,5.66681644171668,0.50098459431888,6.92205718981204,2.23188263239194,0.678770538287548,3.5749893134369,0.494803298171837,2.74146775086707,15.4972639670934,3.3492,7828244717,233735808000,"real",50.19,38.7,12.2106308991555,6586681
"Comunidad de Madrid",2018,"hombres",18.8056911070911,141.479385358899,28.1749414407464,2.44137203863547,8.36512738770557,9.25670314587898,0.727769912639596,14.396599773096,NA,NA,NA,NA,NA,NA,NA,NA,NA,NA,NA,NA,12.211498111624,3159107
"Comunidad de Madrid",2018,"mujeres",21.3580451814159,80.4020689834378,6.5936461728248,1.03268357758894,5.10095458314622,2.6992219798098,0.311724983264576,0.6843120280172,NA,NA,NA,NA,NA,NA,NA,NA,NA,NA,NA,NA,12.209850915267,3427575
"Comunidad de Madrid",2019,"total",19.5059425104501,109.007461490676,15.4502905118443,1.42702507700682,7.1917508701865,5.45627741963559,0.492971183841879,6.65794583423049,2.23782804303785,0.680549844111413,3.60433441403543,0.496126594969483,2.73420920155169,14.9027890059579,3.3075,8066704298,243889359000,"real",51.66,40.3,11.9305648796394,6686513
"Comunidad de Madrid",2019,"hombres",18.2177264606592,138.952079541814,26.5906050097419,2.38536048468481,9.39401760729354,8.25315501505518,0.705634324505251,13.667040217207,NA,NA,NA,NA,NA,NA,NA,NA,NA,NA,NA,NA,11.7106314948042,3205785
"Comunidad de Madrid",2019,"mujeres",20.5905518506062,84.389001656712,5.91751014430104,0.630539555590671,5.37433963126518,3.15934840457168,0.315804177216669,0.818756837435025,NA,NA,NA,NA,NA,NA,NA,NA,NA,NA,NA,NA,12.1335054397935,3480728
"Comunidad de Madrid",2020,"total",17.0524081853194,100.245757981106,15.9856139571579,2.10161079139862,7.86041463561818,5.67167792659726,0.506696229277192,7.11030508448264,2.30238139716094,0.693028071752275,4.00141275093574,0.503122517216832,2.72573299777045,13.5399789036324,3.6491,8066704298,221061932000,"real",79.94,40.6,10.9451084550686,6757042
"Comunidad de Madrid",2020,"hombres",15.5625777553728,126.50332200994,26.9342232878919,3.26113078044677,10.390538243283,8.57800661921939,0.721477613093075,14.1892139455852,NA,NA,NA,NA,NA,NA,NA,NA,NA,NA,NA,NA,10.9800144473874,3238421
"Comunidad de Madrid",2020,"mujeres",18.3896839279797,78.75217219071,6.55282498669522,1.16041917878501,5.69961961802806,3.2977412346207,0.32767170760562,1.20989486130474,NA,NA,NA,NA,NA,NA,NA,NA,NA,NA,NA,NA,10.9154208478394,3518621
"Comunidad de Madrid",2021,"total",19.2493757297555,97.6870357384755,15.4972885266003,1.52285837949828,7.38578069785886,4.70380175045065,0.463222264243189,5.67746099511654,2.38019777581993,0.681637089628358,4.09772853958671,0.506801119247804,2.69594435615977,14.3567003099237,3.3634,8066704298,239837609000,"real",73.4,56.21,10.3441494591937,6738361
"Comunidad de Madrid",2021,"hombres",17.6518493046627,124.652226693831,26.7372062819813,2.41347409921222,9.83225689798959,7.39987196771835,0.669719437970475,12.4833333054644,NA,NA,NA,NA,NA,NA,NA,NA,NA,NA,NA,NA,10.3464097270016,3228906
"Comunidad de Madrid",2021,"mujeres",20.6227492530023,75.6449042432813,5.82747231837716,0.770506037024683,5.33896899845396,2.51776581160797,0.290962251716074,0,NA,NA,NA,NA,NA,NA,NA,NA,NA,NA,NA,NA,10.342453966615,3509455
"Comunidad de Madrid",2022,"total",19.1877564795519,99.1709152111527,15.2507014121431,1.33500724644985,7.36228137318093,5.52650809799443,0.4736850279343,6.02229977624719,2.3859330171723,0.694346678350752,3.84278219364885,0.505427546613222,2.63545671701536,14.1005280664331,3.2787,8759661476,267171570000,"real",63.44,75.41,10.9425993472835,6824710
"Comunidad de Madrid",2022,"hombres",17.871550074514,127.388493660515,25.5823009304423,2.23518493824281,10.5470400224368,7.7008842687882,0.676051001434614,12.6920132194989,NA,NA,NA,NA,NA,NA,NA,NA,NA,NA,NA,NA,10.8769544527532,3267270
"Comunidad de Madrid",2022,"mujeres",20.2933148399824,76.1142438183513,6.39465296205282,0.586885335063352,4.69350501288342,3.78341012926233,0.305624791142446,0.483257805809578,NA,NA,NA,NA,NA,NA,NA,NA,NA,NA,NA,NA,10.9908409658618,3557440
"Comunidad de Madrid",2023,"total",21.7614085443603,98.2128428510588,16.0308954101808,1.39279286709722,6.75130730390179,6.18055908464996,0.482877523985119,6.32527222476057,2.3673178007408,0.724005659619322,3.80346650501922,0.512933722110494,2.58807470344194,13.6693868729579,2.9599,8759661476,295939562000,"real",50.65,66.77,10.0018436578171,6917111
"Comunidad de Madrid",2023,"hombres",20.3619197235634,124.006219145588,27.307581606365,2.34022209022695,8.91123552257442,8.90212430319841,0.686436785429767,13.0343148521945,NA,NA,NA,NA,NA,NA,NA,NA,NA,NA,NA,NA,10.806916426513,3312222
"Comunidad de Madrid",2023,"mujeres",22.9297314675811,77.1303787884389,6.4029306646871,0.596900664442974,4.92244414272652,3.95373606853504,0.312998134443526,0.726273398234998,NA,NA,NA,NA,NA,NA,NA,NA,NA,NA,NA,NA,9.34891485809683,3604889
"Comunidad de Madrid",2024,"total",NA,93.3573964026081,14.7578119337306,1.3291083820973,7.41300239756312,5.12793912816628,0.453435273549368,5.3548947935438,2.47173259654227,0.708399247131068,3.89176359346638,0.501629374917681,2.53593160269063,NA,3.2297,10211960772,316193370000,"real",48.09,71.59,10.7218781772807,7056184
"Comunidad de Madrid",2024,"hombres",NA,117.389113537961,24.9123655004126,2.01760544853585,9.54471611584122,7.47097160413172,0.634059950163368,11.3080439962359,NA,NA,NA,NA,NA,NA,NA,NA,NA,NA,NA,NA,10.6022584692597,3381226
"Comunidad de Madrid",2024,"mujeres",NA,73.7587486300382,6.03214162035962,0.754835132223622,5.60160973801506,3.21281867081842,0.302540983929697,0.381619619964883,NA,NA,NA,NA,NA,NA,NA,NA,NA,NA,NA,NA,10.8166307768759,3674958
"Comunidad de Madrid",2025,"total",NA,NA,NA,NA,NA,NA,NA,NA,NA,NA,NA,NA,NA,NA,3.1871,10542858597,330794990991.154,"proyeccion",50,68,NA,7148686
"Comunidad de Madrid",2025,"hombres",NA,NA,NA,NA,NA,NA,NA,NA,NA,NA,NA,NA,NA,NA,NA,NA,NA,NA,NA,NA,NA,3424350
"Comunidad de Madrid",2025,"mujeres",NA,NA,NA,NA,NA,NA,NA,NA,NA,NA,NA,NA,NA,NA,NA,NA,NA,NA,NA,NA,NA,3724336
"Extremadura",1990,"total",NA,3.57583750414438,62.5935914116172,16.0569461411225,45.8568545036709,15.6877728665929,1.4803644347099,39.2011146544584,NA,NA,NA,NA,NA,NA,NA,NA,NA,NA,NA,NA,NA,1064177
"Extremadura",1990,"hombres",NA,6.44414673614384,96.606417429648,13.6698823382845,58.1149973376866,30.065601075533,1.97966227146801,55.6573075430663,NA,NA,NA,NA,NA,NA,NA,NA,NA,NA,NA,NA,NA,526232
"Extremadura",1990,"mujeres",NA,0.952328366227529,32.3539522855226,18.0794724709487,35.425006493661,4.19575010451351,1.06034885132862,25.3579594322737,NA,NA,NA,NA,NA,NA,NA,NA,NA,NA,NA,NA,NA,537945
"Extremadura",1991,"total",NA,5.09579650161454,69.3530682789313,13.6294863874575,51.1985251361357,18.3840805899582,1.55727112404078,41.7358568882132,NA,NA,NA,NA,NA,NA,NA,NA,NA,NA,NA,NA,NA,1061901
"Extremadura",1991,"hombres",NA,10.0198049619199,107.412325047928,9.86557630863484,61.9252729243084,37.6795024281719,2.11689433025455,60.1802937521697,NA,NA,NA,NA,NA,NA,NA,NA,NA,NA,NA,NA,NA,525023
"Extremadura",1991,"mujeres",NA,0.65756213427017,34.9974264016589,16.7199391802736,42.0945195595603,2.5477765857901,1.07692175749916,25.9041803861598,NA,NA,NA,NA,NA,NA,NA,NA,NA,NA,NA,NA,NA,536878
"Extremadura",1992,"total",NA,4.15066709283907,67.4207230240297,12.4746774721827,46.7438636206749,16.3005222684966,1.43623594190809,37.7466982000529,NA,NA,NA,NA,NA,NA,NA,NA,NA,NA,NA,NA,NA,1061888
"Extremadura",1992,"hombres",NA,6.73540247005691,106.640036819549,11.4926656930925,56.1431635278669,31.3976142571814,1.98417574805081,55.8060657306185,NA,NA,NA,NA,NA,NA,NA,NA,NA,NA,NA,NA,NA,525073
"Extremadura",1992,"mujeres",NA,1.77674500167921,32.3098455314221,13.1877140834309,38.4976159045281,3.6192740497413,0.957226898690324,21.9591969728085,NA,NA,NA,NA,NA,NA,NA,NA,NA,NA,NA,NA,NA,536815
"Extremadura",1993,"total",NA,5.60778162297646,72.1399150703615,16.3758268921698,45.7038877519956,20.157362092415,1.62033683093677,43.8144187423468,NA,NA,NA,NA,NA,NA,NA,NA,NA,NA,NA,NA,NA,1062565
"Extremadura",1993,"hombres",NA,10.2065513151901,105.057568716123,14.4381583015277,56.4433465828215,35.4016444496106,2.12821135661666,60.5532878952038,NA,NA,NA,NA,NA,NA,NA,NA,NA,NA,NA,NA,NA,525570
"Extremadura",1993,"mujeres",NA,1.47313136963214,42.0124686154253,17.969861571022,35.935186180154,7.05408416338057,1.16615212238026,28.8450945818599,NA,NA,NA,NA,NA,NA,NA,NA,NA,NA,NA,NA,NA,536995
"Extremadura",1994,"total",NA,3.86658707600177,59.953469059382,13.6635236339531,43.0062719773663,16.4236694819936,1.3899346673607,36.2206697480023,NA,NA,NA,NA,NA,NA,NA,NA,NA,NA,NA,NA,NA,1063584
"Extremadura",1994,"hombres",NA,6.70855777433562,94.4741160014502,13.0456519818415,53.7720622994995,29.5136313953791,1.90054264162802,53.049629732211,NA,NA,NA,NA,NA,NA,NA,NA,NA,NA,NA,NA,NA,526337
"Extremadura",1994,"mujeres",NA,1.20137386194867,28.6375285527972,13.9864323951936,33.1959367015887,5.03711532252961,0.928408404249463,21.0093777099066,NA,NA,NA,NA,NA,NA,NA,NA,NA,NA,NA,NA,NA,537247
"Extremadura",1995,"total",NA,4.29116188123096,64.2134935942373,14.2511650789702,36.5966178143969,16.4543464397828,1.36739817803751,35.4778970219224,NA,NA,NA,NA,NA,NA,NA,NA,NA,NA,NA,NA,NA,1063589
"Extremadura",1995,"hombres",NA,7.2547239600238,101.065811713523,11.267305217844,49.5922655161952,30.3158943417482,1.86590635966973,51.9080639274189,NA,NA,NA,NA,NA,NA,NA,NA,NA,NA,NA,NA,NA,526587
"Extremadura",1995,"mujeres",NA,1.55902794843697,30.2449025260362,16.662154292292,25.1290636532262,4.37539738455964,0.91614889513736,20.6053205884532,NA,NA,NA,NA,NA,NA,NA,NA,NA,NA,NA,NA,NA,537002
"Extremadura",1996,"total",NA,3.92061742884707,58.0236550063342,10.0648760660197,33.9819558905134,18.745237834767,1.23906944932988,31.2483527353414,1.1,NA,1.92,NA,3.75,NA,NA,NA,NA,NA,NA,NA,NA,1062690
"Extremadura",1996,"hombres",NA,6.96539761185273,88.5567324575701,9.84232725453322,40.6911477853865,35.2409579302987,1.75637096137687,48.297922825784,NA,NA,NA,NA,NA,NA,NA,NA,NA,NA,NA,NA,NA,526267
"Extremadura",1996,"mujeres",NA,0.995053805490646,30.1372980829076,10.0761686730603,27.9176050425829,4.56996047736491,0.777252256353263,16.027472035671,NA,NA,NA,NA,NA,NA,NA,NA,NA,NA,NA,NA,NA,536423
"Extremadura",1997,"total",NA,4.15086014442307,53.4837198136181,9.03034132850713,29.8988826284445,18.7059274805616,1.14728692549101,28.2233227734601,1.18,NA,2.12,NA,3.73,NA,NA,NA,NA,NA,NA,NA,11.1644657863145,1061463
"Extremadura",1997,"hombres",NA,7.82535655237094,85.0196241564454,7.49228587147759,35.4092747198022,35.2453553120718,1.62690417868167,44.0308697928026,NA,NA,NA,NA,NA,NA,NA,NA,NA,NA,NA,NA,10.0877192982456,525710
"Extremadura",1997,"mujeres",NA,0.701874563687617,24.926341212245,10.1638533487972,25.1270634174175,4.47683653829062,0.721025598022326,14.1743161298023,NA,NA,NA,NA,NA,NA,NA,NA,NA,NA,NA,NA,12.4668435013263,535753
"Extremadura",1998,"total",NA,4.12255335256691,51.1236337186555,9.54707447707474,31.2592384783655,14.4471813421513,1.08787605884628,26.2652195949386,1.18,NA,2.24,NA,3.66,NA,NA,NA,NA,NA,NA,NA,15.3061224489796,1059725
"Extremadura",1998,"hombres",NA,7.56248628695302,79.0453125115429,9.36912064467504,40.8960407174758,25.7027278034873,1.53170720889678,40.8933042320087,NA,NA,NA,NA,NA,NA,NA,NA,NA,NA,NA,NA,13.2936507936508,524901
"Extremadura",1998,"mujeres",NA,0.777331986338019,25.8927518975634,9.65102295167088,22.8495538721254,4.80629548203871,0.696872563071876,13.3782642090277,NA,NA,NA,NA,NA,NA,NA,NA,NA,NA,NA,NA,17.436974789916,534824
"Extremadura",1999,"total",NA,156.898472749202,56.7417440352543,11.0652206532672,29.0848833351088,18.2159952827278,1.4912526470346,39.5599756569231,1.22,NA,2.27,NA,3.56,NA,NA,NA,NA,NA,NA,NA,16.1870503597122,1058023
"Extremadura",1999,"hombres",NA,226.762656544007,89.4566365765105,10.9627029272537,33.8892733051268,34.4329147219566,2.12739842469408,60.5264947398195,NA,NA,NA,NA,NA,NA,NA,NA,NA,NA,NA,NA,14.5985401459854,524209
"Extremadura",1999,"mujeres",NA,94.5071487532144,26.7141991854365,11.0809730515679,24.7061579228986,3.9833573220207,0.920088660266564,20.7351700092377,NA,NA,NA,NA,NA,NA,NA,NA,NA,NA,NA,NA,17.7304964539007,533814
"Extremadura",2000,"total",NA,163.940123964278,52.4140997533955,8.79190292148236,31.8467487013126,12.5988584190442,1.353743795332,35.0278667212994,1.26,NA,2.35,NA,3.64,NA,NA,NA,NA,NA,NA,NA,16.2969283276451,1058640
"Extremadura",2000,"hombres",NA,241.017440197733,81.5033576091391,9.59861791734554,39.5772816210498,23.5025918897996,1.94448530129205,54.4979213734587,NA,NA,NA,NA,NA,NA,NA,NA,NA,NA,NA,NA,16.25,524937
"Extremadura",2000,"mujeres",NA,94.6608563207601,25.4951496969889,8.08371247567205,25.0114999200854,2.94571419887296,0.822509962454097,17.5191058591359,NA,NA,NA,NA,NA,NA,NA,NA,NA,NA,NA,NA,16.3533834586466,533703
"Extremadura",2001,"total",NA,167.365204831736,47.0118464151519,8.89534731267764,26.9831756799854,11.3052542260263,1.26319549000963,32.0435149608424,1.37,NA,2.4,NA,3.6,NA,NA,NA,NA,NA,NA,NA,13.5483870967742,1059076
"Extremadura",2001,"hombres",NA,248.144172803813,72.9911961349095,8.09436220577326,35.6317039104459,21.0533586962073,1.7919237982144,49.4696970608467,NA,NA,NA,NA,NA,NA,NA,NA,NA,NA,NA,NA,14.5593869731801,525309
"Extremadura",2001,"mujeres",NA,94.0195362597992,22.9417837059085,9.44981202559835,19.0487027895888,2.77217527925974,0.780659556432517,16.1397721163155,NA,NA,NA,NA,NA,NA,NA,NA,NA,NA,NA,NA,12.2549019607843,533767
"Extremadura",2002,"total",NA,159.24048744433,46.4290105006514,8.66593150100126,23.2138804612863,13.1297206939874,1.23297150447838,31.047372580186,1.4,NA,2.56,NA,3.66,23.4270451767826,NA,NA,NA,NA,NA,NA,15.4188948306595,1059751
"Extremadura",2002,"hombres",NA,230.649119040358,73.0253260217982,9.73261449214196,28.9038068910777,24.4713300329234,1.79320050306868,49.5117755554785,NA,NA,NA,NA,NA,NA,NA,NA,NA,NA,NA,NA,14.5867098865478,525525
"Extremadura",2002,"mujeres",NA,94.4544640399607,22.2390805071371,7.51790619808299,18.0059325225111,3.10788317484947,0.723894909263722,14.2688848136012,NA,NA,NA,NA,NA,NA,NA,NA,NA,NA,NA,NA,16.4356435643564,534226
"Extremadura",2003,"total",NA,166.045203519119,48.744746091707,8.06405733882197,25.8762058008992,12.1339834444863,1.25250048323727,31.6910217565184,1.45,NA,2.62,NA,3.67,23.6363734727257,NA,NA,NA,NA,NA,NA,16.7333867093675,1063753
"Extremadura",2003,"hombres",NA,235.514689746565,79.0595798188609,9.74171358281546,32.9100639281215,23.1186310606287,1.85238384137343,51.4623797024111,NA,NA,NA,NA,NA,NA,NA,NA,NA,NA,NA,NA,17.3352435530086,527585
"Extremadura",2003,"mujeres",NA,103.537010494989,20.7747927223436,6.49282689511374,19.4780803107869,2.47100055496296,0.710387261341224,13.8236906963439,NA,NA,NA,NA,NA,NA,NA,NA,NA,NA,NA,NA,15.9709618874773,536168
"Extremadura",2004,"total",NA,151.591749661311,39.9274504729125,8.72484343120718,20.9695631939633,8.67471414060642,1.08576838805362,26.1957535677373,1.5,0.86,2.57,0.83,3.46,23.3360894382401,NA,NA,NA,NA,NA,NA,17.8225806451613,1067415
"Extremadura",2004,"hombres",NA,219.625114639606,63.1730344756683,10.0554115709799,28.4368549640108,15.8777833894468,1.57438290799962,42.2998385375694,NA,NA,NA,NA,NA,NA,NA,NA,NA,NA,NA,NA,18.8790560471976,529472
"Extremadura",2004,"mujeres",NA,89.594911633987,18.3372764193287,7.37963872992431,14.3533280443238,2.275277917806,0.639503885634693,11.4874688717189,NA,NA,NA,NA,NA,NA,NA,NA,NA,NA,NA,NA,16.5480427046263,537943
"Extremadura",2005,"total",NA,153.453706681861,38.3245944753553,6.64678134911699,23.0287715566471,15.1518650926044,1.15802210796021,28.5771401153389,1.53,0.85,2.59,0.81,3.48,22.7244138190168,NA,NA,NA,NA,NA,NA,17.2972972972973,1070065
"Extremadura",2005,"hombres",NA,224.574820956099,62.3023346511759,7.87571033160065,34.1607591776317,29.5079651740295,1.81179911074633,50.1247609378912,NA,NA,NA,NA,NA,NA,NA,NA,NA,NA,NA,NA,19.3863319386332,530853
"Extremadura",2005,"mujeres",NA,88.8897845257835,16.373196599135,5.4409322463016,12.9489140290128,2.55867550647524,0.568940523109277,9.16179425608949,NA,NA,NA,NA,NA,NA,NA,NA,NA,NA,NA,NA,14.7058823529412,539212
"Extremadura",2006,"total",16.8093463675294,148.867828924707,37.1772757260209,7.6167089959756,15.5343026222655,9.78629381112213,1.00290500537252,23.464686640517,1.58,0.86,2.63,0.81,3.44,21.8381967525472,NA,NA,NA,NA,NA,NA,20,1072521
"Extremadura",2006,"hombres",14.8770783443274,217.542661717601,58.9102190849564,9.95887675427358,19.7959657940672,18.5587700499727,1.50553654606877,40.0307539788036,NA,NA,NA,NA,NA,NA,NA,NA,NA,NA,NA,NA,23.5145385587863,532128
"Extremadura",2006,"mujeres",18.7095401305289,85.7511147443223,17.0200079989536,5.3833283140174,11.7743821537982,2.01444105526096,0.544362641265636,8.35173994654456,NA,NA,NA,NA,NA,NA,NA,NA,NA,NA,NA,NA,15.2397260273973,540393
"Extremadura",2007,"total",16.8003380115302,144.586621617311,36.2269521447371,5.80000422932416,20.4317226995051,10.3592789341236,1.00079042695949,23.3949929473323,1.66,0.85,2.66,0.8,3.55,20.2948087311064,NA,NA,NA,NA,NA,NA,17.4216027874564,1076695
"Extremadura",2007,"hombres",14.9085578638425,209.676437050431,61.46899302381,6.34025761986903,27.0120020087026,18.7876082706403,1.4870503400926,39.421473207035,NA,NA,NA,NA,NA,NA,NA,NA,NA,NA,NA,NA,19.8573127229489,534290
"Extremadura",2007,"mujeres",18.7066819739668,84.6058773397781,12.8624943300671,5.24241636712654,14.271919809272,2.94231238525069,0.55562682701011,8.72299253307233,NA,NA,NA,NA,NA,NA,NA,NA,NA,NA,NA,NA,13.973063973064,542405
"Extremadura",2008,"total",16.6892583922891,137.170546282357,35.1220702317559,7.75550791968868,18.6724315789252,7.73212873496625,0.968358250392093,22.3260715258901,1.69,0.87,2.86,0.82,3.62,19.7106216685993,NA,NA,NA,NA,NA,NA,17.5450762829404,1079725
"Extremadura",2008,"hombres",15.5167324793129,195.005963160684,54.7081480743193,10.3589013340128,23.9982224027662,16.2954194666816,1.45189687253107,38.2628616523527,NA,NA,NA,NA,NA,NA,NA,NA,NA,NA,NA,NA,17.4904942965779,535423
"Extremadura",2008,"mujeres",17.7475307179706,84.9254972189872,16.6627673729927,5.366170624049,13.7738568347893,0.176096538470343,0.528533514972028,7.83003298855516,NA,NA,NA,NA,NA,NA,NA,NA,NA,NA,NA,NA,17.6110260336907,544302
"Extremadura",2009,"total",16.1508400706168,149.485454053245,30.9138165873746,3.57870899740537,17.6568813655066,9.77167790617699,0.886758449881188,19.636650587081,1.7,0.87,2.78,0.82,3.54,20.3159155973037,NA,NA,NA,NA,NA,NA,18.5135135135135,1081022
"Extremadura",2009,"hombres",15.514473390005,227.125754416113,50.0930694801163,3.86454556502321,21.8585324474997,18.285470449275,1.33480137572389,34.4035497547529,NA,NA,NA,NA,NA,NA,NA,NA,NA,NA,NA,NA,21.625,535939
"Extremadura",2009,"mujeres",16.5424200753944,77.8259215125333,12.753178473657,3.18503947173458,13.7748568672723,2.13965126264522,0.471176739155087,5.93962991282646,NA,NA,NA,NA,NA,NA,NA,NA,NA,NA,NA,NA,14.8529411764706,545083
"Extremadura",2010,"total",16.3046652558673,151.284435153304,31.362390334081,4.1012031504396,16.3208333705709,8.17305331204786,0.865673242357164,18.9417101796388,1.76920511415761,0.88,2.70323455040479,0.83,3.60123317753858,21.0564884931489,NA,NA,NA,NA,NA,NA,18.3200579290369,1082404
"Extremadura",2010,"hombres",15.8262712821664,212.784278333154,51.6960611619043,4.80968381896091,21.9372400866254,15.7900906196438,1.29877000561142,33.216003699153,NA,NA,NA,NA,NA,NA,NA,NA,NA,NA,NA,NA,19.8717948717949,536855
"Extremadura",2010,"mujeres",16.5554015709605,94.225089452113,11.7652487175168,3.40598030900822,11.339663810567,1.4677408738277,0.467215467925008,5.80907167954923,NA,NA,NA,NA,NA,NA,NA,NA,NA,NA,NA,NA,16.30615640599,545549
"Extremadura",2011,"total",17.009288245484,142.500729501581,28.2926526315898,5.40266933585431,15.8183725406406,9.18226107815338,0.877322971232993,19.3256697552007,1.6498664042145,0.87,2.82148390110773,0.83,3.56009225218305,20.0996935799029,NA,NA,NA,NA,NA,NA,16.2187210379981,1083114
"Extremadura",2011,"hombres",16.6860586637488,206.204054868662,47.2936836301826,7.19889858969462,21.1916327836848,17.136206717914,1.33825681038478,34.5174362872138,NA,NA,NA,NA,NA,NA,NA,NA,NA,NA,NA,NA,16.1888701517707,537093
"Extremadura",2011,"mujeres",16.9507065122296,83.138041589136,10.1957711858552,3.66830706504765,10.895291260994,1.99771319157231,0.448776546234086,5.20134933495846,NA,NA,NA,NA,NA,NA,NA,NA,NA,NA,NA,NA,16.2551440329218,546021
"Extremadura",2012,"total",17.4523317257966,158.938415937448,25.3878236714245,5.59036149027455,15.2505273749002,9.35118180170116,0.894475485294479,19.89099381459,1.78125586395531,0.88,2.78604316240857,0.84,3.47746993264135,19.4961938748418,NA,NA,NA,NA,103,99,15.4392191659272,1081817
"Extremadura",2012,"hombres",16.7647209217293,221.560673704052,42.1626046038039,6.98875436789719,21.4973683925118,17.0392259554472,1.33479957066538,34.4034902624244,NA,NA,NA,NA,NA,NA,NA,NA,NA,NA,NA,NA,14.974182444062,536407
"Extremadura",2012,"mujeres",18.0319112742096,100.243322233821,9.62810713304947,4.33059027766713,9.29858714055142,2.29602468686346,0.484482064125572,6.37815573457159,NA,NA,NA,NA,NA,NA,NA,NA,NA,NA,NA,NA,15.9340659340659,545410
"Extremadura",2013,"total",17.679863034107,151.264922055015,31.6698766021051,2.72728642286574,12.8674353890927,9.54891991452584,0.822094224929767,17.5054037030524,1.71964114211846,0.88,2.76471686003905,0.84,3.50664779218651,18.5662777596988,NA,NA,NA,NA,126,93,16.2859560067682,1098242
"Extremadura",2013,"hombres",16.9582691838187,213.767810983862,53.0269851550209,3.40890724329996,16.8804334894972,18.3570376369458,1.26677879973825,32.1616160855269,NA,NA,NA,NA,NA,NA,NA,NA,NA,NA,NA,NA,17.2069825436409,546438
"Extremadura",2013,"mujeres",18.4076661607977,92.9187620413208,11.2525182235843,2.06414479796226,8.98570006790763,1.54961060683939,0.406098600642182,3.7947409881049,NA,NA,NA,NA,NA,NA,NA,NA,NA,NA,NA,NA,15.3316106804479,551804
"Extremadura",2014,"total",18.3480749133584,134.428043884546,27.7880252204575,4.1019019749372,15.310305804891,7.14093364219856,0.78625015052877,16.3240306650951,1.75448862005219,0.883590241071321,2.91561449158229,0.838945681522454,3.47606343587202,19.3102870041592,NA,NA,NA,NA,127,77,18.0131904369332,1093809
"Extremadura",2014,"hombres",17.6934990206309,193.304953946806,47.6218927128088,4.46291698025551,19.9792397994334,12.5749133824853,1.15623341606093,28.5181872083848,NA,NA,NA,NA,NA,NA,NA,NA,NA,NA,NA,NA,18.2795698924731,544071
"Extremadura",2014,"mujeres",19.1040140177919,78.466976992417,8.44182904534804,3.72082374657136,10.8462820149994,2.02034592581876,0.431363327825105,4.62743280687931,NA,NA,NA,NA,NA,NA,NA,NA,NA,NA,NA,NA,17.7046263345196,549738
"Extremadura",2015,"total",17.9970706182833,141.212782929168,27.6937344341821,4.50714259582259,14.851935194517,7.03805464977333,0.802709333503914,16.8665034536546,1.80593172750926,0.895935273170381,3.08800539665705,0.855253946088727,3.3049010138032,19.1049090650623,7.4445,1376856967,18494971000,"real",144,68,15.8818493150685,1087628
"Extremadura",2015,"hombres",17.1834069018074,194.340360780163,42.4791214847147,5.9872150863739,20.9938520871862,12.7516945054874,1.1812734905596,29.3434747733596,NA,NA,NA,NA,NA,NA,NA,NA,NA,NA,NA,NA,16.4437450826121,540855
"Extremadura",2015,"mujeres",18.8222256833929,90.6407479725171,13.078083166853,3.0438380903836,9.02746332645759,1.74119427340817,0.440584522439819,4.93135112190424,NA,NA,NA,NA,NA,NA,NA,NA,NA,NA,NA,NA,15.2112676056338,546773
"Extremadura",2016,"total",18.3970799342418,135.93886349815,25.2960236123615,5.11698865391698,11.8297366563844,6.94103926581367,0.763681240340552,15.5801893904074,1.8165287467524,0.896404369994918,3.18447478363977,0.861686866424238,3.26216745916279,19.3138700294443,8.1287,1550101891,19069471000,"real",133.56,69.15,15.0797266514806,1081084
"Extremadura",2016,"hombres",17.571127204138,188.3112073066,42.2019402405196,7.50509155951072,14.9099948771263,10.7099124611759,1.11269646007796,27.0832670210864,NA,NA,NA,NA,NA,NA,NA,NA,NA,NA,NA,NA,17.2190784155214,537391
"Extremadura",2016,"mujeres",19.159851078976,85.8964510218785,8.67745682674859,2.84638164681835,8.89044592746465,3.45819876606393,0.429944968524315,4.58068557001821,NA,NA,NA,NA,NA,NA,NA,NA,NA,NA,NA,NA,12.3173277661795,543693
"Extremadura",2017,"total",18.2463430246395,135.140176002911,23.9838397540633,3.95264165263761,12.9361286162251,8.24447737013358,0.758221819067978,15.4002541235034,1.81422756955005,0.909346538239738,3.33307242746817,0.861686866424238,3.26598234785461,19.2452788208133,7.6306,1539066245,20169546000,"real",145.52,73.85,14.81,1072883
"Extremadura",2017,"hombres",17.4798318397312,186.518710613805,40.221893010525,5.83701527980638,18.5557845641405,14.3208444553984,1.15295047533265,28.409985846614,NA,NA,NA,NA,NA,NA,NA,NA,NA,NA,NA,NA,14.55,532921
"Extremadura",2017,"mujeres",18.9716747967615,85.8203244986046,7.96277224003438,2.13158340484283,7.41456999064074,2.43404730228114,0.375722549250361,2.79358671885409,NA,NA,NA,NA,NA,NA,NA,NA,NA,NA,NA,NA,15.1,539962
"Extremadura",2018,"total",18.3788739227092,139.874779783677,22.1796218035465,2.73398881881273,11.3478092279553,7.03643305804909,0.689994161290889,13.1515612310853,1.83926354500949,0.914668711220256,3.40680705535124,0.868550961074697,3.30374083530487,19.2596617469693,7.7436,1603961004,20713254000,"real",118.24,68.32,15.9433531292828,1067018
"Extremadura",2018,"hombres",17.5198565625456,197.486348500818,35.3969757269747,3.08538615851467,15.3914607378466,12.0528451506966,1.00719696223829,23.6061438327037,NA,NA,NA,NA,NA,NA,NA,NA,NA,NA,NA,NA,17.6068376068376,529857
"Extremadura",2018,"mujeres",19.2273179805848,84.3645175033555,9.06341279627471,2.43637929776169,7.56556975944999,2.37961820995418,0.387405462654175,3.17864001233991,NA,NA,NA,NA,NA,NA,NA,NA,NA,NA,NA,NA,14.0333660451423,537161
"Extremadura",2019,"total",19.4563187926744,138.904675366438,21.2414617460175,3.22705093362375,12.6485971829035,8.00302347856645,0.724669739217817,14.2944221787604,1.88268279946747,0.923625863468653,3.56590095451359,0.880847402423789,3.35514585852123,18.9483512642264,7.9897,1691119508,21166132000,"real",125.06,78.85,14.3184947223497,1062845
"Extremadura",2019,"hombres",17.5604351198405,189.870094229392,34.512339042382,4.35584650274313,15.2394211809575,14.8940844305771,1.06713394197936,25.5815869994195,NA,NA,NA,NA,NA,NA,NA,NA,NA,NA,NA,NA,12.8070175438597,527504
"Extremadura",2019,"mujeres",20.9483276294011,89.614459274513,8.18122868715721,2.07131326678667,10.0086197215697,1.45641061850953,0.391272713437194,3.30609945668117,NA,NA,NA,NA,NA,NA,NA,NA,NA,NA,NA,NA,15.9769008662175,535342
"Extremadura",2020,"total",18.3454872877147,137.828256861142,22.2972220355352,4.28699367432418,12.2524476125782,7.44296955549268,0.742092423861513,14.8686507013505,1.90878968385081,0.931306154438509,3.65992957679999,0.887330522801854,3.50699983951818,18.5787294610072,8.9372,1742520488,19497343000,"real",174.97,125.83,14.7504206393718,1059264
"Extremadura",2020,"hombres",16.5191596344732,186.84018395671,36.1021682188348,6.96554094285919,16.8377978666496,12.6813826469935,1.11459099559987,27.1457083931247,NA,NA,NA,NA,NA,NA,NA,NA,NA,NA,NA,NA,14.9113660062565,525524
"Extremadura",2020,"mujeres",19.8227082896582,90.9870335758408,8.64716731485111,1.63779852727323,7.71899091427311,2.40370238070024,0.379234091177994,2.90932247223279,NA,NA,NA,NA,NA,NA,NA,NA,NA,NA,NA,NA,14.5631067961165,533740
"Extremadura",2021,"total",18.876589319546,124.68703308729,23.095093409368,2.98898827970136,13.4145174601869,5.97522098580853,0.674816732987049,12.6513333724134,1.90750677866475,0.936413135670085,3.74580481237794,0.892288956502384,3.5467111625173,18.5088398388308,8.7071,1876516389,21551517000,"real",144.93,63.93,16.8595873175642,1054785
"Extremadura",2021,"hombres",16.9755426165315,166.289763971654,37.8870353955048,3.2096803882715,17.2133916059047,9.42831776210911,0.937993951425878,21.3253046009626,NA,NA,NA,NA,NA,NA,NA,NA,NA,NA,NA,NA,15.8823529411765,523219
"Extremadura",2021,"mujeres",20.4094962103045,83.7949035114622,8.40807914808177,2.68511255938358,9.63702443101854,2.60986349019743,0.41316139177344,4.02752119388862,NA,NA,NA,NA,NA,NA,NA,NA,NA,NA,NA,NA,17.8903826266805,531566
"Extremadura",2022,"total",18.920988384313,123.275812563962,19.7504988514591,3.55183089097672,9.82586904110278,7.32811677632548,0.655850232461916,12.0262227308573,1.94344609884572,0.94263875878681,3.76613992051267,0.894424459015877,3.48279993154202,18.7131596711754,8.5517,2008513430,23486645000,"real",155.61,75.64,15.9090909090909,1055080
"Extremadura",2022,"hombres",17.0385523433338,164.773144987927,31.2525108265256,4.83254978321881,13.0594631179014,12.0880951954787,0.944253780407636,21.5316202418281,NA,NA,NA,NA,NA,NA,NA,NA,NA,NA,NA,NA,15.7323688969259,522138
"Extremadura",2022,"mujeres",20.4159410820439,83.1631219179342,8.36357890111283,2.32355880607499,6.71232924055179,2.72191789139658,0.375851361385767,2.79783219558276,NA,NA,NA,NA,NA,NA,NA,NA,NA,NA,NA,NA,16.0744500846024,532942
"Extremadura",2023,"total",19.3071894834048,116.385363854575,21.5448216026795,4.38030806684784,13.4389888785001,6.8089265130679,0.700298238202442,13.491169906934,2.00861349662969,0.952337940554477,3.95267797729963,0.870849230177135,3.47520510924446,17.9871787372802,8.7498,2204300044,25192615000,"real",180.91,106.25,14.4754316069057,1053463
"Extremadura",2023,"hombres",18.4198353069458,151.410797376828,34.7551992017864,6.79684174394463,17.8286629738774,10.0793363557408,1.00074789270532,23.3935910748637,NA,NA,NA,NA,NA,NA,NA,NA,NA,NA,NA,NA,13.6729222520107,521029
"Extremadura",2023,"mujeres",20.484769915729,81.9712702338114,8.38183600888669,1.95412141071284,9.08925265475216,3.61154933330724,0.40266448303191,3.68155703729163,NA,NA,NA,NA,NA,NA,NA,NA,NA,NA,NA,NA,15.2631578947368,532434
"Extremadura",2024,"total",NA,118.573185393304,20.1956281699196,2.3318268251825,10.9513087851282,6.85382678306707,0.621218027568666,10.8847913007082,2.10113993972295,0.945156392466623,4.0568163451574,0.861731373401552,3.43312955761972,NA,8.5846,2282097280,26583476000,"real",177.52,125.1,17.2214824678207,1051810
"Extremadura",2024,"hombres",NA,154.653541390175,32.0069744702893,3.41055932559537,14.4607231660406,10.9681101150184,0.887587261089114,19.6639671025989,NA,NA,NA,NA,NA,NA,NA,NA,NA,NA,NA,NA,17.632241813602,520110
"Extremadura",2024,"mujeres",NA,83.1577728065157,8.45930672796773,1.27010396562047,7.52311562037828,2.78950105427881,0.358609460369643,2.22956206100758,NA,NA,NA,NA,NA,NA,NA,NA,NA,NA,NA,NA,16.7608286252354,531700
"Extremadura",2025,"total",NA,NA,NA,NA,NA,NA,NA,NA,NA,NA,NA,NA,NA,NA,8.1355,2282097280,28051125150.8657,"proyeccion",135,112,NA,1053625
"Extremadura",2025,"hombres",NA,NA,NA,NA,NA,NA,NA,NA,NA,NA,NA,NA,NA,NA,NA,NA,NA,NA,NA,NA,NA,520562
"Extremadura",2025,"mujeres",NA,NA,NA,NA,NA,NA,NA,NA,NA,NA,NA,NA,NA,NA,NA,NA,NA,NA,NA,NA,NA,533063
"Galicia",1990,"total",NA,5.36780781758909,48.9660564639698,11.2853748504343,37.4739983603302,22.363372782387,1.31821350408284,33.8568355588554,NA,NA,NA,NA,NA,NA,NA,NA,NA,NA,NA,NA,NA,2739375
"Galicia",1990,"hombres",NA,10.5620469706436,80.0865768994516,11.2621562474974,43.7776048907133,39.92379585404,1.8621539144725,51.7843883225523,NA,NA,NA,NA,NA,NA,NA,NA,NA,NA,NA,NA,NA,1322093
"Galicia",1990,"mujeres",NA,0.958091943706077,22.9505962450068,11.1451035330896,32.0942277521789,8.84406852474577,0.878024094442144,19.3487778440388,NA,NA,NA,NA,NA,NA,NA,NA,NA,NA,NA,NA,NA,1417282
"Galicia",1991,"total",NA,5.78433171232707,47.832345487737,9.35987976624732,41.0388480425813,18.76433143512,1.23705429424284,31.1819359027989,NA,NA,NA,NA,NA,NA,NA,NA,NA,NA,NA,NA,NA,2732164
"Galicia",1991,"hombres",NA,11.0692018108691,80.8849519651558,11.2070499567803,49.3980424813144,33.4582123055225,1.81076919177398,50.0908161778285,NA,NA,NA,NA,NA,NA,NA,NA,NA,NA,NA,NA,NA,1317931
"Galicia",1991,"mujeres",NA,1.20064967911984,20.330106915826,7.7488805795621,34.2064828266787,7.34711390867627,0.772446027755838,15.8690651309275,NA,NA,NA,NA,NA,NA,NA,NA,NA,NA,NA,NA,NA,1414233
"Galicia",1992,"total",NA,6.54773614987957,47.164446220843,7.66517891077576,37.8571799055806,19.1154696808721,1.16652570992616,28.8574075306922,NA,NA,NA,NA,NA,NA,NA,NA,NA,NA,NA,NA,NA,2729231
"Galicia",1992,"hombres",NA,12.2580839199922,82.3178064708439,8.27208368562652,48.7256018199585,35.2740878931626,1.7706594728833,48.7688531686183,NA,NA,NA,NA,NA,NA,NA,NA,NA,NA,NA,NA,NA,1316116
"Galicia",1992,"mujeres",NA,1.38630438264128,17.965041050834,7.11561008659626,28.913453309056,6.40659740285563,0.675742189468744,12.681835187666,NA,NA,NA,NA,NA,NA,NA,NA,NA,NA,NA,NA,NA,1413115
"Galicia",1993,"total",NA,5.69238952230835,47.0882709892706,7.22023546320317,34.6472094363411,16.8452722370639,1.08306897663034,26.1067845560636,NA,NA,NA,NA,NA,NA,NA,NA,NA,NA,NA,NA,NA,2726739
"Galicia",1993,"hombres",NA,11.4227379607358,82.2576323865852,8.45706478788105,40.4777184377377,30.0685424575289,1.60410830797867,43.2795482012892,NA,NA,NA,NA,NA,NA,NA,NA,NA,NA,NA,NA,NA,1314661
"Galicia",1993,"mujeres",NA,0.662830679826495,17.3703142121261,6.12711657666827,29.6581766291173,6.47267571739273,0.654268853123192,11.9741025702792,NA,NA,NA,NA,NA,NA,NA,NA,NA,NA,NA,NA,NA,1412078
"Galicia",1994,"total",NA,6.23222419863756,43.1819211208539,7.57716043105941,33.2218695901804,16.2093715977171,1.04663424074153,24.905944100746,NA,NA,NA,NA,NA,NA,NA,NA,NA,NA,NA,NA,NA,2722505
"Galicia",1994,"hombres",NA,10.9070172437591,73.7720713827207,7.2181896461611,42.1465661494482,28.068592143545,1.50642610623684,40.0600726992829,NA,NA,NA,NA,NA,NA,NA,NA,NA,NA,NA,NA,NA,1312368
"Galicia",1994,"mujeres",NA,2.01106930656851,17.2260334674922,7.80191269355468,25.866608513889,6.754762475629,0.666474868218837,12.3763966000699,NA,NA,NA,NA,NA,NA,NA,NA,NA,NA,NA,NA,NA,1410137
"Galicia",1995,"total",NA,5.96582904345433,44.9921838222019,7.33530493416739,32.8216980289539,15.0543349891179,1.02645321025072,24.2408041662253,NA,NA,NA,NA,NA,NA,NA,NA,NA,NA,NA,NA,NA,2715574
"Galicia",1995,"hombres",NA,11.2843785208643,74.6716480310721,8.86512496790603,42.3006548955922,27.1556129534237,1.54004734338701,41.1681839766903,NA,NA,NA,NA,NA,NA,NA,NA,NA,NA,NA,NA,NA,1308576
"Galicia",1995,"mujeres",NA,1.30809147121411,19.6079308283171,5.94108133257762,24.9064693176562,5.28197800699523,0.596520924606483,10.0708076215993,NA,NA,NA,NA,NA,NA,NA,NA,NA,NA,NA,NA,NA,1406998
"Galicia",1996,"total",NA,6.12190045602756,47.4499851907068,6.08050261411201,32.2057469892293,17.2908501585374,1.04062558961148,24.7079069479347,1.33,NA,2.21,NA,3.9,NA,NA,NA,NA,NA,NA,NA,NA,2707143
"Galicia",1996,"hombres",NA,12.2327051016958,79.551416847006,7.78326286445475,40.6112523841044,31.0478614101609,1.5913980028737,42.8606334432394,NA,NA,NA,NA,NA,NA,NA,NA,NA,NA,NA,NA,NA,1304080
"Galicia",1996,"mujeres",NA,0.642992587539885,19.9748066908705,4.61485131793513,25.024646274479,6.12838779391551,0.579109506532781,9.49695043017744,NA,NA,NA,NA,NA,NA,NA,NA,NA,NA,NA,NA,NA,1403063
"Galicia",1997,"total",NA,7.40957627230403,44.1464736654216,6.40160773556385,28.3548886550354,15.4253855353457,0.963401259298113,22.1626956896973,1.37,NA,2.23,NA,3.83,NA,NA,NA,NA,NA,NA,NA,5.89784096893102,2698677
"Galicia",1997,"hombres",NA,14.470439196667,73.7935969651913,7.19615370263206,33.2054525037148,27.7434744662826,1.41989301029266,37.2080569017546,NA,NA,NA,NA,NA,NA,NA,NA,NA,NA,NA,NA,6.65168539325843,1299424
"Galicia",1997,"mujeres",NA,1.04292710323977,18.6203018407106,5.734621780059,24.2310328462095,5.48370605661999,0.582094022078687,9.59531609469015,NA,NA,NA,NA,NA,NA,NA,NA,NA,NA,NA,NA,4.83153210425938,1399253
"Galicia",1998,"total",NA,6.89595431911776,44.2105097347591,4.37685059750706,25.7666732894751,13.2842938410083,0.849404783066653,18.4055233901599,1.42,NA,2.33,NA,3.8,NA,NA,NA,NA,NA,NA,NA,7.10194730813287,2691857
"Galicia",1998,"hombres",NA,12.7649899384726,72.5678506794363,4.95384817457674,31.4820614280255,23.2975304607409,1.26002737245526,31.9390980182275,NA,NA,NA,NA,NA,NA,NA,NA,NA,NA,NA,NA,7.36965895727166,1295303
"Galicia",1998,"mujeres",NA,1.60724696052478,19.4999680882717,3.88336364718066,20.7983361671489,5.04423585818124,0.499892826865885,6.88607398605405,NA,NA,NA,NA,NA,NA,NA,NA,NA,NA,NA,NA,6.72546857772878,1396554
"Galicia",1999,"total",NA,163.542316853515,42.8165163014686,6.54393871578911,26.2989570863019,14.4932157048733,1.22032731998158,30.6306370694746,1.42,NA,2.33,NA,3.73,NA,NA,NA,NA,NA,NA,NA,8.22644847412649,2686843
"Galicia",1999,"hombres",NA,238.376820001349,71.4473627408905,9.21489490764032,33.2035990191939,25.8765490028733,1.85185633961035,51.4449939456076,NA,NA,NA,NA,NA,NA,NA,NA,NA,NA,NA,NA,8.70859694826945,1291895
"Galicia",1999,"mujeres",NA,99.4988034949589,18.2214454228212,4.3401862581892,20.315881687622,5.10627307322885,0.686767640908941,13.0452194089194,NA,NA,NA,NA,NA,NA,NA,NA,NA,NA,NA,NA,7.52043596730245,1394948
"Galicia",2000,"total",NA,163.137471238835,40.6771729455474,6.76722216158603,24.6797940944896,12.2058635282251,1.15848573210316,28.5924205507073,1.44,NA,2.49,NA,3.69,NA,NA,NA,NA,NA,NA,NA,7.75086505190311,2690966
"Galicia",2000,"hombres",NA,234.141948554561,70.4097547923876,7.96983078727457,31.5605984728102,21.5974112543593,1.71726816856757,47.0091467615192,NA,NA,NA,NA,NA,NA,NA,NA,NA,NA,NA,NA,7.93465577596266,1293488
"Galicia",2000,"mujeres",NA,102.001969833187,14.9820994807881,5.71604237934867,18.9192676749153,4.4611202054091,0.683863513681739,12.9495032365158,NA,NA,NA,NA,NA,NA,NA,NA,NA,NA,NA,NA,7.48299319727891,1397478
"Galicia",2001,"total",NA,161.944298262816,38.213480558093,6.18728849075374,22.2057974088326,11.1817102548345,1.08607406066875,26.2058281307439,1.45,NA,2.54,NA,3.65,NA,NA,NA,NA,NA,NA,NA,7.8,2695558
"Galicia",2001,"hombres",NA,235.394516620758,64.6621800463942,6.96836492590266,27.2487473176257,20.4550169987675,1.60048555581377,43.1601471063429,NA,NA,NA,NA,NA,NA,NA,NA,NA,NA,NA,NA,7.7870480731029,1295387
"Galicia",2001,"mujeres",NA,98.7544845722479,15.1856848281517,5.50186402606599,17.932597816247,3.45533019960961,0.646579899250947,11.7206848730289,NA,NA,NA,NA,NA,NA,NA,NA,NA,NA,NA,NA,7.81643973777105,1400171
"Galicia",2002,"total",NA,158.960043620039,36.4170555292633,5.11188932878026,22.5839295185718,10.9139145391741,1.0421134561124,24.7569450497031,1.47,NA,2.61,NA,3.58,26.212629825768,NA,NA,NA,NA,NA,NA,8.2855321861058,2696867
"Galicia",2002,"hombres",NA,228.630071647903,62.2264663400465,6.59406706060159,29.2977371099921,19.9161002950564,1.57532915542888,42.3310255948124,NA,NA,NA,NA,NA,NA,NA,NA,NA,NA,NA,NA,7.93222949557181,1295920
"Galicia",2002,"mujeres",NA,98.413939605447,13.8890757159478,3.80940827904727,16.6820327779889,3.44697747869231,0.58323113641687,9.63279387149577,NA,NA,NA,NA,NA,NA,NA,NA,NA,NA,NA,NA,8.72037914691943,1400947
"Galicia",2003,"total",NA,159.819595198264,34.4664330205103,5.82937288156272,21.347261834079,10.5904743153547,1.03355126466222,24.4747466028436,1.52,NA,2.62,NA,3.54,27.1218762238747,NA,NA,NA,NA,NA,NA,8.56780198857626,2703033
"Galicia",2003,"hombres",NA,230.99510099591,57.6784857239091,8.11132870559537,27.2989660397237,19.0072480788557,1.55808761917427,41.762767482292,NA,NA,NA,NA,NA,NA,NA,NA,NA,NA,NA,NA,9.04599011782592,1299577
"Galicia",2003,"mujeres",NA,97.8563834304409,14.0506450238053,3.8352993523943,16.1569988644419,3.56605380648485,0.580636023703477,9.54726240663592,NA,NA,NA,NA,NA,NA,NA,NA,NA,NA,NA,NA,7.9675572519084,1403456
"Galicia",2004,"total",NA,158.247134381917,33.0281747725903,4.6852660298928,20.2074897391107,9.60446547228086,0.965446286607339,22.2300970709682,1.65,0.74,2.69,0.56,3.66,26.5141709348306,NA,NA,NA,NA,NA,NA,7.58784220737228,2709098
"Galicia",2004,"hombres",NA,229.355466964566,55.2528681019635,5.67121312160633,26.6834576789338,18.0281501078576,1.45657057508608,38.4169006749298,NA,NA,NA,NA,NA,NA,NA,NA,NA,NA,NA,NA,7.44639376218324,1302943
"Galicia",2004,"mujeres",NA,95.9659714907698,13.3152176608869,3.80557631628312,14.5434319737518,2.51052679075051,0.538422498243851,8.1559607299008,NA,NA,NA,NA,NA,NA,NA,NA,NA,NA,NA,NA,7.76277724204436,1406155
"Galicia",2005,"total",NA,156.682242639623,34.9139513067716,4.66142415503599,17.9221349423609,9.12376116085811,0.941864635841212,21.45287721326,1.59,0.74,2.78,0.53,3.62,27.3437978127791,NA,NA,NA,NA,NA,NA,8.28287197231834,2715361
"Galicia",2005,"hombres",NA,220.277073200286,59.3744118264366,6.77607911649992,24.3918286027493,16.5342051505749,1.44258960448525,37.9561064714719,NA,NA,NA,NA,NA,NA,NA,NA,NA,NA,NA,NA,8.26666666666667,1306248
"Galicia",2005,"mujeres",NA,101.020566424482,13.3460063876834,2.84809785673316,12.3277010093043,2.84946585352646,0.507950775894366,7.15165327307887,NA,NA,NA,NA,NA,NA,NA,NA,NA,NA,NA,NA,8.30415207603802,1409113
"Galicia",2006,"total",17.4687803148877,154.015790377578,31.8614858346229,4.95256672725908,18.5038784501434,7.83228870629148,0.910842160199245,20.4304176601382,1.63,0.76,2.91,0.56,3.63,25.9773985195121,NA,NA,NA,NA,NA,NA,8.48367697594502,2720369
"Galicia",2006,"hombres",16.0201578058581,219.253530608967,54.7462007834853,6.68912685040791,25.3299977177028,12.7611600512433,1.35742067107848,35.1490516575379,NA,NA,NA,NA,NA,NA,NA,NA,NA,NA,NA,NA,8.76085240726125,1309052
"Galicia",2006,"mujeres",18.5560591756557,96.4322732609883,11.5020501785348,3.41290597713603,12.4269565076109,3.71034542455598,0.518989496216787,7.51547481904958,NA,NA,NA,NA,NA,NA,NA,NA,NA,NA,NA,NA,8.15268614514609,1411317
"Galicia",2007,"total",17.4750320916033,152.792850064342,30.6236515982006,4.17128666728317,17.6178276987079,8.54368367223493,0.885193118560065,19.5850593478274,1.7,0.77,3.09,0.57,3.63,25.3099289140455,NA,NA,NA,NA,NA,NA,8.55916892502258,2728772
"Galicia",2007,"hombres",15.9620697954002,222.024733484657,51.3396351028546,5.66536726759614,23.8122937293378,16.4037181157815,1.36491823852523,35.3961615126497,NA,NA,NA,NA,NA,NA,NA,NA,NA,NA,NA,NA,8.09917355371901,1313580
"Galicia",2007,"mujeres",18.6311816847789,91.3317838314283,11.9984569068306,2.85186238131697,12.2915918315554,1.88499375445086,0.46531567119128,5.74645690496425,NA,NA,NA,NA,NA,NA,NA,NA,NA,NA,NA,NA,9.11354581673307,1415192
"Galicia",2008,"total",16.9841299717843,150.340604142049,28.6347779912769,4.72040084869378,16.7388740422849,8.17492158930267,0.86855540034631,19.0367022751639,1.77,0.8,3.2,0.64,3.62,24.7784107960159,NA,NA,NA,NA,NA,NA,8.31822302810517,2738098
"Galicia",2008,"hombres",15.6851815435243,213.297743898396,47.6881096711338,6.29194009422971,23.1668195721766,14.0465461790087,1.29742007152308,33.1715116663238,NA,NA,NA,NA,NA,NA,NA,NA,NA,NA,NA,NA,8.58439950474618,1318617
"Galicia",2008,"mujeres",18.0455001277578,94.4915545038601,11.5571359499298,3.31943523575112,11.0094681465146,3.14621570124181,0.489762121650449,6.55217941081359,NA,NA,NA,NA,NA,NA,NA,NA,NA,NA,NA,NA,7.99396681749623,1419481
"Galicia",2009,"total",16.2108528996409,148.547879644943,25.0878540664072,4.86009815118961,16.8979760324365,6.80016493977532,0.827029447061732,17.6680620631989,1.84,0.8,3.24,0.66,3.6,24.7389820631934,NA,NA,NA,NA,NA,NA,7.69405872979741,2737046
"Galicia",2009,"hombres",15.0851192389957,208.759316354263,43.5748402568837,5.63834681571329,22.4472968522934,12.3491189348863,1.2132245900781,30.3965405348567,NA,NA,NA,NA,NA,NA,NA,NA,NA,NA,NA,NA,7.03472840605521,1318561
"Galicia",2009,"mujeres",17.2236745203319,94.9777659423884,8.48105825850059,4.15630087576953,12.022401841171,1.9973310352674,0.485144146028153,6.39997707385008,NA,NA,NA,NA,NA,NA,NA,NA,NA,NA,NA,NA,8.38379133674895,1418485
"Galicia",2010,"total",16.4114122266947,145.735675633837,24.7076237442103,3.91184220867801,15.6928111440693,7.77721763334741,0.800304762485917,16.7872519897519,1.7975076071589,0.8,3.20109100197437,0.65,3.61913302323678,25.7702278851323,NA,NA,NA,NA,NA,NA,7.09764918625678,2736580
"Galicia",2010,"hombres",15.2757433796258,203.132319465745,42.35433358025,5.53064227597247,21.0183476993899,14.0131636299438,1.20741020007254,30.2049059704404,NA,NA,NA,NA,NA,NA,NA,NA,NA,NA,NA,NA,7.25912890453146,1317859
"Galicia",2010,"mujeres",17.4309358085413,94.3627949305598,8.89220778080567,2.45649957928351,10.977399556649,2.35293590728664,0.438827014962916,4.87342601205224,NA,NA,NA,NA,NA,NA,NA,NA,NA,NA,NA,NA,6.92701069270107,1418721
"Galicia",2011,"total",19.5083206866001,144.46201277634,22.304519346965,3.41077936215579,14.5565680044634,8.39503170937993,0.771159197912026,15.8266529301015,1.80491870545125,0.8,3.15961433085686,0.65,3.48026101225522,23.0146402886823,NA,NA,NA,NA,NA,NA,7.8232044198895,2731977
"Galicia",2011,"hombres",17.7558734351533,202.209102528718,36.725861208032,4.54493286200665,17.8234905905692,14.3968145894932,1.12449734364582,27.4722084543392,NA,NA,NA,NA,NA,NA,NA,NA,NA,NA,NA,NA,7.28888888888889,1315849
"Galicia",2011,"mujeres",21.042728777686,92.5867222714797,9.23382893487969,2.42069524150335,11.7515136028914,3.13388683643663,0.457326026451757,5.48312883649369,NA,NA,NA,NA,NA,NA,NA,NA,NA,NA,NA,NA,8.35164835164835,1416128
"Galicia",2012,"total",17.2011046740795,145.499653862304,22.0486978112573,2.61166659524832,13.8592570962226,7.7593798539053,0.733694686983317,14.5918724585432,1.78756073865259,0.81,3.192834171486,0.65,3.47954965085039,22.3276439572031,NA,NA,NA,NA,83,55,8.57660104095949,2720453
"Galicia",2012,"hombres",15.9852675296404,204.912006478348,37.1855561210186,3.67663759152017,18.6153555567711,13.663797497206,1.10530779391637,26.8397464075501,NA,NA,NA,NA,NA,NA,NA,NA,NA,NA,NA,NA,8.89584264640143,1309550
"Galicia",2012,"mujeres",18.2461324165714,91.8844828783116,8.27313306522345,1.69019474569079,9.48543192815002,2.55513240412865,0.400022000761954,3.59446433482476,NA,NA,NA,NA,NA,NA,NA,NA,NA,NA,NA,NA,8.24931255728689,1410903
"Galicia",2013,"total",17.490992856199,142.124545147017,24.2490158108793,1.82384825267661,13.70681703258,6.1497672720028,0.690538867982038,13.1695140394441,1.75977044893215,0.81,3.101481911957,0.65,3.36299578672091,22.48413459457,NA,NA,NA,NA,84,49,8.36363636363636,2753236
"Galicia",2013,"hombres",16.2060219031157,198.9439538459,41.6091308579345,2.61389527720675,17.6257076168708,10.8705248078388,1.0342545336995,24.4979254153241,NA,NA,NA,NA,NA,NA,NA,NA,NA,NA,NA,NA,9.375,1331434
"Galicia",2013,"mujeres",18.5717461130335,90.8786285411512,8.37628258308348,1.1266418456642,10.1362194227361,2.01668308217781,0.381500518614495,2.98402090734971,NA,NA,NA,NA,NA,NA,NA,NA,NA,NA,NA,NA,7.31481481481481,1421802
"Galicia",2014,"total",18.029533850363,138.858693999132,21.6468983338021,3.45844037755081,11.8002067763401,6.16585583581118,0.693115673418288,13.2544421207886,1.76238598151174,0.816018358553409,3.16448303101186,0.657947345615761,3.3115918857238,21.4500307532461,NA,NA,NA,NA,80,50,8.57209957726632,2739335
"Galicia",2014,"hombres",16.6731035865858,197.244673188592,36.920270984086,4.15415324667531,16.2822234789825,10.548763258688,1.02550342864418,24.2095006271978,NA,NA,NA,NA,NA,NA,NA,NA,NA,NA,NA,NA,9.67276227141482,1324361
"Galicia",2014,"mujeres",19.1557444324936,86.2450951271337,7.62076812985508,2.82837040012787,7.70785054512801,2.28765433679588,0.392739791381807,3.35445239527174,NA,NA,NA,NA,NA,NA,NA,NA,NA,NA,NA,NA,7.52293577981651,1414974
"Galicia",2015,"total",18.8009411059045,139.420018386081,21.7790444494069,4.00006009629258,11.3832847643682,7.23505756032886,0.722883115271458,14.2355374287851,1.79365091591739,0.816100393432915,3.28322481561892,0.66394608279288,3.34741477682251,19.806600684249,5.5604,3170026461,57010602000,"real",79,51,9.53932061423918,2725090
"Galicia",2015,"hombres",17.2579159700616,191.315443987759,37.6154849055807,5.90632969140044,14.531558813896,12.7232995482717,1.08274488468671,26.0961029164782,NA,NA,NA,NA,NA,NA,NA,NA,NA,NA,NA,NA,10.0851636037651,1317282
"Galicia",2015,"mujeres",20.1257998803972,92.4849510300188,7.365024902155,2.28130277257049,8.57084863756567,2.35658160057368,0.398838173532791,3.55544696323671,NA,NA,NA,NA,NA,NA,NA,NA,NA,NA,NA,NA,8.95016932752782,1407808
"Galicia",2016,"total",20.0883713510057,144.459342973116,23.4007712638148,3.97125504903018,11.1352469333375,7.08015205590177,0.735705636781617,14.6581506903597,1.83289240225004,0.820711641014427,3.3676126843673,0.672461644919237,3.33370435921005,18.8431472184837,5.6518,3309935296,58564023000,"real",68.28,47.29,8.21394460362942,2713036
"Galicia",2016,"hombres",18.2648531401025,201.576049161695,40.1753007045779,4.94522792677148,16.381423208847,11.6750166381635,1.09222043369232,26.408404414066,NA,NA,NA,NA,NA,NA,NA,NA,NA,NA,NA,NA,8.87096774193548,1311220
"Galicia",2016,"mujeres",21.7046632868765,92.7239010432358,8.00119272286393,3.09776474660168,6.31892009529591,2.99532989216783,0.412542781254122,4.00713261360773,NA,NA,NA,NA,NA,NA,NA,NA,NA,NA,NA,NA,7.54807692307692,1401816
"Galicia",2017,"total",20.133527724115,138.113409046677,20.0423481042769,3.59205514688792,11.076070181602,5.60417636518523,0.669501663147145,12.4761557368166,1.87572984607623,0.819937887359672,3.42484374774596,0.672461644919237,3.33089080337535,18.905073851232,5.6278,3412155657,60630852000,"real",66.39,46.58,7.66,2703667
"Galicia",2017,"hombres",18.3525055511423,190.138918980022,33.6838817085828,5.25717025197503,13.5120745900821,9.47497949775792,0.97668059466879,22.6003649287856,NA,NA,NA,NA,NA,NA,NA,NA,NA,NA,NA,NA,8.06,1306138
"Galicia",2017,"mujeres",21.7045560272839,91.1166045003323,7.57525928132111,2.07029401541497,8.92073651996814,2.14415064543579,0.391828519540937,3.32441808692251,NA,NA,NA,NA,NA,NA,NA,NA,NA,NA,NA,NA,7.22,1397529
"Galicia",2018,"total",20.0178048669445,135.379335454111,19.8880014414125,2.57902950237506,11.1704831664591,6.49774937657986,0.653802818201472,11.9587426788476,1.91753275476401,0.818430066750027,3.51090763464036,0.680708041724506,3.32493363099053,18.7888156194467,5.8499,3664934669,62649363000,"real",61.61,44.77,8.81387716830755,2699001
"Galicia",2018,"hombres",18.1472091365017,183.826927249259,33.5491886381199,3.51911351438515,14.2915759689047,11.4565081241302,0.961070486944386,22.0858765316544,NA,NA,NA,NA,NA,NA,NA,NA,NA,NA,NA,NA,9.64991023339318,1303209
"Galicia",2018,"mujeres",21.6941535563682,91.7340416871208,7.42777082297195,1.74591891257925,8.36041430315555,2.085192767686,0.377438191955227,2.85013202147852,NA,NA,NA,NA,NA,NA,NA,NA,NA,NA,NA,NA,7.89990186457311,1395793
"Galicia",2019,"total",18.5710265906829,131.056517205571,19.2340382920391,2.65233594131201,12.5642396012386,6.1990027100811,0.652323794329113,11.9099960183605,1.9507962138621,0.829284551532243,3.67927946887952,0.697327064594327,3.29986535245126,17.958450262118,5.8639,3782335225,64502005000,"real",54.52,41.55,9.19238345370978,2698920
"Galicia",2019,"hombres",17.1505121863289,178.955167136394,32.4981629928634,3.80489084361268,16.2367576758696,10.5597736114097,0.956931484527751,21.94946051476,NA,NA,NA,NA,NA,NA,NA,NA,NA,NA,NA,NA,9.60570469798658,1302677
"Galicia",2019,"mujeres",19.9972415337289,87.9551036690402,7.06414460315792,1.61389738835875,9.24032592563315,2.30207211473146,0.377158387331525,2.84091003307842,NA,NA,NA,NA,NA,NA,NA,NA,NA,NA,NA,NA,8.74141876430206,1396243
"Galicia",2020,"total",18.3056454118623,128.245708644739,22.1270130080487,2.9477740524286,10.5648149059777,6.25476958894465,0.652068641847957,11.901586531804,2.10395493875446,0.834810972776666,3.83069499063818,0.702819051592532,3.30822643416692,17.3269915801133,6.6056,3897761068,59007178000,"real",72.64,49.27,10.3635505193579,2698535
"Galicia",2020,"hombres",16.9457196252283,168.139634589171,39.3262613587304,4.41809256972535,13.82922170811,10.0968810506193,0.95867468625913,22.0069141262588,NA,NA,NA,NA,NA,NA,NA,NA,NA,NA,NA,NA,10.05071461503,1302231
"Galicia",2020,"mujeres",19.6898911341181,92.5356744825639,6.31398433653119,1.63586361446946,7.66658171731728,2.84435803688689,0.376119513689109,2.8066701389954,NA,NA,NA,NA,NA,NA,NA,NA,NA,NA,NA,NA,10.6918238993711,1396304
"Galicia",2021,"total",18.4176028847905,125.793159544063,22.1496929117584,3.64526776465424,10.4056761904957,4.93304280651072,0.641203754020821,11.5434942737695,2.17411094988695,0.842644254886406,3.92982351837367,0.727962612265544,3.22122164152623,17.3626173214739,6.7999,4378280132,64387386000,"real",77.3,56.4,9.99085505258345,2690729
"Galicia",2021,"hombres",16.9097594622871,172.189950065591,36.1042560686358,5.73645723144334,11.9912479672885,8.10139636809398,0.929999362616811,21.0618135825329,NA,NA,NA,NA,NA,NA,NA,NA,NA,NA,NA,NA,11.3647170708512,1298435
"Galicia",2021,"mujeres",19.9611604101239,83.8469267273486,9.28211582925567,1.73901101943474,8.98412659414739,2.09380187664653,0.378854559234884,2.89681360397139,NA,NA,NA,NA,NA,NA,NA,NA,NA,NA,NA,NA,8.71862615587847,1392294
"Galicia",2022,"total",18.0731154675105,123.513178823238,20.8345519363539,3.98125632189743,10.6967872490172,6.43286478975996,0.666521442144363,12.3779316147357,2.13369391163975,0.852147799795393,3.79438868574182,0.739363532175415,3.20926573381138,17.4764500775373,6.4065,4589357966,71636381000,"real",74.76,66.01,9.90181742218508,2694762
"Galicia",2022,"hombres",16.7310326340589,161.82688272284,35.4076064525166,6.06107258309088,13.3738387745499,10.0868979642599,0.96206031546185,22.118499963624,NA,NA,NA,NA,NA,NA,NA,NA,NA,NA,NA,NA,9.4468085106383,1297043
"Galicia",2022,"mujeres",19.449107050365,89.1806523299589,7.41627713520326,2.06288441182574,8.24977164130206,3.18846620583215,0.398334943663748,3.53886117579161,NA,NA,NA,NA,NA,NA,NA,NA,NA,NA,NA,NA,10.3405826836274,1397719
"Galicia",2023,"total",18.7018907470586,120.026452211848,20.2580247035779,3.69418734990984,9.45296811133822,6.91311201294902,0.645412039707991,11.6821937751495,2.21856946344694,0.85307808568822,3.75082687083926,0.769934293625149,3.19155476903544,16.450812307807,6.4199,4972964283,77461411000,"real",67.45,73.36,9.72488803582853,2699938
"Galicia",2023,"hombres",17.9962158891326,160.786401935911,35.2019748465619,5.35839229001347,11.8987508927236,10.907245541808,0.940623144157362,21.4119592979097,NA,NA,NA,NA,NA,NA,NA,NA,NA,NA,NA,NA,9.79498861047836,1298718
"Galicia",2023,"mujeres",19.347625408845,83.478931918933,6.51753342970107,2.18889831453444,7.20306450341566,3.36280361842016,0.378449468524014,2.88346235270473,NA,NA,NA,NA,NA,NA,NA,NA,NA,NA,NA,NA,9.66319165998396,1401220
"Galicia",2024,"total",NA,116.832426487926,19.9713816758542,3.10057367249574,9.35805176179378,7.11091134353276,0.625068678229911,11.0117036271055,2.25038913517594,0.852793441763014,3.99424674772403,0.785317161391064,3.17441199301127,NA,6.3436,5191549097,81839712000,"real",67.09,60.83,10.0235092968583,2706643
"Galicia",2024,"hombres",NA,156.369414128226,34.3547438307147,4.71917713028456,11.5075179248236,10.9430040966376,0.908009816089102,20.337067363838,NA,NA,NA,NA,NA,NA,NA,NA,NA,NA,NA,NA,8.83441258094357,1302399
"Galicia",2024,"mujeres",NA,81.5113715108255,6.74024437829409,1.63086746009458,7.40142115596092,3.66300006866101,0.368794676930598,2.56525325772413,NA,NA,NA,NA,NA,NA,NA,NA,NA,NA,NA,NA,11.0448947159317,1404244
"Galicia",2025,"total",NA,NA,NA,NA,NA,NA,NA,NA,NA,NA,NA,NA,NA,NA,6.4421,5458255848,84727981648.3003,"proyeccion",73,63,NA,2719518
"Galicia",2025,"hombres",NA,NA,NA,NA,NA,NA,NA,NA,NA,NA,NA,NA,NA,NA,NA,NA,NA,NA,NA,NA,NA,1309813
"Galicia",2025,"mujeres",NA,NA,NA,NA,NA,NA,NA,NA,NA,NA,NA,NA,NA,NA,NA,NA,NA,NA,NA,NA,NA,1409705
"Islas Baleares",1990,"total",NA,7.84077007831085,69.7727416673014,11.8029333557042,36.6859181754165,21.9858928523556,1.43800641771316,37.8050507287599,NA,NA,NA,NA,NA,NA,NA,NA,NA,NA,NA,NA,NA,707501
"Islas Baleares",1990,"hombres",NA,15.7658582182215,111.562162187741,13.3314407278179,54.2253590505738,39.8110433528373,2.20041216991976,62.9329307114929,NA,NA,NA,NA,NA,NA,NA,NA,NA,NA,NA,NA,NA,348003
"Islas Baleares",1990,"mujeres",NA,0.737169673791729,32.9837708939486,10.4148564876701,21.9835850753883,7.32922133513705,0.79038056380203,16.4601635952431,NA,NA,NA,NA,NA,NA,NA,NA,NA,NA,NA,NA,NA,359498
"Islas Baleares",1991,"total",NA,8.31516213506509,64.4029448632568,11.1543193670691,38.1746833396202,17.3082376032167,1.32718659158051,34.1525765931584,NA,NA,NA,NA,NA,NA,NA,NA,NA,NA,NA,NA,NA,713988
"Islas Baleares",1991,"hombres",NA,15.3254058505351,108.289643031246,11.2556759012494,42.5572327155671,29.0952393518481,1.83171148302571,50.7810462549415,NA,NA,NA,NA,NA,NA,NA,NA,NA,NA,NA,NA,NA,351142
"Islas Baleares",1991,"mujeres",NA,1.81342659709106,25.9933971774637,10.9677489793422,34.3239577646562,7.30518972180994,0.887627889151372,19.6653061495163,NA,NA,NA,NA,NA,NA,NA,NA,NA,NA,NA,NA,NA,362846
"Islas Baleares",1992,"total",NA,8.20978462331429,61.7213251391317,9.74648162766004,34.5963783699356,16.816439648469,1.23283204987357,31.0427763418147,NA,NA,NA,NA,NA,NA,NA,NA,NA,NA,NA,NA,NA,723255
"Islas Baleares",1992,"hombres",NA,15.4300976835855,95.6072173837537,7.86667884479257,47.9171441769851,30.5794417453422,1.7525044131349,48.1704865362616,NA,NA,NA,NA,NA,NA,NA,NA,NA,NA,NA,NA,NA,355847
"Islas Baleares",1992,"mujeres",NA,1.42435204410523,31.7292022144309,11.132218893024,23.2867638842639,5.36546941579811,0.782194196679008,16.1903518185527,NA,NA,NA,NA,NA,NA,NA,NA,NA,NA,NA,NA,NA,367408
"Islas Baleares",1993,"total",NA,8.35969302659575,63.0872014542296,9.22834805450114,38.6937436390567,18.9735434773508,1.30434422725865,33.3997226337798,NA,NA,NA,NA,NA,NA,NA,NA,NA,NA,NA,NA,NA,730870
"Islas Baleares",1993,"hombres",NA,15.4413941478426,105.619234850353,10.6783498460487,50.4244296696126,32.9338784838095,1.94463812337831,54.5029581862464,NA,NA,NA,NA,NA,NA,NA,NA,NA,NA,NA,NA,NA,359546
"Islas Baleares",1993,"mujeres",NA,1.8746552626804,25.8247909076237,8.1199983009649,28.7864080762022,7.4591451964557,0.762805432370766,15.5513239241002,NA,NA,NA,NA,NA,NA,NA,NA,NA,NA,NA,NA,NA,371324
"Islas Baleares",1994,"total",NA,5.88982865627818,47.9351103417846,10.945243669747,35.9105623261166,15.609882113183,1.17432590769579,29.1144916789028,NA,NA,NA,NA,NA,NA,NA,NA,NA,NA,NA,NA,NA,738227
"Islas Baleares",1994,"hombres",NA,11.0934493648653,79.9327375931127,13.591489084281,44.7407115161722,27.1178865352049,1.71261537466529,46.8557968603377,NA,NA,NA,NA,NA,NA,NA,NA,NA,NA,NA,NA,NA,363141
"Islas Baleares",1994,"mujeres",NA,1.14290675079775,19.9122846536656,8.60411960928686,28.1220416992862,6.15341116268651,0.7120117607724,13.8772320378415,NA,NA,NA,NA,NA,NA,NA,NA,NA,NA,NA,NA,NA,375086
"Islas Baleares",1995,"total",NA,5.07893261561263,51.2492866925698,10.7114569649348,25.897007032353,17.1445409399434,1.11369958140889,27.1163285665153,NA,NA,NA,NA,NA,NA,NA,NA,NA,NA,NA,NA,NA,748080
"Islas Baleares",1995,"hombres",NA,9.76093923086599,83.7743020102884,11.8704570498875,34.146662183897,32.3166071364632,1.67288226718781,45.5462464626063,NA,NA,NA,NA,NA,NA,NA,NA,NA,NA,NA,NA,NA,368095
"Islas Baleares",1995,"mujeres",NA,0.680973722201003,22.1588430984782,9.60961331013354,18.3260005040288,4.70076446244174,0.62883316504446,11.1357761076695,NA,NA,NA,NA,NA,NA,NA,NA,NA,NA,NA,NA,NA,379985
"Islas Baleares",1996,"total",NA,3.96392754330765,48.5026782925164,7.13429328164374,29.6530488614537,21.0028807164586,1.10762911581401,26.9162540911247,1.16,NA,2.3,NA,4.35,NA,NA,NA,NA,NA,NA,NA,NA,759173
"Islas Baleares",1996,"hombres",NA,7.7556303294985,80.1012225493971,9.75622240007255,38.6344096040566,39.1449383971583,1.75502643787368,48.2536091186478,NA,NA,NA,NA,NA,NA,NA,NA,NA,NA,NA,NA,NA,373663
"Islas Baleares",1996,"mujeres",NA,0.521922377124252,20.2729028322844,4.69755149734082,21.8002971541083,5.52995359564295,0.540952516764772,8.2393467767188,NA,NA,NA,NA,NA,NA,NA,NA,NA,NA,NA,NA,NA,385510
"Islas Baleares",1997,"total",NA,6.02514567287082,47.4752963263692,10.3377581071143,26.0156798538116,18.8795102413701,1.11568224034528,27.1816743691354,1.3,NA,2.47,NA,4.44,NA,NA,NA,NA,NA,NA,NA,7.06713780918728,771307
"Islas Baleares",1997,"hombres",NA,10.7164635096666,75.7864734947779,12.1604922855117,36.9931829424969,33.5106328530309,1.68570213698758,45.9687723273317,NA,NA,NA,NA,NA,NA,NA,NA,NA,NA,NA,NA,7.83898305084746,379909
"Islas Baleares",1997,"mujeres",NA,1.65586304736055,22.5088535980301,8.71270875933708,16.2437121993633,6.35372660254415,0.617649282291017,10.7671702009642,NA,NA,NA,NA,NA,NA,NA,NA,NA,NA,NA,NA,6.10079575596817,391398
"Islas Baleares",1998,"total",NA,5.45514988271508,49.7046895047045,10.2683494266325,24.5471992489341,19.3431646728925,1.11883254727188,27.2855042971382,1.35,NA,2.6,NA,4.4,NA,NA,NA,NA,NA,NA,NA,6.70157068062827,788481
"Islas Baleares",1998,"hombres",NA,10.1139665609212,81.9076057108445,12.3524355445515,33.9922472508698,34.7492832222748,1.71540738175812,46.947817702175,NA,NA,NA,NA,NA,NA,NA,NA,NA,NA,NA,NA,5.8,389011
"Islas Baleares",1998,"mujeres",NA,1.09897562184761,21.0906585394784,8.33330704077884,16.3568206383003,6.36900386042231,0.600381459881967,10.1980457317404,NA,NA,NA,NA,NA,NA,NA,NA,NA,NA,NA,NA,7.69230769230769,399470
"Islas Baleares",1999,"total",NA,170.367692046533,48.6768929923395,6.86534002604424,27.2338147647064,19.9833807562339,1.37694721783964,35.7926206784582,1.32,NA,2.72,NA,4.18,NA,NA,NA,NA,NA,NA,NA,8.04794520547945,810706
"Islas Baleares",1999,"hombres",NA,239.344516555303,86.0115675206638,9.12541792901657,34.6866325531116,36.3397097805514,2.12560097998531,60.4672533519013,NA,NA,NA,NA,NA,NA,NA,NA,NA,NA,NA,NA,8.45481049562682,400850
"Islas Baleares",1999,"mujeres",NA,108.49832869256,16.0635952195962,4.89931998966847,20.7711262204374,5.89207671056701,0.723927751680194,14.2699672559845,NA,NA,NA,NA,NA,NA,NA,NA,NA,NA,NA,NA,7.46887966804979,409856
"Islas Baleares",2000,"total",NA,168.453771864709,41.42306484786,7.73344156701889,27.1704380053788,14.3148072527865,1.25765865188552,31.8610281374365,1.35,NA,2.68,NA,3.99,NA,NA,NA,NA,NA,NA,NA,10.4498269896194,836212
"Islas Baleares",2000,"hombres",NA,237.290180860849,68.7448261254456,11.5432844338926,32.720624976149,27.2053464558701,1.9119828529906,53.4266838890875,NA,NA,NA,NA,NA,NA,NA,NA,NA,NA,NA,NA,9.37880633373934,414463
"Islas Baleares",2000,"mujeres",NA,106.739314855855,16.6453087237829,4.15909212465814,21.8471002732061,3.2463892463896,0.670351779334856,12.5041744361435,NA,NA,NA,NA,NA,NA,NA,NA,NA,NA,NA,NA,11.8589743589744,421749
"Islas Baleares",2001,"total",NA,165.369402422836,37.8577615854235,8.24362285112706,19.0649347395091,9.62774773713829,1.08580358027655,26.1969134566176,1.43,NA,2.83,NA,3.94,NA,NA,NA,NA,NA,NA,NA,10.0282485875706,861463
"Islas Baleares",2001,"hombres",NA,240.02360661193,64.2878004851997,7.43025006223908,23.2069524883993,17.3643486837209,1.52677027630499,40.7305894973805,NA,NA,NA,NA,NA,NA,NA,NA,NA,NA,NA,NA,11.4249037227214,427905
"Islas Baleares",2001,"mujeres",NA,98.2030929219999,14.3584188866384,8.74265749111397,15.3488891824814,2.8469653473571,0.687867254923228,13.0814612249056,NA,NA,NA,NA,NA,NA,NA,NA,NA,NA,NA,NA,8.32025117739404,433558
"Islas Baleares",2002,"total",NA,159.124172618907,37.0635196025415,5.1892267723134,24.2420681158293,11.0051111534251,1.06574970452729,25.5359643733275,1.46,NA,3.01,NA,3.78,19.9012933201014,NA,NA,NA,NA,NA,NA,13.1944444444444,889542
"Islas Baleares",2002,"hombres",NA,217.734476285937,55.8818321259076,5.53462489212015,30.8292898964136,19.4476213184455,1.49921581150447,39.8224309709109,NA,NA,NA,NA,NA,NA,NA,NA,NA,NA,NA,NA,13.7587238285145,442904
"Islas Baleares",2002,"mujeres",NA,106.090377144016,19.6390820084944,4.82857368373288,18.0150806283784,3.57552585673192,0.671061715950422,12.5275730031397,NA,NA,NA,NA,NA,NA,NA,NA,NA,NA,NA,NA,12.5431530494822,446638
"Islas Baleares",2003,"total",NA,158.693156102648,33.2435458595324,9.12388440588259,18.895139066608,13.2503844276567,1.12994102714105,27.6516250250252,1.6,NA,3.23,NA,3.6,19.5993517400703,NA,NA,NA,NA,NA,NA,12.0901639344262,919047
"Islas Baleares",2003,"hombres",NA,227.116954152393,51.2942184828145,12.1467794676149,23.4468906796057,22.1061765613347,1.63315403329223,44.2368566916543,NA,NA,NA,NA,NA,NA,NA,NA,NA,NA,NA,NA,11.5969581749049,458398
"Islas Baleares",2003,"mujeres",NA,96.2297175500268,16.8883996236391,6.18194724805002,14.7842307046404,5.21746605651154,0.667914389590849,12.4238413106637,NA,NA,NA,NA,NA,NA,NA,NA,NA,NA,NA,NA,12.6666666666667,460649
"Islas Baleares",2004,"total",NA,151.407538119844,33.476847250541,7.13644376252523,19.0315644478091,11.5452904145979,1.03901594183346,24.6548550971802,1.66,0.62,3.25,0.51,3.46,18.9799356450825,NA,NA,NA,NA,NA,NA,13.0434782608696,944886
"Islas Baleares",2004,"hombres",NA,211.538253186997,52.9962619122559,9.72845397000373,27.0012342192797,19.1961160514751,1.53650999558269,41.0515976959248,NA,NA,NA,NA,NA,NA,NA,NA,NA,NA,NA,NA,13.8067061143984,471728
"Islas Baleares",2004,"mujeres",NA,96.69319296259,15.0938282562016,4.8575080045096,11.8474974529129,4.80303342062956,0.589297814080891,9.8327435017212,NA,NA,NA,NA,NA,NA,NA,NA,NA,NA,NA,NA,12.221041445271,473158
"Islas Baleares",2005,"total",NA,145.176630136945,30.5966151243017,5.82669864945081,14.1518948842004,12.5193520258651,0.9467070932266,21.6124781706889,1.65,0.6,3.33,0.49,3.32,17.7581699404893,NA,NA,NA,NA,NA,NA,10.6288258208125,971779
"Islas Baleares",2005,"hombres",NA,203.502794793118,49.3015382084041,8.63398331529477,18.7856981168912,21.8838804239997,1.43836706986087,37.8169373440655,NA,NA,NA,NA,NA,NA,NA,NA,NA,NA,NA,NA,10.1372756071806,485742
"Islas Baleares",2005,"mujeres",NA,91.1364229262806,13.1387396780324,3.27029885681594,10.0589094365197,4.11504008784639,0.498198254135136,6.83022312176423,NA,NA,NA,NA,NA,NA,NA,NA,NA,NA,NA,NA,11.1764705882353,486037
"Islas Baleares",2006,"total",15.6314538971459,151.007564664473,26.3961132742762,4.99445997689742,14.6876980370331,8.72795212857852,0.853720546969098,18.5477652306242,1.76,0.59,3.43,0.47,3.19,17.7461354894257,NA,NA,NA,NA,NA,NA,11.9673088149445,998054
"Islas Baleares",2006,"hombres",14.5432713500597,212.156127394065,44.2071764177908,7.11579370852117,20.9397055711109,14.8271183163118,1.28838889929624,32.8738562365706,NA,NA,NA,NA,NA,NA,NA,NA,NA,NA,NA,NA,11.4649681528662,499311
"Islas Baleares",2006,"mujeres",16.6354992555243,94.0588671651092,9.50734039476527,3.08907775860098,8.83793717787761,3.15799804514119,0.450633502414619,5.26255214186615,NA,NA,NA,NA,NA,NA,NA,NA,NA,NA,NA,NA,12.5810635538262,498743
"Islas Baleares",2007,"total",15.8837587185792,149.775581964042,27.8304528224647,6.0262352969206,16.9819418723072,9.34368915809275,0.918571375535605,20.6851623217185,1.89,0.59,3.73,0.48,3.3,16.7327664524067,NA,NA,NA,NA,NA,NA,10.5583195135434,1028635
"Islas Baleares",2007,"hombres",14.7681762964335,200.051979775949,43.1553388323365,7.92517187978977,22.790029547846,17.0832065384637,1.33669283695426,34.4658898022294,NA,NA,NA,NA,NA,NA,NA,NA,NA,NA,NA,NA,11.983032873807,514929
"Islas Baleares",2007,"mujeres",16.9098510660064,102.491898850642,13.4613762969257,4.30461002098802,11.5856171189915,2.35169681486538,0.532756670540631,7.96922258145782,NA,NA,NA,NA,NA,NA,NA,NA,NA,NA,NA,NA,9.00692840646651,513706
"Islas Baleares",2008,"total",16.9478257427486,141.069658519027,25.6189431698095,6.5379807829098,13.7055770492341,8.34427398407167,0.853686211151412,18.5466335677223,1.86,0.64,3.72,0.53,3.24,15.6733053148887,NA,NA,NA,NA,NA,NA,12.7659574468085,1058668
"Islas Baleares",2008,"hombres",15.3073814517768,194.724238061057,42.6612970010662,8.92854017812423,17.5474599421291,14.1870727206687,1.2487751689695,31.5682403510165,NA,NA,NA,NA,NA,NA,NA,NA,NA,NA,NA,NA,12.9370629370629,530773
"Islas Baleares",2008,"mujeres",18.494275616678,90.3285387651623,9.3990450199813,4.30673793222018,10.1549865887172,2.98175578464856,0.483816262117714,6.35621178556897,NA,NA,NA,NA,NA,NA,NA,NA,NA,NA,NA,NA,12.5821596244131,527895
"Islas Baleares",2009,"total",17.7736267594962,147.510443437787,30.4084285363422,4.52205039667893,13.5652268487492,13.0744490505783,0.92059607613721,20.7518937617304,1.82,0.64,3.49,0.53,3.11,15.3491577473473,NA,NA,NA,NA,NA,NA,10.2528735632184,1074949
"Islas Baleares",2009,"hombres",15.5018157304683,196.495920347859,47.5300370174584,6.10245380836143,15.7637881013087,22.3362183497267,1.32888612798354,34.2085910534874,NA,NA,NA,NA,NA,NA,NA,NA,NA,NA,NA,NA,9.93031358885017,539513
"Islas Baleares",2009,"mujeres",19.9624679811912,101.215856752087,13.931414850894,3.06357701345997,11.5732762330892,4.5406065284349,0.53855490406672,8.16032464979052,NA,NA,NA,NA,NA,NA,NA,NA,NA,NA,NA,NA,10.6134371957157,535436
"Islas Baleares",2010,"total",18.1157141788743,144.964538177038,26.5236594599494,5.99490146841201,13.0657801367265,10.2255541795219,0.878140121692686,19.3526019479597,1.83507304183263,0.65,3.55533828488259,0.53,3.10721752189218,12.0388090637442,NA,NA,NA,NA,NA,NA,11.0952380952381,1080066
"Islas Baleares",2010,"hombres",15.9158382193564,194.870716537048,42.4120709684064,8.08175196968967,18.2444175775142,17.6353356576264,1.29171648992316,32.983529199639,NA,NA,NA,NA,NA,NA,NA,NA,NA,NA,NA,NA,9.63302752293578,540857
"Islas Baleares",2010,"mujeres",20.2255542924133,97.5367432965824,11.0859375009287,4.08783850355043,8.15055003289084,3.35705546206709,0.488172270789995,6.49978004014212,NA,NA,NA,NA,NA,NA,NA,NA,NA,NA,NA,NA,12.6732673267327,539209
"Islas Baleares",2011,"total",17.6391020515336,137.863598551561,22.8797633873273,4.32302175017742,12.8326910654626,8.93664574953386,0.777471108945635,16.0346851261535,1.83339618565722,0.64,3.47732007454408,0.52,3.01050427090694,16.1258255305263,NA,NA,NA,NA,NA,NA,11.0561797752809,1092508
"Islas Baleares",2011,"hombres",16.0279368631075,186.956030528591,37.0484704108933,5.80378445510986,20.3766105130447,13.9476759415048,1.14665265564758,28.2024180826754,NA,NA,NA,NA,NA,NA,NA,NA,NA,NA,NA,NA,11.7405582922824,546707
"Islas Baleares",2011,"mujeres",19.1080367674433,91.2491871841701,9.24331511688843,2.92490414321167,5.6960676909236,4.25263843378651,0.427628136355228,4.50432586192779,NA,NA,NA,NA,NA,NA,NA,NA,NA,NA,NA,NA,10.2284011916584,545801
"Islas Baleares",2012,"total",18.3133431296305,138.374654566807,23.2156899827687,4.64823661252994,12.8569141376279,9.60896973984079,0.800305186240312,16.7872659561334,1.8599437733803,0.64,3.4428552551841,0.52,2.99450036223795,14.3316012261939,NA,NA,NA,NA,122,109,10.7897153351699,1097345
"Islas Baleares",2012,"hombres",16.3948847529927,183.693440502692,40.5660297421394,7.97782425921677,15.3537641203171,16.5507982638849,1.2108041207866,30.3167650849958,NA,NA,NA,NA,NA,NA,NA,NA,NA,NA,NA,NA,11.046511627907,548545
"Islas Baleares",2012,"mujeres",19.9711294501178,95.0784161696668,6.50232652595669,1.49152823105736,10.4764074074999,3.12084880761624,0.410481526106162,3.93919638434683,NA,NA,NA,NA,NA,NA,NA,NA,NA,NA,NA,NA,10.4722792607803,548800
"Islas Baleares",2013,"total",18.3133431296305,129.353587651466,21.6002380851601,5.46956172775832,10.9601184808037,7.06247275403651,0.733115519543874,14.5727838697359,1.81271108602694,0.64,3.45286861304685,0.53,2.95587841444848,13.9660805886142,NA,NA,NA,NA,115,NA,12.0634920634921,1112736
"Islas Baleares",2013,"hombres",16.8946926297324,166.663568384418,32.5603112045884,8.0646355246689,11.7039433391773,10.8097629326228,1.00243367998763,23.449152382453,NA,NA,NA,NA,NA,NA,NA,NA,NA,NA,NA,NA,12.2412241224122,557541
"Islas Baleares",2013,"mujeres",19.39127373925,93.7979282001062,10.9649267091616,2.9767285643685,10.2305203897754,3.50129821467683,0.474860465671367,6.06104064132948,NA,NA,NA,NA,NA,NA,NA,NA,NA,NA,NA,NA,11.8829981718464,555195
"Islas Baleares",2014,"total",18.2832774770693,127.624028736111,21.0277501729521,5.3263036214095,11.1270128427408,10.1357933192606,0.777039102945185,16.0204467827258,1.87156444759396,0.627731006895616,3.59675952494214,0.504258391425157,2.99164712843823,13.9640821399962,NA,NA,NA,NA,114,NA,11.5384615384615,1120464
"Islas Baleares",2014,"hombres",17.0442782958443,173.98627410094,33.7779192486656,7.68083623386397,13.5894683492139,15.4983240571902,1.11175083728157,27.0521005509126,NA,NA,NA,NA,NA,NA,NA,NA,NA,NA,NA,NA,11.9005328596803,560642
"Islas Baleares",2014,"mujeres",19.0973663728142,83.3883560382967,8.74890022728055,3.08148381713218,8.64836761555018,5.09016874663124,0.457039493187304,5.47368508104012,NA,NA,NA,NA,NA,NA,NA,NA,NA,NA,NA,NA,11.1876075731497,559822
"Islas Baleares",2015,"total",18.6382088079533,124.502274850414,21.7470738682241,7.79526909380512,10.5733149564443,11.9778687743843,0.864028506901089,18.8875018856641,1.92699726713531,0.623891893502585,3.76632324316474,0.507494152177476,3.10480350118401,13.1897277557549,4.5136,1293305893,28653742000,"real",111,91,10.2423411065386,1129741
"Islas Baleares",2015,"hombres",17.0984433248008,161.591544858741,33.1032178545978,12.3027525966074,13.5012392338902,20.9705891288312,1.29465709154552,33.0804475196147,NA,NA,NA,NA,NA,NA,NA,NA,NA,NA,NA,NA,11.7443868739206,564877
"Islas Baleares",2015,"mujeres",20.0663988689942,89.4619538640046,10.85618548213,3.54254894687227,7.80445138808979,3.54781442550999,0.45752932613222,5.4898293236771,NA,NA,NA,NA,NA,NA,NA,NA,NA,NA,NA,NA,8.55199222546161,564864
"Islas Baleares",2016,"total",20.1300981173745,124.396095257175,20.297469951397,5.669177807301,8.81983678904017,8.79000145733265,0.730079581841335,14.4727233993057,1.95774832699121,0.613095091686412,3.83764160433889,0.503820792031657,3.08883348641911,13.4500844134716,4.5317,1370092639,30233284000,"real",77.6029160586745,49.28,8.28651685393258,1143287
"Islas Baleares",2016,"hombres",18.6448610966314,163.552600593561,36.2897682849486,7.87006491477646,11.4823460713705,13.5847901484995,1.05753598954952,25.2652512477032,NA,NA,NA,NA,NA,NA,NA,NA,NA,NA,NA,NA,7.40740740740741,571358
"Islas Baleares",2016,"mujeres",21.8051068263394,87.58956058817,4.9760130075744,3.60159989205513,6.34675802042974,4.28844046743488,0.421077879374123,4.28843810032464,NA,NA,NA,NA,NA,NA,NA,NA,NA,NA,NA,NA,9.14127423822715,571929
"Islas Baleares",2017,"total",19.9670529832391,127.137495159818,19.8835382235273,6.27633999974408,9.92590526844398,9.16055504556073,0.765570059746404,15.6424423668598,1.99423924825213,0.615277549981107,3.83474329243804,0.503820792031657,2.99870016021281,13.3190145328937,4.6407,1473247771,31746251000,"real",76.3839460959176,34.59,9.81,1160594
"Islas Baleares",2017,"hombres",18.3827523258397,165.993313728236,32.6195647991241,10.2510382012481,13.4365827798971,12.6803286667583,1.10601605666839,26.8630898062293,NA,NA,NA,NA,NA,NA,NA,NA,NA,NA,NA,NA,9.93,580306
"Islas Baleares",2017,"mujeres",21.741806883366,90.4981434481893,7.77216914151939,2.53926653032515,6.54293617476787,5.83567086818064,0.443444741644208,5.02562014425119,NA,NA,NA,NA,NA,NA,NA,NA,NA,NA,NA,NA,9.68,580288
"Islas Baleares",2018,"total",20.1971663203867,123.751208188338,18.8682933614747,6.47354301388027,9.42104420077527,7.5938864614824,0.72684295288003,14.3660484118034,1.99298333882926,0.615384070495566,3.98256713251767,0.502932592865441,3.00009858680909,13.043080708279,4.6837,1554338007,33185968000,"real",81.14,34.35,11.0566205974142,1175745
"Islas Baleares",2018,"hombres",18.5509802580972,164.306177278976,31.9609502416693,10.2341701079338,13.1955237265909,10.2996090313932,1.05574412312262,25.2061937125393,NA,NA,NA,NA,NA,NA,NA,NA,NA,NA,NA,NA,9.97464074387151,588024
"Islas Baleares",2018,"mujeres",22.053209417575,86.1023122778228,6.35666729521053,2.9097597471972,5.78806612046255,5.00397734791406,0.415076582087646,4.09064332042056,NA,NA,NA,NA,NA,NA,NA,NA,NA,NA,NA,NA,12.2641509433962,587721
"Islas Baleares",2019,"total",19.4191695581468,116.207898811055,16.0564707838239,4.48891487390053,8.8610646609028,8.38175687535965,0.654238814214263,11.9731125277773,2.00082971411591,0.616484857102972,3.91150940356577,0.502031972239973,2.87812300970866,13.153661403018,4.9689,1706834266,34350576000,"real",79.06,39.1,9.32539682539683,1198081
"Islas Baleares",2019,"hombres",19.4722577414498,146.449813759068,26.3389861660989,5.75255679632337,12.2865109173721,11.5891881273953,0.889408694765341,19.7239991349915,NA,NA,NA,NA,NA,NA,NA,NA,NA,NA,NA,NA,8.25242718446602,599442
"Islas Baleares",2019,"mujeres",19.5750194400543,88.0063911348926,6.26593002292932,3.28449645432443,5.58720520585714,5.36008625057231,0.431847805849877,4.64340055846762,NA,NA,NA,NA,NA,NA,NA,NA,NA,NA,NA,NA,10.446247464503,598639
"Islas Baleares",2020,"total",19.0890042187883,114.809667848997,13.7871953222397,5.6552529907252,8.42405345659001,7.4819723584783,0.649021853140606,11.8011684266815,2.03922084975765,0.60781418400729,4.01507607989006,0.5748656262437,2.81277516726055,12.558842349225,6.3948,1705436416,26669106000,"real",135.31,46.75,9.66810966810967,1215102
"Islas Baleares",2020,"hombres",18.986853778704,144.525829146698,24.2215374241427,9.57959771698923,9.99297702888536,11.0450632864563,0.939756119576554,21.3833833204258,NA,NA,NA,NA,NA,NA,NA,NA,NA,NA,NA,NA,10.1313320825516,607902
"Islas Baleares",2020,"mujeres",19.3795271634074,87.2173740742674,3.89076613170826,2.00550301713753,7.01717932911178,4.20939753950887,0.378856812905007,2.89688788194243,NA,NA,NA,NA,NA,NA,NA,NA,NA,NA,NA,NA,9.18065153010859,607200
"Islas Baleares",2021,"total",19.0713737763335,117.99000505029,15.2477401870691,4.28943512074979,7.86003705421455,7.37119836122173,0.621019786826761,10.8782575494139,2.10101951110703,0.60335085235009,4.09789012373217,0.558248461412777,2.69557030952725,12.7183861621206,5.7693,1760322500,30512146000,"real",133.96,51.21,10.1193106495802,1219379
"Islas Baleares",2021,"hombres",18.9622915127755,153.252097460319,25.2983057093075,4.8568612259569,9.61105440730366,11.2196110635887,0.841281096073992,18.1377774672336,NA,NA,NA,NA,NA,NA,NA,NA,NA,NA,NA,NA,10.4683195592287,609542
"Islas Baleares",2021,"mujeres",19.369700347135,84.7984629281951,5.66378733238133,3.75679401724345,6.31644122120662,3.91477637425489,0.416893630826465,4.15053083110587,NA,NA,NA,NA,NA,NA,NA,NA,NA,NA,NA,NA,9.79557069846678,609836
"Islas Baleares",2022,"total",18.4551892058317,117.205014294203,17.104287268206,4.95862205661038,9.71776502976403,8.04993256695607,0.676649563812315,12.7117410396859,2.14805599714999,0.615378457751517,4.10216209504843,0.580356919505496,2.72828268319542,12.974853716805,5.2113,1938048858,37189162000,"real",123.64,63.87,9.40737670949026,1199002
"Islas Baleares",2022,"hombres",18.1217930838313,154.645494115679,29.1575843234278,6.35030337803072,12.9562211111759,11.6552900362284,0.943598040811062,21.5100079365235,NA,NA,NA,NA,NA,NA,NA,NA,NA,NA,NA,NA,10.1970865467009,597181
"Islas Baleares",2022,"mujeres",18.8543534014283,82.7106255860644,5.71713796829371,3.64123560930868,6.73745594563158,4.73977528314842,0.428463759165234,4.53186687879434,NA,NA,NA,NA,NA,NA,NA,NA,NA,NA,NA,NA,8.6677367576244,601821
"Islas Baleares",2023,"total",19.4986167485612,114.312605349118,13.136074760327,4.63565406498784,6.75377609276736,9.31779772041125,0.633474494211776,11.2887481464286,2.3002459985304,0.637206958892742,4.30722701576668,0.658611843816787,2.70409972975386,12.5212071052812,5.2971,2198416178,41502526000,"real",124.84,91.3,9.69285999202234,1220739
"Islas Baleares",2023,"hombres",18.1312212421482,145.306822658474,23.1325963580121,5.90086414752354,8.90432982218726,14.3488599939985,0.887174758407065,19.6503715626163,NA,NA,NA,NA,NA,NA,NA,NA,NA,NA,NA,NA,9.55414012738854,607958
"Islas Baleares",2023,"mujeres",20.5850822706883,85.8332383210076,3.81336550482266,3.48310856644149,4.72814209851905,4.65855355047382,0.398743448796433,3.55232496186184,NA,NA,NA,NA,NA,NA,NA,NA,NA,NA,NA,NA,9.83213429256595,612781
"Islas Baleares",2024,"total",NA,108.427224181213,17.3606832101779,5.229531299544,8.39054071267386,8.27487039539186,0.659175977071992,12.1358348516648,2.34839723905958,0.679042292910203,4.38125381816304,0.721683574337029,2.77369117204391,NA,5.0832,2271828953,44692852000,"real",98.84,83.99,10.2263202011735,1239143
"Islas Baleares",2024,"hombres",NA,134.026880118142,29.1755991292461,7.01048702398936,11.5716292315077,11.6762211019599,0.90817064580958,20.3423680976036,NA,NA,NA,NA,NA,NA,NA,NA,NA,NA,NA,NA,11.0732538330494,618089
"Islas Baleares",2024,"mujeres",NA,84.8670241739712,6.28758529778108,3.59044022921982,5.48088268355576,5.16105416786925,0.429363439222103,4.56151913735408,NA,NA,NA,NA,NA,NA,NA,NA,NA,NA,NA,NA,9.40594059405941,621054
"Islas Baleares",2025,"total",NA,NA,NA,NA,NA,NA,NA,NA,NA,NA,NA,NA,NA,NA,5.0725,2392009631,47156552442.1196,"proyeccion",105,71,NA,1257667
"Islas Baleares",2025,"hombres",NA,NA,NA,NA,NA,NA,NA,NA,NA,NA,NA,NA,NA,NA,NA,NA,NA,NA,NA,NA,NA,626572
"Islas Baleares",2025,"mujeres",NA,NA,NA,NA,NA,NA,NA,NA,NA,NA,NA,NA,NA,NA,NA,NA,NA,NA,NA,NA,NA,631095
"La Rioja",1990,"total",NA,5.35435698686533,47.0457012367174,7.6935895268948,31.6358454239232,16.2653407837059,1.05494710122296,25.1799249303581,NA,NA,NA,NA,NA,NA,NA,NA,NA,NA,NA,NA,NA,263256
"La Rioja",1990,"hombres",NA,8.75439388060488,75.2133986817993,9.82412935105683,39.0674670180756,29.1642370057944,1.56537845786558,42.0030638324681,NA,NA,NA,NA,NA,NA,NA,NA,NA,NA,NA,NA,NA,130477
"La Rioja",1990,"mujeres",NA,1.88200222452663,20.8823341203097,5.99325239433867,25.0221730477022,5.44776573731097,0.610006067609783,10.5152600066399,NA,NA,NA,NA,NA,NA,NA,NA,NA,NA,NA,NA,NA,132779
"La Rioja",1991,"total",NA,7.81539636566554,33.5994121650269,8.08100213949662,28.0329234220039,16.4693799520946,0.962794451873172,22.1426961237149,NA,NA,NA,NA,NA,NA,NA,NA,NA,NA,NA,NA,NA,263638
"La Rioja",1991,"hombres",NA,16.3549294590273,54.9833517594406,6.62391738119918,35.7117333740314,28.4763898972856,1.34096471159917,34.6066851111156,NA,NA,NA,NA,NA,NA,NA,NA,NA,NA,NA,NA,NA,130613
"La Rioja",1991,"mujeres",NA,0,13.9272460514083,9.35076618171244,20.8913716042539,6.01613868379167,0.622525274518751,10.9278764222127,NA,NA,NA,NA,NA,NA,NA,NA,NA,NA,NA,NA,NA,133025
"La Rioja",1992,"total",NA,4.87376576683253,46.8778348983228,7.56078535971783,33.345766540005,14.1474125118906,1.0302870503458,24.3671624387112,NA,NA,NA,NA,NA,NA,NA,NA,NA,NA,NA,NA,NA,263596
"La Rioja",1992,"hombres",NA,10.0693864807604,77.4120416472688,7.50727230192868,46.2997948209622,25.5424762189673,1.52997065926463,40.8360698648566,NA,NA,NA,NA,NA,NA,NA,NA,NA,NA,NA,NA,NA,130618
"La Rioja",1992,"mujeres",NA,0,18.6668254268173,7.48109612456595,21.8330453596299,4.0448825570203,0.576901624041928,9.42418155863422,NA,NA,NA,NA,NA,NA,NA,NA,NA,NA,NA,NA,NA,132978
"La Rioja",1993,"total",NA,5.62129614929478,36.6588847872487,5.29111553310151,26.3665020644302,12.4034818305504,0.818989438048282,17.4030740552184,NA,NA,NA,NA,NA,NA,NA,NA,NA,NA,NA,NA,NA,263265
"La Rioja",1993,"hombres",NA,10.674079176469,55.4043215112889,3.82669963288104,36.1838998383703,15.4965062465243,1.04446765647063,24.8345363636269,NA,NA,NA,NA,NA,NA,NA,NA,NA,NA,NA,NA,NA,130471
"La Rioja",1993,"mujeres",NA,0.818487337182406,19.1286856271406,6.74873646669855,17.2098369555271,9.59087062679617,0.611826551249944,10.5752607271068,NA,NA,NA,NA,NA,NA,NA,NA,NA,NA,NA,NA,NA,132794
"La Rioja",1994,"total",NA,3.44385364401642,32.7569737623206,5.39467770584341,28.4153153925884,13.0524852049571,0.82680668073984,17.6607199813946,NA,NA,NA,NA,NA,NA,NA,NA,NA,NA,NA,NA,NA,263192
"La Rioja",1994,"hombres",NA,6.27461732711124,58.4416429414399,3.86797311765284,38.7609624643799,22.2338198750731,1.19418676321455,29.7690790720137,NA,NA,NA,NA,NA,NA,NA,NA,NA,NA,NA,NA,NA,130410
"La Rioja",1994,"mujeres",NA,0.788420934783397,8.68095742324168,6.81468246066311,18.7593936762418,4.71707018795161,0.487178398542847,6.46702333221823,NA,NA,NA,NA,NA,NA,NA,NA,NA,NA,NA,NA,NA,132782
"La Rioja",1995,"total",NA,8.38127776084915,33.1309769235714,5.08502980442494,28.5831249448979,10.9023841382957,0.795350652953038,16.6239711259819,NA,NA,NA,NA,NA,NA,NA,NA,NA,NA,NA,NA,NA,263334
"La Rioja",1995,"hombres",NA,16.0405238564046,53.53572933806,9.02710432781587,33.6896467866152,21.7478991447321,1.2589962928683,31.9051150058502,NA,NA,NA,NA,NA,NA,NA,NA,NA,NA,NA,NA,NA,130460
"La Rioja",1995,"mujeres",NA,1.08488109703177,14.5765458674095,1.54359750835297,24.3123439837617,1.57673245087777,0.387007049183689,3.165508834039,NA,NA,NA,NA,NA,NA,NA,NA,NA,NA,NA,NA,NA,132874
"La Rioja",1996,"total",NA,3.68010237845187,35.1309135597558,8.78731350065607,29.4867884859621,11.149101768482,0.904919218012361,20.2352053601445,1.13,NA,2.14,NA,3.63,NA,NA,NA,NA,NA,NA,NA,NA,263522
"La Rioja",1996,"hombres",NA,5.32032905819836,61.8923322322887,8.15218698012595,42.2854327734747,20.319159746495,1.3225182015599,33.9987126646519,NA,NA,NA,NA,NA,NA,NA,NA,NA,NA,NA,NA,NA,130554
"La Rioja",1996,"mujeres",NA,2.13897762365527,10.2734771273862,9.06599450474786,18.1023986557953,3.27742414025304,0.525005538410198,7.71375557148299,NA,NA,NA,NA,NA,NA,NA,NA,NA,NA,NA,NA,NA,132968
"La Rioja",1997,"total",NA,4.48881854604582,36.667312688491,4.65480543440155,20.8446108109978,10.2964300502442,0.710807866889827,13.8375532960354,1.2,NA,2.46,NA,3.77,NA,NA,NA,NA,NA,NA,NA,4.25531914893617,263915
"La Rioja",1997,"hombres",NA,8.3418253709094,56.8751477442521,6.15630091130309,27.5495453267162,18.4160386378108,1.07306241225696,25.7769814979335,NA,NA,NA,NA,NA,NA,NA,NA,NA,NA,NA,NA,9.52380952380952,130748
"La Rioja",1997,"mujeres",NA,0.854890830440953,17.9751394207904,3.07848674080335,14.2864917149036,3.25150201868208,0.375281744148284,2.7790583687351,NA,NA,NA,NA,NA,NA,NA,NA,NA,NA,NA,NA,NA,133167
"La Rioja",1998,"total",NA,4.40823433179274,33.9213601891158,8.81949549197447,23.0717854505974,7.81076728856756,0.780785549101561,16.1439246671814,1.22,NA,2.46,NA,3.74,NA,NA,NA,NA,NA,NA,NA,1.85185185185185,264746
"La Rioja",1998,"hombres",NA,7.37246405653698,61.4615143873583,4.42311604461344,34.6770622929785,12.3310795514038,1.01846027890217,23.9773677754906,NA,NA,NA,NA,NA,NA,NA,NA,NA,NA,NA,NA,3.7037037037037,131176
"La Rioja",1998,"mujeres",NA,1.48059970210334,8.20285008899041,12.9821037512215,12.1900376696452,3.86809512913371,0.564303764411621,9.00897285393404,NA,NA,NA,NA,NA,NA,NA,NA,NA,NA,NA,NA,NA,133570
"La Rioja",1999,"total",NA,148.912374216666,29.382110374397,6.04203924869898,26.3796469870267,8.19742655197835,0.998212056933081,23.3100132991762,1.25,NA,2.46,NA,3.32,NA,NA,NA,NA,NA,NA,NA,4.47761194029851,266645
"La Rioja",1999,"hombres",NA,217.013087211034,45.9404725439119,4.47617197699253,33.3928688832094,16.767406696148,1.39475394243044,36.3795066471281,NA,NA,NA,NA,NA,NA,NA,NA,NA,NA,NA,NA,2.63157894736842,132224
"La Rioja",1999,"mujeres",NA,85.2580059374071,13.7664931891565,7.58428154033174,20.1158233895032,0.742400418119916,0.641112243136141,11.5404781966732,NA,NA,NA,NA,NA,NA,NA,NA,NA,NA,NA,NA,6.89655172413793,134421
"La Rioja",2000,"total",NA,148.33092998194,38.0060314755139,6.21999737727659,22.9557510659501,6.54095753696857,0.988046057151091,22.9749554619459,1.23,NA,2.41,NA,3.18,NA,NA,NA,NA,NA,NA,NA,6.06060606060606,269505
"La Rioja",2000,"hombres",NA,212.38040587001,59.7230139856051,5.90442453128361,28.7783359477482,11.2349149788636,1.35976893850129,35.2264474297982,NA,NA,NA,NA,NA,NA,NA,NA,NA,NA,NA,NA,6.45161290322581,133857
"La Rioja",2000,"mujeres",NA,88.1192463972013,17.6331973695023,6.6829655575075,17.5531262222293,2.44933985983222,0.64924315324915,11.8084621840431,NA,NA,NA,NA,NA,NA,NA,NA,NA,NA,NA,NA,5.71428571428571,135648
"La Rioja",2001,"total",NA,140.285566584569,33.4635217005996,6.63637228580239,20.5393671284074,7.29523791015327,0.947297903912468,21.6319505054189,1.38,NA,2.73,NA,3.22,NA,NA,NA,NA,NA,NA,NA,2.77777777777778,273884
"La Rioja",2001,"hombres",NA,198.136096081138,55.8601460868893,8.09787475177806,29.8606865717227,11.793437347478,1.38713107299939,36.1282670052008,NA,NA,NA,NA,NA,NA,NA,NA,NA,NA,NA,NA,2.7027027027027,136339
"La Rioja",2001,"mujeres",NA,84.9291139382906,12.5546749333984,5.18006090295247,11.7625585070345,3.3796633099769,0.535889781266517,8.07248574554703,NA,NA,NA,NA,NA,NA,NA,NA,NA,NA,NA,NA,2.85714285714286,137545
"La Rioja",2002,"total",NA,154.033343082095,31.4003667994857,8.78402429245713,19.0573091027066,8.73583969602213,1.02672589900782,24.2497916251228,1.4,NA,2.88,NA,3.18,22.0728067527459,NA,NA,NA,NA,NA,NA,2.63157894736842,279359
"La Rioja",2002,"hombres",NA,219.614539993911,52.4667569424743,8.14537686646463,27.8037086035098,15.4989429548967,1.4533484545211,38.310703864882,NA,NA,NA,NA,NA,NA,NA,NA,NA,NA,NA,NA,NA,139329
"La Rioja",2002,"mujeres",NA,91.6221580868838,11.641762448579,9.18353998671843,11.4068904197293,2.18614276969715,0.621672631615614,10.8997744457046,NA,NA,NA,NA,NA,NA,NA,NA,NA,NA,NA,NA,5.40540540540541,140030
"La Rioja",2003,"total",NA,160.151534565924,34.4910585514002,7.19227330077487,18.1524986015136,8.12666162154975,0.995813130277485,23.2309478659541,1.44,NA,2.88,NA,3.14,22.3108908919454,NA,NA,NA,NA,NA,NA,2.94117647058824,285227
"La Rioja",2003,"hombres",NA,226.063411681896,57.2799696178587,10.5265043873757,24.293459864072,15.3011560644254,1.51545180174897,40.3575476238008,NA,NA,NA,NA,NA,NA,NA,NA,NA,NA,NA,NA,NA,142373
"La Rioja",2003,"mujeres",NA,97.4326428395306,12.7463270945128,4.15423966938631,12.5635418080291,1.53872887317486,0.51100720669804,7.25238916887711,NA,NA,NA,NA,NA,NA,NA,NA,NA,NA,NA,NA,5.12820512820513,142854
"La Rioja",2004,"total",NA,143.202580916212,30.4719576561632,4.52834543495101,18.634471550658,5.19235194212984,0.827982382601255,17.6994695516643,1.54,0.77,2.96,0.65,3.36,21.0190354957492,NA,NA,NA,NA,NA,NA,3.76940133037694,291351
"La Rioja",2004,"hombres",NA,189.881856588572,48.0215855740315,3.12310949629596,22.3986666224067,6.31341737357413,1.03464976024819,24.5109515569195,NA,NA,NA,NA,NA,NA,NA,NA,NA,NA,NA,NA,4.78087649402391,145653
"La Rioja",2004,"mujeres",NA,97.9515302854154,13.362099153105,5.76958572593747,15.3788190976538,4.17710495845266,0.629075333715648,11.1437576651113,NA,NA,NA,NA,NA,NA,NA,NA,NA,NA,NA,NA,2.5,145698
"La Rioja",2005,"total",NA,135.803072835086,24.7884442862436,5.04035726749651,15.688439668942,10.3228100159567,0.854007760660441,18.5572314120434,1.5,0.76,3.01,0.64,3.15,19.6198871614381,NA,NA,NA,NA,NA,NA,4,297566
"La Rioja",2005,"hombres",NA,185.324175754543,44.501719450034,7.73850124898314,20.2244724476382,19.8864952524061,1.33422142933247,34.3844354927239,NA,NA,NA,NA,NA,NA,NA,NA,NA,NA,NA,NA,4.8689138576779,149173
"La Rioja",2005,"mujeres",NA,88.9961276201594,5.71764249807511,2.50058021789735,11.6123935902593,1.63477935209649,0.405997854519997,3.79142052985853,NA,NA,NA,NA,NA,NA,NA,NA,NA,NA,NA,NA,2.88461538461538,148393
"La Rioja",2006,"total",17.1594803110187,141.447175331268,28.1196953297708,3.39228266312696,19.3374984164935,7.04560952086755,0.821063947273671,17.4714471212502,1.54,0.76,3,0.63,3.13,15.9456443189451,NA,NA,NA,NA,NA,NA,7.90598290598291,303278
"La Rioja",2006,"hombres",15.2900811331771,206.644888583276,46.5023845937989,4.50315328799612,25.3416425111504,11.2641244211924,1.2063741341242,30.1707586142212,NA,NA,NA,NA,NA,NA,NA,NA,NA,NA,NA,NA,6.85483870967742,152353
"La Rioja",2006,"mujeres",18.8761876279114,78.8625281425033,10.6907856617506,2.28453030110914,14.044246391513,3.16548288261099,0.45883270111345,5.53278683023585,NA,NA,NA,NA,NA,NA,NA,NA,NA,NA,NA,NA,9.09090909090909,150925
"La Rioja",2007,"total",17.0035203070764,142.159176780054,27.1700558501354,3.89223552094187,20.8431012856242,6.85401564911923,0.841292143813695,18.1381415860463,1.67,0.78,3.12,0.73,3.06,13.8554999801312,NA,NA,NA,NA,NA,NA,8.56269113149847,309360
"La Rioja",2007,"hombres",15.2426594230815,214.55870264473,46.033938131629,5.1526557997093,26.8838397966974,13.2328018792691,1.28398715741243,32.7287806761472,NA,NA,NA,NA,NA,NA,NA,NA,NA,NA,NA,NA,6.80628272251309,155755
"La Rioja",2007,"mujeres",18.6531872479434,73.4454558154549,9.08479247920097,2.64916302605915,15.0794542443499,0.962719981515776,0.42140701035965,4.29928582003159,NA,NA,NA,NA,NA,NA,NA,NA,NA,NA,NA,NA,11.0294117647059,153605
"La Rioja",2008,"total",17.3240275879923,140.885115290803,24.1199046051481,5.42086573042133,19.1599152747458,7.4644886629428,0.854776322563687,18.5825621905799,1.76,0.83,3.44,0.65,3,17.6982479480917,NA,NA,NA,NA,NA,NA,9.35412026726058,313772
"La Rioja",2008,"hombres",15.5950096633301,198.488665567807,40.3416142398957,7.06926668898454,22.7007274255372,13.5377557942533,1.23487719950042,31.1101817545119,NA,NA,NA,NA,NA,NA,NA,NA,NA,NA,NA,NA,7.14285714285714,157673
"La Rioja",2008,"mujeres",18.840812184334,86.9736806391171,8.58806036519559,3.78536562233013,15.6878745037833,1.60659605817713,0.490213028371435,6.5670406968618,NA,NA,NA,NA,NA,NA,NA,NA,NA,NA,NA,NA,12.1827411167513,156099
"La Rioja",2009,"total",17.7238697693449,135.69381054723,23.966087372906,4.668294391419,14.0388764389863,5.92611207645108,0.748630003218223,15.0841206253084,1.71,0.83,3.03,0.65,2.81,19.0882935011287,NA,NA,NA,NA,NA,NA,9.09090909090909,316337
"La Rioja",2009,"hombres",16.0363200793979,187.918063705597,39.470510577146,7.10264620282643,21.2860103748306,9.15519908802525,1.12221129979185,27.3968634881822,NA,NA,NA,NA,NA,NA,NA,NA,NA,NA,NA,NA,8.86699507389163,158766
"La Rioja",2009,"mujeres",19.0935940657258,86.0788736912272,8.9109753678875,2.45424796198018,7.06173460543173,3.07294397385466,0.397174161231331,3.50060333006651,NA,NA,NA,NA,NA,NA,NA,NA,NA,NA,NA,NA,9.35672514619883,157571
"La Rioja",2010,"total",17.6681729666444,132.822285556386,23.2137702340831,4.52216934060441,8.90517470571912,6.19331046530532,0.689677647138305,13.1411293454182,1.62988568560045,0.88,2.9801808442363,0.73,2.96747218391973,19.0908771130274,NA,NA,NA,NA,NA,NA,8.52713178294574,314746
"La Rioja",2010,"hombres",16.2204472233505,186.557473310086,39.2315218205475,8.36492308111003,10.9419354390885,10.0493792270548,1.06468261167772,25.5007944116936,NA,NA,NA,NA,NA,NA,NA,NA,NA,NA,NA,NA,8.84955752212389,156717
"La Rioja",2010,"mujeres",18.8020664874957,81.2811634170095,7.60313445156393,0.82029805156841,6.73154411296851,2.37004952995814,0.323924510202558,1.08639221675722,NA,NA,NA,NA,NA,NA,NA,NA,NA,NA,NA,NA,8.07453416149068,158029
"La Rioja",2011,"total",18.9859351899274,135.198261222909,24.4500509422197,2.05903933219392,15.7866599107774,5.42471112569645,0.692433538151362,13.231959849282,1.65006475544825,0.83,3.08267911676766,0.72,2.9771517196169,17.7996776004848,NA,NA,NA,NA,NA,NA,8.93371757925072,312715
"La Rioja",2011,"hombres",17.8026729506647,187.604026131519,43.3362144692506,0.772061661991404,17.8889967757351,11.0856478579225,0.981658374194816,22.7644259240607,NA,NA,NA,NA,NA,NA,NA,NA,NA,NA,NA,NA,9.90566037735849,154958
"La Rioja",2011,"mujeres",20.006988769323,84.1581631301344,5.84651889666135,3.22692308949401,13.8407851489307,0,0.409903647239704,3.92015026519193,NA,NA,NA,NA,NA,NA,NA,NA,NA,NA,NA,NA,7.40740740740741,157757
"La Rioja",2012,"total",17.979487156236,147.7332668715,23.6878985894078,1.04163758219153,12.8105468438845,6.98948448934811,0.68371144911028,12.9444913904086,1.70106782125308,0.83,2.9913117158639,0.69,2.9495874108143,17.0256047801377,NA,NA,NA,NA,58,28,8.1570996978852,311569
"La Rioja",2012,"hombres",16.5980320168949,207.77726602723,42.7565661635878,1.45860901187222,12.4373689245665,11.7101970710461,0.991663274929326,23.0941741508655,NA,NA,NA,NA,NA,NA,NA,NA,NA,NA,NA,NA,7.93650793650794,153919
"La Rioja",2012,"mujeres",19.170992307488,90.4920958642744,5.0436246373871,0.639692947385255,13.2104225932577,2.58522501538522,0.389494115588578,3.24747923621692,NA,NA,NA,NA,NA,NA,NA,NA,NA,NA,NA,NA,8.45070422535211,157650
"La Rioja",2013,"total",18.3760174951418,115.913538121675,20.9484114740222,3.82132166930448,9.71622981797826,6.16977754039241,0.634577170136927,11.3250908789262,1.64841931745335,0.83,2.99999684210859,0.68,3.12631249861842,16.2355747294964,NA,NA,NA,NA,45,34,10.079575596817,316830
"La Rioja",2013,"hombres",16.9995687815404,153.626701237211,35.2851978149428,6.76043293959372,14.9075772450314,9.46077130974752,0.967909168936092,22.3112703981491,NA,NA,NA,NA,NA,NA,NA,NA,NA,NA,NA,NA,10.2564102564103,157378
"La Rioja",2013,"mujeres",19.5688498617504,79.7030135576984,6.69809200614473,0.86201843340218,4.76859665322168,3.09149221976219,0.310076791904819,0.629989832051745,NA,NA,NA,NA,NA,NA,NA,NA,NA,NA,NA,NA,9.89010989010989,159452
"La Rioja",2014,"total",18.471581614692,122.101002742655,25.7025786086883,3.53372247345612,8.70751940701148,6.35022290847221,0.658750750324739,12.1218199434096,1.68097725905197,0.828527123785821,3.1390976845175,0.699573485842502,3.19640372743973,16.6358048476994,NA,NA,NA,NA,41,28,6.45161290322581,314083
"La Rioja",2014,"hombres",17.2219773287035,172.587536417301,38.7068401746815,6.37534303215928,12.9646392015571,9.36052524635022,0.992528981398288,23.1227066851354,NA,NA,NA,NA,NA,NA,NA,NA,NA,NA,NA,NA,6.93069306930693,155476
"La Rioja",2014,"mujeres",19.5934578441567,73.2894533476558,12.8215067142452,0.799317063500945,4.53059170552156,3.72695748943787,0.338958764362051,1.58190124597986,NA,NA,NA,NA,NA,NA,NA,NA,NA,NA,NA,NA,5.88235294117647,158607
"La Rioja",2015,"total",18.7844729649464,125.578118920337,23.5826395303144,1.52712888296978,9.11781069404474,7.51975046865016,0.626373343563628,11.0547036619667,1.71454710046414,0.839671080569818,3.24676363240878,0.778545599608797,3.20517946765872,16.3125548900493,4.9422,397009501,8033065000,"real",45,26,10.1876675603217,312844
"La Rioja",2015,"hombres",17.3411488418001,171.226252968475,39.0338637612802,2.32178283876906,11.6215119106534,12.3332831301647,0.926093417569015,20.9330788266682,NA,NA,NA,NA,NA,NA,NA,NA,NA,NA,NA,NA,10.5263157894737,154568
"La Rioja",2015,"mujeres",20.1055618853557,81.0071244078476,8.55506017197107,0.764506121400514,6.55007142605994,2.93351730591622,0.335130636673957,1.45573124683361,NA,NA,NA,NA,NA,NA,NA,NA,NA,NA,NA,NA,9.75609756097561,158276
"La Rioja",2016,"total",19.7990187607246,133.344207099306,17.8485673364984,3.97281214080491,10.8431177920058,3.34115305909042,0.61702707631471,10.7466631192011,1.77839189872122,0.839085300575786,3.19854658043385,0.84421213336611,3.23692913939906,16.5789960676264,5.0404,406963277,8074094000,"real",49,32,12.7551020408163,312637
"La Rioja",2016,"hombres",18.0843696748667,178.948770531719,26.2724926491408,5.73898101266815,11.0373198041116,2.92736497579581,0.790501901845408,16.4641627358353,NA,NA,NA,NA,NA,NA,NA,NA,NA,NA,NA,NA,11.0769230769231,154371
"La Rioja",2016,"mujeres",21.4206559452516,89.1187977651369,9.43845373397678,2.20145807661015,10.7212955901125,3.68900121379829,0.445700060574571,5.09995245777442,NA,NA,NA,NA,NA,NA,NA,NA,NA,NA,NA,NA,14.828897338403,158266
"La Rioja",2017,"total",19.8766061695521,125.832525757129,13.7646040409287,3.92227389168242,12.7632581582708,6.04138408986509,0.643498677821795,11.6191319111738,1.80872927964555,0.84421213336611,3.32293980933112,0.84421213336611,3.24931012184113,16.4434877749988,4.8878,408215639,8351707000,"real",55,51,14.27,312424
"La Rioja",2017,"hombres",18.4351105381515,159.813499946258,24.2083615747539,6.62295283871718,15.686564717481,10.1659223011099,0.934020794574754,21.1943546334175,NA,NA,NA,NA,NA,NA,NA,NA,NA,NA,NA,NA,13.38,154220
"La Rioja",2017,"mujeres",21.2600588530975,92.7550372915402,3.57070800664289,1.34416937480948,9.85993907461347,2.05334968215617,0.361733113018866,2.33251349946439,NA,NA,NA,NA,NA,NA,NA,NA,NA,NA,NA,NA,15.34,158204
"La Rioja",2018,"total",19.3905558549137,126.239150161657,20.3979309426942,5.40277869631667,11.7348187269613,5.24007201024859,0.695270643123656,13.3254670572692,1.82908890906998,0.840447505972026,3.32561619830905,0.937422218199568,3.19131246722349,16.1926632796422,4.9135,425013914,8649852000,"real",43,44,8.08435852372583,312682
"La Rioja",2018,"hombres",17.6496961346406,168.482956388207,33.725130600535,7.95639855279957,16.6097201212723,6.9808384598481,0.992227992263829,23.1127864834253,NA,NA,NA,NA,NA,NA,NA,NA,NA,NA,NA,NA,8.07453416149068,154254
"La Rioja",2018,"mujeres",21.07155887843,85.9918486661652,7.42194617372482,2.98810051557072,6.95829709206325,3.55637174211063,0.409539684296176,3.90815453045797,NA,NA,NA,NA,NA,NA,NA,NA,NA,NA,NA,NA,8.09716599190283,158428
"La Rioja",2019,"total",19.6084058436876,122.516759006701,18.180709828658,3.1031605290965,13.1246928090201,5.55827139451768,0.636249929541385,11.380222804982,1.85090366714264,0.827912857358316,3.33925919329858,0.930599723387255,3.23749129407425,15.6321514679782,4.8986,435489541,8889997000,"real",53,47,8.64661654135338,314441
"La Rioja",2019,"hombres",18.6649570774374,154.565496972863,28.6177161255586,4.21579559267472,14.2012312291328,7.96215434717512,0.83522254959555,17.9380958300745,NA,NA,NA,NA,NA,NA,NA,NA,NA,NA,NA,NA,8.85245901639344,154936
"La Rioja",2019,"mujeres",20.2130502075552,91.8092322114654,8.11173556088653,2.00048579561065,12.1412124176365,3.29404531361796,0.445423297829101,5.09083072563672,NA,NA,NA,NA,NA,NA,NA,NA,NA,NA,NA,NA,8.37004405286344,159505
"La Rioja",2020,"total",18.3364130164753,123.614273461518,25.2565145905413,4.53976881627608,12.2662651720243,4.21486378193446,0.683097931112568,12.9242706528694,1.85043429851143,0.811511968204066,3.71668427478791,0.913749696481744,3.30547665289648,14.9289305808889,5.5459,454040465,8186915000,"real",75,40,9.58904109589041,316125
"La Rioja",2020,"hombres",17.3546076506367,151.191169150019,42.5584467482736,7.8552022156193,15.0192019688973,5.07527612925163,0.958019756086484,21.9853284984908,NA,NA,NA,NA,NA,NA,NA,NA,NA,NA,NA,NA,8.37004405286344,155750
"La Rioja",2020,"mujeres",19.0647695120781,97.1384609910651,8.17835848403944,1.37259692593192,9.57485953796462,3.39618305267867,0.416606181119934,4.14105687093983,NA,NA,NA,NA,NA,NA,NA,NA,NA,NA,NA,NA,10.9004739336493,160375
"La Rioja",2021,"total",19.0955183657317,116.103127299479,25.6500483055845,4.29882552329897,8.47545480274393,4.27181270158901,0.628832405858648,11.1357510859145,1.96000202649644,0.815668481741452,3.77434962129848,0.971792527074777,3.24556070623401,15.1966181477596,6.0561,529044979,8735750000,"real",95,59,9.57683741648107,315798
"La Rioja",2021,"hombres",18.1591338027794,159.246304945099,43.8478205374204,6.17727744679083,9.38835987130579,4.8368607267381,0.878716557280694,19.3716004985757,NA,NA,NA,NA,NA,NA,NA,NA,NA,NA,NA,NA,9.6234309623431,155526
"La Rioja",2021,"mujeres",19.741312911425,74.6148004794117,7.77836684134189,2.53692394039514,7.64408879004737,3.75665087945654,0.388527935058555,3.21563521047366,NA,NA,NA,NA,NA,NA,NA,NA,NA,NA,NA,NA,9.52380952380952,160272
"La Rioja",2022,"total",19.0406824708084,118.583083186789,21.737845867154,6.58083841899625,13.5441177940356,5.37773165971962,0.738223192859705,14.7411259916306,2.07695464158328,0.823811968086792,3.85404501120545,0.915698687604165,3.23537767115937,15.2246293549597,5.3687,524388258,9767469000,"real",111,66,10.0189035916824,320985
"La Rioja",2022,"hombres",18.221253569435,151.061757576701,37.9060112003051,7.90928967611749,17.2068812118206,8.89975741481442,1.01980402513093,24.0216558646948,NA,NA,NA,NA,NA,NA,NA,NA,NA,NA,NA,NA,10.1398601398601,158457
"La Rioja",2022,"mujeres",19.5808690209481,87.3207759981652,5.7968199564041,5.22724274080598,9.93219796644592,2.00179717922095,0.462568528055722,5.65591471951261,NA,NA,NA,NA,NA,NA,NA,NA,NA,NA,NA,NA,9.87654320987654,162528
"La Rioja",2023,"total",19.2809825893418,111.131033098473,15.1893685503532,5.52974446406467,12.7275826624176,3.93823629334166,0.628235269566667,11.1160702676169,2.06570040540917,0.816893738086966,3.77268636916045,1.03285415160421,3.1975063161573,14.6152595053223,5.2185,546720797,10476650000,"real",106,54,11.8446601941748,323377
"La Rioja",2023,"hombres",17.6983976814369,142.900394643434,26.4484195785717,9.29512755879797,15.9349370775975,4.85983142400137,0.894365041607376,19.8873537374967,NA,NA,NA,NA,NA,NA,NA,NA,NA,NA,NA,NA,11.8320610687023,159556
"La Rioja",2023,"mujeres",20.5371476946832,80.3350999733337,4.31701841743107,1.91766056596785,9.53441248135967,3.08628988064466,0.37134380693183,2.64926919352468,NA,NA,NA,NA,NA,NA,NA,NA,NA,NA,NA,NA,11.8577075098814,163821
"La Rioja",2024,"total",NA,104.692740650225,18.66016587711,3.13694130910038,6.11647419459897,7.74135986468394,0.574710349793262,9.351960072673,2.13720551921794,0.794686423540034,4.0253266541817,0.754488277602212,3.19197025747945,NA,5.3303,592298603,11111889000,"real",64,79,8.207343412527,325191
"La Rioja",2024,"hombres",NA,132.309478104392,32.9502538082012,3.85151789222065,8.01324886696619,12.4170233232312,0.823370977091527,17.5474837568762,NA,NA,NA,NA,NA,NA,NA,NA,NA,NA,NA,NA,9.72762645914397,160567
"La Rioja",2024,"mujeres",NA,78.3931529273615,4.85754760879087,2.47253489438489,4.36095193866356,3.19170615929618,0.33607832999836,1.48696595885816,NA,NA,NA,NA,NA,NA,NA,NA,NA,NA,NA,NA,6.31067961165049,164624
"La Rioja",2025,"total",NA,NA,NA,NA,NA,NA,NA,NA,NA,NA,NA,NA,NA,NA,5.5675,640739777,11508568881.8379,"proyeccion",78,32,NA,328231
"La Rioja",2025,"hombres",NA,NA,NA,NA,NA,NA,NA,NA,NA,NA,NA,NA,NA,NA,NA,NA,NA,NA,NA,NA,NA,161888
"La Rioja",2025,"mujeres",NA,NA,NA,NA,NA,NA,NA,NA,NA,NA,NA,NA,NA,NA,NA,NA,NA,NA,NA,NA,NA,166343
"Media Estatal",1990,"total",NA,5.28806520895938,54.3448816577627,11.9805316322077,38.8682821825319,19.4012778102153,1.3288607856449,34.207755803698,NA,NA,NA,NA,NA,NA,NA,NA,NA,NA,NA,NA,NA,38851322
"Media Estatal",1990,"hombres",NA,9.96194710068718,87.321177025647,11.8785772852106,48.7364530312573,34.7339469488876,1.87696814955324,52.2726458154524,NA,NA,NA,NA,NA,NA,NA,NA,NA,NA,NA,NA,NA,19031743
"Media Estatal",1990,"mujeres",NA,1.13439015599113,26.1964159155914,11.9519657019422,30.5467006627254,7.18553054317534,0.873613218586152,19.2034012400359,NA,NA,NA,NA,NA,NA,NA,NA,NA,NA,NA,NA,NA,19819579
"Media Estatal",1991,"total",NA,5.81796839315599,54.893744709258,11.3885990902712,38.6164156582697,18.5380021523366,1.30066469570144,33.2784501655506,NA,NA,NA,NA,NA,NA,NA,NA,NA,NA,NA,NA,NA,38940002
"Media Estatal",1991,"hombres",NA,11.0379155167855,88.6118853503508,11.2240805106143,48.2153394477958,33.5391190917993,1.8440685532629,51.1883188613713,NA,NA,NA,NA,NA,NA,NA,NA,NA,NA,NA,NA,NA,19070940
"Media Estatal",1991,"mujeres",NA,1.14309579000318,25.9235310105717,11.411000174426,30.4798722212946,6.36905822289231,0.843747381762471,18.2190629646263,NA,NA,NA,NA,NA,NA,NA,NA,NA,NA,NA,NA,NA,19869062
"Media Estatal",1992,"total",NA,5.73475132006415,53.5884788004894,9.93892590930875,35.2385661157803,17.4061032194719,1.20400197320193,30.0925753439849,NA,NA,NA,NA,NA,NA,NA,NA,NA,NA,NA,NA,NA,39068718
"Media Estatal",1992,"hombres",NA,10.7952094196611,86.2785573108842,10.2124576630065,45.2034880350593,31.3244084010056,1.73763257997396,47.6803306872145,NA,NA,NA,NA,NA,NA,NA,NA,NA,NA,NA,NA,NA,19134884
"Media Estatal",1992,"mujeres",NA,1.15255442394618,25.2130808207141,9.62831406541501,26.7787359019668,6.02583187689705,0.752390296129254,15.2080548803882,NA,NA,NA,NA,NA,NA,NA,NA,NA,NA,NA,NA,NA,19933834
"Media Estatal",1993,"total",NA,5.68425810042609,53.6696203649021,10.1834404302269,33.3961481074374,17.9018383593612,1.20105064274714,29.9953034159562,NA,NA,NA,NA,NA,NA,NA,NA,NA,NA,NA,NA,NA,39190358
"Media Estatal",1993,"hombres",NA,10.7993918358398,86.3463039406649,10.6107766806379,42.3338289470719,31.9696315398273,1.73114654558488,47.4665596168611,NA,NA,NA,NA,NA,NA,NA,NA,NA,NA,NA,NA,NA,19194431
"Media Estatal",1993,"mujeres",NA,1.02910308926569,25.2205320291651,9.74434827170848,25.6871193472753,6.26935575654084,0.748646500097596,15.0846643405201,NA,NA,NA,NA,NA,NA,NA,NA,NA,NA,NA,NA,NA,19995927
"Media Estatal",1994,"total",NA,5.85771545650761,50.8398213822339,9.87966977394536,32.117097738084,16.3219927200079,1.13842028806943,27.9310901921413,NA,NA,NA,NA,NA,NA,NA,NA,NA,NA,NA,NA,NA,39295902
"Media Estatal",1994,"hombres",NA,10.9953862655329,82.2750208861859,10.2759731935199,41.2344602559308,29.303877605953,1.64407642110911,44.5968440729053,NA,NA,NA,NA,NA,NA,NA,NA,NA,NA,NA,NA,NA,19245750
"Media Estatal",1994,"mujeres",NA,1.18881128827912,23.3595074821389,9.45814065483358,24.2765453412806,5.52011928166225,0.70472408266148,13.6370398561928,NA,NA,NA,NA,NA,NA,NA,NA,NA,NA,NA,NA,NA,20050152
"Media Estatal",1995,"total",NA,5.702796605744,50.8335257820165,9.54204838393588,30.8270168175399,16.9057127302111,1.1268479566221,27.5496815329235,NA,NA,NA,NA,NA,NA,NA,NA,NA,NA,NA,NA,NA,39387976
"Media Estatal",1995,"hombres",NA,10.7880402782005,81.6590854570781,10.4324351508943,40.5546035106382,30.7112608933723,1.66159985908592,45.1743932914043,NA,NA,NA,NA,NA,NA,NA,NA,NA,NA,NA,NA,NA,19289826
"Media Estatal",1995,"mujeres",NA,1.07374055074666,23.721687795774,8.70591817481919,22.3897895570511,5.33572866134405,0.665791736159196,12.3538814756006,NA,NA,NA,NA,NA,NA,NA,NA,NA,NA,NA,NA,NA,20098150
"Media Estatal",1996,"total",NA,5.3908205706919,51.3097965398897,8.85420551270606,28.8837461701407,16.5295319704773,1.08599444769128,26.2032041928511,1.33,NA,2.42,NA,3.89,NA,NA,NA,NA,NA,NA,NA,NA,39479159
"Media Estatal",1996,"hombres",NA,10.1044381351747,83.5106002333245,9.87697483929676,37.7801046163912,29.8219017886328,1.61421151540191,43.6125364858569,NA,NA,NA,NA,NA,NA,NA,NA,NA,NA,NA,NA,NA,19332882
"Media Estatal",1996,"mujeres",NA,1.10547002817607,22.9459804323593,7.92140773203186,21.186071874002,5.34620712930431,0.629963948510552,11.1730452273478,NA,NA,NA,NA,NA,NA,NA,NA,NA,NA,NA,NA,NA,20146277
"Media Estatal",1997,"total",NA,5.75819486986567,49.1329916146571,8.31405553654599,27.1292994719973,15.4948066733036,1.02600846602851,24.2261459879438,1.36,NA,2.44,NA,3.82,NA,NA,NA,NA,NA,NA,NA,8.18265967294045,39583381
"Media Estatal",1997,"hombres",NA,10.7997166196536,79.7107889946867,9.49070211983171,35.6394280893234,27.5856183717865,1.52544944095969,40.6870565204354,NA,NA,NA,NA,NA,NA,NA,NA,NA,NA,NA,NA,8.39661531785637,19382107
"Media Estatal",1997,"mujeres",NA,1.14947080222421,22.2032599185923,7.26315449918804,19.7490846383355,5.31699584883695,0.594604740952713,10.007652755916,NA,NA,NA,NA,NA,NA,NA,NA,NA,NA,NA,NA,7.90038643194504,20201274
"Media Estatal",1998,"total",NA,5.44130874686216,48.4010256615979,8.90558577682496,26.2404049589799,15.7721177062459,1.03244237128481,24.4381989513856,1.38,NA,2.47,NA,3.78,NA,NA,NA,NA,NA,NA,NA,8.82603807234521,39722075
"Media Estatal",1998,"hombres",NA,10.1235746397539,78.4855936346841,10.2006504987103,34.5477432747054,28.482926954378,1.5400615624761,41.1686526189629,NA,NA,NA,NA,NA,NA,NA,NA,NA,NA,NA,NA,8.88642812651394,19448294
"Media Estatal",1998,"mujeres",NA,1.13894724474329,21.7547894542392,7.760584654409,19.0074138796942,5.02382777418744,0.592511673864344,9.93866804739283,NA,NA,NA,NA,NA,NA,NA,NA,NA,NA,NA,NA,8.74911847672779,20273781
"Media Estatal",1999,"total",NA,162.097702635924,48.1749700980216,8.41717272583455,26.3414199394839,16.825655212305,1.33538759060632,34.4228706179117,1.42,NA,2.53,NA,3.75,NA,NA,NA,NA,NA,NA,NA,9.35646826268395,39927224
"Media Estatal",1999,"hombres",NA,231.788567684655,78.408010744546,9.87503064119076,34.8454171225218,30.3291317885698,1.98695788882031,55.8977613915558,NA,NA,NA,NA,NA,NA,NA,NA,NA,NA,NA,NA,9.34718581092015,19547393
"Media Estatal",1999,"mujeres",NA,100.962578269959,21.4371722300328,7.11472874204827,18.9385426206786,5.37709807916882,0.769333433559766,15.7664781643845,NA,NA,NA,NA,NA,NA,NA,NA,NA,NA,NA,NA,9.36854964404566,20379831
"Media Estatal",2000,"total",NA,159.838946242627,45.7059649456506,7.84934214866917,24.3936860321013,13.5860049244925,1.22857858603524,30.9025878286366,1.44,NA,2.56,NA,3.68,NA,NA,NA,NA,NA,NA,NA,10.2194846881235,40264162
"Media Estatal",2000,"hombres",NA,228.79383231185,74.7281217111908,9.32332673389497,31.7457996405731,24.6826288455778,1.82010406295214,50.3984811212528,NA,NA,NA,NA,NA,NA,NA,NA,NA,NA,NA,NA,9.9097428288823,19719334
"Media Estatal",2000,"mujeres",NA,99.3250127406242,19.9237910137915,6.52928471076792,17.9960148229508,4.17827186575505,0.713213685705292,13.9168458856837,NA,NA,NA,NA,NA,NA,NA,NA,NA,NA,NA,NA,10.6158288177827,20544828
"Media Estatal",2001,"total",NA,160.04335183236,42.8857333903785,7.82215422739204,23.8928545935327,12.0457869791788,1.1813821835266,29.3470571490455,1.46,NA,2.59,NA,3.59,NA,NA,NA,NA,NA,NA,NA,10.3019159100983,40721447
"Media Estatal",2001,"hombres",NA,228.747269998409,69.7577073803122,9.05705390120954,31.1931967359386,21.9636385430252,1.73373569809536,47.5518946413572,NA,NA,NA,NA,NA,NA,NA,NA,NA,NA,NA,NA,10.3075571177504,19956780
"Media Estatal",2001,"mujeres",NA,99.6768266867448,18.969986395077,6.70534816889448,17.4855085921975,3.59883958077077,0.698178675773674,13.4213119472166,NA,NA,NA,NA,NA,NA,NA,NA,NA,NA,NA,NA,10.294721900564,20764667
"Media Estatal",2002,"total",NA,156.263967235561,40.9224085208881,7.41020719431856,22.532041894966,12.9771147638599,1.15535260384884,28.4891568089043,1.5,NA,2.64,NA,3.54,23.4737932701563,NA,NA,NA,NA,NA,NA,10.7998905362116,41314019
"Media Estatal",2002,"hombres",NA,222.460846935476,67.1462696037089,9.01150285282652,29.6221361822536,23.5191865244003,1.71725548115643,47.0087286013156,NA,NA,NA,NA,NA,NA,NA,NA,NA,NA,NA,NA,10.6926444579745,20266005
"Media Estatal",2002,"mujeres",NA,97.7884032140572,17.5080367034014,5.97414032400223,16.3142466441915,3.95217757019264,0.662397818955292,12.2420224767353,NA,NA,NA,NA,NA,NA,NA,NA,NA,NA,NA,NA,10.9337676438654,21048014
"Media Estatal",2003,"total",NA,155.236902554875,40.5531071137717,7.47681097374574,21.7033349008809,12.2425563919417,1.1324152594383,27.7331724320781,1.54,NA,2.67,NA,3.45,23.8284484461892,NA,NA,NA,NA,81,NA,10.6134804038099,42004575
"Media Estatal",2003,"hombres",NA,221.125498376789,66.1999346737218,9.19355408089141,28.9567534236907,22.4342190566399,1.68907298947532,46.0798711438167,NA,NA,NA,NA,NA,NA,NA,NA,NA,NA,NA,NA,10.5240877148421,20626192
"Media Estatal",2003,"mujeres",NA,96.9221157325044,17.584277257942,5.93460070761983,15.3574195581617,3.50927141031132,0.643270536212772,11.6116126670522,NA,NA,NA,NA,NA,NA,NA,NA,NA,NA,NA,NA,10.727969348659,21378383
"Media Estatal",2004,"total",NA,152.621238236651,37.243099500924,6.86407607952025,20.1398204985842,10.6064807733105,1.05019860656042,25.0234208593517,1.59,0.72,2.73,0.59,3.42,23.2726677540059,NA,NA,NA,NA,78,NA,10.2136221973433,42691751
"Media Estatal",2004,"hombres",NA,217.428631654987,60.4803538831502,8.61777636897038,26.8569933811128,19.1874398021645,1.55959318932418,41.8123890727941,NA,NA,NA,NA,NA,NA,NA,NA,NA,NA,NA,NA,10.1843342883399,20987670
"Media Estatal",2004,"mujeres",NA,95.0818529115346,16.2944524246676,5.29132007569354,14.1948983356131,3.21571198532037,0.599832100707025,10.1799395837012,NA,NA,NA,NA,NA,NA,NA,NA,NA,NA,NA,NA,10.2508591065292,21704081
"Media Estatal",2005,"total",NA,148.695586329794,36.6550296299101,7.10965210313288,19.8893465195005,11.9983467699464,1.0670103945059,25.5775150389491,1.6,0.71,2.76,0.59,3.36,22.4544905095704,NA,NA,NA,NA,83.42,NA,10.1442837887514,43398190
"Media Estatal",2005,"hombres",NA,210.21260481471,60.2655684493244,9.06577629736317,26.4353010201154,21.8227689432773,1.59692903150716,43.0429287935569,NA,NA,NA,NA,NA,NA,NA,NA,NA,NA,NA,NA,10.0374593279195,21367297
"Media Estatal",2005,"mujeres",NA,93.9562427095352,15.4071822388521,5.34817645549792,14.0922342819257,3.52437413865628,0.598455357742507,10.1345639659553,NA,NA,NA,NA,NA,NA,NA,NA,NA,NA,NA,NA,10.2803412850427,22030893
"Media Estatal",2006,"total",17.6777464473422,147.057696665686,34.0157626464382,6.23483831291209,18.5941393809721,9.08642056466345,0.964573903026184,22.2013444679576,1.64,0.73,2.84,0.61,3.32,21.4680706750228,NA,NA,NA,NA,70,54.37,10.4440566804055,44068244
"Media Estatal",2006,"hombres",16.0735655672863,207.250617813194,56.2775662682175,7.92763784880822,24.77688902648,16.4676773180013,1.43252508282369,37.6243932181769,NA,NA,NA,NA,NA,NA,NA,NA,NA,NA,NA,NA,10.2243172951886,21725232
"Media Estatal",2006,"mujeres",19.0356893065819,93.3233870241788,13.8293642513291,4.69117590392038,13.0761616441106,2.68186925530849,0.547422251559136,8.45258063410035,NA,NA,NA,NA,NA,NA,NA,NA,NA,NA,NA,NA,10.7183927484272,22343012
"Media Estatal",2007,"total",17.641254592838,145.401401114266,32.9423901190155,6.41927976607632,18.2194712737026,10.0469798809193,0.97286425222782,22.4745833557162,1.7,0.74,2.93,0.6,3.27,20.7830243425414,NA,NA,NA,NA,74,57.98,10.6097760340036,44873567
"Media Estatal",2007,"hombres",16.023606300242,204.834357726648,54.1207141198723,8.15649888447209,24.4530279867323,18.0807224284541,1.44608588610703,38.0713392654582,NA,NA,NA,NA,NA,NA,NA,NA,NA,NA,NA,NA,10.4678441418363,22155286
"Media Estatal",2007,"mujeres",19.028457682307,92.2598733030722,13.7211615708902,4.84803346850614,12.6811451006329,3.06411694697928,0.551456164048962,8.58553302672305,NA,NA,NA,NA,NA,NA,NA,NA,NA,NA,NA,NA,10.7840540361565,22718281
"Media Estatal",2008,"total",17.347342433218,142.294776407434,30.5975842450994,6.12932898376578,17.0515944908534,9.26937601119767,0.921827635406636,20.7924843179063,1.76,0.75,3,0.6,3.22,19.9001913081475,NA,NA,NA,NA,71.44,59,10.4363827549947,45593385
"Media Estatal",2008,"hombres",16.0416022324721,198.623034338511,50.2093490606663,7.96431505904123,22.725989144137,16.5557395322853,1.36469395813823,35.3887695292728,NA,NA,NA,NA,NA,NA,NA,NA,NA,NA,NA,NA,10.4287090558767,22512354
"Media Estatal",2008,"mujeres",18.4692148748196,91.8668800385594,12.6869245323361,4.47267501911546,11.9694022544391,2.92118967380531,0.525990284956376,7.7462115084354,NA,NA,NA,NA,NA,NA,NA,NA,NA,NA,NA,NA,10.4456018518519,23081031
"Media Estatal",2009,"total",17.0077578468902,140.576614345189,28.5724148464594,5.77805822162538,15.9812748070083,9.26936596858289,0.887866495474518,19.6731702967028,1.81,0.74,3.06,0.61,3.19,19.9359172590709,NA,NA,NA,NA,69.73,58.99,10.253713684764,45929476
"Media Estatal",2009,"hombres",15.914726162048,196.214381739629,47.5628831842762,7.24103507313831,20.8912489824339,16.6466369721883,1.31056416387093,33.6047234751839,NA,NA,NA,NA,NA,NA,NA,NA,NA,NA,NA,NA,10.1561238223419,22670874
"Media Estatal",2009,"mujeres",17.9610346914471,90.7248872923122,11.21935167306,4.43583284697738,11.5644329125529,2.80356707905456,0.508735414365852,7.17751391393092,NA,NA,NA,NA,NA,NA,NA,NA,NA,NA,NA,NA,10.3694950978827,23258602
"Media Estatal",2010,"total",17.2846433691601,139.453338128338,27.5061763195211,5.39582471655219,14.2871610014352,8.69921455585958,0.843778243708523,18.2200801333376,1.79400701597716,0.75,3.1781630310143,0.62,3.1516832226604,20.0945255644505,NA,NA,NA,NA,65,53.18,10.044744370278,46072861
"Media Estatal",2010,"hombres",16.1786426421832,192.858876328465,45.3895753533585,7.10596108649525,19.0978583889535,15.2730755694932,1.24768239149355,31.5322238582448,NA,NA,NA,NA,NA,NA,NA,NA,NA,NA,NA,NA,9.87447245969051,22697683
"Media Estatal",2010,"mujeres",18.2509400693187,91.4544001527292,11.1095248997705,3.86308181988169,9.96440974649547,2.94607309639444,0.481723678029321,6.28724299608288,NA,NA,NA,NA,NA,NA,NA,NA,NA,NA,NA,NA,10.2464664594084,23375178
"Media Estatal",2011,"total",18.6466748775711,138.666418640378,25.8743451791691,5.07647546140193,13.362381057232,8.44407082233172,0.811663075364711,17.1616068814859,1.80589138106539,0.76,3.13674901481066,0.63,3.092456470163,18.8242465754871,NA,NA,NA,NA,73,57.72,10.1164431395465,46125160
"Media Estatal",2011,"hombres",17.2371478171078,191.247996368599,42.6012142335465,6.88521936150218,17.8033836129631,14.7928638245666,1.20261375800352,30.0468216166619,NA,NA,NA,NA,NA,NA,NA,NA,NA,NA,NA,NA,10.0908605024051,22683720
"Media Estatal",2011,"mujeres",19.8890840438062,91.3175140270513,10.4951722579659,3.43850569358845,9.36449117440453,2.84007587292079,0.459554456873076,5.55657494050684,NA,NA,NA,NA,NA,NA,NA,NA,NA,NA,NA,NA,10.1456799926702,23441440
"Media Estatal",2012,"total",17.7226638175222,137.600700962993,25.2986168196849,4.68794115488686,13.0171876715695,8.43001916802397,0.792918343860866,16.5438054520319,1.81003781286552,0.77,3.07537678775813,0.64,3.03259372134347,17.5232586674463,NA,NA,NA,NA,76,53,9.79226774379689,46163040
"Media Estatal",2012,"hombres",16.5362406165442,190.255110922225,41.6716090979379,6.6543524686619,17.3035385763501,14.7770426442088,1.18450981082075,29.4501395865152,NA,NA,NA,NA,NA,NA,NA,NA,NA,NA,NA,NA,9.95406235559542,22668721
"Media Estatal",2012,"mujeres",18.7605925484523,89.9881315690948,10.2110818582405,2.90933097050699,9.10180604225462,2.79961969369781,0.43870782505076,4.86949767100924,NA,NA,NA,NA,NA,NA,NA,NA,NA,NA,NA,NA,9.6092957486705,23494319
"Media Estatal",2013,"total",17.9315950476893,135.311927896751,24.563555739893,4.3062187155867,12.1741281875956,7.89054617589645,0.757309967074132,15.3702006940834,1.77543987643843,0.76,3.04390250016773,0.65,2.96517625814,17.5970051097886,NA,NA,NA,NA,98,67,10.3008388776396,46593241
"Media Estatal",2013,"hombres",16.7165581722823,184.064616886942,40.8594782871435,5.8112555137889,15.7547782295978,13.5346759411353,1.11042257040527,27.0083226405859,NA,NA,NA,NA,NA,NA,NA,NA,NA,NA,NA,NA,10.2598652550529,22933752
"Media Estatal",2013,"mujeres",18.9903075733964,91.1797545965338,9.4850518528147,2.92252786322908,8.90255737906486,2.87007764852744,0.436515173510057,4.79723079133359,NA,NA,NA,NA,NA,NA,NA,NA,NA,NA,NA,NA,10.3463005339436,23659489
"Media Estatal",2014,"total",18.0729093242552,131.684368757397,23.8960714959039,4.52752717551459,12.0357994443859,7.54683438414618,0.745117915506897,14.9683668836247,1.80802992355397,0.763617732875402,3.13555029903383,0.648571829165979,2.96811141793888,17.3174660292446,NA,NA,NA,NA,87,65,10.0855204954291,46455128
"Media Estatal",2014,"hombres",16.8240470461044,179.586615287425,39.959151770696,6.27338692452209,15.6861205845887,12.7302369130181,1.09427232232916,26.4760319355731,NA,NA,NA,NA,NA,NA,NA,NA,NA,NA,NA,NA,10.1842083908139,22840112
"Media Estatal",2014,"mujeres",19.1600682758144,88.2275892825483,9.0149478982902,2.93711659862633,8.67457961905681,2.92037476640456,0.427286526342641,4.49306685007966,NA,NA,NA,NA,NA,NA,NA,NA,NA,NA,NA,NA,9.97897319081829,23615016
"Media Estatal",2015,"total",18.0414416585333,129.830966507642,23.5592832650639,4.40488693967575,12.0967943336918,8.36509789989081,0.75114643736244,15.1670589491305,1.85229136858373,0.759629349301517,3.18854589494588,0.641029800297694,2.97147696611523,16.4334148652752,NA,NA,NA,NA,89,58,10.4826831629003,46410166
"Media Estatal",2015,"hombres",16.763615744748,175.701691368878,39.0291555315133,6.23209007325458,15.9995444280542,14.2305538895298,1.10930332884147,26.971433926662,NA,NA,NA,NA,NA,NA,NA,NA,NA,NA,NA,NA,10.2170559131776,22800876
"Media Estatal",2015,"mujeres",19.180814029517,88.2265422112658,9.22392953913554,2.74414315658462,8.55024933504441,3.1261092137141,0.425829232139152,4.44503637058916,NA,NA,NA,NA,NA,NA,NA,NA,NA,NA,NA,NA,10.7790473364001,23609290
"Media Estatal",2016,"total",18.732477297256,129.994952076063,22.9477625684156,4.1339403436853,11.6904257093408,7.74233490131557,0.726553940402709,14.3565229447898,1.89522795619899,0.761609355064239,3.27028759245706,0.646462888830417,2.96805089666818,16.8488058046009,NA,NA,NA,NA,115,72.0897939159196,10.2851494182952,46450422
"Media Estatal",2016,"hombres",17.3532381793651,175.384237481197,38.437849721419,5.81891828708158,15.6751254879215,12.597281581526,1.06384925102011,25.4733279523627,NA,NA,NA,NA,NA,NA,NA,NA,NA,NA,NA,NA,10.1246650355354,22805437
"Media Estatal",2016,"mujeres",19.9751357798174,88.8974510444163,8.59808328853502,2.59217685105916,8.04409475140162,3.40973007940343,0.419637140296596,4.24095325577596,NA,NA,NA,NA,NA,NA,NA,NA,NA,NA,NA,NA,10.4604907233555,23644985
"Media Estatal",2017,"total",18.6232550335878,128.448470903186,22.5048496114777,4.21825920766656,11.4391641094635,7.83675903441623,0.722449796299501,14.2212558115622,1.92807185894442,0.773392963152727,3.3822112296513,0.646462888830417,2.97805559773494,16.9472180857178,NA,NA,NA,NA,106.143260387554,66.2185184504758,9.85,46549056
"Media Estatal",2017,"hombres",17.2977284519773,171.386815926441,37.2644874053694,6.01902224913394,15.2186810761863,12.7932406267401,1.05369145783356,25.1385405936074,NA,NA,NA,NA,NA,NA,NA,NA,NA,NA,NA,NA,9.94,22838044
"Media Estatal",2017,"mujeres",19.8228199917608,89.6398032230951,8.84617620649926,2.58264647057839,7.9976508802546,3.41805077381356,0.421877074522414,4.3147785098912,NA,NA,NA,NA,NA,NA,NA,NA,NA,NA,NA,NA,9.75,23711012
"Media Estatal",2018,"total",18.651666758536,125.628494161912,21.7930722508628,3.93728634849323,11.4033499577092,7.51930697226169,0.700198941579459,13.4878972222543,1.97729334144408,0.773833142535631,3.44824295323509,0.662860188574476,2.97564405989454,16.7628494742484,NA,NA,NA,NA,129.013013117099,95.8608056242128,10.7086840779912,46728814
"Media Estatal",2018,"hombres",17.3148782613634,168.428242577383,36.2488009400546,5.67176873066172,15.0077585865007,12.0498147868693,1.01881770410236,23.9891480348962,NA,NA,NA,NA,NA,NA,NA,NA,NA,NA,NA,NA,10.6106575463372,22911649
"Media Estatal",2018,"mujeres",19.8683114507237,86.9185559564813,8.38339443778334,2.36306243468553,8.09785152232088,3.47876972799456,0.410545304969956,3.9412984509042,NA,NA,NA,NA,NA,NA,NA,NA,NA,NA,NA,NA,10.8156081711243,23817165
"Media Estatal",2019,"total",19.0944401931081,122.329288210984,20.6185932132204,3.75192959251298,10.9569087702606,7.45181903207428,0.677146209206214,12.7281098115843,1.97186062350818,0.784755250337184,3.49832611678583,0.673298698825793,2.9466560570065,16.2578382880423,NA,NA,NA,NA,121.49985330434,87.6003897577224,10.6353176588294,47105358
"Media Estatal",2019,"hombres",17.8281077241774,161.5232650097,34.5140435242439,5.45563259166605,14.4400678545022,11.5441495415849,0.976345834396661,22.5893316752763,NA,NA,NA,NA,NA,NA,NA,NA,NA,NA,NA,NA,10.4070796460177,23091898
"Media Estatal",2019,"mujeres",20.2297648085086,86.9703306330511,7.77305725198385,2.20182173696381,7.77994778224124,3.79792485323281,0.405471471557449,3.77407164723326,NA,NA,NA,NA,NA,NA,NA,NA,NA,NA,NA,NA,10.8874849578821,24013460
"Media Estatal",2020,"total",17.9179876475378,119.792920619322,21.0424478836599,4.3155058765237,10.9663516497357,6.65170258292686,0.675491624964634,12.6735769147332,2.02320465928815,0.784376166224196,3.73577574794657,0.662475786141963,2.95470411766983,15.0720881214987,NA,NA,NA,NA,154.887966683029,99.354974894545,11.3235719102206,47355693
"Media Estatal",2020,"hombres",16.6369159107084,156.444523110082,35.4718509175942,6.35809642240512,14.559358096011,10.2284450694903,0.973749255875852,22.5037518993528,NA,NA,NA,NA,NA,NA,NA,NA,NA,NA,NA,NA,11,23208787
"Media Estatal",2020,"mujeres",19.0936112334468,86.7476973089047,7.67722307552655,2.46753991953273,7.68446827954494,3.45272259304968,0.404462328804806,3.74081164375025,NA,NA,NA,NA,NA,NA,NA,NA,NA,NA,NA,NA,11.67,24146906
"Media Estatal",2021,"total",18.6982911621299,111.877307412467,20.2453571829681,3.92216643945665,10.2120667766213,5.71677821653391,0.622670383778695,10.9326590304993,2.10701109537277,0.774915807693049,3.89621042270465,0.662988763720788,2.96654602736769,15.2082136401298,NA,NA,NA,NA,122.848777782494,88.9237935745688,11.485752853831,47331302
"Media Estatal",2021,"hombres",17.355517382091,154.491387142526,35.56753333207,6.07968372327279,14.1923291029494,9.33576280942272,0.944667759830729,21.5452644532322,NA,NA,NA,NA,NA,NA,NA,NA,NA,NA,NA,NA,11.564184909107,23191275
"Media Estatal",2021,"mujeres",19.9226451334671,85.1540768702545,8.16265964969603,2.36759478436427,7.64320876200522,3.07611965965902,0.394768544635503,3.4213174053086,NA,NA,NA,NA,NA,NA,NA,NA,NA,NA,NA,NA,11.4079443486394,24140027
"Media Estatal",2022,"total",18.5601582501635,117.105371668276,21.5971486855098,4.12396153308435,10.7166281024518,6.68511951897123,0.666729936427741,12.384803309125,2.13848141483362,0.784951286116653,3.86763887092365,0.700817541974751,2.95744435845631,15.4325045253033,NA,NA,NA,NA,120.078864919769,95.2328286169807,11.4367729264239,47781354
"Media Estatal",2022,"hombres",17.3078943649647,151.60069517873,35.7185560327686,5.95340087373273,14.2360288790473,10.0359695368154,0.949170349485893,21.6936638221233,NA,NA,NA,NA,NA,NA,NA,NA,NA,NA,NA,NA,11.42,23421925
"Media Estatal",2022,"mujeres",19.6886739465977,86.1297872273044,8.52077826111817,2.45470924406568,7.5142947675222,3.6967541469072,0.410166627866112,3.92881775700852,NA,NA,NA,NA,NA,NA,NA,NA,NA,NA,NA,NA,11.45,24359429
"Media Estatal",2023,"total",19.3505022915032,114.036138416601,20.7906207020495,4.08705155703912,10.4769494064466,7.04939304771222,0.659331931222947,12.1409748931409,2.15304082875311,0.794326402250188,3.87361949127261,0.735913553190294,2.88528825165623,14.7353118315128,NA,NA,NA,NA,128,101,10.9502628386575,48327927
"Media Estatal",2023,"hombres",18.2000335587286,146.628355327927,34.9959196445747,6.06400999583157,13.7968434194038,10.4043911545216,0.940504197891903,21.4080389871379,NA,NA,NA,NA,NA,NA,NA,NA,NA,NA,NA,NA,11.1967142703747,23669571
"Media Estatal",2023,"mujeres",20.4124127427827,84.7811039065719,7.64454407773421,2.29278954955527,7.44605280218,4.04980288633167,0.403947557614504,3.72384546970046,NA,NA,NA,NA,NA,NA,NA,NA,NA,NA,NA,NA,10.7017163896259,24658356
"Media Estatal",2024,"total",NA,110.726127030803,19.7426592889939,3.64331605840165,10.1277894769218,6.91079856556274,0.630119309207299,11.1781657093623,2.21105241436152,0.791406913517617,3.91371683659541,0.758285030066176,2.83847059928629,NA,NA,NA,NA,NA,125.552671988452,105.082796521702,11.1797783331522,48811145
"Media Estatal",2024,"hombres",NA,140.488120005439,32.7783196256046,5.40912119648806,13.3743804464723,9.97471827844576,0.888330029540467,19.6884477632531,NA,NA,NA,NA,NA,NA,NA,NA,NA,NA,NA,NA,11.2095271529259,23923478
"Media Estatal",2024,"mujeres",NA,84.0251894609607,7.65678749090108,2.03821422328711,7.15963700452918,4.15477669728043,0.395087641889986,3.4318344265801,NA,NA,NA,NA,NA,NA,NA,NA,NA,NA,NA,NA,11.1496734348099,24887667
"Media Estatal",2025,"total",NA,NA,NA,NA,NA,NA,NA,NA,NA,NA,NA,NA,NA,NA,NA,NA,NA,NA,121,102,NA,49355143
"Media Estatal",2025,"hombres",NA,NA,NA,NA,NA,NA,NA,NA,NA,NA,NA,NA,NA,NA,NA,NA,NA,NA,NA,NA,NA,24215407
"Media Estatal",2025,"mujeres",NA,NA,NA,NA,NA,NA,NA,NA,NA,NA,NA,NA,NA,NA,NA,NA,NA,NA,NA,NA,NA,25139736
"Melilla",1990,"total",NA,2.71591526344378,51.6240400280837,20.8080715022127,66.6858329060409,8.10399040487536,1.61263749140872,43.560658747689,NA,NA,NA,NA,NA,NA,NA,NA,NA,NA,NA,NA,NA,57163
"Melilla",1990,"hombres",NA,0,58.1410213744161,27.3497499154992,63.8582811180007,19.0450797036586,1.9694832247963,55.3218196976966,NA,NA,NA,NA,NA,NA,NA,NA,NA,NA,NA,NA,NA,28174
"Melilla",1990,"mujeres",NA,4.97067302912814,44.9571721251828,15.9544963813152,69.6444726947057,0,1.34675700154737,34.7975912870228,NA,NA,NA,NA,NA,NA,NA,NA,NA,NA,NA,NA,NA,28989
"Melilla",1991,"total",NA,0,75.4588173851762,19.2322559321839,58.6676395203882,13.8676338856081,1.72027350213181,47.1081985602386,NA,NA,NA,NA,NA,NA,NA,NA,NA,NA,NA,NA,NA,57082
"Melilla",1991,"hombres",NA,0,105.055422020245,21.2219572770444,82.3094453877583,30.1789665430217,2.44513888688262,70.9987979411314,NA,NA,NA,NA,NA,NA,NA,NA,NA,NA,NA,NA,NA,28207
"Melilla",1991,"mujeres",NA,0,50.1250837638213,17.558892220875,39.2447304952837,0,1.11012600117425,26.9985481130167,NA,NA,NA,NA,NA,NA,NA,NA,NA,NA,NA,NA,NA,28875
"Melilla",1992,"total",NA,5.62661062074488,38.5722740975403,25.4945052144178,36.2426616158663,32.0567258722455,1.77602790544832,48.9457895686898,NA,NA,NA,NA,NA,NA,NA,NA,NA,NA,NA,NA,NA,58111
"Melilla",1992,"hombres",NA,11.9794352717085,67.5710191147972,12.1591249447598,66.694026794718,69.1087208325199,2.53951121893175,74.1091845385014,NA,NA,NA,NA,NA,NA,NA,NA,NA,NA,NA,NA,NA,28771
"Melilla",1992,"mujeres",NA,0,16.1048262129962,36.2917494236762,11.3246233072668,2.64582929109414,1.17006763311663,28.9741446101024,NA,NA,NA,NA,NA,NA,NA,NA,NA,NA,NA,NA,NA,29340
"Melilla",1993,"total",NA,8.16453845425234,38.7269091207698,40.8550414577963,58.43454643838,13.030301303584,2.06520046567719,58.4765327021201,NA,NA,NA,NA,NA,NA,NA,NA,NA,NA,NA,NA,NA,59181
"Melilla",1993,"hombres",NA,12.0449722739336,60.9037444777797,55.2280156115023,87.6968503016172,21.0869768109121,2.98560440708015,88.8118229439237,NA,NA,NA,NA,NA,NA,NA,NA,NA,NA,NA,NA,NA,29353
"Melilla",1993,"mujeres",NA,5.06072874493927,22.0034507683551,29.6670467063915,34.431827088093,6.13911228436368,1.32906803707634,34.2145865353398,NA,NA,NA,NA,NA,NA,NA,NA,NA,NA,NA,NA,NA,29828
"Melilla",1994,"total",NA,8.18539044063757,48.4447500545711,33.5093528639267,71.361356073241,16.1903357179422,2.11245288343154,60.0339095697377,NA,NA,NA,NA,NA,NA,NA,NA,NA,NA,NA,NA,NA,60181
"Melilla",1994,"hombres",NA,18.3238402992504,64.6998771441997,26.2409951904687,79.0600482500222,30.3776000678182,2.35439997546347,68.0081640571332,NA,NA,NA,NA,NA,NA,NA,NA,NA,NA,NA,NA,NA,29893
"Melilla",1994,"mujeres",NA,0,35.2573130549488,39.9415465217196,64.9149451260578,4.78824008235773,1.92976260889956,54.0126810058586,NA,NA,NA,NA,NA,NA,NA,NA,NA,NA,NA,NA,NA,30288
"Melilla",1995,"total",NA,5.05226601029664,30.9300081642015,23.4828421741549,77.3089619159721,21.7948249295071,1.9070738923321,53.2648910721922,NA,NA,NA,NA,NA,NA,NA,NA,NA,NA,NA,NA,NA,61118
"Melilla",1995,"hombres",NA,9.96396565580689,69.7539892535527,26.9830156147099,98.3754011522478,42.351123005823,2.77847230309309,81.9850241763466,NA,NA,NA,NA,NA,NA,NA,NA,NA,NA,NA,NA,NA,30398
"Melilla",1995,"mujeres",NA,0,0,21.2487314611423,60.7454480551551,4.87678002470902,1.21772149178158,30.5447524364223,NA,NA,NA,NA,NA,NA,NA,NA,NA,NA,NA,NA,NA,30720
"Melilla",1996,"total",NA,8.12988667346567,41.858880675457,26.1416115558124,36.639127135228,16.5024125969757,1.55415623154843,41.6331941728803,1.45,NA,2.9,NA,3.55,NA,NA,NA,NA,NA,NA,NA,NA,62040
"Melilla",1996,"hombres",NA,18.4612250876803,78.1027175078572,40.1276494877771,33.8401241106005,36.6515153011106,2.44857546141581,71.1120628688577,NA,NA,NA,NA,NA,NA,NA,NA,NA,NA,NA,NA,NA,30897
"Melilla",1996,"mujeres",NA,0,10.6896994056527,15.5413598864523,36.4023206421639,0,0.811030498914358,17.1407580026856,NA,NA,NA,NA,NA,NA,NA,NA,NA,NA,NA,NA,NA,31143
"Melilla",1997,"total",NA,10.2171005055107,70.9378956295037,10.943449724416,34.6098166073809,11.4128619692346,1.22650249172392,30.8341625202798,1.3,NA,2.8,NA,3.5,NA,NA,NA,NA,NA,NA,NA,2.85714285714286,62922
"Melilla",1997,"hombres",NA,21.8621799146484,119.857059654276,5.88171863818608,46.7964760690655,19.4772518415151,1.64908996383599,44.7620837757338,NA,NA,NA,NA,NA,NA,NA,NA,NA,NA,NA,NA,4,31375
"Melilla",1997,"mujeres",NA,0,30.6371685067273,14.7616710744744,26.2268338028096,5.18349574953349,0.891464514620407,19.7917562242247,NA,NA,NA,NA,NA,NA,NA,NA,NA,NA,NA,NA,NA,31547
"Melilla",1998,"total",NA,6.01784694384142,48.2257431818687,31.6165190263403,34.3809635927621,15.7456210679971,1.69016220199186,46.115770140266,1.38,NA,2.73,NA,3.04,NA,NA,NA,NA,NA,NA,NA,6.77966101694915,63790
"Melilla",1998,"hombres",NA,6.42921435000643,82.1286586824142,25.4888985537543,36.8849396552129,35.8326506027425,2.09101467894205,59.3273348516193,NA,NA,NA,NA,NA,NA,NA,NA,NA,NA,NA,NA,8.88888888888889,31823
"Melilla",1998,"mujeres",NA,5.14948968557216,20.2037452518038,37.0436651185654,34.4447555940705,0,1.40252568699496,36.6356530155264,NA,NA,NA,NA,NA,NA,NA,NA,NA,NA,NA,NA,NA,31967
"Melilla",1999,"total",NA,153.27934355963,55.4566060826,34.1228338034304,41.9276925407906,2.94611554665174,1.92955083221222,54.0057011277986,1.27,NA,2.72,NA,3.05,NA,NA,NA,NA,NA,NA,NA,10,64621
"Melilla",1999,"hombres",NA,254.28114685817,82.1760381556774,51.5716715845111,73.5236781377855,7.02622185998145,3.09316516089148,92.3568823887154,NA,NA,NA,NA,NA,NA,NA,NA,NA,NA,NA,NA,NA,32262
"Melilla",1999,"mujeres",NA,72.5497909595964,34.2182268779946,20.1406895085317,19.2860089167938,0,1.03013096522925,24.3620180807831,NA,NA,NA,NA,NA,NA,NA,NA,NA,NA,NA,NA,27.2727272727273,32359
"Melilla",2000,"total",NA,167.27501967036,39.6044883611346,10.9558125600149,45.0333171483937,19.666241053301,1.59309263914747,42.9164864018225,1.27,NA,2.75,NA,3.44,NA,NA,NA,NA,NA,NA,NA,2.56410256410256,65459
"Melilla",2000,"hombres",NA,247.093825204088,80.1767536207123,0,51.0717130951168,37.3469613805376,2.05251274904382,58.0583624300627,NA,NA,NA,NA,NA,NA,NA,NA,NA,NA,NA,NA,3.33333333333333,32714
"Melilla",2000,"mujeres",NA,101.766133254797,4.78161079426902,19.5988480625207,40.3916124700765,5.7149388501543,1.21126774820156,30.3320456282054,NA,NA,NA,NA,NA,NA,NA,NA,NA,NA,NA,NA,NA,32745
"Melilla",2001,"total",NA,156.446268646331,59.3551060527366,22.4195818935315,47.3845954492445,19.4536706492264,1.99404152796807,56.1312287202463,1.36,NA,2.81,NA,2.94,NA,NA,NA,NA,NA,NA,NA,5.55555555555556,66243
"Melilla",2001,"hombres",NA,233.731732490518,101.878385930373,25.4767505328513,49.0446270136918,31.1190484237876,2.67114106167819,78.4475291550073,NA,NA,NA,NA,NA,NA,NA,NA,NA,NA,NA,NA,5.26315789473684,33130
"Melilla",2001,"mujeres",NA,95.9644406186177,25.199788855251,20.6908002251036,45.0541110030053,9.62396307829563,1.4541482139091,38.337062871039,NA,NA,NA,NA,NA,NA,NA,NA,NA,NA,NA,NA,6.25,33113
"Melilla",2002,"total",NA,142.331414552814,66.0543839267821,22.6587537252837,22.3710165336604,12.9875637663683,1.65610195681385,44.9931897419169,1.35,NA,2.69,NA,3,NA,NA,NA,NA,NA,NA,NA,10.7692307692308,66574
"Melilla",2002,"hombres",NA,227.074606419201,111.288889354073,25.9919962863966,24.0505544896971,16.7113996760195,2.23425611881077,64.0483822717857,NA,NA,NA,NA,NA,NA,NA,NA,NA,NA,NA,NA,11.7647058823529,33265
"Melilla",2002,"mujeres",NA,71.2249871131437,30.3962343110142,20.1127016765317,19.1061545277837,9.82916904204919,1.1714875066911,29.0209417554109,NA,NA,NA,NA,NA,NA,NA,NA,NA,NA,NA,NA,7.14285714285714,33309
"Melilla",2003,"total",NA,167.730015522261,57.1105150570666,21.8568972097086,32.8844932377967,14.4760615950149,1.76212015577833,48.487408629766,1.32,NA,2.72,NA,2.99,NA,NA,NA,NA,NA,NA,NA,6.55737704918033,66797
"Melilla",2003,"hombres",NA,218.63717724046,84.3083067920868,6.35815486345862,43.6061449754396,33.025436722197,2.03683046355664,57.5414951498299,NA,NA,NA,NA,NA,NA,NA,NA,NA,NA,NA,NA,4.54545454545455,33299
"Melilla",2003,"mujeres",NA,134.04106840912,32.6540179538387,33.6077982054673,24.138435332039,0,1.52871635626787,40.7947297056653,NA,NA,NA,NA,NA,NA,NA,NA,NA,NA,NA,NA,11.7647058823529,33498
"Melilla",2004,"total",NA,175.451763557137,34.1393690270654,35.6100417099077,28.165058915311,8.4916945365001,1.85086832763505,51.4124303844527,1.34,0.77,2.78,0.71,3,NA,NA,NA,NA,NA,NA,NA,12.2641509433962,67022
"Melilla",2004,"hombres",NA,238.21645628543,33.5753407773314,34.63212815114,33.9317478122526,13.4026407709087,2.08216550102205,59.03567771226,NA,NA,NA,NA,NA,NA,NA,NA,NA,NA,NA,NA,8.82352941176471,33342
"Melilla",2004,"mujeres",NA,125.658606954291,34.0382598643969,36.1511380636517,24.3379325420876,5.71428571428571,1.6847172904415,45.9363130945156,NA,NA,NA,NA,NA,NA,NA,NA,NA,NA,NA,NA,18.4210526315789,33680
"Melilla",2005,"total",NA,141.053128636526,48.5504655329323,17.3021316914559,11.2532631838895,27.0667891530893,1.5511708062056,41.5347985226708,1.3,0.76,2.76,0.72,3,NA,NA,NA,NA,NA,NA,NA,11.8279569892473,66751
"Melilla",2005,"hombres",NA,200.997944322476,55.4739120660197,21.269053527118,23.6749308559884,32.420685046115,2.01738425802439,56.9005740690016,NA,NA,NA,NA,NA,NA,NA,NA,NA,NA,NA,NA,10.4477611940299,33139
"Melilla",2005,"mujeres",NA,94.8306825268397,40.7667185410814,15.6282326647139,0,23.4468647800764,1.20563711616691,30.1464674822064,NA,NA,NA,NA,NA,NA,NA,NA,NA,NA,NA,NA,15.3846153846154,33612
"Melilla",2006,"total",13.0810976433432,171.278462489357,46.5261737525781,16.9680411893778,17.5996959327196,10.0039767360264,1.35973845160104,35.2254426220978,1.4,0.75,3.06,0.74,2.88,NA,NA,NA,NA,NA,NA,NA,5.76923076923077,67020
"Melilla",2006,"hombres",12.9358825354326,253.419135956155,66.3142647269636,19.524527275072,22.4127128217332,23.1050633044719,1.96179073710324,55.0682855304106,NA,NA,NA,NA,NA,NA,NA,NA,NA,NA,NA,NA,6.15384615384615,33203
"Melilla",2006,"mujeres",14.0466065793674,101.591166040545,30.5535908584857,15.246923021841,13.3812119420798,0,0.882546492231197,19.4978300626883,NA,NA,NA,NA,NA,NA,NA,NA,NA,NA,NA,NA,5.12820512820513,33817
"Melilla",2007,"total",13.1126236719097,135.777570888266,35.7580179718479,17.7317009202473,27.2517154971455,13.4114651802797,1.40405713123347,36.6861273815896,1.4,0.77,3.07,0.68,2.87,NA,NA,NA,NA,NA,NA,NA,7.07070707070707,68392
"Melilla",2007,"hombres",13.1495162310731,193.852202856007,43.4066581112704,25.5285503261878,28.1275150358479,22.9899350232659,1.92763232289226,53.9424696112495,NA,NA,NA,NA,NA,NA,NA,NA,NA,NA,NA,NA,5.79710144927536,33854
"Melilla",2007,"mujeres",13.9426040048089,86.6900630847835,29.4844549708841,9.91818543613116,27.5863407681673,5.48453361520512,0.944796294658563,21.549500790272,NA,NA,NA,NA,NA,NA,NA,NA,NA,NA,NA,NA,10,34538
"Melilla",2008,"total",13.4754877533488,134.052305906261,44.6705628810264,12.2508369189158,30.0912004053282,7.8927620633994,1.24445824471859,31.4259602670094,1.23,0.76,2.64,0.69,2.38,NA,NA,NA,NA,NA,NA,NA,13.6363636363636,69347
"Melilla",2008,"hombres",13.154710146345,188.891887034151,75.0419471125771,15.0718615464162,28.0472705739669,10.3833174699316,1.61244388926119,43.5542778782982,NA,NA,NA,NA,NA,NA,NA,NA,NA,NA,NA,NA,14.0625,34324
"Melilla",2008,"mujeres",14.5973837753291,85.6650364790004,13.7477201697385,9.16514677982568,33.2213028605123,4.58257338991284,0.875542536530708,19.2669889944816,NA,NA,NA,NA,NA,NA,NA,NA,NA,NA,NA,NA,12.5,35023
"Melilla",2009,"total",13.6711655702126,109.475703500657,32.9003917952204,13.2037756418792,18.9869444517214,10.6949012058501,1.09574098538134,26.5244371172015,1.25,0.74,2.6,0.68,2.41,NA,NA,NA,NA,NA,NA,NA,8.25688073394496,70441
"Melilla",2009,"hombres",12.5739299070958,147.116701586827,31.4310182341174,15.340052665451,22.8936450522513,18.3967817896389,1.38302141838145,35.9928182527338,NA,NA,NA,NA,NA,NA,NA,NA,NA,NA,NA,NA,5.55555555555556,34887
"Melilla",2009,"mujeres",14.9538127827563,77.3753739627445,34.3581587385817,9.93313160307459,14.6738611065306,4.74072950345599,0.815869601610663,17.3002483940225,NA,NA,NA,NA,NA,NA,NA,NA,NA,NA,NA,NA,13.5135135135135,35554
"Melilla",2010,"total",13.7610404661893,113.060814833592,30.8218806749085,29.2573397289024,6.70085520373783,12.4897222747905,1.41055180570258,36.9001832174936,1.35466478819816,0.74,2.66868963275038,0.66,2.26229019629093,NA,NA,NA,NA,NA,NA,NA,8.57142857142857,73819
"Melilla",2010,"hombres",13.0747111443223,155.196023214161,48.9431440036808,39.4717257482374,5.14746722956434,20.1398158110249,1.96721595312674,55.2470934377803,NA,NA,NA,NA,NA,NA,NA,NA,NA,NA,NA,NA,7.46268656716418,37038
"Melilla",2010,"mujeres",15.223405109241,74.9070226444875,12.8931405513842,19.9408683343687,7.87598456132574,5.13069273680479,0.88667208641308,19.6338041619914,NA,NA,NA,NA,NA,NA,NA,NA,NA,NA,NA,NA,10.5263157894737,36781
"Melilla",2011,"total",15.2682584160771,133.88507251685,48.2733784633501,11.5867430863272,27.3451074251812,6.43641880999596,1.19565733450582,29.8175471466658,1.35891286970424,0.72,2.61124433786304,0.64,2.21156408206768,NA,NA,NA,NA,NA,NA,NA,8.91089108910891,75060
"Melilla",2011,"hombres",14.4560749218871,194.254387498935,77.4188325155426,24.5530775051707,30.0365890084739,12.6508091784008,1.93552659560641,54.2026543445599,NA,NA,NA,NA,NA,NA,NA,NA,NA,NA,NA,NA,10.6666666666667,37782
"Melilla",2011,"mujeres",16.0844828246859,73.9804828898042,24.114602720407,0,24.1133348083171,0,0.510564175527836,7.2377874505122,NA,NA,NA,NA,NA,NA,NA,NA,NA,NA,NA,NA,3.84615384615385,37278
"Melilla",2012,"total",15.2869007720966,180.242239495393,17.0106366403667,10.5876127888909,5.60647456863959,0,0.761851671366596,15.5198892294175,1.3489381929367,0.7,3.05759323732319,0.64,2.11976001747196,NA,NA,NA,NA,NA,28,26,11.7647058823529,77839
"Melilla",2012,"hombres",14.6081116407727,226.54949383537,34.7290621493119,4.21303935680933,7.85180925685958,0,0.808205747803711,17.047657961554,NA,NA,NA,NA,NA,NA,NA,NA,NA,NA,NA,NA,11.1111111111111,39346
"Melilla",2012,"mujeres",16.6224075947568,137.792303555833,0,15.606612835503,3.66112616240756,0,0.695171890514559,13.3222123025639,NA,NA,NA,NA,NA,NA,NA,NA,NA,NA,NA,NA,13.1578947368421,38493
"Melilla",2013,"total",16.4096270721461,141.830112518843,29.0461812934562,16.0410287804563,17.3228707087849,12.4100799350501,1.2210110434924,30.6531716873883,1.2680032537442,0.67,2.3446097899421,0.62,1.97377864969616,NA,NA,NA,NA,NA,30,22,5.15463917525773,83643
"Melilla",2013,"hombres",15.3334051292492,172.010690112866,50.6759921321508,6.28661955893077,17.0241510735711,25.4707295542608,1.37036966310715,35.5758332192614,NA,NA,NA,NA,NA,NA,NA,NA,NA,NA,NA,NA,4.22535211267606,42917
"Melilla",2013,"mujeres",18.0532276859781,114.426927730899,10.0648726793606,25.2041622683359,17.738557521697,0,1.08887831299038,26.2982525590423,NA,NA,NA,NA,NA,NA,NA,NA,NA,NA,NA,NA,7.69230769230769,40726
"Melilla",2014,"total",17.592404908635,146.297148044738,16.2931388273587,0,36.7971851148837,2.52251921701003,0.7712600786837,15.829977826216,1.2617996119371,0.639540667680457,2.33313890509124,0.596904623168427,1.96412203744926,NA,NA,NA,NA,NA,30,24,4.34782608695652,84077
"Melilla",2014,"hombres",16.266467385067,197.834736237128,34.3031022558578,0,39.4486855858775,0,0.952508641610133,21.8036894923159,NA,NA,NA,NA,NA,NA,NA,NA,NA,NA,NA,NA,3.40909090909091,42898
"Melilla",2014,"mujeres",19.4777657440399,94.9474090271783,0,0,32.8961047688116,5.04925316955392,0.587812310545571,9.78378328015753,NA,NA,NA,NA,NA,NA,NA,NA,NA,NA,NA,NA,7.40740740740741,41179
"Melilla",2015,"total",17.5520483891958,127.955539538138,32.4467265316593,10.3847399765767,11.707752689084,16.5398417283215,1.0851252513555,26.1745566372105,1.24932230158169,0.62627865224834,2.31006765198124,0.584526742098451,1.94469980906584,NA,NA,NA,NA,NA,33,26,13.1578947368421,84676
"Melilla",2015,"hombres",16.5539653781111,146.922157118125,50.2257190350398,9.74046098945374,11.7082353892705,27.6058213471419,1.39267325822959,36.3109300621146,NA,NA,NA,NA,NA,NA,NA,NA,NA,NA,NA,NA,15.0684931506849,43105
"Melilla",2015,"mujeres",18.6841756091628,113.956200150766,17.093543581327,10.0909191818283,10.0909191818283,4.99913651278416,0.752765377759792,15.2204170722639,NA,NA,NA,NA,NA,NA,NA,NA,NA,NA,NA,NA,9.75609756097561,41571
"Melilla",2016,"total",17.7159483623454,135.432522315958,34.4162281673767,13.4821269747047,17.7094866144876,10.9571400711434,1.15260896623634,28.398730160832,1.38067759408079,0.616438356164384,2.45453794503251,0.58570338890705,1.89990677476074,NA,NA,NA,NA,NA,32.64,20.94,11.4285714285714,84690
"Melilla",2016,"hombres",16.4630233299272,150.334001541392,37.6552344459526,5.16055233020259,29.3600617530116,15.7847685340561,1.18312550380693,29.4045146677603,NA,NA,NA,NA,NA,NA,NA,NA,NA,NA,NA,NA,7.40740740740741,43001
"Melilla",2016,"mujeres",18.7115975848649,120.828920785793,28.6990544779577,20.0321364786234,5.00803411965585,5.00803411965585,1.03431487084852,24.4999140475383,NA,NA,NA,NA,NA,NA,NA,NA,NA,NA,NA,NA,25,41689
"Melilla",2017,"total",17.4726099932557,162.612322894564,28.8351895383942,18.4879640380601,6.69812764264066,5.65688799051604,1.10270992861757,26.754124221135,1.37961936655425,0.6265664160401,2.47623988868712,0.58570338890705,1.92203381836191,NA,NA,NA,NA,NA,29.03,21.48,14.17,84858
"Melilla",2017,"hombres",16.3835555142678,214.216900630211,49.6321241865633,29.0374878341865,11.4713689412144,11.311296481512,1.72857279792934,47.3817323159037,NA,NA,NA,NA,NA,NA,NA,NA,NA,NA,NA,NA,14.13,42958
"Melilla",2017,"mujeres",18.3050511915333,107.458193484506,9.36372946577763,8.54789485201179,2.80523035353143,0,0.501575110343008,6.94151981288278,NA,NA,NA,NA,NA,NA,NA,NA,NA,NA,NA,NA,14.29,41900
"Melilla",2018,"total",17.7202575998131,126.782981392092,30.0905961171488,7.48989087988942,13.1436639184576,5.60485175756224,0.823511789080569,17.552124732827,1.44085411942555,0.620046368684963,2.90532879818594,0.579608562031595,1.90145502645503,NA,NA,NA,NA,NA,34.04,16.71,13.9705882352941,84628
"Melilla",2018,"hombres",16.8673760874161,124.234415624615,45.4254586720789,9.30341249826359,20.516759468403,2.64736248943842,0.971951694752249,22.4445066745564,NA,NA,NA,NA,NA,NA,NA,NA,NA,NA,NA,NA,12.7659574468085,42742
"Melilla",2018,"mujeres",18.3242642031066,130.351280240982,13.5998872212461,5.40720257028171,5.51694174393131,8.45433889066676,0.659387167389619,12.1427954037585,NA,NA,NA,NA,NA,NA,NA,NA,NA,NA,NA,NA,16.6666666666667,41886
"Melilla",2019,"total",14.5100246410564,131.043117291704,19.4496453664758,4.00593874590183,19.2003964730788,6.95069961809152,0.765613179924226,15.643863550593,1.42171672294295,0.618080189186284,3.23440554469522,0.577770611630657,1.90746993661513,NA,NA,NA,NA,NA,37.62,18.41,21.3836477987421,84399
"Melilla",2019,"hombres",14.8569600573894,161.244525134456,27.8087237310373,5.45379855479068,27.1794887941739,8.13491260811569,1.00463099890544,23.5215730926729,NA,NA,NA,NA,NA,NA,NA,NA,NA,NA,NA,NA,25.6880733944954,42551
"Melilla",2019,"mujeres",14.0206000973179,99.2666855640526,10.8937790614761,2.73619459951751,11.7873890285016,5.1654084044008,0.522317780163477,7.62517063301587,NA,NA,NA,NA,NA,NA,NA,NA,NA,NA,NA,NA,12,41848
"Melilla",2020,"total",13.0875575984982,138.966709503774,35.6594230533393,18.2377887745793,12.7615161198886,8.36206056989358,1.19482121296236,29.7899896922077,1.54225786551511,0.618179863462882,3.70141887723627,0.577863785410955,1.9812081810848,NA,NA,NA,NA,NA,40.35,9.53,12.5,84307
"Melilla",2020,"hombres",13.4138112483002,138.245969668798,45.3769945690479,18.0768443374143,13.2568300922323,12.7058712245057,1.32247999237023,33.9974533405589,NA,NA,NA,NA,NA,NA,NA,NA,NA,NA,NA,NA,13.3333333333333,42332
"Melilla",2020,"mujeres",12.7536627280476,138.990359523504,25.6757556499991,18.0644821896156,12.4439335043738,4.02126150629145,1.05762580832444,25.2682115551114,NA,NA,NA,NA,NA,NA,NA,NA,NA,NA,NA,NA,10.3448275862069,41975
"Melilla",2021,"total",13.1560943213294,120.851867257052,38.819568110268,9.80873210970408,7.85249528378632,9.64621528667523,0.937258618845922,21.3010690167437,1.55699810764845,0.64774705477511,3.37748820274511,0.607262863851666,2.00014372290224,NA,NA,NA,NA,NA,40.35,18.94,15.8415841584158,83540
"Melilla",2021,"hombres",13.682547976607,151.405805288544,55.5928005872219,11.7913042862924,15.9542220455547,19.2919085679247,1.38302392894168,35.9929009974614,NA,NA,NA,NA,NA,NA,NA,NA,NA,NA,NA,NA,18.4210526315789,41823
"Melilla",2021,"mujeres",12.8472285294524,89.6561155901812,21.4689450114402,7.64697268150262,0,0,0.484913745606393,6.39238338226369,NA,NA,NA,NA,NA,NA,NA,NA,NA,NA,NA,NA,8,41716
"Melilla",2022,"total",13.559754246938,104.196670082714,27.8219516483196,7.94688447607294,9.57021169650889,8.71843617856208,0.797792142620206,16.7044393794783,1.56976393165489,0.649904545269914,3.86403429330435,0.609285511190544,2.01654289681821,NA,NA,NA,NA,NA,38.99,21.21,12.2137404580153,84825
"Melilla",2022,"hombres",13.6661501374068,127.290130546259,32.5742124526777,7.60834727785887,12.9763219410185,7.60834727785887,0.873885001003928,19.212358827194,NA,NA,NA,NA,NA,NA,NA,NA,NA,NA,NA,NA,10,42872
"Melilla",2022,"mujeres",13.3415190051658,80.6954741720417,22.4596145742702,8.2862631589251,6.27783780440909,9.59738951005327,0.714711533686413,13.9662129637692,NA,NA,NA,NA,NA,NA,NA,NA,NA,NA,NA,NA,17.0731707317073,41953
"Melilla",2023,"total",15.8359991727996,144.540007699245,28.6316255888017,7.34169899400983,10.7567617143126,8.78367777053388,0.876255162514751,19.2904761994873,1.51830137114293,0.650979860310572,3.73735722127491,0.650979860310572,1.95043329985284,NA,NA,NA,NA,NA,97.22,29.34,17.8294573643411,85622
"Melilla",2023,"hombres",16.0495800508019,179.581426068135,41.5808248685112,11.5174477230037,18.4860261201535,7.30286444572159,1.17166466682168,29.0267807177823,NA,NA,NA,NA,NA,NA,NA,NA,NA,NA,NA,NA,14.4444444444444,43099
"Melilla",2023,"mujeres",16.9223361055193,110.168209994912,15.2117694620706,2.79314004804201,3.19616924587839,10.3949738145406,0.57386884287188,9.32422512331839,NA,NA,NA,NA,NA,NA,NA,NA,NA,NA,NA,NA,25.6410256410256,42523
"Melilla",2024,"total",NA,108.151029084831,26.6207751475548,11.7985039368461,8.12122381950126,5.65539801929333,0.830328188065923,17.7767841810574,1.70272899967567,0.658698247588204,3.61395542788306,0.658698247588204,1.93439280915535,NA,NA,NA,NA,NA,137.18,22.82,25,86332
"Melilla",2024,"hombres",NA,127.47766892089,32.5809102307104,14.6062162890664,12.0580411532038,7.16318326704441,1.0359862409394,24.5550001836657,NA,NA,NA,NA,NA,NA,NA,NA,NA,NA,NA,NA,27.2,43430
"Melilla",2024,"mujeres",NA,87.8012615028634,20.4141407160813,9.04783838915575,4.07000407000407,4.07000407000407,0.620363330837416,10.8566216327561,NA,NA,NA,NA,NA,NA,NA,NA,NA,NA,NA,NA,20,42902
"Melilla",2025,"total",NA,NA,NA,NA,NA,NA,NA,NA,NA,NA,NA,NA,NA,NA,NA,NA,NA,NA,82,16,NA,87074
"Melilla",2025,"hombres",NA,NA,NA,NA,NA,NA,NA,NA,NA,NA,NA,NA,NA,NA,NA,NA,NA,NA,NA,NA,NA,43628
"Melilla",2025,"mujeres",NA,NA,NA,NA,NA,NA,NA,NA,NA,NA,NA,NA,NA,NA,NA,NA,NA,NA,NA,NA,NA,43446
"País Vasco",1990,"total",NA,7.05944588524057,42.3766519289095,8.49157706224127,31.4358135988408,17.0443034803127,1.06380886326435,25.4719968256278,NA,NA,NA,NA,NA,NA,NA,NA,NA,NA,NA,NA,NA,2109805
"País Vasco",1990,"hombres",NA,13.4444334387268,70.33336836666,8.637413214072,41.174889362231,31.7624430080783,1.58174178783485,42.5423774333897,NA,NA,NA,NA,NA,NA,NA,NA,NA,NA,NA,NA,NA,1037419
"País Vasco",1990,"mujeres",NA,1.42666285683363,18.3406469531515,8.17567617327976,23.3350561718974,5.61487228675161,0.636936026016574,11.4028356326466,NA,NA,NA,NA,NA,NA,NA,NA,NA,NA,NA,NA,NA,1072386
"País Vasco",1991,"total",NA,8.75929997577859,45.0037652436971,9.45670331857007,31.8828318779983,17.4659217289074,1.11783463830757,27.2526145443836,NA,NA,NA,NA,NA,NA,NA,NA,NA,NA,NA,NA,NA,2102913
"País Vasco",1991,"hombres",NA,17.3737647345919,76.6810270221256,8.87228043111275,41.7131493433463,31.844574832271,1.63725177742376,44.3719128903243,NA,NA,NA,NA,NA,NA,NA,NA,NA,NA,NA,NA,NA,1033234
"País Vasco",1991,"mujeres",NA,1.03017186682112,17.6327703052247,9.87024680691752,23.5437991703316,5.96718104968025,0.683451272286455,12.9359163081976,NA,NA,NA,NA,NA,NA,NA,NA,NA,NA,NA,NA,NA,1069679
"País Vasco",1992,"total",NA,7.53658081733118,41.1568030588953,6.62850978903118,27.9443373786629,14.4759199863012,0.932543974245404,21.1456805987784,NA,NA,NA,NA,NA,NA,NA,NA,NA,NA,NA,NA,NA,2098707
"País Vasco",1992,"hombres",NA,14.3618639961824,70.2589060408028,8.00588448908012,38.3855355352349,24.5337299915559,1.41643868566094,37.0942069543796,NA,NA,NA,NA,NA,NA,NA,NA,NA,NA,NA,NA,NA,1030680
"País Vasco",1992,"mujeres",NA,1.29454667337204,15.5676684408535,5.4833019546139,19.2896357641433,6.34461620119136,0.525572452020274,7.73244029036574,NA,NA,NA,NA,NA,NA,NA,NA,NA,NA,NA,NA,NA,1068027
"País Vasco",1993,"total",NA,9.20967489009108,43.3334701814363,7.73024841850869,24.317241556209,15.0553231499584,0.950390982721173,21.7338942707398,NA,NA,NA,NA,NA,NA,NA,NA,NA,NA,NA,NA,NA,2093909
"País Vasco",1993,"hombres",NA,16.8395547425375,73.3145895369708,8.64901762420876,33.2974046078887,27.5041497982401,1.45555047227379,38.3832794424523,NA,NA,NA,NA,NA,NA,NA,NA,NA,NA,NA,NA,NA,1027745
"País Vasco",1993,"mujeres",NA,2.01671954576537,17.3014654124705,6.8979296559662,16.6354926791095,4.90694417883734,0.522208947889705,7.62158366596364,NA,NA,NA,NA,NA,NA,NA,NA,NA,NA,NA,NA,NA,1066164
"País Vasco",1994,"total",NA,9.19621288006483,38.4859001280758,6.81547345006513,25.7283977899175,12.8033583821857,0.875394265614578,19.2621021822105,NA,NA,NA,NA,NA,NA,NA,NA,NA,NA,NA,NA,NA,2088285
"País Vasco",1994,"hombres",NA,17.7116741344377,62.3366716963737,8.43307185156377,35.3384612232274,23.4915886834703,1.34196900331554,34.6397852308923,NA,NA,NA,NA,NA,NA,NA,NA,NA,NA,NA,NA,NA,1024344
"País Vasco",1994,"mujeres",NA,1.42741248621081,17.4258131673752,5.42302382258219,17.5338827383848,4.01180196922876,0.477714618702431,6.15510973066851,NA,NA,NA,NA,NA,NA,NA,NA,NA,NA,NA,NA,NA,1063941
"País Vasco",1995,"total",NA,8.73615027715327,38.566878950897,7.81529969162665,24.9000001642983,13.8652674616142,0.910465282245818,20.4179962638483,NA,NA,NA,NA,NA,NA,NA,NA,NA,NA,NA,NA,NA,2082014
"País Vasco",1995,"hombres",NA,16.9693725101242,65.4531096719741,8.48395038898946,35.9474236352502,24.1236981483208,1.37596484080689,35.7602428375182,NA,NA,NA,NA,NA,NA,NA,NA,NA,NA,NA,NA,NA,1020622
"País Vasco",1995,"mujeres",NA,1.12042181410434,14.8446098732712,7.13501583415129,15.385796609832,5.35123937156319,0.508217087410153,7.16043054658102,NA,NA,NA,NA,NA,NA,NA,NA,NA,NA,NA,NA,NA,1061392
"País Vasco",1996,"total",NA,7.84236522621296,46.5273767491443,7.80829238467708,24.6996129597855,15.0953817734834,0.972011543757198,22.4464792181909,1.2,NA,2.31,NA,4.18,NA,NA,NA,NA,NA,NA,NA,NA,2077033
"País Vasco",1996,"hombres",NA,14.4785702374761,79.0927772420983,9.96083658301872,33.6340247605802,26.2367484708989,1.49837738611188,39.7947975846485,NA,NA,NA,NA,NA,NA,NA,NA,NA,NA,NA,NA,NA,1017519
"País Vasco",1996,"mujeres",NA,1.70328236796057,17.3435345410632,5.94013214950679,16.8032586939604,5.64932672613084,0.511749816536573,7.27686460186361,NA,NA,NA,NA,NA,NA,NA,NA,NA,NA,NA,NA,NA,1059514
"País Vasco",1997,"total",NA,7.16735946540196,42.8156061054484,6.98514860518616,23.501209863502,12.2385251075579,0.868624177029738,19.0389690632119,1.2,NA,2.31,NA,4.05,NA,NA,NA,NA,NA,NA,NA,7.29346698928448,2073569
"País Vasco",1997,"hombres",NA,13.8156073532301,72.3490384996743,8.20664716413021,33.5234052968166,22.0073373046374,1.34159574431391,34.6274831104423,NA,NA,NA,NA,NA,NA,NA,NA,NA,NA,NA,NA,7.43405275779377,1015178
"País Vasco",1997,"mujeres",NA,0.978329240845137,16.3628642061554,5.93992272931442,14.84286856924,4.01760042359868,0.457919595936675,5.50269209757256,NA,NA,NA,NA,NA,NA,NA,NA,NA,NA,NA,NA,7.10204081632653,1058391
"País Vasco",1998,"total",NA,6.81513191811179,38.7022405881503,7.36873342618908,25.2536924053788,14.6353047550961,0.912782520712891,20.4943693629802,1.22,NA,2.31,NA,4.02,NA,NA,NA,NA,NA,NA,NA,8.54184641932701,2070927
"País Vasco",1998,"hombres",NA,12.3294120886072,65.2940865078881,8.40089401762351,33.2071496745967,26.2652279703366,1.373912581169,35.6926030883098,NA,NA,NA,NA,NA,NA,NA,NA,NA,NA,NA,NA,8.46587993842996,1013400
"País Vasco",1998,"mujeres",NA,1.73751981400756,14.9233636957638,6.4787570670156,18.4481426575557,4.76922216929524,0.513089739508848,7.32102668161703,NA,NA,NA,NA,NA,NA,NA,NA,NA,NA,NA,NA,8.63874345549738,1057527
"País Vasco",1999,"total",NA,166.551015441823,36.5495314744688,7.2511279636428,23.997571437433,14.3135652679049,1.18356823551912,29.4191065163873,1.23,NA,2.32,NA,4.03,NA,NA,NA,NA,NA,NA,NA,8.56498873027799,2070048
"País Vasco",1999,"hombres",NA,240.127280443839,63.0251732050139,9.42105005615941,33.156775153691,25.8990722297366,1.81338872313945,50.1771524489966,NA,NA,NA,NA,NA,NA,NA,NA,NA,NA,NA,NA,8.55117412494462,1012503
"País Vasco",1999,"mujeres",NA,100.953623881004,12.9680416365112,5.45949011174099,16.1220963304891,4.29378938368387,0.633931871708092,11.3038227006289,NA,NA,NA,NA,NA,NA,NA,NA,NA,NA,NA,NA,8.58294930875576,1057545
"País Vasco",2000,"total",NA,173.939584261911,37.2839403064924,6.09009776575702,22.2944847573042,13.1571372094475,1.1357699610062,27.8437389357176,1.29,NA,2.34,NA,3.96,NA,NA,NA,NA,NA,NA,NA,8.68939030244839,2073411
"País Vasco",2000,"hombres",NA,251.99290332238,63.7139031142945,8.15044701607428,32.9577108097014,23.4942242715886,1.76444533243893,48.5640433612026,NA,NA,NA,NA,NA,NA,NA,NA,NA,NA,NA,NA,8.16925010473398,1013812
"País Vasco",2000,"mujeres",NA,104.347074353667,13.2638721308359,4.28473247354171,12.9741869612991,4.27429402519276,0.581029124155006,9.56021847489563,NA,NA,NA,NA,NA,NA,NA,NA,NA,NA,NA,NA,9.38729623383924,1059599
"País Vasco",2001,"total",NA,170.745646172779,32.030793292409,5.28293981560265,22.628788358482,10.5265038584871,1.03823348044381,24.629066210051,1.32,NA,2.4,NA,3.9,NA,NA,NA,NA,NA,NA,NA,8.81648298993771,2079402
"País Vasco",2001,"hombres",NA,251.072589540121,53.9229193279152,6.34679821389002,30.6974516420834,18.2724993567424,1.55100012304299,41.5291730325525,NA,NA,NA,NA,NA,NA,NA,NA,NA,NA,NA,NA,8.18965517241379,1016470
"País Vasco",2001,"mujeres",NA,98.8328364727037,12.0356542066586,4.28383497234937,15.452767175767,3.83684153736586,0.580421264263581,9.54018422101725,NA,NA,NA,NA,NA,NA,NA,NA,NA,NA,NA,NA,9.60086299892125,1062932
"País Vasco",2002,"total",NA,170.915077258717,31.6943191716561,5.99156265234836,21.5985430540612,12.0830119663086,1.07121949012897,25.7162412347396,1.33,NA,2.45,NA,3.89,19.8077216446966,NA,NA,NA,NA,NA,NA,9.08447380840019,2085134
"País Vasco",2002,"hombres",NA,245.509307027775,55.6723403465727,7.21674451528677,30.9028413087928,19.8873661763261,1.60189806977119,43.206701688458,NA,NA,NA,NA,NA,NA,NA,NA,NA,NA,NA,NA,9.71117622436166,1019207
"País Vasco",2002,"mujeres",NA,104.153029516609,9.95300223567194,4.87971094811549,13.4223257408615,5.33777586106138,0.599868393133528,10.1811357338284,NA,NA,NA,NA,NA,NA,NA,NA,NA,NA,NA,NA,8.27474310438075,1065927
"País Vasco",2003,"total",NA,166.850489164791,30.2018440759042,5.81938800521244,17.9238671141038,10.001815511993,0.979399556890805,22.6899783087931,1.37,NA,2.46,NA,3.82,20.590037593513,NA,NA,NA,NA,NA,NA,8.8307240704501,2091438
"País Vasco",2003,"hombres",NA,242.966038436696,50.6259929793891,7.85500061565277,24.6551353358504,17.6645066680415,1.48624948502547,39.3950780887506,NA,NA,NA,NA,NA,NA,NA,NA,NA,NA,NA,NA,9.17626973965002,1022562
"País Vasco",2003,"mujeres",NA,98.5955041315174,11.4839396254126,4.08377659444721,12.0430829281964,3.40771150903439,0.531178474375689,7.91720733405563,NA,NA,NA,NA,NA,NA,NA,NA,NA,NA,NA,NA,8.36676217765043,1068876
"País Vasco",2004,"total",NA,159.526542623588,27.9431168655829,5.77462876855629,17.7090262699827,10.1627774644849,0.952391775364803,21.7998377362422,1.4,0.58,2.47,0.45,3.82,20.5096268531806,NA,NA,NA,NA,NA,NA,10.0023369946249,2099136
"País Vasco",2004,"hombres",NA,233.087696915409,47.3720072824948,7.70056254215483,27.516427874003,18.0023042644148,1.47910022742596,39.1594480631295,NA,NA,NA,NA,NA,NA,NA,NA,NA,NA,NA,NA,9.80554406288788,1026279
"País Vasco",2004,"mujeres",NA,93.2428412448488,10.2502064178584,4.0560998551457,8.94472835926765,3.40263576594207,0.483076352571877,6.33182535063973,NA,NA,NA,NA,NA,NA,NA,NA,NA,NA,NA,NA,10.2577873254565,1072857
"País Vasco",2005,"total",NA,154.116605808069,26.52753306834,6.20488605896531,17.5567158662395,11.5840535989787,0.967932766684077,22.3120481485498,1.44,0.63,2.51,0.55,3.85,20.4196287022618,NA,NA,NA,NA,NA,NA,9.46201038225578,2108270
"País Vasco",2005,"hombres",NA,227.106126369604,46.6014930017565,8.72301844638342,24.3403444993584,21.1791744785934,1.51265480986325,40.265362489817,NA,NA,NA,NA,NA,NA,NA,NA,NA,NA,NA,NA,9.38809723386421,1030512
"País Vasco",2005,"mujeres",NA,88.6868713048809,8.31370758733642,3.92960984284731,11.567283013999,3.25450568926017,0.483480890671623,6.34515838857843,NA,NA,NA,NA,NA,NA,NA,NA,NA,NA,NA,NA,9.55723542116631,1077758
"País Vasco",2006,"total",18.7909960457009,158.268238327391,24.1037779480401,5.49753052973261,18.0795442323671,8.87343839588759,0.90315441378385,20.1770397590604,1.49,0.63,2.57,0.55,3.8,20.0181182578106,NA,NA,NA,NA,NA,NA,10.2437880918894,2117990
"País Vasco",2006,"hombres",16.8493858909454,227.876239358239,41.9452150168563,6.13846473497665,26.228339702783,15.577606887481,1.34519823956053,34.7462165642935,NA,NA,NA,NA,NA,NA,NA,NA,NA,NA,NA,NA,10.8016877637131,1035077
"País Vasco",2006,"mujeres",20.4513304826876,95.7539360810789,7.77339659247779,4.81413267413637,10.9032970845533,2.99569765237892,0.505530830921154,7.07189510405183,NA,NA,NA,NA,NA,NA,NA,NA,NA,NA,NA,NA,9.5464135021097,1082913
"País Vasco",2007,"total",18.7596896074314,157.34372508133,26.1750395954388,5.33760497738673,17.041489849252,9.10056503095108,0.902612151007738,20.1591674988921,1.54,0.64,2.62,0.57,3.78,18.6756065549622,NA,NA,NA,NA,NA,NA,9.52930318412552,2130375
"País Vasco",2007,"hombres",16.9685225253757,224.6475778393,45.291923111474,6.86612414706003,24.7054143940987,14.8890062471524,1.34964682367728,34.8928359824383,NA,NA,NA,NA,NA,NA,NA,NA,NA,NA,NA,NA,9.52188006482982,1040808
"País Vasco",2007,"mujeres",20.2996614267338,97.1992980099089,8.73583547307697,3.96890443090583,10.2926625034928,4.08028856093111,0.504650130658496,7.04286839427586,NA,NA,NA,NA,NA,NA,NA,NA,NA,NA,NA,NA,9.53912111468382,1089567
"País Vasco",2008,"total",18.17580468028,155.260915132891,23.3050521113403,4.08079548826163,14.3818922655048,7.56889780203871,0.798531302348177,16.7288011014076,1.63,0.69,2.66,0.59,3.75,17.9390648250303,NA,NA,NA,NA,NA,NA,9.13978494623656,2138453
"País Vasco",2008,"hombres",16.5534293682786,224.446603847577,40.4577390678628,4.99874128827576,19.840973941126,13.6136686543451,1.20547313085001,30.1410627441778,NA,NA,NA,NA,NA,NA,NA,NA,NA,NA,NA,NA,9.68403775133361,1043277
"País Vasco",2008,"mujeres",19.5882915784624,93.5455024639674,7.69310637368098,3.22529909587131,9.66858858596862,2.35082525756648,0.437353519851827,4.82486157218614,NA,NA,NA,NA,NA,NA,NA,NA,NA,NA,NA,NA,8.48544647261963,1095176
"País Vasco",2009,"total",17.623070815852,154.68625203403,23.0428284455826,3.47267739900183,14.1978179569724,7.02519797599912,0.769413441673508,15.7691151254435,1.71,0.61,2.94,0.57,3.71,17.3261825304007,NA,NA,NA,NA,NA,NA,9.02385050405705,2134702
"País Vasco",2009,"hombres",16.2063849151395,218.166144472486,41.1421099312228,4.58245305168664,17.0660740692377,11.8486472300638,1.12954470360996,27.6385627283481,NA,NA,NA,NA,NA,NA,NA,NA,NA,NA,NA,NA,8.89664195377235,1040298
"País Vasco",2009,"mujeres",18.8104159869665,97.8689980170302,6.59811863137057,2.49638519711104,11.4435481846523,2.78593590968021,0.445649333048602,5.09828054596017,NA,NA,NA,NA,NA,NA,NA,NA,NA,NA,NA,NA,9.18827508455468,1094404
"País Vasco",2010,"total",17.9317781699072,148.36884163701,21.5281546198418,3.78714693658057,13.2436129882388,7.94408067997994,0.763326977767333,15.5685133669823,2.03092316730466,0.62,3.86679913037947,0.56,3.69326792469775,17.1643224828881,NA,NA,NA,NA,NA,NA,9.80248719824433,2137935
"País Vasco",2010,"hombres",16.5450383790762,203.730334480653,38.1251804605918,4.49316250152476,18.3243679873811,12.2028195051631,1.10134136464922,26.7090181722289,NA,NA,NA,NA,NA,NA,NA,NA,NA,NA,NA,NA,8.9585172109444,1039659
"País Vasco",2010,"mujeres",19.1046278661256,98.8592953799251,6.41043576157193,3.11912680392607,8.80322699942454,4.22342379674851,0.461083323436956,5.60696434984117,NA,NA,NA,NA,NA,NA,NA,NA,NA,NA,NA,NA,10.8446866485014,1098276
"País Vasco",2011,"total",19.569775255758,151.041084550884,21.8202863524754,4.43403911516901,12.8304268620999,6.3679788087512,0.755594415353703,15.313658390185,2.11291798391156,0.78,3.83859299212402,0.69,3.62711321170583,16.1786204820667,NA,NA,NA,NA,NA,NA,10.573600552868,2127851
"País Vasco",2011,"hombres",16.3227653192069,212.753769791861,38.9421417706162,6.86051998619823,17.6560874878507,10.5768543193685,1.14909154403562,28.2828006014703,NA,NA,NA,NA,NA,NA,NA,NA,NA,NA,NA,NA,11.0504201680672,1030497
"País Vasco",2011,"mujeres",22.0980394609405,95.810462867242,6.10734262691278,2.26615838970501,8.54761284153387,2.6685758477467,0.402852255154904,3.68774575682454,NA,NA,NA,NA,NA,NA,NA,NA,NA,NA,NA,NA,9.9949005609383,1097354
"País Vasco",2012,"total",19.0020844986515,144.031388325783,20.2468577387479,3.49586311777635,12.0108129939363,6.59373490746356,0.70544544099328,13.660814867771,2.13330914701174,0.78,3.81784865503739,0.71,3.60291161741774,15.3804660512498,NA,NA,NA,NA,52,30,9.79881656804734,2116889
"País Vasco",2012,"hombres",16.8795250934801,206.255503293036,34.7642880241396,5.14280979600975,17.7341988593266,11.7957097499138,1.09123721217436,26.3759987400161,NA,NA,NA,NA,NA,NA,NA,NA,NA,NA,NA,NA,10.8464483198639,1021657
"País Vasco",2012,"mujeres",20.7002248967792,88.0562672194378,6.78487049783825,2.01235244258159,6.89231184510607,2.0066310801267,0.35797375485787,2.20861005250299,NA,NA,NA,NA,NA,NA,NA,NA,NA,NA,NA,NA,8.48452508004269,1095232
"País Vasco",2013,"total",19.6277114199915,144.021441315315,20.6328180080895,4.66052944979698,10.882786131456,6.35621030757661,0.722180971149241,14.2123956920097,2.21635290604875,0.78,4.09725780469554,0.64,3.40101887724446,14.87593216986,NA,NA,NA,NA,50,30,10.1304863582444,2170892
"País Vasco",2013,"hombres",17.115994146556,201.376019517656,36.3463499879315,5.75879660145832,14.4785767179705,9.71112289751619,1.03912896942161,24.6585803362165,NA,NA,NA,NA,NA,NA,NA,NA,NA,NA,NA,NA,9.96503496503497,1055855
"País Vasco",2013,"mujeres",21.5966379747678,92.5242571164335,6.09322388922929,3.65524569447146,7.708079102474,3.38446880221521,0.43592785948275,4.77787370182101,NA,NA,NA,NA,NA,NA,NA,NA,NA,NA,NA,NA,10.3269330565646,1115037
"País Vasco",2014,"total",20.0119111849959,146.944663342342,18.9091715239138,3.5368599279779,10.9368030323482,6.34980230182976,0.689915781259544,13.1489779294575,2.13071003036481,0.777391023317363,4.41800161292856,0.66951710041883,3.37135324336284,14.1768501735013,NA,NA,NA,NA,50,29,9.89800649049606,2165332
"País Vasco",2014,"hombres",17.2816075396219,197.695655583083,32.7103345608989,5.6718948593286,14.9995829915462,10.6846995634334,1.0313372102355,24.4017743124997,NA,NA,NA,NA,NA,NA,NA,NA,NA,NA,NA,NA,9.80891719745223,1051775
"País Vasco",2014,"mujeres",22.0747256245844,101.549260970978,6.13287397653546,1.62865277533907,7.28724901688846,2.52393873816558,0.382884049841419,3.0296202571997,NA,NA,NA,NA,NA,NA,NA,NA,NA,NA,NA,NA,10.0051046452272,1113557
"País Vasco",2015,"total",20.0819272838369,142.782548870807,17.9345492478304,3.07077095077743,10.8747305436447,6.24929148611164,0.662376768422045,12.2413286791459,2.15171409416625,0.786855383013946,4.35009409417549,0.686630228082561,3.34885629257398,13.9751508077272,5.2017,3384908174,65073341000,"real",51,28,10.130414531905,2162984
"País Vasco",2015,"hombres",17.835036335512,190.282989951378,30.8104792762923,4.30313896216506,14.3434329954237,10.2835344339191,0.958535769059387,22.0023356000442,NA,NA,NA,NA,NA,NA,NA,NA,NA,NA,NA,NA,9.15798611111111,1049388
"País Vasco",2015,"mujeres",21.9090536097031,100.374077234428,6.08626069495742,1.95644993596197,7.75759879651722,2.6978395394349,0.396301089524074,3.47182804733449,NA,NA,NA,NA,NA,NA,NA,NA,NA,NA,NA,NA,11.2562814070352,1113596
"País Vasco",2016,"total",20.7661379454918,138.772395235348,17.984397788362,3.47738041322329,10.6292770319336,6.88011889476128,0.673755808843308,12.6163667231226,2.12735886964546,0.791207900448777,4.34339618109985,0.700265308063885,3.30327195738262,13.9154911521297,5.0908,3416697951,67114993000,"real",50.38,26.58,8.9171974522293,2165127
"País Vasco",2016,"hombres",18.7870316098508,186.936903019856,30.9822660706629,5.27221821653736,14.81430414159,10.4374326177937,0.985045925147694,22.8760750997561,NA,NA,NA,NA,NA,NA,NA,NA,NA,NA,NA,NA,9.55173858399665,1049555
"País Vasco",2016,"mujeres",22.5280165901647,95.8521779550147,6.0407087349789,1.87725767304898,6.84982484510405,3.72990898632707,0.394175944914315,3.40178610635301,NA,NA,NA,NA,NA,NA,NA,NA,NA,NA,NA,NA,8.16326530612245,1115572
"País Vasco",2017,"total",20.784366550854,137.441615325314,18.9019212457373,2.56574678829432,10.6849247376895,6.03049922236053,0.639171794573383,11.4765235918495,2.2084292149304,0.792753178940248,4.45422687907939,0.700265308063885,3.29765030882025,13.7214696380583,5.0846,3538134644,69585295000,"real",49.56,27.52,10.08,2168257
"País Vasco",2017,"hombres",18.889332197599,185.027650264985,31.9288438422384,4.0119573132846,14.288984844462,8.91042873104899,0.923415491168317,20.8448179327747,NA,NA,NA,NA,NA,NA,NA,NA,NA,NA,NA,NA,9.98,1050051
"País Vasco",2017,"mujeres",22.477688538439,94.9544467917907,6.82743791720893,1.25979100609187,7.46863137738287,3.50197411370266,0.383283217420274,3.0427762899099,NA,NA,NA,NA,NA,NA,NA,NA,NA,NA,NA,NA,10.19,1118206
"País Vasco",2018,"total",20.879134469701,134.703687323643,17.6144369490893,3.75014065018904,10.8860984352119,5.18403590646844,0.644486631968244,11.6516935663667,2.30370203305732,0.795636971389616,4.94340855844867,0.685241791832516,3.2265636866597,13.4339777393538,5.1069,3672658495,71915111000,"real",49.21,28.69,8.13429472735466,2172266
"País Vasco",2018,"hombres",18.9817631293846,181.995611809902,28.9618845889728,5.18854225283698,14.2367719262831,8.07318988066456,0.916288466197148,20.6099206650256,NA,NA,NA,NA,NA,NA,NA,NA,NA,NA,NA,NA,8.18143281051293,1051449
"País Vasco",2018,"mujeres",22.5839588033257,92.7057717943629,7.11666272696958,2.4701094197079,7.88922420229878,2.5620829347073,0.399531073336661,3.57828401956966,NA,NA,NA,NA,NA,NA,NA,NA,NA,NA,NA,NA,8.08080808080808,1120818
"País Vasco",2019,"total",19.4786658240025,128.439395283921,16.2136756653108,3.24020135868479,10.4259714432406,6.18130461116573,0.624297009954435,10.9862704666702,2.28973172648797,0.80217062080954,4.57579694901039,0.691541595631961,3.25952202537679,12.6545541013232,5.1291,3795519108,73999981000,"real",47.95,29.34,8.99638336347197,2181919
"País Vasco",2019,"hombres",18.3312295542442,172.661437654524,26.9415354067196,5.11026475866609,13.7091898040482,9.34856978159222,0.901891152645828,20.1354043514429,NA,NA,NA,NA,NA,NA,NA,NA,NA,NA,NA,NA,8.62777321281841,1055722
"País Vasco",2019,"mujeres",20.5735322171958,88.7033944796391,6.38413293958538,1.55846754061325,7.52216607645123,3.39460759680644,0.375232161663413,2.77742419595315,NA,NA,NA,NA,NA,NA,NA,NA,NA,NA,NA,NA,9.44723618090452,1126196
"País Vasco",2020,"total",18.6857936582472,123.870612387606,18.1485575571964,4.37407537761881,10.307045813417,5.58608380514604,0.643977153889345,11.6349018462317,2.30783494664074,0.808004727800092,4.84631637023647,0.693080641789138,3.320395816758,11.88739846847,5.9077,3938835835,66672598000,"real",68.01,30.34,9.31372549019608,2189374
"País Vasco",2020,"hombres",17.5115433641024,161.668286466921,31.4844906996342,7.16129774293368,12.0359911034149,8.25351355370934,0.923568735588093,20.8498686651137,NA,NA,NA,NA,NA,NA,NA,NA,NA,NA,NA,NA,9.38430983118173,1059246
"País Vasco",2020,"mujeres",19.8049961906412,90.0064433991876,5.94126885603478,1.87016450951351,8.80069986480695,3.23616898438262,0.392962180052816,3.36178203020496,NA,NA,NA,NA,NA,NA,NA,NA,NA,NA,NA,NA,9.23737916219119,1130128
"País Vasco",2021,"total",19.1495406970861,123.345061380347,17.1339823462629,3.30479179815396,10.4948721049275,5.58754370079745,0.61193942835175,10.5789810063135,2.42186789661186,0.769424761914893,4.78266100553898,0.707817594918251,3.32145819040455,11.6558260604921,5.5018,3989532488,72513029000,"real",71.03,33.55,10.0160808637721,2177827
"País Vasco",2021,"hombres",17.9578641187334,156.88217712168,29.1205637273517,5.1459490906071,12.4028649921627,8.67182066801017,0.860667224507889,18.776718486772,NA,NA,NA,NA,NA,NA,NA,NA,NA,NA,NA,NA,10.2967625899281,1053245
"País Vasco",2021,"mujeres",20.2780188815708,93.6609118017181,6.0672629077883,1.63555622191464,8.7795179334104,2.83166561893977,0.387526200672601,3.1826193769074,NA,NA,NA,NA,NA,NA,NA,NA,NA,NA,NA,NA,9.72287458900892,1124581
"País Vasco",2022,"total",18.8909706487552,124.993297207975,19.1996077857114,3.04928152965765,8.5910409408719,6.085412734398,0.609982781040232,10.5144925122668,2.46139655487003,0.769424761914893,4.79580356872702,0.707817594918251,3.3356530700753,11.3908582385201,5.2189,4186527007,80218167000,"real",73.25,48.16,10.4028331119965,2209725
"País Vasco",2022,"hombres",17.8237109787865,159.046807911475,33.1716903672766,4.68760527167481,11.1780968285469,7.48709714791491,0.843529429124646,18.2118795354492,NA,NA,NA,NA,NA,NA,NA,NA,NA,NA,NA,NA,10.6118955926401,1074097
"País Vasco",2022,"mujeres",19.9117244227304,94.7764767115673,6.27712617808426,1.55101697762636,6.24540122466356,4.8968981301146,0.399142520972764,3.56547785023168,NA,NA,NA,NA,NA,NA,NA,NA,NA,NA,NA,NA,10.1788170563961,1135628
"País Vasco",2023,"total",19.7370582677984,118.186141690407,18.0552723788131,3.59814125426892,9.79090080483123,5.98233410032572,0.614606483674987,10.6668836039469,2.53004399138157,0.79726039485577,5.25252779586272,0.683678092027003,3.25798805074656,11.2186771841608,5.3361,4628962720,86748107000,"real",62.78,61.02,10.2342506254264,2224072
"País Vasco",2023,"hombres",17.772419414543,151.678238280674,31.1259676498447,5.4082322757159,12.708039615773,8.55158010483957,0.869573806294929,19.070267581271,NA,NA,NA,NA,NA,NA,NA,NA,NA,NA,NA,NA,9.78499341816586,1080181
"País Vasco",2023,"mujeres",21.3047560867341,88.2219110733969,6.00115459362212,1.92776361309035,7.18359102027113,3.66703877518481,0.382929430914763,3.03111595704349,NA,NA,NA,NA,NA,NA,NA,NA,NA,NA,NA,NA,10.7176581680831,1143891
"País Vasco",2024,"total",NA,113.125316937007,16.9239646129873,3.05626426116563,9.82362106229155,5.56779280117048,0.578124320426909,9.4644800059219,2.81639192929786,0.792927872715343,5.11928814362121,0.831497893673216,3.26721161977679,NA,5.3364,4888865872,91612735000,"real",59.24,42.57,10.0288440204127,2233709
"País Vasco",2024,"hombres",NA,140.176100017169,28.3863644138554,4.59319433323724,13.9339849308942,6.74600890916749,0.792848355998325,16.5414987451307,NA,NA,NA,NA,NA,NA,NA,NA,NA,NA,NA,NA,10.746887966805,1087130
"País Vasco",2024,"mujeres",NA,88.9535487147154,6.28214115614609,1.6736649923263,6.06538113646073,4.54020582234634,0.383387436675208,3.04621121799417,NA,NA,NA,NA,NA,NA,NA,NA,NA,NA,NA,NA,9.20362422508345,1146579
"País Vasco",2025,"total",NA,NA,NA,NA,NA,NA,NA,NA,NA,NA,NA,NA,NA,NA,5.3762,5106543104,94984725555.0161,"proyeccion",64,49,NA,2246534
"País Vasco",2025,"hombres",NA,NA,NA,NA,NA,NA,NA,NA,NA,NA,NA,NA,NA,NA,NA,NA,NA,NA,NA,NA,NA,1094403
"País Vasco",2025,"mujeres",NA,NA,NA,NA,NA,NA,NA,NA,NA,NA,NA,NA,NA,NA,NA,NA,NA,NA,NA,NA,NA,1152131
"Principado de Asturias",1990,"total",NA,7.1169026532213,54.3087271294763,12.4364376295344,37.2287521164187,29.5105293355082,1.50017421935935,39.8540188196152,NA,NA,NA,NA,NA,NA,NA,NA,NA,NA,NA,NA,NA,1098071
"Principado de Asturias",1990,"hombres",NA,12.961628755891,90.7720357693893,12.3576778322465,46.9230205121224,53.6875892207707,2.21970895632249,63.5689271364633,NA,NA,NA,NA,NA,NA,NA,NA,NA,NA,NA,NA,NA,530133
"Principado de Asturias",1990,"mujeres",NA,1.93755593126467,23.0647079199011,12.3976589921167,28.747539269424,10.6463029568607,0.910488331500526,20.4187559366398,NA,NA,NA,NA,NA,NA,NA,NA,NA,NA,NA,NA,NA,567938
"Principado de Asturias",1991,"total",NA,6.93096134068321,55.7566730770253,11.077275439709,29.3589885187389,30.8363314543643,1.4190318690802,37.1796748322698,NA,NA,NA,NA,NA,NA,NA,NA,NA,NA,NA,NA,NA,1094260
"Principado de Asturias",1991,"hombres",NA,13.0869681786276,94.697862395047,12.5354880822704,37.4460602502708,58.1276035841769,2.22955637444801,63.8934849458473,NA,NA,NA,NA,NA,NA,NA,NA,NA,NA,NA,NA,NA,527875
"Principado de Asturias",1991,"mujeres",NA,1.41794851355862,22.9525318719107,9.52569296527468,22.5903794622911,8.59074705266259,0.740520519436731,14.8168428213392,NA,NA,NA,NA,NA,NA,NA,NA,NA,NA,NA,NA,NA,566385
"Principado de Asturias",1992,"total",NA,6.56837527831411,53.662924802345,9.23948518179343,34.8419305582379,26.0891598694462,1.33241976926659,34.3250551722397,NA,NA,NA,NA,NA,NA,NA,NA,NA,NA,NA,NA,NA,1092475
"Principado de Asturias",1992,"hombres",NA,11.9584629332851,87.6672120065065,10.1951558426733,44.2559078950105,46.1276271277088,1.99039706507737,56.0111120686419,NA,NA,NA,NA,NA,NA,NA,NA,NA,NA,NA,NA,NA,526801
"Principado de Asturias",1992,"mujeres",NA,1.69554840470615,24.3317207012704,8.3291199342471,26.9325563377304,10.0426085772362,0.785427775389157,16.2969262738321,NA,NA,NA,NA,NA,NA,NA,NA,NA,NA,NA,NA,NA,565674
"Principado de Asturias",1993,"total",NA,6.09394015537167,58.6115081653834,10.5724237725085,38.3959883885607,25.3326876116126,1.41487890221819,37.0427985658213,NA,NA,NA,NA,NA,NA,NA,NA,NA,NA,NA,NA,NA,1090091
"Principado de Asturias",1993,"hombres",NA,11.9565086381979,94.0222735804364,10.4201475998976,44.3589176020321,46.2140236145541,2.03404837423189,57.4498011844431,NA,NA,NA,NA,NA,NA,NA,NA,NA,NA,NA,NA,NA,525378
"Principado de Asturias",1993,"mujeres",NA,0.861310554453232,27.9313682428926,10.5833648695527,33.2500143974463,8.42342638054786,0.895421259568973,19.9221652772809,NA,NA,NA,NA,NA,NA,NA,NA,NA,NA,NA,NA,NA,564713
"Principado de Asturias",1994,"total",NA,7.22663926459608,53.6897933940123,9.23936165410418,31.0339914882345,22.322575362132,1.23238159105307,31.0279298179712,NA,NA,NA,NA,NA,NA,NA,NA,NA,NA,NA,NA,NA,1086537
"Principado de Asturias",1994,"hombres",NA,13.6002556492208,89.0660507793662,9.52442508451371,37.8337401010604,38.9091929026451,1.79838654376236,49.6827005619589,NA,NA,NA,NA,NA,NA,NA,NA,NA,NA,NA,NA,NA,523270
"Principado de Asturias",1994,"mujeres",NA,1.51195711345021,22.9499683363774,8.98327857102944,24.9212248487284,8.88447669650965,0.754639975321,15.2822013156246,NA,NA,NA,NA,NA,NA,NA,NA,NA,NA,NA,NA,NA,563267
"Principado de Asturias",1995,"total",NA,7.1962651193224,53.0234344813159,10.2788960507377,29.1475282357244,25.0325156893169,1.28289074253409,32.6926442994284,NA,NA,NA,NA,NA,NA,NA,NA,NA,NA,NA,NA,NA,1082100
"Principado de Asturias",1995,"hombres",NA,13.8495838135976,89.5550753847255,10.7544723519658,39.944724991136,46.2804068817429,1.97927184843122,55.644439718837,NA,NA,NA,NA,NA,NA,NA,NA,NA,NA,NA,NA,NA,520739
"Principado de Asturias",1995,"mujeres",NA,1.19200975258152,21.4300210976809,9.86305310022122,19.8538335299205,7.40401229231781,0.693226624676687,13.258098926757,NA,NA,NA,NA,NA,NA,NA,NA,NA,NA,NA,NA,NA,561361
"Principado de Asturias",1996,"total",NA,7.11158590674101,51.6814705007545,9.95952388043208,29.1102976233005,22.1117867266066,1.21692594442624,30.5185322532616,1.59,NA,2.5,NA,3.83,NA,NA,NA,NA,NA,NA,NA,NA,1077935
"Principado de Asturias",1996,"hombres",NA,13.1375677155338,87.7874618683375,12.1281829988992,38.6685066219341,38.8333816900585,1.86356533019898,51.8309067084355,NA,NA,NA,NA,NA,NA,NA,NA,NA,NA,NA,NA,NA,518416
"Principado de Asturias",1996,"mujeres",NA,1.70407258655149,20.4680606338766,8.12784378165349,20.9794782145855,8.25438029418138,0.670128572205854,12.496817825923,NA,NA,NA,NA,NA,NA,NA,NA,NA,NA,NA,NA,NA,559519
"Principado de Asturias",1997,"total",NA,6.88857152203996,49.6491923808548,8.81460947093927,25.2714668069545,19.1126166037783,1.08735388960954,26.2480095911137,1.58,NA,2.5,NA,3.83,NA,NA,NA,NA,NA,NA,NA,9.6969696969697,1073917
"Principado de Asturias",1997,"hombres",NA,13.3748504669046,83.6930276462457,10.6593601176127,36.3308172177785,35.5392025130489,1.7247432007167,47.2555138831821,NA,NA,NA,NA,NA,NA,NA,NA,NA,NA,NA,NA,11.4485981308411,516154
"Principado de Asturias",1997,"mujeres",NA,1.06122790455768,19.9530591674077,7.15383854317756,15.6892442209291,5.60555096122132,0.544376500970425,8.35219674398806,NA,NA,NA,NA,NA,NA,NA,NA,NA,NA,NA,NA,7.31319554848967,557763
"Principado de Asturias",1998,"total",NA,7.53251231757677,53.4373742752766,9.98131992820377,24.9244335888355,19.8949088623141,1.14938154914714,28.2923587843874,1.58,NA,2.54,NA,3.76,NA,NA,NA,NA,NA,NA,NA,8.58652575957728,1069463
"Principado de Asturias",1998,"hombres",NA,14.5969652522796,89.2750702098196,13.3765463437519,32.7959396282305,35.7038497272846,1.7957048397722,49.5943151637388,NA,NA,NA,NA,NA,NA,NA,NA,NA,NA,NA,NA,7.97101449275362,513605
"Principado de Asturias",1998,"mujeres",NA,1.15403265064548,22.1864204821368,7.06326691976488,18.1862819838372,6.83974261090824,0.600139343438929,10.190065895669,NA,NA,NA,NA,NA,NA,NA,NA,NA,NA,NA,NA,9.32944606413994,555858
"Principado de Asturias",1999,"total",NA,175.573565100388,51.8515312966556,8.52116763561957,25.9384869879156,22.3201455645114,1.47393634275981,38.9892532898604,1.59,NA,2.58,NA,3.76,NA,NA,NA,NA,NA,NA,NA,10.933147632312,1065177
"Principado de Asturias",1999,"hombres",NA,257.267454537878,88.7241773694166,9.81288720032628,32.4618639145957,40.5348218685519,2.24213231589821,64.307971256471,NA,NA,NA,NA,NA,NA,NA,NA,NA,NA,NA,NA,11.5691489361702,511169
"Principado de Asturias",1999,"mujeres",NA,105.181158968443,19.561228981647,7.4024958022093,20.2752630847197,7.29577010379027,0.819999797933823,17.4363741737836,NA,NA,NA,NA,NA,NA,NA,NA,NA,NA,NA,NA,10.233918128655,554008
"Principado de Asturias",2000,"total",NA,173.444929042988,50.156304488082,8.00499371550546,26.1588352517545,17.9489185090023,1.37487756673454,35.7244077296123,1.63,NA,2.64,NA,3.85,NA,NA,NA,NA,NA,NA,NA,10.5525362318841,1063225
"Principado de Asturias",2000,"hombres",NA,258.749931824024,83.7513568532668,9.86506969821894,35.8086129867217,32.9677006812557,2.12215290363019,60.3536093394157,NA,NA,NA,NA,NA,NA,NA,NA,NA,NA,NA,NA,10.6331168831169,509943
"Principado de Asturias",2000,"mujeres",NA,100.042606132372,20.8409652662151,6.37041952040583,18.1466491385235,5.72579984174809,0.743513390388086,14.9154838689071,NA,NA,NA,NA,NA,NA,NA,NA,NA,NA,NA,NA,10.4508196721311,553282
"Principado de Asturias",2001,"total",NA,169.590897202955,43.8957865028603,8.9324016555407,23.1833868197639,14.0970935158781,1.26150304552389,31.9877342406786,1.61,NA,2.62,NA,3.61,NA,NA,NA,NA,NA,NA,NA,12.0605251446373,1062618
"Principado de Asturias",2001,"hombres",NA,247.961880690435,72.3528948245276,12.7948483118729,30.8072408354817,26.8244939328315,1.95908621105265,54.9791479474203,NA,NA,NA,NA,NA,NA,NA,NA,NA,NA,NA,NA,11.9221411192214,509262
"Principado de Asturias",2001,"mujeres",NA,101.778963281601,19.3956376960952,5.62891508314686,16.6701483930342,3.50455951998152,0.667554614815298,12.4119836123781,NA,NA,NA,NA,NA,NA,NA,NA,NA,NA,NA,NA,12.2287968441815,553356
"Principado de Asturias",2002,"total",NA,163.008169244571,49.203233425026,6.83320114546741,20.2481963814579,16.0762802386508,1.23021349595039,30.9564722858452,1.71,NA,2.67,NA,3.77,23.6398022679588,NA,NA,NA,NA,NA,NA,11.513425549227,1061070
"Principado de Asturias",2002,"hombres",NA,243.2367498623,85.5671401408339,9.43515629766511,25.8677856384432,30.1255459616109,1.94628830739675,54.5573460575928,NA,NA,NA,NA,NA,NA,NA,NA,NA,NA,NA,NA,11.4074074074074,508303
"Principado de Asturias",2002,"mujeres",NA,93.8079105206082,17.3622173028641,4.64658653566872,15.4708065129434,4.35366853478828,0.618812916247707,10.8055220291383,NA,NA,NA,NA,NA,NA,NA,NA,NA,NA,NA,NA,11.6425992779783,552767
"Principado de Asturias",2003,"total",NA,167.960953831932,46.8473541814495,6.36238814933978,18.29569812989,14.8582432538579,1.17464772115644,29.1250982227184,1.75,NA,2.76,NA,3.66,23.5643157643007,NA,NA,NA,NA,NA,NA,12.2299225438239,1060128
"Principado de Asturias",2003,"hombres",NA,247.716174100883,81.7216105726818,8.59983407625283,26.3522779558488,28.0421170687939,1.88126710630813,52.4143337146781,NA,NA,NA,NA,NA,NA,NA,NA,NA,NA,NA,NA,12.0117907148121,507902
"Principado de Asturias",2003,"mujeres",NA,99.2945233980743,16.3983382011104,4.50997326821455,11.4738641191264,3.97020116138432,0.574808534756096,9.35519611851219,NA,NA,NA,NA,NA,NA,NA,NA,NA,NA,NA,NA,12.5,552226
"Principado de Asturias",2004,"total",NA,168.211888028591,41.2092813890712,5.9091272165226,18.4490135983231,11.9310465624431,1.08369996798427,26.1275811921933,1.87,0.7,2.97,0.63,3.57,23.0725543673081,NA,NA,NA,NA,NA,NA,11.864406779661,1059588
"Principado de Asturias",2004,"hombres",NA,248.045106280652,70.8012214496404,7.96399244110285,25.9337737176854,22.5715527082772,1.70738815480984,46.6835146434331,NA,NA,NA,NA,NA,NA,NA,NA,NA,NA,NA,NA,12.2332859174964,507561
"Principado de Asturias",2004,"mujeres",NA,99.0748206498771,15.4227548299097,4.12518342787627,12.2360783991127,3.08153409549543,0.551432925472688,8.58476711414451,NA,NA,NA,NA,NA,NA,NA,NA,NA,NA,NA,NA,11.3805970149254,552027
"Principado de Asturias",2005,"total",NA,167.301002922966,37.8735192810877,7.03190599524037,17.5568084141838,14.1849130589098,1.12169897362128,27.3799778987324,1.91,0.7,2.99,0.63,3.63,22.4848308353606,NA,NA,NA,NA,NA,NA,10.3493449781659,1058737
"Principado de Asturias",2005,"hombres",NA,248.051258525949,66.0910521799679,8.94781876005146,26.3179933543974,26.4634956520488,1.77633124643317,48.9557872842621,NA,NA,NA,NA,NA,NA,NA,NA,NA,NA,NA,NA,11.3846153846154,506941
"Principado de Asturias",2005,"mujeres",NA,97.0130287393121,13.1876442084549,5.28140991673563,10.0694337437054,3.79662558479301,0.555542131140433,8.72020106980999,NA,NA,NA,NA,NA,NA,NA,NA,NA,NA,NA,NA,8.98989898989899,551796
"Principado de Asturias",2006,"total",17.6997308658675,168.747455341138,41.3892700629346,6.90221031328545,18.2475205420315,11.871104958061,1.108029835959,26.9294612943506,1.95,0.71,3.08,0.65,3.63,22.1946419098645,NA,NA,NA,NA,NA,NA,12.7934272300469,1057897
"Principado de Asturias",2006,"hombres",16.1517802104956,238.45258013045,72.0702167833122,8.78768153170921,26.03976738595,23.1205902459629,1.72762064803549,47.3503507212751,NA,NA,NA,NA,NA,NA,NA,NA,NA,NA,NA,NA,12.6700071581961,506317
"Principado de Asturias",2006,"mujeres",18.9346507035089,108.080946380673,14.0959997854546,5.24797335170197,11.6411570272978,2.35078947298862,0.571475699237981,9.245350290803,NA,NA,NA,NA,NA,NA,NA,NA,NA,NA,NA,NA,12.9421915444349,551580
"Principado de Asturias",2007,"total",17.6608047124655,164.563884831229,39.0739559985678,5.64879336915173,18.4248059313345,12.992434834281,1.0760946439056,25.8769198217542,2.05,0.73,3.13,0.65,3.63,22.3094215912686,NA,NA,NA,NA,NA,NA,12.955779674166,1058743
"Principado de Asturias",2007,"hombres",16.1651864201171,235.50631314482,67.3081890240938,6.79624306816459,25.3623140893982,23.8118326857546,1.64990646193861,44.7889944676709,NA,NA,NA,NA,NA,NA,NA,NA,NA,NA,NA,NA,11.976911976912,506489
"Principado de Asturias",2007,"mujeres",18.8616939731653,103.05448349133,13.7125666097635,4.60327977487963,12.4998301208314,3.72637391969967,0.575211646052093,9.36848213089627,NA,NA,NA,NA,NA,NA,NA,NA,NA,NA,NA,NA,14.0939597315436,552254
"Principado de Asturias",2008,"total",17.4634649093521,166.505173387959,38.5060530262108,7.42064365225943,16.0511450431572,12.1543232186702,1.08427685602399,26.1465946550163,2.08,0.73,3.35,0.66,3.56,21.6815741969636,NA,NA,NA,NA,NA,NA,13.3228840125392,1059089
"Principado de Asturias",2008,"hombres",16.2228753886287,242.520142291019,66.4907555914139,9.34985777683012,23.1833498019991,24.1273051693003,1.70782992327699,46.6980747447841,NA,NA,NA,NA,NA,NA,NA,NA,NA,NA,NA,NA,12.5538020086083,506429
"Principado de Asturias",2008,"mujeres",18.4576264330376,99.9563089080861,13.8705057255671,5.57868023100361,9.90015891121806,2.02541890405194,0.540651329739269,8.22942005278304,NA,NA,NA,NA,NA,NA,NA,NA,NA,NA,NA,NA,14.2487046632124,552660
"Principado de Asturias",2009,"total",17.223510068419,158.955436346153,37.7618879755886,6.62055079010177,16.4459844353699,10.0662498287371,1.01363664777682,23.8183873065632,2.1,0.74,3.44,0.72,3.55,20.1261514996781,NA,NA,NA,NA,NA,NA,10.7484076433121,1057143
"Principado de Asturias",2009,"hombres",16.0639248227893,223.132218046049,65.1195865176198,6.36025010182709,21.6222341381919,18.1983322288471,1.4708024667424,38.8859649027802,NA,NA,NA,NA,NA,NA,NA,NA,NA,NA,NA,NA,10.0605143721634,505445
"Principado de Asturias",2009,"mujeres",18.1616437812667,103.451501654845,13.4565875179012,6.733376287511,11.9646365378052,3.15917114314839,0.613900402927203,10.6436121212265,NA,NA,NA,NA,NA,NA,NA,NA,NA,NA,NA,NA,11.5126050420168,551698
"Principado de Asturias",2010,"total",17.4584433325566,165.108459439302,35.484851164418,6.1304085093863,14.8044274038527,10.9941492428247,0.999939591437007,23.3669505396876,2.16718441973188,0.74,3.41017015850433,0.69,3.46314367552964,20.8354720039917,NA,NA,NA,NA,NA,NA,10.4707792207792,1057132
"Principado de Asturias",2010,"hombres",16.2206548782943,242.332178677355,56.5394211891129,7.49680774165976,19.9484336692728,20.368189519332,1.50905347618615,40.1466673197532,NA,NA,NA,NA,NA,NA,NA,NA,NA,NA,NA,NA,9.41533788914199,505104
"Principado de Asturias",2010,"mujeres",18.4515505980808,97.6263312641757,16.4897079997586,4.92966724728377,10.361800568741,3.13791010048894,0.557782732128912,8.79404829953607,NA,NA,NA,NA,NA,NA,NA,NA,NA,NA,NA,NA,11.6826503923278,552028
"Principado de Asturias",2011,"total",18.0436177066891,166.454096789823,33.4316812810558,6.80384245801701,13.345691313274,9.02497320975543,0.960366423779513,22.0626715457844,2.20758087825305,0.75,3.55412935210156,0.67,3.39387111824213,19.0193911226679,NA,NA,NA,NA,NA,NA,10.7411811335711,1054548
"Principado de Asturias",2011,"hombres",15.3027366870592,237.909913504744,56.4319115406865,10.0891025772532,16.857095707332,15.5870157808098,1.45434450571747,38.343532388075,NA,NA,NA,NA,NA,NA,NA,NA,NA,NA,NA,NA,10.7668474051123,503622
"Principado de Asturias",2011,"mujeres",20.2668201061187,103.972881818072,12.8873783047379,3.82177426703483,10.2038793491873,3.58772418388005,0.527659034342143,7.80121126960648,NA,NA,NA,NA,NA,NA,NA,NA,NA,NA,NA,NA,10.7142857142857,550926
"Principado de Asturias",2012,"total",18.1207005393685,159.472047433584,33.0996742523872,5.66349182601657,13.7536520568,7.90001455031085,0.90099205701658,20.1057713548406,2.18162479103485,0.76,3.47020352300475,0.66,3.39395626075801,17.0427182721942,NA,NA,NA,NA,78,NA,9.4824016563147,1049218
"Principado de Asturias",2012,"hombres",16.8733105615673,225.468077796906,56.6983827047043,7.81990097100117,17.479233789714,14.6525377813157,1.36451645359011,35.382919215357,NA,NA,NA,NA,NA,NA,NA,NA,NA,NA,NA,NA,9.04605263157895,500573
"Principado de Asturias",2012,"mujeres",19.0007453321453,101.728365474459,12.0728530570186,3.80576272269012,10.2634528958126,2.0831004305989,0.493360006518722,6.6707609127238,NA,NA,NA,NA,NA,NA,NA,NA,NA,NA,NA,NA,9.92493744787323,548645
"Principado de Asturias",2013,"total",18.3442491953914,152.331534064662,32.6242261370766,4.30421166338934,11.7028451051738,7.34383706241248,0.820629321669178,17.4571224391561,2.15991254988213,0.75,3.43836253040905,0.64,3.30760127412263,16.6277008235242,NA,NA,NA,NA,72,68,11.3155833985904,1062936
"Principado de Asturias",2013,"hombres",17.0997605802252,213.512154335633,53.5813915190794,5.92591631592871,15.1223734247664,13.9139040388681,1.24054801522499,31.2970843015072,NA,NA,NA,NA,NA,NA,NA,NA,NA,NA,NA,NA,10.6893880712626,509298
"Principado de Asturias",2013,"mujeres",19.1435582207471,98.6729625603152,13.6336637202187,2.84514911807385,8.61176499399545,1.66021589676606,0.448444123577754,5.19039312615797,NA,NA,NA,NA,NA,NA,NA,NA,NA,NA,NA,NA,11.9556611243072,553638
"Principado de Asturias",2014,"total",18.5004109434335,153.366110139472,30.4231385454212,3.7654504788213,13.2639164760624,6.98504588610964,0.805719686867585,16.9657206982897,2.15171895590399,0.730173909793817,3.61181396169599,0.648724064213142,3.24560429812503,17.129369555747,NA,NA,NA,NA,80,NA,11.19432400473,1054057
"Principado de Asturias",2014,"hombres",17.2065882722951,211.352113344063,53.5082737477724,5.37213710020659,18.1066249007637,10.839834700223,1.19863644939545,29.9157348127276,NA,NA,NA,NA,NA,NA,NA,NA,NA,NA,NA,NA,12.3456790123457,504563
"Principado de Asturias",2014,"mujeres",19.2648138157584,102.717305934967,9.73266952696345,2.4063469575978,8.94207038280656,3.64254226856428,0.460233311877858,5.57894909893423,NA,NA,NA,NA,NA,NA,NA,NA,NA,NA,NA,NA,9.99194198227236,549494
"Principado de Asturias",2015,"total",17.585599266179,151.815141561398,27.9880206522154,4.39305692265758,11.6287890294549,8.57293717896289,0.816296051716592,17.3143036225532,2.25279996323522,0.749652016370466,3.69371111694071,0.662595653179057,3.2638313109515,16.5402483748566,6.9353,1483333763,21388142000,"real",76,66,12.4291497975709,1044039
"Principado de Asturias",2015,"hombres",16.7732535719692,211.805343811295,46.9339181046453,6.11119980544185,15.9268759244697,14.588711242866,1.22431711884739,30.7621355356984,NA,NA,NA,NA,NA,NA,NA,NA,NA,NA,NA,NA,12.1815286624204,499486
"Principado de Asturias",2015,"mujeres",18.179850853405,98.9590364735542,10.9373469431181,2.86094706804994,7.80520525632615,3.44612610687424,0.456938328279223,5.47035082016742,NA,NA,NA,NA,NA,NA,NA,NA,NA,NA,NA,NA,12.6853377265239,544553
"Principado de Asturias",2016,"total",17.2066283829659,148.27502066678,32.1161210983437,4.41032796971709,12.5114308049235,7.12520128285945,0.816957446057047,17.3361023006981,2.27950996321349,0.770248940178305,3.90718035995815,0.681289464938518,3.28137580575952,16.7640298300639,7.5655,1639849636,21675441000,"real",73.05,71.46,11.1743193823649,1037023
"Principado de Asturias",2016,"hombres",16.8646691763736,200.379807429824,55.5016715707401,6.02575882558719,15.5546857557033,11.8613791303144,1.19805745591883,29.8966519575036,NA,NA,NA,NA,NA,NA,NA,NA,NA,NA,NA,NA,11.1796453353894,495990
"Principado de Asturias",2016,"mujeres",17.603706308436,102.528281398685,11.0997839682233,2.99832673958335,9.81058087497175,3.01436809759971,0.480346114801326,6.2418403435432,NA,NA,NA,NA,NA,NA,NA,NA,NA,NA,NA,NA,11.1683848797251,541033
"Principado de Asturias",2017,"total",17.2849635543289,146.561853939619,29.7694699510011,4.10356324683574,10.5109836019791,5.82450961524836,0.751076908741446,15.16476737822,2.35150653703283,0.778057982914003,4.10882562540171,0.681289464938518,3.3777420488593,16.8086443815272,7.405,1668954671,22538267000,"real",69.91,69.14,11.09,1030054
"Principado de Asturias",2017,"hombres",16.9862417986668,196.492898232631,50.0188022787153,6.06940145383221,16.547835804574,8.89568619379958,1.12031577879717,27.3343896362718,NA,NA,NA,NA,NA,NA,NA,NA,NA,NA,NA,NA,10.73,492507
"Principado de Asturias",2017,"mujeres",17.6712323130202,102.780536882924,11.5967208977906,2.36504772327273,5.23742242335816,3.21082949750356,0.426154714574934,4.45576383894723,NA,NA,NA,NA,NA,NA,NA,NA,NA,NA,NA,NA,11.47,537547
"Principado de Asturias",2018,"total",17.2893606028693,147.41825849432,28.2210382167453,4.88429856004165,9.60947212236826,7.95770186183841,0.791539921013974,16.4983744675962,2.42487902450358,0.781428474782999,4.10491799437905,0.746131831003591,3.40107830973046,16.7106097320679,7.3299,1699483931,23185680000,"real",73.35,62.15,12.2265625,1024192
"Principado de Asturias",2018,"hombres",16.9106468194771,203.83563167586,46.5566040609973,7.2332999910563,11.4123198730068,11.0280173201532,1.13082868237091,27.6808809612734,NA,NA,NA,NA,NA,NA,NA,NA,NA,NA,NA,NA,11.8602761982128,489608
"Principado de Asturias",2018,"mujeres",17.7622183671969,98.3026562313111,11.6874177301514,2.84468058977055,8.05445525645516,5.24890774903037,0.492644799792898,6.64718864990006,NA,NA,NA,NA,NA,NA,NA,NA,NA,NA,NA,NA,12.5658389766742,534584
"Principado de Asturias",2019,"total",18.5838685197742,141.424615014351,28.9281055187858,4.91256402020401,12.3195641352461,7.44363210318342,0.802511561387078,16.8599851476195,2.43923003468648,0.780564631442249,4.32649603821199,0.715435344874374,3.45982427347612,16.2115489264985,7.4008,1751509971,23666618000,"real",83.03,78.07,11.5189873417722,1020039
"Principado de Asturias",2019,"hombres",16.8411630834951,188.730543987962,49.5229242459391,7.65173576706828,16.2977525311002,10.3632962723479,1.16570026165218,28.8302018530061,NA,NA,NA,NA,NA,NA,NA,NA,NA,NA,NA,NA,10.9553023663453,487654
"Principado de Asturias",2019,"mujeres",20.099673013388,100.463544753759,10.3703782077447,2.45964236861766,8.82068647338948,4.93774590907721,0.481772211032458,6.28884257934218,NA,NA,NA,NA,NA,NA,NA,NA,NA,NA,NA,NA,12.0423108218063,532385
"Principado de Asturias",2020,"total",17.7393646272116,137.484227967783,28.3647592584726,4.09443811327963,11.3629104720498,6.80801849849868,0.750855852820593,15.1574816689601,2.54671438391375,0.75244469681169,4.5153462684627,0.685582900145399,3.48425192973195,15.4723183545814,8.426,1801183712,21376392000,"real",60.37,36.54,15.7770429853566,1015455
"Principado de Asturias",2020,"hombres",15.9782787567322,183.742941480885,48.7132082886247,5.94831976783394,15.9293505035807,10.1794862037188,1.10157933979662,26.7168615167017,NA,NA,NA,NA,NA,NA,NA,NA,NA,NA,NA,NA,15.5358898721731,485298
"Principado de Asturias",2020,"mujeres",19.3235214588144,97.221287570721,10.0534245739673,2.53561190658649,7.29552861573559,3.86179394573286,0.442531213133844,4.99551145907561,NA,NA,NA,NA,NA,NA,NA,NA,NA,NA,NA,NA,16,530157
"Principado de Asturias",2021,"total",18.3984794020083,135.763424753668,24.7955797383106,4.41960070122445,11.780091529185,5.91665880284688,0.724832956357909,14.2998015987024,2.61968999839429,0.764145187585641,4.63575108682939,0.757143857332893,3.51869069023826,15.767070611551,8.2228,1942029769,23617641000,"real",95.16,79.02,14.3585386576041,1008875
"Principado de Asturias",2021,"hombres",16.8137602569098,174.288124304485,40.218939258555,6.3668855937988,17.6050730230293,8.70467499006902,1.0381092192953,24.6249707277999,NA,NA,NA,NA,NA,NA,NA,NA,NA,NA,NA,NA,14.2594296228151,482206
"Principado de Asturias",2021,"mujeres",19.7731727589655,102.290170482172,10.8150929830662,2.68251914712422,6.62550605973608,3.53690805733876,0.448068904472216,5.17802640328909,NA,NA,NA,NA,NA,NA,NA,NA,NA,NA,NA,NA,14.4435674822415,526669
"Principado de Asturias",2022,"total",18.1851089889048,137.270054629643,26.2927949618371,4.40812598814985,11.656553894378,6.97667821406012,0.752628680058328,15.2159116977617,2.70240700218818,0.732915538010205,4.68370797692461,0.681711849738259,3.54485776805252,15.9618199751251,7.4461,1987383547,26690102000,"real",93.93,81.42,12.7906976744186,1004553
"Principado de Asturias",2022,"hombres",16.5200582380768,181.606132053389,43.6853154551586,6.45744600479614,15.2094865732751,10.4953568043503,1.08080466847713,26.0321559697065,NA,NA,NA,NA,NA,NA,NA,NA,NA,NA,NA,NA,12.9005751848809,479251
"Principado de Asturias",2022,"mujeres",19.6527506919782,98.6253906718562,10.5596621741303,2.55522699975481,8.4640756237307,3.85260965815853,0.45977770806562,5.5639330030031,NA,NA,NA,NA,NA,NA,NA,NA,NA,NA,NA,NA,12.6925898752751,525302
"Principado de Asturias",2023,"total",18.6472748422029,125.171249288648,27.8013328018055,5.30982901257504,9.75844047135153,7.21137783160128,0.746488310263266,15.01353327287,2.75692011786703,0.812504565335073,4.77071365981891,0.790490894845699,3.53382517450559,15.5183871569526,7.4619,2115483423,28350371000,"real",97.84,99.68,12.8748370273794,1006558
"Principado de Asturias",2023,"hombres",17.2195712222017,163.849159644429,45.4442570268263,7.04705640722421,12.7743041950163,9.01762167440349,1.02290373959829,24.1238183325032,NA,NA,NA,NA,NA,NA,NA,NA,NA,NA,NA,NA,12.1508379888268,479883
"Principado de Asturias",2023,"mujeres",19.8857138570606,91.6097732264326,11.9117910279452,3.75263636185091,7.01827582837644,5.69846334327111,0.50185678259013,6.9508033556678,NA,NA,NA,NA,NA,NA,NA,NA,NA,NA,NA,NA,13.5085574572127,526675
"Principado de Asturias",2024,"total",NA,128.128357720396,26.4373862498617,5.70694179069962,9.00702593024514,6.27523569816739,0.731310589627493,14.5132957793263,2.75726740444608,0.80617871290085,4.74230192721606,0.78627306566873,3.55623142433405,NA,7.7397,2322856371,30012308000,"real",89.88,96.9,15.9862885634154,1010058
"Principado de Asturias",2024,"hombres",NA,164.89511250937,43.8101431539831,7.53531549353043,12.0496439843757,9.42516967058335,1.02809050449977,24.2947672079094,NA,NA,NA,NA,NA,NA,NA,NA,NA,NA,NA,NA,15.7295850066934,481989
"Principado de Asturias",2024,"mujeres",NA,95.8334524091009,10.6546807937676,4.04866327753243,6.23184705752481,3.50509273314466,0.46531968216051,5.74658910117755,NA,NA,NA,NA,NA,NA,NA,NA,NA,NA,NA,NA,16.2099125364431,528069
"Principado de Asturias",2025,"total",NA,NA,NA,NA,NA,NA,NA,NA,NA,NA,NA,NA,NA,NA,7.84,2446640883,31206996480.0363,"proyeccion",91,103,NA,1017755
"Principado de Asturias",2025,"hombres",NA,NA,NA,NA,NA,NA,NA,NA,NA,NA,NA,NA,NA,NA,NA,NA,NA,NA,NA,NA,NA,486076
"Principado de Asturias",2025,"mujeres",NA,NA,NA,NA,NA,NA,NA,NA,NA,NA,NA,NA,NA,NA,NA,NA,NA,NA,NA,NA,NA,531679
"Región de Murcia",1990,"total",NA,3.83324000190242,64.3017122133935,11.7527704183936,50.0472372482771,26.6465843909158,1.60858363860587,43.4270491488592,NA,NA,NA,NA,NA,NA,NA,NA,NA,NA,NA,NA,NA,1041760
"Región de Murcia",1990,"hombres",NA,7.53147467582979,100.32936627199,12.8071721561317,61.7141967770416,46.7244225070677,2.2998197677184,66.2092729736368,NA,NA,NA,NA,NA,NA,NA,NA,NA,NA,NA,NA,NA,512722
"Región de Murcia",1990,"mujeres",NA,0.53284955548172,33.2952535160418,10.8393623941134,39.8924236639938,10.1809413424383,1.02608165261643,24.2285581205809,NA,NA,NA,NA,NA,NA,NA,NA,NA,NA,NA,NA,NA,529038
"Región de Murcia",1991,"total",NA,4.11039760473904,59.9650384453877,14.8072494183996,48.6017009874652,23.3890103997084,1.59305305031002,42.9151816063731,NA,NA,NA,NA,NA,NA,NA,NA,NA,NA,NA,NA,NA,1050778
"Región de Murcia",1991,"hombres",NA,7.50253054368269,91.0861694468525,15.3782210588071,59.8696683504676,41.4972213388458,2.20653423313147,63.1347057757358,NA,NA,NA,NA,NA,NA,NA,NA,NA,NA,NA,NA,NA,517273
"Región de Murcia",1991,"mujeres",NA,0.922944659281784,32.6263908387455,14.1903907047389,38.777276946514,8.34968585188606,1.06633223489534,25.5551637997909,NA,NA,NA,NA,NA,NA,NA,NA,NA,NA,NA,NA,NA,533505
"Región de Murcia",1992,"total",NA,4.38759405082346,58.9803202326278,12.3222742709903,41.5276903111537,20.9492173579605,1.4140835776622,37.0165857258311,NA,NA,NA,NA,NA,NA,NA,NA,NA,NA,NA,NA,NA,1062179
"Región de Murcia",1992,"hombres",NA,8.3185056918177,83.6411113926985,10.6136290668663,53.1948852874551,38.5185594514809,1.92919223801031,53.9938823396508,NA,NA,NA,NA,NA,NA,NA,NA,NA,NA,NA,NA,NA,523230
"Región de Murcia",1992,"mujeres",NA,0.777563970014201,37.2221343836528,13.7411390882094,31.5725272485744,6.3384765988133,0.975576542629005,22.5639768413792,NA,NA,NA,NA,NA,NA,NA,NA,NA,NA,NA,NA,NA,538949
"Región de Murcia",1993,"total",NA,4.75422732630833,56.0259125788009,14.0837088121125,37.2282896775552,22.6746583737189,1.43061897199865,37.5615703395368,NA,NA,NA,NA,NA,NA,NA,NA,NA,NA,NA,NA,NA,1073480
"Región de Murcia",1993,"hombres",NA,8.94496458493091,84.3225436147885,11.9152573382819,50.0501048538272,39.6256072440764,1.95551362676428,54.861400318987,NA,NA,NA,NA,NA,NA,NA,NA,NA,NA,NA,NA,NA,529240
"Región de Murcia",1993,"mujeres",NA,0.99778778744724,31.1130188309927,15.9439930562531,26.0929200084211,8.4406457600942,0.980384416919155,22.722437985967,NA,NA,NA,NA,NA,NA,NA,NA,NA,NA,NA,NA,NA,544240
"Región de Murcia",1994,"total",NA,5.852341795895,58.3914866621503,10.9214134852816,38.0018383480142,20.7050251789084,1.33929818538792,34.5517586228209,NA,NA,NA,NA,NA,NA,NA,NA,NA,NA,NA,NA,NA,1084137
"Región de Murcia",1994,"hombres",NA,10.9601716000451,86.764004444148,10.1801154704729,48.6941821578062,39.1616324381273,1.90760156161671,53.2822823502824,NA,NA,NA,NA,NA,NA,NA,NA,NA,NA,NA,NA,NA,534953
"Región de Murcia",1994,"mujeres",NA,1.18296905595133,33.3856333636098,11.4681536053876,28.6374286577011,4.99664568478875,0.845494336776977,18.2766402793471,NA,NA,NA,NA,NA,NA,NA,NA,NA,NA,NA,NA,NA,549184
"Región de Murcia",1995,"total",NA,5.18300158120609,54.9892031582243,11.2036936786218,33.8063936193014,20.2558228688053,1.27760755756045,32.5185175466334,NA,NA,NA,NA,NA,NA,NA,NA,NA,NA,NA,NA,NA,1093830
"Región de Murcia",1995,"hombres",NA,10.3281401184931,79.2452602026913,10.6482755729519,45.3920514296532,35.2751946428505,1.77785236814566,49.0059214335912,NA,NA,NA,NA,NA,NA,NA,NA,NA,NA,NA,NA,NA,540188
"Región de Murcia",1995,"mujeres",NA,0.415301328768874,33.366793095344,11.6343203869527,23.8624075532669,7.53262150814003,0.84478839558292,18.253373396132,NA,NA,NA,NA,NA,NA,NA,NA,NA,NA,NA,NA,NA,553642
"Región de Murcia",1996,"total",NA,4.56732079203483,53.4758103589149,9.48632045296762,34.360267413472,17.1770814052831,1.17714131144266,29.2072836433514,1.27,NA,2.29,NA,3.39,NA,NA,NA,NA,NA,NA,NA,NA,1103756
"Región de Murcia",1996,"hombres",NA,9.02185953429027,81.8599617773353,8.97058217059223,42.7842225791179,30.9676704446522,1.64827149939277,44.7351082758246,NA,NA,NA,NA,NA,NA,NA,NA,NA,NA,NA,NA,NA,545620
"Región de Murcia",1996,"mujeres",NA,0.491279656074957,28.2661295719448,9.87110251681486,26.8286288838426,5.54299283467037,0.766597549893775,15.6763070760804,NA,NA,NA,NA,NA,NA,NA,NA,NA,NA,NA,NA,NA,558136
"Región de Murcia",1997,"total",NA,5.66362519603901,54.8731145960945,10.6103154952376,28.3005868310683,18.612780457488,1.18096240233636,29.3332217191098,1.31,NA,2.33,NA,3.3,NA,NA,NA,NA,NA,NA,NA,5.20694259012016,1114624
"Región de Murcia",1997,"hombres",NA,10.257663670085,86.7051576060856,11.9804789318536,37.8068538888993,32.9118308375072,1.73887291939747,47.7212106255958,NA,NA,NA,NA,NA,NA,NA,NA,NA,NA,NA,NA,5.54156171284635,551521
"Región de Murcia",1997,"mujeres",NA,1.42780759151239,26.8603925070624,9.4288797629161,20.0733123272758,6.51174842946432,0.699824529977051,13.475557113615,NA,NA,NA,NA,NA,NA,NA,NA,NA,NA,NA,NA,4.82954545454545,563103
"Región de Murcia",1998,"total",NA,5.7458127913877,50.4461623255884,12.1408781559566,32.2425461033361,18.7072450371316,1.23552693123068,31.1315960485302,1.34,NA,2.34,NA,3.37,NA,NA,NA,NA,NA,NA,NA,5.24590163934426,1126519
"Región de Murcia",1998,"hombres",NA,11.0351772877523,77.6753243554516,10.4847583622804,42.7455383975581,34.7472237312943,1.73142320585747,47.4756779716289,NA,NA,NA,NA,NA,NA,NA,NA,NA,NA,NA,NA,6.08974358974359,557821
"Región de Murcia",1998,"mujeres",NA,0.962433210305555,26.2257201880514,13.5223313274204,23.1021325469702,4.93855648235963,0.802424453241852,16.8571141789622,NA,NA,NA,NA,NA,NA,NA,NA,NA,NA,NA,NA,4.36241610738255,568698
"Región de Murcia",1999,"total",NA,149.051265313322,52.4543359455314,13.9496885853455,31.4449524015146,22.1680361939786,1.61636925192604,43.6836526130054,1.34,NA,2.39,NA,3.42,NA,NA,NA,NA,NA,NA,NA,5.14705882352941,1140537
"Región de Murcia",1999,"hombres",NA,206.359024108847,74.1988184048428,13.5609171315416,43.2947758297832,39.8890315008477,2.25463763972187,64.7201301040097,NA,NA,NA,NA,NA,NA,NA,NA,NA,NA,NA,NA,6.14035087719298,565417
"Región de Murcia",1999,"mujeres",NA,98.7633804851446,33.0552345704837,14.1752523098969,21.049817268349,7.0525113568949,1.05901241725154,25.3139123418675,NA,NA,NA,NA,NA,NA,NA,NA,NA,NA,NA,NA,4.14201183431953,575120
"Región de Murcia",2000,"total",NA,154.877174922886,48.807461123522,10.8151620116692,29.1196044409525,18.3208540562335,1.43891768053519,37.8350847398604,1.45,NA,2.43,NA,3.29,NA,NA,NA,NA,NA,NA,NA,7.09606986899563,1158645
"Región de Murcia",2000,"hombres",NA,215.487724370243,74.0692529003113,13.1197471397331,35.6351014602419,31.8320099606505,2.04778864972385,57.9026623971142,NA,NA,NA,NA,NA,NA,NA,NA,NA,NA,NA,NA,6.82261208576998,575675
"Región de Murcia",2000,"mujeres",NA,101.033205633694,26.3575003182357,8.67127507694395,23.2994717311629,6.77801028412295,0.903046160911883,20.1734718883214,NA,NA,NA,NA,NA,NA,NA,NA,NA,NA,NA,NA,7.44416873449131,582970
"Región de Murcia",2001,"total",NA,150.890781300626,43.6228053470327,10.4496585342214,27.0102253164061,15.6699698080355,1.32729823647352,34.1562562604014,1.45,NA,2.52,NA,3.3,NA,NA,NA,NA,NA,NA,NA,10.4051565377532,1183880
"Región de Murcia",2001,"hombres",NA,213.483558257598,66.3407249729353,11.5741708858932,37.3265727501993,28.4863213782176,1.92095322491611,53.7223354217422,NA,NA,NA,NA,NA,NA,NA,NA,NA,NA,NA,NA,11.7647058823529,589986
"Región de Murcia",2001,"mujeres",NA,95.8267612917338,23.1887992874322,9.54169823341624,17.8877278192407,4.75065246078947,0.810221908622748,17.114107941686,NA,NA,NA,NA,NA,NA,NA,NA,NA,NA,NA,NA,8.274231678487,593894
"Región de Murcia",2002,"total",NA,156.651397340415,39.7943242512346,9.37059662348666,25.3366010220766,15.1946818393724,1.26495232215541,32.1014178126782,1.39,NA,2.46,NA,3.02,23.8121999987232,NA,NA,NA,NA,NA,NA,10,1215793
"Región de Murcia",2002,"hombres",NA,217.313756607102,64.8938353515264,11.096852173533,34.8680988928103,27.1768599429571,1.86165740486201,51.7680240258948,NA,NA,NA,NA,NA,NA,NA,NA,NA,NA,NA,NA,11.6049382716049,607088
"Región de Murcia",2002,"mujeres",NA,103.053069837731,17.303989216011,7.87249197127291,17.1289980455321,4.80773993576018,0.742174462118736,14.8713545732396,NA,NA,NA,NA,NA,NA,NA,NA,NA,NA,NA,NA,7.83333333333333,608705
"Región de Murcia",2003,"total",NA,143.256362108058,44.0407368126959,7.94148049846951,25.4925361984464,14.0593433611343,1.20893194882005,30.2550607860102,1.43,NA,2.49,NA,3.04,23.8496675303774,NA,NA,NA,NA,NA,NA,9.21219822109276,1249484
"Región de Murcia",2003,"hombres",NA,201.761045334706,63.3104348436106,9.86108451984391,34.3784266913894,23.8847829214096,1.73085485577344,47.4569459084745,NA,NA,NA,NA,NA,NA,NA,NA,NA,NA,NA,NA,8.70901639344262,624128
"Región de Murcia",2003,"mujeres",NA,91.1227458917462,26.6335996169992,6.13315149566643,17.7265488379147,5.65652923511569,0.747541562870681,15.0482470785228,NA,NA,NA,NA,NA,NA,NA,NA,NA,NA,NA,NA,10.0334448160535,625356
"Región de Murcia",2004,"total",NA,145.38512603347,35.4876478459907,6.76831882231789,23.3683532980461,14.4874603895448,1.12194663687306,27.3881405502455,1.46,0.65,2.54,0.5,3.1,23.6945608618012,NA,NA,NA,NA,NA,NA,12.6069594980034,1283039
"Región de Murcia",2004,"hombres",NA,200.644529352912,58.4709375440565,8.77769404397882,28.0862586898938,26.2701058321153,1.65338192738724,44.9035411882649,NA,NA,NA,NA,NA,NA,NA,NA,NA,NA,NA,NA,11.4285714285714,642254
"Región de Murcia",2004,"mujeres",NA,96.3480785308564,14.8173959566204,5.02821831507735,19.0183895605939,4.33257556564383,0.653454206610741,11.9472529042923,NA,NA,NA,NA,NA,NA,NA,NA,NA,NA,NA,NA,14.2276422764228,640785
"Región de Murcia",2005,"total",NA,136.03125087761,38.9893379097944,7.57870173584135,24.1379800555493,14.0802773448303,1.14491630373672,28.1451902321543,1.46,0.63,2.53,0.5,3.13,23.1881109789196,NA,NA,NA,NA,NA,NA,11.7787031528852,1317719
"Región de Murcia",2005,"hombres",NA,194.027967740964,62.9163552390664,9.76725214066819,29.7401364777463,27.8018047251582,1.73308876751343,47.5305726694637,NA,NA,NA,NA,NA,NA,NA,NA,NA,NA,NA,NA,11.8694362017804,662459
"Región de Murcia",2005,"mujeres",NA,84.3480416083987,17.4414589596427,5.47013703495435,19.039207857267,2.06896556668145,0.618135669198273,10.7832008667814,NA,NA,NA,NA,NA,NA,NA,NA,NA,NA,NA,NA,11.6417910447761,655260
"Región de Murcia",2006,"total",15.5486290633099,138.520028989509,35.9994763554322,5.97301909745554,22.7876785589657,10.8651323129971,1.02403746408126,24.1611843841877,1.47,0.63,2.68,0.48,3.13,22.8804164971844,NA,NA,NA,NA,NA,NA,12.2465208747515,1350940
"Región de Murcia",2006,"hombres",15.9825697606356,191.601499386857,58.2116030744966,7.63415812218241,30.4116894798305,18.5370226669224,1.4964238835549,39.7304127375305,NA,NA,NA,NA,NA,NA,NA,NA,NA,NA,NA,NA,12.7038043478261,681489
"Región de Murcia",2006,"mujeres",15.3526159286892,91.0292334771544,15.5352700241681,4.39384472349531,15.9162083751269,4.13787192890877,0.597573602078663,10.1055024715593,NA,NA,NA,NA,NA,NA,NA,NA,NA,NA,NA,NA,11.601150527325,669451
"Región de Murcia",2007,"total",15.5789252760401,132.880122477657,34.8863926058525,5.56331454164752,22.4389394099779,11.6986205886626,1.00748638505177,23.6156828238518,1.56,0.67,2.86,0.51,3.16,21.8645841906374,NA,NA,NA,NA,NA,NA,10.3491796381994,1392368
"Región de Murcia",2007,"hombres",15.8516216529435,184.14505725688,58.1676432221211,6.55641129156023,31.1771638277107,21.9610794746273,1.5204349722347,40.5217862979404,NA,NA,NA,NA,NA,NA,NA,NA,NA,NA,NA,NA,10.9921484653819,705621
"Región de Murcia",2007,"mujeres",15.4843455651579,86.5822454358599,13.5567006963316,4.58196337994374,14.6758221743527,2.67131338193588,0.545751324324637,8.3975090939305,NA,NA,NA,NA,NA,NA,NA,NA,NA,NA,NA,NA,9.42622950819672,686747
"Región de Murcia",2008,"total",15.2977789485636,142.575807752176,30.9276733512207,5.94589981357951,21.9585383451082,10.1425605423349,0.982344595116389,22.7870428533126,1.56,0.74,2.94,0.55,3.14,19.7695048550659,NA,NA,NA,NA,NA,NA,11.7572156196944,1430986
"Región de Murcia",2008,"hombres",15.7114045836067,190.666153250948,48.6455704911207,8.01876244286615,25.4400831601716,18.5471272084505,1.40271237043579,36.6418058535426,NA,NA,NA,NA,NA,NA,NA,NA,NA,NA,NA,NA,11.7559523809524,725827
"Región de Murcia",2008,"mujeres",15.0349862093199,99.3330723657188,14.5494805386064,4.07781727222374,18.9764009797842,2.75085687680428,0.606031122019543,10.3842510846317,NA,NA,NA,NA,NA,NA,NA,NA,NA,NA,NA,NA,11.7588932806324,705159
"Región de Murcia",2009,"total",15.003131962484,133.01994636582,31.0672309759899,5.70898385931273,18.8778273868348,10.1306785479966,0.928640301278726,21.0170207276866,1.63,0.73,2.97,0.55,3.11,19.5815667974807,NA,NA,NA,NA,NA,NA,8.55481727574751,1452146
"Región de Murcia",2009,"hombres",15.1544130273039,181.888739912302,52.415245427503,5.63829086991145,22.9257652026097,17.82287055244,1.30950705127191,33.5698824493397,NA,NA,NA,NA,NA,NA,NA,NA,NA,NA,NA,NA,9.47521865889213,735709
"Región de Murcia",2009,"mujeres",14.8872882329307,88.7916295591326,11.6276519340523,5.66996315540109,15.1342010120888,3.2973138947435,0.582061839442291,9.59425539778099,NA,NA,NA,NA,NA,NA,NA,NA,NA,NA,NA,NA,7.33590733590734,716437
"Región de Murcia",2010,"total",15.4477993874125,137.267775497174,26.8235060120519,5.27081636429776,17.3302266776706,9.36590279368051,0.873723175786827,19.2070252831832,1.73555681083249,0.73,2.96081625747367,0.54,3.11431479616759,20.1431705755566,NA,NA,NA,NA,NA,NA,8.74751491053678,1465812
"Región de Murcia",2010,"hombres",15.6788495029894,191.457438312653,44.0813302323498,6.47989647977286,22.2917925616578,16.8434044650008,1.27975121808301,32.5891697474839,NA,NA,NA,NA,NA,NA,NA,NA,NA,NA,NA,NA,8.33333333333333,742405
"Región de Murcia",2010,"mujeres",15.2641296949293,88.2690956021898,10.8872091297986,4.13055369900143,12.7003347310706,2.75954728930508,0.504781578745593,7.04720074846781,NA,NA,NA,NA,NA,NA,NA,NA,NA,NA,NA,NA,9.31326434619003,723407
"Región de Murcia",2011,"total",18.0817713357759,136.147019553321,28.2676614312256,4.53598908175149,14.416481178047,9.86466167067936,0.840980615585405,18.1278740298152,1.79080295254814,0.75,2.99713131716785,0.57,3.14936655867479,18.2378828793161,NA,NA,NA,NA,NA,NA,8.06065442936951,1471407
"Región de Murcia",2011,"hombres",17.0775592138288,186.589752018606,42.4656801221309,4.52482988842674,19.3959719334515,17.3425168362802,1.1919189945909,29.6943364331516,NA,NA,NA,NA,NA,NA,NA,NA,NA,NA,NA,NA,7.13235294117647,743823
"Región de Murcia",2011,"mujeres",19.127525107706,90.3627509759708,14.9536379698263,4.56113787415489,9.81743714609742,3.20976933277971,0.521934225878573,7.6125291937166,NA,NA,NA,NA,NA,NA,NA,NA,NA,NA,NA,NA,9.16230366492147,727584
"Región de Murcia",2012,"total",15.9633007443995,123.244028783205,27.1662422378084,6.49491480354282,15.5749885940657,8.95799625288724,0.856069977592227,18.6251993404205,1.76580988677565,0.77,2.89202976090163,0.59,3.1539570994153,17.0802659529818,NA,NA,NA,NA,98,61,9.72619534123417,1477509
"Región de Murcia",2012,"hombres",16.0637333760497,176.685488826248,44.3062627160721,9.23228205099415,19.3959785227867,16.4136346029294,1.28744023102312,32.8425893915326,NA,NA,NA,NA,NA,NA,NA,NA,NA,NA,NA,NA,10.5643994211288,746068
"Región de Murcia",2012,"mujeres",15.8797399185411,74.484847005406,11.3092603517437,3.91310305026689,11.882397628029,2.28858225782888,0.459380756248234,5.55084999884509,NA,NA,NA,NA,NA,NA,NA,NA,NA,NA,NA,NA,8.63849765258216,731441
"Región de Murcia",2013,"total",16.4006272635808,129.890770321899,26.3527794272665,5.96565430752725,13.1491616433276,6.727551705636,0.788945243007105,16.4128573300855,1.7458205698862,0.77,2.87297324671983,0.58,3.17751662327779,16.3980195313989,NA,NA,NA,NA,120,63,9.83606557377049,1461211
"Región de Murcia",2013,"hombres",16.5937103259482,177.584176507965,43.7798919213934,7.06121407961075,15.9019461892372,12.5551189215738,1.13096667428565,27.6854289913247,NA,NA,NA,NA,NA,NA,NA,NA,NA,NA,NA,NA,9.36408106219427,734404
"Región de Murcia",2013,"mujeres",16.26013223486,86.6081620301938,10.028848741219,4.80858347434141,10.519257274708,1.41034085769754,0.469796668638798,5.89414462339804,NA,NA,NA,NA,NA,NA,NA,NA,NA,NA,NA,NA,10.4332449160035,726807
"Región de Murcia",2014,"total",16.5572335858886,124.175456588144,23.5094526369904,5.72081316682622,11.2780264211319,9.05393455639515,0.777398055456828,16.0322773802862,1.74804857072931,0.77108544662535,2.92594754897202,0.589822822978346,3.19734969311732,16.6423037981032,NA,NA,NA,NA,123,67,7.51734772552043,1462875
"Región de Murcia",2014,"hombres",16.6744023019659,167.737830279502,38.9668826309126,8.50113664297805,13.1700454073167,15.2421217746707,1.14124792373509,28.0242853043711,NA,NA,NA,NA,NA,NA,NA,NA,NA,NA,NA,NA,7.71812080536913,734362
"Región de Murcia",2014,"mujeres",16.473832388042,84.4511832143577,8.86546150301344,3.20552028157271,9.47520767386145,3.41026408510071,0.442289113627948,4.9875321812299,NA,NA,NA,NA,NA,NA,NA,NA,NA,NA,NA,NA,7.2463768115942,728513
"Región de Murcia",2015,"total",15.7590074802457,124.252629959075,26.4240959018718,5.45439592045304,12.9634459634257,8.47885378873321,0.793663702103503,16.5683714687637,1.75482303316145,0.761471799971587,2.91787960589855,0.575365819008382,3.23935827125018,16.2066455422644,6.375,1859495700,29168718000,"real",109,62,10.285926476049,1464008
"Región de Murcia",2015,"hombres",15.8307910352967,166.541889747121,43.1881078872812,8.04908588526801,16.3362338165348,14.8326909714486,1.17493899808831,29.1346983231433,NA,NA,NA,NA,NA,NA,NA,NA,NA,NA,NA,NA,11.0236220472441,734248
"Región de Murcia",2015,"mujeres",15.7156768565866,85.7054301411432,10.8163598874299,3.04999959102448,9.88913912576437,2.74936986652239,0.44436062091144,5.05580630724782,NA,NA,NA,NA,NA,NA,NA,NA,NA,NA,NA,NA,9.32420872540633,729760
"Región de Murcia",2016,"total",15.7446660546465,131.519137773992,21.6727596259924,3.53516373415459,13.3676719623276,8.29993266444174,0.732976550742338,14.5682036427947,1.75834173800708,0.749882852725533,3.05292254511454,0.565660838666989,3.23611151781938,16.7046247866197,6.5279,1958971130,30009138000,"real",100.92,72.81,9.49751518498067,1468731
"Región de Murcia",2016,"hombres",15.7997800022314,176.883610350702,37.2985078218719,5.18851568923203,17.7923448385951,13.494722336813,1.08026920073546,26.0145076648397,NA,NA,NA,NA,NA,NA,NA,NA,NA,NA,NA,NA,9.48693126815102,736083
"Región de Murcia",2016,"mujeres",15.6920235187812,90.7581774745311,7.07963529321637,2.0363274331582,9.29535126021398,3.61352860667522,0.416240041232532,4.12898938702999,NA,NA,NA,NA,NA,NA,NA,NA,NA,NA,NA,NA,9.51156812339332,732648
"Región de Murcia",2017,"total",15.5432194480921,124.930944680848,21.674583036155,5.5831525008265,12.1418470692231,8.47370321959647,0.763632044524905,15.578567961729,1.7941516356705,0.74795252345266,3.05222921983583,0.565660838666989,3.18115842209657,16.5929752573478,6.4146,2000860733,31192490000,"real",95.94,64.02,8.42,1474074
"Región de Murcia",2017,"hombres",15.581816357242,171.799800256811,36.7387339337996,8.22112933386976,16.4384951517119,14.2420909275539,1.14426809792518,28.1238262303882,NA,NA,NA,NA,NA,NA,NA,NA,NA,NA,NA,NA,8.37,738242
"Región de Murcia",2017,"mujeres",15.5063563782994,82.150299780928,7.42148052695472,3.20886678620818,8.24713668794138,3.34214348030477,0.416793477590667,4.14722991360659,NA,NA,NA,NA,NA,NA,NA,NA,NA,NA,NA,NA,8.48,735832
"Región de Murcia",2018,"total",15.6419773793406,117.491738843358,19.9705553955262,4.94396036904906,14.6158762406664,9.66755798330359,0.768233477719079,15.7302250822545,1.8409806484065,0.745191477606271,3.06131486448205,0.564246002969716,3.21749060072219,16.4216745822184,6.6983,2124384788,31715345000,"real",87.4,63.96,10.0456621004566,1479023
"Región de Murcia",2018,"hombres",15.7011219470115,160.993875410356,33.1686416506366,6.77778141165475,20.5125157133435,15.659943912013,1.13102479271388,27.6873444974512,NA,NA,NA,NA,NA,NA,NA,NA,NA,NA,NA,NA,11.20826709062,740023
"Región de Murcia",2018,"mujeres",15.5775437842778,77.8118540114465,7.41807843912374,3.2595377732138,9.16531084128046,4.43691041496671,0.43746165681434,4.82842562270368,NA,NA,NA,NA,NA,NA,NA,NA,NA,NA,NA,NA,8.47639484978541,739000
"Región de Murcia",2019,"total",16.7115922900851,118.381372918089,21.1158330526992,4.7531248997383,12.7975852525281,10.4197510175439,0.766523306840825,15.6738601237605,1.87682013428026,0.754484804363652,3.1483222993789,0.574522182260711,3.25667756016058,15.811384537707,6.6317,2188488008,33000651000,"real",77.52,60.91,9.47546531302877,1495084
"Región de Murcia",2019,"hombres",16.0862805818674,156.112123593889,35.3785201229596,7.99949913789255,18.2856068680881,17.3134799049107,1.17165330933475,29.0264063901126,NA,NA,NA,NA,NA,NA,NA,NA,NA,NA,NA,NA,9.81684981684982,747980
"Región de Murcia",2019,"mujeres",17.4378785707108,83.9362405640235,7.74065129779795,1.73807860079043,7.83859194891811,4.1530256693801,0.394341187011071,3.40723226617456,NA,NA,NA,NA,NA,NA,NA,NA,NA,NA,NA,NA,9.00900900900901,747103
"Región de Murcia",2020,"total",16.4289391795138,120.15270365276,20.9907856337512,6.82184160334376,13.0573720655646,7.82369221105633,0.78014699141563,16.1228786548084,1.96270983833155,0.754084625052367,3.64181406869352,0.577050420963012,3.09646964028472,15.1209757553844,7.2385,2203429680,30440306000,"real",98.16,71.98,9.46714950853595,1509212
"Región de Murcia",2020,"hombres",15.6207981933491,165.679255086464,35.6482781786548,9.85595115992708,17.5208751724652,13.7936001053483,1.17112250366696,29.0089117410027,NA,NA,NA,NA,NA,NA,NA,NA,NA,NA,NA,NA,9.12343470483005,755146
"Región de Murcia",2020,"mujeres",17.3210132077572,78.4777271571111,7.17709617463534,4.10151429925468,8.90154750353819,2.48315296740552,0.422930271361442,4.34949047749204,NA,NA,NA,NA,NA,NA,NA,NA,NA,NA,NA,NA,9.93865030674847,754066
"Región de Murcia",2021,"total",16.3575706751215,115.095491093362,22.0536401545689,5.20743730509985,10.0470645104809,7.33686673960314,0.697636010934649,13.4034264355892,2.03289973160711,0.768221397268576,3.72214574479523,0.583341008872924,3.14631139512196,15.0534615598718,7.4013,2487112377,33603543000,"real",93.76,76.56,9.73047053449064,1516443
"Región de Murcia",2021,"hombres",15.5600877235547,153.442891371357,36.6395842551081,7.18150646374624,13.5430751205622,10.4116226428429,0.988733827462398,22.9976234570235,NA,NA,NA,NA,NA,NA,NA,NA,NA,NA,NA,NA,9.64987190435525,758972
"Región de Murcia",2021,"mujeres",17.230942046352,80.0909345329166,8.21404822176657,3.32581031318124,6.72061255326225,4.62586966562436,0.427268712904055,4.49247974282663,NA,NA,NA,NA,NA,NA,NA,NA,NA,NA,NA,NA,9.82318271119843,757471
"Región de Murcia",2022,"total",16.2110860012674,116.365497355569,20.9790078932843,6.38295750051436,12.3821311612502,8.73829706954305,0.770710543333645,15.8118658716793,2.09058823836755,0.786684768309496,3.85135858845781,0.585409233942685,3.0428149336315,15.3254676875415,6.7683,2530062207,37380806000,"real",100.32,88.79,9.41320293398533,1540774
"Región de Murcia",2022,"hombres",15.4209759832048,154.848616063518,36.0789898051105,9.58822356688707,16.2564363065309,13.5795978497573,1.13012451238653,27.6576724547746,NA,NA,NA,NA,NA,NA,NA,NA,NA,NA,NA,NA,8.50111856823266,772515
"Región de Murcia",2022,"mujeres",17.0902547507623,80.8962900697207,6.69568869224058,3.40657856441702,8.81142517463856,4.41787094744363,0.439259064670664,4.88766579601429,NA,NA,NA,NA,NA,NA,NA,NA,NA,NA,NA,NA,10.5121293800539,768259
"Región de Murcia",2023,"total",18.6282792341033,110.680793156949,20.8838039856261,6.65868868508939,13.2988912058304,6.91079275281234,0.744181757752292,14.9375123686443,2.09184239146805,0.815569057465801,3.75813841408353,0.625312899951884,2.9672886864268,14.4400737543695,6.6798,2661157290,39838741000,"real",105.93,109.86,9.0982940698619,1560347
"Región de Murcia",2023,"hombres",17.1412557830042,143.266898971615,35.8927525706688,10.229795137744,16.9961768006439,9.96075421724576,1.0689174441084,25.6403688584462,NA,NA,NA,NA,NA,NA,NA,NA,NA,NA,NA,NA,8.01556420233463,781862
"Región de Murcia",2023,"mujeres",19.8108934122077,80.6883851605486,6.56316241776038,3.37610942971755,9.79342122926344,4.15459883230912,0.442447970097206,4.9927678792587,NA,NA,NA,NA,NA,NA,NA,NA,NA,NA,NA,NA,10.2803738317757,778485
"Región de Murcia",2024,"total",NA,108.348063648523,21.0389624803032,6.33388558182327,11.4878271284794,7.50363829349265,0.724765796602227,14.2975881024433,2.13455157928914,0.807953023485696,3.73578233915399,0.637015260196726,2.93294743143562,NA,6.7016,2847362340,42488024000,"real",107.15,97,11.0189573459716,1576912
"Región de Murcia",2024,"hombres",NA,138.09265012236,36.2708395770331,10.092715927656,15.3474447742425,10.7276964988081,1.05468227886998,25.1711967376823,NA,NA,NA,NA,NA,NA,NA,NA,NA,NA,NA,NA,11.2868439971244,790288
"Región de Murcia",2024,"mujeres",NA,81.2580754820975,6.67857191524502,2.85307564549564,7.91180945534025,4.54431237498109,0.419122009410279,4.22397522662377,NA,NA,NA,NA,NA,NA,NA,NA,NA,NA,NA,NA,10.692375109553,786624
"Región de Murcia",2025,"total",NA,NA,NA,NA,NA,NA,NA,NA,NA,NA,NA,NA,NA,NA,6.7231,2972286524,44209906961.5551,"proyeccion",103,89,NA,1596882
"Región de Murcia",2025,"hombres",NA,NA,NA,NA,NA,NA,NA,NA,NA,NA,NA,NA,NA,NA,NA,NA,NA,NA,NA,NA,NA,799705
"Región de Murcia",2025,"mujeres",NA,NA,NA,NA,NA,NA,NA,NA,NA,NA,NA,NA,NA,NA,NA,NA,NA,NA,NA,NA,NA,797177
