ccaa_id3,anio,concepto,importe_eur,codigo,denominacion
ara,2015,direccion,17773523.86,1111,Cortes de Aragón (Actividad Legislativa)
ara,2015,direccion,986513.61,1113,Aljafería
ara,2015,direccion,2020391.14,1112,Actuaciones del Justicia de Aragón
ara,2015,direccion,2930990.89,1114,Actuaciones de la Cámara de Cuentas de Aragón
ara,2015,direccion,3005653.19,1121,Presidencia y Órganos de la Presidencia
ara,2015,direccion,323404.28,1125,Consejo Consultivo de Aragón
ara,2015,,500734.99,3229,Consejo Económico y Social de Aragón
ara,2015,direccion,11250229.86,1211,Servicios Generales de Presidencia y Justicia
ara,2015,,44000000.0,1266,Televisión y Radio Autonómicas
ara,2015,direccion,2497467.01,1263,Servicios Jurídicos
ara,2015,direccion,797038.32,1267,Actuaciones Relativas al Desarrollo Estatutario
ara,2015,direccion,365910.79,1217,Relaciones Institucionales
ara,2015,direccion,3382115.62,4631,Elecciones Institucionales
ara,2015,direccion,763663.91,1268,Información y Participación Ciudadana
ara,2015,direccion,1064500.22,1311,Actuaciones de Relaciones Exteriores
ara,2015,,2844471.97,1341,Cooperación al Desarrollo
ara,2015,,70267758.61,1421,Servicios de Administración de Justicia
ara,2015,,2050624.98,1269,Serv. Generales de Política Territorial e Interior
ara,2015,direccion,10554837.91,1251,Apoyo a la Administración Local
ara,2015,direccion,23947720.72,1252,Política Territorial
ara,2015,,2133150.5,1253,Estrategias Territoriales
ara,2015,direccion,5506312.92,1213,Servicios de Seguridad y Protección Civil
ara,2015,direccion,889663.97,1215,Servicios de Interior
ara,2015,direccion,1705100.36,1219,Unidad Policía Nacional adscrita a la C.Autónoma
ara,2015,direccion,365000.0,1259,Cooperación con la Policía Local
ara,2015,direccion,1495622.53,1261,Servicios de Coordinación Administrativa en Huesca
ara,2015,direccion,1827684.89,1262,Servicios de Coordinación Administrativa en Teruel
ara,2015,direccion,2536141.74,6111,Serv. Gen. de Hacienda y Administración Pública
ara,2015,direccion,775068.96,6121,Planificación y Dirección Presupuestaria
ara,2015,,912120.6,6152,Actuaciones relativas a Programas Europeos
ara,2015,direccion,992923.28,6314,Gestión de Tesorería
ara,2015,direccion,10180093.52,1212,"Servicios Centrales, Edificios e Instalaciones"
ara,2015,direccion,1902531.16,1264,Información Ciudadana y Documentación Admva.
ara,2015,direccion,1302986.61,6313,Gestión del Patrimonio
ara,2015,direccion,300650.62,6411,Jta Consultiva Contratación Admtva y Registros
ara,2015,direccion,9016289.92,6312,Control Interno y Contabilidad
ara,2015,,10777263.06,6311,Gestión e Inspección de Tributos
ara,2015,,6404080.05,1214,Ordenación Administrativa
ara,2015,,5159631.71,1221,Dirección y Administración de la Función Pública
ara,2015,,1026271.51,1231,"Selección, Formación y Perfeccionamiento Personal"
ara,2015,,3000000.0,3135,Acción Social en Favor del Personal
ara,2015,vivienda,3746146.18,5111,"Serv.G. O.Públicas, Urbanismo, Vivienda y Ttes"
ara,2015,,82204386.25,5131,Carreteras
ara,2015,,3975479.16,4321,Urbanismo
ara,2015,,17352139.4,5132,Transportes
ara,2015,vivienda,2797675.21,4311,Promoción y Administración de Viviendas
ara,2015,vivienda,9986421.59,4312,Gestión social de la vivienda
ara,2015,,11369270.79,4323,Arquitectura y Rehabilitación
ara,2015,,2181626.0,4423,Gestión Ambiental
ara,2015,,23608227.89,5121,Gestión e Infraestructura de Recursos Hidráulicos
ara,2015,soberania,452112.77,7111,"Serv.Gen. Agricultura, Ganadería y Medio Ambiente"
ara,2015,soberania,44920969.45,7122,Coordinación y Gestión de Servicios Agroambient.
ara,2015,soberania,438900000.0,7128,Política Agraria Comunitaria
ara,2015,soberania,36356329.21,7123,Producción Agraria y Gestión de Ayudas
ara,2015,soberania,14991792.25,7121,Desarrollo Agroalimentario y Fomento Asociativo
ara,2015,soberania,19104022.05,7161,Calidad y Seguridad Alimentaria
ara,2015,,18428779.2,5332,Conservac. de la Biodivers y Desarrollo Sostenible
ara,2015,soberania,93330524.34,5311,Mejora de Estructuras Agrarias y Desarrollo Rural
ara,2015,,22821004.74,5331,Protección y mejora del Medio Natural
ara,2015,,10852863.86,4422,Protección y Mejora del Medio Ambiente
ara,2015,empleo,58331938.28,3225,Fomento del Empleo
ara,2015,empleo,2411310.94,6112,Servicios Generales de Economía y Empleo
ara,2015,,672500.0,6124,Corporación Empresarial Pública de Aragón
ara,2015,turismo,8605535.98,7511,"Ordenación, Promoción y Fomento del Turismo"
ara,2015,,1431498.45,5511,Elaboración y Difusión Estadística
ara,2015,,69334370.78,6122,Promoción y Desarrollo Económico
ara,2015,,867239.11,6315,Estudios Económicos y Regulación
ara,2015,,60123.13,6421,Actuaciones en materia de Defensa de Competencia
ara,2015,,6343136.92,3151,Relaciones Laborales
ara,2015,,287920291.85,3132,Gestión y Desarrollo de los Servicios Sociales
ara,2015,,5010142.49,3231,Promoción de la Juventud
ara,2015,igualdad,3179441.0,3232,Promoción de la Mujer
ara,2015,sanidad,10122573.99,4111,"Serv. Gener. Sanidad, Bienestar Social y Familia"
ara,2015,sanidad,1525064199.52,4131,Protección y Promoción de la Salud
ara,2015,sanidad,4511076.0,5425,Investigación y Desarrollo en el Área de la Salud
ara,2015,,2739964.21,4431,Control del Consumo
ara,2015,sanidad,26127821.63,4134,Salud Pública
ara,2015,sanidad,2836035.4,4132,Servicios de Atención al Usuario
ara,2015,,2392363.59,3133,Política Integral de Apoyo a la Familia
ara,2015,,7571400.12,1265,Servicios Telemáticos
ara,2015,idi,3682923.35,5411,Serv. Generales Industria e Innovación
ara,2015,idi,8239869.0,5421,Investigación Agroalimentaria
ara,2015,idi,1440000.0,5422,Investigación y Tecnología Aplicada a la Industria
ara,2015,,9282900.0,6126,Apoyo al Desarrollo Económico y Social
ara,2015,,4979587.2,7221,Actuaciones Administrativas sobre Industria
ara,2015,,9346157.41,7231,Fomento Industrial
ara,2015,idi,12554853.45,5423,"Investigación, Desarrollo e Innovación Tecnológica"
ara,2015,idi,12078776.71,5424,Investigación y Dllo. Sociedad de la Información
ara,2015,,4581727.53,7311,Fomento y Gestión Energética
ara,2015,,2620624.85,7312,Apoyo a la Minería
ara,2015,,6626736.89,6221,Ordenación y Promoción Comercial
ara,2015,,2750000.0,6231,Comercio Exterior y Relaciones Económicas Inter
ara,2015,educacion,57657151.87,4211,"Servicios Generales Educación,Univ.,Cultura y Dep."
ara,2015,educacion,509413.93,4229,Evaluación de la calidad de la Enseñanza Superior
ara,2015,educacion,154580952.55,4228,Educación Universitaria
ara,2015,educacion,272353120.46,4221,Educación Infantil y Primaria
ara,2015,educacion,306451617.28,4222,Educación Secundaria y Formación Profesional
ara,2015,educacion,45397280.48,4223,Educación Especial
ara,2015,educacion,21871009.15,4224,Enseñanzas Artísticas
ara,2015,educacion,4348901.59,4226,Plan Aragonés de Formación Profesional
ara,2015,educacion,2843494.9,4212,Gestión de Personal
ara,2015,educacion,9691912.41,4225,Educación Permanente
ara,2015,educacion,3337537.6,4227,Formación del Profesorado
ara,2015,,8573085.59,4231,Planificación y Programas Educativos
ara,2015,,5186126.55,4522,Gestión de Bibliotecas
ara,2015,,1321062.03,4553,Promoción y Acción Cultural
ara,2015,empleo,100000.0,3222,Fomento del Empleo. Escuelas Taller
ara,2015,,6628864.74,4521,Archivos y Museos
ara,2015,,6172038.01,4581,Protección y Difusión del Patrimonio Cultural
ara,2015,,5285414.79,4571,Fomento y apoyo a la Actividad Deportiva
ara,2015,direccion,1196957.18,9111,Transferencias a Administraciones Comarcales
ara,2015,direccion,1143687.23,9111,Transferencias a Administraciones Comarcales
ara,2015,direccion,1048070.65,9111,Transferencias a Administraciones Comarcales
ara,2015,direccion,1247783.49,9111,Transferencias a Administraciones Comarcales
ara,2015,direccion,1530730.76,9111,Transferencias a Administraciones Comarcales
ara,2015,direccion,2576840.15,9111,Transferencias a Administraciones Comarcales
ara,2015,direccion,1272385.57,9111,Transferencias a Administraciones Comarcales
ara,2015,direccion,1136448.83,9111,Transferencias a Administraciones Comarcales
ara,2015,direccion,1050701.6,9111,Transferencias a Administraciones Comarcales
ara,2015,direccion,1155809.92,9111,Transferencias a Administraciones Comarcales
ara,2015,direccion,1149730.86,9111,Transferencias a Administraciones Comarcales
ara,2015,direccion,924937.69,9111,Transferencias a Administraciones Comarcales
ara,2015,direccion,932935.51,9111,Transferencias a Administraciones Comarcales
ara,2015,direccion,740875.79,9111,Transferencias a Administraciones Comarcales
ara,2015,direccion,1345012.17,9111,Transferencias a Administraciones Comarcales
ara,2015,direccion,1364888.52,9111,Transferencias a Administraciones Comarcales
ara,2015,direccion,771843.64,9111,Transferencias a Administraciones Comarcales
ara,2015,direccion,896665.49,9111,Transferencias a Administraciones Comarcales
ara,2015,direccion,1816406.32,9111,Transferencias a Administraciones Comarcales
ara,2015,direccion,827997.8,9111,Transferencias a Administraciones Comarcales
ara,2015,direccion,694783.1,9111,Transferencias a Administraciones Comarcales
ara,2015,direccion,716009.09,9111,Transferencias a Administraciones Comarcales
ara,2015,direccion,785752.32,9111,Transferencias a Administraciones Comarcales
ara,2015,direccion,1026205.41,9111,Transferencias a Administraciones Comarcales
ara,2015,direccion,870980.08,9111,Transferencias a Administraciones Comarcales
ara,2015,direccion,811454.5,9111,Transferencias a Administraciones Comarcales
ara,2015,direccion,1379505.22,9111,Transferencias a Administraciones Comarcales
ara,2015,direccion,1904767.21,9111,Transferencias a Administraciones Comarcales
ara,2015,direccion,694845.96,9111,Transferencias a Administraciones Comarcales
ara,2015,direccion,751834.44,9111,Transferencias a Administraciones Comarcales
ara,2015,direccion,867645.21,9111,Transferencias a Administraciones Comarcales
ara,2015,direccion,785347.12,9111,Transferencias a Administraciones Comarcales
ara,2015,direccion,25000000.0,9111,Transferencias a Administraciones Comarcales
ara,2015,,2350000.0,9112,Cohesión Comarcal
ara,2015,,23273431.89,6129,Fondo de Contingencia de Ejecución Presupuestaria
ara,2015,,500000.0,6128,Fondo de Gastos de Personal
ara,2015,,815332264.49,0111,Amortización y Gastos Financieros de la Deuda
ara,2015,vivienda,58017647.47,5111,"Serv.G. O.Públicas, Urbanismo, Vivienda y Ttes"
ara,2015,idi,9000000.0,5423,"Investigación, Desarrollo e Innovación Tecnológica"
ara,2015,turismo,4300000.0,7511,"Ordenación, Promoción y Fomento del Turismo"
ara,2015,,4589000.0,3136,Fondo de Inclusión Social y Ayuda Familiar Urgente
ara,2015,empleo,91642358.45,3221,Fomento del Empleo. Instituto Aragonés de Empleo
ara,2015,sanidad,1471463539.68,4121,Asistencia Sanitaria
ara,2015,,302993491.48,3132,Gestión y Desarrollo de los Servicios Sociales
ara,2015,igualdad,3180941.0,3232,Promoción de la Mujer
ara,2015,,6423142.49,3231,Promoción de la Juventud
ara,2015,,9496400.12,1265,Servicios Telemáticos
ara,2015,,68170072.35,5121,Gestión e Infraestructura de Recursos Hidráulicos
ara,2015,sanidad,11764057.56,5425,Investigación y Desarrollo en el Área de la Salud
ara,2015,idi,10790944.0,5421,Investigación Agroalimentaria
ara,2015,,5918326.0,4423,Gestión Ambiental
ara,2015,sanidad,8925386.86,4124,Producc. componentes sanguíneos y de tejidos
ara,2015,educacion,509503.93,4229,Evaluación de la calidad de la Enseñanza Superior
ara,2016,direccion,17573803.57,1111,CORTES DE ARAGÓN (ACTIVIDAD LEGISLATIVA)
ara,2016,direccion,986106.01,1113,ALJAFERÍA
ara,2016,direccion,1873222.31,1112,ACTUACIONES DEL JUSTICIA DE ARAGÓN
ara,2016,direccion,2872835.68,1114,ACTUACIONES DE LA CÁMARA DE CUENTAS DE ARAGÓN
ara,2016,direccion,2384364.71,1121,PRESIDENCIA Y ÓRGANOS DE LA PRESIDENCIA
ara,2016,direccion,323110.96,1125,CONSEJO CONSULTIVO DE ARAGÓN
ara,2016,direccion,37620.95,1124,TRIBUNAL ADMTVO. DE CONTRATOS PÚBLICOS DE ARAGÓN
ara,2016,,474508.4,3229,CONSEJO ECONÓMICO Y SOCIAL DE ARAGÓN
ara,2016,direccion,8722080.49,1211,SERVICIOS GENERALES DE PRESIDENCIA Y JUSTICIA
ara,2016,,44000000.0,1266,TELEVISIÓN Y RADIO AUTONÓMICAS
ara,2016,direccion,2702993.88,1263,SERVICIOS JURÍDICOS
ara,2016,direccion,18455068.53,1251,APOYO A LA ADMINISTRACIÓN LOCAL
ara,2016,direccion,4107472.95,1252,POLÍTICA TERRITORIAL
ara,2016,direccion,370301.22,1217,RELACIONES INSTITUCIONALES
ara,2016,direccion,577015.01,1267,ACTUACIONES RELATIVAS AL DESARROLLO ESTATUTARIO
ara,2016,direccion,224600.0,4631,ELECCIONES INSTITUCIONALES
ara,2016,direccion,3927816.1,1213,SERVICIOS DE SEGURIDAD Y PROTECCIÓN CIVIL
ara,2016,direccion,904264.63,1215,SERVICIOS DE INTERIOR
ara,2016,direccion,1629992.29,1219,UNIDAD POLICÍA NACIONAL ADSCRITA A LA C.AUTÓNOMA
ara,2016,direccion,155000.0,1259,COOPERACIÓN CON LA POLICÍA LOCAL
ara,2016,,69705211.02,1421,SERVICIOS DE ADMINISTRACIÓN DE JUSTICIA
ara,2016,direccion,1653488.65,1261,SERVICIOS DE COORDINACIÓN ADMINISTRATIVA EN HUESCA
ara,2016,direccion,1898726.9,1262,SERVICIOS DE COORDINACIÓN ADMINISTRATIVA EN TERUEL
ara,2016,,2250243.45,3111,SERV. GRALES. CUIDADANÍA Y DERECHOS SOCIALES
ara,2016,direccion,593778.12,1268,INFORMACIÓN Y PARTICIPACIÓN CIUDADANA
ara,2016,direccion,1087874.76,1311,ACTUACIONES DE RELACIONES EXTERIORES
ara,2016,,2820481.97,1341,COOPERACIÓN AL DESARROLLO
ara,2016,,2469396.36,4431,CONTROL DEL CONSUMO
ara,2016,,1904843.83,3133,POLÍTICA INTEGRAL DE APOYO A LA FAMILIA
ara,2016,diversidad,1058000.0,3241,APOYO A LA INMIGRACIÓN
ara,2016,direccion,2347595.61,6111,SERV. GEN. DE HACIENDA Y ADMINISTRACIÓN PÚBLICA
ara,2016,direccion,760383.18,6121,PLANIFICACIÓN Y DIRECCIÓN PRESUPUESTARIA
ara,2016,,1025865.22,6152,ACTUACIONES RELATIVAS A PROGRAMAS EUROPEOS
ara,2016,direccion,1076418.72,6314,GESTIÓN DE TESORERÍA
ara,2016,direccion,8139734.5,1212,"SERVICIOS CENTRALES, EDIFICIOS E INSTALACIONES"
ara,2016,direccion,1847978.15,1264,INFORMACIÓN CIUDADANA Y DOCUMENTACIÓN ADMVA.
ara,2016,direccion,1299023.76,6313,GESTIÓN DEL PATRIMONIO
ara,2016,direccion,279294.18,6411,JTA CONSULTIVA CONTRATACIÓN ADMTVA Y REGISTROS
ara,2016,direccion,9092072.03,6312,CONTROL INTERNO Y CONTABILIDAD
ara,2016,,7780401.39,6311,GESTIÓN E INSPECCIÓN DE TRIBUTOS
ara,2016,,5660954.94,1221,DIRECCIÓN Y ADMINISTRACIÓN DE LA FUNCIÓN PÚBLICA
ara,2016,,921649.88,1231,"SELECCIÓN, FORMACIÓN Y PERFECCIONAMIENTO PERSONAL"
ara,2016,,3000000.0,3135,ACCIÓN SOCIAL EN FAVOR DEL PERSONAL
ara,2016,vivienda,3924024.83,5111,"SERV.G. O.PÚBLICAS, URBANISMO, VIVIENDA Y TTES"
ara,2016,,2280053.5,1253,ESTRATEGIAS TERRITORIALES
ara,2016,,3510865.11,4321,URBANISMO
ara,2016,,60128078.63,5131,CARRETERAS
ara,2016,,9937739.24,5132,TRANSPORTES
ara,2016,vivienda,1768082.98,4311,PROMOCIÓN Y ADMINISTRACIÓN DE VIVIENDAS
ara,2016,vivienda,12810670.45,4312,GESTIÓN SOCIAL DE LA VIVIENDA
ara,2016,,14844800.83,4323,ARQUITECTURA Y REHABILITACIÓN
ara,2016,turismo,7821620.03,7511,"ORDENACIÓN, PROMOCIÓN Y FOMENTO DEL TURISMO"
ara,2016,,1010626.43,4423,GESTIÓN AMBIENTAL
ara,2016,,2441628.47,5121,GESTIÓN E INFRAESTRUCTURA DE RECURSOS HIDRÁULICOS
ara,2016,soberania,470421.82,7111,"SERV.GEN. AGRICULTURA, GANADERÍA Y MEDIO AMBIENTE"
ara,2016,soberania,43986585.76,7122,COORDINACIÓN Y GESTIÓN DE SERVICIOS AGROAMBIENT.
ara,2016,soberania,442470312.05,7128,POLÍTICA AGRARIA COMUNITARIA
ara,2016,soberania,28971038.26,7123,PRODUCCIÓN AGRARIA Y GESTIÓN DE AYUDAS
ara,2016,soberania,14368611.78,7121,DESARROLLO AGROALIMENTARIO Y FOMENTO ASOCIATIVO
ara,2016,soberania,16799967.6,7161,CALIDAD Y SEGURIDAD ALIMENTARIA
ara,2016,,10144000.66,4422,PROTECCIÓN Y MEJORA DEL MEDIO AMBIENTE
ara,2016,,14171688.36,5332,CONSERVAC. DE LA BIODIVERS Y DESARROLLO SOSTENIBLE
ara,2016,soberania,79428543.95,5311,MEJORA DE ESTRUCTURAS AGRARIAS Y DESARROLLO RURAL
ara,2016,,30109596.37,5331,PROTECCIÓN Y MEJORA DEL MEDIO NATURAL
ara,2016,empleo,2653819.11,6112,SERVICIOS GENERALES DE ECONOMÍA Y EMPLEO
ara,2016,,1109351.86,6124,CORPORACIÓN EMPRESARIAL PÚBLICA DE ARAGÓN
ara,2016,,8027472.0,6126,APOYO AL DESARROLLO ECONÓMICO Y SOCIAL
ara,2016,,1506594.38,5511,ELABORACIÓN Y DIFUSIÓN ESTADÍSTICA
ara,2016,,65188209.34,6122,PROMOCIÓN Y DESARROLLO ECONÓMICO
ara,2016,,719212.48,6315,ESTUDIOS ECONÓMICOS Y REGULACIÓN
ara,2016,,51104.66,6421,ACTUACIONES EN MATERIA DE DEFENSA DE COMPETENCIA
ara,2016,,6065017.71,3151,RELACIONES LABORALES
ara,2016,,5101004.82,6221,ORDENACIÓN Y PROMOCIÓN COMERCIAL
ara,2016,,544330.0,6231,COMERCIO EXTERIOR Y RELACIONES ECONÓMICAS INTER
ara,2016,,4371977.54,7221,ACTUACIONES ADMINISTRATIVAS SOBRE INDUSTRIA
ara,2016,,8033456.03,7231,FOMENTO INDUSTRIAL
ara,2016,,4024591.21,7311,FOMENTO Y GESTIÓN ENERGÉTICA
ara,2016,,1283600.07,7312,APOYO A LA MINERÍA
ara,2016,sanidad,10179062.98,4111,"SERV. GENER. SANIDAD, BIENESTAR SOCIAL Y FAMILIA"
ara,2016,sanidad,51950879.859999895,4131,PROTECCIÓN Y PROMOCIÓN DE LA SALUD
ara,2016,sanidad,4823486.54,5425,INVESTIGACIÓN Y DESARROLLO EN EL ÁREA DE LA SALUD
ara,2016,sanidad,2823562.92,4132,SERVICIOS DE ATENCIÓN AL USUARIO
ara,2016,sanidad,30704471.38,4134,SALUD PÚBLICA
ara,2016,,5966828.12,1265,SERVICIOS TELEMÁTICOS
ara,2016,educacion,527797.58,4229,EVALUACIÓN DE LA CALIDAD DE LA ENSEÑANZA SUPERIOR
ara,2016,idi,3825833.42,5411,SERV. GENERALES INDUSTRIA E INNOVACIÓN
ara,2016,idi,8583716.51,5421,INVESTIGACIÓN AGROALIMENTARIA
ara,2016,idi,1538531.0,5422,INVESTIGACIÓN Y TECNOLOGÍA APLICADA A LA INDUSTRIA
ara,2016,educacion,163798182.64,4228,EDUCACIÓN UNIVERSITARIA
ara,2016,idi,14437776.53,5423,"INVESTIGACIÓN, DESARROLLO E INNOVACIÓN TECNOLÓGICA"
ara,2016,idi,12266113.3,5424,INVESTIGACIÓN Y DLLO. SOCIEDAD DE LA INFORMACIÓN
ara,2016,,5476710.45,5426,ADMINISTRACIÓN ELECTRÓNICA
ara,2016,educacion,63634622.83,4211,"SERVICIOS GENERALES EDUCACIÓN,UNIV.,CULTURA Y DEP."
ara,2016,,532013.49,4551,FOMENTO Y PROMOCIÓN DE LAS LENGUAS PROPIAS
ara,2016,educacion,294618959.33,4221,EDUCACIÓN INFANTIL Y PRIMARIA
ara,2016,educacion,341828201.42,4222,EDUCACIÓN SECUNDARIA Y FORMACIÓN PROFESIONAL
ara,2016,educacion,48771018.79,4223,EDUCACIÓN ESPECIAL
ara,2016,educacion,23538255.45,4224,ENSEÑANZAS ARTÍSTICAS
ara,2016,educacion,4422021.47,4226,PLAN ARAGONÉS DE FORMACIÓN PROFESIONAL
ara,2016,educacion,2871985.85,4212,GESTIÓN DE PERSONAL
ara,2016,educacion,3612862.44,4227,FORMACIÓN DEL PROFESORADO
ara,2016,educacion,10324963.28,4225,EDUCACIÓN PERMANENTE
ara,2016,,12244785.15,4231,PLANIFICACIÓN Y PROGRAMAS EDUCATIVOS
ara,2016,,12447045.39,4521,ARCHIVOS Y MUSEOS
ara,2016,,6140723.78,4581,PROTECCIÓN Y DIFUSIÓN DEL PATRIMONIO CULTURAL
ara,2016,,6260066.6,4571,FOMENTO Y APOYO A LA ACTIVIDAD DEPORTIVA
ara,2016,direccion,1288041.54,9111,TRANSFERENCIAS A ADMINISTRACIONES COMARCALES
ara,2016,direccion,1221521.68,9111,TRANSFERENCIAS A ADMINISTRACIONES COMARCALES
ara,2016,direccion,1125532.99,9111,TRANSFERENCIAS A ADMINISTRACIONES COMARCALES
ara,2016,direccion,1356815.03,9111,TRANSFERENCIAS A ADMINISTRACIONES COMARCALES
ara,2016,direccion,1615102.81,9111,TRANSFERENCIAS A ADMINISTRACIONES COMARCALES
ara,2016,direccion,2788251.21,9111,TRANSFERENCIAS A ADMINISTRACIONES COMARCALES
ara,2016,direccion,1387603.72,9111,TRANSFERENCIAS A ADMINISTRACIONES COMARCALES
ara,2016,direccion,1220398.37,9111,TRANSFERENCIAS A ADMINISTRACIONES COMARCALES
ara,2016,direccion,1127747.59,9111,TRANSFERENCIAS A ADMINISTRACIONES COMARCALES
ara,2016,direccion,1243911.32,9111,TRANSFERENCIAS A ADMINISTRACIONES COMARCALES
ara,2016,direccion,1237045.81,9111,TRANSFERENCIAS A ADMINISTRACIONES COMARCALES
ara,2016,direccion,989411.84,9111,TRANSFERENCIAS A ADMINISTRACIONES COMARCALES
ara,2016,direccion,987615.13,9111,TRANSFERENCIAS A ADMINISTRACIONES COMARCALES
ara,2016,direccion,775279.64,9111,TRANSFERENCIAS A ADMINISTRACIONES COMARCALES
ara,2016,direccion,1399856.68,9111,TRANSFERENCIAS A ADMINISTRACIONES COMARCALES
ara,2016,direccion,1423014.55,9111,TRANSFERENCIAS A ADMINISTRACIONES COMARCALES
ara,2016,direccion,808469.94,9111,TRANSFERENCIAS A ADMINISTRACIONES COMARCALES
ara,2016,direccion,949747.05,9111,TRANSFERENCIAS A ADMINISTRACIONES COMARCALES
ara,2016,direccion,1945137.79,9111,TRANSFERENCIAS A ADMINISTRACIONES COMARCALES
ara,2016,direccion,872600.66,9111,TRANSFERENCIAS A ADMINISTRACIONES COMARCALES
ara,2016,direccion,723546.79,9111,TRANSFERENCIAS A ADMINISTRACIONES COMARCALES
ara,2016,direccion,746180.14,9111,TRANSFERENCIAS A ADMINISTRACIONES COMARCALES
ara,2016,direccion,834566.21,9111,TRANSFERENCIAS A ADMINISTRACIONES COMARCALES
ara,2016,direccion,1104299.08,9111,TRANSFERENCIAS A ADMINISTRACIONES COMARCALES
ara,2016,direccion,928915.52,9111,TRANSFERENCIAS A ADMINISTRACIONES COMARCALES
ara,2016,direccion,850908.85,9111,TRANSFERENCIAS A ADMINISTRACIONES COMARCALES
ara,2016,direccion,1445714.08,9111,TRANSFERENCIAS A ADMINISTRACIONES COMARCALES
ara,2016,direccion,2032373.81,9111,TRANSFERENCIAS A ADMINISTRACIONES COMARCALES
ara,2016,direccion,723622.03,9111,TRANSFERENCIAS A ADMINISTRACIONES COMARCALES
ara,2016,direccion,793738.55,9111,TRANSFERENCIAS A ADMINISTRACIONES COMARCALES
ara,2016,direccion,918681.58,9111,TRANSFERENCIAS A ADMINISTRACIONES COMARCALES
ara,2016,direccion,825993.23,9111,TRANSFERENCIAS A ADMINISTRACIONES COMARCALES
ara,2016,,2429603.47,9112,COHESIÓN COMARCAL
ara,2016,,14384840.44,6129,FONDO DE CONTINGENCIA DE EJECUCIÓN PRESUPUESTARIA
ara,2016,,20000000.0,6128,FONDO DE GASTOS DE PERSONAL
ara,2016,,518951894.93,0111,AMORTIZACIÓN Y GASTOS FINANCIEROS DE LA DEUDA
ara,2016,,1000000.0,6221,ORDENACIÓN Y PROMOCIÓN COMERCIAL
ara,2016,turismo,15504375.0,7511,"ORDENACIÓN, PROMOCIÓN Y FOMENTO DEL TURISMO"
ara,2016,soberania,4500000.0,5311,MEJORA DE ESTRUCTURAS AGRARIAS Y DESARROLLO RURAL
ara,2016,direccion,11589810.29,9111,TRANSFERENCIAS A ADMINISTRACIONES COMARCALES
ara,2016,empleo,91728176.1,3221,FOMENTO DEL EMPLEO. INSTITUTO ARAGONÉS DE EMPLEO
ara,2016,sanidad,1683910000.0,4121,ASISTENCIA SANITARIA
ara,2016,,338910414.79,3132,GESTIÓN Y DESARROLLO DE LOS SERVICIOS SOCIALES
ara,2016,igualdad,3359366.65,3232,PROMOCIÓN DE LA MUJER
ara,2016,,5082400.4,3231,PROMOCIÓN DE LA JUVENTUD
ara,2016,,8066828.12,1265,SERVICIOS TELEMÁTICOS
ara,2016,,58693425.24,5121,GESTIÓN E INFRAESTRUCTURA DE RECURSOS HIDRÁULICOS
ara,2016,sanidad,11900344.98,5425,INVESTIGACIÓN Y DESARROLLO EN EL ÁREA DE LA SALUD
ara,2016,idi,10920821.51,5421,INVESTIGACIÓN AGROALIMENTARIA
ara,2016,,4901026.43,4423,GESTIÓN AMBIENTAL
ara,2016,sanidad,9989530.0,4124,PRODUCC. COMPONENTES SANGUÍNEOS Y DE TEJIDOS
ara,2016,educacion,527807.58,4229,EVALUACIÓN DE LA CALIDAD DE LA ENSEÑANZA SUPERIOR
ara,2017,direccion,17675838.59,1111,CORTES DE ARAGÓN (ACTIVIDAD LEGISLATIVA)
ara,2017,direccion,1023591.27,1113,ALJAFERÍA
ara,2017,direccion,1873129.44,1112,ACTUACIONES DEL JUSTICIA DE ARAGÓN
ara,2017,direccion,2852884.98,1114,ACTUACIONES DE LA CÁMARA DE CUENTAS DE ARAGÓN
ara,2017,direccion,2170971.69,1121,PRESIDENCIA Y ÓRGANOS DE LA PRESIDENCIA
ara,2017,direccion,323110.76,1125,CONSEJO CONSULTIVO DE ARAGÓN
ara,2017,direccion,46276.18,1124,TRIBUNAL ADMTVO. DE CONTRATOS PÚBLICOS DE ARAGÓN
ara,2017,,474507.61,3229,CONSEJO ECONÓMICO Y SOCIAL DE ARAGÓN
ara,2017,direccion,9671615.36,1211,SERVICIOS GENERALES DE PRESIDENCIA
ara,2017,,44000000.0,1266,TELEVISIÓN Y RADIO AUTONÓMICAS
ara,2017,direccion,2528563.41,1263,SERVICIOS JURÍDICOS
ara,2017,direccion,18923974.96,1251,APOYO A LA ADMINISTRACIÓN LOCAL
ara,2017,direccion,10420745.6,1252,POLÍTICA TERRITORIAL
ara,2017,direccion,328634.91,1217,RELACIONES INSTITUCIONALES
ara,2017,direccion,425232.26,1267,ACTUACIONES RELATIVAS AL DESARROLLO ESTATUTARIO
ara,2017,direccion,991489.19,1311,ACTUACIONES DE RELACIONES EXTERIORES
ara,2017,direccion,12000.0,4631,ELECCIONES INSTITUCIONALES
ara,2017,direccion,4734844.68,1213,SERVICIOS DE SEGURIDAD Y PROTECCIÓN CIVIL
ara,2017,direccion,913593.13,1215,SERVICIOS DE INTERIOR
ara,2017,direccion,1669011.32,1219,UNIDAD POLICÍA NACIONAL ADSCRITA A LA C.AUTÓNOMA
ara,2017,direccion,560000.0,1259,COOPERACIÓN CON LA POLICÍA LOCAL
ara,2017,,72500805.89,1421,SERVICIOS DE ADMINISTRACIÓN DE JUSTICIA
ara,2017,,1825575.0,1422,MINISTERIO FISCAL
ara,2017,direccion,1465445.8,1261,SERVICIOS DE COORDINACIÓN ADMINISTRATIVA EN HUESCA
ara,2017,direccion,1863592.77,1262,SERVICIOS DE COORDINACIÓN ADMINISTRATIVA EN TERUEL
ara,2017,,2690738.68,3111,SERV. GRALES. CIUDADANÍA Y DERECHOS SOCIALES
ara,2017,direccion,1146508.26,1268,INFORMACIÓN Y PARTICIPACIÓN CIUDADANA
ara,2017,,2997922.46,1341,COOPERACIÓN AL DESARROLLO
ara,2017,,2579679.38,4431,CONTROL DEL CONSUMO
ara,2017,,2026621.95,3133,POLÍTICA INTEGRAL DE APOYO A LAS FAMILIAS
ara,2017,diversidad,1337482.01,3241,IGUALDAD Y APOYO A LA INMIGRACIÓN
ara,2017,direccion,2253034.55,6111,SERV. GEN. DE HACIENDA Y ADMINISTRACIÓN PÚBLICA
ara,2017,direccion,838256.84,6121,PLANIFICACIÓN Y DIRECCIÓN PRESUPUESTARIA
ara,2017,,1016971.99,6152,ACTUACIONES RELATIVAS A PROGRAMAS EUROPEOS
ara,2017,direccion,1030485.32,6314,GESTIÓN DE TESORERÍA
ara,2017,direccion,7827676.9,1212,"SERVICIOS CENTRALES, EDIFICIOS E INSTALACIONES"
ara,2017,direccion,1782695.35,1264,INFORMACIÓN CIUDADANA Y DOCUMENTACIÓN ADMVA.
ara,2017,direccion,1346523.6,6313,GESTIÓN DEL PATRIMONIO
ara,2017,direccion,330218.43,6411,JTA CONSULTIVA CONTRATACIÓN ADMTVA Y REGISTROS
ara,2017,direccion,8943036.8,6312,CONTROL INTERNO Y CONTABILIDAD
ara,2017,,10467644.74,6311,GESTIÓN E INSPECCIÓN DE TRIBUTOS
ara,2017,,5786382.79,1221,DIRECCIÓN Y ADMINISTRACIÓN DE LA FUNCIÓN PÚBLICA
ara,2017,,949883.95,1231,"SELECCIÓN, FORMACIÓN Y PERFECCIONAMIENTO PERSONAL"
ara,2017,vivienda,3924096.52,5111,"SERV.G. VERTEB. TERRITORRIO, MOVILIDAD Y VIVIENDA"
ara,2017,,2489940.62,1253,ESTRATEGIAS TERRITORIALES
ara,2017,,3741803.87,4321,URBANISMO
ara,2017,,63851552.36,5131,CARRETERAS
ara,2017,,15505274.86,5132,TRANSPORTES
ara,2017,vivienda,31274129.11,4312,GESTIÓN SOCIAL DE LA VIVIENDA
ara,2017,turismo,9252622.66,7511,"ORDENACIÓN, PROMOCIÓN Y FOMENTO DEL TURISMO"
ara,2017,,996622.23,4423,GESTIÓN AMBIENTAL
ara,2017,,2700000.0,5121,GESTIÓN E INFRAESTRUCTURA DE RECURSOS HIDRÁULICOS
ara,2017,soberania,428323.34,7111,SERV.GEN. DESARROLLO RURAL Y SOSTENIBILIDAD
ara,2017,soberania,43879021.49,7122,COORDINACIÓN Y GESTIÓN DE SERVICIOS AGROAMBIENT.
ara,2017,soberania,446274743.75,7128,POLÍTICA AGRARIA COMUNITARIA
ara,2017,soberania,30653409.1,7123,PRODUCCIÓN AGRARIA Y GESTIÓN DE AYUDAS
ara,2017,soberania,19505065.97,7121,DESARROLLO AGROALIMENTARIO Y FOMENTO ASOCIATIVO
ara,2017,soberania,13115175.79,7161,CALIDAD Y SEGURIDAD ALIMENTARIA
ara,2017,,12722406.55,4422,PROTECCIÓN Y MEJORA DEL MEDIO AMBIENTE
ara,2017,,16156591.6,5332,CONSERVAC. DE LA BIODIVERS Y DESARROLLO SOSTENIBLE
ara,2017,soberania,81618484.44,5311,MEJORA DE ESTRUCTURAS AGRARIAS Y DESARROLLO RURAL
ara,2017,,32621795.98,5331,PROTECCIÓN Y MEJORA DEL MEDIO NATURAL
ara,2017,empleo,2887125.88,6112,"SERV G. ECONOMÍA, INDUSTRIA Y EMPLEO"
ara,2017,,654977.0,6124,CORPORACIÓN EMPRESARIAL PÚBLICA DE ARAGÓN
ara,2017,,7040822.0,6126,APOYO AL DESARROLLO ECONÓMICO Y SOCIAL
ara,2017,,1405778.0,5511,ELABORACIÓN Y DIFUSIÓN ESTADÍSTICA
ara,2017,,62775880.98,6122,PROMOCIÓN Y DESARROLLO ECONÓMICO
ara,2017,,704504.06,6315,ESTUDIOS ECONÓMICOS Y REGULACIÓN
ara,2017,,49105.0,6421,ACTUACIONES EN MATERIA DE DEFENSA DE COMPETENCIA
ara,2017,,6158248.68,3151,RELACIONES LABORALES
ara,2017,,6654727.72,6221,ORDENACIÓN Y PROMOCIÓN COMERCIAL
ara,2017,,480000.0,6231,COMERCIO EXTERIOR Y RELACIONES ECONÓMICAS INTER
ara,2017,,3972923.44,7221,ACTUACIONES ADMINISTRATIVAS SOBRE INDUSTRIA
ara,2017,,4685219.78,7231,FOMENTO INDUSTRIAL
ara,2017,,5000000.0,6123,PLAN MINERÍA DEL CARBÓN Y DLLO ALTERNAT COM.MIN
ara,2017,,7277574.48,7311,FOMENTO Y GESTIÓN ENERGÉTICA
ara,2017,,1082521.1,7312,APOYO A LA MINERÍA
ara,2017,sanidad,11287348.65,4111,SERV. GENER. SANIDAD
ara,2017,sanidad,57543213.18000007,4131,PROTECCIÓN Y PROMOCIÓN DE LA SALUD
ara,2017,sanidad,5154855.0,5425,INVESTIGACIÓN Y DESARROLLO EN EL ÁREA DE LA SALUD
ara,2017,sanidad,2850628.44,4132,SERVICIOS DE ATENCIÓN AL USUARIO
ara,2017,sanidad,31767083.08,4134,SALUD PÚBLICA
ara,2017,,7092274.64,1265,SERVICIOS TELEMÁTICOS
ara,2017,educacion,646351.53,4229,EVALUACIÓN DE LA CALIDAD DE LA ENSEÑANZA SUPERIOR
ara,2017,idi,3445743.28,5411,"SERV. G. INNOVACIÓN, INVESTIGACIÓN Y UNIVERSIDAD"
ara,2017,idi,8243771.65,5421,INVESTIGACIÓN AGROALIMENTARIA
ara,2017,idi,2425000.0,5422,INVESTIGACIÓN Y TECNOLOGÍA APLICADA A LA INDUSTRIA
ara,2017,educacion,169810205.91,4228,EDUCACIÓN UNIVERSITARIA
ara,2017,idi,23853935.29,5423,"INVESTIGACIÓN, DESARROLLO E INNOVACIÓN TECNOLÓGICA"
ara,2017,idi,13807612.07,5424,INVESTIGACIÓN Y DLLO. SOCIEDAD DE LA INFORMACIÓN
ara,2017,,6133708.71,5426,ADMINISTRACIÓN ELECTRÓNICA
ara,2017,educacion,70201971.7,4211,"SERVICIOS GENERALES EDUCACIÓN, CULTURA Y DEPORTE"
ara,2017,,633122.04,4551,FOMENTO Y PROMOCIÓN DE LAS LENGUAS PROPIAS
ara,2017,educacion,306569433.82,4221,EDUCACIÓN INFANTIL Y PRIMARIA
ara,2017,educacion,373186387.13,4222,EDUCACIÓN SECUNDARIA Y FORMACIÓN PROFESIONAL
ara,2017,educacion,55470019.71,4223,EDUCACIÓN ESPECIAL
ara,2017,educacion,25947716.9,4224,ENSEÑANZAS ARTÍSTICAS
ara,2017,educacion,4430447.21,4226,PLAN ARAGONÉS DE FORMACIÓN PROFESIONAL
ara,2017,educacion,2965003.53,4212,GESTIÓN DE PERSONAL
ara,2017,educacion,3942797.03,4227,FORMACIÓN DEL PROFESORADO
ara,2017,educacion,11051676.17,4225,EDUCACIÓN PERMANENTE
ara,2017,idi,16104094.76,4231,"INNOVACIÓN, EQUIDAD Y PARTICIPACIÓN"
ara,2017,,12388045.05,4521,"ARCHIVOS, MUSEOS Y BIBLIOTECAS"
ara,2017,,10256819.64,4581,PROMOC. DE LA CULTURA Y PROT. DEL PATRIM. CULTURAL
ara,2017,,7858815.06,4571,FOMENTO Y APOYO A LA ACTIVIDAD DEPORTIVA
ara,2017,direccion,2004682.74,9111,TRANSFERENCIAS A ADMINISTRACIONES COMARCALES
ara,2017,direccion,1884550.71,9111,TRANSFERENCIAS A ADMINISTRACIONES COMARCALES
ara,2017,direccion,1797847.09,9111,TRANSFERENCIAS A ADMINISTRACIONES COMARCALES
ara,2017,direccion,2148635.68,9111,TRANSFERENCIAS A ADMINISTRACIONES COMARCALES
ara,2017,direccion,2527660.71,9111,TRANSFERENCIAS A ADMINISTRACIONES COMARCALES
ara,2017,direccion,4091559.44,9111,TRANSFERENCIAS A ADMINISTRACIONES COMARCALES
ara,2017,direccion,2201034.17,9111,TRANSFERENCIAS A ADMINISTRACIONES COMARCALES
ara,2017,direccion,1908190.07,9111,TRANSFERENCIAS A ADMINISTRACIONES COMARCALES
ara,2017,direccion,1785592.85,9111,TRANSFERENCIAS A ADMINISTRACIONES COMARCALES
ara,2017,direccion,1964990.23,9111,TRANSFERENCIAS A ADMINISTRACIONES COMARCALES
ara,2017,direccion,1910566.19,9111,TRANSFERENCIAS A ADMINISTRACIONES COMARCALES
ara,2017,direccion,1601325.54,9111,TRANSFERENCIAS A ADMINISTRACIONES COMARCALES
ara,2017,direccion,1573222.36,9111,TRANSFERENCIAS A ADMINISTRACIONES COMARCALES
ara,2017,direccion,1267795.44,9111,TRANSFERENCIAS A ADMINISTRACIONES COMARCALES
ara,2017,direccion,2162484.79,9111,TRANSFERENCIAS A ADMINISTRACIONES COMARCALES
ara,2017,direccion,2188087.47,9111,TRANSFERENCIAS A ADMINISTRACIONES COMARCALES
ara,2017,direccion,1305860.36,9111,TRANSFERENCIAS A ADMINISTRACIONES COMARCALES
ara,2017,direccion,1498445.01,9111,TRANSFERENCIAS A ADMINISTRACIONES COMARCALES
ara,2017,direccion,3024625.76,9111,TRANSFERENCIAS A ADMINISTRACIONES COMARCALES
ara,2017,direccion,1398207.85,9111,TRANSFERENCIAS A ADMINISTRACIONES COMARCALES
ara,2017,direccion,1198877.24,9111,TRANSFERENCIAS A ADMINISTRACIONES COMARCALES
ara,2017,direccion,1218439.37,9111,TRANSFERENCIAS A ADMINISTRACIONES COMARCALES
ara,2017,direccion,1399420.17,9111,TRANSFERENCIAS A ADMINISTRACIONES COMARCALES
ara,2017,direccion,1789951.19,9111,TRANSFERENCIAS A ADMINISTRACIONES COMARCALES
ara,2017,direccion,1529696.04,9111,TRANSFERENCIAS A ADMINISTRACIONES COMARCALES
ara,2017,direccion,1363308.32,9111,TRANSFERENCIAS A ADMINISTRACIONES COMARCALES
ara,2017,direccion,2246454.04,9111,TRANSFERENCIAS A ADMINISTRACIONES COMARCALES
ara,2017,direccion,3079609.37,9111,TRANSFERENCIAS A ADMINISTRACIONES COMARCALES
ara,2017,direccion,1193789.96,9111,TRANSFERENCIAS A ADMINISTRACIONES COMARCALES
ara,2017,direccion,1329940.3,9111,TRANSFERENCIAS A ADMINISTRACIONES COMARCALES
ara,2017,direccion,1486383.0,9111,TRANSFERENCIAS A ADMINISTRACIONES COMARCALES
ara,2017,direccion,1347192.9,9111,TRANSFERENCIAS A ADMINISTRACIONES COMARCALES
ara,2017,,416545.93,9112,COHESIÓN COMARCAL
ara,2017,,14384840.44,6129,FONDO DE CONTINGENCIA DE EJECUCIÓN PRESUPUESTARIA
ara,2017,educacion,7795445.77,4221,EDUCACIÓN INFANTIL Y PRIMARIA
ara,2017,educacion,7360134.61,4222,EDUCACIÓN SECUNDARIA Y FORMACIÓN PROFESIONAL
ara,2017,educacion,628949.37,4223,EDUCACIÓN ESPECIAL
ara,2017,,3000000.0,6128,FONDO DE GASTOS DE PERSONAL
ara,2017,,695151367.59,0111,AMORTIZACIÓN Y GASTOS FINANCIEROS DE LA DEUDA
ara,2017,,500000.0,6221,ORDENACIÓN Y PROMOCIÓN COMERCIAL
ara,2017,,500000.0,7231,FOMENTO INDUSTRIAL
ara,2017,turismo,6074385.0,7511,"ORDENACIÓN, PROMOCIÓN Y FOMENTO DEL TURISMO"
ara,2017,,350000.0,6122,PROMOCIÓN Y DESARROLLO ECONÓMICO
ara,2017,empleo,50000.0,3221,FOMENTO DEL EMPLEO. INSTITUTO ARAGONÉS DE EMPLEO
ara,2017,,300000.0,3151,RELACIONES LABORALES
ara,2017,,400000.0,4571,FOMENTO Y APOYO A LA ACTIVIDAD DEPORTIVA
ara,2017,empleo,103737004.11,3221,FOMENTO DEL EMPLEO. INSTITUTO ARAGONÉS DE EMPLEO
ara,2017,sanidad,1775025460.25,4121,ASISTENCIA SANITARIA
ara,2017,,366130542.67,3132,GESTIÓN Y DESARROLLO DE LOS SERVICIOS SOCIALES
ara,2017,igualdad,3863624.08,3232,PROMOCIÓN DE LA MUJER
ara,2017,,5759803.43,3231,PROMOCIÓN DE LA JUVENTUD
ara,2017,,9192274.64,1265,SERVICIOS TELEMÁTICOS
ara,2017,,63954658.0,5121,GESTIÓN E INFRAESTRUCTURA DE RECURSOS HIDRÁULICOS
ara,2017,sanidad,10004034.0,5425,INVESTIGACIÓN Y DESARROLLO EN EL ÁREA DE LA SALUD
ara,2017,idi,11096771.65,5421,INVESTIGACIÓN AGROALIMENTARIA
ara,2017,,4901026.48,4423,GESTIÓN AMBIENTAL
ara,2017,sanidad,9491380.0,4124,PRODUCC. COMPONENTES SANGUÍNEOS Y DE TEJIDOS
ara,2017,educacion,666361.53,4229,EVALUACIÓN DE LA CALIDAD DE LA ENSEÑANZA SUPERIOR
ara,2018,direccion,18146678.05,1111,CORTES DE ARAGÓN (ACTIVIDAD LEGISLATIVA)
ara,2018,direccion,1062117.22,1113,ALJAFERÍA
ara,2018,direccion,1912317.59,1112,ACTUACIONES DEL JUSTICIA DE ARAGÓN
ara,2018,direccion,3029089.28,1114,ACTUACIONES DE LA CÁMARA DE CUENTAS DE ARAGÓN
ara,2018,direccion,2204455.39,1121,PRESIDENCIA Y ÓRGANOS DE LA PRESIDENCIA
ara,2018,direccion,327892.05,1125,CONSEJO CONSULTIVO DE ARAGÓN
ara,2018,direccion,215695.97,1124,TRIBUNAL ADMTVO. DE CONTRATOS PÚBLICOS DE ARAGÓN
ara,2018,,482581.94,3229,CONSEJO ECONÓMICO Y SOCIAL DE ARAGÓN
ara,2018,direccion,9862518.16,1211,SERVICIOS GENERALES DE PRESIDENCIA
ara,2018,,47000000.0,1266,TELEVISIÓN Y RADIO AUTONÓMICAS
ara,2018,direccion,2603749.52,1263,SERVICIOS JURÍDICOS
ara,2018,direccion,21839417.88,1251,APOYO A LA ADMINISTRACIÓN LOCAL
ara,2018,direccion,11019282.74,1252,POLÍTICA TERRITORIAL
ara,2018,direccion,325784.6,1217,RELACIONES INSTITUCIONALES
ara,2018,direccion,420614.08,1267,ACTUACIONES RELATIVAS AL DESARROLLO ESTATUTARIO
ara,2018,direccion,1055816.99,1311,ACTUACIONES DE RELACIONES EXTERIORES
ara,2018,direccion,12000.0,4631,ELECCIONES INSTITUCIONALES
ara,2018,direccion,5746943.57,1213,SERVICIOS DE SEGURIDAD Y PROTECCIÓN CIVIL
ara,2018,direccion,1041283.39,1215,SERVICIOS DE INTERIOR
ara,2018,direccion,1622550.19,1219,UNIDAD POLICÍA NACIONAL ADSCRITA A LA C.AUTÓNOMA
ara,2018,direccion,1072950.0,1259,COOPERACIÓN CON LA POLICÍA LOCAL
ara,2018,,72931812.68,1421,SERVICIOS DE ADMINISTRACIÓN DE JUSTICIA
ara,2018,,1834612.5,1422,MINISTERIO FISCAL
ara,2018,direccion,1661854.93,1261,SERVICIOS DE COORDINACIÓN ADMINISTRATIVA EN HUESCA
ara,2018,direccion,2028696.81,1262,SERVICIOS DE COORDINACIÓN ADMINISTRATIVA EN TERUEL
ara,2018,,3064888.28,3111,SERV. GRALES. CIUDADANÍA Y DERECHOS SOCIALES
ara,2018,direccion,1564674.41,1268,INFORMACIÓN Y PARTICIPACIÓN CIUDADANA
ara,2018,,4413126.64,1341,COOPERACIÓN AL DESARROLLO
ara,2018,,2624531.14,4431,CONTROL DEL CONSUMO
ara,2018,,2206658.27,3133,POLÍTICA INTEGRAL DE APOYO A LAS FAMILIAS
ara,2018,diversidad,1618733.44,3241,IGUALDAD Y APOYO A LA INMIGRACIÓN
ara,2018,direccion,2805835.85,6111,SERV. GEN. DE HACIENDA Y ADMINISTRACIÓN PÚBLICA
ara,2018,direccion,859287.72,6121,PLANIFICACIÓN Y DIRECCIÓN PRESUPUESTARIA
ara,2018,,1025194.65,6152,ACTUACIONES RELATIVAS A PROGRAMAS EUROPEOS
ara,2018,direccion,1008708.64,6314,GESTIÓN DE TESORERÍA
ara,2018,direccion,7073020.45,1212,"SERVICIOS CENTRALES, EDIFICIOS E INSTALACIONES"
ara,2018,direccion,1882263.66,1264,INFORMACIÓN CIUDADANA Y DOCUMENTACIÓN ADMVA.
ara,2018,direccion,1361046.97,6313,GESTIÓN DEL PATRIMONIO
ara,2018,direccion,300919.18,6411,JTA CONSULTIVA CONTRATACIÓN ADMTVA Y REGISTROS
ara,2018,direccion,33900.0,6412,OFICINA DE CONTRATACIÓN PÚBLICA
ara,2018,direccion,9060598.57,6312,CONTROL INTERNO Y CONTABILIDAD
ara,2018,,11447629.91,6311,GESTIÓN E INSPECCIÓN DE TRIBUTOS
ara,2018,,6031479.36,1221,DIRECCIÓN Y ADMINISTRACIÓN DE LA FUNCIÓN PÚBLICA
ara,2018,,1159343.78,1231,"SELECCIÓN, FORMACIÓN Y PERFECCIONAMIENTO PERSONAL"
ara,2018,vivienda,5948931.3,5111,"SERV.G. VERTEB. TERRITORRIO, MOVILIDAD Y VIVIENDA"
ara,2018,,5419094.2,1253,ESTRATEGIAS TERRITORIALES
ara,2018,,5787188.8,4321,URBANISMO
ara,2018,,66340829.63,5131,CARRETERAS
ara,2018,,15050032.93,5132,TRANSPORTES
ara,2018,vivienda,34004181.0,4312,GESTIÓN SOCIAL DE LA VIVIENDA
ara,2018,turismo,10252207.07,7511,"ORDENACIÓN, PROMOCIÓN Y FOMENTO DEL TURISMO"
ara,2018,,1645163.0,4423,GESTIÓN AMBIENTAL
ara,2018,,6670263.0,5121,GESTIÓN E INFRAESTRUCTURA DE RECURSOS HIDRÁULICOS
ara,2018,soberania,434320.12,7111,SERV.GEN. DESARROLLO RURAL Y SOSTENIBILIDAD
ara,2018,soberania,45579454.96,7122,COORDINACIÓN Y GESTIÓN DE SERVICIOS AGROAMBIENT.
ara,2018,soberania,462218849.56,7123,PRODUCCIÓN AGRARIA Y GESTIÓN DE AYUDAS
ara,2018,soberania,35064889.57,7121,DESARROLLO AGROALIMENTARIO Y FOMENTO ASOCIATIVO
ara,2018,soberania,14388480.2,7161,CALIDAD Y SEGURIDAD ALIMENTARIA
ara,2018,,14573120.85,4422,PROTECCIÓN Y MEJORA DEL MEDIO AMBIENTE
ara,2018,,14342991.78,5332,CONSERVAC. DE LA BIODIVERS Y DESARROLLO SOSTENIBLE
ara,2018,soberania,84987410.35,5311,MEJORA DE ESTRUCTURAS AGRARIAS Y DESARROLLO RURAL
ara,2018,,36577418.7,5331,PROTECCIÓN Y MEJORA DEL MEDIO NATURAL
ara,2018,empleo,3054508.06,6112,"SERV G. ECONOMÍA, INDUSTRIA Y EMPLEO"
ara,2018,,766116.0,6124,CORPORACIÓN EMPRESARIAL PÚBLICA DE ARAGÓN
ara,2018,,8519618.0,6126,APOYO AL DESARROLLO ECONÓMICO Y SOCIAL
ara,2018,,1461916.98,5511,ELABORACIÓN Y DIFUSIÓN ESTADÍSTICA
ara,2018,,65960790.1,6122,PROMOCIÓN Y DESARROLLO ECONÓMICO
ara,2018,,715560.5,6315,ESTUDIOS ECONÓMICOS Y REGULACIÓN
ara,2018,,49105.0,6421,ACTUACIONES EN MATERIA DE DEFENSA DE COMPETENCIA
ara,2018,,6807768.37,3151,RELACIONES LABORALES
ara,2018,,7256185.9,6221,ORDENACIÓN Y PROMOCIÓN COMERCIAL
ara,2018,,480000.0,6231,COMERCIO EXTERIOR Y RELACIONES ECONÓMICAS INTER
ara,2018,,4163528.2,7221,ACTUACIONES ADMINISTRATIVAS SOBRE INDUSTRIA
ara,2018,,6546126.14,7231,FOMENTO INDUSTRIAL
ara,2018,,1750000.0,6123,PLAN MINERÍA DEL CARBÓN Y DLLO ALTERNAT COM.MIN
ara,2018,,8878116.93,7311,FOMENTO Y GESTIÓN ENERGÉTICA
ara,2018,,1042426.4,7312,APOYO A LA MINERÍA
ara,2018,sanidad,11037079.97,4111,SERV. GENER. SANIDAD
ara,2018,sanidad,62868694.01999998,4131,PROTECCIÓN Y PROMOCIÓN DE LA SALUD
ara,2018,sanidad,5740373.79,5425,INVESTIGACIÓN Y DESARROLLO EN EL ÁREA DE LA SALUD
ara,2018,sanidad,2738935.07,4132,SERVICIOS DE ATENCIÓN AL USUARIO
ara,2018,sanidad,33702882.29,4134,SALUD PÚBLICA
ara,2018,,7862559.3,1265,SERVICIOS TELEMÁTICOS
ara,2018,educacion,713552.53,4229,EVALUACIÓN DE LA CALIDAD DE LA ENSEÑANZA SUPERIOR
ara,2018,idi,3410930.55,5411,"SERV. G. INNOVACIÓN, INVESTIGACIÓN Y UNIVERSIDAD"
ara,2018,idi,8951391.97,5421,INVESTIGACIÓN AGROALIMENTARIA
ara,2018,idi,3925000.0,5422,INVESTIGACIÓN Y TECNOLOGÍA APLICADA A LA INDUSTRIA
ara,2018,educacion,175671185.16,4228,EDUCACIÓN UNIVERSITARIA
ara,2018,idi,24449064.03,5423,"INVESTIGACIÓN, DESARROLLO E INNOVACIÓN TECNOLÓGICA"
ara,2018,idi,13709191.97,5424,INVESTIGACIÓN Y DLLO. SOCIEDAD DE LA INFORMACIÓN
ara,2018,,6560275.48,5426,ADMINISTRACIÓN ELECTRÓNICA
ara,2018,educacion,72028754.23,4211,"SERVICIOS GENERALES EDUCACIÓN, CULTURA Y DEPORTE"
ara,2018,,734054.39,4551,FOMENTO Y PROMOCIÓN DE LAS LENGUAS PROPIAS
ara,2018,educacion,326686032.3,4221,EDUCACIÓN INFANTIL Y PRIMARIA
ara,2018,educacion,401809650.53,4222,EDUCACIÓN SECUNDARIA Y FORMACIÓN PROFESIONAL
ara,2018,educacion,61964560.18,4223,EDUCACIÓN ESPECIAL
ara,2018,educacion,26335310.04,4224,ENSEÑANZAS ARTÍSTICAS
ara,2018,educacion,5964617.27,4226,PLAN ARAGONÉS DE FORMACIÓN PROFESIONAL
ara,2018,educacion,2903759.65,4212,GESTIÓN DE PERSONAL
ara,2018,educacion,3957510.49,4227,FORMACIÓN DEL PROFESORADO
ara,2018,educacion,11564482.56,4225,EDUCACIÓN PERMANENTE
ara,2018,idi,16710228.14,4231,"INNOVACIÓN, EQUIDAD Y PARTICIPACIÓN"
ara,2018,,12670395.46,4521,"ARCHIVOS, MUSEOS Y BIBLIOTECAS"
ara,2018,,10799475.0,4581,PROMOC. DE LA CULTURA Y PROT. DEL PATRIM. CULTURAL
ara,2018,,11139456.18,4571,FOMENTO Y APOYO A LA ACTIVIDAD DEPORTIVA
ara,2018,direccion,2008380.74,9111,TRANSFERENCIAS A ADMINISTRACIONES COMARCALES
ara,2018,direccion,1896430.78,9111,TRANSFERENCIAS A ADMINISTRACIONES COMARCALES
ara,2018,direccion,1824886.97,9111,TRANSFERENCIAS A ADMINISTRACIONES COMARCALES
ara,2018,direccion,2169073.29,9111,TRANSFERENCIAS A ADMINISTRACIONES COMARCALES
ara,2018,direccion,2501831.63,9111,TRANSFERENCIAS A ADMINISTRACIONES COMARCALES
ara,2018,direccion,4031854.45,9111,TRANSFERENCIAS A ADMINISTRACIONES COMARCALES
ara,2018,direccion,2193896.97,9111,TRANSFERENCIAS A ADMINISTRACIONES COMARCALES
ara,2018,direccion,1898542.22,9111,TRANSFERENCIAS A ADMINISTRACIONES COMARCALES
ara,2018,direccion,1777648.8,9111,TRANSFERENCIAS A ADMINISTRACIONES COMARCALES
ara,2018,direccion,1956337.34,9111,TRANSFERENCIAS A ADMINISTRACIONES COMARCALES
ara,2018,direccion,1896086.54,9111,TRANSFERENCIAS A ADMINISTRACIONES COMARCALES
ara,2018,direccion,1603501.4,9111,TRANSFERENCIAS A ADMINISTRACIONES COMARCALES
ara,2018,direccion,1572385.82,9111,TRANSFERENCIAS A ADMINISTRACIONES COMARCALES
ara,2018,direccion,1281341.73,9111,TRANSFERENCIAS A ADMINISTRACIONES COMARCALES
ara,2018,direccion,2144989.33,9111,TRANSFERENCIAS A ADMINISTRACIONES COMARCALES
ara,2018,direccion,2170416.77,9111,TRANSFERENCIAS A ADMINISTRACIONES COMARCALES
ara,2018,direccion,3.0,9111,TRANSFERENCIAS A ADMINISTRACIONES COMARCALES
ara,2018,direccion,1312637.04,9111,TRANSFERENCIAS A ADMINISTRACIONES COMARCALES
ara,2018,direccion,1489775.56,9111,TRANSFERENCIAS A ADMINISTRACIONES COMARCALES
ara,2018,direccion,3002489.61,9111,TRANSFERENCIAS A ADMINISTRACIONES COMARCALES
ara,2018,direccion,1404450.07,9111,TRANSFERENCIAS A ADMINISTRACIONES COMARCALES
ara,2018,direccion,1215850.46,9111,TRANSFERENCIAS A ADMINISTRACIONES COMARCALES
ara,2018,direccion,1232384.01,9111,TRANSFERENCIAS A ADMINISTRACIONES COMARCALES
ara,2018,direccion,1417832.49,9111,TRANSFERENCIAS A ADMINISTRACIONES COMARCALES
ara,2018,direccion,1796525.99,9111,TRANSFERENCIAS A ADMINISTRACIONES COMARCALES
ara,2018,direccion,1543094.89,9111,TRANSFERENCIAS A ADMINISTRACIONES COMARCALES
ara,2018,direccion,1364527.08,9111,TRANSFERENCIAS A ADMINISTRACIONES COMARCALES
ara,2018,direccion,2219885.11,9111,TRANSFERENCIAS A ADMINISTRACIONES COMARCALES
ara,2018,direccion,3036783.91,9111,TRANSFERENCIAS A ADMINISTRACIONES COMARCALES
ara,2018,direccion,1216348.59,9111,TRANSFERENCIAS A ADMINISTRACIONES COMARCALES
ara,2018,direccion,1351201.86,9111,TRANSFERENCIAS A ADMINISTRACIONES COMARCALES
ara,2018,direccion,1501800.65,9111,TRANSFERENCIAS A ADMINISTRACIONES COMARCALES
ara,2018,direccion,1359422.55,9111,TRANSFERENCIAS A ADMINISTRACIONES COMARCALES
ara,2018,,2920080.47,9112,COHESIÓN COMARCAL
ara,2018,,14384840.44,6129,FONDO DE CONTINGENCIA DE EJECUCIÓN PRESUPUESTARIA
ara,2018,,4000000.0,6128,FONDO DE GASTOS DE PERSONAL
ara,2018,,1025540662.63,0111,AMORTIZACIÓN Y GASTOS FINANCIEROS DE LA DEUDA
ara,2018,turismo,3237500.0,7511,"ORDENACIÓN, PROMOCIÓN Y FOMENTO DEL TURISMO"
ara,2018,direccion,5000000.0,1252,POLÍTICA TERRITORIAL
ara,2018,empleo,114110641.0,3221,FOMENTO DEL EMPLEO. INSTITUTO ARAGONÉS DE EMPLEO
ara,2018,sanidad,1870068748.04,4121,ASISTENCIA SANITARIA
ara,2018,,388985823.61,3132,GESTIÓN Y DESARROLLO DE LOS SERVICIOS SOCIALES
ara,2018,igualdad,4194067.17,3232,PROMOCIÓN DE LA MUJER
ara,2018,,6491155.47,3231,PROMOCIÓN DE LA JUVENTUD
ara,2018,,9962559.3,1265,SERVICIOS TELEMÁTICOS
ara,2018,,73994658.0,5121,GESTIÓN E INFRAESTRUCTURA DE RECURSOS HIDRÁULICOS
ara,2018,sanidad,10206144.79,5425,INVESTIGACIÓN Y DESARROLLO EN EL ÁREA DE LA SALUD
ara,2018,idi,12521391.97,5421,INVESTIGACIÓN AGROALIMENTARIA
ara,2018,,5549163.0,4423,GESTIÓN AMBIENTAL
ara,2018,sanidad,9690000.0,4124,PRODUCC. COMPONENTES SANGUÍNEOS Y DE TEJIDOS
ara,2018,educacion,723552.53,4229,EVALUACIÓN DE LA CALIDAD DE LA ENSEÑANZA SUPERIOR
ara,2019,direccion,18146678.05,1111,CORTES DE ARAGÓN (ACTIVIDAD LEGISLATIVA)
ara,2019,direccion,1062117.22,1113,ALJAFERÍA
ara,2019,direccion,1912317.59,1112,ACTUACIONES DEL JUSTICIA DE ARAGÓN
ara,2019,direccion,3029089.28,1114,ACTUACIONES DE LA CÁMARA DE CUENTAS DE ARAGÓN
ara,2019,direccion,2204455.39,1121,PRESIDENCIA Y ÓRGANOS DE LA PRESIDENCIA
ara,2019,direccion,327892.05,1125,CONSEJO CONSULTIVO DE ARAGÓN
ara,2019,direccion,215695.97,1124,TRIBUNAL ADMTVO. DE CONTRATOS PÚBLICOS DE ARAGÓN
ara,2019,,482581.94,3229,CONSEJO ECONÓMICO Y SOCIAL DE ARAGÓN
ara,2019,direccion,9862518.16,1211,SERVICIOS GENERALES DE PRESIDENCIA
ara,2019,,47000000.0,1266,TELEVISIÓN Y RADIO AUTONÓMICAS
ara,2019,direccion,2603749.52,1263,SERVICIOS JURÍDICOS
ara,2019,direccion,21839417.88,1251,APOYO A LA ADMINISTRACIÓN LOCAL
ara,2019,direccion,11019282.74,1252,POLÍTICA TERRITORIAL
ara,2019,direccion,325784.6,1217,RELACIONES INSTITUCIONALES
ara,2019,direccion,420614.08,1267,ACTUACIONES RELATIVAS AL DESARROLLO ESTATUTARIO
ara,2019,direccion,1055816.99,1311,ACTUACIONES DE RELACIONES EXTERIORES
ara,2019,direccion,12000.0,4631,ELECCIONES INSTITUCIONALES
ara,2019,direccion,5746943.57,1213,SERVICIOS DE SEGURIDAD Y PROTECCIÓN CIVIL
ara,2019,direccion,1041283.39,1215,SERVICIOS DE INTERIOR
ara,2019,direccion,1622550.19,1219,UNIDAD POLICÍA NACIONAL ADSCRITA A LA C.AUTÓNOMA
ara,2019,direccion,1072950.0,1259,COOPERACIÓN CON LA POLICÍA LOCAL
ara,2019,,72931812.68,1421,SERVICIOS DE ADMINISTRACIÓN DE JUSTICIA
ara,2019,,1834612.5,1422,MINISTERIO FISCAL
ara,2019,direccion,1661854.93,1261,SERVICIOS DE COORDINACIÓN ADMINISTRATIVA EN HUESCA
ara,2019,direccion,2028696.81,1262,SERVICIOS DE COORDINACIÓN ADMINISTRATIVA EN TERUEL
ara,2019,,3064888.28,3111,SERV. GRALES. CIUDADANÍA Y DERECHOS SOCIALES
ara,2019,direccion,1564674.41,1268,INFORMACIÓN Y PARTICIPACIÓN CIUDADANA
ara,2019,,4413126.64,1341,COOPERACIÓN AL DESARROLLO
ara,2019,,2624531.14,4431,CONTROL DEL CONSUMO
ara,2019,,2206658.27,3133,POLÍTICA INTEGRAL DE APOYO A LAS FAMILIAS
ara,2019,diversidad,1618733.44,3241,IGUALDAD Y APOYO A LA INMIGRACIÓN
ara,2019,direccion,2805835.85,6111,SERV. GEN. DE HACIENDA Y ADMINISTRACIÓN PÚBLICA
ara,2019,direccion,859287.72,6121,PLANIFICACIÓN Y DIRECCIÓN PRESUPUESTARIA
ara,2019,,1025194.65,6152,ACTUACIONES RELATIVAS A PROGRAMAS EUROPEOS
ara,2019,direccion,1008708.64,6314,GESTIÓN DE TESORERÍA
ara,2019,direccion,7073020.45,1212,"SERVICIOS CENTRALES, EDIFICIOS E INSTALACIONES"
ara,2019,direccion,1882263.66,1264,INFORMACIÓN CIUDADANA Y DOCUMENTACIÓN ADMVA.
ara,2019,direccion,1361046.97,6313,GESTIÓN DEL PATRIMONIO
ara,2019,direccion,300919.18,6411,JTA CONSULTIVA CONTRATACIÓN ADMTVA Y REGISTROS
ara,2019,direccion,33900.0,6412,OFICINA DE CONTRATACIÓN PÚBLICA
ara,2019,direccion,9060598.57,6312,CONTROL INTERNO Y CONTABILIDAD
ara,2019,,11447629.91,6311,GESTIÓN E INSPECCIÓN DE TRIBUTOS
ara,2019,,6031479.36,1221,DIRECCIÓN Y ADMINISTRACIÓN DE LA FUNCIÓN PÚBLICA
ara,2019,,1159343.78,1231,"SELECCIÓN, FORMACIÓN Y PERFECCIONAMIENTO PERSONAL"
ara,2019,vivienda,5948931.3,5111,"SERV.G. VERTEB. TERRITORRIO, MOVILIDAD Y VIVIENDA"
ara,2019,,5419094.2,1253,ESTRATEGIAS TERRITORIALES
ara,2019,,5787188.8,4321,URBANISMO
ara,2019,,66340829.63,5131,CARRETERAS
ara,2019,,15050032.93,5132,TRANSPORTES
ara,2019,vivienda,34004181.0,4312,GESTIÓN SOCIAL DE LA VIVIENDA
ara,2019,turismo,10252207.07,7511,"ORDENACIÓN, PROMOCIÓN Y FOMENTO DEL TURISMO"
ara,2019,,1645163.0,4423,GESTIÓN AMBIENTAL
ara,2019,,6670263.0,5121,GESTIÓN E INFRAESTRUCTURA DE RECURSOS HIDRÁULICOS
ara,2019,soberania,434320.12,7111,SERV.GEN. DESARROLLO RURAL Y SOSTENIBILIDAD
ara,2019,soberania,45579454.96,7122,COORDINACIÓN Y GESTIÓN DE SERVICIOS AGROAMBIENT.
ara,2019,soberania,462218849.56,7123,PRODUCCIÓN AGRARIA Y GESTIÓN DE AYUDAS
ara,2019,soberania,35064889.57,7121,DESARROLLO AGROALIMENTARIO Y FOMENTO ASOCIATIVO
ara,2019,soberania,14388480.2,7161,CALIDAD Y SEGURIDAD ALIMENTARIA
ara,2019,,14573120.85,4422,PROTECCIÓN Y MEJORA DEL MEDIO AMBIENTE
ara,2019,,14342991.78,5332,CONSERVAC. DE LA BIODIVERS Y DESARROLLO SOSTENIBLE
ara,2019,soberania,84987410.35,5311,MEJORA DE ESTRUCTURAS AGRARIAS Y DESARROLLO RURAL
ara,2019,,36577418.7,5331,PROTECCIÓN Y MEJORA DEL MEDIO NATURAL
ara,2019,empleo,3054508.06,6112,"SERV G. ECONOMÍA, INDUSTRIA Y EMPLEO"
ara,2019,,766116.0,6124,CORPORACIÓN EMPRESARIAL PÚBLICA DE ARAGÓN
ara,2019,,8519618.0,6126,APOYO AL DESARROLLO ECONÓMICO Y SOCIAL
ara,2019,,1461916.98,5511,ELABORACIÓN Y DIFUSIÓN ESTADÍSTICA
ara,2019,,65960790.1,6122,PROMOCIÓN Y DESARROLLO ECONÓMICO
ara,2019,,715560.5,6315,ESTUDIOS ECONÓMICOS Y REGULACIÓN
ara,2019,,49105.0,6421,ACTUACIONES EN MATERIA DE DEFENSA DE COMPETENCIA
ara,2019,,6807768.37,3151,RELACIONES LABORALES
ara,2019,,7256185.9,6221,ORDENACIÓN Y PROMOCIÓN COMERCIAL
ara,2019,,480000.0,6231,COMERCIO EXTERIOR Y RELACIONES ECONÓMICAS INTER
ara,2019,,4163528.2,7221,ACTUACIONES ADMINISTRATIVAS SOBRE INDUSTRIA
ara,2019,,6546126.14,7231,FOMENTO INDUSTRIAL
ara,2019,,1750000.0,6123,PLAN MINERÍA DEL CARBÓN Y DLLO ALTERNAT COM.MIN
ara,2019,,8878116.93,7311,FOMENTO Y GESTIÓN ENERGÉTICA
ara,2019,,1042426.4,7312,APOYO A LA MINERÍA
ara,2019,sanidad,11037079.97,4111,SERV. GENER. SANIDAD
ara,2019,sanidad,62868694.01999998,4131,PROTECCIÓN Y PROMOCIÓN DE LA SALUD
ara,2019,sanidad,5740373.79,5425,INVESTIGACIÓN Y DESARROLLO EN EL ÁREA DE LA SALUD
ara,2019,sanidad,2738935.07,4132,SERVICIOS DE ATENCIÓN AL USUARIO
ara,2019,sanidad,33702882.29,4134,SALUD PÚBLICA
ara,2019,,7862559.3,1265,SERVICIOS TELEMÁTICOS
ara,2019,educacion,713552.53,4229,EVALUACIÓN DE LA CALIDAD DE LA ENSEÑANZA SUPERIOR
ara,2019,idi,3410930.55,5411,"SERV. G. INNOVACIÓN, INVESTIGACIÓN Y UNIVERSIDAD"
ara,2019,idi,8951391.97,5421,INVESTIGACIÓN AGROALIMENTARIA
ara,2019,idi,3925000.0,5422,INVESTIGACIÓN Y TECNOLOGÍA APLICADA A LA INDUSTRIA
ara,2019,educacion,175671185.16,4228,EDUCACIÓN UNIVERSITARIA
ara,2019,idi,24449064.03,5423,"INVESTIGACIÓN, DESARROLLO E INNOVACIÓN TECNOLÓGICA"
ara,2019,idi,13709191.97,5424,INVESTIGACIÓN Y DLLO. SOCIEDAD DE LA INFORMACIÓN
ara,2019,,6560275.48,5426,ADMINISTRACIÓN ELECTRÓNICA
ara,2019,educacion,72028754.23,4211,"SERVICIOS GENERALES EDUCACIÓN, CULTURA Y DEPORTE"
ara,2019,,734054.39,4551,FOMENTO Y PROMOCIÓN DE LAS LENGUAS PROPIAS
ara,2019,educacion,326686032.3,4221,EDUCACIÓN INFANTIL Y PRIMARIA
ara,2019,educacion,401809650.53,4222,EDUCACIÓN SECUNDARIA Y FORMACIÓN PROFESIONAL
ara,2019,educacion,61964560.18,4223,EDUCACIÓN ESPECIAL
ara,2019,educacion,26335310.04,4224,ENSEÑANZAS ARTÍSTICAS
ara,2019,educacion,5964617.27,4226,PLAN ARAGONÉS DE FORMACIÓN PROFESIONAL
ara,2019,educacion,2903759.65,4212,GESTIÓN DE PERSONAL
ara,2019,educacion,3957510.49,4227,FORMACIÓN DEL PROFESORADO
ara,2019,educacion,11564482.56,4225,EDUCACIÓN PERMANENTE
ara,2019,idi,16710228.14,4231,"INNOVACIÓN, EQUIDAD Y PARTICIPACIÓN"
ara,2019,,12670395.46,4521,"ARCHIVOS, MUSEOS Y BIBLIOTECAS"
ara,2019,,10799475.0,4581,PROMOC. DE LA CULTURA Y PROT. DEL PATRIM. CULTURAL
ara,2019,,11139456.18,4571,FOMENTO Y APOYO A LA ACTIVIDAD DEPORTIVA
ara,2019,direccion,2008380.74,9111,TRANSFERENCIAS A ADMINISTRACIONES COMARCALES
ara,2019,direccion,1896430.78,9111,TRANSFERENCIAS A ADMINISTRACIONES COMARCALES
ara,2019,direccion,1824886.97,9111,TRANSFERENCIAS A ADMINISTRACIONES COMARCALES
ara,2019,direccion,2169073.29,9111,TRANSFERENCIAS A ADMINISTRACIONES COMARCALES
ara,2019,direccion,2501831.63,9111,TRANSFERENCIAS A ADMINISTRACIONES COMARCALES
ara,2019,direccion,4031854.45,9111,TRANSFERENCIAS A ADMINISTRACIONES COMARCALES
ara,2019,direccion,2193896.97,9111,TRANSFERENCIAS A ADMINISTRACIONES COMARCALES
ara,2019,direccion,1898542.22,9111,TRANSFERENCIAS A ADMINISTRACIONES COMARCALES
ara,2019,direccion,1777648.8,9111,TRANSFERENCIAS A ADMINISTRACIONES COMARCALES
ara,2019,direccion,1956337.34,9111,TRANSFERENCIAS A ADMINISTRACIONES COMARCALES
ara,2019,direccion,1896086.54,9111,TRANSFERENCIAS A ADMINISTRACIONES COMARCALES
ara,2019,direccion,1603501.4,9111,TRANSFERENCIAS A ADMINISTRACIONES COMARCALES
ara,2019,direccion,1572385.82,9111,TRANSFERENCIAS A ADMINISTRACIONES COMARCALES
ara,2019,direccion,1281341.73,9111,TRANSFERENCIAS A ADMINISTRACIONES COMARCALES
ara,2019,direccion,2144989.33,9111,TRANSFERENCIAS A ADMINISTRACIONES COMARCALES
ara,2019,direccion,2170416.77,9111,TRANSFERENCIAS A ADMINISTRACIONES COMARCALES
ara,2019,direccion,3.0,9111,TRANSFERENCIAS A ADMINISTRACIONES COMARCALES
ara,2019,direccion,1312637.04,9111,TRANSFERENCIAS A ADMINISTRACIONES COMARCALES
ara,2019,direccion,1489775.56,9111,TRANSFERENCIAS A ADMINISTRACIONES COMARCALES
ara,2019,direccion,3002489.61,9111,TRANSFERENCIAS A ADMINISTRACIONES COMARCALES
ara,2019,direccion,1404450.07,9111,TRANSFERENCIAS A ADMINISTRACIONES COMARCALES
ara,2019,direccion,1215850.46,9111,TRANSFERENCIAS A ADMINISTRACIONES COMARCALES
ara,2019,direccion,1232384.01,9111,TRANSFERENCIAS A ADMINISTRACIONES COMARCALES
ara,2019,direccion,1417832.49,9111,TRANSFERENCIAS A ADMINISTRACIONES COMARCALES
ara,2019,direccion,1796525.99,9111,TRANSFERENCIAS A ADMINISTRACIONES COMARCALES
ara,2019,direccion,1543094.89,9111,TRANSFERENCIAS A ADMINISTRACIONES COMARCALES
ara,2019,direccion,1364527.08,9111,TRANSFERENCIAS A ADMINISTRACIONES COMARCALES
ara,2019,direccion,2219885.11,9111,TRANSFERENCIAS A ADMINISTRACIONES COMARCALES
ara,2019,direccion,3036783.91,9111,TRANSFERENCIAS A ADMINISTRACIONES COMARCALES
ara,2019,direccion,1216348.59,9111,TRANSFERENCIAS A ADMINISTRACIONES COMARCALES
ara,2019,direccion,1351201.86,9111,TRANSFERENCIAS A ADMINISTRACIONES COMARCALES
ara,2019,direccion,1501800.65,9111,TRANSFERENCIAS A ADMINISTRACIONES COMARCALES
ara,2019,direccion,1359422.55,9111,TRANSFERENCIAS A ADMINISTRACIONES COMARCALES
ara,2019,,2920080.47,9112,COHESIÓN COMARCAL
ara,2019,,14384840.44,6129,FONDO DE CONTINGENCIA DE EJECUCIÓN PRESUPUESTARIA
ara,2019,,4000000.0,6128,FONDO DE GASTOS DE PERSONAL
ara,2019,,1025540662.63,0111,AMORTIZACIÓN Y GASTOS FINANCIEROS DE LA DEUDA
ara,2019,turismo,3237500.0,7511,"ORDENACIÓN, PROMOCIÓN Y FOMENTO DEL TURISMO"
ara,2019,direccion,5000000.0,1252,POLÍTICA TERRITORIAL
ara,2019,empleo,114110641.0,3221,FOMENTO DEL EMPLEO. INSTITUTO ARAGONÉS DE EMPLEO
ara,2019,sanidad,1870068748.04,4121,ASISTENCIA SANITARIA
ara,2019,,388985823.61,3132,GESTIÓN Y DESARROLLO DE LOS SERVICIOS SOCIALES
ara,2019,igualdad,4194067.17,3232,PROMOCIÓN DE LA MUJER
ara,2019,,6491155.47,3231,PROMOCIÓN DE LA JUVENTUD
ara,2019,,9962559.3,1265,SERVICIOS TELEMÁTICOS
ara,2019,,73994658.0,5121,GESTIÓN E INFRAESTRUCTURA DE RECURSOS HIDRÁULICOS
ara,2019,sanidad,10206144.79,5425,INVESTIGACIÓN Y DESARROLLO EN EL ÁREA DE LA SALUD
ara,2019,idi,12521391.97,5421,INVESTIGACIÓN AGROALIMENTARIA
ara,2019,,5549163.0,4423,GESTIÓN AMBIENTAL
ara,2019,sanidad,9690000.0,4124,PRODUCC. COMPONENTES SANGUÍNEOS Y DE TEJIDOS
ara,2019,educacion,723552.53,4229,EVALUACIÓN DE LA CALIDAD DE LA ENSEÑANZA SUPERIOR
ara,2020,direccion,20217324.5,1111,CORTES DE ARAGÓN (ACTIVIDAD LEGISLATIVA)
ara,2020,direccion,1157487.05,1113,ALJAFERÍA
ara,2020,direccion,1972837.14,1112,ACTUACIONES DEL JUSTICIA DE ARAGÓN
ara,2020,direccion,3289456.37,1114,ACTUACIONES DE LA CÁMARA DE CUENTAS DE ARAGÓN
ara,2020,direccion,2472932.3,1121,PRESIDENCIA Y ÓRGANOS DE LA PRESIDENCIA
ara,2020,direccion,384824.68,1125,CONSEJO CONSULTIVO DE ARAGÓN
ara,2020,direccion,231563.05,1124,TRIBUNAL ADMTVO. DE CONTRATOS PÚBLICOS DE ARAGÓN
ara,2020,,302300.0,1216,COMUNIDADES ARAGONESAS EN EL EXTERIOR
ara,2020,direccion,471820.47,1267,ACTUACIONES RELATIVAS AL DESARROLLO ESTATUTARIO
ara,2020,,1151193.05,6152,ACTUACIONES RELATIVAS A PROGRAMAS EUROPEOS
ara,2020,,484152.21,3229,CONSEJO ECONÓMICO Y SOCIAL DE ARAGÓN
ara,2020,direccion,10571561.09,1211,SERVICIOS GENERALES DE PRESIDENCIA Y RELACS.INSTIT
ara,2020,,50000000.0,1266,TELEVISIÓN Y RADIO AUTONÓMICAS
ara,2020,direccion,2864040.65,1263,SERVICIOS JURÍDICOS
ara,2020,direccion,22128225.28,1251,APOYO A LA ADMINISTRACIÓN LOCAL
ara,2020,direccion,10816444.05,1252,POLÍTICA TERRITORIAL
ara,2020,direccion,671483.67,1217,RELACIONES INSTITUCIONALES
ara,2020,direccion,969029.26,1311,ACTUACIONES DE RELACIONES EXTERIORES
ara,2020,,60000000.0,6120,FONDO INVERSIONES DE TERUEL
ara,2020,,74680669.98,1421,SERVICIOS DE ADMINISTRACIÓN DE JUSTICIA
ara,2020,,1940000.0,1422,MINISTERIO FISCAL
ara,2020,direccion,1729109.01,1261,SERVICIOS DE COORDINACIÓN ADMINISTRATIVA EN HUESCA
ara,2020,direccion,2134977.12,1262,SERVICIOS DE COORDINACIÓN ADMINISTRATIVA EN TERUEL
ara,2020,direccion,5081996.1,1213,SERVICIOS DE SEGURIDAD Y PROTECCIÓN CIVIL
ara,2020,direccion,1311501.07,1215,SERVICIOS DE INTERIOR
ara,2020,direccion,1595593.91,1219,UNIDAD POLICÍA NACIONAL ADSCRITA A LA C.AUTÓNOMA
ara,2020,direccion,798000.0,1259,COOPERACIÓN CON LA POLICÍA LOCAL
ara,2020,,12444316.55,3111,SERV. GRALES. CIUDADANÍA Y DERECHOS SOCIALES
ara,2020,direccion,1204290.14,1268,INFORMACIÓN Y PARTICIPACIÓN CIUDADANA
ara,2020,,2656654.03,4431,CONTROL DEL CONSUMO
ara,2020,,2577407.4,3133,POLÍT INTEGRAL DE APOYO A LAS FAMILIAS Y DE IGUALD
ara,2020,,5550984.35,1341,COOPERACIÓN AL DESARROLLO
ara,2020,diversidad,1511098.44,3241,APOYO A LA INMIGRACIÓN
ara,2020,direccion,2863988.24,6111,SERV. GEN. DE HACIENDA Y ADMINISTRACIÓN PÚBLICA
ara,2020,direccion,908376.38,6121,PLANIFICACIÓN Y DIRECCIÓN PRESUPUESTARIA
ara,2020,direccion,1074515.57,6314,GESTIÓN DE TESORERÍA
ara,2020,direccion,30000.0,6411,JTA CONSULTIVA CONTRATACIÓN ADMTVA Y REGISTROS
ara,2020,direccion,1190382.17,6412,CONTRATACIÓN PÚBLICA
ara,2020,direccion,9373986.72,6312,CONTROL INTERNO Y CONTABILIDAD
ara,2020,,12068023.82,6311,GESTIÓN E INSPECCIÓN DE TRIBUTOS
ara,2020,,6958299.63,1221,DIRECCIÓN Y ADMINISTRACIÓN DE LA FUNCIÓN PÚBLICA
ara,2020,,1254018.65,1231,"SELECCIÓN, FORMACIÓN Y PERFECCIONAMIENTO PERSONAL"
ara,2020,direccion,6139696.84,1212,"SERVICIOS CENTRALES, EDIFICIOS E INSTALACIONES"
ara,2020,direccion,1652066.51,1264,INFORMACIÓN CIUDADANA Y DOCUMENTACIÓN ADMVA.
ara,2020,direccion,1443878.02,6313,GESTIÓN DEL PATRIMONIO
ara,2020,vivienda,8891439.81,5111,"SERV.G. VERTEB. TERRITORRIO, MOVILIDAD Y VIVIENDA"
ara,2020,,5842652.36,1253,ESTRATEGIAS TERRITORIALES
ara,2020,,9089056.32,4321,URBANISMO
ara,2020,,66367306.7,5131,CARRETERAS
ara,2020,vivienda,34090588.66,4312,GESTIÓN SOCIAL DE LA VIVIENDA
ara,2020,,16922930.17,5132,TRANSPORTES
ara,2020,,1645163.0,4423,GESTIÓN AMBIENTAL
ara,2020,,6670263.0,5121,GESTIÓN E INFRAESTRUCTURA DE RECURSOS HIDRÁULICOS
ara,2020,soberania,14890670.9,7111,"SERV.GEN. AGRICULTURA, GANADERÍA Y MEDIO AMBIENTE"
ara,2020,soberania,31221166.15,7122,COORDINACIÓN Y GESTIÓN DE SERVICIOS AGROAMBIENT.
ara,2020,soberania,471446330.34,7123,PRODUCCIÓN AGRARIA Y GESTIÓN DE AYUDAS
ara,2020,soberania,16026451.3,7161,CALIDAD Y SEGURIDAD ALIMENTARIA
ara,2020,,14116349.86,4422,PROTECCIÓN Y MEJORA DEL MEDIO AMBIENTE
ara,2020,soberania,86285432.48,5311,MEJORA DE ESTRUCTURAS AGRARIAS Y DESARROLLO RURAL
ara,2020,,35222552.45,5331,PROTECCIÓN Y MEJORA DEL MEDIO NATURAL
ara,2020,,14113913.21,5332,CONSERVAC. DE LA BIODIVERS Y DESARROLLO SOSTENIBLE
ara,2020,soberania,31987276.1,7121,DESARROLLO AGROALIMENTARIO Y FOMENTO ASOCIATIVO
ara,2020,empleo,3605745.71,6112,"SERV. GENERALES ECONOMÍA, PLANIFICACIÓN Y EMPLEO"
ara,2020,,420000.0,6124,CORPORACIÓN EMPRESARIAL PÚBLICA DE ARAGÓN
ara,2020,,1434321.96,5511,ELABORACIÓN Y DIFUSIÓN ESTADÍSTICA
ara,2020,,8706289.95,6122,PROMOCIÓN Y DESARROLLO ECONÓMICO
ara,2020,,725169.79,6315,ESTUDIOS ECONÓMICOS Y REGULACIÓN
ara,2020,,50600.0,6421,ACTUACIONES EN MATERIA DE DEFENSA DE COMPETENCIA
ara,2020,,7119743.48,3151,RELACIONES LABORALES
ara,2020,,438216.68,6125,PLANIFICACIÓN ECONÓMICA
ara,2020,sanidad,13012091.71,4111,SERV. GENER. SANIDAD
ara,2020,sanidad,67366514.92000008,4131,PROTECCIÓN Y PROMOCIÓN DE LA SALUD
ara,2020,sanidad,5983322.09,5425,INVESTIGACIÓN Y DESARROLLO EN EL ÁREA DE LA SALUD
ara,2020,sanidad,2722397.61,4132,SERVICIOS DE ATENCIÓN AL USUARIO
ara,2020,sanidad,36362572.73,4134,SALUD PÚBLICA
ara,2020,,8398122.0,1265,SERVICIOS TELEMÁTICOS
ara,2020,educacion,733552.53,4229,EVALUACIÓN DE LA CALIDAD DE LA ENSEÑANZA SUPERIOR
ara,2020,,3351100.86,5411,"SERV. G. CIENCIA, UNIVERSIDAD Y SDAD. DEL CONOCIMI"
ara,2020,idi,9284368.0,5421,INVESTIGACIÓN AGROALIMENTARIA
ara,2020,idi,4075000.0,5422,INVESTIGACIÓN Y TECNOLOGÍA APLICADA A LA INDUSTRIA
ara,2020,educacion,186321573.22,4228,EDUCACIÓN UNIVERSITARIA
ara,2020,idi,30173715.14,5423,"INVESTIGACIÓN, DESARROLLO E INNOVACIÓN TECNOLÓGICA"
ara,2020,idi,12316537.76,5424,INVESTIGACIÓN Y DLLO. SOCIEDAD DE LA INFORMACIÓN
ara,2020,,7300775.21,5426,ADMINISTRACIÓN ELECTRÓNICA
ara,2020,educacion,72980818.17,4211,"SERVICIOS GENERALES EDUCACIÓN, CULTURA Y DEPORTE"
ara,2020,,674551.42,4551,FOMENTO Y PROMOCIÓN DE LAS LENGUAS PROPIAS
ara,2020,educacion,352835493.65,4221,EDUCACIÓN INFANTIL Y PRIMARIA
ara,2020,educacion,423563656.56,4222,EDUC SECUNDARIA
ara,2020,educacion,71986891.05,4223,EDUCACIÓN ESPECIAL
ara,2020,educacion,28303122.31,4224,ENSEÑANZAS ARTÍSTICAS
ara,2020,educacion,11776563.42,4225,EDUCACIÓN PERMANENTE
ara,2020,educacion,16140612.62,4232,EQUIDAD
ara,2020,educacion,2983775.29,4212,GESTIÓN DE PERSONAL
ara,2020,educacion,3928683.99,4220,FORMACIÓN PROFESIONAL
ara,2020,educacion,5790441.0,4226,PLAN ARAGONÉS DE FORMACIÓN PROFESIONAL
ara,2020,educacion,4102201.92,4227,FORMACIÓN DEL PROFESORADO
ara,2020,idi,1815182.82,4231,INNOVACIÓN Y PARTICIPACIÓN
ara,2020,,12609922.9,4521,"ARCHIVOS, MUSEOS Y BIBLIOTECAS"
ara,2020,,4977348.14,4581,PROMOCIÓN DE LA CULTURA
ara,2020,,5998754.26,4582,PROTECCIÓN DEL PATRIMONIO CULTURAL
ara,2020,,9665207.34,4571,FOMENTO Y APOYO A LA ACTIVIDAD DEPORTIVA
ara,2020,,9832878.2,6126,APOYO AL DESARROLLO ECONÓMICO Y SOCIAL
ara,2020,,923466.2,7211,"SERV.GEN. INDUSTRIA, COMPETITIVIDAD Y DES. EMPRES"
ara,2020,,4592225.37,7221,ACTUACIONES ADMINISTRATIVAS SOBRE INDUSTRIA
ara,2020,,6891656.07,7231,FOMENTO INDUSTRIAL
ara,2020,,5135378.53,6221,ORDENACIÓN Y PROMOCIÓN COMERCIAL
ara,2020,,586000.0,6231,COMERCIO EXTERIOR Y RELACIONES ECONÓMICAS INTER
ara,2020,,4400000.0,6123,PLAN MINERÍA DEL CARBÓN Y DLLO ALTERNAT COM.MIN
ara,2020,,11975544.17,7311,FOMENTO Y GESTIÓN ENERGÉTICA
ara,2020,,1133067.42,7312,APOYO A LA MINERÍA
ara,2020,turismo,10810854.19,7511,"ORDENACIÓN, PROMOCIÓN Y FOMENTO DEL TURISMO"
ara,2020,direccion,2008297.62,9111,TRANSFERENCIAS A ADMINISTRACIONES COMARCALES
ara,2020,direccion,1900957.56,9111,TRANSFERENCIAS A ADMINISTRACIONES COMARCALES
ara,2020,direccion,1828904.02,9111,TRANSFERENCIAS A ADMINISTRACIONES COMARCALES
ara,2020,direccion,2171399.29,9111,TRANSFERENCIAS A ADMINISTRACIONES COMARCALES
ara,2020,direccion,2507781.0,9111,TRANSFERENCIAS A ADMINISTRACIONES COMARCALES
ara,2020,direccion,4047462.21,9111,TRANSFERENCIAS A ADMINISTRACIONES COMARCALES
ara,2020,direccion,2198641.96,9111,TRANSFERENCIAS A ADMINISTRACIONES COMARCALES
ara,2020,direccion,1898724.68,9111,TRANSFERENCIAS A ADMINISTRACIONES COMARCALES
ara,2020,direccion,1780448.29,9111,TRANSFERENCIAS A ADMINISTRACIONES COMARCALES
ara,2020,direccion,1946030.58,9111,TRANSFERENCIAS A ADMINISTRACIONES COMARCALES
ara,2020,direccion,1904599.08,9111,TRANSFERENCIAS A ADMINISTRACIONES COMARCALES
ara,2020,direccion,1599785.2,9111,TRANSFERENCIAS A ADMINISTRACIONES COMARCALES
ara,2020,direccion,1569398.75,9111,TRANSFERENCIAS A ADMINISTRACIONES COMARCALES
ara,2020,direccion,1275668.73,9111,TRANSFERENCIAS A ADMINISTRACIONES COMARCALES
ara,2020,direccion,2161879.99,9111,TRANSFERENCIAS A ADMINISTRACIONES COMARCALES
ara,2020,direccion,2187608.22,9111,TRANSFERENCIAS A ADMINISTRACIONES COMARCALES
ara,2020,direccion,4108107.31,9111,TRANSFERENCIAS A ADMINISTRACIONES COMARCALES
ara,2020,direccion,1307797.44,9111,TRANSFERENCIAS A ADMINISTRACIONES COMARCALES
ara,2020,direccion,1496005.38,9111,TRANSFERENCIAS A ADMINISTRACIONES COMARCALES
ara,2020,direccion,2984577.1,9111,TRANSFERENCIAS A ADMINISTRACIONES COMARCALES
ara,2020,direccion,1399542.65,9111,TRANSFERENCIAS A ADMINISTRACIONES COMARCALES
ara,2020,direccion,1212868.85,9111,TRANSFERENCIAS A ADMINISTRACIONES COMARCALES
ara,2020,direccion,1232049.89,9111,TRANSFERENCIAS A ADMINISTRACIONES COMARCALES
ara,2020,direccion,1414822.16,9111,TRANSFERENCIAS A ADMINISTRACIONES COMARCALES
ara,2020,direccion,1788297.51,9111,TRANSFERENCIAS A ADMINISTRACIONES COMARCALES
ara,2020,direccion,1537049.82,9111,TRANSFERENCIAS A ADMINISTRACIONES COMARCALES
ara,2020,direccion,1358047.55,9111,TRANSFERENCIAS A ADMINISTRACIONES COMARCALES
ara,2020,direccion,2217126.76,9111,TRANSFERENCIAS A ADMINISTRACIONES COMARCALES
ara,2020,direccion,3048212.82,9111,TRANSFERENCIAS A ADMINISTRACIONES COMARCALES
ara,2020,direccion,1217627.51,9111,TRANSFERENCIAS A ADMINISTRACIONES COMARCALES
ara,2020,direccion,1350528.51,9111,TRANSFERENCIAS A ADMINISTRACIONES COMARCALES
ara,2020,direccion,1498699.8,9111,TRANSFERENCIAS A ADMINISTRACIONES COMARCALES
ara,2020,direccion,1362487.65,9111,TRANSFERENCIAS A ADMINISTRACIONES COMARCALES
ara,2020,,2789679.0,9112,COHESIÓN COMARCAL
ara,2020,,14384840.44,6129,FONDO DE CONTINGENCIA DE EJECUCIÓN PRESUPUESTARIA
ara,2020,,48288234.3,6128,FONDO DE GASTOS DE PERSONAL
ara,2020,,1049218828.49,0111,AMORTIZACIÓN Y GASTOS FINANCIEROS DE LA DEUDA
ara,2020,,11255694.68,6122,PROMOCIÓN Y DESARROLLO ECONÓMICO
ara,2020,empleo,117038930.0,3221,FOMENTO DEL EMPLEO. INSTITUTO ARAGONÉS DE EMPLEO
ara,2020,sanidad,1932541936.06,4121,ASISTENCIA SANITARIA
ara,2020,,407692365.03,3132,GESTIÓN Y DESARROLLO DE LOS SERVICIOS SOCIALES
ara,2020,igualdad,6276132.64,3232,PROMOCIÓN DE LA MUJER
ara,2020,,6686930.12,3231,PROMOCIÓN DE LA JUVENTUD
ara,2020,,10673122.0,1265,SERVICIOS TELEMÁTICOS
ara,2020,,74123603.0,5121,GESTIÓN E INFRAESTRUCTURA DE RECURSOS HIDRÁULICOS
ara,2020,sanidad,10859534.09,5425,INVESTIGACIÓN Y DESARROLLO EN EL ÁREA DE LA SALUD
ara,2020,idi,13685736.0,5421,INVESTIGACIÓN AGROALIMENTARIA
ara,2020,,5549163.0,4423,GESTIÓN AMBIENTAL
ara,2020,sanidad,9793427.0,4124,PRODUCC. COMPONENTES SANGUÍNEOS Y DE TEJIDOS
ara,2020,educacion,753552.53,4229,EVALUACIÓN DE LA CALIDAD DE LA ENSEÑANZA SUPERIOR
ara,2020,,12039185.09,6126,APOYO AL DESARROLLO ECONÓMICO Y SOCIAL
ara,2021,direccion,19894903.31,1111,CORTES DE ARAGÓN (ACTIVIDAD LEGISLATIVA)
ara,2021,direccion,1232090.61,1113,ALJAFERÍA
ara,2021,direccion,1986128.26,1112,ACTUACIONES DEL JUSTICIA DE ARAGÓN
ara,2021,direccion,3299468.74,1114,ACTUACIONES DE LA CÁMARA DE CUENTAS DE ARAGÓN
ara,2021,direccion,2510993.47,1121,PRESIDENCIA Y ÓRGANOS DE LA PRESIDENCIA
ara,2021,direccion,384704.64,1125,CONSEJO CONSULTIVO DE ARAGÓN
ara,2021,direccion,237417.27,1124,TRIBUNAL ADMTVO. DE CONTRATOS PÚBLICOS DE ARAGÓN
ara,2021,,336403.52,1216,COMUNIDADES ARAGONESAS EN EL EXTERIOR
ara,2021,direccion,479881.98,1267,ACTUACIONES RELATIVAS AL DESARROLLO ESTATUTARIO
ara,2021,,1453890.22,6152,ACTUACIONES RELATIVAS A PROGRAMAS EUROPEOS
ara,2021,,496569.12,3229,CONSEJO ECONÓMICO Y SOCIAL DE ARAGÓN
ara,2021,direccion,10737533.45,1211,SERVICIOS GENERALES DE PRESIDENCIA Y RELACS.INSTIT
ara,2021,direccion,840432.73,1311,ACTUACIONES DE RELACIONES EXTERIORES
ara,2021,direccion,2916094.62,1263,SERVICIOS JURÍDICOS
ara,2021,direccion,21990651.52,1251,APOYO A LA ADMINISTRACIÓN LOCAL
ara,2021,direccion,10409947.46,1252,POLÍTICA TERRITORIAL
ara,2021,direccion,829949.54,1217,RELACIONES INSTITUCIONALES
ara,2021,,50000000.0,1266,TELEVISIÓN Y RADIO AUTONÓMICAS
ara,2021,direccion,12000.0,4631,ELECCIONES INSTITUCIONALES
ara,2021,,60009900.0,6120,FONDO INVERSIONES DE TERUEL
ara,2021,,79470168.38,1421,SERVICIOS DE ADMINISTRACIÓN DE JUSTICIA
ara,2021,,2082000.0,1422,MINISTERIO FISCAL
ara,2021,direccion,1794629.57,1261,SERVICIOS DE COORDINACIÓN ADMINISTRATIVA EN HUESCA
ara,2021,direccion,2144451.04,1262,SERVICIOS DE COORDINACIÓN ADMINISTRATIVA EN TERUEL
ara,2021,direccion,5452458.08,1213,SERVICIOS DE SEGURIDAD Y PROTECCIÓN CIVIL
ara,2021,direccion,1363751.32,1215,SERVICIOS DE INTERIOR
ara,2021,direccion,1626309.07,1219,UNIDAD POLICÍA NACIONAL ADSCRITA A LA C.AUTÓNOMA
ara,2021,direccion,694000.0,1259,COOPERACIÓN CON LA POLICÍA LOCAL
ara,2021,,14022303.02,3111,SERV. GRALES. CIUDADANÍA Y DERECHOS SOCIALES
ara,2021,direccion,1180722.27,1268,INFORMACIÓN Y PARTICIPACIÓN CIUDADANA
ara,2021,,2917658.05,4431,CONTROL DEL CONSUMO
ara,2021,,3692713.96,3133,POLÍT INTEGRAL DE APOYO A LAS FAMILIAS Y DE IGUALD
ara,2021,,6639676.08,1341,COOPERACIÓN AL DESARROLLO
ara,2021,diversidad,1564164.85,3241,APOYO A LA INMIGRACIÓN
ara,2021,direccion,3494215.67,6111,SERV. GEN. DE HACIENDA Y ADMINISTRACIÓN PÚBLICA
ara,2021,direccion,878107.88,6121,PLANIFICACIÓN Y DIRECCIÓN PRESUPUESTARIA
ara,2021,direccion,1101075.95,6314,GESTIÓN DE TESORERÍA
ara,2021,direccion,30000.0,6411,JTA CONSULTIVA CONTRATACIÓN ADMTVA Y REGISTROS
ara,2021,direccion,2445685.65,6412,CONTRATACIÓN PÚBLICA
ara,2021,direccion,9720779.8,6312,CONTROL INTERNO Y CONTABILIDAD
ara,2021,,12226888.93,6311,GESTIÓN E INSPECCIÓN DE TRIBUTOS
ara,2021,,7050432.71,1221,DIRECCIÓN Y ADMINISTRACIÓN DE LA FUNCIÓN PÚBLICA
ara,2021,,1065907.49,1231,"SELECCIÓN, FORMACIÓN Y PERFECCIONAMIENTO PERSONAL"
ara,2021,direccion,6247593.81,1212,"SERVICIOS CENTRALES, EDIFICIOS E INSTALACIONES"
ara,2021,direccion,1710267.37,1264,INFORMACIÓN CIUDADANA Y DOCUMENTACIÓN ADMVA.
ara,2021,direccion,1453010.16,6313,GESTIÓN DEL PATRIMONIO
ara,2021,vivienda,9186434.4,5111,"SERV.G. VERTEB. TERRITORRIO, MOVILIDAD Y VIVIENDA"
ara,2021,,5678006.55,1253,ESTRATEGIAS TERRITORIALES
ara,2021,,10761161.71,4321,URBANISMO
ara,2021,,72688026.07,5131,CARRETERAS
ara,2021,vivienda,32660168.39,4312,GESTIÓN SOCIAL DE LA VIVIENDA
ara,2021,,17925394.51,5132,TRANSPORTES
ara,2021,,1645163.0,4423,GESTIÓN AMBIENTAL
ara,2021,,7813851.0,5121,GESTIÓN E INFRAESTRUCTURA DE RECURSOS HIDRÁULICOS
ara,2021,soberania,17141803.55,7111,"SERV.GEN. AGRICULTURA, GANADERÍA Y MEDIO AMBIENTE"
ara,2021,soberania,34317704.97,7122,COORDINACIÓN Y GESTIÓN DE SERVICIOS AGROAMBIENT.
ara,2021,soberania,457868423.49,7123,PRODUCCIÓN AGRARIA Y GESTIÓN DE AYUDAS
ara,2021,soberania,16375789.89,7161,CALIDAD Y SEGURIDAD ALIMENTARIA
ara,2021,,14035060.94,4422,PROTECCIÓN Y MEJORA DEL MEDIO AMBIENTE
ara,2021,soberania,88659811.72,5311,MEJORA DE ESTRUCTURAS AGRARIAS Y DESARROLLO RURAL
ara,2021,,38650860.74,5331,PROTECCIÓN Y MEJORA DEL MEDIO NATURAL
ara,2021,,14459045.31,5332,CONSERVAC. DE LA BIODIVERS Y DESARROLLO SOSTENIBLE
ara,2021,soberania,49581959.51,7121,DESARROLLO AGROALIMENTARIO Y FOMENTO ASOCIATIVO
ara,2021,empleo,3057736.0,6112,"SERV. GENERALES ECONOMÍA, PLANIFICACIÓN Y EMPLEO"
ara,2021,,1420332.51,5511,ELABORACIÓN Y DIFUSIÓN ESTADÍSTICA
ara,2021,,8701437.17,6122,PROMOCIÓN Y DESARROLLO ECONÓMICO
ara,2021,,635557.5,6315,ESTUDIOS ECONÓMICOS Y REGULACIÓN
ara,2021,,60000.0,6421,ACTUACIONES EN MATERIA DE DEFENSA DE COMPETENCIA
ara,2021,,7256874.58,3151,RELACIONES LABORALES
ara,2021,,1750970.43,6125,PLANIFICACIÓN ECONÓMICA
ara,2021,sanidad,13971926.47,4111,SERV. GENER. SANIDAD
ara,2021,sanidad,70965810.62999964,4131,PROTECCIÓN Y PROMOCIÓN DE LA SALUD
ara,2021,sanidad,8029020.61,5425,INVESTIGACIÓN Y DESARROLLO EN EL ÁREA DE LA SALUD
ara,2021,sanidad,2751645.62,4132,SERVICIOS DE ATENCIÓN AL USUARIO
ara,2021,sanidad,40649948.98,4134,SALUD PÚBLICA
ara,2021,,8928887.72,1265,SERVICIOS TELEMÁTICOS
ara,2021,educacion,733552.53,4229,EVALUACIÓN DE LA CALIDAD DE LA ENSEÑANZA SUPERIOR
ara,2021,,3365868.62,5411,"SERV. G. CIENCIA, UNIVERSIDAD Y SDAD. DEL CONOCIMI"
ara,2021,idi,9334368.0,5421,INVESTIGACIÓN AGROALIMENTARIA
ara,2021,idi,4050000.0,5422,INVESTIGACIÓN Y TECNOLOGÍA APLICADA A LA INDUSTRIA
ara,2021,educacion,195943449.87,4228,EDUCACIÓN UNIVERSITARIA
ara,2021,idi,27740560.79,5423,"INVESTIGACIÓN, DESARROLLO E INNOVACIÓN TECNOLÓGICA"
ara,2021,idi,13873239.45,5424,INVESTIGACIÓN Y DLLO. SOCIEDAD DE LA INFORMACIÓN
ara,2021,,7786456.86,5426,ADMINISTRACIÓN ELECTRÓNICA
ara,2021,educacion,58983214.38,4211,"SERVICIOS GENERALES EDUCACIÓN, CULTURA Y DEPORTE"
ara,2021,,685921.08,4551,FOMENTO Y PROMOCIÓN DE LAS LENGUAS PROPIAS
ara,2021,educacion,395738408.15,4221,EDUCACIÓN INFANTIL Y PRIMARIA
ara,2021,educacion,452917479.21,4222,EDUC SECUNDARIA
ara,2021,educacion,74683344.01,4223,EDUCACIÓN ESPECIAL
ara,2021,educacion,30611756.07,4224,ENSEÑANZAS ARTÍSTICAS
ara,2021,educacion,12200926.53,4225,EDUCACIÓN PERMANENTE
ara,2021,educacion,16432752.26,4232,EQUIDAD
ara,2021,educacion,3050123.04,4212,GESTIÓN DE PERSONAL
ara,2021,educacion,3749135.28,4220,FORMACIÓN PROFESIONAL
ara,2021,educacion,9299542.53,4226,PLAN ARAGONÉS DE FORMACIÓN PROFESIONAL
ara,2021,educacion,4697004.17,4227,FORMACIÓN DEL PROFESORADO
ara,2021,idi,2435545.11,4231,INNOVACIÓN Y PARTICIPACIÓN
ara,2021,,12638910.78,4521,"ARCHIVOS, MUSEOS Y BIBLIOTECAS"
ara,2021,,4978591.93,4581,PROMOCIÓN DE LA CULTURA
ara,2021,,6171203.43,4582,PROTECCIÓN DEL PATRIMONIO CULTURAL
ara,2021,,9995714.92,4571,FOMENTO Y APOYO A LA ACTIVIDAD DEPORTIVA
ara,2021,,10835906.35,6126,APOYO AL DESARROLLO ECONÓMICO Y SOCIAL
ara,2021,,2699251.82,7211,"SERV.GEN. INDUSTRIA, COMPETITIVIDAD Y DES. EMPRES"
ara,2021,,4764510.44,7221,ACTUACIONES ADMINISTRATIVAS SOBRE INDUSTRIA
ara,2021,,8365026.29,7231,FOMENTO INDUSTRIAL
ara,2021,,5207270.85,6221,ORDENACIÓN Y PROMOCIÓN COMERCIAL
ara,2021,,620000.0,6231,COMERCIO EXTERIOR Y RELACIONES ECONÓMICAS INTER
ara,2021,,6239496.45,6123,PLAN MINERÍA DEL CARBÓN Y DLLO ALTERNAT COM.MIN
ara,2021,,10964664.89,7311,FOMENTO Y GESTIÓN ENERGÉTICA
ara,2021,,1486440.9,7312,APOYO A LA MINERÍA
ara,2021,turismo,10913993.16,7511,"ORDENACIÓN, PROMOCIÓN Y FOMENTO DEL TURISMO"
ara,2021,direccion,2043533.08,9111,TRANSFERENCIAS A ADMINISTRACIONES COMARCALES
ara,2021,direccion,1931870.33,9111,TRANSFERENCIAS A ADMINISTRACIONES COMARCALES
ara,2021,direccion,1860572.82,9111,TRANSFERENCIAS A ADMINISTRACIONES COMARCALES
ara,2021,direccion,2207121.09,9111,TRANSFERENCIAS A ADMINISTRACIONES COMARCALES
ara,2021,direccion,2557629.77,9111,TRANSFERENCIAS A ADMINISTRACIONES COMARCALES
ara,2021,direccion,4135555.42,9111,TRANSFERENCIAS A ADMINISTRACIONES COMARCALES
ara,2021,direccion,2234743.85,9111,TRANSFERENCIAS A ADMINISTRACIONES COMARCALES
ara,2021,direccion,1934571.86,9111,TRANSFERENCIAS A ADMINISTRACIONES COMARCALES
ara,2021,direccion,1811050.16,9111,TRANSFERENCIAS A ADMINISTRACIONES COMARCALES
ara,2021,direccion,1970935.65,9111,TRANSFERENCIAS A ADMINISTRACIONES COMARCALES
ara,2021,direccion,1940570.01,9111,TRANSFERENCIAS A ADMINISTRACIONES COMARCALES
ara,2021,direccion,1624470.04,9111,TRANSFERENCIAS A ADMINISTRACIONES COMARCALES
ara,2021,direccion,1592509.11,9111,TRANSFERENCIAS A ADMINISTRACIONES COMARCALES
ara,2021,direccion,1291680.6,9111,TRANSFERENCIAS A ADMINISTRACIONES COMARCALES
ara,2021,direccion,2202065.79,9111,TRANSFERENCIAS A ADMINISTRACIONES COMARCALES
ara,2021,direccion,2238257.27,9111,TRANSFERENCIAS A ADMINISTRACIONES COMARCALES
ara,2021,direccion,4211930.84,9111,TRANSFERENCIAS A ADMINISTRACIONES COMARCALES
ara,2021,direccion,1328149.48,9111,TRANSFERENCIAS A ADMINISTRACIONES COMARCALES
ara,2021,direccion,1527188.9,9111,TRANSFERENCIAS A ADMINISTRACIONES COMARCALES
ara,2021,direccion,3024199.41,9111,TRANSFERENCIAS A ADMINISTRACIONES COMARCALES
ara,2021,direccion,1424698.19,9111,TRANSFERENCIAS A ADMINISTRACIONES COMARCALES
ara,2021,direccion,1232918.95,9111,TRANSFERENCIAS A ADMINISTRACIONES COMARCALES
ara,2021,direccion,1249148.0,9111,TRANSFERENCIAS A ADMINISTRACIONES COMARCALES
ara,2021,direccion,1436530.28,9111,TRANSFERENCIAS A ADMINISTRACIONES COMARCALES
ara,2021,direccion,1812214.16,9111,TRANSFERENCIAS A ADMINISTRACIONES COMARCALES
ara,2021,direccion,1557324.67,9111,TRANSFERENCIAS A ADMINISTRACIONES COMARCALES
ara,2021,direccion,1372648.48,9111,TRANSFERENCIAS A ADMINISTRACIONES COMARCALES
ara,2021,direccion,2251624.24,9111,TRANSFERENCIAS A ADMINISTRACIONES COMARCALES
ara,2021,direccion,3103586.66,9111,TRANSFERENCIAS A ADMINISTRACIONES COMARCALES
ara,2021,direccion,1236522.41,9111,TRANSFERENCIAS A ADMINISTRACIONES COMARCALES
ara,2021,direccion,1370015.46,9111,TRANSFERENCIAS A ADMINISTRACIONES COMARCALES
ara,2021,direccion,1522477.7,9111,TRANSFERENCIAS A ADMINISTRACIONES COMARCALES
ara,2021,direccion,1383121.21,9111,TRANSFERENCIAS A ADMINISTRACIONES COMARCALES
ara,2021,,2789679.0,9112,COHESIÓN COMARCAL
ara,2021,,30886814.9,6129,FONDO DE CONTINGENCIA DE EJECUCIÓN PRESUPUESTARIA
ara,2021,,36624973.34,6128,FONDO DE GASTOS DE PERSONAL
ara,2021,,1435170630.03,0111,AMORTIZACIÓN Y GASTOS FINANCIEROS DE LA DEUDA
ara,2021,,8822102.9,6122,PROMOCIÓN Y DESARROLLO ECONÓMICO
ara,2021,turismo,2250000.0,7511,"ORDENACIÓN, PROMOCIÓN Y FOMENTO DEL TURISMO"
ara,2021,,1000000.0,1253,ESTRATEGIAS TERRITORIALES
ara,2021,,33000000.0,3132,GESTIÓN Y DESARROLLO DE LOS SERVICIOS SOCIALES
ara,2021,empleo,7500000.0,3221,FOMENTO DEL EMPLEO. INSTITUTO ARAGONÉS DE EMPLEO
ara,2021,sanidad,30000000.0,4121,ASISTENCIA SANITARIA
ara,2021,educacion,35000000.0,4211,"SERVICIOS GENERALES EDUCACIÓN, CULTURA Y DEPORTE"
ara,2021,vivienda,7000000.0,5111,"SERV.G. VERTEB. TERRITORRIO, MOVILIDAD Y VIVIENDA"
ara,2021,,3700000.0,5132,TRANSPORTES
ara,2021,,5000000.0,5411,"SERV. G. CIENCIA, UNIVERSIDAD Y SDAD. DEL CONOCIMI"
ara,2021,idi,1750000.0,5421,INVESTIGACIÓN AGROALIMENTARIA
ara,2021,idi,5000000.0,5422,INVESTIGACIÓN Y TECNOLOGÍA APLICADA A LA INDUSTRIA
ara,2021,idi,5000000.0,5423,"INVESTIGACIÓN, DESARROLLO E INNOVACIÓN TECNOLÓGICA"
ara,2021,idi,5000000.0,5424,INVESTIGACIÓN Y DLLO. SOCIEDAD DE LA INFORMACIÓN
ara,2021,,5000000.0,5426,ADMINISTRACIÓN ELECTRÓNICA
ara,2021,direccion,49050000.0,6121,PLANIFICACIÓN Y DIRECCIÓN PRESUPUESTARIA
ara,2021,,8750000.0,6122,PROMOCIÓN Y DESARROLLO ECONÓMICO
ara,2021,,1250000.0,6125,PLANIFICACIÓN ECONÓMICA
ara,2021,,1000000.0,6221,ORDENACIÓN Y PROMOCIÓN COMERCIAL
ara,2021,soberania,10000000.0,7111,"SERV.GEN. AGRICULTURA, GANADERÍA Y MEDIO AMBIENTE"
ara,2021,,1000000.0,7231,FOMENTO INDUSTRIAL
ara,2021,turismo,1000000.0,7511,"ORDENACIÓN, PROMOCIÓN Y FOMENTO DEL TURISMO"
ara,2021,empleo,118029987.21,3221,FOMENTO DEL EMPLEO. INSTITUTO ARAGONÉS DE EMPLEO
ara,2021,sanidad,2177360805.53,4121,ASISTENCIA SANITARIA
ara,2021,,406342365.03,3132,GESTIÓN Y DESARROLLO DE LOS SERVICIOS SOCIALES
ara,2021,igualdad,6176132.64,3232,PROMOCIÓN DE LA MUJER
ara,2021,,6999493.34,3231,PROMOCIÓN DE LA JUVENTUD
ara,2021,,11660013.45,1265,SERVICIOS TELEMÁTICOS
ara,2021,,77909502.0,5121,GESTIÓN E INFRAESTRUCTURA DE RECURSOS HIDRÁULICOS
ara,2021,sanidad,12552872.21,5425,INVESTIGACIÓN Y DESARROLLO EN EL ÁREA DE LA SALUD
ara,2021,idi,13735736.0,5421,INVESTIGACIÓN AGROALIMENTARIA
ara,2021,,5849163.0,4423,GESTIÓN AMBIENTAL
ara,2021,sanidad,10271982.02,4124,PRODUCC. COMPONENTES SANGUÍNEOS Y DE TEJIDOS
ara,2021,educacion,753552.53,4229,EVALUACIÓN DE LA CALIDAD DE LA ENSEÑANZA SUPERIOR
ara,2021,,12165422.68,6126,APOYO AL DESARROLLO ECONÓMICO Y SOCIAL
ara,2022,direccion,20385570.34,1111,CORTES DE ARAGÓN (ACTIVIDAD LEGISLATIVA)
ara,2022,direccion,1262488.71,1113,ALJAFERÍA
ara,2022,direccion,2031948.89,1112,ACTUACIONES DEL JUSTICIA DE ARAGÓN
ara,2022,direccion,3334127.22,1114,ACTUACIONES DE LA CÁMARA DE CUENTAS DE ARAGÓN
ara,2022,direccion,2191936.97,1121,PRESIDENCIA Y ÓRGANOS DE LA PRESIDENCIA
ara,2022,direccion,329617.58,1121,PRESIDENCIA Y ÓRGANOS DE LA PRESIDENCIA
ara,2022,direccion,381626.22,1125,CONSEJO CONSULTIVO DE ARAGÓN
ara,2022,direccion,4178.95,1125,CONSEJO CONSULTIVO DE ARAGÓN
ara,2022,direccion,234091.96,1124,TRIBUNAL ADMTVO. DE CONTRATOS PÚBLICOS DE ARAGÓN
ara,2022,,371520.81,1216,COMUNIDADES ARAGONESAS EN EL EXTERIOR
ara,2022,direccion,451787.85,1267,ACTUACIONES RELATIVAS AL DESARROLLO ESTATUTARIO
ara,2022,,1889233.96,6152,ACTUACIONES RELATIVAS A PROGRAMAS EUROPEOS
ara,2022,,113523.41,6152,ACTUACIONES RELATIVAS A PROGRAMAS EUROPEOS
ara,2022,,506447.59,3229,CONSEJO ECONÓMICO Y SOCIAL DE ARAGÓN
ara,2022,,3298.4,3229,CONSEJO ECONÓMICO Y SOCIAL DE ARAGÓN
ara,2022,direccion,10560817.5,1211,SERVICIOS GENERALES DE PRESIDENCIA Y RELACS.INSTIT
ara,2022,direccion,887899.87,1311,ACTUACIONES DE RELACIONES EXTERIORES
ara,2022,direccion,2869215.26,1263,SERVICIOS JURÍDICOS
ara,2022,direccion,22006247.2,1251,APOYO A LA ADMINISTRACIÓN LOCAL
ara,2022,direccion,10090798.88,1252,POLÍTICA TERRITORIAL
ara,2022,direccion,840881.85,1217,RELACIONES INSTITUCIONALES
ara,2022,,50000000.0,1266,TELEVISIÓN Y RADIO AUTONÓMICAS
ara,2022,direccion,12000.0,4631,ELECCIONES INSTITUCIONALES
ara,2022,,59609900.0,6120,FONDO INVERSIONES DE TERUEL
ara,2022,,77796327.9,1421,SERVICIOS DE ADMINISTRACIÓN DE JUSTICIA
ara,2022,,2112846.0,1422,MINISTERIO FISCAL
ara,2022,direccion,1682671.78,1261,SERVICIOS DE COORDINACIÓN ADMINISTRATIVA EN HUESCA
ara,2022,direccion,2031207.76,1262,SERVICIOS DE COORDINACIÓN ADMINISTRATIVA EN TERUEL
ara,2022,direccion,6147718.25,1213,SERVICIOS DE SEGURIDAD Y PROTECCIÓN CIVIL
ara,2022,direccion,1370478.98,1215,SERVICIOS DE INTERIOR
ara,2022,direccion,1628476.8,1219,UNIDAD POLICÍA NACIONAL ADSCRITA A LA C.AUTÓNOMA
ara,2022,direccion,815000.0,1259,COOPERACIÓN CON LA POLICÍA LOCAL
ara,2022,direccion,2740947.13,1211,SERVICIOS GENERALES DE PRESIDENCIA Y RELACS.INSTIT
ara,2022,,27020174.33,3111,SERV. GRALES. CIUDADANÍA Y DERECHOS SOCIALES
ara,2022,direccion,1078851.73,1268,INFORMACIÓN Y PARTICIPACIÓN CIUDADANA
ara,2022,,2827759.99,4431,CONTROL DEL CONSUMO
ara,2022,,3637763.42,3133,POLÍT INTEGRAL DE APOYO A LAS FAMILIAS Y DE IGUALD
ara,2022,,6678333.18,1341,COOPERACIÓN AL DESARROLLO
ara,2022,diversidad,1558190.69,3241,APOYO A LA INMIGRACIÓN
ara,2022,,197612.1,3111,SERV. GRALES. CIUDADANÍA Y DERECHOS SOCIALES
ara,2022,direccion,2826393.86,6111,SERV. GEN. DE HACIENDA Y ADMINISTRACIÓN PÚBLICA
ara,2022,direccion,860908.33,6121,PLANIFICACIÓN Y DIRECCIÓN PRESUPUESTARIA
ara,2022,direccion,1094271.17,6314,GESTIÓN DE TESORERÍA
ara,2022,direccion,26000.0,6411,JTA CONSULTIVA CONTRATACIÓN ADMTVA Y REGISTROS
ara,2022,direccion,2974770.03,6412,CONTRATACIÓN PÚBLICA
ara,2022,direccion,9647007.23,6312,CONTROL INTERNO Y CONTABILIDAD
ara,2022,,11092703.19,6311,GESTIÓN E INSPECCIÓN DE TRIBUTOS
ara,2022,,7310788.35,1221,DIRECCIÓN Y ADMINISTRACIÓN DE LA FUNCIÓN PÚBLICA
ara,2022,,1006622.69,1231,"SELECCIÓN, FORMACIÓN Y PERFECCIONAMIENTO PERSONAL"
ara,2022,direccion,4683160.46,1212,"SERVICIOS CENTRALES, EDIFICIOS E INSTALACIONES"
ara,2022,direccion,1723056.09,1264,INFORMACIÓN CIUDADANA Y DOCUMENTACIÓN ADMVA.
ara,2022,direccion,1605029.98,6313,GESTIÓN DEL PATRIMONIO
ara,2022,direccion,2858475.69,6111,SERV. GEN. DE HACIENDA Y ADMINISTRACIÓN PÚBLICA
ara,2022,vivienda,6630003.18,5111,"SERV.G. VERTEB. TERRITORRIO, MOVILIDAD Y VIVIENDA"
ara,2022,,6805257.09,1253,ESTRATEGIAS TERRITORIALES
ara,2022,,11734412.05,4321,URBANISMO
ara,2022,,74518283.01,5131,CARRETERAS
ara,2022,vivienda,43715670.96,4312,GESTIÓN SOCIAL DE LA VIVIENDA
ara,2022,,23443852.9,5132,TRANSPORTES
ara,2022,vivienda,1338247.69,5111,"SERV.G. VERTEB. TERRITORRIO, MOVILIDAD Y VIVIENDA"
ara,2022,,1645163.0,4423,GESTIÓN AMBIENTAL
ara,2022,,7204954.0,5121,GESTIÓN E INFRAESTRUCTURA DE RECURSOS HIDRÁULICOS
ara,2022,soberania,13409749.44,7111,"SERV.GEN. AGRICULTURA, GANADERÍA Y MEDIO AMBIENTE"
ara,2022,soberania,34766672.77,7122,COORDINACIÓN Y GESTIÓN DE SERVICIOS AGROAMBIENT.
ara,2022,soberania,460764671.83000004,7123,PRODUCCIÓN AGRARIA Y GESTIÓN DE AYUDAS
ara,2022,soberania,20755447.93,7161,CALIDAD Y SEGURIDAD ALIMENTARIA
ara,2022,,14042889.94,4422,PROTECCIÓN Y MEJORA DEL MEDIO AMBIENTE
ara,2022,soberania,98281098.03,5311,MEJORA DE ESTRUCTURAS AGRARIAS Y DESARROLLO RURAL
ara,2022,,54365379.78,5331,PROTECCIÓN Y MEJORA DEL MEDIO NATURAL
ara,2022,,19740230.37,5332,CONSERVAC. DE LA BIODIVERS Y DESARROLLO SOSTENIBLE
ara,2022,soberania,58043361.28,7121,DESARROLLO AGROALIMENTARIO Y FOMENTO ASOCIATIVO
ara,2022,soberania,3531471.1,7111,"SERV.GEN. AGRICULTURA, GANADERÍA Y MEDIO AMBIENTE"
ara,2022,empleo,2856843.59,6112,"SERV. GENERALES ECONOMÍA, PLANIFICACIÓN Y EMPLEO"
ara,2022,,1559615.7,5511,ELABORACIÓN Y DIFUSIÓN ESTADÍSTICA
ara,2022,,9432330.02,6122,PROMOCIÓN Y DESARROLLO ECONÓMICO
ara,2022,,608613.14,6315,ESTUDIOS ECONÓMICOS Y REGULACIÓN
ara,2022,,43000.0,6421,ACTUACIONES EN MATERIA DE DEFENSA DE COMPETENCIA
ara,2022,,7259153.64,3151,RELACIONES LABORALES
ara,2022,,3435702.53,6125,PLANIFICACIÓN ECONÓMICA
ara,2022,empleo,439006.12,6112,"SERV. GENERALES ECONOMÍA, PLANIFICACIÓN Y EMPLEO"
ara,2022,sanidad,13441534.84,4111,SERV. GENER. SANIDAD
ara,2022,sanidad,64508527.129999876,4131,PROTECCIÓN Y PROMOCIÓN DE LA SALUD
ara,2022,sanidad,7603302.87,5425,INVESTIGACIÓN Y DESARROLLO EN EL ÁREA DE LA SALUD
ara,2022,sanidad,3610007.35,4132,SERVICIOS DE ATENCIÓN AL USUARIO
ara,2022,sanidad,39356374.68,4134,SALUD PÚBLICA
ara,2022,sanidad,705967.0,4111,SERV. GENER. SANIDAD
ara,2022,,14236736.69,1265,SERVICIOS TELEMÁTICOS
ara,2022,educacion,733552.53,4229,EVALUACIÓN DE LA CALIDAD DE LA ENSEÑANZA SUPERIOR
ara,2022,,2990917.63,5411,"SERV. G. CIENCIA, UNIVERSIDAD Y SDAD. DEL CONOCIMI"
ara,2022,idi,11609368.0,5421,INVESTIGACIÓN AGROALIMENTARIA
ara,2022,idi,4650000.0,5422,INVESTIGACIÓN Y TECNOLOGÍA APLICADA A LA INDUSTRIA
ara,2022,educacion,206840833.14,4228,EDUCACIÓN UNIVERSITARIA
ara,2022,idi,30920775.81,5423,"INVESTIGACIÓN, DESARROLLO E INNOVACIÓN TECNOLÓGICA"
ara,2022,idi,12824452.13,5424,INVESTIGACIÓN Y DLLO. SOCIEDAD DE LA INFORMACIÓN
ara,2022,,9712970.88,5426,ADMINISTRACIÓN ELECTRÓNICA
ara,2022,,538624.28,5411,"SERV. G. CIENCIA, UNIVERSIDAD Y SDAD. DEL CONOCIMI"
ara,2022,educacion,72088981.6,4211,"SERVICIOS GENERALES EDUCACIÓN, CULTURA Y DEPORTE"
ara,2022,,687352.93,4551,FOMENTO Y PROMOCIÓN DE LAS LENGUAS PROPIAS
ara,2022,educacion,398733042.16,4221,EDUCACIÓN INFANTIL Y PRIMARIA
ara,2022,educacion,464343980.56,4222,EDUC SECUNDARIA
ara,2022,educacion,75832023.19,4223,EDUCACIÓN ESPECIAL
ara,2022,educacion,29832287.05,4224,ENSEÑANZAS ARTÍSTICAS
ara,2022,educacion,12540855.94,4225,EDUCACIÓN PERMANENTE
ara,2022,educacion,15475829.62,4232,EQUIDAD
ara,2022,educacion,3167141.04,4212,GESTIÓN DE PERSONAL
ara,2022,educacion,3756362.59,4220,FORMACIÓN PROFESIONAL
ara,2022,educacion,10990361.12,4226,PLAN ARAGONÉS DE FORMACIÓN PROFESIONAL
ara,2022,educacion,12685520.44,4227,FORMACIÓN DEL PROFESORADO
ara,2022,idi,2027903.33,4231,INNOVACIÓN Y PARTICIPACIÓN
ara,2022,,12386528.51,4521,"ARCHIVOS, MUSEOS Y BIBLIOTECAS"
ara,2022,,5993799.22,4581,PROMOCIÓN DE LA CULTURA
ara,2022,,7772614.23,4582,PROTECCIÓN DEL PATRIMONIO CULTURAL
ara,2022,,8317189.56,4571,FOMENTO Y APOYO A LA ACTIVIDAD DEPORTIVA
ara,2022,educacion,3873674.64,4211,"SERVICIOS GENERALES EDUCACIÓN, CULTURA Y DEPORTE"
ara,2022,,10700014.7,6126,APOYO AL DESARROLLO ECONÓMICO Y SOCIAL
ara,2022,,3155233.06,7211,"SERV.GEN. INDUSTRIA, COMPETITIVIDAD Y DES. EMPRES"
ara,2022,,5209414.58,7221,ACTUACIONES ADMINISTRATIVAS SOBRE INDUSTRIA
ara,2022,,24333662.09,7231,FOMENTO INDUSTRIAL
ara,2022,,5371756.4,6221,ORDENACIÓN Y PROMOCIÓN COMERCIAL
ara,2022,,824000.0,6231,COMERCIO EXTERIOR Y RELACIONES ECONÓMICAS INTER
ara,2022,,7673156.05,6123,PLAN MINERÍA DEL CARBÓN Y DLLO ALTERNAT COM.MIN
ara,2022,,16817149.48,7311,FOMENTO Y GESTIÓN ENERGÉTICA
ara,2022,,1210395.84,7312,APOYO A LA MINERÍA
ara,2022,turismo,30748157.19,7511,"ORDENACIÓN, PROMOCIÓN Y FOMENTO DEL TURISMO"
ara,2022,,808199.58,7211,"SERV.GEN. INDUSTRIA, COMPETITIVIDAD Y DES. EMPRES"
ara,2022,direccion,2009077.0,9111,TRANSFERENCIAS A ADMINISTRACIONES COMARCALES
ara,2022,direccion,1890039.6,9111,TRANSFERENCIAS A ADMINISTRACIONES COMARCALES
ara,2022,direccion,1830070.66,9111,TRANSFERENCIAS A ADMINISTRACIONES COMARCALES
ara,2022,direccion,2172852.41,9111,TRANSFERENCIAS A ADMINISTRACIONES COMARCALES
ara,2022,direccion,2510851.77,9111,TRANSFERENCIAS A ADMINISTRACIONES COMARCALES
ara,2022,direccion,4070036.4,9111,TRANSFERENCIAS A ADMINISTRACIONES COMARCALES
ara,2022,direccion,2197029.25,9111,TRANSFERENCIAS A ADMINISTRACIONES COMARCALES
ara,2022,direccion,1906214.0,9111,TRANSFERENCIAS A ADMINISTRACIONES COMARCALES
ara,2022,direccion,1785477.94,9111,TRANSFERENCIAS A ADMINISTRACIONES COMARCALES
ara,2022,direccion,1933214.78,9111,TRANSFERENCIAS A ADMINISTRACIONES COMARCALES
ara,2022,direccion,1918110.33,9111,TRANSFERENCIAS A ADMINISTRACIONES COMARCALES
ara,2022,direccion,1596577.75,9111,TRANSFERENCIAS A ADMINISTRACIONES COMARCALES
ara,2022,direccion,1561756.64,9111,TRANSFERENCIAS A ADMINISTRACIONES COMARCALES
ara,2022,direccion,1263946.79,9111,TRANSFERENCIAS A ADMINISTRACIONES COMARCALES
ara,2022,direccion,2162732.89,9111,TRANSFERENCIAS A ADMINISTRACIONES COMARCALES
ara,2022,direccion,2203619.25,9111,TRANSFERENCIAS A ADMINISTRACIONES COMARCALES
ara,2022,direccion,4146449.14,9111,TRANSFERENCIAS A ADMINISTRACIONES COMARCALES
ara,2022,direccion,1305643.73,9111,TRANSFERENCIAS A ADMINISTRACIONES COMARCALES
ara,2022,direccion,1508303.78,9111,TRANSFERENCIAS A ADMINISTRACIONES COMARCALES
ara,2022,direccion,2959774.91,9111,TRANSFERENCIAS A ADMINISTRACIONES COMARCALES
ara,2022,direccion,1402966.15,9111,TRANSFERENCIAS A ADMINISTRACIONES COMARCALES
ara,2022,direccion,1211882.9,9111,TRANSFERENCIAS A ADMINISTRACIONES COMARCALES
ara,2022,direccion,1227556.01,9111,TRANSFERENCIAS A ADMINISTRACIONES COMARCALES
ara,2022,direccion,1411225.5,9111,TRANSFERENCIAS A ADMINISTRACIONES COMARCALES
ara,2022,direccion,1781916.91,9111,TRANSFERENCIAS A ADMINISTRACIONES COMARCALES
ara,2022,direccion,1529424.7,9111,TRANSFERENCIAS A ADMINISTRACIONES COMARCALES
ara,2022,direccion,1345333.07,9111,TRANSFERENCIAS A ADMINISTRACIONES COMARCALES
ara,2022,direccion,2213323.22,9111,TRANSFERENCIAS A ADMINISTRACIONES COMARCALES
ara,2022,direccion,3047775.13,9111,TRANSFERENCIAS A ADMINISTRACIONES COMARCALES
ara,2022,direccion,1216583.69,9111,TRANSFERENCIAS A ADMINISTRACIONES COMARCALES
ara,2022,direccion,1346286.89,9111,TRANSFERENCIAS A ADMINISTRACIONES COMARCALES
ara,2022,direccion,1496806.71,9111,TRANSFERENCIAS A ADMINISTRACIONES COMARCALES
ara,2022,direccion,1358575.99,9111,TRANSFERENCIAS A ADMINISTRACIONES COMARCALES
ara,2022,,2789679.0,9112,COHESIÓN COMARCAL
ara,2022,,30398970.0,6129,FONDO DE CONTINGENCIA DE EJECUCIÓN PRESUPUESTARIA
ara,2022,,35771205.41,6128,FONDO DE GASTOS DE PERSONAL
ara,2022,,1507582786.74,0111,AMORTIZACIÓN Y GASTOS FINANCIEROS DE LA DEUDA
ara,2022,,10224593.05,6122,PROMOCIÓN Y DESARROLLO ECONÓMICO
ara,2022,direccion,5833000.0,1252,POLÍTICA TERRITORIAL
ara,2022,direccion,22908070.07,6111,SERV. GEN. DE HACIENDA Y ADMINISTRACIÓN PÚBLICA
ara,2022,empleo,122879489.54,3221,FOMENTO DEL EMPLEO. INSTITUTO ARAGONÉS DE EMPLEO
ara,2022,sanidad,2097949378.71,4121,ASISTENCIA SANITARIA
ara,2022,,396786191.8,3132,GESTIÓN Y DESARROLLO DE LOS SERVICIOS SOCIALES
ara,2022,igualdad,9184305.35,3232,PROMOCIÓN DE LA MUJER
ara,2022,,7119184.09,3231,PROMOCIÓN DE LA JUVENTUD
ara,2022,,16336736.69,1265,SERVICIOS TELEMÁTICOS
ara,2022,,79009044.0,5121,GESTIÓN E INFRAESTRUCTURA DE RECURSOS HIDRÁULICOS
ara,2022,sanidad,12077154.47,5425,INVESTIGACIÓN Y DESARROLLO EN EL ÁREA DE LA SALUD
ara,2022,idi,16920085.34,5421,INVESTIGACIÓN AGROALIMENTARIA
ara,2022,,5849163.0,4423,GESTIÓN AMBIENTAL
ara,2022,sanidad,11067429.58,4124,PRODUCC. COMPONENTES SANGUÍNEOS Y DE TEJIDOS
ara,2022,educacion,753552.53,4229,EVALUACIÓN DE LA CALIDAD DE LA ENSEÑANZA SUPERIOR
ara,2022,,11766835.93,6126,APOYO AL DESARROLLO ECONÓMICO Y SOCIAL
ara,2023,direccion,21261603.47,1111,CORTES DE ARAGÓN (ACTIVIDAD LEGISLATIVA)
ara,2023,direccion,1246573.86,1113,ALJAFERÍA
ara,2023,direccion,2088406.04,1112,ACTUACIONES DEL JUSTICIA DE ARAGÓN
ara,2023,direccion,3466775.39,1114,ACTUACIONES DE LA CÁMARA DE CUENTAS DE ARAGÓN
ara,2023,direccion,2437658.82,1121,PRESIDENCIA Y ÓRGANOS DE LA PRESIDENCIA
ara,2023,direccion,330675.14,1121,PRESIDENCIA Y ÓRGANOS DE LA PRESIDENCIA
ara,2023,direccion,388665.53,1125,CONSEJO CONSULTIVO DE ARAGÓN
ara,2023,direccion,2914.16,1125,CONSEJO CONSULTIVO DE ARAGÓN
ara,2023,direccion,264862.11,1124,TRIBUNAL ADMTVO. DE CONTRATOS PÚBLICOS DE ARAGÓN
ara,2023,,372441.39,1216,COMUNIDADES ARAGONESAS EN EL EXTERIOR
ara,2023,direccion,512174.03,1267,ACTUACIONES RELATIVAS AL DESARROLLO ESTATUTARIO
ara,2023,,1689321.78,6152,ACTUACIONES RELATIVAS A PROGRAMAS EUROPEOS
ara,2023,,112986.98,6152,ACTUACIONES RELATIVAS A PROGRAMAS EUROPEOS
ara,2023,,524828.79,3229,CONSEJO ECONÓMICO Y SOCIAL DE ARAGÓN
ara,2023,,3372.26,3229,CONSEJO ECONÓMICO Y SOCIAL DE ARAGÓN
ara,2023,direccion,10740012.82,1211,SERVICIOS GENERALES DE PRESIDENCIA Y RELACS.INSTIT
ara,2023,direccion,863072.71,1311,ACTUACIONES DE RELACIONES EXTERIORES
ara,2023,direccion,2928529.34,1263,SERVICIOS JURÍDICOS
ara,2023,direccion,31726166.66,1251,APOYO A LA ADMINISTRACIÓN LOCAL
ara,2023,direccion,20802267.3,1252,POLÍTICA TERRITORIAL
ara,2023,direccion,854679.07,1217,RELACIONES INSTITUCIONALES
ara,2023,,50800000.0,1266,TELEVISIÓN Y RADIO AUTONÓMICAS
ara,2023,direccion,5001000.0,4631,ELECCIONES INSTITUCIONALES
ara,2023,,60009900.0,6120,FONDO INVERSIONES DE TERUEL
ara,2023,,93880601.41,1421,SERVICIOS DE ADMINISTRACIÓN DE JUSTICIA
ara,2023,,2157622.62,1422,MINISTERIO FISCAL
ara,2023,direccion,1726038.78,1261,SERVICIOS DE COORDINACIÓN ADMINISTRATIVA EN HUESCA
ara,2023,direccion,2079027.83,1262,SERVICIOS DE COORDINACIÓN ADMINISTRATIVA EN TERUEL
ara,2023,direccion,6281334.04,1213,SERVICIOS DE SEGURIDAD Y PROTECCIÓN CIVIL
ara,2023,direccion,1531631.26,1215,SERVICIOS DE INTERIOR
ara,2023,direccion,1535131.49,1219,UNIDAD POLICÍA NACIONAL ADSCRITA A LA C.AUTÓNOMA
ara,2023,direccion,840000.0,1259,COOPERACIÓN CON LA POLICÍA LOCAL
ara,2023,direccion,2940282.4,1211,SERVICIOS GENERALES DE PRESIDENCIA Y RELACS.INSTIT
ara,2023,,37504802.09,3111,SERV. GRALES. CIUDADANÍA Y DERECHOS SOCIALES
ara,2023,direccion,1156069.89,1268,INFORMACIÓN Y PARTICIPACIÓN CIUDADANA
ara,2023,,2835315.78,4431,CONTROL DEL CONSUMO
ara,2023,,3656187.41,3133,POLÍT INTEGRAL DE APOYO A LAS FAMILIAS Y DE IGUALD
ara,2023,,6696579.12,1341,COOPERACIÓN AL DESARROLLO
ara,2023,diversidad,1588071.16,3241,APOYO A LA INMIGRACIÓN
ara,2023,,206874.26,3111,SERV. GRALES. CIUDADANÍA Y DERECHOS SOCIALES
ara,2023,direccion,2869997.31,6111,SERV. GEN. DE HACIENDA Y ADMINISTRACIÓN PÚBLICA
ara,2023,direccion,931581.38,6121,PLANIFICACIÓN Y DIRECCIÓN PRESUPUESTARIA
ara,2023,direccion,1148778.12,6314,GESTIÓN DE TESORERÍA
ara,2023,direccion,26000.0,6411,JTA CONSULTIVA CONTRATACIÓN ADMTVA Y REGISTROS
ara,2023,direccion,3099131.02,6412,CONTRATACIÓN PÚBLICA
ara,2023,direccion,10387507.87,6312,CONTROL INTERNO Y CONTABILIDAD
ara,2023,,12340606.46,6311,GESTIÓN E INSPECCIÓN DE TRIBUTOS
ara,2023,,8314518.94,1221,DIRECCIÓN Y ADMINISTRACIÓN DE LA FUNCIÓN PÚBLICA
ara,2023,,1224068.45,1231,"SELECCIÓN, FORMACIÓN Y PERFECCIONAMIENTO PERSONAL"
ara,2023,direccion,6291076.14,1212,"SERVICIOS CENTRALES, EDIFICIOS E INSTALACIONES"
ara,2023,direccion,2434200.02,1264,INFORMACIÓN CIUDADANA Y DOCUMENTACIÓN ADMVA.
ara,2023,direccion,5100993.25,6313,GESTIÓN DEL PATRIMONIO
ara,2023,direccion,2447501.71,6111,SERV. GEN. DE HACIENDA Y ADMINISTRACIÓN PÚBLICA
ara,2023,vivienda,8874599.3,5111,"SERV.G. VERTEB. TERRITORRIO, MOVILIDAD Y VIVIENDA"
ara,2023,,6791464.27,1253,ESTRATEGIAS TERRITORIALES
ara,2023,,5671590.13,4321,URBANISMO
ara,2023,,79326210.67,5131,CARRETERAS
ara,2023,vivienda,91021180.18,4312,GESTIÓN SOCIAL DE LA VIVIENDA
ara,2023,,29640217.02,5132,TRANSPORTES
ara,2023,vivienda,1401052.67,5111,"SERV.G. VERTEB. TERRITORRIO, MOVILIDAD Y VIVIENDA"
ara,2023,,1645163.0,4423,GESTIÓN AMBIENTAL
ara,2023,,7347309.24,5121,GESTIÓN E INFRAESTRUCTURA DE RECURSOS HIDRÁULICOS
ara,2023,soberania,14200867.08,7111,"SERV.GEN. AGRICULTURA, GANADERÍA Y MEDIO AMBIENTE"
ara,2023,soberania,36096227.89,7122,COORDINACIÓN Y GESTIÓN DE SERVICIOS AGROAMBIENT.
ara,2023,soberania,461636875.1,7123,PRODUCCIÓN AGRARIA Y GESTIÓN DE AYUDAS
ara,2023,soberania,25146993.44,7161,CALIDAD Y SEGURIDAD ALIMENTARIA
ara,2023,,23529130.18,4422,PROTECCIÓN Y MEJORA DEL MEDIO AMBIENTE
ara,2023,soberania,114608311.86,5311,MEJORA DE ESTRUCTURAS AGRARIAS Y DESARROLLO RURAL
ara,2023,,66485094.22,5331,PROTECCIÓN Y MEJORA DEL MEDIO NATURAL
ara,2023,,32287963.66,5332,CONSERVAC. DE LA BIODIVERS Y DESARROLLO SOSTENIBLE
ara,2023,soberania,59329733.41,7121,DESARROLLO AGROALIMENTARIO Y FOMENTO ASOCIATIVO
ara,2023,soberania,4050094.4,7111,"SERV.GEN. AGRICULTURA, GANADERÍA Y MEDIO AMBIENTE"
ara,2023,empleo,2991996.38,6112,"SERV. GENERALES ECONOMÍA, PLANIFICACIÓN Y EMPLEO"
ara,2023,,1419511.24,5511,ELABORACIÓN Y DIFUSIÓN ESTADÍSTICA
ara,2023,,12463620.98,6122,PROMOCIÓN Y DESARROLLO ECONÓMICO
ara,2023,,625126.88,6315,ESTUDIOS ECONÓMICOS Y REGULACIÓN
ara,2023,,43000.0,6421,ACTUACIONES EN MATERIA DE DEFENSA DE COMPETENCIA
ara,2023,,7390055.82,3151,RELACIONES LABORALES
ara,2023,,8901882.2,6125,PLANIFICACIÓN ECONÓMICA
ara,2023,empleo,410185.21,6112,"SERV. GENERALES ECONOMÍA, PLANIFICACIÓN Y EMPLEO"
ara,2023,sanidad,15397679.18,4111,SERV. GENER. SANIDAD
ara,2023,sanidad,76526166.55000019,4131,PROTECCIÓN Y PROMOCIÓN DE LA SALUD
ara,2023,sanidad,9518714.53,5425,INVESTIGACIÓN Y DESARROLLO EN EL ÁREA DE LA SALUD
ara,2023,sanidad,10032351.19,4132,SERVICIOS DE ATENCIÓN AL USUARIO
ara,2023,sanidad,48055902.7,4134,SALUD PÚBLICA
ara,2023,sanidad,578898.23,4111,SERV. GENER. SANIDAD
ara,2023,,15947142.09,1265,SERVICIOS TELEMÁTICOS
ara,2023,educacion,733552.53,4229,EVALUACIÓN DE LA CALIDAD DE LA ENSEÑANZA SUPERIOR
ara,2023,,3103191.25,5411,"SERV. G. CIENCIA, UNIVERSIDAD Y SDAD. DEL CONOCIMI"
ara,2023,idi,9434368.0,5421,INVESTIGACIÓN AGROALIMENTARIA
ara,2023,idi,3200000.0,5422,INVESTIGACIÓN Y TECNOLOGÍA APLICADA A LA INDUSTRIA
ara,2023,educacion,213274721.87,4228,EDUCACIÓN UNIVERSITARIA
ara,2023,idi,28988259.71,5423,"INVESTIGACIÓN, DESARROLLO E INNOVACIÓN TECNOLÓGICA"
ara,2023,idi,16963353.58,5424,INVESTIGACIÓN Y DLLO. SOCIEDAD DE LA INFORMACIÓN
ara,2023,,10478131.11,5426,ADMINISTRACIÓN ELECTRÓNICA
ara,2023,,581797.53,5411,"SERV. G. CIENCIA, UNIVERSIDAD Y SDAD. DEL CONOCIMI"
ara,2023,educacion,90628613.6,4211,"SERVICIOS GENERALES EDUCACIÓN, CULTURA Y DEPORTE"
ara,2023,,741080.25,4551,FOMENTO Y PROMOCIÓN DE LAS LENGUAS PROPIAS
ara,2023,educacion,416017266.3,4221,EDUCACIÓN INFANTIL Y PRIMARIA
ara,2023,educacion,480923283.71,4222,EDUC SECUNDARIA
ara,2023,educacion,78815006.41,4223,EDUCACIÓN ESPECIAL
ara,2023,educacion,30588807.8,4224,ENSEÑANZAS ARTÍSTICAS
ara,2023,educacion,13155022.33,4225,EDUCACIÓN PERMANENTE
ara,2023,educacion,15447103.7,4232,EQUIDAD
ara,2023,educacion,3554366.38,4212,GESTIÓN DE PERSONAL
ara,2023,educacion,4029727.08,4220,FORMACIÓN PROFESIONAL
ara,2023,educacion,5411215.99,4226,PLAN ARAGONÉS DE FORMACIÓN PROFESIONAL
ara,2023,educacion,10103479.85,4227,FORMACIÓN DEL PROFESORADO
ara,2023,idi,4049365.32,4231,INNOVACIÓN Y PARTICIPACIÓN
ara,2023,,13874244.39,4521,"ARCHIVOS, MUSEOS Y BIBLIOTECAS"
ara,2023,,6892502.89,4581,PROMOCIÓN DE LA CULTURA
ara,2023,,7936175.06,4582,PROTECCIÓN DEL PATRIMONIO CULTURAL
ara,2023,,11545308.87,4571,FOMENTO Y APOYO A LA ACTIVIDAD DEPORTIVA
ara,2023,educacion,2706199.96,4211,"SERVICIOS GENERALES EDUCACIÓN, CULTURA Y DEPORTE"
ara,2023,,13918985.33,6126,APOYO AL DESARROLLO ECONÓMICO Y SOCIAL
ara,2023,,3605271.95,7211,"SERV.GEN. INDUSTRIA, COMPETITIVIDAD Y DES. EMPRES"
ara,2023,,5238355.28,7221,ACTUACIONES ADMINISTRATIVAS SOBRE INDUSTRIA
ara,2023,,23698224.91,7231,FOMENTO INDUSTRIAL
ara,2023,,8567634.47,6221,ORDENACIÓN Y PROMOCIÓN COMERCIAL
ara,2023,,986400.0,6231,COMERCIO EXTERIOR Y RELACIONES ECONÓMICAS INTER
ara,2023,,11431317.31,6123,PLAN MINERÍA DEL CARBÓN Y DLLO ALTERNAT COM.MIN
ara,2023,,88765674.75,7311,FOMENTO Y GESTIÓN ENERGÉTICA
ara,2023,,1513885.65,7312,APOYO A LA MINERÍA
ara,2023,turismo,52714982.67,7511,"ORDENACIÓN, PROMOCIÓN Y FOMENTO DEL TURISMO"
ara,2023,,905288.12,7211,"SERV.GEN. INDUSTRIA, COMPETITIVIDAD Y DES. EMPRES"
ara,2023,direccion,2019875.49,9111,TRANSFERENCIAS A ADMINISTRACIONES COMARCALES
ara,2023,direccion,1898523.72,9111,TRANSFERENCIAS A ADMINISTRACIONES COMARCALES
ara,2023,direccion,1839494.37,9111,TRANSFERENCIAS A ADMINISTRACIONES COMARCALES
ara,2023,direccion,2169568.92,9111,TRANSFERENCIAS A ADMINISTRACIONES COMARCALES
ara,2023,direccion,2510318.57,9111,TRANSFERENCIAS A ADMINISTRACIONES COMARCALES
ara,2023,direccion,4055302.25,9111,TRANSFERENCIAS A ADMINISTRACIONES COMARCALES
ara,2023,direccion,2197141.01,9111,TRANSFERENCIAS A ADMINISTRACIONES COMARCALES
ara,2023,direccion,1900384.72,9111,TRANSFERENCIAS A ADMINISTRACIONES COMARCALES
ara,2023,direccion,1788631.56,9111,TRANSFERENCIAS A ADMINISTRACIONES COMARCALES
ara,2023,direccion,1931837.97,9111,TRANSFERENCIAS A ADMINISTRACIONES COMARCALES
ara,2023,direccion,1911085.16,9111,TRANSFERENCIAS A ADMINISTRACIONES COMARCALES
ara,2023,direccion,1593595.37,9111,TRANSFERENCIAS A ADMINISTRACIONES COMARCALES
ara,2023,direccion,1560344.65,9111,TRANSFERENCIAS A ADMINISTRACIONES COMARCALES
ara,2023,direccion,1262511.97,9111,TRANSFERENCIAS A ADMINISTRACIONES COMARCALES
ara,2023,direccion,2163078.7,9111,TRANSFERENCIAS A ADMINISTRACIONES COMARCALES
ara,2023,direccion,2210853.17,9111,TRANSFERENCIAS A ADMINISTRACIONES COMARCALES
ara,2023,direccion,4162367.61,9111,TRANSFERENCIAS A ADMINISTRACIONES COMARCALES
ara,2023,direccion,1306211.33,9111,TRANSFERENCIAS A ADMINISTRACIONES COMARCALES
ara,2023,direccion,1513479.02,9111,TRANSFERENCIAS A ADMINISTRACIONES COMARCALES
ara,2023,direccion,2941024.33,9111,TRANSFERENCIAS A ADMINISTRACIONES COMARCALES
ara,2023,direccion,1402639.99,9111,TRANSFERENCIAS A ADMINISTRACIONES COMARCALES
ara,2023,direccion,1214036.61,9111,TRANSFERENCIAS A ADMINISTRACIONES COMARCALES
ara,2023,direccion,1228690.14,9111,TRANSFERENCIAS A ADMINISTRACIONES COMARCALES
ara,2023,direccion,1409809.52,9111,TRANSFERENCIAS A ADMINISTRACIONES COMARCALES
ara,2023,direccion,1785873.64,9111,TRANSFERENCIAS A ADMINISTRACIONES COMARCALES
ara,2023,direccion,1527081.51,9111,TRANSFERENCIAS A ADMINISTRACIONES COMARCALES
ara,2023,direccion,1343150.88,9111,TRANSFERENCIAS A ADMINISTRACIONES COMARCALES
ara,2023,direccion,2209891.3,9111,TRANSFERENCIAS A ADMINISTRACIONES COMARCALES
ara,2023,direccion,3034069.03,9111,TRANSFERENCIAS A ADMINISTRACIONES COMARCALES
ara,2023,direccion,1219087.44,9111,TRANSFERENCIAS A ADMINISTRACIONES COMARCALES
ara,2023,direccion,1346684.67,9111,TRANSFERENCIAS A ADMINISTRACIONES COMARCALES
ara,2023,direccion,1503269.37,9111,TRANSFERENCIAS A ADMINISTRACIONES COMARCALES
ara,2023,direccion,1361521.9,9111,TRANSFERENCIAS A ADMINISTRACIONES COMARCALES
ara,2023,,3789679.0,9112,COHESIÓN COMARCAL
ara,2023,,31991615.31,6129,FONDO DE CONTINGENCIA DE EJECUCIÓN PRESUPUESTARIA
ara,2023,educacion,7000000.0,4228,EDUCACIÓN UNIVERSITARIA
ara,2023,,129395110.7,6128,FONDO DE GASTOS DE PERSONAL
ara,2023,,1481112768.34,0111,AMORTIZACIÓN Y GASTOS FINANCIEROS DE LA DEUDA
ara,2023,,10080992.58,6122,PROMOCIÓN Y DESARROLLO ECONÓMICO
ara,2023,direccion,6199985.23,6111,SERV. GEN. DE HACIENDA Y ADMINISTRACIÓN PÚBLICA
ara,2023,empleo,156878630.33,3221,FOMENTO DEL EMPLEO. INSTITUTO ARAGONÉS DE EMPLEO
ara,2023,sanidad,2373095081.16,4121,ASISTENCIA SANITARIA
ara,2023,,416560196.25,3132,GESTIÓN Y DESARROLLO DE LOS SERVICIOS SOCIALES
ara,2023,igualdad,8254418.05,3232,PROMOCIÓN DE LA MUJER
ara,2023,,7441549.66,3231,PROMOCIÓN DE LA JUVENTUD
ara,2023,,26436236.23,1265,SERVICIOS TELEMÁTICOS
ara,2023,,84838743.65,5121,GESTIÓN E INFRAESTRUCTURA DE RECURSOS HIDRÁULICOS
ara,2023,sanidad,13602566.13,5425,INVESTIGACIÓN Y DESARROLLO EN EL ÁREA DE LA SALUD
ara,2023,idi,17140417.59,5421,INVESTIGACIÓN AGROALIMENTARIA
ara,2023,,6272163.0,4423,GESTIÓN AMBIENTAL
ara,2023,sanidad,11159128.05,4124,PRODUCC. COMPONENTES SANGUÍNEOS Y DE TEJIDOS
ara,2023,educacion,753552.53,4229,EVALUACIÓN DE LA CALIDAD DE LA ENSEÑANZA SUPERIOR
ara,2023,,36055736.26,6126,APOYO AL DESARROLLO ECONÓMICO Y SOCIAL
ara,2024,direccion,21513268.31,1111,CORTES DE ARAGÓN (ACTIVIDAD LEGISLATIVA)
ara,2024,direccion,1403752.78,1113,ALJAFERÍA
ara,2024,direccion,2209827.17,1112,ACTUACIONES DEL JUSTICIA DE ARAGÓN
ara,2024,direccion,4024983.22,1114,ACTUACIONES DE LA CÁMARA DE CUENTAS DE ARAGÓN
ara,2024,direccion,2511040.74,1121,PRESIDENCIA Y ÓRGANOS DE LA PRESIDENCIA
ara,2024,direccion,350077.15,1121,PRESIDENCIA Y ÓRGANOS DE LA PRESIDENCIA
ara,2024,direccion,399596.95,1125,CONSEJO CONSULTIVO DE ARAGÓN
ara,2024,direccion,3114.0,1125,CONSEJO CONSULTIVO DE ARAGÓN
ara,2024,direccion,282783.82,1124,TRIBUNAL ADMINISTRATIVO DE CONTRATOS PÚBLICOS DE ARAGÓN
ara,2024,,594241.06,3229,CONSEJO ECONÓMICO Y SOCIAL DE ARAGÓN
ara,2024,,4292.94,3229,CONSEJO ECONÓMICO Y SOCIAL DE ARAGÓN
ara,2024,direccion,7993377.95,1211,"SERVICIOS GENERALES DE PRESIDENCIA, INTERIOR Y CULTURA"
ara,2024,,399809.84,1216,COMUNIDADES ARAGONESAS EN EL EXTERIOR
ara,2024,direccion,2935220.84,1263,SERVICIOS JURÍDICOS
ara,2024,direccion,33573776.1,1251,APOYO A LA ADMINISTRACIÓN LOCAL
ara,2024,direccion,21882134.03,1252,POLÍTICA TERRITORIAL
ara,2024,,8800.0,1216,COMUNIDADES ARAGONESAS EN EL EXTERIOR
ara,2024,direccion,657182.7,1217,RELACIONES INSTITUCIONALES
ara,2024,,50800000.0,1266,TELEVISIÓN Y RADIO AUTONÓMICAS
ara,2024,direccion,1117992.32,1268,INFORMACIÓN Y PARTICIPACIÓN CIUDADANA
ara,2024,direccion,885500.91,1311,ACTUACIONES DE RELACIONES EXTERIORES
ara,2024,direccion,12000.0,4631,ELECCIONES INSTITUCIONALES
ara,2024,direccion,1839056.44,1261,SERVICIOS DE COORDINACIÓN ADMINISTRATIVA EN HUESCA
ara,2024,direccion,2147875.37,1262,SERVICIOS DE COORDINACIÓN ADMINISTRATIVA EN TERUEL
ara,2024,direccion,12868486.61,1213,SERVICIOS DE SEGURIDAD Y PROTECCIÓN CIVIL
ara,2024,direccion,1620836.75,1215,SERVICIOS DE INTERIOR
ara,2024,direccion,1473255.55,1219,UNIDAD POLICÍA NACIONAL ADSCRITA A LA C.AUTÓNOMA
ara,2024,direccion,881000.0,1259,COOPERACIÓN CON LA POLICÍA LOCAL
ara,2024,,13347137.57,4571,FOMENTO Y APOYO A LA ACTIVIDAD DEPORTIVA
ara,2024,direccion,2165536.97,1211,"SERVICIOS GENERALES DE PRESIDENCIA, INTERIOR Y CULTURA"
ara,2024,,14801275.78,4521,"ARCHIVOS, MUSEOS Y BIBLIOTECAS"
ara,2024,,5284780.1,4581,PROMOCIÓN DE LA CULTURA
ara,2024,,8681111.72,4582,PROTECCIÓN DEL PATRIMONIO CULTURAL
ara,2024,direccion,670921.69,1267,ACTUACIONES RELATIVAS AL DESARROLLO ESTATUTARIO
ara,2024,direccion,3487814.12,6111,SERVICIOS GENENERALES DE HACIENDA Y ADMINISTRACIÓN PÚBLICA
ara,2024,direccion,1002296.9,6121,PLANIFICACIÓN Y DIRECCIÓN PRESUPUESTARIA
ara,2024,direccion,1177618.05,6314,GESTIÓN DE TESORERÍA
ara,2024,direccion,8474398.34,1212,"SERVICIOS CENTRALES, EDIFICIOS E INSTALACIONES"
ara,2024,direccion,2114564.15,1264,INFORMACIÓN CIUDADANA Y DOCUMENTACIÓN ADMINISTRATIVA
ara,2024,direccion,3914099.05,6313,GESTIÓN DEL PATRIMONIO
ara,2024,direccion,40500.0,6411,JTA CONSULTIVA CONTRATACIÓN ADMTVA Y REGISTROS
ara,2024,direccion,3418514.31,6412,CONTRATACIÓN PÚBLICA
ara,2024,direccion,10385489.69,6312,CONTROL INTERNO Y CONTABILIDAD
ara,2024,,14557406.52,6311,GESTIÓN E INSPECCIÓN DE TRIBUTOS
ara,2024,,8763590.65,1221,DIRECCIÓN Y ADMINISTRACIÓN DE LA FUNCIÓN PÚBLICA
ara,2024,,2033586.47,1231,"SELECCIÓN, FORMACIÓN Y PERFECCIONAMIENTO PERSONAL"
ara,2024,,12077624.53,1265,SERVICIOS TELEMÁTICOS
ara,2024,idi,13863534.4,5424,INVESTIGACIÓN Y DLLO. SOCIEDAD DE LA INFORMACIÓN
ara,2024,,11891944.09,5426,ADMINISTRACIÓN ELECTRÓNICA
ara,2024,,2209744.57,6152,ACTUACIONES RELATIVAS A PROGRAMAS EUROPEOS
ara,2024,direccion,2574916.4,6111,SERVICIOS GENERALES DE HACIENDA Y ADMINISTRACIÓN PÚBLICA
ara,2024,vivienda,12522085.96,5111,"SERVICIOS GENERALES FOMENTO, VIVIENDA, MOVILIDAD Y LOGÍSTICA"
ara,2024,,1461142.76,5141,PLANIFICACIÓN ESTRATÉGICA Y LOGÍSTICA
ara,2024,,3995909.81,4321,URBANISMO
ara,2024,,80262479.52,5131,CARRETERAS
ara,2024,vivienda,38454436.3,4312,GESTIÓN SOCIAL DE LA VIVIENDA
ara,2024,,45900180.43,5132,TRANSPORTES
ara,2024,vivienda,899798.71,5111,"SERVICIOS GENERALES FOMENTO, VIVIENDA, MOVILIDAD Y LOGÍSTICA"
ara,2024,idi,10515368.0,5421,INVESTIGACIÓN AGROALIMENTARIA
ara,2024,soberania,16891948.54,7111,"SERV.GEN. AGRICULTURA, GANADERÍA Y MEDIO AMBIENTE"
ara,2024,soberania,35350714.12,7122,COORDINACIÓN Y GESTIÓN DE SERVICIOS AGROAMBIENTALES
ara,2024,soberania,465005694.81,7123,PRODUCCIÓN AGRARIA Y GESTIÓN DE AYUDAS
ara,2024,soberania,23860213.35,7161,CALIDAD Y SEGURIDAD ALIMENTARIA
ara,2024,soberania,131207571.92,5311,MEJORA DE ESTRUCTURAS AGRARIAS Y DESARROLLO RURAL
ara,2024,soberania,58448289.42,7121,DESARROLLO AGROALIMENTARIO Y FOMENTO ASOCIATIVO
ara,2024,soberania,1453505.65,7129,CAZA Y PESCA
ara,2024,soberania,2829666.64,7111,"SERVICIOS GENERALES AGRICULTURA, GANADERÍA Y ALIMENTACIÓN"
ara,2024,idi,3200000.0,5422,INVESTIGACIÓN Y TECNOLOGÍA APLICADA A LA INDUSTRIA
ara,2024,empleo,10084364.69,6112,"SERV. GENERALES ECONOMÍA, PLANIFICACIÓN Y EMPLEO"
ara,2024,,14085119.4,6126,APOYO AL DESARROLLO ECONÓMICO Y SOCIAL
ara,2024,,1420777.3,5511,ELABORACIÓN Y DIFUSIÓN ESTADÍSTICA
ara,2024,,12237774.02,6122,PROMOCIÓN Y DESARROLLO ECONÓMICO
ara,2024,,7981964.85,6125,PLANIFICACIÓN ECONÓMICA
ara,2024,,666873.41,6315,ESTUDIOS ECONÓMICOS Y REGULACIÓN
ara,2024,,43000.0,6421,ACTUACIONES EN MATERIA DE DEFENSA DE COMPETENCIA
ara,2024,,7889970.14,3151,RELACIONES LABORALES
ara,2024,idi,207000.0,5422,INVESTIGACIÓN Y TECNOLOGÍA APLICADA A LA INDUSTRIA
ara,2024,,5437944.61,7221,ACTUACIONES ADMINISTRATIVAS SOBRE INDUSTRIA
ara,2024,,20660198.3,7231,FOMENTO INDUSTRIAL
ara,2024,,9811915.54,6221,ORDENACIÓN Y PROMOCIÓN COMERCIAL
ara,2024,,986400.0,6231,COMERCIO EXTERIOR Y RELACIONES ECONÓMICAS INTER
ara,2024,,10530775.01,6123,PLAN MINERÍA DEL CARBÓN Y DLLO ALTERNAT COM.MIN
ara,2024,,103953434.31,7311,FOMENTO Y GESTIÓN ENERGÉTICA
ara,2024,,1564706.4,7312,APOYO A LA MINERÍA
ara,2024,,2985784.61,4431,CONTROL DEL CONSUMO
ara,2024,,3441388.46,7232,APOYO A PYMES Y AUTÓNOMOS
ara,2024,empleo,1051215.25,6112,"SERVICIOS GENERALES ECONOMÍA, EMPLEO E INDUSTRIA"
ara,2024,sanidad,14872592.72,4111,SERVICIOS GENERALES SANIDAD
ara,2024,sanidad,67486561.28999996,4131,PROTECCIÓN Y PROMOCIÓN DE LA SALUD
ara,2024,sanidad,10755725.63,5425,INVESTIGACIÓN Y DESARROLLO EN EL ÁREA DE LA SALUD
ara,2024,sanidad,13378810.95,4132,SERVICIOS DE ATENCIÓN AL USUARIO
ara,2024,sanidad,51868433.35,4134,SALUD PÚBLICA
ara,2024,salud_mental,16110911.37,4133,SALUD MENTAL
ara,2024,,1214697.05,4135,CUIDADOS Y HUMANIZACIÓN
ara,2024,sanidad,849200.62,4111,SERV. GENER. SANIDAD
ara,2024,educacion,95648458.0,4211,"SERVICIOS GENERALES EDUCACIÓN, CULTURA Y DEPORTE"
ara,2024,educacion,733552.53,4229,EVALUACIÓN DE LA CALIDAD DE LA ENSEÑANZA SUPERIOR
ara,2024,educacion,4377196.74,4212,GESTIÓN DE PERSONAL
ara,2024,educacion,8962433.2,4227,FORMACIÓN DEL PROFESORADO
ara,2024,educacion,4336274.77,4220,FORMACIÓN PROFESIONAL
ara,2024,educacion,480198977.73,4221,EDUCACIÓN INFANTIL Y PRIMARIA
ara,2024,educacion,525921433.73,4222,EDUC SECUNDARIA
ara,2024,educacion,97636420.4,4223,EDUCACIÓN ESPECIAL
ara,2024,educacion,34357722.66,4224,ENSEÑANZAS ARTÍSTICAS
ara,2024,educacion,18394397.89,4226,PLAN ARAGONÉS DE FORMACIÓN PROFESIONAL
ara,2024,educacion,221507852.6,4228,EDUCACIÓN UNIVERSITARIA
ara,2024,educacion,3540361.17,4211,"SERVICIOS GENERALES EDUCACIÓN, CULTURA Y DEPORTE"
ara,2024,idi,27799487.33,5423,"INVESTIGACIÓN, DESARROLLO E INNOVACIÓN TECNOLÓGICA"
ara,2024,educacion,14552483.09,4225,EDUCACIÓN PERMANENTE
ara,2024,idi,4181144.37,4231,INNOVACIÓN Y PARTICIPACIÓN
ara,2024,educacion,8896323.39,4232,EQUIDAD
ara,2024,,33533511.24,3111,SERVICIOS GENERALES BIENESTAR SOCIAL Y FAMILIA
ara,2024,igualdad,5854213.94,3133,POLÍTICA INTEGRAL DE APOYO A LAS FAMILIAS Y DE IGUALDAD
ara,2024,igualdad,1163188.76,3137,IGUALDAD DE OPORTUNIDADES
ara,2024,,1109697.23,3138,MAYORES
ara,2024,,2021947.25,1341,COOPERACIÓN AL DESARROLLO
ara,2024,diversidad,1758175.87,3241,APOYO A LA INMIGRACIÓN
ara,2024,,198627.17,3111,SERVICIOS GENERALES BIENESTAR SOCIAL Y FAMILIA
ara,2024,direccion,2555897.66,1218,"SERVICIOS GENERALES DESARROLLO TERRITORIAL, DESPOBLACIÓN Y JUSTICIA"
ara,2024,,8614813.46,1253,ESTRATEGIAS TERRITORIALES
ara,2024,,22410260.14,1260,DESPOBLACIÓN
ara,2024,,93749978.3,1421,SERVICIOS DE ADMINISTRACIÓN DE JUSTICIA
ara,2024,,2043330.2,1422,MINISTERIO FISCAL
ara,2024,direccion,2246950.71,1218,"SERV. GENER. DESARROLLO TERRITORIAL, DESPOBLACIÓN Y JUSTICIA"
ara,2024,turismo,11853205.13,4421,SERV. GENER. MEDIO AMBIENTE Y TURISMO
ara,2024,,2009128.52,4423,GESTIÓN AMBIENTAL
ara,2024,,16045276.86,5121,GESTIÓN E INFRAESTRUCTURA DE RECURSOS HIDRÁULICOS
ara,2024,,60000000.0,6120,FONDO INVERSIONES DE TERUEL
ara,2024,,30646656.88,5332,CONSERVAC. DE LA BIODIVERS Y DESARROLLO SOSTENIBLE
ara,2024,,51144715.32,5331,PROTECCIÓN Y MEJORA DEL MEDIO NATURAL
ara,2024,,20081735.9,4424,CALIDAD AMBIENTAL
ara,2024,,6467498.23,4422,PROTECCIÓN Y MEJORA DEL MEDIO AMBIENTE
ara,2024,turismo,75009305.66,7511,"ORDENACIÓN, PROMOCIÓN Y FOMENTO DEL TURISMO"
ara,2024,turismo,1784321.75,4421,SERV. GENER. MEDIO AMBIENTE Y TURISMO
ara,2024,direccion,2024041.04,9111,TRANSFERENCIAS A ADMINISTRACIONES COMARCALES
ara,2024,direccion,1902013.07,9111,TRANSFERENCIAS A ADMINISTRACIONES COMARCALES
ara,2024,direccion,1841782.41,9111,TRANSFERENCIAS A ADMINISTRACIONES COMARCALES
ara,2024,direccion,2172236.23,9111,TRANSFERENCIAS A ADMINISTRACIONES COMARCALES
ara,2024,direccion,2507429.05,9111,TRANSFERENCIAS A ADMINISTRACIONES COMARCALES
ara,2024,direccion,4048022.15,9111,TRANSFERENCIAS A ADMINISTRACIONES COMARCALES
ara,2024,direccion,2200480.19,9111,TRANSFERENCIAS A ADMINISTRACIONES COMARCALES
ara,2024,direccion,1907022.48,9111,TRANSFERENCIAS A ADMINISTRACIONES COMARCALES
ara,2024,direccion,1788290.93,9111,TRANSFERENCIAS A ADMINISTRACIONES COMARCALES
ara,2024,direccion,1933022.8,9111,TRANSFERENCIAS A ADMINISTRACIONES COMARCALES
ara,2024,direccion,1906663.74,9111,TRANSFERENCIAS A ADMINISTRACIONES COMARCALES
ara,2024,direccion,1595491.51,9111,TRANSFERENCIAS A ADMINISTRACIONES COMARCALES
ara,2024,direccion,1558251.19,9111,TRANSFERENCIAS A ADMINISTRACIONES COMARCALES
ara,2024,direccion,1259467.9,9111,TRANSFERENCIAS A ADMINISTRACIONES COMARCALES
ara,2024,direccion,2166496.41,9111,TRANSFERENCIAS A ADMINISTRACIONES COMARCALES
ara,2024,direccion,2212705.93,9111,TRANSFERENCIAS A ADMINISTRACIONES COMARCALES
ara,2024,direccion,4186644.52,9111,TRANSFERENCIAS A ADMINISTRACIONES COMARCALES
ara,2024,direccion,1306453.58,9111,TRANSFERENCIAS A ADMINISTRACIONES COMARCALES
ara,2024,direccion,1515076.28,9111,TRANSFERENCIAS A ADMINISTRACIONES COMARCALES
ara,2024,direccion,2926457.57,9111,TRANSFERENCIAS A ADMINISTRACIONES COMARCALES
ara,2024,direccion,1401561.92,9111,TRANSFERENCIAS A ADMINISTRACIONES COMARCALES
ara,2024,direccion,1212361.39,9111,TRANSFERENCIAS A ADMINISTRACIONES COMARCALES
ara,2024,direccion,1226880.1,9111,TRANSFERENCIAS A ADMINISTRACIONES COMARCALES
ara,2024,direccion,1409921.5,9111,TRANSFERENCIAS A ADMINISTRACIONES COMARCALES
ara,2024,direccion,1785271.23,9111,TRANSFERENCIAS A ADMINISTRACIONES COMARCALES
ara,2024,direccion,1524864.11,9111,TRANSFERENCIAS A ADMINISTRACIONES COMARCALES
ara,2024,direccion,1335870.12,9111,TRANSFERENCIAS A ADMINISTRACIONES COMARCALES
ara,2024,direccion,2206433.28,9111,TRANSFERENCIAS A ADMINISTRACIONES COMARCALES
ara,2024,direccion,3025959.66,9111,TRANSFERENCIAS A ADMINISTRACIONES COMARCALES
ara,2024,direccion,1216371.86,9111,TRANSFERENCIAS A ADMINISTRACIONES COMARCALES
ara,2024,direccion,1350014.69,9111,TRANSFERENCIAS A ADMINISTRACIONES COMARCALES
ara,2024,direccion,1505729.47,9111,TRANSFERENCIAS A ADMINISTRACIONES COMARCALES
ara,2024,direccion,1362147.58,9111,TRANSFERENCIAS A ADMINISTRACIONES COMARCALES
ara,2024,,40000000.0,6129,FONDO DE CONTINGENCIA DE EJECUCIÓN PRESUPUESTARIA
ara,2024,,154374179.56,6128,FONDO DE GASTOS DE PERSONAL
ara,2024,,1232560613.82,0111,AMORTIZACIÓN Y GASTOS FINANCIEROS DE LA DEUDA
ara,2024,direccion,100000.0,6314,GESTIÓN DE TESORERÍA
ara,2024,,10373034.61,6122,PROMOCIÓN Y DESARROLLO ECONÓMICO
ara,2024,,590000.0,1260,DESPOBLACIÓN
ara,2024,vivienda,2000000.0,4312,GESTIÓN SOCIAL DE LA VIVIENDA
ara,2024,turismo,350000.0,4421,SERV. GENER. MEDIO AMBIENTE Y TURISMO
ara,2024,,100000.0,4571,FOMENTO Y APOYO A LA ACTIVIDAD DEPORTIVA
ara,2024,,3150000.0,4582,PROTECCIÓN DEL PATRIMONIO CULTURAL
ara,2024,,3000000.0,5121,GESTIÓN E INFRAESTRUCTURA DE RECURSOS HIDRÁULICOS
ara,2024,,710000.0,5131,CARRETERAS
ara,2024,,200000.0,5332,CONSERVAC. DE LA BIODIVERS Y DESARROLLO SOSTENIBLE
ara,2024,,10610000.0,6122,PROMOCIÓN Y DESARROLLO ECONÓMICO
ara,2024,empleo,157761887.43,3221,FOMENTO DEL EMPLEO. INSTITUTO ARAGONÉS DE EMPLEO
ara,2024,sanidad,2585125202.72,4121,ASISTENCIA SANITARIA
ara,2024,,455841324.51,3132,GESTIÓN Y DESARROLLO DE LOS SERVICIOS SOCIALES
ara,2024,igualdad,9207948.7,3232,PROMOCIÓN DE LA MUJER
ara,2024,,8602984.85,3231,PROMOCIÓN DE LA JUVENTUD
ara,2024,,19135118.07,1265,SERVICIOS TELEMÁTICOS
ara,2024,,92781568.1,5121,GESTIÓN E INFRAESTRUCTURA DE RECURSOS HIDRÁULICOS
ara,2024,sanidad,16292051.44,5425,INVESTIGACIÓN Y DESARROLLO EN EL ÁREA DE LA SALUD
ara,2024,idi,17421417.59,5421,INVESTIGACIÓN AGROALIMENTARIA
ara,2024,,6599128.52,4423,GESTIÓN AMBIENTAL
ara,2024,sanidad,11366180.11,4124,PRODUCC. COMPONENTES SANGUÍNEOS Y DE TEJIDOS
ara,2024,educacion,753552.53,4229,EVALUACIÓN DE LA CALIDAD DE LA ENSEÑANZA SUPERIOR
ara,2024,,59306723.64,6126,APOYO AL DESARROLLO ECONÓMICO Y SOCIAL
ara,2025,direccion,21513268.31,1111,CORTES DE ARAGÓN (ACTIVIDAD LEGISLATIVA)
ara,2025,direccion,1403752.78,1113,ALJAFERÍA
ara,2025,direccion,2209827.17,1112,ACTUACIONES DEL JUSTICIA DE ARAGÓN
ara,2025,direccion,4024983.22,1114,ACTUACIONES DE LA CÁMARA DE CUENTAS DE ARAGÓN
ara,2025,direccion,2511040.74,1121,PRESIDENCIA Y ÓRGANOS DE LA PRESIDENCIA
ara,2025,direccion,350077.15,1121,PRESIDENCIA Y ÓRGANOS DE LA PRESIDENCIA
ara,2025,direccion,399596.95,1125,CONSEJO CONSULTIVO DE ARAGÓN
ara,2025,direccion,3114.0,1125,CONSEJO CONSULTIVO DE ARAGÓN
ara,2025,direccion,282783.82,1124,TRIBUNAL ADMINISTRATIVO DE CONTRATOS PÚBLICOS DE ARAGÓN
ara,2025,,594241.06,3229,CONSEJO ECONÓMICO Y SOCIAL DE ARAGÓN
ara,2025,,4292.94,3229,CONSEJO ECONÓMICO Y SOCIAL DE ARAGÓN
ara,2025,direccion,7993377.95,1211,"SERVICIOS GENERALES DE PRESIDENCIA, INTERIOR Y CULTURA"
ara,2025,,399809.84,1216,COMUNIDADES ARAGONESAS EN EL EXTERIOR
ara,2025,direccion,2935220.84,1263,SERVICIOS JURÍDICOS
ara,2025,direccion,33573776.1,1251,APOYO A LA ADMINISTRACIÓN LOCAL
ara,2025,direccion,21882134.03,1252,POLÍTICA TERRITORIAL
ara,2025,,8800.0,1216,COMUNIDADES ARAGONESAS EN EL EXTERIOR
ara,2025,direccion,657182.7,1217,RELACIONES INSTITUCIONALES
ara,2025,,50800000.0,1266,TELEVISIÓN Y RADIO AUTONÓMICAS
ara,2025,direccion,1117992.32,1268,INFORMACIÓN Y PARTICIPACIÓN CIUDADANA
ara,2025,direccion,885500.91,1311,ACTUACIONES DE RELACIONES EXTERIORES
ara,2025,direccion,12000.0,4631,ELECCIONES INSTITUCIONALES
ara,2025,direccion,1839056.44,1261,SERVICIOS DE COORDINACIÓN ADMINISTRATIVA EN HUESCA
ara,2025,direccion,2147875.37,1262,SERVICIOS DE COORDINACIÓN ADMINISTRATIVA EN TERUEL
ara,2025,direccion,12868486.61,1213,SERVICIOS DE SEGURIDAD Y PROTECCIÓN CIVIL
ara,2025,direccion,1620836.75,1215,SERVICIOS DE INTERIOR
ara,2025,direccion,1473255.55,1219,UNIDAD POLICÍA NACIONAL ADSCRITA A LA C.AUTÓNOMA
ara,2025,direccion,881000.0,1259,COOPERACIÓN CON LA POLICÍA LOCAL
ara,2025,,13347137.57,4571,FOMENTO Y APOYO A LA ACTIVIDAD DEPORTIVA
ara,2025,direccion,2165536.97,1211,"SERVICIOS GENERALES DE PRESIDENCIA, INTERIOR Y CULTURA"
ara,2025,,14801275.78,4521,"ARCHIVOS, MUSEOS Y BIBLIOTECAS"
ara,2025,,5284780.1,4581,PROMOCIÓN DE LA CULTURA
ara,2025,,8681111.72,4582,PROTECCIÓN DEL PATRIMONIO CULTURAL
ara,2025,direccion,670921.69,1267,ACTUACIONES RELATIVAS AL DESARROLLO ESTATUTARIO
ara,2025,direccion,3487814.12,6111,SERVICIOS GENENERALES DE HACIENDA Y ADMINISTRACIÓN PÚBLICA
ara,2025,direccion,1002296.9,6121,PLANIFICACIÓN Y DIRECCIÓN PRESUPUESTARIA
ara,2025,direccion,1177618.05,6314,GESTIÓN DE TESORERÍA
ara,2025,direccion,8474398.34,1212,"SERVICIOS CENTRALES, EDIFICIOS E INSTALACIONES"
ara,2025,direccion,2114564.15,1264,INFORMACIÓN CIUDADANA Y DOCUMENTACIÓN ADMINISTRATIVA
ara,2025,direccion,3914099.05,6313,GESTIÓN DEL PATRIMONIO
ara,2025,direccion,40500.0,6411,JTA CONSULTIVA CONTRATACIÓN ADMTVA Y REGISTROS
ara,2025,direccion,3418514.31,6412,CONTRATACIÓN PÚBLICA
ara,2025,direccion,10385489.69,6312,CONTROL INTERNO Y CONTABILIDAD
ara,2025,,14557406.52,6311,GESTIÓN E INSPECCIÓN DE TRIBUTOS
ara,2025,,8763590.65,1221,DIRECCIÓN Y ADMINISTRACIÓN DE LA FUNCIÓN PÚBLICA
ara,2025,,2033586.47,1231,"SELECCIÓN, FORMACIÓN Y PERFECCIONAMIENTO PERSONAL"
ara,2025,,12077624.53,1265,SERVICIOS TELEMÁTICOS
ara,2025,idi,13863534.4,5424,INVESTIGACIÓN Y DLLO. SOCIEDAD DE LA INFORMACIÓN
ara,2025,,11891944.09,5426,ADMINISTRACIÓN ELECTRÓNICA
ara,2025,,2209744.57,6152,ACTUACIONES RELATIVAS A PROGRAMAS EUROPEOS
ara,2025,direccion,2574916.4,6111,SERVICIOS GENERALES DE HACIENDA Y ADMINISTRACIÓN PÚBLICA
ara,2025,vivienda,12522085.96,5111,"SERVICIOS GENERALES FOMENTO, VIVIENDA, MOVILIDAD Y LOGÍSTICA"
ara,2025,,1461142.76,5141,PLANIFICACIÓN ESTRATÉGICA Y LOGÍSTICA
ara,2025,,3995909.81,4321,URBANISMO
ara,2025,,80262479.52,5131,CARRETERAS
ara,2025,vivienda,38454436.3,4312,GESTIÓN SOCIAL DE LA VIVIENDA
ara,2025,,45900180.43,5132,TRANSPORTES
ara,2025,vivienda,899798.71,5111,"SERVICIOS GENERALES FOMENTO, VIVIENDA, MOVILIDAD Y LOGÍSTICA"
ara,2025,idi,10515368.0,5421,INVESTIGACIÓN AGROALIMENTARIA
ara,2025,soberania,16891948.54,7111,"SERV.GEN. AGRICULTURA, GANADERÍA Y MEDIO AMBIENTE"
ara,2025,soberania,35350714.12,7122,COORDINACIÓN Y GESTIÓN DE SERVICIOS AGROAMBIENTALES
ara,2025,soberania,465005694.81,7123,PRODUCCIÓN AGRARIA Y GESTIÓN DE AYUDAS
ara,2025,soberania,23860213.35,7161,CALIDAD Y SEGURIDAD ALIMENTARIA
ara,2025,soberania,131207571.92,5311,MEJORA DE ESTRUCTURAS AGRARIAS Y DESARROLLO RURAL
ara,2025,soberania,58448289.42,7121,DESARROLLO AGROALIMENTARIO Y FOMENTO ASOCIATIVO
ara,2025,soberania,1453505.65,7129,CAZA Y PESCA
ara,2025,soberania,2829666.64,7111,"SERVICIOS GENERALES AGRICULTURA, GANADERÍA Y ALIMENTACIÓN"
ara,2025,idi,3200000.0,5422,INVESTIGACIÓN Y TECNOLOGÍA APLICADA A LA INDUSTRIA
ara,2025,empleo,10084364.69,6112,"SERV. GENERALES ECONOMÍA, PLANIFICACIÓN Y EMPLEO"
ara,2025,,14085119.4,6126,APOYO AL DESARROLLO ECONÓMICO Y SOCIAL
ara,2025,,1420777.3,5511,ELABORACIÓN Y DIFUSIÓN ESTADÍSTICA
ara,2025,,12237774.02,6122,PROMOCIÓN Y DESARROLLO ECONÓMICO
ara,2025,,7981964.85,6125,PLANIFICACIÓN ECONÓMICA
ara,2025,,666873.41,6315,ESTUDIOS ECONÓMICOS Y REGULACIÓN
ara,2025,,43000.0,6421,ACTUACIONES EN MATERIA DE DEFENSA DE COMPETENCIA
ara,2025,,7889970.14,3151,RELACIONES LABORALES
ara,2025,idi,207000.0,5422,INVESTIGACIÓN Y TECNOLOGÍA APLICADA A LA INDUSTRIA
ara,2025,,5437944.61,7221,ACTUACIONES ADMINISTRATIVAS SOBRE INDUSTRIA
ara,2025,,20660198.3,7231,FOMENTO INDUSTRIAL
ara,2025,,9811915.54,6221,ORDENACIÓN Y PROMOCIÓN COMERCIAL
ara,2025,,986400.0,6231,COMERCIO EXTERIOR Y RELACIONES ECONÓMICAS INTER
ara,2025,,10530775.01,6123,PLAN MINERÍA DEL CARBÓN Y DLLO ALTERNAT COM.MIN
ara,2025,,103953434.31,7311,FOMENTO Y GESTIÓN ENERGÉTICA
ara,2025,,1564706.4,7312,APOYO A LA MINERÍA
ara,2025,,2985784.61,4431,CONTROL DEL CONSUMO
ara,2025,,3441388.46,7232,APOYO A PYMES Y AUTÓNOMOS
ara,2025,empleo,1051215.25,6112,"SERVICIOS GENERALES ECONOMÍA, EMPLEO E INDUSTRIA"
ara,2025,sanidad,14872592.72,4111,SERVICIOS GENERALES SANIDAD
ara,2025,sanidad,67486561.28999996,4131,PROTECCIÓN Y PROMOCIÓN DE LA SALUD
ara,2025,sanidad,10755725.63,5425,INVESTIGACIÓN Y DESARROLLO EN EL ÁREA DE LA SALUD
ara,2025,sanidad,13378810.95,4132,SERVICIOS DE ATENCIÓN AL USUARIO
ara,2025,sanidad,51868433.35,4134,SALUD PÚBLICA
ara,2025,salud_mental,16110911.37,4133,SALUD MENTAL
ara,2025,,1214697.05,4135,CUIDADOS Y HUMANIZACIÓN
ara,2025,sanidad,849200.62,4111,SERV. GENER. SANIDAD
ara,2025,educacion,95648458.0,4211,"SERVICIOS GENERALES EDUCACIÓN, CULTURA Y DEPORTE"
ara,2025,educacion,733552.53,4229,EVALUACIÓN DE LA CALIDAD DE LA ENSEÑANZA SUPERIOR
ara,2025,educacion,4377196.74,4212,GESTIÓN DE PERSONAL
ara,2025,educacion,8962433.2,4227,FORMACIÓN DEL PROFESORADO
ara,2025,educacion,4336274.77,4220,FORMACIÓN PROFESIONAL
ara,2025,educacion,480198977.73,4221,EDUCACIÓN INFANTIL Y PRIMARIA
ara,2025,educacion,525921433.73,4222,EDUC SECUNDARIA
ara,2025,educacion,97636420.4,4223,EDUCACIÓN ESPECIAL
ara,2025,educacion,34357722.66,4224,ENSEÑANZAS ARTÍSTICAS
ara,2025,educacion,18394397.89,4226,PLAN ARAGONÉS DE FORMACIÓN PROFESIONAL
ara,2025,educacion,221507852.6,4228,EDUCACIÓN UNIVERSITARIA
ara,2025,educacion,3540361.17,4211,"SERVICIOS GENERALES EDUCACIÓN, CULTURA Y DEPORTE"
ara,2025,idi,27799487.33,5423,"INVESTIGACIÓN, DESARROLLO E INNOVACIÓN TECNOLÓGICA"
ara,2025,educacion,14552483.09,4225,EDUCACIÓN PERMANENTE
ara,2025,idi,4181144.37,4231,INNOVACIÓN Y PARTICIPACIÓN
ara,2025,educacion,8896323.39,4232,EQUIDAD
ara,2025,,33533511.24,3111,SERVICIOS GENERALES BIENESTAR SOCIAL Y FAMILIA
ara,2025,igualdad,5854213.94,3133,POLÍTICA INTEGRAL DE APOYO A LAS FAMILIAS Y DE IGUALDAD
ara,2025,igualdad,1163188.76,3137,IGUALDAD DE OPORTUNIDADES
ara,2025,,1109697.23,3138,MAYORES
ara,2025,,2021947.25,1341,COOPERACIÓN AL DESARROLLO
ara,2025,diversidad,1758175.87,3241,APOYO A LA INMIGRACIÓN
ara,2025,,198627.17,3111,SERVICIOS GENERALES BIENESTAR SOCIAL Y FAMILIA
ara,2025,direccion,2555897.66,1218,"SERVICIOS GENERALES DESARROLLO TERRITORIAL, DESPOBLACIÓN Y JUSTICIA"
ara,2025,,8614813.46,1253,ESTRATEGIAS TERRITORIALES
ara,2025,,22410260.14,1260,DESPOBLACIÓN
ara,2025,,93749978.3,1421,SERVICIOS DE ADMINISTRACIÓN DE JUSTICIA
ara,2025,,2043330.2,1422,MINISTERIO FISCAL
ara,2025,direccion,2246950.71,1218,"SERV. GENER. DESARROLLO TERRITORIAL, DESPOBLACIÓN Y JUSTICIA"
ara,2025,turismo,11853205.13,4421,SERV. GENER. MEDIO AMBIENTE Y TURISMO
ara,2025,,2009128.52,4423,GESTIÓN AMBIENTAL
ara,2025,,16045276.86,5121,GESTIÓN E INFRAESTRUCTURA DE RECURSOS HIDRÁULICOS
ara,2025,,60000000.0,6120,FONDO INVERSIONES DE TERUEL
ara,2025,,30646656.88,5332,CONSERVAC. DE LA BIODIVERS Y DESARROLLO SOSTENIBLE
ara,2025,,51144715.32,5331,PROTECCIÓN Y MEJORA DEL MEDIO NATURAL
ara,2025,,20081735.9,4424,CALIDAD AMBIENTAL
ara,2025,,6467498.23,4422,PROTECCIÓN Y MEJORA DEL MEDIO AMBIENTE
ara,2025,turismo,75009305.66,7511,"ORDENACIÓN, PROMOCIÓN Y FOMENTO DEL TURISMO"
ara,2025,turismo,1784321.75,4421,SERV. GENER. MEDIO AMBIENTE Y TURISMO
ara,2025,direccion,2024041.04,9111,TRANSFERENCIAS A ADMINISTRACIONES COMARCALES
ara,2025,direccion,1902013.07,9111,TRANSFERENCIAS A ADMINISTRACIONES COMARCALES
ara,2025,direccion,1841782.41,9111,TRANSFERENCIAS A ADMINISTRACIONES COMARCALES
ara,2025,direccion,2172236.23,9111,TRANSFERENCIAS A ADMINISTRACIONES COMARCALES
ara,2025,direccion,2507429.05,9111,TRANSFERENCIAS A ADMINISTRACIONES COMARCALES
ara,2025,direccion,4048022.15,9111,TRANSFERENCIAS A ADMINISTRACIONES COMARCALES
ara,2025,direccion,2200480.19,9111,TRANSFERENCIAS A ADMINISTRACIONES COMARCALES
ara,2025,direccion,1907022.48,9111,TRANSFERENCIAS A ADMINISTRACIONES COMARCALES
ara,2025,direccion,1788290.93,9111,TRANSFERENCIAS A ADMINISTRACIONES COMARCALES
ara,2025,direccion,1933022.8,9111,TRANSFERENCIAS A ADMINISTRACIONES COMARCALES
ara,2025,direccion,1906663.74,9111,TRANSFERENCIAS A ADMINISTRACIONES COMARCALES
ara,2025,direccion,1595491.51,9111,TRANSFERENCIAS A ADMINISTRACIONES COMARCALES
ara,2025,direccion,1558251.19,9111,TRANSFERENCIAS A ADMINISTRACIONES COMARCALES
ara,2025,direccion,1259467.9,9111,TRANSFERENCIAS A ADMINISTRACIONES COMARCALES
ara,2025,direccion,2166496.41,9111,TRANSFERENCIAS A ADMINISTRACIONES COMARCALES
ara,2025,direccion,2212705.93,9111,TRANSFERENCIAS A ADMINISTRACIONES COMARCALES
ara,2025,direccion,4186644.52,9111,TRANSFERENCIAS A ADMINISTRACIONES COMARCALES
ara,2025,direccion,1306453.58,9111,TRANSFERENCIAS A ADMINISTRACIONES COMARCALES
ara,2025,direccion,1515076.28,9111,TRANSFERENCIAS A ADMINISTRACIONES COMARCALES
ara,2025,direccion,2926457.57,9111,TRANSFERENCIAS A ADMINISTRACIONES COMARCALES
ara,2025,direccion,1401561.92,9111,TRANSFERENCIAS A ADMINISTRACIONES COMARCALES
ara,2025,direccion,1212361.39,9111,TRANSFERENCIAS A ADMINISTRACIONES COMARCALES
ara,2025,direccion,1226880.1,9111,TRANSFERENCIAS A ADMINISTRACIONES COMARCALES
ara,2025,direccion,1409921.5,9111,TRANSFERENCIAS A ADMINISTRACIONES COMARCALES
ara,2025,direccion,1785271.23,9111,TRANSFERENCIAS A ADMINISTRACIONES COMARCALES
ara,2025,direccion,1524864.11,9111,TRANSFERENCIAS A ADMINISTRACIONES COMARCALES
ara,2025,direccion,1335870.12,9111,TRANSFERENCIAS A ADMINISTRACIONES COMARCALES
ara,2025,direccion,2206433.28,9111,TRANSFERENCIAS A ADMINISTRACIONES COMARCALES
ara,2025,direccion,3025959.66,9111,TRANSFERENCIAS A ADMINISTRACIONES COMARCALES
ara,2025,direccion,1216371.86,9111,TRANSFERENCIAS A ADMINISTRACIONES COMARCALES
ara,2025,direccion,1350014.69,9111,TRANSFERENCIAS A ADMINISTRACIONES COMARCALES
ara,2025,direccion,1505729.47,9111,TRANSFERENCIAS A ADMINISTRACIONES COMARCALES
ara,2025,direccion,1362147.58,9111,TRANSFERENCIAS A ADMINISTRACIONES COMARCALES
ara,2025,,40000000.0,6129,FONDO DE CONTINGENCIA DE EJECUCIÓN PRESUPUESTARIA
ara,2025,,154374179.56,6128,FONDO DE GASTOS DE PERSONAL
ara,2025,,1232560613.82,0111,AMORTIZACIÓN Y GASTOS FINANCIEROS DE LA DEUDA
ara,2025,direccion,100000.0,6314,GESTIÓN DE TESORERÍA
ara,2025,,10373034.61,6122,PROMOCIÓN Y DESARROLLO ECONÓMICO
ara,2025,,590000.0,1260,DESPOBLACIÓN
ara,2025,vivienda,2000000.0,4312,GESTIÓN SOCIAL DE LA VIVIENDA
ara,2025,turismo,350000.0,4421,SERV. GENER. MEDIO AMBIENTE Y TURISMO
ara,2025,,100000.0,4571,FOMENTO Y APOYO A LA ACTIVIDAD DEPORTIVA
ara,2025,,3150000.0,4582,PROTECCIÓN DEL PATRIMONIO CULTURAL
ara,2025,,3000000.0,5121,GESTIÓN E INFRAESTRUCTURA DE RECURSOS HIDRÁULICOS
ara,2025,,710000.0,5131,CARRETERAS
ara,2025,,200000.0,5332,CONSERVAC. DE LA BIODIVERS Y DESARROLLO SOSTENIBLE
ara,2025,,10610000.0,6122,PROMOCIÓN Y DESARROLLO ECONÓMICO
ara,2025,empleo,157761887.43,3221,FOMENTO DEL EMPLEO. INSTITUTO ARAGONÉS DE EMPLEO
ara,2025,sanidad,2585125202.72,4121,ASISTENCIA SANITARIA
ara,2025,,455841324.51,3132,GESTIÓN Y DESARROLLO DE LOS SERVICIOS SOCIALES
ara,2025,igualdad,9207948.7,3232,PROMOCIÓN DE LA MUJER
ara,2025,,8602984.85,3231,PROMOCIÓN DE LA JUVENTUD
ara,2025,,19135118.07,1265,SERVICIOS TELEMÁTICOS
ara,2025,,92781568.1,5121,GESTIÓN E INFRAESTRUCTURA DE RECURSOS HIDRÁULICOS
ara,2025,sanidad,16292051.44,5425,INVESTIGACIÓN Y DESARROLLO EN EL ÁREA DE LA SALUD
ara,2025,idi,17421417.59,5421,INVESTIGACIÓN AGROALIMENTARIA
ara,2025,,6599128.52,4423,GESTIÓN AMBIENTAL
ara,2025,sanidad,11366180.11,4124,PRODUCC. COMPONENTES SANGUÍNEOS Y DE TEJIDOS
ara,2025,educacion,753552.53,4229,EVALUACIÓN DE LA CALIDAD DE LA ENSEÑANZA SUPERIOR
ara,2025,,59306723.64,6126,APOYO AL DESARROLLO ECONÓMICO Y SOCIAL
ara,2026,direccion,21513268.31,1111,CORTES DE ARAGÓN (ACTIVIDAD LEGISLATIVA)
ara,2026,direccion,1403752.78,1113,ALJAFERÍA
ara,2026,direccion,2209827.17,1112,ACTUACIONES DEL JUSTICIA DE ARAGÓN
ara,2026,direccion,4024983.22,1114,ACTUACIONES DE LA CÁMARA DE CUENTAS DE ARAGÓN
ara,2026,direccion,2511040.74,1121,PRESIDENCIA Y ÓRGANOS DE LA PRESIDENCIA
ara,2026,direccion,350077.15,1121,PRESIDENCIA Y ÓRGANOS DE LA PRESIDENCIA
ara,2026,direccion,399596.95,1125,CONSEJO CONSULTIVO DE ARAGÓN
ara,2026,direccion,3114.0,1125,CONSEJO CONSULTIVO DE ARAGÓN
ara,2026,direccion,282783.82,1124,TRIBUNAL ADMINISTRATIVO DE CONTRATOS PÚBLICOS DE ARAGÓN
ara,2026,,594241.06,3229,CONSEJO ECONÓMICO Y SOCIAL DE ARAGÓN
ara,2026,,4292.94,3229,CONSEJO ECONÓMICO Y SOCIAL DE ARAGÓN
ara,2026,direccion,7993377.95,1211,"SERVICIOS GENERALES DE PRESIDENCIA, INTERIOR Y CULTURA"
ara,2026,,399809.84,1216,COMUNIDADES ARAGONESAS EN EL EXTERIOR
ara,2026,direccion,2935220.84,1263,SERVICIOS JURÍDICOS
ara,2026,direccion,33573776.1,1251,APOYO A LA ADMINISTRACIÓN LOCAL
ara,2026,direccion,21882134.03,1252,POLÍTICA TERRITORIAL
ara,2026,,8800.0,1216,COMUNIDADES ARAGONESAS EN EL EXTERIOR
ara,2026,direccion,657182.7,1217,RELACIONES INSTITUCIONALES
ara,2026,,50800000.0,1266,TELEVISIÓN Y RADIO AUTONÓMICAS
ara,2026,direccion,1117992.32,1268,INFORMACIÓN Y PARTICIPACIÓN CIUDADANA
ara,2026,direccion,885500.91,1311,ACTUACIONES DE RELACIONES EXTERIORES
ara,2026,direccion,12000.0,4631,ELECCIONES INSTITUCIONALES
ara,2026,direccion,1839056.44,1261,SERVICIOS DE COORDINACIÓN ADMINISTRATIVA EN HUESCA
ara,2026,direccion,2147875.37,1262,SERVICIOS DE COORDINACIÓN ADMINISTRATIVA EN TERUEL
ara,2026,direccion,12868486.61,1213,SERVICIOS DE SEGURIDAD Y PROTECCIÓN CIVIL
ara,2026,direccion,1620836.75,1215,SERVICIOS DE INTERIOR
ara,2026,direccion,1473255.55,1219,UNIDAD POLICÍA NACIONAL ADSCRITA A LA C.AUTÓNOMA
ara,2026,direccion,881000.0,1259,COOPERACIÓN CON LA POLICÍA LOCAL
ara,2026,,13347137.57,4571,FOMENTO Y APOYO A LA ACTIVIDAD DEPORTIVA
ara,2026,direccion,2165536.97,1211,"SERVICIOS GENERALES DE PRESIDENCIA, INTERIOR Y CULTURA"
ara,2026,,14801275.78,4521,"ARCHIVOS, MUSEOS Y BIBLIOTECAS"
ara,2026,,5284780.1,4581,PROMOCIÓN DE LA CULTURA
ara,2026,,8681111.72,4582,PROTECCIÓN DEL PATRIMONIO CULTURAL
ara,2026,direccion,670921.69,1267,ACTUACIONES RELATIVAS AL DESARROLLO ESTATUTARIO
ara,2026,direccion,3487814.12,6111,SERVICIOS GENENERALES DE HACIENDA Y ADMINISTRACIÓN PÚBLICA
ara,2026,direccion,1002296.9,6121,PLANIFICACIÓN Y DIRECCIÓN PRESUPUESTARIA
ara,2026,direccion,1177618.05,6314,GESTIÓN DE TESORERÍA
ara,2026,direccion,8474398.34,1212,"SERVICIOS CENTRALES, EDIFICIOS E INSTALACIONES"
ara,2026,direccion,2114564.15,1264,INFORMACIÓN CIUDADANA Y DOCUMENTACIÓN ADMINISTRATIVA
ara,2026,direccion,3914099.05,6313,GESTIÓN DEL PATRIMONIO
ara,2026,direccion,40500.0,6411,JTA CONSULTIVA CONTRATACIÓN ADMTVA Y REGISTROS
ara,2026,direccion,3418514.31,6412,CONTRATACIÓN PÚBLICA
ara,2026,direccion,10385489.69,6312,CONTROL INTERNO Y CONTABILIDAD
ara,2026,,14557406.52,6311,GESTIÓN E INSPECCIÓN DE TRIBUTOS
ara,2026,,8763590.65,1221,DIRECCIÓN Y ADMINISTRACIÓN DE LA FUNCIÓN PÚBLICA
ara,2026,,2033586.47,1231,"SELECCIÓN, FORMACIÓN Y PERFECCIONAMIENTO PERSONAL"
ara,2026,,12077624.53,1265,SERVICIOS TELEMÁTICOS
ara,2026,idi,13863534.4,5424,INVESTIGACIÓN Y DLLO. SOCIEDAD DE LA INFORMACIÓN
ara,2026,,11891944.09,5426,ADMINISTRACIÓN ELECTRÓNICA
ara,2026,,2209744.57,6152,ACTUACIONES RELATIVAS A PROGRAMAS EUROPEOS
ara,2026,direccion,2574916.4,6111,SERVICIOS GENERALES DE HACIENDA Y ADMINISTRACIÓN PÚBLICA
ara,2026,vivienda,12522085.96,5111,"SERVICIOS GENERALES FOMENTO, VIVIENDA, MOVILIDAD Y LOGÍSTICA"
ara,2026,,1461142.76,5141,PLANIFICACIÓN ESTRATÉGICA Y LOGÍSTICA
ara,2026,,3995909.81,4321,URBANISMO
ara,2026,,80262479.52,5131,CARRETERAS
ara,2026,vivienda,38454436.3,4312,GESTIÓN SOCIAL DE LA VIVIENDA
ara,2026,,45900180.43,5132,TRANSPORTES
ara,2026,vivienda,899798.71,5111,"SERVICIOS GENERALES FOMENTO, VIVIENDA, MOVILIDAD Y LOGÍSTICA"
ara,2026,idi,10515368.0,5421,INVESTIGACIÓN AGROALIMENTARIA
ara,2026,soberania,16891948.54,7111,"SERV.GEN. AGRICULTURA, GANADERÍA Y MEDIO AMBIENTE"
ara,2026,soberania,35350714.12,7122,COORDINACIÓN Y GESTIÓN DE SERVICIOS AGROAMBIENTALES
ara,2026,soberania,465005694.81,7123,PRODUCCIÓN AGRARIA Y GESTIÓN DE AYUDAS
ara,2026,soberania,23860213.35,7161,CALIDAD Y SEGURIDAD ALIMENTARIA
ara,2026,soberania,131207571.92,5311,MEJORA DE ESTRUCTURAS AGRARIAS Y DESARROLLO RURAL
ara,2026,soberania,58448289.42,7121,DESARROLLO AGROALIMENTARIO Y FOMENTO ASOCIATIVO
ara,2026,soberania,1453505.65,7129,CAZA Y PESCA
ara,2026,soberania,2829666.64,7111,"SERVICIOS GENERALES AGRICULTURA, GANADERÍA Y ALIMENTACIÓN"
ara,2026,idi,3200000.0,5422,INVESTIGACIÓN Y TECNOLOGÍA APLICADA A LA INDUSTRIA
ara,2026,empleo,10084364.69,6112,"SERV. GENERALES ECONOMÍA, PLANIFICACIÓN Y EMPLEO"
ara,2026,,14085119.4,6126,APOYO AL DESARROLLO ECONÓMICO Y SOCIAL
ara,2026,,1420777.3,5511,ELABORACIÓN Y DIFUSIÓN ESTADÍSTICA
ara,2026,,12237774.02,6122,PROMOCIÓN Y DESARROLLO ECONÓMICO
ara,2026,,7981964.85,6125,PLANIFICACIÓN ECONÓMICA
ara,2026,,666873.41,6315,ESTUDIOS ECONÓMICOS Y REGULACIÓN
ara,2026,,43000.0,6421,ACTUACIONES EN MATERIA DE DEFENSA DE COMPETENCIA
ara,2026,,7889970.14,3151,RELACIONES LABORALES
ara,2026,idi,207000.0,5422,INVESTIGACIÓN Y TECNOLOGÍA APLICADA A LA INDUSTRIA
ara,2026,,5437944.61,7221,ACTUACIONES ADMINISTRATIVAS SOBRE INDUSTRIA
ara,2026,,20660198.3,7231,FOMENTO INDUSTRIAL
ara,2026,,9811915.54,6221,ORDENACIÓN Y PROMOCIÓN COMERCIAL
ara,2026,,986400.0,6231,COMERCIO EXTERIOR Y RELACIONES ECONÓMICAS INTER
ara,2026,,10530775.01,6123,PLAN MINERÍA DEL CARBÓN Y DLLO ALTERNAT COM.MIN
ara,2026,,103953434.31,7311,FOMENTO Y GESTIÓN ENERGÉTICA
ara,2026,,1564706.4,7312,APOYO A LA MINERÍA
ara,2026,,2985784.61,4431,CONTROL DEL CONSUMO
ara,2026,,3441388.46,7232,APOYO A PYMES Y AUTÓNOMOS
ara,2026,empleo,1051215.25,6112,"SERVICIOS GENERALES ECONOMÍA, EMPLEO E INDUSTRIA"
ara,2026,sanidad,14872592.72,4111,SERVICIOS GENERALES SANIDAD
ara,2026,sanidad,67486561.28999996,4131,PROTECCIÓN Y PROMOCIÓN DE LA SALUD
ara,2026,sanidad,10755725.63,5425,INVESTIGACIÓN Y DESARROLLO EN EL ÁREA DE LA SALUD
ara,2026,sanidad,13378810.95,4132,SERVICIOS DE ATENCIÓN AL USUARIO
ara,2026,sanidad,51868433.35,4134,SALUD PÚBLICA
ara,2026,salud_mental,16110911.37,4133,SALUD MENTAL
ara,2026,,1214697.05,4135,CUIDADOS Y HUMANIZACIÓN
ara,2026,sanidad,849200.62,4111,SERV. GENER. SANIDAD
ara,2026,educacion,95648458.0,4211,"SERVICIOS GENERALES EDUCACIÓN, CULTURA Y DEPORTE"
ara,2026,educacion,733552.53,4229,EVALUACIÓN DE LA CALIDAD DE LA ENSEÑANZA SUPERIOR
ara,2026,educacion,4377196.74,4212,GESTIÓN DE PERSONAL
ara,2026,educacion,8962433.2,4227,FORMACIÓN DEL PROFESORADO
ara,2026,educacion,4336274.77,4220,FORMACIÓN PROFESIONAL
ara,2026,educacion,480198977.73,4221,EDUCACIÓN INFANTIL Y PRIMARIA
ara,2026,educacion,525921433.73,4222,EDUC SECUNDARIA
ara,2026,educacion,97636420.4,4223,EDUCACIÓN ESPECIAL
ara,2026,educacion,34357722.66,4224,ENSEÑANZAS ARTÍSTICAS
ara,2026,educacion,18394397.89,4226,PLAN ARAGONÉS DE FORMACIÓN PROFESIONAL
ara,2026,educacion,221507852.6,4228,EDUCACIÓN UNIVERSITARIA
ara,2026,educacion,3540361.17,4211,"SERVICIOS GENERALES EDUCACIÓN, CULTURA Y DEPORTE"
ara,2026,idi,27799487.33,5423,"INVESTIGACIÓN, DESARROLLO E INNOVACIÓN TECNOLÓGICA"
ara,2026,educacion,14552483.09,4225,EDUCACIÓN PERMANENTE
ara,2026,idi,4181144.37,4231,INNOVACIÓN Y PARTICIPACIÓN
ara,2026,educacion,8896323.39,4232,EQUIDAD
ara,2026,,33533511.24,3111,SERVICIOS GENERALES BIENESTAR SOCIAL Y FAMILIA
ara,2026,igualdad,5854213.94,3133,POLÍTICA INTEGRAL DE APOYO A LAS FAMILIAS Y DE IGUALDAD
ara,2026,igualdad,1163188.76,3137,IGUALDAD DE OPORTUNIDADES
ara,2026,,1109697.23,3138,MAYORES
ara,2026,,2021947.25,1341,COOPERACIÓN AL DESARROLLO
ara,2026,diversidad,1758175.87,3241,APOYO A LA INMIGRACIÓN
ara,2026,,198627.17,3111,SERVICIOS GENERALES BIENESTAR SOCIAL Y FAMILIA
ara,2026,direccion,2555897.66,1218,"SERVICIOS GENERALES DESARROLLO TERRITORIAL, DESPOBLACIÓN Y JUSTICIA"
ara,2026,,8614813.46,1253,ESTRATEGIAS TERRITORIALES
ara,2026,,22410260.14,1260,DESPOBLACIÓN
ara,2026,,93749978.3,1421,SERVICIOS DE ADMINISTRACIÓN DE JUSTICIA
ara,2026,,2043330.2,1422,MINISTERIO FISCAL
ara,2026,direccion,2246950.71,1218,"SERV. GENER. DESARROLLO TERRITORIAL, DESPOBLACIÓN Y JUSTICIA"
ara,2026,turismo,11853205.13,4421,SERV. GENER. MEDIO AMBIENTE Y TURISMO
ara,2026,,2009128.52,4423,GESTIÓN AMBIENTAL
ara,2026,,16045276.86,5121,GESTIÓN E INFRAESTRUCTURA DE RECURSOS HIDRÁULICOS
ara,2026,,60000000.0,6120,FONDO INVERSIONES DE TERUEL
ara,2026,,30646656.88,5332,CONSERVAC. DE LA BIODIVERS Y DESARROLLO SOSTENIBLE
ara,2026,,51144715.32,5331,PROTECCIÓN Y MEJORA DEL MEDIO NATURAL
ara,2026,,20081735.9,4424,CALIDAD AMBIENTAL
ara,2026,,6467498.23,4422,PROTECCIÓN Y MEJORA DEL MEDIO AMBIENTE
ara,2026,turismo,75009305.66,7511,"ORDENACIÓN, PROMOCIÓN Y FOMENTO DEL TURISMO"
ara,2026,turismo,1784321.75,4421,SERV. GENER. MEDIO AMBIENTE Y TURISMO
ara,2026,direccion,2024041.04,9111,TRANSFERENCIAS A ADMINISTRACIONES COMARCALES
ara,2026,direccion,1902013.07,9111,TRANSFERENCIAS A ADMINISTRACIONES COMARCALES
ara,2026,direccion,1841782.41,9111,TRANSFERENCIAS A ADMINISTRACIONES COMARCALES
ara,2026,direccion,2172236.23,9111,TRANSFERENCIAS A ADMINISTRACIONES COMARCALES
ara,2026,direccion,2507429.05,9111,TRANSFERENCIAS A ADMINISTRACIONES COMARCALES
ara,2026,direccion,4048022.15,9111,TRANSFERENCIAS A ADMINISTRACIONES COMARCALES
ara,2026,direccion,2200480.19,9111,TRANSFERENCIAS A ADMINISTRACIONES COMARCALES
ara,2026,direccion,1907022.48,9111,TRANSFERENCIAS A ADMINISTRACIONES COMARCALES
ara,2026,direccion,1788290.93,9111,TRANSFERENCIAS A ADMINISTRACIONES COMARCALES
ara,2026,direccion,1933022.8,9111,TRANSFERENCIAS A ADMINISTRACIONES COMARCALES
ara,2026,direccion,1906663.74,9111,TRANSFERENCIAS A ADMINISTRACIONES COMARCALES
ara,2026,direccion,1595491.51,9111,TRANSFERENCIAS A ADMINISTRACIONES COMARCALES
ara,2026,direccion,1558251.19,9111,TRANSFERENCIAS A ADMINISTRACIONES COMARCALES
ara,2026,direccion,1259467.9,9111,TRANSFERENCIAS A ADMINISTRACIONES COMARCALES
ara,2026,direccion,2166496.41,9111,TRANSFERENCIAS A ADMINISTRACIONES COMARCALES
ara,2026,direccion,2212705.93,9111,TRANSFERENCIAS A ADMINISTRACIONES COMARCALES
ara,2026,direccion,4186644.52,9111,TRANSFERENCIAS A ADMINISTRACIONES COMARCALES
ara,2026,direccion,1306453.58,9111,TRANSFERENCIAS A ADMINISTRACIONES COMARCALES
ara,2026,direccion,1515076.28,9111,TRANSFERENCIAS A ADMINISTRACIONES COMARCALES
ara,2026,direccion,2926457.57,9111,TRANSFERENCIAS A ADMINISTRACIONES COMARCALES
ara,2026,direccion,1401561.92,9111,TRANSFERENCIAS A ADMINISTRACIONES COMARCALES
ara,2026,direccion,1212361.39,9111,TRANSFERENCIAS A ADMINISTRACIONES COMARCALES
ara,2026,direccion,1226880.1,9111,TRANSFERENCIAS A ADMINISTRACIONES COMARCALES
ara,2026,direccion,1409921.5,9111,TRANSFERENCIAS A ADMINISTRACIONES COMARCALES
ara,2026,direccion,1785271.23,9111,TRANSFERENCIAS A ADMINISTRACIONES COMARCALES
ara,2026,direccion,1524864.11,9111,TRANSFERENCIAS A ADMINISTRACIONES COMARCALES
ara,2026,direccion,1335870.12,9111,TRANSFERENCIAS A ADMINISTRACIONES COMARCALES
ara,2026,direccion,2206433.28,9111,TRANSFERENCIAS A ADMINISTRACIONES COMARCALES
ara,2026,direccion,3025959.66,9111,TRANSFERENCIAS A ADMINISTRACIONES COMARCALES
ara,2026,direccion,1216371.86,9111,TRANSFERENCIAS A ADMINISTRACIONES COMARCALES
ara,2026,direccion,1350014.69,9111,TRANSFERENCIAS A ADMINISTRACIONES COMARCALES
ara,2026,direccion,1505729.47,9111,TRANSFERENCIAS A ADMINISTRACIONES COMARCALES
ara,2026,direccion,1362147.58,9111,TRANSFERENCIAS A ADMINISTRACIONES COMARCALES
ara,2026,,40000000.0,6129,FONDO DE CONTINGENCIA DE EJECUCIÓN PRESUPUESTARIA
ara,2026,,154374179.56,6128,FONDO DE GASTOS DE PERSONAL
ara,2026,,1232560613.82,0111,AMORTIZACIÓN Y GASTOS FINANCIEROS DE LA DEUDA
ara,2026,direccion,100000.0,6314,GESTIÓN DE TESORERÍA
ara,2026,,10373034.61,6122,PROMOCIÓN Y DESARROLLO ECONÓMICO
ara,2026,,590000.0,1260,DESPOBLACIÓN
ara,2026,vivienda,2000000.0,4312,GESTIÓN SOCIAL DE LA VIVIENDA
ara,2026,turismo,350000.0,4421,SERV. GENER. MEDIO AMBIENTE Y TURISMO
ara,2026,,100000.0,4571,FOMENTO Y APOYO A LA ACTIVIDAD DEPORTIVA
ara,2026,,3150000.0,4582,PROTECCIÓN DEL PATRIMONIO CULTURAL
ara,2026,,3000000.0,5121,GESTIÓN E INFRAESTRUCTURA DE RECURSOS HIDRÁULICOS
ara,2026,,710000.0,5131,CARRETERAS
ara,2026,,200000.0,5332,CONSERVAC. DE LA BIODIVERS Y DESARROLLO SOSTENIBLE
ara,2026,,10610000.0,6122,PROMOCIÓN Y DESARROLLO ECONÓMICO
ara,2026,empleo,157761887.43,3221,FOMENTO DEL EMPLEO. INSTITUTO ARAGONÉS DE EMPLEO
ara,2026,sanidad,2585125202.72,4121,ASISTENCIA SANITARIA
ara,2026,,455841324.51,3132,GESTIÓN Y DESARROLLO DE LOS SERVICIOS SOCIALES
ara,2026,igualdad,9207948.7,3232,PROMOCIÓN DE LA MUJER
ara,2026,,8602984.85,3231,PROMOCIÓN DE LA JUVENTUD
ara,2026,,19135118.07,1265,SERVICIOS TELEMÁTICOS
ara,2026,,92781568.1,5121,GESTIÓN E INFRAESTRUCTURA DE RECURSOS HIDRÁULICOS
ara,2026,sanidad,16292051.44,5425,INVESTIGACIÓN Y DESARROLLO EN EL ÁREA DE LA SALUD
ara,2026,idi,17421417.59,5421,INVESTIGACIÓN AGROALIMENTARIA
ara,2026,,6599128.52,4423,GESTIÓN AMBIENTAL
ara,2026,sanidad,11366180.11,4124,PRODUCC. COMPONENTES SANGUÍNEOS Y DE TEJIDOS
ara,2026,educacion,753552.53,4229,EVALUACIÓN DE LA CALIDAD DE LA ENSEÑANZA SUPERIOR
ara,2026,,59306723.64,6126,APOYO AL DESARROLLO ECONÓMICO Y SOCIAL
