comunidad,codigo_ccaa,mes,periodo,mes_nombre,precio_m2,variacion_mensual,variacion_trimestral,variacion_anual,fecha_extraccion
La Rioja,26,3,2026,Marzo,9.22,3.5,1.6,4.8,2026-04-22T13:38:14.492471+00:00
La Rioja,26,2,2026,Febrero,8.92,-2.7,-0.5,2.5,2026-04-22T13:38:14.492471+00:00
La Rioja,26,1,2026,Enero,9.12,0.9,1.9,9.0,2026-04-22T13:38:14.492471+00:00
La Rioja,26,12,2025,Diciembre,9.12,1.3,0.7,10.6,2026-04-22T13:38:14.492471+00:00
La Rioja,26,11,2025,Noviembre,8.92,-0.4,-1.9,9.4,2026-04-22T13:38:14.492471+00:00
La Rioja,26,10,2025,Octubre,9.02,-0.2,-0.8,9.9,2026-04-22T13:38:14.492471+00:00
La Rioja,26,9,2025,Septiembre,9.02,-1.3,-0.2,10.0,2026-04-22T13:38:14.492471+00:00
La Rioja,26,8,2025,Agosto,9.12,0.8,3.2,11.5,2026-04-22T13:38:14.492471+00:00
La Rioja,26,7,2025,Julio,9.02,0.4,1.4,13.6,2026-04-22T13:38:14.492471+00:00
La Rioja,26,6,2025,Junio,9.02,2.1,2.6,12.4,2026-04-22T13:38:14.492471+00:00
La Rioja,26,5,2025,Mayo,8.82,-1.0,1.7,11.5,2026-04-22T13:38:14.492471+00:00
La Rioja,26,4,2025,Abril,8.92,1.5,6.4,13.2,2026-04-22T13:38:14.492471+00:00
La Rioja,26,3,2025,Marzo,8.82,1.2,7.2,11.2,2026-04-22T13:38:14.492471+00:00
La Rioja,26,2,2025,Febrero,8.72,3.6,6.2,10.9,2026-04-22T13:38:14.492471+00:00
La Rioja,26,1,2025,Enero,8.42,2.3,2.7,7.6,2026-04-22T13:38:14.492471+00:00
La Rioja,26,12,2024,Diciembre,8.22,0.3,0.1,6.0,2026-04-22T13:38:14.492471+00:00
La Rioja,26,11,2024,Noviembre,8.22,0.1,-0.1,5.5,2026-04-22T13:38:14.492471+00:00
La Rioja,26,10,2024,Octubre,8.22,-0.2,2.5,6.5,2026-04-22T13:38:14.492471+00:00
La Rioja,26,9,2024,Septiembre,8.22,0.0,2.0,6.1,2026-04-22T13:38:14.492471+00:00
La Rioja,26,8,2024,Agosto,8.22,2.7,3.2,6.4,2026-04-22T13:38:14.492471+00:00
La Rioja,26,7,2024,Julio,8.02,-0.7,1.0,5.5,2026-04-22T13:38:14.492471+00:00
La Rioja,26,6,2024,Junio,8.02,1.3,1.5,7.0,2026-04-22T13:38:14.492471+00:00
La Rioja,26,5,2024,Mayo,7.92,0.5,1.1,8.5,2026-04-22T13:38:14.492471+00:00
La Rioja,26,4,2024,Abril,7.92,-0.2,1.2,8.3,2026-04-22T13:38:14.492471+00:00
La Rioja,26,3,2024,Marzo,7.92,0.9,2.1,9.4,2026-04-22T13:38:14.492471+00:00
La Rioja,26,2,2024,Febrero,7.82,0.5,1.1,9.0,2026-04-22T13:38:14.492471+00:00
La Rioja,26,1,2024,Enero,7.82,0.8,1.6,7.9,2026-04-22T13:38:14.492471+00:00
La Rioja,26,12,2023,Diciembre,7.72,-0.1,0.3,6.8,2026-04-22T13:38:14.492471+00:00
La Rioja,26,11,2023,Noviembre,7.72,1.0,0.8,8.9,2026-04-22T13:38:14.492471+00:00
La Rioja,26,10,2023,Octubre,7.72,-0.5,1.6,6.8,2026-04-22T13:38:14.492471+00:00
La Rioja,26,9,2023,Septiembre,7.72,0.3,2.9,4.7,2026-04-22T13:38:14.492471+00:00
La Rioja,26,8,2023,Agosto,7.72,1.9,5.3,5.1,2026-04-22T13:38:14.492471+00:00
La Rioja,26,7,2023,Julio,7.52,0.7,3.7,2.0,2026-04-22T13:38:14.492471+00:00
La Rioja,26,6,2023,Junio,7.52,2.7,3.8,4.5,2026-04-22T13:38:14.492471+00:00
La Rioja,26,5,2023,Mayo,7.32,0.3,1.6,2.3,2026-04-22T13:38:14.492471+00:00
La Rioja,26,4,2023,Abril,7.32,0.8,0.8,1.4,2026-04-22T13:38:14.492471+00:00
La Rioja,26,3,2023,Marzo,7.22,0.5,-0.3,2.4,2026-04-22T13:38:14.492471+00:00
La Rioja,26,2,2023,Febrero,7.22,-0.5,1.0,2.0,2026-04-22T13:38:14.492471+00:00
La Rioja,26,1,2023,Enero,7.22,-0.3,0.5,4.1,2026-04-22T13:38:14.492471+00:00
La Rioja,26,12,2022,Diciembre,7.22,1.8,-1.7,6.3,2026-04-22T13:38:14.492471+00:00
La Rioja,26,11,2022,Noviembre,7.12,-1.0,-2.7,5.0,2026-04-22T13:38:14.492471+00:00
La Rioja,26,10,2022,Octubre,7.22,-2.5,-2.9,5.5,2026-04-22T13:38:14.492471+00:00
La Rioja,26,9,2022,Septiembre,7.42,0.7,2.7,6.8,2026-04-22T13:38:14.492471+00:00
La Rioja,26,8,2022,Agosto,7.32,-1.1,2.5,5.5,2026-04-22T13:38:14.492471+00:00
La Rioja,26,7,2022,Julio,7.42,3.1,3.0,6.8,2026-04-22T13:38:14.492471+00:00
La Rioja,26,6,2022,Junio,7.22,0.5,1.7,3.1,2026-04-22T13:38:14.492471+00:00
La Rioja,26,5,2022,Mayo,7.12,-0.6,1.2,2.9,2026-04-22T13:38:14.492471+00:00
La Rioja,26,4,2022,Abril,7.22,1.8,3.5,4.8,2026-04-22T13:38:14.492471+00:00
La Rioja,26,3,2022,Marzo,7.02,0.1,3.6,4.8,2026-04-22T13:38:14.492471+00:00
La Rioja,26,2,2022,Febrero,7.02,1.6,4.1,3.9,2026-04-22T13:38:14.492471+00:00
La Rioja,26,1,2022,Enero,6.92,1.8,1.8,2.7,2026-04-22T13:38:14.492471+00:00
La Rioja,26,12,2021,Diciembre,6.82,0.5,-1.3,2.6,2026-04-22T13:38:14.492471+00:00
La Rioja,26,11,2021,Noviembre,6.82,-0.6,-2.3,1.7,2026-04-22T13:38:14.492471+00:00
La Rioja,26,10,2021,Octubre,6.82,-1.3,-1.7,1.0,2026-04-22T13:38:14.492471+00:00
La Rioja,26,9,2021,Septiembre,6.92,-0.5,-0.9,2.2,2026-04-22T13:38:14.492471+00:00
La Rioja,26,8,2021,Agosto,6.92,0.1,0.0,2.4,2026-04-22T13:38:14.492471+00:00
La Rioja,26,7,2021,Julio,6.92,-0.4,1.2,3.9,2026-04-22T13:38:14.492471+00:00
La Rioja,26,6,2021,Junio,7.02,0.3,3.4,5.6,2026-04-22T13:38:14.492471+00:00
La Rioja,26,5,2021,Mayo,6.92,1.3,2.3,6.5,2026-04-22T13:38:14.492471+00:00
La Rioja,26,4,2021,Abril,6.82,1.8,1.4,7.1,2026-04-22T13:38:14.492471+00:00
La Rioja,26,3,2021,Marzo,6.72,-0.8,1.4,6.2,2026-04-22T13:38:14.492471+00:00
La Rioja,26,2,2021,Febrero,6.82,0.5,1.8,6.5,2026-04-22T13:38:14.492471+00:00
La Rioja,26,1,2021,Enero,6.72,1.7,0.0,3.8,2026-04-22T13:38:14.492471+00:00
La Rioja,26,12,2020,Diciembre,6.62,-0.4,-1.7,1.6,2026-04-22T13:38:14.492471+00:00
La Rioja,26,11,2020,Noviembre,6.72,-1.3,-1.7,3.3,2026-04-22T13:38:14.492471+00:00
La Rioja,26,10,2020,Octubre,6.72,-0.1,1.1,5.2,2026-04-22T13:38:14.492471+00:00
La Rioja,26,9,2020,Septiembre,6.72,-0.3,2.5,5.0,2026-04-22T13:38:14.492471+00:00
La Rioja,26,8,2020,Agosto,6.82,1.5,4.0,6.6,2026-04-22T13:38:14.492471+00:00
La Rioja,26,7,2020,Julio,6.72,1.3,4.3,6.2,2026-04-22T13:38:14.492471+00:00
La Rioja,26,6,2020,Junio,6.62,1.1,4.0,5.4,2026-04-22T13:38:14.492471+00:00
La Rioja,26,5,2020,Mayo,6.52,1.9,2.3,6.1,2026-04-22T13:38:14.492471+00:00
La Rioja,26,4,2020,Abril,6.42,0.9,-1.6,5.8,2026-04-22T13:38:14.492471+00:00
La Rioja,26,3,2020,Marzo,6.32,-0.6,-3.1,4.7,2026-04-22T13:38:14.492471+00:00
La Rioja,26,2,2020,Febrero,6.42,-2.0,-1.2,5.4,2026-04-22T13:38:14.492471+00:00
La Rioja,26,1,2020,Enero,6.52,-0.5,1.4,10.3,2026-04-22T13:38:14.492471+00:00
La Rioja,26,12,2019,Diciembre,6.52,1.4,1.7,8.6,2026-04-22T13:38:14.492471+00:00
La Rioja,26,11,2019,Noviembre,6.42,0.6,1.5,8.6,2026-04-22T13:38:14.492471+00:00
La Rioja,26,10,2019,Octubre,6.42,-0.3,2.0,5.5,2026-04-22T13:38:14.492471+00:00
La Rioja,26,9,2019,Septiembre,6.42,1.1,2.8,2.5,2026-04-22T13:38:14.492471+00:00
La Rioja,26,8,2019,Agosto,6.32,1.2,3.5,1.5,2026-04-22T13:38:14.492471+00:00
La Rioja,26,7,2019,Julio,6.32,0.5,3.9,6.8,2026-04-22T13:38:14.492471+00:00
La Rioja,26,6,2019,Junio,6.22,1.8,3.2,7.0,2026-04-22T13:38:14.492471+00:00
La Rioja,26,5,2019,Mayo,6.12,1.6,1.5,3.5,2026-04-22T13:38:14.492471+00:00
La Rioja,26,4,2019,Abril,6.02,-0.1,2.5,5.0,2026-04-22T13:38:14.492471+00:00
La Rioja,26,3,2019,Marzo,6.02,0.1,0.6,6.6,2026-04-22T13:38:14.492471+00:00
La Rioja,26,2,2019,Febrero,6.02,2.5,1.9,7.5,2026-04-22T13:38:14.492471+00:00
La Rioja,26,1,2019,Enero,5.92,-2.0,-3.0,6.8,2026-04-22T13:38:14.492471+00:00
La Rioja,26,12,2018,Diciembre,6.02,1.3,-4.0,8.8,2026-04-22T13:38:14.492471+00:00
La Rioja,26,11,2018,Noviembre,5.92,-2.3,-5.2,8.8,2026-04-22T13:38:14.492471+00:00
La Rioja,26,10,2018,Octubre,6.12,-3.0,3.3,12.3,2026-04-22T13:38:14.492471+00:00
La Rioja,26,9,2018,Septiembre,6.32,0.1,7.3,16.0,2026-04-22T13:38:14.492471+00:00
La Rioja,26,8,2018,Agosto,6.32,6.5,5.6,13.1,2026-04-22T13:38:14.492471+00:00
La Rioja,26,7,2018,Julio,5.92,0.7,2.2,7.2,2026-04-22T13:38:14.492471+00:00
La Rioja,26,6,2018,Junio,5.82,-1.5,2.9,5.9,2026-04-22T13:38:14.492471+00:00
La Rioja,26,5,2018,Mayo,5.92,3.0,5.4,11.1,2026-04-22T13:38:14.492471+00:00
La Rioja,26,4,2018,Abril,5.72,1.4,4.2,6.9,2026-04-22T13:38:14.492471+00:00
La Rioja,26,3,2018,Marzo,5.72,1.0,2.7,8.2,2026-04-22T13:38:14.492471+00:00
La Rioja,26,2,2018,Febrero,5.62,1.9,3.1,6.6,2026-04-22T13:38:14.492471+00:00
La Rioja,26,1,2018,Enero,5.52,-0.2,2.0,5.0,2026-04-22T13:38:14.492471+00:00
La Rioja,26,12,2017,Diciembre,5.52,1.4,2.3,5.6,2026-04-22T13:38:14.492471+00:00
La Rioja,26,11,2017,Noviembre,5.52,0.8,-1.5,5.4,2026-04-22T13:38:14.492471+00:00
La Rioja,26,10,2017,Octubre,5.42,0.1,-1.3,3.3,2026-04-22T13:38:14.492471+00:00
La Rioja,26,9,2017,Septiembre,5.42,-2.4,-2.0,2.5,2026-04-22T13:38:14.492471+00:00
La Rioja,26,8,2017,Agosto,5.52,1.0,3.8,5.3,2026-04-22T13:38:14.492471+00:00
La Rioja,26,7,2017,Julio,5.52,-0.6,1.9,4.0,2026-04-22T13:38:14.492471+00:00
La Rioja,26,6,2017,Junio,5.52,3.3,5.1,6.1,2026-04-22T13:38:14.492471+00:00
La Rioja,26,5,2017,Mayo,5.32,-0.8,1.2,3.7,2026-04-22T13:38:14.492471+00:00
La Rioja,26,4,2017,Abril,5.42,2.6,2.4,7.3,2026-04-22T13:38:14.492471+00:00
La Rioja,26,3,2017,Marzo,5.22,-0.5,0.2,6.0,2026-04-22T13:38:14.492471+00:00
La Rioja,26,2,2017,Febrero,5.32,0.4,2.0,5.8,2026-04-22T13:38:14.492471+00:00
La Rioja,26,1,2017,Enero,5.32,0.4,0.3,3.7,2026-04-22T13:38:14.492471+00:00
La Rioja,26,12,2016,Diciembre,5.22,1.2,-0.7,3.4,2026-04-22T13:38:14.492471+00:00
La Rioja,26,11,2016,Noviembre,5.22,-1.3,-1.6,4.4,2026-04-22T13:38:14.492471+00:00
La Rioja,26,10,2016,Octubre,5.22,-0.6,-0.7,4.8,2026-04-22T13:38:14.492471+00:00
La Rioja,26,9,2016,Septiembre,5.32,0.2,1.4,4.0,2026-04-22T13:38:14.492471+00:00
La Rioja,26,8,2016,Agosto,5.32,-0.3,2.1,3.4,2026-04-22T13:38:14.492471+00:00
La Rioja,26,7,2016,Julio,5.32,1.5,5.1,4.1,2026-04-22T13:38:14.492471+00:00
La Rioja,26,6,2016,Junio,5.22,0.9,4.9,4.7,2026-04-22T13:38:14.492471+00:00
La Rioja,26,5,2016,Mayo,5.12,2.6,3.3,2.0,2026-04-22T13:38:14.492471+00:00
La Rioja,26,4,2016,Abril,5.02,1.3,-1.0,-2.3,2026-04-22T13:38:14.492471+00:00
La Rioja,26,3,2016,Marzo,4.92,-0.7,-2.2,-4.8,2026-04-22T13:38:14.492471+00:00
La Rioja,26,2,2016,Febrero,5.02,-1.6,0.6,-3.9,2026-04-22T13:38:14.492471+00:00
La Rioja,26,1,2016,Enero,5.12,0.1,1.4,-0.9,2026-04-22T13:38:14.492471+00:00
La Rioja,26,12,2015,Diciembre,5.12,2.2,-0.1,-0.8,2026-04-22T13:38:14.492471+00:00
La Rioja,26,11,2015,Noviembre,5.02,-0.9,-2.5,-2.7,2026-04-22T13:38:14.492471+00:00
La Rioja,26,10,2015,Octubre,5.02,-1.4,-1.3,-0.7,2026-04-22T13:38:14.492471+00:00
La Rioja,26,9,2015,Septiembre,5.12,-0.3,2.2,0.9,2026-04-22T13:38:14.492471+00:00
La Rioja,26,8,2015,Agosto,5.12,0.4,0.7,1.0,2026-04-22T13:38:14.492471+00:00
La Rioja,26,7,2015,Julio,5.12,2.2,-1.3,1.2,2026-04-22T13:38:14.492471+00:00
La Rioja,26,6,2015,Junio,5.02,-1.8,-4.7,-0.7,2026-04-22T13:38:14.492471+00:00
La Rioja,26,5,2015,Mayo,5.02,-1.7,-2.7,-0.5,2026-04-22T13:38:14.492471+00:00
La Rioja,26,4,2015,Abril,5.12,-1.4,0.3,-0.9,2026-04-22T13:38:14.492471+00:00
La Rioja,26,3,2015,Marzo,5.22,0.3,2.0,0.9,2026-04-22T13:38:14.492471+00:00
La Rioja,26,2,2015,Febrero,5.22,1.4,1.8,1.5,2026-04-22T13:38:14.492471+00:00
La Rioja,26,1,2015,Enero,5.12,0.2,1.6,-0.1,2026-04-22T13:38:14.492471+00:00
La Rioja,26,12,2014,Diciembre,5.12,0.2,1.5,-1.4,2026-04-22T13:38:14.492471+00:00
La Rioja,26,11,2014,Noviembre,5.12,1.1,1.2,-3.9,2026-04-22T13:38:14.492471+00:00
La Rioja,26,10,2014,Octubre,5.02,0.2,0.6,-5.2,2026-04-22T13:38:14.492471+00:00
La Rioja,26,9,2014,Septiembre,5.02,-0.1,0.7,-6.4,2026-04-22T13:38:14.492471+00:00
La Rioja,26,8,2014,Agosto,5.02,0.6,-0.8,-6.6,2026-04-22T13:38:14.492471+00:00
La Rioja,26,7,2014,Julio,5.02,0.3,-3.4,-6.9,2026-04-22T13:38:14.492471+00:00
La Rioja,26,6,2014,Junio,5.02,-1.6,-3.2,-7.4,2026-04-22T13:38:14.492471+00:00
La Rioja,26,5,2014,Mayo,5.12,-2.0,-0.7,-5.0,2026-04-22T13:38:14.492471+00:00
La Rioja,26,4,2014,Abril,5.22,0.4,1.1,-3.9,2026-04-22T13:38:14.492471+00:00
La Rioja,26,3,2014,Marzo,5.22,0.9,-0.3,-6.1,2026-04-22T13:38:14.492471+00:00
La Rioja,26,2,2014,Febrero,5.12,-0.2,-3.6,-9.1,2026-04-22T13:38:14.492471+00:00
La Rioja,26,1,2014,Enero,5.12,-1.0,-3.6,-11.3,2026-04-22T13:38:14.492471+00:00
La Rioja,26,12,2013,Diciembre,5.22,-2.4,-3.6,-10.4,2026-04-22T13:38:14.492471+00:00
La Rioja,26,11,2013,Noviembre,5.32,-0.2,-1.6,-9.3,2026-04-22T13:38:14.492471+00:00
La Rioja,26,10,2013,Octubre,5.32,-1.1,-1.2,-9.7,2026-04-22T13:38:14.492471+00:00
La Rioja,26,9,2013,Septiembre,5.42,-0.3,-0.4,-9.4,2026-04-22T13:38:14.492471+00:00
La Rioja,26,8,2013,Agosto,5.42,0.2,0.9,-9.8,2026-04-22T13:38:14.492471+00:00
La Rioja,26,7,2013,Julio,5.42,-0.3,-0.3,-10.5,2026-04-22T13:38:14.492471+00:00
La Rioja,26,6,2013,Junio,5.42,0.9,-1.9,-10.4,2026-04-22T13:38:14.492471+00:00
La Rioja,26,5,2013,Mayo,5.32,-1.0,-5.0,-12.5,2026-04-22T13:38:14.492471+00:00
La Rioja,26,4,2013,Abril,5.42,-1.9,-6.6,-12.3,2026-04-22T13:38:14.492471+00:00
La Rioja,26,3,2013,Marzo,5.52,-2.3,-4.8,-9.0,2026-04-22T13:38:14.492471+00:00
La Rioja,26,2,2013,Febrero,5.62,-2.6,-3.8,-5.2,2026-04-22T13:38:14.492471+00:00
La Rioja,26,1,2013,Enero,5.82,0.0,-1.8,-2.3,2026-04-22T13:38:14.492471+00:00
La Rioja,26,12,2012,Diciembre,5.82,-1.2,-2.6,-3.3,2026-04-22T13:38:14.492471+00:00
La Rioja,26,11,2012,Noviembre,5.82,-0.6,-2.2,-1.6,2026-04-22T13:38:14.492471+00:00
La Rioja,26,10,2012,Octubre,5.92,-0.7,-2.1,0.5,2026-04-22T13:38:14.492471+00:00
La Rioja,26,9,2012,Septiembre,5.92,-0.8,-1.5,0.5,2026-04-22T13:38:14.492471+00:00
La Rioja,26,8,2012,Agosto,6.02,-0.5,-2.1,2.7,2026-04-22T13:38:14.492471+00:00
La Rioja,26,7,2012,Julio,6.02,-0.2,-2.3,3.3,2026-04-22T13:38:14.492471+00:00
La Rioja,26,6,2012,Junio,6.02,-1.4,-0.4,1.8,2026-04-22T13:38:14.492471+00:00
La Rioja,26,5,2012,Mayo,6.12,-0.7,2.8,3.5,2026-04-22T13:38:14.492471+00:00
La Rioja,26,4,2012,Abril,6.12,1.7,3.9,2.2,2026-04-22T13:38:14.492471+00:00
La Rioja,26,3,2012,Marzo,6.02,1.8,1.2,0.1,2026-04-22T13:38:14.492471+00:00
La Rioja,26,2,2012,Febrero,5.92,0.3,-0.1,-5.6,2026-04-22T13:38:14.492471+00:00
La Rioja,26,1,2012,Enero,5.92,-0.9,1.1,-4.6,2026-04-22T13:38:14.492471+00:00
La Rioja,26,12,2011,Diciembre,6.02,0.5,1.3,-7.9,2026-04-22T13:38:14.492471+00:00
La Rioja,26,11,2011,Noviembre,5.92,1.6,2.1,-8.7,2026-04-22T13:38:14.492471+00:00
La Rioja,26,10,2011,Octubre,5.82,-0.7,0.6,-9.8,2026-04-22T13:38:14.492471+00:00
La Rioja,26,9,2011,Septiembre,5.92,1.3,-0.3,-8.8,2026-04-22T13:38:14.492471+00:00
La Rioja,26,8,2011,Agosto,5.82,0.1,-1.3,-8.5,2026-04-22T13:38:14.492471+00:00
La Rioja,26,7,2011,Julio,5.82,-1.6,-3.3,-4.4,2026-04-22T13:38:14.492471+00:00
La Rioja,26,6,2011,Junio,5.92,0.3,-2.0,-6.0,2026-04-22T13:38:14.492471+00:00
La Rioja,26,5,2011,Mayo,5.92,-2.0,-6.2,-6.8,2026-04-22T13:38:14.492471+00:00
La Rioja,26,4,2011,Abril,6.02,-0.3,-2.9,,2026-04-22T13:38:14.492471+00:00
La Rioja,26,3,2011,Marzo,6.02,-4.0,-6.9,,2026-04-22T13:38:14.492471+00:00
La Rioja,26,2,2011,Febrero,6.32,1.4,-3.4,,2026-04-22T13:38:14.492471+00:00
La Rioja,26,1,2011,Enero,6.22,-4.4,-4.4,,2026-04-22T13:38:14.492471+00:00
La Rioja,26,12,2010,Diciembre,6.52,-0.4,0.3,,2026-04-22T13:38:14.492471+00:00
La Rioja,26,11,2010,Noviembre,6.52,0.3,2.3,,2026-04-22T13:38:14.492471+00:00
La Rioja,26,10,2010,Octubre,6.52,0.4,6.6,,2026-04-22T13:38:14.492471+00:00
La Rioja,26,9,2010,Septiembre,6.52,1.6,2.8,,2026-04-22T13:38:14.492471+00:00
La Rioja,26,8,2010,Agosto,6.42,4.6,0.6,,2026-04-22T13:38:14.492471+00:00
La Rioja,26,7,2010,Julio,6.12,-3.3,,,2026-04-22T13:38:14.492471+00:00
La Rioja,26,6,2010,Junio,6.32,-0.6,,,2026-04-22T13:38:14.492471+00:00
La Rioja,26,5,2010,Mayo,6.32,,,,2026-04-22T13:38:14.492471+00:00
La Rioja,26,4,2010,Abril,,,,,2026-04-22T13:38:14.492471+00:00
La Rioja,26,3,2010,Marzo,,,,,2026-04-22T13:38:14.492471+00:00
La Rioja,26,2,2010,Febrero,,,,,2026-04-22T13:38:14.492471+00:00
La Rioja,26,1,2010,Enero,,,,,2026-04-22T13:38:14.492471+00:00
La Rioja,26,12,2009,Diciembre,,,,,2026-04-22T13:38:14.492471+00:00
La Rioja,26,11,2009,Noviembre,,,,,2026-04-22T13:38:14.492471+00:00
La Rioja,26,10,2009,Octubre,,,,,2026-04-22T13:38:14.492471+00:00
La Rioja,26,9,2009,Septiembre,,,,,2026-04-22T13:38:14.492471+00:00
La Rioja,26,8,2009,Agosto,,,,,2026-04-22T13:38:14.492471+00:00
La Rioja,26,7,2009,Julio,,,,,2026-04-22T13:38:14.492471+00:00
La Rioja,26,6,2009,Junio,,,,,2026-04-22T13:38:14.492471+00:00
La Rioja,26,5,2009,Mayo,,,,,2026-04-22T13:38:14.492471+00:00
La Rioja,26,4,2009,Abril,,,,,2026-04-22T13:38:14.492471+00:00
La Rioja,26,3,2009,Marzo,,,,,2026-04-22T13:38:14.492471+00:00
La Rioja,26,2,2009,Febrero,,,,,2026-04-22T13:38:14.492471+00:00
La Rioja,26,1,2009,Enero,,,,,2026-04-22T13:38:14.492471+00:00
La Rioja,26,12,2008,Diciembre,,,,,2026-04-22T13:38:14.492471+00:00
La Rioja,26,11,2008,Noviembre,,,,,2026-04-22T13:38:14.492471+00:00
La Rioja,26,10,2008,Octubre,,,,,2026-04-22T13:38:14.492471+00:00
La Rioja,26,9,2008,Septiembre,,,,,2026-04-22T13:38:14.492471+00:00
La Rioja,26,8,2008,Agosto,,,,,2026-04-22T13:38:14.492471+00:00
La Rioja,26,7,2008,Julio,,,,,2026-04-22T13:38:14.492471+00:00
La Rioja,26,6,2008,Junio,,,,,2026-04-22T13:38:14.492471+00:00
La Rioja,26,5,2008,Mayo,,,,,2026-04-22T13:38:14.492471+00:00
La Rioja,26,4,2008,Abril,,,,,2026-04-22T13:38:14.492471+00:00
La Rioja,26,3,2008,Marzo,,,,,2026-04-22T13:38:14.492471+00:00
La Rioja,26,2,2008,Febrero,,,,,2026-04-22T13:38:14.492471+00:00
La Rioja,26,1,2008,Enero,,,,,2026-04-22T13:38:14.492471+00:00
La Rioja,26,12,2007,Diciembre,,,,,2026-04-22T13:38:14.492471+00:00
La Rioja,26,11,2007,Noviembre,,,,,2026-04-22T13:38:14.492471+00:00
La Rioja,26,10,2007,Octubre,,,,,2026-04-22T13:38:14.492471+00:00
La Rioja,26,9,2007,Septiembre,,,,,2026-04-22T13:38:14.492471+00:00
La Rioja,26,8,2007,Agosto,,,,,2026-04-22T13:38:14.492471+00:00
La Rioja,26,7,2007,Julio,,,,,2026-04-22T13:38:14.492471+00:00
La Rioja,26,6,2007,Junio,,,,,2026-04-22T13:38:14.492471+00:00
La Rioja,26,5,2007,Mayo,,,,,2026-04-22T13:38:14.492471+00:00
La Rioja,26,4,2007,Abril,,,,,2026-04-22T13:38:14.492471+00:00
La Rioja,26,3,2007,Marzo,,,,,2026-04-22T13:38:14.492471+00:00
La Rioja,26,2,2007,Febrero,,,,,2026-04-22T13:38:14.492471+00:00
La Rioja,26,1,2007,Enero,,,,,2026-04-22T13:38:14.492471+00:00
La Rioja,26,12,2006,Diciembre,,,,,2026-04-22T13:38:14.492471+00:00
La Rioja,26,11,2006,Noviembre,,,,,2026-04-22T13:38:14.492471+00:00
La Rioja,26,10,2006,Octubre,,,,,2026-04-22T13:38:14.492471+00:00
La Rioja,26,9,2006,Septiembre,,,,,2026-04-22T13:38:14.492471+00:00
La Rioja,26,8,2006,Agosto,,,,,2026-04-22T13:38:14.492471+00:00
La Rioja,26,7,2006,Julio,,,,,2026-04-22T13:38:14.492471+00:00
La Rioja,26,6,2006,Junio,,,,,2026-04-22T13:38:14.492471+00:00
La Rioja,26,5,2006,Mayo,,,,,2026-04-22T13:38:14.492471+00:00
La Rioja,26,4,2006,Abril,,,,,2026-04-22T13:38:14.492471+00:00
La Rioja,26,3,2006,Marzo,,,,,2026-04-22T13:38:14.492471+00:00
La Rioja,26,2,2006,Febrero,,,,,2026-04-22T13:38:14.492471+00:00
La Rioja,26,1,2006,Enero,,,,,2026-04-22T13:38:14.492471+00:00
Comunidad Valenciana,10,3,2026,Marzo,12.92,0.3,3.6,10.3,2026-04-22T13:39:35.057895+00:00
Comunidad Valenciana,10,2,2026,Febrero,12.92,1.4,4.2,11.4,2026-04-22T13:39:35.057895+00:00
Comunidad Valenciana,10,1,2026,Enero,12.72,1.9,3.0,11.1,2026-04-22T13:39:35.057895+00:00
Comunidad Valenciana,10,12,2025,Diciembre,12.52,0.9,0.5,9.7,2026-04-22T13:39:35.057895+00:00
Comunidad Valenciana,10,11,2025,Noviembre,12.42,0.2,-0.9,9.8,2026-04-22T13:39:35.057895+00:00
Comunidad Valenciana,10,10,2025,Octubre,12.32,-0.6,-0.7,9.9,2026-04-22T13:39:35.057895+00:00
Comunidad Valenciana,10,9,2025,Septiembre,12.42,-0.5,1.0,9.8,2026-04-22T13:39:35.057895+00:00
Comunidad Valenciana,10,8,2025,Agosto,12.52,0.3,2.6,9.6,2026-04-22T13:39:35.057895+00:00
Comunidad Valenciana,10,7,2025,Julio,12.42,1.1,3.9,10.5,2026-04-22T13:39:35.057895+00:00
Comunidad Valenciana,10,6,2025,Junio,12.32,1.2,4.9,10.2,2026-04-22T13:39:35.057895+00:00
Comunidad Valenciana,10,5,2025,Mayo,12.12,1.6,5.0,10.9,2026-04-22T13:39:35.057895+00:00
Comunidad Valenciana,10,4,2025,Abril,12.02,2.1,4.6,11.9,2026-04-22T13:39:35.057895+00:00
Comunidad Valenciana,10,3,2025,Marzo,11.72,1.3,3.0,12.3,2026-04-22T13:39:35.057895+00:00
Comunidad Valenciana,10,2,2025,Febrero,11.62,1.2,2.7,11.8,2026-04-22T13:39:35.057895+00:00
Comunidad Valenciana,10,1,2025,Enero,11.42,0.6,1.8,11.7,2026-04-22T13:39:35.057895+00:00
Comunidad Valenciana,10,12,2024,Diciembre,11.42,0.9,0.6,12.1,2026-04-22T13:39:35.057895+00:00
Comunidad Valenciana,10,11,2024,Noviembre,11.32,0.3,-1.0,11.8,2026-04-22T13:39:35.057895+00:00
Comunidad Valenciana,10,10,2024,Octubre,11.22,-0.6,-0.2,12.0,2026-04-22T13:39:35.057895+00:00
Comunidad Valenciana,10,9,2024,Septiembre,11.32,-0.6,1.3,13.4,2026-04-22T13:39:35.057895+00:00
Comunidad Valenciana,10,8,2024,Agosto,11.42,1.1,3.8,13.3,2026-04-22T13:39:35.057895+00:00
Comunidad Valenciana,10,7,2024,Julio,11.22,0.9,5.3,14.1,2026-04-22T13:39:35.057895+00:00
Comunidad Valenciana,10,6,2024,Junio,11.12,1.8,6.9,15.6,2026-04-22T13:39:35.057895+00:00
Comunidad Valenciana,10,5,2024,Mayo,10.92,2.5,5.8,17.0,2026-04-22T13:39:35.057895+00:00
Comunidad Valenciana,10,4,2024,Abril,10.72,2.5,4.4,16.5,2026-04-22T13:39:35.057895+00:00
Comunidad Valenciana,10,3,2024,Marzo,10.42,0.7,2.8,15.9,2026-04-22T13:39:35.057895+00:00
Comunidad Valenciana,10,2,2024,Febrero,10.32,1.1,2.7,15.8,2026-04-22T13:39:35.057895+00:00
Comunidad Valenciana,10,1,2024,Enero,10.22,0.9,2.1,15.4,2026-04-22T13:39:35.057895+00:00
Comunidad Valenciana,10,12,2023,Diciembre,10.12,0.6,1.7,15.5,2026-04-22T13:39:35.057895+00:00
Comunidad Valenciana,10,11,2023,Noviembre,10.12,0.5,0.4,16.3,2026-04-22T13:39:35.057895+00:00
Comunidad Valenciana,10,10,2023,Octubre,10.02,0.6,1.7,16.3,2026-04-22T13:39:35.057895+00:00
Comunidad Valenciana,10,9,2023,Septiembre,10.02,-0.7,3.4,15.9,2026-04-22T13:39:35.057895+00:00
Comunidad Valenciana,10,8,2023,Agosto,10.02,1.8,7.2,16.0,2026-04-22T13:39:35.057895+00:00
Comunidad Valenciana,10,7,2023,Julio,9.92,2.3,7.5,15.4,2026-04-22T13:39:35.057895+00:00
Comunidad Valenciana,10,6,2023,Junio,9.62,3.0,7.2,15.7,2026-04-22T13:39:35.057895+00:00
Comunidad Valenciana,10,5,2023,Mayo,9.42,2.1,4.8,15.3,2026-04-22T13:39:35.057895+00:00
Comunidad Valenciana,10,4,2023,Abril,9.22,2.0,3.5,15.1,2026-04-22T13:39:35.057895+00:00
Comunidad Valenciana,10,3,2023,Marzo,9.02,0.7,2.5,13.9,2026-04-22T13:39:35.057895+00:00
Comunidad Valenciana,10,2,2023,Febrero,8.92,0.8,3.2,14.1,2026-04-22T13:39:35.057895+00:00
Comunidad Valenciana,10,1,2023,Enero,8.92,1.0,2.9,14.2,2026-04-22T13:39:35.057895+00:00
Comunidad Valenciana,10,12,2022,Diciembre,8.82,1.3,2.0,14.5,2026-04-22T13:39:35.057895+00:00
Comunidad Valenciana,10,11,2022,Noviembre,8.72,0.5,0.1,13.7,2026-04-22T13:39:35.057895+00:00
Comunidad Valenciana,10,10,2022,Octubre,8.62,0.2,0.9,13.5,2026-04-22T13:39:35.057895+00:00
Comunidad Valenciana,10,9,2022,Septiembre,8.62,-0.6,3.2,13.1,2026-04-22T13:39:35.057895+00:00
Comunidad Valenciana,10,8,2022,Agosto,8.62,1.3,6.5,13.1,2026-04-22T13:39:35.057895+00:00
Comunidad Valenciana,10,7,2022,Julio,8.52,2.5,7.1,12.0,2026-04-22T13:39:35.057895+00:00
Comunidad Valenciana,10,6,2022,Junio,8.32,2.6,5.5,10.5,2026-04-22T13:39:35.057895+00:00
Comunidad Valenciana,10,5,2022,Mayo,8.12,1.8,3.7,8.2,2026-04-22T13:39:35.057895+00:00
Comunidad Valenciana,10,4,2022,Abril,8.02,0.9,2.7,6.5,2026-04-22T13:39:35.057895+00:00
Comunidad Valenciana,10,3,2022,Marzo,7.92,0.9,3.1,5.2,2026-04-22T13:39:35.057895+00:00
Comunidad Valenciana,10,2,2022,Febrero,7.82,0.9,2.8,4.0,2026-04-22T13:39:35.057895+00:00
Comunidad Valenciana,10,1,2022,Enero,7.82,1.3,2.2,2.9,2026-04-22T13:39:35.057895+00:00
Comunidad Valenciana,10,12,2021,Diciembre,7.72,0.6,0.8,1.2,2026-04-22T13:39:35.057895+00:00
Comunidad Valenciana,10,11,2021,Noviembre,7.62,0.3,-0.4,-0.3,2026-04-22T13:39:35.057895+00:00
Comunidad Valenciana,10,10,2021,Octubre,7.62,-0.1,-0.4,-0.7,2026-04-22T13:39:35.057895+00:00
Comunidad Valenciana,10,9,2021,Septiembre,7.62,-0.6,0.8,-0.3,2026-04-22T13:39:35.057895+00:00
Comunidad Valenciana,10,8,2021,Agosto,7.62,0.3,1.9,-0.3,2026-04-22T13:39:35.057895+00:00
Comunidad Valenciana,10,7,2021,Julio,7.62,1.1,1.8,-1.4,2026-04-22T13:39:35.057895+00:00
Comunidad Valenciana,10,6,2021,Junio,7.52,0.5,0.5,-2.8,2026-04-22T13:39:35.057895+00:00
Comunidad Valenciana,10,5,2021,Mayo,7.52,0.2,-0.3,-1.8,2026-04-22T13:39:35.057895+00:00
Comunidad Valenciana,10,4,2021,Abril,7.52,-0.2,-0.8,-0.8,2026-04-22T13:39:35.057895+00:00
Comunidad Valenciana,10,3,2021,Marzo,7.52,-0.3,-0.9,0.3,2026-04-22T13:39:35.057895+00:00
Comunidad Valenciana,10,2,2021,Febrero,7.52,-0.3,-1.5,2.0,2026-04-22T13:39:35.057895+00:00
Comunidad Valenciana,10,1,2021,Enero,7.52,-0.4,-1.4,2.7,2026-04-22T13:39:35.057895+00:00
Comunidad Valenciana,10,12,2020,Diciembre,7.62,-0.9,-0.7,2.8,2026-04-22T13:39:35.057895+00:00
Comunidad Valenciana,10,11,2020,Noviembre,7.62,-0.1,-0.4,3.9,2026-04-22T13:39:35.057895+00:00
Comunidad Valenciana,10,10,2020,Octubre,7.62,0.3,-1.0,3.4,2026-04-22T13:39:35.057895+00:00
Comunidad Valenciana,10,9,2020,Septiembre,7.62,-0.6,-1.7,3.2,2026-04-22T13:39:35.057895+00:00
Comunidad Valenciana,10,8,2020,Agosto,7.72,-0.7,0.4,4.1,2026-04-22T13:39:35.057895+00:00
Comunidad Valenciana,10,7,2020,Julio,7.72,-0.4,2.4,5.8,2026-04-22T13:39:35.057895+00:00
Comunidad Valenciana,10,6,2020,Junio,7.82,1.5,3.7,8.0,2026-04-22T13:39:35.057895+00:00
Comunidad Valenciana,10,5,2020,Mayo,7.62,1.3,3.6,9.1,2026-04-22T13:39:35.057895+00:00
Comunidad Valenciana,10,4,2020,Abril,7.52,1.0,2.8,8.7,2026-04-22T13:39:35.057895+00:00
Comunidad Valenciana,10,3,2020,Marzo,7.52,1.3,1.5,8.6,2026-04-22T13:39:35.057895+00:00
Comunidad Valenciana,10,2,2020,Febrero,7.42,0.5,0.3,8.3,2026-04-22T13:39:35.057895+00:00
Comunidad Valenciana,10,1,2020,Enero,7.32,-0.3,-0.7,7.8,2026-04-22T13:39:35.057895+00:00
Comunidad Valenciana,10,12,2019,Diciembre,7.42,0.2,-0.3,7.1,2026-04-22T13:39:35.057895+00:00
Comunidad Valenciana,10,11,2019,Noviembre,7.42,-0.5,-0.2,6.5,2026-04-22T13:39:35.057895+00:00
Comunidad Valenciana,10,10,2019,Octubre,7.42,0.1,1.3,6.9,2026-04-22T13:39:35.057895+00:00
Comunidad Valenciana,10,9,2019,Septiembre,7.42,0.3,2.9,7.4,2026-04-22T13:39:35.057895+00:00
Comunidad Valenciana,10,8,2019,Agosto,7.42,0.9,5.2,7.0,2026-04-22T13:39:35.057895+00:00
Comunidad Valenciana,10,7,2019,Julio,7.32,1.7,5.2,6.7,2026-04-22T13:39:35.057895+00:00
Comunidad Valenciana,10,6,2019,Junio,7.22,2.5,4.2,6.4,2026-04-22T13:39:35.057895+00:00
Comunidad Valenciana,10,5,2019,Mayo,7.02,0.9,2.9,5.9,2026-04-22T13:39:35.057895+00:00
Comunidad Valenciana,10,4,2019,Abril,6.92,0.8,1.9,6.1,2026-04-22T13:39:35.057895+00:00
Comunidad Valenciana,10,3,2019,Marzo,6.92,1.1,0.2,7.1,2026-04-22T13:39:35.057895+00:00
Comunidad Valenciana,10,2,2019,Febrero,6.82,0.0,-1.4,6.3,2026-04-22T13:39:35.057895+00:00
Comunidad Valenciana,10,1,2019,Enero,6.82,-0.9,-1.5,6.7,2026-04-22T13:39:35.057895+00:00
Comunidad Valenciana,10,12,2018,Diciembre,6.92,-0.5,0.0,8.2,2026-04-22T13:39:35.057895+00:00
Comunidad Valenciana,10,11,2018,Noviembre,6.92,-0.1,0.3,8.8,2026-04-22T13:39:35.057895+00:00
Comunidad Valenciana,10,10,2018,Octubre,6.92,0.6,1.1,9.7,2026-04-22T13:39:35.057895+00:00
Comunidad Valenciana,10,9,2018,Septiembre,6.92,-0.2,1.9,11.1,2026-04-22T13:39:35.057895+00:00
Comunidad Valenciana,10,8,2018,Agosto,6.92,0.7,4.1,11.9,2026-04-22T13:39:35.057895+00:00
Comunidad Valenciana,10,7,2018,Julio,6.82,1.4,4.5,12.1,2026-04-22T13:39:35.057895+00:00
Comunidad Valenciana,10,6,2018,Junio,6.72,2.0,4.9,11.3,2026-04-22T13:39:35.057895+00:00
Comunidad Valenciana,10,5,2018,Mayo,6.62,1.1,3.3,11.5,2026-04-22T13:39:35.057895+00:00
Comunidad Valenciana,10,4,2018,Abril,6.52,1.7,2.5,11.9,2026-04-22T13:39:35.057895+00:00
Comunidad Valenciana,10,3,2018,Marzo,6.42,0.4,1.2,10.2,2026-04-22T13:39:35.057895+00:00
Comunidad Valenciana,10,2,2018,Febrero,6.42,0.3,0.9,10.0,2026-04-22T13:39:35.057895+00:00
Comunidad Valenciana,10,1,2018,Enero,6.42,0.5,1.3,10.1,2026-04-22T13:39:35.057895+00:00
Comunidad Valenciana,10,12,2017,Diciembre,6.42,0.2,2.7,10.4,2026-04-22T13:39:35.057895+00:00
Comunidad Valenciana,10,11,2017,Noviembre,6.32,0.7,3.1,9.9,2026-04-22T13:39:35.057895+00:00
Comunidad Valenciana,10,10,2017,Octubre,6.32,1.8,3.3,9.0,2026-04-22T13:39:35.057895+00:00
Comunidad Valenciana,10,9,2017,Septiembre,6.22,0.5,2.1,7.2,2026-04-22T13:39:35.057895+00:00
Comunidad Valenciana,10,8,2017,Agosto,6.22,0.9,3.8,6.7,2026-04-22T13:39:35.057895+00:00
Comunidad Valenciana,10,7,2017,Julio,6.12,0.6,4.3,6.9,2026-04-22T13:39:35.057895+00:00
Comunidad Valenciana,10,6,2017,Junio,6.12,2.2,3.9,7.7,2026-04-22T13:39:35.057895+00:00
Comunidad Valenciana,10,5,2017,Mayo,5.92,1.5,1.9,6.4,2026-04-22T13:39:35.057895+00:00
Comunidad Valenciana,10,4,2017,Abril,5.82,0.2,0.8,6.0,2026-04-22T13:39:35.057895+00:00
Comunidad Valenciana,10,3,2017,Marzo,5.82,0.2,1.3,6.7,2026-04-22T13:39:35.057895+00:00
Comunidad Valenciana,10,2,2017,Febrero,5.82,0.4,0.8,7.6,2026-04-22T13:39:35.057895+00:00
Comunidad Valenciana,10,1,2017,Enero,5.82,0.8,0.3,8.1,2026-04-22T13:39:35.057895+00:00
Comunidad Valenciana,10,12,2016,Diciembre,5.82,-0.3,-0.2,8.0,2026-04-22T13:39:35.057895+00:00
Comunidad Valenciana,10,11,2016,Noviembre,5.82,-0.1,0.0,8.5,2026-04-22T13:39:35.057895+00:00
Comunidad Valenciana,10,10,2016,Octubre,5.82,0.2,1.3,9.4,2026-04-22T13:39:35.057895+00:00
Comunidad Valenciana,10,9,2016,Septiembre,5.82,0.0,2.4,9.1,2026-04-22T13:39:35.057895+00:00
Comunidad Valenciana,10,8,2016,Agosto,5.82,1.1,3.5,9.8,2026-04-22T13:39:35.057895+00:00
Comunidad Valenciana,10,7,2016,Julio,5.72,1.3,3.5,8.6,2026-04-22T13:39:35.057895+00:00
Comunidad Valenciana,10,6,2016,Junio,5.62,1.0,3.0,7.9,2026-04-22T13:39:35.057895+00:00
Comunidad Valenciana,10,5,2016,Mayo,5.62,1.1,3.1,7.2,2026-04-22T13:39:35.057895+00:00
Comunidad Valenciana,10,4,2016,Abril,5.52,0.9,2.8,6.4,2026-04-22T13:39:35.057895+00:00
Comunidad Valenciana,10,3,2016,Marzo,5.52,1.1,2.6,5.9,2026-04-22T13:39:35.057895+00:00
Comunidad Valenciana,10,2,2016,Febrero,5.42,0.8,1.7,4.5,2026-04-22T13:39:35.057895+00:00
Comunidad Valenciana,10,1,2016,Enero,5.42,0.7,1.6,3.6,2026-04-22T13:39:35.057895+00:00
Comunidad Valenciana,10,12,2015,Diciembre,5.32,0.2,0.8,2.8,2026-04-22T13:39:35.057895+00:00
Comunidad Valenciana,10,11,2015,Noviembre,5.32,0.7,1.3,2.4,2026-04-22T13:39:35.057895+00:00
Comunidad Valenciana,10,10,2015,Octubre,5.32,-0.1,0.6,1.9,2026-04-22T13:39:35.057895+00:00
Comunidad Valenciana,10,9,2015,Septiembre,5.32,0.6,1.3,2.1,2026-04-22T13:39:35.057895+00:00
Comunidad Valenciana,10,8,2015,Agosto,5.32,0.0,1.0,1.3,2026-04-22T13:39:35.057895+00:00
Comunidad Valenciana,10,7,2015,Julio,5.32,0.6,1.3,2.0,2026-04-22T13:39:35.057895+00:00
Comunidad Valenciana,10,6,2015,Junio,5.22,0.3,1.1,2.0,2026-04-22T13:39:35.057895+00:00
Comunidad Valenciana,10,5,2015,Mayo,5.22,0.4,0.5,1.6,2026-04-22T13:39:35.057895+00:00
Comunidad Valenciana,10,4,2015,Abril,5.22,0.4,0.1,0.9,2026-04-22T13:39:35.057895+00:00
Comunidad Valenciana,10,3,2015,Marzo,5.22,-0.3,-0.4,0.6,2026-04-22T13:39:35.057895+00:00
Comunidad Valenciana,10,2,2015,Febrero,5.22,-0.1,-0.4,0.8,2026-04-22T13:39:35.057895+00:00
Comunidad Valenciana,10,1,2015,Enero,5.22,-0.1,-0.1,0.4,2026-04-22T13:39:35.057895+00:00
Comunidad Valenciana,10,12,2014,Diciembre,5.22,-0.2,0.1,0.1,2026-04-22T13:39:35.057895+00:00
Comunidad Valenciana,10,11,2014,Noviembre,5.22,0.2,0.2,-0.1,2026-04-22T13:39:35.057895+00:00
Comunidad Valenciana,10,10,2014,Octubre,5.22,0.1,0.7,-0.7,2026-04-22T13:39:35.057895+00:00
Comunidad Valenciana,10,9,2014,Septiembre,5.22,-0.1,1.2,-1.2,2026-04-22T13:39:35.057895+00:00
Comunidad Valenciana,10,8,2014,Agosto,5.22,0.7,1.3,-1.0,2026-04-22T13:39:35.057895+00:00
Comunidad Valenciana,10,7,2014,Julio,5.22,0.6,0.2,-2.3,2026-04-22T13:39:35.057895+00:00
Comunidad Valenciana,10,6,2014,Junio,5.12,-0.1,-0.3,-3.0,2026-04-22T13:39:35.057895+00:00
Comunidad Valenciana,10,5,2014,Mayo,5.12,-0.3,-0.3,-3.0,2026-04-22T13:39:35.057895+00:00
Comunidad Valenciana,10,4,2014,Abril,5.12,0.1,-0.5,-2.9,2026-04-22T13:39:35.057895+00:00
Comunidad Valenciana,10,3,2014,Marzo,5.12,0.0,-0.9,-3.6,2026-04-22T13:39:35.057895+00:00
Comunidad Valenciana,10,2,2014,Febrero,5.12,-0.5,-1.2,-4.4,2026-04-22T13:39:35.057895+00:00
Comunidad Valenciana,10,1,2014,Enero,5.22,-0.3,-1.2,-4.2,2026-04-22T13:39:35.057895+00:00
Comunidad Valenciana,10,12,2013,Diciembre,5.22,-0.4,-1.2,-3.9,2026-04-22T13:39:35.057895+00:00
Comunidad Valenciana,10,11,2013,Noviembre,5.22,-0.4,-0.8,-4.9,2026-04-22T13:39:35.057895+00:00
Comunidad Valenciana,10,10,2013,Octubre,5.22,-0.4,-1.0,-4.9,2026-04-22T13:39:35.057895+00:00
Comunidad Valenciana,10,9,2013,Septiembre,5.22,0.0,-0.7,-5.1,2026-04-22T13:39:35.057895+00:00
Comunidad Valenciana,10,8,2013,Agosto,5.22,-0.6,-0.7,-5.9,2026-04-22T13:39:35.057895+00:00
Comunidad Valenciana,10,7,2013,Julio,5.32,-0.1,-0.4,-6.2,2026-04-22T13:39:35.057895+00:00
Comunidad Valenciana,10,6,2013,Junio,5.32,0.0,-0.9,-6.3,2026-04-22T13:39:35.057895+00:00
Comunidad Valenciana,10,5,2013,Mayo,5.32,-0.2,-1.7,-6.8,2026-04-22T13:39:35.057895+00:00
Comunidad Valenciana,10,4,2013,Abril,5.32,-0.6,-1.7,-6.4,2026-04-22T13:39:35.057895+00:00
Comunidad Valenciana,10,3,2013,Marzo,5.32,-0.8,-1.2,-6.0,2026-04-22T13:39:35.057895+00:00
Comunidad Valenciana,10,2,2013,Febrero,5.42,-0.3,-1.8,-5.1,2026-04-22T13:39:35.057895+00:00
Comunidad Valenciana,10,1,2013,Enero,5.42,-0.1,-1.9,-4.7,2026-04-22T13:39:35.057895+00:00
Comunidad Valenciana,10,12,2012,Diciembre,5.42,-1.4,-2.5,-5.1,2026-04-22T13:39:35.057895+00:00
Comunidad Valenciana,10,11,2012,Noviembre,5.52,-0.4,-1.9,-4.2,2026-04-22T13:39:35.057895+00:00
Comunidad Valenciana,10,10,2012,Octubre,5.52,-0.7,-2.3,-3.8,2026-04-22T13:39:35.057895+00:00
Comunidad Valenciana,10,9,2012,Septiembre,5.52,-0.8,-1.9,-2.8,2026-04-22T13:39:35.057895+00:00
Comunidad Valenciana,10,8,2012,Agosto,5.62,-0.9,-1.7,-2.4,2026-04-22T13:39:35.057895+00:00
Comunidad Valenciana,10,7,2012,Julio,5.62,-0.3,-0.6,-1.6,2026-04-22T13:39:35.057895+00:00
Comunidad Valenciana,10,6,2012,Junio,5.62,-0.5,-0.5,-2.1,2026-04-22T13:39:35.057895+00:00
Comunidad Valenciana,10,5,2012,Mayo,5.72,0.2,0.1,-1.1,2026-04-22T13:39:35.057895+00:00
Comunidad Valenciana,10,4,2012,Abril,5.72,-0.2,0.1,-1.0,2026-04-22T13:39:35.057895+00:00
Comunidad Valenciana,10,3,2012,Marzo,5.72,0.1,-0.2,-0.6,2026-04-22T13:39:35.057895+00:00
Comunidad Valenciana,10,2,2012,Febrero,5.72,0.1,-0.9,-0.9,2026-04-22T13:39:35.057895+00:00
Comunidad Valenciana,10,1,2012,Enero,5.72,-0.5,-0.9,-2.1,2026-04-22T13:39:35.057895+00:00
Comunidad Valenciana,10,12,2011,Diciembre,5.72,-0.5,-0.1,-2.7,2026-04-22T13:39:35.057895+00:00
Comunidad Valenciana,10,11,2011,Noviembre,5.72,0.0,-0.1,-3.0,2026-04-22T13:39:35.057895+00:00
Comunidad Valenciana,10,10,2011,Octubre,5.72,0.3,-0.1,-3.6,2026-04-22T13:39:35.057895+00:00
Comunidad Valenciana,10,9,2011,Septiembre,5.72,-0.5,-1.3,-4.0,2026-04-22T13:39:35.057895+00:00
Comunidad Valenciana,10,8,2011,Agosto,5.72,0.0,-0.3,-4.5,2026-04-22T13:39:35.057895+00:00
Comunidad Valenciana,10,7,2011,Julio,5.72,-0.8,0.0,-7.2,2026-04-22T13:39:35.057895+00:00
Comunidad Valenciana,10,6,2011,Junio,5.82,0.5,1.0,-6.9,2026-04-22T13:39:35.057895+00:00
Comunidad Valenciana,10,5,2011,Mayo,5.72,0.3,0.4,-8.1,2026-04-22T13:39:35.057895+00:00
Comunidad Valenciana,10,4,2011,Abril,5.72,0.2,-1.0,-8.4,2026-04-22T13:39:35.057895+00:00
Comunidad Valenciana,10,3,2011,Marzo,5.72,-0.1,-2.2,-8.7,2026-04-22T13:39:35.057895+00:00
Comunidad Valenciana,10,2,2011,Febrero,5.72,-1.1,-3.0,-8.3,2026-04-22T13:39:35.057895+00:00
Comunidad Valenciana,10,1,2011,Enero,5.82,-1.1,-2.5,-7.9,2026-04-22T13:39:35.057895+00:00
Comunidad Valenciana,10,12,2010,Diciembre,5.82,-0.9,-1.5,-7.6,2026-04-22T13:39:35.057895+00:00
Comunidad Valenciana,10,11,2010,Noviembre,5.92,-0.5,-1.6,-7.6,2026-04-22T13:39:35.057895+00:00
Comunidad Valenciana,10,10,2010,Octubre,5.92,-0.1,-3.9,-7.6,2026-04-22T13:39:35.057895+00:00
Comunidad Valenciana,10,9,2010,Septiembre,5.92,-1.0,-4.3,-8.1,2026-04-22T13:39:35.057895+00:00
Comunidad Valenciana,10,8,2010,Agosto,6.02,-2.8,-4.1,-8.7,2026-04-22T13:39:35.057895+00:00
Comunidad Valenciana,10,7,2010,Julio,6.22,-0.5,-1.3,-6.4,2026-04-22T13:39:35.057895+00:00
Comunidad Valenciana,10,6,2010,Junio,6.22,-0.8,-1.0,-5.9,2026-04-22T13:39:35.057895+00:00
Comunidad Valenciana,10,5,2010,Mayo,6.22,0.0,0.2,-4.7,2026-04-22T13:39:35.057895+00:00
Comunidad Valenciana,10,4,2010,Abril,6.22,-0.2,-0.5,-5.5,2026-04-22T13:39:35.057895+00:00
Comunidad Valenciana,10,3,2010,Marzo,6.22,0.4,-1.0,-5.2,2026-04-22T13:39:35.057895+00:00
Comunidad Valenciana,10,2,2010,Febrero,6.22,-0.6,-2.3,-6.3,2026-04-22T13:39:35.057895+00:00
Comunidad Valenciana,10,1,2010,Enero,6.32,-0.8,-2.2,-6.8,2026-04-22T13:39:35.057895+00:00
Comunidad Valenciana,10,12,2009,Diciembre,6.32,-0.9,-2.0,-7.0,2026-04-22T13:39:35.057895+00:00
Comunidad Valenciana,10,11,2009,Noviembre,6.42,-0.5,-2.7,-8.0,2026-04-22T13:39:35.057895+00:00
Comunidad Valenciana,10,10,2009,Octubre,6.42,-0.5,-2.6,-7.7,2026-04-22T13:39:35.057895+00:00
Comunidad Valenciana,10,9,2009,Septiembre,6.42,-1.7,-2.0,-9.2,2026-04-22T13:39:35.057895+00:00
Comunidad Valenciana,10,8,2009,Agosto,6.62,-0.4,0.1,-10.0,2026-04-22T13:39:35.057895+00:00
Comunidad Valenciana,10,7,2009,Julio,6.62,0.0,-0.3,-10.6,2026-04-22T13:39:35.057895+00:00
Comunidad Valenciana,10,6,2009,Junio,6.62,0.5,-0.3,-11.3,2026-04-22T13:39:35.057895+00:00
Comunidad Valenciana,10,5,2009,Mayo,6.52,-0.9,-1.5,-11.0,2026-04-22T13:39:35.057895+00:00
Comunidad Valenciana,10,4,2009,Abril,6.62,0.1,-1.8,-8.5,2026-04-22T13:39:35.057895+00:00
Comunidad Valenciana,10,3,2009,Marzo,6.62,-0.8,-2.8,-9.7,2026-04-22T13:39:35.057895+00:00
Comunidad Valenciana,10,2,2009,Febrero,6.62,-1.1,-4.1,-10.5,2026-04-22T13:39:35.057895+00:00
Comunidad Valenciana,10,1,2009,Enero,6.72,-1.0,-3.2,-11.2,2026-04-22T13:39:35.057895+00:00
Comunidad Valenciana,10,12,2008,Diciembre,6.82,-2.1,-4.3,-11.8,2026-04-22T13:39:35.057895+00:00
Comunidad Valenciana,10,11,2008,Noviembre,6.92,-0.2,-4.8,-9.0,2026-04-22T13:39:35.057895+00:00
Comunidad Valenciana,10,10,2008,Octubre,6.92,-2.1,-5.6,-11.0,2026-04-22T13:39:35.057895+00:00
Comunidad Valenciana,10,9,2008,Septiembre,7.12,-2.6,-4.3,-14.3,2026-04-22T13:39:35.057895+00:00
Comunidad Valenciana,10,8,2008,Agosto,7.32,-1.0,-0.9,-11.5,2026-04-22T13:39:35.057895+00:00
Comunidad Valenciana,10,7,2008,Julio,7.42,-0.8,2.0,-11.7,2026-04-22T13:39:35.057895+00:00
Comunidad Valenciana,10,6,2008,Junio,7.42,0.9,1.6,-12.1,2026-04-22T13:39:35.057895+00:00
Comunidad Valenciana,10,5,2008,Mayo,7.42,1.9,-1.0,-11.0,2026-04-22T13:39:35.057895+00:00
Comunidad Valenciana,10,4,2008,Abril,7.22,-1.2,-4.7,-10.1,2026-04-22T13:39:35.057895+00:00
Comunidad Valenciana,10,3,2008,Marzo,7.32,-1.7,-5.2,-6.7,2026-04-22T13:39:35.057895+00:00
Comunidad Valenciana,10,2,2008,Febrero,7.42,-1.8,-2.4,-6.1,2026-04-22T13:39:35.057895+00:00
Comunidad Valenciana,10,1,2008,Enero,7.62,-1.7,-3.1,-7.6,2026-04-22T13:39:35.057895+00:00
Comunidad Valenciana,10,12,2007,Diciembre,7.72,1.1,-7.0,-7.9,2026-04-22T13:39:35.057895+00:00
Comunidad Valenciana,10,11,2007,Noviembre,7.62,-2.5,-7.4,-7.7,2026-04-22T13:39:35.057895+00:00
Comunidad Valenciana,10,10,2007,Octubre,7.82,-5.7,-6.3,-5.7,2026-04-22T13:39:35.057895+00:00
Comunidad Valenciana,10,9,2007,Septiembre,8.32,0.6,-1.9,-1.7,2026-04-22T13:39:35.057895+00:00
Comunidad Valenciana,10,8,2007,Agosto,8.22,-1.3,-0.5,-8.1,2026-04-22T13:39:35.057895+00:00
Comunidad Valenciana,10,7,2007,Julio,8.32,-1.3,3.9,-9.6,2026-04-22T13:39:35.057895+00:00
Comunidad Valenciana,10,6,2007,Junio,8.42,2.1,7.9,-8.8,2026-04-22T13:39:35.057895+00:00
Comunidad Valenciana,10,5,2007,Mayo,8.32,3.0,4.4,-10.5,2026-04-22T13:39:35.057895+00:00
Comunidad Valenciana,10,4,2007,Abril,8.02,2.6,-2.0,-14.6,2026-04-22T13:39:35.057895+00:00
Comunidad Valenciana,10,3,2007,Marzo,7.82,-1.2,-6.5,-16.6,2026-04-22T13:39:35.057895+00:00
Comunidad Valenciana,10,2,2007,Febrero,7.92,-3.4,-4.1,-20.6,2026-04-22T13:39:35.057895+00:00
Comunidad Valenciana,10,1,2007,Enero,8.22,-2.0,-1.0,-18.2,2026-04-22T13:39:35.057895+00:00
Comunidad Valenciana,10,12,2006,Diciembre,8.42,1.4,-0.7,,2026-04-22T13:39:35.057895+00:00
Comunidad Valenciana,10,11,2006,Noviembre,8.22,-0.3,-7.8,,2026-04-22T13:39:35.057895+00:00
Comunidad Valenciana,10,10,2006,Octubre,8.32,-1.7,-10.2,,2026-04-22T13:39:35.057895+00:00
Comunidad Valenciana,10,9,2006,Septiembre,8.42,-5.9,-9.1,,2026-04-22T13:39:35.057895+00:00
Comunidad Valenciana,10,8,2006,Agosto,8.92,-2.9,-3.1,,2026-04-22T13:39:35.057895+00:00
Comunidad Valenciana,10,7,2006,Julio,9.22,-0.5,-1.9,,2026-04-22T13:39:35.057895+00:00
Comunidad Valenciana,10,6,2006,Junio,9.32,0.3,-1.3,,2026-04-22T13:39:35.057895+00:00
Comunidad Valenciana,10,5,2006,Mayo,9.22,-1.7,-7.4,,2026-04-22T13:39:35.057895+00:00
Comunidad Valenciana,10,4,2006,Abril,9.42,0.1,-6.2,,2026-04-22T13:39:35.057895+00:00
Comunidad Valenciana,10,3,2006,Marzo,9.42,-5.9,,,2026-04-22T13:39:35.057895+00:00
Comunidad Valenciana,10,2,2006,Febrero,10.02,-0.5,,,2026-04-22T13:39:35.057895+00:00
Comunidad Valenciana,10,1,2006,Enero,10.02,,,,2026-04-22T13:39:35.057895+00:00
Canarias,05,3,2026,Marzo,15.62,1.3,2.2,8.8,2026-04-22T13:40:48.192696+00:00
Canarias,05,2,2026,Febrero,15.42,0.8,2.1,7.5,2026-04-22T13:40:48.192696+00:00
Canarias,05,1,2026,Enero,15.32,0.0,1.2,7.8,2026-04-22T13:40:48.192696+00:00
Canarias,05,12,2025,Diciembre,15.32,1.3,1.4,8.2,2026-04-22T13:40:48.192696+00:00
Canarias,05,11,2025,Noviembre,15.12,-0.1,0.4,7.4,2026-04-22T13:40:48.192696+00:00
Canarias,05,10,2025,Octubre,15.12,0.3,0.3,8.1,2026-04-22T13:40:48.192696+00:00
Canarias,05,9,2025,Septiembre,15.02,0.2,-0.6,8.7,2026-04-22T13:40:48.192696+00:00
Canarias,05,8,2025,Agosto,15.02,-0.1,1.0,7.4,2026-04-22T13:40:48.192696+00:00
Canarias,05,7,2025,Julio,15.02,-0.6,2.9,7.9,2026-04-22T13:40:48.192696+00:00
Canarias,05,6,2025,Junio,15.12,1.8,5.6,6.5,2026-04-22T13:40:48.192696+00:00
Canarias,05,5,2025,Mayo,14.92,1.7,3.9,6.5,2026-04-22T13:40:48.192696+00:00
Canarias,05,4,2025,Abril,14.62,2.0,3.2,7.2,2026-04-22T13:40:48.192696+00:00
Canarias,05,3,2025,Marzo,14.32,0.1,1.6,7.9,2026-04-22T13:40:48.192696+00:00
Canarias,05,2,2025,Febrero,14.32,1.0,2.0,8.7,2026-04-22T13:40:48.192696+00:00
Canarias,05,1,2025,Enero,14.22,0.4,1.5,9.2,2026-04-22T13:40:48.192696+00:00
Canarias,05,12,2024,Diciembre,14.12,0.6,1.9,10.3,2026-04-22T13:40:48.192696+00:00
Canarias,05,11,2024,Noviembre,14.02,0.5,0.3,8.5,2026-04-22T13:40:48.192696+00:00
Canarias,05,10,2024,Octubre,14.02,0.8,0.1,8.8,2026-04-22T13:40:48.192696+00:00
Canarias,05,9,2024,Septiembre,13.82,-1.0,-2.6,8.6,2026-04-22T13:40:48.192696+00:00
Canarias,05,8,2024,Agosto,14.02,0.4,0.2,10.8,2026-04-22T13:40:48.192696+00:00
Canarias,05,7,2024,Julio,13.92,-1.9,2.2,9.7,2026-04-22T13:40:48.192696+00:00
Canarias,05,6,2024,Junio,14.22,1.8,6.9,13.6,2026-04-22T13:40:48.192696+00:00
Canarias,05,5,2024,Mayo,14.02,2.3,6.0,12.8,2026-04-22T13:40:48.192696+00:00
Canarias,05,4,2024,Abril,13.62,2.6,5.1,12.8,2026-04-22T13:40:48.192696+00:00
Canarias,05,3,2024,Marzo,13.32,0.9,3.9,13.3,2026-04-22T13:40:48.192696+00:00
Canarias,05,2,2024,Febrero,13.22,1.5,1.8,13.6,2026-04-22T13:40:48.192696+00:00
Canarias,05,1,2024,Enero,13.02,1.5,1.1,13.2,2026-04-22T13:40:48.192696+00:00
Canarias,05,12,2023,Diciembre,12.82,-1.1,0.3,11.3,2026-04-22T13:40:48.192696+00:00
Canarias,05,11,2023,Noviembre,12.92,0.8,2.4,12.7,2026-04-22T13:40:48.192696+00:00
Canarias,05,10,2023,Octubre,12.82,0.6,1.0,13.1,2026-04-22T13:40:48.192696+00:00
Canarias,05,9,2023,Septiembre,12.82,1.0,2.0,14.5,2026-04-22T13:40:48.192696+00:00
Canarias,05,8,2023,Agosto,12.62,-0.6,2.0,14.0,2026-04-22T13:40:48.192696+00:00
Canarias,05,7,2023,Julio,12.72,1.6,5.1,16.4,2026-04-22T13:40:48.192696+00:00
Canarias,05,6,2023,Junio,12.52,1.0,6.6,14.6,2026-04-22T13:40:48.192696+00:00
Canarias,05,5,2023,Mayo,12.42,2.3,6.7,15.5,2026-04-22T13:40:48.192696+00:00
Canarias,05,4,2023,Abril,12.12,3.1,5.5,15.7,2026-04-22T13:40:48.192696+00:00
Canarias,05,3,2023,Marzo,11.72,1.2,2.0,13.7,2026-04-22T13:40:48.192696+00:00
Canarias,05,2,2023,Febrero,11.62,1.2,1.0,13.0,2026-04-22T13:40:48.192696+00:00
Canarias,05,1,2023,Enero,11.52,-0.3,1.0,11.6,2026-04-22T13:40:48.192696+00:00
Canarias,05,12,2022,Diciembre,11.52,0.1,3.2,13.0,2026-04-22T13:40:48.192696+00:00
Canarias,05,11,2022,Noviembre,11.52,1.2,3.7,13.6,2026-04-22T13:40:48.192696+00:00
Canarias,05,10,2022,Octubre,11.32,1.9,4.0,13.6,2026-04-22T13:40:48.192696+00:00
Canarias,05,9,2022,Septiembre,11.12,0.6,2.1,12.9,2026-04-22T13:40:48.192696+00:00
Canarias,05,8,2022,Agosto,11.12,1.5,3.4,12.4,2026-04-22T13:40:48.192696+00:00
Canarias,05,7,2022,Julio,10.92,0.1,4.4,10.5,2026-04-22T13:40:48.192696+00:00
Canarias,05,6,2022,Junio,10.92,1.8,5.7,11.2,2026-04-22T13:40:48.192696+00:00
Canarias,05,5,2022,Mayo,10.72,2.5,4.4,9.1,2026-04-22T13:40:48.192696+00:00
Canarias,05,4,2022,Abril,10.52,1.3,1.8,7.2,2026-04-22T13:40:48.192696+00:00
Canarias,05,3,2022,Marzo,10.32,0.5,1.4,6.2,2026-04-22T13:40:48.192696+00:00
Canarias,05,2,2022,Febrero,10.32,-0.1,1.5,5.7,2026-04-22T13:40:48.192696+00:00
Canarias,05,1,2022,Enero,10.32,1.0,2.8,5.3,2026-04-22T13:40:48.192696+00:00
Canarias,05,12,2021,Diciembre,10.22,0.6,3.1,3.7,2026-04-22T13:40:48.192696+00:00
Canarias,05,11,2021,Noviembre,10.12,1.2,2.6,2.4,2026-04-22T13:40:48.192696+00:00
Canarias,05,10,2021,Octubre,10.02,1.3,1.1,1.1,2026-04-22T13:40:48.192696+00:00
Canarias,05,9,2021,Septiembre,9.92,0.1,0.5,0.7,2026-04-22T13:40:48.192696+00:00
Canarias,05,8,2021,Agosto,9.82,-0.3,0.3,0.9,2026-04-22T13:40:48.192696+00:00
Canarias,05,7,2021,Julio,9.92,0.7,1.3,0.2,2026-04-22T13:40:48.192696+00:00
Canarias,05,6,2021,Junio,9.82,0.0,1.0,-2.2,2026-04-22T13:40:48.192696+00:00
Canarias,05,5,2021,Mayo,9.82,0.6,1.1,-3.1,2026-04-22T13:40:48.192696+00:00
Canarias,05,4,2021,Abril,9.82,0.4,0.0,-2.6,2026-04-22T13:40:48.192696+00:00
Canarias,05,3,2021,Marzo,9.72,0.1,-0.9,-1.5,2026-04-22T13:40:48.192696+00:00
Canarias,05,2,2021,Febrero,9.72,-0.5,-1.7,-1.6,2026-04-22T13:40:48.192696+00:00
Canarias,05,1,2021,Enero,9.82,-0.5,-1.3,-1.0,2026-04-22T13:40:48.192696+00:00
Canarias,05,12,2020,Diciembre,9.82,-0.7,0.1,-0.7,2026-04-22T13:40:48.192696+00:00
Canarias,05,11,2020,Noviembre,9.92,-0.1,1.1,-0.2,2026-04-22T13:40:48.192696+00:00
Canarias,05,10,2020,Octubre,9.92,0.9,0.3,-0.7,2026-04-22T13:40:48.192696+00:00
Canarias,05,9,2020,Septiembre,9.82,0.4,-2.4,-0.4,2026-04-22T13:40:48.192696+00:00
Canarias,05,8,2020,Agosto,9.82,-0.9,-3.7,-1.6,2026-04-22T13:40:48.192696+00:00
Canarias,05,7,2020,Julio,9.92,-1.8,-1.7,-2.1,2026-04-22T13:40:48.192696+00:00
Canarias,05,6,2020,Junio,10.02,-1.0,1.7,0.1,2026-04-22T13:40:48.192696+00:00
Canarias,05,5,2020,Mayo,10.12,1.2,2.8,2.8,2026-04-22T13:40:48.192696+00:00
Canarias,05,4,2020,Abril,10.02,1.6,1.7,3.6,2026-04-22T13:40:48.192696+00:00
Canarias,05,3,2020,Marzo,9.92,0.0,-0.1,3.1,2026-04-22T13:40:48.192696+00:00
Canarias,05,2,2020,Febrero,9.92,0.1,-0.3,3.2,2026-04-22T13:40:48.192696+00:00
Canarias,05,1,2020,Enero,9.92,-0.2,-1.0,3.4,2026-04-22T13:40:48.192696+00:00
Canarias,05,12,2019,Diciembre,9.92,-0.2,0.4,2.8,2026-04-22T13:40:48.192696+00:00
Canarias,05,11,2019,Noviembre,9.92,-0.5,-0.3,5.2,2026-04-22T13:40:48.192696+00:00
Canarias,05,10,2019,Octubre,9.92,1.2,-1.1,5.9,2026-04-22T13:40:48.192696+00:00
Canarias,05,9,2019,Septiembre,9.82,-0.9,-2.0,4.9,2026-04-22T13:40:48.192696+00:00
Canarias,05,8,2019,Agosto,9.92,-1.4,0.7,6.4,2026-04-22T13:40:48.192696+00:00
Canarias,05,7,2019,Julio,10.12,0.3,4.0,7.4,2026-04-22T13:40:48.192696+00:00
Canarias,05,6,2019,Junio,10.02,1.8,4.9,7.3,2026-04-22T13:40:48.192696+00:00
Canarias,05,5,2019,Mayo,9.92,1.9,3.1,5.8,2026-04-22T13:40:48.192696+00:00
Canarias,05,4,2019,Abril,9.72,1.1,1.5,6.6,2026-04-22T13:40:48.192696+00:00
Canarias,05,3,2019,Marzo,9.62,0.1,-0.4,8.9,2026-04-22T13:40:48.192696+00:00
Canarias,05,2,2019,Febrero,9.62,0.3,1.6,9.4,2026-04-22T13:40:48.192696+00:00
Canarias,05,1,2019,Enero,9.52,-0.7,1.5,9.2,2026-04-22T13:40:48.192696+00:00
Canarias,05,12,2018,Diciembre,9.62,2.0,2.4,10.5,2026-04-22T13:40:48.192696+00:00
Canarias,05,11,2018,Noviembre,9.42,0.2,0.9,9.8,2026-04-22T13:40:48.192696+00:00
Canarias,05,10,2018,Octubre,9.42,0.2,0.3,11.5,2026-04-22T13:40:48.192696+00:00
Canarias,05,9,2018,Septiembre,9.42,0.5,0.2,12.8,2026-04-22T13:40:48.192696+00:00
Canarias,05,8,2018,Agosto,9.32,-0.4,0.1,13.2,2026-04-22T13:40:48.192696+00:00
Canarias,05,7,2018,Julio,9.42,0.2,3.2,16.4,2026-04-22T13:40:48.192696+00:00
Canarias,05,6,2018,Junio,9.42,0.4,6.5,16.4,2026-04-22T13:40:48.192696+00:00
Canarias,05,5,2018,Mayo,9.32,2.7,6.7,18.6,2026-04-22T13:40:48.192696+00:00
Canarias,05,4,2018,Abril,9.12,3.3,4.0,17.1,2026-04-22T13:40:48.192696+00:00
Canarias,05,3,2018,Marzo,8.82,0.5,1.2,15.5,2026-04-22T13:40:48.192696+00:00
Canarias,05,2,2018,Febrero,8.72,0.2,2.0,17.1,2026-04-22T13:40:48.192696+00:00
Canarias,05,1,2018,Enero,8.72,0.4,3.5,18.7,2026-04-22T13:40:48.192696+00:00
Canarias,05,12,2017,Diciembre,8.72,1.4,4.5,18.5,2026-04-22T13:40:48.192696+00:00
Canarias,05,11,2017,Noviembre,8.62,1.7,4.0,16.2,2026-04-22T13:40:48.192696+00:00
Canarias,05,10,2017,Octubre,8.42,1.4,4.7,14.9,2026-04-22T13:40:48.192696+00:00
Canarias,05,9,2017,Septiembre,8.32,0.8,3.4,14.7,2026-04-22T13:40:48.192696+00:00
Canarias,05,8,2017,Agosto,8.22,2.4,4.9,14.3,2026-04-22T13:40:48.192696+00:00
Canarias,05,7,2017,Julio,8.02,0.2,3.9,12.6,2026-04-22T13:40:48.192696+00:00
Canarias,05,6,2017,Junio,8.02,2.2,5.6,13.6,2026-04-22T13:40:48.192696+00:00
Canarias,05,5,2017,Mayo,7.92,1.4,5.3,11.9,2026-04-22T13:40:48.192696+00:00
Canarias,05,4,2017,Abril,7.72,1.9,5.4,11.3,2026-04-22T13:40:48.192696+00:00
Canarias,05,3,2017,Marzo,7.62,1.9,3.7,10.7,2026-04-22T13:40:48.192696+00:00
Canarias,05,2,2017,Febrero,7.52,1.5,1.2,9.0,2026-04-22T13:40:48.192696+00:00
Canarias,05,1,2017,Enero,7.32,0.3,0.3,6.7,2026-04-22T13:40:48.192696+00:00
Canarias,05,12,2016,Diciembre,7.32,-0.6,1.2,6.7,2026-04-22T13:40:48.192696+00:00
Canarias,05,11,2016,Noviembre,7.42,0.6,2.3,7.4,2026-04-22T13:40:48.192696+00:00
Canarias,05,10,2016,Octubre,7.32,1.2,2.5,7.5,2026-04-22T13:40:48.192696+00:00
Canarias,05,9,2016,Septiembre,7.22,0.4,2.5,7.1,2026-04-22T13:40:48.192696+00:00
Canarias,05,8,2016,Agosto,7.22,0.8,2.7,7.0,2026-04-22T13:40:48.192696+00:00
Canarias,05,7,2016,Julio,7.12,1.2,2.7,6.1,2026-04-22T13:40:48.192696+00:00
Canarias,05,6,2016,Junio,7.12,0.7,2.9,5.7,2026-04-22T13:40:48.192696+00:00
Canarias,05,5,2016,Mayo,7.02,0.9,2.5,5.8,2026-04-22T13:40:48.192696+00:00
Canarias,05,4,2016,Abril,7.02,1.3,1.0,5.2,2026-04-22T13:40:48.192696+00:00
Canarias,05,3,2016,Marzo,6.92,0.3,0.0,5.3,2026-04-22T13:40:48.192696+00:00
Canarias,05,2,2016,Febrero,6.82,-0.6,-0.2,5.2,2026-04-22T13:40:48.192696+00:00
Canarias,05,1,2016,Enero,6.92,0.2,1.1,6.2,2026-04-22T13:40:48.192696+00:00
Canarias,05,12,2015,Diciembre,6.92,0.1,1.6,5.5,2026-04-22T13:40:48.192696+00:00
Canarias,05,11,2015,Noviembre,6.92,0.7,1.9,5.1,2026-04-22T13:40:48.192696+00:00
Canarias,05,10,2015,Octubre,6.82,0.8,1.1,4.5,2026-04-22T13:40:48.192696+00:00
Canarias,05,9,2015,Septiembre,6.82,0.3,1.1,4.3,2026-04-22T13:40:48.192696+00:00
Canarias,05,8,2015,Agosto,6.72,0.0,1.5,3.7,2026-04-22T13:40:48.192696+00:00
Canarias,05,7,2015,Julio,6.72,0.7,1.9,3.7,2026-04-22T13:40:48.192696+00:00
Canarias,05,6,2015,Junio,6.72,0.8,2.6,4.3,2026-04-22T13:40:48.192696+00:00
Canarias,05,5,2015,Mayo,6.62,0.3,2.0,4.4,2026-04-22T13:40:48.192696+00:00
Canarias,05,4,2015,Abril,6.62,1.4,2.0,4.1,2026-04-22T13:40:48.192696+00:00
Canarias,05,3,2015,Marzo,6.52,0.2,0.1,2.9,2026-04-22T13:40:48.192696+00:00
Canarias,05,2,2015,Febrero,6.52,0.4,-0.4,3.2,2026-04-22T13:40:48.192696+00:00
Canarias,05,1,2015,Enero,6.52,-0.5,-0.6,2.0,2026-04-22T13:40:48.192696+00:00
Canarias,05,12,2014,Diciembre,6.52,-0.3,0.5,2.4,2026-04-22T13:40:48.192696+00:00
Canarias,05,11,2014,Noviembre,6.52,0.1,0.5,2.4,2026-04-22T13:40:48.192696+00:00
Canarias,05,10,2014,Octubre,6.52,0.6,0.4,2.9,2026-04-22T13:40:48.192696+00:00
Canarias,05,9,2014,Septiembre,6.52,-0.2,1.2,2.2,2026-04-22T13:40:48.192696+00:00
Canarias,05,8,2014,Agosto,6.52,0.0,2.2,2.3,2026-04-22T13:40:48.192696+00:00
Canarias,05,7,2014,Julio,6.52,1.3,2.2,2.3,2026-04-22T13:40:48.192696+00:00
Canarias,05,6,2014,Junio,6.42,0.8,1.2,1.2,2026-04-22T13:40:48.192696+00:00
Canarias,05,5,2014,Mayo,6.42,0.0,0.8,0.0,2026-04-22T13:40:48.192696+00:00
Canarias,05,4,2014,Abril,6.42,0.3,0.0,0.0,2026-04-22T13:40:48.192696+00:00
Canarias,05,3,2014,Marzo,6.32,0.5,-0.4,-1.0,2026-04-22T13:40:48.192696+00:00
Canarias,05,2,2014,Febrero,6.32,-0.8,-1.1,-1.6,2026-04-22T13:40:48.192696+00:00
Canarias,05,1,2014,Enero,6.42,-0.1,0.3,-2.3,2026-04-22T13:40:48.192696+00:00
Canarias,05,12,2013,Diciembre,6.42,-0.2,0.3,-3.0,2026-04-22T13:40:48.192696+00:00
Canarias,05,11,2013,Noviembre,6.42,0.6,0.4,-3.3,2026-04-22T13:40:48.192696+00:00
Canarias,05,10,2013,Octubre,6.32,-0.1,-0.2,-4.6,2026-04-22T13:40:48.192696+00:00
Canarias,05,9,2013,Septiembre,6.32,-0.2,0.1,-5.6,2026-04-22T13:40:48.192696+00:00
Canarias,05,8,2013,Agosto,6.42,0.0,-0.1,-5.6,2026-04-22T13:40:48.192696+00:00
Canarias,05,7,2013,Julio,6.42,0.3,-0.1,-6.2,2026-04-22T13:40:48.192696+00:00
Canarias,05,6,2013,Junio,6.32,-0.3,-1.0,-6.6,2026-04-22T13:40:48.192696+00:00
Canarias,05,5,2013,Mayo,6.42,-0.1,-0.9,-5.9,2026-04-22T13:40:48.192696+00:00
Canarias,05,4,2013,Abril,6.42,-0.6,-2.3,-6.3,2026-04-22T13:40:48.192696+00:00
Canarias,05,3,2013,Marzo,6.42,-0.2,-2.4,-6.6,2026-04-22T13:40:48.192696+00:00
Canarias,05,2,2013,Febrero,6.42,-1.5,-2.8,-7.0,2026-04-22T13:40:48.192696+00:00
Canarias,05,1,2013,Enero,6.52,-0.8,-2.0,-5.6,2026-04-22T13:40:48.192696+00:00
Canarias,05,12,2012,Diciembre,6.62,-0.6,-2.4,-4.7,2026-04-22T13:40:48.192696+00:00
Canarias,05,11,2012,Noviembre,6.62,-0.8,-2.1,-4.9,2026-04-22T13:40:48.192696+00:00
Canarias,05,10,2012,Octubre,6.62,-1.1,-1.9,-4.5,2026-04-22T13:40:48.192696+00:00
Canarias,05,9,2012,Septiembre,6.72,-0.2,-1.0,-2.3,2026-04-22T13:40:48.192696+00:00
Canarias,05,8,2012,Agosto,6.72,-0.6,-0.3,-3.4,2026-04-22T13:40:48.192696+00:00
Canarias,05,7,2012,Julio,6.82,-0.2,-0.1,-4.4,2026-04-22T13:40:48.192696+00:00
Canarias,05,6,2012,Junio,6.82,0.5,-1.0,-5.4,2026-04-22T13:40:48.192696+00:00
Canarias,05,5,2012,Mayo,6.82,-0.5,-2.0,-6.6,2026-04-22T13:40:48.192696+00:00
Canarias,05,4,2012,Abril,6.82,-1.0,-1.6,-7.0,2026-04-22T13:40:48.192696+00:00
Canarias,05,3,2012,Marzo,6.92,-0.6,-0.4,-7.2,2026-04-22T13:40:48.192696+00:00
Canarias,05,2,2012,Febrero,6.92,-0.1,-0.6,-6.4,2026-04-22T13:40:48.192696+00:00
Canarias,05,1,2012,Enero,6.92,0.3,-0.9,-7.1,2026-04-22T13:40:48.192696+00:00
Canarias,05,12,2011,Diciembre,6.92,-0.8,0.0,-6.7,2026-04-22T13:40:48.192696+00:00
Canarias,05,11,2011,Noviembre,6.92,-0.3,-0.5,-5.5,2026-04-22T13:40:48.192696+00:00
Canarias,05,10,2011,Octubre,7.02,1.2,-1.9,-5.7,2026-04-22T13:40:48.192696+00:00
Canarias,05,9,2011,Septiembre,6.92,-1.3,-4.2,-6.5,2026-04-22T13:40:48.192696+00:00
Canarias,05,8,2011,Agosto,7.02,-1.7,-3.6,-5.4,2026-04-22T13:40:48.192696+00:00
Canarias,05,7,2011,Julio,7.12,-1.2,-2.8,-5.4,2026-04-22T13:40:48.192696+00:00
Canarias,05,6,2011,Junio,7.22,-0.7,-2.9,-5.3,2026-04-22T13:40:48.192696+00:00
Canarias,05,5,2011,Mayo,7.22,-0.9,-1.9,-4.2,2026-04-22T13:40:48.192696+00:00
Canarias,05,4,2011,Abril,7.32,-1.2,-1.8,-3.0,2026-04-22T13:40:48.192696+00:00
Canarias,05,3,2011,Marzo,7.42,0.3,0.1,-2.1,2026-04-22T13:40:48.192696+00:00
Canarias,05,2,2011,Febrero,7.42,-0.8,0.4,-2.4,2026-04-22T13:40:48.192696+00:00
Canarias,05,1,2011,Enero,7.42,0.7,0.6,-2.6,2026-04-22T13:40:48.192696+00:00
Canarias,05,12,2010,Diciembre,7.42,0.5,0.3,-0.7,2026-04-22T13:40:48.192696+00:00
Canarias,05,11,2010,Noviembre,7.32,-0.5,-0.4,-1.6,2026-04-22T13:40:48.192696+00:00
Canarias,05,10,2010,Octubre,7.42,0.4,-1.5,-1.5,2026-04-22T13:40:48.192696+00:00
Canarias,05,9,2010,Septiembre,7.42,-0.2,-2.9,-4.9,2026-04-22T13:40:48.192696+00:00
Canarias,05,8,2010,Agosto,7.42,-1.7,-2.3,-4.8,2026-04-22T13:40:48.192696+00:00
Canarias,05,7,2010,Julio,7.52,-1.1,-0.4,-3.6,2026-04-22T13:40:48.192696+00:00
Canarias,05,6,2010,Junio,7.62,0.5,0.4,-7.1,2026-04-22T13:40:48.192696+00:00
Canarias,05,5,2010,Mayo,7.52,0.2,0.0,-7.8,2026-04-22T13:40:48.192696+00:00
Canarias,05,4,2010,Abril,7.52,-0.3,-1.4,-7.6,2026-04-22T13:40:48.192696+00:00
Canarias,05,3,2010,Marzo,7.52,0.0,1.5,-7.8,2026-04-22T13:40:48.192696+00:00
Canarias,05,2,2010,Febrero,7.52,-1.1,1.1,-8.3,2026-04-22T13:40:48.192696+00:00
Canarias,05,1,2010,Enero,7.62,2.7,1.7,-9.3,2026-04-22T13:40:48.192696+00:00
Canarias,05,12,2009,Diciembre,7.42,-0.5,-3.9,-11.2,2026-04-22T13:40:48.192696+00:00
Canarias,05,11,2009,Noviembre,7.52,-0.4,-3.6,-11.1,2026-04-22T13:40:48.192696+00:00
Canarias,05,10,2009,Octubre,7.52,-3.0,-3.6,-12.6,2026-04-22T13:40:48.192696+00:00
Canarias,05,9,2009,Septiembre,7.72,-0.2,-5.3,-9.3,2026-04-22T13:40:48.192696+00:00
Canarias,05,8,2009,Agosto,7.72,-0.5,-5.3,-9.6,2026-04-22T13:40:48.192696+00:00
Canarias,05,7,2009,Julio,7.82,-4.6,-4.4,-13.0,2026-04-22T13:40:48.192696+00:00
Canarias,05,6,2009,Junio,8.22,-0.2,-0.3,-10.3,2026-04-22T13:40:48.192696+00:00
Canarias,05,5,2009,Mayo,8.22,0.4,-0.6,-7.5,2026-04-22T13:40:48.192696+00:00
Canarias,05,4,2009,Abril,8.12,-0.5,-3.2,-7.3,2026-04-22T13:40:48.192696+00:00
Canarias,05,3,2009,Marzo,8.22,-0.5,-2.2,-8.7,2026-04-22T13:40:48.192696+00:00
Canarias,05,2,2009,Febrero,8.22,-2.2,-2.0,-13.1,2026-04-22T13:40:48.192696+00:00
Canarias,05,1,2009,Enero,8.42,0.5,-1.9,-10.4,2026-04-22T13:40:48.192696+00:00
Canarias,05,12,2008,Diciembre,8.42,-0.3,-1.7,-12.7,2026-04-22T13:40:48.192696+00:00
Canarias,05,11,2008,Noviembre,8.42,-2.1,-2.0,,2026-04-22T13:40:48.192696+00:00
Canarias,05,10,2008,Octubre,8.62,0.7,-4.1,,2026-04-22T13:40:48.192696+00:00
Canarias,05,9,2008,Septiembre,8.52,-0.6,-6.3,,2026-04-22T13:40:48.192696+00:00
Canarias,05,8,2008,Agosto,8.62,-4.2,-3.1,,2026-04-22T13:40:48.192696+00:00
Canarias,05,7,2008,Julio,8.92,-1.6,1.8,,2026-04-22T13:40:48.192696+00:00
Canarias,05,6,2008,Junio,9.12,2.8,1.4,,2026-04-22T13:40:48.192696+00:00
Canarias,05,5,2008,Mayo,8.82,0.6,-6.6,,2026-04-22T13:40:48.192696+00:00
Canarias,05,4,2008,Abril,8.82,-2.0,-6.4,,2026-04-22T13:40:48.192696+00:00
Canarias,05,3,2008,Marzo,9.02,-5.3,-6.4,,2026-04-22T13:40:48.192696+00:00
Canarias,05,2,2008,Febrero,9.52,0.9,,,2026-04-22T13:40:48.192696+00:00
Canarias,05,1,2008,Enero,9.42,-2.1,,,2026-04-22T13:40:48.192696+00:00
Canarias,05,12,2007,Diciembre,9.62,,,,2026-04-22T13:40:48.192696+00:00
Canarias,05,11,2007,Noviembre,,,,,2026-04-22T13:40:48.192696+00:00
Canarias,05,10,2007,Octubre,,,,,2026-04-22T13:40:48.192696+00:00
Canarias,05,9,2007,Septiembre,,,,,2026-04-22T13:40:48.192696+00:00
Canarias,05,8,2007,Agosto,,,,,2026-04-22T13:40:48.192696+00:00
Canarias,05,7,2007,Julio,,,,,2026-04-22T13:40:48.192696+00:00
Canarias,05,6,2007,Junio,,,,,2026-04-22T13:40:48.192696+00:00
Canarias,05,5,2007,Mayo,,,,,2026-04-22T13:40:48.192696+00:00
Canarias,05,4,2007,Abril,,,,,2026-04-22T13:40:48.192696+00:00
Canarias,05,3,2007,Marzo,,,,,2026-04-22T13:40:48.192696+00:00
Canarias,05,2,2007,Febrero,,,,,2026-04-22T13:40:48.192696+00:00
Canarias,05,1,2007,Enero,,,,,2026-04-22T13:40:48.192696+00:00
Canarias,05,12,2006,Diciembre,,,,,2026-04-22T13:40:48.192696+00:00
Canarias,05,11,2006,Noviembre,,,,,2026-04-22T13:40:48.192696+00:00
Canarias,05,10,2006,Octubre,,,,,2026-04-22T13:40:48.192696+00:00
Canarias,05,9,2006,Septiembre,,,,,2026-04-22T13:40:48.192696+00:00
Canarias,05,8,2006,Agosto,,,,,2026-04-22T13:40:48.192696+00:00
Canarias,05,7,2006,Julio,,,,,2026-04-22T13:40:48.192696+00:00
Canarias,05,6,2006,Junio,,,,,2026-04-22T13:40:48.192696+00:00
Canarias,05,5,2006,Mayo,,,,,2026-04-22T13:40:48.192696+00:00
Canarias,05,4,2006,Abril,,,,,2026-04-22T13:40:48.192696+00:00
Canarias,05,3,2006,Marzo,,,,,2026-04-22T13:40:48.192696+00:00
Canarias,05,2,2006,Febrero,,,,,2026-04-22T13:40:48.192696+00:00
Canarias,05,1,2006,Enero,,,,,2026-04-22T13:40:48.192696+00:00
Galicia,12,3,2026,Marzo,9.62,0.6,2.2,5.8,2026-04-22T13:42:01.324360+00:00
Galicia,12,2,2026,Febrero,9.62,0.1,5.1,5.6,2026-04-22T13:42:01.324360+00:00
Galicia,12,1,2026,Enero,9.62,1.5,4.7,6.7,2026-04-22T13:42:01.324360+00:00
Galicia,12,12,2025,Diciembre,9.42,3.4,1.1,6.2,2026-04-22T13:42:01.324360+00:00
Galicia,12,11,2025,Noviembre,9.12,-0.2,-4.3,4.0,2026-04-22T13:42:01.324360+00:00
Galicia,12,10,2025,Octubre,9.12,-2.0,-5.6,5.3,2026-04-22T13:42:01.324360+00:00
Galicia,12,9,2025,Septiembre,9.32,-2.1,-3.1,7.6,2026-04-22T13:42:01.324360+00:00
Galicia,12,8,2025,Agosto,9.52,-1.6,1.2,7.6,2026-04-22T13:42:01.324360+00:00
Galicia,12,7,2025,Julio,9.72,0.6,3.9,9.1,2026-04-22T13:42:01.324360+00:00
Galicia,12,6,2025,Junio,9.62,2.3,5.7,7.1,2026-04-22T13:42:01.324360+00:00
Galicia,12,5,2025,Mayo,9.42,1.0,3.7,7.1,2026-04-22T13:42:01.324360+00:00
Galicia,12,4,2025,Abril,9.32,2.3,4.0,7.2,2026-04-22T13:42:01.324360+00:00
Galicia,12,3,2025,Marzo,9.12,0.4,2.6,6.6,2026-04-22T13:42:01.324360+00:00
Galicia,12,2,2025,Febrero,9.12,1.2,3.5,7.6,2026-04-22T13:42:01.324360+00:00
Galicia,12,1,2025,Enero,9.02,1.0,3.3,8.4,2026-04-22T13:42:01.324360+00:00
Galicia,12,12,2024,Diciembre,8.92,1.2,2.4,9.4,2026-04-22T13:42:01.324360+00:00
Galicia,12,11,2024,Noviembre,8.82,1.0,-1.0,9.9,2026-04-22T13:42:01.324360+00:00
Galicia,12,10,2024,Octubre,8.72,0.1,-2.2,10.4,2026-04-22T13:42:01.324360+00:00
Galicia,12,9,2024,Septiembre,8.72,-2.1,-3.5,9.7,2026-04-22T13:42:01.324360+00:00
Galicia,12,8,2024,Agosto,8.82,-0.2,0.8,10.7,2026-04-22T13:42:01.324360+00:00
Galicia,12,7,2024,Julio,8.92,-1.2,2.1,9.2,2026-04-22T13:42:01.324360+00:00
Galicia,12,6,2024,Junio,9.02,2.2,5.1,11.2,2026-04-22T13:42:01.324360+00:00
Galicia,12,5,2024,Mayo,8.82,1.1,4.2,11.5,2026-04-22T13:42:01.324360+00:00
Galicia,12,4,2024,Abril,8.72,1.7,5.1,11.2,2026-04-22T13:42:01.324360+00:00
Galicia,12,3,2024,Marzo,8.52,1.4,5.4,10.7,2026-04-22T13:42:01.324360+00:00
Galicia,12,2,2024,Febrero,8.42,2.0,5.8,10.0,2026-04-22T13:42:01.324360+00:00
Galicia,12,1,2024,Enero,8.32,2.0,5.3,9.4,2026-04-22T13:42:01.324360+00:00
Galicia,12,12,2023,Diciembre,8.12,1.7,2.7,8.0,2026-04-22T13:42:01.324360+00:00
Galicia,12,11,2023,Noviembre,8.02,1.5,-0.3,7.0,2026-04-22T13:42:01.324360+00:00
Galicia,12,10,2023,Octubre,7.92,-0.5,-3.3,5.9,2026-04-22T13:42:01.324360+00:00
Galicia,12,9,2023,Septiembre,7.92,-1.3,-2.2,6.9,2026-04-22T13:42:01.324360+00:00
Galicia,12,8,2023,Agosto,8.02,-1.6,1.5,8.1,2026-04-22T13:42:01.324360+00:00
Galicia,12,7,2023,Julio,8.12,0.7,3.9,8.2,2026-04-22T13:42:01.324360+00:00
Galicia,12,6,2023,Junio,8.12,2.4,4.6,8.0,2026-04-22T13:42:01.324360+00:00
Galicia,12,5,2023,Mayo,7.92,0.8,2.8,6.0,2026-04-22T13:42:01.324360+00:00
Galicia,12,4,2023,Abril,7.82,1.3,3.4,6.5,2026-04-22T13:42:01.324360+00:00
Galicia,12,3,2023,Marzo,7.72,0.7,2.8,6.3,2026-04-22T13:42:01.324360+00:00
Galicia,12,2,2023,Febrero,7.72,1.4,2.9,6.3,2026-04-22T13:42:01.324360+00:00
Galicia,12,1,2023,Enero,7.62,0.7,1.9,5.7,2026-04-22T13:42:01.324360+00:00
Galicia,12,12,2022,Diciembre,7.52,0.7,1.6,5.0,2026-04-22T13:42:01.324360+00:00
Galicia,12,11,2022,Noviembre,7.42,0.5,0.7,4.8,2026-04-22T13:42:01.324360+00:00
Galicia,12,10,2022,Octubre,7.42,0.4,-1.2,4.1,2026-04-22T13:42:01.324360+00:00
Galicia,12,9,2022,Septiembre,7.42,-0.2,-1.2,4.8,2026-04-22T13:42:01.324360+00:00
Galicia,12,8,2022,Agosto,7.42,-1.5,-0.5,4.0,2026-04-22T13:42:01.324360+00:00
Galicia,12,7,2022,Julio,7.52,0.5,2.3,4.3,2026-04-22T13:42:01.324360+00:00
Galicia,12,6,2022,Junio,7.52,0.5,3.0,3.3,2026-04-22T13:42:01.324360+00:00
Galicia,12,5,2022,Mayo,7.42,1.2,3.0,3.9,2026-04-22T13:42:01.324360+00:00
Galicia,12,4,2022,Abril,7.32,1.2,2.6,2.8,2026-04-22T13:42:01.324360+00:00
Galicia,12,3,2022,Marzo,7.32,0.6,1.5,2.6,2026-04-22T13:42:01.324360+00:00
Galicia,12,2,2022,Febrero,7.22,0.8,1.5,2.7,2026-04-22T13:42:01.324360+00:00
Galicia,12,1,2022,Enero,7.22,0.1,0.4,2.1,2026-04-22T13:42:01.324360+00:00
Galicia,12,12,2021,Diciembre,7.12,0.5,1.4,2.9,2026-04-22T13:42:01.324360+00:00
Galicia,12,11,2021,Noviembre,7.12,-0.3,0.0,3.1,2026-04-22T13:42:01.324360+00:00
Galicia,12,10,2021,Octubre,7.12,1.1,-1.0,3.5,2026-04-22T13:42:01.324360+00:00
Galicia,12,9,2021,Septiembre,7.02,-0.9,-2.6,2.0,2026-04-22T13:42:01.324360+00:00
Galicia,12,8,2021,Agosto,7.12,-1.2,-0.6,2.8,2026-04-22T13:42:01.324360+00:00
Galicia,12,7,2021,Julio,7.22,-0.5,0.8,3.9,2026-04-22T13:42:01.324360+00:00
Galicia,12,6,2021,Junio,7.22,1.1,2.3,4.6,2026-04-22T13:42:01.324360+00:00
Galicia,12,5,2021,Mayo,7.22,0.2,1.9,5.5,2026-04-22T13:42:01.324360+00:00
Galicia,12,4,2021,Abril,7.12,0.9,1.9,5.3,2026-04-22T13:42:01.324360+00:00
Galicia,12,3,2021,Marzo,7.12,0.7,1.8,4.7,2026-04-22T13:42:01.324360+00:00
Galicia,12,2,2021,Febrero,7.02,0.2,1.9,4.8,2026-04-22T13:42:01.324360+00:00
Galicia,12,1,2021,Enero,7.02,0.9,1.8,6.4,2026-04-22T13:42:01.324360+00:00
Galicia,12,12,2020,Diciembre,6.92,0.8,0.5,5.9,2026-04-22T13:42:01.324360+00:00
Galicia,12,11,2020,Noviembre,6.92,0.1,-0.4,5.2,2026-04-22T13:42:01.324360+00:00
Galicia,12,10,2020,Octubre,6.92,-0.4,-0.6,5.4,2026-04-22T13:42:01.324360+00:00
Galicia,12,9,2020,Septiembre,6.92,-0.1,0.0,6.6,2026-04-22T13:42:01.324360+00:00
Galicia,12,8,2020,Agosto,6.92,-0.1,2.1,6.8,2026-04-22T13:42:01.324360+00:00
Galicia,12,7,2020,Julio,6.92,0.2,2.2,5.7,2026-04-22T13:42:01.324360+00:00
Galicia,12,6,2020,Junio,6.92,2.0,2.3,6.8,2026-04-22T13:42:01.324360+00:00
Galicia,12,5,2020,Mayo,6.82,0.0,1.2,6.4,2026-04-22T13:42:01.324360+00:00
Galicia,12,4,2020,Abril,6.82,0.3,2.9,8.6,2026-04-22T13:42:01.324360+00:00
Galicia,12,3,2020,Marzo,6.82,0.9,3.0,9.2,2026-04-22T13:42:01.324360+00:00
Galicia,12,2,2020,Febrero,6.72,1.7,2.3,9.6,2026-04-22T13:42:01.324360+00:00
Galicia,12,1,2020,Enero,6.62,0.4,0.9,8.5,2026-04-22T13:42:01.324360+00:00
Galicia,12,12,2019,Diciembre,6.62,0.2,1.2,8.0,2026-04-22T13:42:01.324360+00:00
Galicia,12,11,2019,Noviembre,6.52,0.3,1.1,7.6,2026-04-22T13:42:01.324360+00:00
Galicia,12,10,2019,Octubre,6.52,0.7,-0.4,8.7,2026-04-22T13:42:01.324360+00:00
Galicia,12,9,2019,Septiembre,6.52,0.1,0.2,8.6,2026-04-22T13:42:01.324360+00:00
Galicia,12,8,2019,Agosto,6.52,-1.2,1.7,7.8,2026-04-22T13:42:01.324360+00:00
Galicia,12,7,2019,Julio,6.62,1.2,5.0,9.1,2026-04-22T13:42:01.324360+00:00
Galicia,12,6,2019,Junio,6.52,1.6,4.6,9.8,2026-04-22T13:42:01.324360+00:00
Galicia,12,5,2019,Mayo,6.42,2.1,4.2,9.0,2026-04-22T13:42:01.324360+00:00
Galicia,12,4,2019,Abril,6.22,0.8,2.8,5.6,2026-04-22T13:42:01.324360+00:00
Galicia,12,3,2019,Marzo,6.22,1.2,1.9,6.0,2026-04-22T13:42:01.324360+00:00
Galicia,12,2,2019,Febrero,6.12,0.7,0.5,4.5,2026-04-22T13:42:01.324360+00:00
Galicia,12,1,2019,Enero,6.12,-0.1,1.1,4.5,2026-04-22T13:42:01.324360+00:00
Galicia,12,12,2018,Diciembre,6.12,-0.2,1.8,5.0,2026-04-22T13:42:01.324360+00:00
Galicia,12,11,2018,Noviembre,6.12,1.3,1.4,5.9,2026-04-22T13:42:01.324360+00:00
Galicia,12,10,2018,Octubre,6.02,0.6,0.0,6.7,2026-04-22T13:42:01.324360+00:00
Galicia,12,9,2018,Septiembre,6.02,-0.6,1.3,6.8,2026-04-22T13:42:01.324360+00:00
Galicia,12,8,2018,Agosto,6.02,-0.1,2.8,7.1,2026-04-22T13:42:01.324360+00:00
Galicia,12,7,2018,Julio,6.02,2.0,1.6,6.5,2026-04-22T13:42:01.324360+00:00
Galicia,12,6,2018,Junio,5.92,0.9,0.9,4.9,2026-04-22T13:42:01.324360+00:00
Galicia,12,5,2018,Mayo,5.82,-1.2,-0.2,4.5,2026-04-22T13:42:01.324360+00:00
Galicia,12,4,2018,Abril,5.92,1.2,1.8,5.6,2026-04-22T13:42:01.324360+00:00
Galicia,12,3,2018,Marzo,5.82,-0.2,1.0,5.0,2026-04-22T13:42:01.324360+00:00
Galicia,12,2,2018,Febrero,5.92,0.7,1.8,6.6,2026-04-22T13:42:01.324360+00:00
Galicia,12,1,2018,Enero,5.82,0.4,3.2,5.7,2026-04-22T13:42:01.324360+00:00
Galicia,12,12,2017,Diciembre,5.82,0.7,3.5,4.4,2026-04-22T13:42:01.324360+00:00
Galicia,12,11,2017,Noviembre,5.72,2.1,2.5,3.5,2026-04-22T13:42:01.324360+00:00
Galicia,12,10,2017,Octubre,5.62,0.7,-0.2,2.2,2026-04-22T13:42:01.324360+00:00
Galicia,12,9,2017,Septiembre,5.62,-0.2,-0.4,1.9,2026-04-22T13:42:01.324360+00:00
Galicia,12,8,2017,Agosto,5.62,-0.7,0.2,2.7,2026-04-22T13:42:01.324360+00:00
Galicia,12,7,2017,Julio,5.62,0.5,0.7,2.6,2026-04-22T13:42:01.324360+00:00
Galicia,12,6,2017,Junio,5.62,0.4,1.0,2.2,2026-04-22T13:42:01.324360+00:00
Galicia,12,5,2017,Mayo,5.62,-0.1,1.8,2.5,2026-04-22T13:42:01.324360+00:00
Galicia,12,4,2017,Abril,5.62,0.7,1.8,3.0,2026-04-22T13:42:01.324360+00:00
Galicia,12,3,2017,Marzo,5.62,1.3,0.4,3.8,2026-04-22T13:42:01.324360+00:00
Galicia,12,2,2017,Febrero,5.52,-0.1,-1.1,3.2,2026-04-22T13:42:01.324360+00:00
Galicia,12,1,2017,Enero,5.52,-0.8,-0.2,2.9,2026-04-22T13:42:01.324360+00:00
Galicia,12,12,2016,Diciembre,5.52,-0.1,1.1,2.7,2026-04-22T13:42:01.324360+00:00
Galicia,12,11,2016,Noviembre,5.62,0.7,1.7,2.2,2026-04-22T13:42:01.324360+00:00
Galicia,12,10,2016,Octubre,5.52,0.5,0.2,0.8,2026-04-22T13:42:01.324360+00:00
Galicia,12,9,2016,Septiembre,5.52,0.5,-0.2,0.4,2026-04-22T13:42:01.324360+00:00
Galicia,12,8,2016,Agosto,5.52,-0.8,-0.1,-0.4,2026-04-22T13:42:01.324360+00:00
Galicia,12,7,2016,Julio,5.52,0.1,1.1,-0.6,2026-04-22T13:42:01.324360+00:00
Galicia,12,6,2016,Junio,5.52,0.7,2.6,-0.7,2026-04-22T13:42:01.324360+00:00
Galicia,12,5,2016,Mayo,5.52,0.4,2.6,-1.2,2026-04-22T13:42:01.324360+00:00
Galicia,12,4,2016,Abril,5.42,1.5,1.7,-0.7,2026-04-22T13:42:01.324360+00:00
Galicia,12,3,2016,Marzo,5.42,0.7,-0.8,-2.0,2026-04-22T13:42:01.324360+00:00
Galicia,12,2,2016,Febrero,5.32,-0.5,-2.1,-2.8,2026-04-22T13:42:01.324360+00:00
Galicia,12,1,2016,Enero,5.32,-1.0,-2.3,-1.9,2026-04-22T13:42:01.324360+00:00
Galicia,12,12,2015,Diciembre,5.42,-0.7,-1.2,-1.3,2026-04-22T13:42:01.324360+00:00
Galicia,12,11,2015,Noviembre,5.42,-0.7,-0.8,-0.2,2026-04-22T13:42:01.324360+00:00
Galicia,12,10,2015,Octubre,5.52,0.2,-1.1,-0.1,2026-04-22T13:42:01.324360+00:00
Galicia,12,9,2015,Septiembre,5.52,-0.3,-1.3,-1.1,2026-04-22T13:42:01.324360+00:00
Galicia,12,8,2015,Agosto,5.52,-1.0,-0.9,-2.1,2026-04-22T13:42:01.324360+00:00
Galicia,12,7,2015,Julio,5.52,-0.1,1.0,-1.1,2026-04-22T13:42:01.324360+00:00
Galicia,12,6,2015,Junio,5.52,0.1,1.2,-1.1,2026-04-22T13:42:01.324360+00:00
Galicia,12,5,2015,Mayo,5.52,0.9,1.0,-1.7,2026-04-22T13:42:01.324360+00:00
Galicia,12,4,2015,Abril,5.52,0.1,0.5,-2.7,2026-04-22T13:42:01.324360+00:00
Galicia,12,3,2015,Marzo,5.52,-0.1,0.0,-2.8,2026-04-22T13:42:01.324360+00:00
Galicia,12,2,2015,Febrero,5.52,0.5,0.5,-2.4,2026-04-22T13:42:01.324360+00:00
Galicia,12,1,2015,Enero,5.42,-0.4,-0.6,-3.0,2026-04-22T13:42:01.324360+00:00
Galicia,12,12,2014,Diciembre,5.52,0.4,-1.0,-3.2,2026-04-22T13:42:01.324360+00:00
Galicia,12,11,2014,Noviembre,5.42,-0.6,-2.7,-2.5,2026-04-22T13:42:01.324360+00:00
Galicia,12,10,2014,Octubre,5.52,-0.8,-2.0,-1.9,2026-04-22T13:42:01.324360+00:00
Galicia,12,9,2014,Septiembre,5.52,-1.3,-1.2,-1.5,2026-04-22T13:42:01.324360+00:00
Galicia,12,8,2014,Agosto,5.62,0.1,-0.5,-0.4,2026-04-22T13:42:01.324360+00:00
Galicia,12,7,2014,Julio,5.62,-0.1,-0.7,-1.0,2026-04-22T13:42:01.324360+00:00
Galicia,12,6,2014,Junio,5.62,-0.5,-0.5,-0.8,2026-04-22T13:42:01.324360+00:00
Galicia,12,5,2014,Mayo,5.62,-0.2,0.3,0.0,2026-04-22T13:42:01.324360+00:00
Galicia,12,4,2014,Abril,5.62,0.1,0.2,-0.2,2026-04-22T13:42:01.324360+00:00
Galicia,12,3,2014,Marzo,5.62,0.3,-0.4,-1.4,2026-04-22T13:42:01.324360+00:00
Galicia,12,2,2014,Febrero,5.62,-0.2,0.4,-3.0,2026-04-22T13:42:01.324360+00:00
Galicia,12,1,2014,Enero,5.62,-0.5,0.5,-2.8,2026-04-22T13:42:01.324360+00:00
Galicia,12,12,2013,Diciembre,5.62,1.1,0.7,-3.4,2026-04-22T13:42:01.324360+00:00
Galicia,12,11,2013,Noviembre,5.62,0.0,-0.6,-4.7,2026-04-22T13:42:01.324360+00:00
Galicia,12,10,2013,Octubre,5.62,-0.4,-1.1,-5.4,2026-04-22T13:42:01.324360+00:00
Galicia,12,9,2013,Septiembre,5.62,-0.1,-0.6,-6.8,2026-04-22T13:42:01.324360+00:00
Galicia,12,8,2013,Agosto,5.62,-0.5,-0.1,-8.6,2026-04-22T13:42:01.324360+00:00
Galicia,12,7,2013,Julio,5.62,0.1,0.1,-9.3,2026-04-22T13:42:01.324360+00:00
Galicia,12,6,2013,Junio,5.62,0.3,-1.1,-10.9,2026-04-22T13:42:01.324360+00:00
Galicia,12,5,2013,Mayo,5.62,-0.3,-2.7,-11.3,2026-04-22T13:42:01.324360+00:00
Galicia,12,4,2013,Abril,5.62,-1.1,-2.3,-11.1,2026-04-22T13:42:01.324360+00:00
Galicia,12,3,2013,Marzo,5.72,-1.3,-2.4,-10.2,2026-04-22T13:42:01.324360+00:00
Galicia,12,2,2013,Febrero,5.82,0.1,-1.3,-8.6,2026-04-22T13:42:01.324360+00:00
Galicia,12,1,2013,Enero,5.82,-1.2,-2.2,-8.4,2026-04-22T13:42:01.324360+00:00
Galicia,12,12,2012,Diciembre,5.82,-0.2,-2.8,-6.6,2026-04-22T13:42:01.324360+00:00
Galicia,12,11,2012,Noviembre,5.92,-0.8,-4.7,-4.8,2026-04-22T13:42:01.324360+00:00
Galicia,12,10,2012,Octubre,5.92,-1.8,-5.2,-4.9,2026-04-22T13:42:01.324360+00:00
Galicia,12,9,2012,Septiembre,6.02,-2.2,-5.0,-3.5,2026-04-22T13:42:01.324360+00:00
Galicia,12,8,2012,Agosto,6.12,-1.2,-3.0,-2.8,2026-04-22T13:42:01.324360+00:00
Galicia,12,7,2012,Julio,6.22,-1.6,-1.9,-2.5,2026-04-22T13:42:01.324360+00:00
Galicia,12,6,2012,Junio,6.32,-0.2,-0.4,-1.3,2026-04-22T13:42:01.324360+00:00
Galicia,12,5,2012,Mayo,6.32,-0.1,0.2,-1.3,2026-04-22T13:42:01.324360+00:00
Galicia,12,4,2012,Abril,6.32,-0.1,0.7,-1.7,2026-04-22T13:42:01.324360+00:00
Galicia,12,3,2012,Marzo,6.42,0.5,1.6,-1.6,2026-04-22T13:42:01.324360+00:00
Galicia,12,2,2012,Febrero,6.32,0.4,2.8,-1.1,2026-04-22T13:42:01.324360+00:00
Galicia,12,1,2012,Enero,6.32,0.7,1.5,-0.5,2026-04-22T13:42:01.324360+00:00
Galicia,12,12,2011,Diciembre,6.32,1.7,0.4,-1.1,2026-04-22T13:42:01.324360+00:00
Galicia,12,11,2011,Noviembre,6.22,-0.9,-2.7,-2.3,2026-04-22T13:42:01.324360+00:00
Galicia,12,10,2011,Octubre,6.22,-0.4,-2.8,-3.0,2026-04-22T13:42:01.324360+00:00
Galicia,12,9,2011,Septiembre,6.22,-1.4,-2.7,-3.4,2026-04-22T13:42:01.324360+00:00
Galicia,12,8,2011,Agosto,6.32,-1.0,-1.6,-4.1,2026-04-22T13:42:01.324360+00:00
Galicia,12,7,2011,Julio,6.42,-0.4,-1.1,-8.2,2026-04-22T13:42:01.324360+00:00
Galicia,12,6,2011,Junio,6.42,-0.3,-0.7,-8.9,2026-04-22T13:42:01.324360+00:00
Galicia,12,5,2011,Mayo,6.42,-0.5,0.5,-10.1,2026-04-22T13:42:01.324360+00:00
Galicia,12,4,2011,Abril,6.52,0.0,2.0,-8.7,2026-04-22T13:42:01.324360+00:00
Galicia,12,3,2011,Marzo,6.52,1.0,2.1,-9.2,2026-04-22T13:42:01.324360+00:00
Galicia,12,2,2011,Febrero,6.42,1.0,1.5,-8.5,2026-04-22T13:42:01.324360+00:00
Galicia,12,1,2011,Enero,6.32,0.1,-1.0,-9.9,2026-04-22T13:42:01.324360+00:00
Galicia,12,12,2010,Diciembre,6.32,0.4,-2.0,-11.4,2026-04-22T13:42:01.324360+00:00
Galicia,12,11,2010,Noviembre,6.32,-1.5,-4.5,-11.5,2026-04-22T13:42:01.324360+00:00
Galicia,12,10,2010,Octubre,6.42,-0.8,-8.0,-8.9,2026-04-22T13:42:01.324360+00:00
Galicia,12,9,2010,Septiembre,6.52,-2.2,-8.3,-8.8,2026-04-22T13:42:01.324360+00:00
Galicia,12,8,2010,Agosto,6.62,-5.1,-7.7,-10.5,2026-04-22T13:42:01.324360+00:00
Galicia,12,7,2010,Julio,7.02,-1.2,-1.7,-8.1,2026-04-22T13:42:01.324360+00:00
Galicia,12,6,2010,Junio,7.02,-1.5,-1.0,-10.7,2026-04-22T13:42:01.324360+00:00
Galicia,12,5,2010,Mayo,7.12,1.0,2.3,-11.6,2026-04-22T13:42:01.324360+00:00
Galicia,12,4,2010,Abril,7.12,-0.6,0.6,-9.9,2026-04-22T13:42:01.324360+00:00
Galicia,12,3,2010,Marzo,7.12,1.8,-0.3,-8.5,2026-04-22T13:42:01.324360+00:00
Galicia,12,2,2010,Febrero,7.02,-0.6,-1.9,-11.2,2026-04-22T13:42:01.324360+00:00
Galicia,12,1,2010,Enero,7.02,-1.4,0.1,-11.0,2026-04-22T13:42:01.324360+00:00
Galicia,12,12,2009,Diciembre,7.12,0.2,0.9,-11.2,2026-04-22T13:42:01.324360+00:00
Galicia,12,11,2009,Noviembre,7.12,1.3,-3.4,-11.6,2026-04-22T13:42:01.324360+00:00
Galicia,12,10,2009,Octubre,7.02,-0.7,-7.2,-13.9,2026-04-22T13:42:01.324360+00:00
Galicia,12,9,2009,Septiembre,7.12,-4.0,-10.3,-13.3,2026-04-22T13:42:01.324360+00:00
Galicia,12,8,2009,Agosto,7.42,-2.6,-8.8,-8.5,2026-04-22T13:42:01.324360+00:00
Galicia,12,7,2009,Julio,7.62,-4.0,-3.6,-6.4,2026-04-22T13:42:01.324360+00:00
Galicia,12,6,2009,Junio,7.92,-2.5,1.5,-10.1,2026-04-22T13:42:01.324360+00:00
Galicia,12,5,2009,Mayo,8.12,3.0,2.8,-8.2,2026-04-22T13:42:01.324360+00:00
Galicia,12,4,2009,Abril,7.82,1.0,-0.7,-12.8,2026-04-22T13:42:01.324360+00:00
Galicia,12,3,2009,Marzo,7.82,-1.2,-3.2,-13.0,2026-04-22T13:42:01.324360+00:00
Galicia,12,2,2009,Febrero,7.92,-0.5,-2.4,-4.0,2026-04-22T13:42:01.324360+00:00
Galicia,12,1,2009,Enero,7.92,-1.6,-3.2,-3.0,2026-04-22T13:42:01.324360+00:00
Galicia,12,12,2008,Diciembre,8.02,-0.3,-1.6,-4.1,2026-04-22T13:42:01.324360+00:00
Galicia,12,11,2008,Noviembre,8.12,-1.2,0.0,-9.4,2026-04-22T13:42:01.324360+00:00
Galicia,12,10,2008,Octubre,8.22,0.0,0.9,-10.5,2026-04-22T13:42:01.324360+00:00
Galicia,12,9,2008,Septiembre,8.22,1.3,-7.0,-7.6,2026-04-22T13:42:01.324360+00:00
Galicia,12,8,2008,Agosto,8.12,-0.4,-8.5,-5.3,2026-04-22T13:42:01.324360+00:00
Galicia,12,7,2008,Julio,8.12,-7.8,-10.1,-3.5,2026-04-22T13:42:01.324360+00:00
Galicia,12,6,2008,Junio,8.82,-0.3,-1.7,0.3,2026-04-22T13:42:01.324360+00:00
Galicia,12,5,2008,Mayo,8.82,-2.2,7.4,-8.4,2026-04-22T13:42:01.324360+00:00
Galicia,12,4,2008,Abril,9.02,0.8,10.4,,2026-04-22T13:42:01.324360+00:00
Galicia,12,3,2008,Marzo,8.92,9.0,6.6,,2026-04-22T13:42:01.324360+00:00
Galicia,12,2,2008,Febrero,8.22,0.6,-7.9,,2026-04-22T13:42:01.324360+00:00
Galicia,12,1,2008,Enero,8.12,-2.8,-10.6,,2026-04-22T13:42:01.324360+00:00
Galicia,12,12,2007,Diciembre,8.42,-5.8,-5.1,,2026-04-22T13:42:01.324360+00:00
Galicia,12,11,2007,Noviembre,8.92,-2.4,4.6,,2026-04-22T13:42:01.324360+00:00
Galicia,12,10,2007,Octubre,9.12,3.2,8.8,,2026-04-22T13:42:01.324360+00:00
Galicia,12,9,2007,Septiembre,8.82,3.9,0.9,,2026-04-22T13:42:01.324360+00:00
Galicia,12,8,2007,Agosto,8.52,1.5,-11.5,,2026-04-22T13:42:01.324360+00:00
Galicia,12,7,2007,Julio,8.42,-4.2,,,2026-04-22T13:42:01.324360+00:00
Galicia,12,6,2007,Junio,8.82,-8.9,,,2026-04-22T13:42:01.324360+00:00
Galicia,12,5,2007,Mayo,9.62,,,,2026-04-22T13:42:01.324360+00:00
Galicia,12,4,2007,Abril,,,,,2026-04-22T13:42:01.324360+00:00
Galicia,12,3,2007,Marzo,,,,,2026-04-22T13:42:01.324360+00:00
Galicia,12,2,2007,Febrero,,,,,2026-04-22T13:42:01.324360+00:00
Galicia,12,1,2007,Enero,,,,,2026-04-22T13:42:01.324360+00:00
Galicia,12,12,2006,Diciembre,,,,,2026-04-22T13:42:01.324360+00:00
Galicia,12,11,2006,Noviembre,,,,,2026-04-22T13:42:01.324360+00:00
Galicia,12,10,2006,Octubre,,,,,2026-04-22T13:42:01.324360+00:00
Galicia,12,9,2006,Septiembre,,,,,2026-04-22T13:42:01.324360+00:00
Galicia,12,8,2006,Agosto,,,,,2026-04-22T13:42:01.324360+00:00
Galicia,12,7,2006,Julio,,,,,2026-04-22T13:42:01.324360+00:00
Galicia,12,6,2006,Junio,,,,,2026-04-22T13:42:01.324360+00:00
Galicia,12,5,2006,Mayo,,,,,2026-04-22T13:42:01.324360+00:00
Galicia,12,4,2006,Abril,,,,,2026-04-22T13:42:01.324360+00:00
Galicia,12,3,2006,Marzo,,,,,2026-04-22T13:42:01.324360+00:00
Galicia,12,2,2006,Febrero,,,,,2026-04-22T13:42:01.324360+00:00
Galicia,12,1,2006,Enero,,,,,2026-04-22T13:42:01.324360+00:00
Ceuta,18,3,2026,Marzo,,,,,2026-04-22T13:43:04.275032+00:00
Ceuta,18,2,2026,Febrero,,,,,2026-04-22T13:43:04.275032+00:00
Ceuta,18,1,2026,Enero,,,,,2026-04-22T13:43:04.275032+00:00
Ceuta,18,12,2025,Diciembre,13.92,0.3,0.1,,2026-04-22T13:43:04.275032+00:00
Ceuta,18,11,2025,Noviembre,13.92,-0.1,0.4,,2026-04-22T13:43:04.275032+00:00
Ceuta,18,10,2025,Octubre,13.92,-0.2,5.3,,2026-04-22T13:43:04.275032+00:00
Ceuta,18,9,2025,Septiembre,13.92,0.6,6.9,,2026-04-22T13:43:04.275032+00:00
Ceuta,18,8,2025,Agosto,13.82,4.8,11.3,,2026-04-22T13:43:04.275032+00:00
Ceuta,18,7,2025,Julio,13.22,1.4,3.3,,2026-04-22T13:43:04.275032+00:00
Ceuta,18,6,2025,Junio,13.02,4.8,0.7,,2026-04-22T13:43:04.275032+00:00
Ceuta,18,5,2025,Mayo,12.42,-2.8,-7.8,,2026-04-22T13:43:04.275032+00:00
Ceuta,18,4,2025,Abril,12.82,-1.1,,,2026-04-22T13:43:04.275032+00:00
Ceuta,18,3,2025,Marzo,12.92,-4.1,,,2026-04-22T13:43:04.275032+00:00
Ceuta,18,2,2025,Febrero,13.42,,,,2026-04-22T13:43:04.275032+00:00
Ceuta,18,1,2025,Enero,,,,,2026-04-22T13:43:04.275032+00:00
Ceuta,18,12,2024,Diciembre,,,,,2026-04-22T13:43:04.275032+00:00
Ceuta,18,11,2024,Noviembre,,,,,2026-04-22T13:43:04.275032+00:00
Ceuta,18,10,2024,Octubre,,,,,2026-04-22T13:43:04.275032+00:00
Ceuta,18,9,2024,Septiembre,,,,,2026-04-22T13:43:04.275032+00:00
Ceuta,18,8,2024,Agosto,,,,,2026-04-22T13:43:04.275032+00:00
Ceuta,18,7,2024,Julio,,,,,2026-04-22T13:43:04.275032+00:00
Ceuta,18,6,2024,Junio,,,,,2026-04-22T13:43:04.275032+00:00
Ceuta,18,5,2024,Mayo,,,,,2026-04-22T13:43:04.275032+00:00
Ceuta,18,4,2024,Abril,,,,,2026-04-22T13:43:04.275032+00:00
Ceuta,18,3,2024,Marzo,,,,,2026-04-22T13:43:04.275032+00:00
Ceuta,18,2,2024,Febrero,,,,,2026-04-22T13:43:04.275032+00:00
Ceuta,18,1,2024,Enero,12.02,-1.7,-2.2,,2026-04-22T13:43:04.275032+00:00
Ceuta,18,12,2023,Diciembre,12.22,-0.3,6.5,,2026-04-22T13:43:04.275032+00:00
Ceuta,18,11,2023,Noviembre,12.32,-0.3,6.9,,2026-04-22T13:43:04.275032+00:00
Ceuta,18,10,2023,Octubre,12.32,7.1,4.3,,2026-04-22T13:43:04.275032+00:00
Ceuta,18,9,2023,Septiembre,11.52,0.1,-6.4,,2026-04-22T13:43:04.275032+00:00
Ceuta,18,8,2023,Agosto,11.52,-2.8,,,2026-04-22T13:43:04.275032+00:00
Ceuta,18,7,2023,Julio,11.82,-3.9,,,2026-04-22T13:43:04.275032+00:00
Ceuta,18,6,2023,Junio,12.32,,,,2026-04-22T13:43:04.275032+00:00
Ceuta,18,5,2023,Mayo,,,,,2026-04-22T13:43:04.275032+00:00
Ceuta,18,4,2023,Abril,,,,,2026-04-22T13:43:04.275032+00:00
Ceuta,18,3,2023,Marzo,,,,,2026-04-22T13:43:04.275032+00:00
Ceuta,18,2,2023,Febrero,,,,,2026-04-22T13:43:04.275032+00:00
Ceuta,18,1,2023,Enero,,,,,2026-04-22T13:43:04.275032+00:00
Ceuta,18,12,2022,Diciembre,,,,,2026-04-22T13:43:04.275032+00:00
Ceuta,18,11,2022,Noviembre,,,,,2026-04-22T13:43:04.275032+00:00
Ceuta,18,10,2022,Octubre,,,,,2026-04-22T13:43:04.275032+00:00
Ceuta,18,9,2022,Septiembre,,,,,2026-04-22T13:43:04.275032+00:00
Ceuta,18,8,2022,Agosto,,,,,2026-04-22T13:43:04.275032+00:00
Ceuta,18,7,2022,Julio,,,,,2026-04-22T13:43:04.275032+00:00
Ceuta,18,6,2022,Junio,,,,,2026-04-22T13:43:04.275032+00:00
Ceuta,18,5,2022,Mayo,,,,,2026-04-22T13:43:04.275032+00:00
Ceuta,18,4,2022,Abril,,,,,2026-04-22T13:43:04.275032+00:00
Ceuta,18,3,2022,Marzo,,,,,2026-04-22T13:43:04.275032+00:00
Ceuta,18,2,2022,Febrero,,,,,2026-04-22T13:43:04.275032+00:00
Ceuta,18,1,2022,Enero,,,,,2026-04-22T13:43:04.275032+00:00
Ceuta,18,12,2021,Diciembre,,,,,2026-04-22T13:43:04.275032+00:00
Ceuta,18,11,2021,Noviembre,,,,,2026-04-22T13:43:04.275032+00:00
Ceuta,18,10,2021,Octubre,,,,,2026-04-22T13:43:04.275032+00:00
Ceuta,18,9,2021,Septiembre,,,,,2026-04-22T13:43:04.275032+00:00
Ceuta,18,8,2021,Agosto,,,,,2026-04-22T13:43:04.275032+00:00
Ceuta,18,7,2021,Julio,,,,,2026-04-22T13:43:04.275032+00:00
Ceuta,18,6,2021,Junio,,,,,2026-04-22T13:43:04.275032+00:00
Ceuta,18,5,2021,Mayo,,,,,2026-04-22T13:43:04.275032+00:00
Ceuta,18,4,2021,Abril,,,,,2026-04-22T13:43:04.275032+00:00
Ceuta,18,3,2021,Marzo,,,,,2026-04-22T13:43:04.275032+00:00
Ceuta,18,2,2021,Febrero,,,,,2026-04-22T13:43:04.275032+00:00
Ceuta,18,1,2021,Enero,,,,,2026-04-22T13:43:04.275032+00:00
Ceuta,18,12,2020,Diciembre,,,,,2026-04-22T13:43:04.275032+00:00
Ceuta,18,11,2020,Noviembre,,,,,2026-04-22T13:43:04.275032+00:00
Ceuta,18,10,2020,Octubre,,,,,2026-04-22T13:43:04.275032+00:00
Ceuta,18,9,2020,Septiembre,,,,,2026-04-22T13:43:04.275032+00:00
Ceuta,18,8,2020,Agosto,,,,,2026-04-22T13:43:04.275032+00:00
Ceuta,18,7,2020,Julio,,,,,2026-04-22T13:43:04.275032+00:00
Ceuta,18,6,2020,Junio,,,,,2026-04-22T13:43:04.275032+00:00
Ceuta,18,5,2020,Mayo,,,,,2026-04-22T13:43:04.275032+00:00
Ceuta,18,4,2020,Abril,,,,,2026-04-22T13:43:04.275032+00:00
Ceuta,18,3,2020,Marzo,,,,,2026-04-22T13:43:04.275032+00:00
Ceuta,18,2,2020,Febrero,,,,,2026-04-22T13:43:04.275032+00:00
Ceuta,18,1,2020,Enero,,,,,2026-04-22T13:43:04.275032+00:00
Ceuta,18,12,2019,Diciembre,,,,,2026-04-22T13:43:04.275032+00:00
Ceuta,18,11,2019,Noviembre,10.52,6.3,,,2026-04-22T13:43:04.275032+00:00
Ceuta,18,10,2019,Octubre,9.92,0.4,10.4,5.4,2026-04-22T13:43:04.275032+00:00
Ceuta,18,9,2019,Septiembre,9.92,,11.4,2.0,2026-04-22T13:43:04.275032+00:00
Ceuta,18,8,2019,Agosto,,,,,2026-04-22T13:43:04.275032+00:00
Ceuta,18,7,2019,Julio,9.02,1.2,33.7,-9.6,2026-04-22T13:43:04.275032+00:00
Ceuta,18,6,2019,Junio,8.92,12.5,32.0,-5.3,2026-04-22T13:43:04.275032+00:00
Ceuta,18,5,2019,Mayo,7.92,17.4,-9.8,-17.8,2026-04-22T13:43:04.275032+00:00
Ceuta,18,4,2019,Abril,6.72,,,-32.5,2026-04-22T13:43:04.275032+00:00
Ceuta,18,3,2019,Marzo,6.72,-23.2,,-32.3,2026-04-22T13:43:04.275032+00:00
Ceuta,18,2,2019,Febrero,8.82,,,-11.7,2026-04-22T13:43:04.275032+00:00
Ceuta,18,1,2019,Enero,,,,,2026-04-22T13:43:04.275032+00:00
Ceuta,18,12,2018,Diciembre,,,,,2026-04-22T13:43:04.275032+00:00
Ceuta,18,11,2018,Noviembre,,,,,2026-04-22T13:43:04.275032+00:00
Ceuta,18,10,2018,Octubre,9.42,-2.9,-5.3,-4.5,2026-04-22T13:43:04.275032+00:00
Ceuta,18,9,2018,Septiembre,9.72,0.3,3.4,-1.9,2026-04-22T13:43:04.275032+00:00
Ceuta,18,8,2018,Agosto,9.72,-2.7,0.6,-2.6,2026-04-22T13:43:04.275032+00:00
Ceuta,18,7,2018,Julio,9.92,6.0,-0.2,0.9,2026-04-22T13:43:04.275032+00:00
Ceuta,18,6,2018,Junio,9.42,-2.4,-5.7,-4.7,2026-04-22T13:43:04.275032+00:00
Ceuta,18,5,2018,Mayo,9.62,-3.6,-3.0,2.8,2026-04-22T13:43:04.275032+00:00
Ceuta,18,4,2018,Abril,10.02,0.3,,7.6,2026-04-22T13:43:04.275032+00:00
Ceuta,18,3,2018,Marzo,9.92,0.3,-4.2,9.1,2026-04-22T13:43:04.275032+00:00
Ceuta,18,2,2018,Febrero,9.92,,1.4,11.0,2026-04-22T13:43:04.275032+00:00
Ceuta,18,1,2018,Enero,,,,,2026-04-22T13:43:04.275032+00:00
Ceuta,18,12,2017,Diciembre,10.42,6.1,4.9,17.0,2026-04-22T13:43:04.275032+00:00
Ceuta,18,11,2017,Noviembre,9.82,-0.9,-1.5,9.2,2026-04-22T13:43:04.275032+00:00
Ceuta,18,10,2017,Octubre,9.92,-0.2,0.1,-0.8,2026-04-22T13:43:04.275032+00:00
Ceuta,18,9,2017,Septiembre,9.92,-0.5,0.4,4.3,2026-04-22T13:43:04.275032+00:00
Ceuta,18,8,2017,Agosto,9.92,0.8,6.2,,2026-04-22T13:43:04.275032+00:00
Ceuta,18,7,2017,Julio,9.82,0.1,6.4,,2026-04-22T13:43:04.275032+00:00
Ceuta,18,6,2017,Junio,9.82,5.3,8.0,,2026-04-22T13:43:04.275032+00:00
Ceuta,18,5,2017,Mayo,9.32,1.0,4.7,,2026-04-22T13:43:04.275032+00:00
Ceuta,18,4,2017,Abril,9.32,1.6,,,2026-04-22T13:43:04.275032+00:00
Ceuta,18,3,2017,Marzo,9.12,2.0,2.8,-3.4,2026-04-22T13:43:04.275032+00:00
Ceuta,18,2,2017,Febrero,8.92,,-0.3,-4.9,2026-04-22T13:43:04.275032+00:00
Ceuta,18,1,2017,Enero,,,,,2026-04-22T13:43:04.275032+00:00
Ceuta,18,12,2016,Diciembre,8.92,-1.1,-6.5,-11.5,2026-04-22T13:43:04.275032+00:00
Ceuta,18,11,2016,Noviembre,9.02,-9.9,,-7.8,2026-04-22T13:43:04.275032+00:00
Ceuta,18,10,2016,Octubre,9.92,4.9,,2.7,2026-04-22T13:43:04.275032+00:00
Ceuta,18,9,2016,Septiembre,9.52,,,0.3,2026-04-22T13:43:04.275032+00:00
Ceuta,18,8,2016,Agosto,,,,,2026-04-22T13:43:04.275032+00:00
Ceuta,18,7,2016,Julio,,,,,2026-04-22T13:43:04.275032+00:00
Ceuta,18,6,2016,Junio,,,,,2026-04-22T13:43:04.275032+00:00
Ceuta,18,5,2016,Mayo,,,,,2026-04-22T13:43:04.275032+00:00
Ceuta,18,4,2016,Abril,,,,,2026-04-22T13:43:04.275032+00:00
Ceuta,18,3,2016,Marzo,9.42,0.4,-5.8,-4.3,2026-04-22T13:43:04.275032+00:00
Ceuta,18,2,2016,Febrero,9.42,-3.4,-3.3,,2026-04-22T13:43:04.275032+00:00
Ceuta,18,1,2016,Enero,9.72,-2.9,0.5,,2026-04-22T13:43:04.275032+00:00
Ceuta,18,12,2015,Diciembre,10.02,3.1,6.0,6.2,2026-04-22T13:43:04.275032+00:00
Ceuta,18,11,2015,Noviembre,9.72,0.4,3.6,4.4,2026-04-22T13:43:04.275032+00:00
Ceuta,18,10,2015,Octubre,9.72,2.5,0.0,-2.1,2026-04-22T13:43:04.275032+00:00
Ceuta,18,9,2015,Septiembre,9.42,0.7,-2.4,-0.6,2026-04-22T13:43:04.275032+00:00
Ceuta,18,8,2015,Agosto,9.42,-3.2,1.6,1.6,2026-04-22T13:43:04.275032+00:00
Ceuta,18,7,2015,Julio,9.72,0.0,-3.2,1.7,2026-04-22T13:43:04.275032+00:00
Ceuta,18,6,2015,Junio,9.72,4.9,-1.7,1.9,2026-04-22T13:43:04.275032+00:00
Ceuta,18,5,2015,Mayo,9.22,-7.7,,-6.9,2026-04-22T13:43:04.275032+00:00
Ceuta,18,4,2015,Abril,10.02,1.5,,1.8,2026-04-22T13:43:04.275032+00:00
Ceuta,18,3,2015,Marzo,9.92,,4.5,2.2,2026-04-22T13:43:04.275032+00:00
Ceuta,18,2,2015,Febrero,,,,,2026-04-22T13:43:04.275032+00:00
Ceuta,18,1,2015,Enero,,,,,2026-04-22T13:43:04.275032+00:00
Ceuta,18,12,2014,Diciembre,9.42,1.3,-0.7,-4.3,2026-04-22T13:43:04.275032+00:00
Ceuta,18,11,2014,Noviembre,9.32,-5.8,0.8,-5.4,2026-04-22T13:43:04.275032+00:00
Ceuta,18,10,2014,Octubre,9.92,4.0,3.7,0.5,2026-04-22T13:43:04.275032+00:00
Ceuta,18,9,2014,Septiembre,9.52,2.9,0.0,-1.5,2026-04-22T13:43:04.275032+00:00
Ceuta,18,8,2014,Agosto,9.22,-3.1,-6.9,-6.7,2026-04-22T13:43:04.275032+00:00
Ceuta,18,7,2014,Julio,9.52,0.3,-3.0,-3.9,2026-04-22T13:43:04.275032+00:00
Ceuta,18,6,2014,Junio,9.52,-4.1,-1.5,-7.5,2026-04-22T13:43:04.275032+00:00
Ceuta,18,5,2014,Mayo,9.92,0.9,3.6,-4.3,2026-04-22T13:43:04.275032+00:00
Ceuta,18,4,2014,Abril,9.82,1.9,-0.4,-6.7,2026-04-22T13:43:04.275032+00:00
Ceuta,18,3,2014,Marzo,9.62,0.8,-2.2,-8.0,2026-04-22T13:43:04.275032+00:00
Ceuta,18,2,2014,Febrero,9.62,-2.9,-2.8,-11.2,2026-04-22T13:43:04.275032+00:00
Ceuta,18,1,2014,Enero,9.92,,0.3,-9.3,2026-04-22T13:43:04.275032+00:00
Ceuta,18,12,2013,Diciembre,9.92,0.2,2.3,-9.0,2026-04-22T13:43:04.275032+00:00
Ceuta,18,11,2013,Noviembre,9.82,0.1,-0.6,-8.2,2026-04-22T13:43:04.275032+00:00
Ceuta,18,10,2013,Octubre,9.82,2.0,-0.8,-6.2,2026-04-22T13:43:04.275032+00:00
Ceuta,18,9,2013,Septiembre,9.62,-2.6,-6.1,-8.9,2026-04-22T13:43:04.275032+00:00
Ceuta,18,8,2013,Agosto,9.92,-0.1,-4.5,-7.3,2026-04-22T13:43:04.275032+00:00
Ceuta,18,7,2013,Julio,9.92,-3.5,-5.9,-7.1,2026-04-22T13:43:04.275032+00:00
Ceuta,18,6,2013,Junio,10.32,-0.9,-2.1,-7.6,2026-04-22T13:43:04.275032+00:00
Ceuta,18,5,2013,Mayo,10.42,-1.6,-3.8,-3.7,2026-04-22T13:43:04.275032+00:00
Ceuta,18,4,2013,Abril,10.52,0.4,-3.2,-2.1,2026-04-22T13:43:04.275032+00:00
Ceuta,18,3,2013,Marzo,10.52,-2.6,-3.2,-6.3,2026-04-22T13:43:04.275032+00:00
Ceuta,18,2,2013,Febrero,10.82,-0.9,0.5,-1.0,2026-04-22T13:43:04.275032+00:00
Ceuta,18,1,2013,Enero,10.92,0.3,3.7,1.4,2026-04-22T13:43:04.275032+00:00
Ceuta,18,12,2012,Diciembre,10.82,1.1,2.4,-0.5,2026-04-22T13:43:04.275032+00:00
Ceuta,18,11,2012,Noviembre,10.72,2.2,0.4,-2.6,2026-04-22T13:43:04.275032+00:00
Ceuta,18,10,2012,Octubre,10.52,-0.9,-1.7,,2026-04-22T13:43:04.275032+00:00
Ceuta,18,9,2012,Septiembre,10.62,-0.8,-4.8,,2026-04-22T13:43:04.275032+00:00
Ceuta,18,8,2012,Agosto,10.72,,-0.8,,2026-04-22T13:43:04.275032+00:00
Ceuta,18,7,2012,Julio,10.72,-4.0,-0.8,,2026-04-22T13:43:04.275032+00:00
Ceuta,18,6,2012,Junio,11.12,3.3,-0.7,,2026-04-22T13:43:04.275032+00:00
Ceuta,18,5,2012,Mayo,10.82,0.0,-1.2,,2026-04-22T13:43:04.275032+00:00
Ceuta,18,4,2012,Abril,10.82,-3.9,0.3,,2026-04-22T13:43:04.275032+00:00
Ceuta,18,3,2012,Marzo,11.22,2.8,2.8,,2026-04-22T13:43:04.275032+00:00
Ceuta,18,2,2012,Febrero,10.92,1.5,-1.1,,2026-04-22T13:43:04.275032+00:00
Ceuta,18,1,2012,Enero,10.72,-1.5,,,2026-04-22T13:43:04.275032+00:00
Ceuta,18,12,2011,Diciembre,10.92,-1.0,,,2026-04-22T13:43:04.275032+00:00
Ceuta,18,11,2011,Noviembre,11.02,,,,2026-04-22T13:43:04.275032+00:00
Ceuta,18,10,2011,Octubre,,,,,2026-04-22T13:43:04.275032+00:00
Ceuta,18,9,2011,Septiembre,,,,,2026-04-22T13:43:04.275032+00:00
Ceuta,18,8,2011,Agosto,,,,,2026-04-22T13:43:04.275032+00:00
Ceuta,18,7,2011,Julio,,,,,2026-04-22T13:43:04.275032+00:00
Ceuta,18,6,2011,Junio,,,,,2026-04-22T13:43:04.275032+00:00
Ceuta,18,5,2011,Mayo,,,,,2026-04-22T13:43:04.275032+00:00
Ceuta,18,4,2011,Abril,,,,,2026-04-22T13:43:04.275032+00:00
Ceuta,18,3,2011,Marzo,,,,,2026-04-22T13:43:04.275032+00:00
Ceuta,18,2,2011,Febrero,,,,,2026-04-22T13:43:04.275032+00:00
Ceuta,18,1,2011,Enero,,,,,2026-04-22T13:43:04.275032+00:00
Ceuta,18,12,2010,Diciembre,,,,,2026-04-22T13:43:04.275032+00:00
Ceuta,18,11,2010,Noviembre,,,,,2026-04-22T13:43:04.275032+00:00
Ceuta,18,10,2010,Octubre,,,,,2026-04-22T13:43:04.275032+00:00
Ceuta,18,9,2010,Septiembre,,,,,2026-04-22T13:43:04.275032+00:00
Ceuta,18,8,2010,Agosto,,,,,2026-04-22T13:43:04.275032+00:00
Ceuta,18,7,2010,Julio,,,,,2026-04-22T13:43:04.275032+00:00
Ceuta,18,6,2010,Junio,,,,,2026-04-22T13:43:04.275032+00:00
Ceuta,18,5,2010,Mayo,,,,,2026-04-22T13:43:04.275032+00:00
Ceuta,18,4,2010,Abril,,,,,2026-04-22T13:43:04.275032+00:00
Ceuta,18,3,2010,Marzo,,,,,2026-04-22T13:43:04.275032+00:00
Ceuta,18,2,2010,Febrero,,,,,2026-04-22T13:43:04.275032+00:00
Ceuta,18,1,2010,Enero,,,,,2026-04-22T13:43:04.275032+00:00
Ceuta,18,12,2009,Diciembre,,,,,2026-04-22T13:43:04.275032+00:00
Ceuta,18,11,2009,Noviembre,,,,,2026-04-22T13:43:04.275032+00:00
Ceuta,18,10,2009,Octubre,,,,,2026-04-22T13:43:04.275032+00:00
Ceuta,18,9,2009,Septiembre,,,,,2026-04-22T13:43:04.275032+00:00
Ceuta,18,8,2009,Agosto,,,,,2026-04-22T13:43:04.275032+00:00
Ceuta,18,7,2009,Julio,,,,,2026-04-22T13:43:04.275032+00:00
Ceuta,18,6,2009,Junio,,,,,2026-04-22T13:43:04.275032+00:00
Ceuta,18,5,2009,Mayo,,,,,2026-04-22T13:43:04.275032+00:00
Ceuta,18,4,2009,Abril,,,,,2026-04-22T13:43:04.275032+00:00
Ceuta,18,3,2009,Marzo,,,,,2026-04-22T13:43:04.275032+00:00
Ceuta,18,2,2009,Febrero,,,,,2026-04-22T13:43:04.275032+00:00
Ceuta,18,1,2009,Enero,,,,,2026-04-22T13:43:04.275032+00:00
Ceuta,18,12,2008,Diciembre,,,,,2026-04-22T13:43:04.275032+00:00
Ceuta,18,11,2008,Noviembre,,,,,2026-04-22T13:43:04.275032+00:00
Ceuta,18,10,2008,Octubre,,,,,2026-04-22T13:43:04.275032+00:00
Ceuta,18,9,2008,Septiembre,,,,,2026-04-22T13:43:04.275032+00:00
Ceuta,18,8,2008,Agosto,,,,,2026-04-22T13:43:04.275032+00:00
Ceuta,18,7,2008,Julio,,,,,2026-04-22T13:43:04.275032+00:00
Ceuta,18,6,2008,Junio,,,,,2026-04-22T13:43:04.275032+00:00
Ceuta,18,5,2008,Mayo,,,,,2026-04-22T13:43:04.275032+00:00
Ceuta,18,4,2008,Abril,,,,,2026-04-22T13:43:04.275032+00:00
Ceuta,18,3,2008,Marzo,,,,,2026-04-22T13:43:04.275032+00:00
Ceuta,18,2,2008,Febrero,,,,,2026-04-22T13:43:04.275032+00:00
Ceuta,18,1,2008,Enero,,,,,2026-04-22T13:43:04.275032+00:00
Ceuta,18,12,2007,Diciembre,,,,,2026-04-22T13:43:04.275032+00:00
Ceuta,18,11,2007,Noviembre,,,,,2026-04-22T13:43:04.275032+00:00
Ceuta,18,10,2007,Octubre,,,,,2026-04-22T13:43:04.275032+00:00
Ceuta,18,9,2007,Septiembre,,,,,2026-04-22T13:43:04.275032+00:00
Ceuta,18,8,2007,Agosto,,,,,2026-04-22T13:43:04.275032+00:00
Ceuta,18,7,2007,Julio,,,,,2026-04-22T13:43:04.275032+00:00
Ceuta,18,6,2007,Junio,,,,,2026-04-22T13:43:04.275032+00:00
Ceuta,18,5,2007,Mayo,,,,,2026-04-22T13:43:04.275032+00:00
Ceuta,18,4,2007,Abril,,,,,2026-04-22T13:43:04.275032+00:00
Ceuta,18,3,2007,Marzo,,,,,2026-04-22T13:43:04.275032+00:00
Ceuta,18,2,2007,Febrero,,,,,2026-04-22T13:43:04.275032+00:00
Ceuta,18,1,2007,Enero,,,,,2026-04-22T13:43:04.275032+00:00
Ceuta,18,12,2006,Diciembre,,,,,2026-04-22T13:43:04.275032+00:00
Ceuta,18,11,2006,Noviembre,,,,,2026-04-22T13:43:04.275032+00:00
Ceuta,18,10,2006,Octubre,,,,,2026-04-22T13:43:04.275032+00:00
Ceuta,18,9,2006,Septiembre,,,,,2026-04-22T13:43:04.275032+00:00
Ceuta,18,8,2006,Agosto,,,,,2026-04-22T13:43:04.275032+00:00
Ceuta,18,7,2006,Julio,,,,,2026-04-22T13:43:04.275032+00:00
Ceuta,18,6,2006,Junio,,,,,2026-04-22T13:43:04.275032+00:00
Ceuta,18,5,2006,Mayo,,,,,2026-04-22T13:43:04.275032+00:00
Ceuta,18,4,2006,Abril,,,,,2026-04-22T13:43:04.275032+00:00
Ceuta,18,3,2006,Marzo,,,,,2026-04-22T13:43:04.275032+00:00
Ceuta,18,2,2006,Febrero,,,,,2026-04-22T13:43:04.275032+00:00
Ceuta,18,1,2006,Enero,,,,,2026-04-22T13:43:04.275032+00:00
Castilla-La Mancha,08,3,2026,Marzo,8.62,1.4,4.4,12.7,2026-04-22T13:44:20.285754+00:00
Castilla-La Mancha,08,2,2026,Febrero,8.52,1.4,4.6,13.2,2026-04-22T13:44:20.285754+00:00
Castilla-La Mancha,08,1,2026,Enero,8.42,1.6,4.5,11.1,2026-04-22T13:44:20.285754+00:00
Castilla-La Mancha,08,12,2025,Diciembre,8.22,1.5,2.8,11.7,2026-04-22T13:44:20.285754+00:00
Castilla-La Mancha,08,11,2025,Noviembre,8.12,1.4,0.7,11.6,2026-04-22T13:44:20.285754+00:00
Castilla-La Mancha,08,10,2025,Octubre,8.02,-0.1,-0.3,11.8,2026-04-22T13:44:20.285754+00:00
Castilla-La Mancha,08,9,2025,Septiembre,8.02,-0.6,1.0,13.3,2026-04-22T13:44:20.285754+00:00
Castilla-La Mancha,08,8,2025,Agosto,8.12,0.4,3.4,13.5,2026-04-22T13:44:20.285754+00:00
Castilla-La Mancha,08,7,2025,Julio,8.02,1.2,4.0,13.5,2026-04-22T13:44:20.285754+00:00
Castilla-La Mancha,08,6,2025,Junio,7.92,1.8,4.0,12.7,2026-04-22T13:44:20.285754+00:00
Castilla-La Mancha,08,5,2025,Mayo,7.82,0.9,4.0,11.3,2026-04-22T13:44:20.285754+00:00
Castilla-La Mancha,08,4,2025,Abril,7.72,1.2,2.6,11.0,2026-04-22T13:44:20.285754+00:00
Castilla-La Mancha,08,3,2025,Marzo,7.62,1.8,3.5,10.2,2026-04-22T13:44:20.285754+00:00
Castilla-La Mancha,08,2,2025,Febrero,7.52,-0.5,3.1,9.9,2026-04-22T13:44:20.285754+00:00
Castilla-La Mancha,08,1,2025,Enero,7.52,2.2,5.2,11.8,2026-04-22T13:44:20.285754+00:00
Castilla-La Mancha,08,12,2024,Diciembre,7.42,1.4,4.2,10.4,2026-04-22T13:44:20.285754+00:00
Castilla-La Mancha,08,11,2024,Noviembre,7.32,1.6,2.4,9.6,2026-04-22T13:44:20.285754+00:00
Castilla-La Mancha,08,10,2024,Octubre,7.22,1.2,1.2,7.7,2026-04-22T13:44:20.285754+00:00
Castilla-La Mancha,08,9,2024,Septiembre,7.12,-0.4,0.4,7.2,2026-04-22T13:44:20.285754+00:00
Castilla-La Mancha,08,8,2024,Agosto,7.12,0.4,1.4,7.6,2026-04-22T13:44:20.285754+00:00
Castilla-La Mancha,08,7,2024,Julio,7.12,0.5,1.7,8.3,2026-04-22T13:44:20.285754+00:00
Castilla-La Mancha,08,6,2024,Junio,7.02,0.5,1.7,8.4,2026-04-22T13:44:20.285754+00:00
Castilla-La Mancha,08,5,2024,Mayo,7.02,0.7,2.7,9.6,2026-04-22T13:44:20.285754+00:00
Castilla-La Mancha,08,4,2024,Abril,7.02,0.5,3.3,9.4,2026-04-22T13:44:20.285754+00:00
Castilla-La Mancha,08,3,2024,Marzo,6.92,1.5,3.7,10.3,2026-04-22T13:44:20.285754+00:00
Castilla-La Mancha,08,2,2024,Febrero,6.82,1.2,2.8,10.1,2026-04-22T13:44:20.285754+00:00
Castilla-La Mancha,08,1,2024,Enero,6.72,0.9,1.4,9.6,2026-04-22T13:44:20.285754+00:00
Castilla-La Mancha,08,12,2023,Diciembre,6.72,0.7,1.3,8.9,2026-04-22T13:44:20.285754+00:00
Castilla-La Mancha,08,11,2023,Noviembre,6.62,-0.2,0.5,7.6,2026-04-22T13:44:20.285754+00:00
Castilla-La Mancha,08,10,2023,Octubre,6.62,0.7,1.8,8.1,2026-04-22T13:44:20.285754+00:00
Castilla-La Mancha,08,9,2023,Septiembre,6.62,0.0,1.5,6.5,2026-04-22T13:44:20.285754+00:00
Castilla-La Mancha,08,8,2023,Agosto,6.62,1.1,3.2,6.9,2026-04-22T13:44:20.285754+00:00
Castilla-La Mancha,08,7,2023,Julio,6.52,0.5,2.7,5.5,2026-04-22T13:44:20.285754+00:00
Castilla-La Mancha,08,6,2023,Junio,6.52,1.7,3.5,5.5,2026-04-22T13:44:20.285754+00:00
Castilla-La Mancha,08,5,2023,Mayo,6.42,0.5,3.2,5.0,2026-04-22T13:44:20.285754+00:00
Castilla-La Mancha,08,4,2023,Abril,6.42,1.3,3.4,5.0,2026-04-22T13:44:20.285754+00:00
Castilla-La Mancha,08,3,2023,Marzo,6.32,1.3,2.4,4.8,2026-04-22T13:44:20.285754+00:00
Castilla-La Mancha,08,2,2023,Febrero,6.22,0.7,0.5,4.5,2026-04-22T13:44:20.285754+00:00
Castilla-La Mancha,08,1,2023,Enero,6.12,0.3,0.0,4.2,2026-04-22T13:44:20.285754+00:00
Castilla-La Mancha,08,12,2022,Diciembre,6.12,-0.5,-1.0,4.2,2026-04-22T13:44:20.285754+00:00
Castilla-La Mancha,08,11,2022,Noviembre,6.22,0.2,-0.2,5.0,2026-04-22T13:44:20.285754+00:00
Castilla-La Mancha,08,10,2022,Octubre,6.12,-0.8,-0.7,5.3,2026-04-22T13:44:20.285754+00:00
Castilla-La Mancha,08,9,2022,Septiembre,6.22,0.3,0.5,5.3,2026-04-22T13:44:20.285754+00:00
Castilla-La Mancha,08,8,2022,Agosto,6.22,-0.2,1.5,5.0,2026-04-22T13:44:20.285754+00:00
Castilla-La Mancha,08,7,2022,Julio,6.22,0.4,2.2,5.8,2026-04-22T13:44:20.285754+00:00
Castilla-La Mancha,08,6,2022,Junio,6.22,1.2,2.8,5.5,2026-04-22T13:44:20.285754+00:00
Castilla-La Mancha,08,5,2022,Mayo,6.12,0.5,2.6,5.7,2026-04-22T13:44:20.285754+00:00
Castilla-La Mancha,08,4,2022,Abril,6.12,1.1,2.6,5.2,2026-04-22T13:44:20.285754+00:00
Castilla-La Mancha,08,3,2022,Marzo,6.02,1.0,1.8,3.7,2026-04-22T13:44:20.285754+00:00
Castilla-La Mancha,08,2,2022,Febrero,5.92,0.4,1.0,3.0,2026-04-22T13:44:20.285754+00:00
Castilla-La Mancha,08,1,2022,Enero,5.92,0.3,1.1,3.6,2026-04-22T13:44:20.285754+00:00
Castilla-La Mancha,08,12,2021,Diciembre,5.92,0.3,0.0,4.2,2026-04-22T13:44:20.285754+00:00
Castilla-La Mancha,08,11,2021,Noviembre,5.92,0.5,-0.2,4.0,2026-04-22T13:44:20.285754+00:00
Castilla-La Mancha,08,10,2021,Octubre,5.82,-0.8,-0.2,3.3,2026-04-22T13:44:20.285754+00:00
Castilla-La Mancha,08,9,2021,Septiembre,5.92,0.0,0.7,5.2,2026-04-22T13:44:20.285754+00:00
Castilla-La Mancha,08,8,2021,Agosto,5.92,0.5,2.1,5.1,2026-04-22T13:44:20.285754+00:00
Castilla-La Mancha,08,7,2021,Julio,5.82,0.1,1.6,4.4,2026-04-22T13:44:20.285754+00:00
Castilla-La Mancha,08,6,2021,Junio,5.82,1.4,1.2,5.7,2026-04-22T13:44:20.285754+00:00
Castilla-La Mancha,08,5,2021,Mayo,5.82,0.1,0.0,5.4,2026-04-22T13:44:20.285754+00:00
Castilla-La Mancha,08,4,2021,Abril,5.82,-0.3,1.0,4.9,2026-04-22T13:44:20.285754+00:00
Castilla-La Mancha,08,3,2021,Marzo,5.82,0.3,2.3,5.4,2026-04-22T13:44:20.285754+00:00
Castilla-La Mancha,08,2,2021,Febrero,5.82,1.0,2.0,6.6,2026-04-22T13:44:20.285754+00:00
Castilla-La Mancha,08,1,2021,Enero,5.72,1.0,0.9,5.4,2026-04-22T13:44:20.285754+00:00
Castilla-La Mancha,08,12,2020,Diciembre,5.62,0.0,0.9,4.9,2026-04-22T13:44:20.285754+00:00
Castilla-La Mancha,08,11,2020,Noviembre,5.62,-0.1,0.9,5.2,2026-04-22T13:44:20.285754+00:00
Castilla-La Mancha,08,10,2020,Octubre,5.62,1.0,0.9,5.5,2026-04-22T13:44:20.285754+00:00
Castilla-La Mancha,08,9,2020,Septiembre,5.62,-0.1,1.2,5.1,2026-04-22T13:44:20.285754+00:00
Castilla-La Mancha,08,8,2020,Agosto,5.62,-0.1,2.4,5.3,2026-04-22T13:44:20.285754+00:00
Castilla-La Mancha,08,7,2020,Julio,5.62,1.4,2.1,5.1,2026-04-22T13:44:20.285754+00:00
Castilla-La Mancha,08,6,2020,Junio,5.52,1.1,0.8,3.7,2026-04-22T13:44:20.285754+00:00
Castilla-La Mancha,08,5,2020,Mayo,5.52,-0.4,1.1,3.7,2026-04-22T13:44:20.285754+00:00
Castilla-La Mancha,08,4,2020,Abril,5.52,0.1,1.4,4.2,2026-04-22T13:44:20.285754+00:00
Castilla-La Mancha,08,3,2020,Marzo,5.52,1.4,1.9,4.8,2026-04-22T13:44:20.285754+00:00
Castilla-La Mancha,08,2,2020,Febrero,5.42,0.0,0.7,4.8,2026-04-22T13:44:20.285754+00:00
Castilla-La Mancha,08,1,2020,Enero,5.42,0.5,1.0,6.0,2026-04-22T13:44:20.285754+00:00
Castilla-La Mancha,08,12,2019,Diciembre,5.42,0.2,1.1,5.1,2026-04-22T13:44:20.285754+00:00
Castilla-La Mancha,08,11,2019,Noviembre,5.42,0.2,1.0,6.2,2026-04-22T13:44:20.285754+00:00
Castilla-La Mancha,08,10,2019,Octubre,5.42,0.6,0.5,5.3,2026-04-22T13:44:20.285754+00:00
Castilla-La Mancha,08,9,2019,Septiembre,5.32,0.2,-0.1,4.1,2026-04-22T13:44:20.285754+00:00
Castilla-La Mancha,08,8,2019,Agosto,5.32,-0.3,0.8,4.3,2026-04-22T13:44:20.285754+00:00
Castilla-La Mancha,08,7,2019,Julio,5.32,0.0,1.2,4.6,2026-04-22T13:44:20.285754+00:00
Castilla-La Mancha,08,6,2019,Junio,5.32,1.1,1.9,5.7,2026-04-22T13:44:20.285754+00:00
Castilla-La Mancha,08,5,2019,Mayo,5.32,0.1,2.1,5.6,2026-04-22T13:44:20.285754+00:00
Castilla-La Mancha,08,4,2019,Abril,5.32,0.7,3.1,6.5,2026-04-22T13:44:20.285754+00:00
Castilla-La Mancha,08,3,2019,Marzo,5.22,1.3,2.2,7.0,2026-04-22T13:44:20.285754+00:00
Castilla-La Mancha,08,2,2019,Febrero,5.22,1.1,2.1,5.5,2026-04-22T13:44:20.285754+00:00
Castilla-La Mancha,08,1,2019,Enero,5.12,-0.3,0.3,5.1,2026-04-22T13:44:20.285754+00:00
Castilla-La Mancha,08,12,2018,Diciembre,5.12,1.3,0.1,6.7,2026-04-22T13:44:20.285754+00:00
Castilla-La Mancha,08,11,2018,Noviembre,5.12,-0.6,-0.7,4.9,2026-04-22T13:44:20.285754+00:00
Castilla-La Mancha,08,10,2018,Octubre,5.12,-0.5,-0.1,4.5,2026-04-22T13:44:20.285754+00:00
Castilla-La Mancha,08,9,2018,Septiembre,5.12,0.4,1.3,4.8,2026-04-22T13:44:20.285754+00:00
Castilla-La Mancha,08,8,2018,Agosto,5.12,0.0,2.1,5.0,2026-04-22T13:44:20.285754+00:00
Castilla-La Mancha,08,7,2018,Julio,5.12,1.0,3.1,7.1,2026-04-22T13:44:20.285754+00:00
Castilla-La Mancha,08,6,2018,Junio,5.02,1.1,3.2,6.6,2026-04-22T13:44:20.285754+00:00
Castilla-La Mancha,08,5,2018,Mayo,5.02,0.9,2.0,7.2,2026-04-22T13:44:20.285754+00:00
Castilla-La Mancha,08,4,2018,Abril,4.92,1.1,1.8,7.2,2026-04-22T13:44:20.285754+00:00
Castilla-La Mancha,08,3,2018,Marzo,4.92,-0.1,1.9,5.4,2026-04-22T13:44:20.285754+00:00
Castilla-La Mancha,08,2,2018,Febrero,4.92,0.8,1.5,5.6,2026-04-22T13:44:20.285754+00:00
Castilla-La Mancha,08,1,2018,Enero,4.92,1.3,-0.3,6.0,2026-04-22T13:44:20.285754+00:00
Castilla-La Mancha,08,12,2017,Diciembre,4.82,-0.5,-1.7,4.8,2026-04-22T13:44:20.285754+00:00
Castilla-La Mancha,08,11,2017,Noviembre,4.82,-1.0,-0.6,4.5,2026-04-22T13:44:20.285754+00:00
Castilla-La Mancha,08,10,2017,Octubre,4.92,-0.1,2.4,5.0,2026-04-22T13:44:20.285754+00:00
Castilla-La Mancha,08,9,2017,Septiembre,4.92,0.6,3.1,4.8,2026-04-22T13:44:20.285754+00:00
Castilla-La Mancha,08,8,2017,Agosto,4.82,1.9,4.2,4.2,2026-04-22T13:44:20.285754+00:00
Castilla-La Mancha,08,7,2017,Julio,4.82,0.6,3.1,2.1,2026-04-22T13:44:20.285754+00:00
Castilla-La Mancha,08,6,2017,Junio,4.72,1.6,2.0,3.0,2026-04-22T13:44:20.285754+00:00
Castilla-La Mancha,08,5,2017,Mayo,4.72,0.9,0.4,2.5,2026-04-22T13:44:20.285754+00:00
Castilla-La Mancha,08,4,2017,Abril,4.62,-0.6,0.7,2.2,2026-04-22T13:44:20.285754+00:00
Castilla-La Mancha,08,3,2017,Marzo,4.62,0.1,1.4,3.6,2026-04-22T13:44:20.285754+00:00
Castilla-La Mancha,08,2,2017,Febrero,4.62,1.2,0.5,3.9,2026-04-22T13:44:20.285754+00:00
Castilla-La Mancha,08,1,2017,Enero,4.62,0.1,-1.3,3.3,2026-04-22T13:44:20.285754+00:00
Castilla-La Mancha,08,12,2016,Diciembre,4.62,-0.8,-1.7,2.6,2026-04-22T13:44:20.285754+00:00
Castilla-La Mancha,08,11,2016,Noviembre,4.62,-0.5,-0.9,2.4,2026-04-22T13:44:20.285754+00:00
Castilla-La Mancha,08,10,2016,Octubre,4.62,-0.3,-0.5,2.5,2026-04-22T13:44:20.285754+00:00
Castilla-La Mancha,08,9,2016,Septiembre,4.62,0.0,1.4,2.7,2026-04-22T13:44:20.285754+00:00
Castilla-La Mancha,08,8,2016,Agosto,4.72,-0.1,2.5,3.3,2026-04-22T13:44:20.285754+00:00
Castilla-La Mancha,08,7,2016,Julio,4.72,1.5,3.3,4.0,2026-04-22T13:44:20.285754+00:00
Castilla-La Mancha,08,6,2016,Junio,4.62,1.2,2.6,3.4,2026-04-22T13:44:20.285754+00:00
Castilla-La Mancha,08,5,2016,Mayo,4.52,0.6,1.8,3.0,2026-04-22T13:44:20.285754+00:00
Castilla-La Mancha,08,4,2016,Abril,4.52,0.8,1.8,3.1,2026-04-22T13:44:20.285754+00:00
Castilla-La Mancha,08,3,2016,Marzo,4.52,0.3,0.3,2.6,2026-04-22T13:44:20.285754+00:00
Castilla-La Mancha,08,2,2016,Febrero,4.52,0.6,-1.0,2.4,2026-04-22T13:44:20.285754+00:00
Castilla-La Mancha,08,1,2016,Enero,4.42,-0.6,-2.1,0.7,2026-04-22T13:44:20.285754+00:00
Castilla-La Mancha,08,12,2015,Diciembre,4.52,-1.0,-1.6,0.1,2026-04-22T13:44:20.285754+00:00
Castilla-La Mancha,08,11,2015,Noviembre,4.52,-0.5,-0.1,0.4,2026-04-22T13:44:20.285754+00:00
Castilla-La Mancha,08,10,2015,Octubre,4.52,-0.1,1.1,0.6,2026-04-22T13:44:20.285754+00:00
Castilla-La Mancha,08,9,2015,Septiembre,4.52,0.6,2.1,1.0,2026-04-22T13:44:20.285754+00:00
Castilla-La Mancha,08,8,2015,Agosto,4.52,0.6,2.3,0.3,2026-04-22T13:44:20.285754+00:00
Castilla-La Mancha,08,7,2015,Julio,4.52,0.9,2.4,-0.2,2026-04-22T13:44:20.285754+00:00
Castilla-La Mancha,08,6,2015,Junio,4.42,0.7,1.8,-0.3,2026-04-22T13:44:20.285754+00:00
Castilla-La Mancha,08,5,2015,Mayo,4.42,0.7,1.2,-0.6,2026-04-22T13:44:20.285754+00:00
Castilla-La Mancha,08,4,2015,Abril,4.42,0.3,-0.6,-1.2,2026-04-22T13:44:20.285754+00:00
Castilla-La Mancha,08,3,2015,Marzo,4.42,0.2,-2.0,-1.4,2026-04-22T13:44:20.285754+00:00
Castilla-La Mancha,08,2,2015,Febrero,4.42,-1.1,-2.9,-2.0,2026-04-22T13:44:20.285754+00:00
Castilla-La Mancha,08,1,2015,Enero,4.42,-1.1,-2.1,-1.3,2026-04-22T13:44:20.285754+00:00
Castilla-La Mancha,08,12,2014,Diciembre,4.42,-0.7,-0.7,-1.2,2026-04-22T13:44:20.285754+00:00
Castilla-La Mancha,08,11,2014,Noviembre,4.52,-0.3,-0.2,-2.0,2026-04-22T13:44:20.285754+00:00
Castilla-La Mancha,08,10,2014,Octubre,4.52,0.3,0.3,-2.4,2026-04-22T13:44:20.285754+00:00
Castilla-La Mancha,08,9,2014,Septiembre,4.52,-0.1,0.8,-3.2,2026-04-22T13:44:20.285754+00:00
Castilla-La Mancha,08,8,2014,Agosto,4.52,0.2,1.3,-3.4,2026-04-22T13:44:20.285754+00:00
Castilla-La Mancha,08,7,2014,Julio,4.52,0.7,1.3,-3.6,2026-04-22T13:44:20.285754+00:00
Castilla-La Mancha,08,6,2014,Junio,4.42,0.4,0.6,-4.5,2026-04-22T13:44:20.285754+00:00
Castilla-La Mancha,08,5,2014,Mayo,4.42,0.2,-0.3,-5.1,2026-04-22T13:44:20.285754+00:00
Castilla-La Mancha,08,4,2014,Abril,4.42,0.0,-0.8,-5.9,2026-04-22T13:44:20.285754+00:00
Castilla-La Mancha,08,3,2014,Marzo,4.42,-0.4,-1.8,-8.0,2026-04-22T13:44:20.285754+00:00
Castilla-La Mancha,08,2,2014,Febrero,4.42,-0.3,-2.9,-9.6,2026-04-22T13:44:20.285754+00:00
Castilla-La Mancha,08,1,2014,Enero,4.52,-1.1,-3.2,-9.7,2026-04-22T13:44:20.285754+00:00
Castilla-La Mancha,08,12,2013,Diciembre,4.52,-1.5,-2.7,-8.2,2026-04-22T13:44:20.285754+00:00
Castilla-La Mancha,08,11,2013,Noviembre,4.62,-0.7,-1.5,-7.0,2026-04-22T13:44:20.285754+00:00
Castilla-La Mancha,08,10,2013,Octubre,4.62,-0.6,-1.0,-7.0,2026-04-22T13:44:20.285754+00:00
Castilla-La Mancha,08,9,2013,Septiembre,4.62,-0.3,-0.6,-7.0,2026-04-22T13:44:20.285754+00:00
Castilla-La Mancha,08,8,2013,Agosto,4.62,-0.1,-0.4,-8.1,2026-04-22T13:44:20.285754+00:00
Castilla-La Mancha,08,7,2013,Julio,4.72,-0.2,-1.1,-8.1,2026-04-22T13:44:20.285754+00:00
Castilla-La Mancha,08,6,2013,Junio,4.72,-0.1,-3.0,-7.6,2026-04-22T13:44:20.285754+00:00
Castilla-La Mancha,08,5,2013,Mayo,4.72,-0.7,-5.1,-8.4,2026-04-22T13:44:20.285754+00:00
Castilla-La Mancha,08,4,2013,Abril,4.72,-2.2,-4.7,-8.5,2026-04-22T13:44:20.285754+00:00
Castilla-La Mancha,08,3,2013,Marzo,4.82,-2.2,-2.1,-6.5,2026-04-22T13:44:20.285754+00:00
Castilla-La Mancha,08,2,2013,Febrero,4.92,-0.4,0.0,-4.5,2026-04-22T13:44:20.285754+00:00
Castilla-La Mancha,08,1,2013,Enero,4.92,0.5,-0.4,-4.5,2026-04-22T13:44:20.285754+00:00
Castilla-La Mancha,08,12,2012,Diciembre,4.92,-0.1,-1.4,-5.1,2026-04-22T13:44:20.285754+00:00
Castilla-La Mancha,08,11,2012,Noviembre,4.92,-0.7,-2.8,-5.2,2026-04-22T13:44:20.285754+00:00
Castilla-La Mancha,08,10,2012,Octubre,5.02,-0.5,-2.2,-4.7,2026-04-22T13:44:20.285754+00:00
Castilla-La Mancha,08,9,2012,Septiembre,5.02,-1.5,-1.3,-4.6,2026-04-22T13:44:20.285754+00:00
Castilla-La Mancha,08,8,2012,Agosto,5.12,-0.1,-0.7,-3.4,2026-04-22T13:44:20.285754+00:00
Castilla-La Mancha,08,7,2012,Julio,5.12,0.3,-1.5,-2.8,2026-04-22T13:44:20.285754+00:00
Castilla-La Mancha,08,6,2012,Junio,5.02,-0.9,-1.9,-1.9,2026-04-22T13:44:20.285754+00:00
Castilla-La Mancha,08,5,2012,Mayo,5.12,-0.9,-1.1,-0.4,2026-04-22T13:44:20.285754+00:00
Castilla-La Mancha,08,4,2012,Abril,5.12,-0.1,-0.6,1.8,2026-04-22T13:44:20.285754+00:00
Castilla-La Mancha,08,3,2012,Marzo,5.12,-0.1,-0.6,2.6,2026-04-22T13:44:20.285754+00:00
Castilla-La Mancha,08,2,2012,Febrero,5.12,-0.4,-0.7,2.4,2026-04-22T13:44:20.285754+00:00
Castilla-La Mancha,08,1,2012,Enero,5.22,-0.1,-0.5,3.5,2026-04-22T13:44:20.285754+00:00
Castilla-La Mancha,08,12,2011,Diciembre,5.22,-0.2,-0.9,3.3,2026-04-22T13:44:20.285754+00:00
Castilla-La Mancha,08,11,2011,Noviembre,5.22,-0.2,-1.0,3.9,2026-04-22T13:44:20.285754+00:00
Castilla-La Mancha,08,10,2011,Octubre,5.22,-0.4,-0.2,3.5,2026-04-22T13:44:20.285754+00:00
Castilla-La Mancha,08,9,2011,Septiembre,5.22,-0.3,1.5,4.6,2026-04-22T13:44:20.285754+00:00
Castilla-La Mancha,08,8,2011,Agosto,5.22,0.5,2.4,4.2,2026-04-22T13:44:20.285754+00:00
Castilla-La Mancha,08,7,2011,Julio,5.22,1.3,3.2,3.3,2026-04-22T13:44:20.285754+00:00
Castilla-La Mancha,08,6,2011,Junio,5.12,0.6,2.6,2.0,2026-04-22T13:44:20.285754+00:00
Castilla-La Mancha,08,5,2011,Mayo,5.12,1.4,1.8,0.7,2026-04-22T13:44:20.285754+00:00
Castilla-La Mancha,08,4,2011,Abril,5.02,0.6,1.0,-0.7,2026-04-22T13:44:20.285754+00:00
Castilla-La Mancha,08,3,2011,Marzo,5.02,-0.2,0.2,-3.6,2026-04-22T13:44:20.285754+00:00
Castilla-La Mancha,08,2,2011,Febrero,5.02,0.6,0.7,-1.9,2026-04-22T13:44:20.285754+00:00
Castilla-La Mancha,08,1,2011,Enero,5.02,-0.2,-0.6,-2.2,2026-04-22T13:44:20.285754+00:00
Castilla-La Mancha,08,12,2010,Diciembre,5.02,0.3,0.3,-1.7,2026-04-22T13:44:20.285754+00:00
Castilla-La Mancha,08,11,2010,Noviembre,5.02,-0.7,-0.7,-2.8,2026-04-22T13:44:20.285754+00:00
Castilla-La Mancha,08,10,2010,Octubre,5.02,0.6,-0.4,-2.8,2026-04-22T13:44:20.285754+00:00
Castilla-La Mancha,08,9,2010,Septiembre,5.02,-0.7,-1.0,-3.2,2026-04-22T13:44:20.285754+00:00
Castilla-La Mancha,08,8,2010,Agosto,5.02,-0.4,-1.1,-1.7,2026-04-22T13:44:20.285754+00:00
Castilla-La Mancha,08,7,2010,Julio,5.02,0.1,-0.7,-0.7,2026-04-22T13:44:20.285754+00:00
Castilla-La Mancha,08,6,2010,Junio,5.02,-0.8,-3.1,-1.7,2026-04-22T13:44:20.285754+00:00
Castilla-La Mancha,08,5,2010,Mayo,5.12,0.0,-0.9,-2.8,2026-04-22T13:44:20.285754+00:00
Castilla-La Mancha,08,4,2010,Abril,5.12,-2.3,-0.5,-4.2,2026-04-22T13:44:20.285754+00:00
Castilla-La Mancha,08,3,2010,Marzo,5.22,1.5,2.1,-6.3,2026-04-22T13:44:20.285754+00:00
Castilla-La Mancha,08,2,2010,Febrero,5.12,0.3,-0.1,-7.8,2026-04-22T13:44:20.285754+00:00
Castilla-La Mancha,08,1,2010,Enero,5.12,0.3,-1.2,-7.7,2026-04-22T13:44:20.285754+00:00
Castilla-La Mancha,08,12,2009,Diciembre,5.12,-0.8,-1.3,-4.4,2026-04-22T13:44:20.285754+00:00
Castilla-La Mancha,08,11,2009,Noviembre,5.12,-0.7,0.4,-4.0,2026-04-22T13:44:20.285754+00:00
Castilla-La Mancha,08,10,2009,Octubre,5.22,0.2,1.7,-4.1,2026-04-22T13:44:20.285754+00:00
Castilla-La Mancha,08,9,2009,Septiembre,5.22,0.9,0.7,-2.5,2026-04-22T13:44:20.285754+00:00
Castilla-La Mancha,08,8,2009,Agosto,5.12,0.7,-2.2,-7.9,2026-04-22T13:44:20.285754+00:00
Castilla-La Mancha,08,7,2009,Julio,5.12,-0.9,-4.3,-10.8,2026-04-22T13:44:20.285754+00:00
Castilla-La Mancha,08,6,2009,Junio,5.12,-2.0,-7.7,-9.8,2026-04-22T13:44:20.285754+00:00
Castilla-La Mancha,08,5,2009,Mayo,5.22,-1.5,-5.9,-9.4,2026-04-22T13:44:20.285754+00:00
Castilla-La Mancha,08,4,2009,Abril,5.32,-4.4,-4.1,-5.8,2026-04-22T13:44:20.285754+00:00
Castilla-La Mancha,08,3,2009,Marzo,5.52,-0.1,4.1,-1.0,2026-04-22T13:44:20.285754+00:00
Castilla-La Mancha,08,2,2009,Febrero,5.62,0.5,4.0,1.6,2026-04-22T13:44:20.285754+00:00
Castilla-La Mancha,08,1,2009,Enero,5.52,3.8,2.7,-0.8,2026-04-22T13:44:20.285754+00:00
Castilla-La Mancha,08,12,2008,Diciembre,5.32,-0.3,0.7,-4.8,2026-04-22T13:44:20.285754+00:00
Castilla-La Mancha,08,11,2008,Noviembre,5.32,-0.8,-3.7,0.7,2026-04-22T13:44:20.285754+00:00
Castilla-La Mancha,08,10,2008,Octubre,5.42,1.8,-5.4,0.6,2026-04-22T13:44:20.285754+00:00
Castilla-La Mancha,08,9,2008,Septiembre,5.32,-4.7,-6.9,,2026-04-22T13:44:20.285754+00:00
Castilla-La Mancha,08,8,2008,Agosto,5.62,-2.5,-3.8,,2026-04-22T13:44:20.285754+00:00
Castilla-La Mancha,08,7,2008,Julio,5.72,0.1,1.0,,2026-04-22T13:44:20.285754+00:00
Castilla-La Mancha,08,6,2008,Junio,5.72,-1.5,1.4,,2026-04-22T13:44:20.285754+00:00
Castilla-La Mancha,08,5,2008,Mayo,5.82,2.5,5.6,,2026-04-22T13:44:20.285754+00:00
Castilla-La Mancha,08,4,2008,Abril,5.62,0.5,1.0,,2026-04-22T13:44:20.285754+00:00
Castilla-La Mancha,08,3,2008,Marzo,5.62,2.5,0.1,,2026-04-22T13:44:20.285754+00:00
Castilla-La Mancha,08,2,2008,Febrero,5.52,-2.0,3.0,,2026-04-22T13:44:20.285754+00:00
Castilla-La Mancha,08,1,2008,Enero,5.62,-0.4,4.2,,2026-04-22T13:44:20.285754+00:00
Castilla-La Mancha,08,12,2007,Diciembre,5.62,5.4,,,2026-04-22T13:44:20.285754+00:00
Castilla-La Mancha,08,11,2007,Noviembre,5.32,-0.8,,,2026-04-22T13:44:20.285754+00:00
Castilla-La Mancha,08,10,2007,Octubre,5.42,,,,2026-04-22T13:44:20.285754+00:00
Castilla-La Mancha,08,9,2007,Septiembre,,,,,2026-04-22T13:44:20.285754+00:00
Castilla-La Mancha,08,8,2007,Agosto,,,,,2026-04-22T13:44:20.285754+00:00
Castilla-La Mancha,08,7,2007,Julio,,,,,2026-04-22T13:44:20.285754+00:00
Castilla-La Mancha,08,6,2007,Junio,,,,,2026-04-22T13:44:20.285754+00:00
Castilla-La Mancha,08,5,2007,Mayo,,,,,2026-04-22T13:44:20.285754+00:00
Castilla-La Mancha,08,4,2007,Abril,,,,,2026-04-22T13:44:20.285754+00:00
Castilla-La Mancha,08,3,2007,Marzo,,,,,2026-04-22T13:44:20.285754+00:00
Castilla-La Mancha,08,2,2007,Febrero,,,,,2026-04-22T13:44:20.285754+00:00
Castilla-La Mancha,08,1,2007,Enero,,,,,2026-04-22T13:44:20.285754+00:00
Castilla-La Mancha,08,12,2006,Diciembre,,,,,2026-04-22T13:44:20.285754+00:00
Castilla-La Mancha,08,11,2006,Noviembre,,,,,2026-04-22T13:44:20.285754+00:00
Castilla-La Mancha,08,10,2006,Octubre,,,,,2026-04-22T13:44:20.285754+00:00
Castilla-La Mancha,08,9,2006,Septiembre,,,,,2026-04-22T13:44:20.285754+00:00
Castilla-La Mancha,08,8,2006,Agosto,,,,,2026-04-22T13:44:20.285754+00:00
Castilla-La Mancha,08,7,2006,Julio,,,,,2026-04-22T13:44:20.285754+00:00
Castilla-La Mancha,08,6,2006,Junio,,,,,2026-04-22T13:44:20.285754+00:00
Castilla-La Mancha,08,5,2006,Mayo,,,,,2026-04-22T13:44:20.285754+00:00
Castilla-La Mancha,08,4,2006,Abril,,,,,2026-04-22T13:44:20.285754+00:00
Castilla-La Mancha,08,3,2006,Marzo,,,,,2026-04-22T13:44:20.285754+00:00
Castilla-La Mancha,08,2,2006,Febrero,,,,,2026-04-22T13:44:20.285754+00:00
Castilla-La Mancha,08,1,2006,Enero,,,,,2026-04-22T13:44:20.285754+00:00
Castilla y León,07,3,2026,Marzo,9.52,1.7,2.2,9.0,2026-04-22T13:45:35.435645+00:00
Castilla y León,07,2,2026,Febrero,9.32,-0.2,2.5,8.2,2026-04-22T13:45:35.435645+00:00
Castilla y León,07,1,2026,Enero,9.42,0.7,3.9,8.5,2026-04-22T13:45:35.435645+00:00
Castilla y León,07,12,2025,Diciembre,9.32,2.0,4.3,9.5,2026-04-22T13:45:35.435645+00:00
Castilla y León,07,11,2025,Noviembre,9.12,1.2,1.2,8.7,2026-04-22T13:45:35.435645+00:00
Castilla y León,07,10,2025,Octubre,9.02,1.1,-0.6,9.1,2026-04-22T13:45:35.435645+00:00
Castilla y León,07,9,2025,Septiembre,8.92,-1.0,-1.6,8.9,2026-04-22T13:45:35.435645+00:00
Castilla y León,07,8,2025,Agosto,9.02,-0.7,0.4,9.1,2026-04-22T13:45:35.435645+00:00
Castilla y León,07,7,2025,Julio,9.12,0.0,2.3,10.1,2026-04-22T13:45:35.435645+00:00
Castilla y León,07,6,2025,Junio,9.12,1.0,4.0,10.1,2026-04-22T13:45:35.435645+00:00
Castilla y León,07,5,2025,Mayo,9.02,1.2,3.9,10.5,2026-04-22T13:45:35.435645+00:00
Castilla y León,07,4,2025,Abril,8.92,1.7,2.7,9.7,2026-04-22T13:45:35.435645+00:00
Castilla y León,07,3,2025,Marzo,8.72,0.9,2.6,9.8,2026-04-22T13:45:35.435645+00:00
Castilla y León,07,2,2025,Febrero,8.62,0.1,3.0,11.2,2026-04-22T13:45:35.435645+00:00
Castilla y León,07,1,2025,Enero,8.62,1.6,4.4,11.5,2026-04-22T13:45:35.435645+00:00
Castilla y León,07,12,2024,Diciembre,8.52,1.3,3.8,10.2,2026-04-22T13:45:35.435645+00:00
Castilla y León,07,11,2024,Noviembre,8.42,1.5,1.6,10.4,2026-04-22T13:45:35.435645+00:00
Castilla y León,07,10,2024,Octubre,8.32,0.9,0.3,8.7,2026-04-22T13:45:35.435645+00:00
Castilla y León,07,9,2024,Septiembre,8.22,-0.8,-0.6,8.1,2026-04-22T13:45:35.435645+00:00
Castilla y León,07,8,2024,Agosto,8.22,0.2,1.6,8.2,2026-04-22T13:45:35.435645+00:00
Castilla y León,07,7,2024,Julio,8.22,0.0,1.9,8.1,2026-04-22T13:45:35.435645+00:00
Castilla y León,07,6,2024,Junio,8.22,1.4,3.7,8.7,2026-04-22T13:45:35.435645+00:00
Castilla y León,07,5,2024,Mayo,8.12,0.5,4.6,7.3,2026-04-22T13:45:35.435645+00:00
Castilla y León,07,4,2024,Abril,8.12,1.8,4.5,7.3,2026-04-22T13:45:35.435645+00:00
Castilla y León,07,3,2024,Marzo,7.92,2.2,3.0,8.1,2026-04-22T13:45:35.435645+00:00
Castilla y León,07,2,2024,Febrero,7.82,0.4,2.2,8.3,2026-04-22T13:45:35.435645+00:00
Castilla y León,07,1,2024,Enero,7.72,0.3,1.8,8.5,2026-04-22T13:45:35.435645+00:00
Castilla y León,07,12,2023,Diciembre,7.72,1.5,1.8,8.5,2026-04-22T13:45:35.435645+00:00
Castilla y León,07,11,2023,Noviembre,7.62,0.0,-0.4,7.0,2026-04-22T13:45:35.435645+00:00
Castilla y León,07,10,2023,Octubre,7.62,0.3,-0.2,6.6,2026-04-22T13:45:35.435645+00:00
Castilla y León,07,9,2023,Septiembre,7.62,-0.7,0.0,5.3,2026-04-22T13:45:35.435645+00:00
Castilla y León,07,8,2023,Agosto,7.62,0.2,0.7,5.3,2026-04-22T13:45:35.435645+00:00
Castilla y León,07,7,2023,Julio,7.62,0.5,1.1,5.0,2026-04-22T13:45:35.435645+00:00
Castilla y León,07,6,2023,Junio,7.62,0.0,3.1,5.1,2026-04-22T13:45:35.435645+00:00
Castilla y León,07,5,2023,Mayo,7.62,0.6,5.5,6.2,2026-04-22T13:45:35.435645+00:00
Castilla y León,07,4,2023,Abril,7.52,2.5,5.6,6.2,2026-04-22T13:45:35.435645+00:00
Castilla y León,07,3,2023,Marzo,7.32,2.4,3.4,5.5,2026-04-22T13:45:35.435645+00:00
Castilla y León,07,2,2023,Febrero,7.22,0.7,1.0,4.7,2026-04-22T13:45:35.435645+00:00
Castilla y León,07,1,2023,Enero,7.12,0.3,0.0,4.4,2026-04-22T13:45:35.435645+00:00
Castilla y León,07,12,2022,Diciembre,7.12,0.1,-1.2,4.6,2026-04-22T13:45:35.435645+00:00
Castilla y León,07,11,2022,Noviembre,7.12,-0.4,-2.0,4.8,2026-04-22T13:45:35.435645+00:00
Castilla y León,07,10,2022,Octubre,7.12,-0.9,-1.7,4.6,2026-04-22T13:45:35.435645+00:00
Castilla y León,07,9,2022,Septiembre,7.22,-0.7,-0.2,4.0,2026-04-22T13:45:35.435645+00:00
Castilla y León,07,8,2022,Agosto,7.22,-0.1,1.5,3.8,2026-04-22T13:45:35.435645+00:00
Castilla y León,07,7,2022,Julio,7.22,0.6,2.3,4.2,2026-04-22T13:45:35.435645+00:00
Castilla y León,07,6,2022,Junio,7.22,1.0,3.4,3.7,2026-04-22T13:45:35.435645+00:00
Castilla y León,07,5,2022,Mayo,7.12,0.7,4.1,2.9,2026-04-22T13:45:35.435645+00:00
Castilla y León,07,4,2022,Abril,7.12,1.7,3.8,3.2,2026-04-22T13:45:35.435645+00:00
Castilla y León,07,3,2022,Marzo,7.02,1.7,2.5,2.4,2026-04-22T13:45:35.435645+00:00
Castilla y León,07,2,2022,Febrero,6.82,0.4,1.2,1.3,2026-04-22T13:45:35.435645+00:00
Castilla y León,07,1,2022,Enero,6.82,0.4,0.1,2.2,2026-04-22T13:45:35.435645+00:00
Castilla y León,07,12,2021,Diciembre,6.82,0.3,-1.7,1.1,2026-04-22T13:45:35.435645+00:00
Castilla y León,07,11,2021,Noviembre,6.82,-0.6,-2.9,0.8,2026-04-22T13:45:35.435645+00:00
Castilla y León,07,10,2021,Octubre,6.82,-1.4,-2.0,0.7,2026-04-22T13:45:35.435645+00:00
Castilla y León,07,9,2021,Septiembre,6.92,-0.9,-0.5,2.4,2026-04-22T13:45:35.435645+00:00
Castilla y León,07,8,2021,Agosto,7.02,0.4,0.7,3.3,2026-04-22T13:45:35.435645+00:00
Castilla y León,07,7,2021,Julio,6.92,0.0,1.3,2.6,2026-04-22T13:45:35.435645+00:00
Castilla y León,07,6,2021,Junio,6.92,0.3,2.1,2.0,2026-04-22T13:45:35.435645+00:00
Castilla y León,07,5,2021,Mayo,6.92,1.0,2.5,3.9,2026-04-22T13:45:35.435645+00:00
Castilla y León,07,4,2021,Abril,6.92,0.8,2.8,4.0,2026-04-22T13:45:35.435645+00:00
Castilla y León,07,3,2021,Marzo,6.82,0.7,1.2,4.0,2026-04-22T13:45:35.435645+00:00
Castilla y León,07,2,2021,Febrero,6.82,1.2,0.7,4.8,2026-04-22T13:45:35.435645+00:00
Castilla y León,07,1,2021,Enero,6.72,-0.6,-1.3,3.9,2026-04-22T13:45:35.435645+00:00
Castilla y León,07,12,2020,Diciembre,6.72,0.1,-0.4,4.9,2026-04-22T13:45:35.435645+00:00
Castilla y León,07,11,2020,Noviembre,6.72,-0.8,-0.6,4.9,2026-04-22T13:45:35.435645+00:00
Castilla y León,07,10,2020,Octubre,6.82,0.2,-0.1,5.6,2026-04-22T13:45:35.435645+00:00
Castilla y León,07,9,2020,Septiembre,6.72,-0.1,-0.9,5.1,2026-04-22T13:45:35.435645+00:00
Castilla y León,07,8,2020,Agosto,6.82,-0.3,1.3,4.7,2026-04-22T13:45:35.435645+00:00
Castilla y León,07,7,2020,Julio,6.82,-0.5,2.7,4.0,2026-04-22T13:45:35.435645+00:00
Castilla y León,07,6,2020,Junio,6.82,2.1,4.0,4.5,2026-04-22T13:45:35.435645+00:00
Castilla y León,07,5,2020,Mayo,6.72,1.1,3.3,4.0,2026-04-22T13:45:35.435645+00:00
Castilla y León,07,4,2020,Abril,6.62,0.8,2.6,4.0,2026-04-22T13:45:35.435645+00:00
Castilla y León,07,3,2020,Marzo,6.52,1.4,2.2,5.8,2026-04-22T13:45:35.435645+00:00
Castilla y León,07,2,2020,Febrero,6.52,0.4,0.8,5.0,2026-04-22T13:45:35.435645+00:00
Castilla y León,07,1,2020,Enero,6.42,0.3,0.3,4.5,2026-04-22T13:45:35.435645+00:00
Castilla y León,07,12,2019,Diciembre,6.42,0.0,-0.3,5.6,2026-04-22T13:45:35.435645+00:00
Castilla y León,07,11,2019,Noviembre,6.42,0.0,-0.8,6.0,2026-04-22T13:45:35.435645+00:00
Castilla y León,07,10,2019,Octubre,6.42,-0.3,-1.7,5.5,2026-04-22T13:45:35.435645+00:00
Castilla y León,07,9,2019,Septiembre,6.42,-0.5,-1.4,4.8,2026-04-22T13:45:35.435645+00:00
Castilla y León,07,8,2019,Agosto,6.52,-0.9,0.7,5.5,2026-04-22T13:45:35.435645+00:00
Castilla y León,07,7,2019,Julio,6.52,0.0,2.7,6.6,2026-04-22T13:45:35.435645+00:00
Castilla y León,07,6,2019,Junio,6.52,1.6,5.3,6.6,2026-04-22T13:45:35.435645+00:00
Castilla y León,07,5,2019,Mayo,6.42,1.1,4.3,5.5,2026-04-22T13:45:35.435645+00:00
Castilla y León,07,4,2019,Abril,6.32,2.6,3.1,5.4,2026-04-22T13:45:35.435645+00:00
Castilla y León,07,3,2019,Marzo,6.22,0.6,1.9,4.1,2026-04-22T13:45:35.435645+00:00
Castilla y León,07,2,2019,Febrero,6.12,-0.1,1.7,4.2,2026-04-22T13:45:35.435645+00:00
Castilla y León,07,1,2019,Enero,6.22,1.4,1.4,6.3,2026-04-22T13:45:35.435645+00:00
Castilla y León,07,12,2018,Diciembre,6.12,0.4,-1.0,5.4,2026-04-22T13:45:35.435645+00:00
Castilla y León,07,11,2018,Noviembre,6.02,-0.4,-1.2,5.4,2026-04-22T13:45:35.435645+00:00
Castilla y León,07,10,2018,Octubre,6.12,-1.0,-0.7,5.0,2026-04-22T13:45:35.435645+00:00
Castilla y León,07,9,2018,Septiembre,6.12,0.2,0.3,5.4,2026-04-22T13:45:35.435645+00:00
Castilla y León,07,8,2018,Agosto,6.12,0.1,0.7,4.3,2026-04-22T13:45:35.435645+00:00
Castilla y León,07,7,2018,Julio,6.12,0.0,1.6,4.9,2026-04-22T13:45:35.435645+00:00
Castilla y León,07,6,2018,Junio,6.12,0.5,2.8,6.3,2026-04-22T13:45:35.435645+00:00
Castilla y León,07,5,2018,Mayo,6.12,1.0,3.0,7.4,2026-04-22T13:45:35.435645+00:00
Castilla y León,07,4,2018,Abril,6.02,1.3,3.9,7.2,2026-04-22T13:45:35.435645+00:00
Castilla y León,07,3,2018,Marzo,5.92,0.7,3.2,8.0,2026-04-22T13:45:35.435645+00:00
Castilla y León,07,2,2018,Febrero,5.92,1.9,2.9,7.4,2026-04-22T13:45:35.435645+00:00
Castilla y León,07,1,2018,Enero,5.82,0.6,0.2,5.9,2026-04-22T13:45:35.435645+00:00
Castilla y León,07,12,2017,Diciembre,5.82,0.4,-1.0,6.1,2026-04-22T13:45:35.435645+00:00
Castilla y León,07,11,2017,Noviembre,5.72,-0.8,-2.3,5.7,2026-04-22T13:45:35.435645+00:00
Castilla y León,07,10,2017,Octubre,5.82,-0.7,-0.8,5.5,2026-04-22T13:45:35.435645+00:00
Castilla y León,07,9,2017,Septiembre,5.82,-0.8,1.3,5.6,2026-04-22T13:45:35.435645+00:00
Castilla y León,07,8,2017,Agosto,5.92,0.7,3.7,7.0,2026-04-22T13:45:35.435645+00:00
Castilla y León,07,7,2017,Julio,5.82,1.4,3.8,6.5,2026-04-22T13:45:35.435645+00:00
Castilla y León,07,6,2017,Junio,5.72,1.5,4.4,5.9,2026-04-22T13:45:35.435645+00:00
Castilla y León,07,5,2017,Mayo,5.72,0.8,3.0,4.9,2026-04-22T13:45:35.435645+00:00
Castilla y León,07,4,2017,Abril,5.62,2.0,2.6,6.1,2026-04-22T13:45:35.435645+00:00
Castilla y León,07,3,2017,Marzo,5.52,0.2,1.4,5.3,2026-04-22T13:45:35.435645+00:00
Castilla y León,07,2,2017,Febrero,5.52,0.4,1.3,5.0,2026-04-22T13:45:35.435645+00:00
Castilla y León,07,1,2017,Enero,5.52,0.8,-0.1,4.8,2026-04-22T13:45:35.435645+00:00
Castilla y León,07,12,2016,Diciembre,5.42,0.0,-1.5,3.8,2026-04-22T13:45:35.435645+00:00
Castilla y León,07,11,2016,Noviembre,5.42,-0.9,-1.1,2.6,2026-04-22T13:45:35.435645+00:00
Castilla y León,07,10,2016,Octubre,5.52,-0.6,0.1,2.6,2026-04-22T13:45:35.435645+00:00
Castilla y León,07,9,2016,Septiembre,5.52,0.5,1.6,3.3,2026-04-22T13:45:35.435645+00:00
Castilla y León,07,8,2016,Agosto,5.52,0.3,1.7,2.9,2026-04-22T13:45:35.435645+00:00
Castilla y León,07,7,2016,Julio,5.52,0.8,3.4,3.1,2026-04-22T13:45:35.435645+00:00
Castilla y León,07,6,2016,Junio,5.42,0.6,3.8,3.5,2026-04-22T13:45:35.435645+00:00
Castilla y León,07,5,2016,Mayo,5.42,1.9,3.1,3.5,2026-04-22T13:45:35.435645+00:00
Castilla y León,07,4,2016,Abril,5.32,1.2,1.3,2.4,2026-04-22T13:45:35.435645+00:00
Castilla y León,07,3,2016,Marzo,5.22,-0.1,0.0,1.6,2026-04-22T13:45:35.435645+00:00
Castilla y León,07,2,2016,Febrero,5.22,0.2,-1.0,2.2,2026-04-22T13:45:35.435645+00:00
Castilla y León,07,1,2016,Enero,5.22,-0.1,-2.2,2.2,2026-04-22T13:45:35.435645+00:00
Castilla y León,07,12,2015,Diciembre,5.22,-1.1,-2.0,1.9,2026-04-22T13:45:35.435645+00:00
Castilla y León,07,11,2015,Noviembre,5.32,-1.0,-0.8,1.9,2026-04-22T13:45:35.435645+00:00
Castilla y León,07,10,2015,Octubre,5.32,0.1,0.6,2.2,2026-04-22T13:45:35.435645+00:00
Castilla y León,07,9,2015,Septiembre,5.32,0.1,1.8,2.2,2026-04-22T13:45:35.435645+00:00
Castilla y León,07,8,2015,Agosto,5.32,0.4,2.3,2.0,2026-04-22T13:45:35.435645+00:00
Castilla y León,07,7,2015,Julio,5.32,1.3,2.7,1.9,2026-04-22T13:45:35.435645+00:00
Castilla y León,07,6,2015,Junio,5.22,0.6,1.9,1.7,2026-04-22T13:45:35.435645+00:00
Castilla y León,07,5,2015,Mayo,5.22,0.9,1.8,2.3,2026-04-22T13:45:35.435645+00:00
Castilla y León,07,4,2015,Abril,5.22,0.4,1.1,1.4,2026-04-22T13:45:35.435645+00:00
Castilla y León,07,3,2015,Marzo,5.12,0.5,0.3,0.4,2026-04-22T13:45:35.435645+00:00
Castilla y León,07,2,2015,Febrero,5.12,0.2,-1.3,0.2,2026-04-22T13:45:35.435645+00:00
Castilla y León,07,1,2015,Enero,5.12,-0.4,-2.2,-0.6,2026-04-22T13:45:35.435645+00:00
Castilla y León,07,12,2014,Diciembre,5.12,-1.1,-1.7,-0.9,2026-04-22T13:45:35.435645+00:00
Castilla y León,07,11,2014,Noviembre,5.22,-0.7,-0.7,-1.1,2026-04-22T13:45:35.435645+00:00
Castilla y León,07,10,2014,Octubre,5.22,0.1,0.3,-1.4,2026-04-22T13:45:35.435645+00:00
Castilla y León,07,9,2014,Septiembre,5.22,-0.1,1.3,-1.8,2026-04-22T13:45:35.435645+00:00
Castilla y León,07,8,2014,Agosto,5.22,0.3,2.6,-2.1,2026-04-22T13:45:35.435645+00:00
Castilla y León,07,7,2014,Julio,5.22,1.1,2.2,-1.8,2026-04-22T13:45:35.435645+00:00
Castilla y León,07,6,2014,Junio,5.22,1.2,0.5,-2.0,2026-04-22T13:45:35.435645+00:00
Castilla y León,07,5,2014,Mayo,5.12,-0.1,-0.3,-2.5,2026-04-22T13:45:35.435645+00:00
Castilla y León,07,4,2014,Abril,5.12,-0.6,-0.9,-2.6,2026-04-22T13:45:35.435645+00:00
Castilla y León,07,3,2014,Marzo,5.12,0.3,-0.9,-2.7,2026-04-22T13:45:35.435645+00:00
Castilla y León,07,2,2014,Febrero,5.12,-0.6,-2.5,-4.5,2026-04-22T13:45:35.435645+00:00
Castilla y León,07,1,2014,Enero,5.12,-0.7,-3.0,-4.6,2026-04-22T13:45:35.435645+00:00
Castilla y León,07,12,2013,Diciembre,5.22,-1.3,-2.6,-4.3,2026-04-22T13:45:35.435645+00:00
Castilla y León,07,11,2013,Noviembre,5.22,-1.1,-1.7,-4.3,2026-04-22T13:45:35.435645+00:00
Castilla y León,07,10,2013,Octubre,5.32,-0.3,-0.1,-4.3,2026-04-22T13:45:35.435645+00:00
Castilla y León,07,9,2013,Septiembre,5.32,-0.4,1.0,-5.0,2026-04-22T13:45:35.435645+00:00
Castilla y León,07,8,2013,Agosto,5.32,0.6,2.2,-5.8,2026-04-22T13:45:35.435645+00:00
Castilla y León,07,7,2013,Julio,5.32,0.9,1.4,-6.5,2026-04-22T13:45:35.435645+00:00
Castilla y León,07,6,2013,Junio,5.32,0.7,-0.2,-7.1,2026-04-22T13:45:35.435645+00:00
Castilla y León,07,5,2013,Mayo,5.22,-0.2,-2.4,-7.0,2026-04-22T13:45:35.435645+00:00
Castilla y León,07,4,2013,Abril,5.22,-0.6,-2.9,-6.8,2026-04-22T13:45:35.435645+00:00
Castilla y León,07,3,2013,Marzo,5.32,-1.6,-2.6,-5.8,2026-04-22T13:45:35.435645+00:00
Castilla y León,07,2,2013,Febrero,5.32,-0.7,-2.3,-3.8,2026-04-22T13:45:35.435645+00:00
Castilla y León,07,1,2013,Enero,5.42,-0.4,-2.7,-3.3,2026-04-22T13:45:35.435645+00:00
Castilla y León,07,12,2012,Diciembre,5.42,-1.3,-3.3,-3.0,2026-04-22T13:45:35.435645+00:00
Castilla y León,07,11,2012,Noviembre,5.52,-1.1,-3.3,-2.4,2026-04-22T13:45:35.435645+00:00
Castilla y León,07,10,2012,Octubre,5.52,-1.0,-2.4,-1.9,2026-04-22T13:45:35.435645+00:00
Castilla y León,07,9,2012,Septiembre,5.62,-1.3,-1.2,-2.2,2026-04-22T13:45:35.435645+00:00
Castilla y León,07,8,2012,Agosto,5.72,-0.2,0.8,-0.6,2026-04-22T13:45:35.435645+00:00
Castilla y León,07,7,2012,Julio,5.72,0.3,1.0,-0.5,2026-04-22T13:45:35.435645+00:00
Castilla y León,07,6,2012,Junio,5.72,0.7,1.2,0.1,2026-04-22T13:45:35.435645+00:00
Castilla y León,07,5,2012,Mayo,5.62,0.0,1.0,1.2,2026-04-22T13:45:35.435645+00:00
Castilla y León,07,4,2012,Abril,5.62,0.5,0.8,2.0,2026-04-22T13:45:35.435645+00:00
Castilla y León,07,3,2012,Marzo,5.62,0.5,0.2,2.5,2026-04-22T13:45:35.435645+00:00
Castilla y León,07,2,2012,Febrero,5.62,-0.2,-0.8,2.7,2026-04-22T13:45:35.435645+00:00
Castilla y León,07,1,2012,Enero,5.62,-0.1,-1.3,3.5,2026-04-22T13:45:35.435645+00:00
Castilla y León,07,12,2011,Diciembre,5.62,-0.6,-2.5,4.4,2026-04-22T13:45:35.435645+00:00
Castilla y León,07,11,2011,Noviembre,5.62,-0.6,-1.6,5.5,2026-04-22T13:45:35.435645+00:00
Castilla y León,07,10,2011,Octubre,5.62,-1.3,-1.1,6.1,2026-04-22T13:45:35.435645+00:00
Castilla y León,07,9,2011,Septiembre,5.72,0.4,1.1,8.6,2026-04-22T13:45:35.435645+00:00
Castilla y León,07,8,2011,Agosto,5.72,-0.1,2.7,8.8,2026-04-22T13:45:35.435645+00:00
Castilla y León,07,7,2011,Julio,5.72,0.9,3.6,7.6,2026-04-22T13:45:35.435645+00:00
Castilla y León,07,6,2011,Junio,5.72,1.9,3.7,6.8,2026-04-22T13:45:35.435645+00:00
Castilla y León,07,5,2011,Mayo,5.52,0.8,2.4,5.1,2026-04-22T13:45:35.435645+00:00
Castilla y León,07,4,2011,Abril,5.52,0.9,2.3,4.6,2026-04-22T13:45:35.435645+00:00
Castilla y León,07,3,2011,Marzo,5.52,0.7,2.1,4.4,2026-04-22T13:45:35.435645+00:00
Castilla y León,07,2,2011,Febrero,5.42,0.7,1.9,5.1,2026-04-22T13:45:35.435645+00:00
Castilla y León,07,1,2011,Enero,5.42,0.7,1.2,4.7,2026-04-22T13:45:35.435645+00:00
Castilla y León,07,12,2010,Diciembre,5.32,0.4,1.5,2.9,2026-04-22T13:45:35.435645+00:00
Castilla y León,07,11,2010,Noviembre,5.32,0.0,1.5,1.8,2026-04-22T13:45:35.435645+00:00
Castilla y León,07,10,2010,Octubre,5.32,1.0,0.4,-0.9,2026-04-22T13:45:35.435645+00:00
Castilla y León,07,9,2010,Septiembre,5.32,0.5,-0.5,-0.8,2026-04-22T13:45:35.435645+00:00
Castilla y León,07,8,2010,Agosto,5.22,-1.2,-0.8,-2.7,2026-04-22T13:45:35.435645+00:00
Castilla y León,07,7,2010,Julio,5.32,0.1,0.7,1.7,2026-04-22T13:45:35.435645+00:00
Castilla y León,07,6,2010,Junio,5.32,0.3,1.3,-0.2,2026-04-22T13:45:35.435645+00:00
Castilla y León,07,5,2010,Mayo,5.32,0.3,2.4,-0.5,2026-04-22T13:45:35.435645+00:00
Castilla y León,07,4,2010,Abril,5.32,0.7,2.4,0.1,2026-04-22T13:45:35.435645+00:00
Castilla y León,07,3,2010,Marzo,5.22,1.4,0.7,-0.9,2026-04-22T13:45:35.435645+00:00
Castilla y León,07,2,2010,Febrero,5.22,0.3,-1.3,-3.4,2026-04-22T13:45:35.435645+00:00
Castilla y León,07,1,2010,Enero,5.12,-1.0,-4.3,-2.5,2026-04-22T13:45:35.435645+00:00
Castilla y León,07,12,2009,Diciembre,5.22,-0.6,-2.1,-2.0,2026-04-22T13:45:35.435645+00:00
Castilla y León,07,11,2009,Noviembre,5.22,-2.7,-2.9,-4.7,2026-04-22T13:45:35.435645+00:00
Castilla y León,07,10,2009,Octubre,5.42,1.2,3.0,-5.2,2026-04-22T13:45:35.435645+00:00
Castilla y León,07,9,2009,Septiembre,5.32,-1.4,0.0,-5.9,2026-04-22T13:45:35.435645+00:00
Castilla y León,07,8,2009,Agosto,5.42,3.3,1.5,-5.2,2026-04-22T13:45:35.435645+00:00
Castilla y León,07,7,2009,Julio,5.22,-1.8,-0.9,-13.4,2026-04-22T13:45:35.435645+00:00
Castilla y León,07,6,2009,Junio,5.32,0.0,0.6,-11.2,2026-04-22T13:45:35.435645+00:00
Castilla y León,07,5,2009,Mayo,5.32,0.8,-0.6,-13.5,2026-04-22T13:45:35.435645+00:00
Castilla y León,07,4,2009,Abril,5.32,-0.2,-0.2,-11.0,2026-04-22T13:45:35.435645+00:00
Castilla y León,07,3,2009,Marzo,5.32,-1.2,-0.5,-9.3,2026-04-22T13:45:35.435645+00:00
Castilla y León,07,2,2009,Febrero,5.32,1.2,-2.6,-8.3,2026-04-22T13:45:35.435645+00:00
Castilla y León,07,1,2009,Enero,5.32,-0.5,-6.9,-9.5,2026-04-22T13:45:35.435645+00:00
Castilla y León,07,12,2008,Diciembre,5.32,-3.3,-6.0,-4.4,2026-04-22T13:45:35.435645+00:00
Castilla y León,07,11,2008,Noviembre,5.52,-3.3,-3.5,-3.0,2026-04-22T13:45:35.435645+00:00
Castilla y León,07,10,2008,Octubre,5.72,0.4,-5.8,,2026-04-22T13:45:35.435645+00:00
Castilla y León,07,9,2008,Septiembre,5.62,-0.7,-5.6,,2026-04-22T13:45:35.435645+00:00
Castilla y León,07,8,2008,Agosto,5.72,-5.6,-7.4,,2026-04-22T13:45:35.435645+00:00
Castilla y León,07,7,2008,Julio,6.02,0.7,1.7,,2026-04-22T13:45:35.435645+00:00
Castilla y León,07,6,2008,Junio,6.02,-2.6,2.8,,2026-04-22T13:45:35.435645+00:00
Castilla y León,07,5,2008,Mayo,6.12,3.7,5.3,,2026-04-22T13:45:35.435645+00:00
Castilla y León,07,4,2008,Abril,5.92,1.8,1.5,,2026-04-22T13:45:35.435645+00:00
Castilla y León,07,3,2008,Marzo,5.82,-0.2,4.8,,2026-04-22T13:45:35.435645+00:00
Castilla y León,07,2,2008,Febrero,5.82,-0.1,3.0,,2026-04-22T13:45:35.435645+00:00
Castilla y León,07,1,2008,Enero,5.82,5.1,,,2026-04-22T13:45:35.435645+00:00
Castilla y León,07,12,2007,Diciembre,5.52,-1.9,,,2026-04-22T13:45:35.435645+00:00
Castilla y León,07,11,2007,Noviembre,5.62,,,,2026-04-22T13:45:35.435645+00:00
Castilla y León,07,10,2007,Octubre,,,,,2026-04-22T13:45:35.435645+00:00
Castilla y León,07,9,2007,Septiembre,,,,,2026-04-22T13:45:35.435645+00:00
Castilla y León,07,8,2007,Agosto,,,,,2026-04-22T13:45:35.435645+00:00
Castilla y León,07,7,2007,Julio,,,,,2026-04-22T13:45:35.435645+00:00
Castilla y León,07,6,2007,Junio,,,,,2026-04-22T13:45:35.435645+00:00
Castilla y León,07,5,2007,Mayo,,,,,2026-04-22T13:45:35.435645+00:00
Castilla y León,07,4,2007,Abril,,,,,2026-04-22T13:45:35.435645+00:00
Castilla y León,07,3,2007,Marzo,,,,,2026-04-22T13:45:35.435645+00:00
Castilla y León,07,2,2007,Febrero,,,,,2026-04-22T13:45:35.435645+00:00
Castilla y León,07,1,2007,Enero,,,,,2026-04-22T13:45:35.435645+00:00
Castilla y León,07,12,2006,Diciembre,,,,,2026-04-22T13:45:35.435645+00:00
Castilla y León,07,11,2006,Noviembre,,,,,2026-04-22T13:45:35.435645+00:00
Castilla y León,07,10,2006,Octubre,,,,,2026-04-22T13:45:35.435645+00:00
Castilla y León,07,9,2006,Septiembre,,,,,2026-04-22T13:45:35.435645+00:00
Castilla y León,07,8,2006,Agosto,,,,,2026-04-22T13:45:35.435645+00:00
Castilla y León,07,7,2006,Julio,,,,,2026-04-22T13:45:35.435645+00:00
Castilla y León,07,6,2006,Junio,,,,,2026-04-22T13:45:35.435645+00:00
Castilla y León,07,5,2006,Mayo,,,,,2026-04-22T13:45:35.435645+00:00
Castilla y León,07,4,2006,Abril,,,,,2026-04-22T13:45:35.435645+00:00
Castilla y León,07,3,2006,Marzo,,,,,2026-04-22T13:45:35.435645+00:00
Castilla y León,07,2,2006,Febrero,,,,,2026-04-22T13:45:35.435645+00:00
Castilla y León,07,1,2006,Enero,,,,,2026-04-22T13:45:35.435645+00:00
Andalucía,01,3,2026,Marzo,13.42,0.4,3.1,9.1,2026-04-22T13:46:52.306299+00:00
Andalucía,01,2,2026,Febrero,13.32,1.4,4.9,9.3,2026-04-22T13:46:52.306299+00:00
Andalucía,01,1,2026,Enero,13.12,1.3,5.5,8.7,2026-04-22T13:46:52.306299+00:00
Andalucía,01,12,2025,Diciembre,13.02,2.0,4.9,9.9,2026-04-22T13:46:52.306299+00:00
Andalucía,01,11,2025,Noviembre,12.72,2.1,1.7,10.7,2026-04-22T13:46:52.306299+00:00
Andalucía,01,10,2025,Octubre,12.42,0.7,-1.3,11.8,2026-04-22T13:46:52.306299+00:00
Andalucía,01,9,2025,Septiembre,12.42,-1.1,-3.0,12.1,2026-04-22T13:46:52.306299+00:00
Andalucía,01,8,2025,Agosto,12.52,-0.9,-1.0,12.0,2026-04-22T13:46:52.306299+00:00
Andalucía,01,7,2025,Julio,12.62,-1.0,1.2,10.9,2026-04-22T13:46:52.306299+00:00
Andalucía,01,6,2025,Junio,12.72,0.9,4.0,11.2,2026-04-22T13:46:52.306299+00:00
Andalucía,01,5,2025,Mayo,12.62,1.3,3.6,11.1,2026-04-22T13:46:52.306299+00:00
Andalucía,01,4,2025,Abril,12.52,1.7,3.2,10.6,2026-04-22T13:46:52.306299+00:00
Andalucía,01,3,2025,Marzo,12.32,0.5,3.8,11.1,2026-04-22T13:46:52.306299+00:00
Andalucía,01,2,2025,Febrero,12.22,0.9,6.2,11.4,2026-04-22T13:46:52.306299+00:00
Andalucía,01,1,2025,Enero,12.12,2.4,8.5,11.9,2026-04-22T13:46:52.306299+00:00
Andalucía,01,12,2024,Diciembre,11.82,2.8,7.0,10.5,2026-04-22T13:46:52.306299+00:00
Andalucía,01,11,2024,Noviembre,11.52,3.1,2.9,9.8,2026-04-22T13:46:52.306299+00:00
Andalucía,01,10,2024,Octubre,11.12,1.0,-2.1,8.7,2026-04-22T13:46:52.306299+00:00
Andalucía,01,9,2024,Septiembre,11.02,-1.2,-3.8,9.1,2026-04-22T13:46:52.306299+00:00
Andalucía,01,8,2024,Agosto,11.22,-1.9,-1.8,9.5,2026-04-22T13:46:52.306299+00:00
Andalucía,01,7,2024,Julio,11.42,-0.8,0.9,11.0,2026-04-22T13:46:52.306299+00:00
Andalucía,01,6,2024,Junio,11.52,0.9,3.9,12.4,2026-04-22T13:46:52.306299+00:00
Andalucía,01,5,2024,Mayo,11.42,0.8,3.8,12.6,2026-04-22T13:46:52.306299+00:00
Andalucía,01,4,2024,Abril,11.32,2.1,4.3,13.6,2026-04-22T13:46:52.306299+00:00
Andalucía,01,3,2024,Marzo,11.02,0.8,3.3,13.6,2026-04-22T13:46:52.306299+00:00
Andalucía,01,2,2024,Febrero,10.92,1.3,4.7,14.2,2026-04-22T13:46:52.306299+00:00
Andalucía,01,1,2024,Enero,10.82,1.1,5.5,13.1,2026-04-22T13:46:52.306299+00:00
Andalucía,01,12,2023,Diciembre,10.72,2.2,5.7,13.1,2026-04-22T13:46:52.306299+00:00
Andalucía,01,11,2023,Noviembre,10.42,2.1,2.6,11.4,2026-04-22T13:46:52.306299+00:00
Andalucía,01,10,2023,Octubre,10.22,1.3,-0.1,12.0,2026-04-22T13:46:52.306299+00:00
Andalucía,01,9,2023,Septiembre,10.12,-0.8,-0.8,12.4,2026-04-22T13:46:52.306299+00:00
Andalucía,01,8,2023,Agosto,10.22,-0.6,1.0,13.1,2026-04-22T13:46:52.306299+00:00
Andalucía,01,7,2023,Julio,10.22,0.5,3.3,13.0,2026-04-22T13:46:52.306299+00:00
Andalucía,01,6,2023,Junio,10.22,1.0,5.0,12.4,2026-04-22T13:46:52.306299+00:00
Andalucía,01,5,2023,Mayo,10.12,1.7,5.3,12.2,2026-04-22T13:46:52.306299+00:00
Andalucía,01,4,2023,Abril,9.92,2.2,4.0,10.8,2026-04-22T13:46:52.306299+00:00
Andalucía,01,3,2023,Marzo,9.72,1.4,2.8,9.1,2026-04-22T13:46:52.306299+00:00
Andalucía,01,2,2023,Febrero,9.62,0.4,2.1,7.9,2026-04-22T13:46:52.306299+00:00
Andalucía,01,1,2023,Enero,9.52,1.1,4.4,8.4,2026-04-22T13:46:52.306299+00:00
Andalucía,01,12,2022,Diciembre,9.42,0.7,5.0,8.2,2026-04-22T13:46:52.306299+00:00
Andalucía,01,11,2022,Noviembre,9.42,2.7,4.1,8.6,2026-04-22T13:46:52.306299+00:00
Andalucía,01,10,2022,Octubre,9.12,1.6,0.8,8.0,2026-04-22T13:46:52.306299+00:00
Andalucía,01,9,2022,Septiembre,9.02,-0.2,-0.8,7.1,2026-04-22T13:46:52.306299+00:00
Andalucía,01,8,2022,Agosto,9.02,-0.6,0.2,6.1,2026-04-22T13:46:52.306299+00:00
Andalucía,01,7,2022,Julio,9.12,0.0,1.3,5.7,2026-04-22T13:46:52.306299+00:00
Andalucía,01,6,2022,Junio,9.12,0.8,1.9,5.3,2026-04-22T13:46:52.306299+00:00
Andalucía,01,5,2022,Mayo,9.02,0.4,1.3,4.9,2026-04-22T13:46:52.306299+00:00
Andalucía,01,4,2022,Abril,9.02,0.6,1.7,4.2,2026-04-22T13:46:52.306299+00:00
Andalucía,01,3,2022,Marzo,8.92,0.3,1.9,3.6,2026-04-22T13:46:52.306299+00:00
Andalucía,01,2,2022,Febrero,8.92,0.8,2.8,3.2,2026-04-22T13:46:52.306299+00:00
Andalucía,01,1,2022,Enero,8.82,0.9,4.1,2.4,2026-04-22T13:46:52.306299+00:00
Andalucía,01,12,2021,Diciembre,8.72,1.1,4.0,1.0,2026-04-22T13:46:52.306299+00:00
Andalucía,01,11,2021,Noviembre,8.62,2.1,1.7,0.0,2026-04-22T13:46:52.306299+00:00
Andalucía,01,10,2021,Octubre,8.52,0.8,-1.4,-1.5,2026-04-22T13:46:52.306299+00:00
Andalucía,01,9,2021,Septiembre,8.42,-1.1,-2.5,-2.7,2026-04-22T13:46:52.306299+00:00
Andalucía,01,8,2021,Agosto,8.52,-1.0,-0.9,-2.4,2026-04-22T13:46:52.306299+00:00
Andalucía,01,7,2021,Julio,8.62,-0.4,-0.2,-1.9,2026-04-22T13:46:52.306299+00:00
Andalucía,01,6,2021,Junio,8.62,0.5,0.3,-1.8,2026-04-22T13:46:52.306299+00:00
Andalucía,01,5,2021,Mayo,8.62,-0.3,-0.4,-1.3,2026-04-22T13:46:52.306299+00:00
Andalucía,01,4,2021,Abril,8.62,0.1,0.0,0.6,2026-04-22T13:46:52.306299+00:00
Andalucía,01,3,2021,Marzo,8.62,-0.2,-0.7,1.3,2026-04-22T13:46:52.306299+00:00
Andalucía,01,2,2021,Febrero,8.62,0.1,-0.4,2.0,2026-04-22T13:46:52.306299+00:00
Andalucía,01,1,2021,Enero,8.62,-0.6,0.1,2.2,2026-04-22T13:46:52.306299+00:00
Andalucía,01,12,2020,Diciembre,8.62,0.1,0.3,3.2,2026-04-22T13:46:52.306299+00:00
Andalucía,01,11,2020,Noviembre,8.62,0.5,-0.7,3.9,2026-04-22T13:46:52.306299+00:00
Andalucía,01,10,2020,Octubre,8.62,-0.4,-1.8,5.2,2026-04-22T13:46:52.306299+00:00
Andalucía,01,9,2020,Septiembre,8.62,-0.8,-1.7,6.4,2026-04-22T13:46:52.306299+00:00
Andalucía,01,8,2020,Agosto,8.72,-0.6,0.2,6.3,2026-04-22T13:46:52.306299+00:00
Andalucía,01,7,2020,Julio,8.72,-0.3,2.3,6.7,2026-04-22T13:46:52.306299+00:00
Andalucía,01,6,2020,Junio,8.82,1.1,3.5,7.8,2026-04-22T13:46:52.306299+00:00
Andalucía,01,5,2020,Mayo,8.72,1.6,2.9,7.7,2026-04-22T13:46:52.306299+00:00
Andalucía,01,4,2020,Abril,8.52,0.8,1.6,7.4,2026-04-22T13:46:52.306299+00:00
Andalucía,01,3,2020,Marzo,8.52,0.5,1.2,7.2,2026-04-22T13:46:52.306299+00:00
Andalucía,01,2,2020,Febrero,8.42,0.3,1.5,6.6,2026-04-22T13:46:52.306299+00:00
Andalucía,01,1,2020,Enero,8.42,0.3,2.9,7.1,2026-04-22T13:46:52.306299+00:00
Andalucía,01,12,2019,Diciembre,8.42,0.8,3.4,7.6,2026-04-22T13:46:52.306299+00:00
Andalucía,01,11,2019,Noviembre,8.32,1.8,1.6,7.0,2026-04-22T13:46:52.306299+00:00
Andalucía,01,10,2019,Octubre,8.22,0.7,-0.3,6.7,2026-04-22T13:46:52.306299+00:00
Andalucía,01,9,2019,Septiembre,8.12,-0.9,-0.3,6.4,2026-04-22T13:46:52.306299+00:00
Andalucía,01,8,2019,Agosto,8.22,-0.2,1.5,6.8,2026-04-22T13:46:52.306299+00:00
Andalucía,01,7,2019,Julio,8.22,0.7,2.9,7.1,2026-04-22T13:46:52.306299+00:00
Andalucía,01,6,2019,Junio,8.12,1.0,2.8,7.1,2026-04-22T13:46:52.306299+00:00
Andalucía,01,5,2019,Mayo,8.12,1.2,1.8,7.7,2026-04-22T13:46:52.306299+00:00
Andalucía,01,4,2019,Abril,8.02,0.6,1.4,6.5,2026-04-22T13:46:52.306299+00:00
Andalucía,01,3,2019,Marzo,7.92,0.0,1.5,6.5,2026-04-22T13:46:52.306299+00:00
Andalucía,01,2,2019,Febrero,7.92,0.8,1.9,7.2,2026-04-22T13:46:52.306299+00:00
Andalucía,01,1,2019,Enero,7.82,0.7,2.5,8.2,2026-04-22T13:46:52.306299+00:00
Andalucía,01,12,2018,Diciembre,7.82,0.3,2.3,8.8,2026-04-22T13:46:52.306299+00:00
Andalucía,01,11,2018,Noviembre,7.82,1.4,1.4,10.1,2026-04-22T13:46:52.306299+00:00
Andalucía,01,10,2018,Octubre,7.72,0.5,0.1,9.7,2026-04-22T13:46:52.306299+00:00
Andalucía,01,9,2018,Septiembre,7.62,-0.5,0.3,9.5,2026-04-22T13:46:52.306299+00:00
Andalucía,01,8,2018,Agosto,7.72,0.1,2.4,10.2,2026-04-22T13:46:52.306299+00:00
Andalucía,01,7,2018,Julio,7.72,0.7,2.4,11.1,2026-04-22T13:46:52.306299+00:00
Andalucía,01,6,2018,Junio,7.62,1.6,2.2,11.3,2026-04-22T13:46:52.306299+00:00
Andalucía,01,5,2018,Mayo,7.52,0.1,1.3,11.1,2026-04-22T13:46:52.306299+00:00
Andalucía,01,4,2018,Abril,7.52,0.6,3.1,12.1,2026-04-22T13:46:52.306299+00:00
Andalucía,01,3,2018,Marzo,7.42,0.7,3.8,12.2,2026-04-22T13:46:52.306299+00:00
Andalucía,01,2,2018,Febrero,7.42,1.8,4.7,12.1,2026-04-22T13:46:52.306299+00:00
Andalucía,01,1,2018,Enero,7.32,1.3,3.9,10.9,2026-04-22T13:46:52.306299+00:00
Andalucía,01,12,2017,Diciembre,7.22,1.6,2.9,9.9,2026-04-22T13:46:52.306299+00:00
Andalucía,01,11,2017,Noviembre,7.12,1.0,1.5,8.8,2026-04-22T13:46:52.306299+00:00
Andalucía,01,10,2017,Octubre,7.02,0.3,1.4,8.2,2026-04-22T13:46:52.306299+00:00
Andalucía,01,9,2017,Septiembre,7.02,0.2,2.0,7.8,2026-04-22T13:46:52.306299+00:00
Andalucía,01,8,2017,Agosto,6.92,0.9,3.2,6.6,2026-04-22T13:46:52.306299+00:00
Andalucía,01,7,2017,Julio,6.92,0.9,3.3,5.4,2026-04-22T13:46:52.306299+00:00
Andalucía,01,6,2017,Junio,6.82,1.4,3.1,5.3,2026-04-22T13:46:52.306299+00:00
Andalucía,01,5,2017,Mayo,6.72,0.9,2.2,4.9,2026-04-22T13:46:52.306299+00:00
Andalucía,01,4,2017,Abril,6.72,0.7,1.9,5.2,2026-04-22T13:46:52.306299+00:00
Andalucía,01,3,2017,Marzo,6.62,0.5,1.6,5.2,2026-04-22T13:46:52.306299+00:00
Andalucía,01,2,2017,Febrero,6.62,0.7,1.7,5.4,2026-04-22T13:46:52.306299+00:00
Andalucía,01,1,2017,Enero,6.52,0.4,1.4,5.5,2026-04-22T13:46:52.306299+00:00
Andalucía,01,12,2016,Diciembre,6.52,0.6,0.9,5.6,2026-04-22T13:46:52.306299+00:00
Andalucía,01,11,2016,Noviembre,6.52,0.4,-0.6,5.1,2026-04-22T13:46:52.306299+00:00
Andalucía,01,10,2016,Octubre,6.52,-0.1,-1.2,4.5,2026-04-22T13:46:52.306299+00:00
Andalucía,01,9,2016,Septiembre,6.52,-0.9,-0.3,4.3,2026-04-22T13:46:52.306299+00:00
Andalucía,01,8,2016,Agosto,6.52,-0.2,1.5,4.6,2026-04-22T13:46:52.306299+00:00
Andalucía,01,7,2016,Julio,6.52,0.8,3.1,5.4,2026-04-22T13:46:52.306299+00:00
Andalucía,01,6,2016,Junio,6.52,0.9,2.9,5.8,2026-04-22T13:46:52.306299+00:00
Andalucía,01,5,2016,Mayo,6.42,1.3,2.7,5.6,2026-04-22T13:46:52.306299+00:00
Andalucía,01,4,2016,Abril,6.32,0.7,2.2,4.6,2026-04-22T13:46:52.306299+00:00
Andalucía,01,3,2016,Marzo,6.32,0.7,2.0,5.0,2026-04-22T13:46:52.306299+00:00
Andalucía,01,2,2016,Febrero,6.32,0.8,1.4,4.5,2026-04-22T13:46:52.306299+00:00
Andalucía,01,1,2016,Enero,6.22,0.5,0.4,4.1,2026-04-22T13:46:52.306299+00:00
Andalucía,01,12,2015,Diciembre,6.22,0.1,-0.4,3.5,2026-04-22T13:46:52.306299+00:00
Andalucía,01,11,2015,Noviembre,6.22,-0.2,-1.1,3.4,2026-04-22T13:46:52.306299+00:00
Andalucía,01,10,2015,Octubre,6.22,-0.3,-0.4,3.6,2026-04-22T13:46:52.306299+00:00
Andalucía,01,9,2015,Septiembre,6.22,-0.6,1.1,3.6,2026-04-22T13:46:52.306299+00:00
Andalucía,01,8,2015,Agosto,6.22,0.5,2.5,3.9,2026-04-22T13:46:52.306299+00:00
Andalucía,01,7,2015,Julio,6.22,1.2,2.3,3.7,2026-04-22T13:46:52.306299+00:00
Andalucía,01,6,2015,Junio,6.12,0.8,2.2,3.5,2026-04-22T13:46:52.306299+00:00
Andalucía,01,5,2015,Mayo,6.12,0.3,1.6,3.2,2026-04-22T13:46:52.306299+00:00
Andalucía,01,4,2015,Abril,6.12,1.1,1.7,3.0,2026-04-22T13:46:52.306299+00:00
Andalucía,01,3,2015,Marzo,6.02,0.2,0.6,2.0,2026-04-22T13:46:52.306299+00:00
Andalucía,01,2,2015,Febrero,6.02,0.4,0.3,1.6,2026-04-22T13:46:52.306299+00:00
Andalucía,01,1,2015,Enero,6.02,0.0,-0.1,0.7,2026-04-22T13:46:52.306299+00:00
Andalucía,01,12,2014,Diciembre,6.02,-0.1,-0.3,0.1,2026-04-22T13:46:52.306299+00:00
Andalucía,01,11,2014,Noviembre,6.02,0.0,-0.6,-0.4,2026-04-22T13:46:52.306299+00:00
Andalucía,01,10,2014,Octubre,6.02,-0.2,-0.2,-0.4,2026-04-22T13:46:52.306299+00:00
Andalucía,01,9,2014,Septiembre,6.02,-0.4,1.0,-0.4,2026-04-22T13:46:52.306299+00:00
Andalucía,01,8,2014,Agosto,6.02,0.4,1.9,-0.7,2026-04-22T13:46:52.306299+00:00
Andalucía,01,7,2014,Julio,6.02,1.0,1.6,-1.3,2026-04-22T13:46:52.306299+00:00
Andalucía,01,6,2014,Junio,5.92,0.5,0.7,-2.1,2026-04-22T13:46:52.306299+00:00
Andalucía,01,5,2014,Mayo,5.92,0.1,0.1,-2.2,2026-04-22T13:46:52.306299+00:00
Andalucía,01,4,2014,Abril,5.92,0.1,-0.5,-2.4,2026-04-22T13:46:52.306299+00:00
Andalucía,01,3,2014,Marzo,5.92,-0.1,-1.3,-3.0,2026-04-22T13:46:52.306299+00:00
Andalucía,01,2,2014,Febrero,5.92,-0.5,-1.8,-4.3,2026-04-22T13:46:52.306299+00:00
Andalucía,01,1,2014,Enero,5.92,-0.6,-1.2,-4.4,2026-04-22T13:46:52.306299+00:00
Andalucía,01,12,2013,Diciembre,6.02,-0.6,-0.9,-4.9,2026-04-22T13:46:52.306299+00:00
Andalucía,01,11,2013,Noviembre,6.02,0.0,-0.9,-5.4,2026-04-22T13:46:52.306299+00:00
Andalucía,01,10,2013,Octubre,6.02,-0.3,-1.1,-5.5,2026-04-22T13:46:52.306299+00:00
Andalucía,01,9,2013,Septiembre,6.02,-0.7,-0.7,-5.6,2026-04-22T13:46:52.306299+00:00
Andalucía,01,8,2013,Agosto,6.02,-0.2,0.3,-5.8,2026-04-22T13:46:52.306299+00:00
Andalucía,01,7,2013,Julio,6.12,0.1,0.5,-6.4,2026-04-22T13:46:52.306299+00:00
Andalucía,01,6,2013,Junio,6.02,0.4,-0.2,-6.5,2026-04-22T13:46:52.306299+00:00
Andalucía,01,5,2013,Mayo,6.02,0.0,-2.0,-7.1,2026-04-22T13:46:52.306299+00:00
Andalucía,01,4,2013,Abril,6.02,-0.5,-2.6,-7.2,2026-04-22T13:46:52.306299+00:00
Andalucía,01,3,2013,Marzo,6.12,-1.5,-3.2,-7.4,2026-04-22T13:46:52.306299+00:00
Andalucía,01,2,2013,Febrero,6.12,-0.6,-3.0,-5.8,2026-04-22T13:46:52.306299+00:00
Andalucía,01,1,2013,Enero,6.22,-1.1,-2.4,-5.4,2026-04-22T13:46:52.306299+00:00
Andalucía,01,12,2012,Diciembre,6.32,-1.2,-1.6,-5.5,2026-04-22T13:46:52.306299+00:00
Andalucía,01,11,2012,Noviembre,6.32,0.0,-1.2,-5.4,2026-04-22T13:46:52.306299+00:00
Andalucía,01,10,2012,Octubre,6.32,-0.3,-2.1,-5.4,2026-04-22T13:46:52.306299+00:00
Andalucía,01,9,2012,Septiembre,6.42,-0.9,-1.7,-5.4,2026-04-22T13:46:52.306299+00:00
Andalucía,01,8,2012,Agosto,6.42,-0.8,-1.0,-5.4,2026-04-22T13:46:52.306299+00:00
Andalucía,01,7,2012,Julio,6.52,0.0,-0.4,-4.6,2026-04-22T13:46:52.306299+00:00
Andalucía,01,6,2012,Junio,6.52,-0.2,-1.2,-4.2,2026-04-22T13:46:52.306299+00:00
Andalucía,01,5,2012,Mayo,6.52,-0.2,-0.7,-3.8,2026-04-22T13:46:52.306299+00:00
Andalucía,01,4,2012,Abril,6.52,-0.7,-0.7,-3.7,2026-04-22T13:46:52.306299+00:00
Andalucía,01,3,2012,Marzo,6.52,0.3,-1.1,-2.6,2026-04-22T13:46:52.306299+00:00
Andalucía,01,2,2012,Febrero,6.52,-0.2,-2.6,-2.3,2026-04-22T13:46:52.306299+00:00
Andalucía,01,1,2012,Enero,6.52,-1.2,-2.3,-2.1,2026-04-22T13:46:52.306299+00:00
Andalucía,01,12,2011,Diciembre,6.62,-1.2,-1.5,-1.2,2026-04-22T13:46:52.306299+00:00
Andalucía,01,11,2011,Noviembre,6.72,0.1,-1.3,-0.6,2026-04-22T13:46:52.306299+00:00
Andalucía,01,10,2011,Octubre,6.72,-0.4,-1.3,-0.6,2026-04-22T13:46:52.306299+00:00
Andalucía,01,9,2011,Septiembre,6.72,-0.9,-0.4,-1.4,2026-04-22T13:46:52.306299+00:00
Andalucía,01,8,2011,Agosto,6.82,0.0,0.7,-1.1,2026-04-22T13:46:52.306299+00:00
Andalucía,01,7,2011,Julio,6.82,0.4,0.5,-1.6,2026-04-22T13:46:52.306299+00:00
Andalucía,01,6,2011,Junio,6.82,0.2,0.5,-2.4,2026-04-22T13:46:52.306299+00:00
Andalucía,01,5,2011,Mayo,6.72,-0.1,0.9,-3.0,2026-04-22T13:46:52.306299+00:00
Andalucía,01,4,2011,Abril,6.72,0.4,1.0,-2.6,2026-04-22T13:46:52.306299+00:00
Andalucía,01,3,2011,Marzo,6.72,0.6,0.3,-3.2,2026-04-22T13:46:52.306299+00:00
Andalucía,01,2,2011,Febrero,6.72,0.0,-0.9,-3.8,2026-04-22T13:46:52.306299+00:00
Andalucía,01,1,2011,Enero,6.72,-0.3,-0.8,-4.2,2026-04-22T13:46:52.306299+00:00
Andalucía,01,12,2010,Diciembre,6.72,-0.6,-1.8,-3.7,2026-04-22T13:46:52.306299+00:00
Andalucía,01,11,2010,Noviembre,6.72,0.1,-1.8,-3.9,2026-04-22T13:46:52.306299+00:00
Andalucía,01,10,2010,Octubre,6.72,-1.3,-2.3,-5.2,2026-04-22T13:46:52.306299+00:00
Andalucía,01,9,2010,Septiembre,6.82,-0.6,-1.4,-4.9,2026-04-22T13:46:52.306299+00:00
Andalucía,01,8,2010,Agosto,6.92,-0.4,-1.2,-5.1,2026-04-22T13:46:52.306299+00:00
Andalucía,01,7,2010,Julio,6.92,-0.4,-0.4,-5.3,2026-04-22T13:46:52.306299+00:00
Andalucía,01,6,2010,Junio,6.92,-0.4,-0.3,-6.1,2026-04-22T13:46:52.306299+00:00
Andalucía,01,5,2010,Mayo,6.92,0.3,0.1,-6.2,2026-04-22T13:46:52.306299+00:00
Andalucía,01,4,2010,Abril,6.92,-0.2,-0.7,-6.5,2026-04-22T13:46:52.306299+00:00
Andalucía,01,3,2010,Marzo,6.92,0.0,-0.2,-6.4,2026-04-22T13:46:52.306299+00:00
Andalucía,01,2,2010,Febrero,6.92,-0.4,-1.1,-5.9,2026-04-22T13:46:52.306299+00:00
Andalucía,01,1,2010,Enero,7.02,0.2,-1.9,-5.2,2026-04-22T13:46:52.306299+00:00
Andalucía,01,12,2009,Diciembre,7.02,-0.9,-3.0,-5.9,2026-04-22T13:46:52.306299+00:00
Andalucía,01,11,2009,Noviembre,7.02,-1.3,-3.0,-7.6,2026-04-22T13:46:52.306299+00:00
Andalucía,01,10,2009,Octubre,7.12,-0.9,-2.4,-8.1,2026-04-22T13:46:52.306299+00:00
Andalucía,01,9,2009,Septiembre,7.22,-0.9,-2.7,-8.8,2026-04-22T13:46:52.306299+00:00
Andalucía,01,8,2009,Agosto,7.22,-0.6,-2.4,-10.1,2026-04-22T13:46:52.306299+00:00
Andalucía,01,7,2009,Julio,7.32,-1.2,-1.7,-10.5,2026-04-22T13:46:52.306299+00:00
Andalucía,01,6,2009,Junio,7.42,-0.5,-0.5,-10.3,2026-04-22T13:46:52.306299+00:00
Andalucía,01,5,2009,Mayo,7.42,0.1,0.5,-10.2,2026-04-22T13:46:52.306299+00:00
Andalucía,01,4,2009,Abril,7.42,-0.1,0.6,-10.0,2026-04-22T13:46:52.306299+00:00
Andalucía,01,3,2009,Marzo,7.42,0.5,0.2,-10.1,2026-04-22T13:46:52.306299+00:00
Andalucía,01,2,2009,Febrero,7.42,0.3,-2.9,-10.0,2026-04-22T13:46:52.306299+00:00
Andalucía,01,1,2009,Enero,7.42,-0.5,-4.9,-10.0,2026-04-22T13:46:52.306299+00:00
Andalucía,01,12,2008,Diciembre,7.42,-2.6,-5.9,-8.1,2026-04-22T13:46:52.306299+00:00
Andalucía,01,11,2008,Noviembre,7.62,-1.8,-5.6,-6.7,2026-04-22T13:46:52.306299+00:00
Andalucía,01,10,2008,Octubre,7.72,-1.6,-4.9,-6.9,2026-04-22T13:46:52.306299+00:00
Andalucía,01,9,2008,Septiembre,7.92,-2.3,-4.4,-8.8,2026-04-22T13:46:52.306299+00:00
Andalucía,01,8,2008,Agosto,8.02,-1.1,-2.4,-7.6,2026-04-22T13:46:52.306299+00:00
Andalucía,01,7,2008,Julio,8.12,-1.1,-1.1,-9.0,2026-04-22T13:46:52.306299+00:00
Andalucía,01,6,2008,Junio,8.22,-0.3,-0.3,-7.4,2026-04-22T13:46:52.306299+00:00
Andalucía,01,5,2008,Mayo,8.22,0.3,0.6,-6.4,2026-04-22T13:46:52.306299+00:00
Andalucía,01,4,2008,Abril,8.22,-0.2,0.6,-7.3,2026-04-22T13:46:52.306299+00:00
Andalucía,01,3,2008,Marzo,8.22,0.5,2.4,-5.9,2026-04-22T13:46:52.306299+00:00
Andalucía,01,2,2008,Febrero,8.22,0.3,0.7,-3.7,2026-04-22T13:46:52.306299+00:00
Andalucía,01,1,2008,Enero,8.22,1.6,-1.6,-7.7,2026-04-22T13:46:52.306299+00:00
Andalucía,01,12,2007,Diciembre,8.02,-1.1,-6.6,-9.7,2026-04-22T13:46:52.306299+00:00
Andalucía,01,11,2007,Noviembre,8.12,-2.1,-6.5,-8.0,2026-04-22T13:46:52.306299+00:00
Andalucía,01,10,2007,Octubre,8.32,-3.6,-7.0,-9.5,2026-04-22T13:46:52.306299+00:00
Andalucía,01,9,2007,Septiembre,8.62,-1.0,-2.9,-10.0,2026-04-22T13:46:52.306299+00:00
Andalucía,01,8,2007,Agosto,8.72,-2.6,-1.3,-8.3,2026-04-22T13:46:52.306299+00:00
Andalucía,01,7,2007,Julio,8.92,0.7,0.7,-7.6,2026-04-22T13:46:52.306299+00:00
Andalucía,01,6,2007,Junio,8.92,0.7,1.3,-10.3,2026-04-22T13:46:52.306299+00:00
Andalucía,01,5,2007,Mayo,8.82,-0.7,3.5,-8.0,2026-04-22T13:46:52.306299+00:00
Andalucía,01,4,2007,Abril,8.92,1.4,0.2,-10.3,2026-04-22T13:46:52.306299+00:00
Andalucía,01,3,2007,Marzo,8.82,2.8,-1.7,-12.3,2026-04-22T13:46:52.306299+00:00
Andalucía,01,2,2007,Febrero,8.52,-3.9,-3.7,-14.8,2026-04-22T13:46:52.306299+00:00
Andalucía,01,1,2007,Enero,8.92,-0.6,-3.5,-12.1,2026-04-22T13:46:52.306299+00:00
Andalucía,01,12,2006,Diciembre,8.92,0.8,-7.0,,2026-04-22T13:46:52.306299+00:00
Andalucía,01,11,2006,Noviembre,8.82,-3.7,-6.9,,2026-04-22T13:46:52.306299+00:00
Andalucía,01,10,2006,Octubre,9.22,-4.1,-5.0,,2026-04-22T13:46:52.306299+00:00
Andalucía,01,9,2006,Septiembre,9.62,0.8,-3.3,,2026-04-22T13:46:52.306299+00:00
Andalucía,01,8,2006,Agosto,9.52,-1.8,-0.9,,2026-04-22T13:46:52.306299+00:00
Andalucía,01,7,2006,Julio,9.72,-2.3,-2.3,,2026-04-22T13:46:52.306299+00:00
Andalucía,01,6,2006,Junio,9.92,3.4,-0.8,,2026-04-22T13:46:52.306299+00:00
Andalucía,01,5,2006,Mayo,9.62,-3.3,-4.2,,2026-04-22T13:46:52.306299+00:00
Andalucía,01,4,2006,Abril,9.92,-0.8,-1.8,,2026-04-22T13:46:52.306299+00:00
Andalucía,01,3,2006,Marzo,10.02,-0.1,,,2026-04-22T13:46:52.306299+00:00
Andalucía,01,2,2006,Febrero,10.02,-0.9,,,2026-04-22T13:46:52.306299+00:00
Andalucía,01,1,2006,Enero,10.12,,,,2026-04-22T13:46:52.306299+00:00
Baleares,04,3,2026,Marzo,19.72,1.0,3.0,6.3,2026-04-22T13:48:15.405340+00:00
Baleares,04,2,2026,Febrero,19.52,1.7,2.0,7.9,2026-04-22T13:48:15.405340+00:00
Baleares,04,1,2026,Enero,19.12,0.2,0.1,7.1,2026-04-22T13:48:15.405340+00:00
Baleares,04,12,2025,Diciembre,19.12,0.1,-0.7,8.5,2026-04-22T13:48:15.405340+00:00
Baleares,04,11,2025,Noviembre,19.12,-0.2,-1.5,9.1,2026-04-22T13:48:15.405340+00:00
Baleares,04,10,2025,Octubre,19.12,-0.5,-3.1,9.0,2026-04-22T13:48:15.405340+00:00
Baleares,04,9,2025,Septiembre,19.22,-0.8,-4.7,6.6,2026-04-22T13:48:15.405340+00:00
Baleares,04,8,2025,Agosto,19.42,-1.8,-1.5,4.9,2026-04-22T13:48:15.405340+00:00
Baleares,04,7,2025,Julio,19.72,-2.2,3.5,4.6,2026-04-22T13:48:15.405340+00:00
Baleares,04,6,2025,Junio,20.22,2.5,9.1,1.6,2026-04-22T13:48:15.405340+00:00
Baleares,04,5,2025,Mayo,19.72,3.2,9.0,3.0,2026-04-22T13:48:15.405340+00:00
Baleares,04,4,2025,Abril,19.12,3.1,6.6,7.4,2026-04-22T13:48:15.405340+00:00
Baleares,04,3,2025,Marzo,18.52,2.5,5.1,10.8,2026-04-22T13:48:15.405340+00:00
Baleares,04,2,2025,Febrero,18.12,1.0,3.2,9.6,2026-04-22T13:48:15.405340+00:00
Baleares,04,1,2025,Enero,17.92,1.6,1.9,10.5,2026-04-22T13:48:15.405340+00:00
Baleares,04,12,2024,Diciembre,17.62,0.7,-2.4,9.5,2026-04-22T13:48:15.405340+00:00
Baleares,04,11,2024,Noviembre,17.52,-0.4,-5.3,9.6,2026-04-22T13:48:15.405340+00:00
Baleares,04,10,2024,Octubre,17.62,-2.7,-7.0,9.3,2026-04-22T13:48:15.405340+00:00
Baleares,04,9,2024,Septiembre,18.02,-2.4,-9.3,11.4,2026-04-22T13:48:15.405340+00:00
Baleares,04,8,2024,Agosto,18.52,-2.1,-3.3,11.8,2026-04-22T13:48:15.405340+00:00
Baleares,04,7,2024,Julio,18.92,-5.1,6.2,14.6,2026-04-22T13:48:15.405340+00:00
Baleares,04,6,2024,Junio,19.92,4.0,19.0,21.5,2026-04-22T13:48:15.405340+00:00
Baleares,04,5,2024,Mayo,19.12,7.6,16.0,22.1,2026-04-22T13:48:15.405340+00:00
Baleares,04,4,2024,Abril,17.82,6.3,9.8,17.1,2026-04-22T13:48:15.405340+00:00
Baleares,04,3,2024,Marzo,16.72,1.4,3.9,15.3,2026-04-22T13:48:15.405340+00:00
Baleares,04,2,2024,Febrero,16.52,1.8,3.3,17.5,2026-04-22T13:48:15.405340+00:00
Baleares,04,1,2024,Enero,16.22,0.6,0.7,17.6,2026-04-22T13:48:15.405340+00:00
Baleares,04,12,2023,Diciembre,16.12,0.8,-0.7,18.3,2026-04-22T13:48:15.405340+00:00
Baleares,04,11,2023,Noviembre,16.02,-0.7,-3.5,18.1,2026-04-22T13:48:15.405340+00:00
Baleares,04,10,2023,Octubre,16.12,-0.8,-2.4,20.6,2026-04-22T13:48:15.405340+00:00
Baleares,04,9,2023,Septiembre,16.22,-2.1,-1.0,22.7,2026-04-22T13:48:15.405340+00:00
Baleares,04,8,2023,Agosto,16.52,0.4,5.6,23.3,2026-04-22T13:48:15.405340+00:00
Baleares,04,7,2023,Julio,16.52,0.7,8.6,24.2,2026-04-22T13:48:15.405340+00:00
Baleares,04,6,2023,Junio,16.42,4.5,12.9,27.3,2026-04-22T13:48:15.405340+00:00
Baleares,04,5,2023,Mayo,15.72,3.2,11.7,23.8,2026-04-22T13:48:15.405340+00:00
Baleares,04,4,2023,Abril,15.22,4.7,10.3,22.0,2026-04-22T13:48:15.405340+00:00
Baleares,04,3,2023,Marzo,14.52,3.4,6.6,19.7,2026-04-22T13:48:15.405340+00:00
Baleares,04,2,2023,Febrero,14.02,1.9,3.8,16.6,2026-04-22T13:48:15.405340+00:00
Baleares,04,1,2023,Enero,13.82,1.2,3.2,15.1,2026-04-22T13:48:15.405340+00:00
Baleares,04,12,2022,Diciembre,13.62,0.7,3.1,13.7,2026-04-22T13:48:15.405340+00:00
Baleares,04,11,2022,Noviembre,13.52,1.3,0.7,13.9,2026-04-22T13:48:15.405340+00:00
Baleares,04,10,2022,Octubre,13.32,1.0,0.5,14.2,2026-04-22T13:48:15.405340+00:00
Baleares,04,9,2022,Septiembre,13.22,-1.6,2.6,14.6,2026-04-22T13:48:15.405340+00:00
Baleares,04,8,2022,Agosto,13.42,1.1,6.0,17.1,2026-04-22T13:48:15.405340+00:00
Baleares,04,7,2022,Julio,13.32,3.2,6.7,15.6,2026-04-22T13:48:15.405340+00:00
Baleares,04,6,2022,Junio,12.92,1.6,6.2,12.4,2026-04-22T13:48:15.405340+00:00
Baleares,04,5,2022,Mayo,12.72,1.7,5.3,11.6,2026-04-22T13:48:15.405340+00:00
Baleares,04,4,2022,Abril,12.42,2.7,4.1,10.5,2026-04-22T13:48:15.405340+00:00
Baleares,04,3,2022,Marzo,12.12,0.8,1.2,7.9,2026-04-22T13:48:15.405340+00:00
Baleares,04,2,2022,Febrero,12.02,0.6,1.3,6.6,2026-04-22T13:48:15.405340+00:00
Baleares,04,1,2022,Enero,11.92,-0.1,2.3,5.5,2026-04-22T13:48:15.405340+00:00
Baleares,04,12,2021,Diciembre,12.02,0.9,4.0,3.7,2026-04-22T13:48:15.405340+00:00
Baleares,04,11,2021,Noviembre,11.92,1.6,3.5,1.8,2026-04-22T13:48:15.405340+00:00
Baleares,04,10,2021,Octubre,11.72,1.4,1.7,-0.7,2026-04-22T13:48:15.405340+00:00
Baleares,04,9,2021,Septiembre,11.52,0.4,0.6,-3.6,2026-04-22T13:48:15.405340+00:00
Baleares,04,8,2021,Agosto,11.52,-0.2,1.1,-5.6,2026-04-22T13:48:15.405340+00:00
Baleares,04,7,2021,Julio,11.52,0.4,2.0,-6.5,2026-04-22T13:48:15.405340+00:00
Baleares,04,6,2021,Junio,11.42,0.9,1.9,-8.8,2026-04-22T13:48:15.405340+00:00
Baleares,04,5,2021,Mayo,11.32,0.8,0.6,-12.3,2026-04-22T13:48:15.405340+00:00
Baleares,04,4,2021,Abril,11.32,0.3,-0.6,-12.6,2026-04-22T13:48:15.405340+00:00
Baleares,04,3,2021,Marzo,11.22,-0.5,-2.8,-11.0,2026-04-22T13:48:15.405340+00:00
Baleares,04,2,2021,Febrero,11.32,-0.4,-3.2,-8.6,2026-04-22T13:48:15.405340+00:00
Baleares,04,1,2021,Enero,11.32,-1.9,-3.7,-7.8,2026-04-22T13:48:15.405340+00:00
Baleares,04,12,2020,Diciembre,11.52,-0.9,-3.4,-6.9,2026-04-22T13:48:15.405340+00:00
Baleares,04,11,2020,Noviembre,11.72,-0.9,-4.0,-5.6,2026-04-22T13:48:15.405340+00:00
Baleares,04,10,2020,Octubre,11.82,-1.5,-4.2,-3.8,2026-04-22T13:48:15.405340+00:00
Baleares,04,9,2020,Septiembre,11.92,-1.6,-4.8,-2.0,2026-04-22T13:48:15.405340+00:00
Baleares,04,8,2020,Agosto,12.12,-1.2,-6.1,-2.5,2026-04-22T13:48:15.405340+00:00
Baleares,04,7,2020,Julio,12.32,-2.2,-4.6,-3.9,2026-04-22T13:48:15.405340+00:00
Baleares,04,6,2020,Junio,12.52,-2.9,-0.5,-3.0,2026-04-22T13:48:15.405340+00:00
Baleares,04,5,2020,Mayo,12.92,0.4,4.7,0.8,2026-04-22T13:48:15.405340+00:00
Baleares,04,4,2020,Abril,12.92,2.1,4.8,4.2,2026-04-22T13:48:15.405340+00:00
Baleares,04,3,2020,Marzo,12.62,2.2,1.7,3.3,2026-04-22T13:48:15.405340+00:00
Baleares,04,2,2020,Febrero,12.32,0.5,0.0,1.9,2026-04-22T13:48:15.405340+00:00
Baleares,04,1,2020,Enero,12.32,-1.0,0.4,0.9,2026-04-22T13:48:15.405340+00:00
Baleares,04,12,2019,Diciembre,12.42,0.4,1.7,1.6,2026-04-22T13:48:15.405340+00:00
Baleares,04,11,2019,Noviembre,12.32,1.0,-0.8,1.2,2026-04-22T13:48:15.405340+00:00
Baleares,04,10,2019,Octubre,12.22,0.3,-4.3,1.3,2026-04-22T13:48:15.405340+00:00
Baleares,04,9,2019,Septiembre,12.22,-2.0,-5.8,0.7,2026-04-22T13:48:15.405340+00:00
Baleares,04,8,2019,Agosto,12.42,-2.6,-3.0,0.1,2026-04-22T13:48:15.405340+00:00
Baleares,04,7,2019,Julio,12.82,-1.2,3.5,-1.8,2026-04-22T13:48:15.405340+00:00
Baleares,04,6,2019,Junio,12.92,0.8,6.0,-2.6,2026-04-22T13:48:15.405340+00:00
Baleares,04,5,2019,Mayo,12.82,3.9,6.0,-3.0,2026-04-22T13:48:15.405340+00:00
Baleares,04,4,2019,Abril,12.32,1.2,1.4,-2.4,2026-04-22T13:48:15.405340+00:00
Baleares,04,3,2019,Marzo,12.22,0.8,0.0,0.0,2026-04-22T13:48:15.405340+00:00
Baleares,04,2,2019,Febrero,12.12,-0.6,-0.7,1.8,2026-04-22T13:48:15.405340+00:00
Baleares,04,1,2019,Enero,12.22,-0.3,0.9,3.3,2026-04-22T13:48:15.405340+00:00
Baleares,04,12,2018,Diciembre,12.22,0.1,0.8,3.2,2026-04-22T13:48:15.405340+00:00
Baleares,04,11,2018,Noviembre,12.22,1.1,-1.9,3.9,2026-04-22T13:48:15.405340+00:00
Baleares,04,10,2018,Octubre,12.12,-0.3,-7.3,2.0,2026-04-22T13:48:15.405340+00:00
Baleares,04,9,2018,Septiembre,12.12,-2.6,-8.8,-0.2,2026-04-22T13:48:15.405340+00:00
Baleares,04,8,2018,Agosto,12.42,-4.4,-6.0,-0.8,2026-04-22T13:48:15.405340+00:00
Baleares,04,7,2018,Julio,13.02,-2.0,2.8,-0.3,2026-04-22T13:48:15.405340+00:00
Baleares,04,6,2018,Junio,13.32,0.4,8.8,-0.4,2026-04-22T13:48:15.405340+00:00
Baleares,04,5,2018,Mayo,13.22,4.5,11.3,3.2,2026-04-22T13:48:15.405340+00:00
Baleares,04,4,2018,Abril,12.72,3.6,7.4,4.7,2026-04-22T13:48:15.405340+00:00
Baleares,04,3,2018,Marzo,12.22,2.7,3.2,9.2,2026-04-22T13:48:15.405340+00:00
Baleares,04,2,2018,Febrero,11.92,0.9,1.3,10.2,2026-04-22T13:48:15.405340+00:00
Baleares,04,1,2018,Enero,11.82,-0.4,-0.4,13.6,2026-04-22T13:48:15.405340+00:00
Baleares,04,12,2017,Diciembre,11.82,0.8,-2.4,16.2,2026-04-22T13:48:15.405340+00:00
Baleares,04,11,2017,Noviembre,11.72,-0.8,-6.4,18.6,2026-04-22T13:48:15.405340+00:00
Baleares,04,10,2017,Octubre,11.82,-2.4,-9.4,18.7,2026-04-22T13:48:15.405340+00:00
Baleares,04,9,2017,Septiembre,12.12,-3.3,-9.0,18.6,2026-04-22T13:48:15.405340+00:00
Baleares,04,8,2017,Agosto,12.52,-4.0,-2.2,17.1,2026-04-22T13:48:15.405340+00:00
Baleares,04,7,2017,Julio,13.12,-2.1,8.1,19.4,2026-04-22T13:48:15.405340+00:00
Baleares,04,6,2017,Junio,13.32,4.0,19.3,21.8,2026-04-22T13:48:15.405340+00:00
Baleares,04,5,2017,Mayo,12.82,6.1,18.8,22.6,2026-04-22T13:48:15.405340+00:00
Baleares,04,4,2017,Abril,12.12,8.1,16.5,23.4,2026-04-22T13:48:15.405340+00:00
Baleares,04,3,2017,Marzo,11.22,3.6,9.8,22.2,2026-04-22T13:48:15.405340+00:00
Baleares,04,2,2017,Febrero,10.82,4.0,9.1,22.8,2026-04-22T13:48:15.405340+00:00
Baleares,04,1,2017,Enero,10.42,1.9,4.0,23.1,2026-04-22T13:48:15.405340+00:00
Baleares,04,12,2016,Diciembre,10.22,2.9,-0.5,23.7,2026-04-22T13:48:15.405340+00:00
Baleares,04,11,2016,Noviembre,9.92,-0.8,-7.6,19.7,2026-04-22T13:48:15.405340+00:00
Baleares,04,10,2016,Octubre,10.02,-2.5,-8.8,21.3,2026-04-22T13:48:15.405340+00:00
Baleares,04,9,2016,Septiembre,10.22,-4.5,-6.5,18.8,2026-04-22T13:48:15.405340+00:00
Baleares,04,8,2016,Agosto,10.72,-2.0,2.5,23.7,2026-04-22T13:48:15.405340+00:00
Baleares,04,7,2016,Julio,10.92,-0.1,11.6,23.5,2026-04-22T13:48:15.405340+00:00
Baleares,04,6,2016,Junio,10.92,4.7,19.6,25.3,2026-04-22T13:48:15.405340+00:00
Baleares,04,5,2016,Mayo,10.42,6.7,19.0,20.9,2026-04-22T13:48:15.405340+00:00
Baleares,04,4,2016,Abril,9.82,7.0,16.3,15.7,2026-04-22T13:48:15.405340+00:00
Baleares,04,3,2016,Marzo,9.12,4.2,11.2,12.9,2026-04-22T13:48:15.405340+00:00
Baleares,04,2,2016,Febrero,8.82,4.3,6.2,9.9,2026-04-22T13:48:15.405340+00:00
Baleares,04,1,2016,Enero,8.42,2.4,2.4,5.7,2026-04-22T13:48:15.405340+00:00
Baleares,04,12,2015,Diciembre,8.22,-0.4,-4.4,4.1,2026-04-22T13:48:15.405340+00:00
Baleares,04,11,2015,Noviembre,8.32,0.5,-4.5,7.5,2026-04-22T13:48:15.405340+00:00
Baleares,04,10,2015,Octubre,8.22,-4.5,-7.1,6.8,2026-04-22T13:48:15.405340+00:00
Baleares,04,9,2015,Septiembre,8.62,-0.6,-1.5,9.9,2026-04-22T13:48:15.405340+00:00
Baleares,04,8,2015,Agosto,8.72,-2.2,0.1,10.5,2026-04-22T13:48:15.405340+00:00
Baleares,04,7,2015,Julio,8.82,1.3,4.6,12.2,2026-04-22T13:48:15.405340+00:00
Baleares,04,6,2015,Junio,8.72,1.0,7.8,10.8,2026-04-22T13:48:15.405340+00:00
Baleares,04,5,2015,Mayo,8.62,2.2,8.1,11.4,2026-04-22T13:48:15.405340+00:00
Baleares,04,4,2015,Abril,8.52,4.4,6.2,11.4,2026-04-22T13:48:15.405340+00:00
Baleares,04,3,2015,Marzo,8.12,1.4,2.5,7.3,2026-04-22T13:48:15.405340+00:00
Baleares,04,2,2015,Febrero,8.02,0.3,3.9,6.1,2026-04-22T13:48:15.405340+00:00
Baleares,04,1,2015,Enero,8.02,0.8,3.5,5.6,2026-04-22T13:48:15.405340+00:00
Baleares,04,12,2014,Diciembre,7.92,2.8,1.0,4.5,2026-04-22T13:48:15.405340+00:00
Baleares,04,11,2014,Noviembre,7.72,-0.1,-1.8,1.9,2026-04-22T13:48:15.405340+00:00
Baleares,04,10,2014,Octubre,7.72,-1.6,-2.4,1.7,2026-04-22T13:48:15.405340+00:00
Baleares,04,9,2014,Septiembre,7.82,-0.1,-0.7,2.9,2026-04-22T13:48:15.405340+00:00
Baleares,04,8,2014,Agosto,7.82,-0.7,1.0,2.0,2026-04-22T13:48:15.405340+00:00
Baleares,04,7,2014,Julio,7.92,0.1,3.8,1.8,2026-04-22T13:48:15.405340+00:00
Baleares,04,6,2014,Junio,7.92,1.6,4.3,2.2,2026-04-22T13:48:15.405340+00:00
Baleares,04,5,2014,Mayo,7.82,2.1,3.0,2.4,2026-04-22T13:48:15.405340+00:00
Baleares,04,4,2014,Abril,7.62,0.6,0.7,1.3,2026-04-22T13:48:15.405340+00:00
Baleares,04,3,2014,Marzo,7.62,0.3,-0.2,1.5,2026-04-22T13:48:15.405340+00:00
Baleares,04,2,2014,Febrero,7.52,-0.1,-0.2,0.1,2026-04-22T13:48:15.405340+00:00
Baleares,04,1,2014,Enero,7.52,-0.3,-0.4,0.2,2026-04-22T13:48:15.405340+00:00
Baleares,04,12,2013,Diciembre,7.62,0.3,-0.5,-3.6,2026-04-22T13:48:15.405340+00:00
Baleares,04,11,2013,Noviembre,7.52,-0.3,-1.8,-4.6,2026-04-22T13:48:15.405340+00:00
Baleares,04,10,2013,Octubre,7.62,-0.5,-2.2,-5.2,2026-04-22T13:48:15.405340+00:00
Baleares,04,9,2013,Septiembre,7.62,-1.0,-1.3,-6.3,2026-04-22T13:48:15.405340+00:00
Baleares,04,8,2013,Agosto,7.72,-0.8,1.4,-6.0,2026-04-22T13:48:15.405340+00:00
Baleares,04,7,2013,Julio,7.72,0.5,3.2,-6.3,2026-04-22T13:48:15.405340+00:00
Baleares,04,6,2013,Junio,7.72,1.7,3.6,-6.4,2026-04-22T13:48:15.405340+00:00
Baleares,04,5,2013,Mayo,7.62,1.0,0.7,-6.9,2026-04-22T13:48:15.405340+00:00
Baleares,04,4,2013,Abril,7.52,0.8,-0.4,-7.4,2026-04-22T13:48:15.405340+00:00
Baleares,04,3,2013,Marzo,7.42,-1.1,-5.2,-8.9,2026-04-22T13:48:15.405340+00:00
Baleares,04,2,2013,Febrero,7.52,-0.1,-4.9,-7.5,2026-04-22T13:48:15.405340+00:00
Baleares,04,1,2013,Enero,7.52,-4.1,-5.7,-9.0,2026-04-22T13:48:15.405340+00:00
Baleares,04,12,2012,Diciembre,7.82,-0.8,-3.3,-4.8,2026-04-22T13:48:15.405340+00:00
Baleares,04,11,2012,Noviembre,7.92,-1.0,-3.2,-4.5,2026-04-22T13:48:15.405340+00:00
Baleares,04,10,2012,Octubre,8.02,-1.7,-3.4,-4.0,2026-04-22T13:48:15.405340+00:00
Baleares,04,9,2012,Septiembre,8.12,-0.6,-1.4,-4.6,2026-04-22T13:48:15.405340+00:00
Baleares,04,8,2012,Agosto,8.22,-1.2,0.4,-4.4,2026-04-22T13:48:15.405340+00:00
Baleares,04,7,2012,Julio,8.32,0.4,2.0,-4.6,2026-04-22T13:48:15.405340+00:00
Baleares,04,6,2012,Junio,8.22,1.2,0.9,-7.3,2026-04-22T13:48:15.405340+00:00
Baleares,04,5,2012,Mayo,8.12,0.5,0.1,-9.5,2026-04-22T13:48:15.405340+00:00
Baleares,04,4,2012,Abril,8.12,-0.8,-2.0,-10.6,2026-04-22T13:48:15.405340+00:00
Baleares,04,3,2012,Marzo,8.22,0.5,-1.0,-9.1,2026-04-22T13:48:15.405340+00:00
Baleares,04,2,2012,Febrero,8.12,-1.7,-1.9,-9.7,2026-04-22T13:48:15.405340+00:00
Baleares,04,1,2012,Enero,8.32,0.3,-0.6,-9.6,2026-04-22T13:48:15.405340+00:00
Baleares,04,12,2011,Diciembre,8.22,-0.5,-3.1,-11.3,2026-04-22T13:48:15.405340+00:00
Baleares,04,11,2011,Noviembre,8.32,-0.4,-3.1,-11.2,2026-04-22T13:48:15.405340+00:00
Baleares,04,10,2011,Octubre,8.32,-2.3,-4.0,-11.1,2026-04-22T13:48:15.405340+00:00
Baleares,04,9,2011,Septiembre,8.52,-0.4,-4.3,-10.4,2026-04-22T13:48:15.405340+00:00
Baleares,04,8,2011,Agosto,8.52,-1.4,-5.0,-12.3,2026-04-22T13:48:15.405340+00:00
Baleares,04,7,2011,Julio,8.72,-2.5,-4.4,-12.4,2026-04-22T13:48:15.405340+00:00
Baleares,04,6,2011,Junio,8.92,-1.1,-1.0,-8.8,2026-04-22T13:48:15.405340+00:00
Baleares,04,5,2011,Mayo,9.02,-0.8,-0.2,-7.4,2026-04-22T13:48:15.405340+00:00
Baleares,04,4,2011,Abril,9.12,0.9,-1.0,-6.9,2026-04-22T13:48:15.405340+00:00
Baleares,04,3,2011,Marzo,9.02,-0.3,-3.4,-10.4,2026-04-22T13:48:15.405340+00:00
Baleares,04,2,2011,Febrero,9.02,-1.6,-3.5,-11.6,2026-04-22T13:48:15.405340+00:00
Baleares,04,1,2011,Enero,9.22,-1.6,-2.2,-10.9,2026-04-22T13:48:15.405340+00:00
Baleares,04,12,2010,Diciembre,9.32,-0.4,-2.1,-9.1,2026-04-22T13:48:15.405340+00:00
Baleares,04,11,2010,Noviembre,9.32,-0.3,-4.2,-9.5,2026-04-22T13:48:15.405340+00:00
Baleares,04,10,2010,Octubre,9.42,-1.5,-5.4,-12.1,2026-04-22T13:48:15.405340+00:00
Baleares,04,9,2010,Septiembre,9.52,-2.5,-2.5,-11.2,2026-04-22T13:48:15.405340+00:00
Baleares,04,8,2010,Agosto,9.72,-1.5,0.4,-9.0,2026-04-22T13:48:15.405340+00:00
Baleares,04,7,2010,Julio,9.92,1.5,1.5,-8.5,2026-04-22T13:48:15.405340+00:00
Baleares,04,6,2010,Junio,9.72,0.4,-2.8,-10.4,2026-04-22T13:48:15.405340+00:00
Baleares,04,5,2010,Mayo,9.72,-0.4,-4.7,-12.0,2026-04-22T13:48:15.405340+00:00
Baleares,04,4,2010,Abril,9.72,-2.9,-5.2,-8.4,2026-04-22T13:48:15.405340+00:00
Baleares,04,3,2010,Marzo,10.02,-1.5,-1.9,-6.8,2026-04-22T13:48:15.405340+00:00
Baleares,04,2,2010,Febrero,10.22,-0.9,-1.3,-2.4,2026-04-22T13:48:15.405340+00:00
Baleares,04,1,2010,Enero,10.32,0.5,-3.5,-4.7,2026-04-22T13:48:15.405340+00:00
Baleares,04,12,2009,Diciembre,10.22,-0.9,-4.4,-8.0,2026-04-22T13:48:15.405340+00:00
Baleares,04,11,2009,Noviembre,10.32,-3.1,-3.6,-8.6,2026-04-22T13:48:15.405340+00:00
Baleares,04,10,2009,Octubre,10.62,-0.5,-1.5,-6.7,2026-04-22T13:48:15.405340+00:00
Baleares,04,9,2009,Septiembre,10.72,0.0,-1.7,-16.3,2026-04-22T13:48:15.405340+00:00
Baleares,04,8,2009,Agosto,10.72,-1.0,-3.0,-17.5,2026-04-22T13:48:15.405340+00:00
Baleares,04,7,2009,Julio,10.82,-0.6,1.6,-18.1,2026-04-22T13:48:15.405340+00:00
Baleares,04,6,2009,Junio,10.92,-1.4,1.0,-12.8,2026-04-22T13:48:15.405340+00:00
Baleares,04,5,2009,Mayo,11.02,3.7,5.7,-12.2,2026-04-22T13:48:15.405340+00:00
Baleares,04,4,2009,Abril,10.62,-1.2,-1.4,-14.8,2026-04-22T13:48:15.405340+00:00
Baleares,04,3,2009,Marzo,10.82,3.2,-3.2,-14.7,2026-04-22T13:48:15.405340+00:00
Baleares,04,2,2009,Febrero,10.42,-3.2,-7.5,-25.0,2026-04-22T13:48:15.405340+00:00
Baleares,04,1,2009,Enero,10.82,-3.0,-5.5,-18.8,2026-04-22T13:48:15.405340+00:00
Baleares,04,12,2008,Diciembre,11.12,-1.5,-13.0,-14.7,2026-04-22T13:48:15.405340+00:00
Baleares,04,11,2008,Noviembre,11.32,-1.1,-13.0,-19.4,2026-04-22T13:48:15.405340+00:00
Baleares,04,10,2008,Octubre,11.42,-10.8,-13.6,-23.7,2026-04-22T13:48:15.405340+00:00
Baleares,04,9,2008,Septiembre,12.82,-1.4,2.5,-8.0,2026-04-22T13:48:15.405340+00:00
Baleares,04,8,2008,Agosto,13.02,-1.8,3.2,-3.1,2026-04-22T13:48:15.405340+00:00
Baleares,04,7,2008,Julio,13.22,5.8,5.7,-6.8,2026-04-22T13:48:15.405340+00:00
Baleares,04,6,2008,Junio,12.52,-0.7,-1.1,-15.8,2026-04-22T13:48:15.405340+00:00
Baleares,04,5,2008,Mayo,12.62,0.6,-9.7,-14.5,2026-04-22T13:48:15.405340+00:00
Baleares,04,4,2008,Abril,12.52,-1.0,-6.0,-13.1,2026-04-22T13:48:15.405340+00:00
Baleares,04,3,2008,Marzo,12.62,-9.4,-3.2,-7.4,2026-04-22T13:48:15.405340+00:00
Baleares,04,2,2008,Febrero,13.92,4.9,-0.6,5.8,2026-04-22T13:48:15.405340+00:00
Baleares,04,1,2008,Enero,13.32,1.9,-11.2,,2026-04-22T13:48:15.405340+00:00
Baleares,04,12,2007,Diciembre,13.02,-7.0,-6.2,,2026-04-22T13:48:15.405340+00:00
Baleares,04,11,2007,Noviembre,14.02,-6.3,4.7,,2026-04-22T13:48:15.405340+00:00
Baleares,04,10,2007,Octubre,15.02,7.6,5.5,,2026-04-22T13:48:15.405340+00:00
Baleares,04,9,2007,Septiembre,13.92,3.8,-6.3,,2026-04-22T13:48:15.405340+00:00
Baleares,04,8,2007,Agosto,13.42,-5.6,-9.0,,2026-04-22T13:48:15.405340+00:00
Baleares,04,7,2007,Julio,14.22,-4.4,-1.4,,2026-04-22T13:48:15.405340+00:00
Baleares,04,6,2007,Junio,14.82,0.9,8.8,,2026-04-22T13:48:15.405340+00:00
Baleares,04,5,2007,Mayo,14.72,2.3,11.7,,2026-04-22T13:48:15.405340+00:00
Baleares,04,4,2007,Abril,14.42,5.4,,,2026-04-22T13:48:15.405340+00:00
Baleares,04,3,2007,Marzo,13.62,3.6,,,2026-04-22T13:48:15.405340+00:00
Baleares,04,2,2007,Febrero,13.22,,,,2026-04-22T13:48:15.405340+00:00
Baleares,04,1,2007,Enero,,,,,2026-04-22T13:48:15.405340+00:00
Baleares,04,12,2006,Diciembre,,,,,2026-04-22T13:48:15.405340+00:00
Baleares,04,11,2006,Noviembre,,,,,2026-04-22T13:48:15.405340+00:00
Baleares,04,10,2006,Octubre,,,,,2026-04-22T13:48:15.405340+00:00
Baleares,04,9,2006,Septiembre,,,,,2026-04-22T13:48:15.405340+00:00
Baleares,04,8,2006,Agosto,,,,,2026-04-22T13:48:15.405340+00:00
Baleares,04,7,2006,Julio,,,,,2026-04-22T13:48:15.405340+00:00
Baleares,04,6,2006,Junio,,,,,2026-04-22T13:48:15.405340+00:00
Baleares,04,5,2006,Mayo,,,,,2026-04-22T13:48:15.405340+00:00
Baleares,04,4,2006,Abril,,,,,2026-04-22T13:48:15.405340+00:00
Baleares,04,3,2006,Marzo,,,,,2026-04-22T13:48:15.405340+00:00
Baleares,04,2,2006,Febrero,,,,,2026-04-22T13:48:15.405340+00:00
Baleares,04,1,2006,Enero,,,,,2026-04-22T13:48:15.405340+00:00
Extremadura,11,3,2026,Marzo,7.52,1.4,3.1,8.3,2026-04-22T13:49:27.177024+00:00
Extremadura,11,2,2026,Febrero,7.42,1.0,2.3,8.3,2026-04-22T13:49:27.177024+00:00
Extremadura,11,1,2026,Enero,7.32,0.6,1.4,8.1,2026-04-22T13:49:27.177024+00:00
Extremadura,11,12,2025,Diciembre,7.32,0.6,-0.1,4.7,2026-04-22T13:49:27.177024+00:00
Extremadura,11,11,2025,Noviembre,7.22,0.2,-1.5,2.9,2026-04-22T13:49:27.177024+00:00
Extremadura,11,10,2025,Octubre,7.22,-0.9,-1.1,4.0,2026-04-22T13:49:27.177024+00:00
Extremadura,11,9,2025,Septiembre,7.32,-0.8,0.2,2.7,2026-04-22T13:49:27.177024+00:00
Extremadura,11,8,2025,Agosto,7.32,0.5,4.0,-0.1,2026-04-22T13:49:27.177024+00:00
Extremadura,11,7,2025,Julio,7.32,0.4,4.5,2.2,2026-04-22T13:49:27.177024+00:00
Extremadura,11,6,2025,Junio,7.32,3.0,4.9,7.9,2026-04-22T13:49:27.177024+00:00
Extremadura,11,5,2025,Mayo,7.12,1.1,3.4,8.0,2026-04-22T13:49:27.177024+00:00
Extremadura,11,4,2025,Abril,7.02,0.8,3.2,7.8,2026-04-22T13:49:27.177024+00:00
Extremadura,11,3,2025,Marzo,6.92,1.5,-0.3,5.6,2026-04-22T13:49:27.177024+00:00
Extremadura,11,2,2025,Febrero,6.82,0.8,-2.8,5.7,2026-04-22T13:49:27.177024+00:00
Extremadura,11,1,2025,Enero,6.82,-2.6,-2.4,5.6,2026-04-22T13:49:27.177024+00:00
Extremadura,11,12,2024,Diciembre,6.92,-1.1,-1.9,10.8,2026-04-22T13:49:27.177024+00:00
Extremadura,11,11,2024,Noviembre,7.02,1.3,-4.4,14.1,2026-04-22T13:49:27.177024+00:00
Extremadura,11,10,2024,Octubre,6.92,-2.1,-2.9,13.4,2026-04-22T13:49:27.177024+00:00
Extremadura,11,9,2024,Septiembre,7.12,-3.5,5.3,15.9,2026-04-22T13:49:27.177024+00:00
Extremadura,11,8,2024,Agosto,7.32,2.8,12.4,19.7,2026-04-22T13:49:27.177024+00:00
Extremadura,11,7,2024,Julio,7.12,6.1,10.3,16.6,2026-04-22T13:49:27.177024+00:00
Extremadura,11,6,2024,Junio,6.72,3.0,2.7,10.1,2026-04-22T13:49:27.177024+00:00
Extremadura,11,5,2024,Mayo,6.52,0.9,1.2,7.7,2026-04-22T13:49:27.177024+00:00
Extremadura,11,4,2024,Abril,6.52,-1.2,1.0,7.1,2026-04-22T13:49:27.177024+00:00
Extremadura,11,3,2024,Marzo,6.62,1.5,4.6,12.3,2026-04-22T13:49:27.177024+00:00
Extremadura,11,2,2024,Febrero,6.52,0.7,4.9,11.6,2026-04-22T13:49:27.177024+00:00
Extremadura,11,1,2024,Enero,6.42,2.3,4.8,10.8,2026-04-22T13:49:27.177024+00:00
Extremadura,11,12,2023,Diciembre,6.32,1.8,2.5,8.2,2026-04-22T13:49:27.177024+00:00
Extremadura,11,11,2023,Noviembre,6.22,0.7,0.4,6.9,2026-04-22T13:49:27.177024+00:00
Extremadura,11,10,2023,Octubre,6.12,0.0,-0.2,7.6,2026-04-22T13:49:27.177024+00:00
Extremadura,11,9,2023,Septiembre,6.12,-0.4,0.0,8.0,2026-04-22T13:49:27.177024+00:00
Extremadura,11,8,2023,Agosto,6.12,0.2,1.1,7.4,2026-04-22T13:49:27.177024+00:00
Extremadura,11,7,2023,Julio,6.12,0.2,1.3,7.5,2026-04-22T13:49:27.177024+00:00
Extremadura,11,6,2023,Junio,6.12,0.7,4.7,7.1,2026-04-22T13:49:27.177024+00:00
Extremadura,11,5,2023,Mayo,6.12,0.3,4.9,8.2,2026-04-22T13:49:27.177024+00:00
Extremadura,11,4,2023,Abril,6.02,3.6,4.6,10.0,2026-04-22T13:49:27.177024+00:00
Extremadura,11,3,2023,Marzo,5.82,0.9,0.8,5.7,2026-04-22T13:49:27.177024+00:00
Extremadura,11,2,2023,Febrero,5.82,0.0,0.4,6.3,2026-04-22T13:49:27.177024+00:00
Extremadura,11,1,2023,Enero,5.82,-0.2,1.7,6.1,2026-04-22T13:49:27.177024+00:00
Extremadura,11,12,2022,Diciembre,5.82,0.5,2.3,7.0,2026-04-22T13:49:27.177024+00:00
Extremadura,11,11,2022,Noviembre,5.82,1.4,0.8,6.7,2026-04-22T13:49:27.177024+00:00
Extremadura,11,10,2022,Octubre,5.72,0.4,-0.2,4.6,2026-04-22T13:49:27.177024+00:00
Extremadura,11,9,2022,Septiembre,5.72,-0.9,-0.8,3.1,2026-04-22T13:49:27.177024+00:00
Extremadura,11,8,2022,Agosto,5.72,0.3,1.9,3.7,2026-04-22T13:49:27.177024+00:00
Extremadura,11,7,2022,Julio,5.72,-0.2,3.6,4.8,2026-04-22T13:49:27.177024+00:00
Extremadura,11,6,2022,Junio,5.72,1.8,3.4,6.1,2026-04-22T13:49:27.177024+00:00
Extremadura,11,5,2022,Mayo,5.62,2.0,3.1,5.1,2026-04-22T13:49:27.177024+00:00
Extremadura,11,4,2022,Abril,5.52,-0.4,0.9,4.1,2026-04-22T13:49:27.177024+00:00
Extremadura,11,3,2022,Marzo,5.52,1.4,1.9,3.8,2026-04-22T13:49:27.177024+00:00
Extremadura,11,2,2022,Febrero,5.42,-0.1,0.8,2.0,2026-04-22T13:49:27.177024+00:00
Extremadura,11,1,2022,Enero,5.52,0.6,0.3,3.5,2026-04-22T13:49:27.177024+00:00
Extremadura,11,12,2021,Diciembre,5.42,0.3,-1.4,3.8,2026-04-22T13:49:27.177024+00:00
Extremadura,11,11,2021,Noviembre,5.42,-0.7,-2.0,3.8,2026-04-22T13:49:27.177024+00:00
Extremadura,11,10,2021,Octubre,5.42,-1.0,-0.1,5.2,2026-04-22T13:49:27.177024+00:00
Extremadura,11,9,2021,Septiembre,5.52,-0.3,2.1,6.6,2026-04-22T13:49:27.177024+00:00
Extremadura,11,8,2021,Agosto,5.52,1.3,3.3,5.8,2026-04-22T13:49:27.177024+00:00
Extremadura,11,7,2021,Julio,5.42,1.1,2.9,4.5,2026-04-22T13:49:27.177024+00:00
Extremadura,11,6,2021,Junio,5.42,0.8,1.1,4.5,2026-04-22T13:49:27.177024+00:00
Extremadura,11,5,2021,Mayo,5.32,1.0,0.0,5.8,2026-04-22T13:49:27.177024+00:00
Extremadura,11,4,2021,Abril,5.32,-0.7,0.3,4.7,2026-04-22T13:49:27.177024+00:00
Extremadura,11,3,2021,Marzo,5.32,-0.3,2.0,4.6,2026-04-22T13:49:27.177024+00:00
Extremadura,11,2,2021,Febrero,5.32,1.3,2.6,6.6,2026-04-22T13:49:27.177024+00:00
Extremadura,11,1,2021,Enero,5.32,1.0,2.0,5.8,2026-04-22T13:49:27.177024+00:00
Extremadura,11,12,2020,Diciembre,5.22,0.3,1.3,4.4,2026-04-22T13:49:27.177024+00:00
Extremadura,11,11,2020,Noviembre,5.22,0.7,-0.2,4.2,2026-04-22T13:49:27.177024+00:00
Extremadura,11,10,2020,Octubre,5.22,0.3,-0.7,4.8,2026-04-22T13:49:27.177024+00:00
Extremadura,11,9,2020,Septiembre,5.22,-1.1,0.1,4.1,2026-04-22T13:49:27.177024+00:00
Extremadura,11,8,2020,Agosto,5.22,0.1,3.3,4.8,2026-04-22T13:49:27.177024+00:00
Extremadura,11,7,2020,Julio,5.22,1.1,3.1,2.9,2026-04-22T13:49:27.177024+00:00
Extremadura,11,6,2020,Junio,5.12,2.0,1.2,-0.5,2026-04-22T13:49:27.177024+00:00
Extremadura,11,5,2020,Mayo,5.02,0.0,0.8,-1.4,2026-04-22T13:49:27.177024+00:00
Extremadura,11,4,2020,Abril,5.02,-0.8,1.3,0.1,2026-04-22T13:49:27.177024+00:00
Extremadura,11,3,2020,Marzo,5.12,1.6,1.7,2.3,2026-04-22T13:49:27.177024+00:00
Extremadura,11,2,2020,Febrero,5.02,0.5,0.3,2.1,2026-04-22T13:49:27.177024+00:00
Extremadura,11,1,2020,Enero,5.02,-0.4,1.0,2.6,2026-04-22T13:49:27.177024+00:00
Extremadura,11,12,2019,Diciembre,5.02,0.2,1.1,3.9,2026-04-22T13:49:27.177024+00:00
Extremadura,11,11,2019,Noviembre,5.02,1.2,0.4,7.2,2026-04-22T13:49:27.177024+00:00
Extremadura,11,10,2019,Octubre,4.92,-0.3,-2.5,4.5,2026-04-22T13:49:27.177024+00:00
Extremadura,11,9,2019,Septiembre,4.92,-0.4,-4.3,3.7,2026-04-22T13:49:27.177024+00:00
Extremadura,11,8,2019,Agosto,5.02,-1.7,-2.9,4.1,2026-04-22T13:49:27.177024+00:00
Extremadura,11,7,2019,Julio,5.12,-2.2,0.3,5.0,2026-04-22T13:49:27.177024+00:00
Extremadura,11,6,2019,Junio,5.22,1.0,4.1,6.8,2026-04-22T13:49:27.177024+00:00
Extremadura,11,5,2019,Mayo,5.12,1.6,4.4,6.7,2026-04-22T13:49:27.177024+00:00
Extremadura,11,4,2019,Abril,5.02,1.4,3.9,6.8,2026-04-22T13:49:27.177024+00:00
Extremadura,11,3,2019,Marzo,5.02,1.3,3.2,6.3,2026-04-22T13:49:27.177024+00:00
Extremadura,11,2,2019,Febrero,4.92,1.1,5.4,6.1,2026-04-22T13:49:27.177024+00:00
Extremadura,11,1,2019,Enero,4.92,0.8,2.8,3.8,2026-04-22T13:49:27.177024+00:00
Extremadura,11,12,2018,Diciembre,4.82,3.4,0.8,3.2,2026-04-22T13:49:27.177024+00:00
Extremadura,11,11,2018,Noviembre,4.72,-1.4,-2.5,0.1,2026-04-22T13:49:27.177024+00:00
Extremadura,11,10,2018,Octubre,4.72,-1.1,-2.0,2.3,2026-04-22T13:49:27.177024+00:00
Extremadura,11,9,2018,Septiembre,4.82,0.0,-1.4,2.3,2026-04-22T13:49:27.177024+00:00
Extremadura,11,8,2018,Agosto,4.82,-0.9,-0.5,1.2,2026-04-22T13:49:27.177024+00:00
Extremadura,11,7,2018,Julio,4.82,-0.5,2.1,1.3,2026-04-22T13:49:27.177024+00:00
Extremadura,11,6,2018,Junio,4.82,0.9,3.6,3.5,2026-04-22T13:49:27.177024+00:00
Extremadura,11,5,2018,Mayo,4.82,1.7,3.8,3.5,2026-04-22T13:49:27.177024+00:00
Extremadura,11,4,2018,Abril,4.72,1.0,0.9,3.0,2026-04-22T13:49:27.177024+00:00
Extremadura,11,3,2018,Marzo,4.72,1.1,0.2,2.9,2026-04-22T13:49:27.177024+00:00
Extremadura,11,2,2018,Febrero,4.62,-1.2,-0.6,3.1,2026-04-22T13:49:27.177024+00:00
Extremadura,11,1,2018,Enero,4.72,0.3,1.4,5.9,2026-04-22T13:49:27.177024+00:00
Extremadura,11,12,2017,Diciembre,4.72,0.3,-0.1,5.7,2026-04-22T13:49:27.177024+00:00
Extremadura,11,11,2017,Noviembre,4.62,0.8,-1.4,5.2,2026-04-22T13:49:27.177024+00:00
Extremadura,11,10,2017,Octubre,4.62,-1.2,-3.0,4.5,2026-04-22T13:49:27.177024+00:00
Extremadura,11,9,2017,Septiembre,4.72,-1.1,-0.2,5.6,2026-04-22T13:49:27.177024+00:00
Extremadura,11,8,2017,Agosto,4.72,-0.8,1.8,7.4,2026-04-22T13:49:27.177024+00:00
Extremadura,11,7,2017,Julio,4.82,1.7,3.8,7.6,2026-04-22T13:49:27.177024+00:00
Extremadura,11,6,2017,Junio,4.72,0.9,3.0,6.6,2026-04-22T13:49:27.177024+00:00
Extremadura,11,5,2017,Mayo,4.62,1.1,3.4,5.2,2026-04-22T13:49:27.177024+00:00
Extremadura,11,4,2017,Abril,4.62,0.9,3.7,4.9,2026-04-22T13:49:27.177024+00:00
Extremadura,11,3,2017,Marzo,4.52,1.3,2.9,5.1,2026-04-22T13:49:27.177024+00:00
Extremadura,11,2,2017,Febrero,4.52,1.5,1.4,3.9,2026-04-22T13:49:27.177024+00:00
Extremadura,11,1,2017,Enero,4.42,0.1,0.1,2.9,2026-04-22T13:49:27.177024+00:00
Extremadura,11,12,2016,Diciembre,4.42,-0.3,-0.2,3.4,2026-04-22T13:49:27.177024+00:00
Extremadura,11,11,2016,Noviembre,4.42,0.2,0.7,3.1,2026-04-22T13:49:27.177024+00:00
Extremadura,11,10,2016,Octubre,4.42,-0.2,-0.1,2.2,2026-04-22T13:49:27.177024+00:00
Extremadura,11,9,2016,Septiembre,4.42,0.6,0.7,2.3,2026-04-22T13:49:27.177024+00:00
Extremadura,11,8,2016,Agosto,4.42,-0.6,-0.3,0.4,2026-04-22T13:49:27.177024+00:00
Extremadura,11,7,2016,Julio,4.42,0.7,1.2,2.3,2026-04-22T13:49:27.177024+00:00
Extremadura,11,6,2016,Junio,4.42,-0.5,1.5,2.9,2026-04-22T13:49:27.177024+00:00
Extremadura,11,5,2016,Mayo,4.42,0.9,2.1,4.5,2026-04-22T13:49:27.177024+00:00
Extremadura,11,4,2016,Abril,4.42,1.1,1.7,3.0,2026-04-22T13:49:27.177024+00:00
Extremadura,11,3,2016,Marzo,4.32,0.1,1.3,1.9,2026-04-22T13:49:27.177024+00:00
Extremadura,11,2,2016,Febrero,4.32,0.5,0.7,1.8,2026-04-22T13:49:27.177024+00:00
Extremadura,11,1,2016,Enero,4.32,0.7,-0.6,1.4,2026-04-22T13:49:27.177024+00:00
Extremadura,11,12,2015,Diciembre,4.32,-0.5,-1.3,0.1,2026-04-22T13:49:27.177024+00:00
Extremadura,11,11,2015,Noviembre,4.32,-0.7,-2.0,0.3,2026-04-22T13:49:27.177024+00:00
Extremadura,11,10,2015,Octubre,4.32,-0.1,-0.1,1.3,2026-04-22T13:49:27.177024+00:00
Extremadura,11,9,2015,Septiembre,4.32,-1.2,1.4,0.1,2026-04-22T13:49:27.177024+00:00
Extremadura,11,8,2015,Agosto,4.42,1.2,3.7,0.9,2026-04-22T13:49:27.177024+00:00
Extremadura,11,7,2015,Julio,4.32,1.4,1.9,-1.0,2026-04-22T13:49:27.177024+00:00
Extremadura,11,6,2015,Junio,4.32,1.1,0.6,-1.7,2026-04-22T13:49:27.177024+00:00
Extremadura,11,5,2015,Mayo,4.22,-0.6,-0.5,-2.8,2026-04-22T13:49:27.177024+00:00
Extremadura,11,4,2015,Abril,4.22,0.1,0.2,-1.5,2026-04-22T13:49:27.177024+00:00
Extremadura,11,3,2015,Marzo,4.22,0.0,-0.5,-4.0,2026-04-22T13:49:27.177024+00:00
Extremadura,11,2,2015,Febrero,4.22,0.1,-0.8,-4.5,2026-04-22T13:49:27.177024+00:00
Extremadura,11,1,2015,Enero,4.22,-0.6,-0.7,-5.3,2026-04-22T13:49:27.177024+00:00
Extremadura,11,12,2014,Diciembre,4.32,-0.4,-1.3,-5.5,2026-04-22T13:49:27.177024+00:00
Extremadura,11,11,2014,Noviembre,4.32,0.2,-1.4,-5.0,2026-04-22T13:49:27.177024+00:00
Extremadura,11,10,2014,Octubre,4.32,-1.2,-2.3,-4.8,2026-04-22T13:49:27.177024+00:00
Extremadura,11,9,2014,Septiembre,4.32,-0.4,-0.4,-3.6,2026-04-22T13:49:27.177024+00:00
Extremadura,11,8,2014,Agosto,4.32,-0.8,-0.2,-3.5,2026-04-22T13:49:27.177024+00:00
Extremadura,11,7,2014,Julio,4.42,0.7,1.4,-3.3,2026-04-22T13:49:27.177024+00:00
Extremadura,11,6,2014,Junio,4.32,-0.1,-1.8,-4.1,2026-04-22T13:49:27.177024+00:00
Extremadura,11,5,2014,Mayo,4.32,0.8,-2.2,-3.0,2026-04-22T13:49:27.177024+00:00
Extremadura,11,4,2014,Abril,4.32,-2.5,-3.7,-4.8,2026-04-22T13:49:27.177024+00:00
Extremadura,11,3,2014,Marzo,4.42,-0.5,-2.0,-2.5,2026-04-22T13:49:27.177024+00:00
Extremadura,11,2,2014,Febrero,4.42,-0.7,-1.3,-3.6,2026-04-22T13:49:27.177024+00:00
Extremadura,11,1,2014,Enero,4.52,-0.8,-0.1,-3.7,2026-04-22T13:49:27.177024+00:00
Extremadura,11,12,2013,Diciembre,4.52,0.2,0.7,-2.8,2026-04-22T13:49:27.177024+00:00
Extremadura,11,11,2013,Noviembre,4.52,0.4,0.2,-4.4,2026-04-22T13:49:27.177024+00:00
Extremadura,11,10,2013,Octubre,4.52,0.0,-0.8,-4.9,2026-04-22T13:49:27.177024+00:00
Extremadura,11,9,2013,Septiembre,4.52,-0.3,-1.0,-6.6,2026-04-22T13:49:27.177024+00:00
Extremadura,11,8,2013,Agosto,4.52,-0.5,0.3,-7.0,2026-04-22T13:49:27.177024+00:00
Extremadura,11,7,2013,Julio,4.52,-0.2,-0.2,-6.7,2026-04-22T13:49:27.177024+00:00
Extremadura,11,6,2013,Junio,4.52,1.0,-0.2,-8.0,2026-04-22T13:49:27.177024+00:00
Extremadura,11,5,2013,Mayo,4.52,-1.0,-2.8,-8.8,2026-04-22T13:49:27.177024+00:00
Extremadura,11,4,2013,Abril,4.52,-0.2,-2.7,-8.7,2026-04-22T13:49:27.177024+00:00
Extremadura,11,3,2013,Marzo,4.52,-1.7,-2.3,-7.5,2026-04-22T13:49:27.177024+00:00
Extremadura,11,2,2013,Febrero,4.62,-0.9,-2.1,-5.1,2026-04-22T13:49:27.177024+00:00
Extremadura,11,1,2013,Enero,4.62,0.2,-1.3,-3.9,2026-04-22T13:49:27.177024+00:00
Extremadura,11,12,2012,Diciembre,4.62,-1.4,-3.3,-4.4,2026-04-22T13:49:27.177024+00:00
Extremadura,11,11,2012,Noviembre,4.72,-0.1,-2.6,-2.2,2026-04-22T13:49:27.177024+00:00
Extremadura,11,10,2012,Octubre,4.72,-1.8,-2.7,-3.4,2026-04-22T13:49:27.177024+00:00
Extremadura,11,9,2012,Septiembre,4.82,-0.7,-2.4,-2.9,2026-04-22T13:49:27.177024+00:00
Extremadura,11,8,2012,Agosto,4.82,-0.2,-1.7,-2.4,2026-04-22T13:49:27.177024+00:00
Extremadura,11,7,2012,Julio,4.82,-1.5,-2.3,-2.2,2026-04-22T13:49:27.177024+00:00
Extremadura,11,6,2012,Junio,4.92,0.0,0.3,1.7,2026-04-22T13:49:27.177024+00:00
Extremadura,11,5,2012,Mayo,4.92,-0.8,1.2,3.0,2026-04-22T13:49:27.177024+00:00
Extremadura,11,4,2012,Abril,4.92,1.1,2.4,2.2,2026-04-22T13:49:27.177024+00:00
Extremadura,11,3,2012,Marzo,4.92,1.0,1.0,4.3,2026-04-22T13:49:27.177024+00:00
Extremadura,11,2,2012,Febrero,4.92,0.4,0.8,0.8,2026-04-22T13:49:27.177024+00:00
Extremadura,11,1,2012,Enero,4.82,-0.4,-0.8,2.6,2026-04-22T13:49:27.177024+00:00
Extremadura,11,12,2011,Diciembre,4.82,0.8,-1.8,2.0,2026-04-22T13:49:27.177024+00:00
Extremadura,11,11,2011,Noviembre,4.82,-1.2,-2.8,-1.9,2026-04-22T13:49:27.177024+00:00
Extremadura,11,10,2011,Octubre,4.92,-1.3,-1.5,-2.8,2026-04-22T13:49:27.177024+00:00
Extremadura,11,9,2011,Septiembre,4.92,-0.3,2.2,-0.9,2026-04-22T13:49:27.177024+00:00
Extremadura,11,8,2011,Agosto,4.92,0.0,3.8,2.5,2026-04-22T13:49:27.177024+00:00
Extremadura,11,7,2011,Julio,4.92,2.4,2.1,2.3,2026-04-22T13:49:27.177024+00:00
Extremadura,11,6,2011,Junio,4.82,1.3,2.9,-2.0,2026-04-22T13:49:27.177024+00:00
Extremadura,11,5,2011,Mayo,4.82,-1.6,-0.9,-5.9,2026-04-22T13:49:27.177024+00:00
Extremadura,11,4,2011,Abril,4.82,3.2,2.9,-2.0,2026-04-22T13:49:27.177024+00:00
Extremadura,11,3,2011,Marzo,4.72,-2.4,-1.2,-3.9,2026-04-22T13:49:27.177024+00:00
Extremadura,11,2,2011,Febrero,4.82,2.2,-1.9,-2.0,2026-04-22T13:49:27.177024+00:00
Extremadura,11,1,2011,Enero,4.72,-0.9,-6.1,-6.4,2026-04-22T13:49:27.177024+00:00
Extremadura,11,12,2010,Diciembre,4.82,-3.1,-4.6,-5.8,2026-04-22T13:49:27.177024+00:00
Extremadura,11,11,2010,Noviembre,4.92,-2.2,1.5,-6.8,2026-04-22T13:49:27.177024+00:00
Extremadura,11,10,2010,Octubre,5.02,0.6,3.7,-6.3,2026-04-22T13:49:27.177024+00:00
Extremadura,11,9,2010,Septiembre,5.02,3.2,1.1,-8.4,2026-04-22T13:49:27.177024+00:00
Extremadura,11,8,2010,Agosto,4.82,-0.1,-4.7,-10.4,2026-04-22T13:49:27.177024+00:00
Extremadura,11,7,2010,Julio,4.82,-1.9,-2.2,-10.5,2026-04-22T13:49:27.177024+00:00
Extremadura,11,6,2010,Junio,4.92,-2.7,0.8,,2026-04-22T13:49:27.177024+00:00
Extremadura,11,5,2010,Mayo,5.12,2.6,3.2,,2026-04-22T13:49:27.177024+00:00
Extremadura,11,4,2010,Abril,4.92,1.1,-1.8,,2026-04-22T13:49:27.177024+00:00
Extremadura,11,3,2010,Marzo,4.92,-0.4,-3.1,,2026-04-22T13:49:27.177024+00:00
Extremadura,11,2,2010,Febrero,4.92,-2.4,-6.7,,2026-04-22T13:49:27.177024+00:00
Extremadura,11,1,2010,Enero,5.02,-0.2,-6.0,,2026-04-22T13:49:27.177024+00:00
Extremadura,11,12,2009,Diciembre,5.02,-4.2,-7.3,,2026-04-22T13:49:27.177024+00:00
Extremadura,11,11,2009,Noviembre,5.32,-1.6,-2.4,,2026-04-22T13:49:27.177024+00:00
Extremadura,11,10,2009,Octubre,5.42,-1.6,-1.0,,2026-04-22T13:49:27.177024+00:00
Extremadura,11,9,2009,Septiembre,5.42,0.9,,,2026-04-22T13:49:27.177024+00:00
Extremadura,11,8,2009,Agosto,5.42,-0.2,,,2026-04-22T13:49:27.177024+00:00
Extremadura,11,7,2009,Julio,5.42,,,,2026-04-22T13:49:27.177024+00:00
Extremadura,11,6,2009,Junio,,,,,2026-04-22T13:49:27.177024+00:00
Extremadura,11,5,2009,Mayo,,,,,2026-04-22T13:49:27.177024+00:00
Extremadura,11,4,2009,Abril,,,,,2026-04-22T13:49:27.177024+00:00
Extremadura,11,3,2009,Marzo,,,,,2026-04-22T13:49:27.177024+00:00
Extremadura,11,2,2009,Febrero,,,,,2026-04-22T13:49:27.177024+00:00
Extremadura,11,1,2009,Enero,,,,,2026-04-22T13:49:27.177024+00:00
Extremadura,11,12,2008,Diciembre,,,,,2026-04-22T13:49:27.177024+00:00
Extremadura,11,11,2008,Noviembre,,,,,2026-04-22T13:49:27.177024+00:00
Extremadura,11,10,2008,Octubre,,,,,2026-04-22T13:49:27.177024+00:00
Extremadura,11,9,2008,Septiembre,,,,,2026-04-22T13:49:27.177024+00:00
Extremadura,11,8,2008,Agosto,,,,,2026-04-22T13:49:27.177024+00:00
Extremadura,11,7,2008,Julio,,,,,2026-04-22T13:49:27.177024+00:00
Extremadura,11,6,2008,Junio,,,,,2026-04-22T13:49:27.177024+00:00
Extremadura,11,5,2008,Mayo,,,,,2026-04-22T13:49:27.177024+00:00
Extremadura,11,4,2008,Abril,,,,,2026-04-22T13:49:27.177024+00:00
Extremadura,11,3,2008,Marzo,,,,,2026-04-22T13:49:27.177024+00:00
Extremadura,11,2,2008,Febrero,,,,,2026-04-22T13:49:27.177024+00:00
Extremadura,11,1,2008,Enero,,,,,2026-04-22T13:49:27.177024+00:00
Extremadura,11,12,2007,Diciembre,,,,,2026-04-22T13:49:27.177024+00:00
Extremadura,11,11,2007,Noviembre,,,,,2026-04-22T13:49:27.177024+00:00
Extremadura,11,10,2007,Octubre,,,,,2026-04-22T13:49:27.177024+00:00
Extremadura,11,9,2007,Septiembre,,,,,2026-04-22T13:49:27.177024+00:00
Extremadura,11,8,2007,Agosto,,,,,2026-04-22T13:49:27.177024+00:00
Extremadura,11,7,2007,Julio,,,,,2026-04-22T13:49:27.177024+00:00
Extremadura,11,6,2007,Junio,,,,,2026-04-22T13:49:27.177024+00:00
Extremadura,11,5,2007,Mayo,,,,,2026-04-22T13:49:27.177024+00:00
Extremadura,11,4,2007,Abril,,,,,2026-04-22T13:49:27.177024+00:00
Extremadura,11,3,2007,Marzo,,,,,2026-04-22T13:49:27.177024+00:00
Extremadura,11,2,2007,Febrero,,,,,2026-04-22T13:49:27.177024+00:00
Extremadura,11,1,2007,Enero,,,,,2026-04-22T13:49:27.177024+00:00
Extremadura,11,12,2006,Diciembre,,,,,2026-04-22T13:49:27.177024+00:00
Extremadura,11,11,2006,Noviembre,,,,,2026-04-22T13:49:27.177024+00:00
Extremadura,11,10,2006,Octubre,,,,,2026-04-22T13:49:27.177024+00:00
Extremadura,11,9,2006,Septiembre,,,,,2026-04-22T13:49:27.177024+00:00
Extremadura,11,8,2006,Agosto,,,,,2026-04-22T13:49:27.177024+00:00
Extremadura,11,7,2006,Julio,,,,,2026-04-22T13:49:27.177024+00:00
Extremadura,11,6,2006,Junio,,,,,2026-04-22T13:49:27.177024+00:00
Extremadura,11,5,2006,Mayo,,,,,2026-04-22T13:49:27.177024+00:00
Extremadura,11,4,2006,Abril,,,,,2026-04-22T13:49:27.177024+00:00
Extremadura,11,3,2006,Marzo,,,,,2026-04-22T13:49:27.177024+00:00
Extremadura,11,2,2006,Febrero,,,,,2026-04-22T13:49:27.177024+00:00
Extremadura,11,1,2006,Enero,,,,,2026-04-22T13:49:27.177024+00:00
Asturias,03,3,2026,Marzo,10.52,1.6,3.3,8.3,2026-04-22T13:51:33.330424+00:00
Asturias,03,2,2026,Febrero,10.42,0.6,3.1,8.0,2026-04-22T13:51:33.330424+00:00
Asturias,03,1,2026,Enero,10.32,1.1,4.1,8.2,2026-04-22T13:51:33.330424+00:00
Asturias,03,12,2025,Diciembre,10.22,1.4,2.9,7.8,2026-04-22T13:51:33.330424+00:00
Asturias,03,11,2025,Noviembre,10.02,1.5,0.8,6.9,2026-04-22T13:51:33.330424+00:00
Asturias,03,10,2025,Octubre,9.92,0.0,-0.7,7.4,2026-04-22T13:51:33.330424+00:00
Asturias,03,9,2025,Septiembre,9.92,-0.7,0.6,7.9,2026-04-22T13:51:33.330424+00:00
Asturias,03,8,2025,Agosto,10.02,0.0,2.1,9.0,2026-04-22T13:51:33.330424+00:00
Asturias,03,7,2025,Julio,10.02,1.3,2.3,10.7,2026-04-22T13:51:33.330424+00:00
Asturias,03,6,2025,Junio,9.82,0.7,1.2,9.7,2026-04-22T13:51:33.330424+00:00
Asturias,03,5,2025,Mayo,9.82,0.2,1.8,10.0,2026-04-22T13:51:33.330424+00:00
Asturias,03,4,2025,Abril,9.72,0.3,2.4,12.6,2026-04-22T13:51:33.330424+00:00
Asturias,03,3,2025,Marzo,9.72,1.3,2.8,13.5,2026-04-22T13:51:33.330424+00:00
Asturias,03,2,2025,Febrero,9.62,0.8,2.0,12.5,2026-04-22T13:51:33.330424+00:00
Asturias,03,1,2025,Enero,9.52,0.7,3.3,12.7,2026-04-22T13:51:33.330424+00:00
Asturias,03,12,2024,Diciembre,9.42,0.6,3.1,12.1,2026-04-22T13:51:33.330424+00:00
Asturias,03,11,2024,Noviembre,9.42,2.0,2.8,12.1,2026-04-22T13:51:33.330424+00:00
Asturias,03,10,2024,Octubre,9.22,0.5,2.3,11.1,2026-04-22T13:51:33.330424+00:00
Asturias,03,9,2024,Septiembre,9.22,0.2,2.2,11.3,2026-04-22T13:51:33.330424+00:00
Asturias,03,8,2024,Agosto,9.12,1.6,3.0,11.6,2026-04-22T13:51:33.330424+00:00
Asturias,03,7,2024,Julio,9.02,0.4,4.1,10.4,2026-04-22T13:51:33.330424+00:00
Asturias,03,6,2024,Junio,9.02,1.0,4.7,10.5,2026-04-22T13:51:33.330424+00:00
Asturias,03,5,2024,Mayo,8.92,2.6,4.1,10.4,2026-04-22T13:51:33.330424+00:00
Asturias,03,4,2024,Abril,8.62,1.1,2.4,7.3,2026-04-22T13:51:33.330424+00:00
Asturias,03,3,2024,Marzo,8.62,0.4,1.5,6.6,2026-04-22T13:51:33.330424+00:00
Asturias,03,2,2024,Febrero,8.52,0.9,1.7,7.1,2026-04-22T13:51:33.330424+00:00
Asturias,03,1,2024,Enero,8.42,0.1,1.8,7.2,2026-04-22T13:51:33.330424+00:00
Asturias,03,12,2023,Diciembre,8.42,0.6,2.4,7.9,2026-04-22T13:51:33.330424+00:00
Asturias,03,11,2023,Noviembre,8.42,1.1,2.3,7.4,2026-04-22T13:51:33.330424+00:00
Asturias,03,10,2023,Octubre,8.32,0.8,1.8,6.3,2026-04-22T13:51:33.330424+00:00
Asturias,03,9,2023,Septiembre,8.22,0.5,1.5,6.2,2026-04-22T13:51:33.330424+00:00
Asturias,03,8,2023,Agosto,8.22,0.6,1.9,5.7,2026-04-22T13:51:33.330424+00:00
Asturias,03,7,2023,Julio,8.12,0.4,1.2,5.7,2026-04-22T13:51:33.330424+00:00
Asturias,03,6,2023,Junio,8.12,0.9,1.1,5.3,2026-04-22T13:51:33.330424+00:00
Asturias,03,5,2023,Mayo,8.02,-0.2,1.0,4.3,2026-04-22T13:51:33.330424+00:00
Asturias,03,4,2023,Abril,8.12,0.4,2.3,4.6,2026-04-22T13:51:33.330424+00:00
Asturias,03,3,2023,Marzo,8.02,0.9,2.8,4.7,2026-04-22T13:51:33.330424+00:00
Asturias,03,2,2023,Febrero,8.02,1.1,2.0,5.1,2026-04-22T13:51:33.330424+00:00
Asturias,03,1,2023,Enero,7.92,0.8,0.9,4.6,2026-04-22T13:51:33.330424+00:00
Asturias,03,12,2022,Diciembre,7.82,0.1,0.8,4.3,2026-04-22T13:51:33.330424+00:00
Asturias,03,11,2022,Noviembre,7.82,0.0,0.6,4.1,2026-04-22T13:51:33.330424+00:00
Asturias,03,10,2022,Octubre,7.82,0.7,1.1,3.8,2026-04-22T13:51:33.330424+00:00
Asturias,03,9,2022,Septiembre,7.72,-0.1,0.6,2.8,2026-04-22T13:51:33.330424+00:00
Asturias,03,8,2022,Agosto,7.82,0.5,0.6,3.4,2026-04-22T13:51:33.330424+00:00
Asturias,03,7,2022,Julio,7.72,0.1,0.1,2.8,2026-04-22T13:51:33.330424+00:00
Asturias,03,6,2022,Junio,7.72,-0.1,0.5,3.1,2026-04-22T13:51:33.330424+00:00
Asturias,03,5,2022,Mayo,7.72,0.1,1.9,3.3,2026-04-22T13:51:33.330424+00:00
Asturias,03,4,2022,Abril,7.72,0.5,2.4,3.3,2026-04-22T13:51:33.330424+00:00
Asturias,03,3,2022,Marzo,7.72,1.2,2.3,2.8,2026-04-22T13:51:33.330424+00:00
Asturias,03,2,2022,Febrero,7.62,0.6,0.9,1.9,2026-04-22T13:51:33.330424+00:00
Asturias,03,1,2022,Enero,7.52,0.4,0.1,2.3,2026-04-22T13:51:33.330424+00:00
Asturias,03,12,2021,Diciembre,7.52,-0.1,-0.6,2.5,2026-04-22T13:51:33.330424+00:00
Asturias,03,11,2021,Noviembre,7.52,-0.2,0.0,2.4,2026-04-22T13:51:33.330424+00:00
Asturias,03,10,2021,Octubre,7.52,-0.3,0.1,2.5,2026-04-22T13:51:33.330424+00:00
Asturias,03,9,2021,Septiembre,7.52,0.5,0.9,2.5,2026-04-22T13:51:33.330424+00:00
Asturias,03,8,2021,Agosto,7.52,-0.1,0.5,2.1,2026-04-22T13:51:33.330424+00:00
Asturias,03,7,2021,Julio,7.52,0.5,0.6,2.6,2026-04-22T13:51:33.330424+00:00
Asturias,03,6,2021,Junio,7.52,0.1,0.2,2.2,2026-04-22T13:51:33.330424+00:00
Asturias,03,5,2021,Mayo,7.52,0.0,0.4,3.1,2026-04-22T13:51:33.330424+00:00
Asturias,03,4,2021,Abril,7.52,0.1,1.5,4.3,2026-04-22T13:51:33.330424+00:00
Asturias,03,3,2021,Marzo,7.42,0.3,2.0,4.1,2026-04-22T13:51:33.330424+00:00
Asturias,03,2,2021,Febrero,7.42,1.0,1.4,3.6,2026-04-22T13:51:33.330424+00:00
Asturias,03,1,2021,Enero,7.32,0.6,0.3,3.2,2026-04-22T13:51:33.330424+00:00
Asturias,03,12,2020,Diciembre,7.32,-0.2,-0.6,2.0,2026-04-22T13:51:33.330424+00:00
Asturias,03,11,2020,Noviembre,7.32,-0.1,-0.2,2.6,2026-04-22T13:51:33.330424+00:00
Asturias,03,10,2020,Octubre,7.32,-0.3,0.3,2.6,2026-04-22T13:51:33.330424+00:00
Asturias,03,9,2020,Septiembre,7.42,0.2,0.7,3.6,2026-04-22T13:51:33.330424+00:00
Asturias,03,8,2020,Agosto,7.32,0.4,1.5,2.7,2026-04-22T13:51:33.330424+00:00
Asturias,03,7,2020,Julio,7.32,0.1,2.2,2.5,2026-04-22T13:51:33.330424+00:00
Asturias,03,6,2020,Junio,7.32,1.0,2.0,2.5,2026-04-22T13:51:33.330424+00:00
Asturias,03,5,2020,Mayo,7.22,1.1,0.9,2.4,2026-04-22T13:51:33.330424+00:00
Asturias,03,4,2020,Abril,7.22,-0.1,0.4,1.8,2026-04-22T13:51:33.330424+00:00
Asturias,03,3,2020,Marzo,7.22,-0.1,-0.1,2.5,2026-04-22T13:51:33.330424+00:00
Asturias,03,2,2020,Febrero,7.22,0.6,0.4,3.6,2026-04-22T13:51:33.330424+00:00
Asturias,03,1,2020,Enero,7.12,-0.6,-0.4,3.4,2026-04-22T13:51:33.330424+00:00
Asturias,03,12,2019,Diciembre,7.22,0.4,1.0,3.8,2026-04-22T13:51:33.330424+00:00
Asturias,03,11,2019,Noviembre,7.12,-0.1,-0.2,4.7,2026-04-22T13:51:33.330424+00:00
Asturias,03,10,2019,Octubre,7.12,0.7,0.2,4.4,2026-04-22T13:51:33.330424+00:00
Asturias,03,9,2019,Septiembre,7.12,-0.8,-0.5,3.8,2026-04-22T13:51:33.330424+00:00
Asturias,03,8,2019,Agosto,7.12,0.3,1.2,5.8,2026-04-22T13:51:33.330424+00:00
Asturias,03,7,2019,Julio,7.12,0.1,1.6,6.3,2026-04-22T13:51:33.330424+00:00
Asturias,03,6,2019,Junio,7.12,0.9,2.1,6.2,2026-04-22T13:51:33.330424+00:00
Asturias,03,5,2019,Mayo,7.12,0.6,2.1,5.4,2026-04-22T13:51:33.330424+00:00
Asturias,03,4,2019,Abril,7.02,0.6,2.0,5.4,2026-04-22T13:51:33.330424+00:00
Asturias,03,3,2019,Marzo,7.02,0.9,1.1,4.4,2026-04-22T13:51:33.330424+00:00
Asturias,03,2,2019,Febrero,6.92,0.4,1.5,3.9,2026-04-22T13:51:33.330424+00:00
Asturias,03,1,2019,Enero,6.92,-0.2,0.6,4.4,2026-04-22T13:51:33.330424+00:00
Asturias,03,12,2018,Diciembre,6.92,1.2,1.0,4.4,2026-04-22T13:51:33.330424+00:00
Asturias,03,11,2018,Noviembre,6.82,-0.4,0.9,3.4,2026-04-22T13:51:33.330424+00:00
Asturias,03,10,2018,Octubre,6.82,0.1,2.0,3.2,2026-04-22T13:51:33.330424+00:00
Asturias,03,9,2018,Septiembre,6.82,1.2,1.9,4.1,2026-04-22T13:51:33.330424+00:00
Asturias,03,8,2018,Agosto,6.82,0.8,0.8,3.1,2026-04-22T13:51:33.330424+00:00
Asturias,03,7,2018,Julio,6.72,0.0,0.7,3.4,2026-04-22T13:51:33.330424+00:00
Asturias,03,6,2018,Junio,6.72,0.0,0.3,4.9,2026-04-22T13:51:33.330424+00:00
Asturias,03,5,2018,Mayo,6.72,0.7,0.7,5.8,2026-04-22T13:51:33.330424+00:00
Asturias,03,4,2018,Abril,6.72,-0.4,1.0,5.6,2026-04-22T13:51:33.330424+00:00
Asturias,03,3,2018,Marzo,6.72,0.4,1.2,6.1,2026-04-22T13:51:33.330424+00:00
Asturias,03,2,2018,Febrero,6.72,1.0,1.0,6.0,2026-04-22T13:51:33.330424+00:00
Asturias,03,1,2018,Enero,6.62,-0.2,-0.6,4.2,2026-04-22T13:51:33.330424+00:00
Asturias,03,12,2017,Diciembre,6.62,0.2,0.6,5.2,2026-04-22T13:51:33.330424+00:00
Asturias,03,11,2017,Noviembre,6.62,-0.6,0.6,4.8,2026-04-22T13:51:33.330424+00:00
Asturias,03,10,2017,Octubre,6.62,1.0,2.2,5.6,2026-04-22T13:51:33.330424+00:00
Asturias,03,9,2017,Septiembre,6.62,0.2,2.7,5.7,2026-04-22T13:51:33.330424+00:00
Asturias,03,8,2017,Agosto,6.62,1.0,3.4,6.2,2026-04-22T13:51:33.330424+00:00
Asturias,03,7,2017,Julio,6.52,1.5,2.9,5.4,2026-04-22T13:51:33.330424+00:00
Asturias,03,6,2017,Junio,6.42,0.9,1.4,3.4,2026-04-22T13:51:33.330424+00:00
Asturias,03,5,2017,Mayo,6.32,0.5,0.9,3.0,2026-04-22T13:51:33.330424+00:00
Asturias,03,4,2017,Abril,6.32,0.0,-0.4,2.6,2026-04-22T13:51:33.330424+00:00
Asturias,03,3,2017,Marzo,6.32,0.4,0.4,3.4,2026-04-22T13:51:33.330424+00:00
Asturias,03,2,2017,Febrero,6.32,-0.8,-0.1,3.1,2026-04-22T13:51:33.330424+00:00
Asturias,03,1,2017,Enero,6.32,0.7,0.8,4.7,2026-04-22T13:51:33.330424+00:00
Asturias,03,12,2016,Diciembre,6.32,-0.1,1.1,4.6,2026-04-22T13:51:33.330424+00:00
Asturias,03,11,2016,Noviembre,6.32,0.2,1.9,4.9,2026-04-22T13:51:33.330424+00:00
Asturias,03,10,2016,Octubre,6.32,1.1,2.0,4.7,2026-04-22T13:51:33.330424+00:00
Asturias,03,9,2016,Septiembre,6.22,0.6,0.5,3.5,2026-04-22T13:51:33.330424+00:00
Asturias,03,8,2016,Agosto,6.22,0.2,0.3,2.5,2026-04-22T13:51:33.330424+00:00
Asturias,03,7,2016,Julio,6.22,-0.4,0.2,2.2,2026-04-22T13:51:33.330424+00:00
Asturias,03,6,2016,Junio,6.22,0.5,1.3,3.2,2026-04-22T13:51:33.330424+00:00
Asturias,03,5,2016,Mayo,6.22,0.1,1.0,2.3,2026-04-22T13:51:33.330424+00:00
Asturias,03,4,2016,Abril,6.12,0.7,1.7,2.4,2026-04-22T13:51:33.330424+00:00
Asturias,03,3,2016,Marzo,6.12,0.1,1.5,2.3,2026-04-22T13:51:33.330424+00:00
Asturias,03,2,2016,Febrero,6.12,0.8,1.6,2.6,2026-04-22T13:51:33.330424+00:00
Asturias,03,1,2016,Enero,6.02,0.6,0.8,1.1,2026-04-22T13:51:33.330424+00:00
Asturias,03,12,2015,Diciembre,6.02,0.2,0.1,0.2,2026-04-22T13:51:33.330424+00:00
Asturias,03,11,2015,Noviembre,6.02,-0.1,-0.4,-0.2,2026-04-22T13:51:33.330424+00:00
Asturias,03,10,2015,Octubre,6.02,0.0,-0.5,-0.4,2026-04-22T13:51:33.330424+00:00
Asturias,03,9,2015,Septiembre,6.02,-0.3,0.2,-0.5,2026-04-22T13:51:33.330424+00:00
Asturias,03,8,2015,Agosto,6.02,-0.1,0.1,0.6,2026-04-22T13:51:33.330424+00:00
Asturias,03,7,2015,Julio,6.02,0.6,0.4,0.6,2026-04-22T13:51:33.330424+00:00
Asturias,03,6,2015,Junio,6.02,-0.4,0.4,-0.1,2026-04-22T13:51:33.330424+00:00
Asturias,03,5,2015,Mayo,6.02,0.2,1.3,0.9,2026-04-22T13:51:33.330424+00:00
Asturias,03,4,2015,Abril,6.02,0.7,0.4,0.9,2026-04-22T13:51:33.330424+00:00
Asturias,03,3,2015,Marzo,6.02,0.4,-0.5,0.0,2026-04-22T13:51:33.330424+00:00
Asturias,03,2,2015,Febrero,5.92,-0.7,-1.1,-0.6,2026-04-22T13:51:33.330424+00:00
Asturias,03,1,2015,Enero,6.02,-0.2,-0.7,0.1,2026-04-22T13:51:33.330424+00:00
Asturias,03,12,2014,Diciembre,6.02,-0.2,-0.6,-0.7,2026-04-22T13:51:33.330424+00:00
Asturias,03,11,2014,Noviembre,6.02,-0.3,0.4,-2.1,2026-04-22T13:51:33.330424+00:00
Asturias,03,10,2014,Octubre,6.02,-0.1,0.5,-2.5,2026-04-22T13:51:33.330424+00:00
Asturias,03,9,2014,Septiembre,6.02,0.8,0.6,-3.0,2026-04-22T13:51:33.330424+00:00
Asturias,03,8,2014,Agosto,6.02,-0.1,0.4,-4.5,2026-04-22T13:51:33.330424+00:00
Asturias,03,7,2014,Julio,6.02,-0.1,0.7,-4.5,2026-04-22T13:51:33.330424+00:00
Asturias,03,6,2014,Junio,6.02,0.6,0.5,-4.4,2026-04-22T13:51:33.330424+00:00
Asturias,03,5,2014,Mayo,6.02,0.2,-0.2,-4.3,2026-04-22T13:51:33.330424+00:00
Asturias,03,4,2014,Abril,6.02,-0.2,-0.5,-4.7,2026-04-22T13:51:33.330424+00:00
Asturias,03,3,2014,Marzo,6.02,-0.2,-1.2,-5.4,2026-04-22T13:51:33.330424+00:00
Asturias,03,2,2014,Febrero,6.02,-0.1,-2.6,-6.0,2026-04-22T13:51:33.330424+00:00
Asturias,03,1,2014,Enero,6.02,-0.9,-3.2,-7.2,2026-04-22T13:51:33.330424+00:00
Asturias,03,12,2013,Diciembre,6.02,-1.6,-3.0,-6.4,2026-04-22T13:51:33.330424+00:00
Asturias,03,11,2013,Noviembre,6.12,-0.7,-2.2,-4.9,2026-04-22T13:51:33.330424+00:00
Asturias,03,10,2013,Octubre,6.22,-0.7,-1.5,-5.0,2026-04-22T13:51:33.330424+00:00
Asturias,03,9,2013,Septiembre,6.22,-0.8,-0.9,-5.2,2026-04-22T13:51:33.330424+00:00
Asturias,03,8,2013,Agosto,6.32,-0.1,0.7,-5.6,2026-04-22T13:51:33.330424+00:00
Asturias,03,7,2013,Julio,6.32,0.0,0.5,-7.2,2026-04-22T13:51:33.330424+00:00
Asturias,03,6,2013,Junio,6.32,0.8,-0.5,-7.5,2026-04-22T13:51:33.330424+00:00
Asturias,03,5,2013,Mayo,6.22,-0.3,-2.1,-8.4,2026-04-22T13:51:33.330424+00:00
Asturias,03,4,2013,Abril,6.22,-1.0,-3.1,-8.0,2026-04-22T13:51:33.330424+00:00
Asturias,03,3,2013,Marzo,6.32,-0.9,-2.2,-6.5,2026-04-22T13:51:33.330424+00:00
Asturias,03,2,2013,Febrero,6.42,-1.3,-1.4,-5.6,2026-04-22T13:51:33.330424+00:00
Asturias,03,1,2013,Enero,6.42,-0.1,-1.0,-5.1,2026-04-22T13:51:33.330424+00:00
Asturias,03,12,2012,Diciembre,6.42,0.0,-1.7,-5.8,2026-04-22T13:51:33.330424+00:00
Asturias,03,11,2012,Noviembre,6.52,-0.8,-2.9,-5.4,2026-04-22T13:51:33.330424+00:00
Asturias,03,10,2012,Octubre,6.52,-0.8,-3.8,-5.5,2026-04-22T13:51:33.330424+00:00
Asturias,03,9,2012,Septiembre,6.62,-1.3,-3.3,-6.3,2026-04-22T13:51:33.330424+00:00
Asturias,03,8,2012,Agosto,6.62,-1.7,-2.2,-7.7,2026-04-22T13:51:33.330424+00:00
Asturias,03,7,2012,Julio,6.82,-0.3,-0.4,-7.5,2026-04-22T13:51:33.330424+00:00
Asturias,03,6,2012,Junio,6.82,-0.2,0.5,-7.0,2026-04-22T13:51:33.330424+00:00
Asturias,03,5,2012,Mayo,6.82,0.1,0.8,-6.1,2026-04-22T13:51:33.330424+00:00
Asturias,03,4,2012,Abril,6.82,0.6,-0.1,-8.3,2026-04-22T13:51:33.330424+00:00
Asturias,03,3,2012,Marzo,6.72,0.1,-1.5,-8.4,2026-04-22T13:51:33.330424+00:00
Asturias,03,2,2012,Febrero,6.72,-0.8,-1.2,-6.9,2026-04-22T13:51:33.330424+00:00
Asturias,03,1,2012,Enero,6.82,-0.8,-1.3,-7.3,2026-04-22T13:51:33.330424+00:00
Asturias,03,12,2011,Diciembre,6.82,0.4,-2.2,-6.7,2026-04-22T13:51:33.330424+00:00
Asturias,03,11,2011,Noviembre,6.82,-0.9,-5.3,-7.5,2026-04-22T13:51:33.330424+00:00
Asturias,03,10,2011,Octubre,6.92,-1.7,-5.8,-6.4,2026-04-22T13:51:33.330424+00:00
Asturias,03,9,2011,Septiembre,7.02,-2.8,-4.1,-3.6,2026-04-22T13:51:33.330424+00:00
Asturias,03,8,2011,Agosto,7.22,-1.5,-0.5,-4.8,2026-04-22T13:51:33.330424+00:00
Asturias,03,7,2011,Julio,7.32,0.1,-1.3,-4.7,2026-04-22T13:51:33.330424+00:00
Asturias,03,6,2011,Junio,7.32,0.8,-1.0,-6.0,2026-04-22T13:51:33.330424+00:00
Asturias,03,5,2011,Mayo,7.22,-2.2,0.0,-3.6,2026-04-22T13:51:33.330424+00:00
Asturias,03,4,2011,Abril,7.42,0.4,1.0,-2.4,2026-04-22T13:51:33.330424+00:00
Asturias,03,3,2011,Marzo,7.42,1.8,0.4,-3.1,2026-04-22T13:51:33.330424+00:00
Asturias,03,2,2011,Febrero,7.22,-1.2,-1.8,-7.8,2026-04-22T13:51:33.330424+00:00
Asturias,03,1,2011,Enero,7.32,-0.1,-0.3,-6.8,2026-04-22T13:51:33.330424+00:00
Asturias,03,12,2010,Diciembre,7.32,-0.5,1.1,-8.2,2026-04-22T13:51:33.330424+00:00
Asturias,03,11,2010,Noviembre,7.42,0.3,-2.5,-7.3,2026-04-22T13:51:33.330424+00:00
Asturias,03,10,2010,Octubre,7.32,1.2,-4.1,-6.0,2026-04-22T13:51:33.330424+00:00
Asturias,03,9,2010,Septiembre,7.32,-4.0,-6.4,-5.8,2026-04-22T13:51:33.330424+00:00
Asturias,03,8,2010,Agosto,7.62,-1.3,0.8,-2.2,2026-04-22T13:51:33.330424+00:00
Asturias,03,7,2010,Julio,7.72,-1.2,1.1,-3.5,2026-04-22T13:51:33.330424+00:00
Asturias,03,6,2010,Junio,7.82,3.4,2.1,-4.4,2026-04-22T13:51:33.330424+00:00
Asturias,03,5,2010,Mayo,7.52,-1.1,-4.4,-10.1,2026-04-22T13:51:33.330424+00:00
Asturias,03,4,2010,Abril,7.62,-0.2,-3.6,-9.3,2026-04-22T13:51:33.330424+00:00
Asturias,03,3,2010,Marzo,7.62,-3.2,-4.9,-9.1,2026-04-22T13:51:33.330424+00:00
Asturias,03,2,2010,Febrero,7.92,-0.1,-1.3,-12.2,2026-04-22T13:51:33.330424+00:00
Asturias,03,1,2010,Enero,7.92,-1.6,0.6,-15.5,2026-04-22T13:51:33.330424+00:00
Asturias,03,12,2009,Diciembre,8.02,0.5,3.7,-14.3,2026-04-22T13:51:33.330424+00:00
Asturias,03,11,2009,Noviembre,8.02,1.7,2.8,-14.6,2026-04-22T13:51:33.330424+00:00
Asturias,03,10,2009,Octubre,7.82,1.5,-1.5,-14.8,2026-04-22T13:51:33.330424+00:00
Asturias,03,9,2009,Septiembre,7.72,-0.4,-5.0,-13.4,2026-04-22T13:51:33.330424+00:00
Asturias,03,8,2009,Agosto,7.72,-2.6,-7.3,-18.5,2026-04-22T13:51:33.330424+00:00
Asturias,03,7,2009,Julio,7.92,-2.2,-5.1,-12.2,2026-04-22T13:51:33.330424+00:00
Asturias,03,6,2009,Junio,8.12,-2.8,-3.0,-17.3,2026-04-22T13:51:33.330424+00:00
Asturias,03,5,2009,Mayo,8.32,-0.2,-6.7,-12.6,2026-04-22T13:51:33.330424+00:00
Asturias,03,4,2009,Abril,8.42,0.0,-10.2,-10.2,2026-04-22T13:51:33.330424+00:00
Asturias,03,3,2009,Marzo,8.42,-6.5,-10.3,-17.8,2026-04-22T13:51:33.330424+00:00
Asturias,03,2,2009,Febrero,8.92,-4.0,-4.0,-28.2,2026-04-22T13:51:33.330424+00:00
Asturias,03,1,2009,Enero,9.32,-0.2,1.5,-19.1,2026-04-22T13:51:33.330424+00:00
Asturias,03,12,2008,Diciembre,9.32,0.2,4.9,,2026-04-22T13:51:33.330424+00:00
Asturias,03,11,2008,Noviembre,9.32,1.5,-1.8,,2026-04-22T13:51:33.330424+00:00
Asturias,03,10,2008,Octubre,9.22,3.2,1.4,,2026-04-22T13:51:33.330424+00:00
Asturias,03,9,2008,Septiembre,8.92,-6.2,-9.4,,2026-04-22T13:51:33.330424+00:00
Asturias,03,8,2008,Agosto,9.52,4.9,-0.7,,2026-04-22T13:51:33.330424+00:00
Asturias,03,7,2008,Julio,9.02,-7.8,-2.9,,2026-04-22T13:51:33.330424+00:00
Asturias,03,6,2008,Junio,9.82,2.7,-3.6,,2026-04-22T13:51:33.330424+00:00
Asturias,03,5,2008,Mayo,9.52,2.5,-23.3,,2026-04-22T13:51:33.330424+00:00
Asturias,03,4,2008,Abril,9.32,-8.5,-19.0,,2026-04-22T13:51:33.330424+00:00
Asturias,03,3,2008,Marzo,10.22,-18.3,,,2026-04-22T13:51:33.330424+00:00
Asturias,03,2,2008,Febrero,12.52,8.3,,,2026-04-22T13:51:33.330424+00:00
Asturias,03,1,2008,Enero,11.52,,,,2026-04-22T13:51:33.330424+00:00
Asturias,03,12,2007,Diciembre,,,,,2026-04-22T13:51:33.330424+00:00
Asturias,03,11,2007,Noviembre,,,,,2026-04-22T13:51:33.330424+00:00
Asturias,03,10,2007,Octubre,,,,,2026-04-22T13:51:33.330424+00:00
Asturias,03,9,2007,Septiembre,,,,,2026-04-22T13:51:33.330424+00:00
Asturias,03,8,2007,Agosto,,,,,2026-04-22T13:51:33.330424+00:00
Asturias,03,7,2007,Julio,,,,,2026-04-22T13:51:33.330424+00:00
Asturias,03,6,2007,Junio,,,,,2026-04-22T13:51:33.330424+00:00
Asturias,03,5,2007,Mayo,,,,,2026-04-22T13:51:33.330424+00:00
Asturias,03,4,2007,Abril,,,,,2026-04-22T13:51:33.330424+00:00
Asturias,03,3,2007,Marzo,,,,,2026-04-22T13:51:33.330424+00:00
Asturias,03,2,2007,Febrero,,,,,2026-04-22T13:51:33.330424+00:00
Asturias,03,1,2007,Enero,,,,,2026-04-22T13:51:33.330424+00:00
Asturias,03,12,2006,Diciembre,,,,,2026-04-22T13:51:33.330424+00:00
Asturias,03,11,2006,Noviembre,,,,,2026-04-22T13:51:33.330424+00:00
Asturias,03,10,2006,Octubre,,,,,2026-04-22T13:51:33.330424+00:00
Asturias,03,9,2006,Septiembre,,,,,2026-04-22T13:51:33.330424+00:00
Asturias,03,8,2006,Agosto,,,,,2026-04-22T13:51:33.330424+00:00
Asturias,03,7,2006,Julio,,,,,2026-04-22T13:51:33.330424+00:00
Asturias,03,6,2006,Junio,,,,,2026-04-22T13:51:33.330424+00:00
Asturias,03,5,2006,Mayo,,,,,2026-04-22T13:51:33.330424+00:00
Asturias,03,4,2006,Abril,,,,,2026-04-22T13:51:33.330424+00:00
Asturias,03,3,2006,Marzo,,,,,2026-04-22T13:51:33.330424+00:00
Asturias,03,2,2006,Febrero,,,,,2026-04-22T13:51:33.330424+00:00
Asturias,03,1,2006,Enero,,,,,2026-04-22T13:51:33.330424+00:00
Cantabria,06,3,2026,Marzo,11.42,2.3,4.2,4.8,2026-04-22T13:54:44.185787+00:00
Cantabria,06,2,2026,Febrero,11.12,-0.5,2.7,4.9,2026-04-22T13:54:44.185787+00:00
Cantabria,06,1,2026,Enero,11.22,2.4,0.9,6.8,2026-04-22T13:54:44.185787+00:00
Cantabria,06,12,2025,Diciembre,10.92,0.8,-5.0,5.5,2026-04-22T13:54:44.185787+00:00
Cantabria,06,11,2025,Noviembre,10.82,-2.3,-10.7,4.0,2026-04-22T13:54:44.185787+00:00
Cantabria,06,10,2025,Octubre,11.12,-3.5,-7.9,4.5,2026-04-22T13:54:44.185787+00:00
Cantabria,06,9,2025,Septiembre,11.52,-5.2,-5.3,4.5,2026-04-22T13:54:44.185787+00:00
Cantabria,06,8,2025,Agosto,12.12,0.7,1.8,5.9,2026-04-22T13:54:44.185787+00:00
Cantabria,06,7,2025,Julio,12.02,-0.8,5.1,4.5,2026-04-22T13:54:44.185787+00:00
Cantabria,06,6,2025,Junio,12.12,1.9,11.7,2.3,2026-04-22T13:54:44.185787+00:00
Cantabria,06,5,2025,Mayo,11.92,4.0,12.4,5.8,2026-04-22T13:54:44.185787+00:00
Cantabria,06,4,2025,Abril,11.52,5.5,9.4,6.2,2026-04-22T13:54:44.185787+00:00
Cantabria,06,3,2025,Marzo,10.92,2.5,4.9,6.9,2026-04-22T13:54:44.185787+00:00
Cantabria,06,2,2025,Febrero,10.62,1.3,1.7,7.2,2026-04-22T13:54:44.185787+00:00
Cantabria,06,1,2025,Enero,10.52,1.1,-1.4,10.8,2026-04-22T13:54:44.185787+00:00
Cantabria,06,12,2024,Diciembre,10.42,-0.6,-5.9,11.6,2026-04-22T13:54:44.185787+00:00
Cantabria,06,11,2024,Noviembre,10.42,-1.8,-9.0,13.4,2026-04-22T13:54:44.185787+00:00
Cantabria,06,10,2024,Octubre,10.62,-3.5,-7.9,13.5,2026-04-22T13:54:44.185787+00:00
Cantabria,06,9,2024,Septiembre,11.02,-3.9,-7.3,11.6,2026-04-22T13:54:44.185787+00:00
Cantabria,06,8,2024,Agosto,11.52,-0.6,1.7,8.1,2026-04-22T13:54:44.185787+00:00
Cantabria,06,7,2024,Julio,11.52,-2.9,6.8,8.1,2026-04-22T13:54:44.185787+00:00
Cantabria,06,6,2024,Junio,11.92,5.4,16.7,17.3,2026-04-22T13:54:44.185787+00:00
Cantabria,06,5,2024,Mayo,11.32,4.3,13.8,14.7,2026-04-22T13:54:44.185787+00:00
Cantabria,06,4,2024,Abril,10.82,6.2,14.2,14.0,2026-04-22T13:54:44.185787+00:00
Cantabria,06,3,2024,Marzo,10.22,2.7,9.6,15.1,2026-04-22T13:54:44.185787+00:00
Cantabria,06,2,2024,Febrero,9.92,4.7,7.7,13.6,2026-04-22T13:54:44.185787+00:00
Cantabria,06,1,2024,Enero,9.52,1.9,1.0,9.5,2026-04-22T13:54:44.185787+00:00
Cantabria,06,12,2023,Diciembre,9.32,0.9,-5.9,7.6,2026-04-22T13:54:44.185787+00:00
Cantabria,06,11,2023,Noviembre,9.22,-1.7,-13.3,7.7,2026-04-22T13:54:44.185787+00:00
Cantabria,06,10,2023,Octubre,9.42,-5.1,-12.3,8.1,2026-04-22T13:54:44.185787+00:00
Cantabria,06,9,2023,Septiembre,9.92,-7.0,-2.5,7.6,2026-04-22T13:54:44.185787+00:00
Cantabria,06,8,2023,Agosto,10.62,-0.6,7.9,9.2,2026-04-22T13:54:44.185787+00:00
Cantabria,06,7,2023,Julio,10.72,5.5,12.6,14.6,2026-04-22T13:54:44.185787+00:00
Cantabria,06,6,2023,Junio,10.12,3.0,14.5,12.4,2026-04-22T13:54:44.185787+00:00
Cantabria,06,5,2023,Mayo,9.82,3.7,12.8,12.4,2026-04-22T13:54:44.185787+00:00
Cantabria,06,4,2023,Abril,9.52,7.2,9.7,10.9,2026-04-22T13:54:44.185787+00:00
Cantabria,06,3,2023,Marzo,8.82,1.4,2.4,5.7,2026-04-22T13:54:44.185787+00:00
Cantabria,06,2,2023,Febrero,8.72,0.9,2.1,6.4,2026-04-22T13:54:44.185787+00:00
Cantabria,06,1,2023,Enero,8.62,0.1,-0.2,5.9,2026-04-22T13:54:44.185787+00:00
Cantabria,06,12,2022,Diciembre,8.62,1.1,-5.9,6.4,2026-04-22T13:54:44.185787+00:00
Cantabria,06,11,2022,Noviembre,8.52,-1.4,-12.1,3.9,2026-04-22T13:54:44.185787+00:00
Cantabria,06,10,2022,Octubre,8.62,-5.6,-7.1,6.4,2026-04-22T13:54:44.185787+00:00
Cantabria,06,9,2022,Septiembre,9.22,-5.6,1.9,9.0,2026-04-22T13:54:44.185787+00:00
Cantabria,06,8,2022,Agosto,9.72,4.3,11.1,12.1,2026-04-22T13:54:44.185787+00:00
Cantabria,06,7,2022,Julio,9.32,3.4,9.0,10.1,2026-04-22T13:54:44.185787+00:00
Cantabria,06,6,2022,Junio,9.02,3.0,7.7,11.0,2026-04-22T13:54:44.185787+00:00
Cantabria,06,5,2022,Mayo,8.72,2.3,6.8,10.3,2026-04-22T13:54:44.185787+00:00
Cantabria,06,4,2022,Abril,8.52,2.2,4.8,8.8,2026-04-22T13:54:44.185787+00:00
Cantabria,06,3,2022,Marzo,8.42,2.1,3.1,7.1,2026-04-22T13:54:44.185787+00:00
Cantabria,06,2,2022,Febrero,8.22,0.4,-0.4,4.4,2026-04-22T13:54:44.185787+00:00
Cantabria,06,1,2022,Enero,8.12,0.5,0.2,3.8,2026-04-22T13:54:44.185787+00:00
Cantabria,06,12,2021,Diciembre,8.12,-1.3,-3.6,4.0,2026-04-22T13:54:44.185787+00:00
Cantabria,06,11,2021,Noviembre,8.22,1.0,-5.2,7.5,2026-04-22T13:54:44.185787+00:00
Cantabria,06,10,2021,Octubre,8.12,-3.2,-3.8,4.9,2026-04-22T13:54:44.185787+00:00
Cantabria,06,9,2021,Septiembre,8.42,-2.9,3.7,7.2,2026-04-22T13:54:44.185787+00:00
Cantabria,06,8,2021,Agosto,8.72,2.4,9.3,7.8,2026-04-22T13:54:44.185787+00:00
Cantabria,06,7,2021,Julio,8.52,4.3,7.7,5.9,2026-04-22T13:54:44.185787+00:00
Cantabria,06,6,2021,Junio,8.12,2.3,3.9,4.7,2026-04-22T13:54:44.185787+00:00
Cantabria,06,5,2021,Mayo,7.92,0.9,1.1,5.5,2026-04-22T13:54:44.185787+00:00
Cantabria,06,4,2021,Abril,7.82,0.6,-0.1,5.3,2026-04-22T13:54:44.185787+00:00
Cantabria,06,3,2021,Marzo,7.82,-0.4,0.1,4.2,2026-04-22T13:54:44.185787+00:00
Cantabria,06,2,2021,Febrero,7.82,-0.2,2.5,4.6,2026-04-22T13:54:44.185787+00:00
Cantabria,06,1,2021,Enero,7.92,0.8,1.3,4.8,2026-04-22T13:54:44.185787+00:00
Cantabria,06,12,2020,Diciembre,7.82,1.9,-0.6,3.2,2026-04-22T13:54:44.185787+00:00
Cantabria,06,11,2020,Noviembre,7.62,-1.4,-4.8,2.4,2026-04-22T13:54:44.185787+00:00
Cantabria,06,10,2020,Octubre,7.82,-1.2,-2.9,4.3,2026-04-22T13:54:44.185787+00:00
Cantabria,06,9,2020,Septiembre,7.82,-2.4,1.3,6.3,2026-04-22T13:54:44.185787+00:00
Cantabria,06,8,2020,Agosto,8.02,0.6,7.0,9.0,2026-04-22T13:54:44.185787+00:00
Cantabria,06,7,2020,Julio,8.02,3.1,7.1,9.1,2026-04-22T13:54:44.185787+00:00
Cantabria,06,6,2020,Junio,7.72,3.1,3.4,6.6,2026-04-22T13:54:44.185787+00:00
Cantabria,06,5,2020,Mayo,7.52,0.7,0.2,4.8,2026-04-22T13:54:44.185787+00:00
Cantabria,06,4,2020,Abril,7.52,-0.3,-0.5,4.9,2026-04-22T13:54:44.185787+00:00
Cantabria,06,3,2020,Marzo,7.52,-0.1,-0.9,3.7,2026-04-22T13:54:44.185787+00:00
Cantabria,06,2,2020,Febrero,7.52,0.0,0.3,3.8,2026-04-22T13:54:44.185787+00:00
Cantabria,06,1,2020,Enero,7.52,-0.8,0.8,3.5,2026-04-22T13:54:44.185787+00:00
Cantabria,06,12,2019,Diciembre,7.62,1.2,2.3,4.1,2026-04-22T13:54:44.185787+00:00
Cantabria,06,11,2019,Noviembre,7.52,0.4,1.3,4.2,2026-04-22T13:54:44.185787+00:00
Cantabria,06,10,2019,Octubre,7.42,0.7,1.6,4.0,2026-04-22T13:54:44.185787+00:00
Cantabria,06,9,2019,Septiembre,7.42,0.1,1.7,4.6,2026-04-22T13:54:44.185787+00:00
Cantabria,06,8,2019,Agosto,7.42,0.7,2.9,2.0,2026-04-22T13:54:44.185787+00:00
Cantabria,06,7,2019,Julio,7.32,0.8,3.0,3.0,2026-04-22T13:54:44.185787+00:00
Cantabria,06,6,2019,Junio,7.32,1.3,0.6,2.8,2026-04-22T13:54:44.185787+00:00
Cantabria,06,5,2019,Mayo,7.22,0.8,-0.7,1.3,2026-04-22T13:54:44.185787+00:00
Cantabria,06,4,2019,Abril,7.12,-1.5,-1.9,0.9,2026-04-22T13:54:44.185787+00:00
Cantabria,06,3,2019,Marzo,7.22,-0.1,-0.5,3.5,2026-04-22T13:54:44.185787+00:00
Cantabria,06,2,2019,Febrero,7.22,-0.3,0.7,5.1,2026-04-22T13:54:44.185787+00:00
Cantabria,06,1,2019,Enero,7.22,-0.1,1.3,7.5,2026-04-22T13:54:44.185787+00:00
Cantabria,06,12,2018,Diciembre,7.32,1.2,2.7,7.3,2026-04-22T13:54:44.185787+00:00
Cantabria,06,11,2018,Noviembre,7.22,0.2,-0.9,6.6,2026-04-22T13:54:44.185787+00:00
Cantabria,06,10,2018,Octubre,7.12,1.3,0.6,3.9,2026-04-22T13:54:44.185787+00:00
Cantabria,06,9,2018,Septiembre,7.12,-2.3,0.0,1.1,2026-04-22T13:54:44.185787+00:00
Cantabria,06,8,2018,Agosto,7.22,1.7,2.1,3.3,2026-04-22T13:54:44.185787+00:00
Cantabria,06,7,2018,Julio,7.12,0.6,0.9,3.3,2026-04-22T13:54:44.185787+00:00
Cantabria,06,6,2018,Junio,7.12,-0.2,1.3,3.7,2026-04-22T13:54:44.185787+00:00
Cantabria,06,5,2018,Mayo,7.12,0.4,3.0,6.0,2026-04-22T13:54:44.185787+00:00
Cantabria,06,4,2018,Abril,7.02,1.1,4.6,6.5,2026-04-22T13:54:44.185787+00:00
Cantabria,06,3,2018,Marzo,7.02,1.5,3.2,5.5,2026-04-22T13:54:44.185787+00:00
Cantabria,06,2,2018,Febrero,6.92,1.9,2.2,4.4,2026-04-22T13:54:44.185787+00:00
Cantabria,06,1,2018,Enero,6.72,-0.3,-2.1,2.5,2026-04-22T13:54:44.185787+00:00
Cantabria,06,12,2017,Diciembre,6.82,0.5,-3.2,2.3,2026-04-22T13:54:44.185787+00:00
Cantabria,06,11,2017,Noviembre,6.72,-2.3,-3.9,2.5,2026-04-22T13:54:44.185787+00:00
Cantabria,06,10,2017,Octubre,6.92,-1.4,0.0,4.8,2026-04-22T13:54:44.185787+00:00
Cantabria,06,9,2017,Septiembre,7.02,-0.3,2.5,6.5,2026-04-22T13:54:44.185787+00:00
Cantabria,06,8,2017,Agosto,7.02,1.7,4.8,6.8,2026-04-22T13:54:44.185787+00:00
Cantabria,06,7,2017,Julio,6.92,1.0,3.9,5.9,2026-04-22T13:54:44.185787+00:00
Cantabria,06,6,2017,Junio,6.82,2.0,3.1,7.3,2026-04-22T13:54:44.185787+00:00
Cantabria,06,5,2017,Mayo,6.72,0.9,1.4,6.6,2026-04-22T13:54:44.185787+00:00
Cantabria,06,4,2017,Abril,6.62,0.2,0.6,5.8,2026-04-22T13:54:44.185787+00:00
Cantabria,06,3,2017,Marzo,6.62,0.4,0.0,5.7,2026-04-22T13:54:44.185787+00:00
Cantabria,06,2,2017,Febrero,6.62,0.1,0.3,6.8,2026-04-22T13:54:44.185787+00:00
Cantabria,06,1,2017,Enero,6.62,-0.4,0.2,8.3,2026-04-22T13:54:44.185787+00:00
Cantabria,06,12,2016,Diciembre,6.62,0.7,0.8,9.7,2026-04-22T13:54:44.185787+00:00
Cantabria,06,11,2016,Noviembre,6.62,-0.1,0.1,9.3,2026-04-22T13:54:44.185787+00:00
Cantabria,06,10,2016,Octubre,6.62,0.2,1.0,9.2,2026-04-22T13:54:44.185787+00:00
Cantabria,06,9,2016,Septiembre,6.62,0.0,3.2,8.6,2026-04-22T13:54:44.185787+00:00
Cantabria,06,8,2016,Agosto,6.62,0.8,4.6,7.2,2026-04-22T13:54:44.185787+00:00
Cantabria,06,7,2016,Julio,6.52,2.4,3.9,7.5,2026-04-22T13:54:44.185787+00:00
Cantabria,06,6,2016,Junio,6.32,1.4,1.6,6.2,2026-04-22T13:54:44.185787+00:00
Cantabria,06,5,2016,Mayo,6.32,0.1,1.6,5.0,2026-04-22T13:54:44.185787+00:00
Cantabria,06,4,2016,Abril,6.32,0.1,3.1,5.3,2026-04-22T13:54:44.185787+00:00
Cantabria,06,3,2016,Marzo,6.32,1.5,3.9,5.2,2026-04-22T13:54:44.185787+00:00
Cantabria,06,2,2016,Febrero,6.22,1.5,2.7,2.3,2026-04-22T13:54:44.185787+00:00
Cantabria,06,1,2016,Enero,6.12,0.9,1.0,0.7,2026-04-22T13:54:44.185787+00:00
Cantabria,06,12,2015,Diciembre,6.02,0.3,-0.2,-0.8,2026-04-22T13:54:44.185787+00:00
Cantabria,06,11,2015,Noviembre,6.02,-0.2,-1.8,-1.5,2026-04-22T13:54:44.185787+00:00
Cantabria,06,10,2015,Octubre,6.02,-0.3,-0.5,-0.9,2026-04-22T13:54:44.185787+00:00
Cantabria,06,9,2015,Septiembre,6.02,-1.3,0.9,0.1,2026-04-22T13:54:44.185787+00:00
Cantabria,06,8,2015,Agosto,6.12,1.1,2.4,1.0,2026-04-22T13:54:44.185787+00:00
Cantabria,06,7,2015,Julio,6.02,1.0,1.7,1.0,2026-04-22T13:54:44.185787+00:00
Cantabria,06,6,2015,Junio,6.02,0.3,0.6,0.3,2026-04-22T13:54:44.185787+00:00
Cantabria,06,5,2015,Mayo,6.02,0.4,-0.9,0.3,2026-04-22T13:54:44.185787+00:00
Cantabria,06,4,2015,Abril,5.92,0.0,-1.5,0.4,2026-04-22T13:54:44.185787+00:00
Cantabria,06,3,2015,Marzo,5.92,-1.3,-2.1,0.9,2026-04-22T13:54:44.185787+00:00
Cantabria,06,2,2015,Febrero,6.02,-0.2,-1.1,1.0,2026-04-22T13:54:44.185787+00:00
Cantabria,06,1,2015,Enero,6.02,-0.6,-0.6,0.3,2026-04-22T13:54:44.185787+00:00
Cantabria,06,12,2014,Diciembre,6.12,-0.4,0.7,1.4,2026-04-22T13:54:44.185787+00:00
Cantabria,06,11,2014,Noviembre,6.12,0.4,0.7,1.3,2026-04-22T13:54:44.185787+00:00
Cantabria,06,10,2014,Octubre,6.12,0.7,1.4,0.7,2026-04-22T13:54:44.185787+00:00
Cantabria,06,9,2014,Septiembre,6.02,-0.4,1.1,-0.6,2026-04-22T13:54:44.185787+00:00
Cantabria,06,8,2014,Agosto,6.02,1.1,1.6,-1.4,2026-04-22T13:54:44.185787+00:00
Cantabria,06,7,2014,Julio,6.02,0.4,1.0,-1.9,2026-04-22T13:54:44.185787+00:00
Cantabria,06,6,2014,Junio,6.02,0.2,1.2,-2.6,2026-04-22T13:54:44.185787+00:00
Cantabria,06,5,2014,Mayo,5.92,0.5,-0.2,-3.4,2026-04-22T13:54:44.185787+00:00
Cantabria,06,4,2014,Abril,5.92,0.5,-1.5,-3.8,2026-04-22T13:54:44.185787+00:00
Cantabria,06,3,2014,Marzo,5.92,-1.2,-1.5,-5.3,2026-04-22T13:54:44.185787+00:00
Cantabria,06,2,2014,Febrero,6.02,-0.8,-0.8,-6.0,2026-04-22T13:54:44.185787+00:00
Cantabria,06,1,2014,Enero,6.02,0.5,-0.2,-6.1,2026-04-22T13:54:44.185787+00:00
Cantabria,06,12,2013,Diciembre,6.02,-0.5,-1.3,-7.6,2026-04-22T13:54:44.185787+00:00
Cantabria,06,11,2013,Noviembre,6.02,-0.2,-2.0,-8.3,2026-04-22T13:54:44.185787+00:00
Cantabria,06,10,2013,Octubre,6.02,-0.6,-1.2,-9.6,2026-04-22T13:54:44.185787+00:00
Cantabria,06,9,2013,Septiembre,6.12,-1.2,-1.0,-10.3,2026-04-22T13:54:44.185787+00:00
Cantabria,06,8,2013,Agosto,6.12,0.5,-0.4,-10.2,2026-04-22T13:54:44.185787+00:00
Cantabria,06,7,2013,Julio,6.12,-0.3,-0.9,-11.4,2026-04-22T13:54:44.185787+00:00
Cantabria,06,6,2013,Junio,6.12,-0.6,-1.6,-11.0,2026-04-22T13:54:44.185787+00:00
Cantabria,06,5,2013,Mayo,6.22,0.1,-3.0,-10.3,2026-04-22T13:54:44.185787+00:00
Cantabria,06,4,2013,Abril,6.22,-1.1,-3.9,-10.5,2026-04-22T13:54:44.185787+00:00
Cantabria,06,3,2013,Marzo,6.22,-2.0,-3.9,-10.9,2026-04-22T13:54:44.185787+00:00
Cantabria,06,2,2013,Febrero,6.32,-0.9,-3.2,-9.6,2026-04-22T13:54:44.185787+00:00
Cantabria,06,1,2013,Enero,6.42,-1.0,-3.9,-8.6,2026-04-22T13:54:44.185787+00:00
Cantabria,06,12,2012,Diciembre,6.52,-1.3,-4.2,-8.4,2026-04-22T13:54:44.185787+00:00
Cantabria,06,11,2012,Noviembre,6.62,-1.6,-3.9,-7.0,2026-04-22T13:54:44.185787+00:00
Cantabria,06,10,2012,Octubre,6.72,-1.4,-3.2,-5.7,2026-04-22T13:54:44.185787+00:00
Cantabria,06,9,2012,Septiembre,6.82,-1.0,-1.8,-4.8,2026-04-22T13:54:44.185787+00:00
Cantabria,06,8,2012,Agosto,6.82,-0.9,-0.6,-4.6,2026-04-22T13:54:44.185787+00:00
Cantabria,06,7,2012,Julio,6.92,0.1,0.1,-6.3,2026-04-22T13:54:44.185787+00:00
Cantabria,06,6,2012,Junio,6.92,0.2,-1.5,-9.3,2026-04-22T13:54:44.185787+00:00
Cantabria,06,5,2012,Mayo,6.92,-0.2,-2.2,-9.3,2026-04-22T13:54:44.185787+00:00
Cantabria,06,4,2012,Abril,6.92,-1.5,-1.9,-9.4,2026-04-22T13:54:44.185787+00:00
Cantabria,06,3,2012,Marzo,7.02,-0.5,-1.1,-10.4,2026-04-22T13:54:44.185787+00:00
Cantabria,06,2,2012,Febrero,7.02,0.1,-0.5,-10.7,2026-04-22T13:54:44.185787+00:00
Cantabria,06,1,2012,Enero,7.02,-0.7,-0.8,-12.2,2026-04-22T13:54:44.185787+00:00
Cantabria,06,12,2011,Diciembre,7.12,0.2,-0.5,-10.5,2026-04-22T13:54:44.185787+00:00
Cantabria,06,11,2011,Noviembre,7.12,-0.2,-1.4,-11.7,2026-04-22T13:54:44.185787+00:00
Cantabria,06,10,2011,Octubre,7.12,-0.4,-3.8,-13.4,2026-04-22T13:54:44.185787+00:00
Cantabria,06,9,2011,Septiembre,7.12,-0.8,-6.4,-13.8,2026-04-22T13:54:44.185787+00:00
Cantabria,06,8,2011,Agosto,7.22,-2.6,-5.5,-14.9,2026-04-22T13:54:44.185787+00:00
Cantabria,06,7,2011,Julio,7.32,-3.1,-3.3,-13.7,2026-04-22T13:54:44.185787+00:00
Cantabria,06,6,2011,Junio,7.62,0.2,-2.7,-12.2,2026-04-22T13:54:44.185787+00:00
Cantabria,06,5,2011,Mayo,7.62,-0.3,-3.7,-12.6,2026-04-22T13:54:44.185787+00:00
Cantabria,06,4,2011,Abril,7.62,-2.6,-5.0,-12.8,2026-04-22T13:54:44.185787+00:00
Cantabria,06,3,2011,Marzo,7.82,-0.8,-1.2,-9.3,2026-04-22T13:54:44.185787+00:00
Cantabria,06,2,2011,Febrero,7.92,-1.6,-1.7,-8.0,2026-04-22T13:54:44.185787+00:00
Cantabria,06,1,2011,Enero,8.02,1.2,-2.1,-7.5,2026-04-22T13:54:44.185787+00:00
Cantabria,06,12,2010,Diciembre,7.92,-1.3,-4.1,-6.5,2026-04-22T13:54:44.185787+00:00
Cantabria,06,11,2010,Noviembre,8.02,-2.0,-5.0,-8.5,2026-04-22T13:54:44.185787+00:00
Cantabria,06,10,2010,Octubre,8.22,-0.9,-4.2,-7.1,2026-04-22T13:54:44.185787+00:00
Cantabria,06,9,2010,Septiembre,8.22,-2.2,-4.7,-8.7,2026-04-22T13:54:44.185787+00:00
Cantabria,06,8,2010,Agosto,8.42,-1.2,-2.9,-9.4,2026-04-22T13:54:44.185787+00:00
Cantabria,06,7,2010,Julio,8.52,-1.4,-2.2,-10.0,2026-04-22T13:54:44.185787+00:00
Cantabria,06,6,2010,Junio,8.62,-0.4,0.4,-15.1,2026-04-22T13:54:44.185787+00:00
Cantabria,06,5,2010,Mayo,8.72,-0.5,1.5,-13.2,2026-04-22T13:54:44.185787+00:00
Cantabria,06,4,2010,Abril,8.72,1.3,0.8,-12.5,2026-04-22T13:54:44.185787+00:00
Cantabria,06,3,2010,Marzo,8.62,0.6,1.9,-14.6,2026-04-22T13:54:44.185787+00:00
Cantabria,06,2,2010,Febrero,8.52,-1.1,-2.2,-13.0,2026-04-22T13:54:44.185787+00:00
Cantabria,06,1,2010,Enero,8.62,2.3,-1.7,-16.7,2026-04-22T13:54:44.185787+00:00
Cantabria,06,12,2009,Diciembre,8.42,-3.4,-6.4,-17.6,2026-04-22T13:54:44.185787+00:00
Cantabria,06,11,2009,Noviembre,8.72,-0.6,-5.9,-13.7,2026-04-22T13:54:44.185787+00:00
Cantabria,06,10,2009,Octubre,8.82,-2.6,-7.2,-16.9,2026-04-22T13:54:44.185787+00:00
Cantabria,06,9,2009,Septiembre,9.02,-2.9,-11.4,-19.1,2026-04-22T13:54:44.185787+00:00
Cantabria,06,8,2009,Agosto,9.32,-1.9,-7.0,-14.4,2026-04-22T13:54:44.185787+00:00
Cantabria,06,7,2009,Julio,9.52,-7.0,-4.8,-12.6,2026-04-22T13:54:44.185787+00:00
Cantabria,06,6,2009,Junio,10.22,2.0,1.1,-13.2,2026-04-22T13:54:44.185787+00:00
Cantabria,06,5,2009,Mayo,10.02,0.3,1.6,-16.0,2026-04-22T13:54:44.185787+00:00
Cantabria,06,4,2009,Abril,9.92,-1.2,-4.0,-17.9,2026-04-22T13:54:44.185787+00:00
Cantabria,06,3,2009,Marzo,10.12,2.4,-1.8,-19.2,2026-04-22T13:54:44.185787+00:00
Cantabria,06,2,2009,Febrero,9.82,-5.2,-2.9,-23.9,2026-04-22T13:54:44.185787+00:00
Cantabria,06,1,2009,Enero,10.42,1.2,-1.9,-23.8,2026-04-22T13:54:44.185787+00:00
Cantabria,06,12,2008,Diciembre,10.22,1.3,-8.0,-23.5,2026-04-22T13:54:44.185787+00:00
Cantabria,06,11,2008,Noviembre,10.12,-4.3,-6.8,-24.4,2026-04-22T13:54:44.185787+00:00
Cantabria,06,10,2008,Octubre,10.62,-5.1,-2.5,-18.4,2026-04-22T13:54:44.185787+00:00
Cantabria,06,9,2008,Septiembre,11.12,2.7,-5.0,-14.0,2026-04-22T13:54:44.185787+00:00
Cantabria,06,8,2008,Agosto,10.82,0.1,-8.7,-22.1,2026-04-22T13:54:44.185787+00:00
Cantabria,06,7,2008,Julio,10.82,-7.6,-10.6,-26.7,2026-04-22T13:54:44.185787+00:00
Cantabria,06,6,2008,Junio,11.72,-1.3,-5.9,-17.9,2026-04-22T13:54:44.185787+00:00
Cantabria,06,5,2008,Mayo,11.92,-2.0,-8.0,,2026-04-22T13:54:44.185787+00:00
Cantabria,06,4,2008,Abril,12.12,-2.7,-10.9,,2026-04-22T13:54:44.185787+00:00
Cantabria,06,3,2008,Marzo,12.42,-3.6,-7.0,,2026-04-22T13:54:44.185787+00:00
Cantabria,06,2,2008,Febrero,12.92,-5.1,-3.5,,2026-04-22T13:54:44.185787+00:00
Cantabria,06,1,2008,Enero,13.62,1.6,5.1,,2026-04-22T13:54:44.185787+00:00
Cantabria,06,12,2007,Diciembre,13.42,0.1,3.5,,2026-04-22T13:54:44.185787+00:00
Cantabria,06,11,2007,Noviembre,13.42,3.3,-3.9,,2026-04-22T13:54:44.185787+00:00
Cantabria,06,10,2007,Octubre,12.92,0.1,-12.4,,2026-04-22T13:54:44.185787+00:00
Cantabria,06,9,2007,Septiembre,12.92,-7.1,-9.3,,2026-04-22T13:54:44.185787+00:00
Cantabria,06,8,2007,Agosto,13.92,-5.7,,,2026-04-22T13:54:44.185787+00:00
Cantabria,06,7,2007,Julio,14.82,3.5,,,2026-04-22T13:54:44.185787+00:00
Cantabria,06,6,2007,Junio,14.32,,,,2026-04-22T13:54:44.185787+00:00
Cantabria,06,5,2007,Mayo,,,,,2026-04-22T13:54:44.185787+00:00
Cantabria,06,4,2007,Abril,,,,,2026-04-22T13:54:44.185787+00:00
Cantabria,06,3,2007,Marzo,,,,,2026-04-22T13:54:44.185787+00:00
Cantabria,06,2,2007,Febrero,,,,,2026-04-22T13:54:44.185787+00:00
Cantabria,06,1,2007,Enero,,,,,2026-04-22T13:54:44.185787+00:00
Cantabria,06,12,2006,Diciembre,,,,,2026-04-22T13:54:44.185787+00:00
Cantabria,06,11,2006,Noviembre,,,,,2026-04-22T13:54:44.185787+00:00
Cantabria,06,10,2006,Octubre,,,,,2026-04-22T13:54:44.185787+00:00
Cantabria,06,9,2006,Septiembre,,,,,2026-04-22T13:54:44.185787+00:00
Cantabria,06,8,2006,Agosto,,,,,2026-04-22T13:54:44.185787+00:00
Cantabria,06,7,2006,Julio,,,,,2026-04-22T13:54:44.185787+00:00
Cantabria,06,6,2006,Junio,,,,,2026-04-22T13:54:44.185787+00:00
Cantabria,06,5,2006,Mayo,,,,,2026-04-22T13:54:44.185787+00:00
Cantabria,06,4,2006,Abril,,,,,2026-04-22T13:54:44.185787+00:00
Cantabria,06,3,2006,Marzo,,,,,2026-04-22T13:54:44.185787+00:00
Cantabria,06,2,2006,Febrero,,,,,2026-04-22T13:54:44.185787+00:00
Cantabria,06,1,2006,Enero,,,,,2026-04-22T13:54:44.185787+00:00
Cataluña,09,3,2026,Marzo,17.72,-3.1,-4.9,-3.8,2026-04-22T13:56:08.618983+00:00
Cataluña,09,2,2026,Febrero,18.22,-2.4,-2.5,-1.2,2026-04-22T13:56:08.618983+00:00
Cataluña,09,1,2026,Enero,18.72,0.6,-1.9,1.5,2026-04-22T13:56:08.618983+00:00
Cataluña,09,12,2025,Diciembre,18.62,-0.7,-2.8,3.0,2026-04-22T13:56:08.618983+00:00
Cataluña,09,11,2025,Noviembre,18.72,-1.9,1.2,4.9,2026-04-22T13:56:08.618983+00:00
Cataluña,09,10,2025,Octubre,19.12,-0.3,1.9,7.1,2026-04-22T13:56:08.618983+00:00
Cataluña,09,9,2025,Septiembre,19.12,3.4,-0.5,9.7,2026-04-22T13:56:08.618983+00:00
Cataluña,09,8,2025,Agosto,18.52,-1.2,-3.1,8.7,2026-04-22T13:56:08.618983+00:00
Cataluña,09,7,2025,Julio,18.72,-2.7,0.1,11.8,2026-04-22T13:56:08.618983+00:00
Cataluña,09,6,2025,Junio,19.22,0.8,4.6,10.7,2026-04-22T13:56:08.618983+00:00
Cataluña,09,5,2025,Mayo,19.12,2.1,3.4,11.4,2026-04-22T13:56:08.618983+00:00
Cataluña,09,4,2025,Abril,18.72,1.7,1.5,11.0,2026-04-22T13:56:08.618983+00:00
Cataluña,09,3,2025,Marzo,18.42,-0.4,1.8,11.3,2026-04-22T13:56:08.618983+00:00
Cataluña,09,2,2025,Febrero,18.42,0.2,3.5,12.1,2026-04-22T13:56:08.618983+00:00
Cataluña,09,1,2025,Enero,18.42,2.1,3.4,12.5,2026-04-22T13:56:08.618983+00:00
Cataluña,09,12,2024,Diciembre,18.02,1.1,3.4,12.4,2026-04-22T13:56:08.618983+00:00
Cataluña,09,11,2024,Noviembre,17.82,0.2,4.9,12.5,2026-04-22T13:56:08.618983+00:00
Cataluña,09,10,2024,Octubre,17.82,2.1,6.4,10.8,2026-04-22T13:56:08.618983+00:00
Cataluña,09,9,2024,Septiembre,17.42,2.5,0.4,9.1,2026-04-22T13:56:08.618983+00:00
Cataluña,09,8,2024,Agosto,17.02,1.6,-0.7,8.8,2026-04-22T13:56:08.618983+00:00
Cataluña,09,7,2024,Julio,16.72,-3.6,-0.6,9.4,2026-04-22T13:56:08.618983+00:00
Cataluña,09,6,2024,Junio,17.42,1.4,5.1,14.9,2026-04-22T13:56:08.618983+00:00
Cataluña,09,5,2024,Mayo,17.12,1.7,4.0,14.5,2026-04-22T13:56:08.618983+00:00
Cataluña,09,4,2024,Abril,16.82,1.9,2.8,13.5,2026-04-22T13:56:08.618983+00:00
Cataluña,09,3,2024,Marzo,16.52,0.3,2.9,12.2,2026-04-22T13:56:08.618983+00:00
Cataluña,09,2,2024,Febrero,16.42,0.5,3.8,10.8,2026-04-22T13:56:08.618983+00:00
Cataluña,09,1,2024,Enero,16.42,2.0,1.8,10.1,2026-04-22T13:56:08.618983+00:00
Cataluña,09,12,2023,Diciembre,16.02,1.2,0.4,9.7,2026-04-22T13:56:08.618983+00:00
Cataluña,09,11,2023,Noviembre,15.92,-1.3,1.5,11.2,2026-04-22T13:56:08.618983+00:00
Cataluña,09,10,2023,Octubre,16.12,0.6,5.1,13.9,2026-04-22T13:56:08.618983+00:00
Cataluña,09,9,2023,Septiembre,16.02,2.3,5.8,13.8,2026-04-22T13:56:08.618983+00:00
Cataluña,09,8,2023,Agosto,15.62,2.2,4.5,12.1,2026-04-22T13:56:08.618983+00:00
Cataluña,09,7,2023,Julio,15.32,1.2,3.1,10.8,2026-04-22T13:56:08.618983+00:00
Cataluña,09,6,2023,Junio,15.12,1.0,2.6,10.8,2026-04-22T13:56:08.618983+00:00
Cataluña,09,5,2023,Mayo,14.92,0.9,0.7,11.2,2026-04-22T13:56:08.618983+00:00
Cataluña,09,4,2023,Abril,14.82,0.7,-0.3,11.6,2026-04-22T13:56:08.618983+00:00
Cataluña,09,3,2023,Marzo,14.72,-0.9,0.7,11.3,2026-04-22T13:56:08.618983+00:00
Cataluña,09,2,2023,Febrero,14.82,-0.1,4.1,12.2,2026-04-22T13:56:08.618983+00:00
Cataluña,09,1,2023,Enero,14.92,1.7,5.4,14.1,2026-04-22T13:56:08.618983+00:00
Cataluña,09,12,2022,Diciembre,14.62,2.5,4.1,12.6,2026-04-22T13:56:08.618983+00:00
Cataluña,09,11,2022,Noviembre,14.32,1.1,2.3,10.2,2026-04-22T13:56:08.618983+00:00
Cataluña,09,10,2022,Octubre,14.12,0.5,2.2,8.3,2026-04-22T13:56:08.618983+00:00
Cataluña,09,9,2022,Septiembre,14.02,0.7,3.0,8.0,2026-04-22T13:56:08.618983+00:00
Cataluña,09,8,2022,Agosto,13.92,1.0,3.6,7.5,2026-04-22T13:56:08.618983+00:00
Cataluña,09,7,2022,Julio,13.82,1.2,3.8,6.0,2026-04-22T13:56:08.618983+00:00
Cataluña,09,6,2022,Junio,13.62,1.3,3.0,5.1,2026-04-22T13:56:08.618983+00:00
Cataluña,09,5,2022,Mayo,13.42,1.2,1.6,3.6,2026-04-22T13:56:08.618983+00:00
Cataluña,09,4,2022,Abril,13.32,0.4,2.0,2.2,2026-04-22T13:56:08.618983+00:00
Cataluña,09,3,2022,Marzo,13.22,-0.1,1.9,1.5,2026-04-22T13:56:08.618983+00:00
Cataluña,09,2,2022,Febrero,13.22,1.6,2.2,1.3,2026-04-22T13:56:08.618983+00:00
Cataluña,09,1,2022,Enero,13.02,0.3,0.0,-0.8,2026-04-22T13:56:08.618983+00:00
Cataluña,09,12,2021,Diciembre,13.02,0.3,-0.1,-2.4,2026-04-22T13:56:08.618983+00:00
Cataluña,09,11,2021,Noviembre,12.92,-0.6,-0.1,-4.6,2026-04-22T13:56:08.618983+00:00
Cataluña,09,10,2021,Octubre,13.02,0.2,0.1,-5.3,2026-04-22T13:56:08.618983+00:00
Cataluña,09,9,2021,Septiembre,13.02,0.2,0.2,-6.3,2026-04-22T13:56:08.618983+00:00
Cataluña,09,8,2021,Agosto,13.02,-0.4,-0.1,-7.1,2026-04-22T13:56:08.618983+00:00
Cataluña,09,7,2021,Julio,13.02,0.3,0.1,-7.1,2026-04-22T13:56:08.618983+00:00
Cataluña,09,6,2021,Junio,13.02,0.0,-0.4,-8.5,2026-04-22T13:56:08.618983+00:00
Cataluña,09,5,2021,Mayo,13.02,-0.2,-0.7,-9.2,2026-04-22T13:56:08.618983+00:00
Cataluña,09,4,2021,Abril,13.02,-0.2,-1.0,-7.6,2026-04-22T13:56:08.618983+00:00
Cataluña,09,3,2021,Marzo,13.02,-0.3,-2.1,-6.0,2026-04-22T13:56:08.618983+00:00
Cataluña,09,2,2021,Febrero,13.12,-0.4,-3.6,-5.1,2026-04-22T13:56:08.618983+00:00
Cataluña,09,1,2021,Enero,13.12,-1.3,-4.6,-3.6,2026-04-22T13:56:08.618983+00:00
Cataluña,09,12,2020,Diciembre,13.32,-1.9,-4.1,-1.3,2026-04-22T13:56:08.618983+00:00
Cataluña,09,11,2020,Noviembre,13.62,-1.4,-2.8,-0.4,2026-04-22T13:56:08.618983+00:00
Cataluña,09,10,2020,Octubre,13.82,-0.9,-1.8,0.1,2026-04-22T13:56:08.618983+00:00
Cataluña,09,9,2020,Septiembre,13.92,-0.6,-2.1,0.9,2026-04-22T13:56:08.618983+00:00
Cataluña,09,8,2020,Agosto,14.02,-0.4,-2.3,2.4,2026-04-22T13:56:08.618983+00:00
Cataluña,09,7,2020,Julio,14.02,-1.2,-0.4,2.5,2026-04-22T13:56:08.618983+00:00
Cataluña,09,6,2020,Junio,14.22,-0.8,2.3,3.2,2026-04-22T13:56:08.618983+00:00
Cataluña,09,5,2020,Mayo,14.32,1.6,3.7,5.3,2026-04-22T13:56:08.618983+00:00
Cataluña,09,4,2020,Abril,14.12,1.4,3.2,4.3,2026-04-22T13:56:08.618983+00:00
Cataluña,09,3,2020,Marzo,13.92,0.6,2.8,3.8,2026-04-22T13:56:08.618983+00:00
Cataluña,09,2,2020,Febrero,13.82,1.1,1.1,3.6,2026-04-22T13:56:08.618983+00:00
Cataluña,09,1,2020,Enero,13.62,1.0,-0.9,2.5,2026-04-22T13:56:08.618983+00:00
Cataluña,09,12,2019,Diciembre,13.52,-1.0,-1.9,1.7,2026-04-22T13:56:08.618983+00:00
Cataluña,09,11,2019,Noviembre,13.62,-0.9,-0.1,2.1,2026-04-22T13:56:08.618983+00:00
Cataluña,09,10,2019,Octubre,13.72,0.0,0.6,3.3,2026-04-22T13:56:08.618983+00:00
Cataluña,09,9,2019,Septiembre,13.72,0.8,0.1,3.8,2026-04-22T13:56:08.618983+00:00
Cataluña,09,8,2019,Agosto,13.62,-0.2,0.5,2.9,2026-04-22T13:56:08.618983+00:00
Cataluña,09,7,2019,Julio,13.72,-0.5,1.4,2.8,2026-04-22T13:56:08.618983+00:00
Cataluña,09,6,2019,Junio,13.72,1.3,2.9,3.0,2026-04-22T13:56:08.618983+00:00
Cataluña,09,5,2019,Mayo,13.62,0.6,2.0,1.2,2026-04-22T13:56:08.618983+00:00
Cataluña,09,4,2019,Abril,13.52,0.9,1.4,0.5,2026-04-22T13:56:08.618983+00:00
Cataluña,09,3,2019,Marzo,13.42,0.4,0.7,0.2,2026-04-22T13:56:08.618983+00:00
Cataluña,09,2,2019,Febrero,13.32,0.1,-0.3,0.9,2026-04-22T13:56:08.618983+00:00
Cataluña,09,1,2019,Enero,13.32,0.2,-0.1,2.0,2026-04-22T13:56:08.618983+00:00
Cataluña,09,12,2018,Diciembre,13.32,-0.7,0.1,2.3,2026-04-22T13:56:08.618983+00:00
Cataluña,09,11,2018,Noviembre,13.32,0.3,0.7,3.6,2026-04-22T13:56:08.618983+00:00
Cataluña,09,10,2018,Octubre,13.32,0.4,0.1,2.8,2026-04-22T13:56:08.618983+00:00
Cataluña,09,9,2018,Septiembre,13.22,0.0,-0.7,3.6,2026-04-22T13:56:08.618983+00:00
Cataluña,09,8,2018,Agosto,13.22,-0.3,-1.2,4.9,2026-04-22T13:56:08.618983+00:00
Cataluña,09,7,2018,Julio,13.32,-0.3,-0.9,5.8,2026-04-22T13:56:08.618983+00:00
Cataluña,09,6,2018,Junio,13.32,-0.5,0.1,6.8,2026-04-22T13:56:08.618983+00:00
Cataluña,09,5,2018,Mayo,13.42,-0.1,1.7,8.4,2026-04-22T13:56:08.618983+00:00
Cataluña,09,4,2018,Abril,13.42,0.7,3.0,8.2,2026-04-22T13:56:08.618983+00:00
Cataluña,09,3,2018,Marzo,13.32,1.1,2.8,8.2,2026-04-22T13:56:08.618983+00:00
Cataluña,09,2,2018,Febrero,13.22,1.2,2.4,8.0,2026-04-22T13:56:08.618983+00:00
Cataluña,09,1,2018,Enero,13.02,0.5,0.7,9.0,2026-04-22T13:56:08.618983+00:00
Cataluña,09,12,2017,Diciembre,13.02,0.6,1.3,10.1,2026-04-22T13:56:08.618983+00:00
Cataluña,09,11,2017,Noviembre,12.92,-0.5,2.0,11.5,2026-04-22T13:56:08.618983+00:00
Cataluña,09,10,2017,Octubre,12.92,1.1,2.9,13.9,2026-04-22T13:56:08.618983+00:00
Cataluña,09,9,2017,Septiembre,12.82,1.3,2.4,15.0,2026-04-22T13:56:08.618983+00:00
Cataluña,09,8,2017,Agosto,12.62,0.4,2.0,15.5,2026-04-22T13:56:08.618983+00:00
Cataluña,09,7,2017,Julio,12.62,0.7,1.4,16.8,2026-04-22T13:56:08.618983+00:00
Cataluña,09,6,2017,Junio,12.52,0.9,1.4,17.2,2026-04-22T13:56:08.618983+00:00
Cataluña,09,5,2017,Mayo,12.42,-0.2,1.4,17.5,2026-04-22T13:56:08.618983+00:00
Cataluña,09,4,2017,Abril,12.42,0.6,3.7,19.0,2026-04-22T13:56:08.618983+00:00
Cataluña,09,3,2017,Marzo,12.32,1.0,4.7,19.3,2026-04-22T13:56:08.618983+00:00
Cataluña,09,2,2017,Febrero,12.22,2.1,5.6,18.9,2026-04-22T13:56:08.618983+00:00
Cataluña,09,1,2017,Enero,11.92,1.5,5.2,18.3,2026-04-22T13:56:08.618983+00:00
Cataluña,09,12,2016,Diciembre,11.82,1.9,5.7,18.2,2026-04-22T13:56:08.618983+00:00
Cataluña,09,11,2016,Noviembre,11.52,1.7,5.7,16.3,2026-04-22T13:56:08.618983+00:00
Cataluña,09,10,2016,Octubre,11.42,2.1,5.5,15.7,2026-04-22T13:56:08.618983+00:00
Cataluña,09,9,2016,Septiembre,11.12,1.8,4.5,14.3,2026-04-22T13:56:08.618983+00:00
Cataluña,09,8,2016,Agosto,10.92,1.5,3.8,13.2,2026-04-22T13:56:08.618983+00:00
Cataluña,09,7,2016,Julio,10.82,1.0,3.3,12.9,2026-04-22T13:56:08.618983+00:00
Cataluña,09,6,2016,Junio,10.62,1.2,3.2,13.0,2026-04-22T13:56:08.618983+00:00
Cataluña,09,5,2016,Mayo,10.52,1.0,2.6,11.3,2026-04-22T13:56:08.618983+00:00
Cataluña,09,4,2016,Abril,10.42,0.9,3.2,9.6,2026-04-22T13:56:08.618983+00:00
Cataluña,09,3,2016,Marzo,10.32,0.6,3.7,9.7,2026-04-22T13:56:08.618983+00:00
Cataluña,09,2,2016,Febrero,10.32,1.6,3.4,9.7,2026-04-22T13:56:08.618983+00:00
Cataluña,09,1,2016,Enero,10.12,1.4,2.9,8.9,2026-04-22T13:56:08.618983+00:00
Cataluña,09,12,2015,Diciembre,10.02,0.3,2.3,8.8,2026-04-22T13:56:08.618983+00:00
Cataluña,09,11,2015,Noviembre,9.92,1.1,2.8,9.9,2026-04-22T13:56:08.618983+00:00
Cataluña,09,10,2015,Octubre,9.82,0.9,3.0,10.1,2026-04-22T13:56:08.618983+00:00
Cataluña,09,9,2015,Septiembre,9.72,0.8,3.2,10.2,2026-04-22T13:56:08.618983+00:00
Cataluña,09,8,2015,Agosto,9.72,1.3,2.1,9.8,2026-04-22T13:56:08.618983+00:00
Cataluña,09,7,2015,Julio,9.52,1.1,0.2,9.3,2026-04-22T13:56:08.618983+00:00
Cataluña,09,6,2015,Junio,9.42,-0.3,0.1,8.8,2026-04-22T13:56:08.618983+00:00
Cataluña,09,5,2015,Mayo,9.52,-0.5,1.0,9.7,2026-04-22T13:56:08.618983+00:00
Cataluña,09,4,2015,Abril,9.52,1.0,2.5,10.5,2026-04-22T13:56:08.618983+00:00
Cataluña,09,3,2015,Marzo,9.42,0.6,2.9,9.0,2026-04-22T13:56:08.618983+00:00
Cataluña,09,2,2015,Febrero,9.42,0.9,3.6,8.5,2026-04-22T13:56:08.618983+00:00
Cataluña,09,1,2015,Enero,9.32,1.3,4.0,8.4,2026-04-22T13:56:08.618983+00:00
Cataluña,09,12,2014,Diciembre,9.12,1.3,3.6,6.5,2026-04-22T13:56:08.618983+00:00
Cataluña,09,11,2014,Noviembre,9.02,1.3,2.7,4.9,2026-04-22T13:56:08.618983+00:00
Cataluña,09,10,2014,Octubre,8.92,0.9,2.2,3.2,2026-04-22T13:56:08.618983+00:00
Cataluña,09,9,2014,Septiembre,8.82,0.5,2.0,1.7,2026-04-22T13:56:08.618983+00:00
Cataluña,09,8,2014,Agosto,8.82,0.8,2.0,1.1,2026-04-22T13:56:08.618983+00:00
Cataluña,09,7,2014,Julio,8.72,0.7,1.3,0.3,2026-04-22T13:56:08.618983+00:00
Cataluña,09,6,2014,Junio,8.72,0.5,0.3,-0.7,2026-04-22T13:56:08.618983+00:00
Cataluña,09,5,2014,Mayo,8.62,0.2,0.0,-1.7,2026-04-22T13:56:08.618983+00:00
Cataluña,09,4,2014,Abril,8.62,-0.3,0.6,-2.4,2026-04-22T13:56:08.618983+00:00
Cataluña,09,3,2014,Marzo,8.62,0.1,0.4,-3.3,2026-04-22T13:56:08.618983+00:00
Cataluña,09,2,2014,Febrero,8.62,0.8,0.1,-4.5,2026-04-22T13:56:08.618983+00:00
Cataluña,09,1,2014,Enero,8.52,-0.5,-1.0,-5.3,2026-04-22T13:56:08.618983+00:00
Cataluña,09,12,2013,Diciembre,8.62,-0.2,-1.0,-5.7,2026-04-22T13:56:08.618983+00:00
Cataluña,09,11,2013,Noviembre,8.62,-0.3,-1.0,-6.3,2026-04-22T13:56:08.618983+00:00
Cataluña,09,10,2013,Octubre,8.62,-0.5,-0.6,-7.0,2026-04-22T13:56:08.618983+00:00
Cataluña,09,9,2013,Septiembre,8.72,-0.1,-0.4,-7.2,2026-04-22T13:56:08.618983+00:00
Cataluña,09,8,2013,Agosto,8.72,0.0,-0.8,-7.7,2026-04-22T13:56:08.618983+00:00
Cataluña,09,7,2013,Julio,8.72,-0.3,-1.4,-7.9,2026-04-22T13:56:08.618983+00:00
Cataluña,09,6,2013,Junio,8.72,-0.5,-2.2,-7.2,2026-04-22T13:56:08.618983+00:00
Cataluña,09,5,2013,Mayo,8.82,-0.6,-2.8,-7.3,2026-04-22T13:56:08.618983+00:00
Cataluña,09,4,2013,Abril,8.82,-1.2,-2.4,-7.4,2026-04-22T13:56:08.618983+00:00
Cataluña,09,3,2013,Marzo,8.92,-1.1,-2.1,-7.4,2026-04-22T13:56:08.618983+00:00
Cataluña,09,2,2013,Febrero,9.02,-0.1,-1.8,-7.1,2026-04-22T13:56:08.618983+00:00
Cataluña,09,1,2013,Enero,9.02,-0.9,-2.7,-6.8,2026-04-22T13:56:08.618983+00:00
Cataluña,09,12,2012,Diciembre,9.12,-0.8,-2.6,-6.1,2026-04-22T13:56:08.618983+00:00
Cataluña,09,11,2012,Noviembre,9.22,-1.0,-2.4,-5.4,2026-04-22T13:56:08.618983+00:00
Cataluña,09,10,2012,Octubre,9.32,-0.7,-1.6,-4.7,2026-04-22T13:56:08.618983+00:00
Cataluña,09,9,2012,Septiembre,9.42,-0.7,-0.5,-3.3,2026-04-22T13:56:08.618983+00:00
Cataluña,09,8,2012,Agosto,9.42,-0.2,-0.4,-3.9,2026-04-22T13:56:08.618983+00:00
Cataluña,09,7,2012,Julio,9.42,0.4,-0.9,-4.0,2026-04-22T13:56:08.618983+00:00
Cataluña,09,6,2012,Junio,9.42,-0.6,-2.4,-4.0,2026-04-22T13:56:08.618983+00:00
Cataluña,09,5,2012,Mayo,9.52,-0.7,-2.7,-3.7,2026-04-22T13:56:08.618983+00:00
Cataluña,09,4,2012,Abril,9.52,-1.1,-1.7,-3.3,2026-04-22T13:56:08.618983+00:00
Cataluña,09,3,2012,Marzo,9.62,-0.8,-0.7,-2.8,2026-04-22T13:56:08.618983+00:00
Cataluña,09,2,2012,Febrero,9.72,0.2,0.0,-1.2,2026-04-22T13:56:08.618983+00:00
Cataluña,09,1,2012,Enero,9.72,-0.1,-0.5,-1.6,2026-04-22T13:56:08.618983+00:00
Cataluña,09,12,2011,Diciembre,9.72,-0.1,0.3,-1.4,2026-04-22T13:56:08.618983+00:00
Cataluña,09,11,2011,Noviembre,9.72,-0.3,-0.9,-0.5,2026-04-22T13:56:08.618983+00:00
Cataluña,09,10,2011,Octubre,9.72,0.7,-0.9,0.3,2026-04-22T13:56:08.618983+00:00
Cataluña,09,9,2011,Septiembre,9.72,-1.3,-1.2,-0.3,2026-04-22T13:56:08.618983+00:00
Cataluña,09,8,2011,Agosto,9.82,-0.3,-0.2,1.4,2026-04-22T13:56:08.618983+00:00
Cataluña,09,7,2011,Julio,9.82,0.3,-0.3,-1.0,2026-04-22T13:56:08.618983+00:00
Cataluña,09,6,2011,Junio,9.82,-0.3,-1.2,-0.1,2026-04-22T13:56:08.618983+00:00
Cataluña,09,5,2011,Mayo,9.82,-0.3,-0.1,0.7,2026-04-22T13:56:08.618983+00:00
Cataluña,09,4,2011,Abril,9.92,-0.6,0.0,1.7,2026-04-22T13:56:08.618983+00:00
Cataluña,09,3,2011,Marzo,9.92,0.8,0.7,2.3,2026-04-22T13:56:08.618983+00:00
Cataluña,09,2,2011,Febrero,9.82,-0.2,0.7,2.0,2026-04-22T13:56:08.618983+00:00
Cataluña,09,1,2011,Enero,9.82,0.1,1.4,2.9,2026-04-22T13:56:08.618983+00:00
Cataluña,09,12,2010,Diciembre,9.82,0.8,1.4,3.1,2026-04-22T13:56:08.618983+00:00
Cataluña,09,11,2010,Noviembre,9.82,0.5,1.0,1.3,2026-04-22T13:56:08.618983+00:00
Cataluña,09,10,2010,Octubre,9.72,0.1,-2.2,1.0,2026-04-22T13:56:08.618983+00:00
Cataluña,09,9,2010,Septiembre,9.72,0.4,-1.1,0.0,2026-04-22T13:56:08.618983+00:00
Cataluña,09,8,2010,Agosto,9.72,-2.6,-1.0,-1.9,2026-04-22T13:56:08.618983+00:00
Cataluña,09,7,2010,Julio,9.92,1.2,2.5,1.4,2026-04-22T13:56:08.618983+00:00
Cataluña,09,6,2010,Junio,9.82,0.5,1.2,1.0,2026-04-22T13:56:08.618983+00:00
Cataluña,09,5,2010,Mayo,9.82,0.8,1.3,-1.7,2026-04-22T13:56:08.618983+00:00
Cataluña,09,4,2010,Abril,9.72,0.0,1.2,-2.2,2026-04-22T13:56:08.618983+00:00
Cataluña,09,3,2010,Marzo,9.72,0.5,1.4,-0.1,2026-04-22T13:56:08.618983+00:00
Cataluña,09,2,2010,Febrero,9.62,0.7,0.0,-2.2,2026-04-22T13:56:08.618983+00:00
Cataluña,09,1,2010,Enero,9.62,0.2,-0.4,-4.8,2026-04-22T13:56:08.618983+00:00
Cataluña,09,12,2009,Diciembre,9.52,-0.9,-1.6,-5.4,2026-04-22T13:56:08.618983+00:00
Cataluña,09,11,2009,Noviembre,9.62,0.3,-2.1,-5.6,2026-04-22T13:56:08.618983+00:00
Cataluña,09,10,2009,Octubre,9.62,-1.0,-1.8,-4.7,2026-04-22T13:56:08.618983+00:00
Cataluña,09,9,2009,Septiembre,9.72,-1.5,-0.1,-3.1,2026-04-22T13:56:08.618983+00:00
Cataluña,09,8,2009,Agosto,9.82,0.6,-0.8,-4.6,2026-04-22T13:56:08.618983+00:00
Cataluña,09,7,2009,Julio,9.82,0.8,-1.2,-9.1,2026-04-22T13:56:08.618983+00:00
Cataluña,09,6,2009,Junio,9.72,-2.2,0.1,-10.9,2026-04-22T13:56:08.618983+00:00
Cataluña,09,5,2009,Mayo,9.92,0.3,0.7,-8.6,2026-04-22T13:56:08.618983+00:00
Cataluña,09,4,2009,Abril,9.92,2.1,-1.4,-8.9,2026-04-22T13:56:08.618983+00:00
Cataluña,09,3,2009,Marzo,9.72,-1.6,-3.9,-13.2,2026-04-22T13:56:08.618983+00:00
Cataluña,09,2,2009,Febrero,9.92,-1.9,-3.5,-12.6,2026-04-22T13:56:08.618983+00:00
Cataluña,09,1,2009,Enero,10.12,-0.5,-0.3,-4.5,2026-04-22T13:56:08.618983+00:00
Cataluña,09,12,2008,Diciembre,10.12,-1.1,0.8,-2.0,2026-04-22T13:56:08.618983+00:00
Cataluña,09,11,2008,Noviembre,10.22,1.3,-1.0,-9.4,2026-04-22T13:56:08.618983+00:00
Cataluña,09,10,2008,Octubre,10.12,0.7,-6.4,-11.7,2026-04-22T13:56:08.618983+00:00
Cataluña,09,9,2008,Septiembre,10.02,-3.0,-8.1,-12.6,2026-04-22T13:56:08.618983+00:00
Cataluña,09,8,2008,Agosto,10.32,-4.2,-5.1,-11.5,2026-04-22T13:56:08.618983+00:00
Cataluña,09,7,2008,Julio,10.82,-1.2,-0.9,-0.8,2026-04-22T13:56:08.618983+00:00
Cataluña,09,6,2008,Junio,10.92,0.2,-2.5,2.7,2026-04-22T13:56:08.618983+00:00
Cataluña,09,5,2008,Mayo,10.92,0.0,-3.6,-2.4,2026-04-22T13:56:08.618983+00:00
Cataluña,09,4,2008,Abril,10.92,-2.7,3.3,-7.4,2026-04-22T13:56:08.618983+00:00
Cataluña,09,3,2008,Marzo,11.22,-1.0,8.4,-7.4,2026-04-22T13:56:08.618983+00:00
Cataluña,09,2,2008,Febrero,11.32,7.2,0.1,1.7,2026-04-22T13:56:08.618983+00:00
Cataluña,09,1,2008,Enero,10.52,2.1,-7.9,-2.3,2026-04-22T13:56:08.618983+00:00
Cataluña,09,12,2007,Diciembre,10.32,-8.6,-10.0,-3.2,2026-04-22T13:56:08.618983+00:00
Cataluña,09,11,2007,Noviembre,11.32,-1.3,-3.3,2.6,2026-04-22T13:56:08.618983+00:00
Cataluña,09,10,2007,Octubre,11.42,-0.3,5.2,0.9,2026-04-22T13:56:08.618983+00:00
Cataluña,09,9,2007,Septiembre,11.52,-1.8,7.9,-0.5,2026-04-22T13:56:08.618983+00:00
Cataluña,09,8,2007,Agosto,11.72,7.4,4.7,-3.4,2026-04-22T13:56:08.618983+00:00
Cataluña,09,7,2007,Julio,10.92,2.3,-7.6,-9.1,2026-04-22T13:56:08.618983+00:00
Cataluña,09,6,2007,Junio,10.62,-4.8,-12.1,-11.3,2026-04-22T13:56:08.618983+00:00
Cataluña,09,5,2007,Mayo,11.12,-5.2,0.5,,2026-04-22T13:56:08.618983+00:00
Cataluña,09,4,2007,Abril,11.72,-2.7,9.1,,2026-04-22T13:56:08.618983+00:00
Cataluña,09,3,2007,Marzo,12.12,8.9,13.4,,2026-04-22T13:56:08.618983+00:00
Cataluña,09,2,2007,Febrero,11.12,3.0,0.9,,2026-04-22T13:56:08.618983+00:00
Cataluña,09,1,2007,Enero,10.82,1.1,-4.9,,2026-04-22T13:56:08.618983+00:00
Cataluña,09,12,2006,Diciembre,10.62,-3.1,-7.5,,2026-04-22T13:56:08.618983+00:00
Cataluña,09,11,2006,Noviembre,11.02,-2.9,-9.0,,2026-04-22T13:56:08.618983+00:00
Cataluña,09,10,2006,Octubre,11.32,-1.7,-5.3,,2026-04-22T13:56:08.618983+00:00
Cataluña,09,9,2006,Septiembre,11.52,-4.6,-3.7,,2026-04-22T13:56:08.618983+00:00
Cataluña,09,8,2006,Agosto,12.12,1.0,,,2026-04-22T13:56:08.618983+00:00
Cataluña,09,7,2006,Julio,11.92,-0.1,,,2026-04-22T13:56:08.618983+00:00
Cataluña,09,6,2006,Junio,12.02,,,,2026-04-22T13:56:08.618983+00:00
Cataluña,09,5,2006,Mayo,,,,,2026-04-22T13:56:08.618983+00:00
Cataluña,09,4,2006,Abril,,,,,2026-04-22T13:56:08.618983+00:00
Cataluña,09,3,2006,Marzo,,,,,2026-04-22T13:56:08.618983+00:00
Cataluña,09,2,2006,Febrero,,,,,2026-04-22T13:56:08.618983+00:00
Cataluña,09,1,2006,Enero,,,,,2026-04-22T13:56:08.618983+00:00
Aragón,02,3,2026,Marzo,10.72,1.0,2.6,8.1,2026-04-22T13:57:37.969448+00:00
Aragón,02,2,2026,Febrero,10.52,0.0,3.6,7.9,2026-04-22T13:57:37.969448+00:00
Aragón,02,1,2026,Enero,10.52,1.7,4.7,10.5,2026-04-22T13:57:37.969448+00:00
Aragón,02,12,2025,Diciembre,10.42,1.9,3.7,9.9,2026-04-22T13:57:37.969448+00:00
Aragón,02,11,2025,Noviembre,10.22,1.0,0.0,8.5,2026-04-22T13:57:37.969448+00:00
Aragón,02,10,2025,Octubre,10.12,0.8,-0.4,8.5,2026-04-22T13:57:37.969448+00:00
Aragón,02,9,2025,Septiembre,10.02,-1.7,-0.4,8.1,2026-04-22T13:57:37.969448+00:00
Aragón,02,8,2025,Agosto,10.22,0.6,1.1,9.5,2026-04-22T13:57:37.969448+00:00
Aragón,02,7,2025,Julio,10.12,0.8,2.0,8.9,2026-04-22T13:57:37.969448+00:00
Aragón,02,6,2025,Junio,10.02,-0.2,1.9,9.3,2026-04-22T13:57:37.969448+00:00
Aragón,02,5,2025,Mayo,10.12,1.4,2.9,10.9,2026-04-22T13:57:37.969448+00:00
Aragón,02,4,2025,Abril,9.92,0.7,3.9,11.8,2026-04-22T13:57:37.969448+00:00
Aragón,02,3,2025,Marzo,9.92,0.7,4.3,11.8,2026-04-22T13:57:37.969448+00:00
Aragón,02,2,2025,Febrero,9.82,2.4,4.3,12.5,2026-04-22T13:57:37.969448+00:00
Aragón,02,1,2025,Enero,9.52,1.1,2.8,9.5,2026-04-22T13:57:37.969448+00:00
Aragón,02,12,2024,Diciembre,9.42,0.7,2.1,8.6,2026-04-22T13:57:37.969448+00:00
Aragón,02,11,2024,Noviembre,9.42,1.0,0.9,8.9,2026-04-22T13:57:37.969448+00:00
Aragón,02,10,2024,Octubre,9.32,0.4,-0.1,8.9,2026-04-22T13:57:37.969448+00:00
Aragón,02,9,2024,Septiembre,9.32,-0.5,0.7,8.6,2026-04-22T13:57:37.969448+00:00
Aragón,02,8,2024,Agosto,9.32,0.0,2.5,8.8,2026-04-22T13:57:37.969448+00:00
Aragón,02,7,2024,Julio,9.32,1.2,4.7,8.8,2026-04-22T13:57:37.969448+00:00
Aragón,02,6,2024,Junio,9.22,1.3,4.3,7.9,2026-04-22T13:57:37.969448+00:00
Aragón,02,5,2024,Mayo,9.12,2.2,4.3,8.2,2026-04-22T13:57:37.969448+00:00
Aragón,02,4,2024,Abril,8.92,0.7,1.8,6.5,2026-04-22T13:57:37.969448+00:00
Aragón,02,3,2024,Marzo,8.82,1.3,1.3,5.4,2026-04-22T13:57:37.969448+00:00
Aragón,02,2,2024,Febrero,8.72,-0.2,1.0,4.9,2026-04-22T13:57:37.969448+00:00
Aragón,02,1,2024,Enero,8.72,0.2,2.2,6.0,2026-04-22T13:57:37.969448+00:00
Aragón,02,12,2023,Diciembre,8.72,1.0,2.1,5.7,2026-04-22T13:57:37.969448+00:00
Aragón,02,11,2023,Noviembre,8.62,1.0,0.7,4.5,2026-04-22T13:57:37.969448+00:00
Aragón,02,10,2023,Octubre,8.52,0.1,-0.2,4.1,2026-04-22T13:57:37.969448+00:00
Aragón,02,9,2023,Septiembre,8.52,-0.3,0.1,3.6,2026-04-22T13:57:37.969448+00:00
Aragón,02,8,2023,Agosto,8.52,0.0,1.9,3.8,2026-04-22T13:57:37.969448+00:00
Aragón,02,7,2023,Julio,8.52,0.4,2.5,3.7,2026-04-22T13:57:37.969448+00:00
Aragón,02,6,2023,Junio,8.52,1.5,1.8,4.2,2026-04-22T13:57:37.969448+00:00
Aragón,02,5,2023,Mayo,8.42,0.7,1.2,3.6,2026-04-22T13:57:37.969448+00:00
Aragón,02,4,2023,Abril,8.32,-0.3,1.3,4.2,2026-04-22T13:57:37.969448+00:00
Aragón,02,3,2023,Marzo,8.42,0.9,1.7,4.6,2026-04-22T13:57:37.969448+00:00
Aragón,02,2,2023,Febrero,8.32,0.8,0.6,4.3,2026-04-22T13:57:37.969448+00:00
Aragón,02,1,2023,Enero,8.22,0.0,0.4,4.5,2026-04-22T13:57:37.969448+00:00
Aragón,02,12,2022,Diciembre,8.22,-0.2,0.0,4.4,2026-04-22T13:57:37.969448+00:00
Aragón,02,11,2022,Noviembre,8.22,0.6,0.1,4.5,2026-04-22T13:57:37.969448+00:00
Aragón,02,10,2022,Octubre,8.22,-0.4,-0.5,4.7,2026-04-22T13:57:37.969448+00:00
Aragón,02,9,2022,Septiembre,8.22,-0.1,0.7,4.9,2026-04-22T13:57:37.969448+00:00
Aragón,02,8,2022,Agosto,8.22,-0.1,1.6,4.4,2026-04-22T13:57:37.969448+00:00
Aragón,02,7,2022,Julio,8.22,0.8,3.0,4.4,2026-04-22T13:57:37.969448+00:00
Aragón,02,6,2022,Junio,8.22,0.9,2.2,3.5,2026-04-22T13:57:37.969448+00:00
Aragón,02,5,2022,Mayo,8.12,1.3,2.0,2.4,2026-04-22T13:57:37.969448+00:00
Aragón,02,4,2022,Abril,8.02,0.1,1.6,0.7,2026-04-22T13:57:37.969448+00:00
Aragón,02,3,2022,Marzo,8.02,0.6,1.4,1.5,2026-04-22T13:57:37.969448+00:00
Aragón,02,2,2022,Febrero,7.92,0.9,0.7,1.4,2026-04-22T13:57:37.969448+00:00
Aragón,02,1,2022,Enero,7.92,-0.1,0.6,0.8,2026-04-22T13:57:37.969448+00:00
Aragón,02,12,2021,Diciembre,7.92,-0.1,0.6,0.6,2026-04-22T13:57:37.969448+00:00
Aragón,02,11,2021,Noviembre,7.92,0.8,0.0,1.9,2026-04-22T13:57:37.969448+00:00
Aragón,02,10,2021,Octubre,7.82,-0.1,-0.8,0.8,2026-04-22T13:57:37.969448+00:00
Aragón,02,9,2021,Septiembre,7.82,-0.6,-0.7,0.6,2026-04-22T13:57:37.969448+00:00
Aragón,02,8,2021,Agosto,7.92,-0.1,-0.2,0.8,2026-04-22T13:57:37.969448+00:00
Aragón,02,7,2021,Julio,7.92,0.0,-0.6,0.9,2026-04-22T13:57:37.969448+00:00
Aragón,02,6,2021,Junio,7.92,-0.2,0.3,1.2,2026-04-22T13:57:37.969448+00:00
Aragón,02,5,2021,Mayo,7.92,-0.5,1.0,3.0,2026-04-22T13:57:37.969448+00:00
Aragón,02,4,2021,Abril,7.92,1.0,1.7,3.7,2026-04-22T13:57:37.969448+00:00
Aragón,02,3,2021,Marzo,7.92,0.5,0.4,2.5,2026-04-22T13:57:37.969448+00:00
Aragón,02,2,2021,Febrero,7.82,0.3,1.1,2.6,2026-04-22T13:57:37.969448+00:00
Aragón,02,1,2021,Enero,7.82,-0.3,0.6,2.3,2026-04-22T13:57:37.969448+00:00
Aragón,02,12,2020,Diciembre,7.82,1.2,0.6,1.7,2026-04-22T13:57:37.969448+00:00
Aragón,02,11,2020,Noviembre,7.72,-0.3,-1.1,0.7,2026-04-22T13:57:37.969448+00:00
Aragón,02,10,2020,Octubre,7.82,-0.3,-0.8,2.4,2026-04-22T13:57:37.969448+00:00
Aragón,02,9,2020,Septiembre,7.82,-0.5,-0.2,3.3,2026-04-22T13:57:37.969448+00:00
Aragón,02,8,2020,Agosto,7.82,0.0,1.9,3.6,2026-04-22T13:57:37.969448+00:00
Aragón,02,7,2020,Julio,7.82,0.3,2.1,4.5,2026-04-22T13:57:37.969448+00:00
Aragón,02,6,2020,Junio,7.82,1.6,1.6,4.8,2026-04-22T13:57:37.969448+00:00
Aragón,02,5,2020,Mayo,7.72,0.2,0.6,5.3,2026-04-22T13:57:37.969448+00:00
Aragón,02,4,2020,Abril,7.72,-0.2,0.4,5.3,2026-04-22T13:57:37.969448+00:00
Aragón,02,3,2020,Marzo,7.72,0.6,-0.4,6.9,2026-04-22T13:57:37.969448+00:00
Aragón,02,2,2020,Febrero,7.62,0.0,-0.7,7.3,2026-04-22T13:57:37.969448+00:00
Aragón,02,1,2020,Enero,7.62,-1.0,0.7,7.2,2026-04-22T13:57:37.969448+00:00
Aragón,02,12,2019,Diciembre,7.72,0.2,2.2,7.5,2026-04-22T13:57:37.969448+00:00
Aragón,02,11,2019,Noviembre,7.72,1.4,1.8,8.1,2026-04-22T13:57:37.969448+00:00
Aragón,02,10,2019,Octubre,7.62,0.6,1.2,6.9,2026-04-22T13:57:37.969448+00:00
Aragón,02,9,2019,Septiembre,7.52,-0.2,1.3,6.3,2026-04-22T13:57:37.969448+00:00
Aragón,02,8,2019,Agosto,7.62,0.8,3.5,6.0,2026-04-22T13:57:37.969448+00:00
Aragón,02,7,2019,Julio,7.52,0.7,2.9,3.8,2026-04-22T13:57:37.969448+00:00
Aragón,02,6,2019,Junio,7.42,2.0,3.6,4.8,2026-04-22T13:57:37.969448+00:00
Aragón,02,5,2019,Mayo,7.32,0.2,2.5,3.7,2026-04-22T13:57:37.969448+00:00
Aragón,02,4,2019,Abril,7.32,1.4,2.2,4.8,2026-04-22T13:57:37.969448+00:00
Aragón,02,3,2019,Marzo,7.22,0.9,0.2,4.6,2026-04-22T13:57:37.969448+00:00
Aragón,02,2,2019,Febrero,7.12,-0.1,0.0,4.3,2026-04-22T13:57:37.969448+00:00
Aragón,02,1,2019,Enero,7.12,-0.6,0.5,4.4,2026-04-22T13:57:37.969448+00:00
Aragón,02,12,2018,Diciembre,7.22,0.8,1.1,5.8,2026-04-22T13:57:37.969448+00:00
Aragón,02,11,2018,Noviembre,7.12,0.3,-0.2,6.1,2026-04-22T13:57:37.969448+00:00
Aragón,02,10,2018,Octubre,7.12,0.0,-1.7,6.0,2026-04-22T13:57:37.969448+00:00
Aragón,02,9,2018,Septiembre,7.12,-0.5,-0.1,6.3,2026-04-22T13:57:37.969448+00:00
Aragón,02,8,2018,Agosto,7.12,-1.2,1.3,7.0,2026-04-22T13:57:37.969448+00:00
Aragón,02,7,2018,Julio,7.22,1.6,3.9,9.2,2026-04-22T13:57:37.969448+00:00
Aragón,02,6,2018,Junio,7.12,1.0,3.5,8.8,2026-04-22T13:57:37.969448+00:00
Aragón,02,5,2018,Mayo,7.02,1.3,3.1,9.1,2026-04-22T13:57:37.969448+00:00
Aragón,02,4,2018,Abril,6.92,1.2,1.8,9.0,2026-04-22T13:57:37.969448+00:00
Aragón,02,3,2018,Marzo,6.92,0.7,1.3,8.0,2026-04-22T13:57:37.969448+00:00
Aragón,02,2,2018,Febrero,6.82,0.0,1.8,6.8,2026-04-22T13:57:37.969448+00:00
Aragón,02,1,2018,Enero,6.82,0.7,2.0,6.6,2026-04-22T13:57:37.969448+00:00
Aragón,02,12,2017,Diciembre,6.82,1.1,1.5,6.5,2026-04-22T13:57:37.969448+00:00
Aragón,02,11,2017,Noviembre,6.72,0.2,0.6,5.0,2026-04-22T13:57:37.969448+00:00
Aragón,02,10,2017,Octubre,6.72,0.2,1.3,4.8,2026-04-22T13:57:37.969448+00:00
Aragón,02,9,2017,Septiembre,6.72,0.2,2.2,5.1,2026-04-22T13:57:37.969448+00:00
Aragón,02,8,2017,Agosto,6.72,0.8,3.4,5.5,2026-04-22T13:57:37.969448+00:00
Aragón,02,7,2017,Julio,6.62,1.2,3.7,5.3,2026-04-22T13:57:37.969448+00:00
Aragón,02,6,2017,Junio,6.52,1.3,2.7,5.1,2026-04-22T13:57:37.969448+00:00
Aragón,02,5,2017,Mayo,6.42,1.2,0.9,4.5,2026-04-22T13:57:37.969448+00:00
Aragón,02,4,2017,Abril,6.42,0.2,-0.4,3.7,2026-04-22T13:57:37.969448+00:00
Aragón,02,3,2017,Marzo,6.42,-0.5,-0.1,3.7,2026-04-22T13:57:37.969448+00:00
Aragón,02,2,2017,Febrero,6.42,-0.2,0.1,4.2,2026-04-22T13:57:37.969448+00:00
Aragón,02,1,2017,Enero,6.42,0.6,0.2,4.7,2026-04-22T13:57:37.969448+00:00
Aragón,02,12,2016,Diciembre,6.42,-0.3,0.2,4.5,2026-04-22T13:57:37.969448+00:00
Aragón,02,11,2016,Noviembre,6.42,-0.1,1.1,6.8,2026-04-22T13:57:37.969448+00:00
Aragón,02,10,2016,Octubre,6.42,0.6,1.7,6.6,2026-04-22T13:57:37.969448+00:00
Aragón,02,9,2016,Septiembre,6.32,0.5,2.2,6.2,2026-04-22T13:57:37.969448+00:00
Aragón,02,8,2016,Agosto,6.32,0.6,2.4,4.9,2026-04-22T13:57:37.969448+00:00
Aragón,02,7,2016,Julio,6.32,1.0,2.2,5.1,2026-04-22T13:57:37.969448+00:00
Aragón,02,6,2016,Junio,6.22,0.8,1.3,5.8,2026-04-22T13:57:37.969448+00:00
Aragón,02,5,2016,Mayo,6.22,0.4,0.6,4.7,2026-04-22T13:57:37.969448+00:00
Aragón,02,4,2016,Abril,6.12,0.2,0.5,4.3,2026-04-22T13:57:37.969448+00:00
Aragón,02,3,2016,Marzo,6.12,0.0,0.7,4.4,2026-04-22T13:57:37.969448+00:00
Aragón,02,2,2016,Febrero,6.12,0.3,2.6,4.0,2026-04-22T13:57:37.969448+00:00
Aragón,02,1,2016,Enero,6.12,0.4,2.0,3.7,2026-04-22T13:57:37.969448+00:00
Aragón,02,12,2015,Diciembre,6.12,1.9,1.8,4.4,2026-04-22T13:57:37.969448+00:00
Aragón,02,11,2015,Noviembre,6.02,-0.3,-0.7,2.2,2026-04-22T13:57:37.969448+00:00
Aragón,02,10,2015,Octubre,6.02,0.2,0.3,2.9,2026-04-22T13:57:37.969448+00:00
Aragón,02,9,2015,Septiembre,6.02,-0.7,1.8,2.6,2026-04-22T13:57:37.969448+00:00
Aragón,02,8,2015,Agosto,6.02,0.8,2.2,3.1,2026-04-22T13:57:37.969448+00:00
Aragón,02,7,2015,Julio,6.02,1.8,1.4,2.4,2026-04-22T13:57:37.969448+00:00
Aragón,02,6,2015,Junio,5.92,-0.3,-0.1,0.7,2026-04-22T13:57:37.969448+00:00
Aragón,02,5,2015,Mayo,5.92,0.0,-0.1,1.0,2026-04-22T13:57:37.969448+00:00
Aragón,02,4,2015,Abril,5.92,0.2,-0.1,0.3,2026-04-22T13:57:37.969448+00:00
Aragón,02,3,2015,Marzo,5.92,-0.4,0.7,-0.7,2026-04-22T13:57:37.969448+00:00
Aragón,02,2,2015,Febrero,5.92,0.0,0.8,-0.8,2026-04-22T13:57:37.969448+00:00
Aragón,02,1,2015,Enero,5.92,1.1,1.2,-1.1,2026-04-22T13:57:37.969448+00:00
Aragón,02,12,2014,Diciembre,5.82,-0.2,0.1,-3.0,2026-04-22T13:57:37.969448+00:00
Aragón,02,11,2014,Noviembre,5.82,0.4,0.1,-3.6,2026-04-22T13:57:37.969448+00:00
Aragón,02,10,2014,Octubre,5.82,0.0,-0.1,-4.4,2026-04-22T13:57:37.969448+00:00
Aragón,02,9,2014,Septiembre,5.82,-0.3,-0.1,-4.7,2026-04-22T13:57:37.969448+00:00
Aragón,02,8,2014,Agosto,5.82,0.1,0.2,-4.5,2026-04-22T13:57:37.969448+00:00
Aragón,02,7,2014,Julio,5.82,0.0,-0.7,-4.7,2026-04-22T13:57:37.969448+00:00
Aragón,02,6,2014,Junio,5.82,0.1,-1.4,-4.4,2026-04-22T13:57:37.969448+00:00
Aragón,02,5,2014,Mayo,5.82,-0.7,-1.9,-4.0,2026-04-22T13:57:37.969448+00:00
Aragón,02,4,2014,Abril,5.92,-0.7,-1.4,-4.4,2026-04-22T13:57:37.969448+00:00
Aragón,02,3,2014,Marzo,5.92,-0.4,-1.6,-4.1,2026-04-22T13:57:37.969448+00:00
Aragón,02,2,2014,Febrero,5.92,-0.3,-2.0,-5.2,2026-04-22T13:57:37.969448+00:00
Aragón,02,1,2014,Enero,6.02,-0.9,-2.2,-5.5,2026-04-22T13:57:37.969448+00:00
Aragón,02,12,2013,Diciembre,6.02,-0.8,-1.7,-4.8,2026-04-22T13:57:37.969448+00:00
Aragón,02,11,2013,Noviembre,6.12,-0.5,-0.9,-4.6,2026-04-22T13:57:37.969448+00:00
Aragón,02,10,2013,Octubre,6.12,-0.4,-0.5,-5.4,2026-04-22T13:57:37.969448+00:00
Aragón,02,9,2013,Septiembre,6.12,0.0,0.2,-6.3,2026-04-22T13:57:37.969448+00:00
Aragón,02,8,2013,Agosto,6.12,-0.1,0.7,-6.4,2026-04-22T13:57:37.969448+00:00
Aragón,02,7,2013,Julio,6.12,0.3,-0.3,-6.7,2026-04-22T13:57:37.969448+00:00
Aragón,02,6,2013,Junio,6.12,0.5,-1.1,-7.7,2026-04-22T13:57:37.969448+00:00
Aragón,02,5,2013,Mayo,6.12,-1.1,-3.1,-10.3,2026-04-22T13:57:37.969448+00:00
Aragón,02,4,2013,Abril,6.12,-0.5,-2.6,-10.0,2026-04-22T13:57:37.969448+00:00
Aragón,02,3,2013,Marzo,6.22,-1.5,-2.3,-10.0,2026-04-22T13:57:37.969448+00:00
Aragón,02,2,2013,Febrero,6.32,-0.5,-1.4,-9.9,2026-04-22T13:57:37.969448+00:00
Aragón,02,1,2013,Enero,6.32,-0.2,-2.2,-10.2,2026-04-22T13:57:37.969448+00:00
Aragón,02,12,2012,Diciembre,6.32,-0.7,-3.2,-9.6,2026-04-22T13:57:37.969448+00:00
Aragón,02,11,2012,Noviembre,6.42,-1.3,-2.7,-9.5,2026-04-22T13:57:37.969448+00:00
Aragón,02,10,2012,Octubre,6.42,-1.2,-1.8,-8.4,2026-04-22T13:57:37.969448+00:00
Aragón,02,9,2012,Septiembre,6.52,-0.2,-1.4,-7.4,2026-04-22T13:57:37.969448+00:00
Aragón,02,8,2012,Agosto,6.52,-0.4,-3.5,-7.2,2026-04-22T13:57:37.969448+00:00
Aragón,02,7,2012,Julio,6.62,-0.8,-3.8,-6.3,2026-04-22T13:57:37.969448+00:00
Aragón,02,6,2012,Junio,6.62,-2.3,-3.5,-4.5,2026-04-22T13:57:37.969448+00:00
Aragón,02,5,2012,Mayo,6.82,-0.7,-2.7,-2.2,2026-04-22T13:57:37.969448+00:00
Aragón,02,4,2012,Abril,6.82,-0.5,-2.8,-0.9,2026-04-22T13:57:37.969448+00:00
Aragón,02,3,2012,Marzo,6.92,-1.4,-1.9,0.1,2026-04-22T13:57:37.969448+00:00
Aragón,02,2,2012,Febrero,7.02,-0.9,-1.0,2.1,2026-04-22T13:57:37.969448+00:00
Aragón,02,1,2012,Enero,7.02,0.4,-0.3,2.1,2026-04-22T13:57:37.969448+00:00
Aragón,02,12,2011,Diciembre,7.02,-0.5,-0.8,3.6,2026-04-22T13:57:37.969448+00:00
Aragón,02,11,2011,Noviembre,7.02,-0.2,-0.2,3.2,2026-04-22T13:57:37.969448+00:00
Aragón,02,10,2011,Octubre,7.02,-0.1,0.5,2.8,2026-04-22T13:57:37.969448+00:00
Aragón,02,9,2011,Septiembre,7.02,0.0,1.7,3.9,2026-04-22T13:57:37.969448+00:00
Aragón,02,8,2011,Agosto,7.02,0.5,1.7,2.4,2026-04-22T13:57:37.969448+00:00
Aragón,02,7,2011,Julio,7.02,1.2,1.8,0.1,2026-04-22T13:57:37.969448+00:00
Aragón,02,6,2011,Junio,6.92,0.0,1.1,-1.2,2026-04-22T13:57:37.969448+00:00
Aragón,02,5,2011,Mayo,6.92,0.6,1.6,-2.9,2026-04-22T13:57:37.969448+00:00
Aragón,02,4,2011,Abril,6.92,0.5,0.1,-2.3,2026-04-22T13:57:37.969448+00:00
Aragón,02,3,2011,Marzo,6.82,0.5,1.5,-1.0,2026-04-22T13:57:37.969448+00:00
Aragón,02,2,2011,Febrero,6.82,-0.9,0.1,-2.0,2026-04-22T13:57:37.969448+00:00
Aragón,02,1,2011,Enero,6.92,1.9,0.4,0.6,2026-04-22T13:57:37.969448+00:00
Aragón,02,12,2010,Diciembre,6.72,-0.9,-0.5,-2.6,2026-04-22T13:57:37.969448+00:00
Aragón,02,11,2010,Noviembre,6.82,-0.6,-1.0,-4.3,2026-04-22T13:57:37.969448+00:00
Aragón,02,10,2010,Octubre,6.82,0.9,-2.2,-2.0,2026-04-22T13:57:37.969448+00:00
Aragón,02,9,2010,Septiembre,6.82,-1.3,-3.3,-4.0,2026-04-22T13:57:37.969448+00:00
Aragón,02,8,2010,Agosto,6.92,-1.8,-3.7,-3.9,2026-04-22T13:57:37.969448+00:00
Aragón,02,7,2010,Julio,7.02,-0.1,-0.6,-0.6,2026-04-22T13:57:37.969448+00:00
Aragón,02,6,2010,Junio,7.02,-1.7,1.4,-7.1,2026-04-22T13:57:37.969448+00:00
Aragón,02,5,2010,Mayo,7.12,1.3,2.6,-8.1,2026-04-22T13:57:37.969448+00:00
Aragón,02,4,2010,Abril,7.02,1.9,3.0,-7.5,2026-04-22T13:57:37.969448+00:00
Aragón,02,3,2010,Marzo,6.92,-0.5,-0.2,-11.4,2026-04-22T13:57:37.969448+00:00
Aragón,02,2,2010,Febrero,7.02,1.7,-2.3,-8.0,2026-04-22T13:57:37.969448+00:00
Aragón,02,1,2010,Enero,6.82,-1.3,-2.1,-9.0,2026-04-22T13:57:37.969448+00:00
Aragón,02,12,2009,Diciembre,6.92,-2.6,-1.9,-8.9,2026-04-22T13:57:37.969448+00:00
Aragón,02,11,2009,Noviembre,7.12,1.9,-0.5,-6.3,2026-04-22T13:57:37.969448+00:00
Aragón,02,10,2009,Octubre,7.02,-1.1,-0.9,-9.5,2026-04-22T13:57:37.969448+00:00
Aragón,02,9,2009,Septiembre,7.12,-1.2,-6.4,-10.1,2026-04-22T13:57:37.969448+00:00
Aragón,02,8,2009,Agosto,7.22,1.5,-7.9,-8.4,2026-04-22T13:57:37.969448+00:00
Aragón,02,7,2009,Julio,7.02,-6.7,-7.5,-11.0,2026-04-22T13:57:37.969448+00:00
Aragón,02,6,2009,Junio,7.52,-2.8,-3.2,-6.4,2026-04-22T13:57:37.969448+00:00
Aragón,02,5,2009,Mayo,7.82,2.0,2.8,-1.2,2026-04-22T13:57:37.969448+00:00
Aragón,02,4,2009,Abril,7.62,-2.4,1.4,-11.2,2026-04-22T13:57:37.969448+00:00
Aragón,02,3,2009,Marzo,7.82,3.3,2.6,,2026-04-22T13:57:37.969448+00:00
Aragón,02,2,2009,Febrero,7.62,0.6,-0.5,,2026-04-22T13:57:37.969448+00:00
Aragón,02,1,2009,Enero,7.52,-1.2,-2.7,,2026-04-22T13:57:37.969448+00:00
Aragón,02,12,2008,Diciembre,7.62,0.2,-3.2,,2026-04-22T13:57:37.969448+00:00
Aragón,02,11,2008,Noviembre,7.62,-1.6,-2.8,,2026-04-22T13:57:37.969448+00:00
Aragón,02,10,2008,Octubre,7.72,-1.8,-2.5,,2026-04-22T13:57:37.969448+00:00
Aragón,02,9,2008,Septiembre,7.92,0.7,-2.6,,2026-04-22T13:57:37.969448+00:00
Aragón,02,8,2008,Agosto,7.82,-1.4,-0.6,,2026-04-22T13:57:37.969448+00:00
Aragón,02,7,2008,Julio,7.92,-1.9,-7.7,,2026-04-22T13:57:37.969448+00:00
Aragón,02,6,2008,Junio,8.12,2.7,,,2026-04-22T13:57:37.969448+00:00
Aragón,02,5,2008,Mayo,7.92,-8.3,,,2026-04-22T13:57:37.969448+00:00
Aragón,02,4,2008,Abril,8.62,,,,2026-04-22T13:57:37.969448+00:00
Aragón,02,3,2008,Marzo,,,,,2026-04-22T13:57:37.969448+00:00
Aragón,02,2,2008,Febrero,,,,,2026-04-22T13:57:37.969448+00:00
Aragón,02,1,2008,Enero,,,,,2026-04-22T13:57:37.969448+00:00
Aragón,02,12,2007,Diciembre,,,,,2026-04-22T13:57:37.969448+00:00
Aragón,02,11,2007,Noviembre,,,,,2026-04-22T13:57:37.969448+00:00
Aragón,02,10,2007,Octubre,,,,,2026-04-22T13:57:37.969448+00:00
Aragón,02,9,2007,Septiembre,,,,,2026-04-22T13:57:37.969448+00:00
Aragón,02,8,2007,Agosto,,,,,2026-04-22T13:57:37.969448+00:00
Aragón,02,7,2007,Julio,,,,,2026-04-22T13:57:37.969448+00:00
Aragón,02,6,2007,Junio,,,,,2026-04-22T13:57:37.969448+00:00
Aragón,02,5,2007,Mayo,,,,,2026-04-22T13:57:37.969448+00:00
Aragón,02,4,2007,Abril,,,,,2026-04-22T13:57:37.969448+00:00
Aragón,02,3,2007,Marzo,,,,,2026-04-22T13:57:37.969448+00:00
Aragón,02,2,2007,Febrero,,,,,2026-04-22T13:57:37.969448+00:00
Aragón,02,1,2007,Enero,,,,,2026-04-22T13:57:37.969448+00:00
Aragón,02,12,2006,Diciembre,,,,,2026-04-22T13:57:37.969448+00:00
Aragón,02,11,2006,Noviembre,,,,,2026-04-22T13:57:37.969448+00:00
Aragón,02,10,2006,Octubre,,,,,2026-04-22T13:57:37.969448+00:00
Aragón,02,9,2006,Septiembre,,,,,2026-04-22T13:57:37.969448+00:00
Aragón,02,8,2006,Agosto,,,,,2026-04-22T13:57:37.969448+00:00
Aragón,02,7,2006,Julio,,,,,2026-04-22T13:57:37.969448+00:00
Aragón,02,6,2006,Junio,,,,,2026-04-22T13:57:37.969448+00:00
Aragón,02,5,2006,Mayo,,,,,2026-04-22T13:57:37.969448+00:00
Aragón,02,4,2006,Abril,,,,,2026-04-22T13:57:37.969448+00:00
Aragón,02,3,2006,Marzo,,,,,2026-04-22T13:57:37.969448+00:00
Aragón,02,2,2006,Febrero,,,,,2026-04-22T13:57:37.969448+00:00
Aragón,02,1,2006,Enero,,,,,2026-04-22T13:57:37.969448+00:00
Navarra,15,3,2026,Marzo,10.72,-2.0,-3.1,1.7,2026-04-22T14:02:42.591894+00:00
Navarra,15,2,2026,Febrero,10.92,-2.1,2.5,3.3,2026-04-22T14:02:42.591894+00:00
Navarra,15,1,2026,Enero,11.22,1.0,5.7,6.2,2026-04-22T14:02:42.591894+00:00
Navarra,15,12,2025,Diciembre,11.12,3.7,3.1,5.6,2026-04-22T14:02:42.591894+00:00
Navarra,15,11,2025,Noviembre,10.72,1.0,-0.7,4.1,2026-04-22T14:02:42.591894+00:00
Navarra,15,10,2025,Octubre,10.62,-1.5,-0.7,3.0,2026-04-22T14:02:42.591894+00:00
Navarra,15,9,2025,Septiembre,10.72,-0.1,2.2,5.4,2026-04-22T14:02:42.591894+00:00
Navarra,15,8,2025,Agosto,10.82,1.0,2.9,6.1,2026-04-22T14:02:42.591894+00:00
Navarra,15,7,2025,Julio,10.62,1.3,1.6,6.4,2026-04-22T14:02:42.591894+00:00
Navarra,15,6,2025,Junio,10.52,0.6,-0.3,4.8,2026-04-22T14:02:42.591894+00:00
Navarra,15,5,2025,Mayo,10.42,-0.3,-1.3,2.7,2026-04-22T14:02:42.591894+00:00
Navarra,15,4,2025,Abril,10.52,-0.6,-0.4,3.5,2026-04-22T14:02:42.591894+00:00
Navarra,15,3,2025,Marzo,10.52,-0.4,0.6,5.4,2026-04-22T14:02:42.591894+00:00
Navarra,15,2,2025,Febrero,10.62,0.6,3.2,6.9,2026-04-22T14:02:42.591894+00:00
Navarra,15,1,2025,Enero,10.52,0.4,2.5,7.1,2026-04-22T14:02:42.591894+00:00
Navarra,15,12,2024,Diciembre,10.52,2.2,2.8,6.6,2026-04-22T14:02:42.591894+00:00
Navarra,15,11,2024,Noviembre,10.32,-0.1,1.3,5.4,2026-04-22T14:02:42.591894+00:00
Navarra,15,10,2024,Octubre,10.32,0.8,2.7,6.4,2026-04-22T14:02:42.591894+00:00
Navarra,15,9,2024,Septiembre,10.22,0.6,1.7,6.1,2026-04-22T14:02:42.591894+00:00
Navarra,15,8,2024,Agosto,10.12,1.3,-0.4,4.8,2026-04-22T14:02:42.591894+00:00
Navarra,15,7,2024,Julio,10.02,-0.2,-1.2,3.3,2026-04-22T14:02:42.591894+00:00
Navarra,15,6,2024,Junio,10.02,-1.5,0.3,3.5,2026-04-22T14:02:42.591894+00:00
Navarra,15,5,2024,Mayo,10.22,0.4,2.7,6.5,2026-04-22T14:02:42.591894+00:00
Navarra,15,4,2024,Abril,10.12,1.3,3.1,6.4,2026-04-22T14:02:42.591894+00:00
Navarra,15,3,2024,Marzo,10.02,1.0,1.6,4.6,2026-04-22T14:02:42.591894+00:00
Navarra,15,2,2024,Febrero,9.92,0.8,1.7,5.1,2026-04-22T14:02:42.591894+00:00
Navarra,15,1,2024,Enero,9.82,-0.1,1.8,5.6,2026-04-22T14:02:42.591894+00:00
Navarra,15,12,2023,Diciembre,9.82,1.0,2.4,5.4,2026-04-22T14:02:42.591894+00:00
Navarra,15,11,2023,Noviembre,9.72,0.9,0.7,5.0,2026-04-22T14:02:42.591894+00:00
Navarra,15,10,2023,Octubre,9.62,0.4,-0.4,2.8,2026-04-22T14:02:42.591894+00:00
Navarra,15,9,2023,Septiembre,9.62,-0.6,-0.8,3.0,2026-04-22T14:02:42.591894+00:00
Navarra,15,8,2023,Agosto,9.72,-0.2,1.2,2.7,2026-04-22T14:02:42.591894+00:00
Navarra,15,7,2023,Julio,9.72,0.1,1.8,3.9,2026-04-22T14:02:42.591894+00:00
Navarra,15,6,2023,Junio,9.72,1.4,1.3,4.3,2026-04-22T14:02:42.591894+00:00
Navarra,15,5,2023,Mayo,9.52,0.3,1.4,3.9,2026-04-22T14:02:42.591894+00:00
Navarra,15,4,2023,Abril,9.52,-0.4,2.3,4.7,2026-04-22T14:02:42.591894+00:00
Navarra,15,3,2023,Marzo,9.62,1.5,2.5,4.7,2026-04-22T14:02:42.591894+00:00
Navarra,15,2,2023,Febrero,9.42,1.2,1.5,4.1,2026-04-22T14:02:42.591894+00:00
Navarra,15,1,2023,Enero,9.32,-0.2,-0.8,3.4,2026-04-22T14:02:42.591894+00:00
Navarra,15,12,2022,Diciembre,9.32,0.6,0.0,3.5,2026-04-22T14:02:42.591894+00:00
Navarra,15,11,2022,Noviembre,9.32,-1.1,-1.5,4.7,2026-04-22T14:02:42.591894+00:00
Navarra,15,10,2022,Octubre,9.42,0.6,0.6,5.8,2026-04-22T14:02:42.591894+00:00
Navarra,15,9,2022,Septiembre,9.32,-0.9,0.6,5.1,2026-04-22T14:02:42.591894+00:00
Navarra,15,8,2022,Agosto,9.42,0.9,2.4,5.8,2026-04-22T14:02:42.591894+00:00
Navarra,15,7,2022,Julio,9.32,0.5,2.5,5.0,2026-04-22T14:02:42.591894+00:00
Navarra,15,6,2022,Junio,9.32,0.9,1.6,4.2,2026-04-22T14:02:42.591894+00:00
Navarra,15,5,2022,Mayo,9.22,1.1,1.7,4.3,2026-04-22T14:02:42.591894+00:00
Navarra,15,4,2022,Abril,9.12,-0.4,1.0,2.7,2026-04-22T14:02:42.591894+00:00
Navarra,15,3,2022,Marzo,9.12,0.9,1.3,3.2,2026-04-22T14:02:42.591894+00:00
Navarra,15,2,2022,Febrero,9.02,0.5,2.2,3.2,2026-04-22T14:02:42.591894+00:00
Navarra,15,1,2022,Enero,9.02,-0.1,1.5,3.5,2026-04-22T14:02:42.591894+00:00
Navarra,15,12,2021,Diciembre,9.02,1.7,1.5,4.1,2026-04-22T14:02:42.591894+00:00
Navarra,15,11,2021,Noviembre,8.92,-0.2,-0.5,3.7,2026-04-22T14:02:42.591894+00:00
Navarra,15,10,2021,Octubre,8.92,-0.1,-0.1,3.8,2026-04-22T14:02:42.591894+00:00
Navarra,15,9,2021,Septiembre,8.92,-0.2,-0.3,3.4,2026-04-22T14:02:42.591894+00:00
Navarra,15,8,2021,Agosto,8.92,0.2,0.9,5.6,2026-04-22T14:02:42.591894+00:00
Navarra,15,7,2021,Julio,8.92,-0.3,0.2,6.0,2026-04-22T14:02:42.591894+00:00
Navarra,15,6,2021,Junio,8.92,1.0,0.7,4.7,2026-04-22T14:02:42.591894+00:00
Navarra,15,5,2021,Mayo,8.82,-0.4,0.6,3.9,2026-04-22T14:02:42.591894+00:00
Navarra,15,4,2021,Abril,8.92,0.2,1.9,4.0,2026-04-22T14:02:42.591894+00:00
Navarra,15,3,2021,Marzo,8.82,0.9,2.2,5.1,2026-04-22T14:02:42.591894+00:00
Navarra,15,2,2021,Febrero,8.82,0.8,2.6,4.8,2026-04-22T14:02:42.591894+00:00
Navarra,15,1,2021,Enero,8.72,0.5,1.7,5.2,2026-04-22T14:02:42.591894+00:00
Navarra,15,12,2020,Diciembre,8.72,1.3,0.8,4.3,2026-04-22T14:02:42.591894+00:00
Navarra,15,11,2020,Noviembre,8.52,-0.1,1.4,1.7,2026-04-22T14:02:42.591894+00:00
Navarra,15,10,2020,Octubre,8.52,-0.4,2.0,3.0,2026-04-22T14:02:42.591894+00:00
Navarra,15,9,2020,Septiembre,8.62,1.9,1.0,4.2,2026-04-22T14:02:42.591894+00:00
Navarra,15,8,2020,Agosto,8.42,0.6,-0.7,1.9,2026-04-22T14:02:42.591894+00:00
Navarra,15,7,2020,Julio,8.42,-1.5,-1.6,1.9,2026-04-22T14:02:42.591894+00:00
Navarra,15,6,2020,Junio,8.52,0.2,1.1,5.2,2026-04-22T14:02:42.591894+00:00
Navarra,15,5,2020,Mayo,8.52,-0.3,1.5,8.2,2026-04-22T14:02:42.591894+00:00
Navarra,15,4,2020,Abril,8.52,1.3,3.0,13.6,2026-04-22T14:02:42.591894+00:00
Navarra,15,3,2020,Marzo,8.42,0.6,1.4,11.0,2026-04-22T14:02:42.591894+00:00
Navarra,15,2,2020,Febrero,8.42,1.2,-0.5,9.9,2026-04-22T14:02:42.591894+00:00
Navarra,15,1,2020,Enero,8.32,-0.4,-0.4,7.0,2026-04-22T14:02:42.591894+00:00
Navarra,15,12,2019,Diciembre,8.32,-1.2,0.7,7.8,2026-04-22T14:02:42.591894+00:00
Navarra,15,11,2019,Noviembre,8.42,1.2,1.7,9.5,2026-04-22T14:02:42.591894+00:00
Navarra,15,10,2019,Octubre,8.32,0.7,1.0,7.8,2026-04-22T14:02:42.591894+00:00
Navarra,15,9,2019,Septiembre,8.22,-0.3,1.9,8.4,2026-04-22T14:02:42.591894+00:00
Navarra,15,8,2019,Agosto,8.32,0.6,5.3,10.0,2026-04-22T14:02:42.591894+00:00
Navarra,15,7,2019,Julio,8.22,1.6,9.6,9.6,2026-04-22T14:02:42.591894+00:00
Navarra,15,6,2019,Junio,8.12,3.1,6.8,9.1,2026-04-22T14:02:42.591894+00:00
Navarra,15,5,2019,Mayo,7.82,4.6,3.1,7.6,2026-04-22T14:02:42.591894+00:00
Navarra,15,4,2019,Abril,7.52,-1.0,-2.9,4.3,2026-04-22T14:02:42.591894+00:00
Navarra,15,3,2019,Marzo,7.62,-0.4,-1.6,5.1,2026-04-22T14:02:42.591894+00:00
Navarra,15,2,2019,Febrero,7.62,-1.5,-0.9,7.4,2026-04-22T14:02:42.591894+00:00
Navarra,15,1,2019,Enero,7.72,0.3,0.3,9.5,2026-04-22T14:02:42.591894+00:00
Navarra,15,12,2018,Diciembre,7.72,0.3,1.3,10.1,2026-04-22T14:02:42.591894+00:00
Navarra,15,11,2018,Noviembre,7.72,-0.3,2.2,9.2,2026-04-22T14:02:42.591894+00:00
Navarra,15,10,2018,Octubre,7.72,1.3,2.7,8.9,2026-04-22T14:02:42.591894+00:00
Navarra,15,9,2018,Septiembre,7.62,1.1,2.6,7.9,2026-04-22T14:02:42.591894+00:00
Navarra,15,8,2018,Agosto,7.52,0.2,3.0,7.6,2026-04-22T14:02:42.591894+00:00
Navarra,15,7,2018,Julio,7.52,1.2,4.2,9.1,2026-04-22T14:02:42.591894+00:00
Navarra,15,6,2018,Junio,7.42,1.6,2.9,7.9,2026-04-22T14:02:42.591894+00:00
Navarra,15,5,2018,Mayo,7.32,1.4,2.9,8.9,2026-04-22T14:02:42.591894+00:00
Navarra,15,4,2018,Abril,7.22,-0.1,1.9,6.4,2026-04-22T14:02:42.591894+00:00
Navarra,15,3,2018,Marzo,7.22,1.7,3.0,5.7,2026-04-22T14:02:42.591894+00:00
Navarra,15,2,2018,Febrero,7.12,0.4,0.8,5.4,2026-04-22T14:02:42.591894+00:00
Navarra,15,1,2018,Enero,7.12,0.9,-0.1,7.1,2026-04-22T14:02:42.591894+00:00
Navarra,15,12,2017,Diciembre,7.02,-0.5,-0.7,6.7,2026-04-22T14:02:42.591894+00:00
Navarra,15,11,2017,Noviembre,7.02,-0.6,0.7,7.4,2026-04-22T14:02:42.591894+00:00
Navarra,15,10,2017,Octubre,7.12,0.3,2.9,6.3,2026-04-22T14:02:42.591894+00:00
Navarra,15,9,2017,Septiembre,7.02,0.9,2.6,6.5,2026-04-22T14:02:42.591894+00:00
Navarra,15,8,2017,Agosto,7.02,1.6,4.2,6.1,2026-04-22T14:02:42.591894+00:00
Navarra,15,7,2017,Julio,6.92,0.0,1.6,3.0,2026-04-22T14:02:42.591894+00:00
Navarra,15,6,2017,Junio,6.92,2.6,0.8,2.9,2026-04-22T14:02:42.591894+00:00
Navarra,15,5,2017,Mayo,6.72,-0.9,-0.3,1.6,2026-04-22T14:02:42.591894+00:00
Navarra,15,4,2017,Abril,6.82,-0.8,2.5,3.7,2026-04-22T14:02:42.591894+00:00
Navarra,15,3,2017,Marzo,6.82,1.4,4.0,4.0,2026-04-22T14:02:42.591894+00:00
Navarra,15,2,2017,Febrero,6.72,1.9,2.7,3.9,2026-04-22T14:02:42.591894+00:00
Navarra,15,1,2017,Enero,6.62,0.6,-0.8,3.1,2026-04-22T14:02:42.591894+00:00
Navarra,15,12,2016,Diciembre,6.62,0.1,-0.9,3.3,2026-04-22T14:02:42.591894+00:00
Navarra,15,11,2016,Noviembre,6.52,-1.5,-0.5,2.7,2026-04-22T14:02:42.591894+00:00
Navarra,15,10,2016,Octubre,6.62,0.5,-0.3,3.8,2026-04-22T14:02:42.591894+00:00
Navarra,15,9,2016,Septiembre,6.62,0.6,-0.9,3.7,2026-04-22T14:02:42.591894+00:00
Navarra,15,8,2016,Agosto,6.62,-1.4,-0.2,2.6,2026-04-22T14:02:42.591894+00:00
Navarra,15,7,2016,Julio,6.72,-0.1,2.3,4.1,2026-04-22T14:02:42.591894+00:00
Navarra,15,6,2016,Junio,6.72,1.3,1.9,4.8,2026-04-22T14:02:42.591894+00:00
Navarra,15,5,2016,Mayo,6.62,1.2,2.0,4.0,2026-04-22T14:02:42.591894+00:00
Navarra,15,4,2016,Abril,6.52,-0.5,1.9,2.9,2026-04-22T14:02:42.591894+00:00
Navarra,15,3,2016,Marzo,6.62,1.4,3.3,5.0,2026-04-22T14:02:42.591894+00:00
Navarra,15,2,2016,Febrero,6.52,1.1,1.5,3.0,2026-04-22T14:02:42.591894+00:00
Navarra,15,1,2016,Enero,6.42,0.8,-0.2,2.0,2026-04-22T14:02:42.591894+00:00
Navarra,15,12,2015,Diciembre,6.32,-0.5,-0.6,1.3,2026-04-22T14:02:42.591894+00:00
Navarra,15,11,2015,Noviembre,6.42,-0.5,-0.6,1.4,2026-04-22T14:02:42.591894+00:00
Navarra,15,10,2015,Octubre,6.42,0.4,0.0,1.1,2026-04-22T14:02:42.591894+00:00
Navarra,15,9,2015,Septiembre,6.42,-0.5,0.1,0.6,2026-04-22T14:02:42.591894+00:00
Navarra,15,8,2015,Agosto,6.42,0.0,1.0,0.6,2026-04-22T14:02:42.591894+00:00
Navarra,15,7,2015,Julio,6.42,0.6,1.2,0.2,2026-04-22T14:02:42.591894+00:00
Navarra,15,6,2015,Junio,6.42,0.5,2.2,0.7,2026-04-22T14:02:42.591894+00:00
Navarra,15,5,2015,Mayo,6.32,0.1,1.1,1.0,2026-04-22T14:02:42.591894+00:00
Navarra,15,4,2015,Abril,6.32,1.6,1.1,0.9,2026-04-22T14:02:42.591894+00:00
Navarra,15,3,2015,Marzo,6.22,-0.6,-0.4,-1.1,2026-04-22T14:02:42.591894+00:00
Navarra,15,2,2015,Febrero,6.32,0.1,-0.2,-0.7,2026-04-22T14:02:42.591894+00:00
Navarra,15,1,2015,Enero,6.32,0.1,-1.1,-0.9,2026-04-22T14:02:42.591894+00:00
Navarra,15,12,2014,Diciembre,6.32,-0.4,-1.2,-0.9,2026-04-22T14:02:42.591894+00:00
Navarra,15,11,2014,Noviembre,6.32,-0.8,-1.3,-1.4,2026-04-22T14:02:42.591894+00:00
Navarra,15,10,2014,Octubre,6.32,-0.1,-0.9,-0.7,2026-04-22T14:02:42.591894+00:00
Navarra,15,9,2014,Septiembre,6.32,-0.4,0.2,-1.3,2026-04-22T14:02:42.591894+00:00
Navarra,15,8,2014,Agosto,6.42,-0.5,1.4,-0.9,2026-04-22T14:02:42.591894+00:00
Navarra,15,7,2014,Julio,6.42,1.1,1.9,-1.3,2026-04-22T14:02:42.591894+00:00
Navarra,15,6,2014,Junio,6.32,0.7,0.3,-3.1,2026-04-22T14:02:42.591894+00:00
Navarra,15,5,2014,Mayo,6.32,0.0,-0.6,-4.3,2026-04-22T14:02:42.591894+00:00
Navarra,15,4,2014,Abril,6.32,-0.4,-0.7,-4.1,2026-04-22T14:02:42.591894+00:00
Navarra,15,3,2014,Marzo,6.32,-0.2,-0.2,-4.9,2026-04-22T14:02:42.591894+00:00
Navarra,15,2,2014,Febrero,6.32,-0.1,-0.8,-5.5,2026-04-22T14:02:42.591894+00:00
Navarra,15,1,2014,Enero,6.32,0.0,-1.0,-5.6,2026-04-22T14:02:42.591894+00:00
Navarra,15,12,2013,Diciembre,6.32,-0.8,-1.6,-6.8,2026-04-22T14:02:42.591894+00:00
Navarra,15,11,2013,Noviembre,6.42,-0.2,-0.8,-7.9,2026-04-22T14:02:42.591894+00:00
Navarra,15,10,2013,Octubre,6.42,-0.6,-1.5,-8.8,2026-04-22T14:02:42.591894+00:00
Navarra,15,9,2013,Septiembre,6.42,0.0,-1.6,-9.1,2026-04-22T14:02:42.591894+00:00
Navarra,15,8,2013,Agosto,6.42,-0.9,-2.1,-10.0,2026-04-22T14:02:42.591894+00:00
Navarra,15,7,2013,Julio,6.52,-0.7,-1.0,-11.4,2026-04-22T14:02:42.591894+00:00
Navarra,15,6,2013,Junio,6.52,-0.5,-1.6,-11.0,2026-04-22T14:02:42.591894+00:00
Navarra,15,5,2013,Mayo,6.62,0.2,-1.9,-12.1,2026-04-22T14:02:42.591894+00:00
Navarra,15,4,2013,Abril,6.52,-1.3,-2.2,-13.3,2026-04-22T14:02:42.591894+00:00
Navarra,15,3,2013,Marzo,6.62,-0.8,-2.2,-12.4,2026-04-22T14:02:42.591894+00:00
Navarra,15,2,2013,Febrero,6.72,-0.1,-3.3,-10.3,2026-04-22T14:02:42.591894+00:00
Navarra,15,1,2013,Enero,6.72,-1.3,-4.4,-9.5,2026-04-22T14:02:42.591894+00:00
Navarra,15,12,2012,Diciembre,6.82,-2.0,-4.0,-7.4,2026-04-22T14:02:42.591894+00:00
Navarra,15,11,2012,Noviembre,6.92,-1.2,-3.1,-5.6,2026-04-22T14:02:42.591894+00:00
Navarra,15,10,2012,Octubre,7.02,-0.8,-4.2,-4.7,2026-04-22T14:02:42.591894+00:00
Navarra,15,9,2012,Septiembre,7.12,-1.1,-3.7,-4.7,2026-04-22T14:02:42.591894+00:00
Navarra,15,8,2012,Agosto,7.12,-2.3,-4.3,-3.1,2026-04-22T14:02:42.591894+00:00
Navarra,15,7,2012,Julio,7.32,-0.3,-3.2,-0.1,2026-04-22T14:02:42.591894+00:00
Navarra,15,6,2012,Junio,7.32,-1.7,-3.1,3.9,2026-04-22T14:02:42.591894+00:00
Navarra,15,5,2012,Mayo,7.52,-1.2,0.0,10.7,2026-04-22T14:02:42.591894+00:00
Navarra,15,4,2012,Abril,7.62,-0.2,2.1,13.4,2026-04-22T14:02:42.591894+00:00
Navarra,15,3,2012,Marzo,7.62,1.5,3.3,11.1,2026-04-22T14:02:42.591894+00:00
Navarra,15,2,2012,Febrero,7.52,0.8,1.8,13.8,2026-04-22T14:02:42.591894+00:00
Navarra,15,1,2012,Enero,7.42,1.0,0.7,10.8,2026-04-22T14:02:42.591894+00:00
Navarra,15,12,2011,Diciembre,7.32,0.0,-1.2,11.2,2026-04-22T14:02:42.591894+00:00
Navarra,15,11,2011,Noviembre,7.32,-0.3,-0.6,11.9,2026-04-22T14:02:42.591894+00:00
Navarra,15,10,2011,Octubre,7.32,-0.9,0.4,13.3,2026-04-22T14:02:42.591894+00:00
Navarra,15,9,2011,Septiembre,7.42,0.6,5.0,12.0,2026-04-22T14:02:42.591894+00:00
Navarra,15,8,2011,Agosto,7.42,0.7,9.3,12.4,2026-04-22T14:02:42.591894+00:00
Navarra,15,7,2011,Julio,7.32,3.6,9.8,7.1,2026-04-22T14:02:42.591894+00:00
Navarra,15,6,2011,Junio,7.12,4.7,3.6,10.9,2026-04-22T14:02:42.591894+00:00
Navarra,15,5,2011,Mayo,6.72,1.2,2.9,,2026-04-22T14:02:42.591894+00:00
Navarra,15,4,2011,Abril,6.72,-2.3,-0.2,,2026-04-22T14:02:42.591894+00:00
Navarra,15,3,2011,Marzo,6.82,4.0,3.4,,2026-04-22T14:02:42.591894+00:00
Navarra,15,2,2011,Febrero,6.62,-1.8,0.2,,2026-04-22T14:02:42.591894+00:00
Navarra,15,1,2011,Enero,6.72,1.3,3.0,,2026-04-22T14:02:42.591894+00:00
Navarra,15,12,2010,Diciembre,6.62,0.7,-0.4,,2026-04-22T14:02:42.591894+00:00
Navarra,15,11,2010,Noviembre,6.52,0.9,-0.2,,2026-04-22T14:02:42.591894+00:00
Navarra,15,10,2010,Octubre,6.52,-2.0,-5.1,,2026-04-22T14:02:42.591894+00:00
Navarra,15,9,2010,Septiembre,6.62,0.9,4.0,,2026-04-22T14:02:42.591894+00:00
Navarra,15,8,2010,Agosto,6.62,-4.1,,,2026-04-22T14:02:42.591894+00:00
Navarra,15,7,2010,Julio,6.82,7.3,,,2026-04-22T14:02:42.591894+00:00
Navarra,15,6,2010,Junio,6.42,,,,2026-04-22T14:02:42.591894+00:00
Navarra,15,5,2010,Mayo,,,,,2026-04-22T14:02:42.591894+00:00
Navarra,15,4,2010,Abril,,,,,2026-04-22T14:02:42.591894+00:00
Navarra,15,3,2010,Marzo,,,,,2026-04-22T14:02:42.591894+00:00
Navarra,15,2,2010,Febrero,,,,,2026-04-22T14:02:42.591894+00:00
Navarra,15,1,2010,Enero,,,,,2026-04-22T14:02:42.591894+00:00
Navarra,15,12,2009,Diciembre,,,,,2026-04-22T14:02:42.591894+00:00
Navarra,15,11,2009,Noviembre,,,,,2026-04-22T14:02:42.591894+00:00
Navarra,15,10,2009,Octubre,,,,,2026-04-22T14:02:42.591894+00:00
Navarra,15,9,2009,Septiembre,,,,,2026-04-22T14:02:42.591894+00:00
Navarra,15,8,2009,Agosto,,,,,2026-04-22T14:02:42.591894+00:00
Navarra,15,7,2009,Julio,,,,,2026-04-22T14:02:42.591894+00:00
Navarra,15,6,2009,Junio,,,,,2026-04-22T14:02:42.591894+00:00
Navarra,15,5,2009,Mayo,,,,,2026-04-22T14:02:42.591894+00:00
Navarra,15,4,2009,Abril,,,,,2026-04-22T14:02:42.591894+00:00
Navarra,15,3,2009,Marzo,,,,,2026-04-22T14:02:42.591894+00:00
Navarra,15,2,2009,Febrero,,,,,2026-04-22T14:02:42.591894+00:00
Navarra,15,1,2009,Enero,,,,,2026-04-22T14:02:42.591894+00:00
Navarra,15,12,2008,Diciembre,,,,,2026-04-22T14:02:42.591894+00:00
Navarra,15,11,2008,Noviembre,,,,,2026-04-22T14:02:42.591894+00:00
Navarra,15,10,2008,Octubre,,,,,2026-04-22T14:02:42.591894+00:00
Navarra,15,9,2008,Septiembre,,,,,2026-04-22T14:02:42.591894+00:00
Navarra,15,8,2008,Agosto,,,,,2026-04-22T14:02:42.591894+00:00
Navarra,15,7,2008,Julio,,,,,2026-04-22T14:02:42.591894+00:00
Navarra,15,6,2008,Junio,,,,,2026-04-22T14:02:42.591894+00:00
Navarra,15,5,2008,Mayo,,,,,2026-04-22T14:02:42.591894+00:00
Navarra,15,4,2008,Abril,,,,,2026-04-22T14:02:42.591894+00:00
Navarra,15,3,2008,Marzo,,,,,2026-04-22T14:02:42.591894+00:00
Navarra,15,2,2008,Febrero,,,,,2026-04-22T14:02:42.591894+00:00
Navarra,15,1,2008,Enero,,,,,2026-04-22T14:02:42.591894+00:00
Navarra,15,12,2007,Diciembre,,,,,2026-04-22T14:02:42.591894+00:00
Navarra,15,11,2007,Noviembre,,,,,2026-04-22T14:02:42.591894+00:00
Navarra,15,10,2007,Octubre,,,,,2026-04-22T14:02:42.591894+00:00
Navarra,15,9,2007,Septiembre,,,,,2026-04-22T14:02:42.591894+00:00
Navarra,15,8,2007,Agosto,,,,,2026-04-22T14:02:42.591894+00:00
Navarra,15,7,2007,Julio,,,,,2026-04-22T14:02:42.591894+00:00
Navarra,15,6,2007,Junio,,,,,2026-04-22T14:02:42.591894+00:00
Navarra,15,5,2007,Mayo,,,,,2026-04-22T14:02:42.591894+00:00
Navarra,15,4,2007,Abril,,,,,2026-04-22T14:02:42.591894+00:00
Navarra,15,3,2007,Marzo,,,,,2026-04-22T14:02:42.591894+00:00
Navarra,15,2,2007,Febrero,,,,,2026-04-22T14:02:42.591894+00:00
Navarra,15,1,2007,Enero,,,,,2026-04-22T14:02:42.591894+00:00
Navarra,15,12,2006,Diciembre,,,,,2026-04-22T14:02:42.591894+00:00
Navarra,15,11,2006,Noviembre,,,,,2026-04-22T14:02:42.591894+00:00
Navarra,15,10,2006,Octubre,,,,,2026-04-22T14:02:42.591894+00:00
Navarra,15,9,2006,Septiembre,,,,,2026-04-22T14:02:42.591894+00:00
Navarra,15,8,2006,Agosto,,,,,2026-04-22T14:02:42.591894+00:00
Navarra,15,7,2006,Julio,,,,,2026-04-22T14:02:42.591894+00:00
Navarra,15,6,2006,Junio,,,,,2026-04-22T14:02:42.591894+00:00
Navarra,15,5,2006,Mayo,,,,,2026-04-22T14:02:42.591894+00:00
Navarra,15,4,2006,Abril,,,,,2026-04-22T14:02:42.591894+00:00
Navarra,15,3,2006,Marzo,,,,,2026-04-22T14:02:42.591894+00:00
Navarra,15,2,2006,Febrero,,,,,2026-04-22T14:02:42.591894+00:00
Navarra,15,1,2006,Enero,,,,,2026-04-22T14:02:42.591894+00:00
Melilla,19,3,2026,Marzo,10.92,-0.5,4.6,9.1,2026-04-22T14:04:08.580394+00:00
Melilla,19,2,2026,Febrero,10.92,3.1,5.9,9.6,2026-04-22T14:04:08.580394+00:00
Melilla,19,1,2026,Enero,10.62,1.9,2.5,6.3,2026-04-22T14:04:08.580394+00:00
Melilla,19,12,2025,Diciembre,10.42,0.8,2.2,4.2,2026-04-22T14:04:08.580394+00:00
Melilla,19,11,2025,Noviembre,10.32,-0.1,1.4,4.7,2026-04-22T14:04:08.580394+00:00
Melilla,19,10,2025,Octubre,10.32,1.6,0.7,5.0,2026-04-22T14:04:08.580394+00:00
Melilla,19,9,2025,Septiembre,10.22,0.0,-1.7,2.8,2026-04-22T14:04:08.580394+00:00
Melilla,19,8,2025,Agosto,10.22,-0.8,-0.2,0.0,2026-04-22T14:04:08.580394+00:00
Melilla,19,7,2025,Julio,10.32,-0.9,0.2,-1.1,2026-04-22T14:04:08.580394+00:00
Melilla,19,6,2025,Junio,10.32,1.4,3.8,3.7,2026-04-22T14:04:08.580394+00:00
Melilla,19,5,2025,Mayo,10.22,-0.4,2.3,4.6,2026-04-22T14:04:08.580394+00:00
Melilla,19,4,2025,Abril,10.22,2.7,2.7,3.6,2026-04-22T14:04:08.580394+00:00
Melilla,19,3,2025,Marzo,10.02,0.0,0.0,0.8,2026-04-22T14:04:08.580394+00:00
Melilla,19,2,2025,Febrero,10.02,0.0,1.2,0.3,2026-04-22T14:04:08.580394+00:00
Melilla,19,1,2025,Enero,10.02,-0.1,1.3,5.7,2026-04-22T14:04:08.580394+00:00
Melilla,19,12,2024,Diciembre,10.02,1.2,0.8,3.8,2026-04-22T14:04:08.580394+00:00
Melilla,19,11,2024,Noviembre,9.92,0.2,-3.2,5.6,2026-04-22T14:04:08.580394+00:00
Melilla,19,10,2024,Octubre,9.82,-0.6,-5.1,4.7,2026-04-22T14:04:08.580394+00:00
Melilla,19,9,2024,Septiembre,9.92,-2.8,-0.8,5.1,2026-04-22T14:04:08.580394+00:00
Melilla,19,8,2024,Agosto,10.22,-1.8,4.3,8.2,2026-04-22T14:04:08.580394+00:00
Melilla,19,7,2024,Julio,10.42,3.9,4.9,12.0,2026-04-22T14:04:08.580394+00:00
Melilla,19,6,2024,Junio,10.02,2.3,0.8,6.2,2026-04-22T14:04:08.580394+00:00
Melilla,19,5,2024,Mayo,9.82,-1.3,-1.9,3.3,2026-04-22T14:04:08.580394+00:00
Melilla,19,4,2024,Abril,9.92,-0.1,4.8,0.0,2026-04-22T14:04:08.580394+00:00
Melilla,19,3,2024,Marzo,9.92,-0.5,3.0,2.0,2026-04-22T14:04:08.580394+00:00
Melilla,19,2,2024,Febrero,9.92,5.4,6.5,5.0,2026-04-22T14:04:08.580394+00:00
Melilla,19,1,2024,Enero,9.42,-1.9,0.4,1.7,2026-04-22T14:04:08.580394+00:00
Melilla,19,12,2023,Diciembre,9.62,2.9,2.1,5.0,2026-04-22T14:04:08.580394+00:00
Melilla,19,11,2023,Noviembre,9.32,-0.6,-0.7,3.6,2026-04-22T14:04:08.580394+00:00
Melilla,19,10,2023,Octubre,9.42,-0.2,1.5,3.7,2026-04-22T14:04:08.580394+00:00
Melilla,19,9,2023,Septiembre,9.42,0.0,0.2,3.8,2026-04-22T14:04:08.580394+00:00
Melilla,19,8,2023,Agosto,9.42,1.7,-0.4,3.0,2026-04-22T14:04:08.580394+00:00
Melilla,19,7,2023,Julio,9.32,-1.5,-6.4,0.9,2026-04-22T14:04:08.580394+00:00
Melilla,19,6,2023,Junio,9.42,-0.5,-3.2,2.9,2026-04-22T14:04:08.580394+00:00
Melilla,19,5,2023,Mayo,9.42,-4.5,-0.3,2.8,2026-04-22T14:04:08.580394+00:00
Melilla,19,4,2023,Abril,9.92,1.9,6.6,9.6,2026-04-22T14:04:08.580394+00:00
Melilla,19,3,2023,Marzo,9.72,2.4,6.0,7.0,2026-04-22T14:04:08.580394+00:00
Melilla,19,2,2023,Febrero,9.52,2.1,5.1,4.3,2026-04-22T14:04:08.580394+00:00
Melilla,19,1,2023,Enero,9.32,1.3,2.4,3.3,2026-04-22T14:04:08.580394+00:00
Melilla,19,12,2022,Diciembre,9.22,1.6,1.0,2.0,2026-04-22T14:04:08.580394+00:00
Melilla,19,11,2022,Noviembre,9.02,-0.5,-1.3,-0.8,2026-04-22T14:04:08.580394+00:00
Melilla,19,10,2022,Octubre,9.12,-0.1,-1.3,-0.7,2026-04-22T14:04:08.580394+00:00
Melilla,19,9,2022,Septiembre,9.12,-0.7,-0.7,0.5,2026-04-22T14:04:08.580394+00:00
Melilla,19,8,2022,Agosto,9.12,-0.4,-0.6,1.4,2026-04-22T14:04:08.580394+00:00
Melilla,19,7,2022,Julio,9.22,0.4,1.7,0.1,2026-04-22T14:04:08.580394+00:00
Melilla,19,6,2022,Junio,9.12,-0.6,0.7,-0.3,2026-04-22T14:04:08.580394+00:00
Melilla,19,5,2022,Mayo,9.22,1.8,1.2,0.2,2026-04-22T14:04:08.580394+00:00
Melilla,19,4,2022,Abril,9.02,-0.5,0.5,1.8,2026-04-22T14:04:08.580394+00:00
Melilla,19,3,2022,Marzo,9.12,-0.2,1.0,4.4,2026-04-22T14:04:08.580394+00:00
Melilla,19,2,2022,Febrero,9.12,1.2,0.0,7.7,2026-04-22T14:04:08.580394+00:00
Melilla,19,1,2022,Enero,9.02,0.0,-1.6,8.2,2026-04-22T14:04:08.580394+00:00
Melilla,19,12,2021,Diciembre,9.02,-1.1,-0.4,5.5,2026-04-22T14:04:08.580394+00:00
Melilla,19,11,2021,Noviembre,9.12,-0.4,0.9,3.9,2026-04-22T14:04:08.580394+00:00
Melilla,19,10,2021,Octubre,9.12,1.1,-0.4,4.9,2026-04-22T14:04:08.580394+00:00
Melilla,19,9,2021,Septiembre,9.02,0.2,-1.6,4.9,2026-04-22T14:04:08.580394+00:00
Melilla,19,8,2021,Agosto,9.02,-1.7,-1.8,5.4,2026-04-22T14:04:08.580394+00:00
Melilla,19,7,2021,Julio,9.22,0.0,3.4,8.6,2026-04-22T14:04:08.580394+00:00
Melilla,19,6,2021,Junio,9.22,-0.1,5.5,7.9,2026-04-22T14:04:08.580394+00:00
Melilla,19,5,2021,Mayo,9.22,3.5,8.8,11.1,2026-04-22T14:04:08.580394+00:00
Melilla,19,4,2021,Abril,8.92,2.0,6.8,4.9,2026-04-22T14:04:08.580394+00:00
Melilla,19,3,2021,Marzo,8.72,3.0,2.0,3.0,2026-04-22T14:04:08.580394+00:00
Melilla,19,2,2021,Febrero,8.42,1.6,-3.6,-1.9,2026-04-22T14:04:08.580394+00:00
Melilla,19,1,2021,Enero,8.32,-2.5,-4.6,-1.6,2026-04-22T14:04:08.580394+00:00
Melilla,19,12,2020,Diciembre,8.52,-2.7,-1.0,0.6,2026-04-22T14:04:08.580394+00:00
Melilla,19,11,2020,Noviembre,8.72,0.5,2.3,4.1,2026-04-22T14:04:08.580394+00:00
Melilla,19,10,2020,Octubre,8.72,1.2,3.1,3.2,2026-04-22T14:04:08.580394+00:00
Melilla,19,9,2020,Septiembre,8.62,0.6,1.2,2.2,2026-04-22T14:04:08.580394+00:00
Melilla,19,8,2020,Agosto,8.52,1.3,3.5,2.2,2026-04-22T14:04:08.580394+00:00
Melilla,19,7,2020,Julio,8.42,-0.7,-0.2,-0.4,2026-04-22T14:04:08.580394+00:00
Melilla,19,6,2020,Junio,8.52,2.9,0.7,-0.1,2026-04-22T14:04:08.580394+00:00
Melilla,19,5,2020,Mayo,8.32,-2.3,-4.0,-0.4,2026-04-22T14:04:08.580394+00:00
Melilla,19,4,2020,Abril,8.42,0.2,0.1,3.0,2026-04-22T14:04:08.580394+00:00
Melilla,19,3,2020,Marzo,8.42,-1.9,-0.3,-0.3,2026-04-22T14:04:08.580394+00:00
Melilla,19,2,2020,Febrero,8.62,1.9,2.4,0.7,2026-04-22T14:04:08.580394+00:00
Melilla,19,1,2020,Enero,8.42,-0.2,0.1,-1.1,2026-04-22T14:04:08.580394+00:00
Melilla,19,12,2019,Diciembre,8.52,0.7,0.5,-0.8,2026-04-22T14:04:08.580394+00:00
Melilla,19,11,2019,Noviembre,8.42,-0.4,0.4,-0.7,2026-04-22T14:04:08.580394+00:00
Melilla,19,10,2019,Octubre,8.42,0.2,-0.6,3.0,2026-04-22T14:04:08.580394+00:00
Melilla,19,9,2019,Septiembre,8.42,0.6,-1.0,3.9,2026-04-22T14:04:08.580394+00:00
Melilla,19,8,2019,Agosto,8.42,-1.3,0.8,2.3,2026-04-22T14:04:08.580394+00:00
Melilla,19,7,2019,Julio,8.52,-0.3,3.3,2.7,2026-04-22T14:04:08.580394+00:00
Melilla,19,6,2019,Junio,8.52,2.5,0.5,2.5,2026-04-22T14:04:08.580394+00:00
Melilla,19,5,2019,Mayo,8.32,1.1,-2.9,-1.0,2026-04-22T14:04:08.580394+00:00
Melilla,19,4,2019,Abril,8.22,-3.0,-3.9,1.0,2026-04-22T14:04:08.580394+00:00
Melilla,19,3,2019,Marzo,8.52,-1.0,-0.8,7.6,2026-04-22T14:04:08.580394+00:00
Melilla,19,2,2019,Febrero,8.52,0.0,1.0,5.1,2026-04-22T14:04:08.580394+00:00
Melilla,19,1,2019,Enero,8.52,0.2,4.4,2.4,2026-04-22T14:04:08.580394+00:00
Melilla,19,12,2018,Diciembre,8.52,0.8,5.3,0.0,2026-04-22T14:04:08.580394+00:00
Melilla,19,11,2018,Noviembre,8.52,3.4,3.5,3.7,2026-04-22T14:04:08.580394+00:00
Melilla,19,10,2018,Octubre,8.22,1.1,-0.8,1.1,2026-04-22T14:04:08.580394+00:00
Melilla,19,9,2018,Septiembre,8.12,-0.9,-2.4,-2.8,2026-04-22T14:04:08.580394+00:00
Melilla,19,8,2018,Agosto,8.22,-1.0,-2.5,-1.9,2026-04-22T14:04:08.580394+00:00
Melilla,19,7,2018,Julio,8.22,-0.5,1.5,-2.9,2026-04-22T14:04:08.580394+00:00
Melilla,19,6,2018,Junio,8.32,-1.1,5.5,-1.2,2026-04-22T14:04:08.580394+00:00
Melilla,19,5,2018,Mayo,8.42,3.1,3.2,1.5,2026-04-22T14:04:08.580394+00:00
Melilla,19,4,2018,Abril,8.12,3.4,-2.5,-2.0,2026-04-22T14:04:08.580394+00:00
Melilla,19,3,2018,Marzo,7.92,-3.3,-7.8,-5.2,2026-04-22T14:04:08.580394+00:00
Melilla,19,2,2018,Febrero,8.12,-2.6,-0.4,-3.0,2026-04-22T14:04:08.580394+00:00
Melilla,19,1,2018,Enero,8.32,-2.2,3.1,-1.1,2026-04-22T14:04:08.580394+00:00
Melilla,19,12,2017,Diciembre,8.52,4.5,2.4,4.2,2026-04-22T14:04:08.580394+00:00
Melilla,19,11,2017,Noviembre,8.12,0.8,-2.1,0.4,2026-04-22T14:04:08.580394+00:00
Melilla,19,10,2017,Octubre,8.12,-2.8,-4.8,0.2,2026-04-22T14:04:08.580394+00:00
Melilla,19,9,2017,Septiembre,8.32,0.0,-0.8,2.1,2026-04-22T14:04:08.580394+00:00
Melilla,19,8,2017,Agosto,8.32,-2.0,0.9,5.6,2026-04-22T14:04:08.580394+00:00
Melilla,19,7,2017,Julio,8.52,1.2,2.4,5.5,2026-04-22T14:04:08.580394+00:00
Melilla,19,6,2017,Junio,8.42,1.6,1.2,1.6,2026-04-22T14:04:08.580394+00:00
Melilla,19,5,2017,Mayo,8.32,-0.5,-1.4,-2.2,2026-04-22T14:04:08.580394+00:00
Melilla,19,4,2017,Abril,8.32,0.0,-1.6,-4.4,2026-04-22T14:04:08.580394+00:00
Melilla,19,3,2017,Marzo,8.32,-1.0,1.4,-2.7,2026-04-22T14:04:08.580394+00:00
Melilla,19,2,2017,Febrero,8.42,-0.7,3.1,2.1,2026-04-22T14:04:08.580394+00:00
Melilla,19,1,2017,Enero,8.42,3.0,4.4,0.8,2026-04-22T14:04:08.580394+00:00
Melilla,19,12,2016,Diciembre,8.22,0.8,0.3,-2.2,2026-04-22T14:04:08.580394+00:00
Melilla,19,11,2016,Noviembre,8.12,0.6,3.0,-2.9,2026-04-22T14:04:08.580394+00:00
Melilla,19,10,2016,Octubre,8.12,-1.1,0.2,-3.5,2026-04-22T14:04:08.580394+00:00
Melilla,19,9,2016,Septiembre,8.22,3.5,-1.3,-2.4,2026-04-22T14:04:08.580394+00:00
Melilla,19,8,2016,Agosto,7.92,-2.1,-6.6,-7.1,2026-04-22T14:04:08.580394+00:00
Melilla,19,7,2016,Julio,8.02,-2.5,-7.1,-4.0,2026-04-22T14:04:08.580394+00:00
Melilla,19,6,2016,Junio,8.32,-2.1,-3.0,-3.3,2026-04-22T14:04:08.580394+00:00
Melilla,19,5,2016,Mayo,8.42,-2.7,2.9,0.6,2026-04-22T14:04:08.580394+00:00
Melilla,19,4,2016,Abril,8.72,1.8,3.7,2.3,2026-04-22T14:04:08.580394+00:00
Melilla,19,3,2016,Marzo,8.52,3.9,1.8,-0.8,2026-04-22T14:04:08.580394+00:00
Melilla,19,2,2016,Febrero,8.22,-2.0,-1.9,-1.0,2026-04-22T14:04:08.580394+00:00
Melilla,19,1,2016,Enero,8.42,0.0,0.1,3.7,2026-04-22T14:04:08.580394+00:00
Melilla,19,12,2015,Diciembre,8.42,0.1,0.0,2.7,2026-04-22T14:04:08.580394+00:00
Melilla,19,11,2015,Noviembre,8.42,0.0,-1.5,1.7,2026-04-22T14:04:08.580394+00:00
Melilla,19,10,2015,Octubre,8.42,0.0,-0.3,-0.1,2026-04-22T14:04:08.580394+00:00
Melilla,19,9,2015,Septiembre,8.42,-1.5,-2.1,-0.8,2026-04-22T14:04:08.580394+00:00
Melilla,19,8,2015,Agosto,8.52,1.2,1.1,0.8,2026-04-22T14:04:08.580394+00:00
Melilla,19,7,2015,Julio,8.42,-1.8,-1.1,-0.7,2026-04-22T14:04:08.580394+00:00
Melilla,19,6,2015,Junio,8.52,1.8,-0.5,3.4,2026-04-22T14:04:08.580394+00:00
Melilla,19,5,2015,Mayo,8.42,-1.1,1.3,,2026-04-22T14:04:08.580394+00:00
Melilla,19,4,2015,Abril,8.52,-1.2,5.1,-4.2,2026-04-22T14:04:08.580394+00:00
Melilla,19,3,2015,Marzo,8.62,3.7,5.4,-3.2,2026-04-22T14:04:08.580394+00:00
Melilla,19,2,2015,Febrero,8.32,2.6,0.7,-4.7,2026-04-22T14:04:08.580394+00:00
Melilla,19,1,2015,Enero,8.12,-0.9,-3.5,-7.7,2026-04-22T14:04:08.580394+00:00
Melilla,19,12,2014,Diciembre,8.12,-0.9,-3.3,-10.5,2026-04-22T14:04:08.580394+00:00
Melilla,19,11,2014,Noviembre,8.22,-1.8,-2.4,-5.5,2026-04-22T14:04:08.580394+00:00
Melilla,19,10,2014,Octubre,8.42,-0.7,-1.0,-7.1,2026-04-22T14:04:08.580394+00:00
Melilla,19,9,2014,Septiembre,8.42,0.1,1.9,-9.8,2026-04-22T14:04:08.580394+00:00
Melilla,19,8,2014,Agosto,8.42,-0.4,,-8.5,2026-04-22T14:04:08.580394+00:00
Melilla,19,7,2014,Julio,8.42,2.2,-4.6,-9.5,2026-04-22T14:04:08.580394+00:00
Melilla,19,6,2014,Junio,8.32,,-6.9,-13.8,2026-04-22T14:04:08.580394+00:00
Melilla,19,5,2014,Mayo,,,,,2026-04-22T14:04:08.580394+00:00
Melilla,19,4,2014,Abril,8.92,-0.2,1.3,,2026-04-22T14:04:08.580394+00:00
Melilla,19,3,2014,Marzo,8.92,2.1,-2.5,,2026-04-22T14:04:08.580394+00:00
Melilla,19,2,2014,Febrero,8.72,-0.6,-0.1,,2026-04-22T14:04:08.580394+00:00
Melilla,19,1,2014,Enero,8.72,-3.9,-2.9,,2026-04-22T14:04:08.580394+00:00
Melilla,19,12,2013,Diciembre,9.12,4.6,-2.6,,2026-04-22T14:04:08.580394+00:00
Melilla,19,11,2013,Noviembre,8.72,-3.4,-5.5,,2026-04-22T14:04:08.580394+00:00
Melilla,19,10,2013,Octubre,9.02,-3.6,-3.6,,2026-04-22T14:04:08.580394+00:00
Melilla,19,9,2013,Septiembre,9.32,1.5,-2.6,,2026-04-22T14:04:08.580394+00:00
Melilla,19,8,2013,Agosto,9.22,-1.5,-2.6,,2026-04-22T14:04:08.580394+00:00
Melilla,19,7,2013,Julio,9.32,-2.6,,,2026-04-22T14:04:08.580394+00:00
Melilla,19,6,2013,Junio,9.62,1.5,,,2026-04-22T14:04:08.580394+00:00
Melilla,19,5,2013,Mayo,9.42,,,,2026-04-22T14:04:08.580394+00:00
Melilla,19,4,2013,Abril,,,,,2026-04-22T14:04:08.580394+00:00
Melilla,19,3,2013,Marzo,,,,,2026-04-22T14:04:08.580394+00:00
Melilla,19,2,2013,Febrero,,,,,2026-04-22T14:04:08.580394+00:00
Melilla,19,1,2013,Enero,,,,,2026-04-22T14:04:08.580394+00:00
Melilla,19,12,2012,Diciembre,,,,,2026-04-22T14:04:08.580394+00:00
Melilla,19,11,2012,Noviembre,,,,,2026-04-22T14:04:08.580394+00:00
Melilla,19,10,2012,Octubre,,,,,2026-04-22T14:04:08.580394+00:00
Melilla,19,9,2012,Septiembre,,,,,2026-04-22T14:04:08.580394+00:00
Melilla,19,8,2012,Agosto,,,,,2026-04-22T14:04:08.580394+00:00
Melilla,19,7,2012,Julio,,,,,2026-04-22T14:04:08.580394+00:00
Melilla,19,6,2012,Junio,,,,,2026-04-22T14:04:08.580394+00:00
Melilla,19,5,2012,Mayo,,,,,2026-04-22T14:04:08.580394+00:00
Melilla,19,4,2012,Abril,,,,,2026-04-22T14:04:08.580394+00:00
Melilla,19,3,2012,Marzo,,,,,2026-04-22T14:04:08.580394+00:00
Melilla,19,2,2012,Febrero,,,,,2026-04-22T14:04:08.580394+00:00
Melilla,19,1,2012,Enero,,,,,2026-04-22T14:04:08.580394+00:00
Melilla,19,12,2011,Diciembre,,,,,2026-04-22T14:04:08.580394+00:00
Melilla,19,11,2011,Noviembre,,,,,2026-04-22T14:04:08.580394+00:00
Melilla,19,10,2011,Octubre,,,,,2026-04-22T14:04:08.580394+00:00
Melilla,19,9,2011,Septiembre,,,,,2026-04-22T14:04:08.580394+00:00
Melilla,19,8,2011,Agosto,,,,,2026-04-22T14:04:08.580394+00:00
Melilla,19,7,2011,Julio,,,,,2026-04-22T14:04:08.580394+00:00
Melilla,19,6,2011,Junio,,,,,2026-04-22T14:04:08.580394+00:00
Melilla,19,5,2011,Mayo,,,,,2026-04-22T14:04:08.580394+00:00
Melilla,19,4,2011,Abril,,,,,2026-04-22T14:04:08.580394+00:00
Melilla,19,3,2011,Marzo,,,,,2026-04-22T14:04:08.580394+00:00
Melilla,19,2,2011,Febrero,,,,,2026-04-22T14:04:08.580394+00:00
Melilla,19,1,2011,Enero,,,,,2026-04-22T14:04:08.580394+00:00
Melilla,19,12,2010,Diciembre,,,,,2026-04-22T14:04:08.580394+00:00
Melilla,19,11,2010,Noviembre,,,,,2026-04-22T14:04:08.580394+00:00
Melilla,19,10,2010,Octubre,,,,,2026-04-22T14:04:08.580394+00:00
Melilla,19,9,2010,Septiembre,,,,,2026-04-22T14:04:08.580394+00:00
Melilla,19,8,2010,Agosto,,,,,2026-04-22T14:04:08.580394+00:00
Melilla,19,7,2010,Julio,,,,,2026-04-22T14:04:08.580394+00:00
Melilla,19,6,2010,Junio,,,,,2026-04-22T14:04:08.580394+00:00
Melilla,19,5,2010,Mayo,,,,,2026-04-22T14:04:08.580394+00:00
Melilla,19,4,2010,Abril,,,,,2026-04-22T14:04:08.580394+00:00
Melilla,19,3,2010,Marzo,,,,,2026-04-22T14:04:08.580394+00:00
Melilla,19,2,2010,Febrero,,,,,2026-04-22T14:04:08.580394+00:00
Melilla,19,1,2010,Enero,,,,,2026-04-22T14:04:08.580394+00:00
Melilla,19,12,2009,Diciembre,,,,,2026-04-22T14:04:08.580394+00:00
Melilla,19,11,2009,Noviembre,,,,,2026-04-22T14:04:08.580394+00:00
Melilla,19,10,2009,Octubre,,,,,2026-04-22T14:04:08.580394+00:00
Melilla,19,9,2009,Septiembre,,,,,2026-04-22T14:04:08.580394+00:00
Melilla,19,8,2009,Agosto,,,,,2026-04-22T14:04:08.580394+00:00
Melilla,19,7,2009,Julio,,,,,2026-04-22T14:04:08.580394+00:00
Melilla,19,6,2009,Junio,,,,,2026-04-22T14:04:08.580394+00:00
Melilla,19,5,2009,Mayo,,,,,2026-04-22T14:04:08.580394+00:00
Melilla,19,4,2009,Abril,,,,,2026-04-22T14:04:08.580394+00:00
Melilla,19,3,2009,Marzo,,,,,2026-04-22T14:04:08.580394+00:00
Melilla,19,2,2009,Febrero,,,,,2026-04-22T14:04:08.580394+00:00
Melilla,19,1,2009,Enero,,,,,2026-04-22T14:04:08.580394+00:00
Melilla,19,12,2008,Diciembre,,,,,2026-04-22T14:04:08.580394+00:00
Melilla,19,11,2008,Noviembre,,,,,2026-04-22T14:04:08.580394+00:00
Melilla,19,10,2008,Octubre,,,,,2026-04-22T14:04:08.580394+00:00
Melilla,19,9,2008,Septiembre,,,,,2026-04-22T14:04:08.580394+00:00
Melilla,19,8,2008,Agosto,,,,,2026-04-22T14:04:08.580394+00:00
Melilla,19,7,2008,Julio,,,,,2026-04-22T14:04:08.580394+00:00
Melilla,19,6,2008,Junio,,,,,2026-04-22T14:04:08.580394+00:00
Melilla,19,5,2008,Mayo,,,,,2026-04-22T14:04:08.580394+00:00
Melilla,19,4,2008,Abril,,,,,2026-04-22T14:04:08.580394+00:00
Melilla,19,3,2008,Marzo,,,,,2026-04-22T14:04:08.580394+00:00
Melilla,19,2,2008,Febrero,,,,,2026-04-22T14:04:08.580394+00:00
Melilla,19,1,2008,Enero,,,,,2026-04-22T14:04:08.580394+00:00
Melilla,19,12,2007,Diciembre,,,,,2026-04-22T14:04:08.580394+00:00
Melilla,19,11,2007,Noviembre,,,,,2026-04-22T14:04:08.580394+00:00
Melilla,19,10,2007,Octubre,,,,,2026-04-22T14:04:08.580394+00:00
Melilla,19,9,2007,Septiembre,,,,,2026-04-22T14:04:08.580394+00:00
Melilla,19,8,2007,Agosto,,,,,2026-04-22T14:04:08.580394+00:00
Melilla,19,7,2007,Julio,,,,,2026-04-22T14:04:08.580394+00:00
Melilla,19,6,2007,Junio,,,,,2026-04-22T14:04:08.580394+00:00
Melilla,19,5,2007,Mayo,,,,,2026-04-22T14:04:08.580394+00:00
Melilla,19,4,2007,Abril,,,,,2026-04-22T14:04:08.580394+00:00
Melilla,19,3,2007,Marzo,,,,,2026-04-22T14:04:08.580394+00:00
Melilla,19,2,2007,Febrero,,,,,2026-04-22T14:04:08.580394+00:00
Melilla,19,1,2007,Enero,,,,,2026-04-22T14:04:08.580394+00:00
Melilla,19,12,2006,Diciembre,,,,,2026-04-22T14:04:08.580394+00:00
Melilla,19,11,2006,Noviembre,,,,,2026-04-22T14:04:08.580394+00:00
Melilla,19,10,2006,Octubre,,,,,2026-04-22T14:04:08.580394+00:00
Melilla,19,9,2006,Septiembre,,,,,2026-04-22T14:04:08.580394+00:00
Melilla,19,8,2006,Agosto,,,,,2026-04-22T14:04:08.580394+00:00
Melilla,19,7,2006,Julio,,,,,2026-04-22T14:04:08.580394+00:00
Melilla,19,6,2006,Junio,,,,,2026-04-22T14:04:08.580394+00:00
Melilla,19,5,2006,Mayo,,,,,2026-04-22T14:04:08.580394+00:00
Melilla,19,4,2006,Abril,,,,,2026-04-22T14:04:08.580394+00:00
Melilla,19,3,2006,Marzo,,,,,2026-04-22T14:04:08.580394+00:00
Melilla,19,2,2006,Febrero,,,,,2026-04-22T14:04:08.580394+00:00
Melilla,19,1,2006,Enero,,,,,2026-04-22T14:04:08.580394+00:00
