ccaa_id3,ccaa,anio,pib_regional_eur,origen_pib,concepto,pct_pib_regional,importe_eur
and,Andalucía,2015,146406094000.0,real,sanidad,5.7295,8388296442.0
and,Andalucía,2016,149901897000.0,real,sanidad,5.7756,8657784983.0
and,Andalucía,2017,156789484000.0,real,sanidad,5.8231,9129970917.0
and,Andalucía,2018,161894301000.0,real,sanidad,5.9468,9627553896.0
and,Andalucía,2019,166478730000.0,real,sanidad,5.7745,9613264022.0
and,Andalucía,2020,150452909000.0,real,sanidad,7.1557,10765885257.0
and,Andalucía,2021,166296356000.0,real,sanidad,6.8875,11453591430.0
and,Andalucía,2022,184364390000.0,real,sanidad,6.6252,12214500940.0
and,Andalucía,2023,199406067000.0,real,sanidad,6.8428,13644937026.0
and,Andalucía,2024,212359142000.0,real,sanidad,6.6188,14055560408.0
and,Andalucía,2025,222116470593.1817,proyeccion,sanidad,6.7719,15041542563.0
and,Andalucía,2026,235169103530.3166,proyeccion,sanidad,6.7827,15950811279.0
ara,Aragón,2015,33265930000.0,real,sanidad,4.6166,1535750491.04
ara,Aragón,2016,34542128000.0,real,sanidad,5.0806,1754952441.55
ara,Aragón,2017,35983544000.0,real,sanidad,5.1297,1845830789.42
ara,Aragón,2018,37213896000.0,real,sanidad,5.2219,1943284163.95
ara,Aragón,2019,38465053000.0,real,sanidad,5.0521,1943284163.95
ara,Aragón,2020,35955571000.0,real,sanidad,5.5941,2011375281.29
ara,Aragón,2021,38782157000.0,real,sanidad,5.9194,2295688201.41
ara,Aragón,2022,43668835000.0,real,sanidad,5.0057,2185911149.5
ara,Aragón,2023,46778120000.0,real,sanidad,5.3048,2481490321.17
ara,Aragón,2024,49634925000.0,real,sanidad,5.4488,2704508197.54
ara,Aragón,2025,51706151620.8324,proyeccion,sanidad,5.2305,2704508197.54
ara,Aragón,2026,54863918381.8983,proyeccion,sanidad,4.9295,2704508197.54
ast,Asturias,2015,21388142000.0,real,sanidad,6.9353,1483333763.0
ast,Asturias,2016,21675441000.0,real,sanidad,7.5655,1639849636.0
ast,Asturias,2017,22538267000.0,real,sanidad,7.405,1668954671.0
ast,Asturias,2018,23185680000.0,real,sanidad,7.3299,1699483931.0
ast,Asturias,2019,23666618000.0,real,sanidad,7.4008,1751509971.0
ast,Asturias,2020,21376392000.0,real,sanidad,8.426,1801183712.0
ast,Asturias,2021,23617641000.0,real,sanidad,8.2228,1942029769.0
ast,Asturias,2022,26690102000.0,real,sanidad,7.4461,1987383547.0
ast,Asturias,2023,28350371000.0,real,sanidad,7.4619,2115483423.0
ast,Asturias,2024,30012308000.0,real,sanidad,7.7397,2322856371.0
ast,Asturias,2025,31206996480.0363,proyeccion,sanidad,7.84,2446640883.0
ast,Asturias,2026,32540503695.6435,proyeccion,sanidad,7.8343,2549313952.0
bal,Baleares,2015,28653742000.0,real,sanidad,4.5136,1293305893.0
bal,Baleares,2016,30233284000.0,real,sanidad,4.5317,1370092639.0
bal,Baleares,2017,31746251000.0,real,sanidad,4.6407,1473247771.0
bal,Baleares,2018,33185968000.0,real,sanidad,4.6837,1554338007.0
bal,Baleares,2019,34350576000.0,real,sanidad,4.9689,1706834266.0
bal,Baleares,2020,26669106000.0,real,sanidad,6.3948,1705436416.0
bal,Baleares,2021,30512146000.0,real,sanidad,5.7693,1760322500.0
bal,Baleares,2022,37189162000.0,real,sanidad,5.2113,1938048858.0
bal,Baleares,2023,41502526000.0,real,sanidad,5.2971,2198416178.0
bal,Baleares,2024,44692852000.0,real,sanidad,5.0832,2271828953.0
bal,Baleares,2025,47156552442.1196,proyeccion,sanidad,5.0725,2392009631.0
bal,Baleares,2026,50781507109.3719,proyeccion,sanidad,4.7736,2424124341.0
can,Canarias,2015,39636569000.0,real,sanidad,6.2057,2459743096.0
can,Canarias,2016,40979670000.0,real,sanidad,6.0901,2495715117.0
can,Canarias,2017,43035839000.0,real,sanidad,5.9406,2556566464.0
can,Canarias,2018,44609266000.0,real,sanidad,6.1412,2739535209.0
can,Canarias,2019,45766832000.0,real,sanidad,6.1896,2832787821.0
can,Canarias,2020,37587399000.0,real,sanidad,7.9033,2970650193.0
can,Canarias,2021,41407275000.0,real,sanidad,7.4588,3088468435.0
can,Canarias,2022,48908196000.0,real,sanidad,6.5948,3225421670.0
can,Canarias,2023,53990089000.0,real,sanidad,6.6228,3575652999.0
can,Canarias,2024,58144618000.0,real,sanidad,7.0655,4108181841.0
can,Canarias,2025,61062044154.199,proyeccion,sanidad,7.0562,4308657056.0
can,Canarias,2026,65760759009.7699,proyeccion,sanidad,6.9069,4542045217.0
cat,Cataluña,2015,206434270000.0,real,sanidad,4.0006,8258548090.72
cat,Cataluña,2016,214502547000.0,real,sanidad,3.9776,8531977179.82
cat,Cataluña,2017,223139777000.0,real,sanidad,3.8615,8616575864.15
cat,Cataluña,2018,231101287000.0,real,sanidad,3.7285,8616575864.15
cat,Cataluña,2019,240165818000.0,real,sanidad,3.8033,9134162335.42
cat,Cataluña,2020,214857435000.0,real,sanidad,4.4189,9494241602.78
cat,Cataluña,2021,234820402000.0,real,sanidad,4.0432,9494241602.78
cat,Cataluña,2022,258787407000.0,real,sanidad,4.0013,10354756810.75
cat,Cataluña,2023,283274025000.0,real,sanidad,4.0015,11335301941.0
cat,Cataluña,2024,302303884000.0,real,sanidad,3.8858,11747006548.59
cat,Cataluña,2025,314476551469.5445,proyeccion,sanidad,3.7354,11747006548.59
cat,Cataluña,2026,335602542224.5094,proyeccion,sanidad,3.875,13004607194.14
clm,Cast.-La Mancha,2015,37998035000.0,real,sanidad,6.3499,2412822220.0
clm,Cast.-La Mancha,2016,39136242000.0,real,sanidad,6.7217,2630611680.0
clm,Cast.-La Mancha,2017,40768959000.0,real,sanidad,6.6839,2724969590.0
clm,Cast.-La Mancha,2018,42290925000.0,real,sanidad,6.6426,2809202270.0
clm,Cast.-La Mancha,2019,43393303000.0,real,sanidad,6.4738,2809202270.0
clm,Cast.-La Mancha,2020,40254360000.0,real,sanidad,7.5532,3040499320.0
clm,Cast.-La Mancha,2021,44123986000.0,real,sanidad,8.4252,3717533530.0
clm,Cast.-La Mancha,2022,50032018000.0,real,sanidad,7.3418,3673248580.0
clm,Cast.-La Mancha,2023,52544941000.0,real,sanidad,6.9958,3675941730.0
clm,Cast.-La Mancha,2024,55559897000.0,real,sanidad,7.0367,3909573620.0
clm,Cast.-La Mancha,2025,57877789156.0775,proyeccion,sanidad,6.6246,3834163140.0
clm,Cast.-La Mancha,2026,60528774710.7235,proyeccion,sanidad,6.8169,4126166360.0
cnt,Cantabria,2015,12443843000.0,real,sanidad,6.358,791173926.0
cnt,Cantabria,2016,12833899000.0,real,sanidad,6.2946,807838982.0
cnt,Cantabria,2017,13318023000.0,real,sanidad,6.2103,827085351.0
cnt,Cantabria,2018,13843935000.0,real,sanidad,6.1644,853389380.0
cnt,Cantabria,2019,14274351000.0,real,sanidad,6.143,876879573.0
cnt,Cantabria,2020,12991241000.0,real,sanidad,7.1073,923332337.0
cnt,Cantabria,2021,14206538000.0,real,sanidad,7.0195,997231051.0
cnt,Cantabria,2022,15557155000.0,real,sanidad,6.5835,1024213022.0
cnt,Cantabria,2023,16740663000.0,real,sanidad,6.4553,1080659864.0
cnt,Cantabria,2024,17700122000.0,real,sanidad,6.5181,1153704317.0
cnt,Cantabria,2025,18399077585.3196,proyeccion,sanidad,6.6596,1225308481.0
cnt,Cantabria,2026,19638827481.9118,proyeccion,sanidad,6.7421,1324077382.0
cym,Cast. y León,2015,53183396000.0,real,sanidad,6.1156,3252486438.0
cym,Cast. y León,2016,54630532000.0,real,sanidad,6.0132,3285027920.0
cym,Cast. y León,2017,55879293000.0,real,sanidad,6.1681,3446716392.0
cym,Cast. y León,2018,58326859000.0,real,sanidad,6.0777,3544930466.0
cym,Cast. y León,2019,59649198000.0,real,sanidad,5.943,3544930466.0
cym,Cast. y León,2020,54794589000.0,real,sanidad,6.4695,3544930466.0
cym,Cast. y León,2021,59465900000.0,real,sanidad,7.2596,4316967631.0
cym,Cast. y León,2022,65467208000.0,real,sanidad,6.5941,4316967631.0
cym,Cast. y León,2023,69893920000.0,real,sanidad,6.7102,4690046743.0
cym,Cast. y León,2024,73992645000.0,real,sanidad,6.5044,4812765002.0
cym,Cast. y León,2025,77233592986.7985,proyeccion,sanidad,6.2314,4812765002.0
cym,Cast. y León,2026,80786752445.5297,proyeccion,sanidad,5.9574,4812765002.0
ext,Extremadura,2015,18494971000.0,real,sanidad,7.4445,1376856967.0
ext,Extremadura,2016,19069471000.0,real,sanidad,8.1287,1550101891.0
ext,Extremadura,2017,20169546000.0,real,sanidad,7.6306,1539066245.0
ext,Extremadura,2018,20713254000.0,real,sanidad,7.7436,1603961004.0
ext,Extremadura,2019,21166132000.0,real,sanidad,7.9897,1691119508.0
ext,Extremadura,2020,19497343000.0,real,sanidad,8.9372,1742520488.0
ext,Extremadura,2021,21551517000.0,real,sanidad,8.7071,1876516389.0
ext,Extremadura,2022,23486645000.0,real,sanidad,8.5517,2008513430.0
ext,Extremadura,2023,25192615000.0,real,sanidad,8.7498,2204300044.0
ext,Extremadura,2024,26583476000.0,real,sanidad,8.5846,2282097280.0
ext,Extremadura,2025,28051125150.8657,proyeccion,sanidad,8.1355,2282097280.0
ext,Extremadura,2026,29283045487.1274,proyeccion,sanidad,7.7932,2282097280.0
gal,Galicia,2015,57010602000.0,real,sanidad,5.5604,3170026461.0
gal,Galicia,2016,58564023000.0,real,sanidad,5.6518,3309935296.0
gal,Galicia,2017,60630852000.0,real,sanidad,5.6278,3412155657.0
gal,Galicia,2018,62649363000.0,real,sanidad,5.8499,3664934669.0
gal,Galicia,2019,64502005000.0,real,sanidad,5.8639,3782335225.0
gal,Galicia,2020,59007178000.0,real,sanidad,6.6056,3897761068.0
gal,Galicia,2021,64387386000.0,real,sanidad,6.7999,4378280132.0
gal,Galicia,2022,71636381000.0,real,sanidad,6.4065,4589357966.0
gal,Galicia,2023,77461411000.0,real,sanidad,6.4199,4972964283.0
gal,Galicia,2024,81839712000.0,real,sanidad,6.3436,5191549097.0
gal,Galicia,2025,84727981648.3003,proyeccion,sanidad,6.4421,5458255848.0
gal,Galicia,2026,89517006299.2806,proyeccion,sanidad,6.3359,5671724741.0
lar,La Rioja,2015,8033065000.0,real,sanidad,4.9422,397009501.0
lar,La Rioja,2016,8074094000.0,real,sanidad,5.0404,406963277.0
lar,La Rioja,2017,8351707000.0,real,sanidad,4.8878,408215639.0
lar,La Rioja,2018,8649852000.0,real,sanidad,4.9135,425013914.0
lar,La Rioja,2019,8889997000.0,real,sanidad,4.8986,435489541.0
lar,La Rioja,2020,8186915000.0,real,sanidad,5.5459,454040465.0
lar,La Rioja,2021,8735750000.0,real,sanidad,6.0561,529044979.0
lar,La Rioja,2022,9767469000.0,real,sanidad,5.3687,524388258.0
lar,La Rioja,2023,10476650000.0,real,sanidad,5.2185,546720797.0
lar,La Rioja,2024,11111889000.0,real,sanidad,5.3303,592298603.0
lar,La Rioja,2025,11508568881.8379,proyeccion,sanidad,5.5675,640739777.0
lar,La Rioja,2026,12112848663.0821,proyeccion,sanidad,5.2593,637055097.0
mad,Madrid,2015,206231525000.0,real,sanidad,3.4873,7191837009.0
mad,Madrid,2016,214469101000.0,real,sanidad,3.4576,7415379241.0
mad,Madrid,2017,224373156000.0,real,sanidad,3.3871,7599708222.0
mad,Madrid,2018,233735808000.0,real,sanidad,3.3492,7828244717.0
mad,Madrid,2019,243889359000.0,real,sanidad,3.3075,8066704298.0
mad,Madrid,2020,221061932000.0,real,sanidad,3.6491,8066704298.0
mad,Madrid,2021,239837609000.0,real,sanidad,3.3634,8066704298.0
mad,Madrid,2022,267171570000.0,real,sanidad,3.2787,8759661476.0
mad,Madrid,2023,295939562000.0,real,sanidad,2.9599,8759661476.0
mad,Madrid,2024,316193370000.0,real,sanidad,3.2297,10211960772.0
mad,Madrid,2025,330794990991.154,proyeccion,sanidad,3.1871,10542858597.0
mad,Madrid,2026,356751462437.7044,proyeccion,sanidad,3.1096,11093460615.0
mur,Murcia,2015,29168718000.0,real,sanidad,6.375,1859495700.0
mur,Murcia,2016,30009138000.0,real,sanidad,6.5279,1958971130.0
mur,Murcia,2017,31192490000.0,real,sanidad,6.4146,2000860733.0
mur,Murcia,2018,31715345000.0,real,sanidad,6.6983,2124384788.0
mur,Murcia,2019,33000651000.0,real,sanidad,6.6317,2188488008.0
mur,Murcia,2020,30440306000.0,real,sanidad,7.2385,2203429680.0
mur,Murcia,2021,33603543000.0,real,sanidad,7.4013,2487112377.0
mur,Murcia,2022,37380806000.0,real,sanidad,6.7683,2530062207.0
mur,Murcia,2023,39838741000.0,real,sanidad,6.6798,2661157290.0
mur,Murcia,2024,42488024000.0,real,sanidad,6.7016,2847362340.0
mur,Murcia,2025,44209906961.5551,proyeccion,sanidad,6.7231,2972286524.0
mur,Murcia,2026,46619073818.1298,proyeccion,sanidad,6.3757,2972286524.0
nav,Navarra,2015,18334417000.0,real,sanidad,4.9354,904884244.0
nav,Navarra,2016,18911331000.0,real,sanidad,5.025,950290485.0
nav,Navarra,2017,19698794000.0,real,sanidad,5.1075,1006123754.0
nav,Navarra,2018,20235995000.0,real,sanidad,5.0633,1024602853.0
nav,Navarra,2019,21070268000.0,real,sanidad,4.9726,1047750152.0
nav,Navarra,2020,19160726000.0,real,sanidad,5.8569,1122231413.0
nav,Navarra,2021,20821017000.0,real,sanidad,5.8179,1211356190.0
nav,Navarra,2022,23204474000.0,real,sanidad,5.248,1217768301.0
nav,Navarra,2023,24975376000.0,real,sanidad,5.1484,1285836840.0
nav,Navarra,2024,26619297000.0,real,sanidad,5.3171,1415375379.0
nav,Navarra,2025,27727717738.525,proyeccion,sanidad,5.2658,1460097315.0
nav,Navarra,2026,29541097405.4703,proyeccion,sanidad,5.106,1508379759.0
pvc,País Vasco,2015,65073341000.0,real,sanidad,5.2017,3384908174.0
pvc,País Vasco,2016,67114993000.0,real,sanidad,5.0908,3416697951.0
pvc,País Vasco,2017,69585295000.0,real,sanidad,5.0846,3538134644.0
pvc,País Vasco,2018,71915111000.0,real,sanidad,5.1069,3672658495.0
pvc,País Vasco,2019,73999981000.0,real,sanidad,5.1291,3795519108.0
pvc,País Vasco,2020,66672598000.0,real,sanidad,5.9077,3938835835.0
pvc,País Vasco,2021,72513029000.0,real,sanidad,5.5018,3989532488.0
pvc,País Vasco,2022,80218167000.0,real,sanidad,5.2189,4186527007.0
pvc,País Vasco,2023,86748107000.0,real,sanidad,5.3361,4628962720.0
pvc,País Vasco,2024,91612735000.0,real,sanidad,5.3364,4888865872.0
pvc,País Vasco,2025,94984725555.0161,proyeccion,sanidad,5.3762,5106543104.0
pvc,País Vasco,2026,100311243579.2912,proyeccion,sanidad,5.3005,5317027591.0
val,C. Valenciana,2015,101214206000.0,real,sanidad,5.4147,5480479460.0
val,C. Valenciana,2016,104205396000.0,real,sanidad,5.6587,5896703080.0
val,C. Valenciana,2017,108666712000.0,real,sanidad,5.5883,6072586120.0
val,C. Valenciana,2018,112749574000.0,real,sanidad,5.6573,6378603750.0
val,C. Valenciana,2019,116588528000.0,real,sanidad,5.6816,6624076700.0
val,C. Valenciana,2020,106067171000.0,real,sanidad,6.3668,6753056640.0
val,C. Valenciana,2021,116386906000.0,real,sanidad,6.4584,7516686070.0
val,C. Valenciana,2022,127583394000.0,real,sanidad,6.1328,7824377320.0
val,C. Valenciana,2023,139655905000.0,real,sanidad,5.9031,8244060650.0
val,C. Valenciana,2024,148283453000.0,real,sanidad,5.7215,8484087430.0
val,C. Valenciana,2025,154631870325.7606,proyeccion,sanidad,5.8169,8994839160.0
val,C. Valenciana,2026,164184591233.3746,proyeccion,sanidad,5.6244,9234412650.0
and,Andalucía,2015,146406094000.0,real,educacion,4.4994,6587403880.0
and,Andalucía,2016,149901897000.0,real,educacion,4.5418,6808224868.0
and,Andalucía,2017,156789484000.0,real,educacion,4.4768,7019185001.0
and,Andalucía,2018,161894301000.0,real,educacion,4.5275,7329745592.0
and,Andalucía,2019,166478730000.0,real,educacion,4.3827,7296321233.0
and,Andalucía,2020,150452909000.0,real,educacion,5.2428,7887891327.0
and,Andalucía,2021,166296356000.0,real,educacion,5.1118,8500803036.0
and,Andalucía,2022,184364390000.0,real,educacion,4.7431,8744579745.0
and,Andalucía,2023,199406067000.0,real,educacion,4.4174,8808586626.0
and,Andalucía,2024,212359142000.0,real,educacion,4.3884,9319094156.0
and,Andalucía,2025,222116470593.1817,proyeccion,educacion,4.3641,9693334966.0
and,Andalucía,2026,235169103530.3166,proyeccion,educacion,4.2516,9998482040.0
ara,Aragón,2015,33265930000.0,real,educacion,2.644,879551896.15
ara,Aragón,2016,34542128000.0,real,educacion,2.7748,958476678.66
ara,Aragón,2017,35983544000.0,real,educacion,2.8921,1040672901.92
ara,Aragón,2018,37213896000.0,real,educacion,2.9299,1090322967.47
ara,Aragón,2019,38465053000.0,real,educacion,2.8346,1090322967.47
ara,Aragón,2020,35955571000.0,real,educacion,3.2879,1182200938.26
ara,Aragón,2021,38782157000.0,real,educacion,3.3386,1294794240.56
ara,Aragón,2022,43668835000.0,real,educacion,3.0036,1311647998.15
ara,Aragón,2023,46778120000.0,real,educacion,2.9354,1373141920.04
ara,Aragón,2024,49634925000.0,real,educacion,3.062,1519817440.43
ara,Aragón,2025,51706151620.8324,proyeccion,educacion,2.9393,1519817440.43
ara,Aragón,2026,54863918381.8983,proyeccion,educacion,2.7702,1519817440.43
ast,Asturias,2015,21388142000.0,real,educacion,3.3773,722331717.0
ast,Asturias,2016,21675441000.0,real,educacion,3.418,740875925.0
ast,Asturias,2017,22538267000.0,real,educacion,3.3257,749559459.0
ast,Asturias,2018,23185680000.0,real,educacion,3.3381,773957382.0
ast,Asturias,2019,23666618000.0,real,educacion,3.394,803249554.0
ast,Asturias,2020,21376392000.0,real,educacion,3.9544,845304215.0
ast,Asturias,2021,23617641000.0,real,educacion,3.7868,894354551.0
ast,Asturias,2022,26690102000.0,real,educacion,3.532,942696580.0
ast,Asturias,2023,28350371000.0,real,educacion,3.5242,999121164.0
ast,Asturias,2024,30012308000.0,real,educacion,3.4727,1042251593.0
ast,Asturias,2025,31206996480.0363,proyeccion,educacion,3.5034,1093294252.0
ast,Asturias,2026,32540503695.6435,proyeccion,educacion,3.6229,1178921574.0
bal,Baleares,2015,28653742000.0,real,educacion,2.7075,775802264.0
bal,Baleares,2016,30233284000.0,real,educacion,2.7038,817453988.0
bal,Baleares,2017,31746251000.0,real,educacion,2.7831,883516262.0
bal,Baleares,2018,33185968000.0,real,educacion,0.003,1006436.0
bal,Baleares,2019,34350576000.0,real,educacion,0.003,1035250.0
bal,Baleares,2020,26669106000.0,real,educacion,0.0038,1012437.0
bal,Baleares,2021,30512146000.0,real,educacion,0.0035,1060454.0
bal,Baleares,2022,37189162000.0,real,educacion,3.0556,1136369323.0
bal,Baleares,2023,41502526000.0,real,educacion,3.0015,1245709578.0
bal,Baleares,2024,44692852000.0,real,educacion,3.0058,1343385180.0
bal,Baleares,2025,47156552442.1196,proyeccion,educacion,3.0135,1421043777.0
bal,Baleares,2026,50781507109.3719,proyeccion,educacion,2.7586,1400836886.0
can,Canarias,2015,39636569000.0,real,educacion,3.7972,1505068806.0
can,Canarias,2016,40979670000.0,real,educacion,3.69,1512161492.0
can,Canarias,2017,43035839000.0,real,educacion,3.6125,1554652062.0
can,Canarias,2018,44609266000.0,real,educacion,3.7106,1655264047.0
can,Canarias,2019,45766832000.0,real,educacion,3.7682,1724573632.0
can,Canarias,2020,37587399000.0,real,educacion,4.9057,1843929720.0
can,Canarias,2021,41407275000.0,real,educacion,4.6903,1942115290.0
can,Canarias,2022,48908196000.0,real,educacion,4.2772,2091903913.0
can,Canarias,2023,53990089000.0,real,educacion,4.2015,2268413967.0
can,Canarias,2024,58144618000.0,real,educacion,4.0653,2363740548.0
can,Canarias,2025,61062044154.199,proyeccion,educacion,3.985,2433340054.0
can,Canarias,2026,65760759009.7699,proyeccion,educacion,3.9552,2600971304.0
cat,Cataluña,2015,206434270000.0,real,educacion,2.4854,5130679426.99
cat,Cataluña,2016,214502547000.0,real,educacion,2.5282,5423136303.83
cat,Cataluña,2017,223139777000.0,real,educacion,2.5223,5628219105.81
cat,Cataluña,2018,231101287000.0,real,educacion,2.4354,5628219105.81
cat,Cataluña,2019,240165818000.0,real,educacion,2.5795,6195003669.09
cat,Cataluña,2020,214857435000.0,real,educacion,3.0853,6628901871.22
cat,Cataluña,2021,234820402000.0,real,educacion,2.823,6628901871.22
cat,Cataluña,2022,258787407000.0,real,educacion,2.9707,7687714793.25
cat,Cataluña,2023,283274025000.0,real,educacion,2.8323,8023063295.99
cat,Cataluña,2024,302303884000.0,real,educacion,2.7751,8389127300.59
cat,Cataluña,2025,314476551469.5445,proyeccion,educacion,2.6676,8389127300.59
cat,Cataluña,2026,335602542224.5094,proyeccion,educacion,2.7622,9270136188.03
clm,Cast.-La Mancha,2015,37998035000.0,real,educacion,3.9891,1515797070.0
clm,Cast.-La Mancha,2016,39136242000.0,real,educacion,4.2157,1649848580.0
clm,Cast.-La Mancha,2017,40768959000.0,real,educacion,4.214,1718009180.0
clm,Cast.-La Mancha,2018,42290925000.0,real,educacion,4.2595,1801375270.0
clm,Cast.-La Mancha,2019,43393303000.0,real,educacion,4.1513,1801375270.0
clm,Cast.-La Mancha,2020,40254360000.0,real,educacion,4.8368,1947035400.0
clm,Cast.-La Mancha,2021,44123986000.0,real,educacion,5.0579,2231740420.0
clm,Cast.-La Mancha,2022,50032018000.0,real,educacion,4.7056,2354316640.0
clm,Cast.-La Mancha,2023,52544941000.0,real,educacion,4.615,2424973030.0
clm,Cast.-La Mancha,2024,55559897000.0,real,educacion,4.4524,2473722660.0
clm,Cast.-La Mancha,2025,57877789156.0775,proyeccion,educacion,4.3726,2530782640.0
clm,Cast.-La Mancha,2026,60528774710.7235,proyeccion,educacion,4.35,2633020170.0
cnt,Cantabria,2015,12443843000.0,real,educacion,4.1821,520417665.0
cnt,Cantabria,2016,12833899000.0,real,educacion,4.2562,546242340.0
cnt,Cantabria,2017,13318023000.0,real,educacion,4.2219,562272196.0
cnt,Cantabria,2018,13843935000.0,real,educacion,4.2458,587781378.0
cnt,Cantabria,2019,14274351000.0,real,educacion,4.2916,612600404.0
cnt,Cantabria,2020,12991241000.0,real,educacion,4.7662,619193625.0
cnt,Cantabria,2021,14206538000.0,real,educacion,4.6084,654698991.0
cnt,Cantabria,2022,15557155000.0,real,educacion,4.1093,639297501.0
cnt,Cantabria,2023,16740663000.0,real,educacion,4.1299,691376763.0
cnt,Cantabria,2024,17700122000.0,real,educacion,4.0895,723842463.0
cnt,Cantabria,2025,18399077585.3196,proyeccion,educacion,4.0579,746611006.0
cnt,Cantabria,2026,19638827481.9118,proyeccion,educacion,4.0389,793193442.0
cym,Cast. y León,2015,53183396000.0,real,educacion,3.3428,1777814120.0
cym,Cast. y León,2016,54630532000.0,real,educacion,3.349,1829589229.0
cym,Cast. y León,2017,55879293000.0,real,educacion,3.4012,1900565408.0
cym,Cast. y León,2018,58326859000.0,real,educacion,3.3502,1954038890.0
cym,Cast. y León,2019,59649198000.0,real,educacion,3.2759,1954038890.0
cym,Cast. y León,2020,54794589000.0,real,educacion,3.5661,1954038890.0
cym,Cast. y León,2021,59465900000.0,real,educacion,3.7815,2248721516.0
cym,Cast. y León,2022,65467208000.0,real,educacion,3.4349,2248721516.0
cym,Cast. y León,2023,69893920000.0,real,educacion,3.5507,2481746644.0
cym,Cast. y León,2024,73992645000.0,real,educacion,3.5554,2630711524.0
cym,Cast. y León,2025,77233592986.7985,proyeccion,educacion,3.4062,2630711524.0
cym,Cast. y León,2026,80786752445.5297,proyeccion,educacion,3.2564,2630711524.0
ext,Extremadura,2015,18494971000.0,real,educacion,5.5141,1019830034.0
ext,Extremadura,2016,19069471000.0,real,educacion,5.3289,1016192181.0
ext,Extremadura,2017,20169546000.0,real,educacion,5.0404,1016627283.0
ext,Extremadura,2018,20713254000.0,real,educacion,5.0273,1041322738.0
ext,Extremadura,2019,21166132000.0,real,educacion,5.0646,1071976980.0
ext,Extremadura,2020,19497343000.0,real,educacion,5.6255,1096831818.0
ext,Extremadura,2021,21551517000.0,real,educacion,5.5116,1187831592.0
ext,Extremadura,2022,23486645000.0,real,educacion,5.2535,1233864419.0
ext,Extremadura,2023,25192615000.0,real,educacion,5.1958,1308948181.0
ext,Extremadura,2024,26583476000.0,real,educacion,5.1561,1370679428.0
ext,Extremadura,2025,28051125150.8657,proyeccion,educacion,4.8864,1370679428.0
ext,Extremadura,2026,29283045487.1274,proyeccion,educacion,4.6808,1370679428.0
gal,Galicia,2015,57010602000.0,real,educacion,3.679,2097391793.0
gal,Galicia,2016,58564023000.0,real,educacion,3.7535,2198190396.0
gal,Galicia,2017,60630852000.0,real,educacion,3.7295,2261255143.0
gal,Galicia,2018,62649363000.0,real,educacion,3.7314,2337684996.0
gal,Galicia,2019,64502005000.0,real,educacion,3.7408,2412867739.0
gal,Galicia,2020,59007178000.0,real,educacion,4.2714,2520437222.0
gal,Galicia,2021,64387386000.0,real,educacion,4.177,2689451194.0
gal,Galicia,2022,71636381000.0,real,educacion,3.8409,2751484107.0
gal,Galicia,2023,77461411000.0,real,educacion,3.7365,2894320839.0
gal,Galicia,2024,81839712000.0,real,educacion,3.6364,2975998635.0
gal,Galicia,2025,84727981648.3003,proyeccion,educacion,3.5912,3042771180.0
gal,Galicia,2026,89517006299.2806,proyeccion,educacion,3.4484,3086864219.0
lar,La Rioja,2015,8033065000.0,real,educacion,2.905,233361150.0
lar,La Rioja,2016,8074094000.0,real,educacion,3.1769,256504296.0
lar,La Rioja,2017,8351707000.0,real,educacion,3.1159,260232242.0
lar,La Rioja,2018,8649852000.0,real,educacion,3.2041,277146239.0
lar,La Rioja,2019,8889997000.0,real,educacion,3.2644,290204605.0
lar,La Rioja,2020,8186915000.0,real,educacion,3.6589,299552395.0
lar,La Rioja,2021,8735750000.0,real,educacion,3.9498,345047771.0
lar,La Rioja,2022,9767469000.0,real,educacion,3.5609,347811369.0
lar,La Rioja,2023,10476650000.0,real,educacion,3.5131,368053803.0
lar,La Rioja,2024,11111889000.0,real,educacion,3.6282,403158839.0
lar,La Rioja,2025,11508568881.8379,proyeccion,educacion,3.7774,434726679.0
lar,La Rioja,2026,12112848663.0821,proyeccion,educacion,3.5371,428443953.0
mad,Madrid,2015,206231525000.0,real,educacion,1.0059,2074434949.0
mad,Madrid,2016,214469101000.0,real,educacion,1.0791,2314363938.0
mad,Madrid,2017,224373156000.0,real,educacion,1.0567,2370928847.0
mad,Madrid,2018,233735808000.0,real,educacion,1.0104,2361681788.0
mad,Madrid,2019,243889359000.0,real,educacion,1.0199,2487484407.0
mad,Madrid,2020,221061932000.0,real,educacion,1.1252,2487484407.0
mad,Madrid,2021,239837609000.0,real,educacion,1.0372,2487484407.0
mad,Madrid,2022,267171570000.0,real,educacion,1.0574,2825098365.0
mad,Madrid,2023,295939562000.0,real,educacion,0.9546,2825098365.0
mad,Madrid,2024,316193370000.0,real,educacion,0.9714,3071356976.0
mad,Madrid,2025,330794990991.154,proyeccion,educacion,0.9609,3178683222.0
mad,Madrid,2026,356751462437.7044,proyeccion,educacion,0.9226,3291300291.0
mur,Murcia,2015,29168718000.0,real,educacion,4.4615,1301370707.0
mur,Murcia,2016,30009138000.0,real,educacion,4.4515,1335846593.0
mur,Murcia,2017,31192490000.0,real,educacion,4.3346,1352081667.0
mur,Murcia,2018,31715345000.0,real,educacion,4.4486,1410897383.0
mur,Murcia,2019,33000651000.0,real,educacion,4.4502,1468600514.0
mur,Murcia,2020,30440306000.0,real,educacion,5.1667,1572762131.0
mur,Murcia,2021,33603543000.0,real,educacion,4.8309,1623351758.0
mur,Murcia,2022,37380806000.0,real,educacion,4.5242,1691192872.0
mur,Murcia,2023,39838741000.0,real,educacion,4.5855,1826798528.0
mur,Murcia,2024,42488024000.0,real,educacion,5.1121,2172034241.0
mur,Murcia,2025,44209906961.5551,proyeccion,educacion,5.2327,2313361348.0
mur,Murcia,2026,46619073818.1298,proyeccion,educacion,4.9623,2313361348.0
nav,Navarra,2015,18334417000.0,real,educacion,3.1261,573147512.0
nav,Navarra,2016,18911331000.0,real,educacion,3.1777,600949459.0
nav,Navarra,2017,19698794000.0,real,educacion,3.2659,643352335.0
nav,Navarra,2018,20235995000.0,real,educacion,3.2345,654538007.0
nav,Navarra,2019,21070268000.0,real,educacion,3.2745,689939162.0
nav,Navarra,2020,19160726000.0,real,educacion,3.9572,758237455.0
nav,Navarra,2021,20821017000.0,real,educacion,3.9455,821486275.0
nav,Navarra,2022,23204474000.0,real,educacion,3.8416,891414962.0
nav,Navarra,2023,24975376000.0,real,educacion,3.7641,940095265.0
nav,Navarra,2024,26619297000.0,real,educacion,3.7668,1002695363.0
nav,Navarra,2025,27727717738.525,proyeccion,educacion,3.7264,1033257219.0
nav,Navarra,2026,29541097405.4703,proyeccion,educacion,3.6016,1063943100.0
pvc,País Vasco,2015,65073341000.0,real,educacion,3.9106,2544775749.0
pvc,País Vasco,2016,67114993000.0,real,educacion,3.8488,2583113822.0
pvc,País Vasco,2017,69585295000.0,real,educacion,3.7829,2632327803.0
pvc,País Vasco,2018,71915111000.0,real,educacion,3.7311,2683253688.0
pvc,País Vasco,2019,73999981000.0,real,educacion,3.7836,2799852674.0
pvc,País Vasco,2020,66672598000.0,real,educacion,4.3282,2885693937.0
pvc,País Vasco,2021,72513029000.0,real,educacion,4.0701,2951381469.0
pvc,País Vasco,2022,80218167000.0,real,educacion,3.7507,3008746454.0
pvc,País Vasco,2023,86748107000.0,real,educacion,3.7488,3251996590.0
pvc,País Vasco,2024,91612735000.0,real,educacion,3.7651,3449291856.0
pvc,País Vasco,2025,94984725555.0161,proyeccion,educacion,3.7836,3593813245.0
pvc,País Vasco,2026,100311243579.2912,proyeccion,educacion,3.7774,3789148697.0
val,C. Valenciana,2015,101214206000.0,real,educacion,3.9434,3991316670.0
val,C. Valenciana,2016,104205396000.0,real,educacion,4.0145,4183282590.0
val,C. Valenciana,2017,108666712000.0,real,educacion,4.0439,4394327370.0
val,C. Valenciana,2018,112749574000.0,real,educacion,4.0515,4568049700.0
val,C. Valenciana,2019,116588528000.0,real,educacion,4.2423,4945999170.0
val,C. Valenciana,2020,106067171000.0,real,educacion,4.8316,5124742490.0
val,C. Valenciana,2021,116386906000.0,real,educacion,4.7692,5550771650.0
val,C. Valenciana,2022,127583394000.0,real,educacion,4.8067,6132544500.0
val,C. Valenciana,2023,139655905000.0,real,educacion,4.6062,6432865520.0
val,C. Valenciana,2024,148283453000.0,real,educacion,4.4511,6600309300.0
val,C. Valenciana,2025,154631870325.7606,proyeccion,educacion,4.6757,7230131350.0
val,C. Valenciana,2026,164184591233.3746,proyeccion,educacion,4.6121,7572363510.0
and,Andalucía,2015,146406094000.0,real,soberania,1.5849,2320441753.0
and,Andalucía,2016,149901897000.0,real,soberania,1.5374,2304635011.0
and,Andalucía,2017,156789484000.0,real,soberania,0.4396,689198945.0
and,Andalucía,2018,161894301000.0,real,soberania,0.4474,724288201.0
and,Andalucía,2019,166478730000.0,real,soberania,0.497,827419323.0
and,Andalucía,2020,150452909000.0,real,soberania,1.7129,2577053563.0
and,Andalucía,2021,166296356000.0,real,soberania,1.6982,2824012606.0
and,Andalucía,2022,184364390000.0,real,soberania,0.6804,1254456779.0
and,Andalucía,2023,199406067000.0,real,soberania,0.4465,890403807.0
and,Andalucía,2024,212359142000.0,real,soberania,0.4838,1027298672.0
and,Andalucía,2025,222116470593.1817,proyeccion,soberania,0.4772,1059877200.0
and,Andalucía,2026,235169103530.3166,proyeccion,soberania,0.3878,912065768.0
ara,Aragón,2015,33265930000.0,real,soberania,1.9481,648055750.07
ara,Aragón,2016,34542128000.0,real,soberania,1.8274,631230481.22
ara,Aragón,2017,35983544000.0,real,soberania,1.7666,635679223.88
ara,Aragón,2018,37213896000.0,real,soberania,1.7277,642933404.76
ara,Aragón,2019,38465053000.0,real,soberania,1.6715,642933404.76
ara,Aragón,2020,35955571000.0,real,soberania,1.8136,652097327.27
ara,Aragón,2021,38782157000.0,real,soberania,1.7384,674185062.13
ara,Aragón,2022,43668835000.0,real,soberania,1.5793,689672358.27
ara,Aragón,2023,46778120000.0,real,soberania,1.5286,715069103.18
ara,Aragón,2024,49634925000.0,real,soberania,1.4809,735047604.45
ara,Aragón,2025,51706151620.8324,proyeccion,soberania,1.4216,735047604.45
ara,Aragón,2026,54863918381.8983,proyeccion,soberania,1.3398,735047604.45
ast,Asturias,2015,21388142000.0,real,soberania,0.6767,144724327.0
ast,Asturias,2016,21675441000.0,real,soberania,0.6784,147056925.0
ast,Asturias,2017,22538267000.0,real,soberania,0.8045,181323431.0
ast,Asturias,2018,23185680000.0,real,soberania,0.8807,204193205.0
ast,Asturias,2019,23666618000.0,real,soberania,0.8497,201089264.0
ast,Asturias,2020,21376392000.0,real,soberania,0.9397,200868212.0
ast,Asturias,2021,23617641000.0,real,soberania,0.9773,230805182.0
ast,Asturias,2022,26690102000.0,real,soberania,0.874,233277063.0
ast,Asturias,2023,28350371000.0,real,soberania,0.8659,245492124.0
ast,Asturias,2024,30012308000.0,real,soberania,0.3116,93514159.0
ast,Asturias,2025,31206996480.0363,proyeccion,soberania,0.3078,96062583.0
ast,Asturias,2026,32540503695.6435,proyeccion,soberania,0.3032,98668088.0
bal,Baleares,2015,28653742000.0,real,soberania,0.201,57579872.0
bal,Baleares,2016,30233284000.0,real,soberania,0.1691,51118398.0
bal,Baleares,2017,31746251000.0,real,soberania,0.168,53334795.0
bal,Baleares,2018,33185968000.0,real,soberania,0.1667,55322573.0
bal,Baleares,2019,34350576000.0,real,soberania,0.1966,67528611.0
bal,Baleares,2020,26669106000.0,real,soberania,0.197,52546841.0
bal,Baleares,2021,30512146000.0,real,soberania,0.1576,48073143.0
bal,Baleares,2022,37189162000.0,real,soberania,0.1519,56493886.0
bal,Baleares,2023,41502526000.0,real,soberania,0.1645,68278986.0
bal,Baleares,2024,44692852000.0,real,soberania,0.2025,90522325.0
bal,Baleares,2025,47156552442.1196,proyeccion,soberania,0.1523,71808431.0
bal,Baleares,2026,50781507109.3719,proyeccion,soberania,0.1294,65715277.0
can,Canarias,2015,39636569000.0,real,soberania,0.139,55114206.0
can,Canarias,2016,40979670000.0,real,soberania,0.1476,60478490.0
can,Canarias,2017,43035839000.0,real,soberania,0.154,66258575.0
can,Canarias,2018,44609266000.0,real,soberania,0.1618,72187990.0
can,Canarias,2019,45766832000.0,real,soberania,0.178,81466630.0
can,Canarias,2020,37587399000.0,real,soberania,0.2424,91123442.0
can,Canarias,2021,41407275000.0,real,soberania,0.2348,97222642.0
can,Canarias,2022,48908196000.0,real,soberania,0.2502,122367315.0
can,Canarias,2023,53990089000.0,real,soberania,0.2646,142858532.0
can,Canarias,2024,58144618000.0,real,soberania,0.2042,118713832.0
can,Canarias,2025,61062044154.199,proyeccion,soberania,0.1953,119247851.0
can,Canarias,2026,65760759009.7699,proyeccion,soberania,0.1987,130679861.0
cat,Cataluña,2015,206434270000.0,real,soberania,1.6608,3428434583.49
cat,Cataluña,2016,214502547000.0,real,soberania,1.6537,3547319083.71
cat,Cataluña,2017,223139777000.0,real,soberania,1.7197,3837349914.35
cat,Cataluña,2018,231101287000.0,real,soberania,1.6605,3837349914.35
cat,Cataluña,2019,240165818000.0,real,soberania,1.6931,4066200004.78
cat,Cataluña,2020,214857435000.0,real,soberania,1.9597,4210510791.34
cat,Cataluña,2021,234820402000.0,real,soberania,1.7931,4210510791.34
cat,Cataluña,2022,258787407000.0,real,soberania,1.9146,4954802029.44
cat,Cataluña,2023,283274025000.0,real,soberania,1.8482,5235440412.13
cat,Cataluña,2024,302303884000.0,real,soberania,1.7981,5435604695.37
cat,Cataluña,2025,314476551469.5445,proyeccion,soberania,1.7285,5435604695.37
cat,Cataluña,2026,335602542224.5094,proyeccion,soberania,2.0441,6860043304.3
clm,Cast.-La Mancha,2015,37998035000.0,real,soberania,3.1417,1193769760.0
clm,Cast.-La Mancha,2016,39136242000.0,real,soberania,3.1373,1227825760.0
clm,Cast.-La Mancha,2017,40768959000.0,real,soberania,2.9947,1220888050.0
clm,Cast.-La Mancha,2018,42290925000.0,real,soberania,2.8398,1200959330.0
clm,Cast.-La Mancha,2019,43393303000.0,real,soberania,2.7676,1200959330.0
clm,Cast.-La Mancha,2020,40254360000.0,real,soberania,2.9837,1201079790.0
clm,Cast.-La Mancha,2021,44123986000.0,real,soberania,2.7103,1195893060.0
clm,Cast.-La Mancha,2022,50032018000.0,real,soberania,2.3779,1189688600.0
clm,Cast.-La Mancha,2023,52544941000.0,real,soberania,2.2613,1188177060.0
clm,Cast.-La Mancha,2024,55559897000.0,real,soberania,2.1706,1205982310.0
clm,Cast.-La Mancha,2025,57877789156.0775,proyeccion,soberania,2.0039,1159814830.0
clm,Cast.-La Mancha,2026,60528774710.7235,proyeccion,soberania,1.8773,1136287490.0
cnt,Cantabria,2015,12443843000.0,real,soberania,0.1692,21049003.0
cnt,Cantabria,2016,12833899000.0,real,soberania,0.1496,19203374.0
cnt,Cantabria,2017,13318023000.0,real,soberania,0.1524,20301447.0
cnt,Cantabria,2018,13843935000.0,real,soberania,0.152,21045344.0
cnt,Cantabria,2019,14274351000.0,real,soberania,0.1488,21241225.0
cnt,Cantabria,2020,12991241000.0,real,soberania,0.1958,25443127.0
cnt,Cantabria,2021,14206538000.0,real,soberania,0.1993,28317313.0
cnt,Cantabria,2022,15557155000.0,real,soberania,0.1085,16873139.0
cnt,Cantabria,2023,16740663000.0,real,soberania,0.1065,17829646.0
cnt,Cantabria,2024,17700122000.0,real,soberania,0.1016,17980803.0
cnt,Cantabria,2025,18399077585.3196,proyeccion,soberania,0.0967,17790064.0
cnt,Cantabria,2026,19638827481.9118,proyeccion,soberania,0.098,19247162.0
cym,Cast. y León,2015,53183396000.0,real,soberania,2.7149,1443880658.0
cym,Cast. y León,2016,54630532000.0,real,soberania,2.4136,1318536495.0
cym,Cast. y León,2017,55879293000.0,real,soberania,2.4096,1346493414.0
cym,Cast. y León,2018,58326859000.0,real,soberania,2.3697,1382181385.0
cym,Cast. y León,2019,59649198000.0,real,soberania,2.3172,1382181385.0
cym,Cast. y León,2020,54794589000.0,real,soberania,2.5225,1382181385.0
cym,Cast. y León,2021,59465900000.0,real,soberania,2.387,1419449800.0
cym,Cast. y León,2022,65467208000.0,real,soberania,2.1682,1419449800.0
cym,Cast. y León,2023,69893920000.0,real,soberania,2.0902,1460955044.0
cym,Cast. y León,2024,73992645000.0,real,soberania,2.0233,1497089801.0
cym,Cast. y León,2025,77233592986.7985,proyeccion,soberania,1.9384,1497089801.0
cym,Cast. y León,2026,80786752445.5297,proyeccion,soberania,1.8531,1497089801.0
ext,Extremadura,2015,18494971000.0,real,soberania,5.4521,1008359989.0
ext,Extremadura,2016,19069471000.0,real,soberania,4.5504,867731588.0
ext,Extremadura,2017,20169546000.0,real,soberania,4.5092,909494357.0
ext,Extremadura,2018,20713254000.0,real,soberania,4.433,918227109.0
ext,Extremadura,2019,21166132000.0,real,soberania,4.4447,940779570.0
ext,Extremadura,2020,19497343000.0,real,soberania,4.9131,957921474.0
ext,Extremadura,2021,21551517000.0,real,soberania,4.6509,1002336789.0
ext,Extremadura,2022,23486645000.0,real,soberania,4.2595,1000410914.0
ext,Extremadura,2023,25192615000.0,real,soberania,4.2652,1074515804.0
ext,Extremadura,2024,26583476000.0,real,soberania,4.2772,1137029049.0
ext,Extremadura,2025,28051125150.8657,proyeccion,soberania,4.0534,1137029049.0
ext,Extremadura,2026,29283045487.1274,proyeccion,soberania,3.8829,1137029049.0
gal,Galicia,2015,57010602000.0,real,soberania,0.9174,523023071.0
gal,Galicia,2016,58564023000.0,real,soberania,0.998,584454250.0
gal,Galicia,2017,60630852000.0,real,soberania,0.9977,604934345.0
gal,Galicia,2018,62649363000.0,real,soberania,0.9317,583679346.0
gal,Galicia,2019,64502005000.0,real,soberania,0.9351,603130896.0
gal,Galicia,2020,59007178000.0,real,soberania,1.0755,634635466.0
gal,Galicia,2021,64387386000.0,real,soberania,1.0724,690517653.0
gal,Galicia,2022,71636381000.0,real,soberania,1.1494,823358178.0
gal,Galicia,2023,77461411000.0,real,soberania,1.1505,891206012.0
gal,Galicia,2024,81839712000.0,real,soberania,1.1111,909327425.0
gal,Galicia,2025,84727981648.3003,proyeccion,soberania,1.0881,921939150.0
gal,Galicia,2026,89517006299.2806,proyeccion,soberania,1.043,933661651.0
lar,La Rioja,2015,8033065000.0,real,soberania,0.6639,53335125.0
lar,La Rioja,2016,8074094000.0,real,soberania,0.7157,57785912.0
lar,La Rioja,2017,8351707000.0,real,soberania,0.7673,64084883.0
lar,La Rioja,2018,8649852000.0,real,soberania,0.6351,54935338.0
lar,La Rioja,2019,8889997000.0,real,soberania,0.7126,63346771.0
lar,La Rioja,2020,8186915000.0,real,soberania,0.7284,59636207.0
lar,La Rioja,2021,8735750000.0,real,soberania,0.8422,73573095.0
lar,La Rioja,2022,9767469000.0,real,soberania,0.76,74231604.0
lar,La Rioja,2023,10476650000.0,real,soberania,0.7143,74838757.0
lar,La Rioja,2024,11111889000.0,real,soberania,0.8154,90602990.0
lar,La Rioja,2025,11508568881.8379,proyeccion,soberania,0.8431,97033492.0
lar,La Rioja,2026,12112848663.0821,proyeccion,soberania,0.8011,97033492.0
mad,Madrid,2015,206231525000.0,real,soberania,0.0,0.0
mad,Madrid,2016,214469101000.0,real,soberania,0.0158,33927477.0
mad,Madrid,2017,224373156000.0,real,soberania,0.0181,40692773.0
mad,Madrid,2018,233735808000.0,real,soberania,0.0194,45256684.0
mad,Madrid,2019,243889359000.0,real,soberania,0.0198,48402728.0
mad,Madrid,2020,221061932000.0,real,soberania,0.0219,48402728.0
mad,Madrid,2021,239837609000.0,real,soberania,0.0202,48402728.0
mad,Madrid,2022,267171570000.0,real,soberania,0.0327,87383205.0
mad,Madrid,2023,295939562000.0,real,soberania,0.0295,87383205.0
mad,Madrid,2024,316193370000.0,real,soberania,0.0311,98207107.0
mad,Madrid,2025,330794990991.154,proyeccion,soberania,0.0303,100152638.0
mad,Madrid,2026,356751462437.7044,proyeccion,soberania,0.0294,104850437.0
mur,Murcia,2015,29168718000.0,real,soberania,0.3839,111985399.0
mur,Murcia,2016,30009138000.0,real,soberania,0.3115,93468320.0
mur,Murcia,2017,31192490000.0,real,soberania,0.3686,114988164.0
mur,Murcia,2018,31715345000.0,real,soberania,0.4221,133875189.0
mur,Murcia,2019,33000651000.0,real,soberania,0.3773,124516464.0
mur,Murcia,2020,30440306000.0,real,soberania,0.4117,125334263.0
mur,Murcia,2021,33603543000.0,real,soberania,0.4068,136683389.0
mur,Murcia,2022,37380806000.0,real,soberania,0.4259,159202572.0
mur,Murcia,2023,39838741000.0,real,soberania,0.4319,172046776.0
mur,Murcia,2024,42488024000.0,real,soberania,0.3848,163492042.0
mur,Murcia,2025,44209906961.5551,proyeccion,soberania,0.4186,185070075.0
mur,Murcia,2026,46619073818.1298,proyeccion,soberania,0.397,185070075.0
nav,Navarra,2015,18334417000.0,real,soberania,0.4732,86756412.0
nav,Navarra,2016,18911331000.0,real,soberania,0.5016,94866733.0
nav,Navarra,2017,19698794000.0,real,soberania,0.5175,101943559.0
nav,Navarra,2018,20235995000.0,real,soberania,0.5191,105050595.0
nav,Navarra,2019,21070268000.0,real,soberania,0.5556,117065311.0
nav,Navarra,2020,19160726000.0,real,soberania,0.5748,110139479.0
nav,Navarra,2021,20821017000.0,real,soberania,0.4857,101135130.0
nav,Navarra,2022,23204474000.0,real,soberania,0.483,112088961.0
nav,Navarra,2023,24975376000.0,real,soberania,0.5004,124966970.0
nav,Navarra,2024,26619297000.0,real,soberania,0.5019,133593576.0
nav,Navarra,2025,27727717738.525,proyeccion,soberania,0.5201,144213954.0
nav,Navarra,2026,29541097405.4703,proyeccion,soberania,0.4774,141025876.0
pvc,País Vasco,2015,65073341000.0,real,soberania,0.1695,110297987.0
pvc,País Vasco,2016,67114993000.0,real,soberania,0.1663,111621719.0
pvc,País Vasco,2017,69585295000.0,real,soberania,0.164,114103909.0
pvc,País Vasco,2018,71915111000.0,real,soberania,0.1654,118978614.0
pvc,País Vasco,2019,73999981000.0,real,soberania,0.175,129468759.0
pvc,País Vasco,2020,66672598000.0,real,soberania,0.199,132657441.0
pvc,País Vasco,2021,72513029000.0,real,soberania,0.1992,144423189.0
pvc,País Vasco,2022,80218167000.0,real,soberania,0.1986,159302686.0
pvc,País Vasco,2023,86748107000.0,real,soberania,0.2096,181855054.0
pvc,País Vasco,2024,91612735000.0,real,soberania,0.2269,207904603.0
pvc,País Vasco,2025,94984725555.0161,proyeccion,soberania,0.2329,221216137.0
pvc,País Vasco,2026,100311243579.2912,proyeccion,soberania,0.2082,208876985.0
val,C. Valenciana,2015,101214206000.0,real,soberania,0.134,135618340.0
val,C. Valenciana,2016,104205396000.0,real,soberania,0.1798,187348640.0
val,C. Valenciana,2017,108666712000.0,real,soberania,0.1831,198979340.0
val,C. Valenciana,2018,112749574000.0,real,soberania,0.1965,221557690.0
val,C. Valenciana,2019,116588528000.0,real,soberania,0.2116,246733510.0
val,C. Valenciana,2020,106067171000.0,real,soberania,0.24,254566260.0
val,C. Valenciana,2021,116386906000.0,real,soberania,0.2305,268258060.0
val,C. Valenciana,2022,127583394000.0,real,soberania,0.2142,273302910.0
val,C. Valenciana,2023,139655905000.0,real,soberania,0.2023,282549210.0
val,C. Valenciana,2024,148283453000.0,real,soberania,0.1993,295541920.0
val,C. Valenciana,2025,154631870325.7606,proyeccion,soberania,0.2013,311269080.0
val,C. Valenciana,2026,164184591233.3746,proyeccion,soberania,0.1852,304091320.0
and,Andalucía,2015,146406094000.0,real,direccion,4.675,6844554769.0
and,Andalucía,2016,149901897000.0,real,direccion,4.8851,7322807362.0
and,Andalucía,2017,156789484000.0,real,direccion,3.3543,5259118498.0
and,Andalucía,2018,161894301000.0,real,direccion,3.5164,5692789642.0
and,Andalucía,2019,166478730000.0,real,direccion,3.5031,5831865932.0
and,Andalucía,2020,150452909000.0,real,direccion,6.8338,10281592450.0
and,Andalucía,2021,166296356000.0,real,direccion,6.0661,10087754255.0
and,Andalucía,2022,184364390000.0,real,direccion,3.552,6548679951.0
and,Andalucía,2023,199406067000.0,real,direccion,3.6417,7261813138.0
and,Andalucía,2024,212359142000.0,real,direccion,3.0221,6417772418.0
and,Andalucía,2025,222116470593.1817,proyeccion,direccion,2.9123,6468741330.0
and,Andalucía,2026,235169103530.3166,proyeccion,direccion,2.856,6716313527.0
ara,Aragón,2015,33265930000.0,real,direccion,0.5437,180879870.64
ara,Aragón,2016,34542128000.0,real,direccion,0.4261,147185493.36
ara,Aragón,2017,35983544000.0,real,direccion,0.4597,165401408.71
ara,Aragón,2018,37213896000.0,real,direccion,0.4771,177554581.51
ara,Aragón,2019,38465053000.0,real,direccion,0.4616,177554581.51
ara,Aragón,2020,35955571000.0,real,direccion,0.5014,180272823.25
ara,Aragón,2021,38782157000.0,real,direccion,0.6002,232770691.13
ara,Aragón,2022,43668835000.0,real,direccion,0.4945,215932166.48
ara,Aragón,2023,46778120000.0,real,direccion,0.4863,227463740.08
ara,Aragón,2024,49634925000.0,real,direccion,0.4643,230437093.64
ara,Aragón,2025,51706151620.8324,proyeccion,direccion,0.4457,230437093.64
ara,Aragón,2026,54863918381.8983,proyeccion,direccion,0.42,230437093.64
ast,Asturias,2015,21388142000.0,real,direccion,1.8094,387003615.0
ast,Asturias,2016,21675441000.0,real,direccion,1.9175,415634835.0
ast,Asturias,2017,22538267000.0,real,direccion,1.9822,446755919.0
ast,Asturias,2018,23185680000.0,real,direccion,2.0731,480651754.0
ast,Asturias,2019,23666618000.0,real,direccion,2.074,490853037.0
ast,Asturias,2020,21376392000.0,real,direccion,2.3698,506586802.0
ast,Asturias,2021,23617641000.0,real,direccion,2.641,623750794.0
ast,Asturias,2022,26690102000.0,real,direccion,2.0893,557625232.0
ast,Asturias,2023,28350371000.0,real,direccion,2.3602,669127894.0
ast,Asturias,2024,30012308000.0,real,direccion,2.1215,636719640.0
ast,Asturias,2025,31206996480.0363,proyeccion,direccion,2.1993,686320896.0
ast,Asturias,2026,32540503695.6435,proyeccion,direccion,2.1682,705534258.0
bal,Baleares,2015,28653742000.0,real,direccion,1.5106,432841908.0
bal,Baleares,2016,30233284000.0,real,direccion,1.5033,454494817.0
bal,Baleares,2017,31746251000.0,real,direccion,1.9481,618450464.0
bal,Baleares,2018,33185968000.0,real,direccion,1.5081,500471524.0
bal,Baleares,2019,34350576000.0,real,direccion,1.5879,545445407.0
bal,Baleares,2020,26669106000.0,real,direccion,1.9935,531659586.0
bal,Baleares,2021,30512146000.0,real,direccion,2.1153,645421941.0
bal,Baleares,2022,37189162000.0,real,direccion,2.1424,796748738.0
bal,Baleares,2023,41502526000.0,real,direccion,2.194,910557711.0
bal,Baleares,2024,44692852000.0,real,direccion,2.1647,967461100.0
bal,Baleares,2025,47156552442.1196,proyeccion,direccion,1.9929,939767000.0
bal,Baleares,2026,50781507109.3719,proyeccion,direccion,2.6545,1348004205.0
can,Canarias,2015,39636569000.0,real,direccion,0.9726,385504779.0
can,Canarias,2016,40979670000.0,real,direccion,0.9153,375105162.0
can,Canarias,2017,43035839000.0,real,direccion,1.0098,434555556.0
can,Canarias,2018,44609266000.0,real,direccion,1.1168,498201841.0
can,Canarias,2019,45766832000.0,real,direccion,1.2184,557610535.0
can,Canarias,2020,37587399000.0,real,direccion,1.53,575083623.0
can,Canarias,2021,41407275000.0,real,direccion,1.4099,583787037.0
can,Canarias,2022,48908196000.0,real,direccion,1.2219,597609592.0
can,Canarias,2023,53990089000.0,real,direccion,1.2135,655176029.0
can,Canarias,2024,58144618000.0,real,direccion,1.3199,767441894.0
can,Canarias,2025,61062044154.199,proyeccion,direccion,1.314,802339328.0
can,Canarias,2026,65760759009.7699,proyeccion,direccion,1.3156,865129963.0
cat,Cataluña,2015,206434270000.0,real,direccion,4.721,9745712277.47
cat,Cataluña,2016,214502547000.0,real,direccion,4.5231,9702222373.16
cat,Cataluña,2017,223139777000.0,real,direccion,4.1102,9171381232.69
cat,Cataluña,2018,231101287000.0,real,direccion,3.9686,9171381232.69
cat,Cataluña,2019,240165818000.0,real,direccion,4.7063,11302965894.35
cat,Cataluña,2020,214857435000.0,real,direccion,6.4852,13934023166.98
cat,Cataluña,2021,234820402000.0,real,direccion,5.9339,13934023166.98
cat,Cataluña,2022,258787407000.0,real,direccion,6.0871,15752603804.68
cat,Cataluña,2023,283274025000.0,real,direccion,5.7513,16291925790.4
cat,Cataluña,2024,302303884000.0,real,direccion,4.9887,15081172160.48
cat,Cataluña,2025,314476551469.5445,proyeccion,direccion,4.7956,15081172160.48
cat,Cataluña,2026,335602542224.5094,proyeccion,direccion,4.5004,15103291832.92
clm,Cast.-La Mancha,2015,37998035000.0,real,direccion,0.2963,112600040.0
clm,Cast.-La Mancha,2016,39136242000.0,real,direccion,0.2535,99227680.0
clm,Cast.-La Mancha,2017,40768959000.0,real,direccion,0.2539,103519940.0
clm,Cast.-La Mancha,2018,42290925000.0,real,direccion,0.2496,105570320.0
clm,Cast.-La Mancha,2019,43393303000.0,real,direccion,0.2433,105570320.0
clm,Cast.-La Mancha,2020,40254360000.0,real,direccion,0.3079,123949130.0
clm,Cast.-La Mancha,2021,44123986000.0,real,direccion,0.3072,135527730.0
clm,Cast.-La Mancha,2022,50032018000.0,real,direccion,0.3816,190923240.0
clm,Cast.-La Mancha,2023,52544941000.0,real,direccion,0.39,204926320.0
clm,Cast.-La Mancha,2024,55559897000.0,real,direccion,0.3678,204369330.0
clm,Cast.-La Mancha,2025,57877789156.0775,proyeccion,direccion,0.3668,212279490.0
clm,Cast.-La Mancha,2026,60528774710.7235,proyeccion,direccion,0.3672,222255350.0
cnt,Cantabria,2015,12443843000.0,real,direccion,0.4001,49785633.0
cnt,Cantabria,2016,12833899000.0,real,direccion,0.3981,51094384.0
cnt,Cantabria,2017,13318023000.0,real,direccion,0.3808,50718844.0
cnt,Cantabria,2018,13843935000.0,real,direccion,0.3748,51893111.0
cnt,Cantabria,2019,14274351000.0,real,direccion,0.4014,57297380.0
cnt,Cantabria,2020,12991241000.0,real,direccion,0.421,54689807.0
cnt,Cantabria,2021,14206538000.0,real,direccion,0.4088,58076855.0
cnt,Cantabria,2022,15557155000.0,real,direccion,0.383,59591474.0
cnt,Cantabria,2023,16740663000.0,real,direccion,0.3486,58355881.0
cnt,Cantabria,2024,17700122000.0,real,direccion,0.372,65842609.0
cnt,Cantabria,2025,18399077585.3196,proyeccion,direccion,0.236,43423689.0
cnt,Cantabria,2026,19638827481.9118,proyeccion,direccion,0.2265,44481120.0
cym,Cast. y León,2015,53183396000.0,real,direccion,2.7988,1488507504.0
cym,Cast. y León,2016,54630532000.0,real,direccion,2.7358,1494594547.0
cym,Cast. y León,2017,55879293000.0,real,direccion,2.5607,1430901081.0
cym,Cast. y León,2018,58326859000.0,real,direccion,3.114,1816297934.0
cym,Cast. y León,2019,59649198000.0,real,direccion,3.045,1816297934.0
cym,Cast. y León,2020,54794589000.0,real,direccion,3.3147,1816297934.0
cym,Cast. y León,2021,59465900000.0,real,direccion,3.2447,1929481958.0
cym,Cast. y León,2022,65467208000.0,real,direccion,2.9472,1929481958.0
cym,Cast. y León,2023,69893920000.0,real,direccion,3.0864,2157219135.0
cym,Cast. y León,2024,73992645000.0,real,direccion,3.3673,2491550593.0
cym,Cast. y León,2025,77233592986.7985,proyeccion,direccion,3.226,2491550593.0
cym,Cast. y León,2026,80786752445.5297,proyeccion,direccion,3.0841,2491550593.0
ext,Extremadura,2015,18494971000.0,real,direccion,3.4185,632243278.0
ext,Extremadura,2016,19069471000.0,real,direccion,2.7593,526188628.0
ext,Extremadura,2017,20169546000.0,real,direccion,2.2851,460889966.0
ext,Extremadura,2018,20713254000.0,real,direccion,2.5851,535461641.0
ext,Extremadura,2019,21166132000.0,real,direccion,3.2509,688083005.0
ext,Extremadura,2020,19497343000.0,real,direccion,3.7942,739763386.0
ext,Extremadura,2021,21551517000.0,real,direccion,3.7614,810635397.0
ext,Extremadura,2022,23486645000.0,real,direccion,3.9687,932107104.0
ext,Extremadura,2023,25192615000.0,real,direccion,4.507,1135428936.0
ext,Extremadura,2024,26583476000.0,real,direccion,4.4257,1176503074.0
ext,Extremadura,2025,28051125150.8657,proyeccion,direccion,4.1941,1176503074.0
ext,Extremadura,2026,29283045487.1274,proyeccion,direccion,4.0177,1176503074.0
gal,Galicia,2015,57010602000.0,real,direccion,3.5439,2020403575.0
gal,Galicia,2016,58564023000.0,real,direccion,3.5723,2092082613.0
gal,Galicia,2017,60630852000.0,real,direccion,3.8324,2323609136.0
gal,Galicia,2018,62649363000.0,real,direccion,2.7949,1751000144.0
gal,Galicia,2019,64502005000.0,real,direccion,3.4501,2225410520.0
gal,Galicia,2020,59007178000.0,real,direccion,3.7428,2208494403.0
gal,Galicia,2021,64387386000.0,real,direccion,3.7292,2401157530.0
gal,Galicia,2022,71636381000.0,real,direccion,0.7023,503086009.0
gal,Galicia,2023,77461411000.0,real,direccion,0.8349,646763997.0
gal,Galicia,2024,81839712000.0,real,direccion,0.9123,746646781.0
gal,Galicia,2025,84727981648.3003,proyeccion,direccion,1.6003,1355905591.0
gal,Galicia,2026,89517006299.2806,proyeccion,direccion,1.4682,1314330664.0
lar,La Rioja,2015,8033065000.0,real,direccion,0.6936,55714757.0
lar,La Rioja,2016,8074094000.0,real,direccion,0.7141,57660699.0
lar,La Rioja,2017,8351707000.0,real,direccion,0.7955,66438872.0
lar,La Rioja,2018,8649852000.0,real,direccion,0.5474,47353226.0
lar,La Rioja,2019,8889997000.0,real,direccion,0.8809,78316321.0
lar,La Rioja,2020,8186915000.0,real,direccion,1.0506,86011049.0
lar,La Rioja,2021,8735750000.0,real,direccion,1.1226,98063361.0
lar,La Rioja,2022,9767469000.0,real,direccion,0.7971,77852471.0
lar,La Rioja,2023,10476650000.0,real,direccion,0.7576,79370340.0
lar,La Rioja,2024,11111889000.0,real,direccion,1.0755,119505239.0
lar,La Rioja,2025,11508568881.8379,proyeccion,direccion,0.7776,89488321.0
lar,La Rioja,2026,12112848663.0821,proyeccion,direccion,0.7493,90758321.0
mad,Madrid,2015,206231525000.0,real,direccion,0.1979,408193562.0
mad,Madrid,2016,214469101000.0,real,direccion,0.1735,372050802.0
mad,Madrid,2017,224373156000.0,real,direccion,0.1806,405243781.0
mad,Madrid,2018,233735808000.0,real,direccion,0.2029,474165292.0
mad,Madrid,2019,243889359000.0,real,direccion,0.2058,501901873.0
mad,Madrid,2020,221061932000.0,real,direccion,0.227,501901873.0
mad,Madrid,2021,239837609000.0,real,direccion,0.2093,501901873.0
mad,Madrid,2022,267171570000.0,real,direccion,0.216,577051444.0
mad,Madrid,2023,295939562000.0,real,direccion,0.195,577051444.0
mad,Madrid,2024,316193370000.0,real,direccion,0.2202,696219642.0
mad,Madrid,2025,330794990991.154,proyeccion,direccion,0.2407,796359062.0
mad,Madrid,2026,356751462437.7044,proyeccion,direccion,0.2303,821501227.0
mur,Murcia,2015,29168718000.0,real,direccion,3.1554,920382805.0
mur,Murcia,2016,30009138000.0,real,direccion,3.3158,995053957.0
mur,Murcia,2017,31192490000.0,real,direccion,3.3499,1044911625.0
mur,Murcia,2018,31715345000.0,real,direccion,3.9034,1237979230.0
mur,Murcia,2019,33000651000.0,real,direccion,4.3376,1431439079.0
mur,Murcia,2020,30440306000.0,real,direccion,5.5375,1685646863.0
mur,Murcia,2021,33603543000.0,real,direccion,5.2793,1774034803.0
mur,Murcia,2022,37380806000.0,real,direccion,4.9851,1863477368.0
mur,Murcia,2023,39838741000.0,real,direccion,5.5003,2191266798.0
mur,Murcia,2024,42488024000.0,real,direccion,4.4735,1900699189.0
mur,Murcia,2025,44209906961.5551,proyeccion,direccion,4.173,1844871240.0
mur,Murcia,2026,46619073818.1298,proyeccion,direccion,3.9573,1844871240.0
nav,Navarra,2015,18334417000.0,real,direccion,6.0206,1103841169.0
nav,Navarra,2016,18911331000.0,real,direccion,5.7022,1078353788.0
nav,Navarra,2017,19698794000.0,real,direccion,5.4323,1070097478.0
nav,Navarra,2018,20235995000.0,real,direccion,5.7178,1157047352.0
nav,Navarra,2019,21070268000.0,real,direccion,5.6385,1188053933.0
nav,Navarra,2020,19160726000.0,real,direccion,6.5429,1253661087.0
nav,Navarra,2021,20821017000.0,real,direccion,6.0074,1250798411.0
nav,Navarra,2022,23204474000.0,real,direccion,5.6566,1312585325.0
nav,Navarra,2023,24975376000.0,real,direccion,5.862,1464051364.0
nav,Navarra,2024,26619297000.0,real,direccion,6.5444,1742071850.0
nav,Navarra,2025,27727717738.525,proyeccion,direccion,6.478,1796188215.0
nav,Navarra,2026,29541097405.4703,proyeccion,direccion,6.5273,1928246658.0
pvc,País Vasco,2015,65073341000.0,real,direccion,0.4732,307908300.0
pvc,País Vasco,2016,67114993000.0,real,direccion,0.4024,270047845.0
pvc,País Vasco,2017,69585295000.0,real,direccion,0.3939,274107381.0
pvc,País Vasco,2018,71915111000.0,real,direccion,0.3813,274215383.0
pvc,País Vasco,2019,73999981000.0,real,direccion,0.4231,313092145.0
pvc,País Vasco,2020,66672598000.0,real,direccion,0.4169,277958483.0
pvc,País Vasco,2021,72513029000.0,real,direccion,1.1579,839614816.0
pvc,País Vasco,2022,80218167000.0,real,direccion,1.0227,820373645.0
pvc,País Vasco,2023,86748107000.0,real,direccion,0.6672,578753092.0
pvc,País Vasco,2024,91612735000.0,real,direccion,0.7204,660008465.0
pvc,País Vasco,2025,94984725555.0161,proyeccion,direccion,0.6433,611070880.0
pvc,País Vasco,2026,100311243579.2912,proyeccion,direccion,0.4589,460288455.0
val,C. Valenciana,2015,101214206000.0,real,direccion,5.8384,5909262020.0
val,C. Valenciana,2016,104205396000.0,real,direccion,4.7467,4946319150.0
val,C. Valenciana,2017,108666712000.0,real,direccion,4.5325,4925279780.0
val,C. Valenciana,2018,112749574000.0,real,direccion,5.6894,6414826870.0
val,C. Valenciana,2019,116588528000.0,real,direccion,6.2748,7315696790.0
val,C. Valenciana,2020,106067171000.0,real,direccion,8.1035,8595160000.0
val,C. Valenciana,2021,116386906000.0,real,direccion,8.193,9535560150.0
val,C. Valenciana,2022,127583394000.0,real,direccion,8.0194,10231369910.0
val,C. Valenciana,2023,139655905000.0,real,direccion,6.8982,9633809080.0
val,C. Valenciana,2024,148283453000.0,real,direccion,6.6676,9886936590.0
val,C. Valenciana,2025,154631870325.7606,proyeccion,direccion,6.6451,10275428400.0
val,C. Valenciana,2026,164184591233.3746,proyeccion,direccion,6.5378,10734000380.0
and,Andalucía,2015,146406094000.0,real,vivienda,0.1733,253748413.0
and,Andalucía,2016,149901897000.0,real,vivienda,0.1755,263048857.0
and,Andalucía,2017,156789484000.0,real,vivienda,0.214,335604120.0
and,Andalucía,2018,161894301000.0,real,vivienda,0.2074,335848665.0
and,Andalucía,2019,166478730000.0,real,vivienda,0.2033,338451933.0
and,Andalucía,2020,150452909000.0,real,vivienda,0.2116,318299022.0
and,Andalucía,2021,166296356000.0,real,vivienda,0.1862,309672280.0
and,Andalucía,2022,184364390000.0,real,vivienda,0.1339,246777546.0
and,Andalucía,2023,199406067000.0,real,vivienda,0.2099,418602732.0
and,Andalucía,2024,212359142000.0,real,vivienda,0.2111,448235300.0
and,Andalucía,2025,222116470593.1817,proyeccion,vivienda,0.2201,488873782.0
and,Andalucía,2026,235169103530.3166,proyeccion,vivienda,0.3059,719346413.0
ara,Aragón,2015,33265930000.0,real,vivienda,0.2241,74547890.45
ara,Aragón,2016,34542128000.0,real,vivienda,0.0536,18502778.26
ara,Aragón,2017,35983544000.0,real,vivienda,0.0978,35198225.63
ara,Aragón,2018,37213896000.0,real,vivienda,0.1074,39953112.3
ara,Aragón,2019,38465053000.0,real,vivienda,0.1039,39953112.3
ara,Aragón,2020,35955571000.0,real,vivienda,0.1195,42982028.47
ara,Aragón,2021,38782157000.0,real,vivienda,0.126,48846602.79
ara,Aragón,2022,43668835000.0,real,vivienda,0.1184,51683921.83
ara,Aragón,2023,46778120000.0,real,vivienda,0.2165,101296832.15
ara,Aragón,2024,49634925000.0,real,vivienda,0.1085,53876320.97
ara,Aragón,2025,51706151620.8324,proyeccion,vivienda,0.1042,53876320.97
ara,Aragón,2026,54863918381.8983,proyeccion,vivienda,0.0982,53876320.97
ast,Asturias,2015,21388142000.0,real,vivienda,0.1363,29149040.0
ast,Asturias,2016,21675441000.0,real,vivienda,0.1391,30152620.0
ast,Asturias,2017,22538267000.0,real,vivienda,0.1292,29118540.0
ast,Asturias,2018,23185680000.0,real,vivienda,0.1438,33338517.0
ast,Asturias,2019,23666618000.0,real,vivienda,0.1413,33433490.0
ast,Asturias,2020,21376392000.0,real,vivienda,0.1576,33687548.0
ast,Asturias,2021,23617641000.0,real,vivienda,0.1555,36725415.0
ast,Asturias,2022,26690102000.0,real,vivienda,0.1479,39465130.0
ast,Asturias,2023,28350371000.0,real,vivienda,0.2799,79339082.0
ast,Asturias,2024,30012308000.0,real,vivienda,0.3277,98362253.0
ast,Asturias,2025,31206996480.0363,proyeccion,vivienda,0.5019,156632049.0
ast,Asturias,2026,32540503695.6435,proyeccion,vivienda,0.5753,187209040.0
bal,Baleares,2015,28653742000.0,real,vivienda,0.052,14903480.0
bal,Baleares,2016,30233284000.0,real,vivienda,0.0426,12891087.0
bal,Baleares,2017,31746251000.0,real,vivienda,0.06,19036281.0
bal,Baleares,2018,33185968000.0,real,vivienda,0.0733,24334680.0
bal,Baleares,2019,34350576000.0,real,vivienda,0.1047,35970375.0
bal,Baleares,2020,26669106000.0,real,vivienda,0.1356,36153468.0
bal,Baleares,2021,30512146000.0,real,vivienda,0.1011,30836903.0
bal,Baleares,2022,37189162000.0,real,vivienda,0.0834,31024958.0
bal,Baleares,2023,41502526000.0,real,vivienda,0.2384,98936363.0
bal,Baleares,2024,44692852000.0,real,vivienda,0.1333,59596523.0
bal,Baleares,2025,47156552442.1196,proyeccion,vivienda,0.192,90538370.0
bal,Baleares,2026,50781507109.3719,proyeccion,vivienda,0.0565,28701877.0
can,Canarias,2015,39636569000.0,real,vivienda,0.1061,42036852.0
can,Canarias,2016,40979670000.0,real,vivienda,0.1056,43289310.0
can,Canarias,2017,43035839000.0,real,vivienda,0.1089,46883133.0
can,Canarias,2018,44609266000.0,real,vivienda,0.1131,50437167.0
can,Canarias,2019,45766832000.0,real,vivienda,0.1553,71096636.0
can,Canarias,2020,37587399000.0,real,vivienda,0.2193,82410761.0
can,Canarias,2021,41407275000.0,real,vivienda,0.2637,109209002.0
can,Canarias,2022,48908196000.0,real,vivienda,0.2534,123954064.0
can,Canarias,2023,53990089000.0,real,vivienda,0.2609,140842674.0
can,Canarias,2024,58144618000.0,real,vivienda,0.211,122709442.0
can,Canarias,2025,61062044154.199,proyeccion,vivienda,0.2444,149243254.0
can,Canarias,2026,65760759009.7699,proyeccion,vivienda,0.2604,171233086.0
cat,Cataluña,2015,206434270000.0,real,vivienda,0.0783,161709895.47
cat,Cataluña,2016,214502547000.0,real,vivienda,0.0849,182028059.77
cat,Cataluña,2017,223139777000.0,real,vivienda,0.0798,178147546.3
cat,Cataluña,2018,231101287000.0,real,vivienda,0.0771,178147546.3
cat,Cataluña,2019,240165818000.0,real,vivienda,0.0787,189017634.5
cat,Cataluña,2020,214857435000.0,real,vivienda,0.1131,242922701.0
cat,Cataluña,2021,234820402000.0,real,vivienda,0.1035,242922701.0
cat,Cataluña,2022,258787407000.0,real,vivienda,0.2541,657626712.74
cat,Cataluña,2023,283274025000.0,real,vivienda,0.1772,502086405.37
cat,Cataluña,2024,302303884000.0,real,vivienda,0.1444,436402658.31
cat,Cataluña,2025,314476551469.5445,proyeccion,vivienda,0.1388,436402658.31
cat,Cataluña,2026,335602542224.5094,proyeccion,vivienda,0.1572,527641332.01
clm,Cast.-La Mancha,2015,37998035000.0,real,vivienda,0.1278,48559460.0
clm,Cast.-La Mancha,2016,39136242000.0,real,vivienda,0.1098,42983640.0
clm,Cast.-La Mancha,2017,40768959000.0,real,vivienda,0.1114,45406150.0
clm,Cast.-La Mancha,2018,42290925000.0,real,vivienda,0.1176,49731840.0
clm,Cast.-La Mancha,2019,43393303000.0,real,vivienda,0.1146,49731840.0
clm,Cast.-La Mancha,2020,40254360000.0,real,vivienda,0.1476,59397780.0
clm,Cast.-La Mancha,2021,44123986000.0,real,vivienda,0.2512,110840190.0
clm,Cast.-La Mancha,2022,50032018000.0,real,vivienda,0.2131,106598350.0
clm,Cast.-La Mancha,2023,52544941000.0,real,vivienda,0.4253,223490620.0
clm,Cast.-La Mancha,2024,55559897000.0,real,vivienda,0.4183,232403540.0
clm,Cast.-La Mancha,2025,57877789156.0775,proyeccion,vivienda,0.377,218226660.0
clm,Cast.-La Mancha,2026,60528774710.7235,proyeccion,vivienda,0.447,270553240.0
cnt,Cantabria,2015,12443843000.0,real,vivienda,0.1725,21462880.0
cnt,Cantabria,2016,12833899000.0,real,vivienda,0.1858,23839088.0
cnt,Cantabria,2017,13318023000.0,real,vivienda,0.1811,24124504.0
cnt,Cantabria,2018,13843935000.0,real,vivienda,0.1822,25223654.0
cnt,Cantabria,2019,14274351000.0,real,vivienda,0.1592,22730397.0
cnt,Cantabria,2020,12991241000.0,real,vivienda,0.184,23909703.0
cnt,Cantabria,2021,14206538000.0,real,vivienda,0.1747,24815672.0
cnt,Cantabria,2022,15557155000.0,real,vivienda,0.1717,26705133.0
cnt,Cantabria,2023,16740663000.0,real,vivienda,0.182,30474540.0
cnt,Cantabria,2024,17700122000.0,real,vivienda,0.1742,30836033.0
cnt,Cantabria,2025,18399077585.3196,proyeccion,vivienda,0.1718,31611589.0
cnt,Cantabria,2026,19638827481.9118,proyeccion,vivienda,0.2343,46014536.0
cym,Cast. y León,2015,53183396000.0,real,vivienda,0.2553,135785844.0
cym,Cast. y León,2016,54630532000.0,real,vivienda,0.2659,145271044.0
cym,Cast. y León,2017,55879293000.0,real,vivienda,0.2727,152388567.0
cym,Cast. y León,2018,58326859000.0,real,vivienda,0.286,166810280.0
cym,Cast. y León,2019,59649198000.0,real,vivienda,0.2797,166810280.0
cym,Cast. y León,2020,54794589000.0,real,vivienda,0.3044,166810280.0
cym,Cast. y León,2021,59465900000.0,real,vivienda,0.2914,173261426.0
cym,Cast. y León,2022,65467208000.0,real,vivienda,0.2647,173261426.0
cym,Cast. y León,2023,69893920000.0,real,vivienda,0.2074,144968061.0
cym,Cast. y León,2024,73992645000.0,real,vivienda,0.1798,133066524.0
cym,Cast. y León,2025,77233592986.7985,proyeccion,vivienda,0.1723,133066524.0
cym,Cast. y León,2026,80786752445.5297,proyeccion,vivienda,0.1647,133066524.0
ext,Extremadura,2015,18494971000.0,real,vivienda,0.2608,48234914.0
ext,Extremadura,2016,19069471000.0,real,vivienda,0.2541,48458475.0
ext,Extremadura,2017,20169546000.0,real,vivienda,0.2189,44149780.0
ext,Extremadura,2018,20713254000.0,real,vivienda,0.2429,50311665.0
ext,Extremadura,2019,21166132000.0,real,vivienda,0.3051,64571981.0
ext,Extremadura,2020,19497343000.0,real,vivienda,0.3272,63786749.0
ext,Extremadura,2021,21551517000.0,real,vivienda,0.3281,70705624.0
ext,Extremadura,2022,23486645000.0,real,vivienda,0.3609,84768631.0
ext,Extremadura,2023,25192615000.0,real,vivienda,0.5329,134258208.0
ext,Extremadura,2024,26583476000.0,real,vivienda,0.5367,142682822.0
ext,Extremadura,2025,28051125150.8657,proyeccion,vivienda,0.5087,142682822.0
ext,Extremadura,2026,29283045487.1274,proyeccion,vivienda,0.4873,142682822.0
gal,Galicia,2015,57010602000.0,real,vivienda,0.1519,86575531.0
gal,Galicia,2016,58564023000.0,real,vivienda,0.1545,90453187.0
gal,Galicia,2017,60630852000.0,real,vivienda,0.1435,86987427.0
gal,Galicia,2018,62649363000.0,real,vivienda,0.1547,96898363.0
gal,Galicia,2019,64502005000.0,real,vivienda,0.1539,99298730.0
gal,Galicia,2020,59007178000.0,real,vivienda,0.1489,87884035.0
gal,Galicia,2021,64387386000.0,real,vivienda,0.1591,102460068.0
gal,Galicia,2022,71636381000.0,real,vivienda,0.0,0.0
gal,Galicia,2023,77461411000.0,real,vivienda,0.0,0.0
gal,Galicia,2024,81839712000.0,real,vivienda,0.0,0.0
gal,Galicia,2025,84727981648.3003,proyeccion,vivienda,0.6064,513782603.0
gal,Galicia,2026,89517006299.2806,proyeccion,vivienda,0.6259,560293592.0
lar,La Rioja,2015,8033065000.0,real,vivienda,0.087,6988257.0
lar,La Rioja,2016,8074094000.0,real,vivienda,0.077,6219759.0
lar,La Rioja,2017,8351707000.0,real,vivienda,0.1327,11084961.0
lar,La Rioja,2018,8649852000.0,real,vivienda,0.1294,11194045.0
lar,La Rioja,2019,8889997000.0,real,vivienda,0.132,11735007.0
lar,La Rioja,2020,8186915000.0,real,vivienda,0.1464,11985836.0
lar,La Rioja,2021,8735750000.0,real,vivienda,0.2216,19355606.0
lar,La Rioja,2022,9767469000.0,real,vivienda,0.1989,19428731.0
lar,La Rioja,2023,10476650000.0,real,vivienda,0.2055,21532755.0
lar,La Rioja,2024,11111889000.0,real,vivienda,0.2789,30992918.0
lar,La Rioja,2025,11508568881.8379,proyeccion,vivienda,0.2466,28375471.0
lar,La Rioja,2026,12112848663.0821,proyeccion,vivienda,0.2343,28375471.0
mad,Madrid,2015,206231525000.0,real,vivienda,0.1461,301398956.0
mad,Madrid,2016,214469101000.0,real,vivienda,0.2293,491712203.0
mad,Madrid,2017,224373156000.0,real,vivienda,0.1833,411345906.0
mad,Madrid,2018,233735808000.0,real,vivienda,0.1413,330310560.0
mad,Madrid,2019,243889359000.0,real,vivienda,0.1364,332761011.0
mad,Madrid,2020,221061932000.0,real,vivienda,0.1505,332761011.0
mad,Madrid,2021,239837609000.0,real,vivienda,0.1387,332761011.0
mad,Madrid,2022,267171570000.0,real,vivienda,0.099,264614300.0
mad,Madrid,2023,295939562000.0,real,vivienda,0.0894,264614300.0
mad,Madrid,2024,316193370000.0,real,vivienda,0.1673,528876920.0
mad,Madrid,2025,330794990991.154,proyeccion,vivienda,0.2246,743072168.0
mad,Madrid,2026,356751462437.7044,proyeccion,vivienda,0.2158,769773510.0
mur,Murcia,2015,29168718000.0,real,vivienda,0.0852,24852219.0
mur,Murcia,2016,30009138000.0,real,vivienda,0.1334,40025740.0
mur,Murcia,2017,31192490000.0,real,vivienda,0.1319,41154042.0
mur,Murcia,2018,31715345000.0,real,vivienda,0.164,52012726.0
mur,Murcia,2019,33000651000.0,real,vivienda,0.1569,51781136.0
mur,Murcia,2020,30440306000.0,real,vivienda,0.088,26782024.0
mur,Murcia,2021,33603543000.0,real,vivienda,0.0961,32283621.0
mur,Murcia,2022,37380806000.0,real,vivienda,0.1207,45119660.0
mur,Murcia,2023,39838741000.0,real,vivienda,0.1182,47107892.0
mur,Murcia,2024,42488024000.0,real,vivienda,0.065,27609541.0
mur,Murcia,2025,44209906961.5551,proyeccion,vivienda,0.0837,36991194.0
mur,Murcia,2026,46619073818.1298,proyeccion,vivienda,0.0793,36991194.0
nav,Navarra,2015,18334417000.0,real,vivienda,0.3031,55570729.0
nav,Navarra,2016,18911331000.0,real,vivienda,0.2428,45913023.0
nav,Navarra,2017,19698794000.0,real,vivienda,0.2736,53900469.0
nav,Navarra,2018,20235995000.0,real,vivienda,0.3036,61432763.0
nav,Navarra,2019,21070268000.0,real,vivienda,0.2895,61004440.0
nav,Navarra,2020,19160726000.0,real,vivienda,0.3027,57995787.0
nav,Navarra,2021,20821017000.0,real,vivienda,0.3109,64723248.0
nav,Navarra,2022,23204474000.0,real,vivienda,0.4374,101490757.0
nav,Navarra,2023,24975376000.0,real,vivienda,0.4475,111764638.0
nav,Navarra,2024,26619297000.0,real,vivienda,0.5561,148041783.0
nav,Navarra,2025,27727717738.525,proyeccion,vivienda,0.5407,149930256.0
nav,Navarra,2026,29541097405.4703,proyeccion,vivienda,0.5198,153543125.0
pvc,País Vasco,2015,65073341000.0,real,vivienda,0.1702,110722750.0
pvc,País Vasco,2016,67114993000.0,real,vivienda,0.1679,112679947.0
pvc,País Vasco,2017,69585295000.0,real,vivienda,0.1802,125389229.0
pvc,País Vasco,2018,71915111000.0,real,vivienda,0.1877,135019410.0
pvc,País Vasco,2019,73999981000.0,real,vivienda,0.2035,150581895.0
pvc,País Vasco,2020,66672598000.0,real,vivienda,0.2461,164070631.0
pvc,País Vasco,2021,72513029000.0,real,vivienda,0.2392,173434237.0
pvc,País Vasco,2022,80218167000.0,real,vivienda,0.2412,193449154.0
pvc,País Vasco,2023,86748107000.0,real,vivienda,0.26,225527077.0
pvc,País Vasco,2024,91612735000.0,real,vivienda,0.2767,253469311.0
pvc,País Vasco,2025,94984725555.0161,proyeccion,vivienda,0.3388,321804915.0
pvc,País Vasco,2026,100311243579.2912,proyeccion,vivienda,0.4407,442040124.0
val,C. Valenciana,2015,101214206000.0,real,vivienda,0.0415,41974450.0
val,C. Valenciana,2016,104205396000.0,real,vivienda,0.08,83395000.0
val,C. Valenciana,2017,108666712000.0,real,vivienda,0.0904,98198450.0
val,C. Valenciana,2018,112749574000.0,real,vivienda,0.0912,102836690.0
val,C. Valenciana,2019,116588528000.0,real,vivienda,0.1461,170321490.0
val,C. Valenciana,2020,106067171000.0,real,vivienda,0.1832,194288260.0
val,C. Valenciana,2021,116386906000.0,real,vivienda,0.1863,216863020.0
val,C. Valenciana,2022,127583394000.0,real,vivienda,0.2988,381260490.0
val,C. Valenciana,2023,139655905000.0,real,vivienda,0.303,423116830.0
val,C. Valenciana,2024,148283453000.0,real,vivienda,0.2823,418548100.0
val,C. Valenciana,2025,154631870325.7606,proyeccion,vivienda,0.2046,316426640.0
val,C. Valenciana,2026,164184591233.3746,proyeccion,vivienda,0.2489,408610000.0
and,Andalucía,2015,146406094000.0,real,empleo,0.6944,1016655555.0
and,Andalucía,2016,149901897000.0,real,empleo,0.3709,555967600.0
and,Andalucía,2017,156789484000.0,real,empleo,0.3508,550008487.0
and,Andalucía,2018,161894301000.0,real,empleo,0.3397,549950970.0
and,Andalucía,2019,166478730000.0,real,empleo,0.3185,530179843.0
and,Andalucía,2020,150452909000.0,real,empleo,0.7616,1145803823.0
and,Andalucía,2021,166296356000.0,real,empleo,0.7489,1245388445.0
and,Andalucía,2022,184364390000.0,real,empleo,0.5042,929484859.0
and,Andalucía,2023,199406067000.0,real,empleo,0.3493,696433298.0
and,Andalucía,2024,212359142000.0,real,empleo,0.3679,781223880.0
and,Andalucía,2025,222116470593.1817,proyeccion,empleo,0.3517,781206513.0
and,Andalucía,2026,235169103530.3166,proyeccion,empleo,0.3325,782050538.0
ara,Aragón,2015,33265930000.0,real,empleo,0.4584,152485607.67
ara,Aragón,2016,34542128000.0,real,empleo,0.4454,153849194.4
ara,Aragón,2017,35983544000.0,real,empleo,0.4527,162891829.99
ara,Aragón,2018,37213896000.0,real,empleo,0.4918,183029097.06
ara,Aragón,2019,38465053000.0,real,empleo,0.4758,183029097.06
ara,Aragón,2020,35955571000.0,real,empleo,0.4717,169585767.71
ara,Aragón,2021,38782157000.0,real,empleo,0.4649,180303097.38
ara,Aragón,2022,43668835000.0,real,empleo,0.4188,182887889.16
ara,Aragón,2023,46778120000.0,real,empleo,0.5285,247235859.74
ara,Aragón,2024,49634925000.0,real,empleo,0.6235,309485802.82
ara,Aragón,2025,51706151620.8324,proyeccion,empleo,0.5985,309485802.82
ara,Aragón,2026,54863918381.8983,proyeccion,empleo,0.5641,309485802.82
ast,Asturias,2015,21388142000.0,real,empleo,0.4897,104743563.0
ast,Asturias,2016,21675441000.0,real,empleo,0.4437,96170390.0
ast,Asturias,2017,22538267000.0,real,empleo,0.448,100967817.0
ast,Asturias,2018,23185680000.0,real,empleo,0.4964,115091779.0
ast,Asturias,2019,23666618000.0,real,empleo,0.5,118335912.0
ast,Asturias,2020,21376392000.0,real,empleo,0.5547,118580815.0
ast,Asturias,2021,23617641000.0,real,empleo,0.5652,133483253.0
ast,Asturias,2022,26690102000.0,real,empleo,0.5334,142372110.0
ast,Asturias,2023,28350371000.0,real,empleo,0.5899,167228333.0
ast,Asturias,2024,30012308000.0,real,empleo,0.574,172265850.0
ast,Asturias,2025,31206996480.0363,proyeccion,empleo,0.5464,170516236.0
ast,Asturias,2026,32540503695.6435,proyeccion,empleo,0.5274,171633689.0
bal,Baleares,2015,28653742000.0,real,empleo,0.1743,49930749.0
bal,Baleares,2016,30233284000.0,real,empleo,0.1977,59775360.0
bal,Baleares,2017,31746251000.0,real,empleo,0.2707,85942112.0
bal,Baleares,2018,33185968000.0,real,empleo,0.299,99221099.0
bal,Baleares,2019,34350576000.0,real,empleo,0.3252,111709104.0
bal,Baleares,2020,26669106000.0,real,empleo,0.0368,9802606.0
bal,Baleares,2021,30512146000.0,real,empleo,0.3035,92608872.0
bal,Baleares,2022,37189162000.0,real,empleo,0.3709,137930119.0
bal,Baleares,2023,41502526000.0,real,empleo,0.3499,145218055.0
bal,Baleares,2024,44692852000.0,real,empleo,0.0448,20000465.0
bal,Baleares,2025,47156552442.1196,proyeccion,empleo,0.2961,139633328.0
bal,Baleares,2026,50781507109.3719,proyeccion,empleo,0.2732,138730464.0
can,Canarias,2015,39636569000.0,real,empleo,0.2286,90600439.0
can,Canarias,2016,40979670000.0,real,empleo,0.164,67197270.0
can,Canarias,2017,43035839000.0,real,empleo,0.15,64567875.0
can,Canarias,2018,44609266000.0,real,empleo,0.1453,64810392.0
can,Canarias,2019,45766832000.0,real,empleo,0.1841,84268994.0
can,Canarias,2020,37587399000.0,real,empleo,0.2285,85890300.0
can,Canarias,2021,41407275000.0,real,empleo,0.2073,85836504.0
can,Canarias,2022,48908196000.0,real,empleo,0.1868,91338493.0
can,Canarias,2023,53990089000.0,real,empleo,0.2104,113622080.0
can,Canarias,2024,58144618000.0,real,empleo,0.1601,93117329.0
can,Canarias,2025,61062044154.199,proyeccion,empleo,0.1599,97655020.0
can,Canarias,2026,65760759009.7699,proyeccion,empleo,0.1469,96610923.0
cat,Cataluña,2015,206434270000.0,real,empleo,0.2732,563980436.9
cat,Cataluña,2016,214502547000.0,real,empleo,0.3583,768481004.66
cat,Cataluña,2017,223139777000.0,real,empleo,0.3276,730980132.94
cat,Cataluña,2018,231101287000.0,real,empleo,0.3163,730980132.94
cat,Cataluña,2019,240165818000.0,real,empleo,0.3743,898869557.2
cat,Cataluña,2020,214857435000.0,real,empleo,0.4338,931988864.98
cat,Cataluña,2021,234820402000.0,real,empleo,0.3969,931988864.98
cat,Cataluña,2022,258787407000.0,real,empleo,0.3462,895917646.46
cat,Cataluña,2023,283274025000.0,real,empleo,0.3398,962454841.41
cat,Cataluña,2024,302303884000.0,real,empleo,0.301,909960745.67
cat,Cataluña,2025,314476551469.5445,proyeccion,empleo,0.2894,909960745.67
cat,Cataluña,2026,335602542224.5094,proyeccion,empleo,0.2807,941924973.15
clm,Cast.-La Mancha,2015,37998035000.0,real,empleo,0.1409,53549430.0
clm,Cast.-La Mancha,2016,39136242000.0,real,empleo,0.1699,66476340.0
clm,Cast.-La Mancha,2017,40768959000.0,real,empleo,0.1871,76282560.0
clm,Cast.-La Mancha,2018,42290925000.0,real,empleo,0.1858,78559290.0
clm,Cast.-La Mancha,2019,43393303000.0,real,empleo,0.181,78559290.0
clm,Cast.-La Mancha,2020,40254360000.0,real,empleo,0.1896,76325520.0
clm,Cast.-La Mancha,2021,44123986000.0,real,empleo,0.1746,77019810.0
clm,Cast.-La Mancha,2022,50032018000.0,real,empleo,0.1656,82841930.0
clm,Cast.-La Mancha,2023,52544941000.0,real,empleo,0.2234,117383250.0
clm,Cast.-La Mancha,2024,55559897000.0,real,empleo,0.2186,121452570.0
clm,Cast.-La Mancha,2025,57877789156.0775,proyeccion,empleo,0.2148,124336360.0
clm,Cast.-La Mancha,2026,60528774710.7235,proyeccion,empleo,0.2011,121712450.0
cnt,Cantabria,2015,12443843000.0,real,empleo,0.7494,93256835.0
cnt,Cantabria,2016,12833899000.0,real,empleo,0.73,93691369.0
cnt,Cantabria,2017,13318023000.0,real,empleo,0.6885,91691369.0
cnt,Cantabria,2018,13843935000.0,real,empleo,0.6951,96234032.0
cnt,Cantabria,2019,14274351000.0,real,empleo,0.6897,98443330.0
cnt,Cantabria,2020,12991241000.0,real,empleo,0.7578,98443330.0
cnt,Cantabria,2021,14206538000.0,real,empleo,0.7043,100056330.0
cnt,Cantabria,2022,15557155000.0,real,empleo,0.6444,100243599.0
cnt,Cantabria,2023,16740663000.0,real,empleo,0.6186,103564000.0
cnt,Cantabria,2024,17700122000.0,real,empleo,0.6144,108749736.0
cnt,Cantabria,2025,18399077585.3196,proyeccion,empleo,0.6128,112749736.0
cnt,Cantabria,2026,19638827481.9118,proyeccion,empleo,0.5741,112749736.0
cym,Cast. y León,2015,53183396000.0,real,empleo,0.4346,231123060.0
cym,Cast. y León,2016,54630532000.0,real,empleo,0.4278,233704628.0
cym,Cast. y León,2017,55879293000.0,real,empleo,0.4679,261461840.0
cym,Cast. y León,2018,58326859000.0,real,empleo,0.4661,271877156.0
cym,Cast. y León,2019,59649198000.0,real,empleo,0.4558,271877156.0
cym,Cast. y León,2020,54794589000.0,real,empleo,0.4962,271877156.0
cym,Cast. y León,2021,59465900000.0,real,empleo,0.506,300892031.0
cym,Cast. y León,2022,65467208000.0,real,empleo,0.4596,300892031.0
cym,Cast. y León,2023,69893920000.0,real,empleo,0.5372,375461898.0
cym,Cast. y León,2024,73992645000.0,real,empleo,0.5246,388138640.0
cym,Cast. y León,2025,77233592986.7985,proyeccion,empleo,0.5026,388138640.0
cym,Cast. y León,2026,80786752445.5297,proyeccion,empleo,0.4804,388138640.0
ext,Extremadura,2015,18494971000.0,real,empleo,1.3199,244119405.0
ext,Extremadura,2016,19069471000.0,real,empleo,1.3446,256405996.0
ext,Extremadura,2017,20169546000.0,real,empleo,1.3365,269570975.0
ext,Extremadura,2018,20713254000.0,real,empleo,1.4847,307539563.0
ext,Extremadura,2019,21166132000.0,real,empleo,1.4805,313361114.0
ext,Extremadura,2020,19497343000.0,real,empleo,1.6787,327303628.0
ext,Extremadura,2021,21551517000.0,real,empleo,1.5932,343359065.0
ext,Extremadura,2022,23486645000.0,real,empleo,1.674,393155595.0
ext,Extremadura,2023,25192615000.0,real,empleo,1.5902,400616946.0
ext,Extremadura,2024,26583476000.0,real,empleo,1.5345,407922127.0
ext,Extremadura,2025,28051125150.8657,proyeccion,empleo,1.4542,407922127.0
ext,Extremadura,2026,29283045487.1274,proyeccion,empleo,1.393,407922127.0
gal,Galicia,2015,57010602000.0,real,empleo,0.3405,194115762.0
gal,Galicia,2016,58564023000.0,real,empleo,0.3602,210933016.0
gal,Galicia,2017,60630852000.0,real,empleo,0.4007,242973137.0
gal,Galicia,2018,62649363000.0,real,empleo,0.3942,246971190.0
gal,Galicia,2019,64502005000.0,real,empleo,0.409,263825058.0
gal,Galicia,2020,59007178000.0,real,empleo,0.4672,275655389.0
gal,Galicia,2021,64387386000.0,real,empleo,0.5786,372567704.0
gal,Galicia,2022,71636381000.0,real,empleo,0.5982,428504950.0
gal,Galicia,2023,77461411000.0,real,empleo,0.6324,489892623.0
gal,Galicia,2024,81839712000.0,real,empleo,0.6129,501607999.0
gal,Galicia,2025,84727981648.3003,proyeccion,empleo,0.5871,497465978.0
gal,Galicia,2026,89517006299.2806,proyeccion,empleo,0.5561,497847734.0
lar,La Rioja,2015,8033065000.0,real,empleo,0.7895,63419484.0
lar,La Rioja,2016,8074094000.0,real,empleo,0.3405,27490682.0
lar,La Rioja,2017,8351707000.0,real,empleo,0.2655,22170495.0
lar,La Rioja,2018,8649852000.0,real,empleo,0.2649,22913948.0
lar,La Rioja,2019,8889997000.0,real,empleo,0.2544,22612330.0
lar,La Rioja,2020,8186915000.0,real,empleo,0.253,20716746.0
lar,La Rioja,2021,8735750000.0,real,empleo,0.2975,25985635.0
lar,La Rioja,2022,9767469000.0,real,empleo,0.2539,24795145.0
lar,La Rioja,2023,10476650000.0,real,empleo,0.2625,27497803.0
lar,La Rioja,2024,11111889000.0,real,empleo,0.261,29003475.0
lar,La Rioja,2025,11508568881.8379,proyeccion,empleo,0.236,27155299.0
lar,La Rioja,2026,12112848663.0821,proyeccion,empleo,0.2242,27155299.0
mad,Madrid,2015,206231525000.0,real,empleo,0.0811,167256077.0
mad,Madrid,2016,214469101000.0,real,empleo,0.1124,241165802.0
mad,Madrid,2017,224373156000.0,real,empleo,0.1085,243461968.0
mad,Madrid,2018,233735808000.0,real,empleo,0.1091,254911655.0
mad,Madrid,2019,243889359000.0,real,empleo,0.1081,263604632.0
mad,Madrid,2020,221061932000.0,real,empleo,0.1192,263604632.0
mad,Madrid,2021,239837609000.0,real,empleo,0.1099,263604632.0
mad,Madrid,2022,267171570000.0,real,empleo,0.1331,355681255.0
mad,Madrid,2023,295939562000.0,real,empleo,0.1202,355681255.0
mad,Madrid,2024,316193370000.0,real,empleo,0.1039,328483601.0
mad,Madrid,2025,330794990991.154,proyeccion,empleo,0.1072,354460441.0
mad,Madrid,2026,356751462437.7044,proyeccion,empleo,0.0986,351803506.0
mur,Murcia,2015,29168718000.0,real,empleo,0.0756,22065249.0
mur,Murcia,2016,30009138000.0,real,empleo,0.0777,23321012.0
mur,Murcia,2017,31192490000.0,real,empleo,0.0739,23062691.0
mur,Murcia,2018,31715345000.0,real,empleo,0.0933,29595660.0
mur,Murcia,2019,33000651000.0,real,empleo,0.1024,33799587.0
mur,Murcia,2020,30440306000.0,real,empleo,0.1248,38000877.0
mur,Murcia,2021,33603543000.0,real,empleo,0.0924,31062217.0
mur,Murcia,2022,37380806000.0,real,empleo,0.1182,44173619.0
mur,Murcia,2023,39838741000.0,real,empleo,0.096,38258107.0
mur,Murcia,2024,42488024000.0,real,empleo,0.0935,39724648.0
mur,Murcia,2025,44209906961.5551,proyeccion,empleo,0.0933,41253142.0
mur,Murcia,2026,46619073818.1298,proyeccion,empleo,0.0885,41253142.0
nav,Navarra,2015,18334417000.0,real,empleo,0.2805,51433626.0
nav,Navarra,2016,18911331000.0,real,empleo,0.2682,50728092.0
nav,Navarra,2017,19698794000.0,real,empleo,0.2989,58876993.0
nav,Navarra,2018,20235995000.0,real,empleo,0.2992,60539965.0
nav,Navarra,2019,21070268000.0,real,empleo,0.2838,59789949.0
nav,Navarra,2020,19160726000.0,real,empleo,0.3271,62681582.0
nav,Navarra,2021,20821017000.0,real,empleo,0.3106,64669872.0
nav,Navarra,2022,23204474000.0,real,empleo,0.3564,82705639.0
nav,Navarra,2023,24975376000.0,real,empleo,0.327,81668075.0
nav,Navarra,2024,26619297000.0,real,empleo,0.2842,75647559.0
nav,Navarra,2025,27727717738.525,proyeccion,empleo,0.2724,75522428.0
nav,Navarra,2026,29541097405.4703,proyeccion,empleo,0.263,77686463.0
pvc,País Vasco,2015,65073341000.0,real,empleo,1.0064,654870712.0
pvc,País Vasco,2016,67114993000.0,real,empleo,1.0245,687590577.0
pvc,País Vasco,2017,69585295000.0,real,empleo,0.9728,676907176.0
pvc,País Vasco,2018,71915111000.0,real,empleo,0.9947,715374596.0
pvc,País Vasco,2019,73999981000.0,real,empleo,1.0051,743789973.0
pvc,País Vasco,2020,66672598000.0,real,empleo,1.2092,806185815.0
pvc,País Vasco,2021,72513029000.0,real,empleo,1.1368,824363262.0
pvc,País Vasco,2022,80218167000.0,real,empleo,1.0567,847628336.0
pvc,País Vasco,2023,86748107000.0,real,empleo,0.8139,706058210.0
pvc,País Vasco,2024,91612735000.0,real,empleo,0.7851,719210432.0
pvc,País Vasco,2025,94984725555.0161,proyeccion,empleo,0.7553,717455977.0
pvc,País Vasco,2026,100311243579.2912,proyeccion,empleo,0.3549,355985346.0
val,C. Valenciana,2015,101214206000.0,real,empleo,0.1367,138352840.0
val,C. Valenciana,2016,104205396000.0,real,empleo,0.1633,170205520.0
val,C. Valenciana,2017,108666712000.0,real,empleo,0.1529,166171540.0
val,C. Valenciana,2018,112749574000.0,real,empleo,0.1544,174123530.0
val,C. Valenciana,2019,116588528000.0,real,empleo,0.1437,167540960.0
val,C. Valenciana,2020,106067171000.0,real,empleo,0.1598,169460990.0
val,C. Valenciana,2021,116386906000.0,real,empleo,0.2226,259028730.0
val,C. Valenciana,2022,127583394000.0,real,empleo,0.2086,266150430.0
val,C. Valenciana,2023,139655905000.0,real,empleo,0.2042,285203190.0
val,C. Valenciana,2024,148283453000.0,real,empleo,0.1404,208245860.0
val,C. Valenciana,2025,154631870325.7606,proyeccion,empleo,0.1963,303502580.0
val,C. Valenciana,2026,164184591233.3746,proyeccion,empleo,0.1312,215370650.0
and,Andalucía,2015,146406094000.0,real,idi,0.3788,554563795.0
and,Andalucía,2016,149901897000.0,real,idi,0.4346,651517336.0
and,Andalucía,2017,156789484000.0,real,idi,0.4361,683769226.0
and,Andalucía,2018,161894301000.0,real,idi,0.4537,734495734.0
and,Andalucía,2019,166478730000.0,real,idi,0.4892,814451876.0
and,Andalucía,2020,150452909000.0,real,idi,0.4692,705858590.0
and,Andalucía,2021,166296356000.0,real,idi,0.2608,433671834.0
and,Andalucía,2022,184364390000.0,real,idi,0.151,278322080.0
and,Andalucía,2023,199406067000.0,real,idi,0.1803,359531438.0
and,Andalucía,2024,212359142000.0,real,idi,0.1706,362235848.0
and,Andalucía,2025,222116470593.1817,proyeccion,idi,0.1996,443415578.0
and,Andalucía,2026,235169103530.3166,proyeccion,idi,0.2006,471728406.0
ara,Aragón,2015,33265930000.0,real,idi,0.1737,57787366.51
ara,Aragón,2016,34542128000.0,real,idi,0.1493,51572792.27
ara,Aragón,2017,35983544000.0,real,idi,0.2195,78976928.7
ara,Aragón,2018,37213896000.0,real,idi,0.2249,83677198.63
ara,Aragón,2019,38465053000.0,real,idi,0.2175,83677198.63
ara,Aragón,2020,35955571000.0,real,idi,0.1984,71350539.72
ara,Aragón,2021,38782157000.0,real,idi,0.2267,87919449.35
ara,Aragón,2022,43668835000.0,real,idi,0.1808,78952584.61
ara,Aragón,2023,46778120000.0,real,idi,0.1705,79775764.2
ara,Aragón,2024,49634925000.0,real,idi,0.1555,77187951.69
ara,Aragón,2025,51706151620.8324,proyeccion,idi,0.1493,77187951.69
ara,Aragón,2026,54863918381.8983,proyeccion,idi,0.1407,77187951.69
ast,Asturias,2015,21388142000.0,real,idi,0.0839,17946722.0
ast,Asturias,2016,21675441000.0,real,idi,0.0823,17829782.0
ast,Asturias,2017,22538267000.0,real,idi,0.0792,17846760.0
ast,Asturias,2018,23185680000.0,real,idi,0.0789,18294788.0
ast,Asturias,2019,23666618000.0,real,idi,0.0805,19042320.0
ast,Asturias,2020,21376392000.0,real,idi,0.127,27138013.0
ast,Asturias,2021,23617641000.0,real,idi,0.1413,33372041.0
ast,Asturias,2022,26690102000.0,real,idi,0.1414,37751388.0
ast,Asturias,2023,28350371000.0,real,idi,0.1332,37751121.0
ast,Asturias,2024,30012308000.0,real,idi,0.1821,54665975.0
ast,Asturias,2025,31206996480.0363,proyeccion,idi,0.2138,66721856.0
ast,Asturias,2026,32540503695.6435,proyeccion,idi,0.2026,65937175.0
bal,Baleares,2015,28653742000.0,real,idi,0.0337,9642026.0
bal,Baleares,2016,30233284000.0,real,idi,0.0394,11915305.0
bal,Baleares,2017,31746251000.0,real,idi,0.0428,13590027.0
bal,Baleares,2018,33185968000.0,real,idi,0.0406,13485466.0
bal,Baleares,2019,34350576000.0,real,idi,0.0394,13519148.0
bal,Baleares,2020,26669106000.0,real,idi,0.0575,15325972.0
bal,Baleares,2021,30512146000.0,real,idi,0.0389,11876077.0
bal,Baleares,2022,37189162000.0,real,idi,0.0656,24393308.0
bal,Baleares,2023,41502526000.0,real,idi,0.1053,43702835.0
bal,Baleares,2024,44692852000.0,real,idi,0.087,38885077.0
bal,Baleares,2025,47156552442.1196,proyeccion,idi,0.0793,37413350.0
bal,Baleares,2026,50781507109.3719,proyeccion,idi,0.0665,33781090.0
can,Canarias,2015,39636569000.0,real,idi,0.207,82052180.0
can,Canarias,2016,40979670000.0,real,idi,0.1707,69970661.0
can,Canarias,2017,43035839000.0,real,idi,0.1182,50868847.0
can,Canarias,2018,44609266000.0,real,idi,0.0951,42445674.0
can,Canarias,2019,45766832000.0,real,idi,0.105,48074715.0
can,Canarias,2020,37587399000.0,real,idi,0.1456,54723072.0
can,Canarias,2021,41407275000.0,real,idi,0.1142,47283119.0
can,Canarias,2022,48908196000.0,real,idi,0.1199,58640520.0
can,Canarias,2023,53990089000.0,real,idi,0.1408,75998230.0
can,Canarias,2024,58144618000.0,real,idi,0.1635,95074319.0
can,Canarias,2025,61062044154.199,proyeccion,idi,0.1452,88664354.0
can,Canarias,2026,65760759009.7699,proyeccion,idi,0.1212,79698924.0
cat,Cataluña,2015,206434270000.0,real,idi,0.1565,323171210.78
cat,Cataluña,2016,214502547000.0,real,idi,0.1663,356673042.34
cat,Cataluña,2017,223139777000.0,real,idi,0.1742,388801186.2
cat,Cataluña,2018,231101287000.0,real,idi,0.1682,388801186.2
cat,Cataluña,2019,240165818000.0,real,idi,0.1845,443006886.47
cat,Cataluña,2020,214857435000.0,real,idi,0.2139,459593954.72
cat,Cataluña,2021,234820402000.0,real,idi,0.1957,459593954.72
cat,Cataluña,2022,258787407000.0,real,idi,0.2352,608782713.62
cat,Cataluña,2023,283274025000.0,real,idi,0.2331,660263757.82
cat,Cataluña,2024,302303884000.0,real,idi,0.2253,681107521.32
cat,Cataluña,2025,314476551469.5445,proyeccion,idi,0.2166,681107521.32
cat,Cataluña,2026,335602542224.5094,proyeccion,idi,0.2516,844523682.99
clm,Cast.-La Mancha,2015,37998035000.0,real,idi,0.0565,21456800.0
clm,Cast.-La Mancha,2016,39136242000.0,real,idi,0.0582,22786400.0
clm,Cast.-La Mancha,2017,40768959000.0,real,idi,0.0578,23570030.0
clm,Cast.-La Mancha,2018,42290925000.0,real,idi,0.057,24105210.0
clm,Cast.-La Mancha,2019,43393303000.0,real,idi,0.0556,24105210.0
clm,Cast.-La Mancha,2020,40254360000.0,real,idi,0.0672,27037220.0
clm,Cast.-La Mancha,2021,44123986000.0,real,idi,0.0872,38493510.0
clm,Cast.-La Mancha,2022,50032018000.0,real,idi,0.079,39521180.0
clm,Cast.-La Mancha,2023,52544941000.0,real,idi,0.0811,42620650.0
clm,Cast.-La Mancha,2024,55559897000.0,real,idi,0.0696,38668490.0
clm,Cast.-La Mancha,2025,57877789156.0775,proyeccion,idi,0.0776,44929700.0
clm,Cast.-La Mancha,2026,60528774710.7235,proyeccion,idi,0.084,50872500.0
cnt,Cantabria,2015,12443843000.0,real,idi,0.1982,24662333.0
cnt,Cantabria,2016,12833899000.0,real,idi,0.1117,14337798.0
cnt,Cantabria,2017,13318023000.0,real,idi,0.1427,19000371.0
cnt,Cantabria,2018,13843935000.0,real,idi,0.1408,19497531.0
cnt,Cantabria,2019,14274351000.0,real,idi,0.1435,20481355.0
cnt,Cantabria,2020,12991241000.0,real,idi,0.329,42743819.0
cnt,Cantabria,2021,14206538000.0,real,idi,0.3024,42967168.0
cnt,Cantabria,2022,15557155000.0,real,idi,0.3192,49656475.0
cnt,Cantabria,2023,16740663000.0,real,idi,0.3082,51590872.0
cnt,Cantabria,2024,17700122000.0,real,idi,0.2802,49604154.0
cnt,Cantabria,2025,18399077585.3196,proyeccion,idi,0.4202,77307482.0
cnt,Cantabria,2026,19638827481.9118,proyeccion,idi,0.4251,83491279.0
cym,Cast. y León,2015,53183396000.0,real,idi,0.3356,178457014.0
cym,Cast. y León,2016,54630532000.0,real,idi,0.3056,166951996.0
cym,Cast. y León,2017,55879293000.0,real,idi,0.402,224628906.0
cym,Cast. y León,2018,58326859000.0,real,idi,0.4152,242182633.0
cym,Cast. y León,2019,59649198000.0,real,idi,0.406,242182633.0
cym,Cast. y León,2020,54794589000.0,real,idi,0.442,242182633.0
cym,Cast. y León,2021,59465900000.0,real,idi,0.5099,303237083.0
cym,Cast. y León,2022,65467208000.0,real,idi,0.4632,303237083.0
cym,Cast. y León,2023,69893920000.0,real,idi,0.6273,438440387.0
cym,Cast. y León,2024,73992645000.0,real,idi,0.5125,379187952.0
cym,Cast. y León,2025,77233592986.7985,proyeccion,idi,0.491,379187952.0
cym,Cast. y León,2026,80786752445.5297,proyeccion,idi,0.4694,379187952.0
ext,Extremadura,2015,18494971000.0,real,idi,0.58,107270160.0
ext,Extremadura,2016,19069471000.0,real,idi,0.5642,107590586.0
ext,Extremadura,2017,20169546000.0,real,idi,0.5377,108445889.0
ext,Extremadura,2018,20713254000.0,real,idi,0.5308,109954628.0
ext,Extremadura,2019,21166132000.0,real,idi,0.5698,120609777.0
ext,Extremadura,2020,19497343000.0,real,idi,0.5494,107121478.0
ext,Extremadura,2021,21551517000.0,real,idi,0.5459,117651204.0
ext,Extremadura,2022,23486645000.0,real,idi,0.6483,152257697.0
ext,Extremadura,2023,25192615000.0,real,idi,0.6827,171999033.0
ext,Extremadura,2024,26583476000.0,real,idi,0.6097,162079750.0
ext,Extremadura,2025,28051125150.8657,proyeccion,idi,0.5778,162079750.0
ext,Extremadura,2026,29283045487.1274,proyeccion,idi,0.5535,162079750.0
gal,Galicia,2015,57010602000.0,real,idi,0.2746,156560923.0
gal,Galicia,2016,58564023000.0,real,idi,0.297,173927979.0
gal,Galicia,2017,60630852000.0,real,idi,0.2955,179181305.0
gal,Galicia,2018,62649363000.0,real,idi,0.3192,199985847.0
gal,Galicia,2019,64502005000.0,real,idi,0.3304,213093067.0
gal,Galicia,2020,59007178000.0,real,idi,0.3832,226133089.0
gal,Galicia,2021,64387386000.0,real,idi,0.5068,326291465.0
gal,Galicia,2022,71636381000.0,real,idi,0.6662,477245111.0
gal,Galicia,2023,77461411000.0,real,idi,0.0,0.0
gal,Galicia,2024,81839712000.0,real,idi,0.0,0.0
gal,Galicia,2025,84727981648.3003,proyeccion,idi,0.0,0.0
gal,Galicia,2026,89517006299.2806,proyeccion,idi,0.0,0.0
lar,La Rioja,2015,8033065000.0,real,idi,0.9497,76289102.0
lar,La Rioja,2016,8074094000.0,real,idi,0.9079,73303485.0
lar,La Rioja,2017,8351707000.0,real,idi,0.9129,76240158.0
lar,La Rioja,2018,8649852000.0,real,idi,0.5536,47883143.0
lar,La Rioja,2019,8889997000.0,real,idi,0.5977,53135779.0
lar,La Rioja,2020,8186915000.0,real,idi,0.9852,80655340.0
lar,La Rioja,2021,8735750000.0,real,idi,0.8263,72180296.0
lar,La Rioja,2022,9767469000.0,real,idi,1.086,106079483.0
lar,La Rioja,2023,10476650000.0,real,idi,1.0666,111742707.0
lar,La Rioja,2024,11111889000.0,real,idi,0.9632,107029279.0
lar,La Rioja,2025,11508568881.8379,proyeccion,idi,0.9868,113567983.0
lar,La Rioja,2026,12112848663.0821,proyeccion,idi,0.9333,113047983.0
mad,Madrid,2015,206231525000.0,real,idi,0.2156,444566824.0
mad,Madrid,2016,214469101000.0,real,idi,0.007,15029996.0
mad,Madrid,2017,224373156000.0,real,idi,0.0072,16144647.0
mad,Madrid,2018,233735808000.0,real,idi,0.0533,124626170.0
mad,Madrid,2019,243889359000.0,real,idi,0.0632,154239111.0
mad,Madrid,2020,221061932000.0,real,idi,0.0698,154239111.0
mad,Madrid,2021,239837609000.0,real,idi,0.0643,154239111.0
mad,Madrid,2022,267171570000.0,real,idi,0.0857,229000297.0
mad,Madrid,2023,295939562000.0,real,idi,0.0774,229000297.0
mad,Madrid,2024,316193370000.0,real,idi,0.0698,220655159.0
mad,Madrid,2025,330794990991.154,proyeccion,idi,0.0721,238625438.0
mad,Madrid,2026,356751462437.7044,proyeccion,idi,0.0692,246701357.0
mur,Murcia,2015,29168718000.0,real,idi,0.0842,24561951.0
mur,Murcia,2016,30009138000.0,real,idi,0.0821,24646907.0
mur,Murcia,2017,31192490000.0,real,idi,0.0778,24259845.0
mur,Murcia,2018,31715345000.0,real,idi,0.0909,28839541.0
mur,Murcia,2019,33000651000.0,real,idi,0.0899,29682179.0
mur,Murcia,2020,30440306000.0,real,idi,0.0607,18475584.0
mur,Murcia,2021,33603543000.0,real,idi,0.0869,29200123.0
mur,Murcia,2022,37380806000.0,real,idi,0.0781,29184468.0
mur,Murcia,2023,39838741000.0,real,idi,0.0517,20610121.0
mur,Murcia,2024,42488024000.0,real,idi,0.0482,20462159.0
mur,Murcia,2025,44209906961.5551,proyeccion,idi,0.0484,21386224.0
mur,Murcia,2026,46619073818.1298,proyeccion,idi,0.0459,21386224.0
nav,Navarra,2015,18334417000.0,real,idi,0.2909,53329419.0
nav,Navarra,2016,18911331000.0,real,idi,0.3698,69929845.0
nav,Navarra,2017,19698794000.0,real,idi,0.4412,86911374.0
nav,Navarra,2018,20235995000.0,real,idi,0.2751,55673776.0
nav,Navarra,2019,21070268000.0,real,idi,0.2697,56830229.0
nav,Navarra,2020,19160726000.0,real,idi,0.3094,59288428.0
nav,Navarra,2021,20821017000.0,real,idi,0.3235,67356127.0
nav,Navarra,2022,23204474000.0,real,idi,0.3608,83730303.0
nav,Navarra,2023,24975376000.0,real,idi,0.3499,87391215.0
nav,Navarra,2024,26619297000.0,real,idi,0.3035,80781074.0
nav,Navarra,2025,27727717738.525,proyeccion,idi,0.2599,72065748.0
nav,Navarra,2026,29541097405.4703,proyeccion,idi,0.2644,78112661.0
pvc,País Vasco,2015,65073341000.0,real,idi,0.3174,206541101.0
pvc,País Vasco,2016,67114993000.0,real,idi,0.3285,220465184.0
pvc,País Vasco,2017,69585295000.0,real,idi,0.3762,261790988.0
pvc,País Vasco,2018,71915111000.0,real,idi,0.3945,283676821.0
pvc,País Vasco,2019,73999981000.0,real,idi,0.4087,302457565.0
pvc,País Vasco,2020,66672598000.0,real,idi,0.4924,328283963.0
pvc,País Vasco,2021,72513029000.0,real,idi,0.5075,367996509.0
pvc,País Vasco,2022,80218167000.0,real,idi,0.5095,408732933.0
pvc,País Vasco,2023,86748107000.0,real,idi,0.4971,431185537.0
pvc,País Vasco,2024,91612735000.0,real,idi,0.4787,438520451.0
pvc,País Vasco,2025,94984725555.0161,proyeccion,idi,0.4979,472955042.0
pvc,País Vasco,2026,100311243579.2912,proyeccion,idi,0.5033,504844585.0
val,C. Valenciana,2015,101214206000.0,real,idi,0.0609,61622870.0
val,C. Valenciana,2016,104205396000.0,real,idi,0.0526,54806950.0
val,C. Valenciana,2017,108666712000.0,real,idi,0.0589,63987810.0
val,C. Valenciana,2018,112749574000.0,real,idi,0.0688,77532390.0
val,C. Valenciana,2019,116588528000.0,real,idi,0.082,95580270.0
val,C. Valenciana,2020,106067171000.0,real,idi,0.0994,105405520.0
val,C. Valenciana,2021,116386906000.0,real,idi,0.1277,148627900.0
val,C. Valenciana,2022,127583394000.0,real,idi,0.1762,224806540.0
val,C. Valenciana,2023,139655905000.0,real,idi,0.1491,208185880.0
val,C. Valenciana,2024,148283453000.0,real,idi,0.1705,252834540.0
val,C. Valenciana,2025,154631870325.7606,proyeccion,idi,0.1461,225882520.0
val,C. Valenciana,2026,164184591233.3746,proyeccion,idi,0.1943,319064750.0
and,Andalucía,2015,146406094000.0,real,dependencia,0.7475,1094401749.0
and,Andalucía,2016,149901897000.0,real,dependencia,0.7584,1136809504.0
and,Andalucía,2017,156789484000.0,real,dependencia,0.743,1164914040.0
and,Andalucía,2018,161894301000.0,real,dependencia,0.7388,1196024692.0
and,Andalucía,2019,166478730000.0,real,dependencia,0.7178,1195006504.0
and,Andalucía,2020,150452909000.0,real,dependencia,1.0031,1509239704.0
and,Andalucía,2021,166296356000.0,real,dependencia,0.9682,1610002176.0
and,Andalucía,2022,184364390000.0,real,dependencia,0.956,1762584911.0
and,Andalucía,2023,199406067000.0,real,dependencia,1.024,2041969111.0
and,Andalucía,2024,212359142000.0,real,dependencia,1.0499,2229589384.0
and,Andalucía,2025,222116470593.1817,proyeccion,dependencia,1.1782,2616898816.0
and,Andalucía,2026,235169103530.3166,proyeccion,dependencia,1.2387,2913064494.0
ara,Aragón,2015,33265930000.0,real,dependencia,0.0,0.0
ara,Aragón,2016,34542128000.0,real,dependencia,0.0,0.0
ara,Aragón,2017,35983544000.0,real,dependencia,0.0,0.0
ara,Aragón,2018,37213896000.0,real,dependencia,0.0,0.0
ara,Aragón,2019,38465053000.0,real,dependencia,0.0,0.0
ara,Aragón,2020,35955571000.0,real,dependencia,0.0,0.0
ara,Aragón,2021,38782157000.0,real,dependencia,0.0,0.0
ara,Aragón,2022,43668835000.0,real,dependencia,0.0,0.0
ara,Aragón,2023,46778120000.0,real,dependencia,0.0,0.0
ara,Aragón,2024,49634925000.0,real,dependencia,0.0,0.0
ara,Aragón,2025,51706151620.8324,proyeccion,dependencia,0.0,0.0
ara,Aragón,2026,54863918381.8983,proyeccion,dependencia,0.0,0.0
ast,Asturias,2015,21388142000.0,real,dependencia,0.0,0.0
ast,Asturias,2016,21675441000.0,real,dependencia,0.0,0.0
ast,Asturias,2017,22538267000.0,real,dependencia,0.0,0.0
ast,Asturias,2018,23185680000.0,real,dependencia,0.0,0.0
ast,Asturias,2019,23666618000.0,real,dependencia,0.0,0.0
ast,Asturias,2020,21376392000.0,real,dependencia,0.0,0.0
ast,Asturias,2021,23617641000.0,real,dependencia,0.0,0.0
ast,Asturias,2022,26690102000.0,real,dependencia,0.0,0.0
ast,Asturias,2023,28350371000.0,real,dependencia,0.0,0.0
ast,Asturias,2024,30012308000.0,real,dependencia,0.0,0.0
ast,Asturias,2025,31206996480.0363,proyeccion,dependencia,0.0,0.0
ast,Asturias,2026,32540503695.6435,proyeccion,dependencia,0.0,0.0
bal,Baleares,2015,28653742000.0,real,dependencia,0.3939,112865122.0
bal,Baleares,2016,30233284000.0,real,dependencia,0.4283,129501729.0
bal,Baleares,2017,31746251000.0,real,dependencia,0.431,136815763.0
bal,Baleares,2018,33185968000.0,real,dependencia,0.4401,146065584.0
bal,Baleares,2019,34350576000.0,real,dependencia,0.3949,135660688.0
bal,Baleares,2020,26669106000.0,real,dependencia,0.3972,105929635.0
bal,Baleares,2021,30512146000.0,real,dependencia,0.4192,127903857.0
bal,Baleares,2022,37189162000.0,real,dependencia,0.4683,174166170.0
bal,Baleares,2023,41502526000.0,real,dependencia,0.4877,202413664.0
bal,Baleares,2024,44692852000.0,real,dependencia,0.4482,200326339.0
bal,Baleares,2025,47156552442.1196,proyeccion,dependencia,0.4775,225188836.0
bal,Baleares,2026,50781507109.3719,proyeccion,dependencia,0.4566,231857908.0
can,Canarias,2015,39636569000.0,real,dependencia,0.2432,96386589.0
can,Canarias,2016,40979670000.0,real,dependencia,0.2543,104208377.0
can,Canarias,2017,43035839000.0,real,dependencia,0.275,118363914.0
can,Canarias,2018,44609266000.0,real,dependencia,0.3636,162215406.0
can,Canarias,2019,45766832000.0,real,dependencia,0.4579,209575354.0
can,Canarias,2020,37587399000.0,real,dependencia,0.5824,218911465.0
can,Canarias,2021,41407275000.0,real,dependencia,0.5333,220830538.0
can,Canarias,2022,48908196000.0,real,dependencia,0.4885,238918494.0
can,Canarias,2023,53990089000.0,real,dependencia,0.4918,265498955.0
can,Canarias,2024,58144618000.0,real,dependencia,0.5249,305199316.0
can,Canarias,2025,61062044154.199,proyeccion,dependencia,0.5748,350955290.0
can,Canarias,2026,65760759009.7699,proyeccion,dependencia,0.6268,412171718.0
cat,Cataluña,2015,206434270000.0,real,dependencia,0.6977,1440365937.92
cat,Cataluña,2016,214502547000.0,real,dependencia,0.6914,1482975719.45
cat,Cataluña,2017,223139777000.0,real,dependencia,0.6684,1491396034.11
cat,Cataluña,2018,231101287000.0,real,dependencia,0.6453,1491396034.11
cat,Cataluña,2019,240165818000.0,real,dependencia,0.6378,1531771266.95
cat,Cataluña,2020,214857435000.0,real,dependencia,0.742,1594179039.73
cat,Cataluña,2021,234820402000.0,real,dependencia,0.6789,1594179039.73
cat,Cataluña,2022,258787407000.0,real,dependencia,0.6762,1749979172.98
cat,Cataluña,2023,283274025000.0,real,dependencia,0.6953,1969629181.49
cat,Cataluña,2024,302303884000.0,real,dependencia,0.7155,2163059090.84
cat,Cataluña,2025,314476551469.5445,proyeccion,dependencia,0.6878,2163059090.84
cat,Cataluña,2026,335602542224.5094,proyeccion,dependencia,0.7404,2484712971.42
clm,Cast.-La Mancha,2015,37998035000.0,real,dependencia,1.0247,389383670.0
clm,Cast.-La Mancha,2016,39136242000.0,real,dependencia,0.9755,381779990.0
clm,Cast.-La Mancha,2017,40768959000.0,real,dependencia,0.9783,398834370.0
clm,Cast.-La Mancha,2018,42290925000.0,real,dependencia,0.9603,406118870.0
clm,Cast.-La Mancha,2019,43393303000.0,real,dependencia,0.9359,406118870.0
clm,Cast.-La Mancha,2020,40254360000.0,real,dependencia,1.101,443199000.0
clm,Cast.-La Mancha,2021,44123986000.0,real,dependencia,1.1613,512425730.0
clm,Cast.-La Mancha,2022,50032018000.0,real,dependencia,1.0605,530612120.0
clm,Cast.-La Mancha,2023,52544941000.0,real,dependencia,1.0,525429910.0
clm,Cast.-La Mancha,2024,55559897000.0,real,dependencia,0.9455,525324890.0
clm,Cast.-La Mancha,2025,57877789156.0775,proyeccion,dependencia,0.8858,512692410.0
clm,Cast.-La Mancha,2026,60528774710.7235,proyeccion,dependencia,0.8863,536482460.0
cnt,Cantabria,2015,12443843000.0,real,dependencia,1.1014,137060482.0
cnt,Cantabria,2016,12833899000.0,real,dependencia,1.0745,137899656.0
cnt,Cantabria,2017,13318023000.0,real,dependencia,0.9951,132529538.0
cnt,Cantabria,2018,13843935000.0,real,dependencia,0.9618,133157316.0
cnt,Cantabria,2019,14274351000.0,real,dependencia,0.9477,135272079.0
cnt,Cantabria,2020,12991241000.0,real,dependencia,1.0987,142736558.0
cnt,Cantabria,2021,14206538000.0,real,dependencia,1.0495,149100265.0
cnt,Cantabria,2022,15557155000.0,real,dependencia,0.9845,153165201.0
cnt,Cantabria,2023,16740663000.0,real,dependencia,1.0101,169095783.0
cnt,Cantabria,2024,17700122000.0,real,dependencia,1.0013,177234691.0
cnt,Cantabria,2025,18399077585.3196,proyeccion,dependencia,1.0088,185614577.0
cnt,Cantabria,2026,19638827481.9118,proyeccion,dependencia,1.045,205233389.0
cym,Cast. y León,2015,53183396000.0,real,dependencia,1.0985,584230223.0
cym,Cast. y León,2016,54630532000.0,real,dependencia,1.1329,618898555.0
cym,Cast. y León,2017,55879293000.0,real,dependencia,1.1833,661201402.0
cym,Cast. y León,2018,58326859000.0,real,dependencia,1.1947,696811366.0
cym,Cast. y León,2019,59649198000.0,real,dependencia,1.1682,696811366.0
cym,Cast. y León,2020,54794589000.0,real,dependencia,1.2717,696811366.0
cym,Cast. y León,2021,59465900000.0,real,dependencia,1.2524,744737627.0
cym,Cast. y León,2022,65467208000.0,real,dependencia,1.1376,744737627.0
cym,Cast. y León,2023,69893920000.0,real,dependencia,1.238,865314063.0
cym,Cast. y León,2024,73992645000.0,real,dependencia,1.2846,950482061.0
cym,Cast. y León,2025,77233592986.7985,proyeccion,dependencia,1.2307,950482061.0
cym,Cast. y León,2026,80786752445.5297,proyeccion,dependencia,1.1765,950482061.0
ext,Extremadura,2015,18494971000.0,real,dependencia,1.5957,295124175.0
ext,Extremadura,2016,19069471000.0,real,dependencia,1.5786,301023551.0
ext,Extremadura,2017,20169546000.0,real,dependencia,1.5352,309634440.0
ext,Extremadura,2018,20713254000.0,real,dependencia,1.5352,317996579.0
ext,Extremadura,2019,21166132000.0,real,dependencia,1.562,330608387.0
ext,Extremadura,2020,19497343000.0,real,dependencia,1.7805,347141661.0
ext,Extremadura,2021,21551517000.0,real,dependencia,1.6735,360672739.0
ext,Extremadura,2022,23486645000.0,real,dependencia,1.755,412180332.0
ext,Extremadura,2023,25192615000.0,real,dependencia,1.8239,459483120.0
ext,Extremadura,2024,26583476000.0,real,dependencia,1.8274,485778189.0
ext,Extremadura,2025,28051125150.8657,proyeccion,dependencia,1.7318,485778189.0
ext,Extremadura,2026,29283045487.1274,proyeccion,dependencia,1.6589,485778189.0
gal,Galicia,2015,57010602000.0,real,dependencia,0.5737,327047917.0
gal,Galicia,2016,58564023000.0,real,dependencia,0.6018,352447241.0
gal,Galicia,2017,60630852000.0,real,dependencia,0.6039,366132154.0
gal,Galicia,2018,62649363000.0,real,dependencia,0.6458,404565100.0
gal,Galicia,2019,64502005000.0,real,dependencia,0.6501,419338223.0
gal,Galicia,2020,59007178000.0,real,dependencia,0.7483,441575398.0
gal,Galicia,2021,64387386000.0,real,dependencia,0.8061,519013879.0
gal,Galicia,2022,71636381000.0,real,dependencia,1.2959,928313621.0
gal,Galicia,2023,77461411000.0,real,dependencia,1.3912,1077654504.0
gal,Galicia,2024,81839712000.0,real,dependencia,1.4733,1205712646.0
gal,Galicia,2025,84727981648.3003,proyeccion,dependencia,1.562,1323430494.0
gal,Galicia,2026,89517006299.2806,proyeccion,dependencia,1.5539,1390991353.0
lar,La Rioja,2015,8033065000.0,real,dependencia,1.3262,106536250.0
lar,La Rioja,2016,8074094000.0,real,dependencia,1.3976,112846197.0
lar,La Rioja,2017,8351707000.0,real,dependencia,0.7,58462305.0
lar,La Rioja,2018,8649852000.0,real,dependencia,0.1119,9682000.0
lar,La Rioja,2019,8889997000.0,real,dependencia,0.6617,58823612.0
lar,La Rioja,2020,8186915000.0,real,dependencia,0.725,59357460.0
lar,La Rioja,2021,8735750000.0,real,dependencia,0.7807,68201540.0
lar,La Rioja,2022,9767469000.0,real,dependencia,0.738,72086345.0
lar,La Rioja,2023,10476650000.0,real,dependencia,0.739,77425735.0
lar,La Rioja,2024,11111889000.0,real,dependencia,0.7447,82746928.0
lar,La Rioja,2025,11508568881.8379,proyeccion,dependencia,0.7749,89181987.0
lar,La Rioja,2026,12112848663.0821,proyeccion,dependencia,0.7363,89181987.0
mad,Madrid,2015,206231525000.0,real,dependencia,0.5916,1220062890.0
mad,Madrid,2016,214469101000.0,real,dependencia,0.5003,1073078872.0
mad,Madrid,2017,224373156000.0,real,dependencia,0.5203,1167421468.0
mad,Madrid,2018,233735808000.0,real,dependencia,0.5383,1258136922.0
mad,Madrid,2019,243889359000.0,real,dependencia,0.5429,1324040720.0
mad,Madrid,2020,221061932000.0,real,dependencia,0.5989,1324040720.0
mad,Madrid,2021,239837609000.0,real,dependencia,0.5521,1324040720.0
mad,Madrid,2022,267171570000.0,real,dependencia,0.5495,1468148434.0
mad,Madrid,2023,295939562000.0,real,dependencia,0.4961,1468148434.0
mad,Madrid,2024,316193370000.0,real,dependencia,0.5724,1809832916.0
mad,Madrid,2025,330794990991.154,proyeccion,dependencia,0.5691,1882516974.0
mad,Madrid,2026,356751462437.7044,proyeccion,dependencia,0.5727,2043283812.0
mur,Murcia,2015,29168718000.0,real,dependencia,0.3176,92652199.0
mur,Murcia,2016,30009138000.0,real,dependencia,0.3093,92828035.0
mur,Murcia,2017,31192490000.0,real,dependencia,0.3209,100101578.0
mur,Murcia,2018,31715345000.0,real,dependencia,0.341,108157734.0
mur,Murcia,2019,33000651000.0,real,dependencia,0.3392,111952655.0
mur,Murcia,2020,30440306000.0,real,dependencia,0.3869,117774419.0
mur,Murcia,2021,33603543000.0,real,dependencia,0.4082,137172304.0
mur,Murcia,2022,37380806000.0,real,dependencia,0.4315,161289755.0
mur,Murcia,2023,39838741000.0,real,dependencia,0.4753,189336986.0
mur,Murcia,2024,42488024000.0,real,dependencia,0.4573,194306355.0
mur,Murcia,2025,44209906961.5551,proyeccion,dependencia,0.4993,220761192.0
mur,Murcia,2026,46619073818.1298,proyeccion,dependencia,0.4735,220761192.0
nav,Navarra,2015,18334417000.0,real,dependencia,0.7228,132524989.0
nav,Navarra,2016,18911331000.0,real,dependencia,0.7184,135868207.0
nav,Navarra,2017,19698794000.0,real,dependencia,0.7151,140857234.0
nav,Navarra,2018,20235995000.0,real,dependencia,0.7361,148959127.0
nav,Navarra,2019,21070268000.0,real,dependencia,0.7819,164750303.0
nav,Navarra,2020,19160726000.0,real,dependencia,0.8639,165529340.0
nav,Navarra,2021,20821017000.0,real,dependencia,0.8455,176033515.0
nav,Navarra,2022,23204474000.0,real,dependencia,0.8974,208247972.0
nav,Navarra,2023,24975376000.0,real,dependencia,0.978,244247845.0
nav,Navarra,2024,26619297000.0,real,dependencia,0.943,251016523.0
nav,Navarra,2025,27727717738.525,proyeccion,dependencia,0.9173,254338477.0
nav,Navarra,2026,29541097405.4703,proyeccion,dependencia,0.903,266742173.0
pvc,País Vasco,2015,65073341000.0,real,dependencia,0.0,0.0
pvc,País Vasco,2016,67114993000.0,real,dependencia,0.0,0.0
pvc,País Vasco,2017,69585295000.0,real,dependencia,0.0,0.0
pvc,País Vasco,2018,71915111000.0,real,dependencia,0.0,0.0
pvc,País Vasco,2019,73999981000.0,real,dependencia,0.0,0.0
pvc,País Vasco,2020,66672598000.0,real,dependencia,0.0,0.0
pvc,País Vasco,2021,72513029000.0,real,dependencia,0.0,0.0
pvc,País Vasco,2022,80218167000.0,real,dependencia,0.0,0.0
pvc,País Vasco,2023,86748107000.0,real,dependencia,0.0,0.0
pvc,País Vasco,2024,91612735000.0,real,dependencia,0.0,0.0
pvc,País Vasco,2025,94984725555.0161,proyeccion,dependencia,0.0,0.0
pvc,País Vasco,2026,100311243579.2912,proyeccion,dependencia,0.0,0.0
val,C. Valenciana,2015,101214206000.0,real,dependencia,0.4841,489973780.0
val,C. Valenciana,2016,104205396000.0,real,dependencia,0.5758,599969780.0
val,C. Valenciana,2017,108666712000.0,real,dependencia,0.5466,593977190.0
val,C. Valenciana,2018,112749574000.0,real,dependencia,0.5541,624710410.0
val,C. Valenciana,2019,116588528000.0,real,dependencia,0.7062,823333840.0
val,C. Valenciana,2020,106067171000.0,real,dependencia,0.41,434862340.0
val,C. Valenciana,2021,116386906000.0,real,dependencia,0.4013,467008970.0
val,C. Valenciana,2022,127583394000.0,real,dependencia,0.4091,522005270.0
val,C. Valenciana,2023,139655905000.0,real,dependencia,0.4035,563536190.0
val,C. Valenciana,2024,148283453000.0,real,dependencia,1.1534,1710297880.0
val,C. Valenciana,2025,154631870325.7606,proyeccion,dependencia,1.2418,1920151830.0
val,C. Valenciana,2026,164184591233.3746,proyeccion,dependencia,1.2353,2028205580.0
and,Andalucía,2015,146406094000.0,real,discapacidad,0.0907,132779065.0
and,Andalucía,2016,149901897000.0,real,discapacidad,0.0935,140170311.0
and,Andalucía,2017,156789484000.0,real,discapacidad,0.0913,143159588.0
and,Andalucía,2018,161894301000.0,real,discapacidad,0.0948,153480255.0
and,Andalucía,2019,166478730000.0,real,discapacidad,0.0934,155425426.0
and,Andalucía,2020,150452909000.0,real,discapacidad,0.1282,192851292.0
and,Andalucía,2021,166296356000.0,real,discapacidad,0.1169,194332129.0
and,Andalucía,2022,184364390000.0,real,discapacidad,0.1102,203115125.0
and,Andalucía,2023,199406067000.0,real,discapacidad,0.1116,222481616.0
and,Andalucía,2024,212359142000.0,real,discapacidad,0.1188,252376683.0
and,Andalucía,2025,222116470593.1817,proyeccion,discapacidad,0.1195,265377200.0
and,Andalucía,2026,235169103530.3166,proyeccion,discapacidad,0.1143,268836077.0
ara,Aragón,2015,33265930000.0,real,discapacidad,0.0,0.0
ara,Aragón,2016,34542128000.0,real,discapacidad,0.0,0.0
ara,Aragón,2017,35983544000.0,real,discapacidad,0.0,0.0
ara,Aragón,2018,37213896000.0,real,discapacidad,0.0,0.0
ara,Aragón,2019,38465053000.0,real,discapacidad,0.0,0.0
ara,Aragón,2020,35955571000.0,real,discapacidad,0.0,0.0
ara,Aragón,2021,38782157000.0,real,discapacidad,0.0,0.0
ara,Aragón,2022,43668835000.0,real,discapacidad,0.0,0.0
ara,Aragón,2023,46778120000.0,real,discapacidad,0.0,0.0
ara,Aragón,2024,49634925000.0,real,discapacidad,0.0,0.0
ara,Aragón,2025,51706151620.8324,proyeccion,discapacidad,0.0,0.0
ara,Aragón,2026,54863918381.8983,proyeccion,discapacidad,0.0,0.0
ast,Asturias,2015,21388142000.0,real,discapacidad,0.0,0.0
ast,Asturias,2016,21675441000.0,real,discapacidad,0.0,0.0
ast,Asturias,2017,22538267000.0,real,discapacidad,0.0,0.0
ast,Asturias,2018,23185680000.0,real,discapacidad,0.0,0.0
ast,Asturias,2019,23666618000.0,real,discapacidad,0.0,0.0
ast,Asturias,2020,21376392000.0,real,discapacidad,0.0,0.0
ast,Asturias,2021,23617641000.0,real,discapacidad,0.0,0.0
ast,Asturias,2022,26690102000.0,real,discapacidad,0.0,0.0
ast,Asturias,2023,28350371000.0,real,discapacidad,0.0,0.0
ast,Asturias,2024,30012308000.0,real,discapacidad,0.0,0.0
ast,Asturias,2025,31206996480.0363,proyeccion,discapacidad,0.0,0.0
ast,Asturias,2026,32540503695.6435,proyeccion,discapacidad,0.0,0.0
bal,Baleares,2015,28653742000.0,real,discapacidad,0.0438,12561851.0
bal,Baleares,2016,30233284000.0,real,discapacidad,0.0465,14053433.0
bal,Baleares,2017,31746251000.0,real,discapacidad,0.0512,16240099.0
bal,Baleares,2018,33185968000.0,real,discapacidad,0.0509,16882456.0
bal,Baleares,2019,34350576000.0,real,discapacidad,0.0531,18248384.0
bal,Baleares,2020,26669106000.0,real,discapacidad,0.0679,18110547.0
bal,Baleares,2021,30512146000.0,real,discapacidad,0.0648,19763199.0
bal,Baleares,2022,37189162000.0,real,discapacidad,0.0585,21738027.0
bal,Baleares,2023,41502526000.0,real,discapacidad,0.0572,23749730.0
bal,Baleares,2024,44692852000.0,real,discapacidad,0.0592,26475654.0
bal,Baleares,2025,47156552442.1196,proyeccion,discapacidad,0.067,31613998.0
bal,Baleares,2026,50781507109.3719,proyeccion,discapacidad,0.0631,32039539.0
can,Canarias,2015,39636569000.0,real,discapacidad,0.1135,45006031.0
can,Canarias,2016,40979670000.0,real,discapacidad,0.1105,45291137.0
can,Canarias,2017,43035839000.0,real,discapacidad,0.1096,47156440.0
can,Canarias,2018,44609266000.0,real,discapacidad,0.1114,49690444.0
can,Canarias,2019,45766832000.0,real,discapacidad,0.1355,62025238.0
can,Canarias,2020,37587399000.0,real,discapacidad,0.1753,65888272.0
can,Canarias,2021,41407275000.0,real,discapacidad,0.1743,72171796.0
can,Canarias,2022,48908196000.0,real,discapacidad,0.161,78747890.0
can,Canarias,2023,53990089000.0,real,discapacidad,0.1487,80288274.0
can,Canarias,2024,58144618000.0,real,discapacidad,0.1367,79510153.0
can,Canarias,2025,61062044154.199,proyeccion,discapacidad,0.1347,82280204.0
can,Canarias,2026,65760759009.7699,proyeccion,discapacidad,0.131,86143008.0
cat,Cataluña,2015,206434270000.0,real,discapacidad,0.0044,9065264.0
cat,Cataluña,2016,214502547000.0,real,discapacidad,0.0042,9065264.0
cat,Cataluña,2017,223139777000.0,real,discapacidad,0.0041,9113720.06
cat,Cataluña,2018,231101287000.0,real,discapacidad,0.0039,9113720.06
cat,Cataluña,2019,240165818000.0,real,discapacidad,0.0048,11417511.15
cat,Cataluña,2020,214857435000.0,real,discapacidad,0.0061,13092933.25
cat,Cataluña,2021,234820402000.0,real,discapacidad,0.0056,13092933.25
cat,Cataluña,2022,258787407000.0,real,discapacidad,0.0046,11890551.84
cat,Cataluña,2023,283274025000.0,real,discapacidad,0.0057,16089099.51
cat,Cataluña,2024,302303884000.0,real,discapacidad,0.0053,16089948.35
cat,Cataluña,2025,314476551469.5445,proyeccion,discapacidad,0.0051,16089948.35
cat,Cataluña,2026,335602542224.5094,proyeccion,discapacidad,0.0044,14706385.94
clm,Cast.-La Mancha,2015,37998035000.0,real,discapacidad,0.2616,99388360.0
clm,Cast.-La Mancha,2016,39136242000.0,real,discapacidad,0.2583,101107350.0
clm,Cast.-La Mancha,2017,40768959000.0,real,discapacidad,0.2573,104891360.0
clm,Cast.-La Mancha,2018,42290925000.0,real,discapacidad,0.2561,108328000.0
clm,Cast.-La Mancha,2019,43393303000.0,real,discapacidad,0.2496,108328000.0
clm,Cast.-La Mancha,2020,40254360000.0,real,discapacidad,0.289,116345440.0
clm,Cast.-La Mancha,2021,44123986000.0,real,discapacidad,0.2838,125225230.0
clm,Cast.-La Mancha,2022,50032018000.0,real,discapacidad,0.2744,137281350.0
clm,Cast.-La Mancha,2023,52544941000.0,real,discapacidad,0.2868,150707730.0
clm,Cast.-La Mancha,2024,55559897000.0,real,discapacidad,0.2848,158259930.0
clm,Cast.-La Mancha,2025,57877789156.0775,proyeccion,discapacidad,0.271,156848960.0
clm,Cast.-La Mancha,2026,60528774710.7235,proyeccion,discapacidad,0.2629,159133450.0
cnt,Cantabria,2015,12443843000.0,real,discapacidad,0.0,0.0
cnt,Cantabria,2016,12833899000.0,real,discapacidad,0.0,0.0
cnt,Cantabria,2017,13318023000.0,real,discapacidad,0.0,0.0
cnt,Cantabria,2018,13843935000.0,real,discapacidad,0.0,0.0
cnt,Cantabria,2019,14274351000.0,real,discapacidad,0.0,0.0
cnt,Cantabria,2020,12991241000.0,real,discapacidad,0.0,0.0
cnt,Cantabria,2021,14206538000.0,real,discapacidad,0.0,0.0
cnt,Cantabria,2022,15557155000.0,real,discapacidad,0.0,0.0
cnt,Cantabria,2023,16740663000.0,real,discapacidad,0.0,0.0
cnt,Cantabria,2024,17700122000.0,real,discapacidad,0.0,0.0
cnt,Cantabria,2025,18399077585.3196,proyeccion,discapacidad,0.0,0.0
cnt,Cantabria,2026,19638827481.9118,proyeccion,discapacidad,0.0,0.0
cym,Cast. y León,2015,53183396000.0,real,discapacidad,0.2423,128871699.0
cym,Cast. y León,2016,54630532000.0,real,discapacidad,0.2385,130292035.0
cym,Cast. y León,2017,55879293000.0,real,discapacidad,0.2433,135944676.0
cym,Cast. y León,2018,58326859000.0,real,discapacidad,0.2402,140093908.0
cym,Cast. y León,2019,59649198000.0,real,discapacidad,0.2349,140093908.0
cym,Cast. y León,2020,54794589000.0,real,discapacidad,0.2557,140093908.0
cym,Cast. y León,2021,59465900000.0,real,discapacidad,0.2903,172600101.0
cym,Cast. y León,2022,65467208000.0,real,discapacidad,0.2636,172600101.0
cym,Cast. y León,2023,69893920000.0,real,discapacidad,0.2742,191657715.0
cym,Cast. y León,2024,73992645000.0,real,discapacidad,0.2763,204458058.0
cym,Cast. y León,2025,77233592986.7985,proyeccion,discapacidad,0.2647,204458058.0
cym,Cast. y León,2026,80786752445.5297,proyeccion,discapacidad,0.2531,204458058.0
ext,Extremadura,2015,18494971000.0,real,discapacidad,0.0,0.0
ext,Extremadura,2016,19069471000.0,real,discapacidad,0.0,0.0
ext,Extremadura,2017,20169546000.0,real,discapacidad,0.0,0.0
ext,Extremadura,2018,20713254000.0,real,discapacidad,0.0,0.0
ext,Extremadura,2019,21166132000.0,real,discapacidad,0.0,0.0
ext,Extremadura,2020,19497343000.0,real,discapacidad,0.0,0.0
ext,Extremadura,2021,21551517000.0,real,discapacidad,0.0,0.0
ext,Extremadura,2022,23486645000.0,real,discapacidad,0.0,0.0
ext,Extremadura,2023,25192615000.0,real,discapacidad,0.0,0.0
ext,Extremadura,2024,26583476000.0,real,discapacidad,0.0,0.0
ext,Extremadura,2025,28051125150.8657,proyeccion,discapacidad,0.0,0.0
ext,Extremadura,2026,29283045487.1274,proyeccion,discapacidad,0.0,0.0
gal,Galicia,2015,57010602000.0,real,discapacidad,0.0,0.0
gal,Galicia,2016,58564023000.0,real,discapacidad,0.0,0.0
gal,Galicia,2017,60630852000.0,real,discapacidad,0.0,0.0
gal,Galicia,2018,62649363000.0,real,discapacidad,0.0,0.0
gal,Galicia,2019,64502005000.0,real,discapacidad,0.0,0.0
gal,Galicia,2020,59007178000.0,real,discapacidad,0.0,0.0
gal,Galicia,2021,64387386000.0,real,discapacidad,0.0,0.0
gal,Galicia,2022,71636381000.0,real,discapacidad,0.0,0.0
gal,Galicia,2023,77461411000.0,real,discapacidad,0.0,0.0
gal,Galicia,2024,81839712000.0,real,discapacidad,0.0,0.0
gal,Galicia,2025,84727981648.3003,proyeccion,discapacidad,0.0,0.0
gal,Galicia,2026,89517006299.2806,proyeccion,discapacidad,0.0,0.0
lar,La Rioja,2015,8033065000.0,real,discapacidad,0.0,0.0
lar,La Rioja,2016,8074094000.0,real,discapacidad,0.0,0.0
lar,La Rioja,2017,8351707000.0,real,discapacidad,0.2669,22293635.0
lar,La Rioja,2018,8649852000.0,real,discapacidad,0.0,0.0
lar,La Rioja,2019,8889997000.0,real,discapacidad,0.2549,22663575.0
lar,La Rioja,2020,8186915000.0,real,discapacidad,0.2659,21771506.0
lar,La Rioja,2021,8735750000.0,real,discapacidad,0.2907,25396989.0
lar,La Rioja,2022,9767469000.0,real,discapacidad,0.2486,24284690.0
lar,La Rioja,2023,10476650000.0,real,discapacidad,0.2471,25884747.0
lar,La Rioja,2024,11111889000.0,real,discapacidad,0.2554,28378907.0
lar,La Rioja,2025,11508568881.8379,proyeccion,discapacidad,0.2589,29795599.0
lar,La Rioja,2026,12112848663.0821,proyeccion,discapacidad,0.246,29795599.0
mad,Madrid,2015,206231525000.0,real,discapacidad,0.0,0.0
mad,Madrid,2016,214469101000.0,real,discapacidad,0.1413,302971858.0
mad,Madrid,2017,224373156000.0,real,discapacidad,0.138,309725958.0
mad,Madrid,2018,233735808000.0,real,discapacidad,0.1433,334830730.0
mad,Madrid,2019,243889359000.0,real,discapacidad,0.1402,341816832.0
mad,Madrid,2020,221061932000.0,real,discapacidad,0.1546,341816832.0
mad,Madrid,2021,239837609000.0,real,discapacidad,0.1425,341816832.0
mad,Madrid,2022,267171570000.0,real,discapacidad,0.1597,426658876.0
mad,Madrid,2023,295939562000.0,real,discapacidad,0.1442,426658876.0
mad,Madrid,2024,316193370000.0,real,discapacidad,0.1425,450655867.0
mad,Madrid,2025,330794990991.154,proyeccion,discapacidad,0.1363,450974972.0
mad,Madrid,2026,356751462437.7044,proyeccion,discapacidad,0.1395,497641026.0
mur,Murcia,2015,29168718000.0,real,discapacidad,0.2031,59246671.0
mur,Murcia,2016,30009138000.0,real,discapacidad,0.2096,62893152.0
mur,Murcia,2017,31192490000.0,real,discapacidad,0.2119,66102308.0
mur,Murcia,2018,31715345000.0,real,discapacidad,0.2234,70841254.0
mur,Murcia,2019,33000651000.0,real,discapacidad,0.2207,72832470.0
mur,Murcia,2020,30440306000.0,real,discapacidad,0.3401,103529877.0
mur,Murcia,2021,33603543000.0,real,discapacidad,0.3245,109035673.0
mur,Murcia,2022,37380806000.0,real,discapacidad,0.3255,121679850.0
mur,Murcia,2023,39838741000.0,real,discapacidad,0.3466,138070824.0
mur,Murcia,2024,42488024000.0,real,discapacidad,0.384,163144771.0
mur,Murcia,2025,44209906961.5551,proyeccion,discapacidad,0.3815,168663594.0
mur,Murcia,2026,46619073818.1298,proyeccion,discapacidad,0.3618,168663594.0
nav,Navarra,2015,18334417000.0,real,discapacidad,0.0011,210000.0
nav,Navarra,2016,18911331000.0,real,discapacidad,0.0022,421000.0
nav,Navarra,2017,19698794000.0,real,discapacidad,0.007,1370000.0
nav,Navarra,2018,20235995000.0,real,discapacidad,0.0075,1511000.0
nav,Navarra,2019,21070268000.0,real,discapacidad,0.0,0.0
nav,Navarra,2020,19160726000.0,real,discapacidad,0.0,0.0
nav,Navarra,2021,20821017000.0,real,discapacidad,0.0,0.0
nav,Navarra,2022,23204474000.0,real,discapacidad,0.0,0.0
nav,Navarra,2023,24975376000.0,real,discapacidad,0.0,0.0
nav,Navarra,2024,26619297000.0,real,discapacidad,0.0,0.0
nav,Navarra,2025,27727717738.525,proyeccion,discapacidad,0.0,0.0
nav,Navarra,2026,29541097405.4703,proyeccion,discapacidad,0.0,0.0
pvc,País Vasco,2015,65073341000.0,real,discapacidad,0.0,0.0
pvc,País Vasco,2016,67114993000.0,real,discapacidad,0.0,0.0
pvc,País Vasco,2017,69585295000.0,real,discapacidad,0.0,0.0
pvc,País Vasco,2018,71915111000.0,real,discapacidad,0.0,0.0
pvc,País Vasco,2019,73999981000.0,real,discapacidad,0.0,0.0
pvc,País Vasco,2020,66672598000.0,real,discapacidad,0.0,0.0
pvc,País Vasco,2021,72513029000.0,real,discapacidad,0.0,0.0
pvc,País Vasco,2022,80218167000.0,real,discapacidad,0.0,0.0
pvc,País Vasco,2023,86748107000.0,real,discapacidad,0.0,0.0
pvc,País Vasco,2024,91612735000.0,real,discapacidad,0.0,0.0
pvc,País Vasco,2025,94984725555.0161,proyeccion,discapacidad,0.0,0.0
pvc,País Vasco,2026,100311243579.2912,proyeccion,discapacidad,0.0,0.0
val,C. Valenciana,2015,101214206000.0,real,discapacidad,0.0,0.0
val,C. Valenciana,2016,104205396000.0,real,discapacidad,0.1923,200433920.0
val,C. Valenciana,2017,108666712000.0,real,discapacidad,0.1981,215297560.0
val,C. Valenciana,2018,112749574000.0,real,discapacidad,0.2071,233458270.0
val,C. Valenciana,2019,116588528000.0,real,discapacidad,0.24,279766500.0
val,C. Valenciana,2020,106067171000.0,real,discapacidad,0.0463,49148710.0
val,C. Valenciana,2021,116386906000.0,real,discapacidad,0.0445,51759770.0
val,C. Valenciana,2022,127583394000.0,real,discapacidad,0.0466,59417930.0
val,C. Valenciana,2023,139655905000.0,real,discapacidad,0.0395,55098660.0
val,C. Valenciana,2024,148283453000.0,real,discapacidad,0.0355,52625140.0
val,C. Valenciana,2025,154631870325.7606,proyeccion,discapacidad,0.038,58802180.0
val,C. Valenciana,2026,164184591233.3746,proyeccion,discapacidad,0.0372,61112500.0
and,Andalucía,2015,146406094000.0,real,salud_mental,0.0222,32430242.0
and,Andalucía,2016,149901897000.0,real,salud_mental,0.0231,34632142.0
and,Andalucía,2017,156789484000.0,real,salud_mental,0.0231,36175436.0
and,Andalucía,2018,161894301000.0,real,salud_mental,0.0236,38267726.0
and,Andalucía,2019,166478730000.0,real,salud_mental,0.023,38229327.0
and,Andalucía,2020,150452909000.0,real,salud_mental,0.0052,7873415.0
and,Andalucía,2021,166296356000.0,real,salud_mental,0.019,31641238.0
and,Andalucía,2022,184364390000.0,real,salud_mental,0.0175,32325730.0
and,Andalucía,2023,199406067000.0,real,salud_mental,0.0166,33167180.0
and,Andalucía,2024,212359142000.0,real,salud_mental,0.0159,33795836.0
and,Andalucía,2025,222116470593.1817,proyeccion,salud_mental,0.0149,33157283.0
and,Andalucía,2026,235169103530.3166,proyeccion,salud_mental,0.0155,36381544.0
ara,Aragón,2015,33265930000.0,real,salud_mental,0.0,0.0
ara,Aragón,2016,34542128000.0,real,salud_mental,0.0,0.0
ara,Aragón,2017,35983544000.0,real,salud_mental,0.0,0.0
ara,Aragón,2018,37213896000.0,real,salud_mental,0.0,0.0
ara,Aragón,2019,38465053000.0,real,salud_mental,0.0,0.0
ara,Aragón,2020,35955571000.0,real,salud_mental,0.0,0.0
ara,Aragón,2021,38782157000.0,real,salud_mental,0.0,0.0
ara,Aragón,2022,43668835000.0,real,salud_mental,0.0,0.0
ara,Aragón,2023,46778120000.0,real,salud_mental,0.0,0.0
ara,Aragón,2024,49634925000.0,real,salud_mental,0.0325,16110911.37
ara,Aragón,2025,51706151620.8324,proyeccion,salud_mental,0.0312,16110911.37
ara,Aragón,2026,54863918381.8983,proyeccion,salud_mental,0.0294,16110911.37
ast,Asturias,2015,21388142000.0,real,salud_mental,0.0,0.0
ast,Asturias,2016,21675441000.0,real,salud_mental,0.0,0.0
ast,Asturias,2017,22538267000.0,real,salud_mental,0.0,0.0
ast,Asturias,2018,23185680000.0,real,salud_mental,0.0,0.0
ast,Asturias,2019,23666618000.0,real,salud_mental,0.0,0.0
ast,Asturias,2020,21376392000.0,real,salud_mental,0.0,0.0
ast,Asturias,2021,23617641000.0,real,salud_mental,0.0,0.0
ast,Asturias,2022,26690102000.0,real,salud_mental,0.0,0.0
ast,Asturias,2023,28350371000.0,real,salud_mental,0.0,0.0
ast,Asturias,2024,30012308000.0,real,salud_mental,0.0,0.0
ast,Asturias,2025,31206996480.0363,proyeccion,salud_mental,0.0,0.0
ast,Asturias,2026,32540503695.6435,proyeccion,salud_mental,0.0,0.0
bal,Baleares,2015,28653742000.0,real,salud_mental,0.027,7737937.0
bal,Baleares,2016,30233284000.0,real,salud_mental,0.025,7566414.0
bal,Baleares,2017,31746251000.0,real,salud_mental,0.0079,2521219.0
bal,Baleares,2018,33185968000.0,real,salud_mental,0.007,2323372.0
bal,Baleares,2019,34350576000.0,real,salud_mental,0.0068,2324612.0
bal,Baleares,2020,26669106000.0,real,salud_mental,0.1221,32562726.0
bal,Baleares,2021,30512146000.0,real,salud_mental,0.098,29895936.0
bal,Baleares,2022,37189162000.0,real,salud_mental,0.1322,49146561.0
bal,Baleares,2023,41502526000.0,real,salud_mental,0.2784,115537986.0
bal,Baleares,2024,44692852000.0,real,salud_mental,0.1497,66909910.0
bal,Baleares,2025,47156552442.1196,proyeccion,salud_mental,0.1378,64992256.0
bal,Baleares,2026,50781507109.3719,proyeccion,salud_mental,0.1247,63313138.0
can,Canarias,2015,39636569000.0,real,salud_mental,0.0,0.0
can,Canarias,2016,40979670000.0,real,salud_mental,0.0,0.0
can,Canarias,2017,43035839000.0,real,salud_mental,0.0,0.0
can,Canarias,2018,44609266000.0,real,salud_mental,0.0,0.0
can,Canarias,2019,45766832000.0,real,salud_mental,0.0,0.0
can,Canarias,2020,37587399000.0,real,salud_mental,0.0,0.0
can,Canarias,2021,41407275000.0,real,salud_mental,0.0,0.0
can,Canarias,2022,48908196000.0,real,salud_mental,0.0,0.0
can,Canarias,2023,53990089000.0,real,salud_mental,0.0,0.0
can,Canarias,2024,58144618000.0,real,salud_mental,0.0,0.0
can,Canarias,2025,61062044154.199,proyeccion,salud_mental,0.0,0.0
can,Canarias,2026,65760759009.7699,proyeccion,salud_mental,0.0,0.0
cat,Cataluña,2015,206434270000.0,real,salud_mental,0.0268,55376487.82
cat,Cataluña,2016,214502547000.0,real,salud_mental,0.0349,74881966.22
cat,Cataluña,2017,223139777000.0,real,salud_mental,0.0555,123823424.12
cat,Cataluña,2018,231101287000.0,real,salud_mental,0.0536,123823424.12
cat,Cataluña,2019,240165818000.0,real,salud_mental,0.0545,130893303.58
cat,Cataluña,2020,214857435000.0,real,salud_mental,0.0663,142380604.63
cat,Cataluña,2021,234820402000.0,real,salud_mental,0.0606,142380604.63
cat,Cataluña,2022,258787407000.0,real,salud_mental,0.0844,218468457.23
cat,Cataluña,2023,283274025000.0,real,salud_mental,0.0725,205499066.29
cat,Cataluña,2024,302303884000.0,real,salud_mental,0.0702,212076042.9
cat,Cataluña,2025,314476551469.5445,proyeccion,salud_mental,0.0674,212076042.9
cat,Cataluña,2026,335602542224.5094,proyeccion,salud_mental,0.0797,267551321.1
clm,Cast.-La Mancha,2015,37998035000.0,real,salud_mental,0.0,0.0
clm,Cast.-La Mancha,2016,39136242000.0,real,salud_mental,0.0,0.0
clm,Cast.-La Mancha,2017,40768959000.0,real,salud_mental,0.0,0.0
clm,Cast.-La Mancha,2018,42290925000.0,real,salud_mental,0.0,0.0
clm,Cast.-La Mancha,2019,43393303000.0,real,salud_mental,0.0,0.0
clm,Cast.-La Mancha,2020,40254360000.0,real,salud_mental,0.0,0.0
clm,Cast.-La Mancha,2021,44123986000.0,real,salud_mental,0.0,0.0
clm,Cast.-La Mancha,2022,50032018000.0,real,salud_mental,0.0,0.0
clm,Cast.-La Mancha,2023,52544941000.0,real,salud_mental,0.0,0.0
clm,Cast.-La Mancha,2024,55559897000.0,real,salud_mental,0.0,0.0
clm,Cast.-La Mancha,2025,57877789156.0775,proyeccion,salud_mental,0.0,0.0
clm,Cast.-La Mancha,2026,60528774710.7235,proyeccion,salud_mental,0.0,0.0
cnt,Cantabria,2015,12443843000.0,real,salud_mental,0.0,0.0
cnt,Cantabria,2016,12833899000.0,real,salud_mental,0.0,0.0
cnt,Cantabria,2017,13318023000.0,real,salud_mental,0.0,0.0
cnt,Cantabria,2018,13843935000.0,real,salud_mental,0.0,0.0
cnt,Cantabria,2019,14274351000.0,real,salud_mental,0.0,0.0
cnt,Cantabria,2020,12991241000.0,real,salud_mental,0.0,0.0
cnt,Cantabria,2021,14206538000.0,real,salud_mental,0.0,0.0
cnt,Cantabria,2022,15557155000.0,real,salud_mental,0.0,0.0
cnt,Cantabria,2023,16740663000.0,real,salud_mental,0.0,0.0
cnt,Cantabria,2024,17700122000.0,real,salud_mental,0.0,0.0
cnt,Cantabria,2025,18399077585.3196,proyeccion,salud_mental,0.0,0.0
cnt,Cantabria,2026,19638827481.9118,proyeccion,salud_mental,0.0,0.0
cym,Cast. y León,2015,53183396000.0,real,salud_mental,0.0156,8314980.0
cym,Cast. y León,2016,54630532000.0,real,salud_mental,0.0152,8325168.0
cym,Cast. y León,2017,55879293000.0,real,salud_mental,0.0156,8722181.0
cym,Cast. y León,2018,58326859000.0,real,salud_mental,0.0154,8978860.0
cym,Cast. y León,2019,59649198000.0,real,salud_mental,0.0151,8978860.0
cym,Cast. y León,2020,54794589000.0,real,salud_mental,0.0164,8978860.0
cym,Cast. y León,2021,59465900000.0,real,salud_mental,0.0173,10261322.0
cym,Cast. y León,2022,65467208000.0,real,salud_mental,0.0157,10261322.0
cym,Cast. y León,2023,69893920000.0,real,salud_mental,0.0147,10306603.0
cym,Cast. y León,2024,73992645000.0,real,salud_mental,0.0171,12633520.0
cym,Cast. y León,2025,77233592986.7985,proyeccion,salud_mental,0.0164,12633520.0
cym,Cast. y León,2026,80786752445.5297,proyeccion,salud_mental,0.0156,12633520.0
ext,Extremadura,2015,18494971000.0,real,salud_mental,0.0,0.0
ext,Extremadura,2016,19069471000.0,real,salud_mental,0.0,0.0
ext,Extremadura,2017,20169546000.0,real,salud_mental,0.0,0.0
ext,Extremadura,2018,20713254000.0,real,salud_mental,0.0,0.0
ext,Extremadura,2019,21166132000.0,real,salud_mental,0.0,0.0
ext,Extremadura,2020,19497343000.0,real,salud_mental,0.0,0.0
ext,Extremadura,2021,21551517000.0,real,salud_mental,0.0,0.0
ext,Extremadura,2022,23486645000.0,real,salud_mental,0.0,0.0
ext,Extremadura,2023,25192615000.0,real,salud_mental,0.0,0.0
ext,Extremadura,2024,26583476000.0,real,salud_mental,0.0,0.0
ext,Extremadura,2025,28051125150.8657,proyeccion,salud_mental,0.0,0.0
ext,Extremadura,2026,29283045487.1274,proyeccion,salud_mental,0.0,0.0
gal,Galicia,2015,57010602000.0,real,salud_mental,0.0,0.0
gal,Galicia,2016,58564023000.0,real,salud_mental,0.0,0.0
gal,Galicia,2017,60630852000.0,real,salud_mental,0.0,0.0
gal,Galicia,2018,62649363000.0,real,salud_mental,0.0,0.0
gal,Galicia,2019,64502005000.0,real,salud_mental,0.0,0.0
gal,Galicia,2020,59007178000.0,real,salud_mental,0.0,0.0
gal,Galicia,2021,64387386000.0,real,salud_mental,0.0,0.0
gal,Galicia,2022,71636381000.0,real,salud_mental,0.0,0.0
gal,Galicia,2023,77461411000.0,real,salud_mental,0.0,0.0
gal,Galicia,2024,81839712000.0,real,salud_mental,0.0,0.0
gal,Galicia,2025,84727981648.3003,proyeccion,salud_mental,0.0,0.0
gal,Galicia,2026,89517006299.2806,proyeccion,salud_mental,0.0,0.0
lar,La Rioja,2015,8033065000.0,real,salud_mental,0.0,0.0
lar,La Rioja,2016,8074094000.0,real,salud_mental,0.0,0.0
lar,La Rioja,2017,8351707000.0,real,salud_mental,0.0,0.0
lar,La Rioja,2018,8649852000.0,real,salud_mental,0.0,0.0
lar,La Rioja,2019,8889997000.0,real,salud_mental,0.0,0.0
lar,La Rioja,2020,8186915000.0,real,salud_mental,0.0,0.0
lar,La Rioja,2021,8735750000.0,real,salud_mental,0.0,0.0
lar,La Rioja,2022,9767469000.0,real,salud_mental,0.0,0.0
lar,La Rioja,2023,10476650000.0,real,salud_mental,0.0,0.0
lar,La Rioja,2024,11111889000.0,real,salud_mental,0.0141,1566950.0
lar,La Rioja,2025,11508568881.8379,proyeccion,salud_mental,0.0142,1636719.0
lar,La Rioja,2026,12112848663.0821,proyeccion,salud_mental,0.0135,1636719.0
mad,Madrid,2015,206231525000.0,real,salud_mental,0.0,0.0
mad,Madrid,2016,214469101000.0,real,salud_mental,0.0,0.0
mad,Madrid,2017,224373156000.0,real,salud_mental,0.0,0.0
mad,Madrid,2018,233735808000.0,real,salud_mental,0.0,0.0
mad,Madrid,2019,243889359000.0,real,salud_mental,0.0,0.0
mad,Madrid,2020,221061932000.0,real,salud_mental,0.0,0.0
mad,Madrid,2021,239837609000.0,real,salud_mental,0.0,0.0
mad,Madrid,2022,267171570000.0,real,salud_mental,0.0,0.0
mad,Madrid,2023,295939562000.0,real,salud_mental,0.0,0.0
mad,Madrid,2024,316193370000.0,real,salud_mental,0.0,0.0
mad,Madrid,2025,330794990991.154,proyeccion,salud_mental,0.0,0.0
mad,Madrid,2026,356751462437.7044,proyeccion,salud_mental,0.0,0.0
mur,Murcia,2015,29168718000.0,real,salud_mental,0.0463,13504074.0
mur,Murcia,2016,30009138000.0,real,salud_mental,0.0481,14441338.0
mur,Murcia,2017,31192490000.0,real,salud_mental,0.055,17168214.0
mur,Murcia,2018,31715345000.0,real,salud_mental,0.0572,18149920.0
mur,Murcia,2019,33000651000.0,real,salud_mental,0.0572,18886138.0
mur,Murcia,2020,30440306000.0,real,salud_mental,0.0601,18307335.0
mur,Murcia,2021,33603543000.0,real,salud_mental,0.0842,28298826.0
mur,Murcia,2022,37380806000.0,real,salud_mental,0.0835,31208914.0
mur,Murcia,2023,39838741000.0,real,salud_mental,0.0785,31286223.0
mur,Murcia,2024,42488024000.0,real,salud_mental,0.0591,25105724.0
mur,Murcia,2025,44209906961.5551,proyeccion,salud_mental,0.0707,31256422.0
mur,Murcia,2026,46619073818.1298,proyeccion,salud_mental,0.067,31256422.0
nav,Navarra,2015,18334417000.0,real,salud_mental,0.1481,27149023.0
nav,Navarra,2016,18911331000.0,real,salud_mental,0.1459,27585465.0
nav,Navarra,2017,19698794000.0,real,salud_mental,0.1471,28979216.0
nav,Navarra,2018,20235995000.0,real,salud_mental,0.1515,30662441.0
nav,Navarra,2019,21070268000.0,real,salud_mental,0.1626,34254463.0
nav,Navarra,2020,19160726000.0,real,salud_mental,0.1894,36296315.0
nav,Navarra,2021,20821017000.0,real,salud_mental,0.182,37892168.0
nav,Navarra,2022,23204474000.0,real,salud_mental,0.167,38741281.0
nav,Navarra,2023,24975376000.0,real,salud_mental,0.1645,41086982.0
nav,Navarra,2024,26619297000.0,real,salud_mental,0.1647,43843236.0
nav,Navarra,2025,27727717738.525,proyeccion,salud_mental,0.1593,44170464.0
nav,Navarra,2026,29541097405.4703,proyeccion,salud_mental,0.1548,45731453.0
pvc,País Vasco,2015,65073341000.0,real,salud_mental,0.0078,5097224.0
pvc,País Vasco,2016,67114993000.0,real,salud_mental,0.0075,5045447.0
pvc,País Vasco,2017,69585295000.0,real,salud_mental,0.0066,4582356.0
pvc,País Vasco,2018,71915111000.0,real,salud_mental,0.0065,4658505.0
pvc,País Vasco,2019,73999981000.0,real,salud_mental,0.0062,4603892.0
pvc,País Vasco,2020,66672598000.0,real,salud_mental,0.0073,4855165.0
pvc,País Vasco,2021,72513029000.0,real,salud_mental,0.0067,4879512.0
pvc,País Vasco,2022,80218167000.0,real,salud_mental,0.0061,4884993.0
pvc,País Vasco,2023,86748107000.0,real,salud_mental,0.005,4345690.0
pvc,País Vasco,2024,91612735000.0,real,salud_mental,0.0055,5034128.0
pvc,País Vasco,2025,94984725555.0161,proyeccion,salud_mental,0.0053,5031709.0
pvc,País Vasco,2026,100311243579.2912,proyeccion,salud_mental,0.0047,4737909.0
val,C. Valenciana,2015,101214206000.0,real,salud_mental,0.0124,12515300.0
val,C. Valenciana,2016,104205396000.0,real,salud_mental,0.0119,12442080.0
val,C. Valenciana,2017,108666712000.0,real,salud_mental,0.0107,11680590.0
val,C. Valenciana,2018,112749574000.0,real,salud_mental,0.0107,12091250.0
val,C. Valenciana,2019,116588528000.0,real,salud_mental,0.0097,11330320.0
val,C. Valenciana,2020,106067171000.0,real,salud_mental,0.0113,12026290.0
val,C. Valenciana,2021,116386906000.0,real,salud_mental,0.0115,13370220.0
val,C. Valenciana,2022,127583394000.0,real,salud_mental,0.0104,13310670.0
val,C. Valenciana,2023,139655905000.0,real,salud_mental,0.0106,14765420.0
val,C. Valenciana,2024,148283453000.0,real,salud_mental,0.0136,20092700.0
val,C. Valenciana,2025,154631870325.7606,proyeccion,salud_mental,0.1243,192134990.0
val,C. Valenciana,2026,164184591233.3746,proyeccion,salud_mental,0.1333,218813260.0
and,Andalucía,2015,146406094000.0,real,diversidad,0.4062,594748264.0
and,Andalucía,2016,149901897000.0,real,diversidad,0.4255,637814028.0
and,Andalucía,2017,156789484000.0,real,diversidad,0.3041,476767206.0
and,Andalucía,2018,161894301000.0,real,diversidad,0.3309,535692154.0
and,Andalucía,2019,166478730000.0,real,diversidad,0.3299,549279355.0
and,Andalucía,2020,150452909000.0,real,diversidad,0.3723,560066913.0
and,Andalucía,2021,166296356000.0,real,diversidad,0.3131,520674612.0
and,Andalucía,2022,184364390000.0,real,diversidad,0.2269,418245876.0
and,Andalucía,2023,199406067000.0,real,diversidad,0.2103,419410497.0
and,Andalucía,2024,212359142000.0,real,diversidad,0.2178,462613276.0
and,Andalucía,2025,222116470593.1817,proyeccion,diversidad,0.1709,379680171.0
and,Andalucía,2026,235169103530.3166,proyeccion,diversidad,0.1705,400858172.0
ara,Aragón,2015,33265930000.0,real,diversidad,0.0,0.0
ara,Aragón,2016,34542128000.0,real,diversidad,0.0031,1058000.0
ara,Aragón,2017,35983544000.0,real,diversidad,0.0037,1337482.01
ara,Aragón,2018,37213896000.0,real,diversidad,0.0043,1618733.44
ara,Aragón,2019,38465053000.0,real,diversidad,0.0042,1618733.44
ara,Aragón,2020,35955571000.0,real,diversidad,0.0042,1511098.44
ara,Aragón,2021,38782157000.0,real,diversidad,0.004,1564164.85
ara,Aragón,2022,43668835000.0,real,diversidad,0.0036,1558190.69
ara,Aragón,2023,46778120000.0,real,diversidad,0.0034,1588071.16
ara,Aragón,2024,49634925000.0,real,diversidad,0.0035,1758175.87
ara,Aragón,2025,51706151620.8324,proyeccion,diversidad,0.0034,1758175.87
ara,Aragón,2026,54863918381.8983,proyeccion,diversidad,0.0032,1758175.87
ast,Asturias,2015,21388142000.0,real,diversidad,0.0,0.0
ast,Asturias,2016,21675441000.0,real,diversidad,0.0,0.0
ast,Asturias,2017,22538267000.0,real,diversidad,0.0,0.0
ast,Asturias,2018,23185680000.0,real,diversidad,0.0,0.0
ast,Asturias,2019,23666618000.0,real,diversidad,0.0,0.0
ast,Asturias,2020,21376392000.0,real,diversidad,0.0,0.0
ast,Asturias,2021,23617641000.0,real,diversidad,0.0003,65000.0
ast,Asturias,2022,26690102000.0,real,diversidad,0.0003,75000.0
ast,Asturias,2023,28350371000.0,real,diversidad,0.0003,90000.0
ast,Asturias,2024,30012308000.0,real,diversidad,0.0098,2947640.0
ast,Asturias,2025,31206996480.0363,proyeccion,diversidad,0.011,3429620.0
ast,Asturias,2026,32540503695.6435,proyeccion,diversidad,0.0105,3406440.0
bal,Baleares,2015,28653742000.0,real,diversidad,0.0062,1773683.0
bal,Baleares,2016,30233284000.0,real,diversidad,0.0072,2178344.0
bal,Baleares,2017,31746251000.0,real,diversidad,0.0547,17370552.0
bal,Baleares,2018,33185968000.0,real,diversidad,0.053,17588973.0
bal,Baleares,2019,34350576000.0,real,diversidad,0.0643,22082418.0
bal,Baleares,2020,26669106000.0,real,diversidad,0.0984,26254833.0
bal,Baleares,2021,30512146000.0,real,diversidad,0.0871,26566035.0
bal,Baleares,2022,37189162000.0,real,diversidad,0.0878,32660190.0
bal,Baleares,2023,41502526000.0,real,diversidad,0.0848,35197165.0
bal,Baleares,2024,44692852000.0,real,diversidad,0.076,33962173.0
bal,Baleares,2025,47156552442.1196,proyeccion,diversidad,0.0835,39384262.0
bal,Baleares,2026,50781507109.3719,proyeccion,diversidad,0.065,32987302.0
can,Canarias,2015,39636569000.0,real,diversidad,0.0837,33174407.0
can,Canarias,2016,40979670000.0,real,diversidad,0.1238,50717673.0
can,Canarias,2017,43035839000.0,real,diversidad,0.1358,58428671.0
can,Canarias,2018,44609266000.0,real,diversidad,0.1462,65214842.0
can,Canarias,2019,45766832000.0,real,diversidad,0.1495,68438035.0
can,Canarias,2020,37587399000.0,real,diversidad,0.2591,97385922.0
can,Canarias,2021,41407275000.0,real,diversidad,0.1542,63865711.0
can,Canarias,2022,48908196000.0,real,diversidad,0.1827,89335332.0
can,Canarias,2023,53990089000.0,real,diversidad,0.2231,120444906.0
can,Canarias,2024,58144618000.0,real,diversidad,0.2081,120971153.0
can,Canarias,2025,61062044154.199,proyeccion,diversidad,0.2305,140728484.0
can,Canarias,2026,65760759009.7699,proyeccion,diversidad,0.2288,150484706.0
cat,Cataluña,2015,206434270000.0,real,diversidad,0.0978,201891282.46
cat,Cataluña,2016,214502547000.0,real,diversidad,0.0976,209427233.44
cat,Cataluña,2017,223139777000.0,real,diversidad,0.0978,218324063.04
cat,Cataluña,2018,231101287000.0,real,diversidad,0.0945,218324063.04
cat,Cataluña,2019,240165818000.0,real,diversidad,0.1172,281487904.42
cat,Cataluña,2020,214857435000.0,real,diversidad,0.1693,363758901.09
cat,Cataluña,2021,234820402000.0,real,diversidad,0.1549,363758901.09
cat,Cataluña,2022,258787407000.0,real,diversidad,0.3055,790488992.32
cat,Cataluña,2023,283274025000.0,real,diversidad,0.3117,882892513.8
cat,Cataluña,2024,302303884000.0,real,diversidad,0.2974,899088040.2
cat,Cataluña,2025,314476551469.5445,proyeccion,diversidad,0.2859,899088040.2
cat,Cataluña,2026,335602542224.5094,proyeccion,diversidad,0.281,943164289.77
clm,Cast.-La Mancha,2015,37998035000.0,real,diversidad,0.1061,40315940.0
clm,Cast.-La Mancha,2016,39136242000.0,real,diversidad,0.1098,42955100.0
clm,Cast.-La Mancha,2017,40768959000.0,real,diversidad,0.1089,44379180.0
clm,Cast.-La Mancha,2018,42290925000.0,real,diversidad,0.1082,45748920.0
clm,Cast.-La Mancha,2019,43393303000.0,real,diversidad,0.1054,45748920.0
clm,Cast.-La Mancha,2020,40254360000.0,real,diversidad,0.121,48690740.0
clm,Cast.-La Mancha,2021,44123986000.0,real,diversidad,0.1129,49800110.0
clm,Cast.-La Mancha,2022,50032018000.0,real,diversidad,0.1201,60103810.0
clm,Cast.-La Mancha,2023,52544941000.0,real,diversidad,0.1264,66428950.0
clm,Cast.-La Mancha,2024,55559897000.0,real,diversidad,0.1236,68660820.0
clm,Cast.-La Mancha,2025,57877789156.0775,proyeccion,diversidad,0.1144,66230510.0
clm,Cast.-La Mancha,2026,60528774710.7235,proyeccion,diversidad,0.1235,74755820.0
cnt,Cantabria,2015,12443843000.0,real,diversidad,0.0871,10838358.0
cnt,Cantabria,2016,12833899000.0,real,diversidad,0.0891,11437096.0
cnt,Cantabria,2017,13318023000.0,real,diversidad,0.0892,11881158.0
cnt,Cantabria,2018,13843935000.0,real,diversidad,0.091,12600670.0
cnt,Cantabria,2019,14274351000.0,real,diversidad,0.1025,14629432.0
cnt,Cantabria,2020,12991241000.0,real,diversidad,0.1118,14529632.0
cnt,Cantabria,2021,14206538000.0,real,diversidad,0.1014,14412201.0
cnt,Cantabria,2022,15557155000.0,real,diversidad,0.0912,14192435.0
cnt,Cantabria,2023,16740663000.0,real,diversidad,0.0912,15266220.0
cnt,Cantabria,2024,17700122000.0,real,diversidad,0.0818,14475355.0
cnt,Cantabria,2025,18399077585.3196,proyeccion,diversidad,0.0928,17077855.0
cnt,Cantabria,2026,19638827481.9118,proyeccion,diversidad,0.098,19250355.0
cym,Cast. y León,2015,53183396000.0,real,diversidad,0.1341,71332532.0
cym,Cast. y León,2016,54630532000.0,real,diversidad,0.1322,72240073.0
cym,Cast. y León,2017,55879293000.0,real,diversidad,0.1345,75180759.0
cym,Cast. y León,2018,58326859000.0,real,diversidad,0.1389,81009410.0
cym,Cast. y León,2019,59649198000.0,real,diversidad,0.1358,81009410.0
cym,Cast. y León,2020,54794589000.0,real,diversidad,0.1478,81009410.0
cym,Cast. y León,2021,59465900000.0,real,diversidad,0.1474,87676150.0
cym,Cast. y León,2022,65467208000.0,real,diversidad,0.1339,87676150.0
cym,Cast. y León,2023,69893920000.0,real,diversidad,0.1553,108523011.0
cym,Cast. y León,2024,73992645000.0,real,diversidad,0.1485,109844387.0
cym,Cast. y León,2025,77233592986.7985,proyeccion,diversidad,0.1422,109844387.0
cym,Cast. y León,2026,80786752445.5297,proyeccion,diversidad,0.136,109844387.0
ext,Extremadura,2015,18494971000.0,real,diversidad,1.0228,189164321.0
ext,Extremadura,2016,19069471000.0,real,diversidad,1.0115,192882314.0
ext,Extremadura,2017,20169546000.0,real,diversidad,0.9693,195493738.0
ext,Extremadura,2018,20713254000.0,real,diversidad,1.0397,215354989.0
ext,Extremadura,2019,21166132000.0,real,diversidad,1.0215,216217987.0
ext,Extremadura,2020,19497343000.0,real,diversidad,1.103,215058454.0
ext,Extremadura,2021,21551517000.0,real,diversidad,1.0075,217134557.0
ext,Extremadura,2022,23486645000.0,real,diversidad,1.0463,245746355.0
ext,Extremadura,2023,25192615000.0,real,diversidad,1.103,277867352.0
ext,Extremadura,2024,26583476000.0,real,diversidad,1.0632,282630133.0
ext,Extremadura,2025,28051125150.8657,proyeccion,diversidad,1.0076,282630133.0
ext,Extremadura,2026,29283045487.1274,proyeccion,diversidad,0.9652,282630133.0
gal,Galicia,2015,57010602000.0,real,diversidad,0.1902,108424740.0
gal,Galicia,2016,58564023000.0,real,diversidad,0.1986,116330918.0
gal,Galicia,2017,60630852000.0,real,diversidad,0.1956,118577576.0
gal,Galicia,2018,62649363000.0,real,diversidad,0.208,130321193.0
gal,Galicia,2019,64502005000.0,real,diversidad,0.2147,138507243.0
gal,Galicia,2020,59007178000.0,real,diversidad,0.2469,145699645.0
gal,Galicia,2021,64387386000.0,real,diversidad,0.2755,177379512.0
gal,Galicia,2022,71636381000.0,real,diversidad,0.0,0.0
gal,Galicia,2023,77461411000.0,real,diversidad,0.4426,342850216.0
gal,Galicia,2024,81839712000.0,real,diversidad,0.4447,363958213.0
gal,Galicia,2025,84727981648.3003,proyeccion,diversidad,0.1731,146622454.0
gal,Galicia,2026,89517006299.2806,proyeccion,diversidad,0.1676,150008738.0
lar,La Rioja,2015,8033065000.0,real,diversidad,0.0,0.0
lar,La Rioja,2016,8074094000.0,real,diversidad,0.0,0.0
lar,La Rioja,2017,8351707000.0,real,diversidad,0.5255,43887027.0
lar,La Rioja,2018,8649852000.0,real,diversidad,0.0,0.0
lar,La Rioja,2019,8889997000.0,real,diversidad,0.5187,46111215.0
lar,La Rioja,2020,8186915000.0,real,diversidad,0.6598,54014920.0
lar,La Rioja,2021,8735750000.0,real,diversidad,0.701,61239060.0
lar,La Rioja,2022,9767469000.0,real,diversidad,0.5854,57176093.0
lar,La Rioja,2023,10476650000.0,real,diversidad,0.5655,59240928.0
lar,La Rioja,2024,11111889000.0,real,diversidad,0.6202,68918432.0
lar,La Rioja,2025,11508568881.8379,proyeccion,diversidad,0.6215,71528950.0
lar,La Rioja,2026,12112848663.0821,proyeccion,diversidad,0.5905,71528950.0
mad,Madrid,2015,206231525000.0,real,diversidad,0.0563,116147741.0
mad,Madrid,2016,214469101000.0,real,diversidad,0.0212,45437306.0
mad,Madrid,2017,224373156000.0,real,diversidad,0.0217,48792419.0
mad,Madrid,2018,233735808000.0,real,diversidad,0.0211,49299422.0
mad,Madrid,2019,243889359000.0,real,diversidad,0.0227,55426096.0
mad,Madrid,2020,221061932000.0,real,diversidad,0.0251,55426096.0
mad,Madrid,2021,239837609000.0,real,diversidad,0.0231,55426096.0
mad,Madrid,2022,267171570000.0,real,diversidad,0.0395,105642033.0
mad,Madrid,2023,295939562000.0,real,diversidad,0.0357,105642033.0
mad,Madrid,2024,316193370000.0,real,diversidad,0.0651,205835759.0
mad,Madrid,2025,330794990991.154,proyeccion,diversidad,0.0711,235220213.0
mad,Madrid,2026,356751462437.7044,proyeccion,diversidad,0.0678,241717724.0
mur,Murcia,2015,29168718000.0,real,diversidad,0.0541,15766812.0
mur,Murcia,2016,30009138000.0,real,diversidad,0.0772,23174000.0
mur,Murcia,2017,31192490000.0,real,diversidad,0.0792,24690936.0
mur,Murcia,2018,31715345000.0,real,diversidad,0.1085,34425613.0
mur,Murcia,2019,33000651000.0,real,diversidad,0.1056,34839645.0
mur,Murcia,2020,30440306000.0,real,diversidad,0.0166,5055006.0
mur,Murcia,2021,33603543000.0,real,diversidad,0.0121,4062951.0
mur,Murcia,2022,37380806000.0,real,diversidad,0.0109,4055849.0
mur,Murcia,2023,39838741000.0,real,diversidad,0.0163,6492289.0
mur,Murcia,2024,42488024000.0,real,diversidad,0.0171,7252103.0
mur,Murcia,2025,44209906961.5551,proyeccion,diversidad,0.0139,6158402.0
mur,Murcia,2026,46619073818.1298,proyeccion,diversidad,0.0132,6158402.0
nav,Navarra,2015,18334417000.0,real,diversidad,0.4942,90615050.0
nav,Navarra,2016,18911331000.0,real,diversidad,0.6605,124916534.0
nav,Navarra,2017,19698794000.0,real,diversidad,0.8177,161071313.0
nav,Navarra,2018,20235995000.0,real,diversidad,0.8491,171828571.0
nav,Navarra,2019,21070268000.0,real,diversidad,0.8411,177213289.0
nav,Navarra,2020,19160726000.0,real,diversidad,1.0046,192482976.0
nav,Navarra,2021,20821017000.0,real,diversidad,1.0629,221299137.0
nav,Navarra,2022,23204474000.0,real,diversidad,0.9521,220929309.0
nav,Navarra,2023,24975376000.0,real,diversidad,1.0912,272539154.0
nav,Navarra,2024,26619297000.0,real,diversidad,1.1166,297227028.0
nav,Navarra,2025,27727717738.525,proyeccion,diversidad,1.0906,302408443.0
nav,Navarra,2026,29541097405.4703,proyeccion,diversidad,1.1263,332718164.0
pvc,País Vasco,2015,65073341000.0,real,diversidad,0.0065,4216387.0
pvc,País Vasco,2016,67114993000.0,real,diversidad,0.0063,4225123.0
pvc,País Vasco,2017,69585295000.0,real,diversidad,0.0062,4283087.0
pvc,País Vasco,2018,71915111000.0,real,diversidad,0.0063,4518474.0
pvc,País Vasco,2019,73999981000.0,real,diversidad,0.0086,6346607.0
pvc,País Vasco,2020,66672598000.0,real,diversidad,0.0101,6713383.0
pvc,País Vasco,2021,72513029000.0,real,diversidad,0.0112,8114553.0
pvc,País Vasco,2022,80218167000.0,real,diversidad,0.0106,8507633.0
pvc,País Vasco,2023,86748107000.0,real,diversidad,0.0186,16104285.0
pvc,País Vasco,2024,91612735000.0,real,diversidad,0.0191,17503465.0
pvc,País Vasco,2025,94984725555.0161,proyeccion,diversidad,0.02,19022678.0
pvc,País Vasco,2026,100311243579.2912,proyeccion,diversidad,0.018,18044148.0
val,C. Valenciana,2015,101214206000.0,real,diversidad,0.1122,113591100.0
val,C. Valenciana,2016,104205396000.0,real,diversidad,0.1318,137364970.0
val,C. Valenciana,2017,108666712000.0,real,diversidad,0.1832,199034940.0
val,C. Valenciana,2018,112749574000.0,real,diversidad,0.2561,288726540.0
val,C. Valenciana,2019,116588528000.0,real,diversidad,0.3087,359892490.0
val,C. Valenciana,2020,106067171000.0,real,diversidad,0.267,283241640.0
val,C. Valenciana,2021,116386906000.0,real,diversidad,0.343,399153350.0
val,C. Valenciana,2022,127583394000.0,real,diversidad,0.3277,418064850.0
val,C. Valenciana,2023,139655905000.0,real,diversidad,0.344,480454950.0
val,C. Valenciana,2024,148283453000.0,real,diversidad,0.3486,516927880.0
val,C. Valenciana,2025,154631870325.7606,proyeccion,diversidad,0.3719,575139820.0
val,C. Valenciana,2026,164184591233.3746,proyeccion,diversidad,0.3668,602224520.0
and,Andalucía,2015,146406094000.0,real,turismo,0.0687,100523803.0
and,Andalucía,2016,149901897000.0,real,turismo,0.0678,101687931.0
and,Andalucía,2017,156789484000.0,real,turismo,0.0741,116196102.0
and,Andalucía,2018,161894301000.0,real,turismo,0.0733,118724974.0
and,Andalucía,2019,166478730000.0,real,turismo,0.0723,120308062.0
and,Andalucía,2020,150452909000.0,real,turismo,0.0576,86689827.0
and,Andalucía,2021,166296356000.0,real,turismo,0.0608,101135162.0
and,Andalucía,2022,184364390000.0,real,turismo,0.0642,118299282.0
and,Andalucía,2023,199406067000.0,real,turismo,0.0996,198628819.0
and,Andalucía,2024,212359142000.0,real,turismo,0.0834,177174289.0
and,Andalucía,2025,222116470593.1817,proyeccion,turismo,0.066,146517976.0
and,Andalucía,2026,235169103530.3166,proyeccion,turismo,0.0684,160831101.0
ara,Aragón,2015,33265930000.0,real,turismo,0.0388,12905535.98
ara,Aragón,2016,34542128000.0,real,turismo,0.0675,23325995.03
ara,Aragón,2017,35983544000.0,real,turismo,0.0426,15327007.66
ara,Aragón,2018,37213896000.0,real,turismo,0.0362,13489707.07
ara,Aragón,2019,38465053000.0,real,turismo,0.0351,13489707.07
ara,Aragón,2020,35955571000.0,real,turismo,0.0301,10810854.19
ara,Aragón,2021,38782157000.0,real,turismo,0.0365,14163993.16
ara,Aragón,2022,43668835000.0,real,turismo,0.0704,30748157.19
ara,Aragón,2023,46778120000.0,real,turismo,0.1127,52714982.67
ara,Aragón,2024,49634925000.0,real,turismo,0.1793,88996832.54
ara,Aragón,2025,51706151620.8324,proyeccion,turismo,0.1721,88996832.54
ara,Aragón,2026,54863918381.8983,proyeccion,turismo,0.1622,88996832.54
ast,Asturias,2015,21388142000.0,real,turismo,0.0396,8464428.0
ast,Asturias,2016,21675441000.0,real,turismo,0.0379,8225653.0
ast,Asturias,2017,22538267000.0,real,turismo,0.0451,10164720.0
ast,Asturias,2018,23185680000.0,real,turismo,0.0506,11722048.0
ast,Asturias,2019,23666618000.0,real,turismo,0.0423,10006430.0
ast,Asturias,2020,21376392000.0,real,turismo,0.0483,10322743.0
ast,Asturias,2021,23617641000.0,real,turismo,0.0518,12233440.0
ast,Asturias,2022,26690102000.0,real,turismo,0.0482,12859884.0
ast,Asturias,2023,28350371000.0,real,turismo,0.1071,30351673.0
ast,Asturias,2024,30012308000.0,real,turismo,0.1352,40587909.0
ast,Asturias,2025,31206996480.0363,proyeccion,turismo,0.1479,46161143.0
ast,Asturias,2026,32540503695.6435,proyeccion,turismo,0.1526,49644246.0
bal,Baleares,2015,28653742000.0,real,turismo,0.1388,39767443.0
bal,Baleares,2016,30233284000.0,real,turismo,0.1267,38294520.0
bal,Baleares,2017,31746251000.0,real,turismo,0.1304,41390816.0
bal,Baleares,2018,33185968000.0,real,turismo,0.1639,54392944.0
bal,Baleares,2019,34350576000.0,real,turismo,0.0467,16033288.0
bal,Baleares,2020,26669106000.0,real,turismo,0.0446,11889843.0
bal,Baleares,2021,30512146000.0,real,turismo,0.0623,19008508.0
bal,Baleares,2022,37189162000.0,real,turismo,0.0607,22573011.0
bal,Baleares,2023,41502526000.0,real,turismo,0.4346,180355214.0
bal,Baleares,2024,44692852000.0,real,turismo,0.567,253406214.0
bal,Baleares,2025,47156552442.1196,proyeccion,turismo,0.4416,208232117.0
bal,Baleares,2026,50781507109.3719,proyeccion,turismo,0.3655,185626005.0
can,Canarias,2015,39636569000.0,real,turismo,0.1202,47655904.0
can,Canarias,2016,40979670000.0,real,turismo,0.1287,52724724.0
can,Canarias,2017,43035839000.0,real,turismo,0.1228,52861263.0
can,Canarias,2018,44609266000.0,real,turismo,0.1318,58797690.0
can,Canarias,2019,45766832000.0,real,turismo,0.1633,74724169.0
can,Canarias,2020,37587399000.0,real,turismo,0.2131,80111061.0
can,Canarias,2021,41407275000.0,real,turismo,0.2304,95382995.0
can,Canarias,2022,48908196000.0,real,turismo,0.2142,104769217.0
can,Canarias,2023,53990089000.0,real,turismo,0.2365,127704086.0
can,Canarias,2024,58144618000.0,real,turismo,0.2255,131144302.0
can,Canarias,2025,61062044154.199,proyeccion,turismo,0.2202,134487265.0
can,Canarias,2026,65760759009.7699,proyeccion,turismo,0.2354,154797203.0
cat,Cataluña,2015,206434270000.0,real,turismo,0.036,74233946.16
cat,Cataluña,2016,214502547000.0,real,turismo,0.0397,85146541.27
cat,Cataluña,2017,223139777000.0,real,turismo,0.0431,96127946.32
cat,Cataluña,2018,231101287000.0,real,turismo,0.0416,96127946.32
cat,Cataluña,2019,240165818000.0,real,turismo,0.0465,111766211.43
cat,Cataluña,2020,214857435000.0,real,turismo,0.057,122419934.93
cat,Cataluña,2021,234820402000.0,real,turismo,0.0521,122419934.93
cat,Cataluña,2022,258787407000.0,real,turismo,0.0368,95355899.94
cat,Cataluña,2023,283274025000.0,real,turismo,0.0446,126236675.11
cat,Cataluña,2024,302303884000.0,real,turismo,0.0397,119952907.54
cat,Cataluña,2025,314476551469.5445,proyeccion,turismo,0.0381,119952907.54
cat,Cataluña,2026,335602542224.5094,proyeccion,turismo,0.0419,140733040.46
clm,Cast.-La Mancha,2015,37998035000.0,real,turismo,0.0266,10119350.0
clm,Cast.-La Mancha,2016,39136242000.0,real,turismo,0.0263,10289070.0
clm,Cast.-La Mancha,2017,40768959000.0,real,turismo,0.0266,10842640.0
clm,Cast.-La Mancha,2018,42290925000.0,real,turismo,0.0362,15306490.0
clm,Cast.-La Mancha,2019,43393303000.0,real,turismo,0.0353,15306490.0
clm,Cast.-La Mancha,2020,40254360000.0,real,turismo,0.041,16500020.0
clm,Cast.-La Mancha,2021,44123986000.0,real,turismo,0.0857,37795770.0
clm,Cast.-La Mancha,2022,50032018000.0,real,turismo,0.2085,104299320.0
clm,Cast.-La Mancha,2023,52544941000.0,real,turismo,0.2082,109416570.0
clm,Cast.-La Mancha,2024,55559897000.0,real,turismo,0.2201,122274720.0
clm,Cast.-La Mancha,2025,57877789156.0775,proyeccion,turismo,0.1869,108190760.0
clm,Cast.-La Mancha,2026,60528774710.7235,proyeccion,turismo,0.1486,89966570.0
cnt,Cantabria,2015,12443843000.0,real,turismo,0.1035,12882424.0
cnt,Cantabria,2016,12833899000.0,real,turismo,0.1155,14829474.0
cnt,Cantabria,2017,13318023000.0,real,turismo,0.1599,21292996.0
cnt,Cantabria,2018,13843935000.0,real,turismo,0.1696,23477508.0
cnt,Cantabria,2019,14274351000.0,real,turismo,0.1656,23631802.0
cnt,Cantabria,2020,12991241000.0,real,turismo,0.1814,23569169.0
cnt,Cantabria,2021,14206538000.0,real,turismo,0.1846,26230083.0
cnt,Cantabria,2022,15557155000.0,real,turismo,0.173,26907677.0
cnt,Cantabria,2023,16740663000.0,real,turismo,0.1945,32559773.0
cnt,Cantabria,2024,17700122000.0,real,turismo,0.1439,25466443.0
cnt,Cantabria,2025,18399077585.3196,proyeccion,turismo,0.1365,25121524.0
cnt,Cantabria,2026,19638827481.9118,proyeccion,turismo,0.1255,24653291.0
cym,Cast. y León,2015,53183396000.0,real,turismo,0.0423,22502178.0
cym,Cast. y León,2016,54630532000.0,real,turismo,0.0411,22460969.0
cym,Cast. y León,2017,55879293000.0,real,turismo,0.0429,23983830.0
cym,Cast. y León,2018,58326859000.0,real,turismo,0.0434,25339532.0
cym,Cast. y León,2019,59649198000.0,real,turismo,0.0425,25339532.0
cym,Cast. y León,2020,54794589000.0,real,turismo,0.0462,25339532.0
cym,Cast. y León,2021,59465900000.0,real,turismo,0.0503,29882122.0
cym,Cast. y León,2022,65467208000.0,real,turismo,0.0456,29882122.0
cym,Cast. y León,2023,69893920000.0,real,turismo,0.1219,85235574.0
cym,Cast. y León,2024,73992645000.0,real,turismo,0.0829,61329866.0
cym,Cast. y León,2025,77233592986.7985,proyeccion,turismo,0.0794,61329866.0
cym,Cast. y León,2026,80786752445.5297,proyeccion,turismo,0.0759,61329866.0
ext,Extremadura,2015,18494971000.0,real,turismo,0.1923,35571564.0
ext,Extremadura,2016,19069471000.0,real,turismo,0.1231,23479376.0
ext,Extremadura,2017,20169546000.0,real,turismo,0.1112,22428519.0
ext,Extremadura,2018,20713254000.0,real,turismo,0.1114,23083317.0
ext,Extremadura,2019,21166132000.0,real,turismo,0.1119,23694251.0
ext,Extremadura,2020,19497343000.0,real,turismo,0.1285,25053164.0
ext,Extremadura,2021,21551517000.0,real,turismo,0.1226,26431175.0
ext,Extremadura,2022,23486645000.0,real,turismo,0.1158,27195666.0
ext,Extremadura,2023,25192615000.0,real,turismo,0.1179,29692255.0
ext,Extremadura,2024,26583476000.0,real,turismo,0.1563,41550144.0
ext,Extremadura,2025,28051125150.8657,proyeccion,turismo,0.1481,41550144.0
ext,Extremadura,2026,29283045487.1274,proyeccion,turismo,0.1419,41550144.0
gal,Galicia,2015,57010602000.0,real,turismo,0.0686,39133184.0
gal,Galicia,2016,58564023000.0,real,turismo,0.0687,40252422.0
gal,Galicia,2017,60630852000.0,real,turismo,0.0712,43198184.0
gal,Galicia,2018,62649363000.0,real,turismo,0.0881,55164376.0
gal,Galicia,2019,64502005000.0,real,turismo,0.0945,60944672.0
gal,Galicia,2020,59007178000.0,real,turismo,0.1026,60556034.0
gal,Galicia,2021,64387386000.0,real,turismo,0.1627,104770454.0
gal,Galicia,2022,71636381000.0,real,turismo,0.562,402578087.0
gal,Galicia,2023,77461411000.0,real,turismo,0.0,0.0
gal,Galicia,2024,81839712000.0,real,turismo,0.0,0.0
gal,Galicia,2025,84727981648.3003,proyeccion,turismo,0.0,0.0
gal,Galicia,2026,89517006299.2806,proyeccion,turismo,0.0,0.0
lar,La Rioja,2015,8033065000.0,real,turismo,0.4026,32342632.0
lar,La Rioja,2016,8074094000.0,real,turismo,0.3555,28703861.0
lar,La Rioja,2017,8351707000.0,real,turismo,0.5247,43820964.0
lar,La Rioja,2018,8649852000.0,real,turismo,0.5182,44821438.0
lar,La Rioja,2019,8889997000.0,real,turismo,0.5092,45269841.0
lar,La Rioja,2020,8186915000.0,real,turismo,0.0,0.0
lar,La Rioja,2021,8735750000.0,real,turismo,0.6639,58000986.0
lar,La Rioja,2022,9767469000.0,real,turismo,0.3622,35376260.0
lar,La Rioja,2023,10476650000.0,real,turismo,0.4084,42790032.0
lar,La Rioja,2024,11111889000.0,real,turismo,0.5658,62871065.0
lar,La Rioja,2025,11508568881.8379,proyeccion,turismo,0.415,47761407.0
lar,La Rioja,2026,12112848663.0821,proyeccion,turismo,0.3948,47821407.0
mad,Madrid,2015,206231525000.0,real,turismo,0.0063,13023263.0
mad,Madrid,2016,214469101000.0,real,turismo,0.0118,25251048.0
mad,Madrid,2017,224373156000.0,real,turismo,0.0143,32015390.0
mad,Madrid,2018,233735808000.0,real,turismo,0.0102,23827754.0
mad,Madrid,2019,243889359000.0,real,turismo,0.01,24437277.0
mad,Madrid,2020,221061932000.0,real,turismo,0.0111,24437277.0
mad,Madrid,2021,239837609000.0,real,turismo,0.0102,24437277.0
mad,Madrid,2022,267171570000.0,real,turismo,0.0268,71660709.0
mad,Madrid,2023,295939562000.0,real,turismo,0.0242,71660709.0
mad,Madrid,2024,316193370000.0,real,turismo,0.0241,76311934.0
mad,Madrid,2025,330794990991.154,proyeccion,turismo,0.0178,58827686.0
mad,Madrid,2026,356751462437.7044,proyeccion,turismo,0.0161,57406038.0
mur,Murcia,2015,29168718000.0,real,turismo,0.1383,40341138.0
mur,Murcia,2016,30009138000.0,real,turismo,0.0829,24890377.0
mur,Murcia,2017,31192490000.0,real,turismo,0.0954,29772868.0
mur,Murcia,2018,31715345000.0,real,turismo,0.0987,31287502.0
mur,Murcia,2019,33000651000.0,real,turismo,0.0518,17089291.0
mur,Murcia,2020,30440306000.0,real,turismo,0.0761,23152099.0
mur,Murcia,2021,33603543000.0,real,turismo,0.1783,59901204.0
mur,Murcia,2022,37380806000.0,real,turismo,0.1272,47540280.0
mur,Murcia,2023,39838741000.0,real,turismo,0.185,73705868.0
mur,Murcia,2024,42488024000.0,real,turismo,0.1112,47243581.0
mur,Murcia,2025,44209906961.5551,proyeccion,turismo,0.1037,45848955.0
mur,Murcia,2026,46619073818.1298,proyeccion,turismo,0.0983,45848955.0
nav,Navarra,2015,18334417000.0,real,turismo,0.0412,7558346.0
nav,Navarra,2016,18911331000.0,real,turismo,0.0403,7618845.0
nav,Navarra,2017,19698794000.0,real,turismo,0.046,9066199.0
nav,Navarra,2018,20235995000.0,real,turismo,0.0542,10961496.0
nav,Navarra,2019,21070268000.0,real,turismo,0.0535,11264355.0
nav,Navarra,2020,19160726000.0,real,turismo,0.0555,10639297.0
nav,Navarra,2021,20821017000.0,real,turismo,0.0579,12064855.0
nav,Navarra,2022,23204474000.0,real,turismo,0.0391,9071432.0
nav,Navarra,2023,24975376000.0,real,turismo,0.0869,21712285.0
nav,Navarra,2024,26619297000.0,real,turismo,0.0993,26427391.0
nav,Navarra,2025,27727717738.525,proyeccion,turismo,0.0642,17788647.0
nav,Navarra,2026,29541097405.4703,proyeccion,turismo,0.0822,24282799.0
pvc,País Vasco,2015,65073341000.0,real,turismo,0.0209,13597537.0
pvc,País Vasco,2016,67114993000.0,real,turismo,0.0203,13607069.0
pvc,País Vasco,2017,69585295000.0,real,turismo,0.0247,17170804.0
pvc,País Vasco,2018,71915111000.0,real,turismo,0.0255,18343057.0
pvc,País Vasco,2019,73999981000.0,real,turismo,0.0255,18843039.0
pvc,País Vasco,2020,66672598000.0,real,turismo,0.0298,19876097.0
pvc,País Vasco,2021,72513029000.0,real,turismo,0.026,18829896.0
pvc,País Vasco,2022,80218167000.0,real,turismo,0.0324,25960688.0
pvc,País Vasco,2023,86748107000.0,real,turismo,0.03,26001642.0
pvc,País Vasco,2024,91612735000.0,real,turismo,0.0271,24847812.0
pvc,País Vasco,2025,94984725555.0161,proyeccion,turismo,0.0264,25082941.0
pvc,País Vasco,2026,100311243579.2912,proyeccion,turismo,0.027,27129421.0
val,C. Valenciana,2015,101214206000.0,real,turismo,0.095,96157970.0
val,C. Valenciana,2016,104205396000.0,real,turismo,0.1083,112837740.0
val,C. Valenciana,2017,108666712000.0,real,turismo,0.1087,118119260.0
val,C. Valenciana,2018,112749574000.0,real,turismo,0.1145,129119790.0
val,C. Valenciana,2019,116588528000.0,real,turismo,0.1187,138422460.0
val,C. Valenciana,2020,106067171000.0,real,turismo,0.1282,135992740.0
val,C. Valenciana,2021,116386906000.0,real,turismo,0.1169,136079490.0
val,C. Valenciana,2022,127583394000.0,real,turismo,0.1006,128285500.0
val,C. Valenciana,2023,139655905000.0,real,turismo,0.0959,133881280.0
val,C. Valenciana,2024,148283453000.0,real,turismo,0.075,111260140.0
val,C. Valenciana,2025,154631870325.7606,proyeccion,turismo,0.0917,141756740.0
val,C. Valenciana,2026,164184591233.3746,proyeccion,turismo,0.0917,150597210.0
and,Andalucía,2015,146406094000.0,real,igualdad,0.0028,4045206.0
and,Andalucía,2016,149901897000.0,real,igualdad,0.0028,4190854.0
and,Andalucía,2017,156789484000.0,real,igualdad,0.0742,116317661.0
and,Andalucía,2018,161894301000.0,real,igualdad,0.073,118244988.0
and,Andalucía,2019,166478730000.0,real,igualdad,0.0707,117675286.0
and,Andalucía,2020,150452909000.0,real,igualdad,0.09,135373478.0
and,Andalucía,2021,166296356000.0,real,igualdad,0.0844,140301532.0
and,Andalucía,2022,184364390000.0,real,igualdad,0.0874,161160733.0
and,Andalucía,2023,199406067000.0,real,igualdad,0.0012,2327667.0
and,Andalucía,2024,212359142000.0,real,igualdad,0.0011,2309609.0
and,Andalucía,2025,222116470593.1817,proyeccion,igualdad,0.0012,2721054.0
and,Andalucía,2026,235169103530.3166,proyeccion,igualdad,0.0008,1971376.0
ara,Aragón,2015,33265930000.0,real,igualdad,0.0191,6360382.0
ara,Aragón,2016,34542128000.0,real,igualdad,0.0195,6718733.3
ara,Aragón,2017,35983544000.0,real,igualdad,0.0215,7722248.16
ara,Aragón,2018,37213896000.0,real,igualdad,0.0225,8383134.34
ara,Aragón,2019,38465053000.0,real,igualdad,0.0218,8383134.34
ara,Aragón,2020,35955571000.0,real,igualdad,0.0349,12547265.28
ara,Aragón,2021,38782157000.0,real,igualdad,0.0318,12347265.28
ara,Aragón,2022,43668835000.0,real,igualdad,0.0421,18363610.7
ara,Aragón,2023,46778120000.0,real,igualdad,0.0353,16503836.1
ara,Aragón,2024,49634925000.0,real,igualdad,0.0468,23221787.22
ara,Aragón,2025,51706151620.8324,proyeccion,igualdad,0.0449,23221787.22
ara,Aragón,2026,54863918381.8983,proyeccion,igualdad,0.0423,23221787.22
ast,Asturias,2015,21388142000.0,real,igualdad,0.0103,2204598.0
ast,Asturias,2016,21675441000.0,real,igualdad,0.0104,2253168.0
ast,Asturias,2017,22538267000.0,real,igualdad,0.01,2244818.0
ast,Asturias,2018,23185680000.0,real,igualdad,0.0109,2520649.0
ast,Asturias,2019,23666618000.0,real,igualdad,0.0173,4092550.0
ast,Asturias,2020,21376392000.0,real,igualdad,0.0237,5073031.0
ast,Asturias,2021,23617641000.0,real,igualdad,0.0292,6907500.0
ast,Asturias,2022,26690102000.0,real,igualdad,0.0432,11532497.0
ast,Asturias,2023,28350371000.0,real,igualdad,0.0466,13215572.0
ast,Asturias,2024,30012308000.0,real,igualdad,0.0494,14837739.0
ast,Asturias,2025,31206996480.0363,proyeccion,igualdad,0.0449,14025107.0
ast,Asturias,2026,32540503695.6435,proyeccion,igualdad,0.0488,15884896.0
bal,Baleares,2015,28653742000.0,real,igualdad,0.0167,4773448.0
bal,Baleares,2016,30233284000.0,real,igualdad,0.0178,5385367.0
bal,Baleares,2017,31746251000.0,real,igualdad,0.0195,6200983.0
bal,Baleares,2018,33185968000.0,real,igualdad,0.02,6634571.0
bal,Baleares,2019,34350576000.0,real,igualdad,0.0295,10129446.0
bal,Baleares,2020,26669106000.0,real,igualdad,0.0319,8501028.0
bal,Baleares,2021,30512146000.0,real,igualdad,0.028,8530796.0
bal,Baleares,2022,37189162000.0,real,igualdad,0.0258,9604662.0
bal,Baleares,2023,41502526000.0,real,igualdad,0.03,12465652.0
bal,Baleares,2024,44692852000.0,real,igualdad,0.0283,12646735.0
bal,Baleares,2025,47156552442.1196,proyeccion,igualdad,0.0282,13281457.0
bal,Baleares,2026,50781507109.3719,proyeccion,igualdad,0.0223,11338496.0
can,Canarias,2015,39636569000.0,real,igualdad,0.0249,9874659.0
can,Canarias,2016,40979670000.0,real,igualdad,0.0253,10347390.0
can,Canarias,2017,43035839000.0,real,igualdad,0.0267,11481185.0
can,Canarias,2018,44609266000.0,real,igualdad,0.0284,12663920.0
can,Canarias,2019,45766832000.0,real,igualdad,0.03,13736185.0
can,Canarias,2020,37587399000.0,real,igualdad,0.0393,14757237.0
can,Canarias,2021,41407275000.0,real,igualdad,0.0395,16375586.0
can,Canarias,2022,48908196000.0,real,igualdad,0.037,18075245.0
can,Canarias,2023,53990089000.0,real,igualdad,0.0343,18538531.0
can,Canarias,2024,58144618000.0,real,igualdad,0.0329,19143575.0
can,Canarias,2025,61062044154.199,proyeccion,igualdad,0.0348,21245721.0
can,Canarias,2026,65760759009.7699,proyeccion,igualdad,0.0334,21987509.0
cat,Cataluña,2015,206434270000.0,real,igualdad,0.0165,34148317.7
cat,Cataluña,2016,214502547000.0,real,igualdad,0.019,40774484.74
cat,Cataluña,2017,223139777000.0,real,igualdad,0.0218,48744285.34
cat,Cataluña,2018,231101287000.0,real,igualdad,0.0211,48744285.34
cat,Cataluña,2019,240165818000.0,real,igualdad,0.0195,46865067.18
cat,Cataluña,2020,214857435000.0,real,igualdad,0.0152,32737198.6
cat,Cataluña,2021,234820402000.0,real,igualdad,0.0139,32737198.6
cat,Cataluña,2022,258787407000.0,real,igualdad,0.0156,40264035.98
cat,Cataluña,2023,283274025000.0,real,igualdad,0.0164,46341042.1
cat,Cataluña,2024,302303884000.0,real,igualdad,0.0174,52663228.99
cat,Cataluña,2025,314476551469.5445,proyeccion,igualdad,0.0167,52663228.99
cat,Cataluña,2026,335602542224.5094,proyeccion,igualdad,0.0274,91983889.33
clm,Cast.-La Mancha,2015,37998035000.0,real,igualdad,0.049,18606850.0
clm,Cast.-La Mancha,2016,39136242000.0,real,igualdad,0.0482,18860410.0
clm,Cast.-La Mancha,2017,40768959000.0,real,igualdad,0.0509,20737510.0
clm,Cast.-La Mancha,2018,42290925000.0,real,igualdad,0.0554,23443380.0
clm,Cast.-La Mancha,2019,43393303000.0,real,igualdad,0.054,23443380.0
clm,Cast.-La Mancha,2020,40254360000.0,real,igualdad,0.0707,28463640.0
clm,Cast.-La Mancha,2021,44123986000.0,real,igualdad,0.0762,33621760.0
clm,Cast.-La Mancha,2022,50032018000.0,real,igualdad,0.1017,50879140.0
clm,Cast.-La Mancha,2023,52544941000.0,real,igualdad,0.0987,51854770.0
clm,Cast.-La Mancha,2024,55559897000.0,real,igualdad,0.0951,52830080.0
clm,Cast.-La Mancha,2025,57877789156.0775,proyeccion,igualdad,0.0864,50011390.0
clm,Cast.-La Mancha,2026,60528774710.7235,proyeccion,igualdad,0.0879,53177790.0
cnt,Cantabria,2015,12443843000.0,real,igualdad,0.0122,1517729.0
cnt,Cantabria,2016,12833899000.0,real,igualdad,0.0133,1706773.0
cnt,Cantabria,2017,13318023000.0,real,igualdad,0.0133,1765645.0
cnt,Cantabria,2018,13843935000.0,real,igualdad,0.0134,1855723.0
cnt,Cantabria,2019,14274351000.0,real,igualdad,0.0239,3413851.0
cnt,Cantabria,2020,12991241000.0,real,igualdad,0.0265,3448740.0
cnt,Cantabria,2021,14206538000.0,real,igualdad,0.0246,3493880.0
cnt,Cantabria,2022,15557155000.0,real,igualdad,0.0226,3519974.0
cnt,Cantabria,2023,16740663000.0,real,igualdad,0.0438,7325860.0
cnt,Cantabria,2024,17700122000.0,real,igualdad,0.0425,7522267.0
cnt,Cantabria,2025,18399077585.3196,proyeccion,igualdad,0.0418,7690961.0
cnt,Cantabria,2026,19638827481.9118,proyeccion,igualdad,0.0421,8259262.0
cym,Cast. y León,2015,53183396000.0,real,igualdad,0.014,7448896.0
cym,Cast. y León,2016,54630532000.0,real,igualdad,0.0137,7458583.0
cym,Cast. y León,2017,55879293000.0,real,igualdad,0.0143,8015947.0
cym,Cast. y León,2018,58326859000.0,real,igualdad,0.0146,8537700.0
cym,Cast. y León,2019,59649198000.0,real,igualdad,0.0143,8537700.0
cym,Cast. y León,2020,54794589000.0,real,igualdad,0.0156,8537700.0
cym,Cast. y León,2021,59465900000.0,real,igualdad,0.0182,10835846.0
cym,Cast. y León,2022,65467208000.0,real,igualdad,0.0166,10835846.0
cym,Cast. y León,2023,69893920000.0,real,igualdad,0.017,11886698.0
cym,Cast. y León,2024,73992645000.0,real,igualdad,0.0201,14842204.0
cym,Cast. y León,2025,77233592986.7985,proyeccion,igualdad,0.0192,14842204.0
cym,Cast. y León,2026,80786752445.5297,proyeccion,igualdad,0.0184,14842204.0
ext,Extremadura,2015,18494971000.0,real,igualdad,0.0337,6230830.0
ext,Extremadura,2016,19069471000.0,real,igualdad,0.0422,8046928.0
ext,Extremadura,2017,20169546000.0,real,igualdad,0.0418,8440314.0
ext,Extremadura,2018,20713254000.0,real,igualdad,0.0424,8777536.0
ext,Extremadura,2019,21166132000.0,real,igualdad,0.0512,10834942.0
ext,Extremadura,2020,19497343000.0,real,igualdad,0.0593,11567653.0
ext,Extremadura,2021,21551517000.0,real,igualdad,0.0696,14993077.0
ext,Extremadura,2022,23486645000.0,real,igualdad,0.1067,25058177.0
ext,Extremadura,2023,25192615000.0,real,igualdad,0.1094,27559491.0
ext,Extremadura,2024,26583476000.0,real,igualdad,0.1131,30075601.0
ext,Extremadura,2025,28051125150.8657,proyeccion,igualdad,0.1072,30075601.0
ext,Extremadura,2026,29283045487.1274,proyeccion,igualdad,0.1027,30075601.0
gal,Galicia,2015,57010602000.0,real,igualdad,0.0162,9263920.0
gal,Galicia,2016,58564023000.0,real,igualdad,0.0187,10963616.0
gal,Galicia,2017,60630852000.0,real,igualdad,0.0201,12188542.0
gal,Galicia,2018,62649363000.0,real,igualdad,0.0202,12653752.0
gal,Galicia,2019,64502005000.0,real,igualdad,0.0333,21477595.0
gal,Galicia,2020,59007178000.0,real,igualdad,0.0393,23163164.0
gal,Galicia,2021,64387386000.0,real,igualdad,0.0387,24941328.0
gal,Galicia,2022,71636381000.0,real,igualdad,0.0,0.0
gal,Galicia,2023,77461411000.0,real,igualdad,0.0,0.0
gal,Galicia,2024,81839712000.0,real,igualdad,0.0,0.0
gal,Galicia,2025,84727981648.3003,proyeccion,igualdad,0.0,0.0
gal,Galicia,2026,89517006299.2806,proyeccion,igualdad,0.0,0.0
lar,La Rioja,2015,8033065000.0,real,igualdad,0.0,0.0
lar,La Rioja,2016,8074094000.0,real,igualdad,0.0,0.0
lar,La Rioja,2017,8351707000.0,real,igualdad,0.0206,1723164.0
lar,La Rioja,2018,8649852000.0,real,igualdad,0.0,0.0
lar,La Rioja,2019,8889997000.0,real,igualdad,0.0297,2641662.0
lar,La Rioja,2020,8186915000.0,real,igualdad,0.035,2862201.0
lar,La Rioja,2021,8735750000.0,real,igualdad,0.0335,2926576.0
lar,La Rioja,2022,9767469000.0,real,igualdad,0.0304,2965154.0
lar,La Rioja,2023,10476650000.0,real,igualdad,0.0282,2957700.0
lar,La Rioja,2024,11111889000.0,real,igualdad,0.0402,4462909.0
lar,La Rioja,2025,11508568881.8379,proyeccion,igualdad,0.0335,3861053.0
lar,La Rioja,2026,12112848663.0821,proyeccion,igualdad,0.036,4361053.0
mad,Madrid,2015,206231525000.0,real,igualdad,0.0104,21543341.0
mad,Madrid,2016,214469101000.0,real,igualdad,0.0105,22471311.0
mad,Madrid,2017,224373156000.0,real,igualdad,0.0101,22566555.0
mad,Madrid,2018,233735808000.0,real,igualdad,0.0101,23722547.0
mad,Madrid,2019,243889359000.0,real,igualdad,0.0102,24865106.0
mad,Madrid,2020,221061932000.0,real,igualdad,0.0112,24865106.0
mad,Madrid,2021,239837609000.0,real,igualdad,0.0104,24865106.0
mad,Madrid,2022,267171570000.0,real,igualdad,0.0123,32807176.0
mad,Madrid,2023,295939562000.0,real,igualdad,0.0111,32807176.0
mad,Madrid,2024,316193370000.0,real,igualdad,0.0128,40535484.0
mad,Madrid,2025,330794990991.154,proyeccion,igualdad,0.012,39849524.0
mad,Madrid,2026,356751462437.7044,proyeccion,igualdad,0.0107,38265006.0
mur,Murcia,2015,29168718000.0,real,igualdad,0.0214,6243968.0
mur,Murcia,2016,30009138000.0,real,igualdad,0.0234,7015192.0
mur,Murcia,2017,31192490000.0,real,igualdad,0.0212,6619090.0
mur,Murcia,2018,31715345000.0,real,igualdad,0.022,6987827.0
mur,Murcia,2019,33000651000.0,real,igualdad,0.0232,7668836.0
mur,Murcia,2020,30440306000.0,real,igualdad,0.0358,10889174.0
mur,Murcia,2021,33603543000.0,real,igualdad,0.0591,19870159.0
mur,Murcia,2022,37380806000.0,real,igualdad,0.0515,19268958.0
mur,Murcia,2023,39838741000.0,real,igualdad,0.051,20320094.0
mur,Murcia,2024,42488024000.0,real,igualdad,0.0577,24524759.0
mur,Murcia,2025,44209906961.5551,proyeccion,igualdad,0.0364,16082000.0
mur,Murcia,2026,46619073818.1298,proyeccion,igualdad,0.0345,16082000.0
nav,Navarra,2015,18334417000.0,real,igualdad,0.0259,4748207.0
nav,Navarra,2016,18911331000.0,real,igualdad,0.0242,4570431.0
nav,Navarra,2017,19698794000.0,real,igualdad,0.0275,5422722.0
nav,Navarra,2018,20235995000.0,real,igualdad,0.0309,6255055.0
nav,Navarra,2019,21070268000.0,real,igualdad,0.0323,6811409.0
nav,Navarra,2020,19160726000.0,real,igualdad,0.0393,7524739.0
nav,Navarra,2021,20821017000.0,real,igualdad,0.0401,8339501.0
nav,Navarra,2022,23204474000.0,real,igualdad,0.0455,10559435.0
nav,Navarra,2023,24975376000.0,real,igualdad,0.0393,9812464.0
nav,Navarra,2024,26619297000.0,real,igualdad,0.0398,10603769.0
nav,Navarra,2025,27727717738.525,proyeccion,igualdad,0.0394,10925788.0
nav,Navarra,2026,29541097405.4703,proyeccion,igualdad,0.0423,12487304.0
pvc,País Vasco,2015,65073341000.0,real,igualdad,0.0166,10785000.0
pvc,País Vasco,2016,67114993000.0,real,igualdad,0.0161,10785000.0
pvc,País Vasco,2017,69585295000.0,real,igualdad,0.0157,10942892.0
pvc,País Vasco,2018,71915111000.0,real,igualdad,0.0154,11056800.0
pvc,País Vasco,2019,73999981000.0,real,igualdad,0.016,11853004.0
pvc,País Vasco,2020,66672598000.0,real,igualdad,0.0214,14249666.0
pvc,País Vasco,2021,72513029000.0,real,igualdad,0.0198,14363666.0
pvc,País Vasco,2022,80218167000.0,real,igualdad,0.0189,15138000.0
pvc,País Vasco,2023,86748107000.0,real,igualdad,0.0177,15337817.0
pvc,País Vasco,2024,91612735000.0,real,igualdad,0.0174,15933890.0
pvc,País Vasco,2025,94984725555.0161,proyeccion,igualdad,0.0167,15882890.0
pvc,País Vasco,2026,100311243579.2912,proyeccion,igualdad,0.0164,16449500.0
val,C. Valenciana,2015,101214206000.0,real,igualdad,0.0157,15890370.0
val,C. Valenciana,2016,104205396000.0,real,igualdad,0.0176,18378450.0
val,C. Valenciana,2017,108666712000.0,real,igualdad,0.0191,20736830.0
val,C. Valenciana,2018,112749574000.0,real,igualdad,0.0226,25469300.0
val,C. Valenciana,2019,116588528000.0,real,igualdad,0.0336,39206840.0
val,C. Valenciana,2020,106067171000.0,real,igualdad,0.0404,42816320.0
val,C. Valenciana,2021,116386906000.0,real,igualdad,0.0375,43690940.0
val,C. Valenciana,2022,127583394000.0,real,igualdad,0.054,68897080.0
val,C. Valenciana,2023,139655905000.0,real,igualdad,0.0518,72399760.0
val,C. Valenciana,2024,148283453000.0,real,igualdad,0.0399,59199230.0
val,C. Valenciana,2025,154631870325.7606,proyeccion,igualdad,0.0398,61604780.0
val,C. Valenciana,2026,164184591233.3746,proyeccion,igualdad,0.041,67329440.0
