ccaa;fecha;cobertura_pct_ppd;solicitudes_pct_ppd;pct_mujeres_benef;limbo_grado_pct_ppd;limbo_pia_pct_ppd;limbo_prestaciones_pct_ppd;tiempo_espera_total_dias;pct_pecef;pct_atencion_residencial;ratio_prest_x_benef;pct_grado3;origen;solicitudes;pers_benef_prest;atencion_residencial;pe_cuidados_fam;pe_vinc_serv;ayuda_domicilio;centros_dia_noche;teleasistencia;total;resoluciones_grado;grado1;grado2;grado3;total_der_prest;solicitudes_dict;pendientes_grado_total;pendientes_grado_6m_o_mas;pendientes_pia_total;personas_con_pia;personas_prest_efectiva;pendientes_prest_efectiva;tiempo_solicitud_grado;tiempo_grado_prestacion
Andalucía;2023-01-01;25,6124;40,0579;82,7271;4,4591;3,5314;0,0535;538,0800;19,8321;6,8703;1,4446;26,9960;real;421864;269733;26770;77276;4177;145587;14106;120937;389651;374904;86252;137814;82857;306923;421864;46960;32642;37190;269733;269170;563;334,66;187,86
Andalucía;2023-02-01;25,6612;40,2659;82,6796;4,5773;3,5979;0,0511;533,8700;19,7874;6,8916;1,4461;27,0398;real;424055;270247;26933;77331;4284;145945;14128;121406;390810;375850;86506;138312;83320;308138;424055;48205;32416;37891;270247;269709;538;337,09;187,55
Andalucía;2023-03-01;25,6301;40,4062;82,6702;4,6215;3,7177;0,0574;533,3100;19,8038;6,8986;1,4485;27,0455;real;425532;269920;26972;77428;4256;145775;14179;121595;390976;376861;86661;138821;83590;309072;425532;48671;32363;39152;269920;269316;604;340,08;190,36
Andalucía;2023-04-01;25,7624;40,5767;82,6885;4,6698;3,7029;0,0568;530,2800;19,7155;6,8435;1,4519;27,0146;real;427328;271313;26957;77661;4343;147009;14201;122978;393909;378149;87255;139226;83829;310310;427328;49179;33251;38997;271313;270715;598;343,22;189,40
Andalucía;2023-05-01;25,8346;40,8480;82,6777;4,6433;3,8922;0,0562;529,0500;19,6872;6,8573;1,4539;27,0303;real;430185;272073;27125;77875;4370;147538;14261;123640;395562;381285;88220;140221;84622;313063;430185;48900;33062;40990;272073;271481;592;344,64;190,23
Andalucía;2023-06-01;25,9115;41,1615;82,5862;4,6760;4,0439;0,0589;529,1100;19,6540;6,8852;1,4555;26,9454;real;433486;272883;27347;78063;4498;147945;14282;124306;397187;384241;89229;141237;85005;315471;433486;49245;31602;42588;272883;272263;620;345,59;189,40
Andalucía;2023-07-01;26,1601;40,9556;82,5089;4,2168;4,0111;0,0619;532,1300;19,5947;6,8336;1,4566;26,8950;real;431318;275501;27423;78633;4664;149207;14306;126328;401297;386909;90241;142045;85457;317743;431318;44409;29673;42242;275501;274849;652;347,73;191,80
Andalucía;2023-08-01;26,2187;40,7281;82,5198;3,8599;4,0632;0,0618;538,1300;19,3947;6,8249;1,4601;26,8232;real;428922;276119;27515;78191;4578;150399;14387;127361;403157;388272;90741;142627;85542;318910;428922;40650;29825;42791;276119;275468;651;347,53;194,90
Andalucía;2023-09-01;26,4990;40,5071;82,4271;3,5579;3,8542;0,0618;541,5700;19,4407;6,7363;1,4636;26,7131;real;426595;279070;27514;79404;4690;152273;14474;129373;408443;389125;91330;142939;85391;319660;426595;37470;30520;40590;279070;278419;651;348,98;199,77
Andalucía;2023-10-01;26,6008;40,3996;82,2968;3,2124;3,9505;0,0670;542,2200;19,5543;6,8108;1,4643;26,6797;real;425463;280143;27938;80212;4724;152250;14536;129841;410202;391632;92215;143691;85841;321747;425463;33831;29211;41604;280143;279437;706;351,55;203,20
Andalucía;2023-11-01;26,7642;40,1635;82,1876;2,6583;4,0426;0,0602;549,0700;19,6512;6,9141;1,4657;26,6357;real;422976;281863;28563;81182;4758;152643;14622;130661;413115;394981;93431;144590;86416;324437;422976;27995;25801;42574;281863;281229;634;354,29;209,22
Andalucía;2023-12-01;27,2140;39,9736;82,0601;2,6997;3,3764;0,0586;556,9900;19,5556;6,8138;1,4699;26,5010;real;420976;286600;28704;82380;4940;155969;14657;133935;421261;392545;93130;143653;85375;322158;420976;28431;26745;35558;286600;285983;617;356,02;212,57
Andalucía;2024-01-01;28,2165;41,1920;82,0607;2,8720;3,1859;0,0620;561,1300;19,5148;6,8234;1,4716;26,3449;real;417819;286206;28739;82193;4813;156018;14714;134040;421183;388688;92357;142250;83914;318521;417819;29131;27267;32315;286206;285577;629;356,35;215,31
Andalucía;2024-02-01;28,2314;40,8188;81,9607;2,8048;2,8870;0,0611;563,9800;19,5465;6,8054;1,4730;26,1456;real;414034;286357;28705;82447;4854;156155;14665;134317;421799;385584;91992;141122;82526;315640;414034;28450;26593;29283;286357;285737;620;352,58;217,18
Andalucía;2024-03-01;28,2995;41,0839;81,9932;3,2692;2,6408;0,0567;568,0000;19,6122;6,8015;1,4742;26,0138;real;416723;287048;28781;82990;4910;156352;14740;134709;423155;383563;91861;140333;81640;313834;416723;33160;31328;26786;287048;286473;575;350,01;220,31
Andalucía;2024-04-01;28,2765;40,7569;81,9441;3,1989;2,4311;0,0577;574,2600;19,7091;6,7930;1,4751;25,8331;real;413406;286814;28739;83383;4863;155997;14739;134688;423068;380959;91630;139380;80463;311473;413406;32447;30998;24659;286814;286229;585;350,26;224,79
Andalucía;2024-05-01;28,2739;40,4084;81,9150;3,0906;2,2262;0,0582;579,9100;19,8093;6,8575;1,4754;25,7227;real;409871;286788;29015;83816;4949;155460;14720;134504;423114;378522;91296;138495;79578;309369;409871;31349;30474;22581;286788;286198;590;350,98;228,50
Andalucía;2024-06-01;28,2817;40,1433;81,8703;3,0018;2,0664;0,0593;585,0800;19,9144;6,8399;1,4757;25,6157;real;407182;286867;28955;84303;5008;155162;14740;134516;423327;376734;91112;137863;78852;307827;407182;30448;29831;20960;286867;286266;601;354,74;233,27
Andalucía;2024-07-01;28,3168;40,5608;81,8510;3,6007;1,8741;0,0582;593,7800;19,9590;6,8127;1,4763;25,4627;real;411417;287223;28887;84629;5070;155297;14743;134750;424014;374894;90980;137277;77975;306232;411417;36523;36112;19009;287223;286633;590;358,31;240,70
Andalucía;2024-08-01;28,4292;40,9791;81,8028;2,9219;2,4725;0,0584;603,1400;19,9656;6,7734;1,4780;25,1163;real;415660;288363;28868;85092;5181;156094;14738;135595;426194;386023;95554;139163;78725;313442;415660;29637;29479;25079;288363;287771;592;378,19;251,59
Andalucía;2024-09-01;28,3511;40,6960;81,7700;2,9000;2,3188;0,0577;609,2900;20,1177;6,7872;1,4778;25,0123;real;412788;287571;28844;85495;5164;155062;14732;135057;424974;383373;95154;138126;77811;311091;412788;29415;29360;23520;287571;286986;585;378,92;255,19
Andalucía;2024-10-01;28,3948;40,7065;81,6983;3,1243;2,0997;0,0581;617,8500;20,1850;6,7455;1,4794;24,9347;real;412895;288014;28742;86006;5125;155246;14760;135594;426089;381205;94840;137346;77126;309312;412895;31690;29360;21298;288014;287425;589;383,13;261,29
Andalucía;2024-11-01;28,7584;41,5285;81,6486;3,5460;1,8646;0,3395;611,0200;19,9073;6,5866;1,4839;24,7406;real;421232;291702;28511;86172;5044;159122;14782;138622;432866;385264;96221;137546;76848;310615;421232;35968;35512;18913;291702;288258;3444;390,58;247,58
Andalucía;2024-12-01;29,2474;41,7399;81,5937;3,1646;1,6949;0,1535;602,1100;19,6352;6,3970;1,4907;24,4664;real;423377;296663;28290;86835;4991;163692;14823;142999;442241;391278;98818;138248;76789;313855;423377;32099;31870;17192;296663;295106;1557;409,37;216,24
Andalucía;2025-01-01;28,1697;40,2298;81,6195;3,0710;1,5882;0,1462;596,7500;19,5020;6,2955;1,4936;24,2338;real;424865;297499;27974;86657;4887;165159;14805;144258;444349;392432;100066;138046;76160;314272;424865;32433;32301;16773;297499;295955;1544;421,27;200,35
Andalucía;2025-02-01;28,2445;40,0923;81,6260;2,9170;1,5631;0,1945;592,0200;19,4593;6,2061;1,4962;24,0034;real;423413;298289;27698;86847;4754;166169;14934;145293;446301;392607;101353;137882;75562;314797;423413;30806;30725;16508;298289;296235;2054;432,83;181,75
Andalucía;2025-03-01;28,3259;40,1557;81,6304;2,7609;1,5014;0,3084;586,5200;19,5024;6,1362;1,4974;23,8375;real;424082;299148;27487;87361;4659;166851;14978;146012;447951;394924;102208;137707;75089;315004;424082;29158;28960;15856;299148;295891;3257;463,54;165,59
Andalucía;2025-04-01;28,3965;40,1558;81,6282;2,7210;1,5056;0,3681;584,2800;19,5135;6,0625;1,4992;23,6616;real;424084;299894;27256;87730;4566;167574;15007;146855;449587;395348;103398;137675;74722;315795;424084;28736;28488;15901;299894;296006;3888;474,68;150,01
Andalucía;2025-05-01;28,5418;40,2670;81,6256;2,7088;1,5121;0,5443;579,2600;19,5500;6,0557;1,5004;23,5644;real;425258;301429;27388;88418;4490;168306;15223;147843;452267;396650;104508;138097;74793;317398;425258;28608;28311;15969;301429;295681;5748;480,70;133,37
Andalucía;2025-06-01;28,6784;40,3390;81,5979;2,7558;1,4280;0,5793;574,2300;19,6138;5,9745;1,5024;23,4127;real;426018;302871;27186;89249;4388;169213;15275;149122;455031;396914;105499;138012;74441;317952;426018;29104;28871;15081;302871;296753;6118;483,26;118,51
Andalucía;2025-07-01;28,8191;40,4462;81,5600;2,8344;1,3403;0,7109;569,8100;19,7433;6,2926;1,5000;23,3712;real;427150;304357;28728;90136;4100;168666;15070;149248;456539;397216;106094;137978;74440;318512;427150;29934;28467;14155;304357;296849;7508;485,71;106,36
Andalucía;2025-08-01;28,9433;40,6875;81,4872;3,0138;1,3036;0,6972;565,0800;19,7440;6,1933;1,5028;23,1812;real;429699;305669;28450;90697;4049;169769;15121;150688;459364;397870;107300;138087;74049;319436;429699;31829;28842;13767;305669;298306;7363;489,81;90,88
Andalucía;2025-09-01;29,5117;40,7640;81,3671;2,8181;1,2648;0,7980;559,3700;19,3647;6,0689;1,5156;23,4825;real;430507;311672;28668;91474;4245;175050;15663;156731;472375;400745;108237;140467;76325;325029;430507;29762;27208;13357;311672;303244;8428;496,36;80,16
Andalucía;2025-10-01;30,4584;41,4090;81,3272;1,9180;1,2458;1,0294;534,1400;18,8836;5,8679;1,5266;23,1433;real;437319;321670;28816;92733;4237;183508;16105;165135;491077;417063;113656;143681;77490;334827;437319;20256;18507;13157;321670;310799;10871;484,91;57,81
Andalucía;2025-11-01;31,5150;42,2762;81,2591;1,4787;1,2858;1,1503;512,1300;18,4832;5,7432;1,5381;23,2972;real;446477;332828;29401;94621;4196;192219;16539;174422;511929;430860;118161;147543;80703;346407;446477;15617;14900;13579;332828;320680;12148;470,73;43,48
Andalucía;2025-12-01;32,0929;43,1905;81,1753;1,3892;1,2594;1,1477;495,7900;18,3130;5,6001;1,5442;22,9871;real;456133;338932;29310;95847;4134;197240;16632;179694;523381;441462;121806;149458;80968;352232;456133;14671;14401;13300;338932;326811;12121;443,09;38,60
Andalucía;2026-01-01;31,3678;42,4080;81,1300;1,6203;1,2210;1,2690;488,2900;18,3800;5,5112;1,5466;22,7778;real;459849;340135;28991;96686;4081;197964;16731;181063;526040;442279;123201;149683;80491;353375;459849;17570;15338;13240;340135;326375;13760;437,75;36,58
Andalucía;2026-02-01;31,2443;42,7800;81,0701;2,1963;1,5991;1,4255;476,7500;18,5550;5,4391;1,5476;23,4997;real;463883;338796;28518;97286;3963;196702;16664;180658;524311;440067;121672;150773;83691;356136;463883;23816;17256;17340;338796;323339;15457;430,37;32,41
Andalucía;2026-03-01;32,0024;43,3165;81,0036;2,2913;1,1029;1,2076;464,4700;18,1380;5,6827;1,5606;23,6943;real;469701;347017;30776;98230;3958;202278;17038;188811;541570;444855;122295;151624;85057;358976;469701;24846;16623;11959;347017;333922;13095;416,33;28,84
Andalucía;2026-04-01;32,1681;43,3165;80,9419;2,2913;1,1029;1,1411;452,2242;18,1380;5,6827;1,5677;23,7569;proyeccion;NA;NA;NA;NA;NA;NA;NA;NA;NA;NA;NA;NA;NA;NA;NA;NA;NA;NA;NA;NA;NA;NA;NA
Andalucía;2026-05-01;32,3337;43,3165;80,8802;2,2913;1,1029;1,2075;439,9783;18,1380;5,6827;1,5748;23,9111;proyeccion;NA;NA;NA;NA;NA;NA;NA;NA;NA;NA;NA;NA;NA;NA;NA;NA;NA;NA;NA;NA;NA;NA;NA
Andalucía;2026-06-01;32,4994;43,3165;80,8186;2,2913;1,1029;1,0889;427,7324;18,1380;5,6827;1,5818;24,0652;proyeccion;NA;NA;NA;NA;NA;NA;NA;NA;NA;NA;NA;NA;NA;NA;NA;NA;NA;NA;NA;NA;NA;NA;NA
Andalucía;2026-07-01;32,6651;43,3165;80,7569;2,2913;1,1029;1,0183;415,4865;18,1380;5,6827;1,5889;24,2194;proyeccion;NA;NA;NA;NA;NA;NA;NA;NA;NA;NA;NA;NA;NA;NA;NA;NA;NA;NA;NA;NA;NA;NA;NA
Andalucía;2026-08-01;32,8308;43,3165;80,6952;2,2913;1,1029;0,8249;403,2406;18,1380;5,6827;1,5960;24,3735;proyeccion;NA;NA;NA;NA;NA;NA;NA;NA;NA;NA;NA;NA;NA;NA;NA;NA;NA;NA;NA;NA;NA;NA;NA
Andalucía;2026-09-01;32,9964;43,3165;80,6335;2,2913;1,1029;0,7025;390,9947;18,1380;5,6827;1,6030;24,5277;proyeccion;NA;NA;NA;NA;NA;NA;NA;NA;NA;NA;NA;NA;NA;NA;NA;NA;NA;NA;NA;NA;NA;NA;NA
Andalucía;2026-10-01;33,1621;43,3165;80,5718;2,2913;1,1029;0,6585;378,7488;18,1380;5,6827;1,6101;24,6819;proyeccion;NA;NA;NA;NA;NA;NA;NA;NA;NA;NA;NA;NA;NA;NA;NA;NA;NA;NA;NA;NA;NA;NA;NA
Andalucía;2026-11-01;33,3278;43,3165;80,5102;2,2913;1,1029;2,4491;366,5029;18,1380;5,6827;1,6171;24,8360;proyeccion;NA;NA;NA;NA;NA;NA;NA;NA;NA;NA;NA;NA;NA;NA;NA;NA;NA;NA;NA;NA;NA;NA;NA
Aragón;2023-01-01;19,1838;26,3552;69,9288;2,1223;1,0277;0,2932;220,1100;43,8121;9,1670;1,1646;30,7112;real;51138;37223;3974;18993;6743;5203;1659;3330;43351;47020;12713;14460;12044;39217;51138;4118;431;1994;37223;36654;569;157,76;62,48
Aragón;2023-02-01;19,3915;26,4207;69,9627;2,1130;0,9045;0,2902;214,4400;43,8015;9,0175;1,1615;30,8524;real;51265;37626;3941;19143;6963;5252;1671;3302;43704;47165;12718;14513;12150;39381;51265;4100;235;1755;37626;37063;563;156,91;54,67
Aragón;2023-03-01;19,5420;26,5516;69,9455;2,1373;0,8679;0,2994;206,6800;44,0869;8,8156;1,1589;31,0186;real;51519;37918;3874;19374;7052;5293;1669;3289;43945;47372;12803;14515;12284;39602;51519;4147;235;1684;37918;37337;581;155,38;48,57
Aragón;2023-04-01;19,6914;26,6551;69,9885;2,1264;0,8370;0,3092;201,6100;44,0446;9,0181;1,1609;31,0002;real;51720;38208;4000;19536;7133;5277;1676;3307;44355;47594;12892;14592;12348;39832;51720;4126;287;1624;38208;37608;600;154,24;44,56
Aragón;2023-05-01;19,7873;26,9340;70,0139;2,1259;1,0045;0,3103;196,0300;44,2382;8,9528;1,1590;30,7711;real;52261;38394;3984;19686;7160;5256;1685;3313;44500;48136;13222;14707;12414;40343;52261;4125;335;1949;38394;37792;602;153,24;40,51
Aragón;2023-06-01;20,0073;27,1844;69,9192;2,3388;0,8014;0,3267;195,3000;43,7987;8,8616;1,1581;30,5404;real;52747;38821;3984;19691;7536;5299;1688;3336;44958;48209;13401;14644;12331;40376;52747;4538;524;1555;38821;38187;634;153,40;41,69
Aragón;2023-07-01;20,2094;27,1649;69,9201;2,4444;0,4401;0,3257;195,8100;43,5757;8,6847;1,1575;30,2319;real;52709;39213;3942;19779;7841;5335;1693;3372;45390;47966;13402;14552;12113;40067;52709;4743;859;854;39213;38581;632;153,22;42,47
Aragón;2023-08-01;20,3361;27,2782;69,9542;2,5191;0,3273;0,3108;193,6400;39,2907;7,7756;1,2776;29,9022;real;52929;39459;3920;19808;8092;5336;1691;8138;50414;48041;13513;14592;11989;40094;52929;4888;1106;635;39459;38856;603;152,85;39,72
Aragón;2023-09-01;20,4454;27,3854;69,9453;2,6423;0,1845;0,3216;190,4100;39,3857;7,6446;1,2728;29,6185;real;53137;39671;3860;19887;8283;5333;1704;8007;50493;48010;13620;14553;11856;40029;53137;5127;1316;358;39671;39047;624;152,44;37,52
Aragón;2023-10-01;20,5624;27,5493;69,8080;2,7042;0,1500;0,3505;189,3600;39,4368;7,7026;1,2700;29,5678;real;53455;39898;3903;19983;8350;5343;1739;7905;50671;48208;13692;14614;11883;40189;53455;5247;1344;291;39898;39218;680;151,53;38,12
Aragón;2023-11-01;20,6773;27,7709;69,7833;2,8248;0,1258;0,3525;187,8600;39,3309;7,8525;1,2725;29,5008;real;53885;40121;4009;20080;8382;5359;1748;7875;51054;48404;13797;14660;11908;40365;53885;5481;1598;244;40121;39437;684;150,40;38,98
Aragón;2023-12-01;20,7871;27,8962;69,7933;2,8577;0,0959;0,3396;190,3400;38,8568;7,9652;1,2865;29,4768;real;54128;40334;4133;20162;8376;5375;1758;8216;51888;48583;13879;14697;11944;40520;54128;5545;1647;186;40334;39675;659;150,84;40,56
Aragón;2024-01-01;21,5394;29,1326;69,8423;3,1732;0,1024;0,3490;194,2800;38,9868;7,9624;1,2882;29,2898;real;54342;40178;4121;20178;8268;5345;1763;8153;51756;48423;13886;14659;11824;40369;54342;5919;1485;191;40178;39527;651;151,53;43,57
Aragón;2024-02-01;21,5592;29,1686;69,9885;3,2504;0,0686;0,3329;199,5200;40,7657;8,1552;1,2386;29,3260;real;54409;40215;4062;20305;8311;5296;1760;6129;49809;48346;13894;14618;11831;40343;54409;6063;1356;128;40215;39594;621;152,22;47,33
Aragón;2024-03-01;21,6814;29,3787;69,9976;3,3726;0,0627;0,3410;203,5100;40,6561;8,1592;1,2376;29,4403;real;54801;40443;4084;20350;8464;5295;1769;6055;50054;48510;13996;14623;11941;40560;54801;6291;1519;117;40443;39807;636;153,80;50,03
Aragón;2024-04-01;21,8203;29,7963;69,9714;3,6653;0,0563;0,3302;206,3000;40,6653;8,1557;1,2378;29,4337;real;55580;40702;4109;20488;8567;5295;1769;6062;50382;48743;14113;14683;12011;40807;55580;6837;1572;105;40702;40086;616;154,91;51,69
Aragón;2024-05-01;21,9468;30,1469;70,0307;3,8717;0,0611;0,3511;209,3000;40,5146;8,2135;1,2464;29,2093;real;56234;40938;4191;20673;8437;5398;1771;6319;51026;49012;14306;14755;11991;41052;56234;7222;1665;114;40938;40283;655;156,39;53,46
Aragón;2024-06-01;22,4379;30,4815;69,9843;3,6985;0,0536;0,3887;211,4400;39,2504;7,7874;1,2889;29,2654;real;56858;41854;4201;21174;8825;5468;1765;8226;53946;49959;14612;15064;12278;41954;56858;6899;1025;100;41854;41129;725;157,21;53,37
Aragón;2024-07-01;22,7156;30,5914;70,0233;3,5522;0,0418;0,4021;210,2100;39,1304;7,5729;1,2939;29,4040;real;57063;42372;4152;21454;9109;5481;1752;8617;54827;50437;14772;15196;12482;42450;57063;6626;911;78;42372;41622;750;155,94;53,15
Aragón;2024-08-01;22,8930;30,5555;69,9078;3,3147;0,0504;0,3313;208,0000;39,2860;7,3775;1,2995;29,2591;real;56996;42703;4094;21801;9212;5367;1750;9021;55493;50813;14927;15348;12522;42797;56996;6183;1002;94;42703;42085;618;152,73;52,93
Aragón;2024-09-01;23,4468;30,6016;69,7802;2,8638;0,0407;0,3281;202,0700;39,3525;7,0593;1,3072;29,2796;real;57082;43736;4036;22499;9539;5437;1751;9661;57173;51740;15259;15725;12828;43812;57082;5342;700;76;43736;43124;612;147,95;50,85
Aragón;2024-10-01;23,7256;30,8444;69,7262;2,8236;0,0450;0,3678;198,0800;38,9663;6,8961;1,3208;29,3663;real;57535;44256;4031;22777;9687;5519;1799;10295;58453;52268;15434;15885;13021;44340;57535;5267;700;84;44256;43570;686;145,02;49,02
Aragón;2024-11-01;24,0472;31,0004;69,7589;2,6735;0,0445;0,3887;193,8300;38,9704;6,9434;1,3260;29,4421;real;57826;44856;4130;23180;9727;5589;1806;10548;59481;52839;15692;16016;13231;44939;57826;4987;940;83;44856;44131;725;141,57;46,40
Aragón;2024-12-01;24,2659;31,0449;69,7349;2,4998;0,0461;0,3962;189,1700;39,1619;6,8644;1,3237;29,4509;real;57909;45264;4113;23465;9837;5649;1787;10563;59918;53246;15815;16179;13356;45350;57909;4663;1061;86;45264;44525;739;140,24;43,70
Aragón;2025-01-01;24,4606;31,1169;69,6668;2,3742;0,0484;0,3889;185,7100;39,3393;6,8051;1,3226;29,3640;real;57851;45476;4093;23661;9919;5608;1792;10534;60146;53437;15946;16240;13380;45566;57851;4414;819;90;45476;44753;723;139,54;40,78
Aragón;2025-02-01;24,4972;31,1368;69,6298;2,3683;0,0559;0,3921;182,0900;39,5587;6,7705;1,3225;29,3507;real;57888;45544;4078;23827;9897;5568;1783;10519;60232;53485;16020;16230;13398;45648;57888;4403;512;104;45544;44815;729;139,70;37,84
Aragón;2025-03-01;24,5983;31,4041;69,5490;2,5334;0,0549;0,3641;178,9300;39,6783;6,7775;1,3228;29,2141;real;58385;45732;4100;24003;9922;5547;1772;10534;60494;53675;16079;16365;13390;45834;58385;4710;574;102;45732;45055;677;138,27;35,61
Aragón;2025-04-01;24,8119;31,5698;69,4982;2,4603;0,0662;0,3609;175,4100;39,6679;6,7897;1,3225;29,1836;real;58693;46129;4142;24199;10045;5601;1771;10544;61004;54119;16218;16536;13498;46252;58693;4574;578;123;46129;45458;671;136,86;33,10
Aragón;2025-05-01;25,0270;31,8376;69,5092;2,5253;0,0581;0,3695;167,0700;39,8208;6,7308;1,3219;29,2107;real;59191;46529;4140;24493;10118;5648;1771;10603;61508;54496;16351;16663;13623;46637;59191;4695;535;108;46529;45842;687;135,22;28,50
Aragón;2025-06-01;25,2992;32,0350;69,5038;2,4689;0,0554;0,3335;162,7500;39,6506;6,7132;1,3229;29,2376;real;59558;47035;4177;24671;10197;5888;1775;10704;62221;54968;16505;16851;13782;47138;59558;4590;342;103;47035;46415;620;133,79;27,43
Aragón;2025-07-01;25,4794;32,3061;69,5141;2,5436;0,0640;0,3254;158,1700;39,7060;6,6397;1,3226;29,1668;real;60062;47370;4160;24877;10282;5947;1788;10739;62653;55333;16623;17015;13851;47489;60062;4729;262;119;47370;46765;605;132,31;24,93
Aragón;2025-08-01;25,6068;32,3465;69,6520;2,4527;0,0597;0,3211;154,9400;39,7885;6,6007;1,3232;29,1986;real;60137;47607;4158;25064;10342;5963;1783;10804;62993;55577;16705;17080;13933;47718;60137;4560;289;111;47607;47010;597;131,13;23,35
Aragón;2025-09-01;25,7865;32,4729;69,7254;2,4065;0,0645;0,3200;151,6900;40,0268;6,5442;1,3231;29,1546;real;60372;47941;4151;25389;10382;5948;1791;10849;63430;55898;16892;17157;14012;48061;60372;4474;372;120;47941;47346;595;128,02;22,64
Aragón;2025-10-01;26,0635;32,7262;69,8286;2,3575;0,0506;0,3340;148,5600;39,9464;6,5320;1,3238;29,0855;real;60843;48456;4190;25624;10467;6065;1836;10935;64146;56460;17097;17332;14121;48550;60843;4383;335;94;48456;47835;621;124,45;22,08
Aragón;2025-11-01;26,3136;32,8483;69,9025;2,2015;0,0409;0,3319;145,4700;40,0970;6,5480;1,3236;29,0303;real;61070;48921;4240;25964;10486;6136;1832;10978;64753;56977;17280;17493;14224;48997;61070;4093;275;76;48921;48304;617;119,88;22,76
Aragón;2025-12-01;26,5239;33,0393;69,9880;2,2037;0,0285;0,3163;140,5900;40,2873;6,4982;1,3213;28,9598;real;61425;49312;4234;26250;10638;6086;1839;10946;65157;57328;17458;17611;14296;49365;61425;4097;282;53;49312;48724;588;115,74;22,53
Aragón;2026-01-01;25,9665;32,5054;69,9663;2,2791;0,0375;0,2919;136,1900;40,4151;6,4252;1,3242;28,9238;real;61572;49186;4185;26324;10549;6039;1844;11046;65134;57255;17463;17547;14247;49257;61572;4317;384;71;49186;48633;553;111,04;22,56
Aragón;2026-02-01;25,9913;32,5339;70,0997;2,3582;0,0422;0,3421;134,1700;40,1351;6,2802;1,3293;28,9863;real;61626;49233;4110;26266;10565;6220;1838;11319;65444;57159;17470;17549;14294;49313;61626;4467;263;80;49233;48585;648;106,54;24,12
Aragón;2026-03-01;26,3023;32,7424;69,9536;2,2585;0,0459;0,3511;129,3800;40,1549;6,1721;1,3268;29,0789;real;62021;49822;4080;26544;10798;6342;1838;11366;66104;57743;17636;17760;14513;49909;62021;4278;243;87;49822;49157;665;101,13;24,66
Aragón;2026-04-01;26,4932;32,9103;69,9536;2,2585;0,0459;0,3511;125,2215;40,1549;6,0992;1,3268;29,1368;proyeccion;NA;NA;NA;NA;NA;NA;NA;NA;NA;NA;NA;NA;NA;NA;NA;NA;NA;NA;NA;NA;NA;NA;NA
Aragón;2026-05-01;26,6841;33,0787;69,9536;2,2585;0,0459;0,3511;120,9586;40,1549;6,0263;1,3268;29,1846;proyeccion;NA;NA;NA;NA;NA;NA;NA;NA;NA;NA;NA;NA;NA;NA;NA;NA;NA;NA;NA;NA;NA;NA;NA
Aragón;2026-06-01;26,8750;33,2470;69,9536;2,2585;0,0459;0,3511;116,6958;40,1549;5,9534;1,3268;29,2227;proyeccion;NA;NA;NA;NA;NA;NA;NA;NA;NA;NA;NA;NA;NA;NA;NA;NA;NA;NA;NA;NA;NA;NA;NA
Aragón;2026-07-01;27,0659;33,4154;69,9536;2,2585;0,0459;0,3511;112,4330;40,1549;5,8805;1,3268;29,2533;proyeccion;NA;NA;NA;NA;NA;NA;NA;NA;NA;NA;NA;NA;NA;NA;NA;NA;NA;NA;NA;NA;NA;NA;NA
Aragón;2026-08-01;27,2568;33,5838;69,9536;2,2585;0,0459;0,3511;108,1702;40,1549;5,8076;1,3268;29,2777;proyeccion;NA;NA;NA;NA;NA;NA;NA;NA;NA;NA;NA;NA;NA;NA;NA;NA;NA;NA;NA;NA;NA;NA;NA
Aragón;2026-09-01;27,4477;33,7522;69,9536;2,2585;0,0459;0,3511;103,9073;40,1549;5,7347;1,3268;29,2973;proyeccion;NA;NA;NA;NA;NA;NA;NA;NA;NA;NA;NA;NA;NA;NA;NA;NA;NA;NA;NA;NA;NA;NA;NA
Aragón;2026-10-01;27,6386;33,9206;69,9536;2,2585;0,0459;0,3511;99,6445;40,1549;5,6618;1,3268;29,3129;proyeccion;NA;NA;NA;NA;NA;NA;NA;NA;NA;NA;NA;NA;NA;NA;NA;NA;NA;NA;NA;NA;NA;NA;NA
Aragón;2026-11-01;27,8295;34,0890;69,9536;2,2585;0,0459;0,3511;95,3817;40,1549;5,5889;1,3268;29,3254;proyeccion;NA;NA;NA;NA;NA;NA;NA;NA;NA;NA;NA;NA;NA;NA;NA;NA;NA;NA;NA;NA;NA;NA;NA
Canarias;2023-01-01;14,2419;23,5010;78,8559;4,2100;2,7103;2,8704;963,1900;35,8973;11,2217;1,1118;33,7191;real;57982;35138;4384;14024;12138;474;5139;1817;39067;47595;13300;14422;14103;41825;57982;10387;9083;6687;35138;28056;7082;541,82;274,26
Canarias;2023-02-01;14,4965;23,4450;78,5613;3,9563;2,6281;2,8453;945,6100;36,1973;11,1111;1,1110;33,6166;real;57844;35766;4415;14383;12342;493;5166;1829;39735;48083;13477;14570;14203;42250;57844;9761;8999;6484;35766;28746;7020;524,62;267,42
Canarias;2023-03-01;14,8459;23,3076;78,4605;3,5903;2,4975;2,6775;915,2700;35,9475;11,2146;1,1164;33,6925;real;57505;36628;4586;14700;12518;520;5266;2109;40893;48647;13635;14738;14417;42790;57505;8858;8246;6162;36628;30022;6606;503,24;256,45
Canarias;2023-04-01;15,1430;23,4094;78,4587;3,4776;2,4068;2,4558;880,6100;35,8167;11,2399;1,1180;33,7514;real;57756;37361;4695;14961;12773;558;5361;2181;41771;49176;13780;14905;14614;43299;57756;8580;7769;5938;37361;31302;6059;489,42;246,58
Canarias;2023-05-01;15,3971;23,4288;78,3395;3,2907;2,3233;2,4027;846,5600;35,7630;11,1028;1,1196;33,6825;real;57804;37988;4722;15210;12998;593;5456;2279;42530;49685;13945;15049;14726;43720;57804;8119;7122;5732;37988;32060;5928;474,42;235,85
Canarias;2023-06-01;15,6322;23,9310;78,2134;3,5412;2,3095;2,4299;816,7500;35,7640;11,0687;1,1211;33,6534;real;59043;38568;4786;15464;13206;631;5528;2325;43239;50306;14093;15276;14897;44266;59043;8737;7390;5698;38568;32573;5995;464,60;225,95
Canarias;2023-07-01;15,7898;24,2013;78,1758;3,6977;2,2491;2,4971;782,3100;35,7562;11,0172;1,1209;33,5101;real;59710;38957;4811;15614;13361;644;5571;2336;43668;50587;14209;15383;14914;44506;59710;9123;7556;5549;38957;32796;6161;457,48;216,96
Canarias;2023-08-01;15,9252;24,6030;78,1292;3,7820;2,4027;2,5429;745,3300;35,8643;10,8841;1,1212;33,3930;real;60701;39291;4795;15800;13509;663;5593;2352;44055;51370;14453;15666;15100;45219;60701;9331;7675;5928;39291;33017;6274;448,04;207,75
Canarias;2023-09-01;16,0663;24,7465;78,1062;3,7840;2,3764;2,5669;716,8300;35,9440;10,8816;1,1226;33,2425;real;61055;39639;4842;15994;13613;681;5634;2369;44497;51719;14596;15780;15126;45502;61055;9336;8006;5863;39639;33306;6333;440,38;199,10
Canarias;2023-10-01;16,2174;24,9998;77,9190;3,8841;2,3472;2,5677;687,1900;36,1562;10,8573;1,1247;33,1179;real;61680;40012;4886;16271;13633;691;5638;2387;45002;52097;14712;15922;15169;45803;61680;9583;8340;5791;40012;33677;6335;434,12;191,51
Canarias;2023-11-01;16,3516;25,4031;77,9873;4,1443;2,3293;2,5912;664,2200;36,0828;10,7463;1,1272;33,1525;real;62675;40343;4887;16409;13815;704;5638;2537;45476;52450;14767;16043;15280;46090;62675;10225;8497;5747;40343;33950;6393;429,42;187,73
Canarias;2023-12-01;16,4951;25,5835;77,8688;4,1314;2,3614;2,5693;647,2800;36,3057;10,6360;1,1292;33,0202;real;63120;40697;4888;16685;13962;708;5645;2559;45957;52927;14937;16224;15362;46523;63120;10193;8662;5826;40697;34358;6339;425,90;183,98
Canarias;2024-01-01;16,1493;25,0989;77,7450;4,0976;2,3185;2,4936;635,7900;36,4985;10,5054;1,1293;33,0230;real;63642;40949;4858;16878;14091;702;5631;2532;46243;53252;14995;16369;15464;46828;63642;10390;9036;5879;40949;34626;6323;413,55;183,53
Canarias;2024-02-01;15,9549;25,2689;77,8166;4,4813;2,3154;2,4550;627,7000;36,6875;10,4875;1,1287;32,7628;real;64073;40456;4789;16753;13813;688;5596;2487;45664;52710;14910;16239;15178;46327;64073;11363;10254;5871;40456;34231;6225;408,92;180,65
Canarias;2024-03-01;15,8176;25,5272;77,8044;4,3212;2,7918;2,4349;609,9600;36,7964;10,3870;1,1313;32,5662;real;64728;40108;4713;16696;13736;679;5557;2466;45374;53771;15267;16553;15367;47187;64728;10957;9372;7079;40108;33934;6174;404,64;176,25
Canarias;2024-04-01;16,1813;26,1980;76,3884;4,8414;2,5875;2,7729;594,9500;37,5542;10,2393;1,1344;32,5146;real;66429;41030;4766;17480;13901;795;5585;2444;46546;54153;15378;16739;15474;47591;66429;12276;9730;6561;41030;33999;7031;399,54;176,10
Canarias;2024-05-01;16,4490;26,7324;75,7911;5,1379;2,5433;2,8107;593,4000;37,2665;10,1630;1,1486;32,5595;real;67784;41709;4869;17854;14250;976;5605;2561;47909;54756;15544;16934;15680;48158;67784;13028;10028;6449;41709;34582;7127;398,97;178,66
Canarias;2024-06-01;16,8138;27,3949;73,6679;5,6297;2,3793;2,9192;591,4100;37,3884;9,9152;1,1457;32,6669;real;69464;42634;4843;18262;14870;968;5595;2535;48844;55189;15635;17134;15898;48667;69464;14275;10047;6033;42634;35232;7402;395,02;179,91
Canarias;2024-07-01;16,9018;28,1451;73,6867;6,1057;2,5465;2,9665;585,0800;37,5488;9,8707;1,1533;32,6642;real;71366;42857;4879;18560;14848;1047;5624;2579;49429;55884;15828;17378;16108;49314;71366;15482;9981;6457;42857;35335;7522;391,42;177,19
Canarias;2024-08-01;16,9779;28,6171;73,7447;6,4481;2,5851;2,9152;579,8200;36,8502;9,8951;1,1869;32,5411;real;72563;43050;5056;18829;14817;1413;5776;2837;51096;56213;15960;17503;16142;49605;72563;16350;10391;6555;43050;35658;7392;390,07;173,45
Canarias;2024-09-01;17,1183;29,0430;73,8208;6,7446;2,5623;2,9160;575,5600;35,8631;10,0172;1,2297;32,4650;real;73643;43406;5347;19143;14920;1814;6005;3169;53378;56541;16063;17639;16201;49903;73643;17102;10519;6497;43406;36012;7394;390,10;173,21
Canarias;2024-10-01;17,2847;29,5060;74,0826;6,7182;2,8864;2,7654;573,8000;34,8293;10,2055;1,2782;32,7507;real;74817;43828;5717;19511;14979;2250;6304;3558;56019;57782;16347;18049;16751;51147;74817;17035;10519;7319;43828;36816;7012;385,68;172,74
Canarias;2024-11-01;17,4602;29,8097;74,1159;6,7438;2,9791;2,9839;566,8900;33,8858;10,1734;1,3275;33,0812;real;75587;44273;5979;19915;15091;2759;6574;3948;58771;58487;16402;18280;17145;51827;75587;17100;10517;7554;44273;36707;7566;386,15;168,67
Canarias;2024-12-01;17,7568;29,8783;74,1720;6,5076;2,9491;3,0339;560,6900;32,9188;10,1488;1,3807;32,9962;real;75761;45025;6309;20464;15351;3335;6903;4381;62165;59260;16623;18556;17324;52503;75761;16501;10455;7478;45025;37332;7693;388,50;166,17
Canarias;2025-01-01;17,4557;28,7657;74,1873;6,0998;2,9833;3,0224;555,8900;32,0646;10,2231;1,4267;33,0681;real;75170;45615;6653;20867;15554;3884;7196;4746;65078;59230;16811;18938;17662;53411;75170;15940;10122;7796;45615;37717;7898;397,75;163,04
Canarias;2025-02-01;17,5832;29,1549;74,3017;4,7015;4,1172;3,0189;551,2600;40,1041;8,8166;1,1503;33,9076;real;76187;45948;4660;21197;15728;1693;5420;2462;52855;63901;17346;20133;19228;56707;76187;12286;7243;10759;45948;38059;7889;393,64;159,00
Canarias;2025-03-01;17,6528;29,1560;74,3376;4,2060;4,5152;2,9091;549,3700;40,1528;8,7692;1,1522;33,9157;real;76190;46130;4661;21342;15826;1691;5439;2497;53152;65199;17729;20553;19647;57929;76190;10991;6417;11799;46130;38528;7602;384,77;157,35
Canarias;2025-04-01;17,7737;29,2077;74,4057;3,6316;4,9338;2,9933;542,7400;40,1259;8,7290;1,1526;33,8900;real;76325;46446;4673;21481;16091;1660;5431;2490;53534;66835;18204;21025;20110;59339;76325;9490;5484;12893;46446;38624;7822;375,43;153,36
Canarias;2025-05-01;17,8901;29,3083;74,3656;3,1850;5,3276;3,0427;539,6600;40,2437;8,7263;1,1536;34,0849;real;76588;46750;4706;21703;16272;1646;5416;2483;53929;68265;18493;21499;20680;60672;76588;8323;4963;13922;46750;38799;7951;366,10;150,34
Canarias;2025-06-01;18,5081;29,2505;74,2858;2,6753;5,1087;3,2627;520,8000;40,7548;8,4785;1,1528;33,9172;real;76437;48365;4727;22722;16982;1638;5482;2496;55753;69446;18931;21852;20932;61715;76437;6991;4525;13350;48365;39839;8526;356,85;140,78
Canarias;2025-07-01;19,4786;29,6290;74,2511;2,8081;4,3418;3,6469;513,2000;40,4066;8,2613;1,1460;33,9261;real;77426;50901;4819;23570;18697;1577;5487;2475;58332;70088;19041;22088;21118;62247;77426;7338;4117;11346;50901;41371;9530;351,34;138,21
Canarias;2025-08-01;20,7624;29,7706;74,2013;2,5781;3,4062;4,4739;500,3200;39,5809;8,0049;1,1390;33,9820;real;77796;54256;4947;24461;21071;1547;5530;2487;61800;71059;19236;22459;21462;63157;77796;6737;3733;8901;54256;42565;11691;345,27;132,81
Canarias;2025-09-01;22,1936;29,8651;73,9752;2,1537;2,4438;5,2583;478,4600;39,3297;7,5461;1,1333;33,9536;real;78043;57996;4960;25851;23494;1540;5567;2479;65729;72415;19603;22919;21860;64382;78043;5628;3494;6386;57996;44255;13741;334,61;127,75
Canarias;2025-10-01;23,3738;30,0626;74,0393;1,7611;1,7745;5,9334;456,0700;38,7361;7,5296;1,1298;34,3625;real;78559;61080;5196;26731;25611;1503;5582;2482;69008;73957;19743;23392;22582;65717;78559;4602;2800;4637;61080;45575;15505;325,28;118,60
Canarias;2025-11-01;24,3703;30,1135;74,1137;1,2265;1,2900;6,4508;439,2300;38,3207;7,3636;1,1296;34,6223;real;78692;63684;5297;27566;27528;1478;5574;2515;71935;75487;19934;23905;23216;67055;78692;3205;2075;3371;63684;46827;16857;311,79;113,81
Canarias;2025-12-01;25,1923;30,3243;74,1937;0,9460;0,9288;6,5529;430,4900;37,3757;7,2690;1,1454;34,8408;real;79243;65832;5481;28182;29067;1470;5606;3537;75402;76771;20147;24330;23782;68259;79243;2472;1578;2427;65832;48708;17124;301,02;110,84
Canarias;2026-01-01;25,2251;30,6325;74,1969;1,3607;0,8032;6,4373;410,8400;36,9673;7,0455;1,1623;34,7273;real;82033;67552;5532;29026;30292;1434;5603;4528;78518;78389;20601;24896;24206;69703;82033;3644;1495;2151;67552;50313;17239;276,97;104,47
Canarias;2026-02-01;25,8718;30,7554;74,0948;1,1456;0,4955;6,3122;391,4200;36,2729;6,7855;1,1890;34,4182;real;82362;69284;5590;29882;31366;1394;5559;6357;82381;79294;21067;25241;24303;70611;82362;3068;1404;1327;69284;52380;16904;245,24;100,05
Canarias;2026-03-01;26,5473;31,3487;74,1880;1,1994;0,3133;5,9975;374,4800;34,8291;6,5429;1,2372;34,2587;real;83951;71093;5755;30635;32454;1393;5560;9802;87958;80739;21470;25819;24643;71932;83951;3212;1176;839;71093;55032;16061;226,26;96,37
Canarias;2026-04-01;27,2371;31,5583;74,1880;1,2001;0,1549;5,7134;356,9747;34,8293;6,3786;1,2372;34,2588;proyeccion;NA;NA;NA;NA;NA;NA;NA;NA;NA;NA;NA;NA;NA;NA;NA;NA;NA;NA;NA;NA;NA;NA;NA
Canarias;2026-05-01;27,9375;31,7679;74,1880;1,1976;0,0294;5,4129;339,4696;34,8293;6,2095;1,2372;34,2588;proyeccion;NA;NA;NA;NA;NA;NA;NA;NA;NA;NA;NA;NA;NA;NA;NA;NA;NA;NA;NA;NA;NA;NA;NA
Canarias;2026-06-01;28,6380;31,9775;74,1880;1,1956;0,0000;5,1123;321,9645;34,8293;6,0403;1,2372;34,2588;proyeccion;NA;NA;NA;NA;NA;NA;NA;NA;NA;NA;NA;NA;NA;NA;NA;NA;NA;NA;NA;NA;NA;NA;NA
Canarias;2026-07-01;29,3385;32,1871;74,1880;1,1940;0,0000;4,8118;304,4594;34,8293;5,8711;1,2372;34,2588;proyeccion;NA;NA;NA;NA;NA;NA;NA;NA;NA;NA;NA;NA;NA;NA;NA;NA;NA;NA;NA;NA;NA;NA;NA
Canarias;2026-08-01;30,0389;32,3968;74,1880;1,1928;0,0000;4,5112;286,9542;34,8293;5,7020;1,2372;34,2588;proyeccion;NA;NA;NA;NA;NA;NA;NA;NA;NA;NA;NA;NA;NA;NA;NA;NA;NA;NA;NA;NA;NA;NA;NA
Canarias;2026-09-01;30,7394;32,6064;74,1880;1,1917;0,0000;4,2107;269,4491;34,8293;5,5328;1,2372;34,2588;proyeccion;NA;NA;NA;NA;NA;NA;NA;NA;NA;NA;NA;NA;NA;NA;NA;NA;NA;NA;NA;NA;NA;NA;NA
Canarias;2026-10-01;31,4399;32,8160;74,1880;1,1909;0,0000;3,9101;251,9440;34,8293;5,3636;1,2372;34,2588;proyeccion;NA;NA;NA;NA;NA;NA;NA;NA;NA;NA;NA;NA;NA;NA;NA;NA;NA;NA;NA;NA;NA;NA;NA
Canarias;2026-11-01;32,1403;33,0256;74,1880;1,1902;0,0000;3,6096;234,4389;34,8293;5,1944;1,2372;34,2588;proyeccion;NA;NA;NA;NA;NA;NA;NA;NA;NA;NA;NA;NA;NA;NA;NA;NA;NA;NA;NA;NA;NA;NA;NA
Cantabria;2023-01-01;17,7391;23,2348;72,9858;0,7594;0,7424;0,0000;194,8300;32,4879;18,4624;1,5742;32,8412;real;23160;17682;5139;9043;104;1458;2029;3127;27835;22403;4498;7874;6050;18422;23160;757;584;740;17682;17682;0;90,73;109,71
Cantabria;2023-02-01;17,8876;23,5277;72,8079;0,7735;0,8467;0,0000;191,4300;32,3197;18,4450;1,5732;32,6336;real;23452;17830;5174;9066;153;1476;2027;3183;28051;22681;4588;7992;6094;18674;23452;771;591;844;17830;17830;0;93,75;104,50
Cantabria;2023-03-01;17,8755;23,5026;72,6237;0,7705;0,8247;0,0000;191,3700;32,1412;18,3486;1,5755;32,3122;real;23427;17818;5151;9023;180;1488;2043;3225;28073;22659;4634;7983;6023;18640;23427;768;605;822;17818;17818;0;95,19;102,29
Cantabria;2023-04-01;17,9658;23,6471;72,6336;0,7825;0,8407;0,0000;189,4000;31,8351;18,4284;1,5790;32,0015;real;23571;17908;5211;9002;198;1507;2053;3276;28277;22791;4709;8038;5999;18746;23571;780;631;838;17908;17908;0;97,83;99,16
Cantabria;2023-05-01;17,8625;23,6250;72,6078;0,8146;0,8648;0,0000;186,0900;31,9829;18,2520;1,5776;31,6923;real;23549;17805;5127;8984;194;1507;2045;3295;28090;22737;4741;8010;5916;18667;23549;812;670;862;17805;17805;0;99,99;94,92
Cantabria;2023-06-01;17,8334;23,6220;72,5511;0,6992;0,9671;0,0000;181,8400;32,1874;18,1357;1,5758;31,5475;real;23546;17776;5080;9016;189;1506;2031;3314;28011;22849;4814;8014;5912;18740;23546;697;544;964;17776;17776;0;102,58;87,98
Cantabria;2023-07-01;17,7100;23,6752;72,5341;0,7243;1,0684;0,0000;180,5500;32,4025;17,9430;1,5741;31,1785;real;23599;17653;4986;9004;184;1498;2022;3321;27788;22877;4894;7988;5836;18718;23599;722;559;1065;17653;17653;0;105,87;84,05
Cantabria;2023-08-01;17,6668;23,8026;72,5552;0,7524;1,1758;0,0000;179,2700;32,5858;17,7898;1,5724;31,0297;real;23726;17610;4926;9023;180;1501;2016;3336;27690;22976;4961;7993;5828;18782;23726;750;593;1172;17610;17610;0;108,71;80,53
Cantabria;2023-09-01;17,5224;23,7905;72,4325;0,7645;1,2651;0,0000;177,7300;32,8073;17,5990;1,5710;30,6776;real;23714;17466;4829;9002;170;1493;2002;3345;27439;22952;5028;7954;5745;18727;23714;762;620;1261;17466;17466;0;113,13;76,43
Cantabria;2023-10-01;17,3679;23,7715;72,3583;0,7645;1,3734;0,0000;177,4800;33,0265;17,4153;1,5689;30,3517;real;23695;17312;4730;8970;164;1481;1985;3348;27160;22933;5081;7930;5670;18681;23695;762;643;1369;17312;17312;0;117,09;72,92
Cantabria;2023-11-01;17,3378;23,8848;72,4164;0,7875;1,4657;0,0000;177,1800;33,2274;17,2899;1,5659;30,2086;real;23808;17282;4679;8992;165;1474;1977;3351;27062;23023;5141;7940;5662;18743;23808;785;689;1461;17282;17282;0;121,31;69,14
Cantabria;2023-12-01;17,2214;23,9531;72,3124;0,8016;1,5881;0,0010;173,4200;33,3855;17,1267;1,5640;29,9963;real;23876;17166;4598;8963;163;1461;1969;3356;26847;23077;5204;7921;5624;18749;23876;799;733;1583;17166;17165;1;125,12;62,72
Cantabria;2024-01-01;17,0897;23,7540;72,2560;0,7956;1,5302;0,0010;176,4500;33,8039;16,9057;1,5599;29,7769;real;23735;17076;4503;9004;160;1442;1950;3351;26636;22940;5203;7862;5540;18605;23735;795;741;1529;17076;17075;1;128,16;59,56
Cantabria;2024-02-01;16,9476;23,7370;72,2035;0,8207;1,6023;0,0010;180,9000;34,1799;16,7065;1,5556;29,3499;real;23718;16934;4401;9004;153;1421;1932;3322;26343;22898;5273;7822;5440;18535;23718;820;752;1601;16934;16933;1;134,02;56,69
Cantabria;2024-03-01;16,8685;23,9231;72,1308;0,8307;1,8145;0,0010;182,2000;34,4813;16,5163;1,5522;28,9319;real;23904;16855;4321;9021;148;1418;1911;3333;26162;23074;5414;7853;5401;18668;23904;830;750;1813;16855;16854;1;139,26;50,56
Cantabria;2024-04-01;17,4099;23,9982;72,0399;0,9117;1,2610;0,0010;209,4400;33,0308;16,9198;1,5706;29,0255;real;23979;17396;4623;9025;156;1460;2113;3430;27323;23068;5323;7918;5415;18656;23979;911;800;1260;17396;17395;1;141,61;78,37
Cantabria;2024-05-01;17,6841;23,6880;71,9584;0,8807;0,6245;0,0010;210,3900;32,9070;16,9074;1,5709;29,2008;real;23669;17670;4693;9134;206;1451;2141;3517;27757;22789;5112;7840;5342;18294;23669;880;770;624;17670;17669;1;145,77;72,06
Cantabria;2024-06-01;17,7292;23,7190;71,9237;0,8677;0,6495;0,0010;209,0100;32,9576;16,8809;1,5723;29,0786;real;23700;17715;4702;9180;211;1443;2146;3541;27854;22833;5143;7881;5340;18364;23700;867;738;649;17715;17714;1;146,60;69,06
Cantabria;2024-07-01;17,8423;24,0572;72,0602;0,8977;0,7706;0,0010;210,0800;32,2659;16,8219;1,5835;29,6215;real;24038;17828;4749;9109;202;1483;2243;3672;28231;23141;5097;7992;5509;18598;24038;897;756;770;17828;17827;1;151,23;66,43
Cantabria;2024-08-01;17,8943;24,2274;72,0325;0,9087;0,8247;0,0010;213,0400;32,4591;16,6237;1,5823;29,2825;real;24208;17880;4703;9183;202;1469;2255;3740;28291;23300;5219;8008;5477;18704;24208;908;774;824;17880;17879;1;154,80;65,66
Cantabria;2024-09-01;17,9093;24,2844;72,0403;0,9097;0,8267;0,0010;214,1200;32,6935;16,4298;1,5809;29,0743;real;24265;17895;4648;9249;198;1462;2264;3775;28290;23356;5274;8004;5443;18721;24265;909;789;826;17895;17894;1;157,45;63,66
Cantabria;2024-10-01;18,0234;24,6127;71,9631;0,9438;0,9187;0,0010;214,3500;32,8881;16,3245;1,5797;28,8424;real;24593;18009;4644;9356;189;1454;2271;3839;28448;23650;5437;8031;5459;18927;24593;943;789;918;18009;18008;1;161,57;58,83
Cantabria;2024-11-01;18,2996;23,6159;71,8692;0,2122;0,3163;0,0010;209,6000;32,7636;16,2241;1,5776;28,9877;real;23597;18285;4680;9451;311;1447;2292;3917;28846;23385;5269;7940;5392;18601;23597;212;162;316;18285;18284;1;162,14;52,31
Cantabria;2024-12-01;18,1896;23,5749;71,9494;0,1821;0,3763;0,0010;209,5400;32,7912;16,0920;1,5766;28,7639;real;23556;18175;4611;9396;319;1439;2294;3912;28654;23374;5290;7925;5336;18551;23556;182;103;376;18175;18174;1;162,71;50,36
Cantabria;2025-01-01;17,7967;23,1206;71,8770;0,1900;0,3535;0,0010;206,8600;33,0156;15,8812;1,5760;28,4905;real;23612;18175;4549;9457;311;1432;2299;3969;28644;23418;5347;7908;5281;18536;23612;194;103;361;18175;18174;1;162,37;45,60
Cantabria;2025-02-01;17,4883;22,7152;72,0437;0,3682;0,1929;0,0010;202,5100;33,2386;15,8854;1,5755;28,5596;real;23198;17860;4470;9353;338;1378;2214;3925;28139;22822;5155;7745;5157;18057;23198;376;112;197;17860;17859;1;162,47;42,32
Cantabria;2025-03-01;17,7370;22,8043;71,9225;0,3055;0,2007;0,0010;207,1700;32,7696;16,0583;1,5897;28,8607;real;23289;18114;4624;9436;383;1405;2240;4068;28795;22977;5126;7906;5287;18319;23289;312;113;205;18114;18113;1;162,11;49,52
Cantabria;2025-04-01;17,7223;22,8934;71,9191;0,4093;0,2095;0,0010;206,6000;32,8901;16,0389;1,5915;28,7173;real;23380;18099;4620;9474;386;1393;2217;4098;28805;22962;5152;7902;5259;18313;23380;418;189;214;18099;18098;1;160,78;48,63
Cantabria;2025-05-01;17,6920;23,0050;71,9643;0,4181;0,3525;0,0010;208,2900;32,8449;15,9989;1,5941;28,4458;real;23494;18068;4608;9460;376;1397;2230;4116;28802;23067;5232;7954;5242;18428;23494;427;256;360;18068;18067;1;161,07;50,95
Cantabria;2025-06-01;17,6577;23,1049;71,8851;0,4289;0,4681;0,0010;209,6100;32,9761;15,8686;1,5935;28,2751;real;23596;18033;4560;9476;387;1392;2228;4130;28736;23158;5291;7986;5234;18511;23596;438;275;478;18033;18032;1;160,52;52,18
Cantabria;2025-07-01;17,7468;22,9766;71,8086;0,4700;0,1909;0,0010;211,9400;33,0334;15,8297;1,5943;28,2384;real;23465;18124;4574;9545;407;1391;2215;4202;28895;22985;5214;7932;5173;18319;23465;480;278;195;18124;18123;1;159,24;54,00
Cantabria;2025-08-01;17,7458;23,1901;71,7622;0,3848;0,4152;0,0010;210,9600;33,1703;15,6436;1,5911;28,0207;real;23683;18123;4511;9565;452;1399;2200;4223;28836;23290;5313;8037;5197;18547;23683;393;192;424;18123;18122;1;158,05;54,49
Cantabria;2025-09-01;17,8065;23,1734;71,8474;0,4426;0,2673;0,0010;210,6300;33,2445;15,6149;1,5886;28,0095;real;23666;18185;4511;9604;493;1381;2185;4243;28889;23214;5283;8005;5170;18458;23666;452;205;273;18185;18184;1;158,14;53,07
Cantabria;2025-10-01;17,8584;23,1225;71,9060;0,2712;0,3104;0,0010;212,9400;33,2081;15,5389;1,5907;28,0032;real;23614;18238;4508;9634;545;1379;2197;4271;29011;23337;5312;8047;5196;18555;23614;277;22;317;18238;18237;1;156,42;57,96
Cantabria;2025-11-01;17,9289;23,4741;71,8386;0,4024;0,4475;0,0010;203,3400;33,1920;15,4896;1,5969;27,9587;real;23973;18310;4529;9705;589;1365;2206;4334;29239;23562;5374;8146;5247;18767;23973;411;59;457;18310;18309;1;149,59;58,15
Cantabria;2025-12-01;17,7546;23,2998;71,9056;0,4494;0,4162;0,0010;202,7600;33,3241;15,4109;1,5957;27,9355;real;23795;18132;4459;9642;589;1346;2183;4299;28934;23336;5312;8061;5184;18557;23795;459;143;425;18132;18131;1;148,21;58,90
Cantabria;2026-01-01;17,3951;22,5943;71,9243;0,3319;0,2769;0,0010;182,3900;33,4515;15,2533;1,5952;27,6737;real;23419;18030;4387;9621;585;1335;2188;4295;28761;23075;5281;7967;5069;18317;23419;344;98;287;18030;18029;1;147,71;38,02
Cantabria;2026-02-01;17,1008;22,0627;71,9035;0,2296;0,1823;0,0010;183,2100;33,6518;15,0495;1,5944;27,3250;real;22868;17725;4253;9510;573;1308;2164;4258;28260;22630;5220;7799;4895;17914;22868;238;83;189;17725;17724;1;147,54;39,83
Cantabria;2026-03-01;18,2412;24,1331;72,0765;0,3367;0,9860;0,0010;174,2400;32,0278;15,1952;1,5827;26,3786;real;25014;18907;4547;9584;562;1357;2181;4317;29924;24665;6148;8524;5257;19929;25014;349;61;1022;18907;18906;1;133,27;39,77
Cantabria;2026-04-01;18,2411;23,3298;72,0209;0,3185;0,9859;0,0010;174,2409;32,0404;15,1076;1,5827;26,0962;proyeccion;NA;NA;NA;NA;NA;NA;NA;NA;NA;NA;NA;NA;NA;NA;NA;NA;NA;NA;NA;NA;NA;NA;NA
Cantabria;2026-05-01;18,2411;23,3298;72,0188;0,3185;0,9859;0,0010;174,2409;32,0404;15,0215;1,5827;25,8138;proyeccion;NA;NA;NA;NA;NA;NA;NA;NA;NA;NA;NA;NA;NA;NA;NA;NA;NA;NA;NA;NA;NA;NA;NA
Cantabria;2026-06-01;18,2411;23,3298;72,0169;0,3185;0,9859;0,0010;174,2409;32,0404;14,9353;1,5827;25,5313;proyeccion;NA;NA;NA;NA;NA;NA;NA;NA;NA;NA;NA;NA;NA;NA;NA;NA;NA;NA;NA;NA;NA;NA;NA
Cantabria;2026-07-01;18,2411;23,3298;72,0152;0,3185;0,9859;0,0010;174,2409;32,0404;14,8491;1,5827;25,2488;proyeccion;NA;NA;NA;NA;NA;NA;NA;NA;NA;NA;NA;NA;NA;NA;NA;NA;NA;NA;NA;NA;NA;NA;NA
Cantabria;2026-08-01;18,2411;23,3298;72,0136;0,3185;0,9859;0,0010;174,2409;32,0404;14,7630;1,5827;24,9663;proyeccion;NA;NA;NA;NA;NA;NA;NA;NA;NA;NA;NA;NA;NA;NA;NA;NA;NA;NA;NA;NA;NA;NA;NA
Cantabria;2026-09-01;18,2411;23,3298;72,0122;0,3185;0,9859;0,0010;174,2409;32,0404;14,6768;1,5827;24,6839;proyeccion;NA;NA;NA;NA;NA;NA;NA;NA;NA;NA;NA;NA;NA;NA;NA;NA;NA;NA;NA;NA;NA;NA;NA
Cantabria;2026-10-01;18,2411;23,3298;72,0109;0,3185;0,9859;0,0010;174,2409;32,0404;14,5906;1,5827;24,4014;proyeccion;NA;NA;NA;NA;NA;NA;NA;NA;NA;NA;NA;NA;NA;NA;NA;NA;NA;NA;NA;NA;NA;NA;NA
Cantabria;2026-11-01;18,2411;23,3298;72,0098;0,3185;0,9859;0,0010;174,2409;32,0404;14,5045;1,5827;24,1189;proyeccion;NA;NA;NA;NA;NA;NA;NA;NA;NA;NA;NA;NA;NA;NA;NA;NA;NA;NA;NA;NA;NA;NA;NA
Castilla y León;2023-01-01;27,2893;35,1142;75,8817;1,8894;0,0492;1,3765;124,5100;20,1550;5,5006;1,3449;29,0709;real;147653;114750;8489;31105;48569;21539;7863;21571;154329;139708;43505;38033;33419;114957;147653;7945;2996;207;114750;108962;5788;120,14;0,02
Castilla y León;2023-02-01;27,4786;35,2614;75,8692;1,8547;0,0411;1,5800;123,3000;19,6792;5,4003;1,3593;28,8768;real;148272;115546;8482;30909;49361;21687;7854;23607;157064;140473;44092;38211;33416;115719;148272;7799;2877;173;115546;108902;6644;119,90;0,02
Castilla y León;2023-03-01;27,6406;35,4164;75,8302;1,8749;0,0378;1,6642;123,7000;19,4564;5,3133;1,3646;28,5919;real;148924;116227;8427;30858;49980;21631;7831;24756;158601;141040;44698;38411;33277;116386;148924;7884;2766;159;116227;109229;6998;119,87;0,01
Castilla y León;2023-04-01;27,7697;35,6297;75,8876;1,9127;0,0402;1,7896;123,3900;19,2772;5,2597;1,3758;28,5858;real;149821;116770;8450;30970;50000;22099;7852;26118;160656;141778;44924;38587;33428;116939;149821;8043;3005;169;116770;109245;7525;120,73;0,01
Castilla y León;2023-05-01;27,9269;35,8495;75,9509;1,9603;0,0345;1,8374;123,2200;19,3774;5,2198;1,3774;28,6325;real;150745;117431;8443;31343;50385;22070;7839;26359;161750;142502;45125;38786;33665;117576;150745;8243;3195;145;117431;109705;7726;120,91;0,01
Castilla y León;2023-06-01;28,0796;36,0925;75,8969;2,0419;0,0376;1,9579;125,1400;19,4998;5,2297;1,3740;28,6143;real;151767;118073;8484;31634;50249;22583;7824;26120;162227;143181;45412;38988;33831;118231;151767;8586;3420;158;118073;109840;8233;122,65;0,01
Castilla y León;2023-07-01;28,2387;36,3330;75,8501;2,1192;0,0388;2,0940;125,4400;19,4904;5,1966;1,3775;28,6800;real;152778;118742;8500;31880;50792;22536;7839;26634;163568;143867;45611;39192;34102;118905;152778;8911;3524;163;118742;109937;8805;123,87;0,01
Castilla y León;2023-08-01;28,4040;36,5910;75,8291;2,2129;0,0345;2,0495;125,4400;19,5409;4,9868;1,3784;28,7326;real;153863;119437;8210;32171;50924;22536;7963;27393;164634;144558;45794;39429;34359;119582;153863;9305;4085;145;119437;110819;8618;124,35;0,01
Castilla y León;2023-09-01;28,5887;36,7767;75,7979;2,2143;0,0400;2,2564;125,9600;19,4866;5,0552;1,3778;28,6538;real;154644;120214;8373;32276;51352;22352;8106;27419;165632;145333;46179;39709;34494;120382;154644;9311;2641;168;120214;110726;9488;122,99;0,01
Castilla y León;2023-10-01;28,7766;36,9665;75,7497;2,2148;0,0361;2,2264;126,5100;19,5388;5,0642;1,3768;28,4798;real;155442;121004;8437;32552;51721;22465;8040;27585;166602;146129;46690;39961;34505;121156;155442;9313;757;152;121004;111642;9362;120,90;0,00
Castilla y León;2023-11-01;28,9538;37,1613;75,6975;2,2312;0,0416;2,1304;127,2400;19,6434;5,0632;1,3704;28,4669;real;156261;121749;8448;32775;52085;22774;8020;26911;166850;146879;46996;40220;34708;121924;156261;9382;1237;175;121749;112791;8958;121,59;0,00
Castilla y León;2023-12-01;29,1536;37,2300;75,6524;1,5244;0,0373;2,2298;127,3900;19,4904;5,0453;1,3753;28,4954;real;156550;122589;8506;32859;52862;22630;8048;27772;168591;150140;47312;40457;34977;122746;156550;6410;630;157;122589;113213;9376;118,76;0,00
Castilla y León;2024-01-01;29,9990;38,4052;75,5965;1,8025;0,0461;2,3002;127,6700;19,5235;4,9816;1,3809;28,2449;real;157332;122895;8454;33132;53153;22451;8030;28620;169703;149948;47897;40422;34765;123084;157332;7384;727;189;122895;113472;9423;118,66;0,03
Castilla y León;2024-02-01;30,1035;38,5617;75,5848;1,8332;0,0413;2,4632;128,0600;19,6383;4,9235;1,3813;28,0690;real;157973;123323;8387;33453;53553;22199;8002;28910;170346;150463;48327;40502;34663;123492;157973;7510;654;169;123323;113232;10091;118,94;0,06
Castilla y León;2024-03-01;30,2366;38,7619;75,5601;1,9025;0,0405;2,5482;127,5400;19,7525;4,8878;1,3803;27,8803;real;158793;123868;8357;33772;54204;21942;7972;28898;170976;150999;48732;40721;34581;124034;158793;7794;676;166;123868;113429;10439;118,47;0,07
Castilla y León;2024-04-01;30,3222;38,9073;75,5348;1,8847;0,0393;2,5780;126,8000;19,8880;4,9296;1,3749;27,9394;real;159389;124219;8419;33966;54560;21616;8004;28288;170786;151668;48808;40821;34751;124380;159389;7721;680;161;124219;113658;10561;118,31;0,07
Castilla y León;2024-05-01;30,4162;39,0389;75,5530;1,8210;0,0344;2,5467;127,8400;20,0922;4,9172;1,3716;27,9153;real;159928;124604;8404;34340;54845;21330;8025;27982;170912;152468;48972;40950;34823;124745;159928;7460;666;141;124604;114171;10433;119,38;0,07
Castilla y León;2024-06-01;30,4438;39,0470;75,5245;1,6987;0,0386;2,3849;126,7500;20,2235;4,9563;1,3712;27,9728;real;159961;124717;8476;34585;54927;21053;8030;27870;171014;153002;48948;40996;34931;124875;159961;6959;642;158;124717;114947;9770;118,70;0,11
Castilla y León;2024-07-01;30,5095;39,0560;75,4822;1,5632;0,0361;2,3322;127,0400;20,4364;4,9522;1,3696;27,8821;real;159998;124986;8477;34982;54938;20877;8019;27757;171175;153594;49152;41092;34890;125134;159998;6404;730;148;124986;115432;9554;119,06;0,12
Castilla y León;2024-08-01;30,5529;39,1036;75,5093;1,5076;0,0317;2,3065;126,8600;20,7023;4,9870;1,3709;27,8473;real;160193;125164;8557;35522;54522;20775;8090;27803;171585;154017;49254;41149;34891;125294;160193;6176;1230;130;125164;115715;9449;118,88;0,13
Castilla y León;2024-09-01;30,5524;39,1336;75,3658;1,4619;0,0337;2,3053;126,3700;20,8618;5,2406;1,3759;27,8803;real;160316;125162;9025;35927;53756;20673;8149;27863;172214;154327;49166;41200;34934;125300;160316;5989;149;138;125162;115718;9444;118,12;0,12
Castilla y León;2024-10-01;30,6230;39,1551;75,3530;1,3008;0,0400;2,1728;126,2000;21,0117;5,2004;1,3748;27,9720;real;160404;125451;8969;36238;53942;20502;8118;27887;172466;155075;49134;41344;35137;125615;160404;5329;149;164;125451;116550;8901;117,82;0,12
Castilla y León;2024-11-01;30,6950;39,1954;75,2477;1,1707;0,0420;1,8632;126,5300;21,0914;5,2571;1,3769;27,8848;real;160569;125746;9102;36517;53696;20640;8183;28035;173137;155773;49388;41418;35112;125918;160569;4796;144;172;125746;118113;7633;118,24;0,11
Castilla y León;2024-12-01;30,8043;39,2335;75,1356;1,0299;0,0369;1,8015;118,6100;20,7284;5,1140;1,4088;27,8309;real;160725;126194;9092;36852;52187;21691;8191;32771;177785;156506;49843;41339;35163;126345;160725;4219;0;151;126194;118814;7380;113,73;0,11
Castilla y León;2025-01-01;30,2289;38,4436;74,9899;0,8672;0,0432;1,7424;118,8900;20,8235;5,1096;1,4112;27,6288;real;160337;126076;9091;37049;49099;24568;8188;32927;177919;156720;49894;41479;34883;126256;160337;3617;101;180;126076;118809;7267;114,08;0,11
Castilla y León;2025-02-01;30,2345;38,4592;74,9149;0,7610;0,0364;1,7872;116,3900;20,8157;5,0987;1,4092;27,5190;real;160402;126099;9060;36988;49319;24487;8200;32684;177693;157228;49989;41519;34743;126251;160402;3174;45;152;126099;118645;7454;112,17;0,08
Castilla y León;2025-03-01;30,3186;38,4920;74,9009;0,7145;0,0379;1,7570;115,3900;20,9397;5,1022;1,4092;27,5970;real;160539;126450;9092;37314;49512;24265;8267;32686;178197;157559;49998;41670;34940;126608;160539;2980;2;158;126450;119122;7328;111,70;0,06
Castilla y León;2025-04-01;30,3817;38,6208;74,8251;0,6944;0,0384;1,6180;114,8600;21,0463;5,0943;1,4093;27,5110;real;161076;126713;9097;37583;49544;24178;8274;32794;178573;158180;50173;41796;34904;126873;161076;2896;0;160;126713;119965;6748;111,02;0,04
Castilla y León;2025-05-01;30,4421;38,6803;74,6842;0,6908;0,0384;1,5443;113,2200;21,2942;5,0883;1,4111;27,6350;real;161324;126965;9116;38150;49189;24344;8310;32924;179157;158443;50140;41854;35131;127125;161324;2881;128;160;126965;120524;6441;109,37;0,03
Castilla y León;2025-06-01;30,4591;38,6815;74,6295;0,7236;0,0379;1,4746;113,1900;21,3500;5,0927;1,4101;27,5838;real;161329;127036;9123;38246;49239;24148;8271;32994;179138;158311;50223;41886;35085;127194;161329;3018;397;158;127036;120886;6150;109,56;0,12
Castilla y León;2025-07-01;30,4629;38,6330;74,6181;0,7092;0,0367;1,4141;112,6900;21,5416;5,0619;1,4106;27,3881;real;161127;127052;9072;38607;49041;24023;8260;33063;179221;158169;50448;41918;34839;127205;161127;2958;0;153;127052;121154;5898;109,22;0,13
Castilla y León;2025-08-01;30,5545;38,6918;74,5988;0,6651;0,0400;1,3691;113,2800;21,6061;5,0305;1,4097;27,2294;real;161372;127434;9037;38814;48893;23971;8250;33578;179644;158598;50850;42006;34745;127601;161372;2774;1;167;127434;121724;5710;109,60;0,15
Castilla y León;2025-09-01;30,5610;38,7520;74,6074;0,6687;0,0484;1,3369;113,1000;21,6941;5,0602;1,4112;27,1465;real;161623;127461;9102;39022;48664;24076;8233;33620;179874;158834;50922;42085;34656;127663;161623;2789;2;202;127461;121885;5576;109,18;0,14
Castilla y León;2025-10-01;30,6799;38,8891;74,5612;0,7737;0,0501;1,3029;113,2000;21,8527;5,0459;1,4116;27,1577;real;162195;127957;9114;39471;48693;24152;8220;33813;180623;158968;51068;42291;34807;128166;162195;3227;325;209;127957;122523;5434;109,27;0,14
Castilla y León;2025-11-01;30,7159;38,9740;74,4997;0,8416;0,0417;1,2535;113,5300;22,0237;5,0446;1,4111;27,1311;real;162549;128107;9119;39812;48937;23745;8211;33739;180769;159039;51057;42420;34804;128281;162549;3510;1;174;128107;122879;5228;109,08;0,13
Castilla y León;2025-12-01;30,9722;39,0059;74,5188;0,6361;0,0362;1,2159;112,7400;21,4590;4,9384;1,4240;26,7972;real;162682;129176;9084;39473;48617;24141;8228;37161;183946;160029;51996;42675;34656;129327;162682;2653;0;151;129176;124105;5071;108,39;0,12
Castilla y León;2026-01-01;30,2806;38,0769;74,4685;0,5583;0,0367;0,8294;112,4000;21,6382;4,9930;1,4133;26,7518;real;161835;128699;9082;39359;46977;24069;8216;36905;181896;159462;51888;42496;34471;128855;161835;2373;81;156;128699;125174;3525;108,71;0,12
Castilla y León;2026-02-01;29,9467;37,7863;74,4242;0,6155;0,0384;0,8087;113,6200;21,8629;4,9884;1,4148;26,6064;real;160600;127280;8983;39370;46180;23730;8187;36482;180077;157984;51496;42039;33908;127443;160600;2616;10;163;127280;123843;3437;109,69;0,13
Castilla y León;2026-03-01;29,9246;37,8056;74,3901;0,7075;0,0471;0,7767;115,9000;21,9183;4,9827;1,4170;26,6505;real;160682;127186;8980;39502;46200;23824;8190;36391;180224;157675;51387;42050;33949;127386;160682;3007;6;200;127186;123885;3301;112,22;0,13
Castilla y León;2026-04-01;29,8449;37,6926;74,3522;0,7075;0,0394;0,6920;115,8998;21,9558;4,9828;1,4170;26,5868;proyeccion;NA;NA;NA;NA;NA;NA;NA;NA;NA;NA;NA;NA;NA;NA;NA;NA;NA;NA;NA;NA;NA;NA;NA
Castilla y León;2026-05-01;29,7651;37,5795;74,3143;0,7075;0,0394;0,6073;115,8998;21,9866;4,9828;1,4170;26,5246;proyeccion;NA;NA;NA;NA;NA;NA;NA;NA;NA;NA;NA;NA;NA;NA;NA;NA;NA;NA;NA;NA;NA;NA;NA
Castilla y León;2026-06-01;29,6854;37,4665;74,2765;0,7075;0,0394;0,5226;115,8998;22,0112;4,9828;1,4170;26,4624;proyeccion;NA;NA;NA;NA;NA;NA;NA;NA;NA;NA;NA;NA;NA;NA;NA;NA;NA;NA;NA;NA;NA;NA;NA
Castilla y León;2026-07-01;29,6057;37,3535;74,2386;0,7075;0,0394;0,4379;115,8998;22,0308;4,9828;1,4170;26,4002;proyeccion;NA;NA;NA;NA;NA;NA;NA;NA;NA;NA;NA;NA;NA;NA;NA;NA;NA;NA;NA;NA;NA;NA;NA
Castilla y León;2026-08-01;29,5260;37,2405;74,2007;0,7075;0,0394;0,3532;115,8998;22,0466;4,9828;1,4170;26,3380;proyeccion;NA;NA;NA;NA;NA;NA;NA;NA;NA;NA;NA;NA;NA;NA;NA;NA;NA;NA;NA;NA;NA;NA;NA
Castilla y León;2026-09-01;29,4463;37,1275;74,1629;0,7075;0,0394;0,2685;115,8998;22,0592;4,9828;1,4170;26,2757;proyeccion;NA;NA;NA;NA;NA;NA;NA;NA;NA;NA;NA;NA;NA;NA;NA;NA;NA;NA;NA;NA;NA;NA;NA
Castilla y León;2026-10-01;29,3666;37,0145;74,1250;0,7075;0,0394;0,1839;115,8998;22,0693;4,9828;1,4170;26,2135;proyeccion;NA;NA;NA;NA;NA;NA;NA;NA;NA;NA;NA;NA;NA;NA;NA;NA;NA;NA;NA;NA;NA;NA;NA
Castilla y León;2026-11-01;29,2869;36,9015;74,0871;0,7075;0,0394;0,0992;115,8998;22,0773;4,9828;1,4170;26,1513;proyeccion;NA;NA;NA;NA;NA;NA;NA;NA;NA;NA;NA;NA;NA;NA;NA;NA;NA;NA;NA;NA;NA;NA;NA
Castilla-La Mancha;2023-01-01;23,1966;31,3771;78,1625;1,3002;1,0930;0,8505;189,8400;17,0619;13,4468;1,3400;30,4710;real;90834;67152;12100;15353;9037;16082;3390;25592;89984;87070;25706;23184;21426;70316;90834;3764;866;3164;67152;64690;2462;117,27;77,87
Castilla-La Mancha;2023-02-01;23,2902;31,7675;77,9299;1,4878;1,2529;0,8449;188,5700;17,2149;13,4548;1,3396;30,6517;real;91964;67423;12152;15548;9097;16055;3425;25638;90317;87657;26019;23253;21778;71050;91964;4307;903;3627;67423;64977;2446;118,61;76,35
Castilla-La Mancha;2023-03-01;23,3427;31,9982;77,9376;1,5144;1,3928;0,8332;187,0700;17,2497;13,4496;1,3388;30,6855;real;92632;67575;12168;15606;9044;15993;3485;25732;90471;88248;26175;23459;21973;71607;92632;4384;809;4032;67575;65163;2412;121,62;73,58
Castilla-La Mancha;2023-04-01;23,5044;32,1730;77,9680;1,5348;1,3966;0,7537;186,8300;17,3915;13,3638;1,3395;30,6412;real;93138;68043;12180;15851;9122;15888;3486;26172;91142;88695;26350;23648;22088;72086;93138;4443;835;4043;68043;65861;2182;122,59;71,76
Castilla-La Mancha;2023-05-01;23,6574;32,4808;77,8622;1,5855;1,5068;0,7175;184,9300;17,5318;13,2974;1,3390;30,5678;real;94029;68486;12194;16077;9248;15811;3476;26462;91702;89439;26663;23917;22268;72848;94029;4590;777;4362;68486;66409;2077;123,65;68,67
Castilla-La Mancha;2023-06-01;23,8322;32,6335;77,6865;1,5548;1,5057;0,7351;183,9800;17,6543;13,2069;1,3392;30,5245;real;94471;68992;12202;16311;9323;15850;3478;26772;92391;89970;26900;24061;22390;73351;94471;4501;605;4359;68992;66864;2128;124,78;67,31
Castilla-La Mancha;2023-07-01;24,0018;32,8677;77,6637;1,4753;1,6118;0,7278;185,1100;17,5920;13,1443;1,3387;30,4684;real;95149;69483;12226;16363;9587;15861;3496;27016;93014;90878;27249;24308;22592;74149;95149;4271;324;4666;69483;67376;2107;126,10;66,40
Castilla-La Mancha;2023-08-01;24,1469;33,0072;77,6093;1,6532;1,4215;0,7403;184,7200;17,6080;13,0605;1,3373;30,2778;real;95553;69903;12209;16460;9718;15885;3506;27229;93480;90767;27338;24269;22411;74018;95553;4786;765;4115;69903;67760;2143;125,52;65,59
Castilla-La Mancha;2023-09-01;24,1748;33,1585;77,6720;1,5659;1,5911;0,7085;184,1000;17,6439;12,9574;1,3370;30,0871;real;95991;69984;12124;16509;9864;15862;3498;27230;93568;91458;27732;24416;22442;74590;95991;4533;801;4606;69984;67933;2051;124,36;64,60
Castilla-La Mancha;2023-10-01;24,4643;33,0670;77,6770;1,2999;1,4508;0,7302;185,5800;17,6489;12,8026;1,3353;30,1112;real;95726;70822;12107;16690;10102;15983;3535;27541;94567;91963;27845;24587;22590;75022;95726;3763;551;4200;70822;68708;2114;126,23;64,76
Castilla-La Mancha;2023-11-01;24,8111;32,8839;77,6219;0,9817;1,2135;0,7302;189,5800;17,5199;12,6118;1,3451;30,1331;real;95196;71826;12185;16927;10433;16040;3598;28644;96616;92354;27946;24691;22702;75339;95196;2842;674;3513;71826;69712;2114;127,30;65,86
Castilla-La Mancha;2023-12-01;24,9946;32,7043;77,6179;0,9451;0,8560;0,6985;190,8400;17,7457;12,5269;1,3442;30,1450;real;94676;72357;12184;17260;10632;15805;3594;28921;97263;91940;27742;24534;22559;74835;94676;2736;866;2478;72357;70335;2022;124,55;67,24
Castilla-La Mancha;2024-01-01;25,5442;33,9379;77,5916;1,1678;1,2150;0,6920;190,0700;17,7783;12,6128;1,3442;29,8679;real;95728;72052;12216;17219;10423;15780;3597;28714;96854;92434;28290;24645;22544;75479;95728;3294;808;3427;72052;70100;1952;127,06;66,95
Castilla-La Mancha;2024-02-01;25,5506;34,0865;77,5551;1,3908;1,1472;0,7030;191,2800;17,8454;12,5894;1,3466;29,9432;real;96147;72070;12218;17319;10384;15720;3604;28821;97050;92224;28040;24717;22549;75306;96147;3923;771;3236;72070;70087;1983;127,52;65,82
Castilla-La Mancha;2024-03-01;25,5364;34,2733;77,4593;1,3646;1,3635;0,6906;192,3800;17,9523;12,6340;1,3491;29,9937;real;96674;72030;12277;17445;10452;15628;3637;28736;97174;92825;28324;24794;22758;75876;96674;3849;562;3846;72030;70082;1948;129,13;66,83
Castilla-La Mancha;2024-04-01;25,6796;34,5754;77,3945;1,5089;1,4000;0,6225;192,4700;18,0746;12,5587;1,3490;29,9072;real;97526;72434;12272;17662;10574;15527;3633;29051;97717;93270;28539;25000;22844;76383;97526;4256;640;3949;72434;70678;1756;129,18;66,83
Castilla-La Mancha;2024-05-01;25,7991;34,7033;77,2885;1,4521;1,4429;0,6275;192,0700;18,1680;12,5544;1,3513;29,8513;real;97887;72771;12345;17865;10686;15584;3637;29150;98332;93791;28681;25222;22938;76841;97887;4096;603;4070;72771;71001;1770;130,94;66,60
Castilla-La Mancha;2024-06-01;26,0572;34,8285;77,3030;1,2454;1,4738;0,6286;194,9000;18,0921;12,4790;1,3576;29,8535;real;98240;73499;12452;18053;10809;15580;3657;29596;99784;94727;29002;25471;23183;77656;98240;3513;394;4157;73499;71726;1773;130,45;67,07
Castilla-La Mancha;2024-07-01;26,2256;34,8948;77,1616;0,9657;1,6134;0,6537;195,1100;18,1345;12,3821;1,3574;29,7549;real;98427;73974;12433;18209;11006;15576;3685;29836;100411;95703;29413;25747;23365;78525;98427;2724;256;4551;73974;72130;1844;128,75;67,23
Castilla-La Mancha;2024-08-01;26,4263;34,8583;77,1056;0,9505;1,3883;0,6619;194,6300;18,1240;12,2949;1,3549;29,5758;real;98324;74540;12417;18304;11075;15563;3717;30280;100993;95643;29482;25770;23204;78456;98324;2681;453;3916;74540;72673;1867;128,06;66,72
Castilla-La Mancha;2024-09-01;26,5539;34,9331;77,0394;0,9257;1,3589;0,6867;195,1000;18,1408;12,2305;1,3545;29,4781;real;98535;74900;12408;18404;11216;15545;3758;30394;101451;95924;29659;25865;23209;78733;98535;2611;445;3833;74900;72963;1937;126,63;67,25
Castilla-La Mancha;2024-10-01;26,8474;35,2372;76,9384;0,9923;1,2930;0,6828;192,7800;18,2018;12,1641;1,3551;29,6164;real;99393;75728;12483;18679;11412;15557;3769;30817;102622;96594;29779;26088;23508;79375;99393;2799;445;3647;75728;73802;1926;122,50;66,05
Castilla-La Mancha;2024-11-01;27,2183;35,1298;76,7118;0,7924;1,0281;0,6888;188,7300;18,1501;11,9756;1,3636;29,7788;real;99090;76774;12537;19001;11738;15629;4294;31237;104688;96855;29715;26233;23726;79674;99090;2235;358;2900;76774;74831;1943;122,56;64,60
Castilla-La Mancha;2024-12-01;27,6653;35,0554;76,7641;0,5878;0,7126;0,6410;186,6600;18,4470;11,7200;1,3651;29,8445;real;98880;78035;12485;19651;12015;15619;4279;31893;106527;97222;29760;26396;23889;80045;98880;1658;231;2010;78035;76227;1808;123,45;63,03
Castilla-La Mancha;2025-01-01;27,1014;34,9994;76,7251;1,1026;0,8264;0,6376;186,3600;18,5944;11,6976;1,3692;29,8736;real;100119;77526;12417;19738;11890;15539;4268;31628;106150;96965;29706;26318;23866;79890;100119;3154;501;2364;77526;75702;1824;119,82;62,88
Castilla-La Mancha;2025-02-01;27,0227;35,1787;76,6531;1,1235;1,0452;0,6226;183,6500;18,6869;11,7041;1,3758;29,6496;real;100632;77301;12447;19873;11814;15414;4276;31563;106347;97418;30104;26381;23806;80291;100632;3214;578;2990;77301;75520;1781;118,32;63,43
Castilla-La Mancha;2025-03-01;27,0944;35,5196;76,4170;1,2393;1,1746;0,6202;181,4300;18,6245;11,6633;1,3879;29,5711;real;101607;77506;12546;20034;11783;15407;4287;31714;107568;98062;30451;26502;23913;80866;101607;3545;540;3360;77506;75732;1774;115,77;62,54
Castilla-La Mancha;2025-04-01;27,1640;35,7465;76,3455;1,1984;1,3448;0,6188;179,5400;18,6579;11,6207;1,3946;29,5284;real;102256;77705;12593;20219;11858;15385;4292;31866;108367;98828;30788;26683;24081;81552;102256;3428;356;3847;77705;75935;1770;114,73;61,61
Castilla-La Mancha;2025-05-01;27,3006;35,8286;76,1264;1,1389;1,3735;0,6093;178,7300;18,6794;11,5715;1,4005;29,5910;real;102491;78096;12656;20430;11990;15352;4289;32136;109372;99233;30941;26812;24272;82025;102491;3258;420;3929;78096;76353;1743;110,98;61,42
Castilla-La Mancha;2025-06-01;27,5135;36,0401;75,9876;1,2602;1,2721;0,5960;176,2300;18,7496;11,4589;1,4055;29,5832;real;103096;78705;12676;20741;12081;15361;4302;32561;110621;99491;31057;26927;24360;82344;103096;3605;384;3639;78705;77000;1705;109,13;61,34
Castilla-La Mancha;2025-07-01;27,6394;36,3907;75,8784;1,3046;1,4098;0,5499;174,2400;18,7234;11,3359;1,4111;29,4772;real;104099;79065;12647;20889;12213;15314;4274;32930;111566;100367;31435;27168;24495;83098;104099;3732;288;4033;79065;77492;1573;106,84;61,15
Castilla-La Mancha;2025-08-01;27,7991;36,4481;75,7613;1,4294;1,2071;0,5471;172,3900;18,7639;11,3684;1,4145;29,3450;real;104263;79522;12788;21107;12075;15265;4269;33309;112487;100174;31511;27115;24349;82975;104263;4089;548;3453;79522;77957;1565;106,35;61,26
Castilla-La Mancha;2025-09-01;27,8383;36,3313;75,5412;1,2088;1,2620;0,5541;169,0300;18,8790;11,3877;1,4178;29,4207;real;103929;79634;12857;21315;12025;15209;4304;33321;112903;100471;31673;27080;24491;83244;103929;3458;502;3610;79634;78049;1585;106,12;59,74
Castilla-La Mancha;2025-10-01;28,0998;36,2907;75,2938;0,9474;1,2567;0,5439;166,7900;18,9144;11,2723;1,4242;29,6426;real;103813;80382;12905;21654;12247;15270;4336;33688;114484;101103;31823;27261;24893;83977;103813;2710;429;3595;80382;78826;1556;108,74;58,93
Castilla-La Mancha;2025-11-01;28,4438;36,0765;75,0804;0,6390;0,9998;0,5590;165,8800;19,0581;11,0982;1,4305;29,6061;real;103200;81366;12918;22183;12699;15357;4347;33997;116397;101372;31950;27340;24936;84226;103200;1828;439;2860;81366;79767;1599;107,23;57,46
Castilla-La Mancha;2025-12-01;28,8140;36,3778;74,8849;0,9061;0,6726;0,5331;164,5300;19,3782;10,9151;1,4368;30,0667;real;104062;82425;12927;22950;12954;15425;4355;34382;118432;101470;31796;27192;25361;84349;104062;2592;356;1924;82425;80900;1525;107,27;56,94
Castilla-La Mancha;2026-01-01;27,6276;35,1504;74,7899;0,9687;0,8390;0,5137;164,5200;19,4628;10,8670;1,4431;29,9242;real;104072;81799;12828;22975;12788;15315;4371;34199;118046;101204;31907;27155;25221;84283;104072;2868;212;2484;81799;80278;1521;109,41;57,22
Castilla-La Mancha;2026-02-01;27,4567;35,0507;74,5272;1,0686;0,9298;0,5046;165,7100;19,5871;10,7754;1,4502;29,8194;real;103777;81293;12703;23091;12582;15217;4330;34117;117889;100613;31889;27095;25062;84046;103777;3164;301;2753;81293;79799;1494;109,37;57,18
Castilla-La Mancha;2026-03-01;27,5327;35,3783;74,4175;1,1963;1,0511;0,5060;166,4200;19,7001;10,8108;1,4588;29,8405;real;104747;81518;12856;23427;12547;15178;4329;34299;118918;101205;32115;27261;25254;84630;104747;3542;427;3112;81518;80020;1498;107,68;56,70
Castilla-La Mancha;2026-04-01;27,6603;35,3783;74,2290;1,1963;1,1924;0,5059;166,8379;19,7695;10,7373;1,4655;29,8405;proyeccion;NA;NA;NA;NA;NA;NA;NA;NA;NA;NA;NA;NA;NA;NA;NA;NA;NA;NA;NA;NA;NA;NA;NA
Castilla-La Mancha;2026-05-01;27,7878;35,3783;74,0547;1,1963;1,2521;0,5059;167,1901;19,8389;10,6638;1,4722;29,8405;proyeccion;NA;NA;NA;NA;NA;NA;NA;NA;NA;NA;NA;NA;NA;NA;NA;NA;NA;NA;NA;NA;NA;NA;NA
Castilla-La Mancha;2026-06-01;27,9153;35,3783;73,8804;1,1963;1,2417;0,5059;167,4869;19,9084;10,5903;1,4790;29,8405;proyeccion;NA;NA;NA;NA;NA;NA;NA;NA;NA;NA;NA;NA;NA;NA;NA;NA;NA;NA;NA;NA;NA;NA;NA
Castilla-La Mancha;2026-07-01;28,0429;35,3783;73,7062;1,1963;1,3799;0,5059;167,7370;19,9778;10,5168;1,4857;29,8405;proyeccion;NA;NA;NA;NA;NA;NA;NA;NA;NA;NA;NA;NA;NA;NA;NA;NA;NA;NA;NA;NA;NA;NA;NA
Castilla-La Mancha;2026-08-01;28,1704;35,3783;73,5319;1,1963;1,1685;0,5059;167,9477;20,0472;10,4432;1,4924;29,8405;proyeccion;NA;NA;NA;NA;NA;NA;NA;NA;NA;NA;NA;NA;NA;NA;NA;NA;NA;NA;NA;NA;NA;NA;NA
Castilla-La Mancha;2026-09-01;28,2979;35,3783;73,3576;1,1963;1,2461;0,5059;168,1253;20,1166;10,3697;1,4991;29,8405;proyeccion;NA;NA;NA;NA;NA;NA;NA;NA;NA;NA;NA;NA;NA;NA;NA;NA;NA;NA;NA;NA;NA;NA;NA
Castilla-La Mancha;2026-10-01;28,4255;35,3783;73,1833;1,1963;1,1915;0,5059;168,2749;20,1861;10,2962;1,5059;29,8405;proyeccion;NA;NA;NA;NA;NA;NA;NA;NA;NA;NA;NA;NA;NA;NA;NA;NA;NA;NA;NA;NA;NA;NA;NA
Castilla-La Mancha;2026-11-01;28,5530;35,3783;73,0091;1,1963;0,9313;0,5059;168,4010;20,2555;10,2227;1,5126;29,8405;proyeccion;NA;NA;NA;NA;NA;NA;NA;NA;NA;NA;NA;NA;NA;NA;NA;NA;NA;NA;NA;NA;NA;NA;NA
Cataluña;2023-01-01;17,6669;33,2798;65,3090;2,3063;6,4724;0,0000;294,3100;42,8399;16,9039;1,2086;19,5321;real;355497;188719;38554;97708;21695;32712;12821;24217;228077;330861;112579;94914;50365;257858;355497;24636;5397;69139;188719;188719;0;164,95;140,16
Cataluña;2023-02-01;17,5666;33,6327;65,2292;2,6952;6,5411;0,0000;288,7400;42,9124;16,8594;1,2089;19,4233;real;359267;187648;38246;97348;21543;32521;12823;24086;226853;330477;112725;94776;50019;257520;359267;28790;5158;69872;187648;187648;0;166,25;136,29
Cataluña;2023-03-01;17,9169;33,8769;65,1295;2,5355;6,5512;0,0000;283,2500;43,0461;16,8191;1,2087;19,4465;real;361875;191389;38909;99582;21997;32965;13005;24592;231338;334791;114079;96463;50827;261369;361875;27084;3730;69980;191389;191389;0;170,05;130,25
Cataluña;2023-04-01;18,0022;34,0291;65,0614;2,6427;6,5009;0,0000;284,2100;43,1842;16,6508;1,2091;19,3322;real;363501;192301;38716;100411;22342;32981;13050;24747;232518;335272;114492;96651;50601;261744;363501;28229;3880;69443;192301;192301;0;171,68;128,91
Cataluña;2023-05-01;18,2197;34,1789;65,0312;2,5820;6,4573;0,0000;282,4500;43,2496;16,5132;1,2098;19,3087;real;365101;194624;38881;101833;22758;33319;13178;25212;235454;337520;115297;97406;50898;263601;365101;27581;4270;68977;194624;194624;0;172,71;124,45
Cataluña;2023-06-01;18,4702;34,4773;65,0344;2,5489;6,4780;0,0000;280,4500;43,2784;16,3126;1,2112;19,2699;real;368289;197300;38982;103422;23289;33809;13302;25890;238969;341061;116583;98561;51354;266498;368289;27228;3795;69198;197300;197300;0;173,43;120,64
Cataluña;2023-07-01;18,5547;34,7203;65,0129;2,5373;6,5923;0,0000;279,9500;43,3456;16,2155;1,2114;19,1724;real;370884;198202;38934;104074;23565;33825;13400;26029;240103;343780;117725;99395;51501;268621;370884;27104;3759;70419;198202;198202;0;174,19;117,64
Cataluña;2023-08-01;18,6638;35,0214;64,9698;2,9538;6,3727;0,0000;280,5700;43,3219;16,0518;1,2129;18,9839;real;374101;199368;38815;104757;23995;34065;13479;26428;241811;342548;117748;98923;50771;267442;374101;31553;5898;68074;199368;199368;0;174,92;116,18
Cataluña;2023-09-01;18,7113;35,1754;64,9354;2,7772;6,5933;0,0000;282,3300;43,3586;15,9606;1,2146;18,7721;real;375746;199875;38747;105260;23926;34157;13592;26813;242766;346080;119566;99997;50742;270305;375746;29666;5926;70430;199875;199875;0;175,79;115,90
Cataluña;2023-10-01;18,8483;35,3640;64,8932;2,6271;6,7412;0,0000;280,4200;43,5025;15,8691;1,2160;18,5997;real;377760;201339;38853;106509;23903;34190;13721;27391;244834;349697;121420;101087;50842;273349;377760;28063;5519;72010;201339;201339;0;176,21;112,00
Cataluña;2023-11-01;18,9349;32,9498;64,8988;2,5451;4,2865;0,0000;280,4400;43,6843;15,7751;1,2170;19,3975;real;351972;202264;38830;107528;23833;34121;13822;27751;246148;324785;104690;95247;48116;248053;351972;27187;5585;45789;202264;202264;0;176,32;111,08
Cataluña;2023-12-01;18,8840;33,0403;64,8863;2,3748;4,5375;0,0000;281,1100;43,8448;15,6583;1,2168;19,7774;real;352939;201720;38435;107622;23850;33868;13812;27632;245461;327571;104021;96688;49481;250190;352939;25368;5327;48470;201720;201720;0;176,79;111,81
Cataluña;2024-01-01;19,4671;34,0850;64,8660;2,6467;4,5275;0,0000;279,9200;44,0995;15,3996;1,2177;19,6527;real;354657;202557;37984;108774;24099;33839;13796;27966;246656;327118;104100;96500;49066;249666;354657;27539;6733;47109;202557;202557;0;177,24;110,01
Cataluña;2024-02-01;19,5237;34,3618;64,9027;2,7755;4,5768;0,0000;277,5300;44,4349;15,1813;1,2196;19,4360;real;357537;203145;37613;110091;23939;33728;13779;28456;247758;328658;105218;96810;48739;250767;357537;28879;5215;47622;203145;203145;0;177,66;107,58
Cataluña;2024-03-01;19,7674;34,6896;64,9462;2,7558;4,6160;0,0000;275,8900;45,0328;15,0620;1,2195;19,1667;real;360948;205681;37781;112959;23641;33670;13772;28896;250837;332274;107532;97551;48628;253711;360948;28674;4433;48030;205681;205681;0;176,65;107,56
Cataluña;2024-04-01;20,0238;34,9375;64,9627;2,8551;4,4697;0,0000;277,5000;45,4644;14,9144;1,2208;19,2841;real;363527;208349;37934;115636;23580;33592;13831;29656;254344;333820;107737;97973;49147;254857;363527;29707;4777;46508;208349;208349;0;175,90;107,69
Cataluña;2024-05-01;20,2970;35,1473;64,9896;2,9147;4,3122;0,0000;276,1500;45,9583;14,7080;1,2229;19,1443;real;365710;211192;37986;118695;23376;33588;13857;30651;258267;335382;108835;98205;49021;256061;365710;30328;5425;44869;211192;211192;0;175,84;105,82
Cataluña;2024-06-01;20,6270;35,4421;65,0260;2,8832;4,2537;0,0000;273,0700;46,4238;14,5171;1,2242;19,1166;real;368778;214625;38144;121980;23483;33573;13818;31647;262753;338778;110443;98952;49490;258885;368778;30000;4766;44260;214625;214625;0;176,34;101,28
Cataluña;2024-07-01;20,9252;35,6995;65,0010;2,9247;4,1124;0,0000;268,4200;46,6879;14,2923;1,2276;19,0213;real;371456;217728;38202;124792;23644;33737;13920;32890;267290;341024;111395;99569;49554;260518;371456;30432;4825;42790;217728;217728;0;177,36;96,49
Cataluña;2024-08-01;21,1191;35,9780;64,9787;3,0932;3,9870;0,0000;258,1300;46,9498;14,0855;1,2292;18,8856;real;374354;219746;38047;126818;23795;33759;13972;33622;270114;342169;112229;99667;49335;261231;374354;32185;6214;41485;219746;219746;0;177,05;84,54
Cataluña;2024-09-01;21,3030;36,1236;65,0098;3,1757;3,8361;0,0000;262,4200;47,2357;13,9058;1,2306;18,7370;real;375869;221659;37932;128849;23836;33780;14032;34249;272779;342826;112876;99687;49011;261574;375869;33043;7548;39915;221659;221659;0;177,23;87,64
Cataluña;2024-10-01;21,6352;36,3606;65,0708;3,0803;3,7758;0,0000;265,0400;47,4790;13,8435;1,2316;18,6654;real;378335;225116;38381;131635;24001;33920;14117;35094;277249;346284;114414;100637;49352;264403;378335;32051;7548;39287;225116;225116;0;178,38;89,75
Cataluña;2024-11-01;21,8258;36,5909;65,0707;3,0089;3,8168;0,0000;267,8100;47,6851;13,7998;1,2317;18,5868;real;380731;227099;38602;133389;24191;33809;14153;35483;279729;349423;115971;101250;49592;266813;380731;31308;8402;39714;227099;227099;0;179,62;92,55
Cataluña;2024-12-01;22,0405;36,7361;65,0747;2,8849;3,8207;0,0000;270,9900;47,9615;13,6663;1,2332;18,5092;real;382242;229333;38650;135641;24245;33811;14187;36176;282812;352224;117285;101997;49806;269088;382242;30018;8328;39755;229333;229333;0;181,52;96,46
Cataluña;2025-01-01;21,3403;35,5640;65,0960;3,0166;3,5124;0,0000;269,8400;48,2780;13,5729;1,2352;18,3699;real;385490;231314;38779;137934;23876;33837;14265;36914;285708;352792;118088;101812;49486;269386;385490;32698;9895;38072;231314;231314;0;183,07;94,68
Cataluña;2025-02-01;21,3616;35,6664;65,1673;2,9166;3,6286;0,0000;266,6700;48,6661;13,5538;1,2344;18,2511;real;386600;231545;38738;139092;23449;33438;14169;36820;285809;354986;119212;102227;49438;270877;386600;31614;7670;39332;231545;231545;0;185,02;91,58
Cataluña;2025-03-01;21,4516;36,2089;65,2171;3,1825;3,7504;0,0000;264,4000;49,0522;13,5546;1,2328;18,1493;real;392480;232521;38856;140614;23209;32975;14123;36781;286662;357984;120687;102907;49579;273173;392480;34496;7206;40652;232521;232521;0;187,17;87,92
Cataluña;2025-04-01;21,6329;36,4664;65,1991;3,3295;3,6525;0,0000;263,6000;49,3047;13,4211;1,2344;18,0818;real;395271;234486;38846;142707;23160;32983;14116;37523;289439;359181;121500;103019;49558;274077;395271;36090;7910;39591;234486;234486;0;189,96;84,52
Cataluña;2025-05-01;21,7978;36,7744;65,1924;3,3753;3,7000;0,0000;267,1300;49,4564;13,3856;1,2353;18,0163;real;398610;236273;39067;144343;23103;33028;14162;38050;291859;362024;122858;103727;49793;276378;398610;36586;7882;40105;236273;236273;0;193,00;84,74
Cataluña;2025-06-01;21,9802;37,1088;65,2125;3,4496;3,7229;0,0000;269,4500;49,7300;13,2469;1,2365;17,9481;real;402234;238250;39025;146503;23128;32975;14197;38665;294597;364843;124073;104527;50004;278604;402234;37391;7774;40354;238250;238250;0;195,46;82,04
Cataluña;2025-07-01;22,2237;37,5821;65,1987;3,7859;3,5786;0,0000;269,6200;49,9010;13,1298;1,2390;17,8204;real;407365;240890;39186;148930;23150;33114;14268;39698;298451;366328;125057;104783;49840;279680;407365;41037;8730;38790;240890;240890;0;197,51;77,77
Cataluña;2025-08-01;22,2877;37,7660;65,1837;3,9239;3,5373;0,0000;274,0800;50,2221;12,9616;1,2395;17,6504;real;409358;241584;38814;150392;22883;32971;14254;40035;299454;366826;125792;104726;49408;279926;409358;42532;11054;38342;241584;241584;0;199,35;76,70
Cataluña;2025-09-01;22,3658;37,9629;65,1509;4,0493;3,5059;0,0000;275,3900;50,5227;12,8462;1,2400;17,5533;real;411492;242430;38619;151884;22645;32764;14187;40421;300625;367600;126418;104789;49225;280432;411492;43892;13529;38002;242430;242430;0;201,43;74,95
Cataluña;2025-10-01;22,4641;38,3090;65,1713;4,1389;3,6061;0,0000;277,0500;50,7737;12,8294;1,2391;17,4376;real;415244;243496;38709;153195;22561;32520;14162;40471;301721;370381;127929;105379;49276;282584;415244;44863;14176;39088;243496;243496;0;204,87;76,15
Cataluña;2025-11-01;22,6745;38,6377;65,1939;4,1593;3,6331;0,0000;277,5600;51,0179;12,7282;1,2395;17,3856;real;418807;245776;38776;155424;22668;32446;14249;40979;304646;373723;129514;106066;49576;285156;418807;45084;14372;39380;245776;245776;0;207,82;74,58
Cataluña;2025-12-01;22,9141;38,7176;65,2392;4,0285;3,5367;0,0000;275,7300;51,0592;12,6846;1,2403;17,3211;real;419673;248373;39077;157296;23107;32583;14548;41348;308066;376007;130794;106253;49661;286708;419673;43666;14602;38335;248373;248373;0;208,35;73,12
Cataluña;2026-01-01;22,2895;37,6347;65,2427;3,7534;3,5318;0,0000;272,2400;51,2800;12,5827;1,2410;17,1559;real;420773;249207;38913;158587;22948;32419;14584;41701;309257;378808;132683;106483;49528;288694;420773;41965;14350;39487;249207;249207;0;207,07;72,31
Cataluña;2026-02-01;22,2899;37,6412;65,2259;3,7070;3,5434;0,0000;265,9000;51,6500;12,3908;1,2414;17,0575;real;420846;249212;38333;159788;22665;32101;14487;41890;309367;379400;133259;106303;49267;288829;420846;41446;12513;39617;249212;249212;0;208,37;68,61
Cataluña;2026-03-01;22,4449;37,8705;65,2388;3,7100;3,5680;0,0000;266,2700;51,9805;12,3321;1,2411;16,9642;real;423410;250944;38407;161887;22445;31921;14480;42197;311438;381931;134576;106922;49338;290836;423410;41479;12229;39892;250944;250944;0;209,92;65,96
Cataluña;2026-04-01;22,5754;37,8705;65,2419;3,7100;3,5653;0,0000;266,2700;52,3127;12,2330;1,2419;16,9642;proyeccion;NA;NA;NA;NA;NA;NA;NA;NA;NA;NA;NA;NA;NA;NA;NA;NA;NA;NA;NA;NA;NA;NA;NA
Cataluña;2026-05-01;22,7066;37,8705;65,2443;3,7100;3,5653;0,0000;266,2700;52,6450;12,1338;1,2428;16,9642;proyeccion;NA;NA;NA;NA;NA;NA;NA;NA;NA;NA;NA;NA;NA;NA;NA;NA;NA;NA;NA;NA;NA;NA;NA
Cataluña;2026-06-01;22,8377;37,8705;65,2463;3,7100;3,5653;0,0000;266,2700;52,9772;12,0346;1,2436;16,9642;proyeccion;NA;NA;NA;NA;NA;NA;NA;NA;NA;NA;NA;NA;NA;NA;NA;NA;NA;NA;NA;NA;NA;NA;NA
Cataluña;2026-07-01;22,9689;37,8705;65,2478;3,7100;3,5653;0,0000;266,2700;53,3094;11,9354;1,2445;16,9642;proyeccion;NA;NA;NA;NA;NA;NA;NA;NA;NA;NA;NA;NA;NA;NA;NA;NA;NA;NA;NA;NA;NA;NA;NA
Cataluña;2026-08-01;23,1000;37,8705;65,2491;3,7100;3,5653;0,0000;266,2700;53,6417;11,8362;1,2454;16,9642;proyeccion;NA;NA;NA;NA;NA;NA;NA;NA;NA;NA;NA;NA;NA;NA;NA;NA;NA;NA;NA;NA;NA;NA;NA
Cataluña;2026-09-01;23,2312;37,8705;65,2501;3,7100;3,5653;0,0000;266,2700;53,9739;11,7371;1,2462;16,9642;proyeccion;NA;NA;NA;NA;NA;NA;NA;NA;NA;NA;NA;NA;NA;NA;NA;NA;NA;NA;NA;NA;NA;NA;NA
Cataluña;2026-10-01;23,3623;37,8705;65,2509;3,7100;3,5653;0,0000;266,2700;54,3061;11,6379;1,2471;16,9642;proyeccion;NA;NA;NA;NA;NA;NA;NA;NA;NA;NA;NA;NA;NA;NA;NA;NA;NA;NA;NA;NA;NA;NA;NA
Cataluña;2026-11-01;23,4935;37,8705;65,2515;3,7100;3,5653;0,0000;266,2700;54,6384;11,5387;1,2479;16,9642;proyeccion;NA;NA;NA;NA;NA;NA;NA;NA;NA;NA;NA;NA;NA;NA;NA;NA;NA;NA;NA;NA;NA;NA;NA
Ceuta y Melilla;2023-01-01;14,4127;22,4745;NA;1,1691;1,1917;0,6545;NA;37,8654;4,1763;1,3498;33,7865;real;4979;3193;180;1632;4;1118;60;759;4310;4720;1018;1271;1168;3457;4979;259;50;264;3193;3048;145;NA;NA
Ceuta y Melilla;2023-02-01;14,3676;22,4971;NA;0,9479;1,4760;0,5868;NA;38,0997;4,1220;1,3490;33,5328;real;4984;3183;177;1636;4;1105;63;751;4294;4774;1030;1303;1177;3510;4984;210;41;327;3183;3053;130;NA;NA
Ceuta y Melilla;2023-03-01;14,5121;22,6009;NA;0,9479;1,4444;0,5056;NA;37,9917;4,1647;1,3443;33,8614;real;5007;3215;180;1642;4;1120;64;749;4322;4797;1024;1314;1197;3535;5007;210;37;320;3215;3103;112;NA;NA
Ceuta y Melilla;2023-04-01;14,5391;22,8491;NA;1,0788;1,5076;0,4830;NA;38,3368;4,2391;1,3403;33,5021;real;5062;3221;183;1655;4;1110;62;743;4317;4823;1047;1317;1191;3555;5062;239;39;334;3221;3114;107;NA;NA
Ceuta y Melilla;2023-05-01;14,6700;23,0116;NA;0,7538;1,8281;0,4740;NA;37,7427;4,1353;1,3468;33,4337;real;5098;3250;181;1652;4;1140;64;761;4377;4931;1085;1348;1222;3655;5098;167;38;405;3250;3145;105;NA;NA
Ceuta y Melilla;2023-06-01;14,8055;23,1245;NA;0,7990;1,7739;0,4108;NA;37,6471;4,2534;1,3476;33,3787;real;5123;3280;188;1664;3;1149;67;761;4420;4946;1080;1367;1226;3673;5123;177;36;393;3280;3189;91;NA;NA
Ceuta y Melilla;2023-07-01;14,8912;23,1787;NA;0,7674;1,7198;0,3882;NA;38,2213;4,3675;1,3395;33,3152;real;5135;3299;193;1689;4;1133;68;755;4419;4965;1085;1369;1226;3680;5135;170;36;381;3299;3213;86;NA;NA
Ceuta y Melilla;2023-08-01;14,8145;23,3005;NA;0,9660;1,7108;0,3701;NA;38,4002;4,4439;1,3370;33,1057;real;5162;3282;195;1685;4;1124;64;742;4388;4948;1090;1359;1212;3661;5162;214;37;379;3282;3200;82;NA;NA
Ceuta y Melilla;2023-09-01;14,8822;23,3366;NA;0,9208;1,7153;0,3611;NA;38,3205;4,4138;1,3400;33,0976;real;5170;3297;195;1693;4;1135;63;747;4418;4966;1088;1372;1217;3677;5170;204;36;380;3297;3217;80;NA;NA
Ceuta y Melilla;2023-10-01;15,1214;23,3998;NA;0,8937;1,5392;0,3656;NA;38,4667;4,3936;1,3316;33,0263;real;5184;3350;196;1716;4;1159;66;731;4461;4986;1112;1360;1219;3691;5184;198;35;341;3350;3269;81;NA;NA
Ceuta y Melilla;2023-11-01;15,2523;23,4585;NA;0,8757;1,4399;0,3656;NA;38,3796;4,3285;1,3332;32,9367;real;5197;3379;195;1729;4;1179;66;732;4505;5003;1127;1353;1218;3698;5197;194;37;319;3379;3298;81;NA;NA
Ceuta y Melilla;2023-12-01;15,3787;23,6391;NA;0,8712;1,4489;0,3611;NA;38,2256;4,2716;1,3399;32,9667;real;5237;3407;195;1745;4;1197;68;740;4565;5044;1149;1350;1229;3728;5237;193;36;321;3407;3327;80;NA;NA
Ceuta y Melilla;2024-01-01;16,9202;26,2845;NA;1,2634;1,5904;0,3964;NA;38,5624;4,3478;1,3403;32,7891;real;5305;3415;199;1765;3;1190;67;739;4577;5050;1157;1354;1225;3736;5305;255;39;321;3415;3335;80;NA;NA
Ceuta y Melilla;2024-02-01;17,1085;26,5322;NA;1,0653;1,7837;0,3766;NA;38,4232;4,3968;1,3371;32,6515;real;5355;3453;203;1774;4;1193;62;754;4617;5140;1189;1379;1245;3813;5355;215;42;360;3453;3377;76;NA;NA
Ceuta y Melilla;2024-03-01;17,2868;26,6214;NA;1,0306;1,7341;0,3914;NA;38,4632;4,4645;1,3353;32,9513;real;5373;3489;208;1792;4;1203;62;752;4659;5165;1192;1382;1265;3839;5373;208;41;350;3489;3410;79;NA;NA
Ceuta y Melilla;2024-04-01;17,3066;26,7800;NA;1,0900;1,7490;0,3716;NA;38,7312;4,4516;1,3312;32,5013;real;5405;3493;207;1801;3;1202;61;749;4650;5185;1207;1389;1250;3846;5405;220;39;353;3493;3418;75;NA;NA
Ceuta y Melilla;2024-05-01;17,4701;26,9435;NA;1,0306;1,7738;0,3815;NA;38,5517;4,4089;1,3315;32,4923;real;5438;3526;207;1810;4;1229;61;759;4695;5230;1220;1402;1262;3884;5438;208;40;358;3526;3449;77;NA;NA
Ceuta y Melilla;2024-06-01;17,7327;27,1218;NA;1,0108;1,6895;0,4013;NA;38,4035;4,4417;1,3336;32,3980;real;5474;3579;212;1833;5;1247;62;771;4773;5270;1237;1413;1270;3920;5474;204;38;341;3579;3498;81;NA;NA
Ceuta y Melilla;2024-07-01;18,0350;27,2407;NA;1,0306;1,4369;0,5747;NA;37,8567;4,5986;1,3382;32,0865;real;5498;3640;224;1844;5;1272;68;782;4871;5290;1246;1423;1261;3930;5498;208;38;290;3640;3524;116;NA;NA
Ceuta y Melilla;2024-08-01;18,0350;27,3646;NA;1,1148;1,4715;0,5500;NA;37,9261;4,6201;1,3379;31,8263;real;5523;3640;225;1847;6;1265;68;781;4870;5298;1254;1430;1253;3937;5523;225;39;297;3640;3529;111;NA;NA
Ceuta y Melilla;2024-09-01;18,0399;27,5331;NA;1,2139;1,4765;0,4657;NA;37,8639;4,5920;1,3397;31,6324;real;5557;3641;224;1847;5;1268;65;783;4878;5312;1260;1433;1246;3939;5557;245;42;298;3641;3547;94;NA;NA
Ceuta y Melilla;2024-10-01;18,1539;27,6867;NA;1,2634;1,4418;0,4410;NA;37,8577;4,5585;1,3352;31,4791;real;5588;3664;223;1852;5;1284;66;783;4892;5333;1252;1458;1245;3955;5588;255;42;291;3664;3575;89;NA;NA
Ceuta y Melilla;2024-11-01;18,2827;27,7858;NA;1,1445;1,4567;0,4112;NA;37,7079;4,5436;1,3360;31,3755;real;5608;3690;224;1859;4;1294;66;791;4930;5377;1259;1475;1250;3984;5608;231;49;294;3690;3607;83;NA;NA
Ceuta y Melilla;2024-12-01;18,2282;27,7858;NA;1,0108;1,6103;0,3914;NA;37,9837;4,5010;1,3346;31,3686;real;5608;3679;221;1865;5;1281;66;784;4910;5404;1265;1483;1256;4004;5608;204;51;325;3679;3600;79;NA;NA
Ceuta y Melilla;2025-01-01;17,3220;26,6327;NA;1,2289;1,4775;0,3659;NA;38,2036;4,4910;1,3325;30,8383;real;5678;3693;221;1880;5;1277;67;786;4921;5416;1279;1493;1236;4008;5678;262;47;315;3693;3615;78;NA;NA
Ceuta y Melilla;2025-02-01;17,3642;26,6233;NA;1,0413;1,5197;0,3143;NA;38,2508;4,3019;1,3312;30,8495;real;5676;3702;212;1885;5;1281;69;782;4928;5454;1291;1493;1242;4026;5676;222;43;324;3702;3635;67;NA;NA
Ceuta y Melilla;2025-03-01;17,4721;26,7922;NA;0,9475;1,6088;0,3002;NA;38,1327;4,3356;1,3313;30,5801;real;5712;3725;215;1891;5;1288;67;792;4959;5510;1317;1507;1244;4068;5712;202;47;343;3725;3661;64;NA;NA
Ceuta y Melilla;2025-04-01;17,4768;26,9000;NA;0,8115;1,8152;0,2767;NA;38,0656;4,2228;1,3347;30,6103;real;5735;3726;210;1893;5;1283;69;805;4973;5562;1334;1520;1259;4113;5735;173;45;387;3726;3667;59;NA;NA
Ceuta y Melilla;2025-05-01;17,5097;27,0830;NA;0,9240;1,8387;0,2533;NA;38,3133;4,1566;1,3340;30,3030;real;5774;3733;207;1908;5;1274;66;810;4980;5577;1342;1533;1250;4125;5774;197;41;392;3733;3679;54;NA;NA
Ceuta y Melilla;2025-06-01;17,7958;27,2284;NA;0,7880;1,7965;0,2251;NA;37,9419;4,0063;1,3421;30,3807;real;5805;3794;204;1932;5;1310;67;831;5092;5637;1357;1551;1269;4177;5805;168;34;383;3794;3746;48;NA;NA
Ceuta y Melilla;2025-07-01;17,8943;27,5004;NA;0,9709;1,7449;0,2158;NA;37,8294;3,9430;1,3429;30,1887;real;5863;3815;202;1938;5;1328;65;837;5123;5656;1363;1560;1264;4187;5863;207;33;372;3815;3769;46;NA;NA
Ceuta y Melilla;2025-08-01;18,1663;27,4582;NA;1,0038;1,4447;0,4175;NA;37,5286;3,8388;1,3519;30,0885;real;5854;3873;201;1965;5;1363;64;858;5236;5640;1370;1553;1258;4181;5854;214;33;308;3873;3784;89;NA;NA
Ceuta y Melilla;2025-09-01;18,1616;27,6083;NA;1,0835;1,5291;0,4128;NA;37,5024;3,9013;1,3505;29,9190;real;5886;3872;204;1961;5;1363;65;857;5229;5655;1378;1564;1256;4198;5886;231;35;326;3872;3784;88;NA;NA
Ceuta y Melilla;2025-10-01;18,2601;27,6740;NA;0,9193;1,6651;0,3565;NA;37,5835;3,9511;1,3457;30,0612;real;5900;3893;207;1969;4;1369;67;851;5239;5704;1392;1579;1277;4248;5900;196;31;355;3893;3817;76;NA;NA
Ceuta y Melilla;2025-11-01;18,2789;27,7537;NA;0,7880;1,8012;0,3190;NA;37,5838;3,9632;1,3403;30,2266;real;5917;3897;207;1963;4;1371;69;847;5223;5749;1399;1588;1294;4281;5917;168;31;384;3897;3829;68;NA;NA
Ceuta y Melilla;2025-12-01;18,3680;27,7350;NA;0,6473;1,8340;0,3143;NA;37,6883;3,9672;1,3389;30,2299;real;5913;3916;208;1976;4;1373;71;851;5243;5775;1414;1591;1302;4307;5913;138;36;391;3916;3849;67;NA;NA
Ceuta y Melilla;2026-01-01;17,8879;27,0698;NA;0,5536;1,9260;0,2745;NA;37,9211;3,9433;1,3361;30,3163;real;5917;3910;206;1981;5;1363;70;844;5224;5796;1424;1594;1313;4331;5917;121;32;421;3910;3850;60;NA;NA
Ceuta y Melilla;2026-02-01;17,9977;26,9417;NA;0,6176;1,6287;0,3202;NA;37,4129;3,8787;1,3500;30,5361;real;5889;3934;206;1987;6;1376;69;879;5311;5754;1402;1578;1310;4290;5889;135;32;356;3934;3864;70;NA;NA
Ceuta y Melilla;2026-03-01;18,3591;26,9783;NA;0,5078;1,3725;0,4346;NA;37,0683;3,7105;1,3566;30,6283;real;5897;4013;202;2018;6;1417;72;917;5444;5786;1405;1587;1321;4313;5897;111;33;300;4013;3918;95;NA;NA
Ceuta y Melilla;2026-04-01;18,3591;26,9783;NA;0,5386;1,3725;0,4346;NA;37,1163;3,7105;1,3566;30,8189;proyeccion;NA;NA;NA;NA;NA;NA;NA;NA;NA;NA;NA;NA;NA;NA;NA;NA;NA;NA;NA;NA;NA;NA;NA
Ceuta y Melilla;2026-05-01;18,3591;26,9783;NA;0,5386;1,3725;0,4346;NA;37,1163;3,7105;1,3566;30,9962;proyeccion;NA;NA;NA;NA;NA;NA;NA;NA;NA;NA;NA;NA;NA;NA;NA;NA;NA;NA;NA;NA;NA;NA;NA
Ceuta y Melilla;2026-06-01;18,3591;26,9783;NA;0,5386;1,3725;0,4346;NA;37,1163;3,7105;1,3566;31,1736;proyeccion;NA;NA;NA;NA;NA;NA;NA;NA;NA;NA;NA;NA;NA;NA;NA;NA;NA;NA;NA;NA;NA;NA;NA
Ceuta y Melilla;2026-07-01;18,3591;26,9783;NA;0,5386;1,3725;0,4346;NA;37,1163;3,7105;1,3566;31,3509;proyeccion;NA;NA;NA;NA;NA;NA;NA;NA;NA;NA;NA;NA;NA;NA;NA;NA;NA;NA;NA;NA;NA;NA;NA
Ceuta y Melilla;2026-08-01;18,3591;26,9783;NA;0,5386;1,3725;0,4346;NA;37,1163;3,7105;1,3566;31,5282;proyeccion;NA;NA;NA;NA;NA;NA;NA;NA;NA;NA;NA;NA;NA;NA;NA;NA;NA;NA;NA;NA;NA;NA;NA
Ceuta y Melilla;2026-09-01;18,3591;26,9783;NA;0,5386;1,3725;0,4346;NA;37,1163;3,7105;1,3566;31,7056;proyeccion;NA;NA;NA;NA;NA;NA;NA;NA;NA;NA;NA;NA;NA;NA;NA;NA;NA;NA;NA;NA;NA;NA;NA
Ceuta y Melilla;2026-10-01;18,3591;26,9783;NA;0,5386;1,3725;0,4346;NA;37,1163;3,7105;1,3566;31,8829;proyeccion;NA;NA;NA;NA;NA;NA;NA;NA;NA;NA;NA;NA;NA;NA;NA;NA;NA;NA;NA;NA;NA;NA;NA
Ceuta y Melilla;2026-11-01;18,3591;26,9783;NA;0,5386;1,3725;0,4346;NA;37,1163;3,7105;1,3566;32,0603;proyeccion;NA;NA;NA;NA;NA;NA;NA;NA;NA;NA;NA;NA;NA;NA;NA;NA;NA;NA;NA;NA;NA;NA;NA
Comunidad Foral de Navarra;2023-01-01;18,5104;25,8188;71,4909;0,0750;0,9151;0,0000;176,9500;46,4827;11,9118;1,3367;22,2818;real;21331;15293;2435;9502;2515;994;506;2756;20442;21269;6510;5963;3576;16049;21331;62;55;756;15293;15293;0;75,79;106,12
Comunidad Foral de Navarra;2023-02-01;18,5516;25,8805;71,5450;0,0787;0,9042;0,0000;175,5700;46,1157;12,0029;1,3421;22,0231;real;21382;15327;2469;9486;2517;993;521;2813;20570;21317;6575;5959;3540;16074;21382;65;61;747;15327;15327;0;78,18;104,28
Comunidad Foral de Navarra;2023-03-01;18,5746;25,8647;71,5346;0,0775;0,8933;0,0000;175,9100;45,9903;11,9758;1,3456;21,6799;real;21369;15346;2473;9497;2499;998;535;2847;20650;21305;6647;5950;3487;16084;21369;64;61;738;15346;15346;0;82,17;102,34
Comunidad Foral de Navarra;2023-04-01;18,6375;25,9967;71,4664;0,0799;0,8751;0,0000;178,0700;45,5796;11,9913;1,3502;21,5371;real;21478;15398;2493;9476;2520;999;567;2885;20790;21412;6658;5991;3472;16121;21478;66;61;723;15398;15398;0;86,68;101,67
Comunidad Foral de Navarra;2023-05-01;18,7065;26,1238;71,5900;0,0811;0,8691;0,0000;177,2500;45,3247;11,8305;1,3542;21,3009;real;21583;15455;2476;9486;2573;1007;580;2924;20929;21516;6725;6003;3445;16173;21583;67;62;718;15455;15455;0;93,17;97,93
Comunidad Foral de Navarra;2023-06-01;18,8106;26,3271;71,5949;0,0835;0,8594;0,0000;176,3900;45,1833;11,7031;1,3586;21,1925;real;21751;15541;2471;9540;2609;1013;585;2964;21114;21682;6780;6027;3444;16251;21751;69;65;710;15541;15541;0;97,47;93,18
Comunidad Foral de Navarra;2023-07-01;18,8687;26,3828;71,7638;0,0884;0,8533;0,0000;176,4200;45,0755;11,5802;1,3599;21,0323;real;21797;15589;2455;9556;2661;1013;585;2983;21200;21724;6834;6033;3427;16294;21797;73;66;705;15589;15589;0;99,83;90,83
Comunidad Foral de Navarra;2023-08-01;18,8844;26,4566;71,6717;0,0823;0,8497;0,0000;176,6100;44,8770;11,5860;1,3631;21,0071;real;21858;15602;2464;9544;2671;1019;592;2998;21267;21790;6853;6026;3425;16304;21858;68;66;702;15602;15602;0;102,59;89,21
Comunidad Foral de Navarra;2023-09-01;19,0539;26,6031;71,8561;0,0847;0,8448;0,0000;176,7500;44,6180;11,4148;1,3668;20,9428;real;21979;15742;2456;9600;2731;1028;633;3061;21516;21909;6841;6156;3443;16440;21979;70;66;698;15742;15742;0;104,41;84,02
Comunidad Foral de Navarra;2023-10-01;19,2270;26,6672;72,0084;0,0896;0,8219;0,0000;177,0700;44,4307;11,3547;1,3700;21,3234;real;22032;15885;2471;9669;2782;1025;652;3137;21762;21958;6878;6154;3532;16564;22032;74;70;679;15885;15885;0;106,47;81,69
Comunidad Foral de Navarra;2023-11-01;19,4436;26,7822;71,9314;0,0920;0,8085;0,0000;177,5500;44,2651;11,3379;1,3693;21,6232;real;22127;16064;2494;9737;2850;1039;680;3177;21997;22051;6781;6333;3618;16732;22127;76;73;668;16064;16064;0;108,22;79,45
Comunidad Foral de Navarra;2023-12-01;19,5381;26,7592;72,0439;0,0944;0,7976;0,0000;178,2100;44,1004;11,2801;1,3724;21,3380;real;22108;16142;2499;9770;2880;1053;693;3211;22154;22030;6789;6427;3585;16801;22108;78;77;659;16142;16142;0;108,09;76,95
Comunidad Foral de Navarra;2024-01-01;19,9334;27,1761;71,9756;0,0996;0,8052;0,0000;180,6500;43,9674;11,3534;1,3775;21,1369;real;22108;16216;2536;9821;2846;1083;713;3278;22337;22027;6871;6434;3566;16871;22108;81;81;655;16216;16216;0;108,55;76,54
Comunidad Foral de Navarra;2024-02-01;19,9948;27,0605;72,1697;0,1020;0,7670;0,0000;181,3700;43,9059;11,2295;1,3851;20,5802;real;22014;16266;2530;9892;2787;1099;731;3354;22530;21931;7037;6377;3476;16890;22014;83;82;624;16266;16266;0;108,49;75,86
Comunidad Foral de Navarra;2024-03-01;20,0219;26,9769;72,0808;0,1020;0,7523;0,0000;184,3500;43,7129;11,1849;1,3876;20,3728;real;21946;16288;2528;9880;2813;1106;739;3366;22602;21863;7080;6377;3443;16900;21946;83;82;612;16288;16288;0;109,58;77,43
Comunidad Foral de Navarra;2024-04-01;20,0415;26,8946;72,0206;0,1033;0,7302;0,0000;186,0200;43,7318;11,1371;1,3895;20,2746;real;21879;16304;2523;9907;2814;1106;733;3381;22654;21795;7091;6381;3426;16898;21879;84;82;594;16304;16304;0;111,89;78,14
Comunidad Foral de Navarra;2024-05-01;19,7797;26,5467;71,8605;0,1033;0,7228;0,0000;189,2600;43,5031;11,1975;1,3908;20,2350;real;21596;16091;2506;9736;2783;1093;740;3345;22380;21512;6973;6331;3375;16679;21596;84;82;588;16091;16091;0;113,54;80,40
Comunidad Foral de Navarra;2024-06-01;19,7367;26,5676;71,8431;0,1033;0,7080;0,0000;192,8600;43,3744;11,1885;1,3950;20,0938;real;21613;16056;2506;9715;2772;1099;747;3359;22398;21529;6983;6307;3342;16632;21613;84;82;576;16056;16056;0;117,78;82,18
Comunidad Foral de Navarra;2024-07-01;19,9801;26,7852;71,7553;0,0947;0,7130;0,0000;197,6600;43,3317;10,9649;1,3982;19,7517;real;21790;16254;2492;9848;2849;1122;748;3455;22727;21713;7125;6384;3325;16834;21790;77;76;580;16254;16254;0;122,04;83,05
Comunidad Foral de Navarra;2024-08-01;19,9358;26,6475;71,7581;0,0910;0,7093;0,0000;198,6800;43,1859;11,1062;1,3985;19,7142;real;21678;16218;2519;9795;2818;1123;764;3439;22681;21604;7110;6374;3311;16795;21678;74;74;577;16218;16218;0;125,14;80,95
Comunidad Foral de Navarra;2024-09-01;19,8141;26,4066;71,6518;0,0934;0,6822;0,0000;200,1900;43,1076;11,1841;1,3979;19,7133;real;21482;16119;2520;9713;2793;1106;767;3406;22532;21406;7033;6354;3287;16674;21482;76;76;555;16119;16119;0;128,13;79,94
Comunidad Foral de Navarra;2024-10-01;19,8756;26,2136;71,6987;0,0922;0,4954;0,0000;202,9900;42,9191;11,2905;1,3979;19,8467;real;21325;16169;2552;9701;2790;1115;778;3401;22603;21250;6963;6320;3289;16572;21325;75;76;403;16169;16169;0;131,40;80,17
Comunidad Foral de Navarra;2024-11-01;19,8363;26,0550;71,6070;0,0897;0,4683;0,0000;203,1000;42,4242;11,2112;1,4029;19,8995;real;21196;16137;2538;9604;2851;1118;803;3419;22638;21123;6900;6331;3287;16518;21196;73;72;381;16137;16137;0;135,44;76,78
Comunidad Foral de Navarra;2024-12-01;20,2517;26,4459;71,7492;0,0873;0,5630;0,0000;204,3000;42,1537;11,1054;1,4052;20,8528;real;21514;16475;2571;9759;2994;1135;831;3533;23151;21443;6679;6723;3531;16933;21514;71;69;458;16475;16475;0;135,39;75,48
Comunidad Foral de Navarra;2025-01-01;19,4030;25,3182;71,7783;0,0808;0,5385;0,0000;204,7600;42,1236;11,3990;1,4044;20,7332;real;21298;16322;2613;9656;2923;1123;816;3487;22923;21230;6611;6686;3478;16775;21298;68;65;453;16322;16322;0;136,00;74,23
Comunidad Foral de Navarra;2025-02-01;19,0535;24,9034;71,7180;0,0808;0,5361;0,0000;204,8800;42,0511;11,6448;1,4054;20,4321;real;20949;16028;2623;9472;2813;1095;804;3448;22525;20881;6562;6550;3367;16479;20949;68;65;451;16028;16028;0;136,19;72,45
Comunidad Foral de Navarra;2025-03-01;18,9358;24,6989;71,6835;0,0820;0,5112;0,0000;204,0300;41,9684;11,7419;1,4077;20,6614;real;20777;15929;2633;9411;2782;1107;796;3447;22424;20708;6486;6493;3380;16359;20777;69;66;430;15929;15929;0;135,58;69,70
Comunidad Foral de Navarra;2025-04-01;18,9607;24,6513;71,6175;0,0832;0,5100;0,0000;198,1500;41,9999;11,6454;1,4095;20,5385;real;20737;15950;2618;9442;2793;1104;789;3467;22481;20667;6554;6461;3364;16379;20737;70;68;429;15950;15950;0;134,12;64,81
Comunidad Foral de Navarra;2025-05-01;20,5156;28,0334;71,4193;0,1201;0,4446;0,0000;201,7400;42,3141;10,9891;1,4253;19,0109;real;23582;17258;2703;10408;3019;1234;810;4001;24597;23481;7641;6639;3352;17632;23582;101;93;374;17258;17258;0;131,61;72,32
Comunidad Foral de Navarra;2025-06-01;20,5822;28,1879;71,3889;0,1165;0,4410;0,0000;202,1200;42,1029;10,8747;1,4276;19,0444;real;23712;17314;2688;10407;3091;1241;819;4041;24718;23614;7642;6675;3368;17685;23712;98;93;371;17314;17314;0;132,51;72,51
Comunidad Foral de Navarra;2025-07-01;20,5394;28,1713;71,3833;0,1141;0,4303;0,0000;202,9000;41,8023;10,9356;1,4290;18,9512;real;23698;17278;2700;10321;3120;1243;824;4045;24690;23602;7635;6662;3343;17640;23698;96;93;362;17278;17278;0;132,33;72,96
Comunidad Foral de Navarra;2025-08-01;20,5727;28,2105;71,3729;0,1201;0,4387;0,0000;201,8900;41,8775;10,9230;1,4299;18,6139;real;23731;17306;2703;10363;3105;1242;826;4068;24746;23630;7735;6650;3290;17675;23731;101;95;369;17306;17306;0;131,49;71,95
Comunidad Foral de Navarra;2025-09-01;20,5870;28,1463;71,3994;0,1201;0,4494;0,0000;200,3400;41,7601;10,8224;1,4310;18,4222;real;23677;17318;2682;10349;3153;1240;819;4115;24782;23576;7803;6633;3260;17696;23677;101;95;378;17318;17318;0;130,06;71,11
Comunidad Foral de Navarra;2025-10-01;20,7498;28,2367;71,3666;0,1177;0,4589;0,0000;201,3300;41,6534;10,7628;1,4345;18,2669;real;23753;17455;2695;10430;3184;1264;825;4213;25040;23654;7920;6662;3259;17841;23753;99;96;386;17455;17455;0;128,99;72,50
Comunidad Foral de Navarra;2025-11-01;20,9531;28,7347;71,3946;0,0987;0,4137;0,0000;201,2000;41,3270;10,8840;1,4434;19,3057;real;24172;17626;2769;10514;3177;1283;819;4293;25441;24089;7899;6605;3470;17974;24172;83;79;348;17626;17626;0;130,50;73,58
Comunidad Foral de Navarra;2025-12-01;20,8770;28,7680;71,2409;0,0999;0,7240;0,0000;200,8000;41,3101;11,0877;1,4308;18,9753;real;24200;17562;2786;10380;3226;1243;823;4182;25127;24116;7810;6913;3448;18171;24200;84;80;609;17562;17562;0;130,58;73,50
Comunidad Foral de Navarra;2026-01-01;20,2145;28,0074;71,3721;0,0980;0,6944;0,0000;199,6600;41,1496;11,3268;1,4303;18,7441;real;23997;17320;2806;10194;3137;1234;831;4108;24773;23913;7750;6807;3358;17915;23997;84;82;595;17320;17320;0;130,90;72,53
Comunidad Foral de Navarra;2026-02-01;20,1246;27,9047;71,4045;0,0945;0,6349;0,0000;201,6600;41,5494;11,0869;1,4343;18,1931;real;23909;17243;2742;10276;3046;1241;823;4142;24732;23828;7858;6693;3236;17787;23909;81;79;544;17243;17243;0;132,18;73,23
Comunidad Foral de Navarra;2026-03-01;20,1141;28,0179;71,3844;0,1004;0,5976;0,0000;204,4800;41,4918;11,1579;1,4322;18,0717;real;24006;17234;2754;10241;3064;1237;815;4117;24682;23920;7881;6658;3207;17746;24006;86;83;512;17234;17234;0;132,78;75,37
Comunidad Foral de Navarra;2026-04-01;20,1141;28,0179;71,3861;0,1003;0,6025;0,0000;205,2414;41,4430;11,1579;1,4354;18,0717;proyeccion;NA;NA;NA;NA;NA;NA;NA;NA;NA;NA;NA;NA;NA;NA;NA;NA;NA;NA;NA;NA;NA;NA;NA
Comunidad Foral de Navarra;2026-05-01;20,1141;28,0179;71,3861;0,1003;0,6025;0,0000;206,3455;41,3972;11,1579;1,4380;18,0717;proyeccion;NA;NA;NA;NA;NA;NA;NA;NA;NA;NA;NA;NA;NA;NA;NA;NA;NA;NA;NA;NA;NA;NA;NA
Comunidad Foral de Navarra;2026-06-01;20,1141;28,0179;71,3861;0,1003;0,6025;0,0000;207,4496;41,3533;11,1579;1,4405;18,0717;proyeccion;NA;NA;NA;NA;NA;NA;NA;NA;NA;NA;NA;NA;NA;NA;NA;NA;NA;NA;NA;NA;NA;NA;NA
Comunidad Foral de Navarra;2026-07-01;20,1141;28,0179;71,3861;0,1003;0,6025;0,0000;208,5537;41,3114;11,1579;1,4431;18,0717;proyeccion;NA;NA;NA;NA;NA;NA;NA;NA;NA;NA;NA;NA;NA;NA;NA;NA;NA;NA;NA;NA;NA;NA;NA
Comunidad Foral de Navarra;2026-08-01;20,1141;28,0179;71,3861;0,1003;0,6025;0,0000;209,6578;41,2714;11,1579;1,4456;18,0717;proyeccion;NA;NA;NA;NA;NA;NA;NA;NA;NA;NA;NA;NA;NA;NA;NA;NA;NA;NA;NA;NA;NA;NA;NA
Comunidad Foral de Navarra;2026-09-01;20,1141;28,0179;71,3861;0,1003;0,6025;0,0000;210,7619;41,2331;11,1579;1,4482;18,0717;proyeccion;NA;NA;NA;NA;NA;NA;NA;NA;NA;NA;NA;NA;NA;NA;NA;NA;NA;NA;NA;NA;NA;NA;NA
Comunidad Foral de Navarra;2026-10-01;20,1141;28,0179;71,3861;0,1003;0,6025;0,0000;211,8659;41,1966;11,1579;1,4507;18,0717;proyeccion;NA;NA;NA;NA;NA;NA;NA;NA;NA;NA;NA;NA;NA;NA;NA;NA;NA;NA;NA;NA;NA;NA;NA
Comunidad Foral de Navarra;2026-11-01;20,1141;28,0179;71,3861;0,1003;0,6025;0,0000;212,9700;41,1616;11,1579;1,4533;18,0717;proyeccion;NA;NA;NA;NA;NA;NA;NA;NA;NA;NA;NA;NA;NA;NA;NA;NA;NA;NA;NA;NA;NA;NA;NA
Comunidad Valenciana;2023-01-01;20,5959;28,4641;74,8922;2,5245;1,5575;0,3610;300,2900;52,9023;7,6792;1,2833;29,3599;real;186647;135053;13309;91686;20870;4094;7886;33979;173312;170093;47912;54704;42650;145266;186647;16554;7376;10213;135053;132686;2367;241,94;53,92
Comunidad Valenciana;2023-02-01;20,8916;28,6354;74,6000;2,3996;1,5233;0,3794;294,5800;52,0640;7,5423;1,3048;29,3630;real;187770;136992;13482;93066;21175;4167;7852;37505;178753;172035;48514;55309;43158;146981;187770;15735;6545;9989;136992;134504;2488;236,97;52,87
Comunidad Valenciana;2023-03-01;21,1920;28,8519;74,5499;2,3739;1,4450;0,3764;287,0800;51,3965;7,4635;1,3320;29,3896;real;189190;138962;13815;95135;21412;4348;8042;40724;185100;173624;49061;55751;43625;148437;189190;15566;6438;9475;138962;136494;2468;230,95;52,59
Comunidad Valenciana;2023-04-01;21,4668;29,2690;74,4707;2,5608;1,3323;0,3854;282,1600;51,1679;7,3133;1,3397;29,3438;real;191925;140764;13792;96496;21622;4423;8005;42597;188587;175133;49459;56172;43869;149500;191925;16792;6245;8736;140764;138237;2527;224,28;52,64
Comunidad Valenciana;2023-05-01;21,6636;29,8127;74,3435;2,7248;1,4819;0,4032;279,6800;51,0517;7,3058;1,3400;29,4397;real;195490;142054;13907;97180;21998;4491;7999;43079;190356;177623;50123;56967;44681;151771;195490;17867;6086;9717;142054;139410;2644;218,30;53,79
Comunidad Valenciana;2023-06-01;21,7371;30,1648;74,2891;2,7338;1,7118;0,3593;277,9600;50,7265;7,2251;1,3496;29,4398;real;197799;142536;13899;97583;21968;4550;7985;44676;192371;179873;50781;57713;45267;153761;197799;17926;5798;11225;142536;140180;2356;213,48;55,78
Comunidad Valenciana;2023-07-01;21,2521;30,5246;74,3028;2,7039;2,5390;0,1885;276,6500;49,8234;7,2934;1,3711;29,3260;real;200158;139356;13936;95201;21065;4788;8891;45400;191077;182428;51866;58389;45750;156005;200158;17730;5549;16649;139356;138120;1236;208,77;56,61
Comunidad Valenciana;2023-08-01;21,1397;30,6668;74,3066;2,9822;2,5389;0,1827;277,4700;49,7333;7,3965;1,3701;29,3308;real;201091;138619;14048;94457;20885;4853;8918;44949;189927;181536;51494;58232;45541;155267;201091;19555;7247;16648;138619;137421;1198;207,33;57,86
Comunidad Valenciana;2023-09-01;21,4366;30,8810;74,2301;2,7310;2,6509;0,2076;277,6200;49,8903;7,3531;1,3618;29,2506;real;202495;140566;14075;95498;21567;4924;9015;44465;191416;184587;52575;59173;46201;157949;202495;17908;7315;17383;140566;139205;1361;204,17;60,67
Comunidad Valenciana;2023-10-01;21,9298;31,0187;74,0687;2,7374;2,2714;0,2437;280,2900;50,1205;7,1224;1,3645;29,1530;real;203398;143800;13975;98343;22163;5040;9036;45748;196213;185448;53070;59360;46264;158694;203398;17950;7632;14894;143800;142202;1598;200,80;69,35
Comunidad Valenciana;2023-11-01;21,9861;31,4376;74,0489;2,8599;2,4739;0,2838;282,8400;49,7218;7,0770;1,3687;29,0715;real;206145;144169;13965;98115;22593;5169;9099;46445;197328;187392;53972;59791;46628;160391;206145;18753;8136;16222;144169;142308;1861;199,05;75,64
Comunidad Valenciana;2023-12-01;22,3096;31,3626;74,0609;2,5350;2,3639;0,2757;279,3100;48,5434;6,9945;1,3701;28,9639;real;205653;146290;14019;97295;22453;5270;9103;50334;200429;189030;54710;60220;46861;161791;205653;16623;8583;15501;146290;144482;1808;198,71;76,23
Comunidad Valenciana;2024-01-01;22,3302;31,7294;74,0359;2,3789;2,8074;0,2000;278,3000;47,4651;6,6584;1,4106;28,9238;real;204614;144001;13525;96415;22027;5187;9149;54862;203128;189273;54865;60353;46887;162105;204614;15341;9068;18104;144001;142711;1290;198,47;77,78
Comunidad Valenciana;2024-02-01;22,9351;31,7415;73,9580;2,3265;2,2440;0,2537;290,8300;46,3606;6,5787;1,4237;28,7104;real;204692;147902;13853;97623;22640;5353;9191;59861;210573;189689;55102;60653;46618;162373;204692;15003;8642;14471;147902;146266;1636;200,68;89,20
Comunidad Valenciana;2024-03-01;23,3640;31,8421;73,9059;2,1869;2,0407;0,2542;301,7600;42,7565;6,0449;1,5289;28,8431;real;205341;150668;13925;98493;22984;5462;9252;78134;230358;191238;55389;61186;47253;163828;205341;14103;7941;13160;150668;149029;1639;203,74;97,19
Comunidad Valenciana;2024-04-01;23,6568;31,9688;73,8408;2,1049;1,9317;0,2523;306,2400;41,9975;5,9322;1,5422;28,8086;real;206158;152556;13957;98810;22984;5545;9284;82554;235276;192584;55768;61707;47538;165013;206158;13574;7785;12457;152556;150929;1627;206,98;99,17
Comunidad Valenciana;2024-05-01;23,9789;32,1949;73,7363;2,1055;1,8295;0,2405;313,5000;41,3691;5,8196;1,5540;28,7765;real;207616;154633;13984;99407;23088;5664;9331;86640;240293;194038;56297;62241;47893;166431;207616;13578;7989;11798;154633;153082;1551;211,42;101,87
Comunidad Valenciana;2024-06-01;24,2034;32,4285;73,6614;2,1468;1,7754;0,2542;314,3200;41,3335;5,7108;1,5622;28,6337;real;209122;156081;13925;100786;23531;5730;9342;88309;243836;195278;56881;62679;47970;167530;209122;13844;7795;11449;156081;154442;1639;216,78;99,27
Comunidad Valenciana;2024-07-01;24,3597;33,0464;73,5372;2,7365;1,6447;0,2739;317,8800;41,4330;5,6786;1,5626;28,5286;real;213107;157089;13939;101703;23755;5765;9377;88682;245464;195460;57069;62785;47841;167695;213107;17647;8717;10606;157089;155323;1766;221,57;101,35
Comunidad Valenciana;2024-08-01;24,5793;33,0442;73,4736;2,5985;1,5380;0,2819;315,6700;42,0335;5,6721;1,5433;28,3904;real;213093;158505;13875;102821;23706;5814;9373;86761;244617;196336;57551;63056;47816;168423;213093;16757;9831;9918;158505;156687;1818;223,64;100,40
Comunidad Valenciana;2024-09-01;24,6043;33,0577;73,4587;2,5371;1,5654;0,2751;315,8200;42,6813;5,7322;1,5241;28,1706;real;213180;158666;13862;103214;23858;5864;9412;83314;241825;196819;57950;63270;47541;168761;213180;16361;10253;10095;158666;156892;1774;228,12;98,24
Comunidad Valenciana;2024-10-01;24,8984;33,3725;73,4196;2,5999;1,4972;0,2723;315,4600;42,9217;5,6969;1,5179;28,1909;real;215210;160563;13884;104605;24175;5960;9447;83307;243711;198444;58465;63767;47986;170218;215210;16766;10253;9655;160563;158807;1756;233,35;93,61
Comunidad Valenciana;2024-11-01;25,3177;33,5791;73,3090;2,5562;1,2843;0,3052;313,3900;43,6650;5,5743;1,5160;28,1068;real;216542;163267;13797;108076;24933;6085;9460;82784;247512;200058;59060;64272;48217;171549;216542;16484;11183;8282;163267;161299;1968;239,53;86,54
Comunidad Valenciana;2024-12-01;25,5190;33,8560;73,2383;2,6407;1,2389;0,3360;317,4700;44,1056;5,5207;1,5171;27,9953;real;218328;164565;13783;110114;25305;6188;9422;82468;249660;201299;59604;64643;48307;172554;218328;17029;11968;7989;164565;162398;2167;243,33;83,80
Comunidad Valenciana;2025-01-01;25,1279;33,4365;73,1532;2,6201;1,2773;0,3348;314,5900;44,7300;5,4888;1,5106;27,7413;real;219001;164582;13646;111206;25186;6153;9377;80642;248616;201840;60191;64779;47978;172948;219001;17161;12299;8366;164582;162389;2193;249,56;80,36
Comunidad Valenciana;2025-02-01;25,3577;33,5133;73,0645;2,2546;1,4149;0,3148;313,4700;45,4398;5,4295;1,5143;27,4787;real;219504;166087;13656;114287;25253;6204;9413;80223;251513;204737;61557;65612;48185;175354;219504;14767;9763;9267;166087;164025;2062;252,47;72,56
Comunidad Valenciana;2025-03-01;25,5397;33,6725;72,9499;2,2709;1,3407;0,3153;311,7800;45,7197;5,3603;1,5218;27,2004;real;220547;167279;13646;116390;25467;6220;9468;80866;254573;205673;62283;65888;47889;176060;220547;14874;9707;8781;167279;165214;2065;254,59;65,88
Comunidad Valenciana;2025-04-01;25,7200;34,5504;72,8648;3,1832;1,1181;0,3270;309,9000;45,9450;5,2801;1,5231;27,0328;real;226297;168460;13548;117889;25814;6219;9518;81051;256587;205448;62424;65840;47519;175783;226297;20849;10541;7323;168460;166318;2142;258,10;62,01
Comunidad Valenciana;2025-05-01;25,7357;34,7130;73,0103;3,5942;0,8700;0,2916;310,3600;46,0826;5,2514;1,5262;26,8149;real;227362;168563;13510;118554;25803;6222;9590;81012;257264;203821;62196;65337;46728;174261;227362;23541;12981;5698;168563;166653;1910;259,96;62,28
Comunidad Valenciana;2025-06-01;25,5970;34,9051;72,9841;4,0069;0,8000;0,2490;311,8800;46,0762;5,3042;1,5277;26,6389;real;228620;167654;13585;118010;25674;6255;9609;80369;256119;202376;61933;64904;46057;172894;228620;26244;15483;5240;167654;166023;1631;261,77;63,40
Comunidad Valenciana;2025-07-01;26,6019;34,9860;72,8447;2,4520;1,3184;0,3451;303,9400;46,6750;5,1196;1,5214;26,9939;real;229150;174236;13571;123726;26892;6380;9804;82023;265080;213090;65120;68387;49364;182871;229150;16060;8218;8635;174236;171976;2260;260,40;48,71
Comunidad Valenciana;2025-08-01;26,6958;34,9284;72,8270;2,3277;1,2694;0,3872;303,7100;46,7835;5,1037;1,5179;26,8960;real;228773;174851;13546;124170;26954;6383;9794;81867;265414;213527;65269;68632;49264;183165;228773;15246;8982;8314;174851;172315;2536;261,93;45,95
Comunidad Valenciana;2025-09-01;26,7142;35,5222;72,7955;2,8154;1,3547;0,3716;304,8300;46,9115;5,0864;1,5170;26,7437;real;232662;174972;13501;124518;26934;6398;9794;81569;265432;214222;65748;68930;49167;183845;232662;18440;9419;8873;174972;172538;2434;262,64;44,09
Comunidad Valenciana;2025-10-01;27,0801;35,5865;72,7287;2,5583;1,2639;0,3977;303,3600;46,9687;5,0262;1,5133;26,7687;real;233083;177368;13491;126070;27295;6548;9801;82440;268413;216327;66345;69606;49695;185646;233083;16756;9122;8278;177368;174763;2605;262,42;42,46
Comunidad Valenciana;2025-11-01;27,2613;36,1662;72,6217;2,9225;1,2720;0,3738;301,7900;47,3814;4,9294;1,5124;26,7361;real;236880;178555;13312;127954;27205;6887;9604;82454;270051;217738;66750;70170;49966;186886;236880;19142;9506;8331;178555;176107;2448;262,10;41,33
Comunidad Valenciana;2025-12-01;27,3915;36,1433;72,6035;2,6925;1,3248;0,3870;299,5300;47,4044;4,8950;1,5131;26,7395;real;236730;179408;13288;128683;27481;6983;9637;82700;271458;219095;67192;70600;50293;188085;236730;17635;9676;8677;179408;176873;2535;259,85;40,38
Comunidad Valenciana;2026-01-01;26,3461;34,6669;72,5627;2,4691;1,2888;0,3624;297,2100;47,5143;4,8550;1,5117;26,4965;real;235704;179130;13147;128665;27739;6933;9975;81570;270792;218916;67597;70511;49785;187893;235704;16788;10511;8763;179130;176666;2464;257,56;39,78
Comunidad Valenciana;2026-02-01;26,4142;35,1582;72,4490;2,9377;1,2237;0,3264;296,5400;47,7905;4,8208;1,5096;26,3430;real;239044;179593;13070;129569;27546;6963;9958;81212;271119;219070;67717;70694;49502;187913;239044;19974;9596;8320;179593;177374;2219;257,84;39,01
Comunidad Valenciana;2026-03-01;26,5319;35,1842;72,3928;2,5962;1,4497;0,3314;296,7000;47,9106;4,8015;1,5087;26,3075;real;239221;180393;13068;130396;27574;7011;9927;81342;272165;221569;68578;71622;50050;190250;239221;17652;8664;9857;180393;178140;2253;256,73;39,09
Comunidad Valenciana;2026-04-01;26,6993;35,3015;72,3269;2,6279;1,4470;0,3314;296,4299;48,0345;4,7324;1,5087;26,2268;proyeccion;NA;NA;NA;NA;NA;NA;NA;NA;NA;NA;NA;NA;NA;NA;NA;NA;NA;NA;NA;NA;NA;NA;NA
Comunidad Valenciana;2026-05-01;26,8666;35,3946;72,2609;2,6279;1,4470;0,3314;296,2160;48,1311;4,6635;1,5087;26,1466;proyeccion;NA;NA;NA;NA;NA;NA;NA;NA;NA;NA;NA;NA;NA;NA;NA;NA;NA;NA;NA;NA;NA;NA;NA
Comunidad Valenciana;2026-06-01;27,0340;35,4850;72,1950;2,6279;1,4470;0,3314;296,0449;48,2084;4,5946;1,5087;26,0663;proyeccion;NA;NA;NA;NA;NA;NA;NA;NA;NA;NA;NA;NA;NA;NA;NA;NA;NA;NA;NA;NA;NA;NA;NA
Comunidad Valenciana;2026-07-01;27,2013;35,5727;72,1291;2,6279;1,4470;0,3314;295,9080;48,2702;4,5258;1,5087;25,9860;proyeccion;NA;NA;NA;NA;NA;NA;NA;NA;NA;NA;NA;NA;NA;NA;NA;NA;NA;NA;NA;NA;NA;NA;NA
Comunidad Valenciana;2026-08-01;27,3687;35,6578;72,0632;2,6279;1,4470;0,3314;295,7985;48,3197;4,4569;1,5087;25,9058;proyeccion;NA;NA;NA;NA;NA;NA;NA;NA;NA;NA;NA;NA;NA;NA;NA;NA;NA;NA;NA;NA;NA;NA;NA
Comunidad Valenciana;2026-09-01;27,5361;35,7404;71,9973;2,6279;1,4470;0,3314;295,7109;48,3593;4,3881;1,5087;25,8255;proyeccion;NA;NA;NA;NA;NA;NA;NA;NA;NA;NA;NA;NA;NA;NA;NA;NA;NA;NA;NA;NA;NA;NA;NA
Comunidad Valenciana;2026-10-01;27,7034;35,8205;71,9314;2,6279;1,4470;0,3314;295,6408;48,3909;4,3192;1,5087;25,7452;proyeccion;NA;NA;NA;NA;NA;NA;NA;NA;NA;NA;NA;NA;NA;NA;NA;NA;NA;NA;NA;NA;NA;NA;NA
Comunidad Valenciana;2026-11-01;27,8708;35,8983;71,8655;2,6279;1,4470;0,3314;295,5847;48,4162;4,2504;1,5087;25,6649;proyeccion;NA;NA;NA;NA;NA;NA;NA;NA;NA;NA;NA;NA;NA;NA;NA;NA;NA;NA;NA;NA;NA;NA;NA
Comunidad de Madrid;2023-01-01;20,2321;28,0552;75,4229;0,0293;1,3802;0,0000;272,1500;18,8936;10,8050;1,3477;33,4471;real;225189;162396;23648;41351;24180;46978;15429;62908;218862;224954;51231;64221;58022;173474;225189;235;129;11078;162396;162396;0;139,70;51,79
Comunidad de Madrid;2023-02-01;20,2769;28,0537;75,3947;0,0161;1,2723;0,0000;275,9500;19,0862;10,7623;1,3495;33,3711;real;225177;162755;23639;41922;24644;46521;15393;63073;219646;225048;51089;64157;57721;172967;225177;129;90;10212;162755;162755;0;141,19;53,89
Comunidad de Madrid;2023-03-01;20,5138;28,5407;75,3039;0,0131;1,5234;0,0000;279,5100;19,0196;10,7446;1,3503;33,3058;real;229086;164657;23890;42289;24517;46966;15603;64581;222344;228981;52310;65662;58913;176885;229086;105;67;12228;164657;164657;0;144,95;55,82
Comunidad de Madrid;2023-04-01;20,8162;28,6374;75,3321;0,0127;1,4043;0,0000;282,3200;18,9258;10,5725;1,3524;33,1517;real;229862;167084;23891;42767;24882;47685;15890;66311;225972;229760;52824;66404;59128;178356;229862;102;60;11272;167084;167084;0;147,40;57,60
Comunidad de Madrid;2023-05-01;21,0388;28,8268;75,3698;0,0138;1,3361;0,0000;285,7000;18,8949;10,4593;1,3537;33,2660;real;231382;168871;23910;43194;24884;48464;16016;67544;228601;231271;52939;66912;59744;179595;231382;111;66;10724;168871;168871;0;150,20;58,90
Comunidad de Madrid;2023-06-01;21,3143;29,0545;75,3495;0,0546;1,2812;0,0000;288,3300;18,7698;10,3576;1,3585;33,0034;real;233210;171082;24072;43623;25723;49184;16520;68673;232410;232772;53928;67581;59857;181366;233210;438;194;10284;171082;171082;0;154,40;60,16
Comunidad de Madrid;2023-07-01;21,0453;29,1747;75,3144;0,0121;1,6597;0,0000;288,4200;19,0346;10,0395;1,3587;33,2245;real;234175;168923;23042;43687;24994;48355;16602;68208;229514;234078;53882;67813;60550;182245;234175;97;63;13322;168923;168923;0;156,08;59,41
Comunidad de Madrid;2023-08-01;21,4486;29,2110;75,3135;0,0171;1,3549;0,0000;289,0900;18,6339;10,2354;1,3626;32,9259;real;234466;172160;24011;43713;25635;49317;17180;70051;234588;234329;54560;68209;60266;183035;234466;137;86;10875;172160;172160;0;157,86;58,90
Comunidad de Madrid;2023-09-01;21,6015;29,5708;75,2288;0,0313;1,4854;0,0000;288,6100;18,8796;10,1801;1,3615;33,0241;real;237354;173387;24031;44567;25370;49349;17431;70568;236059;237103;55067;69046;61197;185310;237354;251;146;11923;173387;173387;0;161,61;57,12
Comunidad de Madrid;2023-10-01;21,7943;29,7603;75,1769;0,0455;1,4434;0,0000;287,8400;18,9433;10,2107;1,3620;32,9829;real;238875;174935;24329;45136;25553;49632;17542;71294;238269;238510;55633;69368;61520;186521;238875;365;201;11586;174935;174935;0;163,02;54,98
Comunidad de Madrid;2023-11-01;21,9949;29,6007;75,0797;0,0182;1,1539;0,0000;287,8700;18,9047;10,1579;1,3672;32,8760;real;237594;176545;24518;45630;25958;50519;17572;72041;241369;237448;55445;69276;61086;185807;237594;146;105;9262;176545;176545;0;163,87;54,95
Comunidad de Madrid;2023-12-01;22,1506;29,5536;75,0428;0,0244;1,0044;0,0000;288,3500;18,8434;10,0826;1,3714;33,0770;real;237216;177795;24585;45947;27416;51235;17598;71764;243836;237020;55054;69327;61476;185857;237216;196;155;8062;177795;177795;0;165,44;54,69
Comunidad de Madrid;2024-01-01;21,9768;30,2557;75,0299;0,0352;1,5900;0,0000;287,5500;18,8203;10,0773;1,3737;32,7569;real;242904;176438;24424;45614;26811;51188;17689;71295;242366;242621;56638;70588;61977;189203;242904;283;209;12765;176438;176438;0;164,59;54,82
Comunidad de Madrid;2024-02-01;22,0254;30,5224;75,0124;0,0947;1,8204;0,0000;286,8200;19,2099;10,1655;1,3720;32,4520;real;245045;176828;24663;46606;27167;50565;17790;70433;242615;244285;57860;71456;62127;191443;245045;760;289;14615;176828;176828;0;167,01;53,80
Comunidad de Madrid;2024-03-01;22,3602;30,7750;75,0184;0,0582;1,6924;0,0000;287,6200;19,0333;9,9845;1,3757;32,5422;real;247073;179516;24657;47003;27150;52176;17854;72682;246952;246606;58343;71920;62840;193103;247073;467;272;13587;179516;179516;0;167,77;55,05
Comunidad de Madrid;2024-04-01;22,5959;31,0246;74,9193;0,0612;1,6600;0,0000;288,1500;18,9395;9,8876;1,3785;32,5566;real;249077;181408;24726;47362;27490;53092;17931;73992;250070;248586;58894;72442;63399;194735;249077;491;299;13327;181408;181408;0;170,53;57,62
Comunidad de Madrid;2024-05-01;22,8195;31,1183;74,8376;0,0638;1,5428;0,0000;288,7400;19,0144;9,7707;1,3795;32,3893;real;249829;183203;24694;48056;27736;53366;18075;75278;252735;249317;59460;72779;63350;195589;249829;512;375;12386;183203;183203;0;173,03;58,18
Comunidad de Madrid;2024-06-01;22,9710;31,3970;74,7480;0,0468;1,6249;0,0000;290,1000;19,0691;9,7005;1,3803;32,3738;real;252067;184420;24694;48543;28208;53433;18077;76045;254564;251691;60196;73342;63927;197465;252067;376;350;13045;184420;184420;0;175,89;58,70
Comunidad de Madrid;2024-07-01;23,1336;31,5308;74,7497;0,1006;1,5397;0,0000;291,6800;19,1681;9,6076;1,3822;32,2723;real;253141;185725;24664;49207;27944;53689;18200;77418;256713;252333;60609;73550;63927;198086;253141;808;562;12361;185725;185725;0;177,90;58,86
Comunidad de Madrid;2024-08-01;23,0740;31,5058;74,7527;0,0765;1,6394;0,0000;292,4000;19,0947;9,6281;1,3836;32,1694;real;252940;185247;24677;48940;27478;53790;18231;77587;256301;252326;60825;73757;63827;198409;252940;614;510;13162;185247;185247;0;179,05;59,16
Comunidad de Madrid;2024-09-01;23,1241;31,5784;74,6328;0,0323;1,6584;0,0000;294,2000;19,3170;9,6181;1,3845;32,1281;real;253523;185649;24721;49650;27738;53704;18295;77164;257027;253264;60993;74047;63923;198963;253523;259;230;13314;185649;185649;0;182,01;61,02
Comunidad de Madrid;2024-10-01;23,4074;31,9584;74,5858;0,0485;1,6789;0,0000;298,3000;19,3522;9,5331;1,3842;32,1089;real;256574;187923;24798;50340;28431;54528;18470;77681;260125;256185;61740;74994;64668;201402;256574;389;230;13479;187923;187923;0;185,94;62,23
Comunidad de Madrid;2024-11-01;23,6210;32,0892;74,5492;0,0121;1,6262;0,0000;302,4000;19,4069;9,4229;1,3889;31,9516;real;257624;189638;24818;51114;28978;54744;18659;79083;263380;257527;62384;75546;64764;202694;257624;97;69;13056;189638;189638;0;189,08;63,48
Comunidad de Madrid;2024-12-01;23,7845;31,9397;74,5311;0,0127;1,3526;0,0000;305,9000;19,4497;9,2961;1,3924;31,9984;real;256424;190951;24716;51712;29233;54375;18768;81046;265876;256322;61911;75323;64576;201810;256424;102;74;10859;190951;190951;0;191,41;63,78
Comunidad de Madrid;2025-01-01;22,8612;31,3661;74,5445;0,0101;1,8573;0,0000;307,9000;19,4430;9,3371;1,3893;31,6769;real;261049;190266;24681;51394;28695;53640;18348;81531;264332;260965;63930;76627;65167;205724;261049;84;69;15458;190266;190266;0;194,25;64,20
Comunidad de Madrid;2025-02-01;22,8957;31,5388;74,4472;0,0415;1,9322;0,0000;310,9400;19,8052;9,3751;1,3850;31,6332;real;262487;190553;24742;52268;29475;52738;18306;80336;263911;262142;64265;77004;65365;206634;262487;345;225;16081;190553;190553;0;198,50;63,55
Comunidad de Madrid;2025-03-01;23,3484;31,8844;74,3835;0,0153;1,7899;0,0000;320,2600;19,5354;9,1629;1,3908;31,5867;real;265363;194321;24763;52795;29669;53080;18358;85415;270253;265236;64966;78167;66085;209218;265363;127;98;14897;194321;194321;0;205,45;67,36
Comunidad de Madrid;2025-04-01;23,5753;32,0157;74,4634;0,0320;1,7051;0,0000;324,9500;19,7399;9,0461;1,3941;31,3683;real;266456;196209;24744;53995;30035;53863;18336;86320;273532;266190;65713;78688;65999;210400;266456;266;235;14191;196209;196209;0;208,16;66,76
Comunidad de Madrid;2025-05-01;23,6686;32,1450;74,4809;0,0330;1,6985;0,0000;330,3900;19,8270;9,0307;1,3966;31,3634;real;267532;196986;24844;54545;29765;54381;18320;86986;275105;267257;65890;79017;66215;211122;267532;275;234;14136;196986;196986;0;212,30;68,18
Comunidad de Madrid;2025-06-01;23,8430;32,3706;74,3874;0,0324;1,7168;0,0000;336,2900;19,8960;8,9232;1,4002;31,3879;real;269409;198437;24793;55281;29929;54786;18310;88474;277850;269139;66288;79667;66770;212725;269409;270;226;14288;198437;198437;0;218,20;69,75
Comunidad de Madrid;2025-07-01;24,0658;32,5603;74,2412;0,0543;1,6369;0,0000;342,5000;20,0787;8,8406;1,4013;31,2986;real;270988;200291;24812;56353;30333;54806;18378;89672;280661;270536;66876;80086;66952;213914;270988;452;316;13623;200291;200291;0;220,45;69,01
Comunidad de Madrid;2025-08-01;24,3152;32,6850;74,1578;0,0155;1,5451;0,0000;344,4000;20,0820;8,7084;1,4033;31,1775;real;272026;202367;24730;57029;30562;54893;18357;92066;283980;271897;67516;80608;67102;215226;272026;129;97;12859;202367;202367;0;221,31;68,80
Comunidad de Madrid;2025-09-01;24,5091;32,9988;74,1084;0,0708;1,6364;0,0000;345,8900;20,0598;8,6159;1,4057;31,3088;real;274638;203981;24705;57519;30579;55355;18421;93760;286737;274049;67970;81502;68128;217600;274638;589;264;13619;203981;203981;0;222,05;67,10
Comunidad de Madrid;2025-10-01;24,7900;33,3087;74,0306;0,0299;1,6114;0,0000;346,3800;19,9947;8,4638;1,4120;31,3576;real;277217;206319;24657;58249;30943;56949;18389;95667;291322;276968;68484;82344;68902;219730;277217;249;194;13411;206319;206319;0;220,85;66,97
Comunidad de Madrid;2025-11-01;25,0820;33,3875;73,9053;0,0179;1,3958;0,0000;346,3700;19,9439;8,3246;1,4182;31,5303;real;277873;208749;24645;59044;31049;58575;18614;97626;296050;277724;68242;82642;69482;220366;277873;149;103;11617;208749;208749;0;222,49;64,66
Comunidad de Madrid;2025-12-01;25,2276;33,3796;73,8579;0,0189;1,2083;0,0000;347,7200;19,9191;8,1783;1,4240;31,6135;real;277807;209961;24451;59553;31110;59614;18704;98996;298974;277650;67709;82753;69555;220017;277807;157;108;10056;209961;209961;0;223,26;63,12
Comunidad de Madrid;2026-01-01;24,0579;32,4171;73,8641;0,0171;1,7243;0,0000;347,5000;19,8512;8,1764;1,4298;31,3498;real;280628;208264;24347;59111;30443;59243;18743;99248;297771;280480;69472;83749;69970;223191;280628;148;104;14927;208264;208264;0;225,35;61,58
Comunidad de Madrid;2026-02-01;24,4015;32,2124;73,7553;0,0177;1,3884;0,0000;349,2000;19,9298;8,0334;1,4394;31,2011;real;278856;211239;24427;60600;30360;61408;18789;101673;304067;278703;69238;84361;69659;223258;278856;153;106;12019;211239;211239;0;228,17;59,32
Comunidad de Madrid;2026-03-01;24,6434;32,6750;73,7169;0,0176;1,6381;0,0000;349,4600;19,8930;7,9454;1,4473;31,1484;real;282861;213333;24532;61421;30388;63535;18927;102986;308757;282709;70736;85911;70867;227514;282861;152;114;14181;213333;213333;0;226,08;57,36
Comunidad de Madrid;2026-04-01;24,7543;32,8068;73,6719;0,0195;1,5398;0,0000;350,0520;19,9001;7,8703;1,4538;31,1062;proyeccion;NA;NA;NA;NA;NA;NA;NA;NA;NA;NA;NA;NA;NA;NA;NA;NA;NA;NA;NA;NA;NA;NA;NA
Comunidad de Madrid;2026-05-01;24,8830;32,9386;73,6270;0,0195;1,5398;0,0000;350,6439;19,9001;7,7923;1,4604;31,0456;proyeccion;NA;NA;NA;NA;NA;NA;NA;NA;NA;NA;NA;NA;NA;NA;NA;NA;NA;NA;NA;NA;NA;NA;NA
Comunidad de Madrid;2026-06-01;25,0116;33,0704;73,5820;0,0195;1,5398;0,0000;351,2358;19,9001;7,7143;1,4669;30,9849;proyeccion;NA;NA;NA;NA;NA;NA;NA;NA;NA;NA;NA;NA;NA;NA;NA;NA;NA;NA;NA;NA;NA;NA;NA
Comunidad de Madrid;2026-07-01;25,1403;33,2022;73,5370;0,0195;1,5398;0,0000;351,8277;19,9001;7,6363;1,4735;30,9243;proyeccion;NA;NA;NA;NA;NA;NA;NA;NA;NA;NA;NA;NA;NA;NA;NA;NA;NA;NA;NA;NA;NA;NA;NA
Comunidad de Madrid;2026-08-01;25,2689;33,3340;73,4921;0,0195;1,5398;0,0000;352,4196;19,9001;7,5583;1,4800;30,8636;proyeccion;NA;NA;NA;NA;NA;NA;NA;NA;NA;NA;NA;NA;NA;NA;NA;NA;NA;NA;NA;NA;NA;NA;NA
Comunidad de Madrid;2026-09-01;25,3976;33,4658;73,4471;0,0195;1,5398;0,0000;353,0115;19,9001;7,4803;1,4866;30,8030;proyeccion;NA;NA;NA;NA;NA;NA;NA;NA;NA;NA;NA;NA;NA;NA;NA;NA;NA;NA;NA;NA;NA;NA;NA
Comunidad de Madrid;2026-10-01;25,5262;33,5976;73,4021;0,0195;1,5398;0,0000;353,6034;19,9001;7,4023;1,4931;30,7423;proyeccion;NA;NA;NA;NA;NA;NA;NA;NA;NA;NA;NA;NA;NA;NA;NA;NA;NA;NA;NA;NA;NA;NA;NA
Comunidad de Madrid;2026-11-01;25,6549;33,7294;73,3572;0,0195;1,5398;0,0000;354,1953;19,9001;7,3243;1,4997;30,6817;proyeccion;NA;NA;NA;NA;NA;NA;NA;NA;NA;NA;NA;NA;NA;NA;NA;NA;NA;NA;NA;NA;NA;NA;NA
Extremadura;2023-01-01;20,4604;35,7170;82,2118;1,9249;3,9473;0,1220;378,0200;17,3010;12,8264;1,1169;32,1439;real;56797;32536;4661;6287;17716;920;2100;3461;36339;53736;13541;12796;12476;38813;56797;3061;788;6277;32536;32342;194;172,49;169,57
Extremadura;2023-02-01;20,5239;35,7723;82,1882;1,8488;4,0020;0,1453;373,3600;17,3801;12,9403;1,1159;32,0940;real;56885;32637;4713;6330;17627;950;2116;3452;36421;53945;13615;12869;12517;39001;56885;2940;651;6364;32637;32406;231;166,13;170,98
Extremadura;2023-03-01;20,6119;35,7578;82,1696;1,8451;3,9020;0,1566;367,8100;17,1687;12,9632;1,1172;32,0840;real;56862;32777;4747;6287;17627;989;2137;3582;36619;53928;13606;12869;12507;38982;56862;2934;589;6205;32777;32528;249;161,71;172,35
Extremadura;2023-04-01;20,8591;35,8666;82,0868;1,7237;3,8674;0,1742;368,9800;17,0394;13,0425;1,1148;32,1872;real;57035;33170;4823;6301;17829;994;2155;3621;36979;54294;13717;12947;12656;39320;57035;2741;554;6150;33170;32893;277;158,57;175,72
Extremadura;2023-05-01;21,1339;36,0735;82,0164;1,7614;3,7448;0,1434;361,0700;16,7063;12,8059;1,1260;32,2178;real;57364;33607;4846;6322;18147;1005;2162;4069;37842;54563;13774;13042;12746;39562;57364;2801;503;5955;33607;33379;228;154,02;176,17
Extremadura;2023-06-01;21,6187;36,3986;81,9151;1,8325;3,4945;0,1553;344,4900;16,4170;12,8298;1,1223;32,4402;real;57881;34378;4950;6334;18439;997;2177;4381;38582;54967;13844;13136;12955;39935;57881;2914;384;5557;34378;34131;247;149,87;171,85
Extremadura;2023-07-01;21,6835;36,4603;81,7874;1,8186;3,4587;0,1610;337,5300;16,2561;12,6453;1,1325;32,5680;real;57979;34481;4938;6348;18509;1000;2191;4763;39050;55087;13807;13153;13021;39981;57979;2892;396;5500;34481;34225;256;145,54;169,08
Extremadura;2023-08-01;21,5715;36,6162;81,9071;1,7979;3,7165;0,1635;336,3700;16,1179;12,7000;1,1369;32,5318;real;58227;34303;4953;6286;18329;995;2196;4932;39000;55368;13908;13223;13082;40213;58227;2859;472;5910;34303;34043;260;144,21;168,65
Extremadura;2023-09-01;21,7005;36,6703;81,8535;1,7627;3,6404;0,1704;326,2300;16,2077;12,5850;1,1375;32,3076;real;58313;34508;4940;6362;18357;981;2186;5100;39253;55510;14004;13274;13019;40297;58313;2803;574;5789;34508;34237;271;142,31;163,92
Extremadura;2023-10-01;21,8583;36,8118;81,9119;1,6935;3,6543;0,1704;317,1700;15,9671;12,4591;1,1432;32,2923;real;58538;34759;4951;6345;18691;993;2210;5204;39738;55845;14107;13362;13101;40570;58538;2693;527;5811;34759;34488;271;141,81;161,68
Extremadura;2023-11-01;22,0602;36,8558;81,7399;1,5897;3,5669;0,1729;310,8300;16,0090;12,3207;1,1508;32,3174;real;58608;35080;4974;6463;18818;989;2248;5518;40371;56080;14180;13402;13170;40752;58608;2528;518;5672;35080;34805;275;139,21;161,24
Extremadura;2023-12-01;22,1941;37,0244;81,7283;1,5168;3,6178;0,2006;309,1000;15,7573;12,3236;1,1544;32,2687;real;58876;35293;5021;6420;18968;985;2249;5683;40743;56464;14327;13474;13245;41046;58876;2412;464;5753;35293;34974;319;138,43;161,75
Extremadura;2024-01-01;23,2043;39,0329;81,6994;1,7610;3,8383;0,2146;307,0900;15,7162;12,2778;1,1581;32,0519;real;58759;34931;4967;6358;18738;975;2276;5721;40455;56108;14306;13355;13048;40709;58759;2651;506;5778;34931;34608;323;137,40;160,73
Extremadura;2024-02-01;22,9020;38,8901;81,7139;1,6461;4,1073;0,2186;302,5200;15,6242;12,3035;1,1696;31,9683;real;58544;34476;4961;6300;18344;976;2285;6032;40322;56066;14315;13346;12998;40659;58544;2478;433;6183;34476;34147;329;135,56;158,65
Extremadura;2024-03-01;23,0189;39,0987;81,6882;1,5033;4,2800;0,1840;300,0600;15,6416;12,5157;1,1706;32,1256;real;58858;34652;5077;6345;18381;973;2312;6047;40565;56595;14398;13495;13202;41095;58858;2263;359;6443;34652;34375;277;133,97;159,99
Extremadura;2024-04-01;23,5258;39,1977;81,5072;1,7019;3,6649;0,2006;293,0800;15,4798;12,5137;1,1824;32,0483;real;59007;35415;5240;6482;18922;917;2332;6504;41874;56445;14342;13472;13118;40932;59007;2562;321;5517;35415;35113;302;132,82;157,60
Extremadura;2024-05-01;23,7158;38,9851;81,4324;1,7099;3,2078;0,1973;290,6300;15,3843;12,4228;1,1889;32,4106;real;58687;35701;5273;6530;19148;911;2358;6686;42446;56113;13988;13406;13136;40530;58687;2574;316;4829;35701;35404;297;130,91;156,01
Extremadura;2024-06-01;23,8705;38,9771;81,3946;1,5152;3,1873;0,1760;294,3500;15,2468;12,3458;1,1933;32,4266;real;58675;35934;5294;6538;19400;930;2358;6784;42881;56394;14075;13449;13208;40732;58675;2281;238;4798;35934;35669;265;129,92;157,36
Extremadura;2024-07-01;23,9788;38,8954;81,4683;1,4216;3,0690;0,1760;293,3100;15,3259;12,3359;1,1943;32,3231;real;58552;36097;5318;6607;19485;935;2365;6769;43110;56412;14098;13458;13161;40717;58552;2140;235;4620;36097;35832;265;129,54;157,62
Extremadura;2024-08-01;24,0791;38,7021;81,4831;1,1944;3,0046;0,1687;289,9000;15,3582;12,1846;1,1961;32,2852;real;58261;36248;5283;6659;19676;938;2367;6778;43358;56463;14099;13509;13163;40771;58261;1798;262;4523;36248;35994;254;129,31;156,00
Extremadura;2024-09-01;24,2379;38,8489;81,4445;1,2628;2,8790;0,1601;287,6700;15,5252;12,0175;1,1978;32,0276;real;58482;36487;5252;6785;19813;938;2393;6834;43703;56581;14210;13537;13074;40821;58482;1901;299;4334;36487;36246;241;129,71;155,48
Extremadura;2024-10-01;24,4086;39,3133;81,3535;1,5146;2,9461;0,1508;284,6700;15,6198;12,0715;1,1980;32,3466;real;59181;36744;5314;6876;19928;950;2393;6853;44021;56901;14193;13666;13320;41179;59181;2280;299;4435;36744;36517;227;129,57;152,84
Extremadura;2024-11-01;24,7082;39,5205;81,3020;1,6780;2,6658;0,1614;281,4800;15,6289;12,0851;1,1987;32,3554;real;59493;37195;5388;6968;20227;941;2420;6924;44584;56967;14168;13707;13333;41208;59493;2526;286;4013;37195;36952;243;129,71;150,38
Extremadura;2024-12-01;24,6903;39,4920;81,2783;1,8089;2,5396;0,1601;278,8300;15,5495;12,0275;1,1986;32,2022;real;59450;37168;5358;6927;20304;939;2422;6883;44548;56727;14179;13612;13200;40991;59450;2723;376;3823;37168;36927;241;129,44;146,98
Extremadura;2025-01-01;24,2376;39,3188;81,3288;1,6547;3,0041;0,1540;278,1600;15,5915;12,1444;1,1991;32,1754;real;59500;36678;5341;6857;19933;926;2429;6789;43979;56996;14302;13658;13264;41224;59500;2504;319;4546;36678;36445;233;129,29;146,33
Extremadura;2025-02-01;23,9078;39,3954;81,3295;1,5424;3,4812;0,1593;277,9000;15,6278;12,1417;1,2004;32,1133;real;59616;36179;5273;6787;19555;930;2438;6716;43429;57282;14433;13704;13310;41447;59616;2334;256;5268;36179;35938;241;130,24;146,02
Extremadura;2025-03-01;24,0538;39,7417;81,1817;1,7723;3,4508;0,1645;272,6400;15,7837;12,0283;1,2005;32,0504;real;60140;36400;5256;6897;19697;908;2444;6746;43697;57458;14497;13785;13340;41622;60140;2682;280;5222;36400;36151;249;129,50;142,24
Extremadura;2025-04-01;24,1622;40,0206;81,0442;2,1021;3,2922;0,1738;269,0500;15,8836;12,0411;1,1986;31,8081;real;60562;36564;5277;6961;19806;891;2430;6697;43825;57381;14522;13809;13215;41546;60562;3181;353;4982;36564;36301;263;129,37;138,55
Extremadura;2025-05-01;24,3426;40,1607;80,9912;2,2838;3,0979;0,1698;264,1200;16,1086;11,8749;1,1958;31,6725;real;60774;36837;5231;7096;20022;886;2434;6612;44051;57318;14605;13768;13152;41525;60774;3456;461;4688;36837;36580;257;130,92;133,97
Extremadura;2025-06-01;24,4338;40,0437;80,8775;2,0717;3,0854;0,1652;260,4600;16,2027;11,6264;1,1950;31,6492;real;60597;36975;5137;7159;20191;905;2438;6591;44184;57462;14677;13787;13180;41644;60597;3135;419;4669;36975;36725;250;133,61;131,14
Extremadura;2025-07-01;24,6473;40,0675;80,8514;2,2494;2,7807;0,1606;258,3000;16,2387;11,3747;1,1967;31,5689;real;60633;37298;5077;7248;20468;915;2459;6668;44634;57229;14637;13766;13103;41506;60633;3404;521;4208;37298;37055;243;135,84;127,78
Extremadura;2025-08-01;24,7860;40,0992;80,8451;2,4054;2,5752;0,1573;259,5700;16,2757;11,3384;1,1966;31,5783;real;60681;37508;5089;7305;20621;919;2445;6689;44883;57041;14576;13754;13075;41405;60681;3640;875;3897;37508;37270;238;137,06;127,02
Extremadura;2025-09-01;24,7629;40,2525;80,8685;2,5792;2,5719;0,1487;256,8000;16,2858;11,3956;1,1945;31,4976;real;60913;37473;5101;7290;20557;923;2475;6602;44763;57010;14603;13733;13029;41365;60913;3903;1160;3892;37473;37248;225;139,41;123,86
Extremadura;2025-10-01;24,7986;40,7660;80,7891;2,7232;2,8620;0,1467;257,1000;16,5511;11,5008;1,1914;31,5089;real;61690;37527;5142;7400;20468;929;2500;6464;44710;57569;14792;13877;13189;41858;61690;4121;1063;4331;37527;37305;222;144,16;122,61
Extremadura;2025-11-01;24,8098;41,1023;80,8360;2,5461;3,1396;0,1434;258,1600;16,6332;11,6479;1,1925;31,3181;real;62199;37544;5215;7447;20370;931;2504;6507;44772;58346;15021;14028;13246;42295;62199;3853;956;4751;37544;37327;217;147,74;120,94
Extremadura;2025-12-01;24,8891;41,0567;80,7903;2,2289;3,1970;0,1381;258,6100;16,7224;11,7126;1,1919;31,0574;real;62130;37664;5258;7507;20353;926;2514;6510;44892;58757;15209;14093;13200;42502;62130;3373;900;4838;37664;37455;209;147,85;119,87
Extremadura;2026-01-01;23,9308;39,8799;80,8268;2,1192;3,3637;0,1282;258,6000;16,8183;11,6744;1,1920;30,8829;real;61911;37151;5170;7448;19997;912;2493;6438;44285;58621;15242;14045;13086;42373;61911;3290;922;5222;37151;36952;199;149,05;119,49
Extremadura;2026-02-01;23,4264;39,7530;80,9391;2,2829;3,6858;0,1250;259,7300;16,9639;11,7782;1,1904;30,7080;real;61714;36368;5099;7344;19397;898;2484;6248;43292;58170;15185;13980;12925;42090;61714;3544;888;5722;36368;36174;194;150,73;120,36
Extremadura;2026-03-01;23,9533;39,9127;80,9080;2,3988;3,2394;0,1198;260,9700;17,1381;11,7308;1,1856;30,7095;real;61962;37186;5172;7556;19896;918;2501;6185;44089;58238;15271;13980;12964;42215;61962;3724;886;5029;37186;37000;186;153,26;114,28
Extremadura;2026-04-01;23,9533;39,9127;80,8737;2,3988;3,2395;0,1179;260,0151;17,2616;11,7308;1,1853;30,7095;proyeccion;NA;NA;NA;NA;NA;NA;NA;NA;NA;NA;NA;NA;NA;NA;NA;NA;NA;NA;NA;NA;NA;NA;NA
Extremadura;2026-05-01;23,9533;39,9127;80,8394;2,3988;3,2395;0,1159;259,1076;17,3886;11,7308;1,1829;30,7095;proyeccion;NA;NA;NA;NA;NA;NA;NA;NA;NA;NA;NA;NA;NA;NA;NA;NA;NA;NA;NA;NA;NA;NA;NA
Extremadura;2026-06-01;23,9533;39,9127;80,8050;2,3988;3,2395;0,1143;258,2449;17,5156;11,7308;1,1805;30,7095;proyeccion;NA;NA;NA;NA;NA;NA;NA;NA;NA;NA;NA;NA;NA;NA;NA;NA;NA;NA;NA;NA;NA;NA;NA
Extremadura;2026-07-01;23,9533;39,9127;80,7707;2,3988;3,2395;0,1130;257,4249;17,6425;11,7308;1,1781;30,7095;proyeccion;NA;NA;NA;NA;NA;NA;NA;NA;NA;NA;NA;NA;NA;NA;NA;NA;NA;NA;NA;NA;NA;NA;NA
Extremadura;2026-08-01;23,9533;39,9127;80,7364;2,3988;3,2395;0,1120;256,6454;17,7695;11,7308;1,1758;30,7095;proyeccion;NA;NA;NA;NA;NA;NA;NA;NA;NA;NA;NA;NA;NA;NA;NA;NA;NA;NA;NA;NA;NA;NA;NA
Extremadura;2026-09-01;23,9533;39,9127;80,7020;2,3988;3,2395;0,1111;255,9044;17,8965;11,7308;1,1734;30,7095;proyeccion;NA;NA;NA;NA;NA;NA;NA;NA;NA;NA;NA;NA;NA;NA;NA;NA;NA;NA;NA;NA;NA;NA;NA
Extremadura;2026-10-01;23,9533;39,9127;80,6677;2,3988;3,2395;0,1105;255,2001;18,0234;11,7308;1,1710;30,7095;proyeccion;NA;NA;NA;NA;NA;NA;NA;NA;NA;NA;NA;NA;NA;NA;NA;NA;NA;NA;NA;NA;NA;NA;NA
Extremadura;2026-11-01;23,9533;39,9127;80,6334;2,3988;3,2395;0,1099;254,5305;18,1504;11,7308;1,1686;30,7095;proyeccion;NA;NA;NA;NA;NA;NA;NA;NA;NA;NA;NA;NA;NA;NA;NA;NA;NA;NA;NA;NA;NA;NA;NA
Galicia;2023-01-01;14,1719;16,5719;85,5299;0,1365;0,6982;0,5238;371,7700;19,4359;8,0074;1,2135;33,5094;real;80387;68745;6680;16214;11127;26495;8323;8939;83423;79725;23185;24776;24171;72132;80387;662;659;3387;68745;66204;2541;288,47;73,89
Galicia;2023-02-01;14,2389;16,5773;85,4532;0,1536;0,6483;0,7619;371,7500;19,4484;8,3214;1,2101;33,9805;real;80413;69070;6955;16255;11441;26326;8227;8851;83580;79668;22742;24934;24539;72215;80413;745;734;3145;69070;65374;3696;288,59;76,23
Galicia;2023-03-01;14,4698;16,5967;85,2517;0,1332;0,4649;0,5080;371,1700;19,1833;8,2854;1,2118;34,6166;real;80507;70190;7047;16316;12081;26341;8498;9031;85053;79861;22444;24923;25078;72445;80507;646;639;2255;70190;67726;2464;286,40;78,49
Galicia;2023-04-01;14,5317;16,5862;85,2521;0,1049;0,4393;0,4362;374,8600;19,2776;8,2125;1,2125;34,6016;real;80456;70490;7019;16476;12689;25996;8506;9002;85467;79947;22486;25007;25128;72621;80456;509;504;2131;70490;68374;2116;285,02;82,71
Galicia;2023-05-01;14,7347;17,0684;85,0895;0,1111;0,4628;0,4222;373,4000;19,5110;8,1067;1,2126;34,6460;real;82795;71475;7026;16910;13253;25930;8571;9157;86669;82256;22837;25342;25541;73720;82795;539;537;2245;71475;69427;2048;280,08;84,90
Galicia;2023-06-01;14,8990;17,1405;85,0676;0,0845;0,4393;0,4055;372,6100;19,5075;8,0362;1,2125;35,4730;real;83145;72272;7042;17094;13764;25978;8608;9229;87628;82735;22497;25513;26393;74403;83145;410;406;2131;72272;70305;1967;278,78;87,01
Galicia;2023-07-01;14,9600;17,1774;85,0146;0,0864;0,4315;0,3735;370,4700;19,5559;8,0510;1,2125;35,2875;real;83324;72568;7084;17207;14058;25795;8655;9250;87989;82905;22733;25582;26346;74661;83324;419;416;2093;72568;70756;1812;277,00;86,83
Galicia;2023-08-01;15,0124;17,2009;85,0046;0,0893;0,4271;0,3686;370,4000;19,5543;8,0359;1,2133;35,4354;real;83438;72822;7100;17277;14239;25763;8686;9332;88354;83005;22722;25633;26539;74894;83438;433;429;2072;72822;71034;1788;273,36;87,88
Galicia;2023-09-01;15,0538;17,1914;84,9371;0,0909;0,3923;0,3546;370,7800;19,5631;8,0387;1,2136;35,4363;real;83392;73023;7124;17337;14511;25616;8687;9367;88621;82951;22719;25656;26551;74926;83392;441;438;1903;73023;71303;1720;272,55;88,95
Galicia;2023-10-01;15,0928;17,2298;84,9072;0,0936;0,4043;0,3461;370,7900;19,5400;7,9788;1,2151;35,3850;real;83578;73212;7098;17383;14670;25581;8723;9479;88961;83124;22867;25706;26600;75173;83578;454;441;1961;73212;71533;1679;270,40;89,70
Galicia;2023-11-01;15,1485;17,2597;84,8128;0,1084;0,3791;0,3362;369,7800;19,5825;7,9295;1,2159;35,3076;real;83723;73482;7085;17497;14864;25540;8755;9561;89350;83197;22974;25753;26594;75321;83723;526;503;1839;73482;71851;1631;268,22;90,30
Galicia;2023-12-01;15,1915;17,3001;84,8371;0,1099;0,3902;0,3389;362,4600;19,6814;7,8570;1,2173;34,9492;real;83919;73691;7048;17655;14942;25476;8818;9655;89704;83386;23278;25890;26416;75584;83919;533;528;1893;73691;72047;1644;267,30;88,01
Galicia;2024-01-01;15,7060;17,8115;84,8714;0,1073;0,3533;0,3416;364,3900;19,5767;7,8874;1,2190;34,8667;real;83638;73751;7091;17600;14899;25509;8901;9743;89903;83134;23284;25833;26293;75410;83638;504;502;1659;73751;72147;1604;265,19;89,16
Galicia;2024-02-01;15,6042;17,6816;84,8481;0,1080;0,3657;0,3360;368,1900;19,5678;7,7825;1,2226;34,6433;real;83028;73273;6972;17530;14651;25495;8871;9897;89586;82521;23236;25775;25979;74990;83028;507;499;1717;73273;71695;1578;268,22;91,44
Galicia;2024-03-01;15,7379;17,7566;84,7891;0,1086;0,3358;0,3192;370,7900;19,5112;7,6357;1,2313;34,5160;real;83380;73901;6948;17754;15268;25392;8818;10675;90994;82870;23500;25926;26052;75478;83380;510;473;1577;73901;72402;1499;271,22;95,19
Galicia;2024-04-01;15,8118;17,8175;84,7167;0,1112;0,3429;0,3224;373,2900;19,3461;7,4960;1,2444;34,3642;real;83666;74248;6926;17875;15460;25385;8886;11664;92396;83144;23713;26077;26068;75858;83666;522;477;1610;74248;72734;1514;271,28;98,21
Galicia;2024-05-01;15,8655;17,8113;84,5941;0,1031;0,3084;0,3182;373,5100;19,2807;7,4034;1,2619;34,1971;real;83637;74500;6960;18126;15617;25224;8889;12990;94011;83153;23853;26123;25972;75948;83637;484;446;1448;74500;73006;1494;273,75;97,40
Galicia;2024-06-01;16,0482;17,9197;84,4954;0,0530;0,3013;0,3167;380,4900;19,3369;7,1796;1,2783;33,9911;real;84146;75358;6916;18627;15987;25196;8973;14401;96329;83897;24250;26427;26096;76773;84146;249;244;1415;75358;73871;1487;283,23;98,59
Galicia;2024-07-01;16,0929;17,9587;84,2805;0,0522;0,3026;0,3052;384,8900;19,4195;7,0265;1,2921;33,7334;real;84329;75568;6861;18962;16211;24979;8934;15498;97644;84084;24500;26518;25971;76989;84329;245;237;1421;75568;74135;1433;285,16;103,08
Galicia;2024-08-01;16,1530;17,9889;84,1566;0,0479;0,2932;0,2998;385,7100;19,5483;6,8608;1,3094;33,4896;real;84471;75850;6814;19415;16248;24865;8981;16761;99318;84246;24744;26620;25863;77227;84471;225;223;1377;75850;74442;1408;280,80;107,59
Galicia;2024-09-01;16,1866;18,0032;84,1633;0,0390;0,2984;0,3047;387,2000;19,5069;6,7969;1,3176;33,4328;real;84538;76008;6807;19536;16364;24793;8998;17408;100149;84355;24877;26652;25880;77409;84538;183;182;1401;76008;74577;1431;272,33;113,31
Galicia;2024-10-01;16,3048;18,0773;84,0104;0,0113;0,3026;0,3064;386,9700;19,6145;6,7128;1,3316;33,3812;real;84886;76563;6844;19998;16407;24806;9032;18578;101955;84833;25188;26764;26032;77984;84886;53;182;1421;76563;75124;1439;261,87;120,17
Galicia;2024-11-01;16,4138;18,1382;83,6461;0,0111;0,2694;0,3071;387,7400;19,7726;6,5497;1,3565;33,1465;real;85172;77075;6848;20673;16295;24768;9091;20502;104554;85120;25483;26890;25967;78340;85172;52;51;1265;77075;75633;1442;259,79;125,81
Galicia;2024-12-01;16,4396;18,1550;83,4582;0,0111;0,2675;0,3118;386,3100;19,9561;6,4375;1,3643;32,8787;real;85251;77196;6780;21018;16339;24636;9033;21170;105321;85199;25722;26936;25794;78452;85251;52;52;1256;77196;75732;1464;257,20;127,35
Galicia;2025-01-01;16,1489;17,8068;83,3379;0,0102;0,2566;0,3058;386,9100;20,1455;6,3453;1,3772;33,0851;real;85714;77734;6793;21567;16464;24513;9041;22320;107056;85665;25900;26942;26127;78969;85714;49;49;1235;77734;76262;1472;255,46;129,34
Galicia;2025-02-01;16,0789;17,7143;83,1170;0,0102;0,2522;0,3019;387,7400;20,1764;6,3123;1,3884;33,0005;real;85269;77397;6783;21681;16175;24372;9033;23050;107457;85220;25846;26823;25942;78611;85269;49;48;1214;77397;75944;1453;252,76;131,28
Galicia;2025-03-01;16,2179;17,8363;82,8871;0,0114;0,2472;0,3426;392,9600;20,3581;6,1712;1,3986;32,5855;real;85856;78066;6738;22228;16226;24505;9043;24070;109185;85801;26324;27106;25826;79256;85856;55;55;1190;78066;76417;1649;248,64;136,69
Galicia;2025-04-01;16,5549;18,1738;82,1119;0,0129;0,2576;0,1747;409,0500;21,2875;5,9034;1,4355;32,3905;real;87481;79688;6753;24351;16990;23649;8905;27423;114391;87419;27022;27693;26213;80928;87481;62;62;1240;79688;78847;841;247,25;149,45
Galicia;2025-05-01;16,9677;18,6089;81,5664;0,0137;0,2501;0,1774;387,0900;21,8408;5,6445;1,4598;32,1686;real;89575;81675;6730;26041;17579;23569;8822;30184;119231;89509;27953;28265;26661;82879;89575;66;66;1204;81675;80821;854;207,59;157,21
Galicia;2025-06-01;17,4619;19,0804;81,0240;0,0164;0,2458;0,1604;361,0700;22,4090;5,4119;1,4830;31,8465;real;91845;84054;6746;27933;18285;23487;8763;33124;124651;91766;29105;28987;27145;85237;91845;79;78;1183;84054;83282;772;171,99;161,98
Galicia;2025-07-01;17,7284;19,3227;80,7171;0,0145;0,2364;0,1469;358,4800;22,8617;5,2676;1,4994;31,5398;real;93011;85337;6740;29252;18778;23188;8646;35082;127952;92941;29824;29377;27274;86475;93011;70;69;1138;85337;84630;707;170,76;162,50
Galicia;2025-08-01;18,0444;19,6526;80,4001;0,0202;0,2383;0,1502;349,5600;23,2581;5,1544;1,5151;31,3300;real;94599;86858;6783;30607;19277;23038;8546;37101;131597;94502;30698;29735;27572;88005;94599;97;96;1147;86858;86135;723;164,80;160,36
Galicia;2025-09-01;18,3569;19,9075;79,8720;0,0233;0,2229;0,1490;348,5700;23,6905;5,1022;1,5311;31,1008;real;95826;88362;6903;32052;19605;22969;8416;39172;135295;95714;31504;30116;27815;89435;95826;112;108;1073;88362;87645;717;169,60;158,40
Galicia;2025-10-01;18,7852;20,3130;79,5058;0,0310;0,2136;0,1473;339,8800;24,0025;4,9676;1,5488;30,9474;real;97778;90424;6957;33615;20418;22912;8320;41676;140048;97629;32545;30605;28302;91452;97778;149;147;1028;90424;89715;709;164,75;158,39
Galicia;2025-11-01;19,2350;20,6313;79,1287;0,0301;0,0889;0,2551;329,4000;24,2169;5,0101;1,5674;30,7288;real;99310;92589;7271;35145;20733;23268;8193;44395;145126;99165;33359;31075;28583;93017;99310;145;143;428;92589;91361;1228;160,92;156,00
Galicia;2025-12-01;19,4575;20,8837;78,7916;0,0310;0,1234;0,1625;323,8400;24,7260;4,8895;1,5821;30,4666;real;100525;93660;7245;36638;21047;22819;8077;46287;148176;100376;34021;31517;28716;94254;100525;149;147;594;93660;92878;782;165,66;154,17
Galicia;2026-01-01;18,9848;20,3723;78,7793;0,0260;0,1227;0,1603;322,3500;24,7061;4,9176;1,5859;30,2261;real;99635;92849;7241;36379;20708;22616;8042;46208;147247;99508;33921;31282;28246;93449;99635;127;127;600;92849;92065;784;167,38;153,68
Galicia;2026-02-01;18,9128;20,2386;78,5604;0,0331;0,1208;0,1581;316,9100;24,9993;4,8599;1,5959;29,7149;real;98981;92497;7174;36903;20442;22260;7940;46896;147616;98819;34166;31261;27661;93088;98981;162;162;591;92497;91724;773;169,42;152,25
Galicia;2026-03-01;19,1981;20,4828;78,2624;0,0047;0,1165;0,1707;316,1200;25,2610;4,7763;1,6111;29,3197;real;100175;93892;7225;38212;20629;22450;7899;48834;151269;100152;35079;31687;27696;94462;100175;23;21;570;93892;93057;835;180,87;150,09
Galicia;2026-04-01;19,3242;20,6167;78,0110;0,0047;0,1174;0,1700;316,1201;25,5183;4,7148;1,6237;28,9233;proyeccion;NA;NA;NA;NA;NA;NA;NA;NA;NA;NA;NA;NA;NA;NA;NA;NA;NA;NA;NA;NA;NA;NA;NA
Galicia;2026-05-01;19,4519;20,7506;77,7595;0,0047;0,1174;0,1700;316,1201;25,7757;4,6555;1,6363;28,4506;proyeccion;NA;NA;NA;NA;NA;NA;NA;NA;NA;NA;NA;NA;NA;NA;NA;NA;NA;NA;NA;NA;NA;NA;NA
Galicia;2026-06-01;19,5796;20,8845;77,5081;0,0047;0,1174;0,1700;316,1201;26,0331;4,6051;1,6489;27,9779;proyeccion;NA;NA;NA;NA;NA;NA;NA;NA;NA;NA;NA;NA;NA;NA;NA;NA;NA;NA;NA;NA;NA;NA;NA
Galicia;2026-07-01;19,7073;21,0185;77,2566;0,0047;0,1174;0,1700;316,1201;26,2905;4,5623;1,6615;27,5051;proyeccion;NA;NA;NA;NA;NA;NA;NA;NA;NA;NA;NA;NA;NA;NA;NA;NA;NA;NA;NA;NA;NA;NA;NA
Galicia;2026-08-01;19,8350;21,1524;77,0052;0,0047;0,1174;0,1700;316,1201;26,5479;4,5258;1,6740;27,0324;proyeccion;NA;NA;NA;NA;NA;NA;NA;NA;NA;NA;NA;NA;NA;NA;NA;NA;NA;NA;NA;NA;NA;NA;NA
Galicia;2026-09-01;19,9627;21,2863;76,7537;0,0047;0,1174;0,1700;316,1201;26,8053;4,4948;1,6866;26,5596;proyeccion;NA;NA;NA;NA;NA;NA;NA;NA;NA;NA;NA;NA;NA;NA;NA;NA;NA;NA;NA;NA;NA;NA;NA
Galicia;2026-10-01;20,0904;21,4203;76,5023;0,0047;0,1174;0,1700;316,1201;27,0627;4,4684;1,6992;26,0869;proyeccion;NA;NA;NA;NA;NA;NA;NA;NA;NA;NA;NA;NA;NA;NA;NA;NA;NA;NA;NA;NA;NA;NA;NA
Galicia;2026-11-01;20,2181;21,5542;76,2508;0,0047;0,1174;0,1700;316,1201;27,3201;4,4460;1,7118;25,6141;proyeccion;NA;NA;NA;NA;NA;NA;NA;NA;NA;NA;NA;NA;NA;NA;NA;NA;NA;NA;NA;NA;NA;NA;NA
Islas Baleares;2023-01-01;21,7244;32,5764;70,3609;2,9894;2,4959;0,0000;226,8800;46,4781;6,6778;1,6257;25,8641;real;39808;26547;2882;20059;835;2020;1980;11366;43158;36155;11979;9963;7655;29597;39808;3653;881;3050;26547;26547;0;132,55;93,47
Islas Baleares;2023-02-01;21,9266;32,9832;70,1553;3,0360;2,5917;0,0000;224,6200;46,4443;6,6714;1,6201;25,9170;real;40305;26794;2896;20161;831;2074;1998;11354;43409;36595;12115;10081;7765;29961;40305;3710;848;3167;26794;26794;0;132,55;91,73
Islas Baleares;2023-03-01;21,9053;33,3678;70,2770;3,0115;2,9681;0,0000;223,2800;45,9429;6,7676;1,6091;25,7871;real;40775;26768;2915;19789;835;2138;2008;11340;43073;37095;12318;10239;7838;30395;40775;3680;876;3627;26768;26768;0;132,11;91,19
Islas Baleares;2023-04-01;22,0878;33,6157;70,3005;2,7202;3,2513;0,0000;221,1700;46,3108;6,4696;1,6104;25,7105;real;41078;26991;2812;20129;829;2178;1944;11363;43465;37754;12593;10410;7961;30964;41078;3324;880;3973;26991;26991;0;131,06;89,25
Islas Baleares;2023-05-01;22,4740;33,9529;70,3908;2,4869;3,3437;0,0000;221,6000;46,0891;6,5412;1,6093;25,5254;real;41490;27463;2891;20370;792;2189;1632;11727;44197;38451;12900;10596;8053;31549;41490;3039;866;4086;27463;27463;0;129,18;90,32
Islas Baleares;2023-06-01;22,9053;34,4005;70,4482;2,8617;2,9788;0,0000;220,1300;45,9431;6,4777;1,6160;25,3746;real;42037;27990;2930;20781;794;2197;1637;12168;45232;38540;12986;10618;8026;31630;42037;3497;903;3640;27990;27990;0;127,90;90,08
Islas Baleares;2023-07-01;22,7572;34,7131;70,4699;3,1064;3,1882;0,0000;219,4500;45,8830;6,4667;1,6176;25,1191;real;42419;27809;2909;20640;792;2165;1628;12135;44984;38623;13100;10641;7964;31705;42419;3796;928;3896;27809;27809;0;128,97;89,46
Islas Baleares;2023-08-01;23,2785;34,8555;70,4960;2,7725;3,0328;0,0000;220,0800;46,1774;6,3383;1,6301;25,2177;real;42593;28446;2939;21412;817;2141;1673;13021;46369;39205;13284;10760;8108;32152;42593;3388;946;3706;28446;28446;0;127,92;91,86
Islas Baleares;2023-09-01;23,4863;35,1387;70,5547;2,7324;3,0835;0,0000;220,5400;45,8038;6,2491;1,6387;25,2341;real;42939;28700;2939;21542;799;2164;1659;13549;47031;39600;13422;10853;8193;32468;42939;3339;958;3768;28700;28700;0;126,09;93,11
Islas Baleares;2023-10-01;23,6942;35,4283;70,5569;2,5524;3,2504;0,0000;220,4100;45,5705;6,1843;1,6386;25,3447;real;43293;28954;2934;21620;812;2105;1642;14045;47443;40174;13603;10978;8345;32926;43293;3119;937;3972;28954;28954;0;123,78;94,05
Islas Baleares;2023-11-01;23,8284;35,6297;70,5654;2,4755;3,3388;0,0000;219,4700;45,4109;6,1453;1,6385;25,2184;real;43539;29118;2932;21666;806;2067;1625;14293;47711;40514;13770;11056;8372;33198;43539;3025;1018;4080;29118;29118;0;122,45;94,22
Islas Baleares;2023-12-01;23,9225;35,6665;70,6477;2,3396;3,3691;0,0000;218,8800;45,5699;6,0943;1,6413;25,1724;real;43584;29233;2924;21864;803;2043;1627;14385;47979;40725;13865;11090;8395;33350;43584;2859;1098;4117;29233;29233;0;122,81;95,14
Islas Baleares;2024-01-01;23,8340;35,7192;70,6627;2,4242;3,3918;0,0000;219,4100;45,6426;6,0757;1,6408;24,9010;real;43746;29190;2910;21861;749;2028;1635;14327;47896;40777;13954;11087;8303;33344;43746;2969;1201;4154;29190;29190;0;122,60;96,86
Islas Baleares;2024-02-01;23,7924;35,7608;70,6489;2,3499;3,4898;0,0000;223,3700;45,6872;6,1124;1,6400;24,7927;real;43797;29139;2921;21833;727;2073;1651;14180;47788;40919;14055;11074;8284;33413;43797;2878;1189;4274;29139;29139;0;121,56;101,10
Islas Baleares;2024-03-01;23,8806;36,0335;70,7191;2,2552;3,6743;0,0000;227,2900;44,9980;6,0423;1,6614;24,6748;real;44131;29247;2936;21865;722;2059;1670;14517;48591;41369;14253;11167;8327;33747;44131;2762;1132;4500;29247;29247;0;119,67;105,91
Islas Baleares;2024-04-01;23,9377;36,3201;70,6671;2,0854;3,9960;0,0000;232,2400;45,0161;6,0352;1,6662;24,6529;real;44482;29317;2948;21989;712;2060;1676;14609;48847;41928;14517;11260;8434;34211;44482;2554;1076;4894;29317;29317;0;120,78;111,35
Islas Baleares;2024-05-01;24,2986;36,7080;70,7410;2,1597;3,8768;0,0000;239,0500;44,9771;6,0230;1,6598;24,6588;real;44957;29759;2975;22216;726;2036;1695;14800;49394;42312;14695;11303;8509;34507;44957;2645;1060;4748;29759;29759;0;123,03;118,72
Islas Baleares;2024-06-01;24,6342;36,8590;70,8795;2,0805;3,7037;0,0000;245,5000;44,8147;6,0255;1,6470;24,5692;real;45142;30170;2994;22268;722;2034;1688;14974;49689;42594;14852;11327;8527;34706;45142;2548;1061;4536;30170;30170;0;122,32;125,48
Islas Baleares;2024-07-01;24,9731;37,0958;70,7062;1,9237;3,6400;0,0000;247,5300;45,4209;5,8799;1,6626;24,5441;real;45432;30585;2990;23097;754;2044;1699;15486;50851;43076;15048;11394;8601;35043;45432;2356;1038;4458;30585;30585;0;120,48;126,92
Islas Baleares;2024-08-01;25,1943;37,2403;70,7506;1,9588;3,4767;0,0000;250,3700;45,5101;5,8253;1,6612;24,4603;real;45609;30856;2986;23328;777;2064;1697;15868;51259;43210;15145;11380;8589;35114;45609;2399;1094;4258;30856;30856;0;119,41;129,53
Islas Baleares;2024-09-01;25,7308;37,4330;70,7066;1,9531;3,0652;0,0000;248,9700;45,8416;5,7642;1,6571;24,3315;real;45845;31513;3010;23938;781;2180;1692;16172;52219;43453;15257;11429;8581;35267;45845;2392;1096;3754;31513;31513;0;119,79;129,25
Islas Baleares;2024-10-01;25,8875;37,5972;70,5876;1,8551;3,0734;0,0000;248,5400;45,8155;5,6750;1,6613;24,2127;real;46046;31705;2989;24131;798;2240;1709;16466;52670;43774;15423;11458;8588;35469;46046;2272;1096;3764;31705;31705;0;120,74;128,84
Islas Baleares;2024-11-01;26,0051;37,7425;70,5766;1,8535;3,0244;0,0000;248,0400;45,7255;5,6824;1,6615;24,2089;real;46224;31849;3007;24197;816;2304;1764;16553;52918;43954;15499;11447;8607;35553;46224;2270;1138;3704;31849;31849;0;121,48;128,45
Islas Baleares;2024-12-01;26,0051;37,7499;70,5491;1,7914;3,0619;0,0000;247,7300;45,6554;5,6743;1,6600;24,0934;real;46233;31849;3000;24138;802;2305;1763;16606;52870;44039;15540;11482;8577;35599;46233;2194;1219;3750;31849;31849;0;122,63;127,86
Islas Baleares;2025-01-01;25,8811;37,4505;70,5691;1,7833;2,8982;0,0000;248,4600;45,7521;5,5956;1,6682;23,8347;real;46118;31871;2975;24325;799;2345;1752;16836;53167;43922;15565;11428;8447;35440;46118;2196;1288;3569;31871;31871;0;123,90;127,53
Islas Baleares;2025-02-01;25,9688;37,7672;70,5101;1,8434;2,9656;0,0000;247,0100;45,9230;5,6199;1,6671;23,8697;real;46508;31979;2996;24482;791;2433;1781;17059;53311;44238;15680;11446;8505;35631;46508;2270;1295;3652;31979;31979;0;124,48;124,81
Islas Baleares;2025-03-01;25,8186;38,1115;70,5037;2,2933;2,9932;0,0000;247,1000;45,6820;5,6706;1,6568;23,8050;real;46932;31794;2987;24063;771;2390;1774;17051;52675;44108;15593;11441;8446;35480;46932;2824;1280;3686;31794;31794;0;125,96;124,58
Islas Baleares;2025-04-01;25,5400;38,3998;70,5601;2,9250;2,9535;0,0000;244,7500;45,5949;5,6543;1,6493;23,5323;real;47287;31451;2933;23651;751;2319;1763;16863;51872;43685;15495;11336;8257;35088;47287;3602;1443;3637;31451;31451;0;125,90;122,25
Islas Baleares;2025-05-01;25,3029;38,8391;70,5631;3,6729;2,9112;0,0000;241,2900;45,5785;5,6176;1,6448;23,3134;real;47828;31159;2879;23359;738;2259;1747;16698;51250;43305;15410;11234;8100;34744;47828;4523;1807;3585;31159;31159;0;126,17;118,49
Islas Baleares;2025-06-01;26,7638;39,3272;70,5221;2,6262;2,7042;0,0000;231,5700;46,0947;5,6170;1,6654;23,6166;real;48429;32958;3083;25300;819;2492;1812;17773;54887;45195;16069;11649;8570;36288;48429;3234;1269;3330;32958;32958;0;127,08;106,88
Islas Baleares;2025-07-01;26,9774;39,6828;70,5978;2,5970;2,7513;0,0000;227,1800;46,2330;5,5929;1,6609;23,5625;real;48867;33221;3086;25510;847;2489;1836;17836;55177;45669;16243;11740;8626;36609;48867;3198;1310;3388;33221;33221;0;127,10;102,69
Islas Baleares;2025-08-01;27,1235;40,0345;70,5860;2,5166;2,9600;0,0000;225,2600;45,5738;5,6109;1,6616;23,5977;real;49300;33401;3114;25293;848;2493;1867;18299;55499;46201;16461;11843;8742;37046;49300;3099;1341;3645;33401;33401;0;126,61;101,00
Islas Baleares;2025-09-01;27,3282;40,5241;70,5461;2,7943;2,9039;0,0000;222,7300;45,3717;5,5439;1,6568;23,5032;real;49903;33653;3091;25297;868;2525;1856;18544;55755;46462;16577;11902;8750;37229;49903;3441;1450;3576;33653;33653;0;125,18;98,02
Islas Baleares;2025-10-01;27,4516;40,8522;70,5130;2,7513;3,0598;0,0000;220,7300;45,0339;5,5998;1,6476;23,5089;real;50307;33805;3119;25083;869;2531;1837;18658;55698;46919;16783;11957;8833;37573;50307;3388;1468;3768;33805;33805;0;122,81;96,13
Islas Baleares;2025-11-01;27,7423;41,0203;70,5250;2,5694;3,0436;0,0000;217,0700;45,1443;5,5255;1,6475;23,4787;real;50514;34163;3110;25409;869;2556;1854;18860;56284;47350;16993;12017;8901;37911;50514;3164;1475;3748;34163;34163;0;120,19;93,83
Islas Baleares;2025-12-01;27,7789;41,1275;70,4596;2,4857;3,1232;0,0000;215,4500;45,4634;5,4373;1,6586;23,3852;real;50646;34208;3085;25795;863;2547;1847;18922;56738;47585;17096;12059;8899;38054;50646;3061;1522;3846;34208;34208;0;118,19;93,46
Islas Baleares;2026-01-01;27,0630;40,1554;70,3897;2,5592;2,9623;0,0000;211,3300;45,8452;5,3965;1,6613;23,2343;real;50711;34177;3064;26030;845;2530;1839;18806;56778;47479;17143;11965;8810;37918;50711;3232;1496;3741;34177;34177;0;115,80;91,46
Islas Baleares;2026-02-01;27,0368;40,1459;70,3898;2,4571;3,0660;0,0000;208,2700;46,0163;5,3842;1,6689;23,0850;real;50699;34144;3068;26221;824;2585;1824;18733;56982;47596;17273;11967;8776;38016;50699;3103;1426;3872;34144;34144;0;113,13;90,91
Islas Baleares;2026-03-01;27,1192;40,3509;70,2781;2,4286;3,1436;0,0000;205,7500;46,1089;5,3732;1,6726;23,0546;real;50958;34248;3078;26413;817;2620;1823;18828;57284;47891;17427;11980;8811;38218;50958;3067;1425;3970;34248;34248;0;110,12;91,34
Islas Baleares;2026-04-01;27,2706;40,3509;70,2977;2,4286;3,1436;0,0000;203,6819;46,1089;5,3327;1,6726;22,9772;proyeccion;NA;NA;NA;NA;NA;NA;NA;NA;NA;NA;NA;NA;NA;NA;NA;NA;NA;NA;NA;NA;NA;NA;NA
Islas Baleares;2026-05-01;27,4221;40,3509;70,2977;2,4286;3,1436;0,0000;202,0151;46,1089;5,2994;1,6726;22,9036;proyeccion;NA;NA;NA;NA;NA;NA;NA;NA;NA;NA;NA;NA;NA;NA;NA;NA;NA;NA;NA;NA;NA;NA;NA
Islas Baleares;2026-06-01;27,5736;40,3509;70,2977;2,4286;3,1436;0,0000;200,6661;46,1089;5,2661;1,6726;22,8301;proyeccion;NA;NA;NA;NA;NA;NA;NA;NA;NA;NA;NA;NA;NA;NA;NA;NA;NA;NA;NA;NA;NA;NA;NA
Islas Baleares;2026-07-01;27,7250;40,3509;70,2977;2,4286;3,1436;0,0000;199,5744;46,1089;5,2329;1,6726;22,7565;proyeccion;NA;NA;NA;NA;NA;NA;NA;NA;NA;NA;NA;NA;NA;NA;NA;NA;NA;NA;NA;NA;NA;NA;NA
Islas Baleares;2026-08-01;27,8765;40,3509;70,2977;2,4286;3,1436;0,0000;198,6908;46,1089;5,1996;1,6726;22,6829;proyeccion;NA;NA;NA;NA;NA;NA;NA;NA;NA;NA;NA;NA;NA;NA;NA;NA;NA;NA;NA;NA;NA;NA;NA
Islas Baleares;2026-09-01;28,0279;40,3509;70,2977;2,4286;3,1436;0,0000;197,9757;46,1089;5,1663;1,6726;22,6093;proyeccion;NA;NA;NA;NA;NA;NA;NA;NA;NA;NA;NA;NA;NA;NA;NA;NA;NA;NA;NA;NA;NA;NA;NA
Islas Baleares;2026-10-01;28,1794;40,3509;70,2977;2,4286;3,1436;0,0000;197,3969;46,1089;5,1331;1,6726;22,5357;proyeccion;NA;NA;NA;NA;NA;NA;NA;NA;NA;NA;NA;NA;NA;NA;NA;NA;NA;NA;NA;NA;NA;NA;NA
Islas Baleares;2026-11-01;28,3308;40,3509;70,2977;2,4286;3,1436;0,0000;196,9285;46,1089;5,0998;1,6726;22,4622;proyeccion;NA;NA;NA;NA;NA;NA;NA;NA;NA;NA;NA;NA;NA;NA;NA;NA;NA;NA;NA;NA;NA;NA;NA
La Rioja;2023-01-01;19,0398;31,8131;71,4399;0,1868;4,0717;0,0000;261,5400;9,8933;13,6948;1,4993;25,0649;real;14306;8562;1758;1270;1026;3557;1224;2966;12837;14222;3609;4179;2605;10393;14306;84;10;1831;8562;8562;0;51,85;214,36
La Rioja;2023-02-01;19,2066;31,7553;71,4853;0,1868;3,8916;0,0000;251,1700;9,6792;13,5971;1,5012;25,1853;real;14280;8637;1763;1255;1018;3624;1241;3017;12966;14196;3575;4196;2616;10387;14280;84;9;1750;8637;8637;0;52,28;204,49
La Rioja;2023-03-01;19,2711;32,0332;71,7236;0,1067;4,1985;0,0000;252,2200;9,6205;13,6221;1,5053;24,8437;real;14405;8666;1777;1255;981;3648;1246;3086;13045;14357;3685;4247;2622;10554;14405;48;8;1888;8666;8666;0;51,36;205,38
La Rioja;2023-04-01;19,4712;31,9109;71,6786;0,0801;3,8115;0,0000;245,2300;9,4982;13,4400;1,5066;25,2245;real;14350;8756;1773;1253;998;3697;1249;3168;13192;14314;3596;4233;2641;10470;14350;36;10;1714;8756;8756;0;51,05;198,19
La Rioja;2023-05-01;19,7292;32,3023;71,4172;0,6716;3,3557;0,0000;232,8000;9,3398;13,7784;1,5109;25,3444;real;14526;8872;1847;1252;1020;3758;1238;3245;13405;14224;3555;4195;2631;10381;14526;302;11;1509;8872;8872;0;50,74;185,72
La Rioja;2023-06-01;19,8915;32,3601;70,7937;0,3647;3,4846;0,0000;228,0200;9,2494;13,8926;1,5193;25,1237;real;14552;8945;1888;1257;1036;3799;1259;3288;13590;14388;3620;4251;2641;10512;14552;164;17;1567;8945;8945;0;50,70;180,97
La Rioja;2023-07-01;20,0494;32,4535;70,3557;0,1979;3,5247;0,0000;224,3600;9,1895;14,1484;1,5232;24,8656;real;14594;9016;1943;1262;1040;3829;1262;3339;13733;14505;3688;4277;2636;10601;14594;89;21;1585;9016;9016;0;50,61;177,51
La Rioja;2023-08-01;20,0450;32,4224;70,7022;0,1423;3,5402;0,0000;222,0300;8,9891;14,3200;1,5254;24,8539;real;14580;9014;1969;1236;995;3850;1263;3378;13750;14516;3702;4268;2636;10606;14580;64;30;1592;9014;9014;0;51,03;175,44
La Rioja;2023-09-01;20,0183;32,4202;70,5834;0,1223;3,5580;0,0000;215,9400;8,8143;14,2453;1,5300;24,4765;real;14579;9002;1962;1214;934;3829;1298;3448;13773;14524;3718;4289;2595;10602;14579;55;40;1600;9002;9002;0;51,57;169,80
La Rioja;2023-10-01;20,1272;32,5803;71,2775;0,1379;3,5958;0,0000;211,7500;8,8552;14,3012;1,5297;24,3720;real;14651;9051;1980;1226;904;3832;1300;3514;13845;14589;3765;4303;2600;10668;14651;62;46;1617;9051;9051;0;51,61;165,35
La Rioja;2023-11-01;20,3340;32,4268;71,1290;0,1334;3,2244;0,0000;206,7500;8,9201;14,1397;1,5190;24,6460;real;14582;9144;1964;1239;861;3817;1326;3596;13890;14522;3711;4272;2611;10594;14582;60;53;1450;9144;9144;0;51,65;160,10
La Rioja;2023-12-01;20,4141;32,5358;71,0227;0,0356;3,2600;0,0000;202,7900;8,8199;14,1649;1,5204;24,4317;real;14631;9180;1977;1231;892;3804;1339;3620;13957;14615;3739;4306;2601;10646;14631;16;8;1466;9180;9180;0;52,89;155,64
La Rioja;2024-01-01;21,7087;34,7648;70,9942;0,0285;3,6608;0,0000;199,0300;8,7476;14,2292;1,5192;24,3524;real;14653;9150;1978;1216;917;3736;1350;3606;13901;14641;3777;4312;2604;10693;14653;12;6;1543;9150;9150;0;52,87;151,76
La Rioja;2024-02-01;21,7538;35,0447;70,5592;0,0380;3,7771;0,0000;196,3900;8,7278;14,1872;1,5183;24,0312;real;14771;9169;1975;1215;920;3723;1363;3620;13921;14755;3821;4354;2586;10761;14771;16;7;1592;9169;9169;0;54,06;149,04
La Rioja;2024-03-01;21,8060;34,3757;70,5979;0,0308;3,0463;0,0000;196,3700;8,7299;14,1753;1,5205;24,0764;real;14489;9191;1981;1220;937;3729;1358;3647;13975;14476;3662;4291;2522;10475;14489;13;8;1284;9191;9191;0;55,14;148,63
La Rioja;2024-04-01;21,8772;34,6888;70,6076;0,0285;3,2219;0,0000;196,0300;8,6786;14,1054;1,5208;23,9248;real;14621;9221;1978;1217;968;3691;1367;3691;14023;14609;3712;4336;2531;10579;14621;12;10;1358;9221;9221;0;55,55;148,48
La Rioja;2024-05-01;22,0053;35,0590;70,0574;0,0451;3,3382;0,0000;198,9300;8,6224;14,0450;1,5230;23,6192;real;14777;9275;1984;1218;1002;3720;1367;3726;14126;14758;3786;4373;2523;10682;14777;19;10;1407;9275;9275;0;56,33;150,68
La Rioja;2024-06-01;22,0100;35,2867;70,3060;0,0664;3,4544;0,0000;198,6400;8,5395;13,9545;1,5248;23,5163;real;14873;9277;1974;1208;1029;3742;1363;3722;14146;14845;3823;4386;2524;10733;14873;28;13;1456;9277;9277;0;56,57;149,56
La Rioja;2024-07-01;21,9815;35,2820;70,4225;0,1281;3,3951;0,0000;198,0100;8,5423;14,0884;1,5238;23,5696;real;14871;9265;1989;1206;1036;3732;1363;3686;14118;14817;3790;4385;2521;10696;14871;54;20;1431;9265;9265;0;56,48;148,56
La Rioja;2024-08-01;22,0053;35,2938;69,8916;0,0712;3,3548;0,0000;197,9500;8,4712;14,1918;1,5247;23,4821;real;14876;9275;2007;1198;1037;3724;1366;3705;14142;14846;3758;4421;2510;10689;14876;30;25;1414;9275;9275;0;56,22;147,95
La Rioja;2024-09-01;22,0551;35,2630;70,4297;0,0641;3,1768;0,0000;200,8100;8,3775;14,1485;1,5229;23,3098;real;14863;9296;2003;1186;1042;3682;1388;3719;14157;14836;3756;4400;2479;10635;14863;27;24;1339;9296;9296;0;56,81;150,95
La Rioja;2024-10-01;22,1880;35,1491;70,4849;0,0664;2,8731;0,0000;206,3700;8,3625;14,0798;1,5280;23,3740;real;14815;9352;2012;1195;1052;3729;1405;3745;14290;14787;3707;4387;2469;10563;14815;28;24;1211;9352;9352;0;56,95;156,64
La Rioja;2024-11-01;22,1120;35,0661;70,5236;0,0712;2,8921;0,0000;209,9100;8,3175;14,2164;1,5261;23,6360;real;14780;9320;2022;1183;1026;3695;1410;3738;14223;14750;3652;4396;2491;10539;14780;30;24;1219;9320;9320;0;55,96;159,97
La Rioja;2024-12-01;22,1452;34,9285;70,5980;0,0712;2,5434;0,0000;220,0500;8,4516;14,0930;1,5250;23,6018;real;14722;9334;2006;1203;1049;3694;1412;3714;14234;14692;3575;4375;2456;10406;14722;30;23;1072;9334;9334;0;56,25;171,29
La Rioja;2025-01-01;21,3961;33,8435;70,9091;0,0710;2,5463;0,0000;223,7200;8,4699;14,1726;1,5276;23,4124;real;14780;9344;2023;1209;1045;3708;1409;3724;14274;14749;3604;4404;2448;10456;14780;31;22;1112;9344;9344;0;56,67;175,27
La Rioja;2025-02-01;21,4510;33,9511;71,0804;0,0756;2,5577;0,0000;229,2800;8,6014;14,1329;1,5265;23,1760;real;14827;9368;2021;1230;1102;3677;1396;3732;14300;14794;3644;4411;2430;10485;14827;33;27;1117;9368;9368;0;57,92;180,92
La Rioja;2025-03-01;21,3365;33,9145;71,1147;0,0137;2,6631;0,0000;224,4200;8,6043;14,1396;1,5317;23,0322;real;14811;9318;2018;1228;1085;3664;1407;3725;14272;14805;3660;4407;2414;10481;14811;6;4;1163;9318;9318;0;58,90;176,63
La Rioja;2025-04-01;21,2907;33,9305;71,5574;0,0183;2,6539;0,0000;225,6700;8,5574;14,2717;1,5320;22,9894;real;14818;9298;2033;1219;1073;3647;1419;3718;14245;14810;3653;4400;2404;10457;14818;8;4;1159;9298;9298;0;59,98;177,68
La Rioja;2025-05-01;21,3480;33,8435;71,6828;0,0252;2,5119;0,0000;223,3500;8,6551;14,2337;1,5305;22,8407;real;14780;9323;2031;1235;1079;3646;1420;3719;14269;14769;3614;4426;2380;10420;14780;11;4;1097;9323;9323;0;61,35;175,41
La Rioja;2025-06-01;21,3342;33,9717;71,4863;0,0229;2,5554;0,0000;222,3900;8,6698;14,2767;1,5314;22,7451;real;14836;9317;2037;1237;1080;3649;1423;3704;14268;14826;3633;4427;2373;10433;14836;10;5;1116;9317;9317;0;64,03;174,26
La Rioja;2025-07-01;21,2930;33,8481;71,8724;0,0252;2,4570;0,0000;225,2900;8,5845;14,1904;1,5308;22,5029;real;14782;9299;2020;1222;1062;3653;1427;3712;14235;14771;3614;4424;2334;10372;14782;11;6;1073;9299;9299;0;66,97;175,61
La Rioja;2025-08-01;21,3274;33,7061;71,9902;0,0252;2,2578;0,0000;220,3900;8,5554;14,2847;1,5310;22,3981;real;14720;9314;2037;1220;1034;3661;1436;3721;14260;14709;3590;4403;2307;10300;14720;11;7;986;9314;9314;0;69,62;169,34
La Rioja;2025-09-01;21,3434;33,6695;71,8494;0,0275;2,1433;0,0000;212,9200;8,5361;14,4016;1,5346;22,3165;real;14704;9321;2060;1221;1023;3606;1466;3767;14304;14692;3570;4398;2289;10257;14704;12;9;936;9321;9321;0;72,16;160,66
La Rioja;2025-10-01;21,3526;34,1710;71,8182;0,0252;2,5852;0,0000;207,4100;8,4421;14,3775;1,5358;21,9820;real;14923;9325;2059;1209;981;3587;1502;3798;14321;14912;3718;4438;2298;10454;14923;11;7;1129;9325;9325;0;76,60;152,82
La Rioja;2025-11-01;21,5518;34,4686;71,7089;0,0206;2,6035;0,0916;193,2100;8,3197;14,3178;1,5606;21,9357;real;15053;9412;2103;1222;999;3575;1521;3876;14688;15044;3757;4478;2314;10549;15053;9;5;1137;9412;9372;40;79,20;135,45
La Rioja;2025-12-01;22,0281;34,2877;71,6381;0,0137;1,8525;0,4992;174,1900;8,2188;14,2120;1,5506;22,0443;real;14974;9620;2120;1226;978;3590;1520;4092;14917;14968;3687;4443;2299;10429;14974;6;4;809;9620;9402;218;78,73;112,56
La Rioja;2026-01-01;21,4477;33,5375;71,7196;0,0112;2,0165;0,2929;167,2300;8,2398;14,2550;1,5509;21,7797;real;15002;9594;2121;1226;983;3594;1512;4057;14879;14997;3751;4459;2286;10496;15002;5;4;902;9594;9463;131;78,98;104,36
La Rioja;2026-02-01;21,1996;33,6694;71,7514;0,0089;2,3943;0,3622;156,5100;8,4063;14,5447;1,5530;21,4421;real;15061;9483;2142;1238;958;3591;1454;4002;14727;15057;3827;4464;2263;10554;15061;4;3;1071;9483;9321;162;76,87;91,68
La Rioja;2026-03-01;21,3717;33,8751;71,9002;0,0112;2,4457;0,0671;153,8800;8,6820;15,1182;1,4952;21,3441;real;15153;9560;2161;1241;970;3595;1149;4090;14294;15148;3881;4499;2274;10654;15153;5;4;1094;9560;9530;30;76,40;89,11
La Rioja;2026-04-01;21,3717;33,8751;71,8886;0,0076;2,0068;0,1710;146,8998;8,8649;15,1182;1,5055;21,2478;proyeccion;NA;NA;NA;NA;NA;NA;NA;NA;NA;NA;NA;NA;NA;NA;NA;NA;NA;NA;NA;NA;NA;NA;NA
La Rioja;2026-05-01;21,3717;33,8751;71,8886;0,0416;1,9539;0,1710;140,2866;9,0113;15,1182;1,5055;21,1496;proyeccion;NA;NA;NA;NA;NA;NA;NA;NA;NA;NA;NA;NA;NA;NA;NA;NA;NA;NA;NA;NA;NA;NA;NA
La Rioja;2026-06-01;21,3717;33,8751;71,8886;0,0299;1,9009;0,1710;133,6734;9,1284;15,1182;1,5055;21,0514;proyeccion;NA;NA;NA;NA;NA;NA;NA;NA;NA;NA;NA;NA;NA;NA;NA;NA;NA;NA;NA;NA;NA;NA;NA
La Rioja;2026-07-01;21,3717;33,8751;71,8886;0,0438;1,8479;0,1710;127,0602;9,2221;15,1182;1,5055;20,9532;proyeccion;NA;NA;NA;NA;NA;NA;NA;NA;NA;NA;NA;NA;NA;NA;NA;NA;NA;NA;NA;NA;NA;NA;NA
La Rioja;2026-08-01;21,3717;33,8751;71,8886;0,0299;1,7949;0,1710;120,4470;9,2971;15,1182;1,5055;20,8549;proyeccion;NA;NA;NA;NA;NA;NA;NA;NA;NA;NA;NA;NA;NA;NA;NA;NA;NA;NA;NA;NA;NA;NA;NA
La Rioja;2026-09-01;21,3717;33,8751;71,8886;0,0260;1,7420;0,1710;113,8338;9,3571;15,1182;1,5055;20,7567;proyeccion;NA;NA;NA;NA;NA;NA;NA;NA;NA;NA;NA;NA;NA;NA;NA;NA;NA;NA;NA;NA;NA;NA;NA
La Rioja;2026-10-01;21,3717;33,8751;71,8886;0,0253;1,6890;0,1710;107,2206;9,4050;15,1182;1,5055;20,6585;proyeccion;NA;NA;NA;NA;NA;NA;NA;NA;NA;NA;NA;NA;NA;NA;NA;NA;NA;NA;NA;NA;NA;NA;NA
La Rioja;2026-11-01;21,3717;33,8751;71,8886;0,0220;1,6360;0,1710;100,6074;9,4434;15,1182;1,5055;20,5602;proyeccion;NA;NA;NA;NA;NA;NA;NA;NA;NA;NA;NA;NA;NA;NA;NA;NA;NA;NA;NA;NA;NA;NA;NA
País Vasco;2023-01-01;19,3769;32,4942;66,5295;0,1680;4,1609;0,0000;137,1700;37,5506;14,1740;1,3790;24,1458;real;109294;65174;12739;33749;1351;5612;7427;21806;89876;108729;34520;25533;19116;79169;109294;565;468;13995;65174;65174;0;87,71;50,55
País Vasco;2023-02-01;19,4292;32,7038;66,5788;0,1653;4,2462;0,0000;137,9500;37,5587;14,1181;1,3794;24,1850;real;109999;65350;12727;33858;1325;5568;7442;21961;90147;109443;34742;25631;19259;79632;109999;556;457;14282;65350;65350;0;87,33;49,89
País Vasco;2023-03-01;19,4048;32,5495;66,5626;0,1564;4,1537;0,0000;143,3200;37,4584;14,0940;1,3817;23,9743;real;109480;65268;12710;33780;1297;5671;7467;21846;90180;108954;34676;25566;18997;79239;109480;526;454;13971;65268;65268;0;88,84;52,16
País Vasco;2023-04-01;19,5648;32,8525;66,5837;0,1466;4,1930;0,0000;144,7400;37,1704;14,1559;1,3859;24,0036;real;110499;65806;12910;33899;1297;5622;7497;22456;91199;110006;34975;25753;19181;79909;110499;493;371;14103;65806;65806;0;89,66;52,17
País Vasco;2023-05-01;19,6364;32,9473;66,5953;0,1290;4,1763;0,0000;144,2600;37,1250;14,0986;1,3871;23,9943;real;110818;66047;12916;34011;1323;5564;7538;22673;91612;110384;35028;25848;19218;80094;110818;434;365;14047;66047;66047;0;90,03;51,21
País Vasco;2023-06-01;19,7387;33,1126;66,6667;0,1278;4,2034;0,0000;148,4200;36,9460;14,1007;1,3900;24,0572;real;111374;66391;13013;34096;1347;5670;7515;22976;92286;110944;35201;25955;19373;80529;111374;430;365;14138;66391;66391;0;90,83;53,54
País Vasco;2023-07-01;19,8927;33,3023;66,5164;0,1350;4,1956;0,0000;146,3300;37,1071;14,0519;1,3908;24,1061;real;112012;66909;13076;34530;1360;5653;7521;23274;93055;111558;35364;26126;19531;81021;112012;454;382;14112;66909;66909;0;91,21;50,56
País Vasco;2023-08-01;19,8734;33,3350;66,5301;0,1317;4,2280;0,0000;146,1800;37,0349;14,0216;1,3919;24,0424;real;112122;66844;13046;34458;1366;5587;7506;23330;93042;111679;35471;26104;19490;81065;112122;443;383;14221;66844;66844;0;90,95;50,62
País Vasco;2023-09-01;19,9014;33,4947;66,5443;0,1275;4,3175;0,0000;144,0200;37,0233;13,9820;1,3939;23,8952;real;112659;66938;13046;34545;1356;5777;7472;23360;93306;112230;35751;26244;19465;81460;112659;429;385;14522;66938;66938;0;89,34;49,34
País Vasco;2023-10-01;19,9932;33,7156;66,5206;0,1302;4,3431;0,0000;141,4800;36,8853;13,9880;1,3955;23,9582;real;113402;67247;13127;34615;1393;5765;7531;23586;93845;112964;35924;26320;19611;81855;113402;438;383;14608;67247;67247;0;87,39;47,70
País Vasco;2023-11-01;19,9700;33,7640;66,4947;0,1249;4,3966;0,0000;141,2900;36,7917;13,9819;1,3964;23,9406;real;113565;67169;13114;34508;1401;5707;7549;23759;93793;113145;35968;26368;19621;81957;113565;420;390;14788;67169;67169;0;85,06;48,22
País Vasco;2023-12-01;20,1202;33,9683;66,6602;0,1275;4,3910;0,0000;139,7400;36,7597;13,9006;1,3987;23,9572;real;114252;67674;13158;34796;1419;5817;7570;24014;94658;113823;36246;26446;19751;82443;114252;429;384;14769;67674;67674;0;82,23;49,29
País Vasco;2024-01-01;20,5558;34,6855;66,6574;0,1258;4,4545;0,0000;140,4000;36,7042;13,8534;1,3987;23,8378;real;113902;67502;13080;34655;1429;5772;7550;24035;94417;113489;36232;26320;19578;82130;113902;413;379;14628;67502;67502;0;81,16;51,24
País Vasco;2024-02-01;20,6310;34,8098;66,6372;0,1282;4,4372;0,0000;138,4700;36,7672;13,7460;1,3991;23,6310;real;114310;67749;13030;34852;1397;5654;7590;24410;94791;113889;36474;26393;19453;82320;114310;421;377;14571;67749;67749;0;80,01;51,18
País Vasco;2024-03-01;20,7829;34,8844;66,5535;0,0646;4,4207;0,0000;136,1400;36,7579;13,7438;1,4018;23,6851;real;114555;68248;13149;35167;1329;5783;7617;24743;95672;114343;36633;26529;19603;82765;114555;212;183;14517;68248;68248;0;78,97;49,95
País Vasco;2024-04-01;20,8536;34,9443;66,4996;0,0588;4,4119;0,0000;134,8500;36,8894;13,6978;1,4051;23,7345;real;114752;68480;13180;35495;1339;5741;7621;24914;96220;114559;36714;26562;19692;82968;114752;193;167;14488;68480;68480;0;77,62;50,31
País Vasco;2024-05-01;20,9952;35,1758;66,5099;0,0521;4,4134;0,0000;133,2500;36,9405;13,6101;1,4053;23,5492;real;115512;68945;13187;35792;1376;5720;7658;25115;96891;115341;37124;26665;19649;83438;115512;171;158;14493;68945;68945;0;75,22;51,33
País Vasco;2024-06-01;21,2108;35,3978;66,4701;0,0475;4,3766;0,0000;131,1000;37,0031;13,5141;1,4128;23,6430;real;116241;69653;13299;36414;1354;5958;7702;25497;98408;116085;37284;26875;19866;84025;116241;156;151;14372;69653;69653;0;73,90;50,58
País Vasco;2024-07-01;21,1691;35,3615;66,4663;0,0837;4,3568;0,0000;131,8900;37,0055;13,4668;1,4148;23,5365;real;116122;69516;13245;36396;1335;5868;7737;25558;98353;115847;37301;26793;19729;83823;116122;275;155;14307;69516;69516;0;72,85;53,23
País Vasco;2024-08-01;21,1788;35,3424;66,4707;0,0569;4,3626;0,0000;131,1800;37,0861;13,4975;1,4166;23,4387;real;116059;69548;13298;36538;1341;5845;7728;25544;98522;115872;37409;26806;19659;83874;116059;187;154;14326;69548;69548;0;71,41;53,45
País Vasco;2024-09-01;21,2427;35,4824;66,5389;0,0621;4,4088;0,0000;129,8600;37,1398;13,4773;1,4183;23,3772;real;116519;69758;13334;36745;1364;6015;7699;25597;98937;116315;37639;26905;19692;84236;116519;204;160;14478;69758;69758;0;70,69;53,23
País Vasco;2024-10-01;21,3643;35,6438;66,5496;0,0484;4,4259;0,0000;127,8100;37,1833;13,4180;1,4200;23,3413;real;117049;70157;13367;37042;1373;6021;7727;25824;99620;116890;37929;26994;19768;84691;117049;159;160;14534;70157;70157;0;70,32;51,84
País Vasco;2024-11-01;21,4958;35,8214;66,5177;0,0478;4,4271;0,0000;125,7700;37,3305;13,3744;1,4239;23,4344;real;117632;70589;13443;37522;1363;6001;7753;26126;100513;117475;38104;27074;19949;85127;117632;157;148;14538;70589;70589;0;69,95;51,35
País Vasco;2024-12-01;21,5482;35,8040;66,4660;0,0463;4,3610;0,0000;127,9200;37,4452;13,2922;1,4269;23,3575;real;117575;70761;13421;37808;1390;6133;7737;26175;100969;117423;38146;27063;19873;85082;117575;152;147;14321;70761;70761;0;70,06;54,49
País Vasco;2025-01-01;21,0773;35,0368;66,3770;0,0449;4,2583;0,0000;126,3000;37,5407;13,2096;1,4306;23,2869;real;117857;70900;13398;38076;1389;6060;7728;26417;101426;117706;38238;27140;19846;85224;117857;151;146;14324;70900;70900;0;69,53;53,90
País Vasco;2025-02-01;21,0003;35,0394;66,3150;0,0440;4,3139;0,0000;125,3300;37,6800;13,2317;1,4331;23,1175;real;117866;70641;13395;38145;1398;6084;7717;26248;101234;117718;38368;27099;19685;85152;117866;148;145;14511;70641;70641;0;70,63;52,85
País Vasco;2025-03-01;21,0166;35,1227;66,3223;0,0440;4,3492;0,0000;127,7500;37,7675;13,2709;1,4330;23,0328;real;118146;70696;13444;38260;1384;6202;7751;26157;101304;117998;38512;27161;19653;85326;118146;148;145;14630;70696;70696;0;71,28;54,96
País Vasco;2025-04-01;21,4305;35,3299;66,3033;0,0446;4,1408;0,0000;130,3600;37,4381;13,0745;1,4304;22,9931;real;118843;72088;13482;38605;1366;6163;7719;27403;103117;118693;38981;27258;19778;86017;118843;150;145;13929;72088;72088;0;71,45;57,37
País Vasco;2025-05-01;21,5315;35,4018;66,2972;0,0440;4,0879;0,0000;129,0100;37,2847;13,0357;1,4327;22,9696;real;119085;72428;13527;38690;1341;6076;7733;27927;103769;118937;39130;27254;19795;86179;119085;148;143;13751;72428;72428;0;72,39;56,35
País Vasco;2025-06-01;21,6724;35,6911;66,3204;0,0443;4,1281;0,0000;129,3300;37,2303;12,9019;1,4364;22,8234;real;120058;72902;13510;38985;1427;6269;7761;28162;104713;119909;39587;27393;19808;86788;120058;149;142;13886;72902;72902;0;73,64;55,71
País Vasco;2025-07-01;21,7069;35,7749;66,3225;0,0455;4,1483;0,0000;129,9400;37,2350;12,8431;1,4379;22,7636;real;120340;73018;13484;39093;1422;6252;7769;28219;104990;120187;39735;27439;19798;86972;120340;153;145;13954;73018;73018;0;74,55;55,05
País Vasco;2025-08-01;21,6659;35,7134;66,2548;0,0440;4,1292;0,0000;130,4900;37,2597;12,8233;1,4389;22,6979;real;120133;72880;13447;39072;1399;6228;7753;28198;104864;119985;39741;27334;19695;86770;120133;148;143;13890;72880;72880;0;75,53;54,45
País Vasco;2025-09-01;21,9058;35,9131;66,1427;0,0431;4,0769;0,0000;130,4000;37,3647;12,7707;1,4380;22,6599;real;120805;73687;13532;39592;1456;6374;7749;28468;105961;120660;40129;27467;19805;87401;120805;145;139;13714;73687;73687;0;76,64;53,09
País Vasco;2025-10-01;22,0660;36,0603;66,2047;0,0416;4,0546;0,0000;129,5400;37,5240;12,6883;1,4369;22,6802;real;121300;74226;13533;40022;1466;6332;7833;28705;106657;121160;40329;27608;19928;87865;121300;140;135;13639;74226;74226;0;76,55;52,23
País Vasco;2025-11-01;22,1850;36,1676;66,1827;0,0422;4,0005;0,0000;128,5100;37,2419;12,6593;1,4383;22,6116;real;121661;74626;13588;39974;1469;6288;7889;29355;107336;121519;40513;27653;19917;88083;121661;142;133;13457;74626;74626;0;77,57;50,36
País Vasco;2025-12-01;22,2373;36,1840;66,1963;0,0443;3,9342;0,0000;129,1400;37,1718;12,5342;1,4393;22,5408;real;121716;74802;13495;40021;1518;6369;7867;29495;107665;121567;40584;27608;19844;88036;121716;149;135;13234;74802;74802;0;78,31;50,49
País Vasco;2026-01-01;21,6160;35,2948;66,2797;0,0530;3,8387;0,0000;130,4300;36,8053;12,4485;1,4479;22,3283;real;121274;74273;13387;39580;1516;6978;7847;29357;107539;121092;40523;27411;19529;87463;121274;182;139;13190;74273;74273;0;78,48;51,36
País Vasco;2026-02-01;21,4911;35,1397;66,3361;0,0649;3,8187;0,0000;130,1800;36,9820;12,2779;1,4511;22,0732;real;120741;73844;13156;39627;1441;7185;7845;29154;107152;120518;40563;27206;19196;86965;120741;223;140;13121;73844;73844;0;79,75;49,09
País Vasco;2026-03-01;21,5435;35,2145;66,4086;0,1056;3,8058;0,0000;130,5000;36,8355;12,3398;1,4530;22,0526;real;120998;74024;13272;39618;1374;7327;7914;29280;107554;120635;40610;27283;19208;87101;120998;363;138;13077;74024;74024;0;80,33;48,22
País Vasco;2026-04-01;21,5435;35,2145;66,4086;0,1056;3,8059;0,0000;130,5000;36,8355;12,2409;1,4549;21,9944;proyeccion;NA;NA;NA;NA;NA;NA;NA;NA;NA;NA;NA;NA;NA;NA;NA;NA;NA;NA;NA;NA;NA;NA;NA
País Vasco;2026-05-01;21,5435;35,2145;66,4086;0,1056;3,8059;0,0000;130,5000;36,8355;12,1737;1,4568;21,9378;proyeccion;NA;NA;NA;NA;NA;NA;NA;NA;NA;NA;NA;NA;NA;NA;NA;NA;NA;NA;NA;NA;NA;NA;NA
País Vasco;2026-06-01;21,5435;35,2145;66,4086;0,1056;3,8059;0,0000;130,5000;36,8355;12,1066;1,4588;21,8811;proyeccion;NA;NA;NA;NA;NA;NA;NA;NA;NA;NA;NA;NA;NA;NA;NA;NA;NA;NA;NA;NA;NA;NA;NA
País Vasco;2026-07-01;21,5435;35,2145;66,4086;0,1056;3,8059;0,0000;130,5000;36,8355;12,0394;1,4607;21,8245;proyeccion;NA;NA;NA;NA;NA;NA;NA;NA;NA;NA;NA;NA;NA;NA;NA;NA;NA;NA;NA;NA;NA;NA;NA
País Vasco;2026-08-01;21,5435;35,2145;66,4086;0,1056;3,8059;0,0000;130,5000;36,8355;11,9723;1,4627;21,7678;proyeccion;NA;NA;NA;NA;NA;NA;NA;NA;NA;NA;NA;NA;NA;NA;NA;NA;NA;NA;NA;NA;NA;NA;NA
País Vasco;2026-09-01;21,5435;35,2145;66,4086;0,1056;3,8059;0,0000;130,5000;36,8355;11,9051;1,4646;21,7112;proyeccion;NA;NA;NA;NA;NA;NA;NA;NA;NA;NA;NA;NA;NA;NA;NA;NA;NA;NA;NA;NA;NA;NA;NA
País Vasco;2026-10-01;21,5435;35,2145;66,4086;0,1056;3,8059;0,0000;130,5000;36,8355;11,8380;1,4665;21,6545;proyeccion;NA;NA;NA;NA;NA;NA;NA;NA;NA;NA;NA;NA;NA;NA;NA;NA;NA;NA;NA;NA;NA;NA;NA
País Vasco;2026-11-01;21,5435;35,2145;66,4086;0,1056;3,8059;0,0000;130,5000;36,8355;11,7708;1,4685;21,5979;proyeccion;NA;NA;NA;NA;NA;NA;NA;NA;NA;NA;NA;NA;NA;NA;NA;NA;NA;NA;NA;NA;NA;NA;NA
Principado de Asturias;2023-01-01;14,8647;22,8789;74,5266;2,0579;1,5821;0,4178;243,8200;29,3633;9,6506;1,2779;24,2980;real;44192;28712;3541;10774;3509;6798;2255;2458;36692;40217;13365;10684;7719;31768;44192;3975;531;3056;28712;27905;807;141,27;109,42
Principado de Asturias;2023-02-01;14,8569;23,1357;74,5129;2,2521;1,6505;0,4043;249,2800;29,3624;9,7602;1,2789;24,1618;real;44688;28697;3582;10776;3540;6737;2243;2443;36700;40338;13437;10744;7704;31885;44688;4350;656;3188;28697;27916;781;142,67;113,84
Principado de Asturias;2023-03-01;14,9465;23,1419;74,5724;2,2790;1,5407;0,4059;259,7300;29,3383;9,7523;1,2783;24,2731;real;44700;28870;3599;10827;3637;6785;2224;2462;36904;40298;13372;10744;7730;31846;44700;4402;848;2976;28870;28086;784;143,67;123,78
Principado de Asturias;2023-04-01;15,1220;23,0312;74,5615;2,0377;1,4946;0,4250;270,7100;29,2079;9,7806;1,2780;24,2117;real;44486;29209;3651;10903;3766;6839;2231;2486;37329;40550;13501;10824;7771;32096;44486;3936;917;2887;29209;28388;821;147,12;132,17
Principado de Asturias;2023-05-01;15,3860;23,1580;74,5863;1,9735;1,4196;0,4416;274,5600;29,0169;9,6494;1,2766;24,2968;real;44731;29719;3661;11009;3967;7007;2240;2561;37940;40919;13640;10934;7887;32461;44731;3812;898;2742;29719;28866;853;152,10;134,08
Principado de Asturias;2023-06-01;15,4331;23,5131;74,4842;1,9461;1,7328;0,4375;280,1800;28,8044;9,6557;1,2775;24,4111;real;45417;29810;3677;10969;4040;7029;2250;2581;38081;41658;13910;11153;8094;33157;45417;3759;591;3347;29810;28965;845;158,83;138,12
Principado de Asturias;2023-07-01;15,4839;23,8207;74,2488;2,1439;1,7576;0,4468;285,9600;28,6521;9,6632;1,2785;24,4302;real;46011;29908;3695;10956;4112;7038;2255;2606;38238;41870;13964;11203;8136;33303;46011;4141;453;3395;29908;29045;863;164,11;140,73
Principado de Asturias;2023-08-01;15,5589;24,0174;74,2251;2,4328;1,5687;0,4773;289,6200;28,3402;9,7264;1,2808;24,5534;real;46391;30053;3744;10909;4115;7117;2282;2648;38493;41692;13830;11130;8123;33083;46391;4699;566;3030;30053;29131;922;166,27;142,51
Principado de Asturias;2023-09-01;15,6459;24,1023;74,1678;2,6440;1,3637;0,4794;291,1600;27,8883;9,6922;1,2837;24,6294;real;46555;30221;3760;10819;4072;7383;2276;2783;38794;41448;13718;11045;8092;32855;46555;5107;1048;2634;30221;29295;926;169,54;141,59
Principado de Asturias;2023-10-01;15,8028;24,2240;74,0880;2,9556;1,0380;0,4701;297,8000;28,2730;9,5249;1,2812;24,7287;real;46790;30524;3725;11057;4263;7304;2297;2789;39108;41081;13546;10939;8044;32529;46790;5709;1604;2005;30524;29616;908;172,71;144,93
Principado de Asturias;2023-11-01;15,9710;24,3912;74,0786;3,0923;0,8071;0,4711;305,1700;28,5176;9,4561;1,2814;24,6451;real;47113;30849;3738;11273;4479;7222;2298;2845;39530;41140;13525;10896;7987;32408;47113;5973;1966;1559;30849;29939;910;176,28;143,90
Principado de Asturias;2023-12-01;16,1600;24,2659;74,2109;2,9313;0,6968;0,4587;304,4500;28,3657;9,3964;1,2881;24,6222;real;46871;31214;3778;11405;4558;7353;2284;3132;40207;41209;13591;10952;8017;32560;46871;5662;2119;1346;31214;30328;886;181,14;134,89
Principado de Asturias;2024-01-01;16,9744;25,5791;74,2039;3,2480;0,6352;0,4944;306,4100;28,3905;9,2628;1,2930;24,6525;real;47031;31210;3738;11457;4594;7324;2285;3322;40355;41059;13494;10902;7982;32378;47031;5972;2449;1168;31210;30301;909;186,18;132,38
Principado de Asturias;2024-02-01;16,9635;25,4866;74,2515;3,3323;0,4938;0,4721;307,7500;28,1091;9,1996;1,3006;24,5436;real;46861;31190;3732;11403;4612;7341;2288;3559;40567;40734;13411;10809;7878;32098;46861;6127;2608;908;31190;30322;868;192,89;127,89
Principado de Asturias;2024-03-01;17,0533;25,6155;74,1644;3,5265;0,3872;0,4862;308,1900;28,0227;9,1412;1,3094;24,4894;real;47098;31355;3753;11505;4614;7399;2274;3879;41056;40614;13411;10803;7853;32067;47098;6484;2872;712;31355;30461;894;204,65;118,67
Principado de Asturias;2024-04-01;17,1354;25,8456;74,1342;3,6543;0,3910;0,4683;308,9300;27,8773;9,0955;1,3163;24,4531;real;47521;31506;3772;11561;4674;7412;2271;4121;41471;40802;13502;10843;7880;32225;47521;6719;2916;719;31506;30645;861;220,04;108,15
Principado de Asturias;2024-05-01;17,1762;26,0746;74,0088;3,8681;0,3475;0,4672;316,0900;27,8029;9,0883;1,3243;24,4010;real;47942;31581;3801;11628;4684;7405;2245;4394;41823;40830;13518;10840;7862;32220;47942;7112;3153;639;31581;30722;859;235,14;99,82
Principado de Asturias;2024-06-01;17,2186;26,3884;74,0182;4,1895;0,3464;0,4699;320,0600;27,8342;9,0898;1,3312;24,4674;real;48519;31659;3831;11731;4659;7362;2250;4601;42146;40816;13532;10862;7902;32296;48519;7703;3204;637;31659;30795;864;256,09;92,01
Principado de Asturias;2024-07-01;17,2338;26,7930;74,1255;4,3304;0,2861;0,4683;319,4200;27,7481;9,0220;1,3373;24,4746;real;49263;31687;3823;11758;4664;7360;2257;4803;42374;41301;13504;10825;7884;32213;49263;7962;3110;526;31687;30826;861;262,77;82,05
Principado de Asturias;2024-08-01;17,1327;26,9997;74,0515;4,6355;0,2877;0,4411;325,9900;27,7063;9,0074;1,3414;24,3584;real;49643;31501;3806;11707;4696;7257;2222;4914;42254;41120;13470;10758;7802;32030;49643;8523;3767;529;31501;30690;811;268,19;78,56
Principado de Asturias;2024-09-01;17,1610;27,2085;74,1591;4,7763;0,3361;0,4530;333,0000;27,7082;8,8922;1,3458;24,2050;real;50027;31553;3776;11766;4787;7203;2213;5106;42464;41245;13602;10782;7787;32171;50027;8782;3918;618;31553;30720;833;279,83;71,69
Principado de Asturias;2024-10-01;17,4639;27,6012;74,1217;4,8008;0,3693;0,4835;339,0500;27,6296;8,7394;1,3548;24,1026;real;50749;32110;3802;12020;4913;7324;2236;5544;43504;41922;13937;10949;7903;32789;50749;8827;3918;679;32110;31221;889;287,71;53,18
Principado de Asturias;2024-11-01;17,8446;27,8530;74,2857;4,7377;0,2997;0,4656;342,8700;27,3153;8,5563;1,3661;23,8092;real;51212;32810;3835;12243;5012;7666;2216;6158;44821;42501;14320;11098;7943;33361;51212;8711;3691;551;32810;31954;856;297,49;39,17
Principado de Asturias;2024-12-01;18,0170;27,8911;74,2002;4,6763;0,2420;0,5129;346,3000;27,3610;8,4051;1,3745;23,5762;real;51282;33127;3827;12458;5051;7714;2243;6525;45532;42684;14476;11181;7915;33572;51282;8598;3851;445;33127;32184;943;302,98;33,58
Principado de Asturias;2025-01-01;17,9065;27,5409;74,1302;4,5193;0,2411;0,5755;345,6800;27,3057;8,2415;1,3814;23,4393;real;51635;33572;3822;12663;5126;7886;2239;6931;46375;43162;14726;11323;7975;34024;51635;8473;3661;452;33572;32493;1079;308,02;23,73
Principado de Asturias;2025-02-01;18,0665;27,5622;74,0518;4,4521;0,2299;0,5712;344,4300;27,3255;8,0754;1,3889;23,4207;real;51675;33872;3799;12855;5180;7966;2244;7319;47044;43328;14874;11395;8034;34303;51675;8347;3404;431;33872;32801;1071;311,41;15,59
Principado de Asturias;2025-03-01;18,3577;27,6236;73,9035;4,1950;0,2331;0,5915;342,0900;27,3092;7,9328;1,3969;23,4801;real;51790;34418;3814;13130;5327;8096;2218;7820;48079;43925;15175;11496;8184;34855;51790;7865;2942;437;34418;33309;1109;310,94;8,48
Principado de Asturias;2025-04-01;18,5679;27,7692;73,9829;4,1619;0,2331;0,5702;339,1400;27,2018;7,8038;1,4058;23,3652;real;52063;34812;3819;13312;5437;8184;2230;8251;48938;44260;15452;11561;8236;35249;52063;7803;2967;437;34812;33743;1069;310,30;6,56
Principado de Asturias;2025-05-01;18,6356;27,8934;73,8741;4,2254;0,2021;0,5414;336,9100;27,1213;7,7637;1,4123;23,2714;real;52296;34939;3831;13383;5527;8146;2209;8533;49345;44374;15525;11574;8219;35318;52296;7922;3185;379;34939;33924;1015;310,08;5,21
Principado de Asturias;2025-06-01;18,7252;27,9537;73,9034;4,2275;0,1856;0,5472;336,2300;27,0677;7,7485;1,4182;23,4043;real;52409;35107;3858;13477;5628;8120;2201;8774;49790;44483;15505;11652;8298;35455;52409;7926;3198;348;35107;34081;1026;309,04;4,66
Principado de Asturias;2025-07-01;18,6628;27,6865;73,9370;4,0638;0,1744;0,4534;334,0400;27,1527;7,6748;1,4199;23,3429;real;51908;34990;3813;13490;5588;8100;2182;8851;49682;44289;15481;11592;8244;35317;51908;7619;3695;327;34990;34140;850;313,98;4,32
Principado de Asturias;2025-08-01;18,4708;27,3569;73,9130;3,9486;0,1728;0,4512;331,7100;27,2328;7,6609;1,4207;23,1047;real;51290;34630;3769;13398;5480;8023;2174;8776;49198;43887;15387;11491;8076;34954;51290;7403;4562;324;34630;33784;846;314,40;2,80
Principado de Asturias;2025-09-01;18,2884;27,0838;73,9124;3,8707;0,1920;0,4795;325,8200;27,1687;7,7990;1,4251;22,8238;real;50778;34288;3811;13276;5362;7955;2195;8718;48865;43521;15349;11391;7908;34648;50778;7257;5351;360;34288;33389;899;310,22;2,34
Principado de Asturias;2025-10-01;18,1684;27,1056;73,8595;3,7918;0,1936;0,4768;321,1800;27,1821;7,9195;1,4261;22,7096;real;50819;34063;3847;13204;5262;7872;2240;8659;48576;43710;15300;11308;7818;34426;50819;7109;5645;363;34063;33169;894;308,31;1,86
Principado de Asturias;2025-11-01;18,0601;26,8454;73,7270;3,5582;0,2043;0,4832;323,4300;27,3298;8,0834;1,4242;22,4659;real;50331;33860;3898;13179;5155;7781;2270;8558;48222;43660;15318;11232;7693;34243;50331;6671;5972;383;33860;32954;906;308,12;5,80
Principado de Asturias;2025-12-01;18,0132;26,7077;73,6696;3,4392;0,2021;0,4998;326,8500;27,4798;8,2362;1,4233;22,2746;real;50073;33772;3959;13209;5118;7735;2268;8509;48068;43625;15354;11190;7607;34151;50073;6448;6136;379;33772;32835;937;305,44;11,14
Principado de Asturias;2026-01-01;17,6579;26,0177;73,7111;3,1243;0,1941;0,4969;337,3300;27,5354;8,3509;1,4253;22,0772;real;49590;33656;4006;13209;5063;7712;2255;8563;47971;43635;15400;11114;7512;34026;49590;5955;5877;370;33656;32709;947;307,89;20,00
Principado de Asturias;2026-02-01;17,6495;26,0219;73,5391;3,2020;0,1952;0,4811;354,6700;27,6838;8,2465;1,4286;21,7129;real;49598;33640;3963;13304;5016;7755;2231;8831;48057;43495;15513;11114;7385;34012;49598;6103;5937;372;33640;32723;917;307,62;39,23
Principado de Asturias;2026-03-01;17,7617;26,3908;73,3412;3,4926;0,2219;0,4633;375,0300;27,5705;8,2371;1,4330;21,5334;real;50301;33854;3996;13375;5046;7849;2231;9146;48512;43644;15731;11165;7381;34277;50301;6657;5951;423;33854;32971;883;307,57;61,77
Principado de Asturias;2026-04-01;17,7207;26,2355;73,3413;3,5923;0,2273;0,4633;395,3900;27,5705;8,2015;1,4373;21,3071;proyeccion;NA;NA;NA;NA;NA;NA;NA;NA;NA;NA;NA;NA;NA;NA;NA;NA;NA;NA;NA;NA;NA;NA;NA
Principado de Asturias;2026-05-01;17,6797;26,1467;73,3413;3,6920;0,2315;0,4633;415,7504;27,5705;8,1756;1,4416;21,0808;proyeccion;NA;NA;NA;NA;NA;NA;NA;NA;NA;NA;NA;NA;NA;NA;NA;NA;NA;NA;NA;NA;NA;NA;NA
Principado de Asturias;2026-06-01;17,6388;26,0580;73,3413;3,7917;0,2349;0,4633;436,1107;27,5705;8,1546;1,4460;20,8545;proyeccion;NA;NA;NA;NA;NA;NA;NA;NA;NA;NA;NA;NA;NA;NA;NA;NA;NA;NA;NA;NA;NA;NA;NA
Principado de Asturias;2026-07-01;17,5978;25,9692;73,3413;3,8913;0,2377;0,4633;456,4711;27,5705;8,1375;1,4503;20,6282;proyeccion;NA;NA;NA;NA;NA;NA;NA;NA;NA;NA;NA;NA;NA;NA;NA;NA;NA;NA;NA;NA;NA;NA;NA
Principado de Asturias;2026-08-01;17,5568;25,8804;73,3413;3,9910;0,2398;0,4633;476,8314;27,5705;8,1237;1,4547;20,4019;proyeccion;NA;NA;NA;NA;NA;NA;NA;NA;NA;NA;NA;NA;NA;NA;NA;NA;NA;NA;NA;NA;NA;NA;NA
Principado de Asturias;2026-09-01;17,5158;25,7917;73,3413;4,0907;0,2416;0,4633;497,1918;27,5705;8,1126;1,4590;20,1756;proyeccion;NA;NA;NA;NA;NA;NA;NA;NA;NA;NA;NA;NA;NA;NA;NA;NA;NA;NA;NA;NA;NA;NA;NA
Principado de Asturias;2026-10-01;17,4748;25,7029;73,3413;4,1904;0,2430;0,4633;517,5521;27,5705;8,1035;1,4633;19,9493;proyeccion;NA;NA;NA;NA;NA;NA;NA;NA;NA;NA;NA;NA;NA;NA;NA;NA;NA;NA;NA;NA;NA;NA;NA
Principado de Asturias;2026-11-01;17,4338;25,6141;73,3413;4,2901;0,2441;0,4633;537,9125;27,5705;8,0961;1,4677;19,7231;proyeccion;NA;NA;NA;NA;NA;NA;NA;NA;NA;NA;NA;NA;NA;NA;NA;NA;NA;NA;NA;NA;NA;NA;NA
Región de Murcia;2023-01-01;18,8826;27,6927;72,1826;2,7422;3,1629;0,1663;486,3600;48,6256;10,1106;1,2519;31,9834;real;55614;37921;4800;23085;1163;2940;3872;7486;47475;50107;12722;17391;14160;44273;55614;5507;3082;6352;37921;37587;334;250,09;210,26
Región de Murcia;2023-02-01;18,8582;27,9860;72,2208;2,7312;3,4498;0,1145;486,2900;48,3193;10,1261;1,2545;31,8973;real;56203;37872;4811;22957;1113;2961;3910;7552;47511;50718;12955;17555;14290;44800;56203;5485;2387;6928;37872;37642;230;249,41;214,48
Región de Murcia;2023-03-01;18,9737;28,4356;72,0490;2,9498;3,5264;0,1295;486,8000;47,8315;10,2889;1,2544;31,9192;real;57106;38104;4918;22863;1117;3069;3889;7765;47799;51182;13053;17710;14423;45186;57106;5924;1935;7082;38104;37844;260;248,01;220,10
Región de Murcia;2023-04-01;19,1201;28,8519;71,9853;3,2725;3,4597;0,1803;488,3000;47,6318;10,1764;1,2548;31,7382;real;57942;38398;4903;22949;1213;3131;3907;7891;48180;51370;13151;17803;14392;45346;57942;6572;2269;6948;38398;38036;362;246,95;224,39
Región de Murcia;2023-05-01;19,2421;29,4918;71,9138;3,7052;3,4866;0,1658;491,2000;47,3653;10,1531;1,2543;31,7187;real;59227;38643;4921;22957;1254;3169;3936;8046;48468;51786;13283;17884;14478;45645;59227;7441;2529;7002;38643;38310;333;247,53;230,16
Región de Murcia;2023-06-01;19,4915;29,9374;71,8735;4,2201;3,1122;0,1912;496,5800;47,3812;10,0662;1,2550;31,8809;real;60122;39144;4945;23276;1294;3263;3969;8185;49125;51647;13128;17794;14472;45394;60122;8475;2850;6250;39144;38760;384;249,03;239,57
Región de Murcia;2023-07-01;19,6295;30,0798;71,7384;4,2519;3,0688;0,2002;498,0500;47,5818;10,0089;1,2525;31,7568;real;60408;39421;4942;23494;1307;3273;4010;8157;49376;51869;13241;17867;14476;45584;60408;8539;2706;6163;39421;39019;402;254,16;243,37
Región de Murcia;2023-08-01;19,6041;30,2262;71,6948;4,5492;2,9653;0,1613;497,3700;47,4585;10,1640;1,2528;31,7330;real;60702;39370;5013;23407;1333;3243;3997;8167;49321;51566;13161;17781;14383;45325;60702;9136;3908;5955;39370;39046;324;256,30;243,16
Región de Murcia;2023-09-01;19,7425;30,6619;71,6845;4,3710;3,3955;0,1185;498,8700;47,9660;10,0993;1,2499;31,5428;real;61577;39648;5005;23771;1273;3235;4059;8074;49558;52799;13667;18143;14657;46467;61577;8778;3116;6819;39648;39410;238;262,35;248,22
Región de Murcia;2023-10-01;19,8097;30,9268;71,5358;4,6299;3,3138;0,0528;503,9900;47,8392;10,3372;1,2494;31,4656;real;62109;39783;5138;23778;1165;3182;4093;8265;49704;52811;13699;18127;14612;46438;62109;9298;3450;6655;39783;39677;106;264,41;254,33
Región de Murcia;2023-11-01;20,0423;31,0932;71,4366;4,3461;3,5100;0,0752;508,1000;47,8881;10,3344;1,2482;31,2438;real;62443;40250;5192;24059;1164;3133;4089;8578;50240;53715;14130;18391;14778;47299;62443;8728;3907;7049;40250;40099;151;265,94;258,05
Región de Murcia;2023-12-01;20,1588;31,2510;71,3963;4,3341;3,5334;0,1255;509,2500;47,8230;10,2174;1,2487;31,0656;real;62760;40484;5165;24175;1283;3103;4085;8748;50551;54056;14325;18474;14781;47580;62760;8704;4303;7096;40484;40232;252;266,87;258,83
Región de Murcia;2024-01-01;20,9885;32,8026;71,3165;4,9869;3,4942;0,1890;509,6300;47,4757;10,0991;1,2507;30,9638;real;63686;40749;5147;24196;1396;3173;4101;8994;50965;54004;14383;18432;14718;47533;63686;9682;4818;6784;40749;40382;367;267,49;259,28
Región de Murcia;2024-02-01;21,2028;32,9870;71,2219;5,1950;3,2346;0,2071;510,8800;46,8809;9,9563;1,2570;30,7957;real;64044;41165;5152;24259;1466;3296;4103;9580;51746;53958;14478;18356;14611;47445;64044;10086;4739;6280;41165;40763;402;269,94;260,39
Región de Murcia;2024-03-01;21,4959;33,0952;71,2692;5,0343;3,1120;0,1133;510,0800;46,9177;9,7747;1,2644;30,6116;real;64254;41734;5158;24758;1463;3379;4096;10073;52769;54480;14724;18427;14625;47776;64254;9774;4495;6042;41734;41514;220;276,35;256,80
Región de Murcia;2024-04-01;21,7771;33,3630;71,2851;4,9606;3,1229;0,0819;510,4600;46,6626;9,6175;1,2732;30,3746;real;64774;42280;5177;25118;1465;3520;4077;10671;53829;55143;15100;18559;14684;48343;64774;9631;4539;6063;42280;42121;159;282,81;254,13
Región de Murcia;2024-05-01;22,0357;33,7679;71,2819;4,9550;3,1842;0,0912;511,4500;46,5043;9,5432;1,2768;30,2324;real;65560;42782;5213;25403;1467;3622;4082;11075;54625;55940;15400;18761;14803;48964;65560;9620;4704;6182;42782;42605;177;290,27;252,42
Región de Murcia;2024-06-01;22,2226;33,9631;71,3131;4,7469;3,3263;0,1231;515,2700;46,2322;9,3952;1,2838;30,0929;real;65939;43145;5204;25608;1518;3782;4075;11469;55390;56723;15756;18920;14927;49603;65939;9216;4228;6458;43145;42906;239;294,94;253,00
Región de Murcia;2024-07-01;22,5013;33,9847;71,2892;4,5079;3,2140;0,1277;513,5300;46,3885;9,2244;1,2889;29,9603;real;65981;43686;5194;26120;1565;3795;4080;11863;56307;57229;15928;19040;14958;49926;65981;8752;4244;6240;43686;43438;248;297,68;248,19
Región de Murcia;2024-08-01;22,4632;33,8683;71,2728;4,5223;3,1146;0,1174;513,2600;46,4086;9,2209;1,2893;29,8516;real;65755;43612;5185;26096;1592;3774;4068;11851;56231;56975;15859;18976;14824;49659;65755;8780;5522;6047;43612;43384;228;300,39;247,05
Región de Murcia;2024-09-01;22,6898;34,2819;71,3482;4,5965;3,1826;0,1087;512,9300;46,4975;9,2308;1,2881;29,6868;real;66558;44052;5238;26385;1495;3804;4109;12070;56745;57634;16202;19117;14912;50231;66558;8924;5251;6179;44052;43841;211;305,55;244,80
Región de Murcia;2024-10-01;22,7913;34,4715;71,3389;4,4188;3,3119;0,0500;514,3800;46,1996;9,3201;1,2907;29,6355;real;66926;44249;5323;26386;1417;3850;4181;12352;57113;58347;16433;19227;15019;50679;66926;8579;5251;6430;44249;44152;97;308,82;243,75
Región de Murcia;2024-11-01;22,8793;34,5307;71,3964;4,0350;3,6008;0,0453;516,9600;45,9510;9,3292;1,2927;29,3186;real;67041;44420;5357;26386;1397;3892;4185;12623;57422;59207;16940;19398;15073;51411;67041;7834;5403;6991;44420;44332;88;318,15;243,09
Región de Murcia;2024-12-01;22,9875;34,4122;71,3917;3,8033;3,5988;0,0211;520,0800;46,0981;9,1630;1,2989;29,2462;real;66811;44630;5312;26724;1370;3861;4188;12962;57972;59427;17112;19409;15096;51617;66811;7384;5859;6987;44630;44589;41;319,46;242,13
Región de Murcia;2025-01-01;22,5382;33,6392;71,3859;3,5598;3,5779;0,0261;524,8000;46,2622;9,0197;1,3011;29,0355;real;66933;44845;5263;26994;1350;3914;4171;13127;58350;59850;17389;19487;15088;51964;66933;7083;6047;7119;44845;44793;52;321,20;241,97
Región de Murcia;2025-02-01;22,6653;33,9055;71,3957;3,7653;3,4583;0,0608;532,9800;45,9390;8,8801;1,3074;28,8482;real;67463;45098;5236;27087;1374;4066;4167;13518;58963;59971;17519;19465;14995;51979;67463;7492;5774;6881;45098;44977;121;323,64;243,69
Región de Murcia;2025-03-01;22,9307;34,4011;71,3832;4,0081;3,3341;0,1186;542,8300;45,9227;8,7559;1,3121;28,9514;real;68449;45626;5242;27493;1482;4089;4145;13937;59868;60474;17635;19495;15130;52260;68449;7975;5635;6634;45626;45390;236;326,53;247,80
Región de Murcia;2025-04-01;23,2096;34,8102;71,3482;4,2438;3,1592;0,1292;548,8600;46,0358;8,7408;1,3167;28,9782;real;69263;46181;5315;27993;1467;4028;4178;14378;60807;60819;17750;19513;15204;52467;69263;8444;6170;6286;46181;45924;257;326,92;248,18
Región de Murcia;2025-05-01;23,3946;35,2675;71,4527;4,5363;3,0160;0,0598;555,3300;46,1866;8,6691;1,3211;29,1323;real;70173;46549;5331;28402;1439;3966;4170;14768;61494;61147;17811;19430;15309;52550;70173;9026;6296;6001;46549;46430;119;328,58;248,20
Región de Murcia;2025-06-01;23,6368;35,7641;71,4810;4,8042;2,9552;0,0744;564,2300;46,1812;8,5508;1,3271;29,0204;real;71161;47031;5337;28824;1472;3865;4192;15316;62415;61602;18058;19498;15355;52911;71161;9559;6201;5880;47031;46883;148;333,25;250,42
Región de Murcia;2025-07-01;23,8570;36,2053;71,4248;4,8062;3,0296;0,1287;564,6600;46,2322;8,4258;1,3276;28,9437;real;72039;47469;5310;29136;1573;3764;4192;15681;63021;62476;18408;19605;15484;53497;72039;9563;5714;6028;47469;47213;256;338,23;248,33
Región de Murcia;2025-08-01;24,1047;36,2747;71,4574;4,9424;2,7572;0,2196;562,4800;46,2772;8,2829;1,3296;28,7925;real;72177;47962;5282;29511;1766;3785;4180;15913;63770;62343;18498;19561;15389;53448;72177;9834;6565;5486;47962;47525;437;340,70;244,84
Región de Murcia;2025-09-01;24,1339;36,7592;71,4866;4,3865;3,6814;0,1483;562,9000;46,6188;8,3180;1,3226;28,4705;real;73141;48020;5283;29609;1692;3751;4194;15994;63513;64413;19517;20071;15757;55345;73141;8728;4904;7325;48020;47725;295;344,87;243,07
Región de Murcia;2025-10-01;24,4163;37,2613;71,5218;4,1021;4,0302;0,1613;563,1600;46,3107;8,2207;1,3298;28,5013;real;74140;48582;5311;29919;1823;3932;4193;16476;64605;65978;20021;20448;16132;56601;74140;8162;4018;8019;48582;48261;321;340,21;241,58
Región de Murcia;2025-11-01;24,7023;37,4537;71,4993;3,9930;3,9905;0,2664;564,5300;45,9726;8,1341;1,3342;28,5124;real;74523;49151;5334;30147;2101;3983;4194;16667;65576;66578;20184;20629;16278;57091;74523;7945;3954;7940;49151;48621;530;336,81;240,08
Región de Murcia;2025-12-01;25,2732;37,4864;71,5221;3,7442;3,6583;0,2020;558,7800;46,8189;7,9557;1,3278;28,3692;real;74588;50287;5312;31261;2096;3931;4177;16825;66770;67138;20416;20819;16331;57566;74588;7450;4097;7279;50287;49885;402;335,62;230,10
Región de Murcia;2026-01-01;24,6497;36,6902;71,5666;3,7035;3,5606;0,0793;556,7800;46,7115;8,0001;1,3290;28,2585;real;74450;50018;5318;31051;1966;3949;4239;16836;66474;66935;20320;20747;16176;57243;74450;7515;4494;7225;50018;49857;161;334,56;227,16
Región de Murcia;2026-02-01;24,6063;36,5295;71,6051;3,2787;3,8302;0,1050;553,6100;46,7378;8,0330;1,3316;28,0025;real;74124;49930;5341;31075;1883;3947;4232;16942;66488;67471;20585;20959;16158;57702;74124;6653;3783;7772;49930;49717;213;329,76;221,07
Región de Murcia;2026-03-01;24,8315;36,5729;71,6099;3,0372;3,7213;0,1291;553,0600;46,7341;7,9359;1,3357;27,7038;real;74212;50387;5341;31453;1891;3946;4251;17364;67302;68049;20856;21031;16051;57938;74212;6163;3439;7551;50387;50125;262;326,81;217,05
Región de Murcia;2026-04-01;24,9876;36,6899;71,6402;2,8044;3,7213;0,1411;552,3915;46,7341;7,8761;1,3377;27,5959;proyeccion;NA;NA;NA;NA;NA;NA;NA;NA;NA;NA;NA;NA;NA;NA;NA;NA;NA;NA;NA;NA;NA;NA;NA
Región de Murcia;2026-05-01;25,1459;36,8030;71,6657;2,5716;3,7213;0,1530;551,8637;46,7341;7,8163;1,3396;27,4825;proyeccion;NA;NA;NA;NA;NA;NA;NA;NA;NA;NA;NA;NA;NA;NA;NA;NA;NA;NA;NA;NA;NA;NA;NA
Región de Murcia;2026-06-01;25,3043;36,9124;71,6912;2,3388;3,7213;0,1650;551,4415;46,7341;7,7564;1,3416;27,3690;proyeccion;NA;NA;NA;NA;NA;NA;NA;NA;NA;NA;NA;NA;NA;NA;NA;NA;NA;NA;NA;NA;NA;NA;NA
Región de Murcia;2026-07-01;25,4627;37,0181;71,7168;2,1060;3,7213;0,1769;551,1037;46,7341;7,6966;1,3435;27,2556;proyeccion;NA;NA;NA;NA;NA;NA;NA;NA;NA;NA;NA;NA;NA;NA;NA;NA;NA;NA;NA;NA;NA;NA;NA
Región de Murcia;2026-08-01;25,6210;37,1204;71,7423;1,8732;3,7213;0,1889;550,8335;46,7341;7,6368;1,3455;27,1421;proyeccion;NA;NA;NA;NA;NA;NA;NA;NA;NA;NA;NA;NA;NA;NA;NA;NA;NA;NA;NA;NA;NA;NA;NA
Región de Murcia;2026-09-01;25,7794;37,2193;71,7678;1,6404;3,7213;0,2008;550,6173;46,7341;7,5770;1,3474;27,0287;proyeccion;NA;NA;NA;NA;NA;NA;NA;NA;NA;NA;NA;NA;NA;NA;NA;NA;NA;NA;NA;NA;NA;NA;NA
Región de Murcia;2026-10-01;25,9377;37,3149;71,7934;1,4076;3,7213;0,2128;550,4443;46,7341;7,5172;1,3494;26,9152;proyeccion;NA;NA;NA;NA;NA;NA;NA;NA;NA;NA;NA;NA;NA;NA;NA;NA;NA;NA;NA;NA;NA;NA;NA
Región de Murcia;2026-11-01;26,0961;37,4074;71,8189;1,1748;3,7213;0,2248;550,3060;46,7341;7,4574;1,3513;26,8018;proyeccion;NA;NA;NA;NA;NA;NA;NA;NA;NA;NA;NA;NA;NA;NA;NA;NA;NA;NA;NA;NA;NA;NA;NA
