ccaa;genero;periodo;t_mental;antidep_ajustado;hipno_ajustado;suicidios;censo;origen;brecha_rel;n_personas_tm;antidep_anual_total;hipno_anual_total;n_suicidios
Andalucía;total;2010;NA;55,0138205985482;30,2942889248716;NA;8289467,000000000;real;NA;NA;166452866;91660081;NA
Andalucía;total;2011;NA;57,1901203192511;31,2867703604638;NA;8342420,000000000;real;NA;NA;174142961;95267693;NA
Andalucía;total;2012;NA;58,4098719338733;31,9639669166633;NA;8378043,000000000;real;NA;NA;178616553;97745354;NA
Andalucía;total;2013;NA;61,1552922399856;32,6021490679339;NA;8384654,000000000;real;NA;NA;187159577;99775575;NA
Andalucía;total;2014;NA;64,2147568228037;33,5005411113013;NA;8381344,000000000;real;NA;NA;196445178;102484539;NA
Andalucía;hombres;2015;6,46400000000000;31,5005090697728;16,1243938553853;NA;4146834,000000000;real;52,0936782035129;268051;47678994;24405792;NA
Andalucía;mujeres;2015;13,49300000000000;100,0082684297459;51,1919571009000;NA;4240704,000000000;real;52,0936782035129;572198;154798494;79237827;NA
Andalucía;total;2015;10,01783289065278;65,7543887497594;33,6581754781427;NA;8387538,000000000;real;52,0936782035129;840250;201303864;103042867;NA
Andalucía;hombres;2016;5,55600000000000;31,8577723812735;16,2560203332849;NA;4147710,000000000;real;53,1257909390028;230447;48229932;24610219;NA
Andalucía;mujeres;2016;11,85300000000000;104,0710166882854;53,1041700952342;NA;4243648,000000000;real;53,1257909390028;503000;161198878;82254723;NA
Andalucía;total;2016;8,74049665191260;67,9643945347794;34,6800952142596;NA;8391358,000000000;real;53,1257909390028;733446;208164452;106219779;NA
Andalucía;hombres;2017;5,94800000000000;33,3955493011841;16,6511105187754;NA;4145266,000000000;real;52,1634228727682;246560;50528204;25193498;NA
Andalucía;mujeres;2017;12,43400000000000;106,2279409513120;52,9655364854120;NA;4245918,000000000;real;52,1634228727682;527937;164627821;82083874;NA
Andalucía;total;2017;9,22989968757687;69,8117451262480;34,8083235020937;NA;8391184,000000000;real;52,1634228727682;774498;213818168;106610312;NA
Andalucía;hombres;2018;6,06000000000000;35,1097873638044;17,1769162820717;12,16600000000000;4143761,000000000;real;51,8436109345200;251112;53102597;25979618;504
Andalucía;mujeres;2018;12,58400000000000;110,7059103873886;54,1611413065719;3,47800000000000;4250512,000000000;real;51,8436109345200;534884;171753232;84027592;148
Andalucía;total;2018;9,36348325435687;72,9078488755965;35,6690287943218;7,76800000000000;8394273,000000000;real;51,8436109345200;785996;223383061;109286681;652
Andalucía;hombres;2019;6,12700000000000;36,8395131877967;17,6216716193253;11,46400000000000;4155148,000000000;real;51,8128195045222;254586;55871875;26725539;476
Andalucía;mujeres;2019;12,71500000000000;116,0622038622556;55,5167500029110;3,78600000000000;4266998,000000000;real;51,8128195045222;542549;180761575;86464799;162
Andalucía;total;2019;9,46474584577375;76,4508585250262;36,5692108111181;7,57500000000000;8422146,000000000;real;51,8128195045222;797135;235016307;112416800;638
Andalucía;hombres;2020;6,08400000000000;38,5816140276614;18,6140064411585;13,76300000000000;4173410,000000000;real;52,0340586565752;253910;58771166;28354616;574
Andalucía;mujeres;2020;12,68400000000000;122,2892578746586;58,9994247553091;5,04800000000000;4290064,000000000;real;52,0340586565752;544152;191489491;92385627;217
Andalucía;total;2020;9,42948465559178;80,4354359511600;38,8067155982338;9,34700000000000;8463474,000000000;real;52,0340586565752;798062;248478576;119880464;791
Andalucía;hombres;2021;5,23300000000000;43,7959716719747;20,3287402655602;15,79300000000000;4184766,000000000;real;49,0705596107056;218989;66895701;31050923;661
Andalucía;mujeres;2021;10,27500000000000;128,1908844065807;59,5022577197756;4,36800000000000;4303432,000000000;real;49,0705596107056;442178;201356175;93463331;188
Andalucía;total;2021;7,78924387461273;85,9934280392777;39,9154989926679;10,00000000000000;8488198,000000000;real;49,0705596107056;661166;266424174;123665890;849
Andalucía;hombres;2022;5,37939513202870;46,3480461136056;20,2467734157154;15,45100000000000;4207726,000000000;real;49,7406675005378;226350;71182256;31095399;650
Andalucía;mujeres;2022;10,70327611709976;138,0875355332517;60,3224359582134;4,13000000000000;4327892,000000000;real;49,7406675005378;463226;218134198;95290181;179
Andalucía;total;2022;8,07881091237889;92,2177908234286;40,2846046869644;9,71000000000000;8535618,000000000;real;49,7406675005378;689576;287304580;125506709;829
Andalucía;hombres;2023;5,61597746080826;48,6418364163031;20,1178779691162;14,88400000000000;4236916,000000000;real;49,0001823738123;237944;75223352;31111782;631
Andalucía;mujeres;2023;11,01175988896974;142,1111453799543;58,7760432467353;4,21200000000000;4364376,000000000;real;49,0001823738123;480595;226382662;93630075;184
Andalucía;total;2023;8,35384792616273;95,3764908981287;39,4469606079257;9,46800000000000;8601292,000000000;real;49,0001823738123;718539;299431783;123842612;814
Andalucía;hombres;2024;5,82970806587067;50,7845023346062;20,6170634833321;15,26100000000000;4256275,000000000;proyeccion;47,0592518847948;248128;78895775;32029441;650
Andalucía;mujeres;2024;11,01175988896974;147,3740049985869;58,7760432467353;4,48200000000000;4389500,000000000;proyeccion;47,0592518847948;483361;236117841;94169066;197
Andalucía;total;2024;8,35384792616273;100,6043808576764;37,7027380187496;9,78700000000000;8645775,000000000;proyeccion;47,0592518847948;722255;317478037;118978827;846
Andalucía;hombres;2025;5,82970806587067;52,9271682529093;21,1162489975480;15,26100000000000;4275634,000000000;proyeccion;47,0592518847948;249257;82598478;32954154;653
Andalucía;mujeres;2025;11,01175988896974;152,6368646172195;58,7760432467353;4,21485714285714;4414624,000000000;proyeccion;47,0592518847948;486128;245949544;94708058;186
Andalucía;total;2025;8,35384792616273;105,8322708172241;36,4500287324000;9,78700000000000;8690258,000000000;proyeccion;47,0592518847948;725971;335694054;115617456;851
Andalucía;hombres;2026;5,82970806587067;55,0698341712124;21,6154345117639;15,26100000000000;4294993,000000000;proyeccion;47,0592518847948;250386;86331462;33885921;655
Andalucía;mujeres;2026;11,01175988896974;157,8997242358521;58,7760432467353;4,21485714285714;4439748,000000000;proyeccion;47,0592518847948;488894;255877769;95247049;187
Andalucía;total;2026;8,35384792616273;111,0601607767718;35,5503267300038;9,78700000000000;8734741,000000000;proyeccion;47,0592518847948;729687;354079835;113340857;855
Aragón;total;2010;NA;67,3694271595188;30,1199891577955;NA;1344010,000000000;real;NA;NA;33048992;14775772;NA
Aragón;total;2011;NA;70,9249465338047;30,9863222287636;NA;1344431,000000000;real;NA;NA;34804099;15205525;NA
Aragón;total;2012;NA;70,7878963537212;30,8675888687498;NA;1341888,000000000;real;NA;NA;34671141;15118609;NA
Aragón;hombres;2013;6,29200000000000;31,3153161011481;13,5483794103526;NA;664286,000000000;real;56,2782294489612;41797;7592849;3285000;NA
Aragón;mujeres;2013;14,39100000000000;111,9328447417069;48,4270586361779;NA;671527,000000000;real;56,2782294489612;96639;27435564;11869828;NA
Aragón;total;2013;10,36345099875506;71,6240804214275;30,9877190232652;NA;1335813,000000000;real;56,2782294489612;138436;34921878;15108736;NA
Aragón;hombres;2014;6,48500000000000;33,3798660465435;14,4675046375461;NA;660062,000000000;real;55,8212412289665;42805;8041965;3485549;NA
Aragón;mujeres;2014;14,67900000000000;117,7328721792736;51,0277923785031;NA;669098,000000000;real;55,8212412289665;98217;28752813;12462047;NA
Aragón;total;2014;10,60985254747359;75,5563691129086;32,7476485080246;NA;1329161,000000000;real;55,8212412289665;141022;36655701;15887317;NA
Aragón;hombres;2015;6,64800000000000;34,6582362194475;14,9363428196892;NA;656430,000000000;real;55,2262931034483;43639;8304008;3578702;NA
Aragón;mujeres;2015;14,84800000000000;120,1568935598414;51,7829165626048;NA;666813,000000000;real;55,2262931034483;99008;29244595;12603276;NA
Aragón;total;2015;10,78017118851186;77,4075648896444;33,3596296911470;NA;1323244,000000000;real;55,2262931034483;142648;37386620;16112169;NA
Aragón;hombres;2016;6,76600000000000;36,6940885127817;15,9703763174477;NA;652246,000000000;real;55,1979870215865;44131;8735754;3802064;NA
Aragón;mujeres;2016;15,10200000000000;127,1114464325419;55,3227431463699;NA;664894,000000000;real;55,1979870215865;100412;30848208;13426072;NA
Aragón;total;2016;10,97402373627709;81,9027674726618;35,6465597319088;NA;1317140,000000000;real;55,1979870215865;144543;39375255;17137301;NA
Aragón;hombres;2017;7,13300000000000;37,9720529209309;16,4921726258373;NA;650537,000000000;real;54,3107865744299;46403;9016312;3916001;NA
Aragón;mujeres;2017;15,61200000000000;128,2468424110678;55,7006772366531;NA;664834,000000000;real;54,3107865744299;103794;31120944;13516572;NA
Aragón;total;2017;11,41857987518350;83,1094476659994;36,0964249312452;NA;1315372,000000000;real;54,3107865744299;150197;39901742;17330283;NA
Aragón;hombres;2018;7,80100000000000;40,2859744737414;17,3219431162196;14,62200000000000;649735,000000000;real;53,0936203475437;50686;9553951;4107956;95
Aragón;mujeres;2018;16,63100000000000;131,4858602840571;56,5355715526301;3,75400000000000;664950,000000000;real;53,0936203475437;110588;31912506;13721565;25
Aragón;total;2018;12,26709530039515;85,8859173788992;36,9287573344248;9,12000000000000;1314686,000000000;real;53,0936203475437;161274;41213250;17720648;120
Aragón;hombres;2019;8,30700000000000;42,5485698257482;18,0071323799803;12,39000000000000;653280,000000000;real;52,0519480519481;54268;10145587;4293750;81
Aragón;mujeres;2019;17,32500000000000;134,9292133044041;57,1038748387891;4,17600000000000;669272,000000000;real;52,0519480519481;115951;32961086;13949579;28
Aragón;total;2019;12,87052180935041;88,7388915650761;37,5555036093847;8,23100000000000;1322552,000000000;real;52,0519480519481;170219;42837056;18129224;109
Aragón;hombres;2020;8,42000000000000;43,9413096440798;19,0632003669300;10,49900000000000;657586,000000000;real;51,8499456739292;55369;10546744;4575528;69
Aragón;mujeres;2020;17,48700000000000;138,5769045473746;60,1192663353276;4,89700000000000;673482,000000000;real;51,8499456739292;117772;34065104;14778574;33
Aragón;total;2020;13,00764037149117;91,2591070957272;39,5912333511288;7,66300000000000;1331068,000000000;real;51,8499456739292;173141;44337308;19234998;102
Aragón;hombres;2021;8,84000000000000;46,8584096473051;19,5434232613424;13,22000000000000;658254,000000000;real;51,2679162072767;58190;11258328;4695556;87
Aragón;mujeres;2021;18,14000000000000;145,4518960092821;60,6642007116781;4,01100000000000;673294,000000000;real;51,2679162072767;122136;35745139;14908367;27
Aragón;total;2021;13,54252232739638;96,1551528282936;40,1038119865103;8,56300000000000;1331548,000000000;real;51,2679162072767;180325;46732849;19491055;114
Aragón;hombres;2022;8,75332275430056;49,3944100147259;19,6634191730717;13,03500000000000;658680,000000000;real;51,3865165033170;57656;11875315;4727444;86
Aragón;mujeres;2022;18,00595662908589;153,8183880070255;61,2335573804123;4,14800000000000;673840,000000000;real;51,3865165033170;121331;37831879;15060491;28
Aragón;total;2022;13,43227302160262;101,6063990108757;40,4484882767420;8,54100000000000;1332521,000000000;real;51,3865165033170;178988;49418321;19672938;114
Aragón;hombres;2023;8,99059112634913;50,6221746238724;19,4785489372707;12,02100000000000;664505,000000000;real;51,3522526751585;59743;12278121;4724412;80
Aragón;mujeres;2023;18,48100193892877;157,4950657730850;60,6014136854761;3,52400000000000;680062,000000000;real;51,3522526751585;125682;39093839;15042642;24
Aragón;total;2023;13,79069982902035;104,0586201984787;40,0399813113734;7,72400000000000;1344568,000000000;real;51,3522526751585;185425;51068570;19650314;104
Aragón;hombres;2024;9,26045023898376;52,5528604761449;20,0715658899625;12,34100000000000;671002,000000000;proyeccion;50,9769762127572;62138;12871022;4915842;83
Aragón;mujeres;2024;18,89000213282151;162,0512878762240;61,8188491904068;5,54300000000000;684416,000000000;proyeccion;50,9769762127572;129286;40482330;15443080;38
Aragón;total;2024;14,13342471204640;107,4686354629267;39,9845684187736;8,90900000000000;1355418,000000000;proyeccion;50,9769762127572;191567;53167697;19781468;121
Aragón;hombres;2025;9,53030935161840;54,4835463284175;20,6645828426543;12,58971428571719;671719,832526883;proyeccion;50,6176060799461;64017;13358153;5066496;85
Aragón;mujeres;2025;19,29900232671426;166,6075099793630;63,0362846953375;4,29328571428571;688770,000000000;proyeccion;50,6176060799461;132926;41885303;15847388;30
Aragón;total;2025;14,47614959507245;110,3328646274590;40,6891812231267;8,39300000000023;1360226,104486978;proyeccion;50,6176060799461;196908;54778340;20201468;114
Aragón;hombres;2026;9,80016846425303;56,4142321806900;21,2575997953462;12,58971428571719;670253,491916335;proyeccion;50,2731519645087;65686;13801320;5200513;84
Aragón;mujeres;2026;19,70800252060700;171,1637320825020;64,2537202002682;4,29328571428571;693124,000000000;proyeccion;50,2731519645087;136601;43302757;16255565;30
Aragón;total;2026;14,81887447809850;113,1970937919913;41,3937940274798;8,39300000000023;1359555,000875532;proyeccion;50,2731519645087;201471;56172651;20541156;114
Canarias;total;2010;NA;56,5884394931438;36,2147905508583;NA;2049142,000000000;real;NA;NA;42324578;27086376;NA
Canarias;total;2011;NA;57,6970849028003;36,6983078331755;NA;2069430,000000000;real;NA;NA;43581029;27719771;NA
Canarias;total;2012;NA;58,0180412572468;37,9291663288910;NA;2086774,000000000;real;NA;NA;44190747;28889603;NA
Canarias;hombres;2013;11,24500000000000;33,8116791004239;21,9971486948010;NA;1044764,000000000;real;45,1383129238425;117484;12893707;8388368;NA
Canarias;mujeres;2013;20,49700000000000;89,4498569638516;58,1941464225553;NA;1051512,000000000;real;45,1383129238425;215528;34331023;22335023;NA
Canarias;total;2013;15,88589128721600;61,6307680321378;40,0956475586781;NA;2096275,000000000;real;45,1383129238425;333012;47156189;30678799;NA
Canarias;hombres;2014;12,12900000000000;35,8114963043392;23,1615622405003;NA;1044204,000000000;real;44,9107507834855;126652;13648995;8827670;NA
Canarias;mujeres;2014;22,01700000000000;94,2011534001105;60,9258507117785;NA;1053525,000000000;real;44,9107507834855;231955;36223794;23428221;NA
Canarias;total;2014;17,09496805402414;65,0063248522248;42,0437064761394;NA;2097730,000000000;real;44,9107507834855;358606;49773487;32191666;NA
Canarias;hombres;2015;13,12200000000000;37,4594941982741;23,8926359387467;NA;1044624,000000000;real;44,3015408124284;137076;14282847;9109970;NA
Canarias;mujeres;2015;23,55900000000000;97,0486941597719;61,9001715724458;NA;1055671,000000000;real;44,3015408124284;248706;37394795;23851369;NA
Canarias;total;2015;18,36794793921806;67,2540941790230;42,8964037555963;NA;2100296,000000000;real;44,3015408124284;385781;51557529;32884728;NA
Canarias;hombres;2016;14,04100000000000;39,6968304649427;25,2072667155200;NA;1045938,000000000;real;43,7031394090052;146860;15154955;9623312;NA
Canarias;mujeres;2016;24,94100000000000;101,3299694248282;64,3439674062355;NA;1059252,000000000;real;43,7031394090052;264188;39176900;24877114;NA
Canarias;total;2016;19,52546781525658;70,5133999448855;44,7756170608778;NA;2105189,000000000;real;43,7031394090052;411048;54182072;34405315;NA
Canarias;hombres;2017;15,01000000000000;42,1761669830519;26,1201344033650;NA;1051497,000000000;real;42,4838103996628;157830;16187061;10024814;NA
Canarias;mujeres;2017;26,09700000000000;104,4822513722720;64,7069338877230;NA;1066312,000000000;real;42,4838103996628;278275;40664898;25184190;NA
Canarias;total;2017;20,59227920648179;73,3292091776620;45,4135341455440;NA;2117810,000000000;real;42,4838103996628;436105;56683526;35104691;NA
Canarias;hombres;2018;15,78200000000000;44,4543408015453;25,8748167636483;14,18100000000000;1059262,000000000;real;41,8967675428908;167173;17187410;10003997;150
Canarias;mujeres;2018;27,16200000000000;108,5641365589379;63,1901652328306;3,53800000000000;1076150,000000000;real;41,8967675428908;292304;42643423;24820765;38
Canarias;total;2018;21,51699961599916;76,5092386802416;44,5324909982394;8,82000000000000;2135412,000000000;real;41,8967675428908;459477;59633242;34709754;188
Canarias;hombres;2019;17,13100000000000;47,3508092884510;25,9129119941641;14,98700000000000;1069752,000000000;real;40,8337362713269;183259;18488572;10117942;160
Canarias;mujeres;2019;28,95400000000000;112,7093544075165;61,6806264891734;2,85900000000000;1088429,000000000;real;40,8337362713269;315144;44776787;24504269;31
Canarias;total;2019;23,09365839936502;80,0300818479838;43,7967692416688;8,87300000000000;2158180,000000000;real;40,8337362713269;498403;63042553;34500279;191
Canarias;hombres;2020;18,72500000000000;51,7354413369154;26,9366126641002;14,30100000000000;1078587,000000000;real;39,6629503125604;201965;20367429;10604520;154
Canarias;mujeres;2020;31,03400000000000;119,7526960676062;62,3505261789102;4,32600000000000;1099737,000000000;real;39,6629503125604;341292;48069212;25027751;48
Canarias;total;2020;24,93925588342230;85,7440687022608;44,6435694215052;9,26700000000000;2178324,000000000;real;39,6629503125604;543258;68174102;35495578;202
Canarias;hombres;2021;20,14500000000000;56,5212558196986;28,5235582290601;15,68800000000000;1077329,000000000;real;39,0376758965048;217028;22225576;11216179;169
Canarias;mujeres;2021;33,04500000000000;128,9088656557982;65,0541019029121;5,53800000000000;1101108,000000000;real;39,0376758965048;363861;51809043;26145531;61
Canarias;total;2021;26,66540577716959;92,7150607377484;46,7888300659861;10,55600000000000;2178437,000000000;real;39,0376758965048;580889;73720480;37203179;230
Canarias;hombres;2022;21,03778896867773;60,2597747695927;28,9896771465105;16,56700000000000;1084387,000000000;real;39,3450747573037;228131;23850894;11474151;180
Canarias;mujeres;2022;34,68438693890067;138,4372791909140;66,5991873373385;4,76300000000000;1110164,000000000;real;39,3450747573037;385054;56096151;26986647;53
Canarias;total;2022;27,94123381412201;99,3485269802533;47,7944322419245;10,59400000000000;2194550,000000000;real;39,3450747573037;613184;79579238;38283854;232
Canarias;hombres;2023;22,32143276009122;63,8706860137928;28,7384870563099;16,92600000000000;1097104,000000000;real;38,6384023614102;244889;25576567;11508125;186
Canarias;mujeres;2023;36,37687677488609;144,3073552099093;64,9308050164783;4,88000000000000;1124898,000000000;real;38,6384023614102;409203;59250835;26659794;55
Canarias;total;2023;29,43706130648980;104,0890206118511;46,8346460363941;10,82700000000000;2222002,000000000;real;38,6384023614102;654092;84419394;37984337;241
Canarias;hombres;2024;23,42907603609991;67,4815972579930;29,4126208924608;14,68600000000000;1108717,000000000;proyeccion;38,4689911579742;259762;27308568;11902750;163
Canarias;mujeres;2024;38,07685990693169;150,1774312289046;64,9308050164783;5,53200000000000;1137032,000000000;proyeccion;38,4689911579742;432946;62326139;26947367;63
Canarias;total;2024;30,79217830841504;110,8048981967354;45,5576434621700;10,05000000000000;2245750,000000000;proyeccion;38,4689911579742;691515;90826637;37343543;226
Canarias;hombres;2025;24,53671931210860;71,0925085021932;30,0867547286118;15,33371428571428;1120330,000000000;proyeccion;38,1470248643385;274892;29071181;12303089;172
Canarias;mujeres;2025;39,66942456412562;156,0475072478999;64,9308050164783;5,53200000000000;1149166,000000000;proyeccion;38,1470248643385;455868;65453439;27234940;64
Canarias;total;2025;32,14729531034027;117,5207757816198;45,2452286197595;10,05000000000000;2259793,428571492;proyeccion;38,1470248643385;726462;96934027;37319378;227
Canarias;hombres;2026;25,64436258811729;74,7034197463934;30,7608885647627;15,33371428571428;1131943,000000000;proyeccion;37,8499120569127;290280;30864405;12709144;174
Canarias;mujeres;2026;41,26198922131955;161,9175832668952;64,9308050164783;5,53200000000000;1161300,000000001;proyeccion;37,8499120569127;479175;68632735;27522513;64
Canarias;total;2026;33,50241231226551;124,2366533665041;45,2452286197595;10,05000000000000;2273836,857142985;proyeccion;37,8499120569127;761790;103110267;37551298;229
Cantabria;total;2010;NA;64,2943565344605;41,8825313726964;NA;589060,000000000;real;NA;NA;13823730;9005033;NA
Cantabria;total;2011;NA;67,9683968294672;43,6025899032868;NA;591219,000000000;real;NA;NA;14667236;9409218;NA
Cantabria;total;2012;NA;68,9189624305102;44,9336533780920;NA;591604,000000000;real;NA;NA;14882048;9702769;NA
Cantabria;hombres;2013;5,94500000000000;32,9724391330715;21,2613199212575;NA;288100,000000000;real;53,9468587806956;17128;3467266;2235766;NA
Cantabria;mujeres;2013;12,90900000000000;110,2205690313758;71,0725333549454;NA;300998,000000000;real;53,9468587806956;38856;12109302;7808332;NA
Cantabria;total;2013;9,50323661258398;71,5965040822236;46,1669266381015;NA;589098,000000000;real;53,9468587806956;55983;15394735;9926848;NA
Cantabria;hombres;2014;6,40300000000000;34,7718678434772;22,2466589260778;NA;286709,000000000;real;53,1704819717692;18358;3638834;2328086;NA
Cantabria;mujeres;2014;13,67300000000000;113,7321924482186;72,7646068856547;NA;300057,000000000;real;53,1704819717692;41027;12456041;7969238;NA
Cantabria;total;2014;10,12069051035677;74,2520301458479;47,5056329058663;NA;586766,000000000;real;53,1704819717692;59385;15902527;10174262;NA
Cantabria;hombres;2015;6,72900000000000;36,3427424721142;23,3085983107245;NA;285208,000000000;real;52,8418249351741;19192;3783313;2426447;NA
Cantabria;mujeres;2015;14,26900000000000;117,7885080360139;75,5442443986612;NA;299102,000000000;real;52,8418249351741;42679;12859234;8247334;NA
Cantabria;total;2015;10,58864484605774;77,0656252540640;49,4264213546929;NA;584310,000000000;real;52,8418249351741;61871;16436029;10541329;NA
Cantabria;hombres;2016;6,82000000000000;38,0307853128393;24,6170908373912;NA;283715,000000000;real;52,9525386313466;19349;3938315;2549247;NA
Cantabria;mujeres;2016;14,49600000000000;123,6390867971076;80,0308120302988;NA;298255,000000000;real;52,9525386313466;43235;13459731;8712400;NA
Cantabria;total;2016;10,75388899771466;80,8349360549735;52,3239514338450;NA;581970,000000000;real;52,9525386313466;62584;17170880;11114604;NA
Cantabria;hombres;2017;7,10200000000000;39,5281535217260;25,6369712597055;NA;283117,000000000;real;52,2971520687802;20107;4084749;2649266;NA
Cantabria;mujeres;2017;14,88800000000000;126,1984445158568;81,8491532445175;NA;298107,000000000;real;52,2971520687802;44382;13731533;8905929;NA
Cantabria;total;2017;11,09540203088654;82,8632990187914;53,7430622521115;NA;581224,000000000;real;52,2971520687802;64489;17579180;11401417;NA
Cantabria;hombres;2018;7,37500000000000;42,2763622299028;27,0872387408386;8,11700000000000;282830,000000000;real;51,7532382572288;20859;4364314;2796296;23
Cantabria;mujeres;2018;15,28600000000000;132,9742067318040;85,1990070605061;1,68000000000000;298550,000000000;real;51,7532382572288;45636;14490299;9284200;5
Cantabria;total;2018;11,43745321476487;87,6252844808534;56,1431229006724;4,82000000000000;581380,000000000;real;51,7532382572288;66495;18594410;11913778;28
Cantabria;hombres;2019;7,78800000000000;44,1507703394525;27,8943513842193;8,81600000000000;282792,000000000;real;52,1621621621622;22024;4557202;2879229;25
Cantabria;mujeres;2019;16,28000000000000;140,4343711927220;88,7261007305958;3,68800000000000;299332,000000000;real;52,1621621621622;48731;15343323;9693875;11
Cantabria;total;2019;12,15464240608530;92,2925707660873;58,3102260574076;6,18700000000000;582124,000000000;real;52,1621621621622;70755;19609888;12389480;36
Cantabria;hombres;2020;8,29700000000000;47,9379005484130;29,9868169055817;11,98100000000000;283096,000000000;real;51,1740128288119;23488;4953425;3098539;34
Cantabria;mujeres;2020;16,99300000000000;148,4243373735303;92,8445630333238;4,01900000000000;299963,000000000;real;51,1740128288119;50973;16250460;10165226;12
Cantabria;total;2020;12,77078095184192;98,1811189609716;61,4156899694527;7,89900000000000;583059,000000000;real;51,1740128288119;74461;20894566;13070274;46
Cantabria;hombres;2021;8,74600000000000;51,4573882630913;31,0018967925638;14,09900000000000;283882,000000000;real;50,8430755395683;24828;5331857;3212321;40
Cantabria;mujeres;2021;17,79200000000000;157,9022851823513;95,1325069882035;2,65900000000000;300963,000000000;real;50,8430755395683;53547;17345802;10450448;8
Cantabria;total;2021;13,40109886893108;104,6798367227213;63,0672018903836;8,21200000000000;584846,000000000;real;50,8430755395683;78376;22345878;13462879;48
Cantabria;hombres;2022;9,10142773803676;54,9989763399345;31,5637024279770;13,70400000000000;284334,000000000;real;50,9444646746116;25878;5707899;3275741;39
Cantabria;mujeres;2022;18,55331447851180;169,2325032479361;97,1218871537613;6,61500000000000;301852,000000000;real;50,9444646746116;56004;18645357;10700499;20
Cantabria;total;2022;13,96860456652784;112,1157397939353;64,3427947908691;10,05300000000000;586187,000000000;real;50,9444646746116;81882;23988088;13766672;59
Cantabria;hombres;2023;9,61374080336866;58,4435400128726;32,4420533733011;10,84900000000000;285391,000000000;real;50,5424676851684;27437;6087930;3379415;31
Cantabria;mujeres;2023;19,43837541705582;177,8947376061514;98,7495037257669;4,93600000000000;303488,000000000;real;50,5424676851684;58993;19705955;10938791;15
Cantabria;total;2023;14,67701986347895;118,1691388095120;65,5957785495340;7,80200000000000;588880,000000000;real;50,5424676851684;86430;25399416;14099235;46
Cantabria;hombres;2024;9,98061488370634;61,8881036858106;33,5601267184922;13,59400000000000;286598,000000000;proyeccion;50,3237299414330;28604;6474007;3510667;39
Cantabria;mujeres;2024;20,09131295876174;186,5569719643667;101,5172007628674;2,94700000000000;304892,000000000;proyeccion;50,3237299414330;61257;20761101;11297401;9
Cantabria;total;2024;15,19439818856960;124,0487476955400;65,8684914721216;8,10500000000000;591490,000000000;proyeccion;50,3237299414330;89873;26781362;14220602;48
Cantabria;hombres;2025;10,34748896404403;65,3326673587487;34,6782000636832;11,59428571428622;287681,200054689;proyeccion;50,1187619971579;29768;6860168;3641337;33
Cantabria;mujeres;2025;20,74425050046767;195,2192063225820;104,2848977999680;3,79200000000000;306296,000000000;proyeccion;50,1187619971579;63539;21825125;11658847;12
Cantabria;total;2025;15,71177651366025;130,0194997283502;67,5817743363665;7,58257142857143;592569,620569847;proyeccion;50,1187619971579;93103;28121646;14617121;45
Cantabria;hombres;2026;10,71436304438172;68,7772310316868;35,7962734088742;11,59428571428622;288509,408838692;proyeccion;49,9263032915174;30912;7242651;3769560;33
Cantabria;mujeres;2026;21,39718804217359;203,8814406807973;107,0525948370686;3,79200000000000;307700,000000000;proyeccion;49,9263032915174;65839;22898027;12023130;12
Cantabria;total;2026;16,22915483875090;135,9424523077224;69,2950572006114;7,58257142857143;591961,177753348;proyeccion;49,9263032915174;96070;29372519;14972294;45
Castilla y León;total;2010;NA;66,3094252290252;27,1424385811107;NA;2546398,000000000;real;NA;NA;61630319;25227140;NA
Castilla y León;total;2011;NA;70,0684720453337;28,5301232253639;NA;2543325,000000000;real;NA;NA;65045517;26484902;NA
Castilla y León;total;2012;NA;67,7479217754061;28,7504275687106;NA;2531596,000000000;real;NA;NA;62601284;26566331;NA
Castilla y León;hombres;2013;7,88300000000000;34,5151881673791;14,8703354625596;NA;1243397,000000000;real;50,9305944600062;98017;15664370;6748752;NA
Castilla y León;mujeres;2013;16,06500000000000;106,1638674989776;45,7390617735231;NA;1267408,000000000;real;50,9305944600062;203609;49111821;21159069;NA
Castilla y León;total;2013;12,01312251289925;70,3395278331783;30,3046986180413;NA;2510805,000000000;real;50,9305944600062;301626;64462226;27772554;NA
Castilla y León;hombres;2014;8,51500000000000;36,6978134803372;16,0316139975629;NA;1231206,000000000;real;49,7313891020721;104837;16491637;7204450;NA
Castilla y León;mujeres;2014;16,93900000000000;109,3090596948669;47,7521815408323;NA;1257092,000000000;real;49,7313891020721;212939;50155214;21910543;NA
Castilla y León;total;2014;12,77081783532358;73,0034365876020;31,8918977691976;NA;2488298,000000000;real;49,7313891020721;317776;66303821;28965139;NA
Castilla y León;hombres;2015;8,94900000000000;38,0071868370880;16,6311831157643;NA;1220729,000000000;real;49,0694894997439;109243;16934713;7410291;NA
Castilla y León;mujeres;2015;17,57100000000000;111,2439652278295;48,6781293274349;NA;1248215,000000000;real;49,0694894997439;219324;50682581;22177681;NA
Castilla y León;total;2015;13,30799304722991;74,6255760324588;32,6546562215996;NA;2468944,000000000;real;49,0694894997439;328567;67249924;29427219;NA
Castilla y León;hombres;2016;9,00400000000000;39,8034827183237;17,9792743520838;NA;1209138,000000000;real;48,4955954696259;108871;17566685;7934890;NA
Castilla y León;mujeres;2016;17,48200000000000;114,7599301829947;51,8371792736669;NA;1238352,000000000;real;48,4955954696259;216489;51871314;23430326;NA
Castilla y León;total;2016;13,29359801919518;77,2817064506592;34,9082268128754;NA;2447490,000000000;real;48,4955954696259;325359;69038364;31184701;NA
Castilla y León;hombres;2017;11,70400000000000;41,2354365373394;18,6345221327117;NA;1198502,000000000;real;48,2741857073408;140273;18038575;8151732;NA
Castilla y León;mujeres;2017;22,62700000000000;118,2030840591026;53,4166282939574;NA;1229043,000000000;real;48,2741857073408;278096;53025986;23962737;NA
Castilla y León;total;2017;17,23421125828769;79,7192602982210;36,0255752133345;NA;2427546,000000000;real;48,2741857073408;418368;70635593;31920615;NA
Castilla y León;hombres;2018;12,39100000000000;43,4647552269357;19,4721275476585;13,27300000000000;1190338,000000000;real;47,6908139142182;147495;18884279;8460121;158
Castilla y León;mujeres;2018;23,68800000000000;122,7192689544304;54,9779987293063;4,50800000000000;1222477,000000000;real;47,6908139142182;289580;54757842;24531409;55
Castilla y León;total;2018;18,11473873214482;83,0920120906831;37,2250631384824;8,83700000000000;2412815,000000000;real;47,6908139142182;437075;73177263;32783275;213
Castilla y León;hombres;2019;13,25100000000000;46,3770344536621;20,3668935546619;13,91200000000000;1184742,000000000;real;46,9153112731352;156990;20054860;8807273;165
Castilla y León;mujeres;2019;24,96200000000000;128,3514440056714;56,3666958969222;4,35600000000000;1218288,000000000;real;46,9153112731352;304109;57074694;25064867;53
Castilla y León;total;2019;19,18824205190946;87,3642392296668;38,3667947257921;9,07300000000000;2403030,000000000;real;46,9153112731352;461099;76627694;33651744;218
Castilla y León;hombres;2020;13,79400000000000;49,4539402859435;21,8346565055261;14,99700000000000;1179756,000000000;real;46,1865563921507;162736;21295408;9402242;177
Castilla y León;mujeres;2020;25,63300000000000;134,3437763081683;59,3147925601764;4,21100000000000;1214329,000000000;real;46,1865563921507;311269;59545203;26290101;51
Castilla y León;total;2020;19,79898354527930;91,8988582970559;40,5747245328513;9,53400000000000;2394086,000000000;real;46,1865563921507;474005;80305026;35455874;228
Castilla y León;hombres;2021;14,20600000000000;51,8811973545492;22,2094818968262;14,34500000000000;1172249,000000000;real;46,6381188490722;166530;22198454;9502791;168
Castilla y León;mujeres;2021;26,62200000000000;142,5692089488168;61,0315186743842;5,63500000000000;1207582,000000000;real;46,6381188490722;321482;62839864;26900706;68
Castilla y León;total;2021;20,50616926075844;97,2252031516830;41,6205002856052;9,92500000000000;2379831,000000000;real;46,6381188490722;488012;84453537;36153161;236
Castilla y León;hombres;2022;15,14446299638399;56,0877954286935;22,8795776261020;15,27400000000000;1170846,000000000;real;45,7017975561065;177318;23969612;9777789;179
Castilla y León;mujeres;2022;27,89127874358789;150,5039254911627;61,3942163351014;5,21600000000000;1206644,000000000;real;45,7017975561065;336548;66285700;27039551;63
Castilla y León;total;2022;21,61383562906346;103,2958604599281;42,1368969806017;10,17000000000000;2377491,000000000;real;45,7017975561065;513867;89638517;36565734;242
Castilla y León;hombres;2023;15,61721649837865;58,4516392199211;23,1397537643638;11,99400000000000;1174463,000000000;real;45,3355677168755;183418;25056990;9919526;141
Castilla y León;mujeres;2023;28,56924666754449;155,4045622574178;61,5213423008644;4,86700000000000;1211078,000000000;real;45,3355677168755;345996;68695572;27195108;59
Castilla y León;total;2023;22,19263012288271;106,9281007386694;42,3305480326141;8,37600000000000;2385541,000000000;real;45,3355677168755;529414;93104699;36858159;200
Castilla y León;hombres;2024;16,39063814821513;62,2018230393761;23,9666955945459;13,30300000000000;1178422,000000000;proyeccion;45,0341421792854;193151;26754499;10308652;157
Castilla y León;mujeres;2024;29,81967133429894;160,3051990236728;63,0995703535985;4,02900000000000;1214608,000000000;proyeccion;45,0341421792854;362192;71068412;27974054;49
Castilla y León;total;2024;23,21058088388091;111,7682251258652;42,5293848166212;8,59600000000000;2393030,000000000;proyeccion;45,0341421792854;555436;97624621;37147544;206
Castilla y León;hombres;2025;17,16405979805160;64,9090361862444;24,7936374247280;13,87114285714307;1182381,000000000;proyeccion;44,7569785511133;202945;28012732;10700167;164
Castilla y León;mujeres;2025;31,07009600105339;165,2058357899278;64,6777984063326;4,68885714285714;1218138,000000000;proyeccion;44,7569785511133;378477;73453880;28757067;57
Castilla y León;total;2025;24,22853164487911;116,7381404776632;43,6284524048720;9,21585714285493;2400182,226641901;proyeccion;44,7569785511133;581529;102270376;38221426;221
Castilla y León;hombres;2026;17,93748144788808;68,4008965349011;25,6205792549101;13,87114285714307;1186340,000000000;proyeccion;44,5012608792707;212800;29618553;11094072;165
Castilla y León;mujeres;2026;32,32052066780783;170,1064725561829;66,2560264590668;4,68885714285714;1221668,000000001;proyeccion;44,5012608792707;394849;75851976;29544147;57
Castilla y León;total;2026;25,24648240587730;120,9668154353346;44,7275199931227;9,21585714285493;2407334,453283802;proyeccion;44,5012608792707;607767;106290768;39301046;222
Castilla-La Mancha;total;2010;NA;65,9122829442764;21,4399223549773;NA;2087518,000000000;real;NA;NA;50221473;16336022;NA
Castilla-La Mancha;total;2011;NA;67,6984158322820;21,5700319795348;NA;2101187,000000000;real;NA;NA;51920166;16542775;NA
Castilla-La Mancha;total;2012;NA;69,0727112912832;22,2325452938577;NA;2102108,000000000;real;NA;NA;52997379;17058352;NA
Castilla-La Mancha;hombres;2013;2,19700000000000;37,0654244034948;11,7802159056028;NA;1051956,000000000;real;48,4393334897911;23111;14231786;4523178;NA
Castilla-La Mancha;mujeres;2013;4,26100000000000;106,7086068967248;33,9143675935084;NA;1036309,000000000;real;48,4393334897911;44157;40362828;12828204;NA
Castilla-La Mancha;total;2013;3,22126740667492;71,8870156501098;22,8472917495556;NA;2088264,000000000;real;48,4393334897911;67269;54793459;17414580;NA
Castilla-La Mancha;hombres;2014;3,63400000000000;38,3452089688212;12,0232119504200;NA;1041993,000000000;real;49,0179573512907;37866;14583735;4572757;NA
Castilla-La Mancha;mujeres;2014;7,12800000000000;112,0811253898785;35,1432463779199;NA;1029040,000000000;real;49,0179573512907;73350;42097626;13199789;NA
Castilla-La Mancha;total;2014;5,37007362123153;75,2131671793498;23,5832291641699;NA;2071034,000000000;real;49,0179573512907;111216;56855695;17827209;NA
Castilla-La Mancha;hombres;2015;3,65000000000000;39,2108081844550;12,1402757564543;NA;1034850,000000000;real;49,1643454038997;37772;14810716;4585628;NA
Castilla-La Mancha;mujeres;2015;7,18000000000000;115,0541796316473;35,6225625620892;NA;1023506,000000000;real;49,1643454038997;73488;42981905;13307866;NA
Castilla-La Mancha;total;2015;5,40527274193580;77,1324939080511;23,8814191592718;NA;2058356,000000000;real;49,1643454038997;111260;57949638;17942109;NA
Castilla-La Mancha;hombres;2016;3,73900000000000;42,6838944301504;13,4012764614213;NA;1027794,000000000;real;47,3824936673234;38429;16012641;5027419;NA
Castilla-La Mancha;mujeres;2016;7,10600000000000;119,5582846662117;37,5371940038687;NA;1018788,000000000;real;47,3824936673234;72395;44458659;13958492;NA
Castilla-La Mancha;total;2016;5,41509174516340;81,1210895481811;25,4692352326450;NA;2046582,000000000;real;47,3824936673234;110824;60597651;19025581;NA
Castilla-La Mancha;hombres;2017;3,92400000000000;43,8949358751542;13,7031915230781;NA;1022275,000000000;real;47,1515151515151;40114;16378534;5113077;NA
Castilla-La Mancha;mujeres;2017;7,42500000000000;122,2212205331127;38,1552167638001;NA;1015478,000000000;real;47,1515151515151;75399;45301231;14142211;NA
Castilla-La Mancha;total;2017;5,66866114293538;83,0580782041334;25,9292041434391;NA;2037753,000000000;real;47,1515151515151;115513;61776925;19285619;NA
Castilla-La Mancha;hombres;2018;3,83400000000000;46,7845704184016;14,2701676574466;9,22500000000000;1019327,000000000;real;45,7938639898204;39081;17406403;5309278;94
Castilla-La Mancha;mujeres;2018;7,07300000000000;125,8326787048922;38,3813168710456;3,75700000000000;1013946,000000000;real;45,7938639898204;71716;46569453;14204553;38
Castilla-La Mancha;total;2018;5,44921403864606;86,3086245616469;26,3257422642461;6,50200000000000;2033274,000000000;real;45,7938639898204;110797;64053515;19537518;132
Castilla-La Mancha;hombres;2019;4,07900000000000;49,8574844089539;14,9995840926395;11,23800000000000;1021746,000000000;real;44,6314646396091;41677;18593715;5593904;115
Castilla-La Mancha;mujeres;2019;7,36700000000000;130,2357186509939;39,1813112299765;3,64400000000000;1016982,000000000;real;44,6314646396091;74921;48343294;14544041;37
Castilla-La Mancha;total;2019;5,71915838110822;90,0466015299739;27,0904476613080;7,45600000000000;2038728,000000000;real;44,6314646396091;116598;67006893;20158970;152
Castilla-La Mancha;hombres;2020;3,71000000000000;48,9412000808275;15,0073250408966;14,33300000000000;1025827,000000000;real;48,6931268151016;38058;18324900;5619146;147
Castilla-La Mancha;mujeres;2020;7,23100000000000;141,8371383474549;43,4929269109757;3,24300000000000;1021118,000000000;real;48,6931268151016;73837;52863846;16210165;33
Castilla-La Mancha;total;2020;5,46644996714616;95,3891692141412;29,2501259759362;8,81000000000000;2046944,000000000;real;48,6931268151016;111895;71268545;21853780;180
Castilla-La Mancha;hombres;2021;3,68100000000000;43,0199967872678;12,7373141017316;13,31900000000000;1028644,000000000;real;56,8413647555399;37864;16152075;4782289;137
Castilla-La Mancha;mujeres;2021;8,52900000000000;156,3375433369415;46,2882506761381;3,12600000000000;1023688,000000000;real;56,8413647555399;87310;58414916;17295425;32
Castilla-La Mancha;total;2021;6,09914649091862;99,6787700621047;29,5127823889349;8,23400000000000;2052332,000000000;real;56,8413647555399;125175;74669484;22108060;169
Castilla-La Mancha;hombres;2022;4,10610305772419;44,7087787641888;12,4321748226084;14,15600000000000;1036077,000000000;real;56,7930945554061;42542;16907434;4701452;147
Castilla-La Mancha;mujeres;2022;9,50334909541166;162,2432271901408;45,1149912828222;3,58300000000000;1030492,000000000;real;56,7930945554061;97931;61024477;16969083;37
Castilla-La Mancha;total;2022;6,79743292082996;103,4760029771648;28,7735830527153;8,88400000000000;2066568,000000000;real;56,7930945554061;140474;78051672;21703837;184
Castilla-La Mancha;hombres;2023;4,16866892171581;47,7177018388424;12,7969688995723;13,14100000000000;1048624,000000000;real;55,0810692859844;43714;18263843;4898011;138
Castilla-La Mancha;mujeres;2023;9,28042777388531;164,7437307034663;44,1810966783751;2,10700000000000;1042423,000000000;real;55,0810692859844;96741;62682419;16810218;22
Castilla-La Mancha;total;2023;6,71696888721400;106,2307162711543;28,4890327889737;7,64000000000000;2091047,000000000;real;55,0810692859844;140455;81078699;21743746;160
Castilla-La Mancha;hombres;2024;4,16284318503211;47,7177018388424;12,8477230804013;11,40000000000000;1059660,000000000;proyeccion;54,9501773493481;44112;18456057;4969190;121
Castilla-La Mancha;mujeres;2024;9,24053179368481;169,4456867168697;45,2077695868609;3,98500000000000;1051785,000000000;proyeccion;54,9501773493481;97191;65050458;17355332;42
Castilla-La Mancha;total;2024;6,71129121522480;110,5740820123553;28,4277889032017;7,70500000000000;2111444,000000000;proyeccion;54,9501773493481;141705;85216908;21908645;163
Castilla-La Mancha;hombres;2025;4,16338564070590;47,7177018388424;12,8821035034539;12,40171428571428;1034897,750000000;proyeccion;54,9094655957476;43087;18024774;4866056;128
Castilla-La Mancha;mujeres;2025;9,23339165462022;175,3064424834677;46,2344424953467;3,34928571428376;1026962,916666667;proyeccion;54,9094655957476;94824;65712124;17330586;34
Castilla-La Mancha;total;2025;6,71089058953195;114,4185817023419;28,9269222280749;7,89014285714286;2108230,205691368;proyeccion;54,9094655957476;141481;88045559;22259383;166
Castilla-La Mancha;hombres;2026;4,16333513067189;47,7177018388424;12,9053924910796;12,40171428571428;1034897,750000000;proyeccion;54,9037715032764;43086;18024774;4874853;128
Castilla-La Mancha;mujeres;2026;9,23211379189808;181,1671982500657;47,2611154038325;3,34928571428376;1026962,916666667;proyeccion;54,9037715032764;94810;67908978;17715426;34
Castilla-La Mancha;total;2026;6,71086232073691;118,2630813923285;29,4260555529481;7,89014285714286;2105395,086669352;proyeccion;54,9037715032764;141290;90881536;22613018;166
Cataluña;total;2010;NA;74,3065515472629;28,7976361973253;NA;7470364,000000000;real;NA;NA;202610400;78522021;NA
Cataluña;total;2011;NA;77,9093096050428;29,8134114763134;NA;7498638,000000000;real;NA;NA;213238004;81599393;NA
Cataluña;total;2012;NA;74,7194929529489;29,0786912940885;NA;7507182,000000000;real;NA;NA;204740484;79679145;NA
Cataluña;hombres;2013;4,01400000000000;36,2201967347987;14,2242186777641;NA;3681119,000000000;real;51,7432075018033;147760;48665762;19111780;NA
Cataluña;mujeres;2013;8,31800000000000;113,8942010928323;44,7279741282358;NA;3791363,000000000;real;51,7432075018033;315366;157612205;61896695;NA
Cataluña;total;2013;6,19774916821479;75,0571989138155;29,4760964030000;NA;7472482,000000000;real;51,7432075018033;463126;204715202;80394754;NA
Cataluña;hombres;2014;4,37800000000000;36,6904878393767;14,3122943086050;NA;3651132,000000000;real;52,2989758117237;159847;48896062;19073468;NA
Cataluña;mujeres;2014;9,17800000000000;117,1447325305636;45,6960369679489;NA;3775086,000000000;real;52,2989758117237;346477;161414476;62964861;NA
Cataluña;total;2014;6,81805936803902;76,9176101849702;30,0041656382769;NA;7426218,000000000;real;52,2989758117237;506324;208490534;81328378;NA
Cataluña;hombres;2015;4,49900000000000;37,8107570132657;14,4281885003539;NA;3646488,000000000;real;51,2673310225303;164055;50324912;19203459;NA
Cataluña;mujeres;2015;9,23200000000000;117,3654638120151;44,7854306306829;NA;3775966,000000000;real;51,2673310225303;348597;161756320;61724516;NA
Cataluña;total;2015;6,90678145314205;77,5881104126404;29,6068095655184;NA;7422454,000000000;real;51,2673310225303;512653;210201376;80210641;NA
Cataluña;hombres;2016;4,50400000000000;37,2197240550886;13,7734871316936;NA;3656800,000000000;real;52,4041001796471;164702;49678357;18383914;NA
Cataluña;mujeres;2016;9,46300000000000;119,1791430556145;44,1032929425590;NA;3789958,000000000;real;52,4041001796471;358644;164864641;61009614;NA
Cataluña;total;2016;7,02783677863575;78,1994335553516;28,9383900371263;NA;7446758,000000000;real;52,4041001796471;523346;212551274;78656473;NA
Cataluña;hombres;2017;5,94100000000000;37,0813458564476;13,3936308019030;NA;3675902,000000000;real;53,1245068644469;218385;49752199;17970291;NA
Cataluña;mujeres;2017;12,67400000000000;121,1307320377173;43,7519261020926;NA;3812267,000000000;real;53,1245068644469;483167;168550683;60879819;NA
Cataluña;total;2017;9,36880641182110;79,1060389470824;28,5727784519978;NA;7488170,000000000;real;53,1245068644469;701552;216211206;78094605;NA
Cataluña;hombres;2018;5,16700000000000;39,5497195006629;13,8294870220951;10,37300000000000;3708620,000000000;real;50,8886987928904;191624;53536331;18720234;385
Cataluña;mujeres;2018;10,52100000000000;121,5118631842508;42,4894729002826;3,66900000000000;3846564,000000000;real;50,8886987928904;404697;170602153;59655044;141
Cataluña;total;2018;7,89287717996014;80,5307913424569;28,1594799611889;6,94500000000000;7555184,000000000;real;50,8886987928904;596321;222075105;77653769;525
Cataluña;hombres;2019;15,78900000000000;47,1588974324201;16,0254096208043;10,20900000000000;3758778,000000000;real;43,3151432469304;593473;64699837;21986124;384
Cataluña;mujeres;2019;27,85400000000000;119,2308586107276;40,5167095226353;3,98700000000000;3890024,000000000;real;43,3151432469304;1083527;169290979;57528005;155
Cataluña;total;2019;21,92501183034938;83,1948780215738;28,2710595717198;7,03000000000000;7648802,000000000;real;43,3151432469304;1677001;232264520;78927504;538
Cataluña;hombres;2020;16,69000000000000;48,8982185589146;16,4284640508381;11,05200000000000;3800225,000000000;real;42,8679012768288;634258;67825845;22787629;420
Cataluña;mujeres;2020;29,21300000000000;122,2777741027479;41,0819877546901;3,63100000000000;3924892,000000000;real;42,8679012768288;1146579;175173376;58853463;143
Cataluña;total;2020;23,05254732659713;85,5879963308313;28,7552259027641;7,26100000000000;7725117,000000000;real;42,8679012768288;1780836;241329709;81080182;561
Cataluña;hombres;2021;17,29400000000000;52,0358446801872;16,5987213194906;11,40000000000000;3812907,000000000;real;43,1809968130893;659404;72418860;23100624;435
Cataluña;mujeres;2021;30,43700000000000;131,1276807657313;41,8279331041633;3,58400000000000;3932017,000000000;real;43,1809968130893;1196788;188192639;60030873;141
Cataluña;total;2021;23,96656378900555;91,5817627229593;29,2133272118269;7,43200000000000;7744924,000000000;real;43,1809968130893;1856192;258892234;82583075;576
Cataluña;hombres;2022;17,50679822849238;55,9665049924096;16,4865345039002;11,41800000000000;3843842,000000000;real;42,7512619354971;672934;78521137;23130646;439
Cataluña;mujeres;2022;30,58023429052225;139,5539794219417;41,1096154245912;4,37400000000000;3969027,000000000;real;42,7512619354971;1213738;202171132;59555288;174
Cataluña;total;2022;24,14825359053290;97,7602422071757;28,7980749642457;7,84000000000000;7812869,000000000;real;42,7512619354971;1886671;278782608;82123389;613
Cataluña;hombres;2023;18,62504830649918;58,6612897858257;16,1402416633272;11,72300000000000;3910456,000000000;real;42,0247144933749;728324;83728223;23037232;458
Cataluña;mujeres;2023;32,12584145768599;143,7052506225773;39,5394898715276;4,25600000000000;4035759,000000000;real;42,0247144933749;1296522;211685312;58243726;172
Cataluña;total;2023;25,48189115143107;101,1832702042015;27,8398657674274;7,93000000000000;7946215,000000000;real;42,0247144933749;2024846;293468767;80745869;630
Cataluña;hombres;2024;18,62504830649918;60,9053990909113;16,1402416633272;10,06200000000000;3966033,000000000;proyeccion;42,0247144933749;738676;88166780;23364647;399
Cataluña;mujeres;2024;32,12584145768599;146,0658839177911;39,5394898715276;3,59200000000000;4084398,000000000;proyeccion;42,0247144933749;1312147;217755790;58945680;147
Cataluña;total;2024;25,48189115143107;105,5899957391000;26,8368065540919;6,78000000000000;8050431,000000000;proyeccion;42,0247144933749;2051402;310266416;78857469;546
Cataluña;hombres;2025;18,62504830649918;63,1495083959969;16,1402416633272;10,89100000000034;4021610,000000001;proyeccion;42,0247144933749;749027;92696383;23692061;438
Cataluña;mujeres;2025;32,12584145768599;149,1340640515029;39,5394898715276;3,87042857142857;4133037,000000001;proyeccion;42,0247144933749;1327773;224977461;59647634;160
Cataluña;total;2025;25,48189115143107;111,0902198760454;26,8368065540919;7,31685714285723;8154647,000000002;proyeccion;42,0247144933749;2077958;330654058;79878310;597
Cataluña;hombres;2026;18,62504830649918;65,3936177010824;16,1402416633272;10,89100000000034;4077187,000000001;proyeccion;42,0247144933749;759378;97317033;24019476;444
Cataluña;mujeres;2026;32,12584145768599;152,2022441852147;39,5394898715276;3,87042857142857;4181676,000000002;proyeccion;42,0247144933749;1343399;232308072;60349588;162
Cataluña;total;2026;25,48189115143107;115,4362816624560;26,8368065540919;7,31685714285723;8258863,000000003;proyeccion;42,0247144933749;2104514;347980939;80899151;604
Comunidad Foral de Navarra;total;2010;NA;67,1910150093820;43,5496824076471;NA;634000,000000000;real;NA;NA;15548673;10077832;NA
Comunidad Foral de Navarra;total;2011;NA;70,3000015255051;43,4963558884272;NA;637840,000000000;real;NA;NA;16366656;10126456;NA
Comunidad Foral de Navarra;total;2012;NA;68,8258446301279;43,1697739997847;NA;639639,000000000;real;NA;NA;16068648;10078771;NA
Comunidad Foral de Navarra;hombres;2013;8,44500000000000;33,7574019930319;20,5685881966223;NA;317432,000000000;real;51,8171963256690;26807;3911223;2383132;NA
Comunidad Foral de Navarra;mujeres;2013;17,52700000000000;106,3647968777484;64,8087108731703;NA;320836,000000000;real;51,8171963256690;56233;12455864;7589433;NA
Comunidad Foral de Navarra;total;2013;13,01021798366830;70,0610994353901;42,6886495348963;NA;638268,000000000;real;51,8171963256690;83040;16321982;9945082;NA
Comunidad Foral de Navarra;hombres;2014;9,26700000000000;36,2428833033432;21,5267625808708;NA;316350,000000000;real;50,1827760455865;29316;4184884;2485647;NA
Comunidad Foral de Navarra;mujeres;2014;18,60200000000000;109,2605407192727;64,8962087214621;NA;320601,000000000;real;50,1827760455865;59638;12785599;7594113;NA
Comunidad Foral de Navarra;total;2014;13,96565081458385;72,7517120113079;43,2114856511665;NA;636951,000000000;real;50,1827760455865;88954;16913836;10046114;NA
Comunidad Foral de Navarra;hombres;2015;9,76900000000000;37,5763984883205;21,7606438935095;NA;316429,000000000;real;49,4959416843302;30912;4339946;2513280;NA
Comunidad Foral de Navarra;mujeres;2015;19,34300000000000;111,2290628607600;64,4131988400669;NA;320968,000000000;real;49,4959416843302;62085;13030854;7546220;NA
Comunidad Foral de Navarra;total;2015;14,59008894770449;74,4027306745403;43,0869213667882;NA;637396,000000000;real;49,4959416843302;92997;17309761;10024152;NA
Comunidad Foral de Navarra;hombres;2016;10,47500000000000;39,6009422676993;22,6215847468917;NA;317305,000000000;real;49,1307303807304;33238;4586436;2619949;NA
Comunidad Foral de Navarra;mujeres;2016;20,59200000000000;116,0959748065658;66,3184960374507;NA;322080,000000000;real;49,1307303807304;66323;13648150;7796349;NA
Comunidad Foral de Navarra;total;2016;15,57127745411606;77,8484585371325;44,4700403921712;NA;639384,000000000;real;49,1307303807304;99560;18167896;10378203;NA
Comunidad Foral de Navarra;hombres;2017;10,64200000000000;39,5002570497333;21,8619461197667;NA;318567,000000000;real;49,0715926493109;33902;4592970;2542041;NA
Comunidad Foral de Navarra;mujeres;2017;20,89600000000000;115,6204667448968;63,9916953233163;NA;324023,000000000;real;49,0715926493109;67708;13674247;7568195;NA
Comunidad Foral de Navarra;total;2017;15,81253150842683;77,5603618973150;42,9268207215415;NA;642590,000000000;real;49,0715926493109;101610;18191422;10068286;NA
Comunidad Foral de Navarra;hombres;2018;10,99500000000000;41,6060215533444;22,2454434170459;8,76800000000000;320774,000000000;real;47,8143243628079;35269;4871337;2604552;28
Comunidad Foral de Navarra;mujeres;2018;21,06900000000000;117,8477789209462;63,0095356377500;3,36600000000000;326798,000000000;real;47,8143243628079;68853;14057033;7515857;11
Comunidad Foral de Navarra;total;2018;16,07885639280265;79,7269002371453;42,6274895273980;6,03600000000000;647572,000000000;real;47,8143243628079;104122;18844552;10075595;39
Comunidad Foral de Navarra;hombres;2019;11,20300000000000;42,4614874923737;22,1043838376812;10,54500000000000;323960,000000000;real;47,7106184364061;36293;5020876;2613742;34
Comunidad Foral de Navarra;mujeres;2019;21,42500000000000;119,9481116371642;62,4419740525839;3,63500000000000;330272,000000000;real;47,7106184364061;70761;14459658;7527335;12
Comunidad Foral de Navarra;total;2019;16,36331069100870;81,2047995647690;42,2731789451326;7,04900000000000;654232,000000000;real;47,7106184364061;107054;19391274;10094610;46
Comunidad Foral de Navarra;hombres;2020;11,40600000000000;43,6122542170280;22,7365561298731;9,85700000000000;327142,000000000;real;47,5248435774752;37314;5207601;2714900;32
Comunidad Foral de Navarra;mujeres;2020;21,73600000000000;122,6083240157127;63,9199025828961;3,60900000000000;333315,000000000;real;47,5248435774752;72449;14916526;7776494;12
Comunidad Foral de Navarra;total;2020;16,61927497475233;83,1102891163703;43,3282293563846;6,69500000000000;660458,000000000;real;47,5248435774752;109763;20035162;10445014;44
Comunidad Foral de Navarra;hombres;2021;11,64300000000000;46,1221132756173;22,4805300466987;11,60800000000000;327893,000000000;real;47,7048149478980;38177;5519938;2690491;38
Comunidad Foral de Navarra;mujeres;2021;22,26400000000000;130,2693201982887;63,4949953264355;6,59400000000000;334120,000000000;real;47,7048149478980;74388;15886839;7743456;22
Comunidad Foral de Navarra;total;2021;17,00345141107501;88,1957167369530;42,9877626865671;9,07700000000000;662013,000000000;real;47,7048149478980;112565;21311150;10387337;60
Comunidad Foral de Navarra;hombres;2022;11,66796999505671;47,8656274844779;21,9446728341042;11,48700000000000;330304,000000000;real;47,8358209544846;38540;5770726;2645671;38
Comunidad Foral de Navarra;mujeres;2022;22,36778227617831;135,6535167263921;62,1922703159320;5,62900000000000;336993,000000000;real;47,8358209544846;75378;16685714;7649801;19
Comunidad Foral de Navarra;total;2022;17,07150371400347;91,7595721054350;42,0684715750181;8,52900000000000;667297,000000000;real;47,8358209544846;113918;22349274;10246340;57
Comunidad Foral de Navarra;hombres;2023;11,79548036742902;49,1893057706816;21,3660313062643;13,46300000000000;333562,000000000;real;47,4940775394912;39345;5988804;2601317;45
Comunidad Foral de Navarra;mujeres;2023;22,46504739784494;138,1773891299870;60,0191927028342;5,86500000000000;340411,000000000;real;47,4940775394912;76473;17168543;7457386;20
Comunidad Foral de Navarra;total;2023;17,18447663640555;93,6833474503343;40,6926120045493;9,62600000000000;673972,000000000;real;47,4940775394912;115819;23046083;10010374;65
Comunidad Foral de Navarra;hombres;2024;11,85431756937236;50,7324961484500;21,5417881522902;12,44900000000000;336917,000000000;proyeccion;47,4596517572349;39939;6238814;2649095;42
Comunidad Foral de Navarra;mujeres;2024;22,56231251951158;141,3586483551931;60,0191927028342;3,20000000000000;343160,000000000;proyeccion;47,4596517572349;77425;17705651;7517608;11
Comunidad Foral de Navarra;total;2024;17,29744955880762;96,2696751013852;39,8352033547834;7,78200000000000;680077,000000000;proyeccion;47,4596517572349;117636;23896839;9888217;53
Comunidad Foral de Navarra;hombres;2025;11,95914645244880;52,2756865262183;21,6381381045900;12,44900000000000;340272,000000000;proyeccion;47,2225535628873;40694;6492603;2687441;42
Comunidad Foral de Navarra;mujeres;2025;22,65957764117822;144,5399075803992;60,0191927028342;4,55685714285714;345909,000000000;proyeccion;47,2225535628873;78382;18249144;7577830;16
Comunidad Foral de Navarra;total;2025;17,41042248120969;98,3467222508165;39,8352033547834;7,82771428570787;686182,000000000;proyeccion;47,2225535628873;119467;24631569;9976983;54
Comunidad Foral de Navarra;hombres;2026;12,03317386356413;53,8188769039867;21,6909571754717;12,44900000000000;343627,000000000;proyeccion;47,1228325081601;41349;6750171;2720563;43
Comunidad Foral de Navarra;mujeres;2026;22,75684276284486;147,7211668056053;60,0191927028342;4,55685714285714;348658,000000000;proyeccion;47,1228325081601;79344;18799021;7638053;16
Comunidad Foral de Navarra;total;2026;17,52339540361177;100,4237694002478;39,8352033547834;7,82771428570787;692287,000000000;proyeccion;47,1228325081601;121312;25375556;10065749;54
Comunidad Valenciana;total;2010;NA;58,2417830271704;25,2897906657643;NA;4989276,000000000;real;NA;NA;106063281;46054877;NA
Comunidad Valenciana;total;2011;NA;60,5404418943862;25,3879718393177;NA;5000666,000000000;real;NA;NA;110501023;46339220;NA
Comunidad Valenciana;total;2012;NA;59,0366682121182;24,7640325413005;NA;5004358,000000000;real;NA;NA;107835827;45233751;NA
Comunidad Valenciana;hombres;2013;15,99400000000000;32,0909350879903;13,4281767760593;NA;2467540,000000000;real;46,8673177861936;394658;28902768;12094116;NA
Comunidad Valenciana;mujeres;2013;30,10200000000000;88,7045292134583;37,1176500731262;NA;2511628,000000000;real;46,8673177861936;756050;81319364;34027391;NA
Comunidad Valenciana;total;2013;23,11045958200245;60,3977321507243;25,2729134245927;NA;4979168,000000000;real;46,8673177861936;1150709;109766616;45930900;NA
Comunidad Valenciana;hombres;2014;17,37000000000000;35,1782374503755;14,5624302688234;NA;2452662,000000000;real;45,5417607223476;426027;31492319;13036603;NA
Comunidad Valenciana;mujeres;2014;31,89600000000000;94,0152066160814;38,9186607909798;NA;2503284,000000000;real;45,5417607223476;798447;85901568;35559928;NA
Comunidad Valenciana;total;2014;24,70718716547759;64,5967220332285;26,7405455299016;NA;4955946,000000000;real;45,5417607223476;1224475;116850321;48371515;NA
Comunidad Valenciana;hombres;2015;18,58700000000000;37,1786853358912;15,0963674038818;NA;2443189,000000000;real;44,4550697785614;454116;33154613;13462397;NA
Comunidad Valenciana;mujeres;2015;33,46300000000000;96,6901850998894;39,2609514142273;NA;2497968,000000000;real;44,4550697785614;835895;88158081;35796499;NA
Comunidad Valenciana;total;2015;26,10745967533515;66,9344352178903;27,1786594090546;NA;4941158,000000000;real;44,4550697785614;1290011;120717771;49017328;NA
Comunidad Valenciana;hombres;2016;19,89000000000000;40,5386081329582;16,2465390724440;NA;2439545,000000000;real;43,3752775721688;485226;36096952;14466470;NA
Comunidad Valenciana;mujeres;2016;35,12600000000000;102,6448156255425;41,1366616775476;NA;2498535,000000000;real;43,3752775721688;877635;93608508;37515207;NA
Comunidad Valenciana;total;2016;27,59900415951139;71,5917118792503;28,6916003749958;NA;4938080,000000000;real;43,3752775721688;1362861;129036844;51713718;NA
Comunidad Valenciana;hombres;2017;20,98600000000000;42,4234760674959;16,7895496776637;NA;2439444,000000000;real;42,6110260336906;511942;37773738;14949366;NA
Comunidad Valenciana;mujeres;2017;36,56800000000000;105,4219135099549;41,7218629414925;NA;2502627,000000000;real;42,6110260336906;915161;96298580;38111205;NA
Comunidad Valenciana;total;2017;28,87660576304954;73,9226947887254;29,2557063095781;NA;4942070,000000000;real;42,6110260336906;1427102;133345863;52773068;NA
Comunidad Valenciana;hombres;2018;21,75100000000000;44,7686561678997;17,3845099063254;12,01600000000000;2446848,000000000;real;42,0498747801993;532214;39982865;15526097;294
Comunidad Valenciana;mujeres;2018;37,53400000000000;109,7388828515429;42,6136690117950;4,10400000000000;2513426,000000000;real;42,0498747801993;943389;100674505;39093801;103
Comunidad Valenciana;total;2018;29,74842162590211;77,2537695097213;29,9990894590602;8,00200000000000;4960275,000000000;real;42,0498747801993;1475604;139867979;54313363;397
Comunidad Valenciana;hombres;2019;22,24700000000000;46,8804945022910;17,7385667383101;14,13000000000000;2466667,000000000;real;41,8834900731452;548759;42208078;15970625;349
Comunidad Valenciana;mujeres;2019;38,28000000000000;114,4522990921441;43,3062783862021;4,02100000000000;2535512,000000000;real;41,8834900731452;970594;105921240;40078310;102
Comunidad Valenciana;total;2019;30,37383110620392;80,6663967972176;30,5224225622561;9,00100000000000;5002180,000000000;real;41,8834900731452;1519354;147280360;55727708;450
Comunidad Valenciana;hombres;2020;22,81900000000000;48,1089875278948;18,2651711173656;12,78100000000000;2490131,000000000;real;41,6274429550803;568223;43726154;16601174;318
Comunidad Valenciana;mujeres;2020;39,09200000000000;116,7252769394756;44,3161925988406;4,81100000000000;2560974,000000000;real;41,6274429550803;1001136;109109596;41424805;123
Comunidad Valenciana;total;2020;31,06961642987029;82,4171322336852;31,2906818581031;8,73500000000000;5051106,000000000;real;41,6274429550803;1569359;151948650;57689181;441
Comunidad Valenciana;hombres;2021;23,58600000000000;52,0856135547396;19,0469536477015;11,95000000000000;2500844,000000000;real;41,1570990195345;589849;47544168;17386213;299
Comunidad Valenciana;mujeres;2021;40,08300000000000;124,9471726840993;45,6913693456690;4,03900000000000;2573583,000000000;real;41,1570990195345;1031569;117370101;42920544;104
Comunidad Valenciana;total;2021;31,95273751558550;88,5163931194194;32,3691614966853;7,93800000000000;5074428,000000000;real;41,1570990195345;1621419;163947073;59953067;403
Comunidad Valenciana;hombres;2022;24,20391293806849;56,4273577019377;19,3849474819115;12,90700000000000;2533272,000000000;real;40,5163589441243;613151;52175234;17924181;327
Comunidad Valenciana;mujeres;2022;40,69003260128722;133,2965956415803;45,7924597440595;4,46400000000000;2611959,000000000;real;40,5163589441243;1062807;127080314;43656930;117
Comunidad Valenciana;total;2022;32,57303545743082;94,8619766717590;32,5887036129855;8,62000000000000;5145230,000000000;real;40,5163589441243;1675958;178151641;61201877;444
Comunidad Valenciana;hombres;2023;24,66383024888168;58,6425209557203;19,4179833997203;12,73700000000000;2583403,000000000;real;39,9782009422220;637166;55296502;18310034;329
Comunidad Valenciana;mujeres;2023;41,09145449828961;136,7615551509289;45,2851201544674;5,15500000000000;2668858,000000000;real;39,9782009422220;1096673;133223967;44113738;138
Comunidad Valenciana;total;2023;33,01128221271713;97,7020380533246;32,3515517770938;8,88400000000000;5252261,000000000;real;39,9782009422220;1733839;187302160;62020360;467
Comunidad Valenciana;hombres;2024;25,12374755969487;61,2976795424947;19,6329866872432;11,57700000000000;2635852,000000000;proyeccion;39,4504557352270;662225;58973638;18888621;305
Comunidad Valenciana;mujeres;2024;41,49287639529201;141,5672577446799;46,1018671626079;4,69000000000000;2721048,000000000;proyeccion;39,4504557352270;1129041;140602126;45787569;128
Comunidad Valenciana;total;2024;33,44952896800346;102,6936914276034;32,4717604870188;8,07900000000000;5356900,000000000;proyeccion;39,4504557352270;1791858;200793740;63491010;433
Comunidad Valenciana;hombres;2025;25,58366487050805;63,9528381292691;19,7394106532930;12,58542857142857;2688300,999999999;proyeccion;38,9328240038487;687766;62752435;19368899;338
Comunidad Valenciana;mujeres;2025;41,89429829229440;146,3729603384309;46,9186141707484;4,46914285714286;2773238,000000000;proyeccion;38,9328240038487;1161829;148163375;47492517;124
Comunidad Valenciana;total;2025;33,88777572328978;107,0443579157704;32,9847583313947;8,46557142857143;5461539,000000002;proyeccion;38,9328240038487;1850794;213388831;65753854;462
Comunidad Valenciana;hombres;2026;26,04358218132124;66,6079967160435;19,9106235376532;12,58542857142857;2740749,999999999;proyeccion;38,4250177919615;713789;66632891;19918065;345
Comunidad Valenciana;mujeres;2026;42,29572018929679;151,1786629321819;47,7353611788890;4,46914285714286;2825428,000000000;proyeccion;38,4250177919615;1195035;155907716;49228582;126
Comunidad Valenciana;total;2026;34,32602247857611;111,3950244039375;33,4977561757706;8,46557142857143;5566178,000000003;proyeccion;38,4250177919615;1910648;226316255;68055883;471
Comunidad de Madrid;total;2010;NA;50,5284609970547;20,7226188314727;NA;6378945,000000000;real;NA;NA;117646170;48248783;NA
Comunidad de Madrid;total;2011;NA;53,4430053245338;21,6738184612771;NA;6401666,000000000;real;NA;NA;124875359;50643220;NA
Comunidad de Madrid;total;2012;NA;53,9480303160101;21,9912452849407;NA;6424799,000000000;real;NA;NA;126510917;51570606;NA
Comunidad de Madrid;hombres;2013;5,18300000000000;24,5972172563022;10,0122812261915;NA;3078860,000000000;real;54,9813254581777;159577;27641957;11251640;NA
Comunidad de Madrid;mujeres;2013;11,51300000000000;84,6784000586919;34,4682874626538;NA;3321253,000000000;real;54,9813254581777;382376;102652012;41784435;NA
Comunidad de Madrid;total;2013;8,46786879684780;54,6378086574971;22,2402843444226;NA;6400113,000000000;real;54,9813254581777;541953;127636175;51954222;NA
Comunidad de Madrid;hombres;2014;5,23800000000000;26,3922593316071;10,6014461750541;NA;3061450,000000000;real;54,5628036086051;160359;29491483;11846366;NA
Comunidad de Madrid;mujeres;2014;11,52800000000000;89,7780215293196;36,0627277485901;NA;3309388,000000000;real;54,5628036086051;381506;108445262;43561129;NA
Comunidad de Madrid;total;2014;8,50539598778057;58,0851404304634;23,3320869618221;NA;6370838,000000000;real;54,5628036086051;541865;135068622;54255405;NA
Comunidad de Madrid;hombres;2015;5,55400000000000;27,5051446476824;10,8676001374969;NA;3065270,000000000;real;54,1824781389210;170245;30773404;12158927;NA
Comunidad de Madrid;mujeres;2015;12,12200000000000;92,5587240664716;36,5710202682421;NA;3317515,000000000;real;54,1824781389210;402149;112078709;44283592;NA
Comunidad de Madrid;total;2015;8,96778230975977;60,0319343570770;23,7193102028695;NA;6382785,000000000;real;54,1824781389210;572394;139857389;55259269;NA
Comunidad de Madrid;hombres;2016;5,84700000000000;29,1192862310880;11,4858984480816;NA;3082802,000000000;real;53,6540900443881;180251;32765683;12924194;NA
Comunidad de Madrid;mujeres;2016;12,61600000000000;96,5413654163916;38,0800652327795;NA;3338376,000000000;real;53,6540900443881;421170;117636353;46400835;NA
Comunidad de Madrid;total;2016;9,36620895885459;62,8303258237398;24,7829818404305;NA;6421178,000000000;real;53,6540900443881;601421;147257318;58084617;NA
Comunidad de Madrid;hombres;2017;5,77200000000000;30,0427509568137;11,4163889121413;NA;3106028,000000000;real;53,3914728682171;179280;34059473;12942763;NA
Comunidad de Madrid;mujeres;2017;12,38400000000000;98,8725047081833;37,5720242160492;NA;3366791,000000000;real;53,3914728682171;416943;121502317;46171461;NA
Comunidad de Madrid;total;2017;9,21118501227981;64,4576278324985;24,4942065640952;NA;6472820,000000000;real;53,3914728682171;596223;152286257;57869505;NA
Comunidad de Madrid;hombres;2018;5,61500000000000;31,7619340364088;11,3210268830008;7,34400000000000;3139864,000000000;real;52,4917505711143;176303;36400776;12974467;231
Comunidad de Madrid;mujeres;2018;11,81900000000000;101,9493031412636;36,3381776513488;3,20900000000000;3407828,000000000;real;52,4917505711143;402771;126810377;45199505;109
Comunidad de Madrid;total;2018;8,84394921019498;66,8556185888362;23,8296022671748;5,19200000000000;6547691,000000000;real;52,4917505711143;579074;159778725;56950538;340
Comunidad de Madrid;hombres;2019;6,04500000000000;32,8132607235597;11,0757923027434;7,64200000000000;3182345,000000000;real;52,3114547175765;192373;38114437;12865152;243
Comunidad de Madrid;mujeres;2019;12,67600000000000;104,8015921902015;35,3747430916570;3,01700000000000;3457377,000000000;real;52,3114547175765;438257;132253594;44640895;104
Comunidad de Madrid;total;2019;9,49783535771528;68,8074264568806;23,2252676972002;5,23400000000000;6639722,000000000;real;52,3114547175765;630630;166754697;56286402;348
Comunidad de Madrid;hombres;2020;6,31000000000000;33,6074116544257;11,3268379096507;7,96700000000000;3221760,000000000;real;51,8577859159228;203293;39520380;13319709;257
Comunidad de Madrid;mujeres;2020;13,10700000000000;106,0098132440079;35,7289036059727;3,26800000000000;3502810,000000000;real;51,8577859159228;459113;135536265;45680320;114
Comunidad de Madrid;total;2020;9,85053858759742;69,8086124492168;23,5278707578117;5,52000000000000;6724570,000000000;real;51,8577859159228;662406;171343009;57748407;371
Comunidad de Madrid;hombres;2021;6,52300000000000;36,2818625278722;11,5706435675006;7,86500000000000;3220370,000000000;real;51,5018587360595;210065;42646973;13600540;253
Comunidad de Madrid;mujeres;2021;13,45000000000000;113,3397995907484;36,1451792081801;2,71600000000000;3502898,000000000;real;51,5018587360595;471140;144911481;46213700;95
Comunidad de Madrid;total;2021;10,13204465596195;74,8108310593103;23,8579113878403;5,18300000000000;6723268,000000000;real;51,5018587360595;681205;183585242;58547143;348
Comunidad de Madrid;hombres;2022;6,46944507036302;39,7345921804656;11,6066863642343;8,28600000000000;3256076,000000000;real;50,9815441099329;210650;47223281;13794172;270
Comunidad de Madrid;mujeres;2022;13,19797809394883;122,3863537325504;35,7497068696303;3,74800000000000;3544821,000000000;real;50,9815441099329;467845;158350767;46255104;133
Comunidad de Madrid;total;2022;9,97654790712124;81,0604729565080;23,6781966169323;5,92000000000000;6800898,000000000;real;50,9815441099329;678495;201218663;58777045;403
Comunidad de Madrid;hombres;2023;6,96206592450792;41,2962898522705;11,3281502897289;8,39800000000000;3312564,000000000;real;50,5331892242983;230623;49930760;13696706;278
Comunidad de Madrid;mujeres;2023;14,07421625800003;125,6693552123409;34,4728630041919;3,84100000000000;3607871,000000000;real;50,5331892242983;507780;165490570;45396380;139
Comunidad de Madrid;total;2023;10,66988500464472;83,4828225323057;22,9005066469604;6,02300000000000;6920435,000000000;real;50,5331892242983;738402;210874168;57845736;417
Comunidad de Madrid;hombres;2024;7,13997251695291;42,9661971118676;11,3281502897289;7,60000000000000;3373506,000000000;proyeccion;49,2691288376756;240867;52905554;13948688;256
Comunidad de Madrid;mujeres;2024;14,07421625800003;129,7684507277153;34,9529703447757;3,12500000000000;3668846,000000000;proyeccion;49,2691288376756;516361;173776668;46806529;115
Comunidad de Madrid;total;2024;10,89008662542472;87,3269411037555;21,9327520648376;5,26800000000000;7042352,000000000;proyeccion;49,2691288376756;766918;224470276;56377229;371
Comunidad de Madrid;hombres;2025;7,31787910939790;44,6361043714648;11,3281502897289;7,87171428571429;3434447,999999999;proyeccion;48,0050684510529;251329;55954638;14200669;270
Comunidad de Madrid;mujeres;2025;14,07421625800003;133,8675462430897;35,2455399244035;3,27485714285572;3729821,000000001;proyeccion;48,0050684510529;524943;182245225;47982738;122
Comunidad de Madrid;total;2025;11,11028824620472;89,9554039685193;20,9649974827148;5,47714285714271;7164268,999999999;proyeccion;48,0050684510529;795971;235229620;54822592;392
Comunidad de Madrid;hombres;2026;7,49578570184290;46,3060116310619;11,3281502897289;7,87171428571429;3495389,999999999;proyeccion;46,7410080644302;262007;59078013;14452651;275
Comunidad de Madrid;mujeres;2026;14,07421625800003;137,9666417584640;35,4238270524850;3,27485714285572;3790796,000000001;proyeccion;46,7410080644302;533525;190896239;49013843;124
Comunidad de Madrid;total;2026;11,33048986698473;92,5838668332830;19,9972429005919;5,47714285714271;7286185,999999999;proyeccion;46,7410080644302;825561;246222895;53181825;399
Extremadura;total;2010;NA;85,4735098171330;25,4094434215472;NA;1100023,000000000;real;NA;NA;34318332;10202105;NA
Extremadura;total;2011;NA;88,3915253979652;25,8326428803512;NA;1102907,000000000;real;NA;NA;35582986;10399216;NA
Extremadura;total;2012;NA;90,3709746136556;26,2851695977019;NA;1103145,000000000;real;NA;NA;36387685;10583669;NA
Extremadura;hombres;2013;1,33000000000000;35,3196559757816;10,0675775384239;NA;547120,000000000;real;62,8595364423345;7277;7053293;2010483;NA
Extremadura;mujeres;2013;3,58100000000000;154,8753636471868;44,1459490256302;NA;552632,000000000;real;62,8595364423345;19790;31240015;8904709;NA
Extremadura;total;2013;2,46114104998218;95,0975098114842;27,1067632820270;NA;1099751,000000000;real;62,8595364423345;27066;38173007;10880902;NA
Extremadura;hombres;2014;1,57700000000000;39,1616261755825;11,0842060483969;NA;544735,000000000;real;60,7125062282013;8590;7786439;2203854;NA
Extremadura;mujeres;2014;4,01400000000000;160,1976223580739;45,3419234104049;NA;550704,000000000;real;60,7125062282013;22105;32200837;9114042;NA
Extremadura;total;2014;2,80213955409658;99,6796242668282;28,2130647294009;NA;1095439,000000000;real;60,7125062282013;30696;39855426;11280577;NA
Extremadura;hombres;2015;1,83200000000000;41,1106480222499;11,4633780045811;NA;542006,000000000;real;60,0784484637176;9930;8133010;2267825;NA
Extremadura;mujeres;2015;4,58900000000000;164,8465176700044;45,9661434616009;NA;548301,000000000;real;60,0784484637176;25162;32990711;9199198;NA
Extremadura;total;2015;3,21845891203120;102,9785828461272;28,7147607330910;NA;1090306,000000000;real;60,0784484637176;35091;40981531;11427375;NA
Extremadura;hombres;2016;2,03500000000000;43,7750323493701;12,2659132540459;NA;538710,000000000;real;59,4379111022523;10963;8607447;2411836;NA
Extremadura;mujeres;2016;5,01700000000000;172,0670681880154;48,2137789283110;NA;545606,000000000;real;59,4379111022523;27373;34266501;9601590;NA
Extremadura;total;2016;3,53548241656491;107,9210502686928;30,2398460911784;NA;1084316,000000000;real;59,4379111022523;38336;42712490;11968185;NA
Extremadura;hombres;2017;2,32400000000000;44,7295764106759;12,2783893006826;NA;534739,000000000;real;59,0989088349173;12427;8730307;2396493;NA
Extremadura;mujeres;2017;5,68200000000000;173,9911233874827;47,7610323916397;NA;542360,000000000;real;59,0989088349173;30817;34443526;9454841;NA
Extremadura;total;2017;4,01487974271631;109,3603498990793;30,0197108461611;NA;1077100,000000000;real;59,0989088349173;43244;42994092;11801994;NA
Extremadura;hombres;2018;2,59500000000000;49,3377926542941;13,5124952811480;10,94600000000000;531419,000000000;real;56,2468386444107;13790;9569950;2620991;58
Extremadura;mujeres;2018;5,93100000000000;176,1901057908839;48,2544484664349;2,23400000000000;539659,000000000;real;56,2468386444107;32007;34705140;9504946;12
Extremadura;total;2018;4,27583223070589;112,7639492225890;30,8834718737914;6,56000000000000;1071078,000000000;real;56,2468386444107;45797;44084330;12073692;70
Extremadura;hombres;2019;2,69800000000000;50,4708533961222;13,7693750324584;12,89100000000000;528946,000000000;real;56,7974379503603;14271;9744170;2658388;68
Extremadura;mujeres;2019;6,24500000000000;183,1766480559037;49,9739511926735;2,05500000000000;537820,000000000;real;56,7974379503603;33587;35958364;9810102;11
Extremadura;total;2019;4,48625303768587;116,8237507260129;31,8716631125660;7,43300000000000;1066766,000000000;real;56,7974379503603;47858;45487616;12409856;79
Extremadura;hombres;2020;2,88300000000000;53,1252673543345;14,6217005160102;15,03300000000000;527050,000000000;real;56,8993870533712;15195;10219880;2812824;79
Extremadura;mujeres;2020;6,68900000000000;193,3921889988696;53,2274529710464;2,43600000000000;536664,000000000;real;56,8993870533712;35897;37882118;10426319;13
Extremadura;total;2020;4,80319958748310;123,2587281766021;33,9245767435283;8,68500000000000;1063715,000000000;real;56,8993870533712;51092;47855938;13171420;92
Extremadura;hombres;2021;3,01500000000000;56,9246130487795;15,3778971247494;12,01900000000000;524579,000000000;real;56,1007571345370;15816;10899432;2944426;63
Extremadura;mujeres;2021;6,86800000000000;202,4175046421113;54,6820680180557;3,36800000000000;534666,000000000;real;56,1007571345370;36721;39502402;10671375;18
Extremadura;total;2021;4,95984571369230;129,6710588454454;35,0299825714025;7,65100000000000;1059245,000000000;real;56,1007571345370;52537;50133999;13543447;81
Extremadura;hombres;2022;3,29545820450003;56,2632857936609;14,7381891658344;14,16400000000000;522425,000000000;real;58,7183069070634;17216;10728572;2810353;74
Extremadura;mujeres;2022;7,98285621929565;216,3189732091205;56,6648375106860;3,93900000000000;533031,000000000;real;58,7183069070634;42551;42086222;11024502;21
Extremadura;total;2022;5,66270842736534;136,2911295013907;35,7015133382602;9,00000000000000;1055456,000000000;real;58,7183069070634;59767;52504991;13753702;95
Extremadura;hombres;2023;3,74608335665769;59,9048887037255;15,3559636616743;12,46000000000000;521422,000000000;real;57,5555224048608;19533;11401040;2922532;65
Extremadura;mujeres;2023;8,82584394697957;222,3692355068927;57,0019237796495;3,37800000000000;532655,000000000;real;57,5555224048608;47011;43232821;11082261;18
Extremadura;total;2023;6,31303043665080;141,1370621053091;36,1789437206619;7,87100000000000;1054077,000000000;real;57,5555224048608;66544;54300806;13919418;83
Extremadura;hombres;2024;3,98769169232339;61,3663335469518;15,8848022739994;16,12100000000000;521143,000000000;proyeccion;57,3523886369962;20782;11672932;3021563;84
Extremadura;mujeres;2024;9,35032834167743;229,1186226929260;58,2875212550513;2,62700000000000;532442,000000000;proyeccion;57,3523886369962;49785;44527218;11327674;14
Extremadura;total;2024;6,69821937531765;147,8267023127541;36,7682894365527;9,29800000000000;1053585,000000000;proyeccion;57,3523886369962;70571;56848019;14139559;98
Extremadura;hombres;2025;4,22930002798909;64,3142550582535;16,4136408863245;13,37628571428609;520864,000000000;proyeccion;57,1708330993472;22029;12227128;3120485;70
Extremadura;mujeres;2025;9,87481273637528;235,8680098789592;59,5731187304532;2,86242857142864;532229,000000000;proyeccion;57,1708330993472;52557;45820565;11572888;15
Extremadura;total;2025;7,08340831398450;153,9188842307935;37,5796355804817;8,07114285714298;1052995,216309249;proyeccion;57,1708330993472;74588;59157685;14443479;85
Extremadura;hombres;2026;4,47090836365479;66,2486661648088;16,9424794986496;13,37628571428609;520585,000000000;proyeccion;57,0075909236625;23275;12588143;3219300;70
Extremadura;mujeres;2026;10,39929713107314;242,6173970649925;60,8587162058550;2,86242857142864;532016,000000000;proyeccion;57,0075909236625;55326;47112863;11817901;15
Extremadura;total;2026;7,46859725265134;160,0110661488328;38,3909817244107;8,07114285714298;1052321,208526140;proyeccion;57,0075909236625;78594;61459809;14745870;85
Galicia;total;2010;NA;92,0659163704387;28,8257668662571;NA;2772104,000000000;real;NA;NA;93153948;29166429;NA
Galicia;total;2011;NA;95,9314535165191;29,4185253946955;NA;2772533,000000000;real;NA;NA;97080189;29770799;NA
Galicia;total;2012;NA;92,6146179022072;28,8506300788329;NA;2768249,000000000;real;NA;NA;93578818;29150991;NA
Galicia;hombres;2013;4,53000000000000;42,3173002344777;13,3155469223231;NA;1332823,000000000;real;57,4847489441577;60377;20586537;6477753;NA
Galicia;mujeres;2013;10,65500000000000;156,7515006478006;49,3233724848966;NA;1423580,000000000;real;57,4847489441577;151682;81449130;25628755;NA
Galicia;total;2013;7,69333551371116;99,5344004411392;31,3194597036099;NA;2756403,000000000;real;57,4847489441577;212059;100140276;31510104;NA
Galicia;hombres;2014;5,10800000000000;44,2804275217282;13,9123257072333;NA;1325054,000000000;real;56,8690365616820;67684;21415995;6728623;NA
Galicia;mujeres;2014;11,84300000000000;161,0496833395979;50,5996842186726;NA;1416630,000000000;real;56,8690365616820;167771;83273952;26163576;NA
Galicia;total;2014;8,58797911137826;102,6650554306630;32,2560049629529;NA;2741684,000000000;real;56,8690365616820;235455;102738426;32279057;NA
Galicia;hombres;2015;5,69000000000000;46,5998355996373;14,5255644760839;NA;1317981,000000000;real;55,8709477276252;74993;22417460;6987713;NA
Galicia;mujeres;2015;12,89400000000000;164,5981539334818;51,3066423269480;NA;1410098,000000000;real;55,8709477276252;181818;84716328;26406799;NA
Galicia;total;2015;9,41362603575630;105,5989947665596;32,9161034015159;NA;2728079,000000000;real;55,8709477276252;256811;105150076;32776172;NA
Galicia;hombres;2016;6,17100000000000;49,3696201864931;15,7500340743303;NA;1311244,000000000;real;55,6298533218292;80917;23628501;7538030;NA
Galicia;mujeres;2016;13,90800000000000;173,1656828612288;55,2437996335892;NA;1404331,000000000;real;55,6298533218292;195314;88761407;28316912;NA
Galicia;total;2016;10,17210803310533;111,2676515238610;35,4969168539598;NA;2715575,000000000;real;55,6298533218292;276231;110286813;35184007;NA
Galicia;hombres;2017;6,61400000000000;51,6929436284370;16,4563056803081;NA;1305818,000000000;real;54,7575073534441;86367;24638075;7843463;NA
Galicia;mujeres;2017;14,61900000000000;176,8220678333473;56,2908164063035;NA;1400027,000000000;real;54,7575073534441;204670;90357819;28765162;NA
Galicia;total;2017;10,75585444288198;114,2575057308921;36,3735610433058;NA;2705844,000000000;real;54,7575073534441;291037;112844490;35923731;NA
Galicia;hombres;2018;7,03000000000000;54,4445861808419;17,1828658924270;14,73300000000000;1302550,000000000;real;54,1840458811262;91569;25884630;8169263;192
Galicia;mujeres;2018;15,34400000000000;183,2219089425827;57,8253543788105;5,87500000000000;1398452,000000000;real;54,1840458811262;214578;93522871;29516084;82
Galicia;total;2018;11,33459878519157;118,8332475617123;37,5041101356187;10,15200000000000;2701001,000000000;real;54,1840458811262;306148;117153583;36974003;274
Galicia;hombres;2019;7,44000000000000;57,1226357769579;17,9038322914942;16,88800000000000;1300914,000000000;real;54,1391851075633;96788;27123747;8501341;220
Galicia;mujeres;2019;16,22300000000000;191,9904072901356;60,1751653603633;5,15700000000000;1398534,000000000;real;54,1391851075633;226884;98004366;30717310;72
Galicia;total;2019;11,99030958996061;124,5565215335467;39,0394988259288;10,81900000000000;2699448,000000000;real;54,1391851075633;323672;122725356;38465560;292
Galicia;hombres;2020;7,84500000000000;60,9049937981368;19,1954437260606;16,81700000000000;1300874,000000000;real;53,4034212401996;102054;28918849;9114362;219
Galicia;mujeres;2020;16,83600000000000;200,5090216474798;63,1944837620097;6,15900000000000;1399844,000000000;real;53,4034212401996;235678;102448693;32288783;86
Galicia;total;2020;12,50524124103294;130,7070077228083;41,1949637440351;11,30200000000000;2700718,000000000;real;53,4034212401996;337731;128846010;40608433;305
Galicia;hombres;2021;8,22200000000000;64,7897059738133;19,7015247779084;17,59000000000000;1297422,000000000;real;53,6919177696424;106674;30681750;9329835;228
Galicia;mujeres;2021;17,75500000000000;215,0305882526658;65,3874006494241;7,81200000000000;1396494,000000000;real;53,6919177696424;247948;109605458;33329286;109
Galicia;total;2021;13,16379376862530;139,9101471132395;42,5444627136662;12,52100000000000;2693916,000000000;real;53,6919177696424;354622;137570757;41833091;337
Galicia;hombres;2022;9,45281584473856;70,9632941336146;20,6817138980682;18,18400000000000;1296992,000000000;real;52,3293541871607;122602;33594171;9790766;236
Galicia;mujeres;2022;19,82942685914402;226,7599396242209;66,0874646830954;6,57900000000000;1397356,000000000;real;52,3293541871607;277088;115655492;33706916;92
Galicia;total;2022;14,83438484051993;148,8616168789177;43,3845892905818;12,16600000000000;2694347,000000000;real;52,3293541871607;399690;146395971;42665995;328
Galicia;hombres;2023;9,93121632753163;74,9653093211594;20,9530036672917;18,61000000000000;1299283,000000000;real;51,7605385483134;129035;35551420;9936717;242
Galicia;mujeres;2023;20,58732835870912;235,8396087488304;65,9177989359953;4,63500000000000;1400883,000000000;real;51,7605385483134;288404;120590050;33705240;65
Galicia;total;2023;15,45975279179791;155,4024590349949;43,4354013016435;11,35900000000000;2700166,000000000;real;51,7605385483134;417439;153158539;42808220;307
Galicia;hombres;2024;10,47133796028000;78,9673245087042;21,7167493417870;15,48700000000000;1302692,000000000;proyeccion;51,4779163254118;136409;37547587;10325936;202
Galicia;mujeres;2024;21,58056119458036;244,9192778734400;67,5772415811067;6,40100000000000;1404488,000000000;proyeccion;51,4779163254118;303096;125554958;34642670;90
Galicia;total;2024;16,23639451960646;163,3159711802522;44,5657438821071;10,77400000000000;2707179,000000000;proyeccion;51,4779163254118;439548;161375832;44036318;292
Galicia;hombres;2025;11,01145959302837;82,9693396962490;22,4804950162823;16,90128571428601;1306101,000000000;proyeccion;51,2201645050268;143821;39553713;10717056;221
Galicia;mujeres;2025;22,57379403045160;253,9989469980496;69,2366842262181;6,08828571428543;1408093,000000000;proyeccion;51,2201645050268;317860;130543761;35584467;86
Galicia;total;2025;17,01303624741502;171,2489654677447;45,6900279546677;11,29899999999982;2714191,999999999;proyeccion;51,2201645050268;461766;169652939;45264201;307
Galicia;hombres;2026;11,55158122577675;86,9713548837938;23,2442406907776;16,90128571428601;1309510,000000000;proyeccion;50,9841385962694;151269;41569799;11110076;221
Galicia;mujeres;2026;23,56702686632284;263,0786161226592;70,8961268713296;6,08828571428543;1411698,000000000;proyeccion;50,9841385962694;332695;135556458;36530631;86
Galicia;total;2026;17,78967797522358;178,4130611145338;46,8143120272282;11,29899999999982;2721204,999999999;proyeccion;50,9841385962694;484094;177206958;46497839;307
Islas Baleares;total;2010;NA;67,1301477998132;22,5367464398175;NA;1085662,000000000;real;NA;NA;26601437;8930561;NA
Islas Baleares;total;2011;NA;70,3122984929284;22,8005055839768;NA;1093556,000000000;real;NA;NA;28065009;9100775;NA
Islas Baleares;total;2012;NA;69,0459030389818;22,6636346358763;NA;1101048,000000000;real;NA;NA;27748342;9108119;NA
Islas Baleares;hombres;2013;12,92000000000000;37,3159755255787;12,0115024373112;NA;554014,000000000;real;47,4454930035796;71579;7545854;2428907;NA
Islas Baleares;mujeres;2013;24,58400000000000;104,6926842764068;33,6991439897568;NA;551439,000000000;real;47,4454930035796;135566;21072045;6782803;NA
Islas Baleares;total;2013;18,73841516192909;71,0043299009927;22,8553232135340;NA;1105454,000000000;real;47,4454930035796;207145;28649587;9221911;NA
Islas Baleares;hombres;2014;13,25600000000000;38,9171410532162;12,4445645318825;NA;554134,000000000;real;46,7587758052856;73456;7871339;2517024;NA
Islas Baleares;mujeres;2014;24,89800000000000;107,2746178398098;34,3032881710160;NA;553454,000000000;real;46,7587758052856;137799;21670622;6929632;NA
Islas Baleares;total;2014;19,07342621624647;73,0958794465130;23,3739263514493;NA;1107587,000000000;real;46,7587758052856;211255;29550417;9449360;NA
Islas Baleares;hombres;2015;14,68500000000000;39,8876330297325;12,5335455162385;NA;555876,000000000;real;45,9414688017670;81630;8092991;2542990;NA
Islas Baleares;mujeres;2015;27,16500000000000;107,6843862079501;33,8367321750952;NA;556398,000000000;real;45,9414688017670;151146;21869113;6871742;NA
Islas Baleares;total;2015;20,92792848704546;73,7860096188413;23,1851388456669;NA;1112274,000000000;real;45,9414688017670;232776;29955645;9412703;NA
Islas Baleares;hombres;2016;15,84700000000000;42,0136562475035;13,3228473566163;NA;559482,000000000;real;44,6605671183126;88661;8579648;2720671;NA
Islas Baleares;mujeres;2016;28,63600000000000;109,8261948667150;34,8267149459096;NA;560692,000000000;real;44,6605671183126;160560;22476214;7127377;NA
Islas Baleares;total;2016;22,24840727065617;75,9199255571092;24,0747811512630;NA;1120174,000000000;real;44,6605671183126;249221;31040887;9843300;NA
Islas Baleares;hombres;2017;15,21500000000000;43,4048450608084;13,4372075110279;NA;564967,000000000;real;43,3881529989582;85960;8950641;2770926;NA
Islas Baleares;mujeres;2017;26,87600000000000;109,9370696094888;34,0341548374948;NA;566152,000000000;real;43,3881529989582;152159;22717999;7033004;NA
Islas Baleares;total;2017;21,05160823662231;76,6709573351486;23,7356811742614;NA;1131119,000000000;real;43,3881529989582;238119;31654251;9799476;NA
Islas Baleares;hombres;2018;16,14100000000000;44,4774823170313;13,3194576854266;9,18300000000000;571872,000000000;real;43,4066126713650;92306;9283931;2780214;53
Islas Baleares;mujeres;2018;28,52100000000000;112,7051300569293;33,7512631678107;2,89300000000000;572768,000000000;real;43,4066126713650;163359;23562171;7056050;17
Islas Baleares;total;2018;22,33584540117417;78,5913061869803;23,5353604266186;6,03900000000000;1144641,000000000;real;43,4066126713650;255665;32834973;9832932;69
Islas Baleares;hombres;2019;17,05900000000000;46,4959083155390;13,5608257475169;11,84400000000000;580826,000000000;real;43,0398343851214;99083;9857202;2874915;69
Islas Baleares;mujeres;2019;29,94900000000000;116,7617220428734;34,0542947533782;4,34300000000000;581180,000000000;real;43,0398343851214;174058;24768746;7223961;25
Islas Baleares;total;2019;23,50596344080840;81,6288151792062;23,8075602504476;8,09600000000000;1162006,000000000;real;43,0398343851214;273141;34621408;10097553;94
Islas Baleares;hombres;2020;17,63900000000000;47,9244795989489;13,9971845310486;11,67900000000000;588732,000000000;real;43,3467159145656;103846;10298356;3007816;69
Islas Baleares;mujeres;2020;31,13500000000000;121,2606978275802;35,4163128751762;2,63500000000000;589422,000000000;real;43,3467159145656;183517;26087909;7619431;16
Islas Baleares;total;2020;24,39095204701593;84,5925887132645;24,7067487031124;7,16000000000000;1178154,000000000;real;43,3467159145656;287363;36377030;10624550;84
Islas Baleares;hombres;2021;17,45800000000000;52,1687838820053;14,6992323678915;11,36600000000000;590730,000000000;real;42,1288162561740;103130;11248448;3169396;67
Islas Baleares;mujeres;2021;30,16700000000000;128,1239991823151;36,1006006991475;3,71700000000000;592494,000000000;real;42,1288162561740;178738;27708136;7807127;22
Islas Baleares;total;2021;23,82197355530314;90,1463915321602;25,3999165335195;7,53300000000000;1183224,000000000;real;42,1288162561740;281867;38932132;10969634;89
Islas Baleares;hombres;2022;17,52394444656852;56,4757305345577;14,9472828493690;12,55500000000000;595782,000000000;real;41,3309129828102;104405;12281237;3250443;75
Islas Baleares;mujeres;2022;29,86912757213024;136,0472262928105;36,0072610486449;5,65600000000000;599716,000000000;real;41,3309129828102;179130;29780240;7881858;34
Islas Baleares;total;2022;23,71684802593827;96,2614784136841;25,4772719490070;9,09500000000000;1195498,000000000;real;41,3309129828102;283534;42004348;11117180;109
Islas Baleares;hombres;2023;17,74030697281894;57,2484179101867;14,5809772131330;8,71300000000000;607282,000000000;real;41,4510818768915;107734;12689566;3231989;53
Islas Baleares;mujeres;2023;30,29997400723458;138,3091423159910;35,2268678523356;5,55000000000000;611705,000000000;real;41,4510818768915;185346;30880604;7865185;34
Islas Baleares;total;2023;24,04292637998835;97,7787801130888;24,9039225327343;7,12600000000000;1218987,000000000;real;41,4510818768915;293080;43504738;11080509;87
Islas Baleares;hombres;2024;18,22233767010101;59,2416621486472;14,8379246907133;12,45400000000000;617880,000000000;proyeccion;39,8602201251059;112592;13360547;3346341;77
Islas Baleares;mujeres;2024;30,29997400723458;140,5710583391714;35,2268678523356;3,37300000000000;621130,000000000;proyeccion;39,8602201251059;188202;31869209;7986370;21
Islas Baleares;total;2024;24,04292637998835;100,0500054626903;24,6038916819686;7,89800000000000;1239010,000000000;proyeccion;39,8602201251059;297894;45246479;11126831;98
Islas Baleares;hombres;2025;18,70436836738308;61,2349063871077;15,0948721682937;11,11342857142857;628478,000000000;proyeccion;38,2693583733203;117553;14046949;3462680;70
Islas Baleares;mujeres;2025;30,29997400723458;142,8329743623518;35,2268678523356;4,02385714286020;630555,000000000;proyeccion;38,2693583733203;191058;32873377;8107554;25
Islas Baleares;total;2025;24,04292637998835;102,4014238671779;24,6038916819686;7,56385714285500;1259033,000000000;proyeccion;38,2693583733203;302708;47058272;11306646;95
Islas Baleares;hombres;2026;19,18639906466515;63,2281506255682;15,3518196458741;11,11342857142857;639076,000000000;proyeccion;36,6784966215347;122616;14748772;3581008;71
Islas Baleares;mujeres;2026;30,29997400723458;145,0948903855322;35,2268678523356;4,02385714286020;639980,000000001;proyeccion;36,6784966215347;193914;33893107;8228739;26
Islas Baleares;total;2026;24,04292637998835;104,7528422716655;24,6038916819686;7,56385714285500;1279056,000000001;proyeccion;36,6784966215347;307522;48904434;11486461;97
La Rioja;total;2010;NA;61,7739967399287;34,3977999935844;NA;319914,000000000;real;NA;NA;7213264;4016583;NA
La Rioja;total;2011;NA;65,2554637346099;35,6489311140722;NA;320950,000000000;real;NA;NA;7644465;4176156;NA
La Rioja;total;2012;NA;64,1497621791764;36,1670036692767;NA;320506,000000000;real;NA;NA;7504540;4230986;NA
La Rioja;total;2013;NA;65,4197045929655;36,8699154937702;NA;318022,000000000;real;NA;NA;7593790;4279787;NA
La Rioja;total;2014;NA;67,9827781300465;38,3370036070543;NA;315242,000000000;real;NA;NA;7822325;4411183;NA
La Rioja;total;2015;NA;69,8467036127964;39,4541917087541;NA;314160,000000000;real;NA;NA;8009210;4524149;NA
La Rioja;hombres;2016;5,62300000000000;34,4179415021907;20,0352959482221;NA;155186,000000000;real;53,0085241517633;8726;1949532;1134857;NA
La Rioja;mujeres;2016;11,96600000000000;112,0679514429327;65,2367479132132;NA;158832,000000000;real;53,0085241517633;19006;6496992;3782014;NA
La Rioja;total;2016;8,83132365023661;73,2429464725617;42,6360219307176;NA;314018,000000000;real;53,0085241517633;27732;8394855;4886795;NA
La Rioja;hombres;2017;5,78400000000000;35,9126945792654;20,9667642094441;NA;155196,000000000;real;52,3676192044799;8977;2034330;1187695;NA
La Rioja;mujeres;2017;12,14300000000000;114,8784016434247;67,0689957474300;NA;158950,000000000;real;52,3676192044799;19301;6664872;3891125;NA
La Rioja;total;2017;9,00149457258727;75,3955481113450;44,0178799784370;NA;314146,000000000;real;52,3676192044799;28278;8645102;5047235;NA
La Rioja;hombres;2018;6,15400000000000;37,5723034568628;22,3072821480891;10,37200000000000;155572,000000000;real;51,5471222738367;9574;2133497;1266692;16
La Rioja;mujeres;2018;12,70100000000000;117,5157128595541;69,7709728284723;3,15600000000000;159314,000000000;real;51,5471222738367;20234;6833493;4057155;5
La Rioja;total;2018;9,46640118010963;77,5440081582085;46,0391274882807;6,71600000000000;314886,000000000;real;51,5471222738367;29808;8912396;5291433;21
La Rioja;hombres;2019;6,24100000000000;38,6147453061538;22,7082321449609;12,90900000000000;156233,000000000;real;51,5525539512498;9751;2202008;1294938;20
La Rioja;mujeres;2019;12,88200000000000;120,7940510514404;71,0355417667154;5,64200000000000;160272,000000000;real;51,5525539512498;20646;7066365;4155528;9
La Rioja;total;2019;9,60387373659184;79,7043981787971;46,8718869558381;9,22300000000000;316506,000000000;real;51,5525539512498;30397;9207826;5414860;29
La Rioja;hombres;2020;6,58500000000000;40,7041103216267;23,7659447473872;13,48300000000000;157460,000000000;real;50,4551952449026;10369;2339383;1365898;21
La Rioja;mujeres;2020;13,29100000000000;123,6082147458722;72,1712372230071;4,98800000000000;161452,000000000;real;50,4551952449026;21459;7284230;4253050;8
La Rioja;total;2020;9,97997137768413;82,1561625337494;47,9685909851971;9,17400000000000;318913,000000000;real;50,4551952449026;31827;9563244;5583700;29
La Rioja;hombres;2021;6,92800000000000;42,5105908167552;24,0435056895787;11,41200000000000;157778,000000000;real;50,6412083214591;10931;2448141;1384641;18
La Rioja;mujeres;2021;14,03600000000000;129,7407523425911;73,3798909209660;3,70900000000000;161660,000000000;real;50,6412083214591;22691;7655470;4329847;6
La Rioja;total;2021;10,52519031549158;86,1256715796732;48,7116983052724;7,51100000000000;319438,000000000;real;50,6412083214591;33621;10041811;5679534;24
La Rioja;hombres;2022;7,14845364635793;44,9168986921785;23,9389595941820;13,87900000000000;158341,000000000;real;50,7529829842503;11319;2595948;1383539;22
La Rioja;mujeres;2022;14,51550587129324;137,4977993506027;73,2809779566592;4,92500000000000;162268,000000000;real;50,7529829842503;23554;8143695;4340273;8
La Rioja;total;2022;10,87709766582027;91,2073490213906;48,6099687754206;9,34700000000000;320609,000000000;real;50,7529829842503;34873;10673292;5688450;30
La Rioja;hombres;2023;7,44110249162056;47,0243864684619;24,1346954614343;11,28100000000000;159583,000000000;real;50,2520643555357;11875;2739067;1405793;18
La Rioja;mujeres;2023;14,95761059272933;142,0262177798553;72,8932320245171;7,33200000000000;163647,000000000;real;50,2520643555357;24478;8483390;4353997;12
La Rioja;total;2023;11,24660940998256;94,5253021241586;48,5139637429757;9,28100000000000;323230,000000000;real;50,2520643555357;36352;11151996;5723627;30
La Rioja;hombres;2024;7,70083141899404;48,8253071779294;24,3304313286866;6,22800000000000;160429,000000000;proyeccion;49,9457935609004;12354;2859043;1424707;10
La Rioja;mujeres;2024;15,38498353452782;146,3059701137004;72,5054860923751;4,24500000000000;164608,000000000;proyeccion;49,9457935609004;25325;8790344;4356269;7
La Rioja;total;2024;11,59165023280318;98,3212365783139;48,1207309801063;5,22300000000000;325037,000000000;proyeccion;49,9457935609004;37677;11664685;5708972;17
La Rioja;hombres;2025;7,96056034636751;50,6262278873969;24,5261671959389;11,36628571429444;161084,374999995;proyeccion;49,6560784075051;12823;2976609;1442036;18
La Rioja;mujeres;2025;15,81235647632630;150,5857224475455;72,1177401602330;4,85671428571782;165329,999999848;proyeccion;49,6560784075051;26143;9087163;4351977;8
La Rioja;total;2025;11,93669105562380;101,8482992270847;47,8965507450518;8,06785714285714;326844,000000000;proyeccion;49,6560784075051;39014;12150305;5713966;26
La Rioja;hombres;2026;8,22028927374098;52,4271485968644;24,7219030631911;11,36628571429444;161739,749999989;proyeccion;49,3816118354379;13295;3095037;1459458;18
La Rioja;mujeres;2026;16,23972941812478;154,8654747813906;71,7299942280909;4,85671428571782;166051,999999697;proyeccion;49,3816118354379;26966;9386238;4347482;8
La Rioja;total;2026;12,28173187844443;105,5266063700620;47,5762194640643;8,06785714285714;328651,000000000;proyeccion;49,3816118354379;40364;12658720;5707130;27
País Vasco;total;2010;NA;56,0440955568591;37,3175181917387;NA;2180310,000000000;real;NA;NA;44600628;29697772;NA
País Vasco;total;2011;NA;58,7842200328302;38,6642783484772;NA;2183575,000000000;real;NA;NA;46851310;30815618;NA
País Vasco;total;2012;NA;58,8892539890603;39,2826220807094;NA;2182682,000000000;real;NA;NA;46915828;31295637;NA
País Vasco;hombres;2013;8,59200000000000;30,0869742851321;20,1418084649535;NA;1060344,000000000;real;49,7778816927753;91105;11644428;7795395;NA
País Vasco;mujeres;2013;17,10800000000000;89,7286579471862;60,0690991743447;NA;1116682,000000000;real;49,7778816927753;191042;36572408;24483500;NA
País Vasco;total;2013;12,96019032570121;59,9078161161591;40,1054538196491;NA;2177027,000000000;real;49,7778816927753;282147;47603641;31868389;NA
País Vasco;hombres;2014;7,28400000000000;29,8204472902260;20,3665882061892;NA;1056690,000000000;real;50,5297473512632;76969;11501503;7855227;NA
País Vasco;mujeres;2014;14,72400000000000;90,7386592175410;61,9721390722100;NA;1115268,000000000;real;50,5297473512632;164212;36937242;25227173;NA
País Vasco;total;2014;11,10432890138759;60,2795532538835;41,1693636391996;NA;2171958,000000000;real;50,5297473512632;241181;47787500;32637617;NA
País Vasco;hombres;2015;7,92900000000000;31,3018796834547;21,1717898611558;NA;1056232,000000000;real;48,9538402111633;83749;12067647;8162248;NA
País Vasco;mujeres;2015;15,53300000000000;91,3395876196356;61,7797581053805;NA;1116055,000000000;real;48,9538402111633;173357;37208101;25166607;NA
País Vasco;total;2015;11,83570395762623;61,3207336515451;41,4757739832681;NA;2172286,000000000;real;48,9538402111633;257105;48620252;32885494;NA
País Vasco;hombres;2016;8,65100000000000;33,0363653391315;22,3557146870937;NA;1057544,000000000;real;48,0358000961076;91488;12752155;8629385;NA
País Vasco;mujeres;2016;16,64800000000000;94,1141167244129;63,6870406269131;NA;1118044,000000000;real;48,0358000961076;186132;38406659;25989793;NA
País Vasco;total;2016;12,76069258333839;63,5752410317722;43,0213776570034;NA;2175588,000000000;real;48,0358000961076;277620;50484439;34162829;NA
País Vasco;hombres;2017;9,21700000000000;34,0937861381375;22,7775535353189;NA;1059618,000000000;real;47,0561203974955;97665;13186132;8809460;NA
País Vasco;mujeres;2017;17,40900000000000;94,6983854749331;63,2665887010633;NA;1121340,000000000;real;47,0561203974955;195214;38759017;25894325;NA
País Vasco;total;2017;13,42891846885635;64,3960858065353;43,0220711181911;NA;2180958,000000000;real;47,0561203974955;292879;51262483;34247706;NA
País Vasco;hombres;2018;9,86500000000000;35,2011846664338;23,0189200949683;10,93700000000000;1063404,000000000;real;46,4179023409918;104905;13663074;8934620;116
País Vasco;mujeres;2018;18,41100000000000;96,1904039587488;62,9012700456220;4,28300000000000;1125315,000000000;real;46,4179023409918;207182;39509244;25836066;48
País Vasco;total;2018;14,25886782405599;65,6957943125913;42,9600950702951;7,50400000000000;2188719,000000000;real;46,4179023409918;312087;52483216;34320065;164
País Vasco;hombres;2019;11,54500000000000;37,5322333501759;23,6738025872116;10,51400000000000;1069268,000000000;real;44,1947022428461;123447;14648186;9239478;112
País Vasco;mujeres;2019;20,68800000000000;96,9791297591250;61,1704811588662;2,30900000000000;1130888,000000000;real;44,1947022428461;233958;40030475;25249592;26
País Vasco;total;2019;16,24453448028231;67,2556815546505;42,4221418730389;6,27900000000000;2200156,000000000;real;44,1947022428461;357405;54010142;34067395;138
País Vasco;hombres;2020;11,78900000000000;38,6878658277190;24,1111811912182;12,74500000000000;1075840,000000000;real;44,5275738754000;126831;15192013;9468017;137
País Vasco;mujeres;2020;21,25200000000000;100,7971667570098;62,8191475348432;3,89300000000000;1137088,000000000;real;44,5275738754000;241654;41834566;26072278;44
País Vasco;total;2020;16,65145541834167;69,7425162923644;43,4651643630307;8,17600000000000;2212928,000000000;real;44,5275738754000;368485;56332336;35107627;181
País Vasco;hombres;2021;12,64500000000000;40,7308751231600;24,2682953130685;9,88500000000000;1073207,000000000;real;44,4126956215931;135707;15955121;9506390;106
País Vasco;mujeres;2021;22,74800000000000;105,8165265852849;63,0476685907167;3,61900000000000;1134017,000000000;real;44,4126956215931;257966;43799175;26096452;41
País Vasco;total;2021;17,83567106510259;73,2737008542224;43,6579819518926;6,66500000000000;2207224,000000000;real;44,4126956215931;393673;59031987;35172475;147
País Vasco;hombres;2022;13,22258699307874;42,6423171142745;24,0186208895169;11,53500000000000;1073817,000000000;real;44,9230349909904;141986;16713366;9413935;124
País Vasco;mujeres;2022;24,00747207279080;112,2039679244852;63,1997684519723;4,40100000000000;1134956,000000000;real;44,9230349909904;272474;46481497;26181069;50
País Vasco;total;2022;18,76429274126096;77,4231425193798;43,6091946707446;7,87000000000000;2208773,000000000;real;44,9230349909904;414461;62418704;35157826;174
País Vasco;hombres;2023;14,08861169777320;45,2288932380345;24,2772552738085;9,62500000000000;1079229,000000000;real;44,1160198928183;152048;17816502;9563262;104
País Vasco;mujeres;2023;25,21046580925730;116,6382219935169;62,6072337237408;3,24100000000000;1140308,000000000;real;44,1160198928183;287477;48546277;26057908;37
País Vasco;total;2023;19,80256880601614;80,9335576157757;43,4422444987747;6,34600000000000;2219537,000000000;real;44,1160198928183;439525;65566784;35193909;141
País Vasco;hombres;2024;14,59767522740114;47,5004080439832;24,6907999546930;10,75800000000000;1086661,000000000;proyeccion;43,9146767224803;158627;18840147;9793143;117
País Vasco;mujeres;2024;26,02762072916895;121,0724760625485;62,4147010179181;4,61900000000000;1146222,000000000;proyeccion;43,9146767224803;298334;50653217;26112503;53
País Vasco;total;2024;20,47563499360490;84,2565917233828;43,3356948563055;7,60600000000000;2232883,000000000;proyeccion;43,9146767224803;457197;68669316;35318691;170
País Vasco;hombres;2025;15,19989138938105;49,9189508687821;25,1043446355776;10,85699999999988;1091071,986831645;proyeccion;43,3298227925175;165842;19879787;9997586;118
País Vasco;mujeres;2025;26,82167612381159;125,5067301315801;62,3619643708220;3,76642857142857;1148907,454545454;proyeccion;43,3298227925175;308156;52631401;26151566;43
País Vasco;total;2025;21,17960444241437;87,6455958915716;43,3603787682146;6,77732868267830;2246228,999999999;proyeccion;43,3298227925175;475742;71858309;35550029;152
País Vasco;hombres;2026;15,77779842891233;52,2688808963098;25,5178893164621;10,85699999999988;1094253,047498025;proyeccion;42,8637674419056;172649;20876315;10191905;119
País Vasco;mujeres;2026;27,61434858847218;129,9409842006118;62,3475192720786;3,76642857142857;1151592,909090909;proyeccion;42,8637674419056;318005;54618277;26206621;43
País Vasco;total;2026;21,88095892483387;91,0113743903834;43,3850626801238;7,46964675471566;2259574,999999999;proyeccion;42,8637674419056;494417;75061165;35781608;169
Principado de Asturias;total;2010;NA;92,5464131746556;26,8624347345215;NA;1076634,000000000;real;NA;NA;36368094;10556169;NA
Principado de Asturias;total;2011;NA;97,7893035250261;27,3166638865861;NA;1075496,000000000;real;NA;NA;38387782;10723321;NA
Principado de Asturias;total;2012;NA;97,1549296046856;27,5551913302024;NA;1072334,000000000;real;NA;NA;38026625;10785155;NA
Principado de Asturias;hombres;2013;9,41800000000000;48,0027883512698;13,4221325108518;NA;510418,000000000;real;52,2800972841508;48071;8943043;2500578;NA
Principado de Asturias;mujeres;2013;19,73600000000000;153,1828202494228;42,8316808750413;NA;554594,000000000;real;52,2800972841508;109455;31008310;8670281;NA
Principado de Asturias;total;2013;14,79099193999692;100,5928043003463;28,1269066929465;NA;1065012,000000000;real;52,2800972841508;157526;39103378;10933755;NA
Principado de Asturias;hombres;2014;9,87000000000000;50,9288521130772;14,0263748767186;NA;505600,000000000;real;51,7618884707492;49903;9398614;2588483;NA
Principado de Asturias;mujeres;2014;20,46100000000000;160,2272255131989;44,1283680518608;NA;550449,000000000;real;51,7618884707492;112627;32191874;8866002;NA
Principado de Asturias;total;2014;15,39039285961163;105,5780388131380;29,0773714642897;NA;1056049,000000000;real;51,7618884707492;162530;40695888;11208102;NA
Principado de Asturias;hombres;2015;10,13300000000000;53,0989853060899;14,4885340347559;NA;500572,000000000;real;51,5954905894717;50723;9701651;2647182;NA
Principado de Asturias;mujeres;2015;20,93400000000000;166,2978682215299;45,3758637711417;NA;545836,000000000;real;51,5954905894717;114265;33131548;9040240;NA
Principado de Asturias;total;2015;15,76710699841744;109,6984267638099;29,9321989029488;NA;1046407,000000000;real;51,5954905894717;164988;41898059;11432261;NA
Principado de Asturias;hombres;2016;10,30100000000000;55,6454336205647;15,4573464138552;NA;496540,000000000;real;51,1059426618569;51149;10085017;2801445;NA
Principado de Asturias;mujeres;2016;21,06800000000000;171,9709134366254;47,7705682055218;NA;541904,000000000;real;51,1059426618569;114168;34014980;9448778;NA
Principado de Asturias;total;2016;15,91967598830558;113,8081735285950;31,6139573096885;NA;1038444,000000000;real;51,1059426618569;165317;43136946;11982703;NA
Principado de Asturias;hombres;2017;10,66300000000000;57,8929743988241;16,2170465508576;NA;492912,000000000;real;50,3307247997019;52559;10415692;2917656;NA
Principado de Asturias;mujeres;2017;21,46800000000000;175,2208536784440;49,0830669920124;NA;538504,000000000;real;50,3307247997019;115606;34440353;9647471;NA
Principado de Asturias;total;2017;16,30430837605777;116,5569140386340;32,6500567714350;NA;1031416,000000000;real;50,3307247997019;168165;43879813;12291664;NA
Principado de Asturias;hombres;2018;10,88700000000000;59,4738726148716;16,6290108810567;19,81200000000000;489905,000000000;real;50,4505734571273;53336;10634840;2973522;97
Principado de Asturias;mujeres;2018;21,97200000000000;180,5849000670350;50,4918905754655;7,67000000000000;535438,000000000;real;50,4505734571273;117646;35292586;9867876;41
Principado de Asturias;total;2018;16,67562900512316;120,0293863409533;33,5604507282611;13,47400000000000;1025344,000000000;real;50,4505734571273;170983;44921065;12560017;138
Principado de Asturias;hombres;2019;11,27400000000000;63,1001628724641;17,4873879927769;19,89100000000000;487374,000000000;real;49,5005599104143;54947;11224983;3110858;97
Principado de Asturias;mujeres;2019;22,32500000000000;186,8042430398582;51,7703620407062;5,82300000000000;532969,000000000;real;49,5005599104143;118985;36339718;10071079;31
Principado de Asturias;total;2019;17,04641223686545;124,9522029561612;34,6288750167416;12,54900000000000;1020343,000000000;real;49,5005599104143;173932;46535349;12896666;128
Principado de Asturias;hombres;2020;11,39300000000000;65,0455798394292;18,5656308945272;18,33900000000000;485276,000000000;real;49,8679926075860;55287;11521246;3288451;89
Principado de Asturias;mujeres;2020;22,72600000000000;194,4516285219976;55,5013449167649;6,22500000000000;531053,000000000;real;49,8679926075860;120687;37691404;10758067;33
Principado de Asturias;total;2020;17,31472775646469;129,7486041807134;37,0334879056461;12,01400000000000;1016328,000000000;real;49,8679926075860;175974;48131506;13737932;122
Principado de Asturias;hombres;2021;11,61300000000000;68,1257892069985;19,2815309271178;18,71000000000000;481558,000000000;real;49,9374919170582;55923;11974379;3389089;90
Principado de Asturias;mujeres;2021;23,19700000000000;204,0371199869643;57,7482930488318;7,59500000000000;527266,000000000;real;49,9374919170582;122310;39267370;11113780;40
Principado de Asturias;total;2021;17,66742509694456;136,0814545969814;38,5149119879748;12,90000000000000;1008824,000000000;real;49,9374919170582;178233;50108017;14181990;130
Principado de Asturias;hombres;2022;13,53091994973495;73,6439911227488;20,2214739365870;18,97000000000000;479442,000000000;real;49,0613215684062;64873;12887428;3538684;91
Principado de Asturias;mujeres;2022;26,56315469178453;215,5036404619466;59,1738875419902;6,65600000000000;525401,000000000;real;49,0613215684062;139563;41327427;11347857;35
Principado de Asturias;total;2022;20,34506819548836;144,5738157923477;39,6976807392886;12,53100000000000;1004843,000000000;real;49,0613215684062;204436;53025005;14559827;126
Principado de Asturias;hombres;2023;13,75264374421213;76,8934713565926;20,8015291381076;20,59900000000000;480031,000000000;real;48,7280858449600;66017;13472606;3644663;99
Principado de Asturias;mujeres;2023;26,82295750189041;223,0503580236644;60,3404741629836;7,77700000000000;526684,000000000;real;48,7280858449600;141272;42879125;11599832;41
Principado de Asturias;total;2023;20,59065165225863;149,9719146901285;40,5710016505456;13,89100000000000;1006715,000000000;real;48,7280858449600;207289;55107326;14907854;140
Principado de Asturias;hombres;2024;14,18610811863411;79,7825396571245;21,5394688008328;18,63400000000000;482279,000000000;proyeccion;48,4734607517000;68417;14044267;3791632;90
Principado de Asturias;mujeres;2024;27,53165325207075;230,5970755853822;62,0913534917741;5,47800000000000;528422,000000000;proyeccion;48,4734607517000;145483;44476187;11975810;29
Principado de Asturias;total;2024;21,17061762348663;155,9444042281971;40,6435629624115;11,75500000000000;1010701,000000000;proyeccion;48,4734607517000;213972;57528805;14993649;119
Principado de Asturias;hombres;2025;14,61957249305609;82,6716079576564;22,2774084635579;19,27928571428728;484527,000000000;proyeccion;48,2316153674633;70836;14620669;3939812;93
Principado de Asturias;mujeres;2025;28,24034900225108;238,1437931471000;63,8422328205645;6,74628571428800;530160,000000000;proyeccion;48,2316153674633;149719;46082824;12354008;36
Principado de Asturias;total;2025;21,75058359471463;163,3539356567569;41,6279292644075;12,73057142857143;1014938,225052351;proyeccion;48,2316153674633;220755;60514866;15421168;129
Principado de Asturias;hombres;2026;15,05303686747807;85,5606762581884;23,0153481262831;19,27928571428728;486775,000000000;proyeccion;48,0016111197805;73274;15201811;4089203;94
Principado de Asturias;mujeres;2026;28,94904475243142;245,6905107088178;65,5931121493549;6,74628571428800;531898,000000000;proyeccion;48,0016111197805;153979;47699036;12734428;36
Principado de Asturias;total;2026;22,33054956594264;169,6393811504135;42,6122955664034;12,73057142857143;1019175,450104703;proyeccion;48,0016111197805;227587;63105687;15851733;130
Región de Murcia;total;2010;NA;63,0399283924276;24,3899246833437;NA;1455033,000000000;real;NA;NA;33479689;12953173;NA
Región de Murcia;total;2011;NA;66,4755118539445;25,1837848222519;NA;1460092,000000000;real;NA;NA;35427033;13421285;NA
Región de Murcia;total;2012;NA;66,8972773585994;25,6212330332602;NA;1461558,000000000;real;NA;NA;35687602;13668125;NA
Región de Murcia;hombres;2013;8,06200000000000;33,5179522232644;12,7701818401764;NA;735342,000000000;real;52,0518615439515;59283;8996213;3427515;NA
Región de Murcia;mujeres;2013;16,81400000000000;106,2912387174370;40,4964610426631;NA;726729,000000000;real;52,0518615439515;122192;28194398;10741933;NA
Región de Murcia;total;2013;12,41222116436206;69,9045954703507;26,6333214414198;NA;1462071,000000000;real;52,0518615439515;181475;37305001;14213030;NA
Región de Murcia;hombres;2014;8,54300000000000;35,2801006587954;13,2842061476754;NA;734988,000000000;real;52,0002247443533;62790;9464614;3563762;NA
Región de Murcia;mujeres;2014;17,79800000000000;111,7210070376203;42,0669119645398;NA;728386,000000000;real;52,0002247443533;129638;29702246;11183947;NA
Región de Murcia;total;2014;13,14962307106727;73,5005538482078;27,6755590561076;NA;1463374,000000000;real;52,0002247443533;192428;39258962;14782388;NA
Región de Murcia;hombres;2015;8,91700000000000;36,8078063182080;13,6065648361205;NA;735445,000000000;real;51,4456847263817;65580;9880593;3652511;NA
Región de Murcia;mujeres;2015;18,36500000000000;114,8071680081104;42,4402139494246;NA;729992,000000000;real;51,4456847263817;134063;30590035;11308071;NA
Región de Murcia;total;2015;13,62342164487453;75,8074871631592;28,0233893927726;NA;1465437,000000000;real;51,4456847263817;199643;40548250;14989277;NA
Región de Murcia;hombres;2016;9,10500000000000;38,7044834499930;14,4934147883352;NA;737126,000000000;real;51,5639961698053;67115;10413480;3899468;NA
Región de Murcia;mujeres;2016;18,79800000000000;121,1125137807524;45,3522109538119;NA;732494,000000000;real;51,5639961698053;137694;32380679;12125381;NA
Región de Murcia;total;2016;13,93622463085696;79,9084986153727;29,9228128710735;NA;1469620,000000000;real;51,5639961698053;204810;42863822;16050935;NA
Región de Murcia;hombres;2017;9,33600000000000;40,4162863708291;15,1002028703532;NA;739925,000000000;real;50,7984189723320;69079;10915333;4078151;NA
Región de Murcia;mujeres;2017;18,97500000000000;123,8722812997970;46,2807631675541;NA;735880,000000000;real;50,7984189723320;139633;33271624;12430837;NA
Región de Murcia;total;2017;14,14229034323640;82,1442838353130;30,6904830189536;NA;1475804,000000000;real;50,7984189723320;208712;44248535;16531995;NA
Región de Murcia;hombres;2018;9,61300000000000;43,1231526697890;15,7477245817525;12,70200000000000;741858,000000000;real;49,8931456867344;71315;11676808;4264140;94
Región de Murcia;mujeres;2018;19,18500000000000;129,0016125377219;47,1088438362068;4,46500000000000;738758,000000000;real;49,8931456867344;141731;34784855;12702743;33
Región de Murcia;total;2018;14,38897944098943;86,0623826037554;31,4282842089796;8,58700000000000;1480616,000000000;real;49,8931456867344;213046;46510249;16984625;127
Región de Murcia;hombres;2019;9,74900000000000;45,5992425256885;16,3640902207249;13,50300000000000;748954,000000000;real;49,6513969942674;73016;12465383;4473422;101
Región de Murcia;mujeres;2019;19,36300000000000;135,5348497965817;48,6390647580209;3,21200000000000;746200,000000000;real;49,6513969942674;144487;36914678;13247482;24
Región de Murcia;total;2019;14,54714574284655;90,5670461611351;32,5015774893729;8,36100000000000;1495154,000000000;real;49,6513969942674;217502;49425264;17737125;125
Región de Murcia;hombres;2020;9,94000000000000;48,1992388108155;17,4802640641667;13,37500000000000;757392,000000000;real;49,5482692112476;75285;13324587;4832385;101
Región de Murcia;mujeres;2020;19,70200000000000;142,8714660283569;51,8147384694777;2,78500000000000;754064,000000000;real;49,5482692112476;148566;39322994;14261145;21
Región de Murcia;total;2020;14,81025276819173;95,5353524195862;34,6475012668222;8,08400000000000;1511456,000000000;real;49,5482692112476;223850;52705081;19114383;122
Región de Murcia;hombres;2021;10,08800000000000;52,6805295720790;18,5444550111153;12,31000000000000;762360,000000000;real;49,4411867889540;76907;14658958;5160206;94
Región de Murcia;mujeres;2021;19,95300000000000;155,7125327894777;54,8134971769861;3,81800000000000;758639,000000000;real;49,4411867889540;151371;43117304;15178035;29
Región de Murcia;total;2021;15,00843304104736;104,1965311807784;36,6789760940507;8,07600000000000;1520998,000000000;real;49,4411867889540;228278;57846191;20362857;123
Región de Murcia;hombres;2022;9,79451258409975;56,7348502501662;19,1176983300438;13,85200000000000;771117,000000000;real;49,4438971929071;75527;15968461;5380823;107
Región de Murcia;mujeres;2022;19,37355144140107;167,7082816369952;56,5119379296626;3,90500000000000;766727,000000000;real;49,4438971929071;148542;46934061;15815168;30
Región de Murcia;total;2022;14,57035963096671;112,2215659435807;37,8148181298532;8,89200000000000;1537844,000000000;real;49,4438971929071;224069;62991431;21225951;137
Región de Murcia;hombres;2023;10,03930123076661;60,1956002263893;19,4807025981086;11,38200000000000;780452,000000000;real;48,8891897004124;78352;17147618;5549370;89
Región de Murcia;mujeres;2023;19,64222670687655;175,3537869719387;56,7485822984598;3,72700000000000;776790,000000000;real;48,8891897004124;152579;49717770;16089832;29
Región de Murcia;total;2023;14,82947288076542;117,7746935991640;38,1146424482842;7,56400000000000;1557241,000000000;real;48,8891897004124;230931;66942307;21664095;118
Región de Murcia;hombres;2024;10,28408987743346;63,6563502026123;20,1517546738994;9,48800000000000;789486,000000000;proyeccion;48,3494525174510;81191;18343366;5806978;75
Región de Murcia;mujeres;2024;19,91090197235203;182,9992923068822;58,3737944240402;3,81100000000000;785484,000000000;proyeccion;48,3494525174510;156397;52466201;16735864;30
Región de Murcia;total;2024;15,08858613056412;124,7548274376027;40,0578877525115;6,65500000000000;1574970,000000000;proyeccion;48,3494525174510;237641;71717065;23027840;105
Región de Murcia;hombres;2025;10,52887852410032;67,1171001788354;20,8228067496902;12,37314285714286;798520,000000000;proyeccion;47,8240876901848;84075;19561937;6069011;99
Región de Murcia;mujeres;2025;20,17957723782751;190,6447976418257;59,9990065496205;3,67471428571429;794178,000000000;proyeccion;47,8240876901848;160262;55263155;17392210;29
Región de Murcia;total;2025;15,34769938036282;131,1632835616711;41,1770279717380;8,03128571428564;1592699,000000001;proyeccion;47,8240876901848;244443;76249825;23937653;128
Región de Murcia;hombres;2026;10,77366717076717;70,5778501550584;21,4938588254810;12,37314285714286;807554,000000000;proyeccion;47,3125286915011;87003;20803330;6335470;100
Región de Murcia;mujeres;2026;20,44825250330299;198,2903029767692;61,6242186752009;3,67471428571429;802872,000000000;proyeccion;47,3125286915011;164173;58108632;18058871;30
Región de Murcia;total;2026;15,60681263016152;137,8007614048000;42,2961681909645;8,03128571428564;1610428,000000001;proyeccion;47,3125286915011;251336;81000145;24861951;129
